source_id,site_id,split,origin_year_month,target_year_month,actual_yN,predicted_mu_yN,predicted_sigma_yN,actual_yF,predicted_mu_yF,predicted_sigma_yF,actual_yT,predicted_mu_yT,predicted_sigma_yT,actual_sigma_N,predicted_mu_sigma_N,predicted_sigma_sigma_N,actual_sigma_F,predicted_mu_sigma_F,predicted_sigma_sigma_F,actual_sigma_T,predicted_mu_sigma_T,predicted_sigma_sigma_T,actual_delta_yN,predicted_mu_delta_yN,predicted_sigma_delta_yN,actual_delta_yF,predicted_mu_delta_yF,predicted_sigma_delta_yF,actual_delta_yT,predicted_mu_delta_yT,predicted_sigma_delta_yT
wqp,wqp:11NPSWRD_WQX-MIDN_PETE_07,test,2023-06,2023-07,0.5,0.49811628460884094,0.07738040387630463,0.0,0.01625681295990944,0.1688828021287918,0.8371428847312927,1.2214691638946533,0.32432815432548523,0.7749999761581421,0.7749999761581421,0.0744057148694992,0.23999999463558197,0.22970722615718842,0.1011543795466423,0.35764285922050476,0.15618234872817993,0.16555742919445038,0.0,-0.004543416202068329,0.07469534873962402,0.0,0.047469280660152435,0.1770021766424179,-0.16285714507102966,-0.010262411087751389,0.27229043841362
wqp,wqp:11NPSWRD_WQX-MIDN_PETE_07,test,2023-07,2023-08,0.5,0.502480149269104,0.07197820395231247,0.0,0.022034689784049988,0.16995646059513092,1.0,1.1215605735778809,0.3174474835395813,0.7749999761581421,0.7749999761581421,0.07213270664215088,0.23999999463558197,0.22775986790657043,0.0971299409866333,0.29249998927116394,0.21692608296871185,0.16174724698066711,0.0,0.004142053425312042,0.07138512283563614,0.0,0.0747276023030281,0.1711675226688385,0.16285714507102966,-0.008260548114776611,0.2711125910282135
wqp,wqp:11NPSWRD_WQX-MIDN_PETE_07,test,2023-08,2023-09,0.5,0.5011980533599854,0.07158084213733673,0.0,0.0403071753680706,0.16675271093845367,0.6271428465843201,1.198634386062622,0.33690083026885986,0.7749999761581421,0.7749999761581421,0.0738934800028801,0.23999999463558197,0.2218743860721588,0.09855663776397705,0.4416428506374359,0.16353146731853485,0.16459400951862335,0.0,-0.006882213056087494,0.07051216065883636,0.0,0.092228464782238,0.1717575490474701,-0.37285715341567993,-0.042885810136795044,0.26561659574508667
wqp,wqp:21AWIC-129,test,2022-12,2023-01,0.6223800778388977,0.6313955187797546,0.08675385266542435,0.6958666443824768,0.7658566832542419,0.18516993522644043,0.0,0.12834227085113525,0.3359830975532532,0.44354796409606934,0.3785918056964874,0.08948846906423569,0.22165332734584808,0.22772081196308136,0.11074420809745789,0.10000000149011612,0.22616782784461975,0.16494546830654144,-0.16239038109779358,-0.18961894512176514,0.08865869045257568,0.000755555578507483,0.06721769273281097,0.19557160139083862,0.0,0.07943260669708252,0.2934476137161255
wqp,wqp:21AWIC-129,test,2024-02,2024-03,0.6426152586936951,0.6896080374717712,0.09472232311964035,0.46426665782928467,0.6787569522857666,0.18148492276668549,0.019994644448161125,0.3058612644672394,0.34046533703804016,0.4354538917541504,0.39981186389923096,0.09680567681789398,0.28570666909217834,0.2452821135520935,0.10996226966381073,0.10799785703420639,0.29404085874557495,0.17186950147151947,-0.08910505473613739,-0.02459867112338543,0.09255961328744888,-0.1730666607618332,0.04450061172246933,0.1847260296344757,0.019994644448161125,0.18263192474842072,0.3053153157234192
wqp,wqp:21AWIC-129,test,2024-03,2024-04,0.36069273948669434,0.6549875140190125,0.0966440886259079,0.8068888783454895,0.540096640586853,0.18124143779277802,0.8283491134643555,0.387805312871933,0.34863394498825073,0.4367770850658417,0.4354538917541504,0.09544946998357773,0.17724443972110748,0.2690128982067108,0.10871781408786774,0.16866035759449005,0.2753969728946686,0.1745106428861618,-0.28192251920700073,0.009307719767093658,0.09007018804550171,0.34262222051620483,0.12762866914272308,0.1806304007768631,0.8083544373512268,0.18316832184791565,0.31210005283355713
wqp,wqp:21AWIC-129,test,2024-04,2024-05,0.3000410199165344,0.46412768959999084,0.10238885879516602,0.7232539653778076,0.6884987950325012,0.17884132266044617,0.5937073826789856,0.6819963455200195,0.3529083728790283,0.41251641511917114,0.4367770850658417,0.09947561472654343,0.21069841086864471,0.1704535335302353,0.12249387800693512,0.2625170350074768,0.38398128747940063,0.18360112607479095,-0.06065169349312782,0.10224509239196777,0.09956493228673935,-0.08363492786884308,-0.15697625279426575,0.18775847554206848,-0.23464171588420868,0.11728459596633911,0.3026367127895355
wqp,wqp:21AWIC-129,test,2024-05,2024-06,0.2777918577194214,0.3514068126678467,0.09857930988073349,0.8319110870361328,0.6796594858169556,0.17768234014511108,0.9399956464767456,0.8575611114501953,0.3330896198749542,0.403616726398468,0.41251641511917114,0.09262345731258392,0.16723555326461792,0.20542123913764954,0.12036269158124924,0.12400174885988235,0.23240557312965393,0.17802701890468597,-0.02224917896091938,0.0395764596760273,0.09512405097484589,0.10865715146064758,-0.07176326215267181,0.18849532306194305,0.3462882339954376,-0.02937409281730652,0.28343501687049866
wqp,wqp:21AWIC-129,test,2024-06,2024-07,0.41392818093299866,0.3107106685638428,0.09133361279964447,0.524222195148468,0.7483643293380737,0.17856739461421967,1.0,0.8052383661270142,0.3056896924972534,0.4580712914466858,0.403616726398468,0.08983823657035828,0.2903110980987549,0.18198169767856598,0.11736536771059036,0.10000000149011612,0.24014639854431152,0.17186759412288666,0.13613633811473846,0.04811152070760727,0.09670834988355637,-0.3076888918876648,-0.11294737458229065,0.1866103708744049,0.06000436842441559,-0.05146901309490204,0.2778606116771698
wqp,wqp:21AWIC-23,test,2022-12,2023-01,1.0,0.8363714814186096,0.08907746523618698,0.35022222995758057,0.46383553743362427,0.18540194630622864,0.0,0.2883400619029999,0.352780282497406,0.29249998927116394,0.29249998927116394,0.09123887121677399,0.24008889496326447,0.21523305773735046,0.1096668541431427,0.10000000149011612,0.23901879787445068,0.16901831328868866,0.0,-0.19773215055465698,0.08591554313898087,0.05022222176194191,0.19048205018043518,0.19716674089431763,0.0,0.08944065868854523,0.2984144389629364
wqp,wqp:21AWIC-23,test,2023-01,2023-02,0.9565251469612122,0.9409258365631104,0.09802871942520142,0.3808888792991638,0.4057895839214325,0.18614435195922852,0.0,0.3806803226470947,0.34535929560661316,0.30988994240760803,0.29249998927116394,0.1007477194070816,0.25235554575920105,0.2402806282043457,0.1121453046798706,0.10000000149011612,0.29458823800086975,0.17674751579761505,-0.04347487911581993,-0.0481470450758934,0.09538695961236954,0.030666666105389595,0.05536780133843422,0.1909533143043518,0.0,0.14623157680034637,0.31089529395103455
wqp,wqp:21AWIC-23,test,2023-02,2023-03,0.7775757908821106,0.9394600987434387,0.10138546675443649,0.7200000286102295,0.41061848402023315,0.1894143521785736,0.18399985134601593,0.4529971182346344,0.35006046295166016,0.3814696967601776,0.30988994240760803,0.10149701684713364,0.21199999749660492,0.2370758056640625,0.11110270768404007,0.1735999435186386,0.2849040925502777,0.17676407098770142,-0.17894935607910156,-0.027725908905267715,0.09606754034757614,0.3391111195087433,0.05302157998085022,0.19018863141536713,0.18399985134601593,0.181779146194458,0.31886473298072815
wqp,wqp:21AWIC-23,test,2023-03,2023-04,0.36069273948669434,0.8194915652275085,0.10480644553899765,0.7677333354949951,0.6220836043357849,0.18572047352790833,0.25669538974761963,0.6476190090179443,0.356250524520874,0.4367770850658417,0.3814696967601776,0.10370709002017975,0.19290666282176971,0.19778293371200562,0.11807314306497574,0.2026781588792801,0.42425286769866943,0.18106329441070557,-0.41688305139541626,0.0337977409362793,0.10145965963602066,0.047733332961797714,-0.13094347715377808,0.19205375015735626,0.0726955309510231,0.16105903685092926,0.3139505982398987
wqp,wqp:21AWIC-23,test,2023-04,2023-05,0.5553446412086487,0.4962039589881897,0.1031893715262413,0.7893333435058594,0.6945638060569763,0.1859847903251648,0.6592275500297546,0.4961870610713959,0.3366348147392273,0.4703621566295624,0.4367770850658417,0.09935066103935242,0.18426667153835297,0.1875799298286438,0.11748535931110382,0.2363089919090271,0.3981037735939026,0.18255484104156494,0.19465188682079315,0.14248603582382202,0.10002458095550537,0.02160000056028366,-0.1111404150724411,0.17960980534553528,0.4025321304798126,0.06256020069122314,0.31244567036628723
wqp,wqp:21AWIC-23,test,2023-05,2023-06,0.44611912965774536,0.5350877642631531,0.1003812849521637,0.7513777613639832,0.7349295020103455,0.1808367371559143,0.5169373154640198,0.8973346948623657,0.34588122367858887,0.47094765305519104,0.4703621566295624,0.09582884609699249,0.19944888353347778,0.18497325479984283,0.12229345738887787,0.2932250499725342,0.24217092990875244,0.1772611439228058,-0.10922547429800034,-0.057915493845939636,0.09718850255012512,-0.03795555606484413,-0.07172022014856339,0.1997678577899933,-0.1422901749610901,0.029192566871643066,0.2891339659690857
wqp,wqp:21AWIC-23,test,2023-06,2023-07,0.3968952000141144,0.4698287844657898,0.09616561233997345,0.7878222465515137,0.7215831279754639,0.18015509843826294,0.9311252236366272,0.8457728624343872,0.3109862208366394,0.4512580931186676,0.47094765305519104,0.09431889653205872,0.184871107339859,0.20814432203769684,0.1173936277627945,0.1275499165058136,0.2732139825820923,0.17564615607261658,-0.049223948270082474,0.04713062196969986,0.09804505854845047,0.036444444209337234,-0.0657554417848587,0.18708369135856628,0.41418787837028503,-0.05287463963031769,0.28018057346343994
wqp,wqp:21AWIC-23,test,2023-07,2023-08,1.0,0.4325970709323883,0.08968142420053482,0.32942134141921997,0.7484627962112427,0.1796693354845047,0.7098864912986755,0.8222673535346985,0.306119829416275,0.29249998927116394,0.4512580931186676,0.0913349837064743,0.23176853358745575,0.18463411927223206,0.11523301154375076,0.21604540944099426,0.2627906799316406,0.17089898884296417,0.603104829788208,0.04207469895482063,0.09483924508094788,-0.4584008753299713,-0.04220351204276085,0.18407964706420898,-0.22123876214027405,-0.04809974133968353,0.2735365629196167
wqp,wqp:21AWIC-23,test,2023-08,2023-09,0.44611912965774536,0.8223438262939453,0.08893638849258423,0.7140024304389954,0.5091275572776794,0.1833152025938034,0.699202299118042,1.0134860277175903,0.33575814962387085,0.47094765305519104,0.29249998927116394,0.09067526459693909,0.21439902484416962,0.2169855535030365,0.10811814665794373,0.22031907737255096,0.2935827076435089,0.17010776698589325,-0.5538808703422546,-0.2076665163040161,0.08678856492042542,0.3845810890197754,0.23995819687843323,0.19897976517677307,-0.010684143751859665,-0.039193809032440186,0.27507612109184265
wqp,wqp:21AWIC-23,test,2023-09,2023-10,0.41392818093299866,0.5699595808982849,0.09956087172031403,0.7840889096260071,0.642252504825592,0.18109816312789917,0.4645164906978607,0.8021119832992554,0.332321435213089,0.4580712914466858,0.47094765305519104,0.10891077667474747,0.18636444211006165,0.23634745180606842,0.12113934010267258,0.2858065962791443,0.33817994594573975,0.18772774934768677,-0.032190948724746704,0.19747668504714966,0.10802435874938965,0.07008647173643112,-0.11635005474090576,0.18033157289028168,-0.23468582332134247,-0.1264687478542328,0.2893436551094055
wqp,wqp:21AWIC-23,test,2023-10,2023-11,0.46136507391929626,0.46950846910476685,0.08958521485328674,0.7802666425704956,0.747426450252533,0.18977786600589752,0.0,0.3339453935623169,0.32299646735191345,0.47704604268074036,0.4580712914466858,0.09283237904310226,0.1878933310508728,0.16064943373203278,0.11369850486516953,0.10000000149011612,0.35739782452583313,0.17316050827503204,0.04743688181042671,0.022328250110149384,0.09617286175489426,-0.0038222221191972494,-0.029689162969589233,0.18159642815589905,-0.4645164906978607,-0.10167244076728821,0.2958015501499176
wqp,wqp:21AWIC-23,test,2023-11,2023-12,0.5430968999862671,0.4625721275806427,0.08850954473018646,0.7679111361503601,0.7924904823303223,0.18572300672531128,0.0,0.0544050931930542,0.33030572533607483,0.47526124119758606,0.47704604268074036,0.09376484900712967,0.19283555448055267,0.19006341695785522,0.11359407752752304,0.10000000149011612,0.22739869356155396,0.17126129567623138,0.08173184096813202,-0.01064545288681984,0.09341932833194733,-0.012355555780231953,0.028352290391921997,0.18201057612895966,0.0,-0.007105022668838501,0.3010600507259369
wqp,wqp:21AWIC-81,test,2022-12,2023-01,0.47609585523605347,0.3713434040546417,0.0733749195933342,0.6977923512458801,0.7357392311096191,0.1756214052438736,0.0,0.06468494981527328,0.30124467611312866,0.48293834924697876,0.4512580931186676,0.07719559967517853,0.22088304162025452,0.2188253253698349,0.10282300412654877,0.10000000149011612,0.19632631540298462,0.1563144475221634,0.07920064777135849,-0.025139428675174713,0.081505186855793,-0.028286190703511238,0.01317707821726799,0.17023247480392456,-0.022156070917844772,-0.03434109687805176,0.27883094549179077
wqp,wqp:21AWIC-81,test,2023-01,2023-02,0.36069273948669434,0.4551644027233124,0.0773848295211792,0.643036961555481,0.7157105803489685,0.17161840200424194,0.0,0.15556052327156067,0.3222651183605194,0.4367770850658417,0.48293834924697876,0.08144873380661011,0.24278520047664642,0.23275811970233917,0.10538814961910248,0.10000000149011612,0.21016743779182434,0.1592305451631546,-0.11540312319993973,-0.020977050065994263,0.08033017069101334,-0.05475539714097977,0.041118182241916656,0.17261375486850739,0.0,0.12217314541339874,0.282693475484848
wqp,wqp:21AWIC-81,test,2023-02,2023-03,0.44611912965774536,0.39496299624443054,0.0827770009636879,0.5208888649940491,0.6563307046890259,0.1727277785539627,0.2569730877876282,0.22981683909893036,0.33062681555747986,0.47094765305519104,0.4367770850658417,0.08506400138139725,0.29164445400238037,0.2415790855884552,0.10624216496944427,0.20278923213481903,0.22927936911582947,0.16499777138233185,0.08542641997337341,0.045971475541591644,0.08284268528223038,-0.12214809656143188,0.02614520490169525,0.17063044011592865,0.2569730877876282,0.1656644195318222,0.29156163334846497
wqp,wqp:21AWIC-81,test,2023-03,2023-04,0.36069273948669434,0.4346780478954315,0.08527692407369614,0.8188444375991821,0.5692529082298279,0.17474493384361267,0.5198020339012146,0.3496890366077423,0.34222835302352905,0.4367770850658417,0.47094765305519104,0.08444678783416748,0.17246222496032715,0.2782832980155945,0.10442160815000534,0.2920791804790497,0.22416552901268005,0.16627661883831024,-0.08542641997337341,-0.023417465388774872,0.0821262076497078,0.29795554280281067,0.0960591733455658,0.17704392969608307,0.2628289461135864,0.19127726554870605,0.3002881109714508
wqp,wqp:21AWIC-81,test,2023-04,2023-05,0.43032070994377136,0.39842426776885986,0.09494341164827347,0.7324435114860535,0.7072674632072449,0.17269787192344666,0.6494911909103394,0.7410338521003723,0.35362839698791504,0.46462827920913696,0.4367770850658417,0.09328209608793259,0.20702260732650757,0.17626050114631653,0.11916551738977432,0.24020351469516754,0.31914234161376953,0.17718470096588135,0.06962797790765762,0.0461733341217041,0.09329522401094437,-0.08640095591545105,-0.15218612551689148,0.18847255408763885,0.12968917191028595,0.10232657194137573,0.289673388004303
wqp,wqp:21AWIC-81,test,2023-05,2023-06,0.9541123509407043,0.41875573992729187,0.0923784151673317,0.5645432472229004,0.6999278664588928,0.1743897646665573,0.4699946343898773,0.8627660870552063,0.3253667652606964,0.31085506081581116,0.46462827920913696,0.08774915337562561,0.2741827070713043,0.20944570004940033,0.11440977454185486,0.28799787163734436,0.22801071405410767,0.1717599630355835,0.5237916111946106,-0.016421720385551453,0.09114093333482742,-0.16790026426315308,-0.05154683440923691,0.1874847263097763,-0.17949655652046204,-0.019254639744758606,0.27664560079574585
wqp,wqp:21AWIC-81,test,2023-06,2023-07,0.2032947689294815,0.7823413014411926,0.08975789695978165,0.8231111168861389,0.6210049390792847,0.17961569130420685,0.8840099573135376,0.9797319769859314,0.31809327006340027,0.37381792068481445,0.31085506081581116,0.08763238042593002,0.1707555502653122,0.2822941243648529,0.10908900201320648,0.14639601111412048,0.25745877623558044,0.16601279377937317,-0.7508175373077393,-0.18973207473754883,0.09041525423526764,0.2585678994655609,0.08334067463874817,0.199215829372406,0.4140153229236603,-0.0062433164566755295,0.2771742343902588
wqp,wqp:21AWIC-81,test,2023-07,2023-08,0.5304952263832092,0.3941744565963745,0.10055887699127197,0.754946768283844,0.7114984393119812,0.1810002475976944,0.7422654628753662,0.7811762094497681,0.30694153904914856,0.4803019165992737,0.37381792068481445,0.10551709681749344,0.1980212926864624,0.21134920418262482,0.12270275503396988,0.20309381186962128,0.32244718074798584,0.18527474999427795,0.32720044255256653,0.2801244258880615,0.10632297396659851,-0.06816432625055313,-0.189022958278656,0.17513248324394226,-0.1417444795370102,-0.07929058372974396,0.2815418243408203
wqp,wqp:21AWIC-81,test,2023-08,2023-09,0.6223800778388977,0.4962761402130127,0.08971675485372543,0.841688871383667,0.7360534071922302,0.1864302009344101,0.874897301197052,0.8406760096549988,0.3195355236530304,0.44354796409606934,0.4803019165992737,0.09005533158779144,0.16332444548606873,0.18197092413902283,0.11409692466259003,0.15004108846187592,0.23706236481666565,0.17057833075523376,0.09188490360975266,-0.08723631501197815,0.09343267232179642,0.086742103099823,0.021119967103004456,0.19392608106136322,0.13263177871704102,-0.029486289247870445,0.27803346514701843
wqp,wqp:21AWIC-81,test,2023-09,2023-10,0.5430968999862671,0.5797903537750244,0.0919400230050087,0.8298222422599792,0.8275406956672668,0.18124157190322876,0.7666452527046204,0.7768661379814148,0.33205562829971313,0.47526124119758606,0.44354796409606934,0.0988955870270729,0.16807110607624054,0.17113667726516724,0.11612093448638916,0.1933419108390808,0.2972111403942108,0.1763865202665329,-0.07928317785263062,-0.032801270484924316,0.09866534918546677,-0.011866666376590729,-0.021173842251300812,0.19095629453659058,-0.10825204104185104,-0.11356891691684723,0.2811526358127594
wqp,wqp:21AWIC-81,test,2023-10,2023-11,0.3413980007171631,0.556132435798645,0.09207126498222351,0.8327555656433105,0.8408254981040955,0.1795182228088379,0.4862974286079407,0.6247655153274536,0.33208733797073364,0.4290592074394226,0.47526124119758606,0.09833600372076035,0.16689777374267578,0.16126954555511475,0.11811723560094833,0.29451897740364075,0.2893693745136261,0.17610469460487366,-0.201698899269104,0.023978345096111298,0.0978342741727829,0.002933333395048976,0.023851223289966583,0.18394562602043152,-0.2803477942943573,-0.16821908950805664,0.27737709879875183
wqp,wqp:21AWIC-81,test,2023-11,2023-12,0.2032947689294815,0.4143046736717224,0.08489903062582016,0.8436444401741028,0.8302427530288696,0.1783478707075119,0.1994912028312683,0.2824477553367615,0.3147259056568146,0.37381792068481445,0.4290592074394226,0.09015017747879028,0.1625422239303589,0.1561412513256073,0.11566981673240662,0.1797964721918106,0.385237455368042,0.16969241201877594,-0.13810324668884277,0.08952313661575317,0.09213908016681671,0.010888888500630856,0.01287414412945509,0.17269523441791534,-0.28680622577667236,-0.13815274834632874,0.28043603897094727
wqp,wqp:21AWIC-81,test,2023-12,2024-01,0.6523911952972412,0.2767072319984436,0.08315722644329071,0.6511111259460449,0.8267689943313599,0.17996804416179657,0.019994644448161125,-0.01279390137642622,0.30990341305732727,0.4315435290336609,0.37381792068481445,0.08820122480392456,0.23955555260181427,0.16739442944526672,0.11288031190633774,0.10799785703420639,0.21974346041679382,0.16580647230148315,0.4490964412689209,0.06994038820266724,0.09069186449050903,-0.19253332912921906,0.0032493313774466515,0.1716177761554718,-0.17949655652046204,-0.01228177547454834,0.29138633608818054
wqp,wqp:21AWIC-81,test,2024-01,2024-02,0.7068472504615784,0.5404298305511475,0.0859324261546135,0.49282142519950867,0.7281906008720398,0.18119964003562927,0.30162519216537476,0.1965709775686264,0.33571213483810425,0.40976110100746155,0.4315435290336609,0.0882047563791275,0.2971285581588745,0.24159467220306396,0.109644815325737,0.2206500768661499,0.2404993176460266,0.16389471292495728,0.05445604398846626,-0.13985705375671387,0.08613068610429764,-0.15828968584537506,0.09603680670261383,0.1898888647556305,0.2816305458545685,0.1454339474439621,0.29326480627059937
wqp,wqp:21AWIC-81,test,2024-02,2024-03,0.5041434168815613,0.6570786833763123,0.08847866952419281,0.6000000238418579,0.5805970430374146,0.17086409032344818,0.23245178163051605,0.6257414221763611,0.3504035174846649,0.49084264039993286,0.40976110100746155,0.09022703021764755,0.25999999046325684,0.27237004041671753,0.11171618849039078,0.19298070669174194,0.4262390434741974,0.16950088739395142,-0.2027038335800171,-0.017529282718896866,0.08351731300354004,0.10717856884002686,0.08700557053089142,0.18169322609901428,-0.06917339563369751,0.13066449761390686,0.2822326421737671
wqp,wqp:21AWIC-81,test,2024-03,2024-04,0.590149462223053,0.5491231083869934,0.08987925201654434,0.5726666450500488,0.5853374004364014,0.18268544971942902,0.500458300113678,0.3177744448184967,0.32266420125961304,0.4564402103424072,0.49084264039993286,0.09010674804449081,0.4809333384037018,0.25712984800338745,0.1057119220495224,0.45731666684150696,0.2557460069656372,0.16945020854473114,0.0860060527920723,0.042055487632751465,0.09203079342842102,-0.0273333340883255,-0.0019663050770759583,0.17508889734745026,0.2680065333843231,0.13477367162704468,0.3102651536464691
wqp,wqp:21AWIC-81,test,2024-04,2024-05,0.3000410199165344,0.5946903228759766,0.0795348510146141,0.8137778043746948,0.5775770545005798,0.1676647961139679,0.699202299118042,0.63481605052948,0.34367185831069946,0.41251641511917114,0.4564402103424072,0.07596788555383682,0.1744888871908188,0.4162375330924988,0.10651621222496033,0.22031907737255096,0.7155447602272034,0.16195720434188843,-0.29010844230651855,0.0009241849184036255,0.0740305632352829,0.24111111462116241,0.00012592971324920654,0.17387540638446808,0.1987440139055252,0.1657867729663849,0.27887198328971863
wqp,wqp:21AWIC-81,test,2024-05,2024-06,0.5175183415412903,0.3904098868370056,0.08604118227958679,0.829288899898529,0.6924501657485962,0.1668613851070404,0.7176645398139954,0.8136887550354004,0.32399114966392517,0.48549264669418335,0.41251641511917114,0.0836527869105339,0.16828444600105286,0.1926538050174713,0.11535689979791641,0.2129341959953308,0.18952029943466187,0.17049400508403778,0.21747733652591705,0.08458417654037476,0.0880313292145729,0.015511111356317997,-0.18461467325687408,0.1765592098236084,0.018462195992469788,-0.009289443492889404,0.2692282199859619
wqp,wqp:21AWIC-81,test,2024-06,2024-07,0.46136507391929626,0.47745591402053833,0.08116075396537781,0.6876776814460754,0.7589067816734314,0.1740032285451889,0.7176645398139954,0.8176804780960083,0.3022095263004303,0.47704604268074036,0.48549264669418335,0.07905371487140656,0.22492893040180206,0.17895479500293732,0.10833422839641571,0.2129341959953308,0.199625164270401,0.16047270596027374,-0.05615328997373581,-0.06589417159557343,0.08631899207830429,-0.1416112184524536,-0.07447652518749237,0.18354091048240662,0.0,-0.025690151378512383,0.2655620574951172
wqp,wqp:21AWIC-81,test,2024-07,2024-08,0.22956712543964386,0.46887195110321045,0.08009041845798492,0.8385778069496155,0.709812343120575,0.17021261155605316,0.6551817655563354,0.8264998197555542,0.30348867177963257,0.38432684540748596,0.47704604268074036,0.0826340988278389,0.16456888616085052,0.23148176074028015,0.10744214057922363,0.23792730271816254,0.24796566367149353,0.16374272108078003,-0.2317979484796524,0.026681169867515564,0.08390824496746063,0.15090011060237885,0.030877292156219482,0.1736307144165039,-0.06248278170824051,-0.05189364403486252,0.2602508068084717
wqp,wqp:21AWIC-81,test,2024-08,2024-09,0.2777918577194214,0.32062259316444397,0.08124489337205887,0.8484888672828674,0.771242082118988,0.1723848134279251,0.7019081115722656,0.7390639781951904,0.30694079399108887,0.403616726398468,0.38432684540748596,0.08676587045192719,0.16060444712638855,0.17402322590351105,0.11205790936946869,0.21923676133155823,0.24735337495803833,0.168645977973938,0.04822472110390663,0.11218388378620148,0.08977169543504715,0.009911111555993557,-0.08244301378726959,0.1729445457458496,0.04672636091709137,-0.08857011795043945,0.2644854485988617
wqp,wqp:21DELAWQ_WQX-108111,test,2023-02,2023-03,0.5865828394889832,0.49545034766197205,0.07298564910888672,0.7726666927337646,0.584067165851593,0.16206014156341553,0.5416544675827026,0.5260033011436462,0.33480292558670044,0.3487001955509186,0.8999999761581421,0.07131311297416687,0.20759999752044678,0.7923887372016907,0.10507532954216003,0.3291715383529663,0.6764542460441589,0.15560758113861084,0.08658285439014435,0.03826078772544861,0.0677221491932869,0.27266666293144226,0.08867447078227997,0.1656634360551834,0.04165446013212204,0.19484999775886536,0.26120835542678833
wqp,wqp:21DELAWQ_WQX-108111,test,2023-03,2023-04,0.5601333975791931,0.5560477375984192,0.07640096545219421,0.7955555319786072,0.7125462889671326,0.17638061940670013,0.657521665096283,0.23573434352874756,0.31170427799224854,0.27594664692878723,0.3487001955509186,0.07744413614273071,0.18177777528762817,0.22306469082832336,0.10037166625261307,0.23699133098125458,0.1757519543170929,0.15698589384555817,-0.02644944377243519,-0.061242178082466125,0.0834278017282486,0.02288888953626156,-0.07281094789505005,0.17471176385879517,0.11586721241474152,0.15026289224624634,0.2942357659339905
wqp,wqp:21DELAWQ_WQX-108111,test,2023-04,2023-05,0.625353991985321,0.5672446489334106,0.08574898540973663,0.7635555267333984,0.7550455331802368,0.16848553717136383,0.29591071605682373,0.5549419522285461,0.34366852045059204,0.33319172263145447,0.27594664692878723,0.08492864668369293,0.21124444901943207,0.18695589900016785,0.11070726811885834,0.26419761776924133,0.3769296705722809,0.16652321815490723,0.06522058695554733,0.005768751725554466,0.0835786834359169,-0.03200000151991844,-0.060383379459381104,0.17822891473770142,-0.36161094903945923,0.10535314679145813,0.2795487940311432
wqp,wqp:21DELAWQ_WQX-108111,test,2023-05,2023-06,0.6497696042060852,0.5935227274894714,0.08795060217380524,0.6183333396911621,0.7404050230979919,0.18184545636177063,0.8293158411979675,0.29017263650894165,0.31082722544670105,0.3234254717826843,0.33319172263145447,0.08521129935979843,0.2693333327770233,0.2291315644979477,0.1048843115568161,0.2141069918870926,0.2649611830711365,0.16666704416275024,0.024415628984570503,-0.05605241656303406,0.09035923331975937,-0.14522221684455872,-0.04516841843724251,0.18071796000003815,0.5334051251411438,0.12287232279777527,0.2989100515842438
wqp,wqp:21DELAWQ_WQX-108111,test,2023-06,2023-07,0.6884615421295166,0.628839373588562,0.09340750426054001,0.49666666984558105,0.6489540934562683,0.17201967537403107,1.0,0.8850916028022766,0.3468170762062073,0.3079487383365631,0.3234254717826843,0.09220387786626816,0.3153333365917206,0.2800266742706299,0.11842560768127441,0.1458333283662796,0.24071860313415527,0.17544566094875336,0.03869190067052841,-0.014748787507414818,0.08809412270784378,-0.12166666984558105,-0.0069578588008880615,0.18832801282405853,0.17068415880203247,0.06804871559143066,0.2685711979866028
wqp,wqp:21DELAWQ_WQX-109131,test,2022-12,2023-01,0.6253545880317688,0.5348759889602661,0.10706859827041626,0.7611111402511597,0.7871178984642029,0.19622252881526947,0.550000011920929,0.06645464897155762,0.3441861569881439,0.24985817074775696,0.2977816164493561,0.10901407152414322,0.19555555284023285,0.17128627002239227,0.12713806331157684,0.2800000011920929,0.2640860676765442,0.1838589608669281,0.11980859190225601,0.016932295635342598,0.1072966679930687,-0.04188888892531395,-0.05023521929979324,0.19681566953659058,0.0,0.06581912934780121,0.31495362520217896
wqp,wqp:21DELAWQ_WQX-109131,test,2023-01,2023-02,0.6378222107887268,0.5978057980537415,0.1047334298491478,0.6880000233650208,0.774256706237793,0.19440893828868866,0.4107050597667694,0.16346894204616547,0.3418859839439392,0.244871124625206,0.24985817074775696,0.10712814331054688,0.2248000055551529,0.19365733861923218,0.12304486334323883,0.2642820179462433,0.28643959760665894,0.17940251529216766,0.012467599473893642,-0.03168093413114548,0.10444778203964233,-0.07311110943555832,-0.01006428524851799,0.19846446812152863,-0.13929495215415955,0.12376527488231659,0.31377601623535156
wqp,wqp:21DELAWQ_WQX-109131,test,2023-02,2023-03,0.6642037630081177,0.627216637134552,0.10578496009111404,0.8551111221313477,0.723787248134613,0.19184240698814392,0.5253735184669495,0.2569705545902252,0.3460542857646942,0.23431849479675293,0.244871124625206,0.10753796249628067,0.15795555710792542,0.21646301448345184,0.1193564236164093,0.2898505926132202,0.30939504504203796,0.17980776727199554,0.02638157643377781,-0.005853400565683842,0.1030019000172615,0.1671111136674881,0.04191108047962189,0.19376400113105774,0.11466845870018005,0.1607099026441574,0.317574679851532
wqp,wqp:21DELAWQ_WQX-109131,test,2023-03,2023-04,0.5999050736427307,0.6539543271064758,0.1116093248128891,0.8311111330986023,0.8111661076545715,0.1958126276731491,0.5297994613647461,0.28687724471092224,0.3491590917110443,0.26003795862197876,0.23431849479675293,0.11154837906360626,0.1675555557012558,0.16363897919654846,0.12062627077102661,0.28808021545410156,0.32299232482910156,0.18310664594173431,-0.06429868191480637,-0.025108007714152336,0.11098222434520721,-0.024000000208616257,-0.06319324672222137,0.20014113187789917,0.004425924737006426,0.1897774636745453,0.33128589391708374
wqp,wqp:21DELAWQ_WQX-109131,test,2023-04,2023-05,0.7218522429466248,0.6141490340232849,0.1170833632349968,0.8097777962684631,0.817054808139801,0.19637756049633026,0.550000011920929,0.27515074610710144,0.3512294888496399,0.21125909686088562,0.26003795862197876,0.11370877176523209,0.17608888447284698,0.17612916231155396,0.12212178856134415,0.2800000011920929,0.3320319354534149,0.18812592327594757,0.12194717675447464,0.006280943751335144,0.11150848865509033,-0.02133333310484886,-0.03417046368122101,0.19845044612884521,0.020200567319989204,0.16638526320457458,0.33352717757225037
wqp,wqp:21DELAWQ_WQX-109131,test,2023-05,2023-06,0.8204107880592346,0.6822755336761475,0.11902406066656113,0.7795555591583252,0.7949349284172058,0.20088818669319153,0.9729999899864197,0.29092976450920105,0.3453655540943146,0.17183569073677063,0.21125909686088562,0.11367610841989517,0.18817777931690216,0.19204674661159515,0.12365541607141495,0.11079999804496765,0.3170638680458069,0.18906660377979279,0.09855853766202927,-0.06387852877378464,0.11351196467876434,-0.030222222208976746,-0.04876835644245148,0.20800216495990753,0.4230000078678131,0.17543871700763702,0.33447542786598206
wqp,wqp:21DELAWQ_WQX-109191,test,2022-12,2023-01,0.7031466960906982,0.619228184223175,0.10744819045066833,0.7344444394111633,0.7778648734092712,0.19388683140277863,0.550000011920929,0.08193641155958176,0.3447868525981903,0.218741312623024,0.25538527965545654,0.11030837893486023,0.20622222125530243,0.19504058361053467,0.1257302463054657,0.2800000011920929,0.29048874974250793,0.18434171378612518,0.0916098803281784,0.00955377146601677,0.10628830641508102,-0.00855555571615696,0.011461086571216583,0.19505123794078827,0.0,0.0636591762304306,0.3124861419200897
wqp,wqp:21DELAWQ_WQX-109191,test,2023-01,2023-02,0.6538805961608887,0.6769179105758667,0.10583813488483429,0.808222234249115,0.7497309446334839,0.19459491968154907,0.1665302813053131,0.1831596940755844,0.3408888280391693,0.23844777047634125,0.218741312623024,0.10813072323799133,0.17671111226081848,0.2011319249868393,0.12271665036678314,0.16661211848258972,0.292642742395401,0.17985348403453827,-0.04926614463329315,-0.0351361483335495,0.10553285479545593,0.07377777993679047,-0.0022938717156648636,0.19852106273174286,-0.38346970081329346,0.12870648503303528,0.3148657977581024
wqp,wqp:21DELAWQ_WQX-109191,test,2023-02,2023-03,0.6301308274269104,0.6604857444763184,0.10869578272104263,0.8515555262565613,0.7901907563209534,0.19432654976844788,0.3924267888069153,0.23654122650623322,0.3430466055870056,0.24794767796993256,0.23844777047634125,0.1111544594168663,0.159377783536911,0.17681770026683807,0.12136303633451462,0.25697073340415955,0.32237544655799866,0.1812863051891327,-0.023749766871333122,0.010128282010555267,0.10820721834897995,0.04333333298563957,-0.036934562027454376,0.19526243209838867,0.22589652240276337,0.16844747960567474,0.3217447102069855
wqp,wqp:21DELAWQ_WQX-109191,test,2023-03,2023-04,0.5505232810974121,0.6382400393486023,0.1125619187951088,0.8479999899864197,0.8310518264770508,0.1955617070198059,0.11280110478401184,0.2681914269924164,0.349214106798172,0.2797906994819641,0.24794767796993256,0.11223498731851578,0.1607999950647354,0.15999984741210938,0.12086360156536102,0.14512044191360474,0.3311276137828827,0.1836310476064682,-0.0796075239777565,-0.003728797659277916,0.11002722382545471,-0.003555555595085025,-0.030091915279626846,0.1970425397157669,-0.27962568402290344,0.17908237874507904,0.3298048675060272
wqp,wqp:21DELAWQ_WQX-109191,test,2023-04,2023-05,0.875913679599762,0.5770870447158813,0.11683735996484756,0.6297777891159058,0.8309931755065918,0.19631177186965942,0.550000011920929,0.2636295258998871,0.34974247217178345,0.14963452517986298,0.2797906994819641,0.11363346129655838,0.24808889627456665,0.16784371435642242,0.12286507338285446,0.2800000011920929,0.3307178318500519,0.18839383125305176,0.32539039850234985,0.01653510332107544,0.11197156459093094,-0.2182222157716751,-0.032688818871974945,0.19772569835186005,0.4371989071369171,0.1651025414466858,0.3341872990131378
wqp,wqp:21DELAWQ_WQX-109191,test,2023-05,2023-06,0.8613923788070679,0.7741606831550598,0.11772727966308594,0.24844443798065186,0.6946738958358765,0.20083218812942505,0.4658575654029846,0.3437078893184662,0.35195451974868774,0.15544304251670837,0.14963452517986298,0.11163332313299179,0.19937777519226074,0.2519301772117615,0.12133682519197464,0.2863430082798004,0.30816859006881714,0.18707019090652466,-0.014521274715662003,-0.13341355323791504,0.10859277099370956,-0.3813333213329315,0.05263964831829071,0.21173468232154846,-0.08414244651794434,0.1712246686220169,0.3321821689605713
wqp,wqp:21DELAWQ_WQX-110011,test,2022-12,2023-01,0.5999050736427307,0.5710846185684204,0.10510675609111786,0.9312499761581421,0.9898127913475037,0.1942742019891739,0.0,-0.014228704385459423,0.33803418278694153,0.26003795862197876,0.26164305210113525,0.1094980239868164,0.19750000536441803,0.17700953781604767,0.1266952008008957,0.10000000149011612,0.2944651246070862,0.17996683716773987,0.004012725781649351,-0.037215717136859894,0.10879920423030853,-0.06875000149011612,-0.05657839775085449,0.19850820302963257,-0.550000011920929,0.07554467022418976,0.30961382389068604
wqp,wqp:21DELAWQ_WQX-110011,test,2023-01,2023-02,0.6711574196815491,0.5927842855453491,0.10524705052375793,0.9666666388511658,0.9422423839569092,0.19203133881092072,0.0,0.06893771141767502,0.3341399133205414,0.23153702914714813,0.26003795862197876,0.10907404869794846,0.18333333730697632,0.1978360414505005,0.12382180988788605,0.10000000149011612,0.31291791796684265,0.17870518565177917,0.07125236093997955,0.0021480913273990154,0.10648559033870697,0.03541666641831398,-0.021539390087127686,0.19340801239013672,0.0,0.12226074934005737,0.3086944818496704
wqp,wqp:21DELAWQ_WQX-110011,test,2023-02,2023-03,0.5724215507507324,0.6480116248130798,0.10670318454504013,0.9674999713897705,0.9536074995994568,0.19317837059497833,0.08546020835638046,0.16071514785289764,0.336941659450531,0.27103137969970703,0.23153702914714813,0.10938342660665512,0.18299999833106995,0.18422183394432068,0.12116836756467819,0.1341840773820877,0.32542604207992554,0.17786428332328796,-0.09873590618371964,-0.03268391638994217,0.108237124979496,0.0008333333535119891,-0.0318613238632679,0.19635246694087982,0.08546020835638046,0.17764121294021606,0.31648093461990356
wqp,wqp:21DELAWQ_WQX-110011,test,2023-03,2023-04,0.800000011920929,0.595782995223999,0.11145424097776413,0.9722222089767456,0.9531669020652771,0.1925138235092163,0.8026428818702698,0.18926942348480225,0.34314849972724915,0.18000000715255737,0.27103137969970703,0.11228147894144058,0.18111111223697662,0.185353085398674,0.12116501480340958,0.17894285917282104,0.3461112976074219,0.1824127435684204,0.22757846117019653,0.02372579276561737,0.10999275743961334,0.0047222222201526165,-0.022556617856025696,0.19220823049545288,0.7171826362609863,0.17782467603683472,0.3240693211555481
wqp,wqp:21DELAWQ_WQX-110011,test,2023-04,2023-05,0.7423129081726074,0.7370383739471436,0.11283273249864578,0.9430555701255798,0.9504731297492981,0.18882277607917786,0.465583473443985,0.5755744576454163,0.35806751251220703,0.2030748426914215,0.18000000715255737,0.10975903272628784,0.19277778267860413,0.17141962051391602,0.12576967477798462,0.28623339533805847,0.4695419669151306,0.1831207424402237,-0.05768711119890213,-0.09308350086212158,0.10785245150327682,-0.02916666679084301,-0.052768126130104065,0.20720523595809937,-0.3370593786239624,0.12835875153541565,0.30914929509162903
wqp,wqp:21DELAWQ_WQX-110011,test,2023-05,2023-06,0.6342817544937134,0.7280660271644592,0.10938470810651779,0.9722222089767456,0.918070375919342,0.1911795735359192,0.8765714168548584,0.4441363513469696,0.3215249180793762,0.2462873011827469,0.2030748426914215,0.10569208115339279,0.18111111223697662,0.1993454545736313,0.12013886123895645,0.1493714302778244,0.45716744661331177,0.18185143172740936,-0.10803114622831345,-0.015624836087226868,0.1087714284658432,0.02916666679084301,-0.08202891051769257,0.19500094652175903,0.4109879434108734,0.07276399433612823,0.30809375643730164
wqp,wqp:21DELAWQ_WQX-110011,test,2023-06,2023-07,0.7550407648086548,0.6631451845169067,0.10480021685361862,0.9272222518920898,0.920616090297699,0.18620583415031433,1.0,0.6003864407539368,0.32137370109558105,0.19798369705677032,0.2462873011827469,0.1035035029053688,0.19911110401153564,0.19129857420921326,0.12368115782737732,0.10000000149011612,0.38662973046302795,0.1799589842557907,0.1207590326666832,0.02866659313440323,0.10498450696468353,-0.04500000178813934,-0.10591807961463928,0.1927209347486496,0.12342856824398041,0.046885401010513306,0.28900426626205444
wqp,wqp:21DELAWQ_WQX-110011,test,2023-07,2023-08,0.7423129081726074,0.7192413210868835,0.10041149705648422,0.9444444179534912,0.9115554094314575,0.18655341863632202,1.0,0.7758849263191223,0.3187733292579651,0.2030748426914215,0.19798369705677032,0.10176366567611694,0.1922222226858139,0.20390363037586212,0.12146133929491043,0.10000000149011612,0.3104803264141083,0.17604005336761475,-0.012727885507047176,-0.052804745733737946,0.10369051992893219,0.017222221940755844,-0.05675593018531799,0.19730332493782043,0.0,-0.009722143411636353,0.2787289321422577
wqp,wqp:21DELAWQ_WQX-110011,test,2023-08,2023-09,0.6285577416419983,0.7321367263793945,0.09810461848974228,0.887499988079071,0.9336003065109253,0.18622981011867523,0.8884677290916443,0.7331302165985107,0.31549525260925293,0.24857689440250397,0.2030748426914215,0.1040971502661705,0.2150000035762787,0.1948624551296234,0.11944352835416794,0.14461290836334229,0.3438964784145355,0.17665116488933563,-0.11375514417886734,-0.012126169167459011,0.1055353656411171,-0.05694444477558136,-0.031237442046403885,0.19145038723945618,-0.11153225600719452,-0.07262909412384033,0.27886128425598145
wqp,wqp:21DELAWQ_WQX-110011,test,2023-09,2023-10,0.5687363147735596,0.659430980682373,0.0963064506649971,1.0,0.9110377430915833,0.18302452564239502,0.3459322154521942,0.6547762155532837,0.32580387592315674,0.2725054621696472,0.24857689440250397,0.10377589613199234,0.17000000178813934,0.20475666224956512,0.12022720277309418,0.23837289214134216,0.3272390365600586,0.17757047712802887,-0.05982140824198723,0.024573706090450287,0.10295514762401581,0.11249999701976776,0.045791976153850555,0.1851014643907547,-0.5425354838371277,-0.1378893405199051,0.2771793603897095
wqp,wqp:21DELAWQ_WQX-110011,test,2023-10,2023-11,0.5887447595596313,0.5956899523735046,0.09285201132297516,1.0,0.9822334051132202,0.19146525859832764,0.550000011920929,0.14967085421085358,0.3149709105491638,0.314502090215683,0.2725054621696472,0.10022952407598495,0.19083333015441895,0.16711832582950592,0.11651184409856796,0.3258333206176758,0.3936806321144104,0.17420166730880737,0.020008422434329987,0.00828632339835167,0.10439912974834442,0.0,-0.020856529474258423,0.18272730708122253,0.20406776666641235,-0.09191709756851196,0.2978694438934326
wqp,wqp:21DELAWQ_WQX-110011,test,2023-11,2023-12,0.6680812835693359,0.5891690850257874,0.09579753130674362,1.0,1.0048091411590576,0.18935444951057434,0.0,-0.05423731729388237,0.32890355587005615,0.2327674925327301,0.314502090215683,0.10257799923419952,0.17000000178813934,0.196172833442688,0.11898487061262131,0.10000000149011612,0.2796829342842102,0.17432071268558502,0.0793365016579628,-0.018826976418495178,0.10237552970647812,0.0,0.0025334134697914124,0.18611004948616028,-0.550000011920929,0.004802435636520386,0.30191391706466675
wqp,wqp:21DELAWQ_WQX-110011,test,2023-12,2024-01,0.6300710439682007,0.6407395601272583,0.10064717382192612,0.8675000071525574,0.9934704303741455,0.18970194458961487,0.0,-0.0063926964066922665,0.3337591886520386,0.2479715794324875,0.2327674925327301,0.10559704899787903,0.22300000488758087,0.18107137084007263,0.12262841314077377,0.10000000149011612,0.2979089915752411,0.1763058453798294,-0.03801021724939346,-0.04024754464626312,0.10484123229980469,-0.13249999284744263,-0.047206319868564606,0.19322173297405243,0.0,0.07672032713890076,0.3035522699356079
wqp,wqp:21DELAWQ_WQX-110011,test,2024-01,2024-02,0.6248200535774231,0.6311172842979431,0.10225149244070053,0.7975000143051147,0.8996420502662659,0.1884288489818573,0.0,0.08780761063098907,0.3325817584991455,0.2500719726085663,0.2479715794324875,0.10571088641881943,0.25099998712539673,0.21902307868003845,0.1207033172249794,0.10000000149011612,0.3102801740169525,0.17663542926311493,-0.005250987596809864,0.009615570306777954,0.10226894170045853,-0.07000000029802322,0.015287041664123535,0.18837282061576843,0.0,0.118899866938591,0.3045250475406647
wqp,wqp:21DELAWQ_WQX-110011,test,2024-02,2024-03,0.6502302289009094,0.627022922039032,0.10235222429037094,0.7556944489479065,0.8270277976989746,0.18824532628059387,0.0,0.1981716901063919,0.33710777759552,0.23990792036056519,0.2500719726085663,0.10427302122116089,0.2677222192287445,0.23960436880588531,0.11777613312005997,0.10000000149011612,0.3076680898666382,0.17603649199008942,0.02541014552116394,-0.0026543186977505684,0.10128409415483475,-0.04180555418133736,0.04423262178897858,0.1889171153306961,0.0,0.16687756776809692,0.3116230070590973
wqp,wqp:21DELAWQ_WQX-110011,test,2024-03,2024-04,0.5971686840057373,0.6411063075065613,0.10565580427646637,0.625,0.7814995646476746,0.18911410868167877,0.03985714167356491,0.27124738693237305,0.34584131836891174,0.26113250851631165,0.23990792036056519,0.10524735599756241,0.3199999928474426,0.25807416439056396,0.11640314012765884,0.11594285815954208,0.31384193897247314,0.1784106194972992,-0.053061503916978836,-0.021834559738636017,0.10250110924243927,-0.1306944489479065,0.04589289799332619,0.1917216181755066,0.03985714167356491,0.18200384080410004,0.32083049416542053
wqp,wqp:21DELAWQ_WQX-110011,test,2024-04,2024-05,0.669991672039032,0.6109315752983093,0.10792146623134613,1.0,0.6738912463188171,0.18761320412158966,0.3373236656188965,0.3586680293083191,0.35059309005737305,0.2320033460855484,0.26113250851631165,0.10444200783967972,0.17000000178813934,0.3067135810852051,0.11741220951080322,0.23492947220802307,0.33057737350463867,0.1823667287826538,0.0728229507803917,0.004784483462572098,0.10074178129434586,0.375,0.07042965292930603,0.19048359990119934,0.297466516494751,0.1596924066543579,0.319929838180542
wqp,wqp:21DELAWQ_WQX-110011,test,2024-05,2024-06,0.6238293647766113,0.6556965708732605,0.11148478090763092,1.0,0.8521245121955872,0.19093646109104156,1.0,0.6196146011352539,0.34528639912605286,0.25046825408935547,0.2320033460855484,0.10826946049928665,0.17000000178813934,0.18438023328781128,0.12827050685882568,0.10000000149011612,0.40939316153526306,0.1847982108592987,-0.04616226255893707,-0.03151130676269531,0.11177903413772583,0.0,-0.2257964015007019,0.2084009200334549,0.6626763343811035,0.11940178275108337,0.3086508810520172
wqp,wqp:21DELAWQ_WQX-110011,test,2024-06,2024-07,0.6951406598091125,0.623685359954834,0.11015119403600693,0.7984374761581421,0.9267022013664246,0.1884491890668869,0.5241650938987732,0.7621367573738098,0.32518017292022705,0.27194371819496155,0.25046825408935547,0.10755663365125656,0.27145832777023315,0.18784043192863464,0.12732061743736267,0.33616727590560913,0.30838409066200256,0.18319441378116608,0.07131128013134003,0.016529150307178497,0.11016929149627686,-0.20156249403953552,-0.1616700291633606,0.20042595267295837,-0.4758348762989044,-0.01502382755279541,0.28648167848587036
wqp,wqp:21DELAWQ_WQX-205181,test,2022-12,2023-01,0.8478787541389465,0.8112406730651855,0.10756942629814148,0.800000011920929,0.8089231848716736,0.19499914348125458,0.14408916234970093,0.10265880078077316,0.3388614058494568,0.1608484983444214,0.1698581725358963,0.1112695038318634,0.18000000715255737,0.18206734955310822,0.12338866293430328,0.1576356738805771,0.31321296095848083,0.18206843733787537,0.02252415381371975,-0.024229805916547775,0.10911189764738083,0.0,-0.024456454440951347,0.1966453194618225,-0.1505322903394699,0.05355071276426315,0.3140679895877838
wqp,wqp:21DELAWQ_WQX-205181,test,2023-01,2023-02,0.8155672550201416,0.8269124031066895,0.109224334359169,0.7080000042915344,0.8057791590690613,0.1956275999546051,0.4653017222881317,0.1827525645494461,0.33978790044784546,0.17377309501171112,0.1608484983444214,0.11208681762218475,0.2168000042438507,0.17929448187351227,0.12276873737573624,0.2861206829547882,0.3242013454437256,0.18087072670459747,-0.03231148049235344,-0.030685292556881905,0.10901755094528198,-0.09200000017881393,-0.02210249751806259,0.19842730462551117,0.3212125599384308,0.1233300268650055,0.31658312678337097
wqp,wqp:21DELAWQ_WQX-205181,test,2023-02,2023-03,0.8346768021583557,0.8094991445541382,0.11069204658269882,0.7955555319786072,0.7488172054290771,0.19423532485961914,0.24371881783008575,0.273699551820755,0.34615662693977356,0.16612929105758667,0.17377309501171112,0.1121835708618164,0.18177777528762817,0.20573106408119202,0.11995651572942734,0.19748753309249878,0.33813145756721497,0.18161535263061523,0.019109515473246574,-0.011249501258134842,0.10677312314510345,0.08755555748939514,0.04848203808069229,0.19505132734775543,-0.22158290445804596,0.1563459187746048,0.32148411870002747
wqp,wqp:21DELAWQ_WQX-205181,test,2023-03,2023-04,0.7613008618354797,0.8185089230537415,0.11547065526247025,0.7991111278533936,0.785778820514679,0.1972973644733429,0.4418148994445801,0.3203775882720947,0.35148483514785767,0.19547966122627258,0.16612929105758667,0.11478381603956223,0.18035554885864258,0.1808018982410431,0.12056491523981094,0.2767259478569031,0.344082236289978,0.18452225625514984,-0.07337594032287598,-0.040482647716999054,0.11242613196372986,0.003555555595085025,-0.013888612389564514,0.20140336453914642,0.19809608161449432,0.18128931522369385,0.33410361409187317
wqp,wqp:21DELAWQ_WQX-205181,test,2023-04,2023-05,0.800000011920929,0.7730651497840881,0.11790261417627335,0.5228888988494873,0.7856832146644592,0.19184336066246033,0.0,0.5393460988998413,0.3596133589744568,0.2633333206176758,0.19547966122627258,0.11390777677297592,0.3075111210346222,0.1724376231431961,0.12501344084739685,0.1458333283662796,0.4623548984527588,0.18925322592258453,0.038699161261320114,-0.001441456377506256,0.10987560451030731,-0.27622222900390625,-0.0387224480509758,0.20075786113739014,-0.4418148994445801,0.1286226063966751,0.32097867131233215
wqp,wqp:21DELAWQ_WQX-205181,test,2023-05,2023-06,0.7244271039962769,0.775861918926239,0.11193831264972687,0.800000011920929,0.6048949956893921,0.1976003497838974,0.7446214556694031,0.34759512543678284,0.334256649017334,0.21022915840148926,0.2633333206176758,0.10577529668807983,0.18000000715255737,0.2962992787361145,0.11641448736190796,0.20215141773223877,0.29331013560295105,0.18409033119678497,-0.0755729079246521,-0.046437378972768784,0.10397568345069885,0.27711111307144165,0.08775675296783447,0.1967572122812271,0.7446214556694031,0.10722070932388306,0.326862633228302
wqp,wqp:21DELAWQ_WQX-205211,test,2022-12,2023-01,0.7915787100791931,0.6785292029380798,0.10788552463054657,0.800000011920929,0.8031101226806641,0.19605976343154907,0.15698030591011047,0.08759718388319016,0.34264734387397766,0.2667018473148346,0.22350478172302246,0.11085277795791626,0.1966666728258133,0.18018609285354614,0.1255555897951126,0.2086254507303238,0.29407358169555664,0.1835162192583084,0.10034067928791046,-0.019465118646621704,0.10892187058925629,0.0,-0.038625165820121765,0.19888100028038025,-0.26011279225349426,0.06152036786079407,0.3153592646121979
wqp,wqp:21DELAWQ_WQX-205211,test,2023-01,2023-02,0.7642431259155273,0.7517585754394531,0.10717637091875076,0.7580000162124634,0.8058075308799744,0.19555124640464783,0.07657449692487717,0.17887572944164276,0.3407471477985382,0.1943027526140213,0.2667018473148346,0.1098114401102066,0.19679999351501465,0.19576646387577057,0.12246499210596085,0.1306297928094864,0.30604422092437744,0.17970474064350128,-0.027335582301020622,-0.04683317244052887,0.10713373124599457,-0.041999999433755875,-0.022024773061275482,0.20002612471580505,-0.08040580153465271,0.13370992243289948,0.31537142395973206
wqp,wqp:21DELAWQ_WQX-205211,test,2023-02,2023-03,0.7998605370521545,0.7551935315132141,0.10970854759216309,0.7929999828338623,0.78006911277771,0.19386541843414307,0.3321531414985657,0.25619232654571533,0.34505003690719604,0.18005578219890594,0.1943027526140213,0.11162398755550385,0.18279999494552612,0.19145852327346802,0.12025067955255508,0.2328612506389618,0.33368945121765137,0.181290403008461,0.0356173999607563,-0.00844292901456356,0.10708118230104446,0.03500000014901161,0.016967598348855972,0.19538994133472443,0.2555786371231079,0.1602642983198166,0.3208152949810028
wqp,wqp:21DELAWQ_WQX-205211,test,2023-03,2023-04,0.6846398711204529,0.7794554233551025,0.11409246176481247,0.8159999847412109,0.7936323881149292,0.19614726305007935,0.594913125038147,0.3103381395339966,0.35130831599235535,0.30947738885879517,0.18005578219890594,0.11326117068529129,0.1902666687965393,0.18053646385669708,0.11995717138051987,0.3078680634498596,0.3395332098007202,0.183729350566864,-0.11522065103054047,-0.04217350855469704,0.1105957105755806,0.023000000044703484,-0.000379171222448349,0.20034928619861603,0.2627600133419037,0.17921817302703857,0.33163732290267944
wqp,wqp:21DELAWQ_WQX-205211,test,2023-04,2023-05,0.800000011920929,0.708540678024292,0.11714054644107819,0.6908888816833496,0.798683226108551,0.19393371045589447,0.0,0.38675424456596375,0.35292553901672363,0.18000000715255737,0.30947738885879517,0.11355337500572205,0.2236444503068924,0.19041457772254944,0.12272375822067261,0.10000000149011612,0.3845055103302002,0.18848775327205658,0.11536011844873428,0.013386443257331848,0.1108502671122551,-0.12511111795902252,-0.03292150795459747,0.19782784581184387,-0.594913125038147,0.15883877873420715,0.3287176191806793
wqp,wqp:21DELAWQ_WQX-205211,test,2023-05,2023-06,0.6562110185623169,0.759800374507904,0.11648567020893097,0.800000011920929,0.7162874937057495,0.19992922246456146,0.8389844298362732,0.32382628321647644,0.34109795093536377,0.23751559853553772,0.18000000715255737,0.11048609763383865,0.18000000715255737,0.22845105826854706,0.12035428732633591,0.16440622508525848,0.3092438280582428,0.18667994439601898,-0.14378900825977325,-0.06915994733572006,0.10979494452476501,0.10911110788583755,0.00724656879901886,0.20438265800476074,0.8389844298362732,0.1478838324546814,0.3320596516132355
wqp,wqp:21DELAWQ_WQX-206361,test,2023-06,2023-07,0.800000011920929,0.7351605296134949,0.1113564744591713,0.742222249507904,0.7130467891693115,0.19034378230571747,1.0,0.8901950120925903,0.32959866523742676,0.18000000715255737,0.2068459689617157,0.10889177024364471,0.20311111211776733,0.19109384715557098,0.12768317759037018,0.10000000149011612,0.300115168094635,0.1856958568096161,0.06711491197347641,-0.004499178379774094,0.11274292320013046,-0.06844444572925568,-0.16662651300430298,0.20614828169345856,0.0,-0.0032508373260498047,0.2958771586418152
wqp,wqp:21DELAWQ_WQX-206361,test,2023-07,2023-08,0.800000011920929,0.7712138295173645,0.10452009737491608,0.776888906955719,0.735027551651001,0.19156469404697418,1.0,0.8738260269165039,0.31789129972457886,0.18000000715255737,0.18000000715255737,0.1048891618847847,0.18924444913864136,0.20253972709178925,0.12042523920536041,0.10000000149011612,0.3252103924751282,0.17940786480903625,0.0,-0.03559717535972595,0.1065158024430275,0.03466666489839554,-0.028411880135536194,0.19945856928825378,0.0,-0.049999602138996124,0.28660497069358826
wqp,wqp:21DELAWQ_WQX-206361,test,2023-08,2023-09,0.7793505787849426,0.7874993681907654,0.10172466188669205,0.746666669845581,0.776671826839447,0.1890905350446701,1.0,0.8391207456588745,0.3233814835548401,0.1882597804069519,0.18000000715255737,0.1070575937628746,0.20133332908153534,0.18622241914272308,0.11977941542863846,0.10000000149011612,0.35189518332481384,0.18033133447170258,-0.02064944989979267,-0.020982645452022552,0.10714135318994522,-0.030222222208976746,-0.004796631634235382,0.19568654894828796,0.0,-0.07973025739192963,0.2862307131290436
wqp,wqp:21DELAWQ_WQX-206361,test,2023-09,2023-10,0.7620741724967957,0.7752242088317871,0.10136185586452484,0.7799999713897705,0.778433620929718,0.18732893466949463,0.6535000205039978,0.7716924548149109,0.335574209690094,0.1951703429222107,0.1882597804069519,0.10784047096967697,0.18799999356269836,0.1870032101869583,0.12040694802999496,0.2386000007390976,0.3416607081890106,0.18175038695335388,-0.017276400700211525,-0.02191815711557865,0.10601012408733368,0.03333333507180214,0.05021963268518448,0.1933441162109375,-0.3465000092983246,-0.1399473249912262,0.28587934374809265
wqp,wqp:21DELAWQ_WQX-206361,test,2023-10,2023-11,0.7964990139007568,0.7587055563926697,0.09920056909322739,0.515999972820282,0.807453453540802,0.19663654267787933,0.4824080765247345,0.23027446866035461,0.32410216331481934,0.18140040338039398,0.1951703429222107,0.10545085370540619,0.2935999929904938,0.17766225337982178,0.1162026897072792,0.2929632365703583,0.3857153654098511,0.17913943529129028,0.03442484885454178,-0.024091022089123726,0.10690641403198242,-0.2639999985694885,0.02976837381720543,0.18920056521892548,-0.17109191417694092,-0.09988749027252197,0.3089669942855835
wqp,wqp:21DELAWQ_WQX-206361,test,2023-11,2023-12,0.7812110185623169,0.7768256068229675,0.1001712828874588,0.515999972820282,0.6479641795158386,0.18987244367599487,0.18074899911880493,0.13383808732032776,0.3468160629272461,0.18751560151576996,0.18140040338039398,0.10457516461610794,0.2935999929904938,0.27212652564048767,0.11738131940364838,0.1722995936870575,0.28044411540031433,0.17956247925758362,-0.015287999995052814,-0.03837640583515167,0.09788171201944351,0.0,0.1806337535381317,0.18857143819332123,-0.30165907740592957,-0.012048467993736267,0.3067793548107147
wqp,wqp:21DELAWQ_WQX-206361,test,2023-12,2024-01,0.7706553339958191,0.773518443107605,0.10222891718149185,0.42899999022483826,0.5674009919166565,0.18992772698402405,0.0,0.19419002532958984,0.34605520963668823,0.19173787534236908,0.18751560151576996,0.10467209666967392,0.27160000801086426,0.28030142188072205,0.1202513724565506,0.10000000149011612,0.2724667191505432,0.18090251088142395,-0.010555689223110676,-0.02007904276251793,0.10097984969615936,-0.08699999749660492,0.057459913194179535,0.19311882555484772,-0.18074899911880493,0.06804822385311127,0.31125062704086304
wqp,wqp:21DELAWQ_WQX-206361,test,2024-01,2024-02,0.7206263542175293,0.7653130292892456,0.10253540426492691,0.48100000619888306,0.48780789971351624,0.19083304703235626,0.0,0.2957237958908081,0.3463020622730255,0.21174946427345276,0.19173787534236908,0.10371416062116623,0.2924000024795532,0.2541271448135376,0.1177881509065628,0.10000000149011612,0.27525413036346436,0.17900380492210388,-0.05002898350358009,-0.007220176048576832,0.09833840280771255,0.052000001072883606,0.07021601498126984,0.1921306550502777,0.0,0.11720781028270721,0.312812864780426
wqp,wqp:21DELAWQ_WQX-206361,test,2024-02,2024-03,0.7345752120018005,0.7309730648994446,0.10353419929742813,0.4973333477973938,0.49950486421585083,0.19089695811271667,0.0904904305934906,0.3648025691509247,0.3489089012145996,0.20616990327835083,0.21174946427345276,0.10416413098573685,0.29893332719802856,0.27687209844589233,0.11626747995615005,0.13619616627693176,0.28336116671562195,0.17902816832065582,0.013948904350399971,0.006945554167032242,0.10001420974731445,0.016333334147930145,0.03365678712725639,0.19188176095485687,0.0904904305934906,0.16393828392028809,0.32049015164375305
wqp,wqp:21DELAWQ_WQX-206361,test,2024-03,2024-04,0.8391768336296082,0.7285178303718567,0.10684633255004883,0.4893333315849304,0.5175855159759521,0.19187389314174652,0.3041437566280365,0.4076662063598633,0.35710182785987854,0.16432926058769226,0.20616990327835083,0.10484983026981354,0.29573333263397217,0.28515002131462097,0.11517094075679779,0.22165749967098236,0.2913811206817627,0.18078631162643433,0.10460162907838821,-0.02127259038388729,0.101055808365345,-0.00800000037997961,0.039906904101371765,0.19484591484069824,0.2136533260345459,0.17503593862056732,0.32809963822364807
wqp,wqp:21DELAWQ_WQX-206361,test,2024-04,2024-05,0.8520891070365906,0.8000143766403198,0.11002242565155029,0.7279999852180481,0.5111075639724731,0.18987786769866943,0.8755671381950378,0.5904711484909058,0.36458316445350647,0.15916435420513153,0.16432926058769226,0.10511394590139389,0.20880000293254852,0.2804487943649292,0.1177789717912674,0.14977313578128815,0.3791903257369995,0.18387186527252197,0.012912237085402012,-0.06216397136449814,0.10126684606075287,0.23866666853427887,0.025651827454566956,0.20118077099323273,0.5714234113693237,0.14864802360534668,0.3225908577442169
wqp,wqp:21DELAWQ_WQX-206361,test,2024-05,2024-06,0.800000011920929,0.8259355425834656,0.11692564189434052,0.7128888964653015,0.6381628513336182,0.18911884725093842,1.0,0.9093843698501587,0.3571639955043793,0.18000000715255737,0.15916435420513153,0.11186480522155762,0.2148444503545761,0.21668799221515656,0.12830889225006104,0.10000000149011612,0.34129148721694946,0.1897488534450531,-0.05208909884095192,-0.04070580005645752,0.1119614765048027,-0.015111111104488373,-0.1503208428621292,0.2112938016653061,0.12443283200263977,0.04866057634353638,0.30524715781211853
wqp,wqp:21DELAWQ_WQX-206451,test,2023-06,2023-07,0.974896252155304,0.7528104186058044,0.10602303594350815,0.5433333516120911,0.682788610458374,0.18733608722686768,1.0,0.9103195667266846,0.32100820541381836,0.19337482750415802,0.27985191345214844,0.10384636372327805,0.2993333339691162,0.21867161989212036,0.12296321243047714,0.1458333283662796,0.29294493794441223,0.18144147098064423,0.21619275212287903,-0.007258139550685883,0.10943299531936646,-0.23888888955116272,-0.16206443309783936,0.20197446644306183,0.0,-0.011044278740882874,0.292717307806015
wqp,wqp:21DELAWQ_WQX-206451,test,2023-07,2023-08,0.9398419857025146,0.8921308517456055,0.09917350113391876,0.6000000238418579,0.6121614575386047,0.18760867416858673,1.0,0.9555376768112183,0.3216220438480377,0.20739653706550598,0.19337482750415802,0.09864126145839691,0.27666667103767395,0.28671425580978394,0.11427627503871918,0.1458333283662796,0.3112764060497284,0.17458365857601166,-0.0350542776286602,-0.10344919562339783,0.09803930670022964,0.05666666850447655,0.08816230297088623,0.19778794050216675,0.0,-0.03857724368572235,0.28115108609199524
wqp,wqp:21DELAWQ_WQX-206451,test,2023-08,2023-09,0.9839388132095337,0.9154757261276245,0.0984988734126091,0.6399999856948853,0.6260577440261841,0.18522138893604279,1.0,0.92662513256073,0.32457205653190613,0.1897578090429306,0.20739653706550598,0.10352692008018494,0.2606666684150696,0.2681884467601776,0.11531947553157806,0.1458333283662796,0.34425148367881775,0.17848601937294006,0.04409682750701904,-0.02872592583298683,0.10252802819013596,0.03999999910593033,0.031985778361558914,0.19247649610042572,0.0,-0.07043412327766418,0.284518301486969
wqp,wqp:21DELAWQ_WQX-206451,test,2023-09,2023-10,0.8694892525672913,0.9487279653549194,0.09959614276885986,0.5996666550636292,0.6667187213897705,0.18691372871398926,0.7576428651809692,0.8583608865737915,0.33784207701683044,0.19907930493354797,0.1897578090429306,0.10496573895215988,0.2768000066280365,0.2415933907032013,0.11643436551094055,0.24277618527412415,0.32981938123703003,0.17952845990657806,-0.11444956809282303,-0.06851791590452194,0.10355746001005173,-0.0403333343565464,0.044661909341812134,0.19508658349514008,-0.24235714972019196,-0.1263153851032257,0.2863868474960327
wqp,wqp:21DELAWQ_WQX-206451,test,2023-10,2023-11,0.7423129081726074,0.879497766494751,0.09553521126508713,0.4955555498600006,0.6566457748413086,0.18890562653541565,0.48608139157295227,0.43958818912506104,0.3296228051185608,0.2864081859588623,0.19907930493354797,0.10073397308588028,0.3148888945579529,0.2510097324848175,0.11348850280046463,0.3402658998966217,0.4505908191204071,0.17746824026107788,-0.12717635929584503,0.0016605108976364136,0.09938652813434601,-0.10411111265420914,0.07217688858509064,0.1833738386631012,-0.2715614438056946,-0.12588739395141602,0.2973310947418213
wqp,wqp:21DELAWQ_WQX-206451,test,2023-11,2023-12,0.7237511277198792,0.7739870548248291,0.09325588494539261,0.5,0.575817883014679,0.18531766533851624,0.05547083914279938,0.21943709254264832,0.33622682094573975,0.21049955487251282,0.2864081859588623,0.09732110798358917,0.30000001192092896,0.2903558015823364,0.1136690154671669,0.12218833714723587,0.2886771559715271,0.17521168291568756,-0.018561767414212227,0.014772668480873108,0.09394226968288422,0.004444444552063942,0.1310163140296936,0.1800931990146637,-0.4306105673313141,-0.04732194542884827,0.3008323609828949
wqp,wqp:21DELAWQ_WQX-206451,test,2023-12,2024-01,0.7531620860099792,0.7317399978637695,0.09462621062994003,0.4465000033378601,0.537495493888855,0.18607991933822632,0.0,0.19937889277935028,0.33858829736709595,0.28206849098205566,0.21049955487251282,0.0970454290509224,0.29526665806770325,0.286626935005188,0.11541178077459335,0.1458333283662796,0.24463778734207153,0.1746327430009842,0.02941097319126129,-0.013122240081429482,0.09489843994379044,-0.05350000038743019,0.053746797144412994,0.18645091354846954,-0.05547083914279938,0.047661520540714264,0.3054037392139435
wqp,wqp:21DELAWQ_WQX-206451,test,2024-01,2024-02,0.7943935990333557,0.7391902208328247,0.09576994180679321,0.5,0.49277758598327637,0.18633630871772766,0.0,0.298021525144577,0.34282445907592773,0.2655758857727051,0.28206849098205566,0.09729236364364624,0.3166666626930237,0.2810136675834656,0.1137564480304718,0.1458333283662796,0.2570711076259613,0.17381900548934937,0.04123151674866676,-0.020876266062259674,0.09318383038043976,0.05350000038743019,0.05812521651387215,0.18817083537578583,0.0,0.12400689721107483,0.3067903518676758
wqp,wqp:21DELAWQ_WQX-206451,test,2024-02,2024-03,0.7371422052383423,0.7712634205818176,0.09866024553775787,0.4866666793823242,0.5177444219589233,0.187638521194458,0.0,0.3741488456726074,0.3470008671283722,0.28847646713256836,0.2655758857727051,0.09926227480173111,0.3113333284854889,0.30366313457489014,0.11244334280490875,0.1458333283662796,0.27442827820777893,0.17461605370044708,-0.05725141242146492,-0.03127219155430794,0.0959939956665039,-0.013333333656191826,0.028254833072423935,0.19095803797245026,0.0,0.17432023584842682,0.3151976466178894
wqp,wqp:21DELAWQ_WQX-206451,test,2024-03,2024-04,0.7760394811630249,0.7410322427749634,0.10298903286457062,0.5080000162124634,0.5150390863418579,0.1876019984483719,0.14335714280605316,0.409696489572525,0.3543607294559479,0.2729175388813019,0.28847646713256836,0.10140755772590637,0.3134666681289673,0.2985425293445587,0.11221591383218765,0.20317618548870087,0.28906333446502686,0.1783871054649353,0.038897305727005005,-0.002150248736143112,0.09710512310266495,0.02133333310484886,0.051087476313114166,0.1890878826379776,0.14335714280605316,0.17708557844161987,0.3223394751548767
wqp,wqp:21DELAWQ_WQX-206451,test,2024-04,2024-05,0.8457048535346985,0.7618593573570251,0.10468389838933945,0.7459999918937683,0.51645427942276,0.18500809371471405,0.699202299118042,0.6208588480949402,0.3607405126094818,0.24505139887332916,0.2729175388813019,0.09994739294052124,0.21826666593551636,0.29365769028663635,0.11561698466539383,0.26615241169929504,0.3790866732597351,0.1807856410741806,0.0696653202176094,-0.03527911752462387,0.09682580828666687,0.23800000548362732,0.013288389891386032,0.1951819807291031,0.5558452010154724,0.148225799202919,0.3149910867214203
wqp,wqp:21DELAWQ_WQX-206451,test,2024-05,2024-06,0.8882812261581421,0.8076640367507935,0.11130543053150177,0.5561110973358154,0.6504794359207153,0.1852402538061142,1.0,0.9661279916763306,0.3541785180568695,0.2280208319425583,0.24505139887332916,0.10660213232040405,0.29422223567962646,0.22738808393478394,0.12560676038265228,0.1458333283662796,0.2923451066017151,0.18523311614990234,0.042576421052217484,-0.05782105773687363,0.10758381336927414,-0.18988889455795288,-0.15107426047325134,0.20917962491512299,0.3007976710796356,0.037111520767211914,0.2979753613471985
wqp,wqp:21DELAWQ_WQX-208181,test,2023-06,2023-07,0.7031466960906982,0.7110800743103027,0.11235359311103821,0.4729999899864197,0.510783314704895,0.18605025112628937,0.9070762395858765,0.9225949645042419,0.353042334318161,0.218741312623024,0.22758989036083221,0.10822434723377228,0.2892000079154968,0.2922932803630829,0.12827341258525848,0.1371695101261139,0.30683696269989014,0.19124071300029755,0.02212144248187542,0.033539459109306335,0.1036471500992775,-0.025499999523162842,-0.02297135442495346,0.2006477266550064,0.1120830550789833,0.05315661430358887,0.293490469455719
wqp,wqp:21DELAWQ_WQX-208181,test,2023-07,2023-08,0.8155672550201416,0.7007737755775452,0.10233919322490692,0.5,0.48000186681747437,0.18963134288787842,0.6677660942077637,0.9644023180007935,0.3244799077510834,0.17377309501171112,0.218741312623024,0.10065079480409622,0.30000001192092896,0.27334365248680115,0.11988580971956253,0.23289355635643005,0.2777418792247772,0.18135876953601837,0.11242055147886276,-0.009723970666527748,0.10138372331857681,0.027000000700354576,-0.0026349052786827087,0.19823043048381805,-0.23931008577346802,-0.04036282002925873,0.2879193127155304
wqp,wqp:21DELAWQ_WQX-208181,test,2023-08,2023-09,0.7609416246414185,0.7773925065994263,0.09741726517677307,0.5,0.520466685295105,0.18784956634044647,0.5303469300270081,0.9452017545700073,0.3306923508644104,0.19562335312366486,0.17377309501171112,0.10066875070333481,0.30000001192092896,0.2848533093929291,0.1162201464176178,0.2878612279891968,0.3061690032482147,0.17825116217136383,-0.05462564900517464,-0.056011684238910675,0.09990920126438141,0.0,0.04135406017303467,0.19710968434810638,-0.13741916418075562,-0.07738906145095825,0.2859936058521271
wqp,wqp:21DELAWQ_WQX-208181,test,2023-09,2023-10,0.7206263542175293,0.7602213621139526,0.0977422297000885,0.5,0.5422375202178955,0.18447057902812958,0.14938518404960632,0.8634791374206543,0.34118300676345825,0.21174946427345276,0.19562335312366486,0.10317177325487137,0.30000001192092896,0.2791528105735779,0.11713356524705887,0.15975406765937805,0.3110116124153137,0.18105316162109375,-0.040315285325050354,-0.004006888717412949,0.10030946135520935,0.0,0.06875213235616684,0.19080850481987,-0.3809617757797241,-0.14497347176074982,0.28522801399230957
wqp,wqp:21DELAWQ_WQX-208181,test,2023-10,2023-11,0.8642037510871887,0.7258386611938477,0.09718755632638931,0.5,0.5572030544281006,0.19804324209690094,0.10075143724679947,0.18096330761909485,0.327496200799942,0.15431849658489227,0.21174946427345276,0.10221704840660095,0.30000001192092896,0.2822510004043579,0.11229871958494186,0.14030057191848755,0.27918553352355957,0.17898650467395782,0.143577441573143,-0.012444533407688141,0.10246191918849945,0.0,0.07984841614961624,0.186976820230484,-0.048633746802806854,-0.10263419151306152,0.3173726499080658
wqp,wqp:21DELAWQ_WQX-208181,test,2023-11,2023-12,0.7574674487113953,0.8170705437660217,0.10191570967435837,0.5239999890327454,0.5577536821365356,0.19190450012683868,0.0,0.19844917953014374,0.3594573736190796,0.1970130056142807,0.15431849658489227,0.10573230683803558,0.2903999984264374,0.28998681902885437,0.1188817173242569,0.10000000149011612,0.2649354338645935,0.18149133026599884,-0.10673628747463226,-0.07969407737255096,0.10038860887289047,0.024000000208616257,0.07837184518575668,0.1981561928987503,-0.10075143724679947,0.0347602516412735,0.3133604824542999
wqp,wqp:21DELAWQ_WQX-208181,test,2023-12,2024-01,0.8052659630775452,0.7645178437232971,0.10596933960914612,0.5,0.545725405216217,0.19182352721691132,0.0,0.19981884956359863,0.34968045353889465,0.17789362370967865,0.1970130056142807,0.10777698457241058,0.30000001192092896,0.28105446696281433,0.1217176541686058,0.10000000149011612,0.2780584990978241,0.18456394970417023,0.047798462212085724,0.017529569566249847,0.10352635383605957,-0.024000000208616257,-0.0021335668861865997,0.19419674575328827,0.0,0.061901018023490906,0.3146740794181824
wqp,wqp:21DELAWQ_WQX-208181,test,2024-01,2024-02,0.6533052325248718,0.7859200835227966,0.10396938771009445,0.4779999852180481,0.5282896757125854,0.19273889064788818,0.05648494511842728,0.28908365964889526,0.3464660346508026,0.23867791891098022,0.17789362370967865,0.10437045991420746,0.29120001196861267,0.28432363271713257,0.11867699772119522,0.12259397655725479,0.2675406038761139,0.17934241890907288,-0.15196073055267334,-0.026766642928123474,0.10055945813655853,-0.02199999988079071,0.027214106172323227,0.19641433656215668,0.05648494511842728,0.12078544497489929,0.31508079171180725
wqp,wqp:21DELAWQ_WQX-208181,test,2024-02,2024-03,0.7943935990333557,0.6896923780441284,0.10432257503271103,0.5,0.5073270201683044,0.18992088735103607,0.1607995480298996,0.34646376967430115,0.3494967520236969,0.18224255740642548,0.23867791891098022,0.10503934323787689,0.30000001192092896,0.27515533566474915,0.1169125959277153,0.16431981325149536,0.2864932119846344,0.18059611320495605,0.14108841121196747,0.04744032025337219,0.09946048259735107,0.02199999988079071,0.049757905304431915,0.18868596851825714,0.10431459546089172,0.1506907194852829,0.319411039352417
wqp,wqp:21DELAWQ_WQX-208181,test,2024-03,2024-04,0.7609567046165466,0.7571826577186584,0.10656088590621948,0.5,0.5227762460708618,0.1930285096168518,0.14752791821956635,0.4189424216747284,0.3581782877445221,0.27895066142082214,0.18224255740642548,0.10395558178424835,0.3166666626930237,0.285258412361145,0.11504247784614563,0.20484450459480286,0.2813468277454376,0.1799950748682022,-0.033436913043260574,-0.06585924327373505,0.10106229782104492,0.0,0.04788298159837723,0.19939245283603668,-0.013271630741655827,0.17871765792369843,0.32913729548454285
wqp,wqp:21DELAWQ_WQX-208181,test,2024-04,2024-05,0.8360276222229004,0.7545188069343567,0.10910018533468246,0.5,0.5164896249771118,0.18738262355327606,0.5298779010772705,0.5921244621276855,0.36299726366996765,0.16558894515037537,0.27895066142082214,0.10449814796447754,0.30000001192092896,0.30149757862091064,0.11782440543174744,0.2880488336086273,0.3851664662361145,0.18466021120548248,0.07507094740867615,-0.012898441404104233,0.1001061499118805,0.0,0.02005589008331299,0.19629736244678497,0.38234999775886536,0.14893414080142975,0.31945276260375977
wqp,wqp:21DELAWQ_WQX-208181,test,2024-05,2024-06,0.7385188937187195,0.8001224994659424,0.112055204808712,0.648888885974884,0.4967697560787201,0.18409867584705353,1.0,1.0146440267562866,0.3625052273273468,0.20459243655204773,0.16558894515037537,0.10567273199558258,0.24044445157051086,0.28939634561538696,0.12516434490680695,0.10000000149011612,0.2835521697998047,0.18724016845226288,-0.0975087583065033,-0.05563795566558838,0.10324934124946594,0.14888888597488403,-0.02981414645910263,0.2069479078054428,0.4701220989227295,0.027826130390167236,0.29700911045074463
wqp,wqp:21DELAWQ_WQX-208211,test,2023-06,2023-07,0.6912265419960022,0.6616516709327698,0.10337323695421219,0.7688888907432556,0.6239969730377197,0.1833641529083252,0.8779647350311279,0.9045649766921997,0.3306520879268646,0.22350937128067017,0.24256958067417145,0.10171741247177124,0.19244444370269775,0.23798735439777374,0.12368181347846985,0.1488141119480133,0.2727288603782654,0.181126207113266,0.04765051603317261,0.009040318429470062,0.10298310965299606,0.09777777642011642,-0.07212664186954498,0.19714586436748505,-0.009024214930832386,-0.0006202757358551025,0.2871054410934448
wqp,wqp:21DELAWQ_WQX-208211,test,2023-07,2023-08,0.7155879735946655,0.678275465965271,0.09928208589553833,0.7733333110809326,0.7122201919555664,0.18855154514312744,1.0,0.8643508553504944,0.31332698464393616,0.21376481652259827,0.22350937128067017,0.10018941015005112,0.19066666066646576,0.19634762406349182,0.11891493946313858,0.10000000149011612,0.3005453050136566,0.1764126569032669,0.024361416697502136,-0.019741229712963104,0.10437279939651489,0.004444444552063942,-0.09411830455064774,0.196516752243042,0.12203527987003326,-0.040402427315711975,0.28425708413124084
wqp,wqp:21DELAWQ_WQX-208211,test,2023-08,2023-09,0.6738037467002869,0.7026053071022034,0.09709896147251129,0.7513333559036255,0.7681145071983337,0.18635603785514832,1.0,0.8240604400634766,0.3220190405845642,0.23047849535942078,0.21376481652259827,0.10213135182857513,0.19946666061878204,0.18870118260383606,0.11756818741559982,0.10000000149011612,0.33095046877861023,0.17698697745800018,-0.04178421571850777,-0.019509591162204742,0.10246160626411438,-0.02199999988079071,-0.00881725363433361,0.1922713965177536,0.0,-0.08036061376333237,0.2811931073665619
wqp,wqp:21DELAWQ_WQX-208211,test,2023-09,2023-10,0.7999050617218018,0.6802263855934143,0.09688365459442139,0.515999972820282,0.7757563591003418,0.18398219347000122,0.43100208044052124,0.7526050209999084,0.3327557444572449,0.1800379753112793,0.23047849535942078,0.1034514456987381,0.2935999929904938,0.1887584775686264,0.11882688105106354,0.272400826215744,0.3230508863925934,0.17922541499137878,0.1261013150215149,-0.002605866640806198,0.10227667540311813,-0.23533333837985992,0.04259764403104782,0.1891326606273651,-0.5689979195594788,-0.14040687680244446,0.28147128224372864
wqp,wqp:21DELAWQ_WQX-208211,test,2023-10,2023-11,0.8346768021583557,0.7561361193656921,0.09535501152276993,0.5,0.6432792544364929,0.19632643461227417,0.5151777863502502,0.14867010712623596,0.32490941882133484,0.16612929105758667,0.1800379753112793,0.10028564929962158,0.30000001192092896,0.2648771405220032,0.11119989305734634,0.2939288914203644,0.27661484479904175,0.17591845989227295,0.03477169945836067,-0.06528672575950623,0.09857095032930374,-0.01600000075995922,0.1670871526002884,0.187490776181221,0.08417566865682602,-0.11038386821746826,0.30964550375938416
wqp,wqp:21DELAWQ_WQX-208211,test,2023-11,2023-12,0.8205219507217407,0.8084941506385803,0.10097551345825195,0.5080000162124634,0.5775742530822754,0.1888989806175232,0.13753415644168854,0.17679540812969208,0.355275422334671,0.1717912256717682,0.16612929105758667,0.10567545145750046,0.29679998755455017,0.2905683219432831,0.11877034604549408,0.15501366555690765,0.2759440541267395,0.1820354014635086,-0.014154828153550625,-0.049182090908288956,0.09977884590625763,0.00800000037997961,0.11432769894599915,0.1930757313966751,-0.3776436150074005,0.03492869436740875,0.3106837272644043
wqp,wqp:21DELAWQ_WQX-208211,test,2023-12,2024-01,0.788722813129425,0.8056541085243225,0.10463259369134903,0.38999998569488525,0.5410455465316772,0.19193552434444427,0.0,0.2105884552001953,0.34882688522338867,0.18451087176799774,0.1717912256717682,0.10614725202322006,0.25600001215934753,0.28363940119743347,0.12040623277425766,0.10000000149011612,0.2725764214992523,0.18241308629512787,-0.031799111515283585,-0.021534860134124756,0.10233058035373688,-0.11800000071525574,0.01763312518596649,0.19558174908161163,-0.13753415644168854,0.07148526608943939,0.3133755326271057
wqp,wqp:21DELAWQ_WQX-208211,test,2024-01,2024-02,0.6850184798240662,0.7859168648719788,0.103876993060112,0.44600000977516174,0.45571663975715637,0.19147133827209473,0.04931548237800598,0.31459516286849976,0.3483787477016449,0.2259926199913025,0.18451087176799774,0.10471457988023758,0.2784000039100647,0.2387123703956604,0.11802028864622116,0.11972619593143463,0.2763139009475708,0.18046888709068298,-0.10370437800884247,0.001972619444131851,0.09846701472997665,0.0560000017285347,0.08130061626434326,0.1924189031124115,0.04931548237800598,0.11222925782203674,0.3143535256385803
wqp,wqp:21DELAWQ_WQX-208211,test,2024-02,2024-03,0.7576143145561218,0.7128347158432007,0.10421808809041977,0.515999972820282,0.46396493911743164,0.19118568301200867,0.0,0.3799433410167694,0.35007569193840027,0.19695428013801575,0.2259926199913025,0.1046951562166214,0.2935999929904938,0.26215067505836487,0.11679761111736298,0.10000000149011612,0.27856332063674927,0.18055865168571472,0.07259581983089447,0.028861239552497864,0.10005781054496765,0.07000000029802322,0.03768071532249451,0.19112837314605713,-0.04931548237800598,0.15888281166553497,0.3221612870693207
wqp,wqp:21DELAWQ_WQX-208211,test,2024-03,2024-04,0.788722813129425,0.7383197546005249,0.10757506638765335,0.5,0.5187674164772034,0.19360049068927765,0.47771793603897095,0.41984182596206665,0.35827723145484924,0.18451087176799774,0.19695428013801575,0.10522979497909546,0.30000001192092896,0.28130480647087097,0.11566002666950226,0.29108718037605286,0.2856569290161133,0.18110699951648712,0.0311085544526577,-0.04090356081724167,0.10231023281812668,-0.01600000075995922,0.01654370129108429,0.19839823246002197,0.47771793603897095,0.1793128252029419,0.3309018909931183
wqp,wqp:21DELAWQ_WQX-208211,test,2024-04,2024-05,0.8300710320472717,0.7694345116615295,0.11073322594165802,0.8080000281333923,0.514013409614563,0.18499469757080078,0.9937620162963867,0.7888184785842896,0.37274280190467834,0.16797158122062683,0.18451087176799774,0.10583975911140442,0.17679999768733978,0.2765742838382721,0.12199042737483978,0.10249519348144531,0.42641767859458923,0.18633189797401428,0.041348204016685486,-0.029896046966314316,0.10022503137588501,0.30799999833106995,0.005508819594979286,0.20101261138916016,0.5160440802574158,0.10777315497398376,0.3101443350315094
wqp,wqp:21DELAWQ_WQX-208211,test,2024-05,2024-06,0.7031466960906982,0.8001716732978821,0.11478471755981445,0.7866666913032532,0.6861632466316223,0.1898246854543686,0.9246300458908081,0.941034197807312,0.34213632345199585,0.218741312623024,0.16797158122062683,0.10960652679204941,0.18533332645893097,0.19124621152877808,0.12706775963306427,0.1301479935646057,0.30466148257255554,0.18693725764751434,-0.1269243359565735,-0.05083305388689041,0.11451631784439087,-0.02133333310484886,-0.18847399950027466,0.2115607112646103,-0.06913198530673981,-0.0029437243938446045,0.30360499024391174
wqp,wqp:21DELAWQ_WQX-301021,test,2023-06,2023-07,0.5346857905387878,0.6278492212295532,0.10362061113119125,0.5,0.7614841461181641,0.18432453274726868,0.8074104189872742,0.8410308957099915,0.3210310637950897,0.28612568974494934,0.25315722823143005,0.10151874274015427,0.30000001192092896,0.19203698635101318,0.12259157747030258,0.1770358383655548,0.288760244846344,0.1793418824672699,-0.08242114633321762,0.008820123970508575,0.10384237766265869,-0.2911111116409302,-0.05423888564109802,0.19506029784679413,-0.16234028339385986,-0.025955170392990112,0.28432831168174744
wqp,wqp:21DELAWQ_WQX-301021,test,2023-07,2023-08,0.48863184452056885,0.5636881589889526,0.09329484403133392,0.41499999165534973,0.5869251489639282,0.18164536356925964,0.4410000145435333,0.828170120716095,0.31220436096191406,0.295452743768692,0.28612568974494934,0.09384725987911224,0.38600000739097595,0.2819770574569702,0.11463708430528641,0.27639999985694885,0.30903252959251404,0.17419561743736267,-0.046053919941186905,0.031212568283081055,0.09261459857225418,-0.08500000089406967,0.12058791518211365,0.1823044866323471,-0.36641040444374084,-0.052437230944633484,0.27556630969047546
wqp,wqp:21DELAWQ_WQX-301021,test,2023-08,2023-09,0.4921087324619293,0.5209066867828369,0.08670064806938171,0.6483333110809326,0.486295610666275,0.1768651157617569,0.44999998807907104,0.873172402381897,0.32238492369651794,0.2968434989452362,0.295452743768692,0.0903422087430954,0.3606666624546051,0.3564310371875763,0.11273404955863953,0.2800000011920929,0.26671868562698364,0.1721636950969696,0.0034768665209412575,0.0224287249147892,0.0887833684682846,0.23333333432674408,0.13067147135734558,0.18043024837970734,0.008999999612569809,-0.0703270435333252,0.2725675106048584
wqp,wqp:21DELAWQ_WQX-301021,test,2023-09,2023-10,0.5685227513313293,0.5102915167808533,0.08682333678007126,0.7900000214576721,0.6091291904449463,0.1787594109773636,0.0803571417927742,0.7736891508102417,0.3300309181213379,0.27259090542793274,0.2968434989452362,0.09225617349147797,0.30399999022483826,0.343205988407135,0.11470789462327957,0.13214285671710968,0.24314811825752258,0.1724662035703659,0.07641400396823883,0.004701004363596439,0.09449596703052521,0.14166666567325592,-0.03432990610599518,0.18536482751369476,-0.36964285373687744,-0.12392124533653259,0.27626287937164307
wqp,wqp:21DELAWQ_WQX-301021,test,2023-10,2023-11,0.6289017200469971,0.5503829121589661,0.08768866956233978,0.8399999737739563,0.7674469947814941,0.19063939154148102,0.0030225554946810007,0.1673690527677536,0.3189794421195984,0.24843931198120117,0.27259090542793274,0.0931817889213562,0.164000004529953,0.29994577169418335,0.11029241979122162,0.10120902210474014,0.3036692440509796,0.1701192557811737,0.06037899851799011,-0.032644785940647125,0.09727533906698227,0.05000000074505806,-0.03339122235774994,0.18331366777420044,-0.07733459025621414,-0.07396882772445679,0.29902851581573486
wqp,wqp:21DELAWQ_WQX-301021,test,2023-11,2023-12,0.6991392970085144,0.6071775555610657,0.09467224776744843,0.9150000214576721,0.8372849822044373,0.1876033991575241,0.16599750518798828,0.03827783837914467,0.33919835090637207,0.30367761850357056,0.24843931198120117,0.10078582167625427,0.15066666901111603,0.1789211630821228,0.11727286130189896,0.2122323364019394,0.2648152709007263,0.17531707882881165,0.07023759931325912,-0.02998097985982895,0.09923426061868668,0.07500000298023224,-0.016353685408830643,0.18843668699264526,0.16297495365142822,0.015522465109825134,0.30278608202934265
wqp,wqp:21DELAWQ_WQX-301021,test,2023-12,2024-01,0.6414826512336731,0.6654537320137024,0.10005029290914536,0.5740000009536743,0.883878767490387,0.1897752285003662,0.0,0.06536328792572021,0.3373790979385376,0.24340693652629852,0.30367761850357056,0.10404717922210693,0.2703999876976013,0.1661624014377594,0.12072069942951202,0.10000000149011612,0.2822015881538391,0.17708469927310944,-0.0576566718518734,-0.039732158184051514,0.10347931832075119,-0.3409999907016754,-0.08263242244720459,0.1944773942232132,-0.16599750518798828,0.08547182381153107,0.3058088719844818
wqp,wqp:21DELAWQ_WQX-301021,test,2024-01,2024-02,0.6414826512336731,0.6439715623855591,0.09976048022508621,0.8270000219345093,0.6796277165412903,0.18547581136226654,0.0,0.18822208046913147,0.34069833159446716,0.24340693652629852,0.24340693652629852,0.10154474526643753,0.16920000314712524,0.25424492359161377,0.11694008111953735,0.10000000149011612,0.28697577118873596,0.176764577627182,0.0,0.02003796026110649,0.09450218826532364,0.2529999911785126,0.12579935789108276,0.18445685505867004,0.0,0.10115346312522888,0.3021373450756073
wqp,wqp:21DELAWQ_WQX-301021,test,2024-02,2024-03,0.6533052325248718,0.6439117789268494,0.10274757444858551,0.8320000171661377,0.769855260848999,0.19112569093704224,0.0,0.25813475251197815,0.33771753311157227,0.23867791891098022,0.24340693652629852,0.1050037369132042,0.1671999990940094,0.1759435534477234,0.11881668865680695,0.10000000149011612,0.28815990686416626,0.17784172296524048,0.011822563596069813,-0.007727228105068207,0.10545231401920319,0.004999999888241291,-0.07818228006362915,0.19493968784809113,0.0,0.18221114575862885,0.31972330808639526
wqp,wqp:21DELAWQ_WQX-301021,test,2024-03,2024-04,0.7286028265953064,0.6440705060958862,0.10882953554391861,0.781333327293396,0.8132946491241455,0.19240693747997284,0.32335713505744934,0.2855693995952606,0.34920746088027954,0.2085588574409485,0.23867791891098022,0.10829941183328629,0.18746666610240936,0.1726788431406021,0.1175580695271492,0.22934286296367645,0.32011860609054565,0.1808728724718094,0.07529763132333755,-0.01536730956286192,0.10558313131332397,-0.05066666752099991,-0.029971525073051453,0.195334330201149,0.32335713505744934,0.17905251681804657,0.3253820836544037
wqp,wqp:21DELAWQ_WQX-301021,test,2024-04,2024-05,0.689839243888855,0.7003849148750305,0.11304252594709396,0.8080000281333923,0.7808525562286377,0.18412625789642334,0.5454403162002563,0.7463580965995789,0.36743468046188354,0.30739763379096985,0.2085588574409485,0.1093580350279808,0.1934666633605957,0.17823556065559387,0.1259794533252716,0.32765722274780273,0.4140840768814087,0.1868409514427185,-0.038763612508773804,-0.039354100823402405,0.10463182628154755,0.02666666731238365,-0.023027315735816956,0.203300341963768,0.22208315134048462,0.09390819072723389,0.30467987060546875
wqp,wqp:21DELAWQ_WQX-301021,test,2024-05,2024-06,0.6570184826850891,0.6820865869522095,0.1110927015542984,0.800000011920929,0.7712083458900452,0.18493719398975372,0.44999998807907104,0.8749402761459351,0.332277774810791,0.23719261586666107,0.30739763379096985,0.10593313723802567,0.18000000715255737,0.19627678394317627,0.12458533048629761,0.2800000011920929,0.3075930178165436,0.18479329347610474,-0.03282076120376587,-0.015020199120044708,0.108920618891716,-0.00800000037997961,-0.07222181558609009,0.20073722302913666,-0.09544029086828232,-0.0195331871509552,0.29460471868515015
wqp,wqp:21DELAWQ_WQX-303051,test,2024-01,2024-02,0.7544551491737366,0.6385775804519653,0.1015656441450119,0.6851111054420471,0.60276198387146,0.18770626187324524,0.3483560383319855,0.22007091343402863,0.3440798819065094,0.1982179433107376,0.2449912279844284,0.10309705138206482,0.2259555608034134,0.27536454796791077,0.1183328628540039,0.23934240639209747,0.2839616537094116,0.17858366668224335,0.116933174431324,0.014995310455560684,0.09590199589729309,0.19288888573646545,0.1368352472782135,0.18735724687576294,-0.0915834978222847,0.10425408184528351,0.3063952922821045
wqp,wqp:21DELAWQ_WQX-303051,test,2024-02,2024-03,0.7031466960906982,0.719399094581604,0.10396458208560944,0.5646666884422302,0.6638335585594177,0.19321762025356293,0.4584623873233795,0.3145958483219147,0.34405750036239624,0.218741312623024,0.1982179433107376,0.10532961785793304,0.2741333246231079,0.22429709136486053,0.11818467825651169,0.28338494896888733,0.2858888506889343,0.17795300483703613,-0.05130841210484505,-0.05391540378332138,0.1045500636100769,-0.12044444680213928,-0.026967376470565796,0.19948090612888336,0.11010636389255524,0.1859797090291977,0.3220786154270172
wqp,wqp:21DELAWQ_WQX-303051,test,2024-03,2024-04,0.6495605111122131,0.7017089128494263,0.10850635170936584,0.8017777800559998,0.6118006110191345,0.190716952085495,0.7001269459724426,0.3558383882045746,0.35542455315589905,0.24017579853534698,0.218741312623024,0.10730073601007462,0.17928889393806458,0.2646547853946686,0.11589714139699936,0.21994923055171967,0.3154307007789612,0.18170543015003204,-0.053586214780807495,0.0010046549141407013,0.10133887082338333,0.23711110651493073,0.06744182109832764,0.19193437695503235,0.24166454374790192,0.16901956498622894,0.32445093989372253
wqp,wqp:21DELAWQ_WQX-303051,test,2024-04,2024-05,0.920708417892456,0.6710031032562256,0.11115490645170212,0.7982222437858582,0.7223256230354309,0.18849427998065948,0.9663273096084595,0.6029181480407715,0.35763558745384216,0.13171662390232086,0.24017579853534698,0.10756165534257889,0.18071110546588898,0.17196980118751526,0.12426767498254776,0.11346906423568726,0.4493390917778015,0.18618670105934143,0.2711479365825653,0.009135879576206207,0.10686046630144119,-0.003555555595085025,-0.11770312488079071,0.2000807821750641,0.26620039343833923,0.1320515275001526,0.3163314759731293
wqp,wqp:21DELAWQ_WQX-303051,test,2024-05,2024-06,0.684722363948822,0.8278621435165405,0.11405645310878754,0.7491111159324646,0.7590784430503845,0.1894923746585846,1.0,0.921079158782959,0.35157421231269836,0.2261110544204712,0.13171662390232086,0.10872489213943481,0.20035555958747864,0.18894286453723907,0.12633413076400757,0.10000000149011612,0.3092634081840515,0.18454883992671967,-0.23598606884479523,-0.12630966305732727,0.10935824364423752,-0.04911111295223236,-0.08689162135124207,0.21431002020835876,0.03367266803979874,0.015913784503936768,0.2989684045314789
wqp,wqp:21DELAWQ_WQX-303331,test,2023-06,2023-07,0.6052659153938293,0.7087215185165405,0.10899283736944199,0.6269999742507935,0.819554328918457,0.1889456957578659,1.0,0.838910698890686,0.323124498128891,0.3412269651889801,0.2984086573123932,0.10612103343009949,0.2658666670322418,0.17505696415901184,0.12478132545948029,0.1458333283662796,0.30684465169906616,0.18237146735191345,-0.10704579204320908,-0.004706142470240593,0.10913528501987457,-0.2529999911785126,-0.1189914345741272,0.20053179562091827,0.5182708501815796,-0.01659291982650757,0.2895280122756958
wqp,wqp:21DELAWQ_WQX-303331,test,2023-07,2023-08,0.5913681387901306,0.6341602802276611,0.09802675992250443,0.8640000224113464,0.6897832155227661,0.1841493546962738,0.7873081564903259,0.8464486002922058,0.313442587852478,0.3467860817909241,0.3412269651889801,0.09875226020812988,0.17106667160987854,0.2514362037181854,0.11778140813112259,0.230910062789917,0.3067905008792877,0.17681285738945007,-0.013897821307182312,0.0325152650475502,0.09771550446748734,0.2370000034570694,0.08121490478515625,0.18583932518959045,-0.21269184350967407,-0.05958077311515808,0.27739882469177246
wqp,wqp:21DELAWQ_WQX-303331,test,2023-08,2023-09,0.6699927449226379,0.6121817231178284,0.09411187469959259,0.8960000276565552,0.801216185092926,0.1855931282043457,0.6517166495323181,0.7956731915473938,0.3153276741504669,0.3153362274169922,0.3467860817909241,0.09969761967658997,0.15826666355133057,0.16942186653614044,0.11861544102430344,0.28514668345451355,0.3050983250141144,0.17550313472747803,0.07862462848424911,0.004765413701534271,0.10340803861618042,0.03200000151991844,-0.07360224425792694,0.19099566340446472,-0.1355915367603302,-0.06257343292236328,0.28215864300727844
wqp,wqp:21DELAWQ_WQX-303331,test,2023-09,2023-10,0.7246550917625427,0.649612545967102,0.09489714354276657,0.8640000224113464,0.8832335472106934,0.1853456348180771,0.1294405460357666,0.713411271572113,0.33054715394973755,0.2934712767601013,0.3153362274169922,0.10157302767038345,0.17106667160987854,0.15339331328868866,0.11834443360567093,0.1976095587015152,0.31208667159080505,0.1759932041168213,0.054662372916936874,-0.042078107595443726,0.10203774273395538,-0.03200000151991844,-0.011757630854845047,0.1917513757944107,-0.5222761034965515,-0.1256423443555832,0.27995356917381287
wqp,wqp:21DELAWQ_WQX-303331,test,2023-10,2023-11,0.7399906516075134,0.6936004757881165,0.09639068692922592,0.8560000061988831,0.9021607041358948,0.19804756343364716,0.0,0.0500243678689003,0.31822749972343445,0.287337064743042,0.2934712767601013,0.10336503386497498,0.17426666617393494,0.17119094729423523,0.1134277954697609,0.1458333283662796,0.30548468232154846,0.1759703904390335,0.015335552394390106,-0.04643573984503746,0.10519492626190186,-0.00800000037997961,0.033398982137441635,0.18748143315315247,-0.1294405460357666,-0.07946515083312988,0.3110451400279999
wqp,wqp:21DELAWQ_WQX-303331,test,2023-11,2023-12,0.7576143145561218,0.7248067855834961,0.1027374342083931,0.8640000224113464,0.8847844004631042,0.1905364841222763,0.0,0.049288176000118256,0.3474941551685333,0.19695428013801575,0.287337064743042,0.10900089144706726,0.15440000593662262,0.1793719381093979,0.12188027799129486,0.10000000149011612,0.2997635304927826,0.18160127103328705,0.017623616382479668,-0.032654374837875366,0.10464000701904297,0.00800000037997961,0.028240956366062164,0.192926287651062,0.0,0.04001374542713165,0.30866968631744385
wqp,wqp:21DELAWQ_WQX-308071,test,2022-12,2023-01,0.6698018908500671,0.71892249584198,0.10273155570030212,0.7200000286102295,0.8106181621551514,0.19096194207668304,0.0,0.09534221142530441,0.3400591015815735,0.2820792496204376,0.2593444287776947,0.10635598748922348,0.22866666316986084,0.191960871219635,0.12163471430540085,0.1458333283662796,0.2882887125015259,0.17946985363960266,-0.056836992502212524,-0.013427630998194218,0.104408398270607,-0.1054999977350235,-0.05299954116344452,0.19348201155662537,-0.28629595041275024,0.07312516868114471,0.308867484331131
wqp,wqp:21DELAWQ_WQX-308071,test,2023-01,2023-02,0.7524914145469666,0.6789368987083435,0.10254915058612823,0.8399999737739563,0.7483156323432922,0.18953342735767365,0.0,0.17515778541564941,0.33795762062072754,0.24900344014167786,0.2820792496204376,0.104780413210392,0.18066667020320892,0.21939781308174133,0.11950859427452087,0.1458333283662796,0.2929142415523529,0.17797456681728363,0.08268949389457703,0.014805890619754791,0.10070093721151352,0.11999999731779099,0.019675984978675842,0.1892501711845398,0.0,0.11747774481773376,0.3086492419242859
wqp,wqp:21DELAWQ_WQX-308071,test,2023-02,2023-03,0.7058360576629639,0.7249681949615479,0.10487998276948929,0.8479999899864197,0.8112722039222717,0.19294412434101105,0.2545904517173767,0.2561601400375366,0.340663343667984,0.2676655948162079,0.24900344014167786,0.10668548196554184,0.17746666073799133,0.18260745704174042,0.11851215362548828,0.247669517993927,0.3070042133331299,0.17752835154533386,-0.04665535315871239,-0.04396623373031616,0.10568436980247498,0.00800000037997961,-0.045904941856861115,0.19732505083084106,0.2545904517173767,0.18124136328697205,0.31972163915634155
wqp,wqp:21DELAWQ_WQX-308071,test,2023-03,2023-04,0.6642780900001526,0.7045471668243408,0.11079195141792297,0.5080000162124634,0.837906002998352,0.19279375672340393,0.12503571808338165,0.2801794111728668,0.34857410192489624,0.28428876399993896,0.2676655948162079,0.11072231829166412,0.3134666681289673,0.18105389177799225,0.118384450674057,0.19584761559963226,0.33799684047698975,0.18211689591407776,-0.04155796021223068,-0.0052019692957401276,0.1075390949845314,-0.3400000035762787,-0.01948278769850731,0.19456033408641815,-0.12955473363399506,0.17946214973926544,0.32647332549095154
wqp,wqp:21DELAWQ_WQX-308071,test,2023-04,2023-05,0.6557004451751709,0.6731018424034119,0.10837765038013458,0.7369999885559082,0.6169170141220093,0.18499323725700378,0.5033665299415588,0.5220222473144531,0.3593458831310272,0.28771981596946716,0.28428876399993896,0.10368750989437103,0.2218666672706604,0.2868097424507141,0.11804353445768356,0.34448671340942383,0.3928048312664032,0.18388517200946808,-0.008577616885304451,-0.0016030818223953247,0.09653249382972717,0.2290000021457672,0.1443941593170166,0.19024446606636047,0.378330796957016,0.131912499666214,0.3124691843986511
wqp,wqp:21DELAWQ_WQX-308071,test,2023-05,2023-06,0.6905444860458374,0.6622397303581238,0.10501942783594131,0.800000011920929,0.666122317314148,0.1882251650094986,0.9042851328849792,0.6082577109336853,0.33618658781051636,0.2737821936607361,0.28771981596946716,0.10056329518556595,0.1966666728258133,0.2188919484615326,0.12069505453109741,0.18411928415298462,0.42307180166244507,0.18198560178279877,0.03484402969479561,-0.011931682005524635,0.10346943140029907,0.06300000101327896,-0.1125454306602478,0.19803833961486816,0.4009186029434204,0.10828159749507904,0.3099589943885803
wqp,wqp:21DELAWQ_WQX-308071,test,2023-06,2023-07,0.6205219626426697,0.6734708547592163,0.10550250858068466,0.7480000257492065,0.7359750866889954,0.18586134910583496,1.0,0.8722894787788391,0.33553603291511536,0.3017912209033966,0.2737821936607361,0.10302525758743286,0.21746666729450226,0.20866183936595917,0.12428764253854752,0.1458333283662796,0.27975574135780334,0.18101118505001068,-0.07002255320549011,-0.020592276006937027,0.103739432990551,-0.052000001072883606,-0.1291186511516571,0.20129019021987915,0.09571488201618195,0.009961068630218506,0.28639522194862366
wqp,wqp:21DELAWQ_WQX-308071,test,2023-07,2023-08,0.6153305768966675,0.6339319944381714,0.09846661239862442,0.8435555696487427,0.7347797155380249,0.18556489050388336,0.9921826720237732,0.837593138217926,0.3118974268436432,0.30386778712272644,0.3017912209033966,0.0993235632777214,0.17924444377422333,0.21662281453609467,0.11843854188919067,0.14896026253700256,0.3034897446632385,0.17692770063877106,-0.0051913936622440815,0.02518414705991745,0.10138928890228271,0.09555555880069733,-0.03961106389760971,0.19024331867694855,-0.00781730655580759,-0.05229645222425461,0.2798793613910675
wqp,wqp:21DELAWQ_WQX-308071,test,2023-08,2023-09,0.6661521196365356,0.6258187890052795,0.09438030421733856,0.20800000429153442,0.8086987137794495,0.1848844438791275,0.7312721014022827,0.7922027707099915,0.31716471910476685,0.28353917598724365,0.30386778712272644,0.09943199157714844,0.1998666673898697,0.17722058296203613,0.11760939657688141,0.2533244788646698,0.3102698028087616,0.17536640167236328,0.05082153528928757,0.0010552997700870037,0.10154217481613159,-0.6355555653572083,-0.03852097690105438,0.18999379873275757,-0.2609105706214905,-0.07364100962877274,0.2795153558254242
wqp,wqp:21DELAWQ_WQX-308071,test,2023-09,2023-10,0.7131068110466003,0.6496663093566895,0.08798439055681229,0.6940000057220459,0.44536370038986206,0.18254970014095306,0.18260769546031952,0.6862180233001709,0.3361065983772278,0.26475727558135986,0.28353917598724365,0.09288440644741058,0.23906666040420532,0.1593426764011383,0.10949544608592987,0.2188764065504074,0.3932858407497406,0.17437051236629486,0.04695470258593559,-0.030374348163604736,0.08413677662611008,0.4860000014305115,0.3507295846939087,0.17818892002105713,-0.5486644506454468,-0.12152214348316193,0.2795996069908142
wqp,wqp:21DELAWQ_WQX-308071,test,2023-10,2023-11,0.7206263542175293,0.6993738412857056,0.09375972300767899,0.515999972820282,0.6394785046577454,0.19542096555233002,0.0,0.1902800053358078,0.3306405246257782,0.2617494761943817,0.26475727558135986,0.1003638431429863,0.3102666735649109,0.2533271908760071,0.11338724195957184,0.1458333283662796,0.2593156099319458,0.17780223488807678,0.007519533857703209,-0.050133418291807175,0.1055426150560379,-0.17800000309944153,-0.06492966413497925,0.19261577725410461,-0.18260769546031952,-0.019596397876739502,0.32060813903808594
wqp,wqp:21DELAWQ_WQX-308071,test,2023-11,2023-12,0.681079089641571,0.7056873440742493,0.10027921199798584,0.690666675567627,0.5924382209777832,0.1892484724521637,0.06791465729475021,0.15919096767902374,0.35924139618873596,0.27756837010383606,0.2617494761943817,0.10392552614212036,0.24040000140666962,0.2974071502685547,0.11764610558748245,0.17299920320510864,0.26109474897384644,0.18088293075561523,-0.03954725340008736,-0.01375398226082325,0.09624764323234558,0.17466667294502258,0.07906648516654968,0.18974921107292175,0.06791465729475021,0.028305577114224434,0.3065795600414276
wqp,wqp:21FLCBA_WQX-WAL-ALLEN-1,test,2022-12,2023-01,0.21523110568523407,0.26944053173065186,0.08615044504404068,0.8209599852561951,0.5538058280944824,0.17211133241653442,0.0,0.46890702843666077,0.35330477356910706,0.18609243631362915,0.2001502960920334,0.08892524987459183,0.17161600291728973,0.27783140540122986,0.12259548902511597,0.10000000149011612,0.29471802711486816,0.17345178127288818,-0.03514464199542999,0.03139466419816017,0.08500982075929642,0.30000001192092896,0.029658222571015358,0.18490637838840485,-0.27321428060531616,-0.01126176118850708,0.2749997675418854
wqp,wqp:21FLCBA_WQX-WAL-ALLEN-1,test,2023-01,2023-02,0.3478241562843323,0.2429480105638504,0.08727989345788956,0.5509600043296814,0.7113208174705505,0.18667547404766083,0.6222802996635437,0.10088491439819336,0.3088236451148987,0.2391296625137329,0.18609243631362915,0.09055906534194946,0.3046160042285919,0.1988837718963623,0.11413463205099106,0.25108787417411804,0.21149107813835144,0.16893886029720306,0.1325930505990982,0.04121103137731552,0.09776290506124496,-0.27000001072883606,-0.169885516166687,0.18396088480949402,0.6222802996635437,0.055711984634399414,0.30216047167778015
wqp,wqp:21FLCBA_WQX-WAL-ALLEN-1,test,2023-02,2023-03,0.2270536720752716,0.3292646110057831,0.08656781166791916,0.6032751798629761,0.6195743680000305,0.1694933921098709,0.5310732126235962,0.6213937997817993,0.3541908860206604,0.19082146883010864,0.2391296625137329,0.08767108619213104,0.2836899161338806,0.2891169488430023,0.11586081981658936,0.2875707149505615,0.32217514514923096,0.1675964891910553,-0.12077048420906067,0.008815012872219086,0.08140627294778824,0.05231520161032677,0.07869726419448853,0.18232817947864532,-0.09120707958936691,0.07643067836761475,0.27299627661705017
wqp,wqp:21FLCBA_WQX-WAL-ALLEN-1,test,2023-03,2023-04,0.23902715742588043,0.27379149198532104,0.08733338862657547,0.5404672026634216,0.5860704183578491,0.16733473539352417,0.4789752662181854,0.8024631142616272,0.33232998847961426,0.1956108659505844,0.19082146883010864,0.08664871752262115,0.28381311893463135,0.274888277053833,0.11547142267227173,0.2915900945663452,0.23145988583564758,0.17029771208763123,0.011973482556641102,0.06940785050392151,0.08841229230165482,-0.06280799955129623,-0.012328077107667923,0.1791793406009674,-0.052097950130701065,-0.03748062252998352,0.2744971811771393
wqp,wqp:21FLCBA_WQX-WAL-ALLEN-1,test,2023-04,2023-05,0.3854159116744995,0.2672715187072754,0.08491530269384384,0.828275203704834,0.5429871678352356,0.16807107627391815,0.9179957509040833,0.8360238075256348,0.3216386139392853,0.2541663646697998,0.1956108659505844,0.0822095051407814,0.16868992149829865,0.27349573373794556,0.11107129603624344,0.13280171155929565,0.2003631591796875,0.16578643023967743,0.14638875424861908,0.020718831568956375,0.08609811961650848,0.28780800104141235,0.06228543072938919,0.17824062705039978,0.4390204846858978,-0.07455836236476898,0.27217841148376465
wqp,wqp:21FLCBA_WQX-WAL-ALLEN-2,test,2022-12,2023-01,0.23483572900295258,0.29086223244667053,0.08614561706781387,0.7249600291252136,0.5315654277801514,0.17265425622463226,0.0,0.4665685296058655,0.3536109924316406,0.19393429160118103,0.207510307431221,0.08844366669654846,0.21001599729061127,0.2758278548717499,0.1210654228925705,0.10000000149011612,0.3050296902656555,0.17305614054203033,-0.03394004702568054,0.043559856712818146,0.0847550556063652,0.19180800020694733,-0.0272819884121418,0.1843884140253067,-0.25535714626312256,-0.011617481708526611,0.27633851766586304
wqp,wqp:21FLCBA_WQX-WAL-ALLEN-2,test,2023-01,2023-02,0.21523110568523407,0.26186710596084595,0.0862286314368248,0.4103440046310425,0.6447675824165344,0.18464623391628265,0.3343324065208435,0.1354186087846756,0.31230202317237854,0.18609243631362915,0.19393429160118103,0.08855395019054413,0.3841376006603241,0.22728563845157623,0.11225728690624237,0.23373295366764069,0.2020472288131714,0.16844037175178528,-0.019604619592428207,0.04048991948366165,0.09396453201770782,-0.31461599469184875,-0.12330998480319977,0.18199796974658966,0.3343324065208435,0.0526728630065918,0.3000308573246002
wqp,wqp:21FLCBA_WQX-WAL-ALLEN-2,test,2023-02,2023-03,0.26457729935646057,0.24442633986473083,0.08509516716003418,0.5209599733352661,0.4996454417705536,0.166265606880188,0.5316757559776306,0.6519961357116699,0.3551619052886963,0.20583093166351318,0.18609243631362915,0.08574095368385315,0.2916159927845001,0.35903745889663696,0.11600072681903839,0.28732970356941223,0.29359862208366394,0.16873790323734283,0.0493462048470974,0.06288449466228485,0.07862289994955063,0.11061599850654602,0.1136186420917511,0.17662960290908813,0.1973433643579483,0.054843127727508545,0.27098482847213745
wqp,wqp:21FLCBA_WQX-WAL-ALLEN-2,test,2023-03,2023-04,0.2232862114906311,0.2763500511646271,0.0818423479795456,0.5526592135429382,0.49843674898147583,0.16935016214847565,0.44999998807907104,0.7283120155334473,0.3280365467071533,0.18931448459625244,0.20583093166351318,0.08053375035524368,0.27893632650375366,0.27653107047080994,0.10999462008476257,0.2800000011920929,0.2588948905467987,0.1655496507883072,-0.04129109904170036,0.012263748794794083,0.08396658301353455,0.031699199229478836,-0.008005939424037933,0.17981989681720734,-0.08167576789855957,0.007442168891429901,0.27866169810295105
wqp,wqp:21FLCBA_WQX-WAL-ALLEN-2,test,2023-04,2023-05,0.38199111819267273,0.25763407349586487,0.08455558121204376,0.828275203704834,0.5236096382141113,0.166000097990036,0.9179957509040833,0.8514468669891357,0.3302108943462372,0.2527964413166046,0.18931448459625244,0.08265309780836105,0.16868992149829865,0.27969810366630554,0.1121087297797203,0.13280171155929565,0.19211608171463013,0.16682879626750946,0.15870492160320282,0.044728633016347885,0.0852176770567894,0.27561599016189575,0.000618714839220047,0.17834407091140747,0.4679957330226898,-0.0616115927696228,0.27168455719947815
wqp,wqp:21FLCBA_WQX-WAL-ALLEN-3,test,2022-12,2023-01,0.20671501755714417,0.2800360918045044,0.08729621022939682,0.5331519842147827,0.5356676578521729,0.1734522432088852,0.0,0.4976881146430969,0.3561108708381653,0.18268601596355438,0.20734377205371857,0.08989427238702774,0.28673920035362244,0.27684855461120605,0.12268087267875671,0.10000000149011612,0.28758764266967773,0.17356666922569275,-0.06164439022541046,0.03064589947462082,0.08591822534799576,0.0,-0.017877668142318726,0.18709847331047058,-0.28214284777641296,-0.013412773609161377,0.27599549293518066
wqp,wqp:21FLCBA_WQX-WAL-ALLEN-3,test,2023-01,2023-02,0.25281962752342224,0.2409481704235077,0.08549430221319199,0.4103440046310425,0.5235868692398071,0.1828812062740326,0.4392857253551483,0.1643703281879425,0.31422489881515503,0.20112785696983337,0.18268601596355438,0.08710504323244095,0.3841376006603241,0.2867639362812042,0.11056569963693619,0.27571427822113037,0.19791977107524872,0.16849136352539062,0.046104609966278076,0.054500363767147064,0.08996796607971191,-0.12280800193548203,-0.018045388162136078,0.17838585376739502,0.4392857253551483,0.03128737211227417,0.2972061038017273
wqp,wqp:21FLCBA_WQX-WAL-ALLEN-3,test,2023-02,2023-03,0.28026631474494934,0.26400941610336304,0.08750090003013611,0.4103440046310425,0.46122977137565613,0.1655769944190979,0.5735853910446167,0.8581175804138184,0.36427703499794006,0.21210652589797974,0.20112785696983337,0.08858557790517807,0.3841376006603241,0.36429306864738464,0.12046337127685547,0.27056583762168884,0.19310840964317322,0.1711794137954712,0.0274466834962368,0.03914017230272293,0.08205109089612961,0.0,0.06416750699281693,0.18431943655014038,0.13429968059062958,0.0407717227935791,0.26785245537757874
wqp,wqp:21FLCBA_WQX-WAL-ALLEN-3,test,2023-03,2023-04,0.29161491990089417,0.28953710198402405,0.08345726132392883,0.5526592135429382,0.4187963604927063,0.16785147786140442,0.4789752662181854,0.8919696807861328,0.32534581422805786,0.2166459709405899,0.21210652589797974,0.08132854104042053,0.27893632650375366,0.3622789680957794,0.11030403524637222,0.2915900945663452,0.18803931772708893,0.165801540017128,0.011348596774041653,0.015540365129709244,0.08470162004232407,0.14231519401073456,0.04879564791917801,0.17986294627189636,-0.09461013227701187,-0.06145422160625458,0.2721959352493286
wqp,wqp:21FLCBA_WQX-WAL-ALLEN-3,test,2023-04,2023-05,0.32016798853874207,0.30992844700813293,0.08284527063369751,0.6782752275466919,0.5053297281265259,0.16756798326969147,0.9042851328849792,0.8600770235061646,0.3187801241874695,0.22806718945503235,0.2166459709405899,0.08134876936674118,0.22868992388248444,0.2823334336280823,0.10966531932353973,0.13828594982624054,0.1935347318649292,0.16393959522247314,0.028553064912557602,0.02459809184074402,0.08669383078813553,0.12561599910259247,-0.001359507441520691,0.17876869440078735,0.4253098666667938,-0.07029108703136444,0.27344536781311035
wqp,wqp:21FLCBA_WQX-WAL-ALLIGATOR-1,test,2022-12,2023-01,0.12500056624412537,0.08104892820119858,0.04082861170172691,0.5,0.47490108013153076,0.1368347704410553,0.5,0.16351944208145142,0.29044249653816223,0.15000022947788239,0.11829503625631332,0.04077647998929024,0.8999999761581421,0.8468508720397949,0.08679678291082382,0.7749999761581421,0.36402425169944763,0.12456243485212326,0.07926297932863235,0.04209795966744423,0.04393693432211876,0.0,-0.03233235329389572,0.13689108192920685,0.0,-0.09654437005519867,0.2108873426914215
wqp,wqp:21FLCBA_WQX-WAL-ALLIGATOR-1,test,2023-01,2023-02,0.07557108253240585,0.1375439465045929,0.036877647042274475,0.7562860250473022,0.49046698212623596,0.13091091811656952,0.44999998807907104,0.1649649441242218,0.2795071005821228,0.1302284300327301,0.15000022947788239,0.036855846643447876,0.22248560190200806,0.8545108437538147,0.08192794024944305,0.2800000011920929,0.33891019225120544,0.11855169385671616,-0.04942948371171951,0.03216041624546051,0.04019995778799057,0.25628599524497986,-0.0113530233502388,0.13236407935619354,-0.05000000074505806,-0.05934256315231323,0.20252130925655365
wqp,wqp:21FLCBA_WQX-WAL-ALLIGATOR-1,test,2023-02,2023-03,0.018522726371884346,0.10202217102050781,0.04338975250720978,0.8208814263343811,0.6442917585372925,0.1340692639350891,0.3678571283817291,0.4942421317100525,0.2922249138355255,0.10740908980369568,0.1302284300327301,0.04576314613223076,0.17164742946624756,0.28087326884269714,0.09061826765537262,0.24714285135269165,-0.13092312216758728,0.12757384777069092,-0.057048358023166656,-0.006839662790298462,0.04988446459174156,0.06459542363882065,-0.09804099798202515,0.14454123377799988,-0.08214285969734192,-0.05118381977081299,0.2065793126821518
wqp,wqp:21FLCBA_WQX-WAL-ALLIGATOR-1,test,2023-03,2023-04,0.05102581903338432,0.055150121450424194,0.04700859636068344,0.8453440070152283,0.7272776365280151,0.14065875113010406,0.44999998807907104,0.3698630630970001,0.2800453007221222,0.12041033059358597,0.10740908980369568,0.048469576984643936,0.16186240315437317,0.22814470529556274,0.08816075325012207,0.2800000011920929,0.01542121171951294,0.13042889535427094,0.03250309079885483,0.05482926964759827,0.05510596185922623,0.02446257695555687,-0.0819983258843422,0.14369629323482513,0.08214285969734192,-0.10703282058238983,0.21806424856185913
wqp,wqp:21FLCBA_WQX-WAL-ALLIGATOR-1,test,2024-06,2024-07,0.17042414844036102,0.22691284120082855,0.07931119948625565,0.5160831809043884,0.525545597076416,0.17188097536563873,0.17249999940395355,0.6657893657684326,0.2980582118034363,0.16816966235637665,0.19088183343410492,0.07919078320264816,0.2935667335987091,0.30046510696411133,0.10762333124876022,0.16899999976158142,0.2888428568840027,0.1628618687391281,-0.05678044632077217,0.02156846970319748,0.08427387475967407,0.00652319984510541,0.04601867496967316,0.17599493265151978,-0.5497221946716309,-0.011389583349227905,0.2713790535926819
wqp,wqp:21FLCBA_WQX-WAL-ALLIGATOR-1,test,2024-07,2024-08,0.5,0.21248690783977509,0.07728994637727737,0.3568912148475647,0.509358823299408,0.17588698863983154,0.5050017833709717,0.46555307507514954,0.30232518911361694,0.7749999761581421,0.16816966235637665,0.07987534999847412,0.24275648593902588,0.2968643307685852,0.10555929690599442,0.2979992926120758,0.3298119604587555,0.1636836677789688,0.32957586646080017,0.06762354075908661,0.08181082457304001,-0.15919199585914612,-0.004901460837572813,0.17072759568691254,0.33250176906585693,0.04801839590072632,0.2761496901512146
wqp,wqp:21FLCBA_WQX-WAL-ALLIGATOR-2,test,2022-12,2023-01,0.03924641013145447,0.08209364116191864,0.041435811668634415,0.5,0.47379907965660095,0.13748452067375183,0.5,0.1718389093875885,0.2916981279850006,0.11569856107234955,0.12056002765893936,0.04139494150876999,0.8999999761581421,0.8477945923805237,0.08725694566965103,0.7749999761581421,0.37149614095687866,0.1253160983324051,-0.012153659015893936,0.04372481629252434,0.04445192217826843,0.0,-0.038687653839588165,0.13783478736877441,0.0,-0.09648923575878143,0.21205489337444305
wqp,wqp:21FLCBA_WQX-WAL-ALLIGATOR-2,test,2023-01,2023-02,0.0,0.07552671432495117,0.03719336912035942,0.6837171912193298,0.4843524098396301,0.1306862086057663,0.44999998807907104,0.1562018096446991,0.2794654369354248,0.10000000149011612,0.11569856107234955,0.037229131907224655,0.2265131175518036,0.8546448349952698,0.08274184167385101,0.2800000011920929,0.3412267565727234,0.11957759410142899,-0.03924641013145447,0.04730302467942238,0.04048232361674309,0.18371720612049103,-0.017116554081439972,0.13119344413280487,-0.05000000074505806,-0.059735700488090515,0.20247986912727356
wqp,wqp:21FLCBA_WQX-WAL-ALLIGATOR-2,test,2023-02,2023-03,0.035446591675281525,0.03316932171583176,0.0428774394094944,0.828275203704834,0.5940859913825989,0.133464515209198,0.44999998807907104,0.5031919479370117,0.29306846857070923,0.11417863517999649,0.10000000149011612,0.04501156508922577,0.16868992149829865,0.27759161591529846,0.0902278944849968,0.2800000011920929,-0.13874423503875732,0.12738467752933502,0.035446591675281525,-0.0037766024470329285,0.04882960394024849,0.14455799758434296,-0.06835423409938812,0.14341101050376892,0.0,-0.05833238363265991,0.20582102239131927
wqp,wqp:21FLCBA_WQX-WAL-ALLIGATOR-2,test,2023-03,2023-04,0.05102581903338432,0.04849435016512871,0.047570474445819855,0.8006752133369446,0.7201226949691772,0.14022216200828552,0.44999998807907104,0.4984039068222046,0.28389573097229004,0.12041033059358597,0.11417863517999649,0.04913046956062317,0.17972992360591888,0.2300150990486145,0.08992575854063034,0.2800000011920929,-0.04941648989915848,0.13088510930538177,0.015579227358102798,0.02803434431552887,0.056137073785066605,-0.02759999968111515,-0.09391336143016815,0.14810927212238312,0.0,-0.11954383552074432,0.21664465963840485
wqp,wqp:21FLCBA_WQX-WAL-ALLIGATOR-2,test,2024-06,2024-07,0.12886406481266022,0.2192971110343933,0.07889696210622787,0.46208319067955017,0.5279319882392883,0.17068222165107727,0.14249999821186066,0.6587286591529846,0.2969612181186676,0.15154562890529633,0.18032528460025787,0.07913080602884293,0.28483328223228455,0.30036288499832153,0.1076679602265358,0.15700000524520874,0.286857545375824,0.16298231482505798,-0.07194915413856506,0.04701211676001549,0.08415769785642624,-0.05598790943622589,0.03261476382613182,0.1738012582063675,-0.1875,-0.018897071480751038,0.2698991894721985
wqp,wqp:21FLCBA_WQX-WAL-ALLIGATOR-2,test,2024-07,2024-08,0.5,0.18129678070545197,0.07665569335222244,0.3988912105560303,0.47378188371658325,0.17620694637298584,0.5458251237869263,0.4281994104385376,0.3015606701374054,0.7749999761581421,0.15154562890529633,0.07914175093173981,0.25955647230148315,0.2873477637767792,0.10468779504299164,0.281669944524765,0.30500686168670654,0.16342824697494507,0.371135950088501,0.07165786623954773,0.08068453520536423,-0.06319200247526169,0.02817676216363907,0.16899462044239044,0.4033251404762268,0.04821711778640747,0.2768953740596771
wqp,wqp:21FLCBA_WQX-WAL-ALLIGATOR-3,test,2022-12,2023-01,0.06412391364574432,0.04802859574556351,0.04103254899382591,0.5,0.468845397233963,0.1367747187614441,0.5,0.16191089153289795,0.290677011013031,0.1256495714187622,0.10000000149011612,0.04097241908311844,0.8999999761581421,0.8479005098342896,0.08717720210552216,0.7749999761581421,0.3643870949745178,0.12511567771434784,0.06412391364574432,0.05375883728265762,0.04406115785241127,0.0,-0.040379323065280914,0.1363169550895691,0.0,-0.09885303676128387,0.2109636664390564
wqp,wqp:21FLCBA_WQX-WAL-ALLIGATOR-3,test,2023-01,2023-02,0.0,0.08589857816696167,0.03676554188132286,0.5249091982841492,0.4868370592594147,0.13074372708797455,0.44999998807907104,0.15807515382766724,0.2793940007686615,0.10000000149011612,0.1256495714187622,0.03670100122690201,0.29003632068634033,0.8535924553871155,0.0821492001414299,0.2800000011920929,0.3340482711791992,0.11864285171031952,-0.06412391364574432,0.03814404457807541,0.04011142626404762,0.02490920014679432,-0.013723067939281464,0.13194355368614197,-0.05000000074505806,-0.062158867716789246,0.20227955281734467
wqp,wqp:21FLCBA_WQX-WAL-ALLIGATOR-3,test,2023-02,2023-03,0.0,0.03275797516107559,0.04195200279355049,0.828275203704834,0.49238619208335876,0.1314353197813034,0.44999998807907104,0.5312268733978271,0.2941717207431793,0.10000000149011612,0.10000000149011612,0.043919675052165985,0.16868992149829865,0.3328024744987488,0.0887741968035698,0.2800000011920929,-0.14588776230812073,0.12665876746177673,0.0,0.0016468986868858337,0.046554259955883026,0.3033660054206848,-0.0033184047788381577,0.1401718407869339,0.0,-0.06544780731201172,0.20340104401111603
wqp,wqp:21FLCBA_WQX-WAL-ALLIGATOR-3,test,2023-03,2023-04,0.10330521315336227,0.02647418901324272,0.047159671783447266,0.7956863045692444,0.6840301156044006,0.14046873152256012,0.44999998807907104,0.5047633647918701,0.2831994295120239,0.1413220912218094,0.10000000149011612,0.04890866205096245,0.18172547221183777,0.23656773567199707,0.09033505618572235,0.2800000011920929,-0.06421684473752975,0.1312008500099182,0.10330521315336227,0.03912995010614395,0.05678046494722366,-0.032588887959718704,-0.13611462712287903,0.1486050933599472,0.0,-0.110446035861969,0.21793939173221588
wqp,wqp:21FLCBA_WQX-WAL-ALLIGATOR-3,test,2024-06,2024-07,0.26628488302230835,0.12490962445735931,0.07939872145652771,0.4590831995010376,0.5227208137512207,0.17094852030277252,0.30000001192092896,0.6140272617340088,0.2963865101337433,0.20651395618915558,0.128819540143013,0.07953976839780807,0.283633291721344,0.2988298833370209,0.1090044304728508,0.4124999940395355,0.29458481073379517,0.16447186470031738,0.19423605501651764,0.08794955909252167,0.0846179947257042,-0.061876799911260605,0.019117780029773712,0.17193910479545593,-0.014999999664723873,-0.030246376991271973,0.2706689238548279
wqp,wqp:21FLCBA_WQX-WAL-ALLIGATOR-3,test,2024-07,2024-08,0.5,0.24403320252895355,0.07634227722883224,0.25189119577407837,0.48199552297592163,0.1785018891096115,0.36500000953674316,0.4545246958732605,0.30474597215652466,0.7749999761581421,0.20651395618915558,0.0779784768819809,0.2007564753293991,0.28477704524993896,0.10356687009334564,0.2460000067949295,0.2890586853027344,0.16163262724876404,0.23371511697769165,-0.022648528218269348,0.08015620708465576,-0.20719200372695923,0.05562702938914299,0.17601686716079712,0.06499999761581421,0.07875692844390869,0.27907633781433105
wqp,wqp:21FLCBA_WQX-WAL-ALLIGATOR-4,test,2022-12,2023-01,0.19996951520442963,0.07166747748851776,0.041274212300777435,0.5,0.47005969285964966,0.13719499111175537,0.5,0.17355361580848694,0.29182273149490356,0.1799878031015396,0.11585737764835358,0.04123825952410698,0.8999999761581421,0.8502081036567688,0.08705436438322067,0.7749999761581421,0.3685632348060608,0.12522061169147491,0.1603260636329651,0.04822840541601181,0.04422692209482193,0.0,-0.045076899230480194,0.1375567764043808,0.0,-0.09835048019886017,0.21155674755573273
wqp,wqp:21FLCBA_WQX-WAL-ALLIGATOR-4,test,2023-01,2023-02,0.032555535435676575,0.1907544583082199,0.03710835427045822,0.3081519901752472,0.49315354228019714,0.13166792690753937,0.44999998807907104,0.1818942129611969,0.28057393431663513,0.11302221566438675,0.1799878031015396,0.03695211187005043,0.2232608050107956,0.8545494675636292,0.08160125464200974,0.2800000011920929,0.3414066731929779,0.11838933825492859,-0.16741397976875305,0.019063234329223633,0.04039905592799187,-0.1918479949235916,-0.01046103984117508,0.13422656059265137,-0.05000000074505806,-0.057712554931640625,0.20349183678627014
wqp,wqp:21FLCBA_WQX-WAL-ALLIGATOR-4,test,2023-02,2023-03,0.06545843929052353,0.07847601175308228,0.04223470017313957,0.8087679743766785,0.3465481698513031,0.13052502274513245,0.4789752662181854,0.5908696055412292,0.29808175563812256,0.1261833757162094,0.11302221566438675,0.04436000436544418,0.17649279534816742,0.26690900325775146,0.08834250271320343,0.2915900945663452,-0.13373494148254395,0.12819038331508636,0.032902903854846954,0.015770256519317627,0.04508426412940025,0.5006160140037537,0.07570512592792511,0.13682222366333008,0.028975259512662888,-0.07430064678192139,0.20301435887813568
wqp,wqp:21FLCBA_WQX-WAL-ALLIGATOR-4,test,2023-03,2023-04,0.2667686641216278,0.08553694933652878,0.04765346646308899,0.5668054223060608,0.6277450323104858,0.14263229072093964,0.44999998807907104,0.5556439757347107,0.28483089804649353,0.20670746266841888,0.1261833757162094,0.04947003349661827,0.27327781915664673,0.2475467026233673,0.09093435853719711,0.2800000011920929,-0.07458580285310745,0.1321110725402832,0.20131021738052368,0.020749732851982117,0.05838034674525261,-0.24196258187294006,-0.17407357692718506,0.15224938094615936,-0.028975259512662888,-0.08986898511648178,0.22250576317310333
wqp,wqp:21FLCBA_WQX-WAL-ALLIGATOR-4,test,2024-06,2024-07,0.05871463194489479,0.20347383618354797,0.07846920937299728,0.378083199262619,0.397713840007782,0.17547707259655,0.019999999552965164,0.6121497750282288,0.2969319224357605,0.12348585575819016,0.17078806459903717,0.07860776036977768,0.2512332797050476,0.2971054017543793,0.10626937448978424,0.1080000028014183,0.3503762483596802,0.16419550776481628,-0.11825554072856903,0.05940626189112663,0.08555237948894501,-0.07687679678201675,-0.05884496867656708,0.17553067207336426,-0.4911110997200012,0.014412134885787964,0.2832541763782501
wqp,wqp:21FLCBA_WQX-WAL-ALLIGATOR-4,test,2024-07,2024-08,0.5,0.1254158765077591,0.08076564222574234,0.20389120280742645,0.38092902302742004,0.1815941333770752,0.33500000834465027,0.3252987563610077,0.3125157654285431,0.7749999761581421,0.12348585575819016,0.08323069661855698,0.18155647814273834,0.2661934792995453,0.10551013052463531,0.23399999737739563,0.22028961777687073,0.1684587448835373,0.4412853717803955,0.08613742887973785,0.08282972872257233,-0.17419199645519257,0.011505141854286194,0.171352818608284,0.3149999976158142,0.08414903283119202,0.2911475896835327
wqp,wqp:21FLCBA_WQX-WAL-BIGREDF-1,test,2023-05,2023-06,0.05000000074505806,0.09745762497186661,0.08137968927621841,0.6400539875030518,0.6264457702636719,0.16700781881809235,0.2574999928474426,0.7370397448539734,0.3064510226249695,0.11999999731779099,0.1261833757162094,0.07992316782474518,0.24397839605808258,0.2537544071674347,0.11213214695453644,0.2029999941587448,0.185082346200943,0.16362035274505615,-0.01545843854546547,0.04182162135839462,0.08635404706001282,-0.0037805333267897367,0.02151246927678585,0.17640537023544312,-0.19249999523162842,-0.07893843948841095,0.2653692662715912
wqp,wqp:21FLCBA_WQX-WAL-BIGREDF-1,test,2023-06,2023-07,0.10551545768976212,0.08944956213235855,0.0765412375330925,0.44989120960235596,0.613544762134552,0.1724163442850113,0.2875017821788788,0.4799763858318329,0.291652649641037,0.14220617711544037,0.11999999731779099,0.0769462138414383,0.27995648980140686,0.256372332572937,0.10699349641799927,0.215000718832016,0.32633957266807556,0.1605379432439804,0.05551545321941376,0.07039019465446472,0.08300935477018356,-0.190162792801857,-0.022489380091428757,0.17030036449432373,0.03000178001821041,-0.010885626077651978,0.2697829604148865
wqp,wqp:21FLCBA_WQX-WAL-BIGREDF-1,test,2023-07,2023-08,0.0,0.1286284476518631,0.07380854338407516,0.5629273056983948,0.5027510523796082,0.17203828692436218,0.23147526383399963,0.4640641510486603,0.30799567699432373,0.10000000149011612,0.14220617711544037,0.0758018046617508,0.27482905983924866,0.278468519449234,0.10456327348947525,0.19259010255336761,0.31022369861602783,0.16122522950172424,-0.10551545768976212,0.03690984100103378,0.0758712887763977,0.1130361333489418,0.07916755974292755,0.16885490715503693,-0.05602652207016945,0.04897557199001312,0.26801443099975586
wqp,wqp:21FLCBA_WQX-WAL-BIGREDF-1,test,2023-08,2023-09,0.0,0.07150621712207794,0.07619868218898773,0.6128439903259277,0.5272940397262573,0.17302489280700684,0.44999998807907104,0.4582540690898895,0.3232879340648651,0.10000000149011612,0.10000000149011612,0.08077513426542282,0.25486239790916443,0.27625614404678345,0.1092168390750885,0.2800000011920929,0.3277752101421356,0.16841983795166016,0.0,0.10403760522603989,0.08059722930192947,0.04991666600108147,-0.0737522765994072,0.17109337449073792,0.2185247391462326,0.028317606076598167,0.2736787497997284
wqp,wqp:21FLCBA_WQX-WAL-BIGREDF-1,test,2023-09,2023-10,0.035446591675281525,0.047621726989746094,0.08307146281003952,0.8701120018959045,0.5752652883529663,0.17215965688228607,0.44999998807907104,0.7104421854019165,0.3536066710948944,0.11417863517999649,0.10000000149011612,0.0880776196718216,0.15195520222187042,0.25139644742012024,0.11870614439249039,0.2800000011920929,0.17790700495243073,0.17506633698940277,0.035446591675281525,0.060784585773944855,0.08594023436307907,0.2572680115699768,-0.07039032876491547,0.1827130764722824,0.0,-0.11163729429244995,0.26545092463493347
wqp,wqp:21FLCBA_WQX-WAL-BIGREDF-2,test,2023-05,2023-06,0.09444444626569748,0.10732995718717575,0.08137065172195435,0.6063039898872375,0.6507652997970581,0.16632333397865295,0.23749999701976776,0.7193145751953125,0.3068327307701111,0.13777777552604675,0.13156068325042725,0.07931765168905258,0.25747838616371155,0.2581738233566284,0.11149661242961884,0.19499999284744263,0.1865345537662506,0.16295212507247925,0.015542722307145596,0.034105077385902405,0.08400939404964447,-0.005391333252191544,0.0977344661951065,0.17413191497325897,-0.21250000596046448,-0.08541162312030792,0.2616199553012848
wqp,wqp:21FLCBA_WQX-WAL-BIGREDF-2,test,2023-06,2023-07,0.035446591675281525,0.12246185541152954,0.07595845311880112,0.5209599733352661,0.5999192595481873,0.17230316996574402,0.3179708421230316,0.47212567925453186,0.29062163829803467,0.11417863517999649,0.13777777552604675,0.07642878592014313,0.2916159927845001,0.26554542779922485,0.1060258150100708,0.2271883338689804,0.3422907590866089,0.16014602780342102,-0.058997854590415955,0.05474548041820526,0.08239000290632248,-0.08534400165081024,0.008977118879556656,0.17040884494781494,0.08047083765268326,0.0010358989238739014,0.27120646834373474
wqp,wqp:21FLCBA_WQX-WAL-BIGREDF-2,test,2023-07,2023-08,0.0,0.09390747547149658,0.07453808933496475,0.598035991191864,0.5352371335029602,0.1693372279405594,0.20250000059604645,0.5332818627357483,0.30977100133895874,0.10000000149011612,0.11417863517999649,0.07690151780843735,0.26078560948371887,0.29250526428222656,0.10767409205436707,0.1809999942779541,0.3050253987312317,0.16248008608818054,-0.035446591675281525,0.08421732485294342,0.0770605131983757,0.0770760029554367,0.015215076506137848,0.16815185546875,-0.11547084152698517,0.02338448539376259,0.2632668912410736
wqp,wqp:21FLCBA_WQX-WAL-BIGREDF-2,test,2023-08,2023-09,0.0717495009303093,0.058916401118040085,0.07471128553152084,0.5837860107421875,0.5606001019477844,0.1744171679019928,0.44999998807907104,0.4284444749355316,0.3156297504901886,0.12869979441165924,0.10000000149011612,0.07864727079868317,0.2664856016635895,0.25955772399902344,0.1078726127743721,0.2800000011920929,0.321271151304245,0.16573172807693481,0.0717495009303093,0.0786207914352417,0.08023852109909058,-0.01425000000745058,-0.06722992658615112,0.17120908200740814,0.2475000023841858,0.018170326948165894,0.2723003923892975
wqp,wqp:21FLCBA_WQX-WAL-BIGREDF-2,test,2023-09,2023-10,0.05102581903338432,0.09100380539894104,0.08109980821609497,0.7655730843544006,0.5765863060951233,0.17073696851730347,0.44999998807907104,0.716946005821228,0.3530949652194977,0.12041033059358597,0.12869979441165924,0.08649925887584686,0.19377075135707855,0.26379773020744324,0.1168605387210846,0.2800000011920929,0.1783791184425354,0.17248353362083435,-0.02072368562221527,0.03254830837249756,0.08364676684141159,0.18178711831569672,-0.023670587688684464,0.18214990198612213,0.0,-0.10591369867324829,0.2630091905593872
wqp,wqp:21FLCBA_WQX-WAL-BIGREDF-3,test,2023-05,2023-06,0.11733801662921906,0.048130858689546585,0.08594723790884018,0.5757279992103577,0.7936040759086609,0.16992144286632538,0.23749999701976776,0.6697834730148315,0.3052214980125427,0.14693520963191986,0.10000000149011612,0.08425316214561462,0.2697088122367859,0.18742753565311432,0.11613848060369492,0.19499999284744263,0.2106882631778717,0.166891410946846,0.11733801662921906,0.06020999699831009,0.09127307683229446,-0.24975720047950745,-0.007999520748853683,0.17850853502750397,-0.21250000596046448,-0.08969124406576157,0.2677992582321167
wqp,wqp:21FLCBA_WQX-WAL-BIGREDF-3,test,2023-06,2023-07,0.035446591675281525,0.11822864413261414,0.07832235842943192,0.5209599733352661,0.6344952583312988,0.17397566139698029,0.29499998688697815,0.47767961025238037,0.29475829005241394,0.11417863517999649,0.14693520963191986,0.07786500453948975,0.2916159927845001,0.26740261912345886,0.10648312419652939,0.21799999475479126,0.3511080741882324,0.16152794659137726,-0.08189142495393753,0.020566783845424652,0.0815853625535965,-0.054767999798059464,0.09346246719360352,0.17266562581062317,0.057500001043081284,-0.009101539850234985,0.270770400762558
wqp,wqp:21FLCBA_WQX-WAL-BIGREDF-3,test,2023-07,2023-08,0.0,0.09507106244564056,0.07759048789739609,0.6306592226028442,0.5431170463562012,0.16980603337287903,0.21150000393390656,0.588275671005249,0.31241005659103394,0.10000000149011612,0.11417863517999649,0.08039086312055588,0.24773631989955902,0.29463431239128113,0.11050643771886826,0.18459999561309814,0.30158233642578125,0.1659957319498062,-0.035446591675281525,0.09183167666196823,0.08015935868024826,0.10969919711351395,0.02279152348637581,0.17095206677913666,-0.08349999785423279,0.0136861652135849,0.2657327950000763
wqp,wqp:21FLCBA_WQX-WAL-BIGREDF-3,test,2023-08,2023-09,0.0,0.06100763380527496,0.0767790824174881,0.6627172231674194,0.581092119216919,0.1769714653491974,0.44999998807907104,0.43388089537620544,0.31411466002464294,0.10000000149011612,0.10000000149011612,0.08077391982078552,0.23491312563419342,0.2455139309167862,0.10943223536014557,0.2800000011920929,0.33855676651000977,0.16719123721122742,0.0,0.08139601349830627,0.08301153779029846,0.032058000564575195,-0.08406352251768112,0.17337679862976074,0.23849999904632568,0.013174086809158325,0.2748996615409851
wqp,wqp:21FLCBA_WQX-WAL-BIGREDF-3,test,2023-09,2023-10,0.0,0.04532964900135994,0.08327087014913559,0.7797459959983826,0.6313822865486145,0.17224369943141937,0.44999998807907104,0.6797611713409424,0.3510236442089081,0.10000000149011612,0.10000000149011612,0.08925027400255203,0.1881016045808792,0.23597389459609985,0.11950865387916565,0.2800000011920929,0.19051828980445862,0.1744956076145172,0.0,0.06395644694566727,0.08679906278848648,0.11702880263328552,-0.055473119020462036,0.1821097880601883,0.0,-0.11623972654342651,0.2650672197341919
wqp,wqp:21FLCBA_WQX-WAL-CAMPBELL-1,test,2022-12,2023-01,0.0,0.04110539332032204,0.08016975969076157,0.6794559955596924,0.6589175462722778,0.1672806739807129,0.0357142873108387,0.45422104001045227,0.33670440316200256,0.10000000149011612,0.10000000149011612,0.08397018164396286,0.22821760177612305,0.24546709656715393,0.12136939913034439,0.11428571492433548,0.2133650928735733,0.1669977754354477,0.0,0.07418356090784073,0.08267922699451447,0.024383999407291412,-0.0036113113164901733,0.17792510986328125,-0.31607142090797424,-0.10074558854103088,0.2619590163230896
wqp,wqp:21FLCBA_WQX-WAL-CAMPBELL-1,test,2023-01,2023-02,0.0,0.03591332584619522,0.07836484909057617,0.532263994216919,0.6521332859992981,0.17767728865146637,0.2232142835855484,0.09978565573692322,0.30165475606918335,0.10000000149011612,0.10000000149011612,0.08114202320575714,0.40709438920021057,0.2422918677330017,0.10916304588317871,0.18928571045398712,0.20438045263290405,0.16212564706802368,0.0,0.06276581436395645,0.08660144358873367,-0.14719200134277344,-0.031939201056957245,0.1733812689781189,0.1875,-0.0007533431053161621,0.28463083505630493
wqp,wqp:21FLCBA_WQX-WAL-CAMPBELL-1,test,2023-02,2023-03,0.5,0.04466213658452034,0.07703197002410889,0.699999988079071,0.5721633434295654,0.1636924296617508,0.2517857253551483,0.43555524945259094,0.33624908328056335,0.7749999761581421,0.10000000149011612,0.0787363350391388,0.2199999988079071,0.386545330286026,0.11251188814640045,0.20071429014205933,0.3140995502471924,0.16174539923667908,0.5,0.0788273885846138,0.07580425590276718,0.1677359938621521,0.06718823313713074,0.17027825117111206,0.02857142873108387,0.05589699745178223,0.26756998896598816
wqp,wqp:21FLCBA_WQX-WAL-CAMPBELL-1,test,2023-03,2023-04,0.0,0.37329456210136414,0.07421087473630905,0.699999988079071,0.6605646014213562,0.17153790593147278,0.38035714626312256,0.6045845746994019,0.3266397714614868,0.10000000149011612,0.7749999761581421,0.07400538772344589,0.2199999988079071,0.21850645542144775,0.1035630851984024,0.25214284658432007,0.28168824315071106,0.15515707433223724,-0.5,-0.1356053352355957,0.07745266705751419,0.0,-0.022423088550567627,0.18550938367843628,0.12857143580913544,0.14584589004516602,0.27652889490127563
wqp,wqp:21FLCBA_WQX-WAL-CAMPBELL-1,test,2023-04,2023-05,0.0,0.1405341625213623,0.08700135350227356,0.699999988079071,0.6483205556869507,0.164302796125412,0.44999998807907104,0.639316737651825,0.32977983355522156,0.10000000149011612,0.10000000149011612,0.08690623939037323,0.24500000476837158,0.25252100825309753,0.11694655567407608,0.2800000011920929,0.2671833634376526,0.172837033867836,0.0,0.21976077556610107,0.08700612932443619,0.0,-0.0898100957274437,0.16695745289325714,0.06964285671710968,-0.04906800389289856,0.2715601623058319
wqp,wqp:21FLCBA_WQX-WAL-CAMPBELL-1,test,2023-05,2023-06,0.0,0.07207223027944565,0.08188794553279877,0.699999988079071,0.637801468372345,0.16809584200382233,0.44999998807907104,0.7124556303024292,0.31027740240097046,0.10000000149011612,0.10000000149011612,0.07787144184112549,0.2199999988079071,0.24704043567180634,0.11402387917041779,0.2800000011920929,0.14829511940479279,0.16485176980495453,0.0,0.049887754023075104,0.08557067066431046,0.0,-0.04522351175546646,0.1767442673444748,0.0,-0.0671733170747757,0.2644207775592804
wqp,wqp:21FLCBA_WQX-WAL-CAMPBELL-1,test,2023-06,2023-07,0.0,0.04467151314020157,0.07940058410167694,0.9340000152587891,0.6530113220214844,0.1686222106218338,0.36000001430511475,0.7071162462234497,0.2997701168060303,0.10000000149011612,0.10000000149011612,0.07910020649433136,0.12639999389648438,0.2427167296409607,0.11281229555606842,0.24400000274181366,0.1816139817237854,0.16340482234954834,0.0,0.0683080330491066,0.08541321754455566,0.23399999737739563,-0.04560146480798721,0.17544329166412354,-0.09000000357627869,-0.08279964327812195,0.26081424951553345
wqp,wqp:21FLCBA_WQX-WAL-CAMPBELL-1,test,2023-07,2023-08,0.0,0.046154994517564774,0.079045370221138,0.699999988079071,0.8077086806297302,0.17573752999305725,0.19750000536441803,0.5415726900100708,0.293195515871048,0.10000000149011612,0.10000000149011612,0.08254913240671158,0.2199999988079071,0.15638506412506104,0.11327024549245834,0.17900000512599945,0.2733296751976013,0.16394615173339844,0.0,0.08294398337602615,0.09067880362272263,-0.23399999737739563,-0.1709250509738922,0.1777580827474594,-0.16249999403953552,-0.038571953773498535,0.26743414998054504
wqp,wqp:21FLCBA_WQX-WAL-CAMPBELL-1,test,2023-08,2023-09,0.0,0.04258027300238609,0.07694296538829803,0.625,0.7330215573310852,0.17699064314365387,0.44999998807907104,0.3409488797187805,0.30827513337135315,0.10000000149011612,0.10000000149011612,0.08152943849563599,0.3700000047683716,0.2192424088716507,0.10839537531137466,0.2800000011920929,0.35869964957237244,0.16541577875614166,0.0,0.06876394897699356,0.08162076771259308,-0.07500000298023224,0.047777265310287476,0.17024044692516327,0.2524999976158142,-0.015880435705184937,0.2697409391403198
wqp,wqp:21FLCBA_WQX-WAL-CAMPBELL-1,test,2023-09,2023-10,0.0,0.040334589779376984,0.08161509037017822,0.691648006439209,0.6577327847480774,0.1680811047554016,0.44999998807907104,0.6651540994644165,0.3481805622577667,0.10000000149011612,0.10000000149011612,0.08765917271375656,0.22334079444408417,0.36096763610839844,0.11884966492652893,0.2800000011920929,0.19120381772518158,0.17323125898838043,0.0,0.06130252033472061,0.08449991792440414,0.06664799898862839,0.04409278184175491,0.1788855344057083,0.0,-0.10432708263397217,0.26130905747413635
wqp,wqp:21FLCBA_WQX-WAL-CAMPBELL-1,test,2023-10,2023-11,0.0,0.040737178176641464,0.08380967378616333,0.691648006439209,0.672397255897522,0.17390187084674835,0.2321428507566452,0.5747056007385254,0.3321826457977295,0.10000000149011612,0.10000000149011612,0.08882816880941391,0.24834080040454865,0.22448597848415375,0.11992385983467102,0.19285714626312256,0.18341988325119019,0.17362548410892487,0.0,0.06690923124551773,0.09162551909685135,0.0,-0.015470042824745178,0.18212245404720306,-0.21785713732242584,-0.21228410303592682,0.2681806683540344
wqp,wqp:21FLCBA_WQX-WAL-CAMPBELL-1,test,2023-11,2023-12,0.0,0.04343945533037186,0.0789351612329483,0.921999990940094,0.6904422044754028,0.17560172080993652,0.0,0.24226579070091248,0.31496402621269226,0.10000000149011612,0.10000000149011612,0.08342456072568893,0.13120000064373016,0.24378670752048492,0.11488089710474014,0.10000000149011612,0.3179643750190735,0.1660582721233368,0.0,0.08033064752817154,0.08665847033262253,0.2303519994020462,0.018429629504680634,0.17420658469200134,-0.2321428507566452,-0.16755405068397522,0.27402463555336
wqp,wqp:21FLCBA_WQX-WAL-CAMPBELL-1,test,2023-12,2024-01,0.5,0.03967349976301193,0.08289308100938797,0.6989632248878479,0.8352558016777039,0.18187130987644196,0.0,-0.06927265971899033,0.31039178371429443,0.7749999761581421,0.10000000149011612,0.08906083554029465,0.22041471302509308,0.16659608483314514,0.11650428920984268,0.10000000149011612,0.19721871614456177,0.16669069230556488,0.5,0.060635484755039215,0.09484584629535675,-0.22303679585456848,-0.11310885846614838,0.1789633184671402,0.0,-0.011848032474517822,0.2930511236190796
wqp,wqp:21FLCBA_WQX-WAL-CAMPBELL-1,test,2024-01,2024-02,0.007129555102437735,0.3691250681877136,0.083076611161232,0.6063039898872375,0.7634276747703552,0.17985574901103973,0.02321428619325161,0.15960605442523956,0.33454403281211853,0.10285182297229767,0.7749999761581421,0.08561716228723526,0.25747838616371155,0.2317010462284088,0.10847868025302887,0.10928571224212646,0.21219556033611298,0.16185979545116425,-0.4928704500198364,-0.12729769945144653,0.08319883048534393,-0.09265919774770737,0.08177807927131653,0.1886080503463745,0.02321428619325161,0.17926812171936035,0.2875327169895172
wqp,wqp:21FLCBA_WQX-WAL-CAMPBELL-1,test,2024-02,2024-03,0.12450291216373444,0.14402985572814941,0.09473872184753418,0.6063039898872375,0.6228100657463074,0.17609676718711853,0.2517857253551483,0.17803776264190674,0.33811649680137634,0.14980116486549377,0.10285182297229767,0.09864093363285065,0.25747838616371155,0.27173012495040894,0.11912024021148682,0.20071429014205933,0.290134459733963,0.1793217808008194,0.11737335473299026,0.2214871048927307,0.0929291695356369,0.0,-0.006504476070404053,0.1699979156255722,0.22857142984867096,0.09464973211288452,0.30069923400878906
wqp,wqp:21FLCBA_WQX-WAL-CAMPBELL-1,test,2024-03,2024-04,0.0,0.16118162870407104,0.08970802277326584,0.6063039898872375,0.586672306060791,0.1756303608417511,0.44999998807907104,0.5706897974014282,0.3515341281890869,0.10000000149011612,0.14980116486549377,0.08758357167243958,0.25747838616371155,0.22727341949939728,0.11834748089313507,0.2800000011920929,0.32243528962135315,0.17236658930778503,-0.12450291216373444,0.016123339533805847,0.0869809091091156,0.0,-0.006041690707206726,0.18626026809215546,0.19821429252624512,0.10123288631439209,0.28915372490882874
wqp,wqp:21FLCBA_WQX-WAL-CAMPBELL-1,test,2024-04,2024-05,0.012669574469327927,0.07032210379838943,0.09330654889345169,0.6550719738006592,0.573585033416748,0.17028310894966125,0.44999998807907104,0.8005059361457825,0.3418061137199402,0.10506782680749893,0.10000000149011612,0.09072861075401306,0.2379712015390396,0.25849688053131104,0.12183454632759094,0.2800000011920929,0.2167046070098877,0.17708346247673035,0.012669574469327927,0.09490807354450226,0.09201469272375107,0.048767998814582825,-0.04014131426811218,0.18320436775684357,0.0,-0.05668118596076965,0.279737263917923
wqp,wqp:21FLCBA_WQX-WAL-CAMPBELL-1,test,2024-05,2024-06,0.0,0.059202175587415695,0.0894457995891571,0.6672639846801758,0.5959500074386597,0.17437843978405,0.9666666388511658,0.7616556286811829,0.3137127161026001,0.10000000149011612,0.10506782680749893,0.08594445139169693,0.23309439420700073,0.2461542934179306,0.11798382550477982,0.3058333396911621,0.19716522097587585,0.1713499277830124,-0.012669574469327927,0.05893843248486519,0.09336651116609573,0.012191999703645706,-0.053554318845272064,0.18434040248394012,0.5166666507720947,-0.08676914870738983,0.27604371309280396
wqp,wqp:21FLCBA_WQX-WAL-CAMPBELL-1,test,2024-06,2024-07,0.0,0.04788122698664665,0.08569278568029404,0.5200899839401245,0.621691882610321,0.17415264248847961,0.2849999964237213,0.7206172347068787,0.3043660521507263,0.10000000149011612,0.10000000149011612,0.08501429855823517,0.4119639992713928,0.24848459661006927,0.11647079139947891,0.21400000154972076,0.21549177169799805,0.16863742470741272,0.0,0.0789395272731781,0.09087272733449936,-0.14717400074005127,-0.04541296884417534,0.18054629862308502,-0.6816666722297668,-0.07647760212421417,0.26937344670295715
wqp,wqp:21FLCBA_WQX-WAL-CAMPBELL-2,test,2022-12,2023-01,0.0,0.040853746235370636,0.08010292798280716,0.6623871922492981,0.6593213081359863,0.16719339787960052,0.03392857313156128,0.45622649788856506,0.3370976150035858,0.10000000149011612,0.10000000149011612,0.08393683284521103,0.23504512012004852,0.24646316468715668,0.12132710218429565,0.11357142776250839,0.21164745092391968,0.167020782828331,0.0,0.07509396225214005,0.08254969865083694,0.007315199822187424,-0.004088513553142548,0.1779726892709732,-0.31785714626312256,-0.09903490543365479,0.26177042722702026
wqp,wqp:21FLCBA_WQX-WAL-CAMPBELL-2,test,2023-01,2023-02,0.0,0.035979777574539185,0.07874713093042374,0.4469200074672699,0.6410423517227173,0.17787086963653564,0.18571428954601288,0.1036013588309288,0.302288293838501,0.10000000149011612,0.10000000149011612,0.08138333261013031,0.39876800775527954,0.24732626974582672,0.10921813547611237,0.17428570985794067,0.2036486566066742,0.16250953078269958,0.0,0.06267309933900833,0.08660365641117096,-0.2154671996831894,-0.023238729685544968,0.17358233034610748,0.1517857164144516,-0.0012794137001037598,0.2850979268550873
wqp,wqp:21FLCBA_WQX-WAL-CAMPBELL-2,test,2023-02,2023-03,0.0,0.04393063858151436,0.07726037502288818,0.691648006439209,0.5143731832504272,0.16443735361099243,0.2660714387893677,0.4138382375240326,0.33732539415359497,0.10000000149011612,0.10000000149011612,0.07892228662967682,0.22334079444408417,0.37872612476348877,0.11129284650087357,0.20642857253551483,0.2914102077484131,0.16226503252983093,0.0,0.07550988346338272,0.07524878531694412,0.2447279989719391,0.11360697448253632,0.16953997313976288,0.0803571417927742,0.06362390518188477,0.27053138613700867
wqp,wqp:21FLCBA_WQX-WAL-CAMPBELL-2,test,2023-03,2023-04,0.0,0.04462970048189163,0.07876012474298477,0.699999988079071,0.6044761538505554,0.16830486059188843,0.38749998807907104,0.5203123092651367,0.32794833183288574,0.10000000149011612,0.10000000149011612,0.07914339005947113,0.2199999988079071,0.22447499632835388,0.11203845590353012,0.2549999952316284,0.28588515520095825,0.1643298715353012,0.0,0.06303653866052628,0.0832500085234642,0.008352000266313553,-0.11706039309501648,0.17648664116859436,0.12142857164144516,0.04364810883998871,0.2773686945438385
wqp,wqp:21FLCBA_WQX-WAL-CAMPBELL-2,test,2023-04,2023-05,0.0,0.041579656302928925,0.08190836757421494,0.699999988079071,0.6439514756202698,0.16643111407756805,0.44999998807907104,0.6526903510093689,0.3282823860645294,0.10000000149011612,0.10000000149011612,0.08042815327644348,0.24500000476837158,0.22930634021759033,0.1134159043431282,0.2800000011920929,0.21435461938381195,0.16525278985500336,0.0,0.0592053160071373,0.083776094019413,0.0,-0.05916151776909828,0.17660538852214813,0.0625,-0.03659358620643616,0.26941409707069397
wqp,wqp:21FLCBA_WQX-WAL-CAMPBELL-2,test,2023-05,2023-06,0.0,0.03958075866103172,0.08184902369976044,0.699999988079071,0.6516469120979309,0.1666068732738495,0.44999998807907104,0.7076617479324341,0.3118863105773926,0.10000000149011612,0.10000000149011612,0.07972147315740585,0.2199999988079071,0.2624101936817169,0.11387728899717331,0.2800000011920929,0.17476949095726013,0.16507653892040253,0.0,0.06008083373308182,0.08598300069570541,0.0,-0.04683742672204971,0.17687289416790009,0.0,-0.0791236013174057,0.26361018419265747
wqp,wqp:21FLCBA_WQX-WAL-CAMPBELL-2,test,2023-06,2023-07,0.0,0.04124182462692261,0.07988380640745163,1.0,0.6559166312217712,0.16890926659107208,0.36000001430511475,0.7020081281661987,0.2993910610675812,0.10000000149011612,0.10000000149011612,0.07950546592473984,0.10000000149011612,0.24113582074642181,0.11291244626045227,0.24400000274181366,0.18112967908382416,0.16347149014472961,0.0,0.07135824114084244,0.08595910668373108,0.30000001192092896,-0.042373716831207275,0.17585547268390656,-0.09000000357627869,-0.07957836240530014,0.25987350940704346
wqp,wqp:21FLCBA_WQX-WAL-CAMPBELL-2,test,2023-07,2023-08,0.0,0.04608159512281418,0.07991175353527069,0.699999988079071,0.849236786365509,0.1767134666442871,0.20749999582767487,0.5261402130126953,0.2921065390110016,0.10000000149011612,0.10000000149011612,0.08374492079019547,0.2199999988079071,0.1351802796125412,0.11431998759508133,0.18299999833106995,0.2782531976699829,0.16433148086071014,0.0,0.08574841171503067,0.09289775788784027,-0.30000001192092896,-0.20645511150360107,0.17904295027256012,-0.1525000035762787,-0.03305211663246155,0.26874276995658875
wqp,wqp:21FLCBA_WQX-WAL-CAMPBELL-2,test,2023-08,2023-09,0.0,0.04214486852288246,0.07729119807481766,0.6794559955596924,0.7484763860702515,0.17680829763412476,0.44999998807907104,0.344228595495224,0.3088313043117523,0.10000000149011612,0.10000000149011612,0.08177094161510468,0.2532176077365875,0.2175138145685196,0.10873398929834366,0.2800000011920929,0.36833456158638,0.16545012593269348,0.0,0.06952355057001114,0.08124187588691711,-0.02054399996995926,0.06682261824607849,0.16984565556049347,0.24250000715255737,-0.021471261978149414,0.26806211471557617
wqp,wqp:21FLCBA_WQX-WAL-CAMPBELL-2,test,2023-09,2023-10,0.0,0.0418291799724102,0.08248509466648102,0.699999988079071,0.6944920420646667,0.16969838738441467,0.44999998807907104,0.6591637134552002,0.34694352746009827,0.10000000149011612,0.10000000149011612,0.08926470577716827,0.2199999988079071,0.253890722990036,0.11991256475448608,0.2800000011920929,0.20111584663391113,0.17438559234142303,0.0,0.061426497995853424,0.08662576973438263,0.02054399996995926,0.01917416602373123,0.1804042011499405,0.0,-0.10852426290512085,0.263334184885025
wqp,wqp:21FLCBA_WQX-WAL-CAMPBELL-2,test,2023-10,2023-11,0.0,0.04011647775769234,0.08459767699241638,0.7540000081062317,0.6911037564277649,0.17447064816951752,0.22857142984867096,0.569762110710144,0.3327813148498535,0.10000000149011612,0.10000000149011612,0.08977136015892029,0.19840000569820404,0.22078856825828552,0.12044758349657059,0.19142857193946838,0.19052231311798096,0.17411565780639648,0.0,0.06698296219110489,0.09201429784297943,0.05400000140070915,-0.0026302188634872437,0.18218055367469788,-0.22142857313156128,-0.21356020867824554,0.26843971014022827
wqp,wqp:21FLCBA_WQX-WAL-CAMPBELL-2,test,2023-11,2023-12,0.0,0.04398864880204201,0.08000502735376358,0.7210000157356262,0.7348631024360657,0.17715255916118622,0.0,0.22449639439582825,0.31431853771209717,0.10000000149011612,0.10000000149011612,0.08499512821435928,0.21160000562667847,0.19997026026248932,0.116197369992733,0.10000000149011612,0.3294631838798523,0.16702288389205933,0.0,0.08025190979242325,0.08897008001804352,-0.032999999821186066,-0.009988691657781601,0.17568139731884003,-0.22857142984867096,-0.16273564100265503,0.276226282119751
wqp,wqp:21FLCBA_WQX-WAL-CAMPBELL-2,test,2023-12,2024-01,0.5,0.03998567909002304,0.08142489194869995,0.7289631962776184,0.7256764769554138,0.1791062206029892,0.0,-0.03433132544159889,0.3142450153827667,0.7749999761581421,0.10000000149011612,0.0865011140704155,0.2084147185087204,0.2249574512243271,0.11399879306554794,0.10000000149011612,0.1871301829814911,0.1658206433057785,0.5,0.05948025733232498,0.0885804146528244,0.007963200099766254,0.02194485068321228,0.17453445494174957,0.0,-0.024601221084594727,0.2877941131591797
wqp,wqp:21FLCBA_WQX-WAL-CAMPBELL-2,test,2024-01,2024-02,0.09168582409620285,0.37138864398002625,0.08223273605108261,0.6063039898872375,0.7406550049781799,0.18115071952342987,0.02500000037252903,0.17594556510448456,0.3327891528606415,0.13667432963848114,0.7749999761581421,0.08528459072113037,0.25747838616371155,0.22652609646320343,0.10940061509609222,0.10999999940395355,0.1996452361345291,0.16167712211608887,-0.40831416845321655,-0.13633358478546143,0.08511708676815033,-0.12265919893980026,0.023505505174398422,0.19120286405086517,0.02500000037252903,0.19544748961925507,0.2918391227722168
wqp,wqp:21FLCBA_WQX-WAL-CAMPBELL-2,test,2024-02,2024-03,0.02072368562221527,0.1991559863090515,0.09344196319580078,0.6184960007667542,0.6269783973693848,0.1762506663799286,0.2696428596973419,0.19854164123535156,0.33904457092285156,0.10828947275876999,0.13667432963848114,0.09705910831689835,0.25260159373283386,0.26902711391448975,0.11697109043598175,0.207857146859169,0.28639134764671326,0.1768551617860794,-0.07096213847398758,0.18643081188201904,0.09111285954713821,0.012191999703645706,-0.002522006630897522,0.1709568351507187,0.24464285373687744,0.1076192706823349,0.2986573874950409
wqp,wqp:21FLCBA_WQX-WAL-CAMPBELL-2,test,2024-03,2024-04,0.0,0.10903586447238922,0.09104404598474503,0.6063039898872375,0.590742826461792,0.17365913093090057,0.44999998807907104,0.5743393301963806,0.35042187571525574,0.10000000149011612,0.10828947275876999,0.0892360657453537,0.25747838616371155,0.22366850078105927,0.12050893157720566,0.2800000011920929,0.3199833035469055,0.17511264979839325,-0.02072368562221527,0.08423807471990585,0.08816026896238327,-0.012191999703645706,-0.023830275982618332,0.18184718489646912,0.18035714328289032,0.07307109236717224,0.2877262532711029
wqp,wqp:21FLCBA_WQX-WAL-CAMPBELL-2,test,2024-04,2024-05,0.007829823531210423,0.05583897605538368,0.09136340767145157,0.6063039898872375,0.5739938616752625,0.17080743610858917,0.44999998807907104,0.7997344732284546,0.3395299017429352,0.10313192754983902,0.10000000149011612,0.08827992528676987,0.25747838616371155,0.2526358962059021,0.12050941586494446,0.2800000011920929,0.20331302285194397,0.17474371194839478,0.007829823531210423,0.05998203903436661,0.0907130092382431,0.0,-0.02928588166832924,0.18445302546024323,0.0,-0.05649101734161377,0.27883628010749817
wqp,wqp:21FLCBA_WQX-WAL-CAMPBELL-2,test,2024-05,2024-06,0.0,0.05002397298812866,0.08825238049030304,0.6550719738006592,0.5692901611328125,0.17278409004211426,0.4399999976158142,0.7698060870170593,0.31456613540649414,0.10000000149011612,0.10313192754983902,0.0851406529545784,0.2379712015390396,0.26486966013908386,0.11698664724826813,0.2759999930858612,0.1986345797777176,0.17068876326084137,-0.007829823531210423,0.06041507422924042,0.09147021174430847,0.048767998814582825,-0.02461477369070053,0.18265128135681152,-0.009999999776482582,-0.0916936993598938,0.27439457178115845
wqp,wqp:21FLCBA_WQX-WAL-CAMPBELL-2,test,2024-06,2024-07,0.0,0.04675387218594551,0.0850912407040596,0.5727711915969849,0.6033596992492676,0.1736762970685959,0.2874999940395355,0.7341808676719666,0.30423006415367126,0.10000000149011612,0.10000000149011612,0.08447618782520294,0.29589152336120605,0.25314801931381226,0.11617886275053024,0.2150000035762787,0.2071906477212906,0.1682094782590866,0.0,0.07739904522895813,0.09066419303417206,-0.08230079710483551,-0.05180346220731735,0.18071529269218445,-0.1525000035762787,-0.0754319280385971,0.26897120475769043
wqp,wqp:21FLCBA_WQX-WAL-CAMPBELL-3,test,2022-12,2023-01,0.0,0.04133730009198189,0.08016874641180038,0.6550719738006592,0.6729216575622559,0.16770751774311066,0.0357142873108387,0.43362298607826233,0.3358621597290039,0.10000000149011612,0.10000000149011612,0.08395783603191376,0.2379712015390396,0.23675112426280975,0.12121450901031494,0.11428571492433548,0.22208259999752045,0.16697651147842407,0.0,0.07463494688272476,0.08302988111972809,-0.024383999407291412,-0.01901523768901825,0.17816032469272614,-0.3035714328289032,-0.09755665063858032,0.2628609538078308
wqp,wqp:21FLCBA_WQX-WAL-CAMPBELL-3,test,2023-01,2023-02,0.0,0.03597625344991684,0.07817085087299347,0.4713039994239807,0.6409674286842346,0.17694559693336487,0.1517857164144516,0.10365644842386246,0.30309373140335083,0.10000000149011612,0.10000000149011612,0.0807570368051529,0.4085215926170349,0.24908781051635742,0.10881611704826355,0.1607142835855484,0.20208226144313812,0.16202934086322784,0.0,0.06293270736932755,0.08544472604990005,-0.18376800417900085,-0.0133281871676445,0.1727437824010849,0.1160714253783226,-0.0013999342918395996,0.28352823853492737
wqp,wqp:21FLCBA_WQX-WAL-CAMPBELL-3,test,2023-02,2023-03,0.0,0.04373279958963394,0.07742787152528763,0.699999988079071,0.528986930847168,0.16526299715042114,0.2660714387893677,0.3642396032810211,0.3350909948348999,0.10000000149011612,0.10000000149011612,0.07911652326583862,0.2199999988079071,0.39057546854019165,0.1105804368853569,0.20642857253551483,0.269507497549057,0.16217978298664093,0.0,0.07324788719415665,0.07612264901399612,0.22869600355625153,0.10572543740272522,0.1696861982345581,0.11428571492433548,0.07143886387348175,0.27327561378479004
wqp,wqp:21FLCBA_WQX-WAL-CAMPBELL-3,test,2023-03,2023-04,0.0,0.04487677291035652,0.07966233044862747,0.6550719738006592,0.6148481965065002,0.16817964613437653,0.3839285671710968,0.5199695229530334,0.33128535747528076,0.10000000149011612,0.10000000149011612,0.08006475865840912,0.2379712015390396,0.22052951157093048,0.11282345652580261,0.25357142090797424,0.29000601172447205,0.16513700783252716,0.0,0.06478304415941238,0.08344070613384247,-0.04492799937725067,-0.11488355696201324,0.1771354377269745,0.11785714328289032,0.049429312348365784,0.2776227295398712
wqp,wqp:21FLCBA_WQX-WAL-CAMPBELL-3,test,2023-04,2023-05,0.0,0.04068755730986595,0.08206290751695633,0.699999988079071,0.6185221076011658,0.16620519757270813,0.44999998807907104,0.6602696180343628,0.32926106452941895,0.10000000149011612,0.10000000149011612,0.08027221262454987,0.2199999988079071,0.24330903589725494,0.11306548863649368,0.2800000011920929,0.21790573000907898,0.16561537981033325,0.0,0.05857906490564346,0.0830732062458992,0.04492799937725067,-0.0334186926484108,0.17615287005901337,0.06607142835855484,-0.035874754190444946,0.2694947421550751
wqp,wqp:21FLCBA_WQX-WAL-CAMPBELL-3,test,2023-05,2023-06,0.0,0.0404837429523468,0.08228246867656708,0.699999988079071,0.6411572694778442,0.16714979708194733,0.44999998807907104,0.718280553817749,0.3125471770763397,0.10000000149011612,0.10000000149011612,0.08029893785715103,0.2199999988079071,0.24006684124469757,0.11435886472463608,0.2800000011920929,0.1757594347000122,0.165766641497612,0.0,0.06123016029596329,0.08680787682533264,0.0,-0.06050293892621994,0.17793691158294678,0.0,-0.07680849730968475,0.2651262581348419
wqp,wqp:21FLCBA_WQX-WAL-CAMPBELL-3,test,2023-06,2023-07,0.07260129600763321,0.04118237644433975,0.08042096346616745,1.0,0.6528158783912659,0.16942830383777618,0.3700000047683716,0.706433892250061,0.300099641084671,0.12904052436351776,0.10000000149011612,0.07995251566171646,0.10000000149011612,0.2414090484380722,0.11315622925758362,0.24799999594688416,0.1828601360321045,0.16390807926654816,0.07260129600763321,0.0720343068242073,0.08636841922998428,0.30000001192092896,-0.048124268651008606,0.1763755977153778,-0.07999999821186066,-0.07990312576293945,0.2605816125869751
wqp,wqp:21FLCBA_WQX-WAL-CAMPBELL-3,test,2023-07,2023-08,0.0,0.09387732297182083,0.08029677718877792,0.9369999766349792,0.8526160717010498,0.17751272022724152,0.20999999344348907,0.5579632520675659,0.2937423884868622,0.10000000149011612,0.12904052436351776,0.08401493728160858,0.12520000338554382,0.13448745012283325,0.11414720118045807,0.18400000035762787,0.2722280025482178,0.1639968603849411,-0.07260129600763321,0.05460406839847565,0.09320544451475143,-0.06300000101327896,-0.19911277294158936,0.1817188262939453,-0.1599999964237213,-0.026842743158340454,0.269462913274765
wqp,wqp:21FLCBA_WQX-WAL-CAMPBELL-3,test,2023-08,2023-09,0.0,0.05725090578198433,0.08020007610321045,0.8834559917449951,0.8962060213088989,0.17980167269706726,0.44999998807907104,0.2958446741104126,0.30494314432144165,0.10000000149011612,0.10000000149011612,0.08611541241407394,0.17161759734153748,0.14166110754013062,0.11189014464616776,0.2800000011920929,0.3943023979663849,0.1677173525094986,0.0,0.0988878533244133,0.08823243528604507,-0.053543999791145325,-0.07378696650266647,0.17241771519184113,0.23999999463558197,-0.01825764775276184,0.27303996682167053
wqp,wqp:21FLCBA_WQX-WAL-CAMPBELL-3,test,2023-09,2023-10,0.0,0.04403933510184288,0.085767962038517,0.699999988079071,0.873714804649353,0.1727655529975891,0.44999998807907104,0.5850686430931091,0.3445431888103485,0.10000000149011612,0.10000000149011612,0.09303994476795197,0.2199999988079071,0.18100577592849731,0.12278188019990921,0.2800000011920929,0.2231059968471527,0.17546536028385162,0.0,0.06400648504495621,0.09083711355924606,-0.18345600366592407,-0.027642689645290375,0.18258053064346313,0.0,-0.11145156621932983,0.2640083432197571
wqp,wqp:21FLCBA_WQX-WAL-CAMPBELL-3,test,2023-10,2023-11,0.0,0.037390004843473434,0.08560293167829514,1.0,0.7515547871589661,0.1740003228187561,0.22499999403953552,0.5400184392929077,0.3319651782512665,0.10000000149011612,0.10000000149011612,0.09089609980583191,0.10000000149011612,0.21528200805187225,0.12140962481498718,0.1899999976158142,0.20501860976219177,0.17451240122318268,0.0,0.06424132734537125,0.09115055203437805,0.30000001192092896,0.08648189902305603,0.18059088289737701,-0.22499999403953552,-0.2162361443042755,0.26638925075531006
wqp,wqp:21FLCBA_WQX-WAL-CAMPBELL-3,test,2023-11,2023-12,0.5,0.04601683467626572,0.08280084282159805,1.0,0.9039563536643982,0.18085065484046936,0.0,0.16050925850868225,0.310356080532074,0.7749999761581421,0.10000000149011612,0.08931728452444077,0.10000000149011612,0.1216895803809166,0.12034240365028381,0.10000000149011612,0.35163038969039917,0.16909900307655334,0.5,0.07941634207963943,0.09703347086906433,0.0,-0.12470611929893494,0.18093708157539368,-0.22499999403953552,-0.1484326720237732,0.28195950388908386
wqp,wqp:21FLCBA_WQX-WAL-CAMPBELL-3,test,2023-12,2024-01,0.5,0.37120193243026733,0.08277277648448944,0.699999988079071,0.9876149296760559,0.18696965277194977,0.0,0.0021094053518027067,0.31462910771369934,0.7749999761581421,0.7749999761581421,0.08742699772119522,0.2199999988079071,0.12135124951601028,0.11100728809833527,0.10000000149011612,0.2014000117778778,0.1604510098695755,0.0,-0.1394331455230713,0.090480275452137,-0.30000001192092896,-0.008466605097055435,0.19073861837387085,0.0,0.07551562786102295,0.2898140847682953
wqp,wqp:21FLCBA_WQX-WAL-CAMPBELL-3,test,2024-01,2024-02,0.027214864268898964,0.46847742795944214,0.08401057124137878,0.8941119909286499,0.7993020415306091,0.17411212623119354,0.02142857201397419,0.1430499404668808,0.32906976342201233,0.11088594794273376,0.7749999761581421,0.08856302499771118,0.14235520362854004,0.2225402444601059,0.10856375098228455,0.10857142508029938,0.2540247440338135,0.16521824896335602,-0.4727851450443268,0.0016215518116950989,0.08295164257287979,0.19411200284957886,0.12406763434410095,0.17268116772174835,0.02142857201397419,0.15578199923038483,0.28495916724205017
wqp,wqp:21FLCBA_WQX-WAL-CAMPBELL-3,test,2024-02,2024-03,0.052040647715330124,0.1911017894744873,0.09447353333234787,0.6184960007667542,0.8134030103683472,0.17930515110492706,0.2678571343421936,0.12367741763591766,0.3285694718360901,0.12081626057624817,0.11088594794273376,0.09876297414302826,0.25260159373283386,0.15669384598731995,0.12073880434036255,0.20714285969734192,0.28232064843177795,0.17801834642887115,0.02482578158378601,0.20312950015068054,0.09841541945934296,-0.27561599016189575,-0.1279449760913849,0.17263682186603546,0.24642856419086456,0.10787065327167511,0.30286359786987305
wqp,wqp:21FLCBA_WQX-WAL-CAMPBELL-3,test,2024-03,2024-04,0.0,0.11694744229316711,0.09118463844060898,0.5819200277328491,0.6581510305404663,0.17370271682739258,0.44999998807907104,0.5481468439102173,0.35236382484436035,0.10000000149011612,0.12081626057624817,0.08917278796434402,0.2672320008277893,0.22070945799350739,0.11954986304044724,0.2800000011920929,0.3441122770309448,0.17330674827098846,-0.052040647715330124,0.04776451736688614,0.08566106110811234,-0.03657599911093712,0.05869695544242859,0.1807490885257721,0.18214285373687744,0.0753190815448761,0.2848449647426605
wqp,wqp:21FLCBA_WQX-WAL-CAMPBELL-3,test,2024-04,2024-05,0.009917203336954117,0.05990474298596382,0.09186223894357681,0.9010720252990723,0.579153835773468,0.1698249876499176,1.0,0.7990151643753052,0.33898335695266724,0.10396688431501389,0.10000000149011612,0.08935873955488205,0.1395712047815323,0.2601916193962097,0.12129002809524536,0.29249998927116394,0.21755707263946533,0.17576687037944794,0.009917203336954117,0.0687774270772934,0.09115081280469894,0.31915199756622314,0.01103368028998375,0.18332499265670776,0.550000011920929,-0.058933764696121216,0.27928146719932556
wqp,wqp:21FLCBA_WQX-WAL-CAMPBELL-3,test,2024-05,2024-06,0.0,0.05624959245324135,0.09269147366285324,0.4957059919834137,0.7492174506187439,0.1783820390701294,0.44999998807907104,0.7082504034042358,0.3103892505168915,0.10000000149011612,0.10396688431501389,0.09078075736761093,0.323282390832901,0.16819359362125397,0.12201792001724243,0.2800000011920929,0.2179628312587738,0.17313507199287415,-0.009917203336954117,0.06518180668354034,0.10177398473024368,-0.4053660035133362,-0.19358479976654053,0.19018515944480896,-0.550000011920929,-0.07478517293930054,0.28193631768226624
wqp,wqp:21FLCBA_WQX-WAL-CAMPBELL-3,test,2024-06,2024-07,0.0,0.042067091912031174,0.08658845722675323,0.6083980202674866,0.5765020847320557,0.17307038605213165,0.6388888955116272,0.7481702566146851,0.31066402792930603,0.10000000149011612,0.10000000149011612,0.08471973240375519,0.28164079785346985,0.32309719920158386,0.1156533807516098,0.43694445490837097,0.20859496295452118,0.16909541189670563,0.0,0.0718698799610138,0.08573964238166809,0.11269199848175049,0.11418044567108154,0.1768694519996643,0.18888889253139496,-0.09722381830215454,0.2631675899028778
wqp,wqp:21FLCBA_WQX-WAL-CAMPCREE-1,test,2024-02,2024-03,0.007129555102437735,0.07771339267492294,0.09134826809167862,0.8575360178947449,0.7553477883338928,0.18144193291664124,0.3482142984867096,0.09907364845275879,0.33297157287597656,0.10285182297229767,0.11094645410776138,0.09252097457647324,0.1569855958223343,0.29632478952407837,0.11664536595344543,0.23928570747375488,0.22115637362003326,0.17121434211730957,-0.020236587151885033,0.05847420543432236,0.09306178241968155,0.05695199966430664,-0.06027385592460632,0.18177492916584015,0.3482142984867096,0.14801660180091858,0.29980772733688354
wqp,wqp:21FLCBA_WQX-WAL-CAMPCREE-1,test,2024-03,2024-04,0.014032809063792229,0.05863229185342789,0.09694647789001465,0.7996600270271301,0.7966769337654114,0.17367799580097198,0.4178571403026581,0.5958506464958191,0.3568953573703766,0.10561311990022659,0.10285182297229767,0.0972825288772583,0.300135999917984,0.15642379224300385,0.1271711140871048,0.2671428620815277,0.3165956139564514,0.1787031888961792,0.006903253495693207,0.08097535371780396,0.09523602575063705,-0.05787599831819534,-0.09386146068572998,0.18922008574008942,0.06964285671710968,0.04751461744308472,0.2848595380783081
wqp,wqp:21FLCBA_WQX-WAL-CAMPCREE-1,test,2024-04,2024-05,0.09148264676332474,0.053122006356716156,0.09426696598529816,0.8505250215530396,0.7653976082801819,0.1740705966949463,0.44999998807907104,0.6660718321800232,0.3268841505050659,0.1365930587053299,0.10561311990022659,0.0906713679432869,0.2797900140285492,0.2937025725841522,0.12110194563865662,0.2800000011920929,0.2497931867837906,0.1744418889284134,0.07744983583688736,0.05329018831253052,0.0955558493733406,0.05086499825119972,-0.03567826747894287,0.18581382930278778,0.03214285895228386,-0.05721002817153931,0.27986928820610046
wqp,wqp:21FLCBA_WQX-WAL-CAMPCREE-1,test,2024-05,2024-06,0.07316309958696365,0.107210673391819,0.09005247801542282,0.7881519794464111,0.7936997413635254,0.17332421243190765,0.44999998807907104,0.6816136240959167,0.3108001947402954,0.12926523387432098,0.1365930587053299,0.08775850385427475,0.18473920226097107,0.28932705521583557,0.11918046325445175,0.2800000011920929,0.21205423772335052,0.16936218738555908,-0.018319547176361084,0.03137575089931488,0.09528830647468567,-0.062373001128435135,-0.04953357204794884,0.18590614199638367,0.0,-0.06889108568429947,0.2729886472225189
wqp,wqp:21FLCBA_WQX-WAL-CAMPCREE-1,test,2024-06,2024-07,0.0,0.10979726910591125,0.0872860997915268,0.8066800236701965,0.763896644115448,0.17394325137138367,0.20499999821186066,0.6816527843475342,0.3014231324195862,0.10000000149011612,0.12926523387432098,0.08717759698629379,0.29732799530029297,0.20396433770656586,0.11749067902565002,0.18199999630451202,0.22655227780342102,0.16849909722805023,-0.07316309958696365,0.06863871961832047,0.09276317059993744,0.01852799952030182,-0.02646644040942192,0.1805943250656128,-0.24500000476837158,-0.07479844987392426,0.265991747379303
wqp,wqp:21FLCBA_WQX-WAL-CAMPCREE-1,test,2024-07,2024-08,0.09247379004955292,0.06450649350881577,0.08012695610523224,0.8331519961357117,0.7681941390037537,0.17922909557819366,0.1574999988079071,0.33980104327201843,0.28882017731666565,0.1369895190000534,0.10000000149011612,0.08290142565965652,0.16673919558525085,0.2986261248588562,0.1108192652463913,0.16300000250339508,0.3761919438838959,0.16481566429138184,0.09247379004955292,0.09646519273519516,0.08889028429985046,0.026472000405192375,-0.05202087014913559,0.17216868698596954,-0.04749999940395355,0.002026498317718506,0.27510175108909607
wqp,wqp:21FLCBA_WQX-WAL-CAMPCREE-2,test,2024-02,2024-03,0.007129555102437735,0.06791479140520096,0.08741234242916107,0.8226879835128784,0.7744907140731812,0.17590855062007904,0.3767857253551483,0.2978131175041199,0.3362082242965698,0.10285182297229767,0.10551849007606506,0.08945741504430771,0.17092479765415192,0.18427616357803345,0.11855889856815338,0.2507142722606659,0.3039282560348511,0.16976715624332428,-0.006666666828095913,0.06208642199635506,0.09003923088312149,-0.03167400136590004,-0.11207243800163269,0.18243391811847687,0.23749999701976776,0.10318341851234436,0.2887289524078369
wqp,wqp:21FLCBA_WQX-WAL-CAMPCREE-2,test,2024-03,2024-04,0.03964345157146454,0.04892396181821823,0.09127048403024673,0.6151900291442871,0.779288113117218,0.17083139717578888,0.40714284777641296,0.6347781419754028,0.3442724645137787,0.11585737764835358,0.10285182297229767,0.09121797233819962,0.37392398715019226,0.1723036915063858,0.12162154912948608,0.2628571391105652,0.28183797001838684,0.1733395904302597,0.032513897866010666,0.06741650402545929,0.0909794270992279,-0.2074979990720749,-0.06774219870567322,0.18437837064266205,0.03035714291036129,-0.0018665790557861328,0.2781243920326233
wqp,wqp:21FLCBA_WQX-WAL-CAMPCREE-2,test,2024-04,2024-05,0.06545843929052353,0.06787081807851791,0.08711618185043335,0.6897550225257874,0.6480745077133179,0.16861414909362793,0.44999998807907104,0.6953784227371216,0.32388854026794434,0.1261833757162094,0.11585737764835358,0.0839441642165184,0.3440980017185211,0.35708144307136536,0.11469701677560806,0.2800000011920929,0.23547035455703735,0.16856324672698975,0.02581498585641384,0.04031478241086006,0.08698700368404388,0.07456500083208084,0.07700149714946747,0.17871008813381195,0.04285714402794838,-0.06437743455171585,0.2728184461593628
wqp,wqp:21FLCBA_WQX-WAL-CAMPCREE-2,test,2024-05,2024-06,0.06567844748497009,0.09556266665458679,0.08477960526943207,0.7662171721458435,0.6494907736778259,0.16833139955997467,0.44999998807907104,0.7283563613891602,0.31083205342292786,0.12627138197422028,0.1261833757162094,0.08273570239543915,0.19351312518119812,0.34853899478912354,0.1153135895729065,0.2800000011920929,0.186364084482193,0.16645850241184235,0.00022001205070409924,0.04692868888378143,0.08942972868680954,0.07646220177412033,-0.0178031325340271,0.18041396141052246,0.0,-0.06890762597322464,0.2686334550380707
wqp,wqp:21FLCBA_WQX-WAL-CAMPCREE-2,test,2024-06,2024-07,0.0,0.10207802057266235,0.08366110920906067,0.6437860131263733,0.6983402967453003,0.17221371829509735,0.20647525787353516,0.7024974226951599,0.2997836768627167,0.10000000149011612,0.12627138197422028,0.0835917592048645,0.2674855887889862,0.21578697860240936,0.11510404199361801,0.18259009718894958,0.2030581533908844,0.16552773118019104,-0.06567844748497009,0.06530531495809555,0.09065420925617218,-0.1224312037229538,-0.07772725075483322,0.179743692278862,-0.24352474510669708,-0.06762818992137909,0.26465585827827454
wqp,wqp:21FLCBA_WQX-WAL-CAMPCREE-2,test,2024-07,2024-08,0.0,0.059366535395383835,0.07789963483810425,0.8331519961357117,0.6469828486442566,0.17805695533752441,0.12999999523162842,0.35555413365364075,0.29157426953315735,0.10000000149011612,0.10000000149011612,0.08039773255586624,0.16673919558525085,0.2703218162059784,0.10745874792337418,0.15199999511241913,0.34810081124305725,0.163644477725029,0.0,0.08929911255836487,0.08422602713108063,0.18936599791049957,0.009096816182136536,0.16936403512954712,-0.07647526264190674,-0.001708686351776123,0.27375733852386475
wqp,wqp:21FLCBA_WQX-WAL-CAMPCREE-2,test,2024-08,2024-09,0.12215785682201385,0.05201328545808792,0.08114757388830185,0.5819200277328491,0.755926251411438,0.18084092438220978,0.44999998807907104,0.2768918573856354,0.3184189796447754,0.14886313676834106,0.10000000149011612,0.08728881925344467,0.2672320008277893,0.18306589126586914,0.11298143863677979,0.2800000011920929,0.3140515387058258,0.17026036977767944,0.12215785682201385,0.06828276067972183,0.0893082395195961,-0.25123199820518494,-0.11644656956195831,0.17798185348510742,0.3199999928474426,0.05736904591321945,0.28455787897109985
wqp,wqp:21FLCBA_WQX-WAL-CAMPCREE-3,test,2024-02,2024-03,0.09168582409620285,0.0598541758954525,0.08862808346748352,0.6713619828224182,0.7310840487480164,0.17683973908424377,0.4000000059604645,0.34312155842781067,0.3404824435710907,0.13667432963848114,0.10000000149011612,0.08969808369874954,0.23145520687103271,0.17072047293186188,0.11912166327238083,0.25999999046325684,0.3134658932685852,0.17078764736652374,0.09168582409620285,0.07314173132181168,0.08946745842695236,-0.1453080028295517,-0.13192051649093628,0.1830175518989563,0.23571428656578064,0.09321379661560059,0.28738927841186523
wqp,wqp:21FLCBA_WQX-WAL-CAMPCREE-3,test,2024-03,2024-04,0.014032809063792229,0.10052898526191711,0.08943736553192139,0.5453439950942993,0.6776997447013855,0.16942937672138214,0.44999998807907104,0.7235162854194641,0.34722965955734253,0.10561311990022659,0.13667432963848114,0.0886690691113472,0.30686241388320923,0.2238079011440277,0.1189889907836914,0.2800000011920929,0.25687605142593384,0.17157332599163055,-0.07765301316976547,0.02669060230255127,0.08747361600399017,-0.1260180026292801,0.00825662910938263,0.18481403589248657,0.05000000074505806,-0.0056969523429870605,0.2758331894874573
wqp,wqp:21FLCBA_WQX-WAL-CAMPCREE-3,test,2024-04,2024-05,0.0,0.0675947368144989,0.08834762126207352,0.49170249700546265,0.5645080208778381,0.167799711227417,0.44999998807907104,0.791045069694519,0.32614263892173767,0.10000000149011612,0.10561311990022659,0.08567200601100922,0.4166809916496277,0.3000190854072571,0.11610858142375946,0.2800000011920929,0.21209390461444855,0.17137444019317627,-0.014032809063792229,0.07890818268060684,0.08859975636005402,-0.05364150181412697,0.058385029435157776,0.17841756343841553,0.0,-0.0917363241314888,0.2736159563064575
wqp,wqp:21FLCBA_WQX-WAL-CAMPCREE-3,test,2024-05,2024-06,0.04204825684428215,0.05099410191178322,0.0834408849477768,0.5087680220603943,0.49586692452430725,0.167286217212677,0.44999998807907104,0.7810138463973999,0.31152772903442383,0.11681929975748062,0.10000000149011612,0.08028272539377213,0.2964927852153778,0.40754854679107666,0.11316419392824173,0.2800000011920929,0.1713259220123291,0.16629722714424133,0.04204825684428215,0.06482065469026566,0.08574223518371582,0.0170655008405447,0.05515514686703682,0.17671233415603638,0.0,-0.08933389186859131,0.26774129271507263
wqp,wqp:21FLCBA_WQX-WAL-CAMPCREE-3,test,2024-06,2024-07,0.03475690633058548,0.07336311042308807,0.08055218309164047,0.48495998978614807,0.48824283480644226,0.1696767956018448,0.3722222149372101,0.7933147549629211,0.30422964692115784,0.11390276253223419,0.11681929975748062,0.07969920337200165,0.3189840018749237,0.3042661249637604,0.11214658617973328,0.441388875246048,0.17550110816955566,0.16432161629199982,-0.007291351445019245,0.05315567925572395,0.08508586138486862,-0.02380800060927868,0.005421308800578117,0.17788486182689667,-0.07777778059244156,-0.06941139698028564,0.26412588357925415
wqp,wqp:21FLCBA_WQX-WAL-CAMPCREE-3,test,2024-07,2024-08,0.15859557688236237,0.07433144748210907,0.07594512403011322,0.5331519842147827,0.47973716259002686,0.1775088906288147,0.10249999910593033,0.4300437569618225,0.2943892478942871,0.16343823075294495,0.11390276253223419,0.07807303220033646,0.28673920035362244,0.3202056586742401,0.1050170287489891,0.14100000262260437,0.32037585973739624,0.16259711980819702,0.12383867055177689,0.07113289833068848,0.082102932035923,0.04819199815392494,0.00793428160250187,0.17067338526248932,-0.26972222328186035,0.01271885633468628,0.2763444483280182
wqp,wqp:21FLCBA_WQX-WAL-CAMPCREE-3,test,2024-08,2024-09,0.13331404328346252,0.1599501520395279,0.07836733758449554,0.22827519476413727,0.5266270637512207,0.1792563796043396,0.44999998807907104,0.37046903371810913,0.3254578411579132,0.153325617313385,0.16343823075294495,0.08277350664138794,0.1913100779056549,0.2901459038257599,0.10707130283117294,0.2800000011920929,0.2719026505947113,0.16757553815841675,-0.025281529873609543,0.007946774363517761,0.08240517228841782,-0.30487680435180664,-0.0042332373559474945,0.17783081531524658,0.3474999964237213,0.07812060415744781,0.28423523902893066
wqp,wqp:21FLCBA_WQX-WAL-DEER-1,test,2022-12,2023-01,0.0,0.06947877258062363,0.08831284940242767,0.8697280287742615,0.8599077463150024,0.17818103730678558,0.03392857313156128,-0.058229900896549225,0.33131057024002075,0.10000000149011612,0.10000000149011612,0.09423249214887619,0.1771087944507599,0.17557719349861145,0.12115149945020676,0.11357142776250839,0.21764647960662842,0.17399631440639496,0.0,0.11348986625671387,0.09302490949630737,-0.024383999407291412,-0.0500052347779274,0.17806152999401093,0.03392857313156128,0.016323598101735115,0.2909686863422394
wqp,wqp:21FLCBA_WQX-WAL-DEER-1,test,2023-01,2023-02,0.018522726371884346,0.045777056366205215,0.09062779694795609,0.8575360178947449,0.831881582736969,0.1804884970188141,0.12142857164144516,0.0675467923283577,0.33109983801841736,0.10740908980369568,0.10000000149011612,0.09321104735136032,0.1569855958223343,0.19075559079647064,0.12105901539325714,0.1485714316368103,0.23378339409828186,0.17350086569786072,0.018522726371884346,0.07043681293725967,0.09342677146196365,-0.012191999703645706,-0.07232389599084854,0.18390655517578125,0.08749999850988388,0.08328009396791458,0.2927662432193756
wqp,wqp:21FLCBA_WQX-WAL-DEER-1,test,2023-02,2023-03,0.018522726371884346,0.05344880372285843,0.09066507965326309,0.8819199800491333,0.8203356266021729,0.17793633043766022,0.44999998807907104,0.261462539434433,0.33604201674461365,0.10740908980369568,0.10740908980369568,0.09271766245365143,0.14723199605941772,0.16510479152202606,0.11991222202777863,0.2800000011920929,0.30970048904418945,0.1729695349931717,0.0,0.0717022642493248,0.09200943261384964,0.024383999407291412,-0.06378993391990662,0.18432189524173737,0.3285714387893677,0.09234623610973358,0.2913236916065216
wqp,wqp:21FLCBA_WQX-WAL-DEER-1,test,2023-03,2023-04,0.049479398876428604,0.05656242370605469,0.09550230205059052,0.9063040018081665,0.8289631605148315,0.17149542272090912,0.44999998807907104,0.7207214832305908,0.35038521885871887,0.11979176104068756,0.10740908980369568,0.09597647190093994,0.13747839629650116,0.15558020770549774,0.12677711248397827,0.2800000011920929,0.23650357127189636,0.17700587213039398,0.030956672504544258,0.06852107495069504,0.09522072225809097,0.024383999407291412,-0.07642420381307602,0.1900101900100708,0.0,-0.01418524980545044,0.2768377959728241
wqp,wqp:21FLCBA_WQX-WAL-DEER-1,test,2023-04,2023-05,0.11874999850988388,0.07690729200839996,0.0939527079463005,0.8500360250473022,0.8434223532676697,0.17553387582302094,0.3199999928474426,0.6966814994812012,0.3179374933242798,0.14749999344348907,0.11979176104068756,0.09169082343578339,0.15998560190200806,0.15284748375415802,0.1206369698047638,0.2280000001192093,0.24110138416290283,0.1735186129808426,0.06927060335874557,0.044730447232723236,0.09889351576566696,-0.05626799911260605,-0.06357462704181671,0.18763026595115662,-0.12999999523162842,-0.08352945744991302,0.2797808349132538
wqp,wqp:21FLCBA_WQX-WAL-DEER-1,test,2023-05,2023-06,0.0,0.12924480438232422,0.08853691816329956,0.7977352142333984,0.824032723903656,0.17690593004226685,0.32749998569488525,0.5270496606826782,0.3038654625415802,0.10000000149011612,0.14749999344348907,0.08713391423225403,0.18090592324733734,0.17422233521938324,0.11485430598258972,0.23100000619888306,0.3239906430244446,0.16830547153949738,-0.11874999850988388,0.030773520469665527,0.09368741512298584,-0.05230079963803291,-0.011849895119667053,0.1818782389163971,0.007499999832361937,-0.036842137575149536,0.2802381217479706
wqp,wqp:21FLCBA_WQX-WAL-DEER-1,test,2023-06,2023-07,0.1901455670595169,0.07049859315156937,0.08663905411958694,0.5331519842147827,0.7711345553398132,0.17421533167362213,0.2539752721786499,0.5285955667495728,0.3054754436016083,0.17605821788311005,0.10000000149011612,0.08705630153417587,0.28673920035362244,0.19980092346668243,0.11693545430898666,0.20159010589122772,0.3119077682495117,0.1701856255531311,0.1901455670595169,0.10909054428339005,0.09065035730600357,-0.26458320021629333,-0.04471642151474953,0.17655251920223236,-0.07352474331855774,-0.022393731400370598,0.27232444286346436
wqp,wqp:21FLCBA_WQX-WAL-DEER-1,test,2023-07,2023-08,0.03215909004211426,0.17992085218429565,0.07790427654981613,0.638152003288269,0.6055706739425659,0.17700275778770447,0.3189752697944641,0.4843898415565491,0.30549538135528564,0.11286363750696182,0.17605821788311005,0.07879956811666489,0.24473920464515686,0.2725135385990143,0.10757819563150406,0.22759009897708893,0.35903140902519226,0.1631866693496704,-0.15798647701740265,-0.009470239281654358,0.07998130470514297,0.10499999672174454,0.10179230570793152,0.17543530464172363,0.06499999761581421,0.04049411416053772,0.26981374621391296
wqp,wqp:21FLCBA_WQX-WAL-DEER-1,test,2023-08,2023-09,0.07890172302722931,0.11148012429475784,0.07968591898679733,0.5331519842147827,0.6109623908996582,0.17336846888065338,0.7197654843330383,0.5236514806747437,0.32260841131210327,0.13156068325042725,0.11286363750696182,0.08561838418245316,0.28673920035362244,0.24914804100990295,0.1137995794415474,0.2120938003063202,0.3270133137702942,0.17073771357536316,0.04674263298511505,0.11860562860965729,0.08486007153987885,-0.10499999672174454,-0.05893927067518234,0.17274926602840424,0.4007902145385742,-0.009137928485870361,0.27077752351760864
wqp,wqp:21FLCBA_WQX-WAL-DEER-1,test,2023-09,2023-10,0.8621134757995605,0.11347906291484833,0.08079593628644943,0.8575360178947449,0.5586907863616943,0.17301037907600403,0.44999998807907104,0.6638733744621277,0.34222498536109924,0.15515461564064026,0.13156068325042725,0.08542431890964508,0.1569855958223343,0.27035990357398987,0.11578666418790817,0.2800000011920929,0.1983417570590973,0.1712266206741333,0.7832117676734924,0.03330632299184799,0.08378370851278305,0.32438400387763977,0.03781168907880783,0.17907582223415375,-0.2697654962539673,-0.11366868019104004,0.26396337151527405
wqp,wqp:21FLCBA_WQX-WAL-DEER-1,test,2023-10,2023-11,0.027214864268898964,0.6515783071517944,0.0894276425242424,0.9014272093772888,0.78980553150177,0.19175410270690918,0.01785714365541935,0.7228531837463379,0.3491389751434326,0.11088594794273376,0.15515461564064026,0.09527438133955002,0.13942912220954895,0.1814352571964264,0.11991365253925323,0.1071428582072258,0.20162980258464813,0.1706615835428238,-0.8348985910415649,-0.2522808909416199,0.09973132610321045,0.04389119893312454,-0.07432812452316284,0.21829432249069214,-0.43214285373687744,-0.11756190657615662,0.2844574749469757
wqp,wqp:21FLCBA_WQX-WAL-DEER-1,test,2023-11,2023-12,0.0,0.2164914757013321,0.10621324926614761,0.7135360240936279,0.8542692065238953,0.19537997245788574,0.15357142686843872,-0.1365245133638382,0.32474350929260254,0.10000000149011612,0.11088594794273376,0.11820919066667557,0.21458560228347778,0.20378892123699188,0.13011950254440308,0.1614285707473755,0.35958757996559143,0.19346021115779877,-0.027214864268898964,0.2929365634918213,0.11594772338867188,-0.18789120018482208,-0.13462132215499878,0.1723170131444931,0.13571429252624512,-0.23270368576049805,0.31509989500045776
wqp,wqp:21FLCBA_WQX-WAL-DEER-1,test,2023-12,2024-01,0.06255366653203964,0.10012385994195938,0.09524283558130264,0.8209599852561951,0.7359932661056519,0.18423007428646088,0.0,0.16503648459911346,0.3423992395401001,0.12502147257328033,0.10000000149011612,0.09635002166032791,0.17161600291728973,0.19576577842235565,0.13040851056575775,0.10000000149011612,0.27034828066825867,0.1784665286540985,0.06255366653203964,0.09951864928007126,0.09403741359710693,0.10742399841547012,0.03820966184139252,0.18567216396331787,-0.15357142686843872,0.0038549304008483887,0.28913092613220215
wqp,wqp:21FLCBA_WQX-WAL-DEER-1,test,2024-01,2024-02,0.5,0.09031523019075394,0.09170444309711456,0.8331519961357117,0.7745739817619324,0.18839126825332642,0.13928571343421936,0.04420911893248558,0.32062751054763794,0.7749999761581421,0.12502147257328033,0.09494220465421677,0.16673919558525085,0.19037289917469025,0.12123781442642212,0.15571428835391998,0.2051936835050583,0.17346620559692383,0.43744632601737976,0.035980224609375,0.09874314814805984,0.012191999703645706,-0.07606611400842667,0.18820717930793762,0.13928571343421936,0.07666769623756409,0.3041220009326935
wqp,wqp:21FLCBA_WQX-WAL-DEER-1,test,2024-02,2024-03,0.24751846492290497,0.38766172528266907,0.08808065950870514,0.8331519961357117,0.8241233825683594,0.1817876398563385,0.14642857015132904,0.40036940574645996,0.3447732925415039,0.19900739192962646,0.7749999761581421,0.09032104164361954,0.16673919558525085,0.17509186267852783,0.11423906683921814,0.15857142210006714,0.3193866014480591,0.1660757064819336,-0.2524815499782562,-0.10507741570472717,0.08820675313472748,0.0,-0.009121660143136978,0.1955982893705368,0.0071428571827709675,0.20330548286437988,0.29127323627471924
wqp,wqp:21FLCBA_WQX-WAL-DEER-1,test,2024-03,2024-04,0.02500000037252903,0.30783092975616455,0.0940249040722847,0.8331519961357117,0.8059867024421692,0.17756517231464386,0.44999998807907104,0.36912697553634644,0.3342573046684265,0.10999999940395355,0.19900739192962646,0.09564121067523956,0.16673919558525085,0.18071991205215454,0.11633308231830597,0.2800000011920929,0.3808659315109253,0.1752985566854477,-0.2225184589624405,0.11651507019996643,0.094522625207901,0.0,-0.07048202306032181,0.17724324762821198,0.3035714328289032,0.08380350470542908,0.296665221452713
wqp,wqp:21FLCBA_WQX-WAL-DEER-1,test,2024-04,2024-05,0.0,0.14004924893379211,0.09875579178333282,0.5331519842147827,0.7808547616004944,0.1723802089691162,0.44999998807907104,0.7372207641601562,0.34501931071281433,0.10000000149011612,0.10999999940395355,0.09596733748912811,0.28673920035362244,0.1673162877559662,0.12718354165554047,0.2800000011920929,0.2317521572113037,0.1805342584848404,-0.02500000037252903,0.11542747914791107,0.096717968583107,-0.30000001192092896,-0.06674563884735107,0.18422627449035645,0.0,-0.030522644519805908,0.2800107002258301
wqp,wqp:21FLCBA_WQX-WAL-DEER-1,test,2024-05,2024-06,0.04445476084947586,0.06270135194063187,0.09023789316415787,0.7690432071685791,0.5831038355827332,0.17280153930187225,0.125,0.761189341545105,0.31630098819732666,0.11778190732002258,0.10000000149011612,0.085508793592453,0.19238272309303284,0.2800212800502777,0.11784663051366806,0.15000000596046448,0.20655527710914612,0.17263633012771606,0.04445476084947586,0.05787919461727142,0.08933089673519135,0.235891193151474,0.09156593680381775,0.1798287183046341,-0.32499998807907104,-0.1014796644449234,0.2726673483848572
wqp,wqp:21FLCBA_WQX-WAL-DEER-1,test,2024-06,2024-07,0.06709270179271698,0.07271460443735123,0.08540364354848862,0.7086520195007324,0.6812513470649719,0.18573026359081268,0.16500000655651093,0.3176414668560028,0.291520893573761,0.12683707475662231,0.11778190732002258,0.08633936941623688,0.216539204120636,0.21844656765460968,0.11264238506555557,0.16599999368190765,0.31527218222618103,0.16802462935447693,0.02263793908059597,0.04949401319026947,0.09622887521982193,-0.060391198843717575,-0.09887486696243286,0.1820906102657318,0.03999999910593033,0.03466761112213135,0.29588890075683594
wqp,wqp:21FLCBA_WQX-WAL-DEER-1,test,2024-07,2024-08,0.018522726371884346,0.10095223039388657,0.08570937812328339,0.5314599871635437,0.6905844211578369,0.1808137595653534,0.3075000047683716,0.3824460208415985,0.32135632634162903,0.10740908980369568,0.12683707475662231,0.08842457830905914,0.287416011095047,0.22731545567512512,0.11457610130310059,0.22300000488758087,0.3412933945655823,0.17120163142681122,-0.048569973558187485,0.06195648014545441,0.08759895712137222,-0.17719200253486633,-0.049706581979990005,0.18009509146213531,0.14249999821186066,0.08050918579101562,0.2812822461128235
wqp,wqp:21FLCBA_WQX-WAL-DEER-2,test,2022-12,2023-01,0.018522726371884346,0.06899212300777435,0.08517900854349136,0.8697280287742615,0.856461226940155,0.17710129916667938,0.0,-0.057759977877140045,0.32990404963493347,0.10740908980369568,0.10740908980369568,0.09036088734865189,0.1521088033914566,0.17620310187339783,0.11884762346744537,0.10000000149011612,0.19745567440986633,0.17045947909355164,0.0,0.0744895190000534,0.08991196006536484,-0.012191999703645706,-0.03075859695672989,0.17802439630031586,0.0,0.023810969665646553,0.28758925199508667
wqp,wqp:21FLCBA_WQX-WAL-DEER-2,test,2023-01,2023-02,0.0,0.05585065484046936,0.08956849575042725,0.8404672145843506,0.8331084847450256,0.1803656369447708,0.09642857313156128,0.02783932350575924,0.32932209968566895,0.10000000149011612,0.10740908980369568,0.09289948642253876,0.16381311416625977,0.17521917819976807,0.11933907121419907,0.13857142627239227,0.2162359356880188,0.17269599437713623,-0.018522726371884346,0.06582624465227127,0.09313787519931793,-0.029260799288749695,-0.07170934975147247,0.1829250454902649,0.09642857313156128,0.09308245778083801,0.2943791449069977
wqp,wqp:21FLCBA_WQX-WAL-DEER-2,test,2023-02,2023-03,0.0,0.044597163796424866,0.09137360006570816,0.8819199800491333,0.8082839846611023,0.17781862616539001,0.42500001192092896,0.2345445454120636,0.3383350670337677,0.10000000149011612,0.10000000149011612,0.09353036433458328,0.1722320020198822,0.17396679520606995,0.11988157778978348,0.27000001072883606,0.29484450817108154,0.17391066253185272,0.0,0.08536607772111893,0.09200411289930344,0.0414527989923954,-0.05544402450323105,0.1833963543176651,0.3285714387893677,0.10276077687740326,0.29303139448165894
wqp,wqp:21FLCBA_WQX-WAL-DEER-2,test,2023-03,2023-04,0.0425761453807354,0.042122919112443924,0.09594102948904037,0.9261879920959473,0.8228759169578552,0.17214079201221466,0.44999998807907104,0.6915389895439148,0.351641982793808,0.11703045666217804,0.10000000149011612,0.09603089839220047,0.12952479720115662,0.1773684173822403,0.12693308293819427,0.2800000011920929,0.2508905231952667,0.177677184343338,0.0425761453807354,0.07155057042837143,0.09536153078079224,0.04426800087094307,-0.08605778217315674,0.19037508964538574,0.02500000037252903,0.00013786554336547852,0.2791278064250946
wqp,wqp:21FLCBA_WQX-WAL-DEER-2,test,2023-04,2023-05,0.0,0.06785158812999725,0.09505878388881683,0.8331519961357117,0.8532503247261047,0.1761242300271988,0.36500000953674316,0.6981493234634399,0.32068178057670593,0.10000000149011612,0.11703045666217804,0.09269039332866669,0.16673919558525085,0.14639386534690857,0.12175045162439346,0.2460000067949295,0.24098151922225952,0.17460860311985016,-0.0425761453807354,0.043499309569597244,0.09974054992198944,-0.09303600341081619,-0.08141280710697174,0.18937914073467255,-0.08500000089406967,-0.07877340912818909,0.2810213565826416
wqp,wqp:21FLCBA_WQX-WAL-DEER-2,test,2023-05,2023-06,0.07890172302722931,0.048649296164512634,0.09045881032943726,0.8224959969520569,0.8089990615844727,0.17549261450767517,0.36500000953674316,0.5643952488899231,0.30640289187431335,0.13156068325042725,0.10000000149011612,0.08878637105226517,0.171001598238945,0.18375056982040405,0.1177864670753479,0.2460000067949295,0.29420530796051025,0.171193465590477,0.07890172302722931,0.07966968417167664,0.09474213421344757,-0.01065600011497736,-0.013638719916343689,0.18042469024658203,0.0,-0.07111811637878418,0.2778221368789673
wqp,wqp:21FLCBA_WQX-WAL-DEER-2,test,2023-06,2023-07,0.10330521315336227,0.09791387617588043,0.08647701144218445,0.5708439946174622,0.7886125445365906,0.1759428232908249,0.29897525906562805,0.5912032127380371,0.3044084310531616,0.1413220912218094,0.13156068325042725,0.08650470525026321,0.2716624140739441,0.1883285641670227,0.11676543205976486,0.21959009766578674,0.2793770730495453,0.168182834982872,0.024403486400842667,0.03877543658018112,0.09199810773134232,-0.2516520023345947,-0.03889264166355133,0.18278273940086365,-0.06602474302053452,-0.021501241251826286,0.2727641761302948
wqp,wqp:21FLCBA_WQX-WAL-DEER-2,test,2023-07,2023-08,0.0,0.12974752485752106,0.08004871010780334,0.6771519780158997,0.6337355375289917,0.17587313055992126,0.32897526025772095,0.5107446312904358,0.3038565516471863,0.10000000149011612,0.1413220912218094,0.0820857435464859,0.22913919389247894,0.26560068130493164,0.11009521782398224,0.23159010708332062,0.3492180407047272,0.16561061143875122,-0.10330521315336227,0.05095024034380913,0.08277031034231186,0.1063079982995987,0.07897341251373291,0.17327746748924255,0.029999999329447746,0.0016317367553710938,0.26836803555488586
wqp,wqp:21FLCBA_WQX-WAL-DEER-2,test,2023-08,2023-09,0.11220633238554001,0.07674233615398407,0.0795721635222435,0.6947680115699768,0.6441232562065125,0.1747286170721054,0.6293901801109314,0.5135834217071533,0.318081259727478,0.14488252997398376,0.10000000149011612,0.08515049517154694,0.22209280729293823,0.23000337183475494,0.11415806412696838,0.24824392795562744,0.3172135055065155,0.16971947252750397,0.11220633238554001,0.10340530425310135,0.08591865748167038,0.017616000026464462,-0.054005637764930725,0.17404210567474365,0.30041491985321045,-0.01863817125558853,0.2705543637275696
wqp,wqp:21FLCBA_WQX-WAL-DEER-2,test,2023-09,2023-10,0.16005684435367584,0.12536004185676575,0.08238566666841507,0.8575360178947449,0.6755207180976868,0.17503002285957336,0.44999998807907104,0.6571791172027588,0.34091126918792725,0.16402274370193481,0.14488252997398376,0.08809629082679749,0.1569855958223343,0.21889755129814148,0.11782326549291611,0.2800000011920929,0.19706283509731293,0.17144635319709778,0.04785051941871643,0.010967671871185303,0.08788494765758514,0.16276800632476807,-0.02901904657483101,0.18384000658988953,-0.17939017713069916,-0.1168687641620636,0.2652033865451813
wqp,wqp:21FLCBA_WQX-WAL-DEER-2,test,2023-10,2023-11,0.02565228007733822,0.17296449840068817,0.0853140577673912,0.9184960126876831,0.8000066876411438,0.17716024816036224,0.06607142835855484,0.5416074991226196,0.3306328356266022,0.11026091128587723,0.16402274370193481,0.091930091381073,0.13260160386562347,0.17073611915111542,0.12090101093053818,0.12642857432365417,0.20934513211250305,0.1726101040840149,-0.13440456986427307,0.03249550610780716,0.09567233920097351,0.06095999851822853,-0.07557138800621033,0.18517625331878662,-0.3839285671710968,-0.198407381772995,0.26999714970588684
wqp,wqp:21FLCBA_WQX-WAL-DEER-2,test,2023-11,2023-12,0.0,0.09083164483308792,0.0861966460943222,0.8575360178947449,0.8826873302459717,0.18554843962192535,0.05714285746216774,-0.05007337033748627,0.3092922568321228,0.10000000149011612,0.11026091128587723,0.09335198253393173,0.1569855958223343,0.1578548699617386,0.11728832125663757,0.12285714596509933,0.27932965755462646,0.17123058438301086,-0.02565228007733822,0.10222324728965759,0.09821513295173645,-0.06095999851822853,-0.0502198226749897,0.17523932456970215,-0.008928571827709675,-0.1334795355796814,0.2917465567588806
wqp,wqp:21FLCBA_WQX-WAL-DEER-2,test,2023-12,2024-01,0.018522726371884346,0.05843161791563034,0.08783917874097824,0.8453440070152283,0.8532894253730774,0.17951811850070953,0.10357142984867096,-0.00018399953842163086,0.32813432812690735,0.10740908980369568,0.10000000149011612,0.09310636669397354,0.16186240315437317,0.17007684707641602,0.12215232849121094,0.14142857491970062,0.24898193776607513,0.1716374009847641,0.018522726371884346,0.07847248017787933,0.09250443428754807,-0.012191999703645706,-0.0028390921652317047,0.1794029325246811,0.04642857238650322,-0.002840697765350342,0.2870635390281677
wqp,wqp:21FLCBA_WQX-WAL-DEER-2,test,2024-01,2024-02,0.5,0.057653456926345825,0.08814892172813416,0.8331519961357117,0.8204727172851562,0.17865228652954102,0.12857143580913544,0.14736156165599823,0.32785436511039734,0.7749999761581421,0.10740908980369568,0.09153980016708374,0.16673919558525085,0.17050445079803467,0.12130957096815109,0.15142856538295746,0.28457948565483093,0.1709660440683365,0.4814772605895996,0.06339501589536667,0.09187108278274536,-0.012191999703645706,-0.05936497822403908,0.1824343204498291,0.02500000037252903,0.053629808127880096,0.28634390234947205
wqp,wqp:21FLCBA_WQX-WAL-DEER-2,test,2024-02,2024-03,0.07890172302722931,0.3759996294975281,0.08373358100652695,0.8453440070152283,0.8321451544761658,0.18011726438999176,0.39821428060531616,0.37197521328926086,0.331419974565506,0.13156068325042725,0.7749999761581421,0.08528617769479752,0.16186240315437317,0.17089802026748657,0.11006755381822586,0.25928571820259094,0.3006100654602051,0.16209815442562103,-0.4210982918739319,-0.12516850233078003,0.0856856107711792,0.012191999703645706,0.006700124591588974,0.19177228212356567,0.2696428596973419,0.18078146874904633,0.28753697872161865
wqp,wqp:21FLCBA_WQX-WAL-DEER-2,test,2024-03,2024-04,0.07890172302722931,0.19529850780963898,0.09674587100744247,0.8331519961357117,0.8044897317886353,0.168985515832901,0.44999998807907104,0.6599637269973755,0.3439215123653412,0.13156068325042725,0.13156068325042725,0.09860006719827652,0.16673919558525085,0.18004517257213593,0.12524788081645966,0.2800000011920929,0.3069840371608734,0.1796375811100006,0.0,0.19020158052444458,0.0951654314994812,-0.012191999703645706,-0.08410169184207916,0.17695516347885132,0.05178571492433548,-0.007127642631530762,0.27915844321250916
wqp,wqp:21FLCBA_WQX-WAL-DEER-2,test,2024-04,2024-05,0.0,0.14026200771331787,0.09147927165031433,0.6730359792709351,0.7788344025611877,0.17389221489429474,1.0,0.7161650657653809,0.3193133771419525,0.10000000149011612,0.13156068325042725,0.08774933964014053,0.23078559339046478,0.16332128643989563,0.11897248029708862,0.29249998927116394,0.2160528302192688,0.17152731120586395,-0.07890172302722931,0.038538314402103424,0.09480418264865875,-0.16011600196361542,-0.03579370304942131,0.1838272362947464,0.550000011920929,-0.06745674461126328,0.2771693766117096
wqp,wqp:21FLCBA_WQX-WAL-DEER-2,test,2024-05,2024-06,0.09127244353294373,0.06466866284608841,0.08788780122995377,0.7246119976043701,0.6827796101570129,0.17024391889572144,0.1875,0.7117762565612793,0.310872882604599,0.136508971452713,0.10000000149011612,0.085820771753788,0.2101552039384842,0.23999372124671936,0.11705431342124939,0.17499999701976776,0.22051554918289185,0.16988667845726013,0.09127244353294373,0.08143846690654755,0.0902818813920021,0.051575999706983566,0.044883862137794495,0.17706844210624695,-0.8125,-0.10474807769060135,0.2702774107456207
wqp,wqp:21FLCBA_WQX-WAL-DEER-2,test,2024-06,2024-07,0.0,0.10625873506069183,0.08148752152919769,0.7592859864234924,0.6870140433311462,0.18014885485172272,0.1899999976158142,0.39209482073783875,0.2914879322052002,0.10000000149011612,0.136508971452713,0.08167241513729095,0.19628560543060303,0.22035109996795654,0.10971971601247787,0.17599999904632568,0.34486979246139526,0.16406038403511047,-0.09127244353294373,0.031111009418964386,0.08930417150259018,0.03467399999499321,-0.031176980584859848,0.1777520775794983,0.0024999999441206455,0.021146953105926514,0.2829029858112335
wqp,wqp:21FLCBA_WQX-WAL-DEER-2,test,2024-07,2024-08,0.0,0.06720380485057831,0.08193656802177429,0.5209599733352661,0.7133076190948486,0.17705337703227997,0.35249999165534973,0.37855765223503113,0.31118276715278625,0.10000000149011612,0.10000000149011612,0.08548948913812637,0.2916159927845001,0.21088136732578278,0.11334291845560074,0.2409999966621399,0.35427117347717285,0.1687646359205246,0.0,0.10401442646980286,0.08647917211055756,-0.23832599818706512,-0.08604827523231506,0.17431844770908356,0.16249999403953552,0.053370922803878784,0.27637937664985657
wqp,wqp:21FLCBA_WQX-WAL-DEER-3,test,2022-12,2023-01,0.027214864268898964,0.05827063322067261,0.0865878015756607,0.6889780163764954,0.8689977526664734,0.17852962017059326,0.0625,-0.05897235870361328,0.32900500297546387,0.11088594794273376,0.10000000149011612,0.09257865697145462,0.2244088053703308,0.16106288135051727,0.12073013931512833,0.125,0.20537763833999634,0.17230843007564545,0.027214864268898964,0.08679310977458954,0.09381399303674698,-0.25390198826789856,-0.10214750468730927,0.1804281324148178,0.0625,0.029550062492489815,0.29197460412979126
wqp,wqp:21FLCBA_WQX-WAL-DEER-3,test,2023-01,2023-02,0.0,0.057899441570043564,0.08770681917667389,0.8941119909286499,0.727965772151947,0.17656347155570984,0.1964285671710968,0.14538052678108215,0.3361225128173828,0.10000000149011612,0.11088594794273376,0.08964890986680984,0.14235520362854004,0.22811535000801086,0.11798061430454254,0.1785714328289032,0.24533021450042725,0.17132195830345154,-0.027214864268898964,0.06334106624126434,0.08653702586889267,0.20513400435447693,0.0318523645401001,0.17991618812084198,0.1339285671710968,0.06785483658313751,0.28507739305496216
wqp,wqp:21FLCBA_WQX-WAL-DEER-3,test,2023-02,2023-03,0.0,0.050197720527648926,0.08792252838611603,0.8031700253486633,0.8007437586784363,0.1753012090921402,0.44999998807907104,0.3640957474708557,0.33313998579978943,0.10000000149011612,0.10000000149011612,0.09032032638788223,0.20373199880123138,0.15253782272338867,0.1209656223654747,0.2800000011920929,0.34110963344573975,0.1720486879348755,0.0,0.09322145581245422,0.0918160155415535,-0.09094200283288956,-0.1488189995288849,0.18420810997486115,0.25357142090797424,0.06981329619884491,0.28615128993988037
wqp,wqp:21FLCBA_WQX-WAL-DEER-3,test,2023-03,2023-04,0.0717495009303093,0.039651695638895035,0.09024281799793243,0.7936300039291382,0.7751098871231079,0.16905535757541656,0.44999998807907104,0.7160626649856567,0.34227702021598816,0.12869979441165924,0.10000000149011612,0.09005434811115265,0.18254800140857697,0.2065783441066742,0.1219359040260315,0.2800000011920929,0.21313519775867462,0.17183344066143036,0.0717495009303093,0.06712644547224045,0.08982577919960022,-0.00953999999910593,-0.034858331084251404,0.18417231738567352,0.0,-0.03788107633590698,0.2709836959838867
wqp,wqp:21FLCBA_WQX-WAL-DEER-3,test,2023-04,2023-05,0.11874999850988388,0.08743210136890411,0.08833462744951248,0.8819199800491333,0.7587718367576599,0.17139659821987152,0.375,0.7231065034866333,0.31666475534439087,0.14749999344348907,0.12869979441165924,0.08638324588537216,0.14723199605941772,0.19219928979873657,0.11653792858123779,0.25,0.21893644332885742,0.16902077198028564,0.047000497579574585,0.02928057312965393,0.09285952150821686,0.08828999847173691,-0.01113560888916254,0.18370862305164337,-0.07500000298023224,-0.08264172077178955,0.274551659822464
wqp,wqp:21FLCBA_WQX-WAL-DEER-3,test,2023-05,2023-06,0.1618870049715042,0.13367635011672974,0.08702139556407928,0.662746012210846,0.8127338290214539,0.17421920597553253,0.3824999928474426,0.5979002714157104,0.30363553762435913,0.16475480794906616,0.14749999344348907,0.08618349581956863,0.23490160703659058,0.17187295854091644,0.11508576571941376,0.2529999911785126,0.2764182686805725,0.16713491082191467,0.04313701018691063,0.03968495875597,0.09418188780546188,-0.21917399764060974,-0.06964541226625443,0.18226192891597748,0.007499999832361937,-0.04904550313949585,0.2765463590621948
wqp,wqp:21FLCBA_WQX-WAL-DEER-3,test,2023-06,2023-07,0.018522726371884346,0.17445580661296844,0.08389046043157578,0.5331519842147827,0.6984313130378723,0.17202170193195343,0.42250001430511475,0.6550576686859131,0.3065240681171417,0.10740908980369568,0.16475480794906616,0.08346126228570938,0.28673920035362244,0.2444067895412445,0.11264104396104813,0.26899999380111694,0.2640296220779419,0.1659059226512909,-0.14336428046226501,0.035884056240320206,0.08598300069570541,-0.12959399819374084,0.0526868999004364,0.17720246315002441,0.03999999910593033,-0.03476801514625549,0.2655249834060669
wqp,wqp:21FLCBA_WQX-WAL-DEER-3,test,2023-07,2023-08,0.15036402642726898,0.09709450602531433,0.08042287826538086,0.7118440270423889,0.5683858394622803,0.1700226217508316,0.3214752674102783,0.7097379565238953,0.30611178278923035,0.1601456105709076,0.10740908980369568,0.08276896923780441,0.21526239812374115,0.2881465256214142,0.1136498749256134,0.22859010100364685,0.22804558277130127,0.16740812361240387,0.13184130191802979,0.10925689339637756,0.08394492417573929,0.17869199812412262,0.04894033074378967,0.1715928167104721,-0.10102473944425583,-0.058048270642757416,0.259804368019104
wqp,wqp:21FLCBA_WQX-WAL-DEER-3,test,2023-08,2023-09,0.5,0.16335563361644745,0.07716546207666397,0.5160831809043884,0.6534036993980408,0.1793057918548584,0.8600000143051147,0.5253050327301025,0.3060794472694397,0.7749999761581421,0.1601456105709076,0.08145347237586975,0.2935667335987091,0.2148980051279068,0.11006718873977661,0.34850001335144043,0.31329619884490967,0.16455093026161194,0.3496359586715698,0.011911876499652863,0.08656182885169983,-0.1957608014345169,-0.06055404245853424,0.1790316253900528,0.5385247468948364,-0.012875139713287354,0.27343496680259705
wqp,wqp:21FLCBA_WQX-WAL-DEER-3,test,2023-09,2023-10,0.14308415353298187,0.4040675163269043,0.07570438086986542,0.5697280168533325,0.5995672345161438,0.1727878600358963,0.44999998807907104,0.713029682636261,0.3400738537311554,0.15723365545272827,0.7749999761581421,0.08093079179525375,0.272108793258667,0.28114455938339233,0.10651051998138428,0.2800000011920929,0.23102062940597534,0.16282004117965698,-0.3569158613681793,-0.09644562005996704,0.0773121565580368,0.05364479869604111,0.13518978655338287,0.18051926791667938,-0.4099999964237213,-0.010669469833374023,0.2624257206916809
wqp,wqp:21FLCBA_WQX-WAL-DEER-3,test,2023-10,2023-11,0.018522726371884346,0.2426946759223938,0.08447753638029099,0.8097460269927979,0.5797812938690186,0.1689794361591339,0.16785714030265808,0.6345030665397644,0.3378536105155945,0.10740908980369568,0.15723365545272827,0.09132760763168335,0.17610159516334534,0.2802499830722809,0.11906850337982178,0.167142853140831,0.21745824813842773,0.17631998658180237,-0.12456142902374268,0.1667902171611786,0.0899958536028862,0.24001799523830414,0.00274541974067688,0.17150871455669403,-0.28214284777641296,-0.2036653310060501,0.2673690617084503
wqp,wqp:21FLCBA_WQX-WAL-DEER-3,test,2023-11,2023-12,0.049479398876428604,0.11236552894115448,0.0809130072593689,0.8575360178947449,0.7230933904647827,0.18018828332424164,0.0,0.1548071652650833,0.3104565441608429,0.11979176104068756,0.10740908980369568,0.08528696745634079,0.1569855958223343,0.18296273052692413,0.11528602242469788,0.10000000149011612,0.2951221466064453,0.16773740947246552,0.030956672504544258,0.10090750455856323,0.09268619865179062,0.04778999835252762,-0.0980108231306076,0.17406530678272247,-0.16785714030265808,-0.14539936184883118,0.2844007909297943
wqp,wqp:21FLCBA_WQX-WAL-DEER-3,test,2023-12,2024-01,0.06641042977571487,0.08783400058746338,0.08383569121360779,0.8819199800491333,0.8105059266090393,0.18110115826129913,0.07540383189916611,-0.0433431901037693,0.31782448291778564,0.1265641748905182,0.11979176104068756,0.08884131908416748,0.14723199605941772,0.1795276254415512,0.11600584536790848,0.13016153872013092,0.199325293302536,0.1669294536113739,0.01693103462457657,0.046964459121227264,0.09151206910610199,0.024383999407291412,-0.057343482971191406,0.1783246248960495,0.07540383189916611,-0.004942268133163452,0.2912999987602234
wqp,wqp:21FLCBA_WQX-WAL-DEER-3,test,2024-01,2024-02,0.5,0.09740351885557175,0.08872257173061371,0.8819199800491333,0.8385090827941895,0.1791982650756836,0.1160714253783226,0.08855041116476059,0.33045709133148193,0.7749999761581421,0.1265641748905182,0.09283486008644104,0.14723199605941772,0.16697636246681213,0.11979991942644119,0.14642857015132904,0.25931036472320557,0.17100168764591217,0.4335895776748657,0.05802987515926361,0.09267028421163559,0.0,-0.08332815766334534,0.1827111691236496,0.04066759720444679,0.07897358387708664,0.2908783555030823
wqp,wqp:21FLCBA_WQX-WAL-DEER-3,test,2024-02,2024-03,0.035446591675281525,0.38520216941833496,0.08637474477291107,0.8453440070152283,0.8672056198120117,0.1806623488664627,0.4285714328289032,0.3568195402622223,0.3361891806125641,0.11417863517999649,0.7749999761581421,0.08791760355234146,0.16186240315437317,0.15303723514080048,0.11147835105657578,0.27142858505249023,0.305830717086792,0.16458335518836975,-0.4645534157752991,-0.1148027777671814,0.08765754103660583,-0.03657599911093712,-0.02137768641114235,0.19294394552707672,0.3125,0.19724664092063904,0.2904852330684662
wqp,wqp:21FLCBA_WQX-WAL-DEER-3,test,2024-03,2024-04,0.05102581903338432,0.16587138175964355,0.10061008483171463,0.8453440070152283,0.812950611114502,0.16946302354335785,0.44999998807907104,0.7037120461463928,0.3487758934497833,0.12041033059358597,0.11417863517999649,0.10180040448904037,0.16186240315437317,0.1782206892967224,0.12835310399532318,0.2800000011920929,0.2949754595756531,0.18343761563301086,0.015579227358102798,0.20367032289505005,0.09721598774194717,0.0,-0.07691173255443573,0.17872115969657898,0.02142857201397419,-0.017479300498962402,0.280256450176239
wqp,wqp:21FLCBA_WQX-WAL-DEER-3,test,2024-04,2024-05,0.0,0.11304856836795807,0.09334619343280792,0.7982860207557678,0.7853943705558777,0.17559513449668884,0.44999998807907104,0.7232155799865723,0.3180173635482788,0.10000000149011612,0.12041033059358597,0.08902968466281891,0.1806855946779251,0.15841279923915863,0.120045006275177,0.2800000011920929,0.2208109200000763,0.17328763008117676,-0.05102581903338432,0.03897396847605705,0.09694643318653107,-0.04705800116062164,-0.03920247405767441,0.18606840074062347,0.0,-0.07570984959602356,0.28043219447135925
wqp,wqp:21FLCBA_WQX-WAL-DEER-3,test,2024-05,2024-06,0.03101857379078865,0.057549118995666504,0.09063942730426788,0.5892351865768433,0.7637837529182434,0.17264343798160553,0.20749999582767487,0.6989926099777222,0.31033504009246826,0.11240743100643158,0.10000000149011612,0.08882935345172882,0.2643059194087982,0.19843176007270813,0.11925402283668518,0.18299999833106995,0.23263832926750183,0.17172221839427948,0.03101857379078865,0.07831214368343353,0.09478284418582916,-0.20905080437660217,-0.017655007541179657,0.18146321177482605,-0.24250000715255737,-0.10105817019939423,0.27461445331573486
wqp,wqp:21FLCBA_WQX-WAL-DEER-3,test,2024-06,2024-07,0.10021534562110901,0.06451870501041412,0.08203066885471344,0.6857860088348389,0.6263954639434814,0.1778613030910492,0.27222222089767456,0.43097707629203796,0.29595035314559937,0.14008614420890808,0.11240743100643158,0.08131496608257294,0.22568559646606445,0.26104047894477844,0.10947289317846298,0.40138888359069824,0.358198881149292,0.16563096642494202,0.06919676810503006,0.05449610576033592,0.08543384075164795,0.09655079990625381,0.061901599168777466,0.1742456704378128,0.0647222250699997,-0.013290047645568848,0.2779734432697296
wqp,wqp:21FLCBA_WQX-WAL-DEER-3,test,2024-07,2024-08,0.08880189061164856,0.11913014948368073,0.08181925117969513,0.5414019823074341,0.6507599353790283,0.18041206896305084,0.3675000071525574,0.3559968173503876,0.30932947993278503,0.13552075624465942,0.14008614420890808,0.08507529646158218,0.28343918919563293,0.24031445384025574,0.11081261187791824,0.24699999392032623,0.30579453706741333,0.16787095367908478,-0.011413456872105598,0.034418538212776184,0.08759069442749023,-0.1443839967250824,-0.050139449536800385,0.1793113499879837,0.09527777880430222,0.09142275154590607,0.2859048843383789
wqp,wqp:21FLCBA_WQX-WAL-DRAPER-1,test,2022-12,2023-01,0.0,0.041954368352890015,0.09088969230651855,0.8941119909286499,0.884648323059082,0.1823343187570572,0.05892857164144516,-0.08048293739557266,0.33368119597435,0.10000000149011612,0.10000000149011612,0.0961625948548317,0.14235520362854004,0.161729633808136,0.12345045059919357,0.12357142567634583,0.2203594595193863,0.17480985820293427,0.0,0.06620220094919205,0.09558902680873871,-0.012191999703645706,-0.048238787800073624,0.18342886865139008,0.05892857164144516,0.031376972794532776,0.29387736320495605
wqp,wqp:21FLCBA_WQX-WAL-DRAPER-1,test,2023-01,2023-02,0.0,0.04129745066165924,0.09245239943265915,0.7075539827346802,0.858649730682373,0.1816859394311905,0.4124999940395355,0.07890665531158447,0.33273473381996155,0.10000000149011612,0.10000000149011612,0.09597385674715042,0.24197840690612793,0.1583928018808365,0.12384525686502457,0.26499998569488525,0.2658948004245758,0.17475482821464539,0.0,0.07586333900690079,0.09557152539491653,-0.18655799329280853,-0.07996910810470581,0.18556509912014008,0.35357141494750977,0.07520195841789246,0.29270026087760925
wqp,wqp:21FLCBA_WQX-WAL-DRAPER-1,test,2023-02,2023-03,0.0,0.03738895058631897,0.09304378926753998,0.8261500000953674,0.737554669380188,0.17101280391216278,0.2964285612106323,0.6501619815826416,0.3523094058036804,0.10000000149011612,0.10000000149011612,0.09458818286657333,0.28953999280929565,0.23508234322071075,0.12775090336799622,0.21857142448425293,0.24579523503780365,0.1753670573234558,0.0,0.08228134363889694,0.08999068289995193,0.11859600245952606,0.00866304337978363,0.1864166408777237,-0.1160714253783226,0.006306052207946777,0.27100640535354614
wqp,wqp:21FLCBA_WQX-WAL-DRAPER-1,test,2023-03,2023-04,0.0,0.04275966063141823,0.0858781486749649,0.740746021270752,0.7641828656196594,0.17559120059013367,0.44999998807907104,0.4865284562110901,0.31164368987083435,0.10000000149011612,0.10000000149011612,0.0853511244058609,0.2287016063928604,0.28348660469055176,0.11561428755521774,0.2800000011920929,0.3128926455974579,0.16746829450130463,0.0,0.06789306551218033,0.0924978256225586,-0.08540400117635727,-0.06611399352550507,0.18016158044338226,0.15357142686843872,-0.015489473938941956,0.2821102738380432
wqp,wqp:21FLCBA_WQX-WAL-DRAPER-1,test,2023-04,2023-05,0.0,0.044670410454273224,0.08688421547412872,0.6184960007667542,0.7308521270751953,0.1674298197031021,0.44999998807907104,0.6988221406936646,0.32851681113243103,0.10000000149011612,0.10000000149011612,0.08612978458404541,0.27760159969329834,0.23301899433135986,0.11842973530292511,0.2800000011920929,0.20019294321537018,0.16807445883750916,0.0,0.06368904560804367,0.08824779093265533,-0.12224999815225601,0.028852194547653198,0.1793411523103714,0.0,-0.06618961691856384,0.26922327280044556
wqp,wqp:21FLCBA_WQX-WAL-DRAPER-1,test,2023-05,2023-06,0.0,0.04004840552806854,0.08390896022319794,0.6799960136413574,0.6301239728927612,0.16829606890678406,0.44999998807907104,0.7085025310516357,0.3085184395313263,0.10000000149011612,0.10000000149011612,0.08161765336990356,0.22800159454345703,0.28261634707450867,0.11444731801748276,0.2800000011920929,0.1922333538532257,0.16633671522140503,0.0,0.05629045516252518,0.08728455752134323,0.061500001698732376,0.04417815059423447,0.1767006516456604,0.0,-0.08860482275485992,0.2654881477355957
wqp,wqp:21FLCBA_WQX-WAL-DRAPER-1,test,2023-06,2023-07,0.0425761453807354,0.04510107636451721,0.08128734678030014,0.5526592135429382,0.6366308331489563,0.170314759016037,0.3499999940395355,0.7062770128250122,0.29941606521606445,0.11703045666217804,0.10000000149011612,0.08145137131214142,0.27893632650375366,0.24537785351276398,0.11448631435632706,0.23999999463558197,0.18937921524047852,0.16443319618701935,0.0425761453807354,0.07147253304719925,0.08812937140464783,-0.1273368000984192,-0.03392321243882179,0.1773817241191864,-0.10000000149011612,-0.07274246215820312,0.26290157437324524
wqp,wqp:21FLCBA_WQX-WAL-DRAPER-1,test,2023-07,2023-08,0.0,0.07450834661722183,0.07605130225419998,0.7831012010574341,0.5737609267234802,0.17228609323501587,0.3199999928474426,0.6072779893875122,0.297788143157959,0.10000000149011612,0.11703045666217804,0.0780351459980011,0.18675951659679413,0.27810484170913696,0.10854320228099823,0.2280000001192093,0.2652864456176758,0.161518856883049,-0.0425761453807354,0.05512427166104317,0.08134374767541885,0.23044200241565704,0.048280298709869385,0.17183959484100342,-0.029999999329447746,-0.038613900542259216,0.2613653242588043
wqp,wqp:21FLCBA_WQX-WAL-DRAPER-1,test,2023-08,2023-09,0.035446591675281525,0.05889766663312912,0.0769944041967392,0.6117280125617981,0.6974547505378723,0.1747739464044571,0.44999998807907104,0.5076907873153687,0.309748113155365,0.11417863517999649,0.10000000149011612,0.08302455395460129,0.2553088068962097,0.2014831155538559,0.11250048130750656,0.2800000011920929,0.2967899441719055,0.16612602770328522,0.035446591675281525,0.08857308328151703,0.08685364574193954,-0.17137320339679718,-0.12064917385578156,0.17464599013328552,0.12999999523162842,-0.033735595643520355,0.26848602294921875
wqp,wqp:21FLCBA_WQX-WAL-DRAPER-1,test,2023-09,2023-10,0.0,0.06607436388731003,0.07999265193939209,0.6843565106391907,0.646739661693573,0.1712917983531952,0.44999998807907104,0.6441515684127808,0.3379752039909363,0.10000000149011612,0.11417863517999649,0.08574406057596207,0.34625738859176636,0.25112462043762207,0.11593547463417053,0.2800000011920929,0.19323612749576569,0.1696368157863617,-0.035446591675281525,0.04878328740596771,0.08370645344257355,0.07262849807739258,0.05326671898365021,0.17698509991168976,0.0,-0.13233017921447754,0.2595038414001465
wqp,wqp:21FLCBA_WQX-WAL-DRAPER-1,test,2023-10,2023-11,0.0,0.04981626570224762,0.08097518980503082,0.7926880121231079,0.6737831830978394,0.17093099653720856,0.15714286267757416,0.5473126173019409,0.32843589782714844,0.10000000149011612,0.10000000149011612,0.08632689714431763,0.1829248070716858,0.3406352400779724,0.11854923516511917,0.16285714507102966,0.17571566998958588,0.1702817678451538,0.0,0.07646003365516663,0.0894223302602768,0.10833150148391724,0.009281523525714874,0.17754104733467102,-0.2928571403026581,-0.2109249085187912,0.26431453227996826
wqp,wqp:21FLCBA_WQX-WAL-DRAPER-1,test,2023-11,2023-12,0.0,0.04372171685099602,0.07925993949174881,0.871612012386322,0.7574050426483154,0.1789320707321167,0.13214285671710968,0.1118931770324707,0.31017351150512695,0.10000000149011612,0.10000000149011612,0.08474086970090866,0.17635519802570343,0.19354918599128723,0.11437026411294937,0.15285713970661163,0.28517141938209534,0.16556048393249512,0.0,0.07358426600694656,0.08999529480934143,0.07892400026321411,-0.03027498722076416,0.1746874451637268,-0.02500000037252903,-0.14022547006607056,0.28006383776664734
wqp,wqp:21FLCBA_WQX-WAL-DRAPER-1,test,2023-12,2024-01,0.0,0.044716861099004745,0.08089803904294968,0.8819199800491333,0.8220558762550354,0.1745968610048294,0.03214285895228386,0.09620124101638794,0.3202023506164551,0.10000000149011612,0.10000000149011612,0.08601566404104233,0.14723199605941772,0.19444386661052704,0.11834471672773361,0.1128571406006813,0.2688067555427551,0.16545221209526062,0.0,0.07463637739419937,0.08796901255846024,0.01030800025910139,-0.07110229134559631,0.1766565591096878,-0.10000000149011612,-0.04067635536193848,0.27718430757522583
wqp,wqp:21FLCBA_WQX-WAL-DRAPER-1,test,2024-01,2024-02,0.0,0.038549166172742844,0.08346516638994217,0.884361982345581,0.8374351859092712,0.17799365520477295,0.3107142746448517,0.03014283999800682,0.3152256906032562,0.10000000149011612,0.10000000149011612,0.08737529814243317,0.14625519514083862,0.1682540774345398,0.11543542146682739,0.22428570687770844,0.22775793075561523,0.16594301164150238,0.0,0.06354696303606033,0.09004346281290054,0.0024419999681413174,-0.07501151412725449,0.1771533191204071,0.2785714268684387,0.053097233176231384,0.28621241450309753
wqp,wqp:21FLCBA_WQX-WAL-DRAPER-1,test,2024-02,2024-03,0.11685851216316223,0.04237798601388931,0.08668281137943268,0.8219425082206726,0.8425942063331604,0.16983662545681,0.37142857909202576,0.4681377112865448,0.33999302983283997,0.14674340188503265,0.10000000149011612,0.08953872323036194,0.2912229895591736,0.15291202068328857,0.12244998663663864,0.24857142567634583,0.30950281023979187,0.16949079930782318,0.11685851216316223,0.07972484081983566,0.08795330673456192,-0.062419500201940536,-0.07892879098653793,0.18157249689102173,0.06071428582072258,0.03470468521118164,0.27174001932144165
wqp,wqp:21FLCBA_WQX-WAL-DRAPER-1,test,2024-03,2024-04,0.0425761453807354,0.11668466031551361,0.08367510885000229,0.594111979007721,0.8044939637184143,0.16905176639556885,0.44999998807907104,0.5908645987510681,0.3223816752433777,0.11703045666217804,0.14674340188503265,0.08314330875873566,0.2623552083969116,0.2832866907119751,0.11414916068315506,0.2800000011920929,0.25764989852905273,0.1642085164785385,-0.07428236305713654,0.011886216700077057,0.08671335875988007,-0.22783049941062927,-0.00647759810090065,0.18021096289157867,0.07857143133878708,-0.015607863664627075,0.2703878581523895
wqp,wqp:21FLCBA_WQX-WAL-DRAPER-1,test,2024-04,2024-05,0.08532875031232834,0.0911271721124649,0.08360050618648529,0.6164199709892273,0.643958568572998,0.16391749680042267,1.0,0.7273919582366943,0.32222604751586914,0.1341315060853958,0.11703045666217804,0.0826105996966362,0.2534320056438446,0.26191213726997375,0.11388705670833588,0.29249998927116394,0.20478257536888123,0.16607095301151276,0.04275260120630264,0.07465721666812897,0.08407032489776611,0.022307999432086945,0.1099366545677185,0.17277728021144867,0.550000011920929,-0.08478499948978424,0.26471853256225586
wqp,wqp:21FLCBA_WQX-WAL-DRAPER-1,test,2024-05,2024-06,0.0,0.11372023820877075,0.08118581771850586,0.5819200277328491,0.5999472141265869,0.16728916764259338,0.2475000023841858,0.7426685094833374,0.30621278285980225,0.10000000149011612,0.1341315060853958,0.07953421026468277,0.2672320008277893,0.2612965404987335,0.11211108416318893,0.19900000095367432,0.1793937385082245,0.16362763941287994,-0.08532875031232834,0.03458462655544281,0.0862765684723854,-0.03449999913573265,0.023083224892616272,0.17707927525043488,-0.7524999976158142,-0.07217594981193542,0.26553866267204285
wqp,wqp:21FLCBA_WQX-WAL-DRAPER-1,test,2024-06,2024-07,0.09010003507137299,0.06144411116838455,0.07651899755001068,0.5453439950942993,0.5647342801094055,0.17210343480110168,0.4444444477558136,0.46843433380126953,0.2922104597091675,0.13604001700878143,0.10000000149011612,0.07685735821723938,0.28186240792274475,0.2764645516872406,0.10701689124107361,0.4702777862548828,0.3322749733924866,0.1612630933523178,0.09010003507137299,0.09737304598093033,0.08215250074863434,-0.03657599911093712,-0.01096157357096672,0.16813132166862488,0.1969444453716278,-0.019761741161346436,0.26976534724235535
wqp,wqp:21FLCBA_WQX-WAL-DRAPER-1,test,2024-07,2024-08,0.07328826189041138,0.11121866852045059,0.07340241223573685,0.6411700248718262,0.5452691912651062,0.17245301604270935,0.39750000834465027,0.45865780115127563,0.306745320558548,0.1293153017759323,0.13604001700878143,0.07544995099306107,0.2435320019721985,0.28203949332237244,0.10573011636734009,0.2590000033378601,0.3097762167453766,0.16047996282577515,-0.01681176945567131,0.031437985599040985,0.07728684693574905,0.09582599997520447,0.008699323982000351,0.17102323472499847,-0.04694444313645363,0.05538492649793625,0.26848873496055603
wqp,wqp:21FLCBA_WQX-WAL-DRAPER-2,test,2022-12,2023-01,0.018522726371884346,0.04168123006820679,0.09051337093114853,0.8766772150993347,0.8357061743736267,0.1813770979642868,0.13214285671710968,-0.057612158358097076,0.3353593349456787,0.10740908980369568,0.10000000149011612,0.0954541563987732,0.14932912588119507,0.18747131526470184,0.1225634291768074,0.15285713970661163,0.2182392179965973,0.17469502985477448,0.018522726371884346,0.06868699938058853,0.09359469264745712,0.04987319931387901,0.000653192400932312,0.18206727504730225,0.13214285671710968,0.026463763788342476,0.2929271161556244
wqp,wqp:21FLCBA_WQX-WAL-DRAPER-2,test,2023-01,2023-02,0.0,0.05602797120809555,0.09085948765277863,0.626554012298584,0.8299915194511414,0.17933869361877441,0.4446428716182709,0.18910717964172363,0.3356119394302368,0.10000000149011612,0.10740908980369568,0.09415449947118759,0.27437838912010193,0.15977373719215393,0.12484937906265259,0.2778571546077728,0.30353471636772156,0.1740916520357132,-0.018522726371884346,0.07056378573179245,0.09382916241884232,-0.25012320280075073,-0.10062955319881439,0.18650329113006592,0.3125,0.059904828667640686,0.2870892584323883
wqp,wqp:21FLCBA_WQX-WAL-DRAPER-2,test,2023-02,2023-03,0.0,0.0386471189558506,0.09013289958238602,0.8170539736747742,0.6764103174209595,0.16883280873298645,0.4214285612106323,0.7042462825775146,0.3473157584667206,0.10000000149011612,0.10000000149011612,0.09131194651126862,0.19817839562892914,0.2645668387413025,0.12509068846702576,0.2685714364051819,0.2101002037525177,0.17275379598140717,0.0,0.0836293175816536,0.0871124193072319,0.19050000607967377,0.04173734784126282,0.1831740140914917,-0.02321428619325161,-0.02553248405456543,0.266391396522522
wqp,wqp:21FLCBA_WQX-WAL-DRAPER-2,test,2023-03,2023-04,0.0,0.04634469747543335,0.08613742142915726,0.680188000202179,0.7358814477920532,0.1726611703634262,0.44999998807907104,0.665583074092865,0.31410425901412964,0.10000000149011612,0.10000000149011612,0.08627640455961227,0.22792479395866394,0.20506682991981506,0.11786989867687225,0.2800000011920929,0.22380131483078003,0.16789226233959198,0.0,0.07003537565469742,0.09384356439113617,-0.1368660032749176,-0.07756580412387848,0.1826130747795105,0.02857142873108387,-0.06629674136638641,0.2759971022605896
wqp,wqp:21FLCBA_WQX-WAL-DRAPER-2,test,2023-04,2023-05,0.0,0.04267387464642525,0.08502364903688431,0.721619188785553,0.6854187846183777,0.16788184642791748,0.44999998807907104,0.7105538845062256,0.3189018666744232,0.10000000149011612,0.10000000149011612,0.08398804813623428,0.2363523244857788,0.23130880296230316,0.11496597528457642,0.2800000011920929,0.20459598302841187,0.16585798561573029,0.0,0.061179615557193756,0.087441086769104,0.04143119975924492,0.062419891357421875,0.17669884860515594,0.0,-0.09416759759187698,0.2686437666416168
wqp,wqp:21FLCBA_WQX-WAL-DRAPER-2,test,2023-05,2023-06,0.0,0.042024124413728714,0.08396553993225098,0.6899380087852478,0.6827762126922607,0.16884391009807587,0.44999998807907104,0.6979951858520508,0.30609411001205444,0.10000000149011612,0.10000000149011612,0.0826474204659462,0.22402480244636536,0.25145667791366577,0.11513777077198029,0.2800000011920929,0.19708719849586487,0.16595901548862457,0.0,0.06191382557153702,0.0899963304400444,-0.03168119862675667,-0.017741363495588303,0.17825104296207428,0.0,-0.083908811211586,0.2678787410259247
wqp,wqp:21FLCBA_WQX-WAL-DRAPER-2,test,2023-06,2023-07,0.035446591675281525,0.0427069216966629,0.08170256018638611,0.4834671914577484,0.6640750169754028,0.17026938498020172,0.3439752459526062,0.6973863840103149,0.30001527070999146,0.11417863517999649,0.10000000149011612,0.08166597038507462,0.29338687658309937,0.24121642112731934,0.11418120563030243,0.23759010434150696,0.19524943828582764,0.16438238322734833,0.035446591675281525,0.07063118368387222,0.08753053098917007,-0.2064708024263382,-0.0169130377471447,0.17653803527355194,-0.10602474212646484,-0.07703075557947159,0.2615524232387543
wqp,wqp:21FLCBA_WQX-WAL-DRAPER-2,test,2023-07,2023-08,0.02500000037252903,0.06928404420614243,0.07523488253355026,0.9063040018081665,0.5373733043670654,0.17203322052955627,0.23250000178813934,0.5789614915847778,0.29727882146835327,0.10999999940395355,0.11417863517999649,0.07704570889472961,0.13747839629650116,0.28760814666748047,0.10716594755649567,0.19300000369548798,0.2903646230697632,0.16137991845607758,-0.010446589440107346,0.05622266232967377,0.07948560267686844,0.4228368103504181,0.09350822865962982,0.16985560953617096,-0.11147525906562805,-0.03274720907211304,0.26213356852531433
wqp,wqp:21FLCBA_WQX-WAL-DRAPER-2,test,2023-08,2023-09,0.0,0.0746200755238533,0.07719826698303223,0.763043224811554,0.7613816857337952,0.17905355989933014,0.44999998807907104,0.3895115554332733,0.30788305401802063,0.10000000149011612,0.10999999940395355,0.08394962549209595,0.19478271901607513,0.16227112710475922,0.11252320557832718,0.2800000011920929,0.3607439696788788,0.16630345582962036,-0.02500000037252903,0.07858335971832275,0.08976273238658905,-0.14326080679893494,-0.2161203920841217,0.1772819310426712,0.2175000011920929,0.013307273387908936,0.27725544571876526
wqp,wqp:21FLCBA_WQX-WAL-DRAPER-2,test,2023-09,2023-10,0.0,0.04478628933429718,0.08391959220170975,0.9109960198402405,0.7619251608848572,0.17286846041679382,0.44999998807907104,0.6021925806999207,0.34614282846450806,0.10000000149011612,0.10000000149011612,0.09046019613742828,0.16060160100460052,0.20172210037708282,0.12022659927606583,0.2800000011920929,0.20553997159004211,0.17321595549583435,0.0,0.07479746639728546,0.08710537850856781,0.14795279502868652,-0.02558649331331253,0.1794038861989975,0.0,-0.12090447545051575,0.2608417868614197
wqp,wqp:21FLCBA_WQX-WAL-DRAPER-2,test,2023-10,2023-11,0.0,0.04351453855633736,0.08548993617296219,0.7075719833374023,0.8493658900260925,0.1760842502117157,0.26249998807907104,0.4956936836242676,0.32788485288619995,0.10000000149011612,0.10000000149011612,0.09144497662782669,0.21697120368480682,0.17388488352298737,0.12287046760320663,0.20499999821186066,0.20059111714363098,0.17392407357692719,0.0,0.06557712703943253,0.09651666134595871,-0.20342400670051575,-0.07925894856452942,0.18383456766605377,-0.1875,-0.20843547582626343,0.26905229687690735
wqp,wqp:21FLCBA_WQX-WAL-DRAPER-2,test,2023-11,2023-12,0.0,0.041716787964105606,0.08020759373903275,0.8560540080070496,0.7589620351791382,0.1749228537082672,0.1696428507566452,0.24510419368743896,0.3161694407463074,0.10000000149011612,0.10000000149011612,0.08485341817140579,0.18257839977741241,0.21004076302051544,0.11640283465385437,0.16785714030265808,0.30647748708724976,0.16660332679748535,0.0,0.07703549414873123,0.08599423617124557,0.14848199486732483,0.08901649713516235,0.17336492240428925,-0.09285714477300644,-0.18725056946277618,0.26944106817245483
wqp,wqp:21FLCBA_WQX-WAL-DRAPER-2,test,2023-12,2024-01,0.16335764527320862,0.045980434864759445,0.07837305217981339,0.9184960126876831,0.8070334196090698,0.17351335287094116,0.02678571455180645,0.14746062457561493,0.3117527961730957,0.16534306108951569,0.10000000149011612,0.08346008509397507,0.13260160386562347,0.19673484563827515,0.11706667393445969,0.11071428656578064,0.28525298833847046,0.16362273693084717,0.16335764527320862,0.07174599915742874,0.08763203024864197,0.062442000955343246,-0.05775424838066101,0.17555153369903564,-0.1428571492433548,-0.06893238425254822,0.2751113176345825
wqp,wqp:21FLCBA_WQX-WAL-DRAPER-2,test,2024-01,2024-02,0.09962540864944458,0.14731448888778687,0.08163511008024216,0.845553994178772,0.8684205412864685,0.17937958240509033,0.4303571283817291,0.04835697263479233,0.3116792142391205,0.1398501694202423,0.16534306108951569,0.08576276898384094,0.16177840530872345,0.15820235013961792,0.11245132982730865,0.27214285731315613,0.2242671251296997,0.16223666071891785,-0.06373223662376404,-0.010717302560806274,0.08966628462076187,-0.07294200360774994,-0.07615572214126587,0.18081748485565186,0.4035714268684387,0.07018986344337463,0.28643789887428284
wqp,wqp:21FLCBA_WQX-WAL-DRAPER-2,test,2024-02,2024-03,0.0650586262345314,0.1351226568222046,0.09007781744003296,0.7307649850845337,0.8354623317718506,0.1669074296951294,0.4178571403026581,0.6506534814834595,0.3490297794342041,0.12602345645427704,0.1398501694202423,0.09354053437709808,0.32769399881362915,0.1725458800792694,0.125383198261261,0.2671428620815277,0.24751698970794678,0.17224517464637756,-0.03456678241491318,0.08294638991355896,0.08908374607563019,-0.11478900164365768,-0.04893355816602707,0.18265824019908905,-0.012500000186264515,0.013884484767913818,0.2652868628501892
wqp,wqp:21FLCBA_WQX-WAL-DRAPER-2,test,2024-03,2024-04,0.07890172302722931,0.11036352813243866,0.08450263738632202,0.6063039898872375,0.7324427962303162,0.16838862001895905,0.44999998807907104,0.6548886299133301,0.31450143456459045,0.13156068325042725,0.12602345645427704,0.08329527080059052,0.25747838616371155,0.31343725323677063,0.11423081159591675,0.2800000011920929,0.23327931761741638,0.16546626389026642,0.013843096792697906,0.058774664998054504,0.08776289969682693,-0.12446100264787674,0.035179801285266876,0.17588593065738678,0.03214285895228386,-0.06540852785110474,0.26836317777633667
wqp,wqp:21FLCBA_WQX-WAL-DRAPER-2,test,2024-04,2024-05,0.07371728122234344,0.11502233147621155,0.08178765326738358,0.5697280168533325,0.6345720291137695,0.16485658288002014,0.9277777671813965,0.7394782900810242,0.3166453540325165,0.12948691844940186,0.13156068325042725,0.08093291521072388,0.272108793258667,0.25390443205833435,0.112179696559906,0.3213889002799988,0.19606366753578186,0.16350889205932617,-0.005184444133192301,0.044255003333091736,0.0843103677034378,-0.03657599911093712,0.10597556084394455,0.17411214113235474,0.47777777910232544,-0.08342201262712479,0.2661295235157013
wqp,wqp:21FLCBA_WQX-WAL-DRAPER-2,test,2024-05,2024-06,0.08749595284461975,0.11026033759117126,0.08020415157079697,0.5819200277328491,0.5717950463294983,0.1667378693819046,0.23499999940395355,0.7070475220680237,0.30563315749168396,0.1349983811378479,0.12948691844940186,0.07892324775457382,0.2672320008277893,0.2790474593639374,0.11047571152448654,0.1940000057220459,0.2080015242099762,0.16303589940071106,0.01377867255359888,0.051312003284692764,0.08448873460292816,0.012191999703645706,0.043384578078985214,0.1736861616373062,-0.6927777528762817,-0.06910408288240433,0.2659483850002289
wqp,wqp:21FLCBA_WQX-WAL-DRAPER-2,test,2024-06,2024-07,0.0,0.11962103843688965,0.07568754255771637,0.5575360059738159,0.5602012872695923,0.17246246337890625,0.17499999701976776,0.48067140579223633,0.293671578168869,0.10000000149011612,0.1349983811378479,0.0759245976805687,0.2769855856895447,0.2740233540534973,0.1058773621916771,0.17000000178813934,0.3343379497528076,0.15985718369483948,-0.08749595284461975,0.057689569890499115,0.08145648241043091,-0.024383999407291412,-0.011487264186143875,0.17029902338981628,-0.05999999865889549,0.008780449628829956,0.27107855677604675
wqp,wqp:21FLCBA_WQX-WAL-DRAPER-2,test,2024-07,2024-08,0.07974415272474289,0.06789921969175339,0.0749187022447586,0.5819200277328491,0.543816089630127,0.17236000299453735,0.36250001192092896,0.40711140632629395,0.306264728307724,0.13189765810966492,0.10000000149011612,0.07755496352910995,0.2672320008277893,0.28294098377227783,0.1069013699889183,0.24500000476837158,0.3045720160007477,0.16301387548446655,0.07974415272474289,0.09486758708953857,0.07879427075386047,0.024383999407291412,-0.023716315627098083,0.16761928796768188,0.1875,0.0481758713722229,0.27036434412002563
wqp,wqp:21FLCBA_WQX-WAL-DRAPER-3,test,2022-12,2023-01,0.0,0.0720958560705185,0.09105896204710007,0.8018620014190674,0.8432861566543579,0.18234245479106903,0.15714286267757416,-0.021338213235139847,0.336454302072525,0.10000000149011612,0.11703045666217804,0.09602778404951096,0.17925520241260529,0.17736688256263733,0.12352053076028824,0.16285714507102966,0.23278260231018066,0.17493516206741333,-0.0425761453807354,0.0509963221848011,0.0949920192360878,-0.05344200134277344,-0.03267066553235054,0.1851467490196228,0.13571429252624512,0.030624961480498314,0.2939227819442749
wqp,wqp:21FLCBA_WQX-WAL-DRAPER-3,test,2023-01,2023-02,0.0,0.05156068131327629,0.09043558686971664,0.594111979007721,0.7864501476287842,0.17771866917610168,0.44999998807907104,0.22762426733970642,0.3362322747707367,0.10000000149011612,0.10000000149011612,0.09336386620998383,0.2873552143573761,0.18198223412036896,0.1245289072394371,0.2800000011920929,0.31929805874824524,0.17419882118701935,0.0,0.0953855961561203,0.09151913225650787,-0.20774999260902405,-0.06080599129199982,0.18328191339969635,0.2928571403026581,0.037734031677246094,0.28361329436302185
wqp,wqp:21FLCBA_WQX-WAL-DRAPER-3,test,2023-02,2023-03,0.07890172302722931,0.03969224914908409,0.08810996264219284,0.8708620071411133,0.6399784088134766,0.1682235151529312,0.4107142984867096,0.7193113565444946,0.3442714810371399,0.13156068325042725,0.10000000149011612,0.08912698179483414,0.17665520310401917,0.27466675639152527,0.12387318909168243,0.26428571343421936,0.19310259819030762,0.1711772382259369,0.07890172302722931,0.07478974014520645,0.08605728298425674,0.27674999833106995,0.048135906457901,0.18256641924381256,-0.03928571566939354,-0.03266119956970215,0.26541197299957275
wqp,wqp:21FLCBA_WQX-WAL-DRAPER-3,test,2023-03,2023-04,0.12095227092504501,0.0984743982553482,0.0851588025689125,0.6723039746284485,0.7648097276687622,0.17402222752571106,0.44999998807907104,0.6582131385803223,0.3127240240573883,0.14838090538978577,0.13156068325042725,0.08567486703395844,0.2560783922672272,0.18964575231075287,0.11673828959465027,0.2800000011920929,0.22709247469902039,0.16616207361221313,0.042050544172525406,0.03789230436086655,0.09432008117437363,-0.1985580027103424,-0.1134534478187561,0.18513402342796326,0.03928571566939354,-0.050083331763744354,0.2773995101451874
wqp,wqp:21FLCBA_WQX-WAL-DRAPER-3,test,2023-04,2023-05,0.0,0.1362641602754593,0.08465886116027832,0.7143039703369141,0.6990146040916443,0.16722328960895538,0.44999998807907104,0.7279229164123535,0.32044801115989685,0.10000000149011612,0.14838090538978577,0.08365374803543091,0.2392784059047699,0.2571420967578888,0.1132395789027214,0.2800000011920929,0.20970723032951355,0.1644502729177475,-0.12095227092504501,0.03319425508379936,0.08600462973117828,0.041999999433755875,0.08647984266281128,0.17680150270462036,0.0,-0.08282377570867538,0.266888290643692
wqp,wqp:21FLCBA_WQX-WAL-DRAPER-3,test,2023-05,2023-06,0.0,0.07038619369268417,0.08412233740091324,0.6798040270805359,0.676624059677124,0.167615607380867,0.44999998807907104,0.692101001739502,0.3047877848148346,0.10000000149011612,0.10000000149011612,0.08294964581727982,0.22807839512825012,0.2563304007053375,0.11514262855052948,0.2800000011920929,0.20313295722007751,0.1668456792831421,0.0,0.09784171730279922,0.09000682085752487,-0.03449999913573265,-0.02187487855553627,0.1749618798494339,0.0,-0.08990396559238434,0.2666641175746918
wqp,wqp:21FLCBA_WQX-WAL-DRAPER-3,test,2023-06,2023-07,0.1646457463502884,0.050825074315071106,0.08069024980068207,0.5669019818305969,0.6532033681869507,0.16983255743980408,0.405825138092041,0.6959007978439331,0.2989772856235504,0.16585829854011536,0.10000000149011612,0.08031076937913895,0.2732391953468323,0.24179822206497192,0.11359114944934845,0.2623300552368164,0.18605321645736694,0.16341550648212433,0.1646457463502884,0.06759867817163467,0.08645693212747574,-0.11290200054645538,-0.008983243256807327,0.17547284066677094,-0.04417484998703003,-0.07584819197654724,0.2605099081993103
wqp,wqp:21FLCBA_WQX-WAL-DRAPER-3,test,2023-07,2023-08,0.02500000037252903,0.15567399561405182,0.07442175596952438,0.8941119909286499,0.5940995216369629,0.17464174330234528,0.23250000178813934,0.5226141810417175,0.2946142554283142,0.10999999940395355,0.16585829854011536,0.07629755139350891,0.14235520362854004,0.2701859474182129,0.10519389808177948,0.19300000369548798,0.33075353503227234,0.15936678647994995,-0.1396457403898239,0.00643487274646759,0.08020962029695511,0.327210009098053,0.05811913311481476,0.1729612946510315,-0.17332515120506287,0.0036401450634002686,0.2667085826396942
wqp,wqp:21FLCBA_WQX-WAL-DRAPER-3,test,2023-08,2023-09,0.0,0.10096819698810577,0.07857414335012436,0.7512279748916626,0.7715688943862915,0.17685610055923462,0.4320000112056732,0.38529616594314575,0.31205448508262634,0.10000000149011612,0.10999999940395355,0.08572790771722794,0.19950880110263824,0.16816997528076172,0.113006092607975,0.2727999985218048,0.37539124488830566,0.1683071106672287,-0.02500000037252903,0.12103690207004547,0.08894514292478561,-0.1428840011358261,-0.19852352142333984,0.17359521985054016,0.19949999451637268,0.008559711277484894,0.2749728858470917
wqp,wqp:21FLCBA_WQX-WAL-DRAPER-3,test,2023-09,2023-10,0.018522726371884346,0.053658246994018555,0.08317076414823532,0.8196771740913391,0.7511104941368103,0.1729736030101776,0.44999998807907104,0.5838384628295898,0.344068706035614,0.10740908980369568,0.10000000149011612,0.0889764130115509,0.19712911546230316,0.20076899230480194,0.11933613568544388,0.2800000011920929,0.21215403079986572,0.17283791303634644,0.018522726371884346,0.07016251981258392,0.08648969233036041,0.06844919919967651,-0.020412050187587738,0.1785755753517151,0.017999999225139618,-0.11365747451782227,0.26170614361763
wqp,wqp:21FLCBA_WQX-WAL-DRAPER-3,test,2023-10,2023-11,0.0,0.05632466822862625,0.08439783751964569,0.7499452233314514,0.7894799113273621,0.17457236349582672,0.2607142925262451,0.5250869989395142,0.3309088945388794,0.10000000149011612,0.10740908980369568,0.09000328183174133,0.2000219225883484,0.20288577675819397,0.12159432470798492,0.20428571105003357,0.19442489743232727,0.1731976419687271,-0.018522726371884346,0.055932722985744476,0.0934770330786705,-0.06973200291395187,-0.030500344932079315,0.1826988309621811,-0.18928571045398712,-0.2070624828338623,0.26781585812568665
wqp,wqp:21FLCBA_WQX-WAL-DRAPER-3,test,2023-11,2023-12,0.0,0.046663254499435425,0.08030795305967331,0.703245997428894,0.7636093497276306,0.17541006207466125,0.2232142835855484,0.24533289670944214,0.31531357765197754,0.10000000149011612,0.10000000149011612,0.08523129671812057,0.24370160698890686,0.1994594782590866,0.11678088456392288,0.18928571045398712,0.30901503562927246,0.16700488328933716,0.0,0.08436834067106247,0.08784675598144531,-0.046699199825525284,0.03502580523490906,0.1744249165058136,-0.03750000149011612,-0.1808336228132248,0.2717586159706116
wqp,wqp:21FLCBA_WQX-WAL-DRAPER-3,test,2023-12,2024-01,0.06545843929052353,0.0470164455473423,0.07620874792337418,0.8892351984977722,0.7147735953330994,0.169656440615654,0.03392857313156128,0.24430060386657715,0.3160621225833893,0.1261833757162094,0.10000000149011612,0.08016669750213623,0.14430591464042664,0.2408103346824646,0.11554253101348877,0.11357142776250839,0.30425456166267395,0.1619815230369568,0.06545843929052353,0.07615048438310623,0.08158902078866959,0.18598920106887817,0.025733042508363724,0.17189715802669525,-0.18928571045398712,-0.0942087396979332,0.2666531503200531
wqp,wqp:21FLCBA_WQX-WAL-DRAPER-3,test,2024-01,2024-02,0.07949125021696091,0.0830894261598587,0.07857716083526611,0.7358512282371521,0.8115629553794861,0.17754359543323517,0.44999998807907104,0.05090451240539551,0.3054957091808319,0.13179649412631989,0.1261833757162094,0.08302106708288193,0.20565952360630035,0.17280793190002441,0.11171362549066544,0.2800000011920929,0.20960783958435059,0.1610875278711319,0.014032809063792229,0.02925601601600647,0.08884973078966141,-0.1533840000629425,-0.10883781313896179,0.17685863375663757,0.41607141494750977,0.048078566789627075,0.285310298204422
wqp,wqp:21FLCBA_WQX-WAL-DRAPER-3,test,2024-02,2024-03,0.18262630701065063,0.10033184289932251,0.08593258261680603,0.7036120295524597,0.7536561489105225,0.16462749242782593,0.44999998807907104,0.6939797401428223,0.3506452143192291,0.17305052280426025,0.13179649412631989,0.08895481377840042,0.2435552030801773,0.21252034604549408,0.12270050495862961,0.2800000011920929,0.2067343145608902,0.1685170978307724,0.10313506424427032,0.062270112335681915,0.08420882374048233,-0.03223919868469238,-0.010937482118606567,0.1809839904308319,0.0,0.01081317663192749,0.2600500285625458
wqp,wqp:21FLCBA_WQX-WAL-DRAPER-3,test,2024-03,2024-04,0.05102581903338432,0.17913171648979187,0.08238809555768967,0.6571120023727417,0.6966143846511841,0.16796621680259705,0.44999998807907104,0.7455118894577026,0.31531092524528503,0.12041033059358597,0.17305052280426025,0.08176764845848083,0.23715519905090332,0.24073860049247742,0.11222929507493973,0.2800000011920929,0.20296289026737213,0.16329742968082428,-0.1316004991531372,0.005418919026851654,0.08683238178491592,-0.04650000110268593,0.02397436648607254,0.179666668176651,0.0,-0.06362435966730118,0.2668816149234772
wqp,wqp:21FLCBA_WQX-WAL-DRAPER-3,test,2024-04,2024-05,0.035446591675281525,0.11763560771942139,0.08248621225357056,0.7317280173301697,0.6497364044189453,0.16476580500602722,0.36500000953674316,0.7240447402000427,0.3133730888366699,0.11417863517999649,0.12041033059358597,0.08215822279453278,0.2073087990283966,0.2467968910932541,0.11245357990264893,0.2460000067949295,0.20638665556907654,0.164586141705513,-0.015579227358102798,0.09582012891769409,0.08624251186847687,0.07461600005626678,0.04473205283284187,0.17159751057624817,-0.08500000089406967,-0.09915146231651306,0.2665455937385559
wqp,wqp:21FLCBA_WQX-WAL-DRAPER-3,test,2024-05,2024-06,0.12242285907268524,0.08576561510562897,0.08020937442779541,0.6621699929237366,0.6762805581092834,0.16942335665225983,0.5722222328186035,0.5921034812927246,0.3000108003616333,0.1489691436290741,0.11417863517999649,0.0790746808052063,0.23513199388980865,0.22193637490272522,0.11074014008045197,0.4636111259460449,0.24543984234333038,0.1624622344970703,0.08697626739740372,0.06221610680222511,0.08692961186170578,-0.06955800205469131,-0.03567089885473251,0.17392757534980774,0.20722222328186035,-0.050695911049842834,0.26993483304977417
wqp,wqp:21FLCBA_WQX-WAL-DRAPER-3,test,2024-06,2024-07,0.08742956817150116,0.13328295946121216,0.0764501616358757,0.5526592135429382,0.6516994833946228,0.17175377905368805,0.17499999701976776,0.48798397183418274,0.29807430505752563,0.13497182726860046,0.1489691436290741,0.07659082114696503,0.27893632650375366,0.24535147845745087,0.10686691850423813,0.17000000178813934,0.32015207409858704,0.15979595482349396,-0.034993287175893784,0.029930338263511658,0.08112163841724396,-0.10951080173254013,-0.0019401013851165771,0.17225688695907593,-0.39722222089767456,0.01319083571434021,0.2683883011341095
wqp,wqp:21FLCBA_WQX-WAL-DRAPER-3,test,2024-07,2024-08,0.13210764527320862,0.12815728783607483,0.07487814873456955,0.5727279782295227,0.5732813477516174,0.17230260372161865,0.3449999988079071,0.4145774245262146,0.3050655126571655,0.15284305810928345,0.13497182726860046,0.07741836458444595,0.27090880274772644,0.28441324830055237,0.10564268380403519,0.23800000548362732,0.31535789370536804,0.16245289146900177,0.04467807710170746,0.06773461401462555,0.07833307236433029,0.020068800076842308,0.01743949204683304,0.16821901500225067,0.17000000178813934,0.05031244456768036,0.2695105969905853
wqp,wqp:21FLCBA_WQX-WAL-EASTERN-1,test,2023-12,2024-01,0.018522726371884346,0.09612779319286346,0.08596506714820862,0.8819199800491333,0.8441562652587891,0.17930296063423157,0.06785714626312256,0.05188312381505966,0.322058767080307,0.10740908980369568,0.12716922163963318,0.09069861471652985,0.14723199605941772,0.17898327112197876,0.11890517920255661,0.12714286148548126,0.260545015335083,0.16938892006874084,-0.049400340765714645,0.05226236581802368,0.09093452990055084,0.05532599985599518,0.023054875433444977,0.17960622906684875,-0.010714286006987095,-0.033969804644584656,0.2850019633769989
wqp,wqp:21FLCBA_WQX-WAL-EASTERN-1,test,2024-01,2024-02,0.014032809063792229,0.07092288881540298,0.0879879742860794,0.8697280287742615,0.8396573066711426,0.17889249324798584,0.2730357050895691,0.09945471584796906,0.3229532241821289,0.10561311990022659,0.10740908980369568,0.09221452474594116,0.1521088033914566,0.16305065155029297,0.12011208385229111,0.20921428501605988,0.2677144706249237,0.1707869917154312,-0.00448991684243083,0.08185233175754547,0.09345880895853043,-0.012191999703645706,-0.07508178055286407,0.18073517084121704,0.20517857372760773,0.05295358598232269,0.2895856499671936
wqp,wqp:21FLCBA_WQX-WAL-EASTERN-1,test,2024-02,2024-03,0.5,0.0608990341424942,0.0879669338464737,0.7068039774894714,0.8305267095565796,0.17283782362937927,0.3303571343421936,0.43137943744659424,0.33657488226890564,0.7749999761581421,0.10561311990022659,0.09012901037931442,0.2172784060239792,0.15128923952579498,0.121778205037117,0.2321428507566452,0.3391057848930359,0.17017340660095215,0.4859671890735626,0.07791811972856522,0.08918645977973938,-0.16292400658130646,-0.07421213388442993,0.18211081624031067,0.05732142925262451,0.03899282217025757,0.27663755416870117
wqp,wqp:21FLCBA_WQX-WAL-EASTERN-1,test,2024-03,2024-04,0.035446591675281525,0.3761628568172455,0.08074191957712173,0.7403619885444641,0.7527772188186646,0.17204926908016205,0.44999998807907104,0.6873182654380798,0.3297872841358185,0.11417863517999649,0.7749999761581421,0.08014290779829025,0.2288551926612854,0.20326997339725494,0.10707221925258636,0.2800000011920929,0.28142350912094116,0.159368634223938,-0.4645534157752991,-0.1321689784526825,0.08075356483459473,0.03355799987912178,0.09523190557956696,0.18688392639160156,0.11964285373687744,0.09174744784832001,0.27384212613105774
wqp,wqp:21FLCBA_WQX-WAL-EASTERN-1,test,2024-04,2024-05,0.0694444477558136,0.1678345501422882,0.09146025776863098,0.6903039813041687,0.7003769278526306,0.16566884517669678,1.0,0.7305260896682739,0.3261979818344116,0.12777778506278992,0.11417863517999649,0.09148342162370682,0.2238783985376358,0.25582367181777954,0.11989278346300125,0.29249998927116394,0.24916094541549683,0.17549975216388702,0.033997856080532074,0.20238524675369263,0.09301213920116425,-0.05005799978971481,-0.05958137288689613,0.17150631546974182,0.550000011920929,-0.082866370677948,0.2735499143600464
wqp,wqp:21FLCBA_WQX-WAL-EASTERN-1,test,2024-05,2024-06,0.12367929518222809,0.12545013427734375,0.08503258973360062,0.6863620281219482,0.6553470492362976,0.17124101519584656,0.7777777910232544,0.7283382415771484,0.3070901036262512,0.149471715092659,0.12777778506278992,0.08113854378461838,0.22545519471168518,0.22253264486789703,0.11438976228237152,0.38138890266418457,0.17893804609775543,0.16603723168373108,0.05423485115170479,0.03263935446739197,0.0888182520866394,-0.003942000214010477,0.002140536904335022,0.17911016941070557,-0.2222222238779068,-0.074992835521698,0.26886671781539917
wqp,wqp:21FLCBA_WQX-WAL-EASTERN-1,test,2024-06,2024-07,0.0,0.14379040896892548,0.08017250895500183,0.8033620119094849,0.6581442356109619,0.17271335422992706,0.3611111044883728,0.6113436222076416,0.2969166338443756,0.10000000149011612,0.149471715092659,0.08027024567127228,0.178655207157135,0.23999501764774323,0.11052437871694565,0.43694445490837097,0.2748009264469147,0.16299565136432648,-0.12367929518222809,0.038261380046606064,0.08631055802106857,0.11699999868869781,-0.017891930416226387,0.17613892257213593,-0.4166666567325592,-0.03438001871109009,0.2696111798286438
wqp,wqp:21FLCBA_WQX-WAL-EASTERN-2,test,2023-12,2024-01,0.0861821249127388,0.056505732238292694,0.08262966573238373,0.9184960126876831,0.8130246996879578,0.17714597284793854,0.04107142984867096,0.06113363802433014,0.317539781332016,0.13447284698486328,0.10561311990022659,0.08712749928236008,0.13260160386562347,0.18896949291229248,0.11727283149957657,0.11642856895923615,0.25592297315597534,0.16680414974689484,0.07214931398630142,0.06210166960954666,0.08810292929410934,0.12753599882125854,0.038320958614349365,0.17592741549015045,-0.0535714291036129,-0.05584856867790222,0.28083470463752747
wqp,wqp:21FLCBA_WQX-WAL-EASTERN-2,test,2024-01,2024-02,0.0,0.10295981913805008,0.08574827015399933,0.8138971328735352,0.859993577003479,0.17998413741588593,0.27321428060531616,0.07135137170553207,0.31935518980026245,0.10000000149011612,0.13447284698486328,0.09027410298585892,0.27944114804267883,0.15598328411579132,0.11764972656965256,0.20928572118282318,0.24421632289886475,0.16766558587551117,-0.0861821249127388,0.030846044421195984,0.09332280606031418,-0.10459885746240616,-0.0934460461139679,0.1830958127975464,0.2321428507566452,0.07273382693529129,0.2911587953567505
wqp,wqp:21FLCBA_WQX-WAL-EASTERN-2,test,2024-02,2024-03,0.5,0.059280186891555786,0.08741732686758041,0.6428800225257874,0.8055859804153442,0.16970989108085632,0.3107142746448517,0.4244120717048645,0.33855727314949036,0.7749999761581421,0.10000000149011612,0.08943524956703186,0.2428479939699173,0.2698647677898407,0.12111352384090424,0.22428570687770844,0.3391706347465515,0.169706329703331,0.5,0.10540776699781418,0.08668903261423111,-0.1710171401500702,-0.03742758929729462,0.17777177691459656,0.03750000149011612,0.03937631845474243,0.27302977442741394
wqp,wqp:21FLCBA_WQX-WAL-EASTERN-2,test,2024-03,2024-04,0.17898264527320862,0.37828218936920166,0.0790119394659996,0.7386879920959473,0.6995349526405334,0.1715182512998581,0.44999998807907104,0.670730710029602,0.32792964577674866,0.1715930551290512,0.7749999761581421,0.07794155925512314,0.22952480614185333,0.22185711562633514,0.10560671985149384,0.2800000011920929,0.2796064019203186,0.15818092226982117,-0.3210173547267914,-0.13422060012817383,0.07887149602174759,0.0958079993724823,0.11482685804367065,0.1852874457836151,0.13928571343421936,0.09958716481924057,0.2732299268245697
wqp,wqp:21FLCBA_WQX-WAL-EASTERN-2,test,2024-04,2024-05,0.0,0.26390331983566284,0.08872629702091217,0.6916300058364868,0.6924927830696106,0.16465698182582855,0.44999998807907104,0.7659287452697754,0.32657843828201294,0.10000000149011612,0.1715930551290512,0.08884511142969131,0.223348006606102,0.25348588824272156,0.11682654917240143,0.2800000011920929,0.2380559742450714,0.1720186322927475,-0.17898264527320862,0.14328864216804504,0.0909000039100647,-0.04705800116062164,-0.06245872378349304,0.1739271581172943,0.0,-0.059592872858047485,0.2719551622867584
wqp,wqp:21FLCBA_WQX-WAL-EASTERN-2,test,2024-05,2024-06,0.1796516329050064,0.10695123672485352,0.08569196611642838,0.8261953592300415,0.6473381519317627,0.16944091022014618,0.2874999940395355,0.7094480395317078,0.30611491203308105,0.17186065018177032,0.10000000149011612,0.08224863559007645,0.16952186822891235,0.22890551388263702,0.11506806313991547,0.2150000035762787,0.1911907196044922,0.16804851591587067,0.1796516329050064,0.10707342624664307,0.08919224888086319,0.1345653384923935,-0.028527848422527313,0.1738920360803604,-0.16249999403953552,-0.09654107689857483,0.26724863052368164
wqp,wqp:21FLCBA_WQX-WAL-EASTERN-2,test,2024-06,2024-07,0.0,0.17435957491397858,0.07960715144872665,0.6672639846801758,0.7434449195861816,0.1770228147506714,0.4888888895511627,0.5154274106025696,0.2923838496208191,0.10000000149011612,0.17186065018177032,0.07951251417398453,0.23309439420700073,0.18721449375152588,0.10990549623966217,0.488055557012558,0.31312739849090576,0.16105258464813232,-0.1796516329050064,-0.0018493682146072388,0.08835971355438232,-0.15893132984638214,-0.08131273090839386,0.17995837330818176,0.2013888955116272,0.005809664726257324,0.275953471660614
wqp,wqp:21FLCBA_WQX-WAL-EASTERN-3,test,2023-12,2024-01,0.018522726371884346,0.05650419741868973,0.08437542617321014,0.8453440070152283,0.8486652970314026,0.18087118864059448,0.0,-0.06877560913562775,0.31375572085380554,0.10740908980369568,0.11026091128587723,0.08970537036657333,0.16186240315437317,0.18224720656871796,0.11607293039560318,0.10000000149011612,0.2101368010044098,0.16750632226467133,-0.007129555102437735,0.04963675141334534,0.09157003462314606,0.012191999703645706,0.028511345386505127,0.17696310579776764,0.0,-0.026147037744522095,0.28913214802742004
wqp,wqp:21FLCBA_WQX-WAL-EASTERN-3,test,2024-01,2024-02,0.0,0.059852153062820435,0.08941599726676941,0.8819199800491333,0.8238728642463684,0.18010467290878296,0.2571428716182709,0.025476476177573204,0.3280104696750641,0.10000000149011612,0.10740908980369568,0.09401318430900574,0.14723199605941772,0.18063704669475555,0.11977826803922653,0.2028571367263794,0.2308432161808014,0.171689972281456,-0.018522726371884346,0.06567594408988953,0.09382808953523636,0.03657599911093712,-0.03854724019765854,0.18170911073684692,0.2571428716182709,0.09102955460548401,0.29482731223106384
wqp,wqp:21FLCBA_WQX-WAL-EASTERN-3,test,2024-02,2024-03,0.5,0.04952948912978172,0.09192664921283722,0.7353039979934692,0.8309082984924316,0.17488954961299896,0.29821428656578064,0.42259639501571655,0.3439840078353882,0.7749999761581421,0.10000000149011612,0.09412603825330734,0.20587840676307678,0.14587530493736267,0.1249169111251831,0.21928571164608002,0.3638518154621124,0.17422863841056824,0.5,0.08707065135240555,0.09224338829517365,-0.14661599695682526,-0.10287007689476013,0.1854027956724167,0.04107142984867096,0.06470340490341187,0.2816809415817261
wqp,wqp:21FLCBA_WQX-WAL-EASTERN-3,test,2024-03,2024-04,0.16506990790367126,0.37338340282440186,0.08363480120897293,0.7750675082206726,0.7693182826042175,0.17573244869709015,0.44999998807907104,0.6484284996986389,0.3318365514278412,0.1660279631614685,0.7749999761581421,0.08258739858865738,0.30997300148010254,0.19019654393196106,0.10869640856981277,0.2800000011920929,0.3113647401332855,0.16185250878334045,-0.33493009209632874,-0.13514119386672974,0.08323144912719727,0.039763499051332474,0.07064904272556305,0.1900666505098343,0.1517857164144516,0.10887935012578964,0.27942991256713867
wqp,wqp:21FLCBA_WQX-WAL-EASTERN-3,test,2024-04,2024-05,0.07777778059244156,0.25272321701049805,0.09231744706630707,0.8513799905776978,0.7402382493019104,0.16610832512378693,0.44999998807907104,0.747872531414032,0.32891610264778137,0.13111111521720886,0.1660279631614685,0.09172025322914124,0.15944799780845642,0.3239798843860626,0.11934982240200043,0.2800000011920929,0.24916237592697144,0.17450572550296783,-0.0872921347618103,0.1460328996181488,0.09328918904066086,0.07631249725818634,-0.05083450302481651,0.17552043497562408,0.0,-0.05776968598365784,0.2740377187728882
wqp,wqp:21FLCBA_WQX-WAL-EASTERN-3,test,2024-05,2024-06,0.15640005469322205,0.15627524256706238,0.08887826651334763,0.7448620200157166,0.7655200958251953,0.1732194423675537,0.75,0.6875578165054321,0.30461302399635315,0.16256001591682434,0.13111111521720886,0.08566620945930481,0.2020552009344101,0.1705252230167389,0.11749196797609329,0.39250001311302185,0.20753173530101776,0.1692781001329422,0.07862227410078049,0.07190626859664917,0.09478592127561569,-0.10651800036430359,-0.08639441430568695,0.18023936450481415,0.30000001192092896,-0.07785855233669281,0.2720186114311218
wqp,wqp:21FLCBA_WQX-WAL-EASTERN-3,test,2024-06,2024-07,0.07890172302722931,0.17332665622234344,0.0820189118385315,0.5948619842529297,0.7336205840110779,0.17471341788768768,0.20499999821186066,0.5723379850387573,0.2963756322860718,0.13156068325042725,0.16256001591682434,0.0815635398030281,0.2620551884174347,0.21169747412204742,0.11110451817512512,0.18199999630451202,0.29557526111602783,0.16359354555606842,-0.07749833166599274,0.02416813373565674,0.08721780776977539,-0.15000000596046448,0.0063293203711509705,0.17677736282348633,-0.5450000166893005,-0.03158760070800781,0.270084023475647
wqp,wqp:21FLCBA_WQX-WAL-ERN NORTH-1,test,2022-12,2023-01,0.07500000298023224,0.10108695924282074,0.0812118723988533,0.7761520147323608,0.7693209648132324,0.17175717651844025,0.21964286267757416,0.4161902964115143,0.310405433177948,0.12999999523162842,0.1261833757162094,0.08422049134969711,0.18953919410705566,0.2592051327228546,0.1179775819182396,0.18785713613033295,0.23481370508670807,0.16361603140830994,0.009541560895740986,0.0685509666800499,0.08793571591377258,-0.0019455000292509794,0.003920570015907288,0.1769682765007019,-0.14642857015132904,-0.1823592483997345,0.263801634311676
wqp,wqp:21FLCBA_WQX-WAL-ERN NORTH-1,test,2023-01,2023-02,0.0,0.11181879043579102,0.07479644566774368,0.6258112192153931,0.7612682580947876,0.16969050467014313,0.19285714626312256,0.2928413152694702,0.3006399869918823,0.10000000149011612,0.12999999523162842,0.07826467603445053,0.27467551827430725,0.19051234424114227,0.11094122380018234,0.17714285850524902,0.33205026388168335,0.15780064463615417,-0.07500000298023224,0.0635606050491333,0.0823000892996788,-0.15034079551696777,-0.0032382577192038298,0.17033065855503082,-0.02678571455180645,-0.05981966853141785,0.2668711543083191
wqp,wqp:21FLCBA_WQX-WAL-ERN NORTH-1,test,2023-02,2023-03,0.0425761453807354,0.061405930668115616,0.07264617830514908,0.6088989973068237,0.6546297669410706,0.16360287368297577,0.44999998807907104,0.3417120575904846,0.3136909306049347,0.11703045666217804,0.10000000149011612,0.07506708800792694,0.32644039392471313,0.26547133922576904,0.10710829496383667,0.2800000011920929,0.3016149699687958,0.15682443976402283,0.0425761453807354,0.0836532860994339,0.07538498938083649,-0.016912199556827545,0.06586083769798279,0.16371652483940125,0.2571428716182709,0.010241027921438217,0.2651331126689911
wqp,wqp:21FLCBA_WQX-WAL-ERN NORTH-1,test,2023-03,2023-04,0.1672334372997284,0.07271957397460938,0.07630422711372375,0.836188018321991,0.6083688735961914,0.15871824324131012,0.44999998807907104,0.7448350787162781,0.33372020721435547,0.1668933779001236,0.11703045666217804,0.07694938778877258,0.16552479565143585,0.31904661655426025,0.11227540671825409,0.2800000011920929,0.1533741056919098,0.16050054132938385,0.1246572956442833,0.03417988494038582,0.0779227539896965,0.22728900611400604,0.028460316359996796,0.17342641949653625,0.0,-0.026399672031402588,0.25805947184562683
wqp,wqp:21FLCBA_WQX-WAL-ERN NORTH-1,test,2023-04,2023-05,0.0,0.15951411426067352,0.07931209355592728,0.5901700258255005,0.7340458035469055,0.1671726256608963,0.44999998807907104,0.7147047519683838,0.3099009692668915,0.10000000149011612,0.1668933779001236,0.07876487821340561,0.2639319896697998,0.1913190335035324,0.11056322604417801,0.2800000011920929,0.17867302894592285,0.16056661307811737,-0.1672334372997284,0.00234144926071167,0.08751516789197922,-0.24601800739765167,-0.10991285741329193,0.18030904233455658,0.0,-0.06135399639606476,0.2670007050037384
wqp,wqp:21FLCBA_WQX-WAL-ERN NORTH-1,test,2023-05,2023-06,0.0,0.07176635414361954,0.07969441264867783,0.7077351808547974,0.6192827224731445,0.163267582654953,0.4025000035762787,0.6915515661239624,0.30698439478874207,0.10000000149011612,0.10000000149011612,0.0784076675772667,0.21690592169761658,0.28143802285194397,0.11082397401332855,0.26100000739097595,0.18438467383384705,0.16280058026313782,0.0,0.10945972800254822,0.0815727561712265,0.11756519973278046,0.06381376087665558,0.16720561683177948,-0.04749999940395355,-0.1134764552116394,0.25675052404403687
wqp,wqp:21FLCBA_WQX-WAL-ERN NORTH-1,test,2023-06,2023-07,0.10831557959318161,0.052824728190898895,0.07626503705978394,0.6438040137290955,0.6457390189170837,0.16816560924053192,0.19750000536441803,0.6358592510223389,0.2927548289299011,0.14332623779773712,0.10000000149011612,0.07636161148548126,0.2424784004688263,0.23539534211158752,0.11053705215454102,0.17900000512599945,0.19843751192092896,0.16032738983631134,0.10831557959318161,0.06932864338159561,0.0844397023320198,-0.06393119692802429,-0.049330517649650574,0.17299865186214447,-0.20499999821186066,-0.050543271005153656,0.26109933853149414
wqp,wqp:21FLCBA_WQX-WAL-ERN NORTH-1,test,2023-07,2023-08,0.07890172302722931,0.11497776210308075,0.07336899638175964,0.5575360059738159,0.6370723843574524,0.17466969788074493,0.24647526443004608,0.4163890779018402,0.29392319917678833,0.13156068325042725,0.14332623779773712,0.0756586343050003,0.2769855856895447,0.25001397728919983,0.10408370196819305,0.19859009981155396,0.33130156993865967,0.15886640548706055,-0.02941385842859745,0.029845833778381348,0.07964134961366653,-0.08626800030469894,0.0012119784951210022,0.1708180159330368,0.04897525906562805,0.026620030403137207,0.2687099575996399
wqp,wqp:21FLCBA_WQX-WAL-ERN NORTH-1,test,2023-08,2023-09,0.3033052086830139,0.11919966340065002,0.07504430413246155,0.31980443000793457,0.5831649899482727,0.17119568586349487,0.6681253910064697,0.4635469913482666,0.3224036991596222,0.22132208943367004,0.13156068325042725,0.07970166951417923,0.3329217731952667,0.27571871876716614,0.10755996406078339,0.2327498346567154,0.347949743270874,0.1658322513103485,0.2244034856557846,0.07273370027542114,0.07785750180482864,-0.23773156106472015,0.02098912000656128,0.16969795525074005,0.4216501712799072,0.019964134320616722,0.2681095600128174
wqp,wqp:21FLCBA_WQX-WAL-ERN NORTH-1,test,2023-09,2023-10,0.09148264676332474,0.26398709416389465,0.07615810632705688,0.785938024520874,0.4249846339225769,0.17150987684726715,0.44999998807907104,0.6377730369567871,0.34673935174942017,0.1365930587053299,0.22132208943367004,0.0798313170671463,0.18562479317188263,0.3096073865890503,0.10718505829572678,0.2800000011920929,0.2712753117084503,0.16767513751983643,-0.21182256937026978,-0.0411251038312912,0.07586663961410522,0.46613356471061707,0.1375330537557602,0.17807528376579285,-0.21812541782855988,-0.03427727520465851,0.2677637040615082
wqp,wqp:21FLCBA_WQX-WAL-ERN NORTH-1,test,2023-10,2023-11,0.11445566266775131,0.17193980515003204,0.0883910059928894,0.9184960126876831,0.650837242603302,0.1744094341993332,0.2696428596973419,0.6448911428451538,0.3472786247730255,0.1457822620868683,0.1365930587053299,0.09531234204769135,0.13260160386562347,0.2107076793909073,0.12328726798295975,0.207857146859169,0.2023860216140747,0.18017248809337616,0.022973017767071724,0.1237998902797699,0.09760844707489014,0.13255800306797028,-0.20118865370750427,0.1849280148744583,-0.18035714328289032,-0.16758352518081665,0.2752910554409027
wqp,wqp:21FLCBA_WQX-WAL-ERN NORTH-1,test,2023-11,2023-12,0.1706320196390152,0.1539420783519745,0.08547624200582504,0.6511120200157166,0.8242180347442627,0.18188390135765076,0.03392857313156128,0.28749826550483704,0.31814077496528625,0.16825281083583832,0.1457822620868683,0.08876661956310272,0.23955519497394562,0.14356864988803864,0.1184535101056099,0.11357142776250839,0.31192272901535034,0.1700724959373474,0.056176356971263885,0.06264155358076096,0.09484057873487473,-0.26738399267196655,-0.13671724498271942,0.18260475993156433,-0.23571428656578064,-0.1659594625234604,0.2801016867160797
wqp,wqp:21FLCBA_WQX-WAL-ERN NORTH-1,test,2023-12,2024-01,0.0699227973818779,0.18156583607196808,0.08244724571704865,0.7354779839515686,0.7199978828430176,0.17854507267475128,0.1808251440525055,0.054337240755558014,0.3163820803165436,0.12796911597251892,0.16825281083583832,0.08621204644441605,0.20580880343914032,0.23933438956737518,0.1119610145688057,0.1723300665616989,0.2223808616399765,0.16570521891117096,-0.1007092297077179,0.030947774648666382,0.08584550023078918,0.08436600118875504,0.10442730784416199,0.17475390434265137,0.1468965858221054,-0.05275169014930725,0.2840575873851776
wqp,wqp:21FLCBA_WQX-WAL-ERN NORTH-1,test,2024-01,2024-02,0.05102581903338432,0.13201729953289032,0.08584283292293549,0.7094200253486633,0.7091040015220642,0.17639514803886414,0.22857142984867096,0.12865398824214935,0.3263903260231018,0.12041033059358597,0.12796911597251892,0.09020741283893585,0.21623200178146362,0.21925432980060577,0.11722497642040253,0.19142857193946838,0.23741033673286438,0.17032159864902496,-0.018896978348493576,0.09014251828193665,0.09014172852039337,-0.026057999581098557,-0.034019917249679565,0.17751041054725647,0.04774627834558487,0.06868474185466766,0.2910799980163574
wqp,wqp:21FLCBA_WQX-WAL-ERN NORTH-1,test,2024-02,2024-03,0.035446591675281525,0.10181299597024918,0.08552733063697815,0.6184960007667542,0.6856832504272461,0.17190861701965332,0.44999998807907104,0.4439661502838135,0.3396923840045929,0.11417863517999649,0.12041033059358597,0.08675622940063477,0.25260159373283386,0.20328575372695923,0.1179983988404274,0.2800000011920929,0.3510085940361023,0.1692599654197693,-0.015579227358102798,0.07542702555656433,0.08496939390897751,-0.09092400223016739,-0.04944803938269615,0.17939332127571106,0.22142857313156128,0.06453025341033936,0.2785235643386841
wqp,wqp:21FLCBA_WQX-WAL-ERN NORTH-1,test,2024-03,2024-04,0.07890172302722931,0.07812606543302536,0.08618176728487015,0.6773275136947632,0.6192479729652405,0.16623243689537048,0.44999998807907104,0.7772789597511292,0.3401774764060974,0.13156068325042725,0.11417863517999649,0.08574843406677246,0.3490689992904663,0.24484756588935852,0.11814219504594803,0.2800000011920929,0.1999574899673462,0.1696060597896576,0.043455131351947784,0.06017867103219032,0.08567032963037491,0.05883150175213814,0.014208987355232239,0.1801120936870575,0.0,-0.043723493814468384,0.26951396465301514
wqp,wqp:21FLCBA_WQX-WAL-ERN NORTH-1,test,2024-04,2024-05,0.15083011984825134,0.10477542132139206,0.083889439702034,0.521344006061554,0.6363950371742249,0.16795159876346588,0.44999998807907104,0.7506754994392395,0.3157413899898529,0.16033205389976501,0.13156068325042725,0.08160465955734253,0.29146239161491394,0.3449714183807373,0.11314630508422852,0.2800000011920929,0.18846279382705688,0.16533346474170685,0.07192839682102203,0.036222562193870544,0.08837844431400299,-0.15598349273204803,-0.012053851038217545,0.1795794665813446,0.0,-0.0803331732749939,0.2709275186061859
wqp,wqp:21FLCBA_WQX-WAL-ERN NORTH-2,test,2022-12,2023-01,0.05624999850988388,0.11682571470737457,0.0852397084236145,0.8331519961357117,0.7989776730537415,0.17304857075214386,0.11428571492433548,0.43234413862228394,0.312345415353775,0.12250000238418579,0.12041033059358597,0.08897566795349121,0.16673919558525085,0.2438950091600418,0.12188207358121872,0.14571428298950195,0.23589572310447693,0.1677890568971634,0.005224182736128569,0.11716200411319733,0.09256380051374435,-0.004007999785244465,-0.047335460782051086,0.17776036262512207,-0.2767857015132904,-0.19806130230426788,0.2664403021335602
wqp,wqp:21FLCBA_WQX-WAL-ERN NORTH-2,test,2023-01,2023-02,0.0,0.10000908374786377,0.0791219174861908,0.6694959998130798,0.8076441287994385,0.17669737339019775,0.19107143580913544,0.14241591095924377,0.29723918437957764,0.10000000149011612,0.12250000238418579,0.08254221826791763,0.23220160603523254,0.17245440185070038,0.11154861748218536,0.17642857134342194,0.28252002596855164,0.16080345213413239,-0.05624999850988388,0.05617346614599228,0.08820473402738571,-0.16365599632263184,-0.006854911334812641,0.17309041321277618,0.07678571343421936,-0.03597897291183472,0.2788045406341553
wqp,wqp:21FLCBA_WQX-WAL-ERN NORTH-2,test,2023-02,2023-03,0.05102581903338432,0.05914003401994705,0.07810792326927185,0.514442503452301,0.7037330269813538,0.16609565913677216,0.44999998807907104,0.3520995080471039,0.3253905773162842,0.12041033059358597,0.10000000149011612,0.08095555752515793,0.36422300338745117,0.22568878531455994,0.1120738834142685,0.2800000011920929,0.3289356827735901,0.16215534508228302,0.05102581903338432,0.08593518286943436,0.07921159267425537,-0.1550534963607788,0.0666450560092926,0.16883662343025208,0.2589285671710968,0.03589607775211334,0.27116110920906067
wqp,wqp:21FLCBA_WQX-WAL-ERN NORTH-2,test,2023-03,2023-04,0.1672334372997284,0.07559119910001755,0.08023963123559952,0.7578039765357971,0.5627010464668274,0.16069121658802032,0.44999998807907104,0.7832341194152832,0.3398817181587219,0.1668933779001236,0.12041033059358597,0.08003824949264526,0.19687840342521667,0.34554699063301086,0.1141066625714302,0.2800000011920929,0.17447112500667572,0.1643199622631073,0.11620762199163437,0.03060879185795784,0.07940135151147842,0.24336150288581848,0.0852016806602478,0.1757175475358963,0.0,-0.02281409502029419,0.261981338262558
wqp,wqp:21FLCBA_WQX-WAL-ERN NORTH-2,test,2023-04,2023-05,0.018522726371884346,0.1634409874677658,0.08188540488481522,0.5767422318458557,0.6669508814811707,0.16880853474140167,0.44999998807907104,0.7576958537101746,0.31323060393333435,0.10740908980369568,0.1668933779001236,0.08096954971551895,0.2693031132221222,0.21514852344989777,0.11206399649381638,0.2800000011920929,0.1851518750190735,0.16331999003887177,-0.1487107127904892,0.005509406328201294,0.08940774947404861,-0.1810617744922638,-0.0913320779800415,0.18264172971248627,0.0,-0.05943143367767334,0.271575391292572
wqp,wqp:21FLCBA_WQX-WAL-ERN NORTH-2,test,2023-05,2023-06,0.21121104061603546,0.08689732104539871,0.08219520002603531,0.7229200005531311,0.5896028876304626,0.16557414829730988,0.38999998569488525,0.7227857112884521,0.3092956244945526,0.18448442220687866,0.10740908980369568,0.08057159930467606,0.21083199977874756,0.2835823893547058,0.1120782420039177,0.25600001215934753,0.19182834029197693,0.16482236981391907,0.19268831610679626,0.10538940131664276,0.08407652378082275,0.14617778360843658,0.043991684913635254,0.17042648792266846,-0.05999999865889549,-0.10674820840358734,0.26133137941360474
wqp,wqp:21FLCBA_WQX-WAL-ERN NORTH-2,test,2023-06,2023-07,0.10085764527320862,0.19592660665512085,0.07822965830564499,0.6138039827346802,0.6581478118896484,0.17241592705249786,0.2224999964237213,0.676508903503418,0.2962248623371124,0.1403430551290512,0.18448442220687866,0.0781378522515297,0.254478394985199,0.2285856306552887,0.10989242047071457,0.1889999955892563,0.22037632763385773,0.159907728433609,-0.11035339534282684,-0.01047942042350769,0.08650911599397659,-0.10911600291728973,-0.04994954168796539,0.18046069145202637,-0.16750000417232513,-0.018846526741981506,0.2672739624977112
wqp,wqp:21FLCBA_WQX-WAL-ERN NORTH-2,test,2023-07,2023-08,0.12890172004699707,0.1536848098039627,0.07575350999832153,0.5575360059738159,0.6180686950683594,0.17350320518016815,0.2754708528518677,0.45036444067955017,0.29696643352508545,0.1515606939792633,0.1403430551290512,0.07876157015562057,0.2769855856895447,0.26317623257637024,0.10588137060403824,0.21018832921981812,0.37046095728874207,0.1621924787759781,0.0280440766364336,0.09910209476947784,0.0806417465209961,-0.05626799911260605,-0.00765102356672287,0.16696485877037048,0.05297083780169487,0.004303842782974243,0.2676551938056946
wqp,wqp:21FLCBA_WQX-WAL-ERN NORTH-2,test,2023-08,2023-09,0.45256322622299194,0.16418702900409698,0.07492057979106903,0.33307427167892456,0.5745333433151245,0.1728816032409668,0.7537208199501038,0.4809100031852722,0.3201274275779724,0.2810252904891968,0.1515606939792633,0.07870763540267944,0.3382297158241272,0.2669760286808014,0.10704495757818222,0.19851166009902954,0.3399882912635803,0.16492527723312378,0.3236615061759949,0.042779870331287384,0.07816794514656067,-0.22446171939373016,0.022655487060546875,0.17145083844661713,0.47824999690055847,0.02479677088558674,0.2694959044456482
wqp,wqp:21FLCBA_WQX-WAL-ERN NORTH-2,test,2023-09,2023-10,0.07890172302722931,0.37591731548309326,0.07582474499940872,0.7291120290756226,0.4407960772514343,0.173662468791008,0.44999998807907104,0.6069396138191223,0.3455432057380676,0.13156068325042725,0.2810252904891968,0.0793963223695755,0.20835520327091217,0.3152223825454712,0.10496706515550613,0.2800000011920929,0.3084058463573456,0.16610626876354218,-0.37366151809692383,-0.08527982234954834,0.07558786869049072,0.3960377275943756,0.1381857842206955,0.1802399903535843,-0.3037208318710327,-0.009131617844104767,0.27112555503845215
wqp,wqp:21FLCBA_WQX-WAL-ERN NORTH-2,test,2023-10,2023-11,0.07890172302722931,0.19449719786643982,0.09083028882741928,0.9380031824111938,0.6196202039718628,0.1729523092508316,0.2767857015132904,0.6553945541381836,0.3519866466522217,0.13156068325042725,0.13156068325042725,0.09782622754573822,0.1247987225651741,0.23207060992717743,0.1246851235628128,0.21071428060531616,0.21765631437301636,0.1836220771074295,0.0,0.17471647262573242,0.09759256988763809,0.20889119803905487,-0.1666540801525116,0.18121184408664703,-0.17321428656578064,-0.16215917468070984,0.2755342721939087
wqp,wqp:21FLCBA_WQX-WAL-ERN NORTH-2,test,2023-11,2023-12,0.11105962842702866,0.13830874860286713,0.08624689280986786,0.6751012206077576,0.8166336417198181,0.18271592259407043,0.1428571492433548,0.29499348998069763,0.31790047883987427,0.14442385733127594,0.13156068325042725,0.08893328905105591,0.22995951771736145,0.13515131175518036,0.11974018812179565,0.15714286267757416,0.30041155219078064,0.17114536464214325,0.03215790167450905,0.07159120589494705,0.09665998816490173,-0.26290199160575867,-0.1701720803976059,0.18356461822986603,-0.1339285671710968,-0.1687612682580948,0.2822367548942566
wqp,wqp:21FLCBA_WQX-WAL-ERN NORTH-2,test,2023-12,2024-01,0.08104777336120605,0.13839446008205414,0.08065599203109741,0.6169779896736145,0.7304286360740662,0.17492666840553284,0.2651044726371765,0.1710180789232254,0.3183843493461609,0.13241910934448242,0.14442385733127594,0.0841013565659523,0.25320878624916077,0.22643911838531494,0.11421935260295868,0.20604178309440613,0.28281038999557495,0.1647866666316986,-0.030011849477887154,0.0530761294066906,0.08356165140867233,-0.05812320113182068,0.08031940460205078,0.17362095415592194,0.12224732339382172,-0.0882030576467514,0.2749519646167755
wqp,wqp:21FLCBA_WQX-WAL-ERN NORTH-2,test,2024-01,2024-02,0.0,0.12421926856040955,0.07924933731555939,0.864851176738739,0.6402556300163269,0.17213794589042664,0.16428571939468384,0.20047353208065033,0.3193320333957672,0.10000000149011612,0.13241910934448242,0.0825299397110939,0.1540595144033432,0.25380513072013855,0.11218367516994476,0.16571427881717682,0.2408018410205841,0.16424721479415894,-0.08104777336120605,0.06394767016172409,0.08288247138261795,0.2478732019662857,0.041750483214855194,0.17282184958457947,-0.10081875324249268,0.026498407125473022,0.2802099883556366
wqp,wqp:21FLCBA_WQX-WAL-ERN NORTH-2,test,2024-02,2024-03,0.0425761453807354,0.06848078221082687,0.08264187723398209,0.8697280287742615,0.7574135065078735,0.17302361130714417,0.44999998807907104,0.31312814354896545,0.32605892419815063,0.11703045666217804,0.10000000149011612,0.08569891005754471,0.1521088033914566,0.1659877598285675,0.11615894734859467,0.2800000011920929,0.30497610569000244,0.16679897904396057,0.0425761453807354,0.09663957357406616,0.0880783274769783,0.0048767998814582825,-0.15674029290676117,0.17768587172031403,0.2857142984867096,0.06974110007286072,0.28294140100479126
wqp,wqp:21FLCBA_WQX-WAL-ERN NORTH-2,test,2024-03,2024-04,0.09148264676332474,0.07255847007036209,0.08760896325111389,0.6707860231399536,0.8060691952705383,0.16793009638786316,0.44999998807907104,0.7067360877990723,0.3420258164405823,0.1365930587053299,0.11703045666217804,0.08799529820680618,0.2316855937242508,0.16210398077964783,0.120369553565979,0.2800000011920929,0.20921602845191956,0.1691788285970688,0.04890650138258934,0.045159537345170975,0.08877413719892502,-0.19894200563430786,-0.08716795593500137,0.18418696522712708,0.0,-0.024629712104797363,0.2688404619693756
wqp,wqp:21FLCBA_WQX-WAL-ERN NORTH-2,test,2024-04,2024-05,0.15413014590740204,0.10592339187860489,0.08505000174045563,0.5331519842147827,0.6946336030960083,0.16761134564876556,0.44999998807907104,0.7368205785751343,0.317560076713562,0.16165205836296082,0.1365930587053299,0.08289231359958649,0.28673920035362244,0.23372882604599,0.1130397692322731,0.2800000011920929,0.21453431248664856,0.16634953022003174,0.0626475065946579,0.02829909697175026,0.08695088326931,-0.13763399422168732,0.06743520498275757,0.17793889343738556,0.0,-0.09177419543266296,0.26822686195373535
wqp,wqp:21FLCBA_WQX-WAL-ERN NORTH-3,test,2022-12,2023-01,0.018522726371884346,0.10282856225967407,0.08047885447740555,0.6360939741134644,0.5954033136367798,0.16873760521411896,0.22499999403953552,0.5039395689964294,0.3153918981552124,0.10740908980369568,0.11703045666217804,0.08256985992193222,0.24556240439414978,0.33845946192741394,0.1163850724697113,0.1899999976158142,0.20606550574302673,0.16495034098625183,-0.02405341900885105,0.10671714693307877,0.08357392251491547,0.08417399972677231,0.08273948729038239,0.17276738584041595,-0.15714286267757416,-0.2019226998090744,0.26138541102409363
wqp,wqp:21FLCBA_WQX-WAL-ERN NORTH-3,test,2023-01,2023-02,0.02500000037252903,0.07531853765249252,0.0729336068034172,0.6014271974563599,0.6095481514930725,0.1685260385274887,0.21964286267757416,0.3560442626476288,0.301274836063385,0.10999999940395355,0.10740908980369568,0.07564282417297363,0.284429132938385,0.24047350883483887,0.10975579172372818,0.18785713613033295,0.3043558597564697,0.157716765999794,0.006477274466305971,0.08085925877094269,0.08025089651346207,-0.03466679900884628,-0.001192435622215271,0.16937792301177979,-0.0053571430034935474,-0.0656173825263977,0.26770293712615967
wqp,wqp:21FLCBA_WQX-WAL-ERN NORTH-3,test,2023-02,2023-03,0.035446591675281525,0.06690570712089539,0.07071489095687866,0.5788764953613281,0.5958361029624939,0.16305778920650482,0.44999998807907104,0.4128895401954651,0.31498292088508606,0.11417863517999649,0.10999999940395355,0.0726991519331932,0.3384493887424469,0.27662739157676697,0.10594647377729416,0.2800000011920929,0.2947833836078644,0.15522727370262146,0.010446589440107346,0.06098301708698273,0.07397784292697906,-0.02255070023238659,0.019188538193702698,0.1661059558391571,0.23035714030265808,0.009985954500734806,0.2640092074871063
wqp,wqp:21FLCBA_WQX-WAL-ERN NORTH-3,test,2023-03,2023-04,0.07890172302722931,0.06769151240587234,0.0748414695262909,0.6509271860122681,0.571451723575592,0.1574680358171463,0.44999998807907104,0.7571073770523071,0.3319338262081146,0.13156068325042725,0.11417863517999649,0.07527782022953033,0.2396291196346283,0.33436450362205505,0.11041662842035294,0.2800000011920929,0.1447719931602478,0.15944741666316986,0.043455131351947784,0.045780111104249954,0.07636414468288422,0.07205069810152054,0.0159600917249918,0.171483114361763,0.0,-0.04045003652572632,0.2564913332462311
wqp,wqp:21FLCBA_WQX-WAL-ERN NORTH-3,test,2023-04,2023-05,0.0,0.09951625764369965,0.07503394782543182,0.5562310814857483,0.6028958559036255,0.16214758157730103,0.44999998807907104,0.7264624834060669,0.3098466396331787,0.10000000149011612,0.13156068325042725,0.07402970641851425,0.2775075435638428,0.25308263301849365,0.10739929974079132,0.2800000011920929,0.15358532965183258,0.15814070403575897,-0.07890172302722931,0.032965287566185,0.08083640038967133,-0.09469608962535858,-0.02550061047077179,0.17232650518417358,0.0,-0.0813196450471878,0.25989997386932373
wqp,wqp:21FLCBA_WQX-WAL-ERN NORTH-3,test,2023-05,2023-06,0.0,0.05637208744883537,0.0754818469285965,0.6625431776046753,0.5536040663719177,0.16140614449977875,0.375,0.7137183547019958,0.30446937680244446,0.10000000149011612,0.10000000149011612,0.07432003319263458,0.2349827140569687,0.2933541238307953,0.10824143141508102,0.25,0.15542475879192352,0.15935157239437103,0.0,0.08343209326267242,0.07931706309318542,0.1063120886683464,0.037011221051216125,0.16753056645393372,-0.07500000298023224,-0.10138647258281708,0.2553498446941376
wqp,wqp:21FLCBA_WQX-WAL-ERN NORTH-3,test,2023-06,2023-07,0.10330521315336227,0.046288762241601944,0.07320146262645721,0.594111979007721,0.5993197560310364,0.16657805442810059,0.24500000476837158,0.6094328165054321,0.2917986512184143,0.1413220912218094,0.10000000149011612,0.07349903881549835,0.2623552083969116,0.255779504776001,0.10747463256120682,0.1979999989271164,0.20541255176067352,0.15771552920341492,0.10330521315336227,0.07092273980379105,0.08106305450201035,-0.06843119859695435,-0.05513478070497513,0.1700410544872284,-0.12999999523162842,-0.04615376889705658,0.2590557634830475
wqp,wqp:21FLCBA_WQX-WAL-ERN NORTH-3,test,2023-07,2023-08,0.11220633238554001,0.11159702390432358,0.07059119641780853,0.5453439950942993,0.5900134444236755,0.1703878492116928,0.2504708468914032,0.4876507818698883,0.2966812551021576,0.14488252997398376,0.1413220912218094,0.07264936715364456,0.28186240792274475,0.2688055634498596,0.10302554816007614,0.20018833875656128,0.31222963333129883,0.1568882316350937,0.008901122026145458,0.032558053731918335,0.07604827731847763,-0.048767998814582825,0.005700938403606415,0.16864512860774994,0.005470838397741318,0.0151289701461792,0.2617225646972656
wqp,wqp:21FLCBA_WQX-WAL-ERN NORTH-3,test,2023-08,2023-09,0.3725764751434326,0.13808315992355347,0.07241791486740112,0.33307427167892456,0.5599821209907532,0.17095023393630981,0.6904957294464111,0.4449872076511383,0.31678709387779236,0.24903059005737305,0.14488252997398376,0.0767618790268898,0.3382297158241272,0.28445717692375183,0.10448422282934189,0.22380170226097107,0.3186609745025635,0.16306380927562714,0.260370135307312,0.0537133626639843,0.07642360776662827,-0.21226970851421356,0.011866115033626556,0.1687837839126587,0.4400249123573303,0.022961311042308807,0.2678888738155365
wqp,wqp:21FLCBA_WQX-WAL-ERN NORTH-3,test,2023-09,2023-10,0.09148264676332474,0.31747785210609436,0.0740160122513771,0.7163619995117188,0.4318937063217163,0.17219951748847961,0.44999998807907104,0.5472405552864075,0.3439640700817108,0.1365930587053299,0.24903059005737305,0.07758987694978714,0.2134552001953125,0.31674638390541077,0.10386161506175995,0.2800000011920929,0.3181886374950409,0.16532790660858154,-0.2810938060283661,-0.05536079406738281,0.07391053438186646,0.3832877278327942,0.12756215035915375,0.17661023139953613,-0.2404957413673401,-0.0014971010386943817,0.2703309953212738
wqp,wqp:21FLCBA_WQX-WAL-ERN NORTH-3,test,2023-10,2023-11,0.05102581903338432,0.1850762665271759,0.08826681226491928,0.9014272093772888,0.6085244417190552,0.1715763956308365,0.2928571403026581,0.6692783832550049,0.3553483784198761,0.12041033059358597,0.1365930587053299,0.09484962373971939,0.13942912220954895,0.23414377868175507,0.12323372811079025,0.21714285016059875,0.19747671484947205,0.1813976764678955,-0.040456827729940414,0.1401875913143158,0.09439302235841751,0.18506519496440887,-0.1615336537361145,0.18223799765110016,-0.15714286267757416,-0.15025478601455688,0.2726787328720093
wqp,wqp:21FLCBA_WQX-WAL-ERN NORTH-3,test,2023-11,2023-12,0.14797358214855194,0.11538618803024292,0.08546106517314911,0.5432860255241394,0.7882276177406311,0.18053390085697174,0.20357142388820648,0.32271599769592285,0.319012850522995,0.15918943285942078,0.12041033059358597,0.08825650811195374,0.28268560767173767,0.1523911952972412,0.11934268474578857,0.18142856657505035,0.2874014675617218,0.17137226462364197,0.09694776684045792,0.08887845277786255,0.09520977735519409,-0.3581412136554718,-0.16292913258075714,0.18187694251537323,-0.0892857164144516,-0.1798272281885147,0.27967479825019836
wqp,wqp:21FLCBA_WQX-WAL-ERN NORTH-3,test,2023-12,2024-01,0.058166179805994034,0.15842774510383606,0.07752037048339844,0.5093511939048767,0.6379950642585754,0.17138399183750153,0.17630647122859955,0.2916460633277893,0.32066962122917175,0.12326647341251373,0.15918943285942078,0.08002029359340668,0.2962595224380493,0.2673061490058899,0.11211536079645157,0.17052258551120758,0.30237841606140137,0.16229669749736786,-0.0898074060678482,0.03536374866962433,0.07853177934885025,-0.03393480181694031,0.13623636960983276,0.17227844893932343,-0.027264956384897232,-0.10573256015777588,0.267345130443573
wqp,wqp:21FLCBA_WQX-WAL-ERN NORTH-3,test,2024-01,2024-02,0.0,0.11492066085338593,0.07565928995609283,0.6999345421791077,0.5383107662200928,0.16946381330490112,0.17678570747375488,0.2377951741218567,0.31469428539276123,0.10000000149011612,0.12326647341251373,0.07890277355909348,0.2200261801481247,0.2944355607032776,0.10937219113111496,0.17071428894996643,0.22947420179843903,0.1619705855846405,-0.058166179805994034,0.08250759541988373,0.07975603640079498,0.19058333337306976,0.055689387023448944,0.1685112863779068,0.00047924183309078217,0.003973111510276794,0.27696412801742554
wqp,wqp:21FLCBA_WQX-WAL-ERN NORTH-3,test,2024-02,2024-03,0.0425761453807354,0.06583517044782639,0.07747574895620346,0.8560360074043274,0.6225966811180115,0.16901826858520508,0.44999998807907104,0.3692883253097534,0.32604214549064636,0.11703045666217804,0.10000000149011612,0.07989058643579483,0.15758560597896576,0.22191369533538818,0.11211463809013367,0.2800000011920929,0.27946728467941284,0.16273757815361023,0.0425761453807354,0.08545568585395813,0.0814741775393486,0.15610146522521973,-0.09902359545230865,0.17342033982276917,0.27321428060531616,0.061983734369277954,0.2767398953437805
wqp,wqp:21FLCBA_WQX-WAL-ERN NORTH-3,test,2024-03,2024-04,0.07949125021696091,0.07319122552871704,0.08377204090356827,0.5955939888954163,0.7510606646537781,0.166375532746315,0.44999998807907104,0.7195370197296143,0.3387872278690338,0.13179649412631989,0.11703045666217804,0.08442619442939758,0.261762410402298,0.1730746030807495,0.11799024045467377,0.2800000011920929,0.18414390087127686,0.16657643020153046,0.03691510111093521,0.042459387332201004,0.08688748627901077,-0.26044198870658875,-0.13779422640800476,0.18303732573986053,0.0,-0.023790299892425537,0.2671664357185364
wqp,wqp:21FLCBA_WQX-WAL-ERN NORTH-3,test,2024-04,2024-05,0.13990020751953125,0.0963001549243927,0.08193803578615189,0.48234400153160095,0.632135272026062,0.16532036662101746,0.44999998807907104,0.7458100318908691,0.31798455119132996,0.1559600830078125,0.13179649412631989,0.0797010213136673,0.29293760657310486,0.2623352110385895,0.11053254455327988,0.2800000011920929,0.1981993317604065,0.16389067471027374,0.060408953577280045,0.032214388251304626,0.08297326415777206,-0.1132500022649765,0.08590689301490784,0.17444340884685516,0.0,-0.09780146181583405,0.2639904022216797
wqp,wqp:21FLCBA_WQX-WAL-GRAYTON-1,test,2024-02,2024-03,0.1021132543683052,0.11463899165391922,0.09008103609085083,0.9063040018081665,0.7997614741325378,0.17587324976921082,0.2767857015132904,0.35218071937561035,0.34047743678092957,0.14084529876708984,0.13326524198055267,0.09166404604911804,0.13747839629650116,0.1646483838558197,0.12025725096464157,0.21071428060531616,0.3515234589576721,0.17197129130363464,0.01895015686750412,0.048804063349962234,0.09022431820631027,0.08532600104808807,-0.04537711292505264,0.18399326503276825,0.10000000149011612,0.09737908840179443,0.2861805260181427
wqp,wqp:21FLCBA_WQX-WAL-GRAYTON-1,test,2024-03,2024-04,0.0,0.13019180297851562,0.09053605794906616,0.5575360059738159,0.8390568494796753,0.17526626586914062,0.44999998807907104,0.5009165406227112,0.33327606320381165,0.10000000149011612,0.14084529876708984,0.09088366478681564,0.2769855856895447,0.139878049492836,0.1188734695315361,0.2800000011920929,0.3570229411125183,0.17191855609416962,-0.1021132543683052,0.05105853080749512,0.09309351444244385,-0.3487679958343506,-0.10046304762363434,0.1845896691083908,0.17321428656578064,0.03915536403656006,0.2864503264427185
wqp,wqp:21FLCBA_WQX-WAL-GRAYTON-1,test,2024-04,2024-05,0.0,0.06321290135383606,0.0910310447216034,0.5534020066261292,0.6290069818496704,0.1674908548593521,0.44999998807907104,0.7661459445953369,0.3379712998867035,0.10000000149011612,0.10000000149011612,0.08856047689914703,0.3036392033100128,0.2687438428401947,0.11939720809459686,0.2800000011920929,0.2221357822418213,0.17350374162197113,0.0,0.08598443120718002,0.08706526458263397,-0.004133999813348055,0.11382630467414856,0.17756730318069458,0.0,-0.06899556517601013,0.2715170681476593
wqp,wqp:21FLCBA_WQX-WAL-GRAYTON-1,test,2024-05,2024-06,0.018522726371884346,0.050000663846731186,0.08587206900119781,0.7214379906654358,0.5469791293144226,0.16992338001728058,0.44999998807907104,0.7717788815498352,0.31107354164123535,0.10740908980369568,0.10000000149011612,0.08285536617040634,0.2114247977733612,0.30207350850105286,0.11573106050491333,0.2800000011920929,0.1874469518661499,0.16909368336200714,0.018522726371884346,0.0585661306977272,0.08937224000692368,0.16803599894046783,0.03029334545135498,0.18005813658237457,0.0,-0.08276095986366272,0.27168962359428406
