source_id,site_id,year_month,module,module_seed,rank_sha256
wqp,wqp:21FLSJWM_WQX-44592,2018-06,ANFIS-F,20260815,00008bfbe001911afbaed42a465c6fda0ea24eebb49515bd310121744e966b84
wqp,wqp:21SC60WQ_WQX-S-310,2014-06,ANFIS-F,20260815,000378bb61b862166b29d34b1d3feac1a1d5116c43fab5323e95769e82abafc1
wqp,wqp:21FLSFWM-L001,2008-04,ANFIS-F,20260815,00044765b914308af5b9f362f848f078ebaf354bc17af1997ef0f18bff6aea93
wqp,wqp:21SC60WQ_WQX-CL-089,2007-07,ANFIS-F,20260815,0006fa08fa1dc0d00e98810e77a2520f0f970013cfd43f4f4d0d363576597163
wqp,wqp:MNPCA-10-0042-00-401,2009-09,ANFIS-F,20260815,00075bc7affcf126a967e1605917b0104073541370b0d4b25db57644482ab0fb
wqp,wqp:21NC03WQ-NEU019C,2006-02,ANFIS-F,20260815,0007cefdfeb1027a3949175b95ac4152fdf6a5a448bf50c877d4771c6b4113dd
wqp,wqp:KAWNATON_WQX-KN-KL-005,2006-04,ANFIS-F,20260815,000bf19db5c37c67645e7ce856a1216d747a7cc6a365e120e4920ac0764a594f
wqp,wqp:21FLSFWM-L003,1979-05,ANFIS-F,20260815,000dd1776baec7ca15011b5e7f3a58a0b966deed2f2e7e07cda9863bcd577db0
wqp,wqp:21FLSFWM-ISTK1,2004-08,ANFIS-F,20260815,000f6c0a77e6de55948493d6a29bb3531b22ac19f00aaf439c5c21100ac3b11f
wqp,wqp:MNPCA-62-0054-00-101,2014-07,ANFIS-F,20260815,0013edcdec8a7fe488c131688530f17605acbe127ad1de6638548d56dbbd2f16
wqp,wqp:21FLLCPC_WQX-GREENWSH,2018-03,ANFIS-F,20260815,0013f3ed64b2286ce992f7043101404a1866b1458904f44691a55e6ff211460e
wqp,wqp:CAPECRD_WQX-290,1987-07,ANFIS-F,20260815,00155a70a0de4ee50333375ebab57db8c546e75dbe8913d8c1bb6f1f5826093b
wqp,wqp:21FLSWFD_WQX-23113,2008-05,ANFIS-F,20260815,0019362466f46698738fdb5e01163c788137e3af3076a2bcf26c3c2d362d5065
wqp,wqp:21FLSFWM-C03,1999-03,ANFIS-F,20260815,0019b81d7f470bbe2d26d26e7a4298f4875ce5faf9e2d1d0ce9d88fe7e6a01a0
wqp,wqp:21FLSFWM-L006,1987-12,ANFIS-F,20260815,001d216d39c1a1aa699a22825c27027a793c332c9a350e3b9589aee4a2509727
wqp,wqp:21DELAWQ_WQX-208181,2017-03,ANFIS-F,20260815,0025eb86871185dd18f253f2fa1980a8c664c623ccc8473e4e0fd784e6c4a416
wqp,wqp:21SC60WQ_WQX-SV-268,2013-01,ANFIS-F,20260815,00273f6d5f349c8d8030e225855daf49921e630525d8ecf28377939d12081427
wqp,wqp:21SC60WQ_WQX-SV-363,2012-05,ANFIS-F,20260815,0027a62780f9e97ce53ed5730ea9cd685acdc20d77dc84e889f5eaccb636e57b
wqp,wqp:USGS-423659088354401,1994-06,ANFIS-F,20260815,0029b9b6feced8dbad9ff28ac5254930e1fd75f24c8152c5a7c54c97c4aaafbe
wqp,wqp:21DELAWQ_WQX-109031,2006-01,ANFIS-F,20260815,002a41727e5256130e2e60b25d3a2ecf2c76655e1810f7d57846914339f50bc8
wqp,wqp:21FLORAN_WQX-CC22,2005-11,ANFIS-F,20260815,002c25e270546200b993b719d1351406009e75e4dc13aa9aba07022c8de2e0f9
wqp,wqp:21SC60WQ_WQX-SV-339,2002-10,ANFIS-F,20260815,002c9b5c4635e75bd041506af85b16b39d80d2edc53bbcb77f0956af4b727a2b
wqp,wqp:USGS-423556088365001,1997-05,ANFIS-F,20260815,002d3e99a0bea1a3db4972438c78b874b28467e0efed62a615fa74dd0cce38e6
wqp,wqp:21FLSFWM-KBAROUT,1991-12,ANFIS-F,20260815,002f4b24bc2ca9594488341c9b0d21732572c1e262ac87e3d3cd9256d3fc0e68
wqp,wqp:21FLSFWM-LZ42N,2004-10,ANFIS-F,20260815,002f6298381058528ad4e3174692be596c5502db35572951f912c08d356d0f50
wqp,wqp:21NC03WQ-Q5360000,2018-04,ANFIS-F,20260815,0030e4fe46752d49329f33afdb9825166ec19456d954cbeb17062b5ccdbcd8b0
wqp,wqp:21FLSFWM-B03,1983-01,ANFIS-F,20260815,0032201b769e1d8c0c0a00065bec6fc7ebd9d67a98821fc4e7f82f504dd5065f
wqp,wqp:21FLSWFD_WQX-23588,2016-06,ANFIS-F,20260815,0033638eeea18c512191c42c5644fb79db471e5cf4a7805f204902274cc57b9b
wqp,wqp:21FLSFWM-PALMOUT,2005-03,ANFIS-F,20260815,003465e749b5d749e84f69a42146f5210020231f233f20ebd4d7e2430ecb16f7
wqp,wqp:AZDEQ_SW-32,2013-05,ANFIS-F,20260815,00352864b789035fa0e4646bdc0dfa64edb0293e3b904c297526efa64db7cf61
wqp,wqp:21FLLCPC_WQX-GRIFFINTISH,2015-06,ANFIS-F,20260815,0036d5cdbfb725bd1ec92ddd71be756e5f16d19157c07f2d2b121bb4748f2e71
wqp,wqp:21SC60WQ_WQX-SV-340,2018-06,ANFIS-F,20260815,003ada6bbd2bb4d15f0e81d9221516afd15b6f03733a498a1274db940768f974
wqp,wqp:21FLSFWM-LZ30,1999-07,ANFIS-F,20260815,003b968df641b815720bb2bfb87263d0d5f4e365e8e2f9f2739f51e966d28cc8
wqp,wqp:USGS-07049690,1981-06,ANFIS-F,20260815,003e8032fde41e85b0e4bd9d47adbee6803661831013c6cbd239d240bab67c8e
wqp,wqp:MNPCA-62-0055-00-201,2005-07,ANFIS-F,20260815,004134a650b40941c6bc11cab721e4ffc3062c153ed2a27b8775af1624a78b46
wqp,wqp:MNPCA-62-0055-00-201,1987-11,ANFIS-F,20260815,0048c785048a35310a95eaee3311224d20f326fb1e6be4389001b294b07527c5
wqp,wqp:21FLHILL_WQX-135,2003-11,ANFIS-F,20260815,0049980872554761bdeb2a40efd85d1aa713ad6b887fb6579895b07bdaed475c
wqp,wqp:21NC03WQ-Q5360000,2016-04,ANFIS-F,20260815,004c7bfa2f22fade77c131d508e99a98b32fd2058df92e6bb4392fc1c4b21496
wqp,wqp:USGS-14211940,2011-05,ANFIS-F,20260815,004c93427b2f90f8ba75babc32cdaa3a8afb527673bc1832311faaa99c966acd
wqp,wqp:21FLSFWM-CLV10A,2003-09,ANFIS-F,20260815,005098d0418ecd2a6bf53d35268431b2d7b781ab0fa5da9a1c61899217af5e22
wqp,wqp:21FLLCPC_WQX-LKSILVERSHR,2003-12,ANFIS-F,20260815,00512a0ff396d39d311b4788cb6699eecb3f2bd5183a49744baa1817b0d00591
wqp,wqp:21FLSFWM-D02,1997-10,ANFIS-F,20260815,00525e0af232caf57976af99a6a8b71640fde37cfd24a4e25ff3f8f9d0c94a48
wqp,wqp:21SC60WQ_WQX-SV-338,2017-10,ANFIS-F,20260815,00526d47df7d4a1673ebc3562739e559b9564a3056f01a3e51d5b11fd6df18a8
wqp,wqp:21AWIC-23,2005-04,ANFIS-F,20260815,0053234f1c249cf4dbb8437224c89476be5df5632841be75c1a2011c396c379d
wqp,wqp:21FLSWFD_WQX-23588,2007-10,ANFIS-F,20260815,0055f3458dfd24c00f4a2307ad3c22d0af445b931a90d7ed704366eb01087d3d
wqp,wqp:21SC60WQ_WQX-S-022,2006-04,ANFIS-F,20260815,0056392581d99ba562c59765f017a066db2dd585e5e003db4b2598b47c5b59fc
wqp,wqp:21FLORAN_WQX-CC12,2010-11,ANFIS-F,20260815,00567bef65d0d81fae5b9b58df99381b113caaf3ffd99c725462cef4baaf7604
wqp,wqp:21FLSFWM-TREEIN,1988-06,ANFIS-F,20260815,005733bf7aa43bfa49cd9d5cd1c696acc93f9663409ca2f1ae6517b523a616cc
wqp,wqp:21FLSFWM-PLN4OUT,1989-04,ANFIS-F,20260815,0058b64be78a5352ccd4fc3c03fbb36628049c1d3a1437f1474af2eae2b8fc58
wqp,wqp:21DELAWQ_WQX-303331,2007-03,ANFIS-F,20260815,00591a2a193cdd9fe8987f80be7e3e7207aaeb551259d89a7c6f5e2612713413
wqp,wqp:21FLSFWM-L004,1981-11,ANFIS-F,20260815,005a3ee15b005af259ccb087f611915eb6f21df6a460e3bb0680aaa601e5c6db
wqp,wqp:21FLSFWM-L001,1984-03,ANFIS-F,20260815,005ae23ac30a0de89c393d9e7b490e50e72e7f1c517775491cafc1ead6b59b9d
wqp,wqp:MNPCA-25-0001-00-247,1992-02,ANFIS-F,20260815,005c42499ffcf1c4d7ef37a3cf48d250e7925d71e44fda27e5bcd40391a02bec
wqp,wqp:21FLSFWM-PALMOUT,2004-03,ANFIS-F,20260815,005d2bef8e906b922d4aa9da89a1ded190dff0d11b7cf7a05484aff3910361d7
wqp,wqp:21FLSFWM-KISSR0.0,1992-03,ANFIS-F,20260815,005f4b7a2804539ea7f624c2a9a66892a589f8bdb45be72e96d0009c105ede8f
wqp,wqp:21FLCOLL_WQX-LKTRAF1,1999-10,ANFIS-F,20260815,005fc7c076dd26cb4f6f2dbcad9d3a9ce4fbd547f6009051e8e0f97a2c9de255
wqp,wqp:21FLSWFD_WQX-23389,2017-02,ANFIS-F,20260815,0062aeeafd19df93af587bcfaeded02928d6184d58a98a7bbe7e31d56945a69b
wqp,wqp:21FLLCPC_WQX-IDAMERESSHDK,2012-06,ANFIS-F,20260815,0065e8222e52e90d7eb1ee21b1ce6df336a9e6920b36c0c88680e0961e921e1d
wqp,wqp:KAWNATON_WQX-KN-KL-001,2013-01,ANFIS-F,20260815,0067e6a3e06853a7ca2f15b316566d74d1e6286bed2d090afd5d95fe5c2d20d5
wqp,wqp:USGS-423556088365001,1991-07,ANFIS-F,20260815,0069e4ecd60cb3451523fc9b704844decf80bcdb2647e2dd81feee9e09dbd37a
wqp,wqp:KAWNATON_WQX-KN-KL-010,2014-08,ANFIS-F,20260815,006f7e9ed87d154dc5a6dc3202d26482c4527fba05c95c1eed67194b30fae41e
wqp,wqp:21SC60WQ_WQX-SV-098,2017-08,ANFIS-F,20260815,006fc9233e97f315f7e833aba932ca4cf8749e54012919fd935bbf17609490bb
wqp,wqp:21FLSFWM-PALMIN,1994-02,ANFIS-F,20260815,006fd19983a5a1513c44f89c1e3867d0c9e8d2a053b2a39b7568ab5f318e0536
wqp,wqp:CPNWATER-WW#3,2013-10,ANFIS-F,20260815,0072826e0816cb6fe3d8797661cd8f64350fc3a50e2778c546b2150bd8ec7b87
wqp,wqp:21FLSWFD_WQX-23458,2009-07,ANFIS-F,20260815,007c97bdfd5e5f885f8189164421c808285957d32a661d67316e7cfdc50f24ab
wqp,wqp:21FLORAN_WQX-CC4,2005-12,ANFIS-F,20260815,007cd1c60deb1918fa9e8287ca014717e9525d7dce6a11b0fb8c56e886a41207
wqp,wqp:USGS-07049690,2008-09,ANFIS-F,20260815,007dbd660b00a097819cebc0c50785dd99f3df99ad4dbe6c4efbb78922d410a1
wqp,wqp:21FLSFWM-L003,1987-06,ANFIS-F,20260815,0081f72c818fad4a39cac744d06437a09293f924d08713d4ea11e474a7e9f4f2
wqp,wqp:MNPCA-25-0001-00-232,1990-07,ANFIS-F,20260815,0081f9b445808e70cf85585a807f43306eac8a5e5d8ee08a4f83b7354cd9ebba
wqp,wqp:21NC03WQ-CPF081A1C,2010-01,ANFIS-F,20260815,008398425f72edc74d6f2d8745292f7b064f031dcaaa248ed7f23533f04bf773
wqp,wqp:21FLSFWM-E02,1999-12,ANFIS-F,20260815,00878ed6f0faebc53c3f3ed127207e5826e11d8f0eba0f7fb3fb2464a4e1d13b
wqp,wqp:21FLSWFD_WQX-23613,2009-10,ANFIS-F,20260815,0087dd9c131d28de3c644db02658923ec994854f97f9cfdbd42dc083cbd918b8
wqp,wqp:21FLSFWM-L008,1982-11,ANFIS-F,20260815,0089c164cdb13687e525d9adc27b00b9ccfdb40690e2df96582c28036a7643c4
wqp,wqp:21SC60WQ_WQX-SV-331,2014-12,ANFIS-F,20260815,008a8eacc8f50a7ba607bab523974281045ab1d29357385dea76f176df0ec032
wqp,wqp:21FLSFWM-A01,1995-01,ANFIS-F,20260815,008d21377958754769e6ca92f142f0743f7668e248c71830faa7fe8bfc12e601
wqp,wqp:MNPCA-25-0001-00-215,1990-05,ANFIS-F,20260815,008ed9ed24be4ab3e385e08513e31b46e23a90c6f2a38e5534c8d23e7e0f8115
wqp,wqp:21FLSFWM-ISTK6,1999-11,ANFIS-F,20260815,0091cb26584b6105322a1100fb7220e19ae9f62d6dbb4af55c74264d2a5497b3
wqp,wqp:21FLSFWM-B06,1986-08,ANFIS-F,20260815,00930480d7b0509b4d80b5c0fbae29d269429d75f69250ae6263b0727f5e2483
wqp,wqp:21FLSFWM-ISTK5,1997-11,ANFIS-F,20260815,0093ab2cb76a266ba2e24f692af679d6f711af51ec85d0ee79edcf027906171b
wqp,wqp:21SC60WQ_WQX-SV-098,2016-05,ANFIS-F,20260815,009989994f6a1384a3e55dcdcf17973d1b74fab595f1b4bfec4a5038c3b565b1
wqp,wqp:21FLSWFD_WQX-23609,2008-06,ANFIS-F,20260815,009a615832174a9fb9210d0a2cb61a23dfc7d17116429c5af12fe8fe5fa415cc
wqp,wqp:USGS-423556088365001,2003-05,ANFIS-F,20260815,009ab8b1865f5295dca8f0813bb146dfd68481885d1d0118029e269e2bb3779c
wqp,wqp:21FLORAN_WQX-CC13,2007-08,ANFIS-F,20260815,009ad11821d283f29d5ab9d4f76803de00b2aaafd7a5cffd953b93647afdb749
wqp,wqp:21DELAWQ_WQX-308071,2009-08,ANFIS-F,20260815,009fb0830a05461e4b8a9bcc1738b3e54a9f9828b70f57a6b05c0c30f6837bef
wqp,wqp:LAKELAND_WQX-LH29,2009-05,ANFIS-F,20260815,00a29f553dbbdad053da2fa6f7c0dbf8da700b11eac9f44766abfffd6b98b8fe
wqp,wqp:21FLSFWM-L004,1983-09,ANFIS-F,20260815,00a2aba9c6d0669e947ca0778a089a36040b3eabb5d0245a01018f5bd85e5245
wqp,wqp:21DELAWQ_WQX-110011,2014-11,ANFIS-F,20260815,00a4cd06e064c0353949cf4e8687f2de62a1b5c4445cd2dcfa2bcb7e7e2b15d5
wqp,wqp:21FLORAN_WQX-BC8,2005-01,ANFIS-F,20260815,00a53e039a7c44ba97ffed5c9016fb9dff7f3dcc7287c57b22052d37ee12f06c
wqp,wqp:21AWIC-23,1992-02,ANFIS-F,20260815,00ac9d377c440cc7d025000c96d158720877f574cfa80d1d9154a60336c92b0c
wqp,wqp:21FLSFWM-RITAWEST,2007-10,ANFIS-F,20260815,00acfd82439af120142a61c08c1884f808a5a9e0c84c1395181a1f6dbbb87796
wqp,wqp:21FLSWFD_WQX-23477,2018-12,ANFIS-F,20260815,00ad697e1bbe4f98f5c3d9d08bfbf5d4067507058195cdd3106de6117e7e43d5
wqp,wqp:MNPCA-25-0001-00-225,1994-12,ANFIS-F,20260815,00ae76f5946846f47eda06ee245fad6ce974adf5f021bdfe5b0998f84bc5cce5
wqp,wqp:21SC60WQ_WQX-SV-338,1999-11,ANFIS-F,20260815,00aef9ec43443fb09223775fd3bff202441fce7a4f394c40a045c9b41a9e7847
wqp,wqp:USGS-423556088365001,1988-01,ANFIS-F,20260815,00af060545878520eeea1a5d11aec54d18616f449498d1906e5b8b14075649d2
wqp,wqp:21SC60WQ_WQX-SV-335,1999-02,ANFIS-F,20260815,00b21d9494c63b7bc970297a5cb9594898be0cf5a873899f27de869b8eb8a5f1
wqp,wqp:21FLSFWM-LZ42N,1991-07,ANFIS-F,20260815,00b41b693c3a657661806be90be9bb345dbf75ec642901bd94c04c3fb26b60fc
wqp,wqp:21FLLCPC_WQX-IDAMERESSHDK,2012-01,ANFIS-F,20260815,00b53b7361753eedc851d41a56e6289e1a01207941c394aa6f3eb1ace104155f
wqp,wqp:21FLSWFD_WQX-23477,2012-06,ANFIS-F,20260815,00b5c1b2866dcf748727f7a3c84ffc5ffe11df3266bd2b908b4ec2dae21b2303
wqp,wqp:21FLSFWM-L001,1990-08,ANFIS-F,20260815,00b826d74b6bc35ab728c5a4ace710d0b885b98f3e6a94768b89bf195bc02d97
wqp,wqp:MNPCA-62-0054-00-101,1993-08,ANFIS-F,20260815,00b99e84fafc540baeafbdb52f931d5bea36e110ea428f55ffca1efc7ae3c903
wqp,wqp:21SC60WQ_WQX-CL-089,2007-04,ANFIS-F,20260815,00bb6b592d633ae5f94d05718db81e0b064fa14008b038b63e4e4ab7523c0943
wqp,wqp:21FLSFWM-D02,1983-11,ANFIS-F,20260815,00bd7fb948b237708b4b141a3dd6fe3c1f706d6ff815bc5e114e32d268b480e0
wqp,wqp:MNPCA-86-0297-00-201,1981-03,ANFIS-F,20260815,00bdebcedb12453126b043c1cf2561cde173e14a69aca2b3a72eef4a0f6070a1
wqp,wqp:21NC03WQ-CPF081A1C,2006-02,ANFIS-F,20260815,00beacacbb97432aba03f3e1991867999be991a313989bdb2a482de736f4168e
wqp,wqp:21FLSFWM-E02,1983-07,ANFIS-F,20260815,00c080402c1964ff894b8605a17ee713d6aa0ca51f2e415ad2a3a0280b851a93
wqp,wqp:21DELAWQ_WQX-110011,2018-06,ANFIS-F,20260815,00c703da8c822d8df9894f1200bf8ae18fb30d527499e6dff30d2996c96e4c33
wqp,wqp:21FLSFWM-B09,1996-06,ANFIS-F,20260815,00cb6695502084277163855843ddd333dee04850943cad1f037658532d558e52
wqp,wqp:21SC60WQ_WQX-S-222,2015-08,ANFIS-F,20260815,00d0cdcc476d7e23cb65f0fde0908dee59806f6cfc09bbd7d9f06a0e2a3781dc
wqp,wqp:21FLSFWM-KBAROUT,2000-02,ANFIS-F,20260815,00d4a6714d1fbd59ec4d18c93ae41a9e9047a9838848673d934c212a45fb8be2
wqp,wqp:21DELAWQ_WQX-303331,2018-08,ANFIS-F,20260815,00d800b7b5d5000e78db56e1ebb93ac9e7ccf24a0586274214518b4d7592d635
wqp,wqp:21FLORAN_WQX-CC18,2013-11,ANFIS-F,20260815,00d9bfabf261c48436349c79374521cb8c5b65723e00d4115a4f530a5e9d4269
wqp,wqp:MNPCA-25-0001-00-232,1992-07,ANFIS-F,20260815,00d9ef2912acfc95d61bf23ffeeaf18e4a25f57d6d2cd2c7b027fedac87a466d
wqp,wqp:21FLSFWM-LZ30,2003-04,ANFIS-F,20260815,00df2551a6ad23fb537f3bff93ba155f9645680ee8c26da4dc1ac443aef3dfb6
wqp,wqp:USGS-07048910,1984-08,ANFIS-F,20260815,00df88dfb64afb8199ab6df6c91ec2f07c130b6efd45d0902b7486b3db1bd032
wqp,wqp:LAKELAND_WQX-LH11,2009-09,ANFIS-F,20260815,00e15f6a3af90cb1d8666773bb9608622dc518660b2a9c57dc0c070e5c82d193
wqp,wqp:21SC60WQ_WQX-CW-033,2002-04,ANFIS-F,20260815,00e23a159c8c24f2e1cb528deebef7d234702df4317d192b17bea21c026b55c5
wqp,wqp:21SC60WQ_WQX-CW-033,2016-04,ANFIS-F,20260815,00e364987bb9048a593d7c499cedb81e7a1f55087ae46f1295ddef9af07a6738
wqp,wqp:21FLSFWM-L003,1999-01,ANFIS-F,20260815,00e4db1cd0e4a4f5a2ea0ead6ee82610b2d4833e9d3d123551ae37b8b4016cb6
wqp,wqp:CAPECRD_WQX-262,1990-07,ANFIS-F,20260815,00e84d80f085efce2a3cfbab4965e05af4398f41334a300e89f5c9b9fe855c90
wqp,wqp:MNPCA-47-0042-00-201,1982-04,ANFIS-F,20260815,00e890e5ead9d85cf8198dbea2abca84bd9174e72f67572ef6aea0f94f37ce6b
wqp,wqp:21SC60WQ_WQX-SV-357,2015-11,ANFIS-F,20260815,00ea15ba0155b93e08da9d6e9dc542be9ab5fa509dba923858f414d1412d7368
wqp,wqp:MNPCA-62-0055-00-102,1986-12,ANFIS-F,20260815,00eb47714bd5e2b7a25fa4b54ed2633b475e2bffda20bf6a0a7d12fa302c405d
wqp,wqp:21FLSFWM-L004,1994-03,ANFIS-F,20260815,00ebf1952e47911394410f7f65f408b1c80961d0e2561d59a38077963b7ccac1
wqp,wqp:21FLSFWM-ISTK5,1989-07,ANFIS-F,20260815,00ee4404a0ea1ca3f27fee68dacaac181ab1ae3db3e7464409eddc2b0fc03b7f
wqp,wqp:21FLSFWM-LZ40,2002-04,ANFIS-F,20260815,00eef83e68742c0eed3efb598c23e2813ab158ac9dd2874089018770aef2ceac
wqp,wqp:21FLORAN_WQX-BC7,2007-01,ANFIS-F,20260815,00f22bf46240bb0916fc9687ba400b9f5957d6f0b7e7013cf0f3a67751c1e36b
wqp,wqp:21SC60WQ_WQX-SV-098,2002-05,ANFIS-F,20260815,00f2bee270a0a808f20b64e40341d270cf30b2ffff7373310bb2bbf28f468c9f
wqp,wqp:21SC60WQ_WQX-CL-089,2003-03,ANFIS-F,20260815,00f66f8bd0f736c32e45bab61c60dba0ab8356b7d1acebd19ad9c9dcd67c29e2
wqp,wqp:21FLSWFD_WQX-23477,2009-10,ANFIS-F,20260815,00f8212a56ae1b9e27f3c3fb3620f6e8293e7904b7c4e5e83ace1b388fc37c61
wqp,wqp:21FLSFWM-TREENOUT,1992-10,ANFIS-F,20260815,00f8a3ac9785499e94a886c0eb37227a126b8c9934d1785caf3bdeef13092cad
wqp,wqp:21FLSFWM-LZ30,2008-10,ANFIS-F,20260815,00fbf4bb22f807a435e8c59bc4d6c60c0fcb075989efba5f5f57913974f395e9
wqp,wqp:21FLSFWM-PALMOUT,1996-04,ANFIS-F,20260815,00fd1304b0a10979ab44c4ab7c65b55c48d541721cf9c28a747adf66f0ff0563
wqp,wqp:21DELAWQ_WQX-206361,2014-06,ANFIS-F,20260815,00ff4370bf2036379f42fdc539b50a1e812791f932c721e6f02adb32cab6a615
wqp,wqp:21FLSFWM-L006,1986-10,ANFIS-F,20260815,01026ab5bcbbb9aad854af6b4bfd05a4f28f9a581e0936eb28a245e37fcf2da9
wqp,wqp:USGS-07049690,1988-11,ANFIS-F,20260815,01040b1dfb3d1c0d9b51c3264455ce6ca72770876e78f42bc6cc180cdea52cfa
wqp,wqp:KAWNATON_WQX-KN-KL-002,2014-07,ANFIS-F,20260815,0104ca988cd1bf8c56a44fe37ae03f9ac99a5a6f2f8ffb157c7b39cf3aa26575
wqp,wqp:21NC03WQ-CPF055C1,2014-01,ANFIS-F,20260815,0104cd407cf2c3e22e65aa463d0d12ba2fc109386e40535a860d54169a7d13ee
wqp,wqp:21FLORAN_WQX-CC11,2006-09,ANFIS-F,20260815,01061b91e8b703883d26339797cf2d16e1d2ac32a694d10f1841ce9dbbf36881
wqp,wqp:21FLSFWM-OISLAND,2002-09,ANFIS-F,20260815,0106dfb2e96c85938ff8415fad5a53acd7e715893f8f9e97db07d2478a787d83
wqp,wqp:21FLSFWM-B02,1990-05,ANFIS-F,20260815,01082dcbda9771c4236f12415d9f37cfc75b1a34849e74629239ec3dca0d11e6
wqp,wqp:21NC03WQ-NEU019E,2010-12,ANFIS-F,20260815,010942b64f4ef59164a8d0ac1a3ce11757dd5965ad7a5a20e637a2b005ad114d
wqp,wqp:MNPCA-62-0007-00-203,2004-08,ANFIS-F,20260815,01098308a5a4e2ad6e9036fd25f8c1c117ebb4d4a85c990948a5d9a1554adce9
wqp,wqp:CAPECRD_WQX-290,1997-08,ANFIS-F,20260815,010b10c2fe1ed2dca0429d401b252661c07a1c4918ac49a567584fae554fa809
wqp,wqp:21FLSJWM_WQX-44494,2017-05,ANFIS-F,20260815,010fa6ddf4c6aafa682c8b8e6ca41b6456b2a977ed9fcf128ab6b0ede0171b7a
wqp,wqp:21SC60WQ_WQX-S-222,2006-02,ANFIS-F,20260815,011450078835a62ad96f09a68a36976ba2422ba688b72d75a2feaf392b32ca56
wqp,wqp:21FLSFWM-TREENOUT,1989-05,ANFIS-F,20260815,011a457c5e7aef290958fb345602c53d6151bf68ee40d9dd6cd385e15a1b9d99
wqp,wqp:21FLSFWM-LZ30,1988-08,ANFIS-F,20260815,011b9bab3ed884094bb8c0c70b44ed752cc6f886c626230437d38a5f5a2d0acd
wqp,wqp:21NC03WQ-NEU019E,2010-10,ANFIS-F,20260815,011bb44f9bfb580567eda44a3e1aa36ec5f52f676c928894fa28c5bb06df71f3
wqp,wqp:MNPCA-62-0055-00-201,2014-05,ANFIS-F,20260815,011f7f173276dd9afd91f24315063a04f638ce2c1ea23c2f8e0b389785a830cf
wqp,wqp:21NC03WQ-CPF087B3,2017-05,ANFIS-F,20260815,011fdfe887c5145f856d5c34ffcd8cf544cd93e935fed96716a3e78bf402bb0b
wqp,wqp:21DELAWQ_WQX-206361,2013-05,ANFIS-F,20260815,0121f1b9289148f2320c5ced6d755c11d3e1da4c79527b863da0f8c13612d9ce
wqp,wqp:21DELAWQ_WQX-304321,2015-02,ANFIS-F,20260815,0121f5b65845201926f778d7cc85c2155972e873ce89eadf1a196a92f20a0dfc
wqp,wqp:21FLSFWM-LZ40,2001-04,ANFIS-F,20260815,01236d87f0a895c2d7d172980c48fec676e1d3829e4c67e7388e9c2e592ef02c
wqp,wqp:21SCSANT_WQX-SC-014,2014-05,ANFIS-F,20260815,012d4f40e4d8c21251b2f394a914193e9e100e4b80642f17fa60db7f22478a96
wqp,wqp:21FLSFWM-E03,1982-11,ANFIS-F,20260815,012e8474917f34118516637bf2348508f857d035acb5e84fc1dd4d8086290737
wqp,wqp:21DELAWQ_WQX-307011,2000-07,ANFIS-F,20260815,012fee3a05fa1050b84d0526b6ca68ebea8d3502448b5745ca0e868ee818fb58
wqp,wqp:USGS-14211940,2011-07,ANFIS-F,20260815,01356609d95c0c10a6ea990a70b06360301e4a38c55bfe9ae98e01a6e9fde0a4
wqp,wqp:21FLSFWM-D02,2004-07,ANFIS-F,20260815,0136f29cc2a617332b91dbd193a23ebdb6c1d106995f6ed37b5843195133455a
wqp,wqp:21DELAWQ_WQX-109191,2010-10,ANFIS-F,20260815,0137efa1a21697c21681795d06cc523b1e537e023c3ebeb68117910b27897b4e
wqp,wqp:21FLSFWM-TREEMID,1990-09,ANFIS-F,20260815,0139b9c7137c361931f4bc392f8e7dc4aa5d7a081d5efbc9c585644f8e462793
wqp,wqp:21FLSFWM-E06,1985-04,ANFIS-F,20260815,013a84c8ff21942549aae4032dfcc80cb2437ce252d04414a4880dc32fbe641b
wqp,wqp:USGS-295554095093401,2012-11,ANFIS-F,20260815,013a93cbbb0b284bf7bc64a6ca6c7e1128f92c2bada1df2097f3d6dce6bcc6e4
wqp,wqp:21FLSFWM-PLN2IN,1992-12,ANFIS-F,20260815,013c0c4e46431ec05fcebd7c0f596fef378460ca76bfdf4104f7391041bfccbd
wqp,wqp:21FLSFWM-PLN2MID,1996-10,ANFIS-F,20260815,013e4527f5fae52b2e9fc991ee5f418c20dc3aa3c40b6ee45e83f560b0644ec6
wqp,wqp:21DELAWQ_WQX-109131,2016-04,ANFIS-F,20260815,01405e228b7dfaa7319cd7a84113b03aad457ad542ef869660d5556a9e64df9d
wqp,wqp:MNPCA-82-0046-00-203,2010-06,ANFIS-F,20260815,0140c2dd5013dab4064a9af86b2018e7ea5fbd96ae24a0cc06a050fdd1bb9849
wqp,wqp:21SC60WQ_WQX-S-311,2011-11,ANFIS-F,20260815,0141371be527a9edcb31fd8a1e8e2f6b664477a4ffa0876913a1e9dfbf5e1392
wqp,wqp:21FLSFWM-ISTK7,1994-10,ANFIS-F,20260815,01415d00743990064cb1a3890feb1ec80e65431c591d1403a4890126e929b200
wqp,wqp:21FLSFWM-TIN13700,2000-02,ANFIS-F,20260815,0143169114ab8db29e7e1c209dfacbaff1a5443805679b16dcc05539b265d204
wqp,wqp:21FLSWFD_WQX-23624,2015-09,ANFIS-F,20260815,014a622f91da30559de5c5a27ecd5e1dbb6c8e87835cad1e5a481553c83d4795
wqp,wqp:LAKELAND_WQX-LH20,2009-03,ANFIS-F,20260815,014d4065bae6475c6b59ae19397034d5542c32eab221802e3ef8da3905cd80de
wqp,wqp:21SC60WQ_WQX-S-024,2018-10,ANFIS-F,20260815,014ddb1a11787674b2447304c1ff27ab253b4013a0d27f966ba461604a65637d
wqp,wqp:21FLSFWM-FEBIN,2003-03,ANFIS-F,20260815,014f10966581e29672999c3de949ab39cca75b07234fac8ade62979a9fb1a4ce
wqp,wqp:21SC60WQ_WQX-SV-340,2008-05,ANFIS-F,20260815,014fa9dee799ca7b7fc3c89f7e888cb05424bbc5f9b111b5eceddca73342ac66
wqp,wqp:21SC60WQ_WQX-S-222,2018-04,ANFIS-F,20260815,0151d317748235d20c283bf3567acc2e5c629b05e50191559b912f4e01a2213c
wqp,wqp:21FLSFWM-LZ42N,1992-06,ANFIS-F,20260815,01522dbbde98c5ed9c085f0ff11125bc43b5b32334357ab68065fff5b5181fd2
wqp,wqp:21NC03WQ-CPF086F,2007-03,ANFIS-F,20260815,015386dcdbc6883175727f22d4f8601be65bfb9186ed98b3403a213f314ccaec
wqp,wqp:21AWIC-23,2003-09,ANFIS-F,20260815,01560291a91440148dc189e2a238a95132ab17b93a25dd7e26ebed3ad091e70d
wqp,wqp:MWRD_WQX-MILTON3P,2016-12,ANFIS-F,20260815,015683b11bbb629af1db4452e56b895a6f1bae67c998298dd5bb9291e3491061
wqp,wqp:21FLSEM_WQX-SPR,2013-03,ANFIS-F,20260815,01576480dd638dd21f161b868a4f14b573a913c3bb1ca5fc2438823e7197e336
wqp,wqp:21FLSFWM-E04,1982-08,ANFIS-F,20260815,0158aa01ef12f1e387f30f80612ce79c9213dd4ccdeb61a1c7bd4682869d3314
wqp,wqp:CAPECRD_WQX-262,2006-02,ANFIS-F,20260815,015f82c23baf33ed7a5f57a2ae42bfc11ace9cb275d4999aa5d7bb73ea284daa
wqp,wqp:21SC60WQ_WQX-PD-327,2014-01,ANFIS-F,20260815,015fb31298e56b565bb48eb40b8bc47df19622a45c7ff09ed4296c551833bd93
wqp,wqp:21FLSFWM-E01,1984-06,ANFIS-F,20260815,01620055fb216c33f4c3a64a00bdb6d8d4b366cb7db87ba544d23b53101eac27
wqp,wqp:MWRD_WQX-BARR3P,2016-08,ANFIS-F,20260815,0163711625f9d9b6d575b526c573b60248aa3d8ff38d53e13bf1d6fa62006a16
wqp,wqp:MNPCA-62-0007-00-203,1983-05,ANFIS-F,20260815,0163723fc3fa1576bb3c4d05455b559ef646bebb2bed55c6082cc39fc7eaaf94
wqp,wqp:USGS-421420121481700,2014-02,ANFIS-F,20260815,0163d83b9fc00090b66acffdaf7e5ca2e393fb6b103e388da9d3eff0bfa5a3ae
wqp,wqp:21SC60WQ_WQX-S-222,2015-02,ANFIS-F,20260815,01678d2705035ac78c2eeabbcbb9a084034784a926784b1506549ae2ce953543
wqp,wqp:MNPCA-62-0007-00-203,1982-09,ANFIS-F,20260815,016919319c3993d63830f0af7f535a25936bb39063b3b8242e6da5674ce2cf48
wqp,wqp:CAPECRD_WQX-290,2012-05,ANFIS-F,20260815,016e40d4c5b393001fc1ded55f7796a447ec83f77f7cfc531f25e5b5340384cf
wqp,wqp:21DELAWQ_WQX-208211,2012-12,ANFIS-F,20260815,01702bd98b80744095a6dab70cb438165ed1d6a344bf8380a0ea56257ed97ac3
wqp,wqp:21SCSANT_WQX-SC-005,2014-03,ANFIS-F,20260815,0171a11d132eb4ac460cb73ed358713c5cfd6684d0b5548a197ffa0eb7aa6415
wqp,wqp:21FLSFWM-FEBIN,2005-03,ANFIS-F,20260815,0172bbc74c7a594cd972cae53a82888049ba974fa0b2873e21ea274d060dd1d2
wqp,wqp:21FLSWFD_WQX-23389,2010-09,ANFIS-F,20260815,0172d976c6c7f6604e80a66a3ac49ef6151288f872a6a07325d7aecf3238b5a9
wqp,wqp:21SC60WQ_WQX-SV-361,2013-04,ANFIS-F,20260815,0173db27c6a64034d556a1535eb2493860b09ab6f9c7e15fd06561e0c7ded902
wqp,wqp:21FLSWFD_WQX-23479,2007-10,ANFIS-F,20260815,01746e6de9942c7215f4b3f38a3ff37dc3eae41da1f1a6d063e3df72efd66c07
wqp,wqp:21FLSJWM_WQX-44676,2018-01,ANFIS-F,20260815,017580f815fddab181f58587e1010e348c6619975fa31a6281ee88c653650729
wqp,wqp:MNPCA-82-0046-00-203,2000-09,ANFIS-F,20260815,01787492d4235298ec2030dbc37255c9a89e75eef4d26a5b2cd056042d38314e
wqp,wqp:21SC60WQ_WQX-S-024,2004-08,ANFIS-F,20260815,017bda0a8ecac3c9a1fcb77f3a3e4d87762fb3b13813a01d2bfeee6577778f4c
wqp,wqp:21FLORAN_WQX-CC12,2014-06,ANFIS-F,20260815,017db1d3becfc55d564ff2f8e2b8a52b76042eb20644f9d268df9a0419192d15
wqp,wqp:21FLSFWM-B06,1994-10,ANFIS-F,20260815,017e3be3ef322c69ec57955e6c8145c401da88161b335ed5e4f1dc075caf937b
wqp,wqp:21FLSJWM_WQX-44676,2017-02,ANFIS-F,20260815,017f07b0b62bb3e905f8bc96b8abe0bf5fbcd4a6b561d27d0792e180b0008afd
wqp,wqp:21FLSFWM-IPOUT,1991-08,ANFIS-F,20260815,017f4f7c55a4f423f15611680d75e79fe4b04bcb78a53b40e3c0164e184234d8
wqp,wqp:21FLSFWM-B06,1998-08,ANFIS-F,20260815,01810b5b83fd4d887b036fefc8f1a77198ad5ceac4d6cc7f8ce8d855efd1bfd8
wqp,wqp:21NC03WQ-CPF087B3,2013-10,ANFIS-F,20260815,018710f523a9cc7ac168e2779eaed68a5462ecfc6a08e9d541eb95d8c041c25b
wqp,wqp:21FLLCPC_WQX-YALE,2016-07,ANFIS-F,20260815,01893cd7b489821c8aaa838cee79ed244571348aed22ab11f402d79c7afebcd6
wqp,wqp:21FLSFWM-PALMOUT,2000-06,ANFIS-F,20260815,018bbdcba02f3ba2e38b4baa855d85c920fe7dbbaeddb254141f8cffb27ec46a
wqp,wqp:21FLCBA_WQX-WAL-DEER-1,2017-10,ANFIS-F,20260815,018c097e7544753332a0afd54fc4ab36edfb282ffa04f5589dfe7285f86ca3e3
wqp,wqp:21SC60WQ_WQX-S-308,2003-05,ANFIS-F,20260815,018ce76280cb80f279c6df6186cfd509fa2733c61d7bbd63e4bb07970293133f
wqp,wqp:21NC03WQ-CPF086C,2016-01,ANFIS-F,20260815,018eac3baffa3340be2d0422cd9293d6ffeb66d26d7a3b47ae20aceee348af40
wqp,wqp:21FLCBA_WQX-WAL-ALLIGATOR-3,2018-04,ANFIS-F,20260815,01901acdc30fb5744e1fe608efd2c4fa544e1101014e80508863cb52c2fbff7d
wqp,wqp:21FLSFWM-E03,1984-01,ANFIS-F,20260815,019067d46b7a302ee8f463757f75e3b4fa5a039efce269022dbce9d44c4586e8
wqp,wqp:MNPCA-82-0046-00-203,2008-06,ANFIS-F,20260815,0191d820b9150f420618214b78be4052c19cf2e3215ff8ee12d475b61611f951
wqp,wqp:21DELAWQ_WQX-108111,2002-11,ANFIS-F,20260815,01934366ab8444dc573f260a553ba82d3ebf91b40aaa59e1cd4f6d8c08f457cc
wqp,wqp:21FLSFWM-L006,1991-04,ANFIS-F,20260815,019949eed8a227eb3a1fa9f6a9760d0c033477ae696b6ff420a89d1612305445
wqp,wqp:USGS-02207414,2011-11,ANFIS-F,20260815,019ae8b8d2707bfe779338a635016a8128b91c323e2930cf22cfad3da1719ec1
wqp,wqp:21FLSFWM-A01,1998-01,ANFIS-F,20260815,019c5f9479806ab1a4e4eb88a1b88c35b571714ee16e3beb111528d6455800c8
wqp,wqp:21SC60WQ_WQX-B-327,2012-03,ANFIS-F,20260815,019d0aa4a26c720dda197a73964c724804d5285010e6ada32e98458fdfa0b637
wqp,wqp:11NPSWRD_WQX-SLBE_PL_01,1990-12,ANFIS-F,20260815,01a019d29f2ef95b7c9c7efb8bce2ddb697ea423c23745e6f030f7841b546cc8
wqp,wqp:21DELAWQ_WQX-307011,2007-09,ANFIS-F,20260815,01a30e6e33f7badc6f4359f07f0e85feb84397779c92ce9a32c9447b4f45518c
wqp,wqp:21NC03WQ-NEU010,2005-05,ANFIS-F,20260815,01a8f60834f4b21a4eaca8740b9cc73a508df4c17f7a32604ac3b5a456442325
wqp,wqp:MNPCA-86-0281-00-201,1982-09,ANFIS-F,20260815,01a999696029dac26a956f22da763073463eac73446f883a0618477b767adf83
wqp,wqp:21SC60WQ_WQX-SV-357,2011-09,ANFIS-F,20260815,01a9eca17ce065331197e081025ee8cad6bc3587afa4ca4c2a73d8a5b56be3bf
wqp,wqp:21FLSFWM-STAKEIN,1988-02,ANFIS-F,20260815,01aa7d21621ef70890196433b8c0d213d7245aae1b85cf2530425b174b05b53a
wqp,wqp:21FLORAN_WQX-CC17,2012-11,ANFIS-F,20260815,01ad8676da95e4b227e2f899637fdea70a9e8d13cd698843a2f2ae9951e64354
wqp,wqp:CAPECRD_WQX-290,1992-08,ANFIS-F,20260815,01af00afa85765414382add117985bd0c10ebc0c159e3e9d0aae6e9c54592c5e
wqp,wqp:21GAEPD_WQX-LK_12_4048,1998-05,ANFIS-F,20260815,01afcd8db80a4d4c7497a61090442be1755904b49c16398eef7c2433e8f6e64a
wqp,wqp:21SC60WQ_WQX-SV-335,2009-02,ANFIS-F,20260815,01b6deb41b4ae4cd8ae83da000ea48ee98b97cf77492ca030d4e76315c5d0cc2
wqp,wqp:21NC03WQ-NEU018C,2015-11,ANFIS-F,20260815,01ba2a07a8ed0d245befb37903587e50b2c5433d88313086b531d0f699914eda
wqp,wqp:21FLSFWM-POLESOUT,1992-05,ANFIS-F,20260815,01ba531075dc683a384c9356da913d70b07e3cdf2e0b5f5220ea341efef4c672
wqp,wqp:21FLSFWM-L006,1984-03,ANFIS-F,20260815,01bb6e94c71ce563fe0ec80c35a951dfafb33a36f8088c943b37b31e79c98f6e
wqp,wqp:MWRD_WQX-MILTON3P,2008-06,ANFIS-F,20260815,01bbe2a6a9dbc6e3c44f5fd5f2894874d36c8a6873e6bc7ef2edbacbd64058fd
wqp,wqp:21FLSFWM-PALMIN,1988-02,ANFIS-F,20260815,01bbeefc9179101ad8f813076c0d2de7df6d5ad9e106ef10e52730678bdad33c
wqp,wqp:21FLSFWM-B09,2009-01,ANFIS-F,20260815,01bcb4b2ffbf64f685cea9fbe8e9cda4218d1ba1446e4012df1262cea8d8311b
wqp,wqp:CAPECRD_WQX-290,2000-09,ANFIS-F,20260815,01bd123a8746bfbf65425e8465abc5a72bf74c2d31fc4436ad9a16f55388d695
wqp,wqp:21NC03WQ-NEU019E,2005-04,ANFIS-F,20260815,01bf11decf2ae1cc944dd10d7e4127db832dda9fd515b6c7aec79ae34014f126
wqp,wqp:MNPCA-62-0055-00-201,1988-09,ANFIS-F,20260815,01c006f2cf6aec9d6e0942e4f382d8f4f90249e839b63f06aa9ce4ac6aae4af8
wqp,wqp:21FLORAN_WQX-BC9,2008-04,ANFIS-F,20260815,01c272055432ea31ac2b46812b8021de94848647bba55cc53286edc1ebb0d34e
wqp,wqp:21DELAWQ_WQX-206361,2013-08,ANFIS-F,20260815,01c6be98ba828ed20fc1c8b6ed32864edffdd9434572076069ff59628c85e2e2
wqp,wqp:21FLSFWM-L001,2007-12,ANFIS-F,20260815,01d0bacd95530f8a59bd1eb3c5ba4af8f8fea9bc7eaba88cd2aa87e40dee2f7a
wqp,wqp:CAPECRD_WQX-290,2018-04,ANFIS-F,20260815,01d137e12ce94b73e45e39d161dc119ede43e99c5364d44e2988b613ba9dc2b6
wqp,wqp:21SCSANT_WQX-SC-014,2018-02,ANFIS-F,20260815,01d1af76b894f197675a2b9f673f93419038c97861f3d03a8bf96ff874f2409d
wqp,wqp:KAWNATON_WQX-KN-KL-002,2007-02,ANFIS-F,20260815,01d2ded78131668b05dc3fc16cc7db872bba981de0f64f8a89adddd1737915c4
wqp,wqp:21NC03WQ-NEU019E,2010-07,ANFIS-F,20260815,01d7d788942350139dd4db8cf5f1c68c89b53fcc8c288da07c05cc122a968c19
wqp,wqp:USGS-07144790,2001-08,ANFIS-F,20260815,01d90297f1c06e92887af535f1af55ad3e0719c78aee84e32ca27e7f9b374603
wqp,wqp:21FLSFWM-PALMIN,1993-07,ANFIS-F,20260815,01d98e9165ca073bc34f330eb6d0f8941fc4976f44c497e51faeba69dda4aec4
wqp,wqp:21FLSFWM-L006,1986-05,ANFIS-F,20260815,01db18744cfaf3108fabe7d14d2dc202255238d7c8a91c23562de1bb0e90b7f3
wqp,wqp:21SC60WQ_WQX-SV-363,2001-09,ANFIS-F,20260815,01dcbf3b072dc98afec6a3f0798d5c2768baca733a6f1d8d8f59290bf127af0a
wqp,wqp:21FLSUW-ALL010C1,1997-12,ANFIS-F,20260815,01de30e2c18d050c23bc0143eaf48e31c9a59b82bb52f563deb09da9078386a9
wqp,wqp:21NC03WQ-CPF086C,2001-01,ANFIS-F,20260815,01e0bb40100de062f411b9ea0e200476b963d7adc43b6b6684b2019d21db3005
wqp,wqp:21FLSWFD_WQX-23438,2012-03,ANFIS-F,20260815,01e18ce1803f0f24fbd4b790afd69bd864ddd00929ab24ecce9169868e038b93
wqp,wqp:21SC60WQ_WQX-SV-335,2002-08,ANFIS-F,20260815,01e1a04eed1e381aa7750eb886c5392b15ebbf0ceaf4b2fbde36bb51f11574eb
wqp,wqp:21FLSFWM-ISTK4,1995-09,ANFIS-F,20260815,01e6407eef5af79afcca755a299fb1a3b4c052a1da7303970dd35065569225eb
wqp,wqp:21SC60WQ_WQX-ST-032,2007-09,ANFIS-F,20260815,01e88f1a560be1877c175586863e9cc946d1895ccc0cbd42a577c57cba12a61c
wqp,wqp:21FLSFWM-L008,1998-07,ANFIS-F,20260815,01ea221570739988a883a00101592c9d66ba5ed6305a9572ad86cfdaf3c4466c
wqp,wqp:21FLSFWM-B02,2001-02,ANFIS-F,20260815,01ee67b063ef1e0d8a9d25edd664deecb8257e3590cc40953113082a583d4604
wqp,wqp:21FLSFWM-TINMID,1988-06,ANFIS-F,20260815,01f05094cb55900a6d614c3b90eb275589a1d53c5c810ef5c552d3ceb5b9b0dc
wqp,wqp:21SC60WQ_WQX-CL-094,2004-07,ANFIS-F,20260815,01f098ea0bd8880f0906045f98c6d69a6e1d2e70db6ff7b19ee56431f79f1da9
wqp,wqp:21FLSWFD_WQX-23480,2018-12,ANFIS-F,20260815,01f0a89a89122e52d5b8abb37326c98dce6c6da7ae98447b062eb3d585fa8e7e
wqp,wqp:21FLSFWM-LZ2,1993-09,ANFIS-F,20260815,01f30154cf1c6aad4afbfe8f006b2dcf8015634f7c1de53e94dc87e689c37766
wqp,wqp:CAPECRD_WQX-280,2018-09,ANFIS-F,20260815,01f80f4deed90062654df1c13546c64755e10f9fa4c0d369d16f81eabeb219c8
wqp,wqp:21SC60WQ_WQX-SV-098,2011-09,ANFIS-F,20260815,01fa8dd083d5ebe5ce1d6f0787df0b9df2e2efa98c443fb07af658a1e5cb0969
wqp,wqp:21FLSFWM-RITAWEST,1990-11,ANFIS-F,20260815,020234941618fe91c8303ea9e085e8da6ac2b746abe87eae8fcd889d752f4ba6
wqp,wqp:USGS-02207414,2012-03,ANFIS-F,20260815,0206989702bffba6e7b16e0f6e0445e87727bd790bf7d188776ae864d7630410
wqp,wqp:21AWIC-81,2009-02,ANFIS-F,20260815,0208ba0fbf6e35b1b6ec539e04740bbeb4db790e1a811dbbb1eaa57f2a87ba16
wqp,wqp:21FLSFWM-TIN8100,1998-10,ANFIS-F,20260815,02092504bfef78b3c32b5ad6e3af1018fc953b51a4c0f17fe509a85354b140f1
wqp,wqp:21FLSFWM-KISSR0.0,1997-04,ANFIS-F,20260815,0209da081a949f935f0c03e84324118e817d3b70fe690c16a548f0e6da1d7c2d
wqp,wqp:21FLSFWM-B09,1990-05,ANFIS-F,20260815,020ed155a023fb9ff3c9e1467aaf560b36d37b6630267c7d85fff89017162e2f
wqp,wqp:21SC60WQ_WQX-SV-357,2000-12,ANFIS-F,20260815,0210513e79cb5aafb487adcbe08c70a721737b2efddf5b0833e22bc47c07bed3
wqp,wqp:21FLCBA_WQX-WAL-FULLER-3,2018-02,ANFIS-F,20260815,0211f51ca51ae8c2820423fcb54536579a9dc41af0ce117dd202dcc7f7c51210
wqp,wqp:MNPCA-62-0055-00-102,1988-08,ANFIS-F,20260815,0215804476ba8ab27def16f86bfdd9bf864982cf677df0d0fee83ce70e570e94
wqp,wqp:21FLSWFD_WQX-23467,2009-09,ANFIS-F,20260815,02183a0a52ea05a7846132824c5e141c91881d1ac6eb9196a23e11372ec77baf
wqp,wqp:21FLCOLL_WQX-LKTRAF1,2015-01,ANFIS-F,20260815,02183c4e21bd0d88b911ca5f17392368636a2b1ae594e0015fd4efe927c3b720
wqp,wqp:21SC60WQ_WQX-CL-089,2018-07,ANFIS-F,20260815,021de481b488b4bbf7f0634073973d99544261efc6166ce2ddd29e6d5bba72f6
wqp,wqp:21SC60WQ_WQX-SV-363,2005-11,ANFIS-F,20260815,021eafe611c491fa302ec16abb6c288eddce64731155a281d14494121d378167
wqp,wqp:21SC60WQ_WQX-B-327,1999-10,ANFIS-F,20260815,02202e1d9931edbfa8d7b330855e1a4953e6830082118a44740f33110a784c85
wqp,wqp:21SC60WQ_WQX-CL-094,2004-08,ANFIS-F,20260815,022193c366c063bc93b711131a262d5bdca0bb7b8a6d5b1069a53cdd2a540b57
wqp,wqp:21DELAWQ_WQX-109191,2001-07,ANFIS-F,20260815,0222339328628af16c3e153bd9ea2f7bea5cb9f51d0edcf7ed5765bd67993f25
wqp,wqp:21DELAWQ_WQX-304321,2006-03,ANFIS-F,20260815,022246c915a63fefaaa6f824b6056d4a60df4d08053bbe88aba1cabfec4d0c07
wqp,wqp:21FLSFWM-LZ30,2008-07,ANFIS-F,20260815,022269a7b55919edf07d700f9c6ff5ac506738a328bde356715bf869fd67aba8
wqp,wqp:MNPCA-25-0001-00-261,1991-06,ANFIS-F,20260815,0225bb71980566f2b2c6f44d324f1c1077fa2c167ca25af63c4456f613b481cc
wqp,wqp:21SC60WQ_WQX-CW-016F,1999-09,ANFIS-F,20260815,02263a622e6623eba65e0bbcabee77bbdc6d274583467f1a931fd69dc1abe3d6
wqp,wqp:21AWIC-23,1992-06,ANFIS-F,20260815,0226687020d73a0ce9e17ca954eb472cf42070748ede67f013605ad2bea21d94
wqp,wqp:21DELAWQ_WQX-109131,2017-03,ANFIS-F,20260815,02269ebeae7072929315dedb5b5751dc91a3ac09a849f9faff826ec8790d68bf
wqp,wqp:21SC60WQ_WQX-S-308,2013-11,ANFIS-F,20260815,02293250404d9035ab61606075c67386e8401364dcb3718dc06658fee0e5407c
wqp,wqp:21FLSFWM-FEBIN,1996-08,ANFIS-F,20260815,022ddf0d4eb79854516ccfe479fb98ce5262a78d09b619b2b557a8de453fdbfd
wqp,wqp:21DELAWQ_WQX-307171,2007-03,ANFIS-F,20260815,022f7760311075650b9262986b2b0207e80af738c7b44dfe656aa5c3a6ce54e0
wqp,wqp:USGS-294607095042700,2016-08,ANFIS-F,20260815,023221a7e1b2323c571d944428f6547609dcbfad1003f362f6cd74d31da2b443
wqp,wqp:21NC03WQ-CPF086C,2000-06,ANFIS-F,20260815,023230474e3457067af646c163ca526dd1889944be4f10fcce1d5dc2386f1928
wqp,wqp:CAPECRD_WQX-280,2008-12,ANFIS-F,20260815,0232f5b43012b5937442f6d720590213fa97ad18f1615be6575953fb57a7ca4e
wqp,wqp:21SC60WQ_WQX-SV-340,2007-06,ANFIS-F,20260815,02347ea0bdb28c5ff3b761abb755b9bd6e3237fa0fbd6c53c96fdab95ef37e42
wqp,wqp:21FLSWFD_WQX-23480,2007-03,ANFIS-F,20260815,02391c4effd8b85030d2653df7538538007f0ac217fcd0be11c76edc7764f62c
wqp,wqp:21FLORAN_WQX-CC9,2017-11,ANFIS-F,20260815,023a18d2030759fbc01b0c5b525ee1d6e370de1ee6e893db4c87ce22f26a4b03
wqp,wqp:21NC03WQ-CPF055D,2015-06,ANFIS-F,20260815,023f40f8e4a292386986ba55c165ba5666d037e147cf5bbca6cd841af06a6df3
wqp,wqp:21NC03WQ-CPFMC03,2015-12,ANFIS-F,20260815,02406feeacae1d4db7513cb20765ccc1bfd577a556423048886755b2b5faf023
wqp,wqp:21FLSFWM-A03,2002-08,ANFIS-F,20260815,0240945aa11f1aaee40172aadcf9064c1a63286ea31c655c874cb66e77f5f3f3
wqp,wqp:21FLSFWM-STAKEIN,1997-02,ANFIS-F,20260815,0240ab703ef27255476ff466f73ff802e1b87a5f079c1edbe83a58db79cb48e0
wqp,wqp:21FLSFWM-C03,1992-03,ANFIS-F,20260815,024112359be8bd0b2933cdb5382ae95a49799262f49326639a03c7b7e8b97781
wqp,wqp:21GAEPD_WQX-LK_12_4048,2000-06,ANFIS-F,20260815,0243dcad9dcba988ea81adaa7a54fcb5876cdb3923207197422602c540b75a59
wqp,wqp:21FLSFWM-ISTK2,1990-12,ANFIS-F,20260815,0244fa3265b908f44e4226170c414ad0c4e12bc12474327361e73696da439d99
wqp,wqp:21NC03WQ-CPF081A1C,2005-02,ANFIS-F,20260815,024705c0fefe07e49108f5d56545dac1c0a45bfedaeccfcdb256b44449cfeb03
wqp,wqp:21FLSFWM-KBARMID,1995-04,ANFIS-F,20260815,0247869a332bf2f63616293ca2cf8aeb4bae4759db2d5932664e0a7316e7f2a3
wqp,wqp:21NC03WQ-NEU019P,2013-06,ANFIS-F,20260815,0248fbaff5d63f334733ec251fc302cd08e3280887585de54a3a81b3104156bd
wqp,wqp:21NC03WQ-NEU019L,2013-01,ANFIS-F,20260815,024a3577c5fe8a334a68040e390b454fe8fce142614f3144223e19dfdbec5121
wqp,wqp:MNPCA-10-0007-00-201,2016-05,ANFIS-F,20260815,024a66393f6d5308adaca09602c3d1cc4a82d36ed23553a275b4de949a406203
wqp,wqp:21AWIC-81,2012-05,ANFIS-F,20260815,024aa6a13f67c571b1e9b064c7f433490317b782cf79c24625e9541831acd1f6
wqp,wqp:21FLORAN_WQX-CC9E,2007-12,ANFIS-F,20260815,024d0e4225088093a0a93696206b09726e66a2d6142b80cec6e6293fc822d40d
wqp,wqp:21FLORAN_WQX-BC9,2005-09,ANFIS-F,20260815,024e0c77b9f192ce017a7c10e2c0e71bf1be9d582869bcd0579fad77ea9cae96
wqp,wqp:USGS-07049690,2013-05,ANFIS-F,20260815,024e746a6c157c33df98eeb61c47e6cece1c5b1bca331cb4cad402424ec5c325
wqp,wqp:21NC03WQ-NEU018E,2014-07,ANFIS-F,20260815,024e839a6af963178abbad4b278e1061733ee0053c0328fc840b49bb3f1665e3
wqp,wqp:21FLSFWM-CLV10A,2004-10,ANFIS-F,20260815,0252945b1d8b69d67246609d7c07658ea6ee86c4f0962f9594a9ba41928fac5c
wqp,wqp:21FLSFWM-E04,2005-12,ANFIS-F,20260815,0252c56b2b2c752e403ed99c999b39d2dbd807c0f558749804f88b48d1f5dd08
wqp,wqp:21NC03WQ-Q5360000,2016-03,ANFIS-F,20260815,02567b9d4cacadc93b101e26ea0b8bd345d288c1f854540dcab7cc53e6ac27a5
wqp,wqp:21FLSFWM-ISTK2,1994-07,ANFIS-F,20260815,0256d3d3cefe806b06df029f9d43c21ebfe72f77d886aa43fd0e809780dd1610
wqp,wqp:21FLSFWM-D02,1983-02,ANFIS-F,20260815,025736b060ee338c389e7007ff7d8f2fd3146d088272875c07540a3984bb2b55
wqp,wqp:21NC03WQ-CPF087D,2015-02,ANFIS-F,20260815,025800239fb53525467ff316892e42a5736e36d7e249b8faa52e0bc6d869419f
wqp,wqp:MNPCA-62-0007-00-203,1985-08,ANFIS-F,20260815,02587ab69ed1b78dbdbd3f92a546bf214e1788f64b6002efc867aadd0507ce60
wqp,wqp:21FLSFWM-ISTK4,1989-08,ANFIS-F,20260815,0258abaac8581cd8b85d335f720c8619e60bc25e2cd64a7c0d59f9613421cb11
wqp,wqp:21FLSWFD_WQX-23113,2005-06,ANFIS-F,20260815,025bd00ea7eebd2486ce2d82dff38bad1e7ab0fddd9f9d8200471699aaa6e5e5
wqp,wqp:21NC03WQ-CPF087D,2010-10,ANFIS-F,20260815,025d2271ca7be3b4ff150c3bb7a467662f15e7cdde01262cca00fc8cdec64876
wqp,wqp:MNPCA-10-0042-00-401,2007-07,ANFIS-F,20260815,025d3d4466ba981ddb226838806a0b164ac4a75805c29dad574976460d7b4e73
wqp,wqp:21FLSFWM-LZ40,1997-05,ANFIS-F,20260815,02613d9c904b4cf15b912b9c6ffcaa46be250b0d9218536c8e35b14d01b15de4
wqp,wqp:CAPECRD_WQX-262,2015-05,ANFIS-F,20260815,0261968a9057e928e9ec7975ea16ccbb2163bf6a233685749437c79fbc57766a
wqp,wqp:21FLHILL_WQX-135,2006-03,ANFIS-F,20260815,0262c7af87fea278eda4e21f349119633c9ed46c0fae84af2c56e8310592a20d
wqp,wqp:21FLSFWM-LZ2,2001-08,ANFIS-F,20260815,0262d83896317a5361ac2693abbfae92f350e3622e7aa04c75d3cb0a4538a00f
wqp,wqp:USGS-07049690,2011-01,ANFIS-F,20260815,0264502daac7231a30a4e1f45d3e4638f4153f67915ed165af0aab2282bb4d1c
wqp,wqp:USGS-07048910,1989-05,ANFIS-F,20260815,02669e4c03e821a7050c1723f4123fa86e30f3d03cbe20ec405649d37d37bb2a
wqp,wqp:USGS-07048910,2006-05,ANFIS-F,20260815,026a88b31d835e565fd396ae04a15b8d2476b5d9336610223c20abb2e4ac9a54
wqp,wqp:21FLSFWM-B01,1984-01,ANFIS-F,20260815,026e1dec5437fb3a0e310e6da9574d6956480232509b0ab788c544859b15fc02
wqp,wqp:MNPCA-62-0055-00-201,1988-11,ANFIS-F,20260815,026e3e06c2af5cf18008561d5617af81e8220669a8382d2048ca394425f6e48b
wqp,wqp:21NC03WQ-CPF087B3,2016-05,ANFIS-F,20260815,027237b1921ffe1e053bc42e9b8fe6af5bb6bbde3853f39c8349e78a75dcb013
wqp,wqp:21FLLCPC_WQX-GRIFFINTISH,2018-06,ANFIS-F,20260815,02723f2d9562ee8caf87054be7302d70ccd9f1a92994c3ccbf530c363862155a
wqp,wqp:21FLSFWM-STAKEOUT,2003-04,ANFIS-F,20260815,027252e72547e053f96d755283f12ce7ecbf0d5f6c2526e7aaeed5cd88a6b39d
wqp,wqp:CAPECRD_WQX-290,2004-10,ANFIS-F,20260815,0272a0c9567c82663b76921448b2a582e3d8304f2f727eaab6a0cb339fcc6956
wqp,wqp:21SC60WQ_WQX-SV-200,2001-02,ANFIS-F,20260815,027997d612388b563120cdcfe3c03e1929f53305e99d5a3b3a09e34eee2829b6
wqp,wqp:21FLSFWM-E06,1985-05,ANFIS-F,20260815,027a29d856961f77dde274e58490f7a5cda7b1aad997128d77c9211766bebb3a
wqp,wqp:21FLSFWM-B08,1983-12,ANFIS-F,20260815,027d257f1385b01cd42e674f4ea8334c0c8c4d7f346fb6e9720225753562103a
wqp,wqp:21NC03WQ-NEU019P,2006-08,ANFIS-F,20260815,027d7dd95cc93119831ad20e358b779e66c8e5ee3501a8a92fa09edc24f75380
wqp,wqp:21SC60WQ_WQX-SV-361,2004-04,ANFIS-F,20260815,027d9dd9a33d29a03e9987ff8ffb95e5772733cbefd0909f90fa252a4c5294bf
wqp,wqp:21FLSFWM-B06,1990-10,ANFIS-F,20260815,0280f2f7f3393ba0916e5f63220898657a3cbe045e75c0e2408071f80464bd5c
wqp,wqp:21FLSFWM-B02,1988-12,ANFIS-F,20260815,0285f02e01e6af548057a8c445d2a4fa067560bbdcdfc6790594152613db7479
wqp,wqp:21SC60WQ_WQX-CW-231,2004-02,ANFIS-F,20260815,0286c1c5fcccd34a06751123d6b61022d8b172b9ba60ef4d916aab7c87f22ac6
wqp,wqp:21FLLCPC_WQX-YALEMARSHPK,2016-04,ANFIS-F,20260815,0286c6667f93ec690476c11de892121c6cda43636c3088249c237ef6521942a5
wqp,wqp:21FLSFWM-E02,1982-12,ANFIS-F,20260815,028a7f4f36d2aec73cdf11ba0a00d143b2fd4c67a8dc60cfcdf148c9de709ea1
wqp,wqp:USGS-0690367690,1994-02,ANFIS-F,20260815,028ca8c2d049042e776f5f97d7247f833c3b1600635c559b28a65d08f90e5595
wqp,wqp:21DELAWQ_WQX-205181,2011-02,ANFIS-F,20260815,02913a1c50a0f048dffc725f15cfe760dd78e8a4c4c69b7a1e6fb3d1ba0dd145
wqp,wqp:21FLSUW-ALL010C1,1991-06,ANFIS-F,20260815,02918550cac54e886a365eca9ce42f1cd44bde6aa774083f7e85307e057f4708
wqp,wqp:21FLSFWM-L004,1990-02,ANFIS-F,20260815,0292768832d875aefd5e6caf964d7a86efb501682a97c865129261f38149ef84
wqp,wqp:21SC60WQ_WQX-SV-363,2017-02,ANFIS-F,20260815,0293002bc09f7a669bc8749cf59ac58472d610e45068ef775ed1e354475ab5ad
wqp,wqp:LAKELAND_WQX-LH20,2008-11,ANFIS-F,20260815,02967b6f9ae191e68e7acc53595eb13174b5a7f513f41acec0285a68264dcacf
wqp,wqp:21FLSFWM-L008,1983-01,ANFIS-F,20260815,0299f851b6f1a27534beca05610f7e7ab58cb92a364be92a185e38aaf18d54ff
wqp,wqp:21SC60WQ_WQX-CW-197,2008-05,ANFIS-F,20260815,029ac275b29d701cb983a208676ae875e1217f9e68575ed9f2a23217306bf0bd
wqp,wqp:21DELAWQ_WQX-109191,2017-03,ANFIS-F,20260815,02a1747a68a63322308724293b7ce69e030cd48bc75fab5137ebd56258b34d86
wqp,wqp:21FLSFWM-ISTK5,1990-09,ANFIS-F,20260815,02a18b0d3b2fc0f3fc806035aa8491afd30e11b96add1f470b9dbdcfd65d58b1
wqp,wqp:21FLSEM_WQX-SPR,2015-12,ANFIS-F,20260815,02a2a1ccbb7911e38f98b3e9d1dea7319cf26b07f852772e2848eaba34b41723
wqp,wqp:21FLSFWM-POLESOUT,2009-01,ANFIS-F,20260815,02a2f8afbbfc07f53d60a3342a659e34a72191ce48a8dfe39d23368790e4db65
wqp,wqp:MNPCA-62-0054-00-101,1986-12,ANFIS-F,20260815,02a458c0a041fddfcb17aab6484cf038631763253afea0db8ad6b9dabb6221d3
wqp,wqp:21FLSFWM-ISTK5,1990-04,ANFIS-F,20260815,02a47fb5647eb0674fcfb395c321f16abc7fa53b4bf89084bd4be0f31d2fa263
wqp,wqp:21NC03WQ-Q5360000,2015-02,ANFIS-F,20260815,02a5016f8e2eb55ef1a333808c4bfcdacd501f6ea2b296d325fc7cc71b43f89b
wqp,wqp:21FLSFWM-ISTK4,1995-12,ANFIS-F,20260815,02a8246c56ca4c4e99b1a4811ec59897aa30539a650ae18d9e3e5e56df21b819
wqp,wqp:21NC03WQ-CPF087D,2009-09,ANFIS-F,20260815,02a832d62c9387f4d0cc5960935644e5d46ee287ba9b8f38bc6bb28fc41f9882
wqp,wqp:21FLSFWM-LZ2,1989-12,ANFIS-F,20260815,02abc69e32cf804acc0823120265741c7a1972914ec17c91441fb60cda6d8a26
wqp,wqp:21FLORAN_WQX-LE53,2018-09,ANFIS-F,20260815,02acb22393cb5a7fc731e0f00e204977429f06c0e034fd636eb845704e91f706
wqp,wqp:21FLSFWM-CLV10A,2006-11,ANFIS-F,20260815,02adb84c7f4090efae87012ff82b537d08187a91761d51f567f1414f5e019cec
wqp,wqp:21FLSFWM-D02,2009-02,ANFIS-F,20260815,02b26aead50b3916425a541879393c770a774df242605c5c73cc815f6fafca84
wqp,wqp:21DELAWQ_WQX-304321,2008-05,ANFIS-F,20260815,02b4454be5534f3740cb30307942dacdd13cd84b682051b8b7817b7f7f7522c3
wqp,wqp:MWRD_WQX-MILTON3P,2015-06,ANFIS-F,20260815,02b781974fdfbd9fa144f4612d6c97dc567cee130670595031876aed0e8695c3
wqp,wqp:21SC60WQ_WQX-S-311,2002-07,ANFIS-F,20260815,02b849f0d4f5bb8ee617c152db84e20719bbd79449cfa725a9d6dc911774c2c8
wqp,wqp:MNPCA-25-0001-00-215,1997-04,ANFIS-F,20260815,02ba0b943b483c9845b6514e99ff7ddbcf01aefe91fee5f20d1d93cbead1ae42
wqp,wqp:USGS-07144790,2011-08,ANFIS-F,20260815,02bd0dd4ccf15b37b2b6cce61aba84c3eb360dc6be85a18059fae80d9d69e535
wqp,wqp:21FLCBA_WQX-WAL-CAMPBELL-2,2018-04,ANFIS-F,20260815,02bd54f2b6fa4362f1dccf4335853cab2549bc3bf2702b1585d7adf433c74022
wqp,wqp:USGS-295554095093401,2015-03,ANFIS-F,20260815,02be47e1ce00186f650d764a9f6dd4a70b8df28b855905112c8e989f88173120
wqp,wqp:LAKELAND_WQX-LH20,2011-07,ANFIS-F,20260815,02bf51b9ac130f105baa8ef95c6a619a7ea19d14dcd504ff37779582577bed80
wqp,wqp:21FLSFWM-KISSR0.0,2000-08,ANFIS-F,20260815,02bfe0013141ed8213ab404266026b4480a4301836a24e5dc9e12df59973c1ff
wqp,wqp:21FLORAN_WQX-BC14S,2005-07,ANFIS-F,20260815,02c1af4355acb251349d416fd13f28834e2bd2648a86f8e0f4039ae1bff3d17a
wqp,wqp:21AWIC-23,2018-09,ANFIS-F,20260815,02c42b62cebfaf34b9e17fe3f6007f078745f75fef705f55045cef18411a35d9
wqp,wqp:CAPECRD_WQX-262,2004-01,ANFIS-F,20260815,02c867e7368db73182fe3b370f901ff401555e7ea7d09a179a12c7582da6d5f6
wqp,wqp:21DELAWQ_WQX-206361,2007-01,ANFIS-F,20260815,02ca3437dd1aceb37c19b1bcbb270ec0019df06bbc5ec6f20fc8088a13bc9756
wqp,wqp:21SC60WQ_WQX-B-339,2017-02,ANFIS-F,20260815,02cb4df1a119488912b01507d3fba780ae2cbb3dbcacf49cc10defef1f61a0f0
wqp,wqp:21DELAWQ_WQX-303051,2006-05,ANFIS-F,20260815,02d1192de0f640b2475300d08003d675b13213af55640b6ea03c53e07830f822
wqp,wqp:21SC60WQ_WQX-S-310,2013-12,ANFIS-F,20260815,02d3a580a6685b13e90f41db00e9e9864644d7cc1872c05878822109301b0037
wqp,wqp:21SC60WQ_WQX-CL-019,2003-05,ANFIS-F,20260815,02d48e512b6d520aefbf394e0b04b3e44d50b6b48b1d880ebab134e7e169fca0
wqp,wqp:21FLSFWM-LZ30,2004-07,ANFIS-F,20260815,02d62932710546c68087e057c709eac16ce3589d130362e8dd4a8f4502539179
wqp,wqp:KAWNATON_WQX-KN-KL-011,2018-10,ANFIS-F,20260815,02d73e0b27a272188659322c40ecc04ed5aa987d738d0412e3141ee852d3384c
wqp,wqp:21SC60WQ_WQX-CW-016F,2010-05,ANFIS-F,20260815,02d8fb78e992c395fb3c89cc3031c875f6e333074788e9e99d5edad195a9912d
wqp,wqp:21FLSFWM-LZ42,1995-06,ANFIS-F,20260815,02d93bb5a4692106de56dd65c8e1efe524ba1ca37c8546d611eb5bd010ad8188
wqp,wqp:USGS-07048910,2005-06,ANFIS-F,20260815,02d977bb79cc11b679b5c04ce9b892fa78deed3b576c3e30f135e93d37040b7c
wqp,wqp:21NC03WQ-CPF086F,2014-03,ANFIS-F,20260815,02e2e456773e542910fee7007ba5f2dd517dd9ba97507dca8966c786886f5510
wqp,wqp:USGS-423659088354401,2017-04,ANFIS-F,20260815,02e30f4f8912e4ba1f884c4fb9cfab7c2367c7fc3f4275a98f39e85597f5634a
wqp,wqp:21FLSWFD_WQX-23588,2010-08,ANFIS-F,20260815,02e6b9372f54740f0c4414fdb0c501bcdb29e455b016d5ada8aab78f170c95c4
wqp,wqp:21SC60WQ_WQX-B-345,2003-03,ANFIS-F,20260815,02e7433040246794ea5d3e59d2151d8ff2eda593a379578a97ce3ee164fd34e4
wqp,wqp:21FLSFWM-CLV10A,1999-08,ANFIS-F,20260815,02eb6e78d81bf8ef0c88873549a7aaf3d305387783c367a0b37d3ea37eeee57c
wqp,wqp:21SC60WQ_WQX-CW-197,2005-03,ANFIS-F,20260815,02ebfdd7fb6ff84807ca757ccd13ed9f181b03db0f29f9fafb6e4f302b024b2a
wqp,wqp:21SC60WQ_WQX-B-327,2014-11,ANFIS-F,20260815,02f064a40ed8fe081217d3465d66758efe4dfc11d58bf6ac8843eee2152dae61
wqp,wqp:21SC60WQ_WQX-B-327,2001-07,ANFIS-F,20260815,02f26f7d9c3277edab695f386a984f83c7ef9cbeb5780bf07aca37ba6ad7e7ca
wqp,wqp:MNPCA-25-0001-00-233,1991-11,ANFIS-F,20260815,02f3b3562193c328157d856b1f162bc2143f45f9d48ba12374f822055777b4e5
wqp,wqp:21DELAWQ_WQX-202021,2013-03,ANFIS-F,20260815,02f79c57129ab3bc58abf1d1109c1ceae58554b6aff4661bb49f4d21aaa7938d
wqp,wqp:21FLSFWM-TIN16100,2004-05,ANFIS-F,20260815,02f7a2302c4b9cdfbd530c04f8020a5fca521a9ec73f0b6b3f97cb8ef6dad368
wqp,wqp:21FLSFWM-B03,1982-07,ANFIS-F,20260815,02f82f89c5d2d15938c18a3c768f9a3b2feaa10823ab6f8dad414d27a5762846
wqp,wqp:21FLSFWM-D02,2008-05,ANFIS-F,20260815,02fa13faacec9c838f4573391a34487d568302d347d1009ffc8d7b692dc5ff9e
wqp,wqp:21SC60WQ_WQX-ST-032,2005-04,ANFIS-F,20260815,02fcc91dfeced550ab5c55107c2d37073f03a0450bf049f154214645f57ae9b1
wqp,wqp:USGS-072632965,1991-07,ANFIS-F,20260815,02fddfc78472c6d374dedd8b7e1c603a20d2e4d7f8874c3107a84ee7ae36e88d
wqp,wqp:MNPCA-25-0001-00-246,1997-06,ANFIS-F,20260815,02ffdb61f4db6166a4dc2dc7e5a87d9abf49b6218472e31efb6f294f0b63ff6b
wqp,wqp:USGS-0214184000,1993-04,ANFIS-F,20260815,0306bef4d2a97b2664b8e4d31d2bb2cec4684d3f0160141e0a70a11e0ce551b5
wqp,wqp:21SC60WQ_WQX-SV-098,2001-09,ANFIS-F,20260815,0308edca7c3c540533fdc6af44a3b27eb3c119f9ead4b95c09e59525528e77aa
wqp,wqp:21FLSFWM-C03,2004-01,ANFIS-F,20260815,03091b55c104a26c2b9d543095d21e515cc98ada1aea08df0fb1808d92d6d268
wqp,wqp:21DELAWQ_WQX-303331,2000-08,ANFIS-F,20260815,030b4fffa610e1415a9a4ea836ea75c521022d8c1d0dbc17606e7664a6c892c6
wqp,wqp:21FLSFWM-RITAWEST,1986-12,ANFIS-F,20260815,030e6e86967e351ce91f8aab72adb04ec4adc0a539379dfa4e4df23f68220cf2
wqp,wqp:21NC03WQ-CPF086C,2016-07,ANFIS-F,20260815,0312e33e2e96957ec27a300e1c0b107db98795756e5f7d127e436c326d4c3f87
wqp,wqp:MNPCA-62-0054-00-101,1996-01,ANFIS-F,20260815,0312e8e9a8e3d3d29cf99d9adcb9efbfcaf47da431cafcaa7bda7602f246e288
wqp,wqp:USGS-07049690,1995-08,ANFIS-F,20260815,0316039cf3243f606a1e08200b4caf97fe50fa354209a30e9346b32be68aa266
wqp,wqp:21SC60WQ_WQX-SV-331,2008-12,ANFIS-F,20260815,03197ffa3a0d4bf6806a9cbe765ef67b38cdba7b06daeaedcab2a16ee7f89d2c
wqp,wqp:MNPCA-62-0055-00-201,2005-06,ANFIS-F,20260815,031b34cbaa63c6b615a9a7634229d59f6dcd2c841b4823ea687cbb082dadd6e8
wqp,wqp:21FLSFWM-PALMOUT,2005-01,ANFIS-F,20260815,031c2b6f67d0de137ec4bb251144bcee59078067693ec463da013500cf589faa
wqp,wqp:21FLSFWM-B09,1982-03,ANFIS-F,20260815,03202bf713e85b08e2eb6bc93782e4c0ef7ae54f52a1a4e5156a869963f95404
wqp,wqp:CAPECRD_WQX-262,1995-11,ANFIS-F,20260815,0320dd5af6cd82ddc3632a8f7ecc56bc83708850009776f60d5fbfc27dde7312
wqp,wqp:21DELAWQ_WQX-109131,2015-01,ANFIS-F,20260815,03225db0afab220dfbb2f3b4d24530ef1fa92835c927c0a0585cff0b7030d6fd
wqp,wqp:MTWTRSHD_WQX-GTOWN-LK-01,2009-09,ANFIS-F,20260815,0322aa4917ba46cb9c4ab5153aa92d4c957fa73b0eaa28d2d822e8009dc4692b
wqp,wqp:CAPECRD_WQX-262,2010-11,ANFIS-F,20260815,032428016b650ef89a6412d92ca233b99bb867a3ed535dedbd884e3315adfc2d
wqp,wqp:MNPCA-62-0007-00-203,2004-05,ANFIS-F,20260815,0327b9159a7f8eb0a5fa31dd8ad7953b9135171faa040fd509fcd4128db818ff
wqp,wqp:21DELAWQ_WQX-205181,2006-11,ANFIS-F,20260815,0328df00d6d4f406400ccf43b0876121ecd4007990d4d6e13be85dd1b3a078c1
wqp,wqp:21FLSWFD_WQX-23113,2003-08,ANFIS-F,20260815,0329e2792927e9a73981f6e4dac6281a1b487056c31b57e350a4a1f7a86ce3ac
wqp,wqp:USGS-0690367690,1995-01,ANFIS-F,20260815,032b235b72c4e4a2139548af7a0728c0dd7bce59edffd96e5292d7807c7ef5d4
wqp,wqp:21FLSFWM-ISTK6,1988-05,ANFIS-F,20260815,032cf3c2783bd63df4bacb5c6dd02dfd736f98be35440c612ed8469e14854d60
wqp,wqp:MNPCA-62-0054-00-101,1988-02,ANFIS-F,20260815,032d752aacb9285028bb886afc82add710dacbab430dfa6a5030ea86591f6b47
wqp,wqp:21SC60WQ_WQX-S-311,2015-03,ANFIS-F,20260815,032e96927518637f9dbf91cb69eacda3b4ed673fbdbb2b446a473a08bfa7da02
wqp,wqp:21SCSANT_WQX-SC-014,2018-03,ANFIS-F,20260815,033239eb0a3f79b2e1283b983d94826496b16f327e049948983fc369bb9dc0b8
wqp,wqp:21FLSFWM-E02,1997-09,ANFIS-F,20260815,03331da3903d9c64949dcf54b646533a94c87fafa4f7aa7a63078d35374a5420
wqp,wqp:21AWIC-23,2011-08,ANFIS-F,20260815,0333392331ce9ffcfdc48d9473c8d2d45bd2f62f93578786927e0b93f9404b5f
wqp,wqp:MWRD_WQX-MILTON3P,2010-07,ANFIS-F,20260815,0334ba3ad4690a1493b28a76ec6fbef4e1559f2e69863560ff672d5101e5003f
wqp,wqp:21NC03WQ-CPF086C,2010-08,ANFIS-F,20260815,03399b255bef71e2432c6fe8b841f09863fc64890d40d7c027ba2beb28edcd14
wqp,wqp:21FLSFWM-B02,1995-12,ANFIS-F,20260815,033bae80e1fe1203f354b138c292c2404a9bfa6d999ad20f8f4b101db2d33043
wqp,wqp:21FLSFWM-B09,1985-01,ANFIS-F,20260815,033c8a7a4a434f1d7dac5b51750964e91b3cadaae7844246ca8fb3def6b9185e
wqp,wqp:21FLORAN_WQX-CC18,2008-01,ANFIS-F,20260815,0342613f808d5f86b01d4d2b9b253f66ce538975ac4e82af6b468f6eab5952cc
wqp,wqp:KAWNATON_WQX-KN-KL-002,2008-10,ANFIS-F,20260815,0343df318db49c12c386d125314bb57fff49fbf4e3a6fb8e3d2f95b030a1994b
wqp,wqp:KAWNATON_WQX-KN-KL-005,2009-11,ANFIS-F,20260815,034477abcbbc051b5b92b96e5cfea05a7093748417fd707fdfb1894415d1db50
wqp,wqp:AZDEQ_SW-32,2013-12,ANFIS-F,20260815,03447ecb6fb89444060e2424554c1c4067a70db9d1297646df8706e1c44e1029
wqp,wqp:21FLSFWM-L001,1993-01,ANFIS-F,20260815,03482deaae0ddd71027f0666d817539f51d621681fe79a8f636348bdb067a928
wqp,wqp:21FLSEM_WQX-SPR,2013-10,ANFIS-F,20260815,0349c3c519f089f9fed5cb0560e62c2423457d611922babef8520e831c53e1ad
wqp,wqp:21SC60WQ_WQX-SV-339,2013-06,ANFIS-F,20260815,034af60768587011f618f5dc4b124f327478afd8b0257449eaf06c90e58d644d
wqp,wqp:21DELAWQ_WQX-308071,2010-10,ANFIS-F,20260815,034b967d48db9bd2832afb39fd67d11270b31c3775650aa73e707d6ea7545246
wqp,wqp:21FLSFWM-TREEIN,1996-07,ANFIS-F,20260815,034c4b22e7fd377362a334f3067ead967d56f4457ac9f38f9ad75ba3fb804b84
wqp,wqp:21SC60WQ_WQX-SV-338,2000-08,ANFIS-F,20260815,034f8a12727fba5ddfc08588f25676739c092256373de4c6e656d110c3d39a43
wqp,wqp:21FLSFWM-L003,2008-08,ANFIS-F,20260815,035560f4038fdfcd4b0118ce7160c75902fd7511e0fb524d0f8a4ddd4c8e22a9
wqp,wqp:21SC60WQ_WQX-SV-361,2009-12,ANFIS-F,20260815,0355e16160fbfb8f1eef3f51dc80488b36f3b2c0e9673c395895446e31eb525d
wqp,wqp:21SC60WQ_WQX-SV-335,2016-01,ANFIS-F,20260815,03584db0221171cccdec7eaf716788baaddf51244618e94afd90d04d9a303354
wqp,wqp:21FLSUW-ALL020C1,1991-04,ANFIS-F,20260815,0358c54dc5186b47079f0305698b6eb224f6f1c1d1be7cc699f576ba01d1632a
wqp,wqp:KAWNATON_WQX-KN-KL-005,2014-02,ANFIS-F,20260815,035bfcab275aa2f9b71be72930d68fdc72dbb52fe239b00ee9993320cf3d15f9
wqp,wqp:21FLSFWM-ISTK7,2008-03,ANFIS-F,20260815,035d9bb706f4f23eb28ca02dbd54031793c812c5e7484fc311da53d6995aeee9
wqp,wqp:21FLORAN_WQX-BC14S,2006-05,ANFIS-F,20260815,035f49676b3192d5eb1e593dccc7e2ccfbd143c2f95cdde9d00a90b133582347
wqp,wqp:21NC03WQ-B2450000,2018-02,ANFIS-F,20260815,035ff8dff20308b4bcfb9439106cafb2f298088ad5515c3f60bfff320aaea21d
wqp,wqp:USGS-072632965,1991-08,ANFIS-F,20260815,03621a1fe57ee80a45344b9130f7f1931638f2a9f6b3c632b10a317f2906c22f
wqp,wqp:KAWNATON_WQX-KN-KL-002,2010-11,ANFIS-F,20260815,0364aeb82b7bd88f23a7228db9a77993a0206d0abf01f25358ff561700ce972c
wqp,wqp:21FLSFWM-STAKEOUT,1992-09,ANFIS-F,20260815,036627fded483173532e9c43ac6a8f3efa2976f8173fd0cb94b50669a263ad8b
wqp,wqp:21FLSUW-ALL020C1,1998-08,ANFIS-F,20260815,0366f488b498805b132b6e888dc3f95091c13089477e52e5e2865b0d3a8a29d7
wqp,wqp:21FLSFWM-L003,1989-05,ANFIS-F,20260815,036b5a094dc40b8bee37de5f4b38436bce9fc6586c93c8fafabec5c6e8749ab1
wqp,wqp:21FLSWFD_WQX-23624,2009-12,ANFIS-F,20260815,036b9a9becbaabd58050b4b1bfc601f7a44644c9e8930af03175146f5c434a46
wqp,wqp:MNPCA-25-0001-00-215,1997-10,ANFIS-F,20260815,036be6095a5f82102abd7cd374acd4bd2d0c6eefc77e3045967ce57654271d8d
wqp,wqp:21DELAWQ_WQX-205211,2011-10,ANFIS-F,20260815,036caa32aa7ceb9fa3f662180df9601ad4537fc29903fee2e699d58245512a4c
wqp,wqp:21FLSFWM-POLESOUT,2001-12,ANFIS-F,20260815,036cfc19c2e3a12cc019e0edf22fdc6c0cc460c6e04b256756426eda92a31b45
wqp,wqp:21FLSFWM-CLV10A,2007-11,ANFIS-F,20260815,036d2358a03c34f3a73a4c3296612cd552d8b73a1f1110e88dff31172a8b6897
wqp,wqp:21FLSFWM-POLE3S,2005-10,ANFIS-F,20260815,036e0bdddf9ff53794d630741cde2a2f357a6157149fc17164846f10fc6fdaa9
wqp,wqp:21SC60WQ_WQX-SV-357,2017-04,ANFIS-F,20260815,0376e46bd5e13f067af665de6bd4dd79f3719dec70f3eff617e4683c1017bb28
wqp,wqp:21SC60WQ_WQX-ST-032,2005-02,ANFIS-F,20260815,0376fdb9ea2759148b948e0d256bdabb94b8ba04606f2f85391552bba068d790
wqp,wqp:21NC03WQ-CPF055D,2013-08,ANFIS-F,20260815,037b7a97ece07e26526f0add85c472abae7da56cb09d14dfbaf5281c5bd702b2
wqp,wqp:21NC03WQ-NEU019L,2006-10,ANFIS-F,20260815,037bcce9172581c356835e1af6c2e1d35778e162f9018c88f67f3f92c50c8695
wqp,wqp:21DELAWQ_WQX-304321,2006-09,ANFIS-F,20260815,037e45f96a27a6bcc1a2b0f667f381bdbe7a0e2415b3ad0382382c93958e8a17
wqp,wqp:21FLSFWM-L008,1991-09,ANFIS-F,20260815,0381b1c862d1bbbc2918ec413286853b574826d48cc46fb4e93f5b75f70e0f1c
wqp,wqp:21FLSWFD_WQX-23624,2008-08,ANFIS-F,20260815,0383e206eaeadd4c438cb1e2ed23a85405abe9bb0efc90c2b5b6d898692d3628
wqp,wqp:21FLSFWM-L005,1986-07,ANFIS-F,20260815,0385c0d053f545fda813dedb8982c11e03c7ee725504917a29d21e311a0533e3
wqp,wqp:21FLSFWM-D02,1991-04,ANFIS-F,20260815,0385e5ab79dcc3b7fa264df39825b080f6bbe53c15b337731223a8bec81d598c
wqp,wqp:21FLSFWM-D02,1999-08,ANFIS-F,20260815,0387b023183255002e273caced0fc8a3458368d65c25e9f5c2d005dd49819daf
wqp,wqp:21SC60WQ_WQX-S-022,2011-05,ANFIS-F,20260815,0388b7934e312939a7b5c99f369d8fdea2d00ae2dc7ef70e53140b22039f590a
wqp,wqp:USGS-0214126765,1993-09,ANFIS-F,20260815,0389410b79663cd1c44ce60cd627df84eb9ad170ef4e2ed04947edaa996dc43d
wqp,wqp:21SC60WQ_WQX-SV-331,1999-12,ANFIS-F,20260815,038d43d455e33a26e912216de9806bd0a21b9b964e92cc0935219c6328c93f61
wqp,wqp:21NC03WQ-YAD169B,2006-03,ANFIS-F,20260815,038dcc1229be921a4f48301a2da9efbacb7640ed05070ae2d978522f7ab658c1
wqp,wqp:21SC60WQ_WQX-CW-197,2016-03,ANFIS-F,20260815,038deb5936ac86d12d200a3bfa6403a3f9c6749f759f89f829d54365f96b0426
wqp,wqp:21FLORAN_WQX-CC12,2009-03,ANFIS-F,20260815,0394fd60119f38ba3304ebe6b00ed8d5194c84eb66a1428326b1cc66bb8f450f
wqp,wqp:USGS-07049690,1974-10,ANFIS-F,20260815,03983fe36bce3a96adaef430fd7a17d68b6280b0ff327479c5a7ba12b1b5ef7e
wqp,wqp:21SC60WQ_WQX-B-327,2017-03,ANFIS-F,20260815,03a11e00765ba83090d0a28de9090e487b17f7f615fca66959c5d123b5879a5b
wqp,wqp:21FLSFWM-LZ30,1981-07,ANFIS-F,20260815,03a26db0ad5beaf651c34e42768f8722e6bebafe4846fde82a68a547aa669590
wqp,wqp:21FLSFWM-CLV10A,1999-01,ANFIS-F,20260815,03ac827df2a1e87a357b90cd1dd16f08ec8e52064633515773c666981df893fe
wqp,wqp:USGS-423659088354401,1983-10,ANFIS-F,20260815,03aec1a2425771d08515d31bf510a4aac7afc505bb2f9843e497651807a3ca88
wqp,wqp:21FLORAN_WQX-BC9,2006-01,ANFIS-F,20260815,03b05a5b51bcf2b764011a80b90aded4be0b64eaf4f45b56a67dc4f9b141ff39
wqp,wqp:21FLSFWM-LZ2,1997-10,ANFIS-F,20260815,03b243f3402842377207214ebd2a23658a97e7c19f2b8f4f09bfe0ca678c3d9b
wqp,wqp:21FLORAN_WQX-BC6,2011-07,ANFIS-F,20260815,03b4ab0a0839d01e6bec168807ae66685883576acc251815da5efb7717c8e292
wqp,wqp:MNPCA-82-0046-00-203,1983-05,ANFIS-F,20260815,03b6802d82335a591c8fde82dc9a140ea331043a230bbfd3d3f614a777eab34b
wqp,wqp:USGS-07049690,1986-01,ANFIS-F,20260815,03b7b80fa5b15bb452bc93ffba48375874338a94bca66de2f55aed454b3f2876
wqp,wqp:21FLSFWM-C03,1990-09,ANFIS-F,20260815,03b7e50b6c094a437bba14c1e4f0501486304bf3b152d27e625a82139103a20d
wqp,wqp:21FLSJWM_WQX-409555,2017-08,ANFIS-F,20260815,03b97ba38c51209d7e00b13343bfaffb1b765b94020d42dfe6612d1c9204dff1
wqp,wqp:21DELAWQ_WQX-108111,2012-12,ANFIS-F,20260815,03bbbc4c8021be785461cc58ec645a10453dba413f4100c31b10671e528d6d19
wqp,wqp:21FLSFWM-FEBIN,2004-01,ANFIS-F,20260815,03bf3415d1c634cc25642fed7bbb272c44f81a5a32e178f906088678119e454d
wqp,wqp:21FLSFWM-FEBIN,2000-06,ANFIS-F,20260815,03c0aee1b7106e51b15c405abfb0d534f4db64f9db3934deac6ea454e0caaa0e
wqp,wqp:MNPCA-62-0013-00-201,2016-06,ANFIS-F,20260815,03c0deb2f254d9f7bfe811fc4681ad76264e61309acf80205ca12ad0ad36d509
wqp,wqp:CAPECRD_WQX-290,1995-12,ANFIS-F,20260815,03c114e6fb398d3a6b89951ddf97e96cc3b11d55faf42a6c180c81c26d28373c
wqp,wqp:21SC60WQ_WQX-SV-200,2015-12,ANFIS-F,20260815,03c69059c8d55031dfa0462a7a70212badad0678ccb1200d9254efa66bd3f682
wqp,wqp:21FLSFWM-C02,1982-10,ANFIS-F,20260815,03c791895c391d204238a5a3db0cc0389fcb385c7968978a1019420032266b02
wqp,wqp:21FLSFWM-ISTK1,1994-07,ANFIS-F,20260815,03cab3dc9dca163d11b9173f1bb811cfa1f95582f621a4341492bf647e6cb2f2
wqp,wqp:AZDEQ_SW-33,2013-04,ANFIS-F,20260815,03caf04848d865eda1b069df2f9abf5a4796dd4852eccf71cb6f93f95727eeff
wqp,wqp:USGS-07144790,2007-02,ANFIS-F,20260815,03cf0e6c892489083a9ba287fd4376615d68067e3a165795cff4bbe537ca45b7
wqp,wqp:21FLSFWM-L005,1984-08,ANFIS-F,20260815,03cf9bb0a8b51f7472c3da2dc529473d5337b0f230aa542d8ec2aa8b978d0c38
wqp,wqp:USGS-07049200,2015-04,ANFIS-F,20260815,03cfe1404d7c0d6559c20b17c919f2060b23880ab884c0ea2dd9196a99262878
wqp,wqp:21DELAWQ_WQX-303051,2014-05,ANFIS-F,20260815,03d09cb18dc09c637edd3e312dd4c17eedd95c6a9d97521c7c2ae2e1cdf8a433
wqp,wqp:21FLSFWM-L004,1992-04,ANFIS-F,20260815,03d27ae890d8959d8d2391078bd618a913e1427c5971df8b810e85e703e52407
wqp,wqp:21FLSFWM-B03,1983-10,ANFIS-F,20260815,03d3795ddda9d65bb5c8cd49095944a3842a49bc8d661dc7be2bd87443d04df1
wqp,wqp:21GAEPD_WQX-LK_12_4048,1997-11,ANFIS-F,20260815,03d44feb4b95484b86ae93891a7af3296e3d2714fd55b4ddd34a9ea8501793d7
wqp,wqp:MNPCA-86-0284-00-100,1988-01,ANFIS-F,20260815,03d4b125e5cb209f6bd44eefbaec1f3f3723790d9a2596c8b425e68c2e89e54d
wqp,wqp:21FLSFWM-L005,1990-07,ANFIS-F,20260815,03d63ced41d38ec8f8382ac6c1ad45ca8d92601e94ba27d6f155fcad5f8a85ae
wqp,wqp:21FLSFWM-MH16000,2000-02,ANFIS-F,20260815,03d66f9c2a592612dc10afddfdfe44eea4ae6c19da914366b390eb579d5aac72
wqp,wqp:21SC60WQ_WQX-SV-339,2001-11,ANFIS-F,20260815,03d6a9bee98070a6157d2bbdb69b41e083898aaf5b575a19c871444115f37930
wqp,wqp:21FLSFWM-B02,1992-02,ANFIS-F,20260815,03d709fe9099f565afb0ab3ee52a6098126b56b29abcfaa38924ca10a595c987
wqp,wqp:21FLORAN_WQX-HB55,2018-06,ANFIS-F,20260815,03d87caa88a3bb95bfd543bcfa4145ab049f1a9b7bc9c3df47a9d26d07ce33aa
wqp,wqp:21SC60WQ_WQX-PD-327,2002-03,ANFIS-F,20260815,03e3bf1fb20c0e5ef74270abc3e65a380afe7fd9e9876282c8b60ae436a51852
wqp,wqp:MNPCA-62-0055-00-201,1989-05,ANFIS-F,20260815,03e57f8f79a3636e7972d66e0ccebc4de35da5886ddbc8760aa63dfa2203b2f8
wqp,wqp:21FLSFWM-POLESOUT,1996-05,ANFIS-F,20260815,03e6aec8a3611ff6158e6bd1f43b135963a636aff6c597003a17339aadbf068a
wqp,wqp:21FLSFWM-TREEMID,1995-06,ANFIS-F,20260815,03e7ef0dd1941719793f3b83b39e7f21dc5f5f86cf790069dea007409f7799ac
wqp,wqp:21SC60WQ_WQX-SV-236,1999-04,ANFIS-F,20260815,03e88672a0f4a559ab17a1531f1b39b8a527f67112d0cdfee9792298cb4dd194
wqp,wqp:21FLSFWM-L003,1981-10,ANFIS-F,20260815,03e947b6994cdc91364446718914dc2826463c82146ee750b72c0cbcdba4d291
wqp,wqp:21FLLCPC_WQX-YALEMARSHPK,2017-07,ANFIS-F,20260815,03eb0e95dd37b05afa0c1b7f29849c3d11e4759bae01661932bbe2371b5985cb
wqp,wqp:MNPCA-62-0013-00-201,1990-07,ANFIS-F,20260815,03ee08069612b0575272c7af9531d50e4cbd3c947e86539a909ef43a3f548db9
wqp,wqp:21SCSANT_WQX-SC-005,2015-08,ANFIS-F,20260815,03f4810e1aaccd4c31a71c59a8ed8cc3561af506a75f027fc5b238d06bf1808f
wqp,wqp:MNPCA-25-0001-00-232,1998-07,ANFIS-F,20260815,03f4f02c4c3907f14ac509d8a8d4e457b56a711819664637f9f8a920a9a7bb5a
wqp,wqp:21FLSFWM-D04,1982-08,ANFIS-F,20260815,03f62a2d978ca892b2326eab01907ea034d94474b247397a8084e7fc1201c668
wqp,wqp:21FLORAN_WQX-CC13,2013-09,ANFIS-F,20260815,03f7a2e62088bd523849308cbdcd1772194ba8dbb4f6c86db3cae418606e8b5e
wqp,wqp:USGS-07049690,2006-12,ANFIS-F,20260815,03fb84bc3d0fa3784f635f36024f4d7ebb06c6a7db03b7d89091d46848d7133d
wqp,wqp:USGS-423556088365001,1986-08,ANFIS-F,20260815,03fd5806cf3a8a6297ccf1a834a5a83f9b02c47fa7ca7ba0b4b6aacde1a91759
wqp,wqp:MNPCA-10-0042-00-401,2011-06,ANFIS-F,20260815,03fe0e54b058307c14a1b254d605e6df23ef1879bce728fad6b3a7239273e7b5
wqp,wqp:21FLSFWM-L004,1983-12,ANFIS-F,20260815,03ff7f364e903b2672c8be84be74f4c3f31190bc7ed9079e65f979e7514f595e
wqp,wqp:MWRD_WQX-BARR3P,2012-04,ANFIS-F,20260815,0402600e64742c9a78e3e41a97777ba416d43aec23b95282d775f2736085ea77
wqp,wqp:CAPECRD_WQX-262,2013-11,ANFIS-F,20260815,040261a61c33bf5a1ada4c4676e994343a41aed439925a2025bcf792868877a8
wqp,wqp:21FLSFWM-L001,1978-01,ANFIS-F,20260815,0403191cfc59a8c464527e85e4f718802b8ee62a7e5a1696e2c12b760cc0fb72
wqp,wqp:CAPECRD_WQX-280,2001-01,ANFIS-F,20260815,040353cd15a0fba96b6412b8965dfab3ccfa24a1df446f530412eebb81779634
wqp,wqp:21SC60WQ_WQX-CW-033,2002-02,ANFIS-F,20260815,0403b0f3cae4321ac79dbbb19bb56039e8864a813bc465a7b892f703fcf909f9
wqp,wqp:MNPCA-62-0054-00-101,1991-04,ANFIS-F,20260815,0407196e15a74dd39b2f06285f48500b4804b6ad8f770aa799fdcab309fe1eda
wqp,wqp:21NC03WQ-NEU020D,2011-09,ANFIS-F,20260815,0409646db0bda8afefeb8075fd32e876e8e50a3c375384dcc0940e43a19a4257
wqp,wqp:MNPCA-62-0055-00-201,1984-10,ANFIS-F,20260815,040afbd8decc9bde9854b3f9be09f37fa585f5a78aefd46cfbb61c174817d7c9
wqp,wqp:21NC03WQ-CPF086F,2005-08,ANFIS-F,20260815,040bec9f562780dce48665a0975b3b34a9eb23e6a2fa5409c118dbc395ffe878
wqp,wqp:21FLORAN_WQX-CC11,2007-12,ANFIS-F,20260815,040d3f540e0dda1c58da5cdbd7f162b424e49da3b5c6e0fc3e00707029cc52a8
wqp,wqp:21FLSFWM-D02,2003-06,ANFIS-F,20260815,040deb66d7aa5274d88d1b0f34bac36722fb63dc5fcfdd159db4af440dc99482
wqp,wqp:21DELAWQ_WQX-208181,2004-11,ANFIS-F,20260815,040e251409c7da75bfe94c93936f75f21f6203a0e6354d7ab3ca335964a53394
wqp,wqp:21FLSFWM-B09,1992-03,ANFIS-F,20260815,040e379d861b296fa2d6e1532327f987d4c672cabff76198cf09fd1bd7e10ea7
wqp,wqp:USGS-423556088365001,2016-08,ANFIS-F,20260815,040f0af30ba9620ff7b031ad8c446962ef7b994451739aa66451cce07c285bd6
wqp,wqp:21DELAWQ_WQX-303331,2008-08,ANFIS-F,20260815,040f326f0384e79d1dad2c56d423aab234970506b735494fa2516cebf4ef0fc9
wqp,wqp:MNPCA-02-0075-02-203,1983-02,ANFIS-F,20260815,04111b6e1b9b619a57a554f06dd4ef96a7a8bc98e5bd39fe522daec332a1a1d8
wqp,wqp:MNPCA-62-0013-00-201,2008-08,ANFIS-F,20260815,041213f742b7a72c7e32715d0e4df734d03f793e91be6b552afbeb0bc000f8eb
wqp,wqp:21FLSFWM-LZ2,1991-08,ANFIS-F,20260815,0412a7ec89e1fcf1cecfd6efbfc60d88e358ff704bf2e1fff885beee36b4fdd7
wqp,wqp:21FLSFWM-TREEMID,1992-01,ANFIS-F,20260815,0412ccb493dcecf532fc34ceea5e826fc13b1a2cc3103d89183987300810de08
wqp,wqp:21AWIC-23,2001-07,ANFIS-F,20260815,0413957b6d7d381015e59b37dabe7e4b1889aeba6c26267ee9474e84ea0f278e
wqp,wqp:21DELAWQ_WQX-308071,2016-04,ANFIS-F,20260815,04152aa20e0c22dd06b7943aa78fa99c0adc0dcb1ea61dc3c68a474e45b2f848
wqp,wqp:21FLSWFD_WQX-23624,2009-04,ANFIS-F,20260815,041ac713ab3ccf42a615b3ba5d8a5ea6deb3f5dd1089251dcbcd027c29c7129a
wqp,wqp:21FLLCPC_WQX-TROUTDKEUS,2016-11,ANFIS-F,20260815,041c6c5b4279e228bdba732e65c707081cb1985feb7044b82e7c3352d9aef558
wqp,wqp:21NC03WQ-CPF055D,2013-02,ANFIS-F,20260815,041fd85309194a92481772ceee0abb16938eb26ab8061460ecc6d1a2e0bb043a
wqp,wqp:CAPECRD_WQX-262,2007-07,ANFIS-F,20260815,041ffa0d661d8eb70c433765f884baffc717d11bbd67969f219aac977d3c4882
wqp,wqp:MNPCA-82-0046-00-203,2012-05,ANFIS-F,20260815,0424d9ad7d59b31d4a5e9d371ed5cf5a151fd92da0bbd29f27452e87c582007d
wqp,wqp:USGS-072632992,2012-01,ANFIS-F,20260815,04280ce1216c734406e0342aeecde1678c11e4f08e8dc1712775d36c7f06405a
wqp,wqp:21DELAWQ_WQX-206361,2008-01,ANFIS-F,20260815,0428c0a375e10b2b3a246d89103240d1023265bbb0393542d6af9682cffbe08a
wqp,wqp:21SC60WQ_WQX-SV-200,2007-04,ANFIS-F,20260815,042df77a3d170f5d13285361c8d21598f4b6ce989fc2f00ad158b2d9ea49585c
wqp,wqp:USGS-421420121481700,2013-08,ANFIS-F,20260815,042e44fe745ceb013ecf0390d6f80aa6194317cde73aa01b56c295ea126b7234
wqp,wqp:21FLSFWM-PALMOUT,2008-04,ANFIS-F,20260815,042fcc551fea6c965621019c81a3796e37dee381e45f83bd87060b480a1ee4bc
wqp,wqp:CAPECRD_WQX-280,1999-08,ANFIS-F,20260815,04329c4e9e5c39a89c79ac6b4e09fe80158e414dbffefe65ab5eebe3771988da
wqp,wqp:21FLSFWM-E02,2003-11,ANFIS-F,20260815,0434273fb262bf4c1fc475052a270f11adb2b0a5405c39c6795393c4e8885b5b
wqp,wqp:21DELAWQ_WQX-109191,2005-09,ANFIS-F,20260815,043505ef592f954bad550eb2aa8df99415125c3e10bb6b56082fa95d11d98fc3
wqp,wqp:21FLORAN_WQX-CC4,2015-10,ANFIS-F,20260815,04362dcf36c35f49b6be3a457eb9363119fa17e412b984176c7c3d7125e51745
wqp,wqp:21FLSFWM-L006,2003-05,ANFIS-F,20260815,0436be1d1685b66eeb5fb79105310b97c217bafc68226249b2ee523282da3a05
wqp,wqp:USGS-07049690,1995-10,ANFIS-F,20260815,043b0e92d1adfff461e9f2678af491056b1854953735999592a0c89fb65ada11
wqp,wqp:21SC60WQ_WQX-S-024,2016-11,ANFIS-F,20260815,043b469e378c8ece615cf58e1fe98cc98185f6c56a62fffc77f5573d771ac8fc
wqp,wqp:21DELAWQ_WQX-304321,2006-11,ANFIS-F,20260815,043d983423396f90c7637377cbc88008edf1d3a18ce1f4705ef2c550a3421707
wqp,wqp:MWRD_WQX-BARR3P,2014-04,ANFIS-F,20260815,043e6a155947b073dc98af87f57411268ac0b667ee3fce426febd7cfd00453af
wqp,wqp:21SC60WQ_WQX-CW-231,2004-03,ANFIS-F,20260815,043e8db984719c81c440aeb4821142b7d58caa3d6d8f168525c002887080de69
wqp,wqp:21GAEPD_WQX-LK_12_4048,2001-12,ANFIS-F,20260815,043fd923d40626a37c82d14e6e36fe870da5f867b77cb394a29b5a7e59a8b968
wqp,wqp:USGS-01201700,1979-12,ANFIS-F,20260815,04449453776fbd747de66f4ccad305efdf9e9686afc883459b5d15b5ebab58c7
wqp,wqp:21DELAWQ_WQX-304321,2007-05,ANFIS-F,20260815,04460d47ba12edd7c20ab21ebe8ed7f39622ecfd64d88ec1e85758b777842913
wqp,wqp:MNPCA-62-0013-00-201,1989-05,ANFIS-F,20260815,0448ab3feeeb18fb30330a92e706f936275a8b2567f7ece613a5bf02960749fe
wqp,wqp:MNPCA-10-0042-00-401,2016-05,ANFIS-F,20260815,044adecd750e38361d2f7d5670fab5d1c991aaa1166cb1220c678bae72445015
wqp,wqp:21SC60WQ_WQX-ST-032,2004-01,ANFIS-F,20260815,044e671938d9eeb50b7af7bdb9b7db78c1539bd6db10a003f42cca484deab2a9
wqp,wqp:21SC60WQ_WQX-B-345,2007-01,ANFIS-F,20260815,044f3ba079e81bdd80b8966ee413805f6dab25ed80cd9e33d8098a0f4b0e60ae
wqp,wqp:21FLSFWM-B06,1990-12,ANFIS-F,20260815,0451218a3dec2691ef85ae721141212ead53e8bfd00df5da9abdd6d5c1f80229
wqp,wqp:21FLSFWM-LZ42,1993-12,ANFIS-F,20260815,0458c2bd8345c2eb26101c450c05e66373804ab86cdf3c8da70e7199b3735743
wqp,wqp:21SC60WQ_WQX-SV-338,2006-08,ANFIS-F,20260815,0458d71a2e69e6db482a58c88eb8fafb5d29caa80abdd1f3105c06d760e0f934
wqp,wqp:21SC60WQ_WQX-SV-268,2008-06,ANFIS-F,20260815,045b8a7bf2001dda924cd7e48865cb15c79be5db920b57ea2efe08b1c5e0ab55
wqp,wqp:21FLSFWM-B05,1984-01,ANFIS-F,20260815,045d76d7aa73d922f820c909fc4907209dc582e24ff06e418327faddaf8a6ddb
wqp,wqp:LAKELAND_WQX-LH31,2008-10,ANFIS-F,20260815,045e85802aa5acbb086621ff95dbd6fef1e4ad7cfa86be3f13eff96e94b45ca7
wqp,wqp:21FLSJWM_WQX-44148,2018-02,ANFIS-F,20260815,045f2b87a46785ea58bca7dd1251be7e823f174353aba25698da909477f7d45a
wqp,wqp:21SC60WQ_WQX-SV-335,2004-09,ANFIS-F,20260815,04600b4edcd815d9a311c4c40671026a6759c93e5a6d316cb936d2c1cf8ea1c6
wqp,wqp:21SC60WQ_WQX-S-311,2004-09,ANFIS-F,20260815,046175f35bf69b3a7a18a79a780da91cfe8a869f146352a6efd2b09bdc5e0a6e
wqp,wqp:21FLSFWM-L003,2000-06,ANFIS-F,20260815,0463b6f03f08ffe8b9871c03450179b66172423e88caa1d47ad8073863d7d415
wqp,wqp:21SC60WQ_WQX-CL-089,2007-12,ANFIS-F,20260815,04649024858a6e74fddc2faf46e2349b50ac3ad6c7ed26cac4b441242ea2f907
wqp,wqp:21SC60WQ_WQX-CL-089,2006-08,ANFIS-F,20260815,0465b86dc5355fc7b86facf82bd56ae7df6d96c72a20952b8359cbddb488b83a
wqp,wqp:21FLORAN_WQX-BC6,2006-07,ANFIS-F,20260815,046a66e1017d188f2d3b88742612dfd865d6ec14d9959268e1283727a7ca1776
wqp,wqp:21SC60WQ_WQX-CW-231,2017-12,ANFIS-F,20260815,046cf5f5fb0c1e1f706cb826e549b8725f567202c44892771f7c25c46910968b
wqp,wqp:MNPCA-25-0001-00-232,1993-07,ANFIS-F,20260815,04705fc60f28b3aa8a2379b1cc78be247d5cc2aa8acd750e2267f3dd60eae59f
wqp,wqp:MNPCA-62-0055-00-201,1986-08,ANFIS-F,20260815,0470acb7927eaee4d409d3ad2596259ba5b9f1872e78f3fbac3deaca7c6d6145
wqp,wqp:21FLLCPC_WQX-LKSILVERSHR,2001-06,ANFIS-F,20260815,0470fc8d5a58220644049d57af5dff321f161c281512eec45609dbba3d01e360
wqp,wqp:21FLSWFD_WQX-23631,2009-08,ANFIS-F,20260815,047226976ef7e214a210033b9f64d69c47309dba5f12d7ada40df9a193578eff
wqp,wqp:21SC60WQ_WQX-CW-174,2017-08,ANFIS-F,20260815,047370fb17abb274de59ab07a1188fb888e2acfc7b6e044ebab266b5eec98e92
wqp,wqp:21GAEPD_WQX-LK_12_4048,1990-06,ANFIS-F,20260815,04739b06794bac03934939053e0f2734cb7e64804ee4e8e1c2d1edf8e2aac380
wqp,wqp:21FLLCPC_WQX-YALEMARSHPK,2018-04,ANFIS-F,20260815,047472a6b6743fc32ce193aaa8321eda9edff95de27bb52d066e3b7a38add518
wqp,wqp:USGS-072632965,2008-09,ANFIS-F,20260815,04763d8b005ab488c1567a9a6b296424e5c1990257ad334ad4cbefca24400730
wqp,wqp:21FLSFWM-E02,1998-10,ANFIS-F,20260815,0477877fdc7ce9bfc0e74a0323671953c18037222c5c87a34cc76ee1d7edd247
wqp,wqp:21FLCBA_WQX-WAL-ALLIGATOR-1,2018-01,ANFIS-F,20260815,04780eb353ef9b2d949814c0662f793c0a3766d2fce8951c88915006bcf5fe11
wqp,wqp:MNPCA-47-0042-00-201,2015-08,ANFIS-F,20260815,047919e0b8b0b1efc14ba7fec7144c7100b22497a475626b1e1477abaa5e6608
wqp,wqp:21FLSFWM-ISTK6,2007-09,ANFIS-F,20260815,04793cd88321fa597257759d73c0460e7e07a56c83e8159a2a5141c4dadf6aee
wqp,wqp:21NC03WQ-NEU018E,2007-08,ANFIS-F,20260815,0479a896b66f03c82d1952fcbedd565a7c5131ee732d175eef57f2634c1b5e90
wqp,wqp:21FLSFWM-ISTK6,2005-05,ANFIS-F,20260815,047a1dda37245e739b6bacdbafe962e9e130892e082a37ecdd72447ae60cccb0
wqp,wqp:21SC60WQ_WQX-S-310,2006-12,ANFIS-F,20260815,047b6a4e7d3848307447cd44b05b09eb82ca889aab937dbc97f4832102f0e92d
wqp,wqp:21FLCOLL_WQX-LKTRAF4,2018-03,ANFIS-F,20260815,047bc33409d45749b9ac5eca003c5d4f920abecb65aafa989e631b76b59ea0ba
wqp,wqp:LAKELAND_WQX-LH29,2009-06,ANFIS-F,20260815,047f7f69cada5bc24eca9cc5dad1df0decd1c1fb76a844522bf84814e44bbdc9
wqp,wqp:MNPCA-10-0042-00-401,2010-07,ANFIS-F,20260815,04810d45b9f09e371ceedc91667a3ab48ea239d92ab9ac0b5588b9ee85bdbc56
wqp,wqp:21FLSFWM-L004,2003-04,ANFIS-F,20260815,0481e1c519bc45718e6710a953b5a5bf356ba6c57e219492d059860546883927
wqp,wqp:USGS-07263299,1992-06,ANFIS-F,20260815,04823db3ca80fa33048dd15cb9006d6f1136880ab0f30761533a58dc9afca55b
wqp,wqp:21SC60WQ_WQX-S-308,2008-07,ANFIS-F,20260815,0485075c05316eb14451e1da9fb6ab1d98a571b49a124d6bc3a0a112e5b85ae6
wqp,wqp:21FLSFWM-L003,1978-09,ANFIS-F,20260815,04852be0302e5620806e2df06ec3d8cf9e26f3b141db020e9e09093bd62461ac
wqp,wqp:MNPCA-86-0284-00-100,1992-10,ANFIS-F,20260815,04856055884120a4cc29864e460bfa9e8f4843bc36c76d0e20c1d8441fb30f22
wqp,wqp:21SC60WQ_WQX-CW-197,2008-04,ANFIS-F,20260815,0485911a4206b180951194fabbcc13c976e85b310aa88110779d83ee03421468
wqp,wqp:21FLSFWM-LZ2,1993-04,ANFIS-F,20260815,04876e17b62703829f855d912868058d88a4f47fac3f539f1003bb073c2281f3
wqp,wqp:USGS-423556088365001,2007-02,ANFIS-F,20260815,048ae298931ddd3fa39f2a63f4eda9c2799e0cefaa6e07378ea101b098808eb7
wqp,wqp:MNPCA-62-0054-00-101,2013-01,ANFIS-F,20260815,048aeafd89b6b94e9754fe8bef7ec5ee2f82eb670903b8ee37eb3a2486ac90c6
wqp,wqp:MNPCA-86-0252-02-207,1985-02,ANFIS-F,20260815,048b1e3023657ecc872e58c1c00cebf245fbb3a16b1ec1cb66e24b2de5e2ac28
wqp,wqp:21DELAWQ_WQX-208211,2009-07,ANFIS-F,20260815,048bb75f3625a8289cdf8abded129f415deb10b59b10d36ffc7f4674db29c5d9
wqp,wqp:21FLCBA_WQX-WAL-MORRIS-3,2018-05,ANFIS-F,20260815,048dc845841920eff1b2fc178cbd4130fc35ec08a7b7c74a1b58b426cd0f1fe3
wqp,wqp:21SC60WQ_WQX-SV-200,2017-06,ANFIS-F,20260815,048ec169216ca225b8bf5578bf2898d7b0e262468d8d178e5dc3726b7d298b1b
wqp,wqp:21FLSFWM-POLESOUT,1990-05,ANFIS-F,20260815,048f36755753b36b18704272142ae7d07c62fe4cc18c401cd1f2f584f4207802
wqp,wqp:21SC60WQ_WQX-CL-019,2017-05,ANFIS-F,20260815,048f8902c2a557fd9196795d3a5019b29a418525db85270bf4e6035cc3420cef
wqp,wqp:21FLSFWM-L006,2001-04,ANFIS-F,20260815,04908066b0636f9f53b2f184ec988e7e9dae58a6003a79e941a8c8f82d32f543
wqp,wqp:21FLSFWM-LZ42,2002-12,ANFIS-F,20260815,0492f1b41d0862c6bc3c17ce4a2d5e240b59c6bee942b2ec0efb60dfc86b60b4
wqp,wqp:21FLSFWM-KISSR0.0,1995-07,ANFIS-F,20260815,04956a49c4d40c8505dcdd606d46885224c73c0ae2664ab99b28700829ce7253
wqp,wqp:21FLSFWM-L003,1999-11,ANFIS-F,20260815,04967e40ef5f16b5da55954a679a382476ee8fce3506e148cd44c36b3f5a6ab7
wqp,wqp:21FLSWFD_WQX-23624,2008-12,ANFIS-F,20260815,049c73509417ecd854916a348f99865d18da63c60083aac4520a6f8857184bf3
wqp,wqp:21NC03WQ-YAD169E,2009-02,ANFIS-F,20260815,049e62abec149857b17fb0d49fb3d6d036f3cd69b2d937472fb7e1fbfecab4a3
wqp,wqp:21FLCOLL_WQX-LKTRAF4,2001-01,ANFIS-F,20260815,04a35f44131a58dfc6bd79cf254ce046b30e2a8fbaa59bee393a8fd7d1377b4f
wqp,wqp:USGS-01657622,1974-11,ANFIS-F,20260815,04a43b24d23d135766d302319682a08e9f80322cea6c4c5f15f1fe83e7a448eb
wqp,wqp:USGS-07049200,2001-10,ANFIS-F,20260815,04a4659d5e8dcd02bca90adbcf13543cbd7f2f8beed4e778ad907b2d823b0103
wqp,wqp:21FLSFWM-TINOUT,1990-12,ANFIS-F,20260815,04a8abb30159ae031daca55af084614fca67ebfb5a0c2c98023d846d9bd06fbe
wqp,wqp:21DELAWQ_WQX-308071,2017-03,ANFIS-F,20260815,04a999630dfa9228739f8f66e6b88bffb785138d037b9d0ceea1036f288e5504
wqp,wqp:21FLSFWM-STAKEIN,1996-05,ANFIS-F,20260815,04abe85baed77791fae441546e8e67df1c6211fcfb3b40775ff539d790037a72
wqp,wqp:21FLORAN_WQX-CC9E,2009-03,ANFIS-F,20260815,04ad00f97a9d8822c19c2e0dcc50cb38ada25d4326e708f1f8431e92f8e35087
wqp,wqp:21DELAWQ_WQX-208211,2010-05,ANFIS-F,20260815,04ad8e6aa832aefb84b00ce5c8fa3b4c869bcc91c393a67d840ac245133a2b10
wqp,wqp:KAWNATON_WQX-KN-KL-003,2012-03,ANFIS-F,20260815,04aee96f37ef4162869911377747f4e990523cc3879982ac779487b21be6e2a1
wqp,wqp:21FLORAN_WQX-LE53,2018-07,ANFIS-F,20260815,04af18310fc5f04461d743981062f9af73f847f321715563a1db1bfec9709b83
wqp,wqp:21SC60WQ_WQX-CL-019,2003-04,ANFIS-F,20260815,04b02d54552cb06dcb3eb01638f3558e33b7818e4880ae355f0e5bf3743152b0
wqp,wqp:MNPCA-62-0054-00-101,1992-09,ANFIS-F,20260815,04b142c9380bb5c8bf1862f2034dab6b1c685b8f56b06d1f43cac1309dc098cd
wqp,wqp:21DELAWQ_WQX-307171,2006-03,ANFIS-F,20260815,04b15cd20c99141d4edb74ee6ede9182ef75b75a61b67ced197d0c2824a6551c
wqp,wqp:KAWNATON_WQX-KN-KL-004,2016-04,ANFIS-F,20260815,04b18d67423fa4e715695b006f524727fdb8dd13652a13007ab3a30999e2c2c3
wqp,wqp:21FLSFWM-ISTK5,2003-06,ANFIS-F,20260815,04b397852d316fcdcb319d6100ca072d8909d05c178a6d3bc434b640e5cae2b2
wqp,wqp:21FLSFWM-FEBIN,2001-12,ANFIS-F,20260815,04b426031d1364c7c0488253b0ef98dec2a66621df4ac48c1169cb3e123ce693
wqp,wqp:21FLSFWM-L008,1981-07,ANFIS-F,20260815,04b487ca925522e9e6dd451a2362eeda5dacab7b01ba216ec99a7904c7db9cc9
wqp,wqp:KAWNATON_WQX-KN-KL-002,2015-11,ANFIS-F,20260815,04b50f2dbf6469efa2cce6fccf4cd803e7787239ca1202f01529fb9010fa6c86
wqp,wqp:21SC60WQ_WQX-B-345,2008-03,ANFIS-F,20260815,04b66b16ec9952216328b732756752de00d4f3b9fc771ee69648aeef64489988
wqp,wqp:21FLSFWM-L004,1982-07,ANFIS-F,20260815,04b8f1b19e3341ba8105d07538fa167e507750129ef1fad94474168e924f823f
wqp,wqp:21DELAWQ_WQX-205211,2018-03,ANFIS-F,20260815,04ba7f4bba35d0f63c805ae49d29deae9771651e10e1dfe0ddede99d5d3a2b12
wqp,wqp:21FLSFWM-LZ30,2002-11,ANFIS-F,20260815,04bd3596407969d21f685c72cf6ab29e587b2ae472c87300284fe237a74cefb3
wqp,wqp:21FLSFWM-L001,1993-07,ANFIS-F,20260815,04be71887528782bd526923f2e81685de6d6425b50f604eab637e2ef4c60f485
wqp,wqp:21FLSFWM-TREEIN,1995-06,ANFIS-F,20260815,04bf630e0320ee345f20af978e755ce113b64b3e6fe7b0ed9c9c828fbb8d2198
wqp,wqp:21FLSFWM-C03,1991-09,ANFIS-F,20260815,04bfffe1fdebdc1675cd5230cdde27a97942195be4a34a44975f3721e4422596
wqp,wqp:21NC03WQ-NEU019P,2016-05,ANFIS-F,20260815,04c15c9ce6f8e881563998a9497aebf95af3fa48d6400fba3ab751363806dc15
wqp,wqp:21FLSFWM-ISTK6,2009-01,ANFIS-F,20260815,04c320c3b614bc9eb799f2a27d02e8f12b9f712924aeab420363153d9ecee510
wqp,wqp:21FLORAN_WQX-CC17,2008-09,ANFIS-F,20260815,04c4f812d1ee1c5b182d71afc395b986212e35bb8e1eb863b7c800fe16ee8e75
wqp,wqp:21FLSFWM-C03,1987-12,ANFIS-F,20260815,04c5072ae4433eccd008899567a18ed44a3f889517fe874c58b6c0b3d7b0146e
wqp,wqp:21DELAWQ_WQX-206461,2005-10,ANFIS-F,20260815,04c79d34b1f0d3cea4b2ede809df7bc29f81c45780ba269ce6d2e0ab65e6c577
wqp,wqp:MNPCA-02-0045-00-202,2012-06,ANFIS-F,20260815,04c7c2fe690c815a8e13b4289e0915ef8f8ee946f832240b58f75e6a3a8f6311
wqp,wqp:21FLSFWM-L004,1998-07,ANFIS-F,20260815,04c81cc3c729dd21d47e052ac7acd99a7ee4503bd5b131253b2fbe1065018dd5
wqp,wqp:21FLSFWM-LZ42,1992-02,ANFIS-F,20260815,04cb39a137cfe6247fb942909d2c16cc47d3488ab58125fe6da456c6cdf569bc
wqp,wqp:21FLSFWM-LZ40,2006-03,ANFIS-F,20260815,04cbb0b853e4f76afd992391625fd936dc32e051b131318351078b0233dc960b
wqp,wqp:USGS-07049690,2006-08,ANFIS-F,20260815,04cc7cb30874be8643a4c1106da36a436a0d3f085c5374d1842e7864326bca00
wqp,wqp:21FLSFWM-E02,1994-02,ANFIS-F,20260815,04cef11f69be99e1a37b529511f8b7c5c2c1106416116d4446cd71dc01e219ea
wqp,wqp:21FLSFWM-IPOUT,1993-07,ANFIS-F,20260815,04cf6be32bcf81cbaa761b913ae40c96bdcfcd2cddfb59cc8c3769d4b5bef635
wqp,wqp:21FLSWFD_WQX-23389,2010-06,ANFIS-F,20260815,04d1bcf621e607de9ad6892e9c8fde697c9f24c83f5e89d3b9ff701b9536f9af
wqp,wqp:21NC03WQ-NEU019C,2005-11,ANFIS-F,20260815,04d294104565c822d7eb41c97c4f9ffc6ad49377177cf00e658e323b938d3843
wqp,wqp:MNPCA-86-0284-00-100,1981-05,ANFIS-F,20260815,04d4a13e412d0e0076f464ce7f5054e278d679efd24443060aa37328c14403da
wqp,wqp:21FLLCPC_WQX-GRIFFINTISH,2011-03,ANFIS-F,20260815,04d6ffd2040bef8adcec3bb8db80402ff42945865032aa668000a81fa36a3ca9
wqp,wqp:USGS-421420121481700,2014-11,ANFIS-F,20260815,04d761adfeac8951c9272459862ed8a9bb1c727a41660909aa134ad9c417e78f
wqp,wqp:21FLSFWM-B09,1983-05,ANFIS-F,20260815,04d7aefbcbb25c03bbcc0e8913f473b3688e652975dd41a4e6a59c106a0ca96e
wqp,wqp:21FLSFWM-L001,1996-12,ANFIS-F,20260815,04dcb4f77f964e690047a46a27e5679df58fcee29d811c05fa51c14a935fd95f
wqp,wqp:21FLSWFD_WQX-23458,2010-06,ANFIS-F,20260815,04dccdf697c813316b06b02afff0eb8069f03de9d52244242e3bfbf18fb8b86f
wqp,wqp:21SC60WQ_WQX-CW-174,2002-10,ANFIS-F,20260815,04dd7d4af0da14bdcec01c5aabe0e359d4012eedff1e0678f4adfe1344387e53
wqp,wqp:21SCSANT_WQX-SC-040,2017-05,ANFIS-F,20260815,04dfd3b1154d5df2dfe69576ce42fccaac080b16bd04f19538980d7f46667ee8
wqp,wqp:USGS-07048910,2013-03,ANFIS-F,20260815,04dff024c12ae0102e6dd121e9653ad2c1621ebdf58ae644e285d2c0346202fb
wqp,wqp:21FLSFWM-B06,1986-12,ANFIS-F,20260815,04e1196528ac93de59f41755a6ec15e2c2fa65197ed25d08be1613701c93979b
wqp,wqp:21NC03WQ-CPF081A1C,2014-05,ANFIS-F,20260815,04ea1ff30dbe63c7ce1813c5ac551e73afa1d4c0bb614f1bec9f2ac357055396
wqp,wqp:21FLSFWM-LZ30,1999-08,ANFIS-F,20260815,04ea86f49eb8cc20a89c90862c1f80fe5834fffc4e4fe99d4a560c354912b129
wqp,wqp:21FLSFWM-LZ2,2001-06,ANFIS-F,20260815,04ebcb7a2de21ca8cbfa72c3c6537deb46fd825f878985b229de1836b547e491
wqp,wqp:USGS-07049200,1987-05,ANFIS-F,20260815,04eeb7bdad7dd6bc242f3592fed8dbbb2574f6f5ebc20e77f8b5c632434a1681
wqp,wqp:21SC60WQ_WQX-SV-363,2018-01,ANFIS-F,20260815,04f0e938de2127fa5dbbd90a6f32aa948459daa72c92d3d5bb5fbc28b68c8fd8
wqp,wqp:21FLSFWM-LZ40,1994-03,ANFIS-F,20260815,04f4b9fd2d2d6084d792770066eec90b68aa2ad73baf0d9580fd8498ad4255bd
wqp,wqp:21SC60WQ_WQX-CL-019,2015-05,ANFIS-F,20260815,04f4ebe24590ca2abad981e9c0cdcf4488e4e08d29bbda27f78dea03155711cf
wqp,wqp:21FLORAN_WQX-CC22,2007-01,ANFIS-F,20260815,04f719b93a610510de1d571cbe4db3838a77afbb3529b934f4096dc1e70e1130
wqp,wqp:21NC03WQ-LI01,2015-01,ANFIS-F,20260815,04f96c1b9483fb2754a4a8694914319bd1aa6cfc19385d3a0223f81bbfb183b8
wqp,wqp:21FLSWFD_WQX-23113,2001-07,ANFIS-F,20260815,04f9c14ec6d248851005af77788e7ed46926c0b88aee5afa3fb71f5030b7fafe
wqp,wqp:21FLSFWM-RITAWEST,1997-01,ANFIS-F,20260815,04fabcf4ca70ce210f88da704d3fabf4efc398f3ea5ac89af560675a284db568
wqp,wqp:21GAEPD_WQX-LK_12_4048,2018-05,ANFIS-F,20260815,04fbb0b99aa9d63fe3b93d6356ca9e98fce410cce868eaee1bd6156cb2fb9204
wqp,wqp:21FLSFWM-E02,2002-05,ANFIS-F,20260815,04fbfdf2627716c7c7192869cf53f66895dd92471d1c485e2ff6deec51990964
wqp,wqp:21NC03WQ-CPF0880A,2015-11,ANFIS-F,20260815,04fcb921d85d0c1ef192ba5f232d84f5c680e2ae4d917de64150d5058fdf1c8a
wqp,wqp:USGS-01657622,1973-06,ANFIS-F,20260815,04fdd7b1c550596bfca966c03ff0fcc4b0579db19901761e6931eb96419d39f6
wqp,wqp:21FLHILL_WQX-135,2005-09,ANFIS-F,20260815,04feb3145ec31d9139cc5ab8a72ccb3f0c8a4b2cf0169cb6bd33e077cdb88c64
wqp,wqp:21FLSFWM-PLN2MID,1989-12,ANFIS-F,20260815,04fefb634606ce3f847eda771efeae98c643d0f6e456a977a6e2fa0925a85118
wqp,wqp:21NC03WQ-NEU018E,2013-02,ANFIS-F,20260815,04ffafed954590b00991819967d2e0c4101daa3b836dd892cd0f407813cb323c
wqp,wqp:21FLCOLL_WQX-LKTRAF1,2009-01,ANFIS-F,20260815,0500fb8f1359ebb7442d89183263532dbd276012de81a2db554006a2b53214fa
wqp,wqp:21FLORAN_WQX-CC4,2017-11,ANFIS-F,20260815,0502b47b387d5be8696f715b8498185c2b9e63dda83cb9114d58126440de74c6
wqp,wqp:KAWNATON_WQX-KN-KL-001,2017-09,ANFIS-F,20260815,0502b6f231ee236bb356642c753c4edb6f08177ef01852696a45a13fbee8ac6f
wqp,wqp:21NC03WQ-Q5360000,2014-01,ANFIS-F,20260815,05055137ba59beab346b2e5e11624557b1a19407a26a3a1c5c9fb2c5830d8a51
wqp,wqp:21SC60WQ_WQX-CL-019,2018-01,ANFIS-F,20260815,050792ebb7818faff4c9fd13fef18f1381cd5cee93868a982ceed1b48e8b14a8
wqp,wqp:21NC03WQ-YADHRL051,2006-01,ANFIS-F,20260815,05085aca253cd8ad4b26bd31635473ae8e6423d9c7eafd1666bb5d98d8adfb0b
wqp,wqp:21SC60WQ_WQX-CL-019,2006-09,ANFIS-F,20260815,050c07399f547505d386f4c2cff78b637ed9da2a7af01b5ce29e9a23aad9f9aa
wqp,wqp:21FLSFWM-PELMID,1996-04,ANFIS-F,20260815,050c889d8f2c271d9c8e7a58e6ea7a38b622e5c10eb645569b239e191785004f
wqp,wqp:21FLSFWM-POLESOUT,2002-03,ANFIS-F,20260815,050f9ac65cda8f9c692dbb0251a33f9e4b56ccfd719d3df610781f2c74f5bd53
wqp,wqp:21FLSWFD_WQX-23113,2007-06,ANFIS-F,20260815,050ffca67eb99d295a2ab3cece4105d1d42e195d8e474143402b62fa00797c3b
wqp,wqp:21FLSFWM-ISTK5,1999-05,ANFIS-F,20260815,051162b8e3b24b0a53bf21d3fadef7e299fc61178424ec96b20a4d755e217eb2
wqp,wqp:21DELAWQ_WQX-307011,2003-07,ANFIS-F,20260815,05133395abad74b9f8c727e907709182c5cbcd2cd34242eb97c0eb259d27c24c
wqp,wqp:21FLSFWM-C03,2008-08,ANFIS-F,20260815,05136e6429cfa9ff4637a9823a3fb3a120837f336b8d904c39b2ac1ca955acb6
wqp,wqp:21DELAWQ_WQX-109191,2009-10,ANFIS-F,20260815,05137e0a704f5dd4748810c451c8512b51d957dbd74e4ae9b5b41f9975e612de
wqp,wqp:21SC60WQ_WQX-SV-363,2017-03,ANFIS-F,20260815,0515d6e7db69f06ec2de3f578db48921f05cae89f640ae8a138eea5293d365e2
wqp,wqp:21FLSFWM-LZ42N,1993-04,ANFIS-F,20260815,0517081f5d4a4b70486bd492ba80616a838347354fec08afe91b9671f969f586
wqp,wqp:21NC03WQ-YAD152A,2002-06,ANFIS-F,20260815,051b5f44a2cdcd953beeb77ae5a371c04d2afbc393f86e2e5b8aea59520ad2b7
wqp,wqp:21FLSFWM-ISTK4,1996-05,ANFIS-F,20260815,051e717184ffdf10eb317cdd3a442caa6725b7e8b4090589f1706ec61e4b930a
wqp,wqp:21FLSWFD_WQX-23113,2009-08,ANFIS-F,20260815,051eb3a5c3da331fbea90866ac8489dec2639bab807c3d00177413cada6843ed
wqp,wqp:21FLSFWM-PALMMID,1990-11,ANFIS-F,20260815,05201112f9cc46ee8340cce0e17e51bcb48d727aa25e7463b3ae67b2542d3426
wqp,wqp:21SC60WQ_WQX-CW-231,2016-10,ANFIS-F,20260815,05251dbd72a10d7a79e5295a1c2c3aed7e7dd0584be4a646ac83cb8949128eae
wqp,wqp:USGS-07144790,2013-07,ANFIS-F,20260815,05269ef50627ac1d9c9dbdbd3c22461501697b50ecf22b855136c1f898ce4b1c
wqp,wqp:MNPCA-86-0297-00-201,2003-07,ANFIS-F,20260815,0529811746e3103f943ff784b5d52e913d8c1a85f35407b30e99866bc303373a
wqp,wqp:21FLORAN_WQX-CC6,2015-10,ANFIS-F,20260815,0529b026db0bc7e6c21fa0db0e470dde4286f204292a07e0e831f3dc2d2da9b4
wqp,wqp:MNPCA-10-0042-00-401,1984-08,ANFIS-F,20260815,0529f5f4bb40d11a3460ae8597a560b8f16145f728c88733b20961384455bf50
wqp,wqp:21FLSFWM-E02,2004-02,ANFIS-F,20260815,052dcca111e5f9fc87cf06634a8294b08a3959145242785d1c0157349d2f5cb5
wqp,wqp:21FLSFWM-L008,1997-11,ANFIS-F,20260815,0530cfea90a6304e2006914b945a663168ba76262736053b5904a38d123a44e4
wqp,wqp:MNPCA-86-0252-02-207,1986-07,ANFIS-F,20260815,053393d06a0ab8851231a264b5917f8c0d6e7451a6f7b9e76847e0a1d00eb87d
wqp,wqp:21FLSFWM-STAKEMID,1987-05,ANFIS-F,20260815,0534bd580b12ae1926baef1b5514012bb898f0eb9a31e11969e80c37fe9898b1
wqp,wqp:21NC03WQ-NEU019L,2016-09,ANFIS-F,20260815,0535acb6096b6f6fc4e4fe77e5cc438ad3bb696347fef5d92c4289fd55ba7ec2
wqp,wqp:USGS-423659088354401,2002-08,ANFIS-F,20260815,05362e6076d670b13bd8c71c042573c26f91cfa5231b58ef70b55b5aa588a568
wqp,wqp:21FLSFWM-PLN1OUT,1992-07,ANFIS-F,20260815,053786b6d22b6bfc8bafd22edf983c5813b974b9b7a16589aa0aa205f199a7c2
wqp,wqp:21NC03WQ-NEU018E,2001-08,ANFIS-F,20260815,0537d0aea8d380147dd535732774d053bce00a2412bb86634911fcdc099dd2a3
wqp,wqp:21SC60WQ_WQX-SV-268,2014-11,ANFIS-F,20260815,05394a5755c97f80b6f3e9afb3180f263d60196bdf158164e6eebcd9525a66a5
wqp,wqp:21SC60WQ_WQX-SV-331,2014-04,ANFIS-F,20260815,053a2679fd8ffc15fd6c2d985aaa6014e4d96bfae3b8e1d55ceb9a39137da9bf
wqp,wqp:MNPCA-02-0075-02-203,2014-07,ANFIS-F,20260815,053ae1d6d5a244439e900c33e3a907f92b77b60e72231336f2f1256f91fa50b3
wqp,wqp:21DELAWQ_WQX-109191,2012-06,ANFIS-F,20260815,053b0770955bd5d19aefe5dc6445349c644fd9104138e5daba8dc6db5e43009e
wqp,wqp:21FLLCPC_WQX-GREENWSH,2013-12,ANFIS-F,20260815,053d0765bdc03b4e76f6ca3394d635bde250954cc3da4e9e82f6d6e8b448b9c6
wqp,wqp:21DELAWQ_WQX-206461,2009-06,ANFIS-F,20260815,053e2a78c32bf17a2044046f58763c54cb04ac361dc8167d3dc0b7e4dcbcecaa
wqp,wqp:MWRD_WQX-BARR3P,2015-02,ANFIS-F,20260815,05416511741215b5341e91ed14f0fb9ae9fe27b33df754f5b5993f9491ee2f0b
wqp,wqp:MNPCA-62-0055-00-102,1992-07,ANFIS-F,20260815,0542497f8bf2eea4b1af7d18c94d28799fd772d179c0d12afa3dcbf1191fc887
wqp,wqp:21FLSFWM-IPOUT,1997-07,ANFIS-F,20260815,05426f21b070f2af8195edbf363937762101de73b213aea571625ea36ac43ac7
wqp,wqp:21FLSFWM-L004,1995-10,ANFIS-F,20260815,0543d64a08bb3a02ab29e05b1d094daea5d0a8907f69a8e478b6d273a90510cc
wqp,wqp:21NC03WQ-NEU019L,2015-06,ANFIS-F,20260815,054415bd2ac9e3763ae1846e703f7e79c865e3bacab2bba8633a06253dcdac2f
wqp,wqp:21SC60WQ_WQX-SV-335,2015-05,ANFIS-F,20260815,0544b467d96db8419d601454dd5ef3c4e91c05fc953ef6b41ba1c8f5140dc3a9
wqp,wqp:21FLSFWM-L005,1988-07,ANFIS-F,20260815,0545c575c59b89d29fd5a45c7d588515196c5ec532290072898523becde07fa9
wqp,wqp:21FLSFWM-KBARMID,1987-10,ANFIS-F,20260815,0546af6fbd5129fdb6bd95ddb440525dc9395303ec2a606b36ceab7ead7f5c71
wqp,wqp:MNPCA-62-0007-00-203,2009-07,ANFIS-F,20260815,0547a7c714a1a0067ef723e7d8a63b874b12414582ac66eb63bb34b738f8c0a7
wqp,wqp:21FLSFWM-ISTK6,1989-10,ANFIS-F,20260815,0548ec053afd8adb9dc0cb00b4e352afe64ea9a27f5139823ec9600062c83ac5
wqp,wqp:21FLSFWM-FEBIN,2003-08,ANFIS-F,20260815,054b14598d5cdd41b6fc4d528331a64c4bea1690d603142bbb97663ff53460c1
wqp,wqp:21FLCOLL_WQX-LKTRAF4,2010-03,ANFIS-F,20260815,054c832e4786817a26305256cbee39929156aff8695d4e794e56974d2e76bc33
wqp,wqp:21FLSWFD_WQX-23389,2013-10,ANFIS-F,20260815,0550056ec055fc86d40b202f8a9fc3b6cf7ee337674d81accf860d110efbb231
wqp,wqp:OKWRB-LAKES_WQX-520710020020-01,2002-10,ANFIS-F,20260815,05507ca835c71cae97e122e0848242511cb27c486f044103971cc618c8dbbf3d
wqp,wqp:USGS-423659088354401,2012-09,ANFIS-F,20260815,0552385440cd4b73588d65eaed8d729346cdba0b962a2a52f5e794d387abe057
wqp,wqp:21NC03WQ-CPF086C,2015-02,ANFIS-F,20260815,05523ae720a4efa14ceb8e1cc4097784d5c02fede4cd2bdbecdac077f64c1e78
wqp,wqp:21FLSFWM-TIN8100,2005-04,ANFIS-F,20260815,0552b97590621dd2dbf037c567a86773c123ca0cf3eb8e8feea23cc5ce60b869
wqp,wqp:MNPCA-62-0055-00-201,1995-08,ANFIS-F,20260815,0552e2783316796a8b1c6ee8b01782ea615a4f58ec8f898874420fb9e366a466
wqp,wqp:MNPCA-02-0075-02-203,1987-06,ANFIS-F,20260815,0555002157b37390f6d7d00df89826e652099667a36f7a4d9641891d226fe5f3
wqp,wqp:21SC60WQ_WQX-SV-338,2006-06,ANFIS-F,20260815,055eb76727c3a3e96a95cf317bf401ec9b986a224eb75200455ff146b589ca14
wqp,wqp:USGS-07048910,2015-12,ANFIS-F,20260815,056108a7c75821190f51edde6b33d12d0af05020ef5ece552305a5c7cf33d2f0
wqp,wqp:MNPCA-82-0046-00-203,2009-10,ANFIS-F,20260815,056143015d7a826c060243d9ab204fa2f03cf03cb8054206dc0c48677ebcb8a5
wqp,wqp:21FLSFWM-MH16000,1996-01,ANFIS-F,20260815,0564bec20854e5dd671b752ad73eaceca032de92fdd2c78eff7d0b9aa5e2fd29
wqp,wqp:21SC60WQ_WQX-CL-019,2012-10,ANFIS-F,20260815,056508f944cc65f7a3fdfec5b2b6ea3f9b4aa8e3a8d8892240a7f68b163ac8ef
wqp,wqp:21FLSFWM-PELMID,1995-11,ANFIS-F,20260815,056520ff772b55bdd78380b5f096a36b9ff3bb7b0c46a5078755b46711692592
wqp,wqp:21FLORAN_WQX-CC12,2016-02,ANFIS-F,20260815,0565bfc074a332e650700ceeeb84afb9071b6a6bd64d1eeb5e5daf5b059cbf0a
wqp,wqp:21VASWCB-2-XDD000.40,2003-08,ANFIS-F,20260815,05692fcd5e363feabf49b060e24b7c6cf9141726bd17af5c7e531159c4a51f30
wqp,wqp:21SC60WQ_WQX-ST-032,2000-09,ANFIS-F,20260815,0569d756280791c234d3597d176932748bcfff70e8b0ccf06405162c18eeebb6
wqp,wqp:21FLSFWM-E02,1994-07,ANFIS-F,20260815,056b07333c78a849dcc9d180f0bb3acbd263dc3c619cf4bf5c516db9df1ac636
wqp,wqp:21SC60WQ_WQX-SV-372,2018-10,ANFIS-F,20260815,056bb56bef6726c6893e0f3bbc90843219fea8398bc07c1357904a6f70a3460c
wqp,wqp:21DELAWQ_WQX-206461,2002-06,ANFIS-F,20260815,056c7b17c7d2433a021e4be922ae945e636ff3fd220971c04164cbdc5d417ca5
wqp,wqp:21FLSFWM-D04,1983-02,ANFIS-F,20260815,056d31012a002d476cf89314ce57093c4f2eaa45632792da136a2635a194620e
wqp,wqp:CAPECRD_WQX-290,2011-08,ANFIS-F,20260815,056da99680a7b17982f33b98ae445bb01476dbce05ea26bcc387716f457b8ffe
wqp,wqp:21FLSFWM-L008,1979-11,ANFIS-F,20260815,0570090b0b0b8ea3daa5fc1225fcb0c5d0b4de8d91233e0df5b313f00d7e13f9
wqp,wqp:21FLSFWM-PALMOUT,2002-08,ANFIS-F,20260815,057045e08134eb78d993fe1a1e5536d064cc9a9d40c065aa95cb4fb27178d7eb
wqp,wqp:21FLSFWM-B09,2003-04,ANFIS-F,20260815,057340883dc69aac87a1477b4607b874af2dd6d007a51c46c3eaa61205a37567
wqp,wqp:21DELAWQ_WQX-206461,2009-02,ANFIS-F,20260815,0574439ef192c331e76803ffb866da62c954c45e49cbb53085fe2486d680b949
wqp,wqp:21FLSFWM-ISTK6,1989-09,ANFIS-F,20260815,0574a09b007ba349d2908cfb3e88861496d5cfe0f24d9cc5c570c6d8cf41b261
wqp,wqp:21FLHILL_WQX-135,2009-06,ANFIS-F,20260815,057a1e7adcd76cd5b68daacab1f1027c8cf0e8be8a5290b4c9d5cedfbdcfbb2e
wqp,wqp:21FLLCPC_WQX-LKSILVERSHR,2006-01,ANFIS-F,20260815,057f79d3969cc01dc8ca8cb81308052dd976668eb4fa5a5fa2021f824feb5fb9
wqp,wqp:21SC60WQ_WQX-S-022,2010-01,ANFIS-F,20260815,05816052b85e29dd9d85c8d1ec8713d296149c54185ad611dd3049d7e48e0ebb
wqp,wqp:21FLSWFD_WQX-23144,2013-01,ANFIS-F,20260815,0582a03bed326e1535bb51ed8b7f17060a1e005ffd57f41b42b653c4ff0f2fe6
wqp,wqp:21SC60WQ_WQX-B-339,2006-04,ANFIS-F,20260815,0583be9770dadef96ca502f6934ff42cb4c7291e44a93ebff562ad473b391671
wqp,wqp:21FLSFWM-A03,1984-07,ANFIS-F,20260815,0584b9346d759e7e1b8546a74abe5c932fc6116e76eab374e2939fc524601ecc
wqp,wqp:MNPCA-62-0055-00-102,1987-01,ANFIS-F,20260815,0584fed90d66deae0d0a0238ba8664942f1612d3da3c7cedbe180238348eaa75
wqp,wqp:21NC03WQ-NEU020D,2017-07,ANFIS-F,20260815,0585f4c45b60540d2d1501e84b69211624ba46733125755f9673f4e8a1bdfa7f
wqp,wqp:USGS-07144790,2006-09,ANFIS-F,20260815,0589a85229ba1d9373b64aa4c29d87e54f87285f4ceeb7ab35753511c63fd9ce
wqp,wqp:OKWRB-LAKES_WQX-520710020020-01,2013-08,ANFIS-F,20260815,058a6bf101c1d9147429236c6f5c2dd269d723bb48761a827a8c266bceba850c
wqp,wqp:21FLSFWM-D02,1988-12,ANFIS-F,20260815,058ada4d0125e8c6c508c13f061a118ec41d49ce00847018e9ace9b3dfd9ac04
wqp,wqp:21FLCOLL_WQX-LKTRAF1,2015-12,ANFIS-F,20260815,058ca2eeb4d1f3179b1ad873606f37ebbd3cb5808defa60d07dc5e4d982eac04
wqp,wqp:AZDEQ_SW-32,2018-11,ANFIS-F,20260815,0592ec400e356579ef5aed6f5a9e34eec2c02c50ad7e96e241437c639c344249
wqp,wqp:21FLSWFD_WQX-23467,2015-09,ANFIS-F,20260815,059321c55144d56d21d120609989d72aaac435bf8240e019e9a54ce6b83df481
wqp,wqp:21FLSWFD_WQX-23144,2013-04,ANFIS-F,20260815,05953ecc425485af07cda5eaaa54dc1881ad05c12f0327e0b9e2023d02be2742
wqp,wqp:USGS-02207414,2004-01,ANFIS-F,20260815,059573275ca903f6598b3e46d935aba17415f30b09eb2b4d5fdc574d62cf6d4e
wqp,wqp:21SC60WQ_WQX-B-327,2004-05,ANFIS-F,20260815,05960bafcdfd7af0cf10222c6063be6d801cdb39377ce68fc8d292ddd3076ef0
wqp,wqp:21FLSFWM-POLESOUT,1995-05,ANFIS-F,20260815,0597f3f0942ea508610a9b21d9fcba3567cdceca49e7fa2a3e7506071fbc8931
wqp,wqp:21FLSFWM-ISTK2,2002-03,ANFIS-F,20260815,059914d8a84bddea13b12bd4084f4b50563259bd265673205dac47c5955d4f1b
wqp,wqp:21SC60WQ_WQX-SV-363,2005-09,ANFIS-F,20260815,059b03f0667253b55c7b487522aec2d93b9489c142c8aeb8c0030cfde8aa7379
wqp,wqp:21FLSFWM-E04,2001-09,ANFIS-F,20260815,059b1b6798dc994fbb07bcabc47d3c256788dad8e8f33d72eb4259687b151030
wqp,wqp:21DELAWQ_WQX-109131,2007-09,ANFIS-F,20260815,059db6dd8979d47583ff6f97870597f028d0259598a18140f0d62363e3045207
wqp,wqp:MNPCA-62-0055-00-201,1978-09,ANFIS-F,20260815,05a515b6ebe9997d90b9963abf858bb40ae3dc38485c4be039c84a4c8cda6025
wqp,wqp:USGS-01201700,1976-09,ANFIS-F,20260815,05a5acd6b1908dd34e14456f44b476afe59626237ad0cd9a88738c540f3bca62
wqp,wqp:USGS-0214196095,1994-03,ANFIS-F,20260815,05a85bfd710edbb673a433a346695c272554494a4aae7b1dac1da092a26e9f46
wqp,wqp:21FLSFWM-OISLAND,1999-01,ANFIS-F,20260815,05ac8418129cc753bd4ee7cec0e9a3600fe7afb83021ae89fcc1dadcda718173
wqp,wqp:21DELAWQ_WQX-206461,2004-08,ANFIS-F,20260815,05ad8a21cf34d684a9533148b89507e9706f1aa24365e056fe46d70aca17e940
wqp,wqp:KAWNATON_WQX-KN-KL-002,2018-08,ANFIS-F,20260815,05b055514c6818b5175c1654fdc33f15a86548d7ab57b0c8d9d57423f9a263ff
wqp,wqp:21NC03WQ-CPF087D,2014-10,ANFIS-F,20260815,05b2c33bae989c20bf3551e4bbc5638fbe0b27ecbcfa7f4b7f2d6fdc144e8b47
wqp,wqp:MNPCA-62-0055-00-102,1992-09,ANFIS-F,20260815,05b470afe7c81afe72a99e046a32d3a341e17ea0cc0a839579ff5efe2fe5b4a6
wqp,wqp:KAWNATON_WQX-KN-KL-002,2010-09,ANFIS-F,20260815,05b6161c63e4a9370aefc6378c7065fac9df3bf947c79da408bd7d2358fe5a69
wqp,wqp:21FLSFWM-POLE3S,1997-10,ANFIS-F,20260815,05b8075c7ee8004704916c5b61088abd5c438e5fd2afeea5916fddc631d41cef
wqp,wqp:21FLSFWM-KBAROUT,1989-04,ANFIS-F,20260815,05b827d75b8d8f4bf8852448f7115caedbbce8e045949d9026ef9622aa9532d3
wqp,wqp:21FLSFWM-LZ42N,1994-07,ANFIS-F,20260815,05b82a24d8dc580bf874b824ad754b19dddd3a4df05ee2218ffeb09934405139
wqp,wqp:21FLSFWM-L004,1986-07,ANFIS-F,20260815,05b8c322a18eedb873847981d80b940047b996d0ceec5d944728177df7b95d12
wqp,wqp:21FLSFWM-RITAWEST,2005-09,ANFIS-F,20260815,05b9529f8ef79c9a7bfed86e87e09aae54c1aa2203a1cfef01638bc1a705a316
wqp,wqp:21FLSFWM-B09,1983-04,ANFIS-F,20260815,05b9dcbc1ffaaba8a6c654fd54eb8576d381a3ec6e5338b23b68937fd5774a34
wqp,wqp:KAWNATON_WQX-KN-KL-003,2017-02,ANFIS-F,20260815,05ba5338577db2d3328091f36a992ed5001a0f1904fadc64dd861f74101da6e5
wqp,wqp:21FLSFWM-POLESIN,1995-01,ANFIS-F,20260815,05beff4273498937ead508ede2f2bfac7d8c5d7ab3e39f3733fb9460a5fd8369
wqp,wqp:21DELAWQ_WQX-307171,2012-04,ANFIS-F,20260815,05bf48f788b9558d641e64606157ae2955d400dbb7f3e714436d00216bc32d78
wqp,wqp:MNPCA-25-0001-00-231,1990-08,ANFIS-F,20260815,05c1027f468736f3c9c17105777eeebc46364eaad821dd4f374af7d7c49680ce
wqp,wqp:21SC60WQ_WQX-SV-200,2007-08,ANFIS-F,20260815,05c6f2c54e331718cb912dee8b86eb825997eb9bbdee406f442bac9de5f5c941
wqp,wqp:21FLSWFD_WQX-23479,2008-01,ANFIS-F,20260815,05caaf5c656c6057979a4c1bcbca689fb757043490bbb6eada9c6ad1276d3fd9
wqp,wqp:21FLSFWM-STAKEOUT,2003-02,ANFIS-F,20260815,05cc4471b8f60adc0f3f48a0f7bbfd36179aab36dad08476e9931069c1f41805
wqp,wqp:21FLSFWM-E02,1997-12,ANFIS-F,20260815,05cda27b6fc1d34dd81f886008b6b9f800a451489ac4eccba3d76d08f449e043
wqp,wqp:21FLSFWM-L005,1996-06,ANFIS-F,20260815,05ce6a2cef316cc440c2669859532ed465a73bbf0fe7d3a58319e4be6fea742f
wqp,wqp:21FLSFWM-B01,1983-11,ANFIS-F,20260815,05cf9f0a0c56568b1e548e47a7cc47fc99e066b6b0f6eaffdc07755f0f4fe971
wqp,wqp:21SCSANT_WQX-SC-005,2016-01,ANFIS-F,20260815,05d09a97e22f271e00e3fb72027e2581cc1291b9ee6b1223a356405a69bb22e3
wqp,wqp:21SC60WQ_WQX-SV-268,2018-04,ANFIS-F,20260815,05d14b2849701225b8a9ba94d7c8f717cacb395256c32465f8c5d83c8aa6ac0c
wqp,wqp:21NC03WQ-NEU019E,2014-08,ANFIS-F,20260815,05d826b0935ca6dd9a4f249c09f615149849ff9f41c8dcda2750f7bd43dbc376
wqp,wqp:21DELAWQ_WQX-304321,2012-02,ANFIS-F,20260815,05d926523c2960fc0a6894665de5965effafe02aa726eafb5cd002e48c9d3421
wqp,wqp:21FLSWFD_WQX-23631,2009-10,ANFIS-F,20260815,05ddde5f71f141a6b16297a46361712487dd319e7271fcc75d9be17b7297dda4
wqp,wqp:21NC03WQ-CPF0880A,2005-08,ANFIS-F,20260815,05e19bbc5231b88a728584db80898cd37e569f08991066641bc5dd9774f7f8b4
wqp,wqp:21FLSWFD_WQX-23631,2017-03,ANFIS-F,20260815,05e646aede036ba6d276c03e31eb20c0e6a50a56186f67a9b8f551dbdef86508
wqp,wqp:21NC03WQ-CPF087D,2013-12,ANFIS-F,20260815,05e9e8c3c42bdd02c4f938dc5b6bcbae32edaac1431a30087cbbf84023e2dcb8
wqp,wqp:21SC60WQ_WQX-SV-268,2009-08,ANFIS-F,20260815,05ea17d318013bbb98e6b0aefece719981672ed9a9d3bd68d9707c634ff5e020
wqp,wqp:21SC60WQ_WQX-CL-089,2003-01,ANFIS-F,20260815,05efd7ea93a202e9c5746eefb9f1d458a058c8641cd3da3153466b6d21ff974e
wqp,wqp:21FLSFWM-LZ2,1993-07,ANFIS-F,20260815,05f11f733a4ca840aa892a04b6b634811fb26d7309a50852b5f8852dc3682c2c
wqp,wqp:AZDEQ_SW-33,2016-06,ANFIS-F,20260815,05f2d4dcdaf03c9b6d9833a3a8c5ecbd83f05ec285e565dc5e5da27b84d38957
wqp,wqp:21FLSFWM-LZ42N,1993-12,ANFIS-F,20260815,05f39a1da893058580b35b38beaa18a0c6b778992d09b30f9b514b201c2e878b
wqp,wqp:21FLSWFD_WQX-23113,2002-10,ANFIS-F,20260815,05f4c2c29f41bf55f9bf3e44bcc37d8bcb1972c75eda623d83a6a7bf96b3f845
wqp,wqp:21FLSFWM-POLE3S,1994-10,ANFIS-F,20260815,05f5dc86642ea690698bb1f97bc35b08f43d9d0632b3790a979c00d71ef4cdef
wqp,wqp:21DELAWQ_WQX-109191,2013-04,ANFIS-F,20260815,05f609a62aa3a68441787b9073dd8481ad8383ac5a1d05f430cfcf8956f9aa80
wqp,wqp:21NC03WQ-NEU019E,2011-07,ANFIS-F,20260815,05f6ba725914ea49c3fb5cfaf8dae0bd2b10b4a97458d55f48ba7dd7e5dfe079
wqp,wqp:21SCSANT_WQX-SC-044,2017-07,ANFIS-F,20260815,05f720603be1d52e01ac6c9e81f6353bfef051c2a58ed87673fc97bdda7b9a58
wqp,wqp:MNPCA-25-0001-00-261,1991-11,ANFIS-F,20260815,05f86205d914e695a80940a4d56d600ef8e609e2c86de9a47a1441b6ed5f264d
wqp,wqp:21FLSFWM-A03,1990-12,ANFIS-F,20260815,05f8fdd5a11e224c58b9dd00563975d563562f8370f43905593c1361f85d7d30
wqp,wqp:21FLSWFD_WQX-23588,2007-01,ANFIS-F,20260815,05f9c3d0230e05966bc33e8261a449cb0f7d88d0ec3c75253480406e6f5bff1d
wqp,wqp:21FLHILL_WQX-135,2015-06,ANFIS-F,20260815,05fc38f1a77d336ede80620457f70972e3686129e66b076148d95d5e4b2d35ef
wqp,wqp:21DELAWQ_WQX-303051,2009-02,ANFIS-F,20260815,05ff2aefa23093bf76d4e6e64562c618e871a0d554309a9b8f80d47cba10d3d2
wqp,wqp:21SC60WQ_WQX-SV-339,2004-02,ANFIS-F,20260815,0601b8d4a0801d0ca7085e7e844ccc1de21827f48ebf1ad536e679c04b81c270
wqp,wqp:MNPCA-10-0042-00-401,1996-04,ANFIS-F,20260815,0602e2b9c165c211f692230666517a8caab91c1e07f9fbf5b151b4399676e392
wqp,wqp:KAWNATON_WQX-KN-KL-005,2014-03,ANFIS-F,20260815,0603d4a0fb9e57e82e976fff66cca9cd4b17fdde54e173041ae0dfb2b58b7b8c
wqp,wqp:21FLSFWM-B06,1998-07,ANFIS-F,20260815,0603ea103bbdb8b2eeba84b831bf725018743a7aa6e39e3c31d2c70b908b8f1c
wqp,wqp:KAWNATON_WQX-KN-KL-002,2017-10,ANFIS-F,20260815,0607bdf6ab5ab676cf7245a91ae746929846e177bed97204df79bfa458947310
wqp,wqp:21SC60WQ_WQX-S-310,2008-11,ANFIS-F,20260815,06094e741897f0aa03d9ae0aa850852a54530c1805df14d69cc9b839d97672e5
wqp,wqp:MNPCA-02-0075-02-203,1982-04,ANFIS-F,20260815,0609b5008f49290fe7c46a1cb268792c2c938cacbbe741a0188b6d9039d39b3d
wqp,wqp:21SC60WQ_WQX-CL-094,2008-11,ANFIS-F,20260815,060d445b9559377b93d4105e031a7556ad6a1370f237fe84c54b7ddc6c1f118b
wqp,wqp:21FLHILL_WQX-135,2001-04,ANFIS-F,20260815,060f5c7e736aac8e5476c04f90757c4433c2b26862e587e1211becc1c1c5ad81
wqp,wqp:21FLORAN_WQX-BC7,2018-10,ANFIS-F,20260815,06103f3af42ecd5cf8589671af999213e0cd0398f4f631d9a7509c8ef4e519ac
wqp,wqp:MNPCA-25-0001-00-232,1998-08,ANFIS-F,20260815,0610d0c55482dec09aee8e448483ff5b387ec359fb5f344826a26afe9720f88d
wqp,wqp:21FLSFWM-C02,1985-04,ANFIS-F,20260815,0610db00f7bf2f17bf503c18387cd54e29712560271add2ff85983ab73cceb6e
wqp,wqp:21FLSFWM-L003,2005-08,ANFIS-F,20260815,06113a7e5151eccc45304cc4a644ab699da04318473588406a4b658b63690472
wqp,wqp:USGS-01201700,1989-11,ANFIS-F,20260815,06134738b30746bf25f37cb74313ad534850227dad631d5bdd4234870d6df714
wqp,wqp:21FLSFWM-L001,2001-11,ANFIS-F,20260815,0613f8ef5fc11ca997f3a024bf89ab1637e7ad6a5fab9704adc601691bbe680a
wqp,wqp:21FLSFWM-LZ40,2008-03,ANFIS-F,20260815,0619192976f7c5e962ae0aebf43b93c4aab8fcf1b75d75eda9389e9f3eddfe86
wqp,wqp:21SC60WQ_WQX-S-311,2002-05,ANFIS-F,20260815,061b87d08467a693b2b98f0ba35cb7d261464b9acc5bc58194648d093522cafe
wqp,wqp:21SC60WQ_WQX-SV-357,2012-03,ANFIS-F,20260815,061e10ed4818952b5cf49469cf92fc72323322f75840abf8546972d9102ba8e9
wqp,wqp:USGS-07263299,2011-12,ANFIS-F,20260815,061e45a98d7e05cfd293080c6dd5564772eddff5cbe15d218b04cf4fe2d8f3eb
wqp,wqp:21DELAWQ_WQX-206361,2006-04,ANFIS-F,20260815,0625ee4a232402188edcfd64c73369e43e48b865f6fd71912953a4e4f09255b8
wqp,wqp:21FLSFWM-CPTOUT,1987-06,ANFIS-F,20260815,06270ff9ecdff15e57a521ed35bb63897a7c519bace463cb7a0b1d27f74fbcb2
wqp,wqp:MNPCA-62-0013-00-201,1980-08,ANFIS-F,20260815,0627442016065635d1324df488e2a9166c92e19ce1e53d16470a2c2b2a51d4d3
wqp,wqp:21FLSFWM-PELMID,1995-08,ANFIS-F,20260815,0627ecb305ba6eabfb072bd83989e86eecc931a6579b6b47c3b480a2a0012273
wqp,wqp:MNPCA-10-0048-00-201,1986-12,ANFIS-F,20260815,062a4422fd0e552e4a94dbadab42edb8c882dc0780b9f9d3b37706ae812c651a
wqp,wqp:21SC60WQ_WQX-CW-197,2009-07,ANFIS-F,20260815,062cd22e3db8a8ae0762e438f41d1ce8702948f4956f6e3e5ad6ea4ad933f983
wqp,wqp:21FLORAN_WQX-CC9E,2006-12,ANFIS-F,20260815,062f86f88c42db336ec1c522a36cdb652ead4bcf75a81fa434d26541ad29dc09
wqp,wqp:MNPCA-10-0048-00-201,1998-07,ANFIS-F,20260815,062fc306dc89f6ada9d72cf3b895e879bb43f4b43a24526add7b8e05f283d241
wqp,wqp:21FLSFWM-L004,1993-03,ANFIS-F,20260815,0630186804fc8db33457811cf7c90ed1808057249a50774c5be99144056bfbb6
wqp,wqp:21NC03WQ-NEU018E,2013-07,ANFIS-F,20260815,063035a7823e9e02450dd418078ee24522aa7710447bd3ef38fd84f4b90d7fb6
wqp,wqp:21FLCOLL_WQX-LKTRAF4,2010-06,ANFIS-F,20260815,06314064ff9af962843632d0f146d65b7362a824d5e52d487529935d07fb7e14
wqp,wqp:21FLSWFD_WQX-23144,2004-08,ANFIS-F,20260815,0632002977464673e66801fbc512418e6d25584fcd4f92a7a705aa27f1105dfe
wqp,wqp:21SC60WQ_WQX-SV-338,2018-02,ANFIS-F,20260815,06353178b3393f8755f004fe1ac670d4232854e8fa098f0ae54bb45b9506566d
wqp,wqp:21FLSFWM-C03,2004-05,ANFIS-F,20260815,06361ec30cba875f26bec524d0bcfbb3d05ebad21401282792051a732dae4575
wqp,wqp:21FLSFWM-LZ42,1998-01,ANFIS-F,20260815,063731130e2f5eec0a9b7332bcefed7ea1ffdd982b1ff9572c97937bd74d46d8
wqp,wqp:21FLSFWM-ISTK7,1994-08,ANFIS-F,20260815,0638079a1dcab2fc702da4cb8783ac2ef0d6e37c617b986d14ac17775312671c
wqp,wqp:AZDEQ_SW-32,2015-01,ANFIS-F,20260815,0638b231721dc4984a00c83dbea7591025395d3deec39cd04a2e505eb057edc3
wqp,wqp:21FLSFWM-E02,1987-04,ANFIS-F,20260815,0639b6e0706ea712157c9b6fdf5543d564d05c324379ea517774d9f71e7787b2
wqp,wqp:21NC03WQ-CPF086C,2009-04,ANFIS-F,20260815,063a36f5a770cfb7925619c7c0b11b8ea9942813dad7584df2523d6d365f2370
wqp,wqp:21FLSFWM-ISTK7,1995-08,ANFIS-F,20260815,063c0f36e790eaf966a836bb58a2868d60d27acd4ffc7547285296105a40722f
wqp,wqp:21VASWCB-5ASRN000.66,2005-08,ANFIS-F,20260815,063ccb58934224ca7c6f9a9c9ad644b0802268b1319e59ae0dabbc7d05ef96a6
wqp,wqp:21FLSFWM-L001,1990-07,ANFIS-F,20260815,063e037dade54ee0265868a9dd5c30e49f32df68540684f544243d8a756192ee
wqp,wqp:21FLSFWM-PLN1OUT,1995-04,ANFIS-F,20260815,0643b90f9b217cf972fc1a10fd2c2cc409a5c0de4027b8a39462e0e8a0e560a9
wqp,wqp:21FLSFWM-STAKEOUT,2006-06,ANFIS-F,20260815,06448d03cd1ea9bbd001fee60c2c3be1c0146349f6f38cd41cec5e2c8dee2f58
wqp,wqp:21FLSFWM-L001,1979-11,ANFIS-F,20260815,0646c3b9d4cc0a1af9b0b841ccbfddc145a305449db18e713df13437c15df06d
wqp,wqp:21FLORAN_WQX-CC18,2016-05,ANFIS-F,20260815,0646c4abf77a315d3fc66cc97adb932eef48f98835f6c78b5501f497332f5975
wqp,wqp:MNPCA-02-0075-01-204,1987-04,ANFIS-F,20260815,06481918a7c3c2fe2b261ed121f3db473bac51b9601d41d26f2875d4bb3809b3
wqp,wqp:MNPCA-02-0045-00-202,2015-10,ANFIS-F,20260815,0648862d37a14a2a1385a89d7164ecc792f0ddacf666b202848cf55705d8f20f
wqp,wqp:21SC60WQ_WQX-SV-339,2003-04,ANFIS-F,20260815,064ada40fa5bea1b4c238ba9881279e86c6c479e6db32ef345d009454dc44faa
wqp,wqp:USGS-01201700,1974-11,ANFIS-F,20260815,064c79cd651e6ad50bc126707b48ac1df36a90b224da0cc0dcfa434dab488afb
wqp,wqp:21NC03WQ-CPF055D,2016-08,ANFIS-F,20260815,064cc66e1c699c050b8ee50cb5d686ac6075a7a6afe91c407731161b8bc6bbf4
wqp,wqp:21DELAWQ_WQX-307011,2003-03,ANFIS-F,20260815,06578fc82f47bfb72e29e439ec5ebef83c4a90afad3b5c22411e381a7ee7e042
wqp,wqp:21SC60WQ_WQX-SV-363,2015-04,ANFIS-F,20260815,065897755fa90a26032c8f083bd2d32daf009ee06b505952eff15bf740d748bb
wqp,wqp:21FLSFWM-L006,1986-02,ANFIS-F,20260815,065bc7719a1100fa6d3988d621d1d593c8e9683e614d7559588c1cdf491a5579
wqp,wqp:21SC60WQ_WQX-S-024,2014-08,ANFIS-F,20260815,065ed26c6b8cec8ccf35519712af8874d40094b52ca549e1608501af7311f293
wqp,wqp:21FLSWFD_WQX-23477,2009-07,ANFIS-F,20260815,065fb29e01a534d10a54d9a016ba34f65660df6688c5e09c997b4f942d37bdda
wqp,wqp:CAPECRD_WQX-280,2008-03,ANFIS-F,20260815,0660c11ce71e781c1ca56e4a08bdda6da32936ff09eb2eee49b692e90cbb5d30
wqp,wqp:21DELAWQ_WQX-205181,2003-06,ANFIS-F,20260815,06635917247944b9015ef8f86f5fdd1b3d296786e972f30e75bb67ace6251b00
wqp,wqp:21SC60WQ_WQX-S-311,2015-01,ANFIS-F,20260815,06654b7655412a54b73c09b4a0783ad37143f84ed98a341324cfd03f3429defd
wqp,wqp:21FLSWFD_WQX-23389,2013-02,ANFIS-F,20260815,066a1d25b7e101bddf8b0107d05d9d70e80b9e541166c0162a9643c294a61dc2
wqp,wqp:MNPCA-10-0007-00-201,1985-05,ANFIS-F,20260815,066c6e5a271a8e9a99ab01ec110064a2f0fdd6fa2c3717f6ecc4db631908a0b3
wqp,wqp:21FLSFWM-PLN2IN,1988-11,ANFIS-F,20260815,066e8e409c677c5bc1109b4563597ae80bc28c4cbb26e8b2a1b7db1ca3224a74
wqp,wqp:21SC60WQ_WQX-SV-236,2013-08,ANFIS-F,20260815,066f46d7feca9cd827ee9c5fff445cd339501d74b6e99751f95ecee1cdbb10f3
wqp,wqp:21AWIC-23,2006-10,ANFIS-F,20260815,067553ba840d3cf76cd6f90bde26f63563fb98de01a19a3cb31d412ac65900db
wqp,wqp:21SC60WQ_WQX-S-222,2017-05,ANFIS-F,20260815,0677242ed668a603fc5cca49d1727fc31b1c42d4fb7cd1c341d501fccb57b695
wqp,wqp:21FLSWFD_WQX-23389,2004-10,ANFIS-F,20260815,067767b6035db03ff78062b4cc69560306e74262f371786b7cae5e81e5240b35
wqp,wqp:21FLSEM_WQX-SPR,2018-01,ANFIS-F,20260815,067a4e25cdfd9d5b1aeb77032af1039374fa9172e027ff2208e89e403a213fd0
wqp,wqp:21NC03WQ-NEU010,2000-09,ANFIS-F,20260815,067fd0c7022f4a0a0c0fa3731c32c20b1c01b9676c366c70936780078beeca69
wqp,wqp:MNPCA-86-0252-02-207,1985-07,ANFIS-F,20260815,06804b8c32f836f64c1f8f0eb12ffe6fa714ea986e8114d9c846214d0b61af37
wqp,wqp:21FLSFWM-TIN8100,2004-01,ANFIS-F,20260815,06807024aeecbb7d504f32343c690c03aea91548da8eae964cbb9885bb907a1b
wqp,wqp:KAWNATON_WQX-KN-KL-003,2017-07,ANFIS-F,20260815,0682187f601daab6b9684b42b3ed6d5c7979215954835d11eaa424c992b11b49
wqp,wqp:21FLSFWM-TREENOUT,1991-04,ANFIS-F,20260815,0685e7cee7e5c53fdc93a0e9af37e7496f971de08ce53457a17d23a26f5be80d
wqp,wqp:21FLSFWM-L004,1985-01,ANFIS-F,20260815,06885a85b74d8cdd7d52626a3c09315ab694654cbcdd5987bf39f3532307106a
wqp,wqp:21FLSWFD_WQX-23479,2011-08,ANFIS-F,20260815,0689f7de0690d42b17c984b069491484b1a4cb9e982eb8045e4a6c4479ec3ae8
wqp,wqp:MNPCA-62-0007-00-203,1981-11,ANFIS-F,20260815,068acf914709d9b29ef03d9a5f35ba179770ab7f73d253f399c819003e35a16b
wqp,wqp:USGS-14211940,2011-10,ANFIS-F,20260815,068b86820f842e017c1fbda339ab847f8b94f85696083a8f40e071df0ee5c988
wqp,wqp:21FLSFWM-B09,1986-02,ANFIS-F,20260815,068dd742ca7eb1d3f642f4951038e483efe205ffd4dbfa895422fabc25a42400
wqp,wqp:21FLSFWM-LZ42N,1990-08,ANFIS-F,20260815,0697c9d3db74b0a182d55618131d2829203912ae5e4711117143c33ae79f9f69
wqp,wqp:21SC60WQ_WQX-S-024,2006-05,ANFIS-F,20260815,0699a54ad15f7b1a6b974605bc5f08dcf863aef4a366058b8ccb5ef3d179d9f5
wqp,wqp:21FLSFWM-ISTK3,1997-02,ANFIS-F,20260815,06a0ff4ab55be85c78895a35d4e7e39831ac7704a9860efdeef10b17f2996d62
wqp,wqp:MNPCA-62-0007-00-203,1992-06,ANFIS-F,20260815,06a1291411195b48158442cd5217cf64b5ab4bd4eef646160850c8666802d61d
wqp,wqp:21FLSFWM-L006,2006-04,ANFIS-F,20260815,06a169c633ad769c58f2a57697cff490afbab08ec7d8c56aef0c0b30923ea963
wqp,wqp:21NC03WQ-CPF055C6,2015-05,ANFIS-F,20260815,06a2c9e51689b0522d23831fdc5c7ad041cdde0f55dbb1c6b75eab152d6d6db2
wqp,wqp:21DELAWQ_WQX-208181,2007-01,ANFIS-F,20260815,06a41ee1e928dbd49ea639992272b39fda6e5b9ac54059c0eb8a04f7a84fa05b
wqp,wqp:21FLSFWM-KBAROUT,2006-12,ANFIS-F,20260815,06a41fee3a562e4e572389dcd7952c6c87b99266f389c78abacdd32d7275d156
wqp,wqp:21FLSFWM-C03,1990-06,ANFIS-F,20260815,06a43b155e952a0d8a484a6f543a82b31801ce57afb88504e5d72656e0c88d7b
wqp,wqp:21SC60WQ_WQX-SV-338,2008-10,ANFIS-F,20260815,06a74efa938bc24af9acf62571a60cfc2696927fe19165c61b44c5f6bdfa54c4
wqp,wqp:21FLSFWM-KISSR0.0,1994-06,ANFIS-F,20260815,06a77f06097d97f5b10c294f98ce198d248a72ceb4202a3f835312b768b8f97f
wqp,wqp:21DELAWQ_WQX-205211,2008-10,ANFIS-F,20260815,06a77f9788140a743dab680b9135d95fd7b2050ce4b8ff0fcba778bcbe2a32f3
wqp,wqp:21VASWCB-2-XDD000.40,2011-09,ANFIS-F,20260815,06a94b6d4d8576c5cda99a1efeb83da7bf4bfc37ffe9ebff94d801387041582f
wqp,wqp:21SC60WQ_WQX-SV-200,2005-06,ANFIS-F,20260815,06ab942db30ffcf68e9a55faebed43242acfed8a77bd20772d3d20fdd7f1e90b
wqp,wqp:21FLSFWM-D02,2002-05,ANFIS-F,20260815,06ad48f282103f11438b83ef775b9d68d01fbc6d36a66da1818dea649f64bfea
wqp,wqp:21NC03WQ-NEU019C,2005-10,ANFIS-F,20260815,06af1503fac5b7dfd81a4742d8067153b7e4dabbf5316dc5e19e2074adfdcf62
wqp,wqp:MWRD_WQX-BARR3P,2007-07,ANFIS-F,20260815,06b15c17882280bd6c5b94b698af1124722c4b1b15f365f6f37d3102cbb2dbf6
wqp,wqp:21FLSFWM-RITAWEST,1990-06,ANFIS-F,20260815,06b2bde0390a016fd3ef43f7bb40ee49edd239cf725480ff248ac73ca0d8e757
wqp,wqp:21SC60WQ_WQX-B-339,2002-05,ANFIS-F,20260815,06b2e9b6f0f56e5fd13f3d14ef6b44a2362da4e577a6aead550c0e58f0d20f41
wqp,wqp:21FLSFWM-TIN13700,1996-04,ANFIS-F,20260815,06b451eed72e1f94f7ba8731df757e12d605bbbed2c82ce99daaceb75ab1064b
wqp,wqp:MNPCA-62-0055-00-102,1984-11,ANFIS-F,20260815,06b6e5405dfd88d502c76d7a8d54250bff4a0459b861599fa3e4833af6f824b3
wqp,wqp:MNPCA-02-0075-02-203,1982-11,ANFIS-F,20260815,06b8a6fb9284ef840e573dec3094594d4e168185f5e6aef4041a4062bc9ca522
wqp,wqp:21FLSWFD_WQX-23477,2014-03,ANFIS-F,20260815,06b8cb6604b6a0e7119880204d24d8bb5f22b3cf0938e4436ff207920e86b854
wqp,wqp:21FLSFWM-B05,1983-09,ANFIS-F,20260815,06b918e6b732e6fcad0bf0d424599ff3f95ac9563d5c83d6d9fe5cb24cf649f5
wqp,wqp:21FLSWFD_WQX-23609,2010-04,ANFIS-F,20260815,06bc487d2f3b69b12fbce927929f64ef3074a0e6f36972a471df3c0c9b3c5f8e
wqp,wqp:21DELAWQ_WQX-307171,2015-09,ANFIS-F,20260815,06bd422f85853b43a91b99be6618ea5f27d943da28758fd98077e75cc9a8adca
wqp,wqp:21FLSFWM-KBARMID,1991-06,ANFIS-F,20260815,06bd68a93dfaf5e7a1ee0df167d4ba3fae8568e5d60e0e5fe5a1305ff4becfe8
wqp,wqp:21FLSFWM-PLN1OUT,1990-08,ANFIS-F,20260815,06be2f29e2947d796651e0884a7439fa4c8902f538d8617f3e8ad81510f7878c
wqp,wqp:21FLSFWM-FEBIN,1996-04,ANFIS-F,20260815,06bffd060eae90aa556d4c27410043cc00f334fb2c8a708d7f6869a1491557ed
wqp,wqp:21FLSFWM-L005,1978-09,ANFIS-F,20260815,06c0bb8bf437931f1d4b77d369b6b4c86aa673c24198cc528b182d1a67e2cc48
wqp,wqp:21FLSFWM-LZ42N,1997-08,ANFIS-F,20260815,06c55210adb35e9b8983fb62a8285c8f25581a150ffdb7b7b042645f29049ab4
wqp,wqp:21DELAWQ_WQX-208181,2017-08,ANFIS-F,20260815,06c8ea0d3ea65f576a65d29e6f37019f123c2c32c91b1f43ed4b1b952c8a4d11
wqp,wqp:CAPECRD_WQX-262,2018-08,ANFIS-F,20260815,06c9cf5a7a24bc6c590899cc57d780308f1f98ff6802927edab5c051ee8be629
wqp,wqp:21GAEPD_WQX-LK_12_4048,1999-06,ANFIS-F,20260815,06c9f793ed53e33badeebe200a6ae20d594ecd983fd5274d0eced0c1df360f48
wqp,wqp:21SC60WQ_WQX-SV-372,2011-12,ANFIS-F,20260815,06ca1cce6716cf041f1aca1446f2615a73cb4f6b8548463c9702d1047b14efbc
wqp,wqp:USGS-072632972,2011-03,ANFIS-F,20260815,06ca2b00c84100ee3b80105504d3113bbab6736e76bacc4e360956d99f9f07a4
wqp,wqp:KAWNATON_WQX-KN-KL-002,2018-06,ANFIS-F,20260815,06cc357d393759a2db23d745f248a32e9baee1d327bc0403862e465481c455b3
wqp,wqp:21FLORAN_WQX-CC11,2005-09,ANFIS-F,20260815,06cf4388ffb8a4f07b91a8ce4ed91bf01638ea8654ea1451ccd1855067c1f42e
wqp,wqp:21FLORAN_WQX-CC13,2017-11,ANFIS-F,20260815,06cfd054740e2a986952fe5347e069f185d3662a5c5d85e0fc59dffb0a253c9e
wqp,wqp:21DELAWQ_WQX-307171,2003-09,ANFIS-F,20260815,06d2270d1342a9ffcc2cc7f7783a8604ccb9f8033cf752054733fb9efd52f1c9
wqp,wqp:AZDEQ_SW-33,2014-05,ANFIS-F,20260815,06d2f8c3446ad18db09b82a0ebcd61b99fadf0d21bfeef05dfb23324dc4fedd7
wqp,wqp:21FLSFWM-L005,1985-02,ANFIS-F,20260815,06d853ff1bdc4312c5a4b02ab08f7e6407a658fc15e795e1cc9134df5a1aad65
wqp,wqp:KAWNATON_WQX-KN-KL-002,2009-02,ANFIS-F,20260815,06da8a84144cb72c357734818f171767ac3ad5b14c0ee64ebbb083e7bc086b04
wqp,wqp:21FLSFWM-LZ2,1979-01,ANFIS-F,20260815,06dbad10aeafa4f69b05cced8c0fcc24cbc57add44416910218aeb87d629bd34
wqp,wqp:21SC60WQ_WQX-B-327,1999-04,ANFIS-F,20260815,06dbd3953bdd9ddc986e4b5db6c8b692cdfac203192c9ab3f7bc72cd42bac87b
wqp,wqp:21FLSFWM-LZ30,2002-01,ANFIS-F,20260815,06dcc18de8e8b03a41dca9d79a38481df8c627dbb28858c050ad0bcc50a8c24f
wqp,wqp:21FLSFWM-LZ42N,1998-10,ANFIS-F,20260815,06de75c5da21bd3b998f5449609cca5775be302fd13f69c10d272d6baadb3419
wqp,wqp:21DELAWQ_WQX-303331,2013-02,ANFIS-F,20260815,06df9d1af215954f0a944185256a0c6250b70fefe39c230d115be89efb5d734a
wqp,wqp:21SC60WQ_WQX-SV-331,2002-05,ANFIS-F,20260815,06e1cd5120d9d47c15740a38af4ab9155cc8846b94961be81e18f226749cc6db
wqp,wqp:21FLCBA_WQX-WAL-ALLEN-1,2017-09,ANFIS-F,20260815,06e222e0bb1a02ba7158be692d82b4de8b413793f757879a92f228d23b274067
wqp,wqp:21DELAWQ_WQX-308071,2015-01,ANFIS-F,20260815,06e38feb8331722c280b6e69e9d390fa6ce2231e868a3007d9a281d55d468440
wqp,wqp:21NC03WQ-CPF086C,2009-07,ANFIS-F,20260815,06e5142f43d60cbabc759b2cb7fd67db49e350924a2c26eb56d7f9f64779c5ba
wqp,wqp:21FLSFWM-L001,2000-09,ANFIS-F,20260815,06e5fa95849005976f5a76080f0e056108b398bd6a37e799d78cc065f314cf71
wqp,wqp:21FLSWFD_WQX-23144,2011-04,ANFIS-F,20260815,06e732bb71a74d4b1ce9438b419f3efc18c33f36d981b983381836f7c094ff82
wqp,wqp:21FLSFWM-PLN2MID,1992-01,ANFIS-F,20260815,06e82f9c8d51e43a50483c50a478a51838a62ead92822679081c8fc2b93a91bf
wqp,wqp:21DELAWQ_WQX-109191,2007-08,ANFIS-F,20260815,06e85f5674d63be10881c36ed307565a0b08c8259c74e359e8c48cdf3bc4d537
wqp,wqp:CAPECRD_WQX-262,1996-05,ANFIS-F,20260815,06e9702c1c328fcb8764eba537bafe91130e890543a613dacb7036764064f9a0
wqp,wqp:21FLSFWM-E02,2008-08,ANFIS-F,20260815,06ec585365804170494139756bec3aba9ae7d1a6b2bf909be594e6c2c58a095d
wqp,wqp:21FLSFWM-LZ2,1996-10,ANFIS-F,20260815,06ec5ff2ecda8b06d2418e267108b0a37bdedaf14dbb727abf0a845b457fb1f9
wqp,wqp:21FLSFWM-LZ30,1991-07,ANFIS-F,20260815,06eef9f0d5120fea8ab28398530facc200d381a9b892167fb705ed58bb10c3be
wqp,wqp:21FLSFWM-PLN2IN,1995-05,ANFIS-F,20260815,06ef8e8024aaac21320bd332e826eed4b58b7a61db8621c9025541b38285a34b
wqp,wqp:21FLSFWM-LZ42N,2003-10,ANFIS-F,20260815,06f0acfb28fdd6a2e25bb8d09ca208a114384c5963d20cb7f29b5a2ce41cf229
wqp,wqp:21FLSFWM-TINOUT,1989-08,ANFIS-F,20260815,06f0d7df2722e2ff7863903895302bd03df5ff761ce1ecfca3ff38eac276671e
wqp,wqp:21FLSFWM-TIN16100,2000-01,ANFIS-F,20260815,06f4f5b75db82cbc1902a81951e3d9a97bc6905aa5008bc6a04edca39daa650d
wqp,wqp:21FLSFWM-B06,1993-03,ANFIS-F,20260815,06f5133d625a220356858b9a359af9cbe89bc3e22dc5cbc1cd63dd2efa291297
wqp,wqp:21SC60WQ_WQX-SV-361,2009-07,ANFIS-F,20260815,06f66b884bf63dd6024d9610a5e3b207217c3692fdee9ba8dac7ccb051e28ecd
wqp,wqp:21FLSFWM-B09,2009-02,ANFIS-F,20260815,06fbd4552c6ab31b46d2059580fef94661ea63f22278c1b29c6b73922769bb56
wqp,wqp:MNPCA-25-0001-00-261,1990-10,ANFIS-F,20260815,0700d68bf4d13e836b889ba64d108f6de2c311f95f2f349881ac49534aa6576c
wqp,wqp:21FLCOLL_WQX-LKTRAF1,2010-11,ANFIS-F,20260815,070140ee8d3764425785843fc2b62c177cd9ee04f61ec60b3baef30b9adbb5dc
wqp,wqp:MNPCA-62-0007-00-203,2008-09,ANFIS-F,20260815,070362cbf89109d4af1cd10829677bc99804999f3c79792c12916cdd76b7aa47
wqp,wqp:MNPCA-62-0055-00-201,1973-10,ANFIS-F,20260815,07050f515d7eb231261f0b9dec011cebaa94571b862bb573bfdea9f7876915e2
wqp,wqp:MWRD_WQX-BARR3P,2006-06,ANFIS-F,20260815,070669bf0c97549f24bacdeeef4eae60b871558087404343c03c99bf3dadc50b
wqp,wqp:CAPECRD_WQX-280,1992-12,ANFIS-F,20260815,07071418a2997c2012695beb94d637c4d72098136d828b31a8dac92e0408f80a
wqp,wqp:21FLSFWM-B09,2001-10,ANFIS-F,20260815,070cbb4224a4ee122229a9a5cd738ae128da79b85ebec6e552d6ebcc6bf65806
wqp,wqp:KAWNATON_WQX-KN-KL-005,2010-08,ANFIS-F,20260815,070f373a1c227c32a5de885cc6bc5ce9e9a87d81424c24af6ddabde81285670b
wqp,wqp:21NC03WQ-CPF087B3,2012-04,ANFIS-F,20260815,070fd4c328de6fb4c20ba39a6b27c46db89485920cead7f243816674fd4f2b46
wqp,wqp:21FLSFWM-LZ42,2003-02,ANFIS-F,20260815,0715ca3fddd677e5a5a9a9d2d820df408de214a98789c73d0378cf2c0116f3ec
wqp,wqp:21SC60WQ_WQX-SV-340,2007-12,ANFIS-F,20260815,0716ee424109734b92d7813716b3d9d836f4e211d2fd3ce0611ce75b6e552cb9
wqp,wqp:21FLSFWM-LZ40,2008-04,ANFIS-F,20260815,071e4ac0a576cd91c5618e0c6b75338bc75124289e82b6d412d466e699298716
wqp,wqp:21FLCBA_WQX-WAL-ALLEN-1,2017-04,ANFIS-F,20260815,071fb697eb34c70e26d5fd286f1191b358e032737f16ebe4530a522bdb02cea0
wqp,wqp:21SC60WQ_WQX-SV-098,2017-12,ANFIS-F,20260815,0720c558082cedbfa834d414924864cabadfb4b1a7df3b18dabeab88ef671415
wqp,wqp:USGS-07144790,2009-12,ANFIS-F,20260815,0721e833d2e89ee05ab777d848746fc794e4faeda6027dd82f337123fc9fdc29
wqp,wqp:21FLSFWM-L004,2006-09,ANFIS-F,20260815,07258eed1ee0d6a02bb5ca8291c4b87fa634ab8a62295753117208fc30ce9f49
wqp,wqp:21FLSEM_WQX-SPR,2011-11,ANFIS-F,20260815,072b821435adc416b551f6631b894d6e1565b78e882dc06026ae319a048f751c
wqp,wqp:21FLSWFD_WQX-23458,2007-09,ANFIS-F,20260815,072c0df020d2d48d0dc034469fa60e6c0b92d6a555e5ad2435d811355b36cdbc
wqp,wqp:USGS-072632965,2007-11,ANFIS-F,20260815,072c2029cd27f96123503711f507e38b240d49aa89e6983a4e64bbb1ad0bdb76
wqp,wqp:21FLSFWM-ISTK3,1988-11,ANFIS-F,20260815,072e9bec3d40db2e1a8e71721d11e5adb10384783ce6d7f78736e4e2913f5cc5
wqp,wqp:CAPECRD_WQX-290,2001-02,ANFIS-F,20260815,072ec8da046b87d51e60c4689be31be0fff55bd8eff8a6684ee536d130d075c8
wqp,wqp:USGS-07049690,2016-12,ANFIS-F,20260815,07341aef8b7fae93421023d50bf9c00a8cef5f66c8d8c16e61db4d22af61dafa
wqp,wqp:21NC03WQ-CPF055C6,2016-06,ANFIS-F,20260815,0735aa35b25b0b8c0faaecbff88317cf4841177bffa3f808637e224055039d3a
wqp,wqp:21NC03WQ-CPF086F,2009-10,ANFIS-F,20260815,073b8b348dfd6d511162da10303bcf038026381cb8d4edc683d13941d59fe8cf
wqp,wqp:21FLSFWM-STAKEMID,1995-02,ANFIS-F,20260815,073dbbb5e9448b8047e728534a1d1fcb2dc10c6db2eadf514fa5e5bbb9af3ce9
wqp,wqp:21FLSFWM-L008,1998-05,ANFIS-F,20260815,073e51ba2c5841bd7902f702b067b8f174de65c997be43e6407d5d3d829ca3d0
wqp,wqp:USGS-072632972,2012-04,ANFIS-F,20260815,073fb51712afb6145b98c24743922af54b0e78877f047a2047dbe3d85c24a4a9
wqp,wqp:21FLSFWM-OISLAND,2005-10,ANFIS-F,20260815,0740fa231ad60144367b6ea1b55a30a45cbdfcaa83ddca541b867f5b63e0e8c5
wqp,wqp:21DELAWQ_WQX-110011,2013-05,ANFIS-F,20260815,07427d758a97ce467dbe3ecae6a99a50338b3412b1efe1af5edda1b9e6d56321
wqp,wqp:21FLSFWM-KBAROUT,1992-11,ANFIS-F,20260815,0742b1de4159098859b8042134d130776c5691fc32b7c78b2400a8aef7278a3a
wqp,wqp:21NC03WQ-CPF086F,2006-05,ANFIS-F,20260815,074303e3eca881098c89956d12ffd6304b63f2c8805fcb33a8c87d8ff2cae600
wqp,wqp:21FLSJWM_WQX-409555,2017-06,ANFIS-F,20260815,0743523cabc86fb90ba1d0e2a7aff68f33ee57003415fcdb1c9eb0fe05e4fd9c
wqp,wqp:21SC60WQ_WQX-CW-197,2016-05,ANFIS-F,20260815,0743813ccaeb16f2227c6329273de4c0f0a4cdc2cc91bf5a7c0731923df937a7
wqp,wqp:21FLSFWM-KISSR0.0,2002-03,ANFIS-F,20260815,0745521602ae51d88c82e62f109f17651b3ff2568962923e8897899627f5a2a2
wqp,wqp:MNPCA-10-0048-00-201,2008-09,ANFIS-F,20260815,0746763739663b84a6a54df632dee433f4cf61b08c719ceca6c44560812a1e5b
wqp,wqp:MNPCA-62-0055-00-201,2009-09,ANFIS-F,20260815,0746db35eaceaf7471a2d9a3cab0c814fa6ee4d1f0a5f34ef430064e69470a54
wqp,wqp:MNPCA-10-0048-00-201,2011-11,ANFIS-F,20260815,0749558af2c6e91d5f9789d8d4364622ea21274e674b01079572def74a43e74e
wqp,wqp:21FLSFWM-LZ42N,1998-04,ANFIS-F,20260815,074b7d2f252a23f90cd7482ecfadd18c0f3f9642f0694b2460d99253fb7e1c9e
wqp,wqp:21SC60WQ_WQX-SV-339,2017-08,ANFIS-F,20260815,074e1ead6465ccb6d5f8b89e79f3555f5e56d2eab67276170d55bed13a39f03e
wqp,wqp:11NPSWRD_WQX-SLBE_PL_01,1996-05,ANFIS-F,20260815,074f3b068a24cec87a8bea3bb8050eafd1299f18ded5f02b781b432cb0bb5615
wqp,wqp:21SC60WQ_WQX-SV-335,2004-11,ANFIS-F,20260815,074f4b3db07bf1eba2fd0f989fb600d4cc3dabc6b9f05df0fc31fb492f3138ec
wqp,wqp:MNPCA-62-0013-00-201,1992-08,ANFIS-F,20260815,074f94264a4a01a9b9b38da5ed9ccf54664b354eb74348ffdf02a72f94155053
wqp,wqp:21FLSFWM-POLESOUT,1996-02,ANFIS-F,20260815,074fab405923e0c3355248e8e62c1ec27a4d302a092f95dab81c8759f140c74e
wqp,wqp:21SC60WQ_WQX-PD-327,2012-04,ANFIS-F,20260815,07524f62f182a4e99a332843b77b8dd0c76c81432410f500924b034b5d5f3997
wqp,wqp:21FLSFWM-A03,1981-10,ANFIS-F,20260815,075439363bb0bd3184335e9bfe9891897d2b00ad3df7856bef814d878b5d660a
wqp,wqp:CPNWATER-WW#3,2015-12,ANFIS-F,20260815,07546a269ab398d133e3c170622cdec32b9689bc4538ba4bfdd41afb22d12888
wqp,wqp:21FLSFWM-ISTK6,2007-07,ANFIS-F,20260815,07582cac04e9b5bd997a7a2c0ab553576d6432e1724e040c679fddbdd25a024f
wqp,wqp:MNPCA-82-0046-00-203,2006-10,ANFIS-F,20260815,07591f444eef6b2fa9bacbf4683c2032babe27e23f7ffc726903b7d749cda87e
wqp,wqp:21SC60WQ_WQX-SV-374,2018-05,ANFIS-F,20260815,075ea214e6cce67ebc91f93b8aa3dd0735742f5782054294c67d6d38b644f701
wqp,wqp:21FLSFWM-L006,2006-03,ANFIS-F,20260815,0764ad1a4eab0944683312379eadf8f2e281cf4eec53ed847d98d3ff062d4ca0
wqp,wqp:21FLSFWM-LZ42,1998-09,ANFIS-F,20260815,07672da6116795a7db54a756794bd09d626b66c1c945e61425de82db52c34b96
wqp,wqp:MNPCA-86-0297-00-201,1994-08,ANFIS-F,20260815,0768ca07581a100f51fc91b6c7c0a983aee59c04463b751af80379d0c21fec61
wqp,wqp:21NC03WQ-CPF0880A,2010-05,ANFIS-F,20260815,0769c13814dd73a4aa1c925ace173db3565afffd4b36c53ec25f738743a567d5
wqp,wqp:USGS-423556088365001,1993-09,ANFIS-F,20260815,076aade9335bafb1db451e13eed0267366159cbd59d8a98341cf263e79b8093b
wqp,wqp:21FLSFWM-POLESIN,1994-09,ANFIS-F,20260815,076b518cfe92876f30d09c5c600adcdcc255042a00544ccd94b479b714e93b81
wqp,wqp:21FLSFWM-ISTK6,1993-01,ANFIS-F,20260815,076d403ba176000b2eaba4491e79b197a721419787e7e6c6f3b0fca9fb271b55
wqp,wqp:21FLSFWM-C03,2008-11,ANFIS-F,20260815,076f9513e7059156f4165708bd3d8f4a6d9c231fd5c076fb9fa445b2cd4cf29c
wqp,wqp:21FLHILL_WQX-135,2001-03,ANFIS-F,20260815,0771c097325f9e2fbbcad3d626ae3701e95200a911a3fb2303f28373801f6178
wqp,wqp:21NC03WQ-Q5360000,2017-05,ANFIS-F,20260815,0771ed41e86af18c828487328b2cedd724415f97f50ceaa5996d57b072d1d6b9
wqp,wqp:21FLSFWM-POLE3S,1999-03,ANFIS-F,20260815,07729b8aa1eaffeb9b0afd4b869c3ddd96dfde83bc0339cf1e7cc2f3f4131e0b
wqp,wqp:USGS-295554095093401,2018-03,ANFIS-F,20260815,07736638494f11e8ddb6998ab1ff26db9fe22306d4bd7b2fc7573d52ba88dae5
wqp,wqp:21SC60WQ_WQX-PD-327,2009-10,ANFIS-F,20260815,07738a4eb8040399f09578c6159a0d69214e0c20d06068dbf011e61901407b9e
wqp,wqp:21FLSFWM-ISTK4,1997-04,ANFIS-F,20260815,0774787ee0e623f7e2b5dcbdbb040841f446ef6ec5ea581b753ec7fdf39f1379
wqp,wqp:MNPCA-86-0284-00-100,1984-07,ANFIS-F,20260815,0774851e0199f6814cd4f9f847c8fb274505620a3b6a01eeacaf3bf56684f7ff
wqp,wqp:21FLSWFD_WQX-23144,2002-08,ANFIS-F,20260815,0776240de76e2413285016ded5e8c17842a7464b2f8a7d91feed8fd5ceb6c142
wqp,wqp:21NC03WQ-NEU019P,2012-04,ANFIS-F,20260815,0777aa81c7971f8e63672d6275a84b3655be601d1f081547f7f312bc66b27d17
wqp,wqp:MNPCA-62-0007-00-203,2016-04,ANFIS-F,20260815,077831a64eb92abff2bbcc6c654f13b1348e86058b750d014fdac32dfe7ac974
wqp,wqp:USGS-07049690,2008-06,ANFIS-F,20260815,077bfbac777652b0ec89b2346cd9ef7ca7292608b0d49d1f2e4b4bb926a4d735
wqp,wqp:CAPECRD_WQX-262,2012-02,ANFIS-F,20260815,077ebec93750dcefc5479792a52fe927cc9e883c6478526a582e939189a99343
wqp,wqp:21FLSFWM-TIN8100,1997-01,ANFIS-F,20260815,0782e5c6c251de2b0817505ef526cdaa55f3795796601bbf7c21780666a08d19
wqp,wqp:21FLSJWM_WQX-44158,2018-12,ANFIS-F,20260815,0785ba1f402b206f09ee7afab6e60549aa66cd88228fe02005ff6b3870c28e82
wqp,wqp:21FLSJWM_WQX-44673,2018-09,ANFIS-F,20260815,0788f15acce130238224ed175821fbdf8e33280b943ad2a934078ed6d65e46ac
wqp,wqp:21FLSFWM-POLE3S,2007-10,ANFIS-F,20260815,078a00003e4eb19d9957f012ef67be35e87d69c9f6e3a037e3ecef037a529751
wqp,wqp:21NC03WQ-B2450000,2017-09,ANFIS-F,20260815,078a3b6a605623e1d9c3706093391c1d9b34bbecfbd4a8c03c9bb9932ad0e54c
wqp,wqp:21FLSFWM-B06,1984-11,ANFIS-F,20260815,078ada955b214863df0340f055a10dc64fddd6dac3d536f3c9dedea4302490b0
wqp,wqp:21FLSWFD_WQX-23588,2008-12,ANFIS-F,20260815,078bf2f0f40b6f1589de350c27ddbe60fd4e6912a0320004dfcea5c02d2e1464
wqp,wqp:USGS-423526088380101,1985-05,ANFIS-F,20260815,0790ce19e6e5d6515f19079f196b4f3367fb0e450e3d06551bf6bfddd92d58e0
wqp,wqp:21FLSFWM-KBARMID,1992-08,ANFIS-F,20260815,0793586484b152ee30e7c589cf960714051203fd9f4e27b75d64379378fdabe2
wqp,wqp:21NC03WQ-YAD169E,2006-04,ANFIS-F,20260815,07963457c4c25f5b4ba14e7fba237695878e1838965676c7978347d8848ca31d
wqp,wqp:21FLSFWM-TREEIN,1996-08,ANFIS-F,20260815,0797b3aac38916b06dadeb4635f667c2e5f251fb25c3467a7302a075171012dc
wqp,wqp:21FLORAN_WQX-CC11,2005-07,ANFIS-F,20260815,0797d8046a9c96e4bf35bda22952b6ea65611f560a10e9354b430b1bb3a4e905
wqp,wqp:21FLSFWM-E04,1983-08,ANFIS-F,20260815,079b272ee03989b12266bdcac774fc6b188a7c6ed0a29e9fc3bbc712a257a063
wqp,wqp:MNPCA-02-0075-02-203,1985-02,ANFIS-F,20260815,079b64598ac73fa148ac80a07357b60f75dd35b183787ae512d03b7287581f0f
wqp,wqp:MNPCA-62-0013-00-201,1992-06,ANFIS-F,20260815,079b6e1056bbcfbe5cb26d20a4e8c574b009114a68895bb692f825d6f47d3928
wqp,wqp:21FLSFWM-C03,2008-02,ANFIS-F,20260815,079cd39de293a7b7e8b622ab68af5a5de8e87f75560b3be56645bd3365d5a281
wqp,wqp:21FLSFWM-KISSR0.0,1990-11,ANFIS-F,20260815,07a0fd6eb1f4422c1d44c885aec11e1e544709c04fb54770183e5435e3f4343f
wqp,wqp:21FLSFWM-E03,1982-05,ANFIS-F,20260815,07a12ff55bf2748e045981b6f7f85461f2265c5880bccd43c2597193331e7641
wqp,wqp:21NC03WQ-NEU019E,2013-09,ANFIS-F,20260815,07a2669a8b464498dd22f2b88465da051de5de777b2e2f7b157b59c360890770
wqp,wqp:21NC03WQ-NEU019E,2007-01,ANFIS-F,20260815,07a2802c7b1f462defa97b27081520cd7889e21e4932789caa992c96978e6a56
wqp,wqp:21FLSFWM-TREEMID,1988-02,ANFIS-F,20260815,07a3e4db3042e1baada9f0b0aa28c2dd5d7f3298aac18a1ee02373479888c372
wqp,wqp:21FLSFWM-LZ40,2003-08,ANFIS-F,20260815,07a4357cbd688240a4f73e131cdbdf2a51794d0cafc016b46e197d55fdaf9db9
wqp,wqp:21FLCOLL_WQX-LKTRAF4,1997-05,ANFIS-F,20260815,07a5e4d829b3eaf980f4b990bfe3eef5a4234cccf28f7753e657df0f6b71d9f4
wqp,wqp:21FLSFWM-POLESOUT,1999-12,ANFIS-F,20260815,07a6420db1566e523101964f75b4034bbe570e342a8ce7506116aa963c13a0a2
wqp,wqp:21SC60WQ_WQX-S-024,2002-10,ANFIS-F,20260815,07a6435c403aa3a8640f831b4c08d3d218819b1eaae75295b4fad949526c5d08
wqp,wqp:MNPCA-25-0001-00-225,1996-06,ANFIS-F,20260815,07a73e60d09c579dc94bcda87c4b9656f8abbfee21807193fb6e1c50cf556d84
wqp,wqp:21FLSFWM-POLE3S,2000-02,ANFIS-F,20260815,07a76e1e425ae49e8e9669138cd8aa6e10ea9768f1198109bfc22fee9f6aff0f
wqp,wqp:21SC60WQ_WQX-SV-339,2015-09,ANFIS-F,20260815,07a91c932cf278fc5a9d06153515535df65cc2c85b60c106b284838b7e8b8238
wqp,wqp:21FLSWFD_WQX-23631,2003-02,ANFIS-F,20260815,07ad21c360f0bc5b4aed2cdd829e0c083298bb78d3918753e2a22e2bcec87f96
wqp,wqp:21FLSFWM-ISTK7,1988-02,ANFIS-F,20260815,07afadb799f4bff88820b752b8e8b78ed7bae1969a795b298b95032e94e15a0d
wqp,wqp:21DELAWQ_WQX-109131,2011-07,ANFIS-F,20260815,07b15d3ce39f6511a8c68d4ca4f9382edcfab5fe2136bf9c36653eea3c7d947d
wqp,wqp:21FLSFWM-L001,1996-09,ANFIS-F,20260815,07b500f5e864881452e55714fe7047dbcc1faa2f694aa1afe63c3030a015b0cc
wqp,wqp:21SC60WQ_WQX-B-339,2006-08,ANFIS-F,20260815,07b679a7b6fbd05500651a9c0db94d58f8b429400fd59ec4950ed51ae8fd1fd5
wqp,wqp:21SC60WQ_WQX-S-311,2017-09,ANFIS-F,20260815,07b729fee1c045855067b04fb7df6cd4f45e6fde49d21501f018453d299acabd
wqp,wqp:21SC60WQ_WQX-SV-236,2014-01,ANFIS-F,20260815,07b7eeb8065fde85e93066b78ffbf7a8721f13da5d6b5fe046db7c5ede663b74
wqp,wqp:21FLSFWM-KISSR0.0,1989-06,ANFIS-F,20260815,07b95a20dce413f0555413858a0e9cee398d2d2e18fad96312c895dc9f121c32
wqp,wqp:CPNWATER-WW#3,2013-01,ANFIS-F,20260815,07bd996a2bb2dc664a29f5771b7648631e52edb5639b68cfcb785bb9f2412229
wqp,wqp:MNPCA-25-0001-00-232,1999-08,ANFIS-F,20260815,07bfc5562306367e62e9f6aba2ca515d65132eca00637b851eb45f22fac6d035
wqp,wqp:21FLSWFD_WQX-23624,2008-07,ANFIS-F,20260815,07c225b8c820ca416ef578dd70cd9372702791dd037cf8aadb399e813f02429a
wqp,wqp:21DELAWQ_WQX-307171,2011-05,ANFIS-F,20260815,07c34092c06abfabfface702cb1c1af15c5bf55ace34d82ce671c5c4f4439591
wqp,wqp:21FLSFWM-E04,1986-06,ANFIS-F,20260815,07c471b454a50b35b80b201a60f2ca7ffa585ca40e4dc10dafdd012150ed4224
wqp,wqp:MNPCA-62-0055-00-201,1994-09,ANFIS-F,20260815,07c4cb96a1ad9f71b0e3d539b254bb8d0ebb338f80fca28a37997c90de6b20a4
wqp,wqp:USGS-0214157625,1993-07,ANFIS-F,20260815,07c6209fb236e7bab716063f0cc668686639be7d1c0080c08bf9ce3705b1baa9
wqp,wqp:21FLSFWM-C03,2003-07,ANFIS-F,20260815,07c62f30aa4367b83d1e7031248bfa2afc2c61eb8b35cbc4bc26c045028072e0
wqp,wqp:MNPCA-02-0075-01-204,1986-09,ANFIS-F,20260815,07c8ce799078715cc2ad46feb73969d588bc3bb775456d12757b3374a35414d0
wqp,wqp:21DELAWQ_WQX-205211,2013-08,ANFIS-F,20260815,07c91d707fccb3821a4431c1336e22050cfb90668a69282b535983f9a851bf72
wqp,wqp:21SC60WQ_WQX-SV-339,2009-04,ANFIS-F,20260815,07c9eed26802e569165fe3696a576bc126e7836f510425836abb8111f3e9ff25
wqp,wqp:21VASWCB-2-XDD000.40,2008-02,ANFIS-F,20260815,07ceacea7a9e42b6e9970cd672b8dd626b8c3449f028c0a0fffd1763d2b8ba77
wqp,wqp:21AWIC-81,2009-06,ANFIS-F,20260815,07cecc56c01e8c0c47e513d446dd8a3eca4ec4203d2b9c88911e2c9a49eeaf64
wqp,wqp:21FLSJWM_WQX-44592,2017-11,ANFIS-F,20260815,07cf7ea117fe5483168b51ff8455160b4812149de87746c53da6ba05850d8667
wqp,wqp:21FLSFWM-A03,2007-04,ANFIS-F,20260815,07cfc1b8ba743cdaf48472f9b16d9ee2d464e05acc112f2a96750b878d6cd203
wqp,wqp:21SC60WQ_WQX-B-327,2000-11,ANFIS-F,20260815,07d2f0f4a8697efb06fd59ccc1e95921ab33e22f290cc353ca2cca7ed1eff409
wqp,wqp:21FLLCPC_WQX-YALE,2011-12,ANFIS-F,20260815,07d71ad0d9c22a1f1f873f4e2d943b711cf96f9141d2b77cd469dca49139a5da
wqp,wqp:21NC03WQ-YAD169E,2006-02,ANFIS-F,20260815,07d78c36f9421295e5e87abed1516cf5d64b8825e5a94d574019f1edd23f3069
wqp,wqp:MNPCA-25-0001-00-225,1998-02,ANFIS-F,20260815,07d800624deac1390b9aa31b939d301e69728cafc097d1245bbf980fd9376f10
wqp,wqp:21FLORAN_WQX-HB70,2018-06,ANFIS-F,20260815,07d8cca3252823e5c9dee3c35055c44ec6c98feba5b4eda24ad18f1559d3b10a
wqp,wqp:MNPCA-86-0297-00-201,1983-07,ANFIS-F,20260815,07db14706d8ede7b275db772de8fec8999c30701b6f313f0314da592c079ecee
wqp,wqp:21DELAWQ_WQX-303331,2016-06,ANFIS-F,20260815,07dd5117f5203e1fad108e8325948746826a2a2244ee81893da1931f326e2ad0
wqp,wqp:21FLSFWM-L003,1978-08,ANFIS-F,20260815,07e110c1d8eb1c197c12ac429b57d6e388acb4ddbf4fe7c5ef16f6066ecd4ebb
wqp,wqp:21FLSFWM-MH16000,2003-04,ANFIS-F,20260815,07e37225f39369ff3491f797c559c15ffe0ada98155a2777635f55d90074bc16
wqp,wqp:21FLVEMD_WQX-SJ17,2016-04,ANFIS-F,20260815,07e4d1e79c149283efb8de83ead872c503c5e3ebc2d199f8b38be662f8e8b36f
wqp,wqp:USGS-423659088354401,1991-02,ANFIS-F,20260815,07e7389c2cbcae97e21bcd1d026f6a2230b8635243ab4ce64faaacc5f550e36a
wqp,wqp:21FLSFWM-LZ2,2004-11,ANFIS-F,20260815,07e7f2b6f9dd6a2059f0671130544a730a92d54c984c273100cb152b3fab4f24
wqp,wqp:21FLSJWM_WQX-105729,2017-01,ANFIS-F,20260815,07e86caa49e05084e5ff5478a84d3259487768cdddcbc70624f0f71328d4af20
wqp,wqp:21FLSWFD_WQX-23631,2009-04,ANFIS-F,20260815,07eaa69c057f6c6f2d62271f24df1c90a1f4d8c836675bbfc372d60309b585a7
wqp,wqp:21FLORAN_WQX-CC13,2005-08,ANFIS-F,20260815,07ef56742568877a4b3551769c6d09cd9b326593a22b8601749abbee18d7e473
wqp,wqp:21FLORAN_WQX-BC6,2010-10,ANFIS-F,20260815,07f236f63be266c81c8ebf978787ed5782e51635e0f78bfb87fbb245c5478d3a
wqp,wqp:21SC60WQ_WQX-S-024,2009-04,ANFIS-F,20260815,07f2d0c7e35eed3c20fab2a960e426ff97dde5e6c7bb701a0e8377b51f412c7c
wqp,wqp:MNPCA-10-0042-00-401,1999-05,ANFIS-F,20260815,07f32443c941cd264830c81705ffb333e523abf8252a1d8e248e91e84d627492
wqp,wqp:21DELAWQ_WQX-205181,2007-02,ANFIS-F,20260815,07f558e94222ce29ab3f9e5b7136af6346433cd0c701737bf7165c2639f06ac9
wqp,wqp:21FLSFWM-E04,2008-02,ANFIS-F,20260815,07f75cd5707337328b20d397c378f3c80d5bd5b9a3f213f24cf6e691b4c38f0a
wqp,wqp:21FLSFWM-KBAROUT,1996-12,ANFIS-F,20260815,07f81956125ff6afc3c9fec6809f17ac93b18c19c332b0a7fa0bfa456ceacd10
wqp,wqp:21FLSFWM-PELMID,1989-08,ANFIS-F,20260815,07fb25ffb8d5bb0a94b29201e601895206ed6a7bae4bc8c49d832fa5ad530adf
wqp,wqp:21FLSFWM-E02,2005-11,ANFIS-F,20260815,07fbba0248c52f36fac5b8e6092a4c9216a00efb4a4c0c6dfc56dd7389a41991
wqp,wqp:21FLSFWM-RITAWEST,1990-08,ANFIS-F,20260815,07fe53f2114fa9eecdd4d07b6753c87bd22d8fd71db88353c9b8e50bc27c90b1
wqp,wqp:21FLSFWM-L004,1987-04,ANFIS-F,20260815,07ffe60374f64f1dea4788abb72e58f587cdbde2b6d1ee3a65ec747bccabf48d
wqp,wqp:21FLSFWM-D02,1997-09,ANFIS-F,20260815,080199fe3c83ee09afcd74334c130a29172ad1ae256eb04c00a69f9bc4de5004
wqp,wqp:21GAEPD_WQX-LK_12_4048,1990-12,ANFIS-F,20260815,0801ccd0c400cc9a437c0d00fa204e185eccd6841a5397e064e2c90b70524f12
wqp,wqp:21NC03WQ-CPF081A1C,2016-06,ANFIS-F,20260815,0801fedfac77e8db7ed14d57b5b29bb475a2694e8fa29dc162fbc299af06bf13
wqp,wqp:21DELAWQ_WQX-308071,2006-10,ANFIS-F,20260815,080220b61bcf74f656d6ada875e92ead2115278375e220d99843c97b1d228f29
wqp,wqp:21AWIC-23,1991-10,ANFIS-F,20260815,0807f42d9b43d7dd13df237380c3a83880a4bbd2f740c30525aa812e106d16e3
wqp,wqp:CAPECRD_WQX-262,1998-05,ANFIS-F,20260815,080c56bdbaa36ad6887c162382686a8599d73a213f690b1a73d1bd27d8fcc5f0
wqp,wqp:MNPCA-62-0054-00-101,1988-09,ANFIS-F,20260815,0811071a08658a9d74606c951c7553a5467fb383b1cab26cacbdc4e1eb3b2d51
wqp,wqp:21NC03WQ-CPF086C,2017-11,ANFIS-F,20260815,0815c68c6072a24647d7de1767baa81c4c70a587317b8adef709448c1ec9c327
wqp,wqp:USGS-07049187,2009-03,ANFIS-F,20260815,08184eb460075afdab00d76a960985d179f56b63fbd751aac3a9d17c9f680eda
wqp,wqp:21NC03WQ-NEU019E,2013-04,ANFIS-F,20260815,081a10c2049304a6bb2c893017c0dfb27953d8e0ed1ee7af28e4f1450bb9693f
wqp,wqp:21FLSFWM-L003,1993-05,ANFIS-F,20260815,081c266df2fd264f78f57263ec858dd28cf85dda5fff3f4704aa3aad3b702e0a
wqp,wqp:21FLSFWM-E02,1984-07,ANFIS-F,20260815,08248ed5a0d412df790c830aee8981180abca54ffa249419f4089cdb2ef205b2
wqp,wqp:MNPCA-02-0075-02-203,1986-06,ANFIS-F,20260815,0827e88f130a5fa7b8a8ce0ede6b5c96168425e32db983617d9df57981bebdf8
wqp,wqp:USGS-423659088354401,2018-06,ANFIS-F,20260815,082ace2c39af406b43c381b1992926a7ceae21a531301a40b05b4c2c9924d971
wqp,wqp:21FLLCPC_WQX-YALEMARSHPK,2017-06,ANFIS-F,20260815,082de09d573940ca26637db316d2bb71fa0d8b12940388ba0fc1ce95f0e50fa4
wqp,wqp:21FLSFWM-STAKEOUT,1996-10,ANFIS-F,20260815,0832cfc13b6292b1629daa5061c41165c7aa45d0661286b90784d35f3fee921b
wqp,wqp:21FLSFWM-L004,1990-05,ANFIS-F,20260815,0834e2bcb1b3e576c3108345511ea1bc779a937a5d9a3ca10ddf1b9ae779634e
wqp,wqp:21FLSFWM-KBARMID,1986-09,ANFIS-F,20260815,0835846acf0dd02a4afb5c8800ea11db238795c05a09800d31a5cd245cfe5eca
wqp,wqp:21FLORAN_WQX-CC17,2007-09,ANFIS-F,20260815,083619bd705043816aec34611e62ee3f94913cb3fff578dbc5a93231e641e267
wqp,wqp:21FLSWFD_WQX-23477,2007-04,ANFIS-F,20260815,08370afba33fece4afc35f8869b19bebd59e42bd8577aecbbe69a683d16ce113
wqp,wqp:21SC60WQ_WQX-S-308,2014-02,ANFIS-F,20260815,0837e921fb49a0cc209d0de9d84b1afda320f09a9dcc35c5605cd58217512ff7
wqp,wqp:21FLSFWM-B09,1995-04,ANFIS-F,20260815,083af4c4c5e840e8e0e6d9be768316cc952ab5af53f7bb01c1ba0c150635d733
wqp,wqp:21DELAWQ_WQX-304321,2001-07,ANFIS-F,20260815,0843c88b5cf0fcb037c0da4ce1c6815d2f69601a1db6a83d7ed200b452d4e788
wqp,wqp:MNPCA-02-0075-01-204,1981-08,ANFIS-F,20260815,08472b5cec3a8bc187ab09ab1e316099aef1d583f863a24869a90db0d52c0208
wqp,wqp:21FLSFWM-B02,1983-10,ANFIS-F,20260815,08491ffb675e51ae0489eba9c29fb55eef44a3932420929fe374f7b221e6a5fd
wqp,wqp:21SC60WQ_WQX-SV-268,2012-11,ANFIS-F,20260815,0849c963484f533029e8b9e542f8d50aac0cae08fc5da4bef6d43544a012b3e9
wqp,wqp:USGS-02207414,2003-12,ANFIS-F,20260815,084a1161a4ad4b182cab01e133364fcb618fdb35ec00b5808da6817a7ceb14eb
wqp,wqp:USGS-295554095093401,2008-07,ANFIS-F,20260815,084aee6a6eda3c50b303301f44b77de4b93db84e172292c6df13ac7bf6bce6fa
wqp,wqp:21FLSWFD_WQX-23113,2004-01,ANFIS-F,20260815,084b8a1ff4b53db3647e146e6b6ad7c492f129866bba43043e43095f5c61a703
wqp,wqp:21SC60WQ_WQX-SV-335,2003-07,ANFIS-F,20260815,084d1cfdc59393e7218180bf505aaad2ba8085a7f87796caaf9c7f0de4941290
wqp,wqp:21FLORAN_WQX-CC13,2005-02,ANFIS-F,20260815,084fad002cbde8048686db5d02327b4f59f7fb44880264c5cd9d566ff0ab3eec
wqp,wqp:21FLSWFD_WQX-23609,2014-09,ANFIS-F,20260815,084ff1fd6b008b41b1936a2ee5dab99639d8d7703d89286bef5d58802362637f
wqp,wqp:21FLSFWM-TREEIN,1992-11,ANFIS-F,20260815,08510ab1d72c0ff2ed86752f3879d0ca19d776428608c31b78700687a96b4380
wqp,wqp:21FLSUW-ALL020C1,1990-02,ANFIS-F,20260815,085473d99e135e1f3967cdc6c0ee1b6f28a32a0a45163baba40e289540a74933
wqp,wqp:21FLSWFD_WQX-23458,2008-06,ANFIS-F,20260815,08553a5787384b454f9b6f756924f97b28da999612edf3b506f89d74e3ad43ea
wqp,wqp:21DELAWQ_WQX-304321,2017-06,ANFIS-F,20260815,08567ad9266b9e82451b295591d9bf4f2685091547fdf1c3ea7650159078493d
wqp,wqp:MNPCA-02-0045-00-202,1989-07,ANFIS-F,20260815,08567b663deec829b309d3a4377b99e0852a7a6e31e91c09e5d6d8ca7e4fc352
wqp,wqp:21FLSFWM-B06,1985-11,ANFIS-F,20260815,0857e15e3dea5147dc69c47a72cb904ad0b0ca6d73714d88ad2dc04af0c4cab2
wqp,wqp:21FLORAN_WQX-CC18,2006-03,ANFIS-F,20260815,0858b3edff67c58eebcc92ae335c484dcc8cb190bd2ef6d04e6c752b5744278a
wqp,wqp:21SC60WQ_WQX-SV-098,2002-07,ANFIS-F,20260815,0859037377c184dcfb0191acc39d900bffb84ccd7d1b80754e9063e975bf10d3
wqp,wqp:CAPECRD_WQX-262,2013-06,ANFIS-F,20260815,085b388c7035f9b5e523ed6f98debe8231021275442bfb9d77d29b315a8e6275
wqp,wqp:21AWIC-81,2018-02,ANFIS-F,20260815,085bfa87c0d701a4b5ffabd8d6181841288963f13cec3125a24bc26f8908f5c0
wqp,wqp:21FLSFWM-B08,1984-01,ANFIS-F,20260815,085d19f2043905f74de42225ddff88b100ff8658521e8b9d4240d16cbfb48334
wqp,wqp:21FLSFWM-PALMIN,1993-11,ANFIS-F,20260815,085f79947a8013be434696014ec5d5e159ad20d66461c007ebc3e197255b0bf2
wqp,wqp:21DELAWQ_WQX-208211,2017-05,ANFIS-F,20260815,0861960396f1b06ec486d881d4690c23ef6117cb3271640066c85c1a7a22c125
wqp,wqp:21FLSFWM-TINOUT,1991-05,ANFIS-F,20260815,0861da36d360c6812815209b639679c17fe45946f5b92af68f82947fec524ee0
wqp,wqp:MNPCA-62-0013-00-201,1976-08,ANFIS-F,20260815,0861f13a2a3ba2cfcdcb02b8684ec47e5022141df17d9e75889cf415ca0593d6
wqp,wqp:21VASWCB-2-XDD000.40,2010-02,ANFIS-F,20260815,0865ed7c9685e7d50f0ee47b461e022356d0e95f3344de8583fd4b9985e511b1
wqp,wqp:21DELAWQ_WQX-208181,2008-10,ANFIS-F,20260815,0868c240c0a571f52a2af38b11307762144b62368f88070d2586dfdcd143acb2
wqp,wqp:MNPCA-62-0055-00-201,1990-02,ANFIS-F,20260815,086e01fb5d3b3447db3ef2df952829db65f4a61452cb66343ebc7272fea49618
wqp,wqp:USGS-295826095082200,2014-02,ANFIS-F,20260815,086e0c1c7f4688c48c2cd34ac67c6c084c6b5b8ea855334a9f542b633876271d
wqp,wqp:21NC03WQ-YAD169A,2011-08,ANFIS-F,20260815,086e93ee2bd3cb1bf4f24d0b496602a201b8ba6cfa11bbb33cbbf7382fd207cd
wqp,wqp:21SC60WQ_WQX-SV-236,2005-08,ANFIS-F,20260815,08700a4e171c709b2c08015d860e04afb260fb26ee51aef8070a0e4e18ad70b3
wqp,wqp:21FLCOLL_WQX-LKTRAF4,2018-04,ANFIS-F,20260815,087087d5669cc46d0025e8aeacdd73eb12ec64a0eb0045f8cd2149e70f9cf405
wqp,wqp:21FLSFWM-KISSR0.0,1990-12,ANFIS-F,20260815,0871b169797d6271e1c1ec5e1aed4571bfabf9dd6047d805d3d7ed27694d86c7
wqp,wqp:21DELAWQ_WQX-304321,2018-10,ANFIS-F,20260815,0874577ba2f4b7cc06a3d1a0747ee54c2fca8feb0fd64744c47570891722426c
wqp,wqp:USGS-423556088365001,2006-09,ANFIS-F,20260815,0875ec3497fbceb6f3d2a96cd3e34329e8c4e5a25f4d3c0b7cfff64ebe617a38
wqp,wqp:21FLSFWM-E04,1989-07,ANFIS-F,20260815,087ee18207c2ea96a6562e35e695da6389f7cf623c788312673ac51ce4dc8293
wqp,wqp:21SC60WQ_WQX-ST-032,2006-08,ANFIS-F,20260815,087f22f4384a79b23bfb50b10c055be658665dedb3d35e085ed14b736079df2c
wqp,wqp:21FLLCPC_WQX-GRIFFINTISH,2013-03,ANFIS-F,20260815,088260d77fcc0cee763e2224e197a2e376de3a99a08798568714294550d01421
wqp,wqp:USGS-02207414,2006-07,ANFIS-F,20260815,0884676329ead34250283388474710b450a9dc7082b9fdb9ad077851341eef9b
wqp,wqp:USGS-07048910,2014-08,ANFIS-F,20260815,088631686ecdc417d2f2958bb4a6098ed86dcc7976910cf4d0c3c1e6b1c8c762
wqp,wqp:USGS-07263299,2009-11,ANFIS-F,20260815,0886bbbd2afcca813b56b73a808438e539efe5a00b202b24d9ac4cb3481f91b5
wqp,wqp:21FLSFWM-MH32000,1997-12,ANFIS-F,20260815,0887fa34845a84e7bd5c8d011926af523232431d6314179334aefd477c47602a
wqp,wqp:21SC60WQ_WQX-CW-207,2012-05,ANFIS-F,20260815,08881d6e7830d511feac48910e3ba1b5e3ee01baa7abcc33c570e3e08b08fa81
wqp,wqp:21FLSFWM-TIN16100,1997-03,ANFIS-F,20260815,088cd487042c881b8708c9ba0a61bc7f5404cee85b77e25f3a37b175d510dc52
wqp,wqp:21FLSFWM-RITAWEST,2007-02,ANFIS-F,20260815,088d52b1bc953f403a1ebb86aa27c2203ecae8b41138888b9e62dfe3d1378d4f
wqp,wqp:21FLSFWM-PLN1OUT,1991-07,ANFIS-F,20260815,0890a293c60cebb9a85f20a6dbda605846a9719a7c91aa2f5c0083d02a5f9631
wqp,wqp:CAPECRD_WQX-262,2005-06,ANFIS-F,20260815,08923ef1c1326a52863fe54de85511895d01b49113c4f719f79a2f05f0c613c6
wqp,wqp:21FLSFWM-L001,1985-11,ANFIS-F,20260815,08939b7903326563998233e008d418ea6617ed62247173a31ce845d3bd38f52f
wqp,wqp:21FLSFWM-LZ42N,2008-07,ANFIS-F,20260815,0893adfe14dfc959f671f52eb9e7e1a483b00f35079cfdacaa265549cb4753cf
wqp,wqp:MNPCA-62-0055-00-102,1985-09,ANFIS-F,20260815,0893c09fc3c5b85f6b7ea2ab3540b14fe147a058146b28396184d2f39f8c45c0
wqp,wqp:21SC60WQ_WQX-CW-197,2018-06,ANFIS-F,20260815,089637e3a62b202631180e32afde6533090bc22507b38dbf0b6a96b1b8e8700b
wqp,wqp:MNPCA-62-0007-00-203,1985-06,ANFIS-F,20260815,0898a882b99483933be55c990c1ca2ef8ca320a29fcc1be6227607d0900633cd
wqp,wqp:21DELAWQ_WQX-205181,2011-08,ANFIS-F,20260815,089b55daa27308e664deacf5fb9dbe4f94763475cdae3f2d2ddcbc273a667b8b
wqp,wqp:21FLSFWM-PALMOUT,1992-09,ANFIS-F,20260815,089beb9dcc7e2ca1a098ea90bc7f2a431565d395ca92a8c05ecac0e16e73bdc7
wqp,wqp:21FLORAN_WQX-CC6,2007-10,ANFIS-F,20260815,08a0afbe22c30bb5484f3dc4dcc7d83b666c8e138ee5b04bbc3772028641d7ab
wqp,wqp:MNPCA-62-0055-00-201,2012-06,ANFIS-F,20260815,08a1868f6baf7538ea5bd481c31c1a9955ae32119145d2aad1ba5514dc5acc6b
wqp,wqp:MWRD_WQX-MILTON3P,2009-09,ANFIS-F,20260815,08a3e21068dcda6be80640d246d1e468be71b1aa37102698961915ef05e2e878
wqp,wqp:21NC03WQ-NEU019L,2015-08,ANFIS-F,20260815,08a4bb023cd240f64de2dafff9add4ea62bdaefdac9d957ddb3c5128410a4365
wqp,wqp:USGS-423659088354401,1989-04,ANFIS-F,20260815,08a57f39cbd4d3ca1c3194ac9b50efd2d0ee7040e587483d396ae4e52eedc836
wqp,wqp:21FLLCPC_WQX-LKSILVERSHR,2005-04,ANFIS-F,20260815,08a5aee5021a7a53693693e2d48ce509247bea13fc5d7f4afd0a9a32640832d0
wqp,wqp:21AWIC-81,2014-10,ANFIS-F,20260815,08a701dcc82741f08acfaece93f87a223c5396111801181f13df995656ac4f90
wqp,wqp:21FLSFWM-B02,2005-03,ANFIS-F,20260815,08a80be2fff66cf820ab3c2af2d0bb904441ddf8137b5049de730c59e72b9160
wqp,wqp:USGS-423659088354401,1993-11,ANFIS-F,20260815,08aaca8ec4849b9f63c74f8f932f186baf463523bea72c2dc16a2118c766e2bd
wqp,wqp:21FLSFWM-STAKEMID,1987-02,ANFIS-F,20260815,08af8b94259155b7a21403dd5fec943a6ca0216da692ca3b7085c958e16489e5
wqp,wqp:21FLSFWM-POLE3S,2002-10,ANFIS-F,20260815,08b0007d1094eb6a06803d72a3b8da5acc3547e29f64ee1403c0d7a3aefddf84
wqp,wqp:CAPECRD_WQX-280,1995-03,ANFIS-F,20260815,08b57d17eef3a9332c5c2797c17fb6145204bfcd974b2be22f8144c4d8660a2d
wqp,wqp:21FLSFWM-L003,2004-01,ANFIS-F,20260815,08b996fe776fc1e835cb9fbacf0d363d767bc3c95d1483b3b9061612fc82af95
wqp,wqp:21SC60WQ_WQX-B-339,2018-08,ANFIS-F,20260815,08b9c68307d83af6d4ab1b6a7e6d5586e8f7678bcc5c72b2165623f5f9947ff6
wqp,wqp:21FLSEM_WQX-SPR,2014-09,ANFIS-F,20260815,08ba8b680276aeb4ec0c84210c6864c700d1f96b4d32f168ee74796863cb6c41
wqp,wqp:21FLSFWM-LZ2,2002-02,ANFIS-F,20260815,08bcd7b04b2c4eec37c5824ac572ef7b11fdf2433fbee581a3307ae0dc4e584a
wqp,wqp:21FLSJWM_WQX-442129,2018-08,ANFIS-F,20260815,08c02c47480f98aba4d266876c8ba75d532cf1ec96c9e77195e9e13fc214047a
wqp,wqp:21FLSFWM-L003,1992-09,ANFIS-F,20260815,08c158833a4ab548bfba98cfabf00455dc440129c13db86916bdf204e858efd9
wqp,wqp:21SC60WQ_WQX-SV-200,2004-01,ANFIS-F,20260815,08c2fdf3839d235160056cd8e9cff3624b3600bb5dafa897e01c6eef3fb758aa
wqp,wqp:21FLCBA_WQX-WAL-DEER-1,2018-10,ANFIS-F,20260815,08c3ae24913baf3ec852f31b8eed9e0396cad30f516cb17a9b2c2e3519eb2d4a
wqp,wqp:MNPCA-86-0252-02-207,1984-09,ANFIS-F,20260815,08ca15ddd315e4eccd9f24e64dba20ea4f5e8fcb2985008ea8891cf91accd685
wqp,wqp:KAWNATON_WQX-KN-KL-005,2009-09,ANFIS-F,20260815,08cb7a5bc2a940119deafa7ef9f4286604057833869e678c4d05193e82953c42
wqp,wqp:21FLORAN_WQX-BC14S,2005-10,ANFIS-F,20260815,08d0549317e5b8ece4ed1e46fb44ef5a8e4e91a490d2306dd577bc1babef146c
wqp,wqp:KAWNATON_WQX-KN-KL-001,2011-10,ANFIS-F,20260815,08d365c41a47abc3d9b9d123cead7d5f2dd6bc33dfa899d8dfa5ba00e3a234d3
wqp,wqp:21SC60WQ_WQX-SV-331,2005-03,ANFIS-F,20260815,08d366791597a8654150593058f145b7684e9e0c2ebc6453550e3e6f05d1520a
wqp,wqp:21FLSFWM-B03,1982-11,ANFIS-F,20260815,08d70c6f1c3ff04798a0b10ad3c19504bdeaf1fbbb1d7a91503cf1312f8f6a20
wqp,wqp:USGS-01201700,1982-01,ANFIS-F,20260815,08d72d2ccd0a8ab7f237de33ab556614df16b1ed56769439b52c13611f902e94
wqp,wqp:21FLSFWM-POLESOUT,1995-07,ANFIS-F,20260815,08d812cd32b9001fb371a1ec548f386ded333689ba6f93e12109b787043dc326
wqp,wqp:21NC03WQ-CPF087B3,2001-01,ANFIS-F,20260815,08d99800629fb3ebd6dde2f3c86fa37f41ecc10f58e753a2b78f57b715875d33
wqp,wqp:21FLCBA_WQX-WAL-ALLIGATOR-2,2018-04,ANFIS-F,20260815,08da27f091bd5105c753a90fca7615c12604fa811ad49a0611826bfbc52a7718
wqp,wqp:21FLSFWM-POLESIN,1989-04,ANFIS-F,20260815,08dbf5318ba2b40841e0b45748d56932538b736ac19bc1213ca728257d570c5e
wqp,wqp:21FLSFWM-KISSR0.0,2003-05,ANFIS-F,20260815,08e0a30be85dc8b134f9f25ef76fadf1f36015d9ab720c1c0239ad67ca8e7325
wqp,wqp:21SC60WQ_WQX-PD-327,2011-03,ANFIS-F,20260815,08e143160e5714972edd8332b58cd0c238b63985c4c75bdf1a93cf962e907719
wqp,wqp:21SC60WQ_WQX-PD-327,2015-03,ANFIS-F,20260815,08e162a4b178d1f1ec55af22f8633dd3c2464011609ae69e80f046d875e7f879
wqp,wqp:MNPCA-10-0007-00-201,2012-02,ANFIS-F,20260815,08e268ceaa55d9fb2be12bd5cd6784d31468ffe7c66d21e15a996d06a54bbce1
wqp,wqp:USGS-0214196095,1993-11,ANFIS-F,20260815,08e41dd073d86a752d021ed058a66bec2ab149828b4a328676c9747a5f48236d
wqp,wqp:21SC60WQ_WQX-SV-339,2006-10,ANFIS-F,20260815,08e59e3800283eea00ef8241d2250148262c08c7f4b41f284c146084fe451a96
wqp,wqp:21FLSFWM-L005,1988-03,ANFIS-F,20260815,08e84407dd80c38817361414c4e1082b1449ffea8f8ef37cceb2bf0aef1edc93
wqp,wqp:21FLSFWM-L005,2003-09,ANFIS-F,20260815,08ea58559bcc0aad6303001e71c4dfc98ce1315dd35f036b77038a4637ab2925
wqp,wqp:MNPCA-62-0007-00-203,2012-05,ANFIS-F,20260815,08ebbb4f7a307b24c82b51b2463de654b4114575a14d653e4127f3ea25ece4a9
wqp,wqp:21FLSFWM-PLN3OUT,1988-12,ANFIS-F,20260815,08ee32bfb1860d83365c40e3b41370fd51eeda80e377a2436c34276966ccf87a
wqp,wqp:21SC60WQ_WQX-SV-372,2015-04,ANFIS-F,20260815,08fb722b57de1f153de27f43d2515f093811a5b9899c0771be4f86bd2ff23345
wqp,wqp:MNPCA-82-0046-00-203,2008-09,ANFIS-F,20260815,08fe3432c7c785b936177b5fcdb3fb93265eb31e3898742bc9466eefc4bd09d7
wqp,wqp:11NPSWRD_WQX-SLBE_PL_01,1996-09,ANFIS-F,20260815,08fe667d16b09456cdb47deb05b02ce56da0f80ffc57cfd2e2e61f130a814b6c
wqp,wqp:21GAEPD_WQX-LK_12_4048,1991-02,ANFIS-F,20260815,08ff2c550d723de07b4fb80e8db60bf1de99492b7939fb0d829b7192b244b0de
wqp,wqp:KAWNATON_WQX-KN-KL-003,2010-02,ANFIS-F,20260815,08ff326e750343a9139d1474cf4b7aaf5e7053882fa3996c58a401ecf77645d0
wqp,wqp:21DELAWQ_WQX-109131,2014-05,ANFIS-F,20260815,08ff5ea83fc151e3e6beba0f8960267521b491e88488b65bca978f921bb3bb6b
wqp,wqp:21SC60WQ_WQX-B-327,2005-09,ANFIS-F,20260815,0902e3ef59f95ac0b6be9134898fbd127e19f1bb0d03b34a76b989d9d21d6d1a
wqp,wqp:21SC60WQ_WQX-CW-033,2017-01,ANFIS-F,20260815,090769575d71a3d3706274468b01c72346a2336e6e6d6c40bdb86e115eca5432
wqp,wqp:21FLSFWM-B06,1983-01,ANFIS-F,20260815,090774af9a4ff29320244e454aef72d17c1b5b91123561e0a6e9ce91f21c3417
wqp,wqp:21FLSWFD_WQX-23467,2008-10,ANFIS-F,20260815,0908e57644e69804a7d57a0b91b3d49236b32f93118243ce8dfdafbd148bc039
wqp,wqp:USGS-07048910,2003-01,ANFIS-F,20260815,090b44a88192e0b09f5043606b5a58cd44ce1f573ca2b833bed3772399cf56ff
wqp,wqp:21FLSFWM-OISLAND,2004-11,ANFIS-F,20260815,090c110292f0229dbdef895d75e4f9c66572569ed00474801e380cbe69bd40f8
wqp,wqp:21SC60WQ_WQX-S-024,2009-06,ANFIS-F,20260815,090c6edfb0f996315badb8232ae2dc253b84ec6a0069fa14ab181f4eddfed3ba
wqp,wqp:21SC60WQ_WQX-ST-032,2008-08,ANFIS-F,20260815,090ef63bf3133b7469f897c659da3bf429e0dc00fbc4e963e1b7524e38d0615c
wqp,wqp:21SC60WQ_WQX-CW-231,2012-02,ANFIS-F,20260815,091156d8f1466f78e621c53fc407ca10aa436622031b95d30207fd8454888c9c
wqp,wqp:21FLSFWM-LZ30,1992-11,ANFIS-F,20260815,091478b3262bf209496f8183f30553961ab166a973509893fc76f241bef00b0e
wqp,wqp:USGS-072632992,2011-05,ANFIS-F,20260815,0917a765a0d0b5d3a30415f121001c649f2d7514848141ffaaf571abb9c77771
wqp,wqp:USGS-07048910,2003-10,ANFIS-F,20260815,09180a77c2600e41327314ba6f40ff6a9eac4c6b907985240b2b0e1de14ef56b
wqp,wqp:21FLSFWM-POLE3S,2005-07,ANFIS-F,20260815,091b3000395986be41c4fe7fb94f1882f4ad0cbbf864ce016a435baee6c89d04
wqp,wqp:21FLSFWM-KBARMID,1988-04,ANFIS-F,20260815,091dbdec5a65a172f686393bd3cca3fbc27ab84142a43e9355201d9960917c4f
wqp,wqp:21FLSFWM-TREEIN,1997-03,ANFIS-F,20260815,091e032cff132824ae3325a0649f49f5a5fa5cc050ef60327e1e5b4a13aee1ad
wqp,wqp:21DELAWQ_WQX-109191,2012-01,ANFIS-F,20260815,091e80e7d552ad5b0fe8121a22b5af0fa51390920bed88124afc6e7d78263a27
wqp,wqp:21FLSFWM-B01,1981-10,ANFIS-F,20260815,09220cc6f50f04d2a89d98df29b7d6c9cc79387ce56d266dc080dc2fae42e1de
wqp,wqp:KAWNATON_WQX-KN-KL-003,2008-08,ANFIS-F,20260815,0925efa2a626cac2846bb5e6f8f33d8d8c22110abc84af27bad5466d0943fbcd
wqp,wqp:21NC03WQ-NEU019L,2016-04,ANFIS-F,20260815,0926e65cef77d3a634da1c55923069ee5cc954cd012a7b4719b0a4b8c0e738b1
wqp,wqp:21FLSFWM-OISLAND,1999-02,ANFIS-F,20260815,092a55dfcb2929035f480a337ebf853d2748d9f7907b5adb81961c11080a1fd2
wqp,wqp:21FLSJWM_WQX-44645,2018-12,ANFIS-F,20260815,092dc6178b91c3fe15f9678370d9448ddf91776472ceb5b992fdcefc64ab2235
wqp,wqp:21FLSFWM-E02,1982-04,ANFIS-F,20260815,09320975a53363fbe2d79536e6bbc03a9ed5d6cbb4438125dc148632c2c5dd49
wqp,wqp:21FLSFWM-L006,1996-07,ANFIS-F,20260815,0932b76bafb024bcd854dcb786579d1438fefa2458e38d892265616e6d6ff43f
wqp,wqp:21FLSFWM-LZ2,1995-02,ANFIS-F,20260815,0935b135b3c99775407afb43df89a662d42f6d1b3bc53664feb4c6773ad7901a
wqp,wqp:MTWTRSHD_WQX-GTOWN-LK-01,2010-06,ANFIS-F,20260815,09373bcd8026e631ec7d311eab1896f77121d982d8d540d59010f2b7ccd05b85
wqp,wqp:21FLSFWM-TIN13700,1999-06,ANFIS-F,20260815,0937be71cdd1040fb01fd905167e0de6723ba9ce9921526c950c8a54feeec098
wqp,wqp:21NC03WQ-YAD169E,2011-09,ANFIS-F,20260815,09391c62819dcf5451e47f85912faed5cb08df590a78377e8f16c92e5971ef64
wqp,wqp:MNPCA-62-0007-00-203,2011-04,ANFIS-F,20260815,0939ea2d970d1bd61434bc336c341a733da7476b4fe28d502ff54db991a57473
wqp,wqp:21SC60WQ_WQX-SV-335,2011-06,ANFIS-F,20260815,093b458a9a467a5d08be8ebfbca7086678831ccbacde5580715e32a786db7ecb
wqp,wqp:21FLSFWM-L003,2002-03,ANFIS-F,20260815,093ba2acb15ffc8964f1636b6f50f3fe35b39d54fbce1ef1786a851c63fcbaf0
wqp,wqp:21FLSFWM-ISTK7,1992-07,ANFIS-F,20260815,093c889be43b6d32e3838ee5ff5a0494aa015dc2ebea3f8bd41d36d7c074b2e2
wqp,wqp:USGS-072632992,2010-04,ANFIS-F,20260815,093c8a501f7c5f30ed270f62ac28035305a62e4ae24fe79308a7c00f2f758848
wqp,wqp:OKWRB-LAKES_WQX-520710020020-01,2006-10,ANFIS-F,20260815,093d52c611c8351fb59418829cb021d0ff4905a6d4cf1e4ca156b56da6fcf881
wqp,wqp:21SC60WQ_WQX-SV-236,1999-09,ANFIS-F,20260815,093d8cdb6f0713e43833b1facd6ec4fc66cfe1290bbd4bad07d87ccc4c31a3f6
wqp,wqp:21FLSFWM-B02,1990-09,ANFIS-F,20260815,094159532146ccaa98d80b670d73aba7e9404143b7524f3f867a90f83efc916c
wqp,wqp:21SC60WQ_WQX-SV-268,2011-01,ANFIS-F,20260815,09424d6b6b11d8b4ee839ad3d3e1cf6d296f5c2333686f85f0af819c81001569
wqp,wqp:21FLSFWM-B05,1982-11,ANFIS-F,20260815,0942d68488f4e82ab038cfcfeb6ef00bce3cae52d231ce7170eb1dc7639b8db4
wqp,wqp:21SC60WQ_WQX-SV-200,2012-02,ANFIS-F,20260815,0944a3c49acc84f177d064d427192e309709fffdbe75d0846be0b3df23730663
wqp,wqp:USGS-01201700,1981-02,ANFIS-F,20260815,09453c03e9cc522c4381e13fa8b8156c399df8e6790086c332d38ddfc33ed1a4
wqp,wqp:21SC60WQ_WQX-S-223,2003-04,ANFIS-F,20260815,0945e38a08c4f725a866f2318cec0946cd4c8bbeab9270f1c13b4c4a2f5ccf84
wqp,wqp:21FLSFWM-KISSR0.0,1987-06,ANFIS-F,20260815,0949aa89ce8351f0e67074f6d41a5c59122e6fff757201991a258a73600b604c
wqp,wqp:21NC03WQ-NEU020D,2016-12,ANFIS-F,20260815,094a455002df081a5d2409177f99039913b34c1d14aa1f7b4681b5b288f42087
wqp,wqp:21FLSFWM-LZ40,2002-03,ANFIS-F,20260815,094b2e68f9156da8c447100a22689f18603842768f81ab249c9753a8b16c07b8
wqp,wqp:21SC60WQ_WQX-B-327,2003-08,ANFIS-F,20260815,0950cd48d91984e8bddad488089880d743d5763c7cfddb422e6ed423cb335310
wqp,wqp:21FLSFWM-LZ42N,1990-12,ANFIS-F,20260815,095153d64687f497fd636261351ce9683e038770baa0609dfe3ca8f3a5538ab2
wqp,wqp:21SC60WQ_WQX-B-339,1999-07,ANFIS-F,20260815,0951b6013c0aa92a0da74ec77e498c984b601ec0b9079f0cdf68d824468f9d67
wqp,wqp:21FLSFWM-L008,1986-04,ANFIS-F,20260815,0952335b6253d1d15aff4ee390b428702b39c4bf8766bae45f4e8b60c8d120a6
wqp,wqp:21SC60WQ_WQX-CL-089,2007-02,ANFIS-F,20260815,09528172f82fabf8fdb36af691816e72f5fb0e018818da778a28f5ceb711fcfa
wqp,wqp:21FLSUW-ALL010C1,1990-11,ANFIS-F,20260815,0957acc19729dd3cbce30b40a99fa2026ca7a218ea045d96f1bdf0163f108225
wqp,wqp:MNPCA-86-0284-00-100,1987-05,ANFIS-F,20260815,0957d11c73385a734d3d8507141e34ca31053b46bd566c3d8486f94686b9092d
wqp,wqp:21FLSFWM-B09,1987-04,ANFIS-F,20260815,0958c7d7939e00a41256364e85a585417c332bc9ebdd6eda7242e25e989cad67
wqp,wqp:21DELAWQ_WQX-308071,2003-05,ANFIS-F,20260815,0959bc29014ba0fb92077d46555b88f94d34d12143b23715a4a8aa34d5afa6e4
wqp,wqp:21FLSFWM-A01,1983-09,ANFIS-F,20260815,095a88a42070a99ca2be1b94ebbea3f86d68c95d76b9cf2eccc67d9a50153860
wqp,wqp:MWRD_WQX-MILTON3P,2013-05,ANFIS-F,20260815,095abc9fa13ac85421f7e2e9e8b386992a4c77f347b0e7d7ab02f1bd13c7f4ee
wqp,wqp:21FLSUW-ALL010C1,1990-02,ANFIS-F,20260815,095d869d08b8733150bd04ceca43891f80d1a57ff7da0d85a074de912451eefb
wqp,wqp:21VASWCB-2-XDD000.40,2016-06,ANFIS-F,20260815,095e486abd9591f179b95e5b7d502800cd88dab05afad01f60729b11ca7bd485
wqp,wqp:21FLSFWM-ISTK2,2003-06,ANFIS-F,20260815,095e74a15026fbb90e08b3563eed9a53d1ee50069a56c466bccb6bec00374748
wqp,wqp:USGS-295554095093401,2017-11,ANFIS-F,20260815,095f6fd548ff2028ae8fc01a0b0e1b7c8d2ecfb25585bb6fd502d1ba7856e70f
wqp,wqp:21FLSFWM-L008,1996-02,ANFIS-F,20260815,0960987ba5562bfcdaa83cf04b5b37f92106453cae51e8e89fffa39f2703fcfa
wqp,wqp:21FLSFWM-PLN2MID,1996-01,ANFIS-F,20260815,0962d1682790eed8d91ae3c6e43a2ec7b0cde501feddcad392a97819744628cd
wqp,wqp:MNPCA-62-0055-00-102,1986-03,ANFIS-F,20260815,09674ba6f7bb26f1d24fe56f41d84dbdd5052e4e8a17abb0ff81472a2068d77e
wqp,wqp:21FLSFWM-C02,1984-12,ANFIS-F,20260815,096780f40594b3509bc396f758f532f8bfedc87824b09dcbfaf3087524f867e6
wqp,wqp:21FLSFWM-B02,1997-02,ANFIS-F,20260815,0969b526b33f740d0c0081d5c73402a137e1ec3b6ff02f62cc5893451ffee826
wqp,wqp:21FLCBA_WQX-WAL-MORRIS-1,2018-04,ANFIS-F,20260815,096a2de7939965b83964e54badc765876335ccbf803886654a8a9abaf147a370
wqp,wqp:21FLSFWM-L005,1997-07,ANFIS-F,20260815,096af7565cfc2901e68a3e07f22c0aa308ced938933fd8087360b95d8c3000a4
wqp,wqp:21FLSFWM-TINOUT,1995-11,ANFIS-F,20260815,096b7b6db227c226ed3a979182fd5b962397553c596f9010929ba72bb62ae8cd
wqp,wqp:21FLSFWM-D02,1990-10,ANFIS-F,20260815,096b8deb967375b54b2fa6826914cd57b6ef34a39c81f37f86df6d090f002bd1
wqp,wqp:21FLORAN_WQX-CC11,2017-03,ANFIS-F,20260815,0970276244cf3c7f6996df79572a458e06728cf84f6605baf6a0dfa5bbfb0913
wqp,wqp:21GAEPD_WQX-LK_12_4048,2016-08,ANFIS-F,20260815,097032b0156ef978cd0d5a988cfd00233124272ff879dce86da1dcb9068255eb
wqp,wqp:21FLSFWM-TREEMID,1991-05,ANFIS-F,20260815,09785692177da9355e2700f32f3679de4d7660df3d1f25521a10a05ee2970464
wqp,wqp:USGS-423526088380101,2017-04,ANFIS-F,20260815,0979633940308be4a313cdb87a5b72a55375fe5ac77b8d8c7f13ee81cb0c0703
wqp,wqp:21SC60WQ_WQX-ST-032,2001-04,ANFIS-F,20260815,097e4bcd94f38f131b6ebf6b44023afa6b143cce79f7a94e08c047cee8fe8211
wqp,wqp:21FLSFWM-L001,1994-06,ANFIS-F,20260815,097f803054751d4f4a27044b0e49de2dfd9513d143e9f0458c6a281f4c7d6ea3
wqp,wqp:21FLORAN_WQX-CC9E,2007-05,ANFIS-F,20260815,097fec3ca90293b694d1b76f66d54d94d37855e7fb2d362bb00230dffbfe8846
wqp,wqp:KAWNATON_WQX-KN-KL-005,2013-05,ANFIS-F,20260815,097ff9ea375aa22892b5cc0c876baea7e81aae4663f797e51f83601c6bbaff7f
wqp,wqp:21FLSFWM-KISSR0.0,1993-11,ANFIS-F,20260815,0981da03a1d00a05fa2c8cd08176dd96a22f9859292fb18050d6d0c975641d2b
wqp,wqp:21FLORAN_WQX-CC9,2006-01,ANFIS-F,20260815,0981e3f4f04d7768782f935c08983077c4ce6dcbbb99ba6ffeb6c46b4950c5cd
wqp,wqp:USGS-07049690,2007-10,ANFIS-F,20260815,0989088e8f3eb1dce1ed7a7d380cdc7d8b20a8f602b67d97161e9df2c27c0345
wqp,wqp:21FLSWFD_WQX-23479,2008-12,ANFIS-F,20260815,098b0b6eec40eec56990d90e991661fa0772d84dd8a5f9253906bb45854f2550
wqp,wqp:21FLSFWM-STAKEIN,1990-03,ANFIS-F,20260815,098c83775f992e6240f60b232d20142ef6daa613470ce02cc682ce951c511ab1
wqp,wqp:MNPCA-25-0001-00-215,1997-09,ANFIS-F,20260815,098f0cf6c024bd330c4319926240a50b758dbc9a675bfe072e94964c42f26976
wqp,wqp:MNPCA-25-0001-00-225,1991-05,ANFIS-F,20260815,098f7c5349e7f2a739eacc4ecd2162e0ed663bf0d14a538c09a939e8f461d692
wqp,wqp:21SC60WQ_WQX-SV-340,2014-08,ANFIS-F,20260815,098fa3cacd0aceb5438d6ef51b6f2f3861f59eb313ba7671fc1930f340172287
wqp,wqp:21SC60WQ_WQX-SV-372,2014-05,ANFIS-F,20260815,09919e7bf36f0a1351349a29417599087c2033dc0b921ecaedb2a28f65b4a949
wqp,wqp:21FLSFWM-E04,1986-03,ANFIS-F,20260815,09941da824626e2777ba7b566d213825f75595a4d810db6c0dbc0deeaca504e7
wqp,wqp:21SC60WQ_WQX-SV-268,2009-06,ANFIS-F,20260815,0994830de0c2924bf65b1377029aedda98d93e8ae9d9683a19d1b4400f5c55df
wqp,wqp:21FLSFWM-C03,2004-09,ANFIS-F,20260815,099524f6b70fa895ede9ea5d3b45ac94cbfdc383edff4d8406ec954107adf6e7
wqp,wqp:MNPCA-25-0001-00-215,1998-02,ANFIS-F,20260815,09955ee7eae0c9aad671e3d25c47cb1ffd6233e41a51ed5fb83f21f7f7e70a31
wqp,wqp:21FLSFWM-PALMMID,1988-11,ANFIS-F,20260815,099fd53d26b4e69eeacee88d245504ab1d50889bd7221a3a762b5c0e4e5b0868
wqp,wqp:KAWNATON_WQX-KN-KL-002,2014-06,ANFIS-F,20260815,09a0b9134c1622172718143fd5b9249b668fec0001231c70ee9d280776f82101
wqp,wqp:21FLSFWM-B09,1985-06,ANFIS-F,20260815,09a2a544acacfe77f28fa3fdbcaa814602997d62f2ebf68c2925e9a20c20a028
wqp,wqp:21SC60WQ_WQX-SV-338,2009-02,ANFIS-F,20260815,09a448a48912228412d42728abd068bb0cdf4cb04a386427e3f845353d0248e8
wqp,wqp:21SC60WQ_WQX-SV-335,2005-05,ANFIS-F,20260815,09a47375a93acd4cbc62f13a4cf3b38f4bf53435868582af8f731b2441cc6bd7
wqp,wqp:21FLORAN_WQX-BC6,2015-05,ANFIS-F,20260815,09a570596075eb5e702c15cf991517d10fae4a6487158be6ab2cdeded6a9a8fa
wqp,wqp:21FLSFWM-E04,1992-01,ANFIS-F,20260815,09a5c901f4ceb057b74b4f3f61e10a7e7953f9e4906c7742a156b2bc4d6f5e9f
wqp,wqp:21FLSFWM-ISTK7,1999-08,ANFIS-F,20260815,09a5dd2be19fb644c18a4838ff0e36b052f3c19370a0466e5def39e1cd81219d
wqp,wqp:21FLSFWM-LZ42,1999-05,ANFIS-F,20260815,09a7a0c5749dc3bfb8ba0d61cf9304b3c07d0713e8f04e6ac5bd52f8d49c3a5d
wqp,wqp:11NPSWRD_WQX-SLBE_PL_01,1994-07,ANFIS-F,20260815,09a8048ecf5db1153c627523cc9bd5bd6dcfae5b29f9780de47d72482de6e185
wqp,wqp:21FLSFWM-B09,1983-07,ANFIS-F,20260815,09ae43d67c013c2eaed1fc3685a1ce3e716410404b190ee2234f0d2c1c3c9a14
wqp,wqp:21FLSFWM-KISSR0.0,1990-10,ANFIS-F,20260815,09b0a3a31073623fcd9cd35c9b931d28682454f166b5f21a6ee0f326fca46412
wqp,wqp:MNPCA-62-0013-00-201,1981-10,ANFIS-F,20260815,09b0b858ec5f0f78928acf5d4a7ddc07421cae9b999d98d43b00a84d3629348c
wqp,wqp:21FLORAN_WQX-CC12,2006-06,ANFIS-F,20260815,09b0fba5b1b7a2213a8a412b2443f8af02fc08dff4bb760fc0fcb6fa41635283
wqp,wqp:MNPCA-82-0046-00-203,1998-07,ANFIS-F,20260815,09b1c7187463f4e4be96d18ccce17614857dc0d8cda8c2dd40e3b37fb62ef96d
wqp,wqp:MNPCA-62-0013-00-201,2007-07,ANFIS-F,20260815,09b73000831c8050c86d3021960d098aa811345c7a8e7f0df1c6b25d9b75bf64
wqp,wqp:21FLSFWM-ISTK3,1991-06,ANFIS-F,20260815,09bc2a8e8f71db3b46fc7192910d98e5f5b17d2f52d82f853487e727df4ed852
wqp,wqp:USGS-07263299,1995-05,ANFIS-F,20260815,09c057bbbe9d0971c0044304f8184568d1864af179783ed1f2bc07e6632f34c2
wqp,wqp:21SC60WQ_WQX-CL-019,2001-03,ANFIS-F,20260815,09c0ed4e026f1ca25602455104307515c1444e77332a078e1b54021ccc3da60b
wqp,wqp:21FLSFWM-STAKEIN,1994-05,ANFIS-F,20260815,09c251beafe01b59d6f17c05d0c2a2f60288719d4d1f80c35e18aae507aaaffb
wqp,wqp:USGS-423556088365001,1985-08,ANFIS-F,20260815,09c2e55db604a7b1dd2004ce1163a754bceb72c070b23d01bea6fb90114149d2
wqp,wqp:21FLSFWM-MH32000,2002-07,ANFIS-F,20260815,09c345bd4d98192e2ba7c1b738b26ee1bccb61f0683b36911f105d7bb715c9f2
wqp,wqp:21FLSFWM-RITAWEST,2004-11,ANFIS-F,20260815,09c3f450e932511b0e15c15e1eb5ae604522770076c680b6d2f783981ae52481
wqp,wqp:21FLSFWM-L001,1992-06,ANFIS-F,20260815,09c488c622746569646a701da22b094947ffa688dcc10ce4219488b248f6d1fc
wqp,wqp:21NC03WQ-NEU019L,2018-02,ANFIS-F,20260815,09c5b28f36017aa8b55877a0b42472a743b6e79754cd24e7383228719ce8fe6a
wqp,wqp:21FLSFWM-A03,2005-07,ANFIS-F,20260815,09c6e38cf476893a53af16f190b2f273e954813e1da7b18ac1ab9668be6b8da3
wqp,wqp:MNPCA-10-0042-00-401,2012-06,ANFIS-F,20260815,09c788a05ae6f27f5207ed7d9c56e37c2d808910b6cc288bf9c994d4fb793106
wqp,wqp:21VASWCB-2-XDD000.40,2014-05,ANFIS-F,20260815,09cddd8bbf3833756511f93d93da493a6df21fe6f8d14469508bd9fdd3c25ad9
wqp,wqp:21FLSFWM-D02,2007-02,ANFIS-F,20260815,09cf52e604e4d9dc03554c2a6694ef061e79dce53b0c57801eae8e80c0e62bfd
wqp,wqp:USGS-07049690,1976-07,ANFIS-F,20260815,09cfc83acd36e1219a6bd41cb2ca79f9526abb1ba21994d0a1e3c93738faa9c0
wqp,wqp:21NC03WQ-LI01,2011-12,ANFIS-F,20260815,09d397a8fadd050611684075748365273c807783bd456f63ca247e0de089671a
wqp,wqp:21FLSFWM-L008,1984-03,ANFIS-F,20260815,09d435b2aa645ca254d6c3e72e6086eab6a97e4e895283be57ca5f002f8efc4b
wqp,wqp:21SC60WQ_WQX-CL-089,2008-04,ANFIS-F,20260815,09d452a6235c9ef2d47a2c4a656c5b3fbc6caae2058f788ed23921d6be0dd441
wqp,wqp:21FLSFWM-TIN16100,2001-11,ANFIS-F,20260815,09d563a2b636c807f3c9a603c163fa64ab9b4314ab4ce99a041990f6511ad743
wqp,wqp:MNPCA-62-0013-00-201,1981-04,ANFIS-F,20260815,09d7768bd864129a83f90380180d88d1e33001cce926fdff3672563ddbe589a3
wqp,wqp:21FLSFWM-B06,1990-02,ANFIS-F,20260815,09d77f9e0c4b406ef823b874265fa23f7631b2d34e85e5c4dfa9d04d1ef449f4
wqp,wqp:21FLCBA_WQX-WAL-FULLER-3,2017-06,ANFIS-F,20260815,09da339d13c965c3318a3ad8b9995a59b8a1790d644a2274f9da6e7eadd9ca10
wqp,wqp:USGS-072632972,2009-12,ANFIS-F,20260815,09dafde8c54457c78756c36a0212f34feb6021f1f74523ccf5343160a9236040
wqp,wqp:21FLSWFD_WQX-23624,2014-09,ANFIS-F,20260815,09dc3169c8be98d0aae7b636818fb0216b2ac4fc43dd38c1b501f098934580a2
wqp,wqp:21SC60WQ_WQX-SV-098,2000-03,ANFIS-F,20260815,09de9bf488068652e520d1c63a83dab4cb6847d1bd4d7a15aa06e1f536da9fea
wqp,wqp:21FLCOLL_WQX-LKTRAF4,2004-07,ANFIS-F,20260815,09e00208a8baf70b77d3d7c59ba0eb802eddc39884c99d6358d248a78035f608
wqp,wqp:21AWIC-23,2002-10,ANFIS-F,20260815,09e098ac802e28f1d8c02b7c5185b4ca52db2757a17b788503885150d67237de
wqp,wqp:21FLCBA_WQX-WAL-BIGREDF-1,2018-11,ANFIS-F,20260815,09e34294a06ec442f114ed8132c811b894ad33bc632b7ef9ea4f5d17818cab5f
wqp,wqp:21SC60WQ_WQX-CW-033,2017-03,ANFIS-F,20260815,09e49fee587478cd0176a2b72242e2d2753bb6517749eed4be152bd6b5ef51c3
wqp,wqp:21DELAWQ_WQX-109191,2008-08,ANFIS-F,20260815,09e57b2d123131a06821a2d53cebafded016fd685c439e6e8e026f9d2ea7b3b3
wqp,wqp:21FLSFWM-L005,1999-11,ANFIS-F,20260815,09e63a7529d5517c099790bd319286950e5c8eec1fe6a59547d21a64a994f643
wqp,wqp:21DELAWQ_WQX-206361,2004-06,ANFIS-F,20260815,09e8337df82eff3b98dbbdc2e59e2b3db9967b264d5d0a1d7cecd6173d309510
wqp,wqp:21DELAWQ_WQX-202021,2002-05,ANFIS-F,20260815,09e954b18af9fd6477cdf66fa4c2fc5c9dbb02f165e7cdaa53e1147d7e21b0b2
wqp,wqp:USGS-07049690,1987-07,ANFIS-F,20260815,09eb2754519e9533425a82b890225142c02fe9c34ad8408163703d1a0d110044
wqp,wqp:USGS-072632965,1992-09,ANFIS-F,20260815,09eb472163c57752c4870e37625fe3704c5b76d7abe14a698560d0002c5741b6
wqp,wqp:21FLSFWM-PELMID,1989-03,ANFIS-F,20260815,09ebe0cde9304dc63ed2532854675e8d795f610560ca0151d543e1869cf2cf1a
wqp,wqp:21DELAWQ_WQX-205181,2016-09,ANFIS-F,20260815,09ed0621eb4d57c1ebe5c76d6a0f4a651bbb74634bb254481a3c764e96afa747
wqp,wqp:21FLSFWM-L001,1979-07,ANFIS-F,20260815,09ed38da04d0193bf1382465090d17374647560f6c83b485d0487fa775e98d89
wqp,wqp:21SC60WQ_WQX-SV-331,2010-07,ANFIS-F,20260815,09ed881717dc05ab3eeb81dc612229f7287782e648a46932935a1b4339cf4865
wqp,wqp:21SC60WQ_WQX-SV-098,2009-09,ANFIS-F,20260815,09ed9e5b053e5198942058bb872ad360826c7bfec6e708b1e6597537db0bb6b8
wqp,wqp:CAPECRD_WQX-290,2000-04,ANFIS-F,20260815,09f4b4f13deeb7ce024948bbfb492974139bc234f14f711f28595070470d7d4f
wqp,wqp:21FLSFWM-ISTK2,2000-02,ANFIS-F,20260815,09f72e4bed5bb1995ddb28d24ffd654b161c28f9dffc5e8fb39c91df401b0950
wqp,wqp:21FLSUW-ALL020C1,2002-04,ANFIS-F,20260815,09f904276cfd7499ebeba45b9b49de7762d24135403e9d52698e1847b3461536
wqp,wqp:21SC60WQ_WQX-CW-231,2006-06,ANFIS-F,20260815,09fb0949bfe5915ee83900cd9c0d109db98f7ffcf1932886be1c55bd9ac30266
wqp,wqp:21FLSFWM-PELMID,2002-02,ANFIS-F,20260815,0a0178bc4846e6ce22050704da65ba4e7609acf1920dddf1b034c65ec338eb63
wqp,wqp:21FLORAN_WQX-BC8,2013-10,ANFIS-F,20260815,0a0297d07391cc378538e6ea89928c1da204b61f76c7f987b34deec5dbac4ef5
wqp,wqp:21DELAWQ_WQX-208211,2014-01,ANFIS-F,20260815,0a02ce5af9cb85f4e98f26c4b232ef28cfbdeed53631ca1d0fe44d0e13def8f7
wqp,wqp:21SC60WQ_WQX-SV-361,2004-11,ANFIS-F,20260815,0a041d2c1cad14532600c85d4b73f6c7eb53c5d3b6c5baa67d72fb50af6c66ba
wqp,wqp:21FLSWFD_WQX-23477,2009-06,ANFIS-F,20260815,0a06cc574e52b917189b5d682becadde6b7fdcdd2cff6418ccd80dd03dfb728f
wqp,wqp:21SC60WQ_WQX-S-022,2012-04,ANFIS-F,20260815,0a079e7f65ef60da7e0b7864f4a7c07021893e82035bb8c77991cf32afc5fd1e
wqp,wqp:USGS-423659088354401,1992-08,ANFIS-F,20260815,0a0b9afecd0cabea0913e9ad62681d9c941b0ee7dbd48296953b267e23f4e27b
wqp,wqp:21FLSWFD_WQX-23609,2010-08,ANFIS-F,20260815,0a0c8932dc7261c77cd4b7a45e0f46ee38f4c560f7ddf898f4ce84fa2f9c3ab9
wqp,wqp:21FLSWFD_WQX-23113,2002-06,ANFIS-F,20260815,0a0e42896f6fb33af4ffe8e6770fc3bc43b372f950f72f6ca6887961d99356f7
wqp,wqp:21FLORAN_WQX-CC4,2010-08,ANFIS-F,20260815,0a13fc79807cb13250cdc6f633006c2a41d18e05e487754d97e87b4631ebe625
wqp,wqp:21FLSFWM-C03,2005-04,ANFIS-F,20260815,0a16162a0c798a4c9a1a9feaef785a4e7bede758a48eb7de8caae6eaf42426ef
wqp,wqp:21SC60WQ_WQX-SV-098,2006-01,ANFIS-F,20260815,0a1678a2be284ae1831ff40efa8fb4c1ba04ffbecd52040f8e13641f856f439a
wqp,wqp:21SC60WQ_WQX-SV-098,1999-12,ANFIS-F,20260815,0a18baf60248dd6f55ed754746ab0beba5ddbf99082522a79dede0a3233db60f
wqp,wqp:21FLSFWM-ISTK1,1990-06,ANFIS-F,20260815,0a206af93f35cf3aa4a1320614d3050b998d9906f55b3d5a10229277022ab07f
wqp,wqp:21FLSFWM-PLN3OUT,1993-10,ANFIS-F,20260815,0a20818a1820a6f82097b8202be34af31583c0cc44d0c3f9e35238d693c31885
wqp,wqp:21FLSFWM-PELMID,2002-09,ANFIS-F,20260815,0a20834f4a3019d7ba402c707489a5df40e42d21ab72929c7fa385f235bcd4ea
wqp,wqp:21FLORAN_WQX-CC9E,2008-04,ANFIS-F,20260815,0a216ec72d400a5fe9e8e64d078c8962dd42c3a5e8247b48de6b1ad7bb1880b3
wqp,wqp:21FLSFWM-PALMOUT,2007-10,ANFIS-F,20260815,0a22b736be71dc0dd189724426230182f061c33acd5bb0cc570f54441faf0c71
wqp,wqp:21FLSFWM-L006,2003-03,ANFIS-F,20260815,0a23c1fdc6f9163aa23134c742d9c6cad1bcf989bca8d3aa94d8b4f845814099
wqp,wqp:21DELAWQ_WQX-308071,2017-06,ANFIS-F,20260815,0a2910c134daa9a2b8049b777dcff36786b2b24a5cd3983a37eae52899c1b0a9
wqp,wqp:21FLSFWM-L004,1982-11,ANFIS-F,20260815,0a2ae9ca2b933d74f8f6d06e209caff9d09139249557950d7e7b0bd291bf9714
wqp,wqp:21FLSFWM-E02,1995-02,ANFIS-F,20260815,0a2b678b0fdf89df4b270d2df5dd884656f7543fa38347339d282fdc4c1fabd8
wqp,wqp:21FLSFWM-LZ42,1999-01,ANFIS-F,20260815,0a2bdb1c71c16bf11c68b0c901c72e04571bc3510ead26594950354646de66fc
wqp,wqp:CAPECRD_WQX-280,1999-05,ANFIS-F,20260815,0a2ccaa4137e792fbf69577fe9c2c9858e5a6053ee43a32bbd04968db8ef1791
wqp,wqp:21SC60WQ_WQX-S-308,2015-04,ANFIS-F,20260815,0a3021328f495367d7cddcb7910aa2aba830e33f9b650ca0d6b22b8bfa3b6ec0
wqp,wqp:21NC03WQ-NEU019P,2011-10,ANFIS-F,20260815,0a3256391ec67bf47c27453f1aafd15bc996091e37040b621259e3bbb5110a02
wqp,wqp:21FLSFWM-C02,1983-10,ANFIS-F,20260815,0a337413297b38d2601476ae2b19ff23970bd66bb895ac54f6aa398671e856e2
wqp,wqp:21SC60WQ_WQX-S-308,2003-06,ANFIS-F,20260815,0a3458694b0ffa2cebfa1bc2241bf82e57552d3eed35dc068a2e35a3621375e6
wqp,wqp:21SC60WQ_WQX-CL-089,2016-11,ANFIS-F,20260815,0a345c277e52a54d3d8f04ccf11ed269fe0699200f3c52a1cdcc794441599e9a
wqp,wqp:21FLSJWM_WQX-44673,2017-05,ANFIS-F,20260815,0a394cec2b7312c421fb3fe8290581b676a6acd6c1057c517a13c587d510a99f
wqp,wqp:21VASWCB-2-XDD000.40,2015-07,ANFIS-F,20260815,0a3cfa5184adb3e2601e7163241dfecd5f37d468be2a8e0c4597516a0d517a2a
wqp,wqp:21FLSFWM-PLN2MID,1997-04,ANFIS-F,20260815,0a3e816effb263a780aa9bf7d1caa9ad6ed78bce5af414c6f3e60119ebe0986c
wqp,wqp:USGS-07049690,1997-03,ANFIS-F,20260815,0a42167f59e0a272e697686ccbcab9bc6fe01e170d6c8f9c15cd7b9a62ed7ecf
wqp,wqp:21NC03WQ-YAD169E,2005-05,ANFIS-F,20260815,0a446895a23e57f1d107a715148c3842da58ecf1e8616735a187606528e8d067
wqp,wqp:21SC60WQ_WQX-CW-231,2003-09,ANFIS-F,20260815,0a47f8e3dd316b5215bea2faba3db35487fdf924e9e47be8687589c0ee1bf1cc
wqp,wqp:21FLSFWM-L003,2000-10,ANFIS-F,20260815,0a4a2e1a63b15c0a3e7d161d9d1ba539dd0f7966077c381a0c16f4c42b54de71
wqp,wqp:21FLSFWM-B09,1983-01,ANFIS-F,20260815,0a4bbebed212638ecd5269f6cfadaad13e52d7872595f919228108402eff5c20
wqp,wqp:USGS-423556088365001,2015-10,ANFIS-F,20260815,0a4c6a2ed7071376f7a9ade55f5cc21f93a69c03169d6d5cf43882f025b8691a
wqp,wqp:USGS-01657460,1974-05,ANFIS-F,20260815,0a4fb3f3712efa3ae1893433653d6c1c6f9d042faf726d7e46c79b461467ed52
wqp,wqp:USGS-01201700,1984-07,ANFIS-F,20260815,0a503ddd2dea8b4e0037f027922c796ed7df38fc1e217ea43e00327a319834a7
wqp,wqp:MNPCA-62-0055-00-102,1985-12,ANFIS-F,20260815,0a5048c974ffe9616946ba2ca6865dac179adce2a0334de2d65ae281be643214
wqp,wqp:USGS-07049187,2015-06,ANFIS-F,20260815,0a510bfe17ee15d09d7fa33bc5e7e64293e06578af3061fa2f6dc7ac0f623012
wqp,wqp:CAPECRD_WQX-280,1993-11,ANFIS-F,20260815,0a51f6611ee5cec22e67721fdcd28a9e89622c6e02066ff46924c20ad97d214a
wqp,wqp:21NC03WQ-YAD169A,2010-02,ANFIS-F,20260815,0a5246cc5b09f6c9a3d63fe89f05d65387d03858a262da7b9df74575204c6981
wqp,wqp:KAWNATON_WQX-KN-KL-004,2016-11,ANFIS-F,20260815,0a5256c94a40947d1335320d17aaf274e88ecd7b9101d2e04cbba1b966bd0e50
wqp,wqp:21DELAWQ_WQX-208211,2013-11,ANFIS-F,20260815,0a5397e82049b9e0e7188762daeeb81d570e6138257cf9c2542cd68d3ad60ef5
wqp,wqp:21SC60WQ_WQX-CL-089,2017-12,ANFIS-F,20260815,0a541c3970b04371d01b902154e89eab8e20b22d489687e56ad9b08c873131e6
wqp,wqp:USGS-423556088365001,1998-06,ANFIS-F,20260815,0a54cca673c024d1f09cabd933cc22da924c574258cb8df93e9e86a9de4c74c7
wqp,wqp:21FLSWFD_WQX-23113,2004-10,ANFIS-F,20260815,0a568de66bd27fed8705f25ce24136a2754e4f75dac3db1fa62028b616e59789
wqp,wqp:CAPECRD_WQX-290,2018-12,ANFIS-F,20260815,0a572218c3502f7ea80c16ee6a60fb813a12ec4cbb0576936156f480815c703c
wqp,wqp:21SC60WQ_WQX-S-311,2018-07,ANFIS-F,20260815,0a5862c257e29385b6466d2b1e158d12de5b54796392b1fd83004f388bceffc1
wqp,wqp:21FLCOLL_WQX-LKTRAF4,2001-07,ANFIS-F,20260815,0a590c30eb00911fed9e50651dcb6cb3305a86dde6e1dfbab500901b73db7157
wqp,wqp:21SC60WQ_WQX-SV-331,1999-10,ANFIS-F,20260815,0a5ae37d2e0e61942bcb0e2e6c77f37ff8fa88c292c88b2e20a33f62c7570188
wqp,wqp:MNPCA-02-0075-02-203,2002-08,ANFIS-F,20260815,0a5d34fd97c5315fe0aebca5064eba6d85099e54659c023598afc482206652cd
wqp,wqp:21FLSWFD_WQX-23631,2007-09,ANFIS-F,20260815,0a5e07feac6e79a1cfa676d1ed02eaaebc51206c4dec708a8d289d0f37eea249
wqp,wqp:21SC60WQ_WQX-SV-335,2007-08,ANFIS-F,20260815,0a6172191881f6924690318dd30d6c42a17dc9a98875c3b742aa89a07776a49c
wqp,wqp:21FLCBA_WQX-WAL-DEER-3,2017-01,ANFIS-F,20260815,0a61ecfafc88809de9b20f7af931a969b83f7bfdb2c44d66e9b477aed1d8c4c0
wqp,wqp:21FLSFWM-L006,1998-04,ANFIS-F,20260815,0a61fd5c21c1bb376d898b258894024e49a640fd0844e36a9845f027cb062600
wqp,wqp:21FLSFWM-CLV10A,2000-01,ANFIS-F,20260815,0a63edc720cc2ae3c2716288d42de09f312cfa808a037f620e926f887eed971d
wqp,wqp:USGS-07144790,2005-08,ANFIS-F,20260815,0a65dc9b153604333bf12d2f95b990d0c82398e5b2a683f5e6dc2316bb75dbde
wqp,wqp:21SC60WQ_WQX-CL-089,2002-09,ANFIS-F,20260815,0a66ba6a7df0f3af45512a9a49679701965d4c3985afe5d20826489cac004b33
wqp,wqp:CAPECRD_WQX-262,2014-02,ANFIS-F,20260815,0a6b45b9b6143f12ae66a5a0521a8177aaaa4f8357ebc7c721db5e0a45a88be8
wqp,wqp:MNPCA-02-0045-00-202,1978-08,ANFIS-F,20260815,0a6ee23db5d380b705f23a4b365bf654345faa972a30a5a4eff1e80b1ab818da
wqp,wqp:21FLSFWM-CLV10A,2008-03,ANFIS-F,20260815,0a6ee497226add83cbdbb7e7c7ec076bd7716e09aacd2c7925e753cd5170f7d8
wqp,wqp:21FLSJWM_WQX-44154,2018-08,ANFIS-F,20260815,0a6fe49b589b620971485402f06a56d943007533364f43adca350cf56e98e3ad
wqp,wqp:21SC60WQ_WQX-CL-089,2016-08,ANFIS-F,20260815,0a743d5e16964afe3cc7955f128772d2361c2a595077ca0497b03fabf9d2bb0d
wqp,wqp:21FLSWFD_WQX-23389,2011-06,ANFIS-F,20260815,0a759793b8dddcc67abbfe231dbb04621df6437f451423a3d9485a9c4257dff4
wqp,wqp:USGS-01657480,1974-11,ANFIS-F,20260815,0a7670d74ac022decefa29d1f44343de1e15b41d35f36fd9e0dd1ad08d1c0515
wqp,wqp:21AWIC-23,2011-12,ANFIS-F,20260815,0a7712187b5654fe8a76b87695daa7d4fe2567e1d94522ebfbed6baaaaa79b82
wqp,wqp:21FLORAN_WQX-CC4,2005-03,ANFIS-F,20260815,0a784462f06d4e8cb4a6adbada959f4b282bd5d5de2115c21d87b3fdcb064f63
wqp,wqp:MNPCA-62-0054-00-101,1997-08,ANFIS-F,20260815,0a79eba3f8083e95f6addb8fcf284a0e441801c502c364ad1ca0dbd8aa6dde13
wqp,wqp:21SC60WQ_WQX-B-339,2004-08,ANFIS-F,20260815,0a7a73655737a7e3cb64317a85e65ee6f6bde146c5475a6c22b6c84b0535ad0c
wqp,wqp:USGS-07049187,2009-01,ANFIS-F,20260815,0a7ba7915e8f56d156d9df8d0ed7fda71cf032ad573356f117c4e771a0181313
wqp,wqp:21FLSFWM-B02,1999-07,ANFIS-F,20260815,0a7e4bc07d68b6e8f628d9bbe166e63f343b341f701abbd5f0612f60b41870a7
wqp,wqp:21FLSFWM-KBARMID,1989-02,ANFIS-F,20260815,0a7e706ea6744cbd0cbc58aaa40315f9f8589ec72e8bbc45a96ac3a9b222b90f
wqp,wqp:21SC60WQ_WQX-S-222,2001-09,ANFIS-F,20260815,0a852b215ab9fce404ebfdafd485df17245b17f82ba9f636b3bddae2f42a92c8
wqp,wqp:MWRD_WQX-MILTON3P,2012-09,ANFIS-F,20260815,0a88aa96412cc83c5e1000ad2901d1b3c8846ee06f7a7dab9189aee5a2f49be1
wqp,wqp:21NC03WQ-YAD169B,2016-08,ANFIS-F,20260815,0a899305a40d5ac50a42783ee1c310869da2529d9320c4d70547ced74032bf22
wqp,wqp:MNPCA-73-0014-00-100,1985-01,ANFIS-F,20260815,0a8b419e47d1f87bd553b2d0f47199d920854b7f76a7e2f326b1f13f9ae2130d
wqp,wqp:21SC60WQ_WQX-CW-197,2014-02,ANFIS-F,20260815,0a8e836cf2635bbb2b8df4b7f971e1bb30586f093119e395cbc99a370f557e2d
wqp,wqp:21FLSFWM-LZ30,1992-05,ANFIS-F,20260815,0a90b659c0d75c9e01260ae20ac27e06d40218641f9628608824fc4e97cb8932
wqp,wqp:21DELAWQ_WQX-202021,2017-09,ANFIS-F,20260815,0a935f3e02a9e516a9ad575549549f75409d0a001b0dc0802dc9ae5b9bf143b1
wqp,wqp:21DELAWQ_WQX-208181,2014-04,ANFIS-F,20260815,0a93d41a1eaf28079e7a1ecbb7c3f4a978b7aa0cdfa6dba4d36ea5c395e5e3c1
wqp,wqp:21FLSFWM-E02,1984-11,ANFIS-F,20260815,0a93f58cade858db3d8f950509bbeaa5f03008fd8c163fa646189210be563842
wqp,wqp:21FLSFWM-L008,1983-03,ANFIS-F,20260815,0a9643119ebda1728d9b98b9c3bf8e287d542b0791b47fb75188cb7641c9a911
wqp,wqp:21SC60WQ_WQX-CW-197,2007-07,ANFIS-F,20260815,0a9679c3d8c98aed2ace8007116953926d1259b856e100d4a23b07c8c0436363
wqp,wqp:21FLSFWM-B09,1987-02,ANFIS-F,20260815,0a9702d6a3873f4cae0f6d6d7a6c771a76657f8f6f0ca3b7dc0464e2d5e3e644
wqp,wqp:21FLSFWM-RITAWEST,2004-12,ANFIS-F,20260815,0a9ba562b1b205069a6fe01415532e36ec3ac62f0b89534ed930b774fbfa60b2
wqp,wqp:21SC60WQ_WQX-CW-207,2007-02,ANFIS-F,20260815,0a9cb616ce752b6bd5f35378521ed3d2674048e7d462f91ef5e8e5c4c1ec7c9b
wqp,wqp:21FLSFWM-ISTK2,1988-09,ANFIS-F,20260815,0a9e593d1263049f9cdc92afd7e551936d640fa2441fbc268aa16611a70161d9
wqp,wqp:21FLSJWM_WQX-44148,2018-08,ANFIS-F,20260815,0a9e64d59db890153bc7dbba181ea8e5c179cee309ffd5b8bd6a41eb844a239d
wqp,wqp:MNPCA-02-0045-00-202,2014-09,ANFIS-F,20260815,0aa38080019aba5c050cddf6596bd747e9e0df137c5fe0998f32932f93713f8f
wqp,wqp:21FLCBA_WQX-WAL-FULLER-3,2018-01,ANFIS-F,20260815,0aa43841f0b69af6a704dc9a831b3f3493fc718e2d0116b0635fa42d28fff935
wqp,wqp:21SC60WQ_WQX-SV-338,2008-01,ANFIS-F,20260815,0aa74d0170322c331bbe24e720084962fc85020dd63322ebfb03ce1fe76360d7
wqp,wqp:MNPCA-62-0055-00-201,2011-06,ANFIS-F,20260815,0aa9a57dc96cc991c92483787ec006b0c84a276fdb283b09ec45d198d3b5c2eb
wqp,wqp:21NC03WQ-NEU019E,2007-04,ANFIS-F,20260815,0aaa2dc6934f027d6151df3858220e6dc2f5cefaba09fa2419c117c3124aca10
wqp,wqp:21FLORAN_WQX-CC9E,2008-03,ANFIS-F,20260815,0ab234978531ec596fe4297b63e5828521b2873feef35736faa6b5da6402f146
wqp,wqp:21FLSWFD_WQX-23389,2009-08,ANFIS-F,20260815,0ab37ed9c3e8fb2cf943dc30a90e70758bcb66aabf53f0ad00da7079b2851c3e
wqp,wqp:MNPCA-10-0048-00-201,2016-09,ANFIS-F,20260815,0ab3dc0e7c2c3def60736a2f60e9b6a41283dbcd9912a9a3003408348ffc76a5
wqp,wqp:21FLSFWM-LZ42N,1995-12,ANFIS-F,20260815,0ab480d150abd94e51066e3eeb2de2a38aa3f18c6b464ca32cd6869bf5b8c601
wqp,wqp:21NC03WQ-Q5360000,2010-11,ANFIS-F,20260815,0abb0f047cd9578643c71fc838f4fa808b4360b08a9fd40c64f0cd4e0bb9f899
wqp,wqp:MNPCA-10-0048-00-201,2018-05,ANFIS-F,20260815,0ac526ebd022a3c8ae8a7402983e535062d76149a4a0c804bd08c44e1cb4387e
wqp,wqp:21FLSFWM-TIN8100,1996-08,ANFIS-F,20260815,0ac57db04b4315447bff896be1b061518785c54dc28bb121471d10864a69ca5a
wqp,wqp:21FLSFWM-LZ30,1992-12,ANFIS-F,20260815,0aca9e4e143332ba247d0629c463a74c6b3bb4da04625f19b21319bacd507152
wqp,wqp:21FLSFWM-PLN2MID,1996-11,ANFIS-F,20260815,0acb973d60699bdccac36b3b14783cfab040c8e8e7be6e67111307bcd235bce9
wqp,wqp:21GAEPD_WQX-LK_12_4048,2011-03,ANFIS-F,20260815,0acf6357e6aaa4fa7edcd839fa53e1a68507eae0d48b29787400d500a782cebd
wqp,wqp:21SC60WQ_WQX-CL-089,2016-01,ANFIS-F,20260815,0acfa1547b8d5e1a3254c07e46d7fe730e33bb77760e150b67d3cb863ec33a16
wqp,wqp:21FLSFWM-POLESOUT,2005-05,ANFIS-F,20260815,0ad0c866e073ca39f7b62be6851dc87fcd0730c72e9622d5be3a09d1480ddc1c
wqp,wqp:21SC60WQ_WQX-S-311,2008-06,ANFIS-F,20260815,0ad0f3f4a379174ff683cfeb93a45af91072a9c2ba5991ef88dcafa3983d27d5
wqp,wqp:MNPCA-73-0014-00-100,1984-05,ANFIS-F,20260815,0ad19c2091def9c9ef9a74cfc2f7c76a54489b09e454873b60d6974c7c6f0e0f
wqp,wqp:21FLSFWM-ISTK1,1997-02,ANFIS-F,20260815,0ad1bddf1d0dd0c288cd8ad1cc36d2ef9558bc13a529f618726eb3a07af1973a
wqp,wqp:MNPCA-25-0001-00-231,1990-10,ANFIS-F,20260815,0ad2d1a15d53d1b7079d8b4d130c04d9200ecd88e23284d8f709044e6fbe6bf1
wqp,wqp:21FLSFWM-ISTK6,1994-08,ANFIS-F,20260815,0ad306a00157ac19a7f0726cdcda86d3615fd39de82993b12ae0c827b4516395
wqp,wqp:21SC60WQ_WQX-SV-339,2005-07,ANFIS-F,20260815,0ad39ac48c6ecd4dcb1127c57f828bcd1b6c8986041faf29893e5cfde5ff1489
wqp,wqp:KAWNATON_WQX-KN-KL-004,2016-10,ANFIS-F,20260815,0ad3e2ba1bc674d66085e3df7372671a014873cb10ddd1b4d899bf1ecd394d5e
wqp,wqp:21NC03WQ-YAD169A,2008-05,ANFIS-F,20260815,0ad432d4c99c0dafc7b8dc9cc59ee5942f20b6d3c0d346a49ed71a80adeb63c4
wqp,wqp:CAPECRD_WQX-280,2006-03,ANFIS-F,20260815,0ad5181fc669d9ae63a25163ddd84c887d53c5596db8f5837b67cab124edd72a
wqp,wqp:21DELAWQ_WQX-307011,2008-06,ANFIS-F,20260815,0ad60ade44783400692ff731bb893c5a24d6d77821bce7e49c30a3876ac6fb43
wqp,wqp:21NC03WQ-CPF087D,2008-08,ANFIS-F,20260815,0ad6f1a61f7fe25da357a0517c6cfa64c12213f55ae89eabeed7b00319b4bf90
wqp,wqp:21FLSFWM-L008,1979-08,ANFIS-F,20260815,0ad71761206ce23d49a4eaf1ef20a159c8eed9da1f8d468dfd4e6c2e0984eab5
wqp,wqp:21FLSFWM-RITAWEST,1994-07,ANFIS-F,20260815,0ada0b69d96f757ee257d710b931ff2c3a5ab83b0e068f4217246ba86681a20d
wqp,wqp:USGS-423526088380101,2015-03,ANFIS-F,20260815,0adc5b2b81eddac11f4e17f8d5f69b66098896d70d5b80a205e3607194147980
wqp,wqp:LAKELAND_WQX-LH11,2011-03,ANFIS-F,20260815,0ade3eb60312c7ffb8ae1f169034ac9068c6e312dcfc4bc14b953dd7f78fe4f1
wqp,wqp:21SC60WQ_WQX-SV-331,2004-03,ANFIS-F,20260815,0ade7f94f6a337917353df625a18e39a4043a4648f045518cb595ea6aded37bc
wqp,wqp:21FLSFWM-LZ42N,2004-12,ANFIS-F,20260815,0adf826f94a3f7a91c3ee13942fd969df67dea4cd8fb800bfec7d35d45924c9a
wqp,wqp:21NC03WQ-NEU019P,2005-08,ANFIS-F,20260815,0ae0764a244fa36463e18308cf3b012a5d9377006ece990bb2e137e27706dcc9
wqp,wqp:21DELAWQ_WQX-110011,2002-04,ANFIS-F,20260815,0ae15c16b7e40ec9a332edbfb511aba11dea35320dea5bfdc922cd4d268870e5
wqp,wqp:USGS-295826095082200,2016-08,ANFIS-F,20260815,0ae1b3048527de2cc49b96a7afba3728fc28ddc716881dd260b4e7c4ba383c32
wqp,wqp:21FLSFWM-LZ40,2009-01,ANFIS-F,20260815,0ae265b4cad92defef3c80dea5f56a5fb860a7a5208ab9750549d2a49ea95f35
wqp,wqp:21FLSFWM-E01,1982-10,ANFIS-F,20260815,0ae33c18527f28a37502cd4a8696f233cb2e8fb5a6ecd3d854739a7c726ebe5b
wqp,wqp:MNPCA-02-0045-00-202,1979-06,ANFIS-F,20260815,0ae5abad141b4037649cf93f999327b48112eff1864ef16efff215f5da31e57b
wqp,wqp:MNPCA-86-0281-00-201,1983-02,ANFIS-F,20260815,0aec1457af8a19a63e45cbf4119f1f0b4ad3533b3b0a62a901dc5cbf770e6af9
wqp,wqp:USGS-01657480,1973-08,ANFIS-F,20260815,0aed3b9134f00ba13c842c266a0bf52e21877ad7e799e856fdd699621249dea6
wqp,wqp:21FLSFWM-LZ2,2002-05,ANFIS-F,20260815,0aedf384f130cbb8e059b3e34e8667374184c2e0b669a9e0dd1c4b232f1da779
wqp,wqp:USGS-07049690,1993-09,ANFIS-F,20260815,0aee6814fa7f7018f9005d17d8b05186bff043573032c5e10bac789e0a8afa2a
wqp,wqp:21NC03WQ-CPF0880A,2007-01,ANFIS-F,20260815,0aee76b086a12dcd34ccb749d1e3903a0a82d171b24429da25941ceaab835824
wqp,wqp:USGS-295554095093401,2016-11,ANFIS-F,20260815,0aeebc7a992c26870520df63e11a11ee463bb14d6b8fe5815db186d39dcc5993
wqp,wqp:LAKELAND_WQX-LH20,2010-11,ANFIS-F,20260815,0af0bf88080079254a7d117186632d72efa695482a31f882d58639bed0db016b
wqp,wqp:MNPCA-25-0001-00-215,1996-11,ANFIS-F,20260815,0af0ed9cb33c589b599b2594b16e5d2cc0f04863ac4c51e8e69ac9ff94e4b6d0
wqp,wqp:21FLSFWM-B09,1990-12,ANFIS-F,20260815,0af5a0a2b6e72377f964430c7f8252cfc16d0325e3f8ccfe6e2b5e2cec72318e
wqp,wqp:21FLCOLL_WQX-LKTRAF1,2014-08,ANFIS-F,20260815,0af5afbf206146c89f37a7d430a946be0918b5912ebbb1cc90270bb207cfa5a5
wqp,wqp:MNPCA-62-0013-00-201,1990-08,ANFIS-F,20260815,0af6a6b3c1aed5df7d65ebf29d67e4d0f657e291b6b04227b1cce0deb3c84c01
wqp,wqp:21FLSFWM-C03,1999-04,ANFIS-F,20260815,0af8799326a2ff967bc3c13a4b1f2f5be894d0b1ffb670401163f28d518ee724
wqp,wqp:21SC60WQ_WQX-CW-197,2003-03,ANFIS-F,20260815,0af92336e517935fd6ac6113a00ae5bcfa35fde5a74215b55cd8d9f0aa143180
wqp,wqp:21SC60WQ_WQX-CW-033,2002-12,ANFIS-F,20260815,0afbab2b8bc89081825d5ba794034d4e01a33b5a654bb553b1c0b88bed389fd7
wqp,wqp:USGS-07049187,2013-05,ANFIS-F,20260815,0afd30ba632167fe5b4f36adbfe79e98bde2bf496916c396264c17fd0275598f
wqp,wqp:21FLCBA_WQX-WAL-BIGREDF-3,2018-02,ANFIS-F,20260815,0b01bc56cd6e121083d70c76cd5d50c8e257bab2d1e83fd95fc6528b643bfea3
wqp,wqp:MWRD_WQX-MILTON3P,2008-09,ANFIS-F,20260815,0b03f268862c0c0f74e161e4a21fa40b9205c6b4044130432674939f3cfd30b6
wqp,wqp:21SC60WQ_WQX-SV-339,2006-04,ANFIS-F,20260815,0b043fecaab01126c73bec03cfa57caff16b9bbeb62fb9e7b0a105220206263e
wqp,wqp:21NC03WQ-CPF08801A,2001-01,ANFIS-F,20260815,0b0569e5bf2318a7b35981b0e23dbfb34d28cf9f54f02888a6708d135e5225d4
wqp,wqp:21NC03WQ-CPF055C4,2013-10,ANFIS-F,20260815,0b0680b53ed44b6359762dd6a65bd04ba37e70c140c0fa6d2c1decc54b33c496
wqp,wqp:21FLLCPC_WQX-YALE,2013-03,ANFIS-F,20260815,0b0882073e2ec638811d3c298fec6008a72ec3d0956a2748fc7ed70dfc56ca0a
wqp,wqp:21FLCOLL_WQX-LKTRAF4,2010-05,ANFIS-F,20260815,0b0a1d43350146f2e9c127a97ca57535dcdf8e5c7ed4860ab17f42bae18b32bc
wqp,wqp:21NC03WQ-NEU018E,2012-06,ANFIS-F,20260815,0b0ab64a1942675ea9f54f9a47369eb406d002f275a633a27aed0e0fafbc5849
wqp,wqp:21FLSWFD_WQX-23641,2014-06,ANFIS-F,20260815,0b0b68ca731de941ce2d42199da662dd7e1cc0642b5313db9fbd016efe150348
wqp,wqp:OKWRB-LAKES_WQX-520710020020-04,2000-07,ANFIS-F,20260815,0b0c26557f49e2ba3d65a69c00773f97b5eb5f53eadfaa9fece6e598517185be
wqp,wqp:21DELAWQ_WQX-109191,2015-05,ANFIS-F,20260815,0b0d6f2659489b74114532c6213d0d14c05f0a1b87040f6135d4846f4c873ce5
wqp,wqp:USGS-02207414,2006-08,ANFIS-F,20260815,0b106de797a250feea5de3e8b56eaeeca04212d9e4f7a054068e775ab4470679
wqp,wqp:21SC60WQ_WQX-SV-335,2018-06,ANFIS-F,20260815,0b108b529ef98db4ebcef9d1c0a9c8a398dc018b7e8fb25b2aa70d04d351094b
wqp,wqp:21FLSFWM-RITAWEST,1995-04,ANFIS-F,20260815,0b10c736175c79cc532045970865885f356facb42414af5500c0663e1b987a8b
wqp,wqp:MNPCA-62-0055-00-201,2014-06,ANFIS-F,20260815,0b111fd95b3b99fe92e452704b4a98e8814ed15e83bdb931b0b2f9516f093f91
wqp,wqp:21FLSJWM_WQX-44676,2017-05,ANFIS-F,20260815,0b11ef87a64147c67a32a79ac8b58286c931be9736245987b527527b77faabec
wqp,wqp:21FLSFWM-PALMIN,1996-12,ANFIS-F,20260815,0b17d94ec3b440b5d94b6fdc18ce145e089cd62b66b0b759cd648d27c079d121
wqp,wqp:USGS-01201700,1979-03,ANFIS-F,20260815,0b1c9bc336972fb48ed9473f8bdeb68a0da540323fa35f0636d9a963da2e7059
wqp,wqp:21FLSFWM-STAKEOUT,2005-12,ANFIS-F,20260815,0b250cfe7cac73cb15a925c7016a962fc5b900e95c92892988b723ec077c5831
wqp,wqp:21FLSFWM-LZ30,2005-08,ANFIS-F,20260815,0b255052dcd9458d0be1cbf14b18e2d77f373e7803a20580fa75858a5a4a0a20
wqp,wqp:21SC60WQ_WQX-SV-338,2008-09,ANFIS-F,20260815,0b25d8d100bbb5da8e5c47bde4607857a445b728af818ac016d04f1e5cdada63
wqp,wqp:21FLSFWM-L004,2002-12,ANFIS-F,20260815,0b268700d66387934a224e1e908719f8c87e9fad8c12c24719ff032e80f4f949
wqp,wqp:USGS-07263299,2008-05,ANFIS-F,20260815,0b28b99cd06b7434c8e98e10e72dfef7b8aaa8bf15a115c70b8a2927264c0c5f
wqp,wqp:21FLSFWM-STAKEOUT,1992-05,ANFIS-F,20260815,0b28e74b5c1674060836269d404627138a4e47c5190160875177ff9c9b52dc82
wqp,wqp:MNPCA-73-0014-00-100,1983-12,ANFIS-F,20260815,0b291fe4504d5df4a387586af0aa785d6c6b1cee952557920c171889bb520aa0
wqp,wqp:21SC60WQ_WQX-SV-363,2003-03,ANFIS-F,20260815,0b2f22b582533d45c7d3174935b871b49674792698d8fe62ec21c43b0495d87d
wqp,wqp:21FLSFWM-E02,2003-03,ANFIS-F,20260815,0b2f806772fbf5c03de2e50ad7b7fea0becde8ce3514c224ba123360913fb289
wqp,wqp:21NC03WQ-CPF087B3,2014-07,ANFIS-F,20260815,0b3151458767431fc773cf140b91c72791072af38f33e8f81f441c98a67eb201
wqp,wqp:21SC60WQ_WQX-SV-335,2008-01,ANFIS-F,20260815,0b3a5b75e17e61ef0043b2862c1cde5bbb4064fbbc77619351beafaabc06bde9
wqp,wqp:CAPECRD_WQX-262,1993-08,ANFIS-F,20260815,0b3f1e40b5ebbaa9648685b93e06e120252244ba642222799c816dc8564ab4f1
wqp,wqp:21FLSFWM-RITAWEST,2000-05,ANFIS-F,20260815,0b4066622989287130d99e12cd536bc0c29f8444b7b849851ed3ba100979dae1
wqp,wqp:21DELAWQ_WQX-202021,2011-12,ANFIS-F,20260815,0b42dfe88b4ed39c136910e558950fa337f949c101f751b913d5af6297de4fb9
wqp,wqp:21SC60WQ_WQX-CW-207,2013-01,ANFIS-F,20260815,0b484677202d05d298968fc11ee4b1644548f57941a64158aadc78e52900e166
wqp,wqp:21SC60WQ_WQX-SV-335,1999-05,ANFIS-F,20260815,0b4f443035755aeb08e3e29abed05b1400bb53c7f4cfc4f6f96fc8022f2ada9e
wqp,wqp:21FLSFWM-KISSR0.0,2005-04,ANFIS-F,20260815,0b51991ce67907a5461fa9c2f7c88e9224e30512b0b5b41e66a97d93478931dc
wqp,wqp:21AWIC-81,2013-11,ANFIS-F,20260815,0b52ca83850990510308030e111b799c8044908dfd6cc08a69286423a9759f86
wqp,wqp:21NC03WQ-CPF086C,2013-07,ANFIS-F,20260815,0b54a73d549768b069ac0975f2b389235b8fd42c00896fd681988277a0b37f26
wqp,wqp:21NC03WQ-NEU020D,2015-04,ANFIS-F,20260815,0b54c56f385567694e2d91e45a7e5ef97b6d476f181d040c0a8b589a05ac985b
wqp,wqp:USGS-07049690,1977-03,ANFIS-F,20260815,0b56bac4d9a2e533967de23e845ebf2f2c962ace2cb40e528dc845a186379dc9
wqp,wqp:21FLSFWM-B05,1982-06,ANFIS-F,20260815,0b58c4263b27dfeec64e0b18e12d4ab5b9a544a2e85322bb4c6b2ab07b0661b9
wqp,wqp:MNPCA-10-0007-00-201,2014-10,ANFIS-F,20260815,0b58c7d07c3cb7ea4a082301a1312e2159eda0af2d25bd562bc62d2ca4abe581
wqp,wqp:21FLSEM_WQX-SPR,2012-11,ANFIS-F,20260815,0b58f6b6d7eb05cf0e4f25b33813c6af62cd580beaf56fc63291eabd18259407
wqp,wqp:21SC60WQ_WQX-SV-335,2004-02,ANFIS-F,20260815,0b5ab21e67b32b4f4d7618ae25dc64e4601bda7717a8c30f448a7e1005150438
wqp,wqp:CAPECRD_WQX-262,2010-03,ANFIS-F,20260815,0b5b2b069e28d954e9a2ce3f8cc54f1727f3bf53f1937dc4581f29f7ce882812
wqp,wqp:21FLSFWM-L006,1983-01,ANFIS-F,20260815,0b5c6bb4582b98b7f5cddf3c17b60dc2aa17f8b446b222f66cf24297610f2c2a
wqp,wqp:21FLSFWM-L008,2007-03,ANFIS-F,20260815,0b5cbf1d69f3e249d25f0bd80679c60e3d65e74ace46bc21828b7e3841767edb
wqp,wqp:21DELAWQ_WQX-205211,2009-04,ANFIS-F,20260815,0b5d5bc5bce76dac9273da781dce3fa4b497b78c8d1a2f1d8bf2546cea668ad0
wqp,wqp:USGS-07263299,2012-11,ANFIS-F,20260815,0b6442ffb9ca2acd215d7c75611830160febdf9edcdefaced7cc22cc751aef82
wqp,wqp:21DELAWQ_WQX-109131,2008-01,ANFIS-F,20260815,0b6532d9d62a9d890c56e86a6cf57fd6a6be9cbabd3caa840b9cd13d95846fe7
wqp,wqp:MNPCA-86-0297-00-201,2011-06,ANFIS-F,20260815,0b65ac81639eb655f18d5a475bcff965ca918e2813aedd9099826f2e51ed6f65
wqp,wqp:21SC60WQ_WQX-SV-340,2005-12,ANFIS-F,20260815,0b66bc603dc75fe4a0468458f1f6099c9d9417c6c953791a42ea4eae00fe3e40
wqp,wqp:21FLSFWM-L005,1991-07,ANFIS-F,20260815,0b67c1c5f85f5cc883867d880100919953a0788b4f32f49043f00240b51c5850
wqp,wqp:21FLORAN_WQX-BC11,2007-12,ANFIS-F,20260815,0b67c84dc7f99fe8d43c8a1952695542e183c48bc30c7eaf2f8e6715f5864954
wqp,wqp:USGS-423556088365001,2004-08,ANFIS-F,20260815,0b68b13d59ff99cd537b3d03f6a564b36eada4b6b90392de39127bd2cc503a2f
wqp,wqp:21FLORAN_WQX-CC12,2007-01,ANFIS-F,20260815,0b69a5756e068bfcb9d7834e7dcd824354839875d8cf9a53bf0ee6e0ada8daea
wqp,wqp:21FLSFWM-C03,1999-01,ANFIS-F,20260815,0b6df79e16721a8941f5514d485647f886b1bd57da2085d6f0f3f3f2aa4bc17e
wqp,wqp:MNPCA-62-0007-00-203,2012-11,ANFIS-F,20260815,0b705fcba15d092657e5010261070cf75d5c6feb43fc4355afee4f20b15073bf
wqp,wqp:USGS-07049200,2001-07,ANFIS-F,20260815,0b70efeeedb7b71e1bdf16b2adc64ac7bf71ec01c01f03abab6e38ec65c79d93
wqp,wqp:21SC60WQ_WQX-S-222,2012-08,ANFIS-F,20260815,0b732ea0833d1716df4e4faa9686236bbdb837fca26a16a1a1fc8d7280d1a432
wqp,wqp:21FLSFWM-E02,1998-08,ANFIS-F,20260815,0b7396528877e1bfbb60f70e3e5befebf956f1a7385b126148cd49b4bb50289b
wqp,wqp:KAWNATON_WQX-KN-KL-003,2012-07,ANFIS-F,20260815,0b73d1ce842dc3f852aa902652e48f96f2ada4bbe2c59f4336a5e2f3c5598e30
wqp,wqp:21FLSFWM-LZ2,1994-10,ANFIS-F,20260815,0b762a624f22437737f0888cdac6c257fa77194389b919d7605ce9281a2b9f48
wqp,wqp:21FLSWFD_WQX-23631,2017-06,ANFIS-F,20260815,0b766c271558f314a8368f8cff9a2745646ab92ce10f4a2c5fa010a2aab46b60
wqp,wqp:21DELAWQ_WQX-307011,2010-10,ANFIS-F,20260815,0b7960335246612c164379ab31b63a472c7853a3628ce2f32f77d00b1f5f4508
wqp,wqp:21FLSFWM-L008,1992-07,ANFIS-F,20260815,0b79e1900776cd6d947bc041606ff20baea20e8a07e1e936814e4f462af76db4
wqp,wqp:USGS-01657665,1974-03,ANFIS-F,20260815,0b7aeb636f38f9a40b989fb1c7f6c6a14c290897f5055c1ead758a52f221eb45
wqp,wqp:21SC60WQ_WQX-SV-339,2008-02,ANFIS-F,20260815,0b7f7f627d932d1e0755fc252b9c8c307fac478c587edf47df85687f460e9cd5
wqp,wqp:21FLSFWM-B09,1996-05,ANFIS-F,20260815,0b8060975a2e2cbea37bd3aa85f4735d468e7d09817b9645f134bd201eaf270f
wqp,wqp:21FLSWFD_WQX-23389,2005-10,ANFIS-F,20260815,0b834a05b24fca11c187fd28e0dbe01f9d8d2a7b011069e532f685ba0e647022
wqp,wqp:21FLSFWM-ISTK6,1997-07,ANFIS-F,20260815,0b8532740d3c1c868cadb8b317b50444a80651f24090d076f990299fc8726e28
wqp,wqp:21FLSFWM-D02,1999-07,ANFIS-F,20260815,0b86900ddcf8f9451cc82880e84acd5afd128c980064c6a6e58ad369235f5430
wqp,wqp:MNPCA-62-0054-00-101,1991-07,ANFIS-F,20260815,0b870f7672487fc9d0efec09e47f80b8afaa996274d2332faa24e59e213fe68c
wqp,wqp:21NC03WQ-YADHRL051,2006-08,ANFIS-F,20260815,0b876b450c42b3639a9e5a90f6596b1bd3634aba555e217540ad8e3c827f8519
wqp,wqp:MNPCA-02-0075-02-203,1982-08,ANFIS-F,20260815,0b8ab2d818dfc2ca0d5d88fba36ae4fa0e95f360df162f121f4234f750d7ecc1
wqp,wqp:MWRD_WQX-MILTON3P,2016-03,ANFIS-F,20260815,0b8be2e7701dd1319dc1a5009f48fef8053de92caf8214b9b1bc6fda985e01a5
wqp,wqp:21FLCBA_WQX-WAL-BIGREDF-3,2018-05,ANFIS-F,20260815,0b8d8bb0f2a7917c682f48b2ea7f322e5c846a8e0be5160b90929b37b13b5a92
wqp,wqp:MNPCA-10-0048-00-201,1994-05,ANFIS-F,20260815,0b8fe7a724a63a0c1a35783d8f7309dd97baa2f51ae99244c8d03031447b10fb
wqp,wqp:MNPCA-62-0055-00-201,1986-01,ANFIS-F,20260815,0b92a32f50f39486a4c41cf282ff4d63e2ec481304320ce148b81df6d74bd468
wqp,wqp:CAPECRD_WQX-280,2007-08,ANFIS-F,20260815,0b9319c66fdbd333b2a17841750ac8057592cd710787a607a43d1580c4a80b67
wqp,wqp:21GAEPD_WQX-LK_12_4048,1997-01,ANFIS-F,20260815,0b9713d151c63f07387d076328753443bc843eca38382491474fde3a3aee294a
wqp,wqp:21SC60WQ_WQX-SV-331,2004-04,ANFIS-F,20260815,0b982cfd175a139f69ddb5f41ed01dcaa844364a20821ec665643fb95809cdd3
wqp,wqp:21FLSFWM-E04,2004-11,ANFIS-F,20260815,0b9834b361a59b274f55875578b9f535fff6dcd8d9787b29e16dd34347eabfa4
wqp,wqp:MNPCA-62-0007-00-203,1984-07,ANFIS-F,20260815,0b98fc9ca4739d4c41880a42c2c3041eed323663f15d84023b1edab821467d28
wqp,wqp:21NC03WQ-CPFMC02,2014-08,ANFIS-F,20260815,0b9a77a73fd26713ee6bf8baa998ef5a50aaf98be51491965e905475acd82b09
wqp,wqp:21SC60WQ_WQX-PD-327,2008-03,ANFIS-F,20260815,0b9aa4147f2c05aa3cc0b0ab0eb1705a56fe6b58c13233eafcaec1e6d950301e
wqp,wqp:21FLSFWM-STAKEOUT,1990-11,ANFIS-F,20260815,0b9b79b0a896307f55b8bf850c6bad26ac6a9afb69475a17009604b3e3d48390
wqp,wqp:21FLSFWM-L004,1982-04,ANFIS-F,20260815,0b9bd4a57757904f851351a719af06612e8563d3fa856412cd5754fded6fe095
wqp,wqp:21FLSFWM-LZ2,1998-02,ANFIS-F,20260815,0ba0a617a3af0863c85fbc839aed63f3af484687f1625fadfbc1fd0433c66333
wqp,wqp:KAWNATON_WQX-KN-KL-005,2014-04,ANFIS-F,20260815,0ba265d1746f31e05936e689d3b7f039d1fdca5d4dc93a755461c90bdc3989c9
wqp,wqp:21FLSJWM_WQX-105729,2017-06,ANFIS-F,20260815,0ba2918488a983e5723605c7d970de84cedd687a74900c598c15eed43b681a8e
wqp,wqp:21FLSFWM-LZ30,1999-10,ANFIS-F,20260815,0ba4d4a7b7030608c85e7de2e61b599c2eb9d8d55a42d4078b6c461e7c0b6b61
wqp,wqp:21NC03WQ-CPF055D,2014-11,ANFIS-F,20260815,0ba6b3ea3133e41b003d1a3070200324720ede3877f01c5bf6345f1850cd09a1
wqp,wqp:21SC60WQ_WQX-ST-032,2000-01,ANFIS-F,20260815,0ba97b3a1f228cd4ed7c5f4ac8e2ed6a838e86982cbcbd0da1d1dff0bd040bac
wqp,wqp:21FLORAN_WQX-BC8,2010-04,ANFIS-F,20260815,0bab94b36ba2281414a23bcf849a10ca90ded9f747be0adcbd0ec6d40296b624
wqp,wqp:21FLSFWM-TIN8100,2006-03,ANFIS-F,20260815,0babd3468e9b6d32965d3164b0733a74f1c489b63c6979c555d2df27fc3de1b6
wqp,wqp:21DELAWQ_WQX-208181,2004-06,ANFIS-F,20260815,0babf7226d5655adb2afebb64da36a5142f5f1c08408ee0c98078817f1b8a992
wqp,wqp:MNPCA-62-0013-00-201,2001-08,ANFIS-F,20260815,0bac0f551b929d305a51d94bfb0da7d2c299999b1729a7f0068ebcceced236ee
wqp,wqp:21FLSFWM-L006,1980-11,ANFIS-F,20260815,0bacb2ffbe7e60a024534f44c7e86170a41253299f5c4d681d6b6db7d2924124
wqp,wqp:USGS-07049187,2018-02,ANFIS-F,20260815,0bae0f2083cc819d636d8405927ac9a1479c20547b1a55e899a2e29643dc1849
wqp,wqp:21NC03WQ-CPF087D,2016-03,ANFIS-F,20260815,0bae4480a16d71e8f396b38a0def68693d2cf04382825a4bcc3d4df491b3b300
wqp,wqp:21DELAWQ_WQX-303051,2003-04,ANFIS-F,20260815,0bb315efe9228fcb884c552ef8d71886e07ebe3f0aa0860bd3efe9855064968d
wqp,wqp:21DELAWQ_WQX-303331,2017-07,ANFIS-F,20260815,0bb73e0a5458b3373d9353de9ea7ab9b192e7bdd7e997e6d4c99f22941c4d51c
wqp,wqp:MNPCA-62-0054-00-101,2004-04,ANFIS-F,20260815,0bba997cce2fc77177ebd6edd59b4edf7156e93836a81ee922784b7d83d01506
wqp,wqp:KAWNATON_WQX-KN-KL-004,2016-12,ANFIS-F,20260815,0bbac5825b6fef6662d6f8b82e426eb426a948588f79c4b3b1770a73dfdaf7c1
wqp,wqp:MWRD_WQX-MILTON3P,2010-01,ANFIS-F,20260815,0bbb1ce0d36ba9fb419bc6df874cea60444f3447e676178c9395d33852c7fd14
wqp,wqp:21FLSFWM-ISTK5,1991-06,ANFIS-F,20260815,0bbf79e422fbb8e9ff5bd38a25ec061d2203294bf9baf7c5734316fc6ee2cf3c
wqp,wqp:21AWIC-23,2014-09,ANFIS-F,20260815,0bbf8d278551f1d87e8992eaa68c7571237a64d3626b8ca77e8a7e03e64269d1
wqp,wqp:21SC60WQ_WQX-CL-089,2006-07,ANFIS-F,20260815,0bc15cb2ab27c14436e073bd53d6c574ffef034e659951c99862440aab1562f7
wqp,wqp:21FLSWFD_WQX-23438,2018-12,ANFIS-F,20260815,0bc28f3ea9248dc4d92084516023ab249fcc88f0d5ad62ae08ff4f0b8ebb807b
wqp,wqp:USGS-423659088354401,1985-11,ANFIS-F,20260815,0bc5dfa86397579fafa846b190821bc7601ba86f96616f3e7bafc7d3aff09ac4
wqp,wqp:21SC60WQ_WQX-CW-174,2018-06,ANFIS-F,20260815,0bc7acd03e8c90eef531a04690e90f04b4c8f24a1e7fc036152cdd372ef946d4
wqp,wqp:21FLHILL_WQX-135,2010-02,ANFIS-F,20260815,0bc83f97b654cac3c94d185afb2b1a9dc09fa1c57454145ef18998be342a840c
wqp,wqp:21NC03WQ-CPF086F,2013-04,ANFIS-F,20260815,0bcb4bb5e9d7b00c31e15a2916ae0e3bb7e752d4c92ec33b964b744fb9da65c0
wqp,wqp:USGS-07049200,2010-03,ANFIS-F,20260815,0bce29879d68ee75ebeb6298e48451c4ebe949e1132759b979aa65d28c04d8ce
wqp,wqp:USGS-423526088380101,1988-08,ANFIS-F,20260815,0bced910f1a27d192f618fc3b739c55bf2dfd669d6add0105ad916fab93757b5
wqp,wqp:MNPCA-02-0045-00-202,2012-09,ANFIS-F,20260815,0bcef560f74c5e5066461b722281f8ba894aed9a785f625bb1b11e639b16cf95
wqp,wqp:21FLSFWM-D02,2001-02,ANFIS-F,20260815,0bcf6418f7e1019ba08e88cfc62da5ef3b1864a804d21c78082fe9b597df6178
wqp,wqp:21NC03WQ-CPF087B3,2007-01,ANFIS-F,20260815,0bcfe279a3552f118c10c3e52080269cfd3f37cb38ada07af9fbfe9f4b8738a3
wqp,wqp:21SC60WQ_WQX-S-223,2001-05,ANFIS-F,20260815,0bd07f6ffd5aacbb7d82cf9906330cbf16eee4fbe62a500a882be743a1c2c396
wqp,wqp:CAPECRD_WQX-262,2006-01,ANFIS-F,20260815,0bd1da86066abe1ad64cd047ed91054c026c3792e27945c5c3f0691a5c8fead2
wqp,wqp:21FLSFWM-L005,2004-11,ANFIS-F,20260815,0bd26c4edce63a9259834b479c88c291e57abc959b5991232f0b49092f01c022
wqp,wqp:21FLSFWM-LZ42N,1991-12,ANFIS-F,20260815,0bd4d0a3c755f52dae25abc4eeddb4114e5f02664bb003cc8c8f715924378e16
wqp,wqp:USGS-07263299,1992-08,ANFIS-F,20260815,0bd7cf626c74030778d2dc5bef3672b228199e835fb7a9afc73d5c58e0ac0725
wqp,wqp:21SC60WQ_WQX-CW-207,2016-12,ANFIS-F,20260815,0bd8231e7792a72f7fc98146d6dc078821aa5674fff2afd287aa961941beece0
wqp,wqp:21FLLCPC_WQX-YALEMARSHPK,2016-08,ANFIS-F,20260815,0bdd867b3bf9439c3cb73665e5c0b15acb0222c2d7f73bc47b50ffe3b8c0012f
wqp,wqp:21FLLCPC_WQX-GREENWSH,2009-08,ANFIS-F,20260815,0bdecd1703d3e351b5fcf9eacbf6c31bc736c0c7f9a92408d630f967cf424c07
wqp,wqp:21FLSFWM-E02,2003-09,ANFIS-F,20260815,0bdf0b55254f98b545c38ff0aa5a63fee9d3bba500057cbf0e9e619524a656ab
wqp,wqp:21FLSUW-ALL010C1,1997-07,ANFIS-F,20260815,0bdf390686d346b69cc12fff04d3f0ac7305899f5241ec15ef2dd4fe88576a6b
wqp,wqp:21FLSJWM_WQX-409555,2018-02,ANFIS-F,20260815,0bdfd82d234c53fd7e8820dd18405df511fcabb1cb98f55e03bdd4a7a7043e21
wqp,wqp:21FLSFWM-C03,1985-10,ANFIS-F,20260815,0be0988bd567decd38254ba376829ac1dccbcac65d81152fb709a98ff7b28fa3
wqp,wqp:MNPCA-62-0054-00-101,1996-05,ANFIS-F,20260815,0be795ea751cf459b853c3841971a0f79fae3cd15fb4da5e7d37e6ece2e025aa
wqp,wqp:USGS-07049690,1984-02,ANFIS-F,20260815,0be7a80071ebcebf26afb108d1841a9b24ee66ff127751ae420dbf7a3bd74f33
wqp,wqp:21FLSFWM-LZ30,2004-04,ANFIS-F,20260815,0be82886eee84c2d3a9fcd92044501637c2a82804c1601b4d8f538e129e43073
wqp,wqp:21FLSWFD_WQX-23631,2008-03,ANFIS-F,20260815,0bebdd7324e53351af9728049e83b147e239a2e97e8ecc2ab9541827eee56ef4
wqp,wqp:21FLSFWM-RITAWEST,2002-07,ANFIS-F,20260815,0bec8782f1e3a801315b1d1076c9cdabe1ab5cb494a3fd8f7e35c720c5a3775f
wqp,wqp:21SC60WQ_WQX-SV-338,2003-04,ANFIS-F,20260815,0bede0cf03c2cb0619bcb6667f13c98182f772e72eca5b24a09609af6838309a
wqp,wqp:21FLSFWM-C03,2002-10,ANFIS-F,20260815,0bf1cd2d8a3fefc2d2ded02ddf9372fd9236f5c143a9b4825f5380a3e6c499ec
wqp,wqp:USGS-423556088365001,2000-02,ANFIS-F,20260815,0bf5efb19aeba7000e3a3329b2d7f25ca0eead39672b13a68ad25fe68a4e63b6
wqp,wqp:21DELAWQ_WQX-208211,2016-07,ANFIS-F,20260815,0bf6b707c0a6b0f955ccd6ee93038948b64d61f7d529848ac7b3f42a677e357c
wqp,wqp:21FLLCPC_WQX-GREENWSH,2018-08,ANFIS-F,20260815,0bf6e4c2d5c8a04762b7be0052e620bbb3836c7e67624281750a98a08a856784
wqp,wqp:21FLSFWM-ISTK7,2004-08,ANFIS-F,20260815,0bf7c17ed863abdce9c3b6bc43d35693cbad2dca04b77f764391b2db7926a4d6
wqp,wqp:21DELAWQ_WQX-205211,2017-02,ANFIS-F,20260815,0bf8c80b38f16e93ea20371e59cb07af9969623b213244cf08fba2074f46e30e
wqp,wqp:21FLSWFD_WQX-23613,2009-07,ANFIS-F,20260815,0bf96ae45082eea650fb9d66dbb3267a6900c1b0da64f507ce5f83f9ed3da911
wqp,wqp:21SC60WQ_WQX-CW-033,2013-12,ANFIS-F,20260815,0bff49939c11c5b8ca542c1d162e60c431e4f010a9d9feeb323ca6d2c9d248f2
wqp,wqp:21DELAWQ_WQX-202021,2006-04,ANFIS-F,20260815,0c01245d39b5ffed1d11d4e8b005a44b4e3d89a291ae390ba74d5cbd1cfdc0d7
wqp,wqp:USGS-423556088365001,1998-04,ANFIS-F,20260815,0c012f579abc9ad2c627ef6b2338d56327012a5f127c00bacd1cfd6dc61beec5
wqp,wqp:21FLSFWM-LZ30,1989-08,ANFIS-F,20260815,0c018c105a63c7c3aa0e2a92d0d73cdb6d5b0ff898fa97439bf1edff4743f7ee
wqp,wqp:21FLSFWM-ISTK1,2006-11,ANFIS-F,20260815,0c03419c54766c58f316f1612822c1ab58e292cf04e2170bd83458f66474a9f2
wqp,wqp:21NC03WQ-CPF087D,2013-09,ANFIS-F,20260815,0c042549bf9c90453b41d8e0e7ac90c15b952dd2bc74464611e1b8c2cc960bce
wqp,wqp:KAWNATON_WQX-KN-KL-002,2014-05,ANFIS-F,20260815,0c0550b58e758337340096a16f6db40388f69423fa2b489c33d2d3516f4fb695
wqp,wqp:21FLSFWM-TIN8100,2005-08,ANFIS-F,20260815,0c05dc65025e4360b81a7d6874052bd836cc02d32ba38f2a755fe6828007b396
wqp,wqp:KAWNATON_WQX-KN-KL-005,2018-01,ANFIS-F,20260815,0c06d1c62fca20b0dc9452dbf8fb5d65c3e0b676a7816cc7b1ac4c4b5edc538e
wqp,wqp:21FLSWFD_WQX-23641,2006-10,ANFIS-F,20260815,0c0734806c29fd96392869153a79003f6e9419c985d2af86e9e2bb709b78772d
wqp,wqp:MNPCA-10-0007-00-201,2015-08,ANFIS-F,20260815,0c0c0511f4108a09db78e131c7ea208052f0c4f4bd38f2e20ec9f180f363bd5c
wqp,wqp:21FLSFWM-KISSR0.0,2008-08,ANFIS-F,20260815,0c0e0459e98dd59a17b5429fa568c66a130c94e64fd3274d1b191229102a3b8a
wqp,wqp:21SC60WQ_WQX-PD-327,2018-03,ANFIS-F,20260815,0c0e13938f3c64a55cd389515e692a9c6cedd51743a4b927925f13f18704095e
wqp,wqp:21DELAWQ_WQX-307171,2010-06,ANFIS-F,20260815,0c0e8677267e9144050f7357e81208e3feda80ec5678f0d26bed6152643e2cfd
wqp,wqp:USGS-07049690,1991-10,ANFIS-F,20260815,0c10eccdba226c67b3a7d92f5b88671fa16c31f6639cbe094c7c57f79f7c40f8
wqp,wqp:21FLSFWM-L006,1994-10,ANFIS-F,20260815,0c162d27c8082fac87432fa7ec6cc597327656cd6d57851b4e5e4a76c3ac89c8
wqp,wqp:21FLSFWM-L004,2007-04,ANFIS-F,20260815,0c197ceeb219030dfc462aa3de64e596ff02db0325bf315dd03a9e2c1dcab278
wqp,wqp:AZDEQ_SW-33,2018-11,ANFIS-F,20260815,0c1a37707c2fa992f90ff4e8fa9c083a344e10ce6d190a76e46644c6b5fab02c
wqp,wqp:21SC60WQ_WQX-SV-361,2004-09,ANFIS-F,20260815,0c1a38d9d23d2cdccf7ce647c8172324b0a6b9a567081d58a53b4ecbdbe9d4f3
wqp,wqp:21FLSFWM-ISTK2,1998-11,ANFIS-F,20260815,0c1c4abda3bd3898998457e9af2b39398c2dfb4a95b269df37f97c07f901903b
wqp,wqp:21FLSFWM-L004,1994-02,ANFIS-F,20260815,0c1e2e7471ec6f2ed30d990c89beeb68dd8b2594b0cef7b4c5c41124ebf6fe31
wqp,wqp:21FLORAN_WQX-HB70,2018-02,ANFIS-F,20260815,0c2577a211275b7ea6c6a084ed7f5aec1da916f1f04cdd63eda1884a7eaaad7a
wqp,wqp:21SC60WQ_WQX-S-311,2017-02,ANFIS-F,20260815,0c259356141394d175d86cd88eff0a5fe695c86a6cb8024097209a5325a1ccba
wqp,wqp:21SC60WQ_WQX-SV-098,2012-05,ANFIS-F,20260815,0c298dfa45387aaacf664c7f1ef86a86bec85db40d5e01f7987547dccbc3bec1
wqp,wqp:21FLCBA_WQX-WAL-MORRIS-1,2018-07,ANFIS-F,20260815,0c29f48794d041996c5c2f79a49b8552b63aace407f69471e6d54ec3eda7d30a
wqp,wqp:USGS-07049200,1983-08,ANFIS-F,20260815,0c2b5570751bc3b2361ba2f353a3f664b7083e3324a8e1d94ce1ee4e9b0cbc86
wqp,wqp:21VASWCB-5ASRN000.66,2016-12,ANFIS-F,20260815,0c2be210e96a0774305e7135a4c99da4b64b717c28c4317b602ec40e2d5bcb3b
wqp,wqp:USGS-295554095093401,2011-12,ANFIS-F,20260815,0c2cd5007911d78897dbc493cdbfa7c9c2cb2f6947ac1894876ff24f57834dc6
wqp,wqp:21NC03WQ-YAD169B,2008-08,ANFIS-F,20260815,0c2e43b49a3b4c24cb3ef109d6711e4e56228461542c09f0a2b08c93e4583459
wqp,wqp:11NPSWRD_WQX-SLBE_PL_01,1990-11,ANFIS-F,20260815,0c30875f9202df0f9fb10243fa7f77d1a821b08b01da7e5a51fd476b38a2c105
wqp,wqp:21FLCOLL_WQX-LKTRAF4,2012-10,ANFIS-F,20260815,0c3098d50c2b4a8bf8f4cf5cacdb118369561670f04855db31e89d4629ecb035
wqp,wqp:21FLSFWM-A03,1995-08,ANFIS-F,20260815,0c35b2f98c808c0db9243ac891307164ed5badac6073b60396b26d4af82ef912
wqp,wqp:KAWNATON_WQX-KN-KL-004,2014-04,ANFIS-F,20260815,0c35b7e554d54f00871b52ae097c6111cea36d6755b0abdd4b7b8eb2f714697b
wqp,wqp:MNPCA-25-0001-00-215,1994-12,ANFIS-F,20260815,0c3777073bf1b84db0d9563f97410ecdf679f1053b05e40db7bf8292e35b7cb1
wqp,wqp:21NC03WQ-CPF087B3,2014-03,ANFIS-F,20260815,0c395cade6c1851b564114784435ddd3d1d36ca2a08566a5541da73c116d6a79
wqp,wqp:MNPCA-25-0001-00-215,1995-07,ANFIS-F,20260815,0c39ce1b95ca7313fb95eda235d7b8095982c7ac7ecbb17da3815d6275b9f72f
wqp,wqp:21FLSWFD_WQX-23613,2018-03,ANFIS-F,20260815,0c3af19dcf7ac302bf4f3c56f03899ce46d44f7c4e91471110e2881169a09f47
wqp,wqp:21SC60WQ_WQX-S-024,2002-12,ANFIS-F,20260815,0c3bfc4b10b4a2ca73ecc6aed4708edd52e23f5f02324da2c89ed511844ab34c
wqp,wqp:CAPECRD_WQX-290,2018-11,ANFIS-F,20260815,0c3c5e7e3bbba60e6a3766d1287b356d0d956bde0a5c0421358251cf55c69c62
wqp,wqp:21FLSWFD_WQX-23479,2018-12,ANFIS-F,20260815,0c3c84a3483835c0b790703f485b93495f0d2fc69687400cfb42fa1fff5209c7
wqp,wqp:21DELAWQ_WQX-205181,2004-03,ANFIS-F,20260815,0c3dcbaf69927a2d01b32fea84e24a97ee4b8a402acdaa6610c695694f9a7fd5
wqp,wqp:USGS-07048910,2007-09,ANFIS-F,20260815,0c3f37e32651c1f1018b0bd8ece177c730580478443fa3c722e43b2c3a96e4a8
wqp,wqp:21SC60WQ_WQX-CSTL-075,2000-09,ANFIS-F,20260815,0c422d4f7a4146a47312658f666409828521488e4aa3f58079412fd93badf234
wqp,wqp:21NC03WQ-NEU019P,2016-10,ANFIS-F,20260815,0c423f68ed87231f4b7e708f5e1122b5157ad6768a6a001c6cbdb648a96362ae
wqp,wqp:21FLSFWM-LZ42,2004-08,ANFIS-F,20260815,0c4703c5975ba73da3dd378c78f3399fcc2698a8af35736542ed1e91958afff2
wqp,wqp:21DELAWQ_WQX-304321,2011-06,ANFIS-F,20260815,0c4707bdec44e8803f7844b2ed8245a4a92281c13f6a1d1f200598067403218c
wqp,wqp:21FLORAN_WQX-BC6,2011-10,ANFIS-F,20260815,0c4755b74a204530f738885f1ba20a84c05f02a2f9f436a8af34ce94e6eda04d
wqp,wqp:21DELAWQ_WQX-303331,2016-04,ANFIS-F,20260815,0c4abb7dcd1c91ebb38c486dd68e81f2d31f9042f87acf71ab5ee4b0a43c6d5f
wqp,wqp:USGS-423526088380101,1984-06,ANFIS-F,20260815,0c4c4ed269fe92b617114b165839dbf558e9394838ddee6c9daee52c7de2965f
wqp,wqp:21FLSFWM-CLV10A,2003-06,ANFIS-F,20260815,0c4e107a4244b713dba0a337eacc109424bdf4dd080c368a53eecdebf30130bd
wqp,wqp:21FLSFWM-PELMID,1994-10,ANFIS-F,20260815,0c51c95603508e76aa2f194826ff84d71db2831d044c2930a1a0d2e5b5b2e290
wqp,wqp:21SC60WQ_WQX-SV-331,2006-04,ANFIS-F,20260815,0c547a12cb25d079477311d26521fd31846b6f8d8bc9c16150ddcc95bcabac63
wqp,wqp:21SC60WQ_WQX-SV-200,2004-02,ANFIS-F,20260815,0c5569fb7da33574ec25d0e8199605201605970264945d1dccb6720023093343
wqp,wqp:21NC03WQ-CPF086F,2007-08,ANFIS-F,20260815,0c55c07fd3f28264339a1fcf322576c90e2973320c43235eb91b38a2608c35da
wqp,wqp:MNPCA-62-0054-00-101,2013-08,ANFIS-F,20260815,0c561ccf9fde35d9a5ab47e6cf7a7c1aa6e1518d1b2511a65bfb90449b2cf734
wqp,wqp:21FLORAN_WQX-CC9,2015-10,ANFIS-F,20260815,0c58f61530cdc5f8b2a16f4c3cf7ebb492ef4ab6b566e171ca985b1db4879810
wqp,wqp:21FLSFWM-L005,1978-03,ANFIS-F,20260815,0c63d14caaca2d310d4e295398b04ade58af4746cc4ed6f2e1d4855e3eaa8f70
wqp,wqp:21FLSFWM-PALMOUT,1996-09,ANFIS-F,20260815,0c63f015b7ba78bacedf5446a7c82d57808a4908f93a9a1136e07d3492d0ec7e
wqp,wqp:MNPCA-62-0054-00-101,2000-08,ANFIS-F,20260815,0c6783388e1b4a153135a00cbb6d3e43471366e526a6ea664a13562ebc5bebf4
wqp,wqp:21FLHILL_WQX-135,2004-11,ANFIS-F,20260815,0c6f79dda32514e30f6d4ca9fd10f7f9e184613db4c87517237f5c3b643e9f83
wqp,wqp:MNPCA-25-0001-00-233,1991-01,ANFIS-F,20260815,0c7054803ffdb1e0b4a4e99d6ce22382e7b4638da156843c9821aeb425d04f7b
wqp,wqp:21NC03WQ-NEU019L,2018-04,ANFIS-F,20260815,0c72d9bc90a69bb85d822c2b5ce2b89af0b106e1883db35fe7e0de83a35e71bf
wqp,wqp:21FLSFWM-CLV10A,2003-03,ANFIS-F,20260815,0c7408927f25719a5052dd11f53f7dd5a0af26e6b8a9feed30a34c6986b18368
wqp,wqp:21SC60WQ_WQX-B-345,2001-02,ANFIS-F,20260815,0c7425bd4397754a5b248db7cca2fccd33090274bafa2e91caf2a93ebfc8a7ef
wqp,wqp:21FLORAN_WQX-CC12,2012-06,ANFIS-F,20260815,0c754b0f49bbd780af9f8065be15e0b23ccd9248cff81155d37639f9fb0926de
wqp,wqp:21FLSFWM-PALMMID,1988-10,ANFIS-F,20260815,0c7849f09ca4c9127fffcc247ba92d18481ea59226c6094c5fc128eaba01474f
wqp,wqp:CPNWATER-WW#3,2016-01,ANFIS-F,20260815,0c78ed49cafe79514ea5b012c62c22546fe0d085f391a866758dde564110ce8c
wqp,wqp:21GAEPD_WQX-LK_12_4048,2004-10,ANFIS-F,20260815,0c7b046a6bb44f80120017f4d7dce807be0f7d8a1e985ba85cf181cc731f230c
wqp,wqp:USGS-01201700,1977-09,ANFIS-F,20260815,0c7b056302bc456146286826c5f93c5541f4167a7a464b49441ad5d6f67d073b
wqp,wqp:21FLORAN_WQX-BC14N,2009-07,ANFIS-F,20260815,0c7c7f7281dd2f2aa02d17e5a1046b83c7d897db0310379890a42e267de63e12
wqp,wqp:21FLSUW-ALL010C1,1998-10,ANFIS-F,20260815,0c7cc0b361ed73c8ef9a75425459599a1e38a1386198337c1f5258ed89d9f757
wqp,wqp:MNPCA-62-0007-00-203,2007-05,ANFIS-F,20260815,0c7ce530d40a44bc12062a1d67fdccadd084996830335b9306a3b594215158e4
wqp,wqp:21DELAWQ_WQX-303331,2006-07,ANFIS-F,20260815,0c7ff7f052eee39305070162b4831bacd9e916372cdc5ee8e8fb38b6444a666a
wqp,wqp:21FLLCPC_WQX-GRIFFINTISH,2015-10,ANFIS-F,20260815,0c80fc9515d115b02d6c31c4d3fb3306b0b1a471053de17481d73b78fc3d740b
wqp,wqp:USGS-07049187,2017-04,ANFIS-F,20260815,0c8180a124e29a52628704e55bb71234d0d61ba172e15430bcf4299b2c4fa3a1
wqp,wqp:USGS-423659088354401,1988-04,ANFIS-F,20260815,0c82a6caf031c5c1379487cd8a0211754395199876ce1210d38217ab377942b8
wqp,wqp:21FLLCPC_WQX-TROUTDKEUS,2014-12,ANFIS-F,20260815,0c884a17e75b77b9f5f4fe861575aeccd32c61e8254c4568bd680c283cab8ac9
wqp,wqp:USGS-07049690,1989-01,ANFIS-F,20260815,0c893f6cd5e0ccadb039df0f13a08b6c0433d1703338d89f76d2fa71ddeae112
wqp,wqp:21DELAWQ_WQX-308071,2018-03,ANFIS-F,20260815,0c8a8490d161c235e3986f79182938f6dfa028fdfaf7593ffd7ea94ac112fa12
wqp,wqp:USGS-01201700,1976-03,ANFIS-F,20260815,0c8a8e9ab78a8cdf11b01d4109d018d39d2d6d7cb5632be943dce2bd8873417a
wqp,wqp:21SC60WQ_WQX-SV-331,2018-09,ANFIS-F,20260815,0c8d3fe78c51ebd6450dcde6349fabf07ddaf0c1c740197d7e7772736b493cee
wqp,wqp:MNPCA-62-0055-00-201,2003-07,ANFIS-F,20260815,0c8d75affcd69db6ff94b25e63ac5430ccefd50f84c2c086c4c834264502014a
wqp,wqp:21FLSWFD_WQX-23631,2015-09,ANFIS-F,20260815,0c91468229b11e024f976a17deacb8c95287b019c6b7965253ca2344c618c988
wqp,wqp:MNPCA-47-0042-00-201,2011-06,ANFIS-F,20260815,0c914c9c1353cf26fd0b1ebccf23db616c971546ba9375f15b88c51d7c7773b0
wqp,wqp:21NC03WQ-CPF0880A,2015-12,ANFIS-F,20260815,0c9415687c43a4eb815f690ec33ed24b5b533185abdbb238db15b83e1670c326
wqp,wqp:21FLLCPC_WQX-HARRISWSH,2014-11,ANFIS-F,20260815,0c9678e49396bdbe442f2adbaec22b974e2bc4433c4d587fb4823ca1790b91c0
wqp,wqp:21FLSWFD_WQX-23613,2007-07,ANFIS-F,20260815,0c97f4db94c547cd33d8deb6d17c577dcc951ed68f005e2dbf3f07920a5cf51b
wqp,wqp:21FLSFWM-E02,2002-10,ANFIS-F,20260815,0c98c0c5fbba1cac213ded0aeed8615b11dcbec55dd4730edc9b4185df28a4a0
wqp,wqp:USGS-072632992,1992-06,ANFIS-F,20260815,0c9d3f01ac7de1b7f7300bab768dc865d54558ecd71c0bb78fd362466053d532
wqp,wqp:21NC03WQ-CPF08801A,2006-08,ANFIS-F,20260815,0c9e1d536ecbfac5bdaa3a5a02e232f44246d54142093298841cbe6def3c8b70
wqp,wqp:21NC03WQ-CPF055D,2010-12,ANFIS-F,20260815,0ca32e3c95cbd1a4a2c6a07a221728119b387c91853dbdc2774f5d69602c4d07
wqp,wqp:21FLSFWM-LZ40,1998-12,ANFIS-F,20260815,0ca4b4d84a45950b85bf4e7259008f89051fce611ed600a453f682f6d1b0220e
wqp,wqp:21SC60WQ_WQX-S-022,2017-12,ANFIS-F,20260815,0caa0c3bfec33b3e27f16c4cb7b1639b25310c4744bb1d30e70864ddf8894b38
wqp,wqp:21FLSFWM-B06,1999-02,ANFIS-F,20260815,0cab57fa102e782fb63cdcfe7471b1435f56c58b69fb3a98cecda272383213a2
wqp,wqp:21FLSFWM-A01,1992-07,ANFIS-F,20260815,0cae99b8193208d4620ad03ea51c308e9c1798eeaa749df9f3ec0f106a1544b3
wqp,wqp:21SC60WQ_WQX-CSTL-075,2006-01,ANFIS-F,20260815,0cafa0ea455f6194a682b1c8062649d24f22e819392df49f2eadcf5db3d76bc8
wqp,wqp:21DELAWQ_WQX-208181,2002-07,ANFIS-F,20260815,0cafa39e43f1de721c3b1258c9b89dbd6f2c724926703b98ee9a47123a01fb07
wqp,wqp:21SCSANT_WQX-SC-040,2015-06,ANFIS-F,20260815,0caff4732567f63322a5b0e7fb90b38f2dd36efa44a8aa8fb55058e8b719b8ce
wqp,wqp:USGS-423556088365001,2014-07,ANFIS-F,20260815,0cb0180b04eaec9050db2a332069bdd34193bf1e47fe90f474a3a94e3048cfdc
wqp,wqp:21FLSFWM-A03,2003-11,ANFIS-F,20260815,0cb02efbbf83c298a6ac35009d5c47364315b84ffffa390d5ad31a0c2fd973b8
wqp,wqp:KAWNATON_WQX-KN-KL-002,2006-04,ANFIS-F,20260815,0cb06d2c2130323cc581acf544ad07676aef44a932108f55395d04549e29d578
wqp,wqp:21FLSFWM-ISTK6,1990-09,ANFIS-F,20260815,0cb0a5a812f3339c2aa81f0e5e1a54c0e9df8cb8b548f81111bd8e868aa29670
wqp,wqp:21FLSFWM-TIN13700,2006-03,ANFIS-F,20260815,0cb22b48b12d39aa17b6526424f1bad76e38e82a54b452c17f969d2e81e51a4d
wqp,wqp:MNPCA-62-0055-00-201,1985-04,ANFIS-F,20260815,0cb3e968e47869fca09b914f3c54c5c625f99963592b1a5874da8dfb60c00fc5
wqp,wqp:21SC60WQ_WQX-CSTL-075,2009-10,ANFIS-F,20260815,0cb7bab0b605e6116d8a87a7c6bc66d27b3ccd1205ea3806b2b18c2924944153
wqp,wqp:21NC03WQ-CPF0880A,2012-06,ANFIS-F,20260815,0cb7fa4887de7f4a34855bef2034f9dc1b26f29c433dc4d0e58e29f6badef59b
wqp,wqp:21SC60WQ_WQX-CL-019,2007-03,ANFIS-F,20260815,0cb9a476e1ac5c83dabf5d9c8717fbb866cede10394d04d4b603be847957a0c9
wqp,wqp:21FLSWFD_WQX-23480,2008-07,ANFIS-F,20260815,0cbbd55bca20775254b9bf43211161817097c11b5cc736d03f07cbb3c2477c0f
wqp,wqp:21SC60WQ_WQX-SV-200,2008-07,ANFIS-F,20260815,0cbe1a2f194d32132efb0642e8bf91888795f7b92cbfd2837816b7bc309fc350
wqp,wqp:21FLSFWM-D02,1982-10,ANFIS-F,20260815,0cbf61f03e571268b5df63eb9dde26a2ef48215ece8d4cd7cd9b928b32ddb3fd
wqp,wqp:21FLSFWM-PLN2IN,1996-08,ANFIS-F,20260815,0cbf879d3b7f8cc3c7e29340bfb0872045820547477d326f27983d01d212dd18
wqp,wqp:21FLSFWM-B02,1995-07,ANFIS-F,20260815,0cc1c8a465ba56c83bcd455476509ff8f7330036945a7ad0abe20726cfbf649f
wqp,wqp:21NC03WQ-NEU019E,2005-05,ANFIS-F,20260815,0cc29870f7db46e4559bacd664ee33079f58e5dae3f95e8f7b7327abc32e31b9
wqp,wqp:21SC60WQ_WQX-S-022,2018-11,ANFIS-F,20260815,0cc2d41cc0e3990e7b6fc90429ce7ecfb4d99a369ca6660bd46587f2afb55bd0
wqp,wqp:21FLSWFD_WQX-23631,2008-11,ANFIS-F,20260815,0cc35a8dbb586b75784f8d7b806683cf1cad4e33ae4ef9faf29e1b70049c87ad
wqp,wqp:21FLHILL_WQX-135,2018-10,ANFIS-F,20260815,0cc7efb468ef35b9a893b3f1d72f740b9c50a7874a3e4fc00c1efaac4b1e72ee
wqp,wqp:21SC60WQ_WQX-SV-340,2007-10,ANFIS-F,20260815,0cc87bd39c1b09eb4565716682338de6845152cfb08bedacad1e7326392479b9
wqp,wqp:21FLSFWM-L001,1989-02,ANFIS-F,20260815,0cca43fa542e844d9cd8c2a5afa1b17a1d917cc1f793e59d9e71ed1337ae93e6
wqp,wqp:21SC60WQ_WQX-CW-231,2018-04,ANFIS-F,20260815,0ccb18031f7f713ebb98535937e5413767a38c8790b2a552b4f8d4176fee164e
wqp,wqp:21FLSFWM-L005,1989-01,ANFIS-F,20260815,0cccf3fe9b15858e02bac262029f26cb48469227e94b1214ce5f5bd673c5eaa5
wqp,wqp:21FLSEM_WQX-SPR,2015-08,ANFIS-F,20260815,0ccdb888a23c077f06c30fb612d77f9ea12f844a82206d78f2da3cda2a1ccf40
wqp,wqp:11NPSWRD_WQX-SLBE_PL_01,1991-08,ANFIS-F,20260815,0ccdc789e695efe3d7d5bff8da8b248115236b801bd542fa5fd3e5fe715a3461
wqp,wqp:USGS-07049690,2016-10,ANFIS-F,20260815,0ccf0447598d07bb4259f71240269c1c2e3baf2fd5f58118287f6415f7d43236
wqp,wqp:21DELAWQ_WQX-208211,2015-02,ANFIS-F,20260815,0cd11a0d29471646eb40d2bc349baad91b4f048b6a909bc38c3b728224340ef3
wqp,wqp:MNPCA-02-0075-02-203,1983-01,ANFIS-F,20260815,0cd1e1c35f33499ed2a4fc7b8281e6deeb73da632bc058cd559384879b59d9d3
wqp,wqp:21FLSFWM-A03,1998-06,ANFIS-F,20260815,0cd2598055820421f52b0776fea98a17768fb3c879516ea6fbc5deeb3e3b2238
wqp,wqp:21SC60WQ_WQX-SV-331,1999-01,ANFIS-F,20260815,0cd8429ce3b945200a8eb1b9f114245f646a0368334b30b6fcec41b0795ea647
wqp,wqp:KAWNATON_WQX-KN-KL-003,2008-05,ANFIS-F,20260815,0cda6d980322974540b9f6302c5325a606ec6b242f678c50d68b628372010d82
wqp,wqp:21FLSWFD_WQX-23631,2007-10,ANFIS-F,20260815,0cdcaccf226fd289f325d91f682203bce1c33cf0ae5a902012bc9f584ab0e565
wqp,wqp:21SC60WQ_WQX-B-327,2007-02,ANFIS-F,20260815,0cdfc494866a8c9a7c9fb05ec87462bc3d3c6a4125b0611eedcd35377c03ae81
wqp,wqp:21DELAWQ_WQX-202021,2017-10,ANFIS-F,20260815,0ce46d427e2b5a1a8e577ea4a3462d873c684fa94bce08c127e66c44771df52e
wqp,wqp:21FLSFWM-TREEIN,1994-04,ANFIS-F,20260815,0ce8c33ed2669c5c0dd9b039cfe6b47c5d579fbf95797f672565b6acbf8d08f5
wqp,wqp:21FLSFWM-L001,2007-04,ANFIS-F,20260815,0ce8c572f70e0c73d9d7879d975b064f995759bf0e05740800319c99b7989e8a
wqp,wqp:21FLSFWM-KISSR0.0,1988-05,ANFIS-F,20260815,0ceca3d9016dcd821066d32aed4ec549b22bcfb29cb0401c1e2bef8843a98a0a
wqp,wqp:21SC60WQ_WQX-CW-016F,2011-11,ANFIS-F,20260815,0cecf92a6ae7ce2637a1534c16f10b4b57b0dfaa4c28d39eecc52ad4a55e7f8b
wqp,wqp:KAWNATON_WQX-KN-KL-010,2014-05,ANFIS-F,20260815,0cedcb13fefec044ebd5a093d4b447d0187b38f74ab3c57b4931238600ea37dc
wqp,wqp:21FLSFWM-D02,1992-01,ANFIS-F,20260815,0cef0817b7fd0b7da1308c10c278a5302a733b2a84a68a89d739d78a3bd8e1f1
wqp,wqp:21SC60WQ_WQX-SV-331,2004-01,ANFIS-F,20260815,0cf0260a6b0e59e185b10a038e04c28c4251f9162b1badc8458a0eb0869fb187
wqp,wqp:AZDEQ_SW-33,2014-12,ANFIS-F,20260815,0cf0eaecd7263279c5e426bbe2260bbb0043300861abdc2774f11c1c06ae58c8
wqp,wqp:21NC03WQ-CPF081A1C,2010-08,ANFIS-F,20260815,0cf0f7f68029ef8763f28c0f8646e884856a08cc0d743e13a1fabbc71e6e4a42
wqp,wqp:21FLSFWM-TREENOUT,1989-03,ANFIS-F,20260815,0cf326e6ba5ae16bfd0df293c124bf9b18a977b762610eccae74b8098b861663
wqp,wqp:21FLSFWM-L004,2008-01,ANFIS-F,20260815,0cf9754ef5234e0877b601d285fa2f38e1f627a50f67847e0670ccf9a66f9d08
wqp,wqp:21FLSFWM-LZ30,2002-09,ANFIS-F,20260815,0cfa5591083cf8b5c4da5e1b668f9ddb4a35eb67e29124049c0cb62521836f5c
wqp,wqp:21FLSFWM-LZ42N,2003-07,ANFIS-F,20260815,0cfae7d79e44d74ea99b3ab09a69f9a0f01c246a097fc970ac032bee4bab447c
wqp,wqp:21FLSFWM-PELMID,1987-04,ANFIS-F,20260815,0cfc5d989e2886e424c1e41da9b42e34965580eb2eeb29a73133f5c11733e03d
wqp,wqp:21DELAWQ_WQX-304321,2011-01,ANFIS-F,20260815,0cfe1f5504088005a30d2b5fe5845977431d0f1f75c96ed2ce654115497a4766
wqp,wqp:21FLSFWM-PALMOUT,1996-02,ANFIS-F,20260815,0cffe61c876ba81581505f842e8ce79ae6547799af4244909e773e305468da55
wqp,wqp:21NC03WQ-CPF081A1C,2013-07,ANFIS-F,20260815,0d0774f5cb70272475994773889aa2ed34cef1c744d68de64c97214750f1c4d1
wqp,wqp:21FLSFWM-OISLAND,2004-10,ANFIS-F,20260815,0d07f1ed57b76b650b6afe7233997477ed18a3e0cddf594f3713e79b94569eca
wqp,wqp:21AWIC-23,2012-03,ANFIS-F,20260815,0d084888a673515d4721a8ce8e0673b046c32c75ea4c4de2e096faf5bf36d3f3
wqp,wqp:21FLSFWM-L003,1989-12,ANFIS-F,20260815,0d098c0e54fc3fc403044940e2dc0d076cee72582ba6843ad2c81f81842229f4
wqp,wqp:21FLSFWM-RITAWEST,1990-04,ANFIS-F,20260815,0d0c3c5a7cdbe950c9a3942e630b44954980745565d5adfa9250693625eedd55
wqp,wqp:21FLSWFD_WQX-23389,2011-07,ANFIS-F,20260815,0d0db97072cbfdf6261981539dd4955dc54bd79b0ed03e90198ce03e8ed977eb
wqp,wqp:21FLLCPC_WQX-LKSILVERSHR,2002-07,ANFIS-F,20260815,0d0fc27e7c58f197ffca37e7c55d27011d31e19b59538018c3c8f27f58f4b571
wqp,wqp:USGS-01201700,1980-12,ANFIS-F,20260815,0d111e4167c1d87dd61c0d7b397093153d47545789ef7bf6b61c7fd99e2121a8
wqp,wqp:CAPECRD_WQX-280,2016-12,ANFIS-F,20260815,0d13070c9de04437a5dfdf8065559e06e672a79e04807966330cf11b49a0023d
wqp,wqp:21FLSWFD_WQX-23144,2002-06,ANFIS-F,20260815,0d15049ff051df432bdf098643703b55d63cdf4ce8bf572527da747e7d8c2239
wqp,wqp:21FLCBA_WQX-WAL-TRESCA-1,2017-08,ANFIS-F,20260815,0d1562eb3068d25d7b626fef4a43774a29ac7973433e213d858396b5545bdc5b
wqp,wqp:USGS-01201700,1979-10,ANFIS-F,20260815,0d183460122ac373279e1a059085f2f7d68c35e95c3ee9a401b69f33e8231625
wqp,wqp:21SC60WQ_WQX-SV-200,2009-08,ANFIS-F,20260815,0d19b0f880d6609972132e7cd8c02e5addc4068a88853357ba540e005a69bdfa
wqp,wqp:21FLSFWM-PLN1OUT,1990-10,ANFIS-F,20260815,0d1a98828602f6909926b914df5d83a6da8eabac55c4c5fc2f255ae95ff23cf1
wqp,wqp:MNPCA-62-0007-00-203,2017-06,ANFIS-F,20260815,0d1c1c61dfc2bada779a03a3afaa12d4d51a08605c617bed33f93b9a755d1259
wqp,wqp:MNPCA-82-0046-00-203,2006-05,ANFIS-F,20260815,0d1deeac51c15aa81473c6d9450cb8a94b723777a9a5e0f4eb84242b82515233
wqp,wqp:21SCSANT_WQX-SC-014,2014-11,ANFIS-F,20260815,0d2081c028878e3abef26c59264934fab498b12446983df064d091db273dd202
wqp,wqp:21NC03WQ-NEU019L,2013-07,ANFIS-F,20260815,0d20d990241af4aa6aefc1ac1ad05370128605b03e3a906ffd88309196220e06
wqp,wqp:USGS-07048910,1984-05,ANFIS-F,20260815,0d21e65f89cd7f50464654c5ef4c19e8757c2929bcf926d53785693cff621a33
wqp,wqp:21FLORAN_WQX-CC18,2005-09,ANFIS-F,20260815,0d22de632a5c5f0bd53ecd397b62b33d5c7426cef64d413a63b886722f186c4c
wqp,wqp:21SC60WQ_WQX-SV-200,2003-01,ANFIS-F,20260815,0d24561eac6b26deae0ca1fd5aed4b897d4e9401abce0f65d8d104afb56e41fd
wqp,wqp:21FLSFWM-A03,2004-05,ANFIS-F,20260815,0d254fa4f2f4161d5ede7695cb66c4c9def00cb85335d16cf412c62a1e9d8bd3
wqp,wqp:USGS-07263299,1996-07,ANFIS-F,20260815,0d2bae2acc063e95d66440d503a0070ea78b25eac20e06f22e8be794996741c6
wqp,wqp:21FLSFWM-TREENOUT,1992-01,ANFIS-F,20260815,0d2e93399646062f2e115aed03897a2db02e829d19b08c44d4f640e6ef54642e
wqp,wqp:21FLSFWM-E04,2003-09,ANFIS-F,20260815,0d2ee63c6ddb0ce57dc1508ebd313d0b8c4aa5405abcff4085813bf20eda2711
wqp,wqp:MNPCA-10-0042-00-401,2012-10,ANFIS-F,20260815,0d313dae2f03f2bd20741db7dfb0f1627dee78838d70591b9d4417cc2373eca3
wqp,wqp:CAPECRD_WQX-290,2001-09,ANFIS-F,20260815,0d36155c3b12d81fb642548c10e989d736cde7b4fb8f119f9e6e15ae60e85497
wqp,wqp:MNPCA-10-0007-00-201,1985-08,ANFIS-F,20260815,0d365ffb4889877a493f337bfd91247a79b71af1540a8a40a277f69fe468b963
wqp,wqp:21FLCBA_WQX-WAL-DEER-3,2016-12,ANFIS-F,20260815,0d3662338541468486f7393b5a7e6320408d86dd9bc6b708dcd3bbac54311a46
wqp,wqp:21FLORAN_WQX-CC18,2013-09,ANFIS-F,20260815,0d3727e216a6618e0c8afd9410dd9e73d1452804234e3241e7fe083cba469fd6
wqp,wqp:21NC03WQ-NEU020D,2016-01,ANFIS-F,20260815,0d3784f74f7a8a31abac3f02527a08c78d2cf7e259e81f79e8ae979f21faea92
wqp,wqp:21DELAWQ_WQX-206361,2003-05,ANFIS-F,20260815,0d38fa352da85f2fb9d676cf1ae8b5517aeaf7f1a34ee11d03bd153297aab56a
wqp,wqp:21FLORAN_WQX-BC8,2011-01,ANFIS-F,20260815,0d3b523fabe2d754d6b94d6587716728cce015717372b887dab3470e7971e962
wqp,wqp:21FLORAN_WQX-CC6,2011-11,ANFIS-F,20260815,0d3c9edade95b643396969c5b9d479e0f293823f00053f8e21c7a4fe6d6b03a3
wqp,wqp:21DELAWQ_WQX-208181,2017-05,ANFIS-F,20260815,0d3e0af68e76bb483b452998cb9995072e1467d913e40a10abdb922b0b69bef0
wqp,wqp:21FLORAN_WQX-CC12,2007-04,ANFIS-F,20260815,0d406fa366c3f155eb81714235d980cf5685324e51b1d21a8a9d7693fd6c7b9c
wqp,wqp:21NC03WQ-CPF0880A,2017-08,ANFIS-F,20260815,0d416f73d13350ac94439238b13fa52c02c92752a03de2800c1146c527cb1090
wqp,wqp:21FLSFWM-L005,1988-12,ANFIS-F,20260815,0d421234901f75a04d7821e3a8b708ec1a7666fc1c55e42cb0e2da8e3d2b6232
wqp,wqp:21FLSFWM-MH16000,1996-05,ANFIS-F,20260815,0d43751e6e369e5b1b29e08c5098f22877ef0e98c848bfc8e63179623e2fd9d8
wqp,wqp:21FLSFWM-RITAWEST,2006-09,ANFIS-F,20260815,0d43fb67528bb222de7bf5438fb15f328d5b902ebda8229c4587505b799378df
wqp,wqp:21FLSFWM-ISTK7,2008-11,ANFIS-F,20260815,0d449de60728c7b629330c00b544f8ce2a31578bed8bba29c07c9e46f21920bf
wqp,wqp:21FLCBA_WQX-WAL-MORRIS-2,2018-02,ANFIS-F,20260815,0d454a5fa7eae39af5684586afc066a493651d21d2cc55c1ec1c45d7e83d4903
wqp,wqp:21SC60WQ_WQX-CL-094,2009-04,ANFIS-F,20260815,0d461dcc7e084344695c355513db6f6e5d1eb82e80a01612935d79cd81d9e4a3
wqp,wqp:21FLSFWM-L001,1996-05,ANFIS-F,20260815,0d48acf4512a9334e0229eb38b06ae3c8da518fb6e11f4d1e0610777e94822fe
wqp,wqp:21FLSFWM-A03,1999-01,ANFIS-F,20260815,0d49a1af62358eb8c48210e49fd25dad411cf280f0c988ac3138beeafe702fc7
wqp,wqp:USGS-01657665,1974-08,ANFIS-F,20260815,0d4bc0c9de5aa115bad86f5711da3856b65a7f12a9adb90f9b299a99dfdfb201
wqp,wqp:21FLSFWM-LZ30,1994-09,ANFIS-F,20260815,0d4ec49652fc7b78866f60dabd796718a3fba0939ef242028ff080b867f1ca96
wqp,wqp:21FLSFWM-ISTK6,1993-03,ANFIS-F,20260815,0d4f9469534c103221b4cdb0620a22dacd78641a35a7d97f3e102028fa0ea3f9
wqp,wqp:21FLSFWM-RITAWEST,1988-03,ANFIS-F,20260815,0d51e6dd852210e4a8b535d1fafef5124bdaffbf4727ef5963c84e7333126fd4
wqp,wqp:21FLSFWM-L001,2002-11,ANFIS-F,20260815,0d526e904adff8cc841d34aaef341c4bd0af85aab0935e001f0665589fa4ba50
wqp,wqp:21FLSFWM-L004,1983-02,ANFIS-F,20260815,0d5541c6701832a5b788037809e62ad0296a5cfb816d337eb2ce32dcda411fb8
wqp,wqp:21FLSFWM-TREENOUT,1990-06,ANFIS-F,20260815,0d5714cb1b8e1d61a7d83193ca2484fc86af7ac87adabfc0616e19bf1691d942
wqp,wqp:21FLSWFD_WQX-23631,2009-05,ANFIS-F,20260815,0d591620f030e20481813b45c01b21279587cb0ba7c7d4733abff9a92ecd1a1a
wqp,wqp:21DELAWQ_WQX-109131,2008-10,ANFIS-F,20260815,0d5c6b4c4d7cbd04b4471db050529d0acae1d6551f903a5c674dca7a06791c50
wqp,wqp:21DELAWQ_WQX-308071,2004-03,ANFIS-F,20260815,0d62cb924c5d1ecbc6e4d5bb9ab1565d6776a57f8506b035cc5da148b73bda46
wqp,wqp:MNPCA-10-0048-00-201,1998-09,ANFIS-F,20260815,0d62d5ae591785931b288559b0f95c3581ae27bf4c3649dbe452cbe77c7d99de
wqp,wqp:21SC60WQ_WQX-S-311,2012-02,ANFIS-F,20260815,0d62f8ef63ee4df31fbde591aa5a3ba9600ed21b24becc6d29de3bc0265410b1
wqp,wqp:21FLSFWM-MH16000,2003-01,ANFIS-F,20260815,0d65a730e1c41eab5456aa56bc45db211de9cd98e8016bc9eec8f84dd3007692
wqp,wqp:21FLSFWM-B02,1999-02,ANFIS-F,20260815,0d65e87ddb5f37db9cb50e8e09c5df9766f9c0a2c64dba8d7537c3084b92ca0b
wqp,wqp:21FLSFWM-TIN16100,1996-07,ANFIS-F,20260815,0d69365d7b5d8c6fc6b38d89f3e95278336dc3479cf4d6b44f29a64ae4c1f55e
wqp,wqp:MNPCA-10-0042-00-401,1991-07,ANFIS-F,20260815,0d69c2247fc6d9f2ba1d55a672263225bf90973831e4957b85b68b00a43fbefc
wqp,wqp:21FLSFWM-LZ2,1988-08,ANFIS-F,20260815,0d6a3328802a75b91dbb5a52ee9d4e7bfc7cc24d7b2b55ba6cc526f47a3a257a
wqp,wqp:21SC60WQ_WQX-SV-357,2010-09,ANFIS-F,20260815,0d6ba4f0bd9a79bc8d301a00b5b1e3ae64d58e458b43c5e651720329d19f168a
wqp,wqp:21FLSFWM-POLESIN,1993-12,ANFIS-F,20260815,0d6c437b795dc44dd0cd1df9c67c7e5128d550505079a18f948a49b9d61e7580
wqp,wqp:21SC60WQ_WQX-CSTL-075,2009-03,ANFIS-F,20260815,0d6ce1244ebe24565a4d8c1de7a40892e0c65b82804baa5240a1f18909587d4d
wqp,wqp:21SC60WQ_WQX-SV-338,2003-08,ANFIS-F,20260815,0d6d23e4afa676812083976f370ec021100ba990060827517829869dc4364ecb
wqp,wqp:21FLSFWM-KBAROUT,2002-09,ANFIS-F,20260815,0d71b428864ce47906cf40f9f330505766e6ea1fb900ccbb9299217584bf85d9
wqp,wqp:21NC03WQ-YAD169E,2009-11,ANFIS-F,20260815,0d721e924610a42c1ae3e09c77c41cbd5c1011a024b26fcbe88dd572b2f370f2
wqp,wqp:USGS-07144790,2017-02,ANFIS-F,20260815,0d742f25a4aeac59eb9223a3b1e9177ac59ff3222f74ea4b259cdcf8381d4668
wqp,wqp:MNPCA-62-0013-00-201,2013-05,ANFIS-F,20260815,0d75f0c0cc913ffa11092c880ae7aac832b397b5778c0320eaf0b00f716735c3
wqp,wqp:21FLSWFD_WQX-23631,2010-02,ANFIS-F,20260815,0d76357744e53de2ed93cdc40639b2a19ca4ed12890e6da73960053ed54cf43e
wqp,wqp:21FLSFWM-ISTK2,1989-09,ANFIS-F,20260815,0d771e4a7482435ae2e15c6c585906c3a990c035c40e6f925d89a159eff9878d
wqp,wqp:21FLSFWM-KISSR0.0,1994-09,ANFIS-F,20260815,0d799ba785467025eae1e56c048cf7a9c6048f92219e9a51f888986b4bcc6c90
wqp,wqp:21FLSFWM-L006,1990-08,ANFIS-F,20260815,0d7d228a48ed7278931c148a8dfc2ac13d94a820f63ff9326666ac74f38feaeb
wqp,wqp:21DELAWQ_WQX-303331,2015-12,ANFIS-F,20260815,0d7ddbaef378c035cc214815c3c41fd4f9a7c73266d3d55c76f35289a6e4bb61
wqp,wqp:21NC03WQ-CPF087D,2014-06,ANFIS-F,20260815,0d7dfcc2098f93c8d6c710278ba762c8a1e27a829d581774ad976e2dfc4e5d33
wqp,wqp:21SC60WQ_WQX-S-024,2018-03,ANFIS-F,20260815,0d7ecdad27a24fb5f34b03d94ca7f660c1a212714cffa190e070b60e3130957b
wqp,wqp:21FLSFWM-LZ30,1993-04,ANFIS-F,20260815,0d7fef8246f6af8a4e03349c285d5fdde680b5b9b54225af59df6daa55a0130c
wqp,wqp:21FLSFWM-L004,1988-05,ANFIS-F,20260815,0d803b97739928c01738b0c11dca66f77e7a5fb5667bd8343b287d2916e1d714
wqp,wqp:21FLORAN_WQX-CC4,2005-01,ANFIS-F,20260815,0d80503224c0ed8ee6c1a997823cc59b837442c70f0ddb71511b0f8f3c12cd03
wqp,wqp:21FLSFWM-PALMOUT,2002-12,ANFIS-F,20260815,0d85ec6afe875c965f3c5f6d0b2738838bcad7ea5be756e825a7b944bba2fa33
wqp,wqp:21SC60WQ_WQX-B-327,2003-09,ANFIS-F,20260815,0d8fb4eb9980890d4904b9da08da0e1fb7b9257e49c80412054c908c4f7f6e56
wqp,wqp:USGS-423556088365001,1992-08,ANFIS-F,20260815,0d96c85c6e5d4dc8d00400c13e7db0a114acf259025aca0b773e0db88f2bb3dd
wqp,wqp:MNPCA-62-0007-00-203,1992-09,ANFIS-F,20260815,0d98d51f539fcc94a0c732c92fc3b6a90e692e37ce9d0adb84f8c488f994f42d
wqp,wqp:21NC03WQ-B2450000,2013-07,ANFIS-F,20260815,0d9949d8da76f2c7a5e856856bf193b19bdba9b9fc0e8d09d15ab8a4bce13665
wqp,wqp:21DELAWQ_WQX-205211,2013-10,ANFIS-F,20260815,0d9a4895b6106a8790322baaee44973be4f660df1a66c728e4a8fe82f7024145
wqp,wqp:MWRD_WQX-BARR3P,2017-04,ANFIS-F,20260815,0d9a4da773b81c6e0249bdda0820961293f5b92920cafae788e723027faf75da
wqp,wqp:21SC60WQ_WQX-SV-363,2008-07,ANFIS-F,20260815,0d9a4e75ec081f42613ebec36d5813bee2a3a166898a2bc044650eb5d229ad18
wqp,wqp:LAKELAND_WQX-LH31,2009-01,ANFIS-F,20260815,0d9c7ae3891b269529730da5a7e0e9e215f90639cd57c5ecca8027c5e754e00e
wqp,wqp:21FLLCPC_WQX-GRIFFINTISH,2010-10,ANFIS-F,20260815,0d9d91db7b88241710572a330d014a91c8847ffa08e364be8d727d865d1acce1
wqp,wqp:21FLSFWM-IPOUT,1993-06,ANFIS-F,20260815,0d9e6b4242f31971204f315cc4511b924de538a28a60eb59fd259cfce1bce370
wqp,wqp:21FLSFWM-LZ30,2005-04,ANFIS-F,20260815,0d9e758959a1bbcd77cba1c0a2c0bc0db7296caa60c0654af1a899a9fdb83913
wqp,wqp:21FLSFWM-E02,1990-10,ANFIS-F,20260815,0da4d367d9e247b4847e18004d6287c8c5ba3defcc2b001f52ed15090e7f0fe8
wqp,wqp:21FLSFWM-CLV10A,1999-12,ANFIS-F,20260815,0da593e01399f46c42253eb46ac81adabe0831cb27317f26e0de31849323cfae
wqp,wqp:21SC60WQ_WQX-SV-340,2014-06,ANFIS-F,20260815,0da85d06d67112ad9afa252b8fd13c840797fc62a43835951959569a136ce7ba
wqp,wqp:21FLSFWM-A03,1998-04,ANFIS-F,20260815,0dac53bc807ca97d06395813605cb6e42b8112a600d0759c8ce34cba872de5c3
wqp,wqp:21FLSFWM-POLE3S,2003-04,ANFIS-F,20260815,0dadcf9ca3a335ff125b4aaf637e246cfa77b164ef5fa49971b953d2009af916
wqp,wqp:21SC60WQ_WQX-SV-236,2011-12,ANFIS-F,20260815,0dae8522db7049e46c07764a62353fb31ea76413be19e87dc206e663d8c55509
wqp,wqp:21NC03WQ-CPF086C,2008-02,ANFIS-F,20260815,0db136b6acc087ae00c7a1e2f01a55436587fced2cbbee7ec65b45262111ef6b
wqp,wqp:21FLSFWM-IPOUT,1995-01,ANFIS-F,20260815,0db2fe0a92490552dfe1093fe5d139752e46b347c951b65c3f5b42315d7248de
wqp,wqp:21SC60WQ_WQX-S-024,2003-08,ANFIS-F,20260815,0db386b764f82dceeb3bf50367476e6f4562d73cfb4f6a7d8b3d7c8523fd3b79
wqp,wqp:21SC60WQ_WQX-S-310,2009-01,ANFIS-F,20260815,0db4c088d992ec6be17bcf2221f250ff16715e79dd40198aeff1a56198d0deb0
wqp,wqp:MNPCA-62-0013-00-201,1986-10,ANFIS-F,20260815,0db55b9e3c364403ded6206a6246cfd7cf1377f89b9fa78b0ddf292587195e6d
wqp,wqp:21FLSFWM-POLESOUT,1988-08,ANFIS-F,20260815,0db5ac2783231739b1b8f187ea8823b3429e17141ab916b31a2983f18cec2caf
wqp,wqp:21SC60WQ_WQX-SV-338,2013-06,ANFIS-F,20260815,0db5dda458dbae61d237198cd3d7dde97fd8f04a701d1c0f24b0d4a84114f5d2
wqp,wqp:AZDEQ_SW-32,2013-04,ANFIS-F,20260815,0db62df41f73bfe62af977ad5644288383c47264c003ba2fa9c68f5f100e4191
wqp,wqp:21SC60WQ_WQX-SV-357,2013-09,ANFIS-F,20260815,0db865fbb76153851427c0e65d0a59e1ead91861b9f3e51e54c0ca56d5ba0012
wqp,wqp:21SC60WQ_WQX-SV-338,2001-07,ANFIS-F,20260815,0db9605022ac4b2ea50412e7aa084f7a41a4995705766a5f3e475c02b89e2383
wqp,wqp:21FLLCPC_WQX-IDAMERESSHDK,2014-05,ANFIS-F,20260815,0dbaf21eacb62e1cf8db8b35ab548c094e503e598012fbf67789814d5f7f3b47
wqp,wqp:MNPCA-62-0007-00-203,1998-07,ANFIS-F,20260815,0dbd523015e6c2ddc16ac072ded0274d20706e342ebbc1de05d8ff9f47196a7b
wqp,wqp:USGS-421420121481700,2013-03,ANFIS-F,20260815,0dc23ee17e35907fbb783113cbdadf0d46b4ef06249cbaf32fa3b9796cedccf7
wqp,wqp:21FLSFWM-D02,1986-09,ANFIS-F,20260815,0dc8cd921f4bec68088142339106dabd49d3e17b29ce7db9a20e94d25054f593
wqp,wqp:21SC60WQ_WQX-SV-331,2008-03,ANFIS-F,20260815,0dcbb4a588f6bb7fb80f94814f1652bee1ea1501ebb24b06d483002c37ce0e3e
wqp,wqp:MNPCA-10-0042-00-401,2010-06,ANFIS-F,20260815,0dd189c071862c4b724eeb7844e94d6c989e6baf3cde8cda901f4e70f47bbb22
wqp,wqp:21SC60WQ_WQX-CW-197,2005-11,ANFIS-F,20260815,0dd4de21db9fdba6f327583c282cb5e617f2be817f34dc9fc833d124e39d9ea2
wqp,wqp:21FLSWFD_WQX-23624,2013-03,ANFIS-F,20260815,0dd6ea4d11bf8950da12d1f6304aae7af8875e09f7a4af00fcec71214dad847c
wqp,wqp:21FLSFWM-LZ42N,2001-12,ANFIS-F,20260815,0ddab56b0107f4fee9f53e97fe80b3bf365cc98b1e1939b202988484328bc07b
wqp,wqp:21FLSFWM-TREEIN,1988-04,ANFIS-F,20260815,0ddc375c6699f7b9ae88b07abc887c19597623e37de874b99dcf2ac3a7c43141
wqp,wqp:21FLSFWM-TIN13700,2008-12,ANFIS-F,20260815,0de0b1cca99fe60c49878b58f2888adb496ddc9d31c000a458735f3943f1c4be
wqp,wqp:21FLSFWM-A01,1983-02,ANFIS-F,20260815,0de16883de697cc12fdf3709061de179c40980a9b131e3ba1a99e1d487512813
wqp,wqp:21VASWCB-5ASRN000.66,2014-08,ANFIS-F,20260815,0de90e0f57127f785b00c42dd7fe83087cc16750a8ec3554c4f2484276b65817
wqp,wqp:21SC60WQ_WQX-CL-019,2005-07,ANFIS-F,20260815,0deaa1637ccf7773ece6a281c98975462a5c8e7849ee05104be35615fdb0441e
wqp,wqp:21FLSFWM-PALMOUT,1993-06,ANFIS-F,20260815,0deb15b4de7248a66ec2f376efd43f6e818710b89cb85469bb47c59cbb7c4336
wqp,wqp:CAPECRD_WQX-290,2011-02,ANFIS-F,20260815,0deddec7cc8070751327d73b0a004b3f18f9d481501034d615ae2b1759a34ba7
wqp,wqp:MNPCA-86-0252-02-207,1992-07,ANFIS-F,20260815,0df40b6c96e050f0ed531f1c50b95bc5cbede3f69a77e334afb06ec34bc1e153
wqp,wqp:MNPCA-02-0075-02-203,2005-05,ANFIS-F,20260815,0df44ec450677d76003a1755811f64edb6348c304027711b806f6e925cc998a2
wqp,wqp:21FLSFWM-L006,2007-04,ANFIS-F,20260815,0df6f88bd4d9b57e31e82202399daf7ed864b2177e3d5342214c7987f36a7822
wqp,wqp:21NC03WQ-Q5360000,2011-10,ANFIS-F,20260815,0df7d3c2d5c3729405eebf1db57d3637036279c0678f965ed2336059f6e17ba0
wqp,wqp:21DELAWQ_WQX-208211,2008-10,ANFIS-F,20260815,0df7d89d0e80850a1ac7ecfa1aceb881eb3f9cfa34d838830b48b8b04794d705
wqp,wqp:21NC03WQ-YAD169B,2016-06,ANFIS-F,20260815,0df91074907baeee7f4800c1846cd32a98cb917b81e15ebaf46048d4e6c52bf9
wqp,wqp:USGS-01201700,1975-07,ANFIS-F,20260815,0df9386ab5b912de67ebcae631602bcccd50cc17c9f660ed99315d990b00a899
wqp,wqp:21FLSFWM-ISTK6,2007-01,ANFIS-F,20260815,0dfce90cd1cebbdf40af5d6409e2b50a9ac17dbb19db1072e04f981c1279047b
wqp,wqp:MWRD_WQX-BARR3P,2007-10,ANFIS-F,20260815,0dfe2fc7a6088348e99f334b96fd3fca22159e580052fdede57b592e98b56eb7
wqp,wqp:21FLSFWM-LZ42N,1995-01,ANFIS-F,20260815,0dff731f1c6b33fafe609bb7bf2b424a7d3e9078da79d9a5bc00ea53759e3834
wqp,wqp:21FLSWFD_WQX-23458,2007-08,ANFIS-F,20260815,0e00df434f7126092108ef736d573329f8540538162a91b774629ae77e44a632
wqp,wqp:USGS-07049690,1982-07,ANFIS-F,20260815,0e030f195cf4472c5ec7748459257e5d19c59cb2e70326d3de4e0cb4fcdd57a2
wqp,wqp:21FLSFWM-L005,1992-04,ANFIS-F,20260815,0e038d1008dfcae49f641a96b927065d48861784b57deb2f37a59debb76cc128
wqp,wqp:21FLSJWM_WQX-44676,2018-12,ANFIS-F,20260815,0e0807376e49cdb4db8937b4783d501852aba88c65c8f5ca5595241ec560cd0f
wqp,wqp:21FLORAN_WQX-BC6,2011-04,ANFIS-F,20260815,0e0c50d6c6b40ad2e6bcccfb619a203e158df36dbc2571771ebd5857b6b9935b
wqp,wqp:MNPCA-62-0007-00-203,1998-09,ANFIS-F,20260815,0e0d2b907ef0829f828b294324e9988e3e1d7da3a6fbbbb61d77de42f6c68653
wqp,wqp:USGS-07049690,1984-09,ANFIS-F,20260815,0e0ecba36340617e15be07096b519bb9f97b4f4fb5eb7af0ff94dc829233ae19
wqp,wqp:21AWIC-23,2017-05,ANFIS-F,20260815,0e1143a6b724b1f4b0d226cdd447c970a2a2daeb42f405099b64bc238cf663e0
wqp,wqp:21SC60WQ_WQX-B-339,2009-06,ANFIS-F,20260815,0e1623e55469fb7e18c9906db2c0d7dfc4d5b781157ad29cb2cefbd1e7cc2dce
wqp,wqp:21FLSFWM-L004,2000-06,ANFIS-F,20260815,0e1c8f049c8b2ad059ce7a50431304ae0845b4b8dd370b0d2b24ac6972bdaf6b
wqp,wqp:USGS-423659088354401,1986-02,ANFIS-F,20260815,0e1d46ffedf1ddd4072807bb8dc9f777754a1d4678259eb9ec9f37da6ecacebb
wqp,wqp:21DELAWQ_WQX-206361,2007-10,ANFIS-F,20260815,0e1e1b8fa1521ef63936a345822b6f52ee332b5bf002f7053121ee1a779195a5
wqp,wqp:21FLSWFD_WQX-23480,2008-06,ANFIS-F,20260815,0e2082f6b839fe3dac69c3e577aaf7aba9d950aba548cd8e9ce5aa3f234e80dd
wqp,wqp:21NC03WQ-CPF086CUPS,2017-11,ANFIS-F,20260815,0e2159799764854d2cdb4e721d11cdb0b2a7a632795de59e00936f6c9f93d8f8
wqp,wqp:MNPCA-25-0001-00-247,1997-01,ANFIS-F,20260815,0e2273d5b078430fa18d4ee49a02a945fea0b4cd3ea27d29352c603f7253bbdb
wqp,wqp:21FLSFWM-TREENOUT,1990-11,ANFIS-F,20260815,0e227fd562fcf88edcf1ce005b9beb435a1dd216a3168fc7ce1acda32a21adda
wqp,wqp:21DELAWQ_WQX-202021,2008-08,ANFIS-F,20260815,0e228c511453567745d46b41095327b01665720a1a07e335c87a13d7f7abcfd7
wqp,wqp:MNPCA-47-0042-00-201,1995-10,ANFIS-F,20260815,0e259f5cc83672e4c292a0f929afe54a1b5f3ac6ec7cec395332090ff4b95f98
wqp,wqp:21SC60WQ_WQX-CL-089,2001-06,ANFIS-F,20260815,0e2b64ef207cf7fe4f663767727b3401cb81f634ea354465b4699a7059fbbb0d
wqp,wqp:21NC03WQ-CPF086F,2006-02,ANFIS-F,20260815,0e2e223c0591f35d7652c7b87987607d1f5cd0c3f44c42a3483bb37cf015c880
wqp,wqp:21DELAWQ_WQX-108111,2011-08,ANFIS-F,20260815,0e2fb58a58dee576480a98cc1fc97257f856965106d1ec93b822dd0a9584fa68
wqp,wqp:21SC60WQ_WQX-CW-197,2004-03,ANFIS-F,20260815,0e32b25e5c9dd5d97049bf86833c272800be120aa5a8c08fb334e5a411856785
wqp,wqp:21SC60WQ_WQX-SV-339,2005-01,ANFIS-F,20260815,0e383cfdac8599dfbd7720508dd0d78083d4253424775e4ec1101a4ecd47ca4e
wqp,wqp:MNPCA-25-0001-00-247,1994-07,ANFIS-F,20260815,0e3bbf7b216e91f6a15f2f2106aa4745d9b4096ac72ed980c4e722855efd012f
wqp,wqp:21SC60WQ_WQX-S-223,2005-05,ANFIS-F,20260815,0e3de7e64079777bb6d57fa2844b5b317dc2c37a75d2ad8fe427a05c7a156619
wqp,wqp:21SC60WQ_WQX-SV-340,2006-02,ANFIS-F,20260815,0e3e22b75661539258bd40c7cc8127676137614af83e8c3011c90d597794a0eb
wqp,wqp:21SC60WQ_WQX-SV-338,2005-02,ANFIS-F,20260815,0e3e8db29d9e94584e5a8d0cd20ef8e90074e55fb05827ebc02d725e4292fd01
wqp,wqp:MWRD_WQX-MILTON3P,2008-04,ANFIS-F,20260815,0e3ef4f92f20e2c6d532cc944452eae5557de3fec9ab88cf6fd29431a486fba2
wqp,wqp:21FLSFWM-B02,1996-08,ANFIS-F,20260815,0e417a2c50bcc4e4a44da97bc3f4d27e076ca01709d809a9f0ad2e070345c628
wqp,wqp:21SC60WQ_WQX-B-345,2015-01,ANFIS-F,20260815,0e435c8b7a6ac83d414dad623640677191ea4c436c139c3f630dccbb9fafe246
wqp,wqp:MNPCA-86-0284-00-100,1987-08,ANFIS-F,20260815,0e46daa710e4d78791b7d608c167d591e196e8d30d2b9b6b019843e3f4906ffe
wqp,wqp:CAPECRD_WQX-262,2004-07,ANFIS-F,20260815,0e47d6e46969059d525ee7a65cde56f2b78467fc4643c5bf1924409904fcf11a
wqp,wqp:21FLLCPC_WQX-HARRISWSH,2014-04,ANFIS-F,20260815,0e480e6b97632712167797794234ba30195c581754290794e670575f49c3ccd2
wqp,wqp:21FLSFWM-E02,2004-08,ANFIS-F,20260815,0e4a1c0d467362eefed8dd384cf66702d60bf259eb397ae7909c810b641e98d8
wqp,wqp:21DELAWQ_WQX-208181,2008-05,ANFIS-F,20260815,0e4b61442e145c1741a3ea07eec7d2a476740ddf4ac4222ee67ff2ea6359179c
wqp,wqp:MNPCA-02-0075-01-204,1987-10,ANFIS-F,20260815,0e4c5308debc23d0747cb10dea0ab749c19b5b3341d847001343c55615d3834b
wqp,wqp:21NC03WQ-NEU019E,2007-07,ANFIS-F,20260815,0e4cb8d72ff24f19db7f209e8816bcb42f75ba7eff0bf73fdde04b0b3a1e3e19
wqp,wqp:MNPCA-47-0042-00-201,1983-08,ANFIS-F,20260815,0e4d9745bbc141f51c4d1ca9a0fb0efe27e69ca9a2acac517ed490caf5fe1128
wqp,wqp:MNPCA-62-0007-00-203,2015-07,ANFIS-F,20260815,0e4ec16807f77c1523cfda1ffe1e6333817b74cbc5c50fb821e7a6e2814cd30c
wqp,wqp:21FLSFWM-FEBIN,2002-05,ANFIS-F,20260815,0e4f5a56413982eaf05441f2783def0c46c4ce5add483ce950e972f02bcd847b
wqp,wqp:21FLSWFD_WQX-23609,2015-03,ANFIS-F,20260815,0e51fcacefaa52aebabab868ce3b406e0fbeac417d1402beb881fb65c0df57d0
wqp,wqp:21FLSWFD_WQX-23480,2011-06,ANFIS-F,20260815,0e544c5bf12b9d2a3919af0ce662abd6706588f53b3a088a4006730276e708d4
wqp,wqp:USGS-07144790,2007-05,ANFIS-F,20260815,0e54b2f43bf32152a8a5de0f8a477f0ede1e2c2186d5f35dcf56c377726b8627
wqp,wqp:21SC60WQ_WQX-CW-231,2006-07,ANFIS-F,20260815,0e563024a7463560ba62003216a62bee434c27a922be2af3e5d8c6fcc412ef30
wqp,wqp:21FLCOLL_WQX-LKTRAF4,2017-10,ANFIS-F,20260815,0e58469cff1d55e1981e6cde560e4aaf34324f89ca3d5a6b3e0a4d76c96fae66
wqp,wqp:21SC60WQ_WQX-B-327,2006-12,ANFIS-F,20260815,0e59c79ff30877d944a7746acee52cf1a5a6b796636828cefd1c7fc64b120571
wqp,wqp:21FLORAN_WQX-CC6,2006-10,ANFIS-F,20260815,0e5a7e6129547365f76d00abc59d39b25adf6dc1b50cc66ca569978b1b12b1a8
wqp,wqp:21FLSWFD_WQX-23389,2002-02,ANFIS-F,20260815,0e5c0dac30d6a07670c55fa1bfee48825e35cf45478fc94661781bf9785706ad
wqp,wqp:21DELAWQ_WQX-108111,2016-11,ANFIS-F,20260815,0e5cd3dfb13bf54e956c3f9433573eff9b97fac2c8d2511cec090f012523fb2f
wqp,wqp:LAKELAND_WQX-LH20,2010-01,ANFIS-F,20260815,0e5ece1e3a53566e7a52bf5c3893ec4a7e8d4e5ae384e5148bfdd9a0728cd509
wqp,wqp:21SC60WQ_WQX-S-222,2001-02,ANFIS-F,20260815,0e5fd17feadfa30a990efb44e8aa80823f3415263b4818a6a5617df7c25d0cd6
wqp,wqp:21AWIC-23,2014-05,ANFIS-F,20260815,0e60c6e2aefa07564c0d227e9d271c5a1bba6a2678950c6f135c99414d2ab271
wqp,wqp:21FLCOLL_WQX-LKTRAF4,2008-12,ANFIS-F,20260815,0e615d071ee4a1023b76428f3e29e3b7d5431d2d4f61a92a5c36f17afce54fff
wqp,wqp:21SC60WQ_WQX-SV-340,2013-10,ANFIS-F,20260815,0e61a91ce4f1382be63a18baa9eba3d50f36d77391b22d758489e4039c58c077
wqp,wqp:21NC03WQ-NEU019L,2016-03,ANFIS-F,20260815,0e656ecb02b2aa6e49f62d3d3bc5f580b8389807101fd47c8849de63b240f225
wqp,wqp:21FLSFWM-E03,1983-04,ANFIS-F,20260815,0e67d1328f588b62ff10655d7eace63f0e924f907007a49db3636ddeeef40afe
wqp,wqp:21FLORAN_WQX-CC11,2016-11,ANFIS-F,20260815,0e6897998964ef34eeae58b5ef2c3eba2a273408b007fcd68fc6b0da7b2433e4
wqp,wqp:21NC03WQ-LI01,2013-11,ANFIS-F,20260815,0e68a8ba60a9f79a933a7ffa7669a5200154429ad3b362fd45be325d52289c4f
wqp,wqp:21NC03WQ-CPF081A1C,2008-08,ANFIS-F,20260815,0e68ba85a374f5f56ddd00d3f6a52cfbeb8131ae5d1281073613415d774bd69a
wqp,wqp:USGS-421420121481700,2015-01,ANFIS-F,20260815,0e699b99a17c6640191457615a81b376d48a44d9a4ccf2492b03ee77281d11bf
wqp,wqp:21SC60WQ_WQX-CW-207,2010-09,ANFIS-F,20260815,0e6b2fb7391ab78049e885180811ca0c2ffb193d20b40f28a87818cb989c80b6
wqp,wqp:21FLORAN_WQX-BC14N,2018-11,ANFIS-F,20260815,0e6c24faaf632602eedd232fa5593e4d185d18e463d6aa1b7342a3437fe6a68f
wqp,wqp:21SC60WQ_WQX-SV-339,2010-05,ANFIS-F,20260815,0e6fbb247b722ffed86a7694ae171a19d4bdc85c97a39e36e41e5def2826f91c
wqp,wqp:CAPECRD_WQX-262,2010-05,ANFIS-F,20260815,0e715a31c763725db02488a6a80a5cd47db2fcf36c5873e93f206377eae1da99
wqp,wqp:21FLSFWM-POLE3S,2005-03,ANFIS-F,20260815,0e737235de35ddb60ac1a7cbd7ab81bc77eddbe34402d07f2a6bd53fe8bea3b0
wqp,wqp:MNPCA-47-0042-00-201,1982-12,ANFIS-F,20260815,0e7495f8e559d42332694e657e1bb2a259adc2bdda0806103920a14afcb5f30f
wqp,wqp:USGS-07263299,2003-09,ANFIS-F,20260815,0e752cc426867e96f86ed22419b2cedda10d8be74ff2045549b1fe89764475e6
wqp,wqp:21FLSFWM-PALMOUT,1992-12,ANFIS-F,20260815,0e75f0ec4b488168bd75a3555661f409babf713dd98b09a391543ae611cc581f
wqp,wqp:21FLORAN_WQX-BC11,2007-06,ANFIS-F,20260815,0e772ab952263604bed2a9789c8b37ae9e9ea1aeb2721435630f5249e3090c9c
wqp,wqp:KAWNATON_WQX-KN-KL-002,2015-02,ANFIS-F,20260815,0e7748ae8e4c106323d9e94d621cef71e9685548d5b61f63be2d154de4ce0ded
wqp,wqp:MNPCA-25-0001-00-247,1993-06,ANFIS-F,20260815,0e7756f01a9d14f8b6b1a474661a04064d6c35225081769a53b32e435c4083c5
wqp,wqp:21FLLCPC_WQX-GREENWSH,2016-01,ANFIS-F,20260815,0e78ce42f7745dc0621e6ab86095fd07786ce2d1b50cb11092b2da7a55a44a63
wqp,wqp:21NC03WQ-CPF086C,2009-10,ANFIS-F,20260815,0e7a5c847b55f8532ec8d9734ddd63626f78578962aa4b21a51f2d82a1bdbba9
wqp,wqp:21SC60WQ_WQX-SV-339,2003-10,ANFIS-F,20260815,0e7a95a777c02cbfc9bcde654d2098c8ff2f458fec83d3485391c4bbf39bd170
wqp,wqp:KAWNATON_WQX-KN-KL-005,2013-09,ANFIS-F,20260815,0e7df8cbd1bceb8be7ef3156b1d98e0144f05baed88d7233d349e6ab9bd93cbe
wqp,wqp:21SC60WQ_WQX-SV-338,2001-09,ANFIS-F,20260815,0e7e032de2b7de441bf188e8f1c8e2ae7b53d6769bf9d31bb0a64456421de998
wqp,wqp:21FLORAN_WQX-BC6,2008-01,ANFIS-F,20260815,0e7f1aab4d8af5e7dd2ed140dec7d8be0c25ed74c9aecd0aea33c3ad5e3917f4
wqp,wqp:KAWNATON_WQX-KN-KL-005,2018-11,ANFIS-F,20260815,0e8417eda8308db4b71517c19b5f1889dab0965239bd24b52aedf3b9ec4c98b3
wqp,wqp:USGS-295826095082200,2018-09,ANFIS-F,20260815,0e845404618b97a6e49cb591d7d681b1c4e91097d104dde0eb1e1331cdb28f52
wqp,wqp:21FLSFWM-B02,1994-10,ANFIS-F,20260815,0e89863fca30998e8248a1ade480b598a69a398ab90853bf10cca2526ec55ab0
wqp,wqp:21FLCOLL_WQX-LKTRAF1,2004-12,ANFIS-F,20260815,0e8a3f63a5958e6d4d3517eb77df2c5f9f3e57ae32e6650b94ae57fb9a8ce5e6
wqp,wqp:21FLSFWM-RITAWEST,1993-11,ANFIS-F,20260815,0e8a5b146b0ec9d3e8a681329bd3edcc6b05ba0acfba7cad6d1dc6c1fa65b5ec
wqp,wqp:21FLSWFD_WQX-23609,2017-12,ANFIS-F,20260815,0e8afa38addf7be88a2c2b4c36906605af926067a7e726f1369486531a593c1c
wqp,wqp:21FLSFWM-D02,1996-11,ANFIS-F,20260815,0e8c17f2b5fc3ec1339513ef503eadb205cb74b785bfa51123436ff4fb7879f0
wqp,wqp:21SC60WQ_WQX-SV-340,2005-07,ANFIS-F,20260815,0e900a63473bfe7eabeef0361756118322eb27cc5b48342a92c7d4487399644f
wqp,wqp:21FLSFWM-L001,1981-09,ANFIS-F,20260815,0e9352ff972a6678e839ccfd9335ccc224427f6917929b90d55a35ebe2d4448c
wqp,wqp:USGS-423659088354401,2014-11,ANFIS-F,20260815,0e95711360afea987e015f65ecf5de6d48421fec0b0cdc29422e6103d228488b
wqp,wqp:21AWIC-23,2013-09,ANFIS-F,20260815,0e95ba4c9e57530fe9054650cd217a7ce90f228116c28eeba10449be571e2fe0
wqp,wqp:AZDEQ_SW-32,2014-05,ANFIS-F,20260815,0e9787ddab07ed48a968aa914c36182246ae327938f77d344b4755d580651bfd
wqp,wqp:USGS-0214184000,1993-03,ANFIS-F,20260815,0e9966cd2d2c170848e6ee5717970dea4898a342d2b87bb2fb5f95b70aa6b9ac
wqp,wqp:21DELAWQ_WQX-108111,2003-08,ANFIS-F,20260815,0e9a8bc90dc2969eff89eb8d72960986c622380c72e351c71a055dc29c7a6986
wqp,wqp:USGS-07263299,2013-06,ANFIS-F,20260815,0e9b34b741323fd5512ffe73e2508a0e30dc27125a4c24463aa8698a44701a24
wqp,wqp:21FLSFWM-KISSR0.0,1988-06,ANFIS-F,20260815,0e9ca71f70c8d63c73b478e1511bb7a3a24d7479635e5a6dc8e9806cabdbb67b
wqp,wqp:21FLSFWM-POLE3S,1999-08,ANFIS-F,20260815,0e9e37da03b89133b68af4eb6428810168de8156dfcf58e60829c061ec4027eb
wqp,wqp:USGS-423526088380101,1995-03,ANFIS-F,20260815,0ea0df2ffbabc78d05bda3ff7dd8f8a61cce390841e8d5d6a2c927c079f87b6a
wqp,wqp:21FLSWFD_WQX-23458,2010-02,ANFIS-F,20260815,0ea29c176c25b26eaeb478268d1209ea77262c33f05fc6a7e9e7ae00c3403fcb
wqp,wqp:21FLSFWM-L003,2004-03,ANFIS-F,20260815,0ea2ae99af508ee6b2a260e1ec4efb6b7aa725eb1ea657e25664c36912055228
wqp,wqp:21FLHILL_WQX-135,2008-10,ANFIS-F,20260815,0ea2c9f4e0f352a7244b6e734aed1b406deed548748baae5ddb0d669865ab102
wqp,wqp:21FLSFWM-LZ40,2000-08,ANFIS-F,20260815,0ea645e8141846eff94fee4522366c9c2d0e1dc6c140106fb315c1bd622f8b19
wqp,wqp:21AWIC-23,2012-01,ANFIS-F,20260815,0ea9bd74a11fbeb3810f4ee502c39eabd2a14a2fcf8e40876d579f775bb79aa0
wqp,wqp:21FLSWFD_WQX-23144,2006-10,ANFIS-F,20260815,0ea9c4efdcc8da45b321ab4b47dea8a10219849a75b04ca3500a18c67382e6fb
wqp,wqp:MWRD_WQX-BARR3P,2016-03,ANFIS-F,20260815,0eacdc70181fc29c5deadecfa2c41b764a992480c353096e721dd367fc2667a5
wqp,wqp:21FLSFWM-L006,2005-06,ANFIS-F,20260815,0ead8ce8193bd42a12d2afe3f651bf436f65f9241ae90ebbc0170803c8e5e640
wqp,wqp:MNPCA-02-0075-01-204,1977-04,ANFIS-F,20260815,0eae2b5cbbfe5aede1718d586e7879be014e85940bad67c9727585deb46d8c07
wqp,wqp:21FLSFWM-LZ42,1995-02,ANFIS-F,20260815,0eb1023e159916849aa17e3028d8bf36d37ad0f228cbd0d2a53601a4c8c33274
wqp,wqp:21SC60WQ_WQX-CSTL-075,2004-01,ANFIS-F,20260815,0eb1794b96a5d953125b99b00346ad4b66442c14f5587055901c83f557862887
wqp,wqp:21FLSFWM-L006,2008-05,ANFIS-F,20260815,0eb1ec604bff9183de8e9fb744572d48eabbf263e09e25717122d6b0880ae59a
wqp,wqp:21FLORAN_WQX-CC17,2008-01,ANFIS-F,20260815,0eb3a8c70a2f462376acd6393f7650295a0bd2efa5a8075bbf169d1fb9f0e825
wqp,wqp:21DELAWQ_WQX-303331,1999-08,ANFIS-F,20260815,0eb5b0a8e5720511b6c180c416c5887fdd34c4da81888258677e842821a8d061
wqp,wqp:21SC60WQ_WQX-B-339,2002-01,ANFIS-F,20260815,0eb92957cdaf793e12ae6922a8d7267194d10561cf630662f21dd8d8624cf1ca
wqp,wqp:21SC60WQ_WQX-CW-231,2016-12,ANFIS-F,20260815,0eb973bec1a695cc345673ece29fced19941f28a9bd1a7204f3e54b9bb813c8f
wqp,wqp:21SC60WQ_WQX-B-339,2006-12,ANFIS-F,20260815,0eb9d170b0aa27cf568a1d6b4f1428998fdc2cbac7a22f6ed4b7a4a30245692d
wqp,wqp:21FLSFWM-CLV10A,2004-12,ANFIS-F,20260815,0eba351cb31a71e19d629352162767501872239cedb45fad2e14c97e08641090
wqp,wqp:21FLSFWM-B08,1982-08,ANFIS-F,20260815,0ebb435957eea77f8bcc8c7000711251eb2e557068d56ad534f90759aafec9ff
wqp,wqp:21FLSFWM-B02,1982-07,ANFIS-F,20260815,0ebcb6bf208a3d0ae7d43f5bbc1522ea041a137361fee67c38c4366a0ccde3f4
wqp,wqp:21SC60WQ_WQX-CW-197,2002-05,ANFIS-F,20260815,0ebcd547157bef66c5297ac87fc13b30cf4177f29cbeed26394e72aa25f51e68
wqp,wqp:21FLSFWM-KISSR0.0,2008-04,ANFIS-F,20260815,0ebeca9f178253ee6106f94014f708c45622970ca4b17e708436af98779e95b7
wqp,wqp:21SC60WQ_WQX-CW-016F,2002-02,ANFIS-F,20260815,0ec0ebac2ee7ce252acf8295aeae9c21b6da5f9fc92d2c4ff6f23f5b3a7ce790
wqp,wqp:21FLSFWM-E04,1983-09,ANFIS-F,20260815,0ec1d588e0245154986b4274f13effb7da42a23308ef3ef905e26c3a01af24f3
wqp,wqp:KAWNATON_WQX-KN-KL-002,2007-05,ANFIS-F,20260815,0ec362d85725e9c12cc30d9649b0ae63cb7e3e517441ad0a46d613fe2f83f0e2
wqp,wqp:21DELAWQ_WQX-108111,2011-10,ANFIS-F,20260815,0ec61d5b1ad1752d858f224436ba681b01ebe097677154a6ae925e3fadcbf631
wqp,wqp:21SC60WQ_WQX-B-327,2018-01,ANFIS-F,20260815,0ec7f9434fd0b9521a5ca9e448fe483c417ec1f8f798a9795fb9ed3ee5e53b8e
wqp,wqp:21SC60WQ_WQX-CL-094,2001-08,ANFIS-F,20260815,0ec99d62424fe89c74c198c5328b0b618a5ffba0bea637db483a495c25d052ac
wqp,wqp:21FLSFWM-ISTK1,1996-12,ANFIS-F,20260815,0ecdf205c1c079e5401a78a62b88c40e68d129de2ae4fb6236eb84f4a381e74a
wqp,wqp:21FLCBA_WQX-WAL-FULLER-1,2017-01,ANFIS-F,20260815,0ece869cd496fb521856ccf15e97ce723f2a74b8d493b8ee12f4b15684004b57
wqp,wqp:21DELAWQ_WQX-205181,2001-08,ANFIS-F,20260815,0eceb4e07a92b6b34cfa145322b11930b521424e1d1bda8f61daadc2e41d1572
wqp,wqp:MNPCA-47-0042-00-201,1984-03,ANFIS-F,20260815,0ecfbd403315222dbe8d3d2317eea4f5ab8951238e351454a938ff8c8d8de322
wqp,wqp:OKWRB-LAKES_WQX-520710020020-04,2015-02,ANFIS-F,20260815,0ed4250a226b8b8725e89edc9e783cd31fe11081b888818c2f845922f232af6f
wqp,wqp:21FLSFWM-KBARMID,1986-11,ANFIS-F,20260815,0ed45e8c7d5e37c251bd97608c0d830507c5e55a5c2ea7fe19fc0d6505655caf
wqp,wqp:MNPCA-10-0048-00-201,1986-05,ANFIS-F,20260815,0ed527ac73d6b581284ef649fe05f5f2d8c82dde1953d2c33f4b686e7617b08d
wqp,wqp:21FLSFWM-L006,2002-07,ANFIS-F,20260815,0ed6085055ef16e782673cdb8b5219ad52ca8c32bd3d6e3984f8250a47cb6f19
wqp,wqp:21FLSWFD_WQX-23144,2014-04,ANFIS-F,20260815,0ed68f77d1585ec695ef1febe6de72ceb84dad17188d7df9bb9fe2b4bf67ea2c
wqp,wqp:21FLSFWM-PELMID,1994-07,ANFIS-F,20260815,0ed6f43a2db1acbe01280f34b13924862e63ae140a2ae0d4da56bed9a80d532f
wqp,wqp:CAPECRD_WQX-280,2014-08,ANFIS-F,20260815,0ed6f5094cee199cacf37337115e2f9a099227f0796c3a37c05b9d900eb7e6b4
wqp,wqp:21FLSFWM-L004,2005-07,ANFIS-F,20260815,0ed76e6c125dbff68d1e1b7ab5bfe79f94d79ed8c61e3bcfb1c5ba285fedbabe
wqp,wqp:USGS-423526088380101,2014-06,ANFIS-F,20260815,0ed97abdae078000afdf660b3aaad7c5577eb7cbd86ecba9679b75af905fe738
wqp,wqp:21DELAWQ_WQX-308071,2008-08,ANFIS-F,20260815,0edd88cd1a28b52a9a863ea096afb5065a36e93549ed9f0dcdd283a7a076818c
wqp,wqp:21DELAWQ_WQX-208211,2013-03,ANFIS-F,20260815,0edf51fbc6d853019e18a7aa9a3cd6b9318528d1c8e6974b34b53afc9b5fae70
wqp,wqp:21FLSFWM-B06,1995-11,ANFIS-F,20260815,0edfde1f7be35e4e127d777cefb2b4a6455c8e0a25b37a6f35fda26ed32b0b6d
wqp,wqp:21SC60WQ_WQX-S-310,2010-04,ANFIS-F,20260815,0ee069dcf8f2804e3518cf19c8149536bb64178a5ce112243bbfebfb8e65e649
wqp,wqp:21AWIC-23,1995-10,ANFIS-F,20260815,0ee1447febb12eb700ec04ebb89b2d3f93b8ffa9dd34d5ca86cc0815a3d9fe8b
wqp,wqp:21VASWCB-5ASRN000.66,2015-10,ANFIS-F,20260815,0ee16e5105dc053ef877f379ee65fb8c778623ce6d59c30633f74c213ea71be8
wqp,wqp:21FLORAN_WQX-CC18,2008-07,ANFIS-F,20260815,0ee1b27024a14f42589e821831ac6c9ab324d49e8c8422c98f5d52ca1f15c2ff
wqp,wqp:21FLLCPC_WQX-GRIFFINTISH,2010-07,ANFIS-F,20260815,0ee2dbbc7d55aaab224bc1d41473c5060aca09587f52f905f4249a33fd8a66e7
wqp,wqp:21FLORAN_WQX-CC9E,2005-12,ANFIS-F,20260815,0ee39fa9d21a59e07c000de96f5a9290aac4143029439ab836570d9167e01d4b
wqp,wqp:21FLSFWM-D04,1985-01,ANFIS-F,20260815,0ee457d36eb23367d7bf0514ab4482ea2050a6b5ead67d8541e07fdf2fc751db
wqp,wqp:21FLSFWM-B02,1989-02,ANFIS-F,20260815,0ee6dcd0ed282b6f51e16cfdab439a34262b18073a60c4239365c73a6a9bf246
wqp,wqp:21NC03WQ-NEU019P,2017-11,ANFIS-F,20260815,0ee7e7fd3b68db4f011c3b9da242338c1363b8dd3a2009b9b40c750cc66df215
wqp,wqp:LAKELAND_WQX-LH20,2008-12,ANFIS-F,20260815,0ee8e49ef078a58d693bc1be3a670cfabef0634d569809259c89e1886f118825
wqp,wqp:21FLORAN_WQX-BC14S,2006-09,ANFIS-F,20260815,0eeb76783d18a927e162ede60304af2076ac635d76f2d06e82e3cb7a07977dd6
wqp,wqp:MNPCA-25-0001-00-215,1992-08,ANFIS-F,20260815,0eef8a42959e0ff85598b9a6801865a621cf5168f9ac7c06e35f2f47208237f9
wqp,wqp:21FLSFWM-ISTK1,1995-03,ANFIS-F,20260815,0eefb78eb5b666e2f58f8169fdc9fbfdd74fba40c82efdaa41b916b7d971d114
wqp,wqp:21SC60WQ_WQX-CL-019,2008-04,ANFIS-F,20260815,0ef102a028c1ffc84032dfe0ef21e8dedf257ac9a536d1f241fd42fda35005eb
wqp,wqp:21FLSWFD_WQX-23113,2018-01,ANFIS-F,20260815,0ef2bd92ab274d5118485548b8d80b54c61502c6b2bff3ae96c53173bca3dd9d
wqp,wqp:21NC03WQ-CPF081A1C,2011-03,ANFIS-F,20260815,0ef49f0d5c9a2a684d6314a3dea3708389497fd773dbb64f685f9bd855e6b8fa
wqp,wqp:21FLSWFD_WQX-23113,2015-07,ANFIS-F,20260815,0ef57f1bc695bc44da63d04c20fa38f47bd8c968538d4069e6850527cb876eaa
wqp,wqp:21FLSFWM-LZ42,2002-02,ANFIS-F,20260815,0ef8a70d778e92625961c57fe8ecb94eaddf24d4eb9a228ee3df042e7f9ea8f8
wqp,wqp:21FLSFWM-KBAROUT,1992-03,ANFIS-F,20260815,0efa4ee963f1c2710984a61b54abf122df768d1095b475b5dc8b9f95f4fb1157
wqp,wqp:USGS-02207414,2011-12,ANFIS-F,20260815,0efb4b272a6e50e992f3c8ec5268bab95a9a2721fcef6ffe7fec6bad3d33591b
wqp,wqp:21FLSFWM-FEBIN,2000-05,ANFIS-F,20260815,0f014b1fedaf2a0b84693024006ecea304ee6d0efa04d0e36483fc3ae1fb1da3
wqp,wqp:21SC60WQ_WQX-PD-327,2013-08,ANFIS-F,20260815,0f01ae71e9533ffaf5e2fabfe2954b3577de119d5b5e1fe88b46430b5e70143e
wqp,wqp:21FLSFWM-L001,1992-11,ANFIS-F,20260815,0f01bd9eb0e0af44eca6f8f27f5bb69f338a1ebc93e26bfc6824c468519c9120
wqp,wqp:21NC03WQ-CPFMC02,2013-08,ANFIS-F,20260815,0f06b8b28f7a37b3dd6fd8df2f65508d9fdbd4d47627e1674360f2f274caf918
wqp,wqp:MNPCA-62-0013-00-201,1980-07,ANFIS-F,20260815,0f0846c77680176dc5bf566a9ff551981c3bad2ccf69535b53c1c63c8a58555e
wqp,wqp:AZDEQ_SW-32,2016-06,ANFIS-F,20260815,0f0cf6b54a1b4e907b422b0568547f8ead90dd5e338b8a9b33684cc74de40dc0
wqp,wqp:USGS-423556088365001,2015-03,ANFIS-F,20260815,0f10494e6e1cf149e243168a8152cfb8c6479c50b21bd45f44ce654133f87b8c
wqp,wqp:21FLSWFD_WQX-23631,2012-06,ANFIS-F,20260815,0f116df500cc0f781d74af31184947c4218695292ec3615f3de672b183086757
wqp,wqp:USGS-07049690,2011-05,ANFIS-F,20260815,0f1252bb76afb066411c970800c5cbed1673efff722e0bc30242fb18ff8e3079
wqp,wqp:21FLSUW-ALL020C1,1990-03,ANFIS-F,20260815,0f139b9e157395e51aa19a46d3a85697a0d632322f7693383636e5ab1242db71
wqp,wqp:21FLSFWM-LZ2,2003-04,ANFIS-F,20260815,0f141a20df089041ba85c92fd417d27996476b0e769a3599b7149992bc2d8233
wqp,wqp:21FLSWFD_WQX-23389,2014-08,ANFIS-F,20260815,0f174183c63d5c82d9446491082fd2b965883b9e6b89723180e38b31f34fb4f0
wqp,wqp:MNPCA-86-0297-00-201,2016-08,ANFIS-F,20260815,0f17a7e2d4d6871eec83470afbb386920355520638d77d8f3561534281cd0ca2
wqp,wqp:21SC60WQ_WQX-SV-363,2006-11,ANFIS-F,20260815,0f18115d95927e30788aec9cbc78f75e38d8d4f89f79de4baebc6c5e3ac4541a
wqp,wqp:MNPCA-62-0007-00-203,2018-10,ANFIS-F,20260815,0f1a8c1532b24e529a38c7c8ce7f290565c2009779fa82966cfc351a24ed3fc1
wqp,wqp:21FLSFWM-TREENOUT,1991-03,ANFIS-F,20260815,0f1c7821c547e38a46f25e2674d414eb5def2bf0dc5dd16e29064de7c9341030
wqp,wqp:MNPCA-82-0046-00-203,1985-05,ANFIS-F,20260815,0f1d8ba2fd311d8e4d2eb980595d23d74cc7b17e669f5b58e23ec17cb9455136
wqp,wqp:21NC03WQ-NEU020D,2011-12,ANFIS-F,20260815,0f25b88495d6048c74409b2900d8e6d596481265540ed095491ccc82b5343802
wqp,wqp:USGS-07263299,2008-01,ANFIS-F,20260815,0f2672e6b173d54a208745ec7fc859d88cdfce63d588d88d55d64db5d2d80704
wqp,wqp:21SC60WQ_WQX-CL-094,2005-02,ANFIS-F,20260815,0f2755d05e6c90e769526a6c460b98359b10020886d58c7e8d7ede8bc0c6faa4
wqp,wqp:21FLORAN_WQX-CC17,2009-05,ANFIS-F,20260815,0f2828aa261d16bf69265d58cfcdc7508c61a170dd71f8fac609c43332817654
wqp,wqp:21FLSWFD_WQX-23477,2010-04,ANFIS-F,20260815,0f2942e863764bd8564e2e29ad9eac3567a79bad3b9a67d79322786601a780bc
wqp,wqp:21DELAWQ_WQX-304321,2009-07,ANFIS-F,20260815,0f2ef4a59b22328a5038dce112cba2ce903372e1f601c11c1d4ef0b18c7d2c20
wqp,wqp:USGS-072632992,2009-09,ANFIS-F,20260815,0f3160c72cd3acda9fa3d49d9c9adbc8d28b684d3697f05f685085d58b8515ce
wqp,wqp:USGS-072632965,2000-11,ANFIS-F,20260815,0f3227152552b683e660cad9bdfd7cea9228c3475ca39bf76575fda88649b5aa
wqp,wqp:21FLSFWM-A01,1984-03,ANFIS-F,20260815,0f32a9a6f819d88427d1c1426bb610e3967f751376b3b79d2a4f5d4f0ca25528
wqp,wqp:21DELAWQ_WQX-206461,1998-09,ANFIS-F,20260815,0f32abe388a605d64fee446c616bd665f3e90a81635f28a77aacf7567f3e14ae
wqp,wqp:21FLORAN_WQX-CC9,2008-07,ANFIS-F,20260815,0f346314e156bd6c4d641a05729d014074ba14ee927b3097a128b0bd57e6751a
wqp,wqp:21SC60WQ_WQX-SV-361,2013-06,ANFIS-F,20260815,0f34fb7593c0cfe2757e0cf0d2f110e0af45b06acd5b71a87bb1f9fc9a8c5a49
wqp,wqp:21FLCBA_WQX-WAL-TRESCA-1,2018-10,ANFIS-F,20260815,0f351f1426d2bd34e501e10d6889821f4cca327a7d48cf72e95e9ed9292f4522
wqp,wqp:21FLSFWM-ISTK5,1988-06,ANFIS-F,20260815,0f37c25a4dc32968b0badd8d3edd7b2003cfc3f968512c1117247d9f52976192
wqp,wqp:21SC60WQ_WQX-SV-339,2006-11,ANFIS-F,20260815,0f381bd78cef0421e4f75f616ec5050131994a9cbc63646f4de4cf7801a706d4
wqp,wqp:21DELAWQ_WQX-208211,2015-11,ANFIS-F,20260815,0f39670f0cddd42d8cabe26151744a92124aec30f8be6564df2f3743cce03170
wqp,wqp:21FLCBA_WQX-WAL-MORRIS-2,2017-03,ANFIS-F,20260815,0f39ac89bb9c4959acb33affa2d9462808c8d6a77688c8ca8f6c3c60f0b19f32
wqp,wqp:21FLSFWM-L006,1979-08,ANFIS-F,20260815,0f3a7ac58306298cb950576a6f0a71e6387e647401ee895b5d6f98b836413034
wqp,wqp:21DELAWQ_WQX-304321,2011-12,ANFIS-F,20260815,0f3b7ed4fb823f081179debd40552ddf46eb1ac5ad9452f628d1314cc2cff397
wqp,wqp:21NC03WQ-NEU019E,2011-02,ANFIS-F,20260815,0f3c23e4f5637d9377b2cbe43891ad626d3efa098aec45e98dd9ff8958868731
wqp,wqp:21SC60WQ_WQX-CL-089,2006-09,ANFIS-F,20260815,0f3c56fa1be536d42d72be661b93e0564349a6c01411b741ba829eabc0141201
wqp,wqp:21FLSFWM-PALMOUT,2004-04,ANFIS-F,20260815,0f3d1d375cfe3f9da49e1061637281fc63efa728c9ca1fc795cf6028b5130741
wqp,wqp:21SC60WQ_WQX-S-222,2010-10,ANFIS-F,20260815,0f4235d77ba40884763f539752a9812bc009006e175bd69a101e45b2f1055994
wqp,wqp:MNPCA-02-0045-00-202,1984-08,ANFIS-F,20260815,0f43d3f607662310c5d8fb432e51ea71da30a96721e2137303fab5f62fa73758
wqp,wqp:21FLVEMD_WQX-SJ17,2015-05,ANFIS-F,20260815,0f43daae76023398ea9cfbcb31b349af2684430601142082edeb4fba5153d2c8
wqp,wqp:21FLSFWM-ISTK1,2007-09,ANFIS-F,20260815,0f471f19422bce14d0f74f5b0b0528d68498f1937b5e990dc66da0cb662cdf86
wqp,wqp:MNPCA-86-0252-02-207,1982-12,ANFIS-F,20260815,0f483d6f71ddfcb32dec109d3f5317b261ad421326fdbf8938c32829fd88f2a3
wqp,wqp:MNPCA-25-0001-00-232,1992-06,ANFIS-F,20260815,0f4ad01c0e6aaf0eea50c89f5ea450cbc7fe202d26f70b467a5e33336509bb40
wqp,wqp:USGS-423556088365001,2008-07,ANFIS-F,20260815,0f4cd9d3e7b1d36cdb2a2a34d50483a5d97de7de8c239d9231bdfeda15bfbbb4
wqp,wqp:21FLCOLL_WQX-LKTRAF4,1997-06,ANFIS-F,20260815,0f5baf44031b46a19ffe52f61dca8065f9af9ae5b6000b0ea03fb80621cd59dc
wqp,wqp:21NC03WQ-CPF086C,2008-05,ANFIS-F,20260815,0f5e549530eb38d60e438ea892787c26ec59b927594ad56c1f941b396b12a174
wqp,wqp:21AWIC-23,2015-05,ANFIS-F,20260815,0f6236d4705d678603efbee0fe59b2a61ab46f4432b3983b8ec4e3061ff8666c
wqp,wqp:21FLSJWM_WQX-44154,2018-02,ANFIS-F,20260815,0f62f8ae4934c1d18671e29ef85033d36f3df6045b52315b9f8839f698d67800
wqp,wqp:21FLSFWM-B07,1983-12,ANFIS-F,20260815,0f63f3f5511da3260a85050515798938ff5c5e73d0f439ca550ed9e6dfd6071a
wqp,wqp:MNPCA-62-0055-00-201,1985-06,ANFIS-F,20260815,0f6487f5bb4d42963611381877d7fafec13c57c666bc103d332ee12745ec4e80
wqp,wqp:21FLSFWM-PLN2MID,1995-05,ANFIS-F,20260815,0f6996774db6aea842f0f9a3dcb59447808acaaa9a7e61ddbc0df6d9c4c6e7e2
wqp,wqp:21FLSFWM-E04,1989-02,ANFIS-F,20260815,0f6b4ca6e46051d6f3ca298c817d79acdfb8b378f4b8a85ff3c544b8e16cfd69
wqp,wqp:21FLSJWM_WQX-44676,2018-03,ANFIS-F,20260815,0f6ce2566f6be036854995cef5fe18567f4e529ee69bb37bc9f614195312a016
wqp,wqp:21NC03WQ-B2450000,2015-11,ANFIS-F,20260815,0f70353feecbe894bba8734c701525ceb7209d358ffc8d23207b709c410f7ed7
wqp,wqp:CAPECRD_WQX-280,1999-04,ANFIS-F,20260815,0f720232a51933ced01384db78e8b76a14f38266638e1b4f4adc8bae803d6c9f
wqp,wqp:21FLVEMD_WQX-SJ17,2015-08,ANFIS-F,20260815,0f72abfd072a591877380179457e4cd850b33716a439c6b27e3bd9b061c9bec3
wqp,wqp:21FLSFWM-TREEIN,1994-05,ANFIS-F,20260815,0f73da6257090fbc1f25916d101173e79d160aa793e4ced8dcb70bb931ebb3f4
wqp,wqp:21NC03WQ-NEU020D,2011-03,ANFIS-F,20260815,0f74f17b371bc76d1b47c52dab246177581b5207174eb9e07379cf7efb3af4ff
wqp,wqp:21FLSFWM-ISTK6,1994-05,ANFIS-F,20260815,0f74f248d8154b5b68a7cb6d0e33703c65ebfec61578c4c7bfadd5b9812afbaa
wqp,wqp:21FLSFWM-LZ42,2006-06,ANFIS-F,20260815,0f77fc94b9875b308c5a81cbb7af3bb8de9c9e2b9b2e50e534f7ee30fad02e3d
wqp,wqp:21SC60WQ_WQX-B-339,2017-11,ANFIS-F,20260815,0f796c16a99eb947ed8b7f835ccee21cc618d2dd00acc717f1a51522339e4294
wqp,wqp:21AWIC-81,2011-08,ANFIS-F,20260815,0f7c76d8b0e7b694f59d645804ac7ff72dfe249501ac1785df153947d04a6ed9
wqp,wqp:21DELAWQ_WQX-208181,2000-03,ANFIS-F,20260815,0f7cd2cdf9e9c851d64272e6052bd9dfe423d8af9565421de6ee4e823d453eca
wqp,wqp:21FLSFWM-PLN1OUT,1990-05,ANFIS-F,20260815,0f7d59c461392532f4b0b1122e5739305c6b9e34433ac587fb93382c29fd1a0a
wqp,wqp:AZDEQ_SW-33,2013-07,ANFIS-F,20260815,0f7e04e31a2d5cf3be7af7caa4fcf2d1aa813793439d16e92a03d0c8cc6a0ea7
wqp,wqp:21FLSFWM-PELMID,2007-09,ANFIS-F,20260815,0f7e6dc3e0fee73e6e33df30f3804e935c870d408bfb52d1014c69d8bbe55c9c
wqp,wqp:21FLSFWM-L008,1995-05,ANFIS-F,20260815,0f7f058dc66d99793a2b0553b5473e7702db32027891322e9e1138dd44b74c8a
wqp,wqp:21SC60WQ_WQX-B-339,2001-01,ANFIS-F,20260815,0f8033b225d352d66012d066728b3a44aa18ff4ba196b7e80409072305de1712
wqp,wqp:MNPCA-86-0284-00-100,1983-02,ANFIS-F,20260815,0f830cf6206d925d9bda427d00159ac863c2c46ffb52dfb6f3369cf388948fa5
wqp,wqp:USGS-01201700,1988-11,ANFIS-F,20260815,0f89c6ed8d9cd57c64e3cfad296ef8f3295362647d4675ce87e804b7827a501b
wqp,wqp:21FLSFWM-TIN13700,1998-04,ANFIS-F,20260815,0f8ab9081ac2ee3bd279212125393794ce1dbed0ba18b993a21f4000aa33ee05
wqp,wqp:21FLSJWM_WQX-44148,2018-04,ANFIS-F,20260815,0f8b09a17cb41fc0ebba6909424f9eb042eb4693b1915bb124bf69d557ee652c
wqp,wqp:21DELAWQ_WQX-304321,2008-07,ANFIS-F,20260815,0f8d1ab715d8cffac3d018c2462bf2cc79db459dae1f35482f246ff3c86d24b1
wqp,wqp:MNPCA-25-0001-00-246,1996-09,ANFIS-F,20260815,0f8e8f95885673b31416ffee1b788c4c85d56c043eb3320dcaf7bc08ecf22c1c
wqp,wqp:21SC60WQ_WQX-S-024,2018-07,ANFIS-F,20260815,0f8fb344af04a22573e89bfe96e9e495b355ffe2cc5ce73afdb39c456418bbcc
wqp,wqp:21SC60WQ_WQX-SV-338,2001-06,ANFIS-F,20260815,0f95059ca9fc5363d19cfe46c4d9774a7ece40500c2a2de48b4d0078a845011a
wqp,wqp:21FLSFWM-TINOUT,1992-01,ANFIS-F,20260815,0f96240929b4bb20165b1cecb6af85a0853a9176baf6f6ec9d7ca05e2a95dbc3
wqp,wqp:21NC03WQ-YAD152A,2006-01,ANFIS-F,20260815,0f987b70e3f37c7e318bed971d56f7b2a64c38049bd29b4d72314d550b52190c
wqp,wqp:MNPCA-82-0046-00-203,1997-05,ANFIS-F,20260815,0f9b51f8e07746f6741fecd8344930abe44b93f4288b90237cbb85d7f26753f8
wqp,wqp:21FLSFWM-B09,1982-05,ANFIS-F,20260815,0f9cb54dc21282c74ed940759e75a86464db708fe226e2538db1d802e96da1ae
wqp,wqp:MNPCA-25-0001-00-247,1994-08,ANFIS-F,20260815,0f9d3eb7ff8117428cd8b740d67878e5d352285970ff49e6126938eaf6fa2092
wqp,wqp:21FLSWFD_WQX-23144,2017-08,ANFIS-F,20260815,0f9d5f20ba61cf1d51648f4925818896664e9ebbfdb95ce6e7aa21acdacc5295
wqp,wqp:21DELAWQ_WQX-308071,2014-06,ANFIS-F,20260815,0fa0062142730ca0341693bec2bc8af1604818eb9cbb7389400449094f1f17ac
wqp,wqp:21FLSFWM-C03,1992-07,ANFIS-F,20260815,0fa549ed84a899134036cc179145a53bd3317309c107776e24ee9b130feb593f
wqp,wqp:21SC60WQ_WQX-CL-089,2013-07,ANFIS-F,20260815,0fa5755db695dd725e9cb3020544d9df5feaff3bd33f103088e4a573cabffc60
wqp,wqp:21SC60WQ_WQX-B-339,2010-08,ANFIS-F,20260815,0fa57767c9a6acba761e2d5b83b73255b5c41ce4da7cff8790c872040da85ad3
wqp,wqp:21DELAWQ_WQX-303331,2000-11,ANFIS-F,20260815,0fa577b0c30d8d7f34c0915418590d89006e5525eaaf4b6bcf7bf13e982b7b31
wqp,wqp:21FLSFWM-L003,1988-03,ANFIS-F,20260815,0fa5c82664304fed1c5fdf72200b137d9188c9bf3443c12777a86de567d5c56e
wqp,wqp:21SC60WQ_WQX-SV-331,2002-04,ANFIS-F,20260815,0fa5f84355b2082c5656eccc22b67b27786d9b641a7bb6ce3b39b8b3e229e569
wqp,wqp:OKWRB-LAKES_WQX-520710020020-01,2000-07,ANFIS-F,20260815,0fa97432d8f7c38ac6f33218cc441807d2e4192607fb0a04a438c34018631452
wqp,wqp:CAPECRD_WQX-262,2002-07,ANFIS-F,20260815,0fa9ca40b6efb800bca194241a263541a20dfdefd27cd3688a82a779aa3f97c4
wqp,wqp:MNPCA-86-0252-02-207,1984-08,ANFIS-F,20260815,0faa6fac91f3b6b87c2aefb3098738e5e1966427468a0a1578aca77af256da4f
wqp,wqp:MWRD_WQX-BARR3P,2013-08,ANFIS-F,20260815,0fab8ce2bceeffa48d0a7558d6eb77a1cc089ee3cfd96e145d77bd107a723958
wqp,wqp:21FLSFWM-L004,2006-08,ANFIS-F,20260815,0faf72186c43629c1986866b589e3e5b702543f38cf82113cb54576b3ec10504
wqp,wqp:21SC60WQ_WQX-SV-335,2006-12,ANFIS-F,20260815,0fb1ddcebaefd4060a869dd16e11bda83a5e665520c4786968144af588d9a743
wqp,wqp:21FLSFWM-LZ2,1997-03,ANFIS-F,20260815,0fb23ad65ede84b15f4391e9cdbf88e4e696e2a8fa94c24be516850330f8c04b
wqp,wqp:21FLLCPC_WQX-GREENWSH,2013-05,ANFIS-F,20260815,0fb31b39098f61ec2f6c5de809f86935f4180c7410f60a2f3628e92e967cd756
wqp,wqp:KAWNATON_WQX-KN-KL-003,2013-10,ANFIS-F,20260815,0fb41e1fc8743f2e3a5af10f6e37d6e7ae5b63ab6ba7e5d68e648dac0b8b2b48
wqp,wqp:MNPCA-62-0055-00-201,1988-12,ANFIS-F,20260815,0fb635000c3190947b048ea5233d66e3970b8c01645545f50bb30da6559a71cf
wqp,wqp:21FLORAN_WQX-CC18,2012-06,ANFIS-F,20260815,0fb7a91c2f3b5ebbdd563ed1326a2be7525abd4033abf2d9f095f55cc07f2d59
wqp,wqp:21FLSFWM-L006,2005-01,ANFIS-F,20260815,0fb7c9d9c7e6434184fb7fa1c989847be94a704d71271ccf59fa26bd2e0aee7c
wqp,wqp:21NC03WQ-CPF055C1,2014-05,ANFIS-F,20260815,0fc18de8d7eaedca91a22fa51959555642354a7a31fbe5c5edd62d3ad48a46dc
wqp,wqp:MNPCA-62-0007-00-203,1985-05,ANFIS-F,20260815,0fc5846c77f14a04b07a7257d9423c02ea5fec751f3a2c60f76b2222398b8110
wqp,wqp:21NC03WQ-YAD152A,2010-02,ANFIS-F,20260815,0fc6988bf6c451305d44070b8dea85ad17ffbb5a57f98af6736d027b2d9e81cc
wqp,wqp:MNPCA-25-0001-00-246,1995-08,ANFIS-F,20260815,0fc6b1b278aac5f6fdb8fbd0c358da0bfe87e48149287f8843fad9020dce9a90
wqp,wqp:21SC60WQ_WQX-SV-098,2002-04,ANFIS-F,20260815,0fcb378852631731809c2d5e4c22830b7ec4b81457fa0e4216f30a5f4736a564
wqp,wqp:21FLORAN_WQX-CC9,2007-07,ANFIS-F,20260815,0fccc50474de6abdf8e36cd1d609c03319f336978c19f01b0cff0c0825130ee8
wqp,wqp:21SC60WQ_WQX-PD-327,2006-02,ANFIS-F,20260815,0fce2f85a70dfd54a838297be7a2cea6ad91c2b2a38abd47b3a31bd5e5e268b3
wqp,wqp:USGS-072632972,2010-09,ANFIS-F,20260815,0fcf2f7316dbd105788f362e2b88c598895489de5b1a5d3b1534f4bc2ba3bca9
wqp,wqp:21NC03WQ-Q5360000,2014-04,ANFIS-F,20260815,0fd065df03318aa9f9e873874434fce4bcfdcda7ea51a13814abe3df14f8c159
wqp,wqp:21FLSFWM-TIN8100,1997-11,ANFIS-F,20260815,0fd290cf4f44732b3a23c315a1f2e0466a2f91c070717c0c0db4f86a65263e91
wqp,wqp:21SC60WQ_WQX-S-310,2017-09,ANFIS-F,20260815,0fd6a6ef0bc2c11af7e5a3ac2a1c424ea9da3b6ec4aee8d635cdd2893618bbb5
wqp,wqp:MNPCA-62-0007-00-203,2013-06,ANFIS-F,20260815,0fd9bd61a75a93f7b18afa4d2f56954c7143a2692065cef3a880281af2972285
wqp,wqp:21SC60WQ_WQX-S-308,2009-05,ANFIS-F,20260815,0fe3076e90077260d32ddce09546942e74997d437340d3436feaee8182b0aeca
wqp,wqp:21FLSFWM-C03,2006-09,ANFIS-F,20260815,0fe61e975842a8459b0d60a966114dad9c83bfbeb05452cbb13e19816a230997
wqp,wqp:21FLHILL_WQX-271,2018-10,ANFIS-F,20260815,0fe6e1ac366566184b54650e7bf8b56c0d6724b80e9b9fce639b50564f264611
wqp,wqp:21FLSFWM-B02,1989-11,ANFIS-F,20260815,0fe833f158ff2bef48a7bb238df28b38e7ec184986cc85a425539f2178502c2a
wqp,wqp:21FLSFWM-LZ42N,2006-07,ANFIS-F,20260815,0fef42a7f43b9fb9d24d5cf4cfaccd37d4fd957ce0d97d1106979e277379bf9c
wqp,wqp:21FLORAN_WQX-CC18,2008-05,ANFIS-F,20260815,0ff0c535ef363e69e73069b9a988fbd9b9ee28c7293bb434068d7ce386b223cf
wqp,wqp:21NC03WQ-CPF055D,2012-10,ANFIS-F,20260815,0ff4186ea7956996f7b46209c8f8a6ecaa1f1716ac97de2b6df7c5ee483c3fca
wqp,wqp:OKWRB-LAKES_WQX-520710020020-04,1996-07,ANFIS-F,20260815,0ff562477998e9ca2a13655a99badb111935a0fd7211d5558f88eebe77194a96
wqp,wqp:21FLSFWM-KBAROUT,1993-06,ANFIS-F,20260815,0ff740847f321d612f082fff788ce4a8d6e28891b98f1c451964d05ab87b6624
wqp,wqp:21FLORAN_WQX-CC13,2007-10,ANFIS-F,20260815,0ff7f5ba0bf79d58ac3512781ea03de9e2b4125ee7db210297ce83c9e7328ace
wqp,wqp:21FLORAN_WQX-HB70,2018-03,ANFIS-F,20260815,0ff80f432a3e516c0857cb0bfc7b8457f6bbda5135a4a32ff20ba13a3eccdbb9
wqp,wqp:21SC60WQ_WQX-SV-268,2013-05,ANFIS-F,20260815,0ff97ad4d59b3b5d740cf2fb8c218815cfa9396834d0121f483567e6184c0462
wqp,wqp:21FLSFWM-E04,1998-06,ANFIS-F,20260815,0ff9ceaf944fd13d3bce40f0eb5ec93afa25ef3418539558224cad64ed30db0c
wqp,wqp:USGS-423659088354401,2004-07,ANFIS-F,20260815,0ffd4c607fd0b1897d3b1331811c730b13e1ef012404b6f19a7ce1fa843b3bf4
wqp,wqp:21NC03WQ-CPF086CUPS,2001-02,ANFIS-F,20260815,0ffec43d9910888cab500aafd4537c37b8868ecca7a1f642dd39a4680bb6757b
wqp,wqp:MNPCA-62-0013-00-201,2016-09,ANFIS-F,20260815,0fff7ace5321691ecfabb0c54baaf382ef186e89b917de01ad5adba9fce8aa14
wqp,wqp:21FLLCPC_WQX-IDAMERESSHDK,2014-02,ANFIS-F,20260815,0fff8a4bdda396d58af30aebdd0c36e92853789233bcb417d92d281812f0015c
wqp,wqp:MNPCA-62-0013-00-201,2018-06,ANFIS-F,20260815,0fffdb98376faf90bae568157ab5a979f4e8574a2dad4dc794181629e47611dd
wqp,wqp:21SC60WQ_WQX-SV-098,2006-07,ANFIS-F,20260815,1001ded18913894fa3da51f77577da6413546fb11ed106351baedc1651ad25e5
wqp,wqp:21FLSFWM-PELMID,1991-02,ANFIS-F,20260815,10054e1bd226d589e80060f9bc701787175bb2f2e7503bebbfbb9c8c3c128d90
wqp,wqp:MNPCA-25-0001-00-225,1996-12,ANFIS-F,20260815,1006be374986406fa4b5f0b7197ec7b6083ee09a02fa9730c8cd0add53269c6b
wqp,wqp:21DELAWQ_WQX-110011,2005-10,ANFIS-F,20260815,10074fd691cb97f44dd4ebccf5589b529cb1328f1c55c1675e2d17388f849b81
wqp,wqp:21NC03WQ-LI01,2016-08,ANFIS-F,20260815,100aeecf52c31c3228ec402f8308f2cc5bdfb5e7ae244e2ec8ccf559ede6017b
wqp,wqp:CAPECRD_WQX-262,2014-10,ANFIS-F,20260815,100c6e9ed3873114ec353f089953264bb713444c087541f72bab8c6c44ad78c0
wqp,wqp:21FLSFWM-POLESOUT,2000-05,ANFIS-F,20260815,100e18a11d496ac1b8474235bda5ee50e8f55f95e779aab83fbcfdb73bd61750
wqp,wqp:21NC03WQ-CPF055D,2014-07,ANFIS-F,20260815,100f2d54a3d05483114a6d2b6c7eda60a9460861ea0b164b722d02f7f0c258ae
wqp,wqp:21FLSFWM-B09,2001-02,ANFIS-F,20260815,1010478520796815e7acc789c44549e4d5c4b5c0b3e54310290ed31d73dcef79
wqp,wqp:21FLSFWM-L003,1996-04,ANFIS-F,20260815,101142c3406e82da725baa71019dd6e40f885cbdde5ac733d1a7fd4eafa406b8
wqp,wqp:21FLSFWM-KBARMID,1995-09,ANFIS-F,20260815,10144e1ad0afedd59f921a04b5f6fa22617175b7c83e925298d2d41e5e570336
wqp,wqp:21FLSFWM-L004,1992-02,ANFIS-F,20260815,1018889fb46609eadbc140aac980c6abd1eae2d9113ebf389f30c26a416b8002
wqp,wqp:21FLSFWM-L008,2005-02,ANFIS-F,20260815,1019685ec649bccfd8153cebc2ec546dd1aeb69c0e4e7d07606afcaa61f2dd57
wqp,wqp:21NC03WQ-YAD152A,2009-01,ANFIS-F,20260815,1019d6871553f5f5c2d075a2792621c856260cb221699807d3d3eb54773f1009
wqp,wqp:21FLSFWM-PLN2MID,1988-12,ANFIS-F,20260815,1022383f5a21381da7451b7d7f320f8f80620a3adaa52d594c297174317d9190
wqp,wqp:21FLSFWM-ISTK6,2005-07,ANFIS-F,20260815,102368140319cf437354a24dd0690901145a3a13c474cac83e6fb759c0511d80
wqp,wqp:KAWNATON_WQX-KN-KL-003,2018-06,ANFIS-F,20260815,10247a197f11ec375f090c2786b5891b696227c6b9aa726c3dd3f8d2505bf4c1
wqp,wqp:21FLSFWM-MH32000,1998-06,ANFIS-F,20260815,1025ea0b96cfcaee8381995504af27a972ec38d38ca0b6ddb5347a1fa04f495f
wqp,wqp:CAPECRD_WQX-262,2012-10,ANFIS-F,20260815,1025f2b48f6a18b122e6a2747b2c1edebc8fae31450ad71dc83dafb714b2404e
wqp,wqp:21FLSFWM-L005,2008-03,ANFIS-F,20260815,102bc4fda8bb0a4b143e32293e16ac42c32666edebbeccfdf2c9b4f3e1e2210c
wqp,wqp:21FLSFWM-E04,2002-08,ANFIS-F,20260815,102d08cbfd01583d3abbb5b528f772efdb5072a56d7dac3cd7384d5e57ad21bd
wqp,wqp:21FLORAN_WQX-CC4,2007-04,ANFIS-F,20260815,102dd0fd7fe3c23195d1484f8ef69538411d7c86426a88bb2f16001db9911722
wqp,wqp:21NC03WQ-CPF0880A,2015-10,ANFIS-F,20260815,102e7c438b9b3f9547413f0a187c09772ccc2f4e548376664b48ab66e80f38ef
wqp,wqp:21NC03WQ-YAD169B,2005-11,ANFIS-F,20260815,102ea98b5fc9ca33e19a4128b823591c22b2b6c6c65f77608261b0aafd18410f
wqp,wqp:21NC03WQ-NEU019L,2014-04,ANFIS-F,20260815,102f81f7290235c82d726c52144e3c55b1449fe2b091db69d9494a558e376bf0
wqp,wqp:21FLSFWM-A01,1998-10,ANFIS-F,20260815,1031ad7d3f424482d0c94f00e39f4739b2f8feb50ac037c3270522b7ea08e4cd
wqp,wqp:21FLORAN_WQX-CC22,2012-06,ANFIS-F,20260815,1032ead8f85c4c904cfa13b65d6628182f54c5d21c9196884b00d1ed31d7e0cc
wqp,wqp:21SC60WQ_WQX-CL-089,2014-08,ANFIS-F,20260815,1038ec25b30377770d1b5dfe0808a871721bc7579de202993fbbd4ae5545b446
wqp,wqp:KAWNATON_WQX-KN-KL-001,2018-02,ANFIS-F,20260815,103e67941849c3e5525e373987321819a700195fbbab373f75e2701ae068b41b
wqp,wqp:MNPCA-25-0001-00-246,1990-09,ANFIS-F,20260815,103f6c9160aecbe696094d6e0b02c9218383ea825653aa027d44a8839b29adc6
wqp,wqp:MNPCA-82-0046-00-203,2003-04,ANFIS-F,20260815,1040024f54b8e7f8a3173092d5e4c2105ba36a28581ba3fc5aaa6674d01c2792
wqp,wqp:21SC60WQ_WQX-PD-327,2017-12,ANFIS-F,20260815,10427d451eb17aaa769d8a5bb4fb853b95f3f8ec3b7c640267e09d0842ca6050
wqp,wqp:21FLORAN_WQX-CC17,2011-02,ANFIS-F,20260815,10443a9b06a1c39e1ce2356897372b43f874b3bfee96dbee7267c58f2888e180
wqp,wqp:21FLSFWM-STAKEIN,1987-09,ANFIS-F,20260815,104842080923040b45d22c3b43cd8111f37357b768d0113634598ec804d819f3
wqp,wqp:21SC60WQ_WQX-CW-197,1999-11,ANFIS-F,20260815,10488676167b62d268cbcf637440051afb8c0c9a757330324179f9825c47dc39
wqp,wqp:MNPCA-25-0001-00-215,1997-05,ANFIS-F,20260815,1049fc8362a2b0051be3870e022cd52c5e49f3ceb25a86d86c3041bdf0a8f399
wqp,wqp:21DELAWQ_WQX-208211,2009-11,ANFIS-F,20260815,104be9eae1ddbebf5963e307b9cc5a9ebcc2e13fcadba830a4b4e5ba5e86b194
wqp,wqp:21SC60WQ_WQX-SV-335,2004-07,ANFIS-F,20260815,104beb6e86563edd69a579769dc6d8cee521868bbe17c9158296c2c570a8b426
wqp,wqp:21FLORAN_WQX-HB70,2018-08,ANFIS-F,20260815,1056ce7df6f7c4d84977dd3aac3eccb67faaf99d1d0719c1b7b24d81fd0cedca
wqp,wqp:21DELAWQ_WQX-205211,2018-07,ANFIS-F,20260815,1057cafd50ac74fd8216902d4b5de73c32d3fb9e7cebadac7f5efcc25f87acb4
wqp,wqp:21SC60WQ_WQX-SV-338,2008-07,ANFIS-F,20260815,105a6a7ba950ba62772aadf9b7c39c77f4e4e67472192a48c49a62186eca3320
wqp,wqp:21FLSUW-ALL020C1,2006-02,ANFIS-F,20260815,105aefe680b9d18fae9f73c75f81c8b3235671bb5080f5be732a46ea74438744
wqp,wqp:MNPCA-86-0252-02-207,1989-02,ANFIS-F,20260815,105c35ca63f501010876653a4265199e1e83fea0b7f6b16d6d1faefc694776b5
wqp,wqp:21FLSWFD_WQX-23113,2004-12,ANFIS-F,20260815,105d401d821defbf070191c991659ceb2a3affc34e3b21b79f2316f653ad8ded
wqp,wqp:21FLCOLL_WQX-LKTRAF4,2018-07,ANFIS-F,20260815,105e12285136ec6e04fa70155f4482c3d45b56aab09fc10e8092e20221b3edfc
wqp,wqp:21SC60WQ_WQX-S-311,1999-08,ANFIS-F,20260815,105f4194e1827bc9fec6da929c077d0908a69bf8359d1a0a05d5a5832d3198b6
wqp,wqp:21FLSFWM-E02,1990-02,ANFIS-F,20260815,1061b374a9bcd05bb96a47bdf90c840e27cca70bd96dfc6f2676529c69837492
wqp,wqp:21DELAWQ_WQX-208211,2013-04,ANFIS-F,20260815,1067224fd5ffa9bbde2c0b1c83a4874b3f8f9d8b8f3790c09d5f6b117637ce6f
wqp,wqp:21FLSFWM-B03,1981-12,ANFIS-F,20260815,1067c02352b46d057b7bdb5e3c7b426d45a1483c72b789799226eef6363b77ba
wqp,wqp:21FLORAN_WQX-CC22,2008-04,ANFIS-F,20260815,106c7c70880dfc6df997816ddd60b6f72586f39c89b6f2954f62bbc61135c20e
wqp,wqp:21FLSWFD_WQX-23113,2004-02,ANFIS-F,20260815,106de490215238de750802c497555f2f8c7bfce50bb2dc6a6159e7e1c79c7034
wqp,wqp:21FLHILL_WQX-135,2001-06,ANFIS-F,20260815,106e8a483b59602dd38161ce2f89e0dd3b46cc6f8cb80f000eb7406a0c8cb34d
wqp,wqp:KAWNATON_WQX-KN-KL-005,2007-08,ANFIS-F,20260815,107011d377c6605e4a98ef74239836c873f4e63992d90e7adbef1a0f83364766
wqp,wqp:21FLSFWM-C03,1992-12,ANFIS-F,20260815,10708bfbc76b64fb9d81ca28d55acb2c23ce48e0973108b4bc6c080b9d4fd7b0
wqp,wqp:21FLSFWM-POLESOUT,2007-04,ANFIS-F,20260815,1070a1e9c149c38db3b1b2c871cb75024deeae4c1c909555f768ea2e8a905bdd
wqp,wqp:21NC03WQ-CPF087D,2006-01,ANFIS-F,20260815,1070fc1c6f7ace2b6fd0b71e8a41657af1d349aef7c582222c7cb14bba191792
wqp,wqp:21AWIC-81,2008-11,ANFIS-F,20260815,107347228118406076b8042cfda7f1729a4c862754e1980ce1dff11c48458735
wqp,wqp:21FLSFWM-TIN16100,2003-06,ANFIS-F,20260815,107514f76611095d59879dddbe38350762319b61a3ba0d3164dde608767027e3
wqp,wqp:21AWIC-23,2004-10,ANFIS-F,20260815,1076ef4d2c0e1a35d986c11526148bab01942ab766be6700a3b5fcddd11a3499
wqp,wqp:USGS-07049690,2009-09,ANFIS-F,20260815,1078a2f77e2dcde3b31ccadf439ca87320b579a4759bc2db19d776b5dda9e3be
wqp,wqp:21DELAWQ_WQX-108111,2009-09,ANFIS-F,20260815,107b2df273c0deb7a46074db40bed1386a0579c4eb74d4d535156d598a7b31ca
wqp,wqp:21FLSFWM-MH16000,1998-12,ANFIS-F,20260815,107cc0e70a1728e857a50d4108b139c8b5a63c5ee662f0ed628e32f14d2889f8
wqp,wqp:21FLSFWM-LZ42N,1996-01,ANFIS-F,20260815,107ef9f0803ea80570851f147cfc42050d495bbf6d3399c15c323488d24b9b9f
wqp,wqp:USGS-07144790,2015-05,ANFIS-F,20260815,107f35c101261718e8677ebc9056bfb5deaf219f169c68aa5cfaed872fbd0d7c
wqp,wqp:21FLSFWM-LZ42N,2008-01,ANFIS-F,20260815,1080159b92728c309aa22576464bdbf6f05b4a7bf66b47ff86e61d2226ae084d
wqp,wqp:21NC03WQ-NEU019L,2013-10,ANFIS-F,20260815,1080698dec8f56c6892246faab724ef7eb6b11992e6fa4c901d7507c9c06f0e8
wqp,wqp:21FLORAN_WQX-CC13,2005-11,ANFIS-F,20260815,10819bbd2fd2c28d8a706e76a6fb32b0de31888275f92d75da8d732e0af809e6
wqp,wqp:21FLLCPC_WQX-YALEMARSHPK,2018-01,ANFIS-F,20260815,1086b35dd53c31d6c20c337ad4c23177fb5ec5d624b1ae2833ae2e2e14bd8352
wqp,wqp:KAWNATON_WQX-KN-KL-005,2008-06,ANFIS-F,20260815,108751a9e50328fd94bf2079e9df1ec2395613720eb22f278b5f66c22b508f4c
wqp,wqp:LAKELAND_WQX-LH31,2008-11,ANFIS-F,20260815,1088272a2ee7dc9d993514396bc2aee691c20567ce80636ac4006b4fe6e2e950
wqp,wqp:21FLCOLL_WQX-LKTRAF1,2014-03,ANFIS-F,20260815,108d09f424a77de775c96a7ebcc80bff1760a28bff42e355ad831335adeb3608
wqp,wqp:21FLSFWM-B07,1982-08,ANFIS-F,20260815,108d918dc427f0e7e7a686f2fc71e0e009371834644c02586a4bf18ac1b61001
wqp,wqp:USGS-07049187,2009-08,ANFIS-F,20260815,108f6210fb4d8520d5711b1187da63ea7953a2d56bb028350c8c3981ea467d71
wqp,wqp:21FLSFWM-PALMIN,1987-09,ANFIS-F,20260815,1091a457ebf1f6041925b55fd49b0ad8476c1f65b6d2533db0772217bc69e8d9
wqp,wqp:21FLSFWM-LZ30,2003-12,ANFIS-F,20260815,1095b071d856275508b9021010d774820a152855637d1a4658d3df6119351103
wqp,wqp:21FLSFWM-A01,1997-12,ANFIS-F,20260815,1095caf08292626a87354ffcbf4b537ef713236d613f2f8418914fa96f202f5e
wqp,wqp:AZDEQ_SW-33,2016-04,ANFIS-F,20260815,109f563391d1f13f3246210a74bab363f03bf6ffbcac3f21fccd43ec68afff41
wqp,wqp:21SC60WQ_WQX-B-339,2014-12,ANFIS-F,20260815,10a0a4800ba719af740084bec21b7512cd926f36491bf2d1dc99f50cee6f95e6
wqp,wqp:21NC03WQ-Q5360000,2009-10,ANFIS-F,20260815,10a275ab0e1bddef160a018cfa531efd2e52d74fbb7339be63e8a5afba241377
wqp,wqp:21SC60WQ_WQX-SV-361,2004-07,ANFIS-F,20260815,10a3bb36bb82a8d6cb4ab9f7196bf09df10af714e95266aacc92c6b8b95c2aa4
wqp,wqp:21FLSFWM-STAKEOUT,2002-05,ANFIS-F,20260815,10a86058fa9a7e45ef1fadaea07266c8cd3f9904764bf39df95c7c6618d9714f
wqp,wqp:21DELAWQ_WQX-208181,2005-04,ANFIS-F,20260815,10a92e226b767bf8dc3ac299b75a56af7baab34a63ae1e5ad81d24372b2387fa
wqp,wqp:21FLHILL_WQX-135,2016-06,ANFIS-F,20260815,10aa8302f43acee257d6e5dd9dde1e4d9ad7bdc84cf5dce0388515ee7ecc7534
wqp,wqp:21SC60WQ_WQX-B-345,2008-12,ANFIS-F,20260815,10ab6990843aebcd857008486a73f348ed3b2640eae7f4dd17a72fb892d842bf
wqp,wqp:21SC60WQ_WQX-SV-098,2008-05,ANFIS-F,20260815,10ac14aec8ebf7c4ca6e0e48d73822073cdbc8c91a8e640b5c317519e6b4e416
wqp,wqp:21SC60WQ_WQX-B-345,2014-05,ANFIS-F,20260815,10ac52898a0d7c133d19785c9524767c8ef5dafbfba50763e16df1a2890f29c3
wqp,wqp:21DELAWQ_WQX-307011,2008-04,ANFIS-F,20260815,10b441df4d62119d7fb6956ad03f8f31e55b9eb6680accc087cde20c5836bd8c
wqp,wqp:21SC60WQ_WQX-SV-372,2011-08,ANFIS-F,20260815,10b7731353bb147130e2839afbdb8a7dd3e33cedbb3414bab7229c18937bed1a
wqp,wqp:21FLSFWM-PELMID,1997-02,ANFIS-F,20260815,10b8d72624a84967e9607af06eb1a956de99e72c709a1017d9e607b754a90263
wqp,wqp:MWRD_WQX-MILTON3P,2014-07,ANFIS-F,20260815,10bb6aae0fd72b8d85ea47e67e6cf5a4d9be364a12522f9fee97b50e57d34928
wqp,wqp:21FLORAN_WQX-BC11,2005-12,ANFIS-F,20260815,10bbba9aabef5dfd2e60cf55269468168342bc6010977ddd6908866af71e33f0
wqp,wqp:MNPCA-10-0042-00-401,2011-09,ANFIS-F,20260815,10bca4c9fa2eded53d4a879a1778fdfe740b4f3161df1e652ecae39c591764a0
wqp,wqp:21FLSFWM-PALMOUT,1989-10,ANFIS-F,20260815,10c36efe1a3f5fa8460cb5f24e08529fed97d34efb106aed4a7bf76c0a6bbf47
wqp,wqp:21SC60WQ_WQX-CL-094,2005-06,ANFIS-F,20260815,10c4488d6f7d49e54cc9b8690118b6ec174e126c80914e2b4f7efff3d1628bcf
wqp,wqp:21FLSFWM-ISTK3,1995-12,ANFIS-F,20260815,10c979b27506bb2a71562be291dcd8799f6e678da649763c82879f6e1f4e31a2
wqp,wqp:21FLSFWM-STAKEMID,1993-07,ANFIS-F,20260815,10c99d37f1cb174ecf084c2036ec4a8e823015eaf95befb0529e0b1730b152d4
wqp,wqp:21SC60WQ_WQX-B-339,2012-07,ANFIS-F,20260815,10cae20e960ea353005ebd59b1902f819952270448279d68d5fee54bc65c8108
wqp,wqp:KAWNATON_WQX-KN-KL-003,2007-07,ANFIS-F,20260815,10ce56ef274207491f836ac830eb5b464f1ecf5dafc2e205028bdb175c51ec9e
wqp,wqp:USGS-423556088365001,2000-08,ANFIS-F,20260815,10cf91f5438a923c7da8f5ff9216a8a92efbb4ddfb2c3161068e302e99524d8c
wqp,wqp:21FLSWFD_WQX-23113,2006-03,ANFIS-F,20260815,10d2f8cdb7b2ea0c2a8c9c4166a1ad7a6329a8236a51e002213759353c7c9e68
wqp,wqp:21FLSFWM-D02,1998-07,ANFIS-F,20260815,10d30bbdc82a01567d87ab35a43703e9aad427592338182cfc3346a6a9f121e0
wqp,wqp:21FLSFWM-PALMOUT,1995-02,ANFIS-F,20260815,10d7464963f606d9a7ec499f75af357ea6f55a4593cd954b6472cb8e68344971
wqp,wqp:21VASWCB-5ASRN000.66,2014-01,ANFIS-F,20260815,10d91ec0d6ad9c53f5dcada187cdae4343ea418a5bd36ce6602784d8fc06132c
wqp,wqp:21SC60WQ_WQX-SV-236,2000-03,ANFIS-F,20260815,10db3cf734e4c8127cf5b0d0f2ca2f2bd045596f13ce591f1674e7989a375b38
wqp,wqp:MNPCA-62-0007-00-203,1981-04,ANFIS-F,20260815,10dedf1f8819f264bfd1edec966250e47ac7e7a3411731026701cf8d1d886e54
wqp,wqp:21FLLCPC_WQX-GREENWSH,2008-05,ANFIS-F,20260815,10e048fa2fb85c9d3a776563b5771ce0758b0a86d994c1621dd3cb2770fc8687
wqp,wqp:21NC03WQ-NEU019P,2005-06,ANFIS-F,20260815,10e13cf012044fe9d22b563ebbf3f3d09c43bc2013d8c0e5fbef01933147e31e
wqp,wqp:USGS-14211940,2011-08,ANFIS-F,20260815,10e19f58059a0e9c082186ba5573c60d4221d8c108bc6aa1672380b54b4b395e
wqp,wqp:USGS-07144790,2015-03,ANFIS-F,20260815,10e277e927ee343a7910a33dbaf2807d6e13966c51973b7341feb73cf15d9ada
wqp,wqp:21DELAWQ_WQX-206461,2000-04,ANFIS-F,20260815,10e2a780917a892d7b4a428d9db4d25a9f38824be5b60d76b4603065aedc893e
wqp,wqp:21FLSFWM-L005,1991-06,ANFIS-F,20260815,10e4336ce8f0488264d44032ab355e3bbeb5461743bb36b9afa945452f023dc7
wqp,wqp:21VASWCB-2-XDD000.40,2007-08,ANFIS-F,20260815,10e56cb9ee22132151361dfcdb95acdddb43e1455c407c11d4d09c01b2cd9540
wqp,wqp:MNPCA-10-0048-00-201,2008-07,ANFIS-F,20260815,10e6337be70afa28bda8af5cde9c018e5a4ae22b69242fed41531a1112af3ef3
wqp,wqp:21FLSFWM-E04,1996-09,ANFIS-F,20260815,10e77c80aff21854cf37f68bc89759ea28ca16da001cff88197368d377f3379a
wqp,wqp:MNPCA-62-0013-00-201,2011-05,ANFIS-F,20260815,10e7fa78f955b5860333ae190b7157a62b850ac5b8ba4b7cdf3d6c25ab16d3de
wqp,wqp:21SC60WQ_WQX-S-223,2005-10,ANFIS-F,20260815,10e8d174d6b1e5586c09f9038df59962d24abdb48c4642ca8a13e0bd96c3622d
wqp,wqp:21FLSFWM-A03,2003-02,ANFIS-F,20260815,10eac2a91375887dc51842cb4ddfef1002906c2028305d3c5895fa8ae7b623de
wqp,wqp:21FLSFWM-LZ42N,1993-08,ANFIS-F,20260815,10ec261beb3ac0d7a986f2cdf63b398e2b303e5c79de37dfb91fd25a62db22e4
wqp,wqp:21NC03WQ-CPF087B3,2000-06,ANFIS-F,20260815,10ee689806a8060ac93a6f2c77ce14c129445df5304f6c5e0c78b944d755df69
wqp,wqp:21FLSFWM-POLE3S,2002-06,ANFIS-F,20260815,10ef37952dce47f97be1106249ad19731f12a679c3a735af1c91c16a4190f86a
wqp,wqp:21SC60WQ_WQX-CW-033,2007-10,ANFIS-F,20260815,10f14a9065de72c9ae0733bd2eea13ca71972a827d512cee4b501258050212ba
wqp,wqp:21FLLCPC_WQX-GREENWSH,2018-07,ANFIS-F,20260815,10f1b5fbaa6139ecf5936bcfa13aa27de33f65c4627451df0da35cf7ff0ea5de
wqp,wqp:MNPCA-82-0046-00-203,2006-07,ANFIS-F,20260815,10f2157fa8aa9c2b06b69a009f4be14a251c550737a8cd28f6f04682420b1ae7
wqp,wqp:CAPECRD_WQX-290,2009-06,ANFIS-F,20260815,10f230ce144b868d43551df14a2a0f9191a5cb2e8408e2c4cf2ff71fd58944da
wqp,wqp:21FLSFWM-B02,2004-10,ANFIS-F,20260815,10f2852b06e7e9e5cbcc86ba86248af5fbb1f07bacf460528e6ca654298ba271
wqp,wqp:USGS-01201700,1984-11,ANFIS-F,20260815,10f731102289169ede5ffd9e48b75886fdf5dbb08c2e87fb4eefafb7116ead84
wqp,wqp:21SC60WQ_WQX-CW-207,2014-08,ANFIS-F,20260815,10f8a5ccef50c35cc2ff922291b3e499cbc4650098cf520d9a21d797cb265ee4
wqp,wqp:MNPCA-86-0284-00-100,1989-02,ANFIS-F,20260815,10f98e435ac357a29fae0f3bf1df17883570b38a79bef0d65a709ce15e9c7a25
wqp,wqp:21FLSJWM_WQX-45399,2018-10,ANFIS-F,20260815,10fbf16391f4c423f3442d2805857681b6a6ed1ab898b9a1234c5ddf1f473014
wqp,wqp:21FLSFWM-C03,1990-11,ANFIS-F,20260815,10fd7208964e55b7799336d7896492196e6ead3b478c620e74a709c3dc491c10
wqp,wqp:21FLSFWM-KBARMID,1994-05,ANFIS-F,20260815,10ffd0c69f02c18c588eb365330cc44e2c5cf94318eb8ec7632c85f7b858ae06
wqp,wqp:21DELAWQ_WQX-109191,2007-09,ANFIS-F,20260815,1100cffb5e3497069fece11033a621bbf2b2b225c9dad067e9ef7ed3b19a08e1
wqp,wqp:21NC03WQ-B2450000,2016-10,ANFIS-F,20260815,1102489d1335a5f65cecc255c6d912e48d8c226f7db80ac800a415f447ea50bf
wqp,wqp:21FLSFWM-C03,2002-08,ANFIS-F,20260815,110408b9dcc8cf16e797ca3940119df7edb3c8e16e9230a5a5e6895ab9fd6509
wqp,wqp:21DELAWQ_WQX-307011,2012-12,ANFIS-F,20260815,11051f93544ed6586c40a79e8b482bb05badbeb784fdb3876d5c864ba5551a18
wqp,wqp:21SC60WQ_WQX-CL-019,2010-11,ANFIS-F,20260815,11061b522fabec2fa65c6854acf69b8371a9c07a30c6b20c01b65d8bd4f84485
wqp,wqp:21FLSFWM-LZ2,2002-03,ANFIS-F,20260815,11099ea8553ad65eb80b3c5995e3c1ac25f5461f3c17c2cffd301e99963407df
wqp,wqp:AZDEQ_SW-33,2014-06,ANFIS-F,20260815,110aa8f11a8cbb2cc82a3941fd8dfa6926a90e222c1e9cdcf0a622b0e3bd3ce6
wqp,wqp:MNPCA-62-0007-00-203,1981-10,ANFIS-F,20260815,110b08b0e5cc34eb6e97a479f94fffbbd5eac8d515a83da9aa012deeb53401bd
wqp,wqp:MNPCA-02-0045-00-202,1984-06,ANFIS-F,20260815,110bffe5951b8b475497e92b61ce2d9b0da0e5d1b0941e631f2e146472eb7b56
wqp,wqp:21SC60WQ_WQX-B-327,2007-11,ANFIS-F,20260815,110c89e2485882bd93fcb87ee4898b07b554333213e0a3f815a4cfb924906d61
wqp,wqp:21FLSFWM-ISTK3,1993-07,ANFIS-F,20260815,110d09f4c2f5a7d79657116f804a08ca9117d9bde2c70718cada084e81f73834
wqp,wqp:21DELAWQ_WQX-303051,2014-02,ANFIS-F,20260815,110d57d800483d7b89c0924754f25a6f1b5e6e3f530ac6a01966695d2c95ca0f
wqp,wqp:21DELAWQ_WQX-206361,2009-02,ANFIS-F,20260815,110df5af7c995112efeec6bc7b2cba0e11d3b21843a20d85dd9d6958847b2cbf
wqp,wqp:21SC60WQ_WQX-SV-372,2016-02,ANFIS-F,20260815,110e48ef1f13c1c44cae2c9c3934b8802b37c485e13835b4619bbfb913ae0ada
wqp,wqp:21FLORAN_WQX-CC22,2007-07,ANFIS-F,20260815,110f4156700e890675a93e8ddf365c0f8f46e4de3ca435a2ae0ed7dde11651f3
wqp,wqp:21FLSFWM-LZ2,1979-03,ANFIS-F,20260815,110f726e2a9f0093251df5f5c986ba066512ddeb81434df8d9a3b7b707aa47c5
wqp,wqp:21FLCOLL_WQX-LKTRAF4,2004-08,ANFIS-F,20260815,111027d5dc25cd8a4f9bb8b994dcf67491e1bea4820e2de61da80fdee20b7788
wqp,wqp:21FLSFWM-L006,1997-01,ANFIS-F,20260815,1114ec56bbb393aafee32ef6c811fabfe8315fcd0d83a10337a86dfba11ba2f7
wqp,wqp:21SC60WQ_WQX-SV-200,2001-10,ANFIS-F,20260815,1115ef34611befd8dabd6e94a60bdc3d2ce683cc1d7968ee15992233bedce3b4
wqp,wqp:CAPECRD_WQX-290,2012-12,ANFIS-F,20260815,11179ffa1e2dfb3c694dbd708975c2ad2eebd81fb15112d8bdefb761d432e57e
wqp,wqp:21FLSFWM-ISTK4,1997-08,ANFIS-F,20260815,1118b0569633dcf04b263a0e31da9ac8552926090db801737520ad58dee0d603
wqp,wqp:21DELAWQ_WQX-304321,2016-08,ANFIS-F,20260815,11198a318fc8ecfbc18b105c9f1bd16fdc0c195c8fa5c1b2c46c7fec48fc55f2
wqp,wqp:21DELAWQ_WQX-202021,2014-02,ANFIS-F,20260815,111a4cad4a997c39da056a445495eb0ec07ee8e3ddf55777539da90138260549
wqp,wqp:21NC03WQ-CPF081A1C,2007-05,ANFIS-F,20260815,111a9af60a555ac6c1c68f13f0cc0973ca58594ea29e0ae64d25a04852700fdd
wqp,wqp:21FLSFWM-L001,1983-10,ANFIS-F,20260815,111bc27e66f5bd0afd6c803f84b6d4498451a51d46e13c69b702fafdd0b3b60d
wqp,wqp:21FLSFWM-ISTK4,2000-02,ANFIS-F,20260815,111de5c589ef610203a61e066d34536a5f043979203c7994450c7f64959cc501
wqp,wqp:21FLSFWM-STAKEIN,1994-10,ANFIS-F,20260815,1120228cd3b24d64b93d331cf65146ea88bd74992bb2ddabcb6c881a8114e91b
wqp,wqp:21FLSFWM-LZ42,1992-08,ANFIS-F,20260815,11217b3c1ac8d2f1cbe5cfe48651532917fa04345936bb36363fe9469dad2de5
wqp,wqp:USGS-01201700,1976-02,ANFIS-F,20260815,1121a8bbc62306e8140acf064454d61d97a5fefcdbc0d38b27fd957479a39312
wqp,wqp:CAPECRD_WQX-262,2017-11,ANFIS-F,20260815,11222dc1e2e323050ebe59d6331bfea7a5a4fa683ea6d9164f6d587db17f2b69
wqp,wqp:21FLSFWM-L004,1986-02,ANFIS-F,20260815,1127d93884db4d942bffc5c43cc486c8142840f00390e72986145896ee6fe542
wqp,wqp:21VASWCB-5ASRN000.66,2015-09,ANFIS-F,20260815,112828d86f27bf6e3add4f2ece3bbf59f7cd195933ee367319ee2a2fe581cf43
wqp,wqp:21FLCBA_WQX-WAL-MORRIS-3,2018-12,ANFIS-F,20260815,1129f32bc73739aa1d896e701111d565e653dbf91c6732ed377482ce5850cbad
wqp,wqp:21FLORAN_WQX-CC12,2007-02,ANFIS-F,20260815,112a2ac8b97c3e6c40aebc7ea362040d3a57edaf4124dce6be40cde2d99af94d
wqp,wqp:CAPECRD_WQX-280,2009-03,ANFIS-F,20260815,112a3d32ddc351889ab916b2a52e34b54fd6f5e12715d91b64e4e7760377fac3
wqp,wqp:21FLCOLL_WQX-LKTRAF1,2008-06,ANFIS-F,20260815,112a7e15570f7b5711da7cac62476f8a5d05b59a0bf67665584c0cf5748684b7
wqp,wqp:21SC60WQ_WQX-S-024,2002-08,ANFIS-F,20260815,112ac7e622fca5f366de082ca905d54a2fe7833339af1435c30b15d76b7cc6d1
wqp,wqp:21DELAWQ_WQX-308071,2009-02,ANFIS-F,20260815,112af89d421041af1ef8a9f2cbccef617d5f2dc1e6cd927fb568ceb9efee713f
wqp,wqp:21FLSFWM-OISLAND,1996-08,ANFIS-F,20260815,112c87e9fa27c0bdb0c3f9a48d611c31c7271034a7a8895097f827ae2c741d42
wqp,wqp:21FLORAN_WQX-BC9,2006-04,ANFIS-F,20260815,112d04cd0de30a40ddcfb6ccc97ecb7a6c15a030a8cbefec7987f5323823bd22
wqp,wqp:21NC03WQ-Q5360000,2014-03,ANFIS-F,20260815,112d5131ad319a3bf73260b329305ad39323326a162290d2b67c7a1ee24a6d31
wqp,wqp:21DELAWQ_WQX-304321,2013-04,ANFIS-F,20260815,112edee7a8536c409a623d9cf39a16ad4b451778092065358f513881cd705040
wqp,wqp:21SC60WQ_WQX-SV-200,2007-07,ANFIS-F,20260815,11304d97f8c182b920837bd49bc9072600e8d28e592ca61a184bfef860c19c78
wqp,wqp:USGS-01201700,1976-04,ANFIS-F,20260815,1131627a073dbe9fe6b8526e3d84cf39dd600427de4807cb4674af0c405193bc
wqp,wqp:21FLSFWM-ISTK1,1995-07,ANFIS-F,20260815,11326d9067590602ef8073fa1714b560e66f22848a887502381e15a1568e5d1f
wqp,wqp:CAPECRD_WQX-280,2000-10,ANFIS-F,20260815,113a746e13fc89e7ff3f6b37c6bb76e38eccda99adea4168e493745843b09034
wqp,wqp:21FLORAN_WQX-BC11,2006-05,ANFIS-F,20260815,113ad0c5261a811151fbe2bf04f85371f83f2b91e9d49dc63db7b5865146dd9e
wqp,wqp:USGS-07049200,2008-08,ANFIS-F,20260815,1140287b8eb1771bde0552a4088838d50eb1e1f54c13fbbecaa8174ac8621301
wqp,wqp:21SC60WQ_WQX-SV-363,2006-03,ANFIS-F,20260815,1140855be66fd152628282083ad358af1d37a4220719df824ec39c7e2238c982
wqp,wqp:USGS-07144790,2005-06,ANFIS-F,20260815,1141130e1a5aa43cc14390afc9ec099a319b9f5e418aa35a9368c650b05b9ddd
wqp,wqp:21FLLCPC_WQX-YALE,2016-05,ANFIS-F,20260815,1142ed9a95c2266d0f46a437d41ff8a27fdbf2357c6951382feedae7c01a3f7b
wqp,wqp:USGS-07048910,2008-05,ANFIS-F,20260815,1143c7d6ffb62ff06ebf788145eb484ad6528b336b88371af27405d0239cb166
wqp,wqp:21SC60WQ_WQX-PD-327,2007-04,ANFIS-F,20260815,1147e3412d08e3d55f212cd98943ea5d4822e0ca3fc79e1313519b83835f76c0
wqp,wqp:21FLORAN_WQX-BC8,2008-04,ANFIS-F,20260815,1148c8318b66fc702a0c2cdb0c9a2accfb74928e25a8efd4383ff8c46e9dc6a0
wqp,wqp:MNPCA-02-0075-02-203,1984-07,ANFIS-F,20260815,1149827fd74082d73d6f2b5733009156b8618a3081d2dabe11d78767eb4f5971
wqp,wqp:USGS-12301600,1976-02,ANFIS-F,20260815,1149d2cff0587ff52d959127efc308d940845fec61d7e8a3dc38fad0eea69837
wqp,wqp:21VASWCB-2-XDD000.40,2010-06,ANFIS-F,20260815,114d86d8fe7f9896e5e60486e850be85284ed6be877eed870204280dcc1f3948
wqp,wqp:USGS-07049690,1994-11,ANFIS-F,20260815,114e951560fa831c608c16f030398106ec878e646958dce4face33a951d48a37
wqp,wqp:21FLSWFD_WQX-23389,2009-11,ANFIS-F,20260815,114f031296b974362581deaa0ab980f14409c518555ae77c749979726f845224
wqp,wqp:CAPECRD_WQX-262,2013-01,ANFIS-F,20260815,11504a0b0449b43ba2b330551be4aaa7fd9b71208472edba4918249216ad0b7e
wqp,wqp:21FLSFWM-B01,1983-04,ANFIS-F,20260815,115137581d2a4f5ffdf7252bf7e6234421f899061541ea4981515105e5795271
wqp,wqp:MNPCA-62-0007-00-203,1981-06,ANFIS-F,20260815,115878d07e210fab7b1e765f5f408f9efd61a26035e933e52933f32d291b8788
wqp,wqp:CAPECRD_WQX-280,2009-07,ANFIS-F,20260815,11587cd0dcdcfa90b386f50acdb13a1769ac0843cb7691b8edf474e712c4ca26
wqp,wqp:21FLSFWM-B06,1990-08,ANFIS-F,20260815,11595ced8b2f6e67fac72f3d8e917b7730b8e2d528454df21cac51cff56e3b9d
wqp,wqp:KAWNATON_WQX-KN-KL-003,2014-12,ANFIS-F,20260815,115b9fc082b6390f4a06405b9df0372f8096e02a71251874faf87e50333e74d3
wqp,wqp:CAPECRD_WQX-290,2013-12,ANFIS-F,20260815,11608076bf70bde31887b0a6ec68dfe715cfa63378b2f6ee5b483d2667cab8c2
wqp,wqp:21FLSFWM-RITAWEST,2008-12,ANFIS-F,20260815,1160f8a823c67329cb36f2bbbf938e19fdcb7cac38475f216833081c53e30ff1
wqp,wqp:21DELAWQ_WQX-108111,2004-10,ANFIS-F,20260815,1162ca8f92f702a3892e557574a4957d4a0fb13406438b533bfa6c0722e8fef3
wqp,wqp:21FLSFWM-L006,1999-07,ANFIS-F,20260815,1163cd0441c062872eb24e7bacf6da41d420da2bc5b35884cba656bd8621402b
wqp,wqp:AZDEQ_SW-33,2015-11,ANFIS-F,20260815,11642de1f2461f0bd6e4f981f4dddfd869be9d1953293745b0eeaf2b7e45a5f2
wqp,wqp:21DELAWQ_WQX-110011,2014-06,ANFIS-F,20260815,116661c5474716d8e30d0aff731a090e8427a3dc6f9825ed485bedee44885f3c
wqp,wqp:21FLSJWM_WQX-44154,2018-09,ANFIS-F,20260815,11682bcf5f805ceb7c3117000ed5a7bf8ef9164a8936a18bdc8d1e0886a27d34
wqp,wqp:21DELAWQ_WQX-109131,2000-04,ANFIS-F,20260815,11687f58a16a6166bb2e36d97c2f56a4f228b26592e5ef4a3a8be4e3c18e86b6
wqp,wqp:21FLSWFD_WQX-23467,2018-12,ANFIS-F,20260815,11688e91ea524587db3c26afa57b67b9fd5536d089240f921676ac0f7ed50903
wqp,wqp:MNPCA-62-0054-00-101,1994-09,ANFIS-F,20260815,116c82003e0a155b2ea1a3ae09b0eabd2812ef5443cf8a4cc1b10eab08841a47
wqp,wqp:CAPECRD_WQX-280,1996-05,ANFIS-F,20260815,116ef0b9c9bfc62403a901290453bbe41e071f9c8900166bc900f00b6a389fd4
wqp,wqp:MNPCA-62-0055-00-201,1984-05,ANFIS-F,20260815,1170ee13ac40059b1b1d36258fc6de4fc91b2b51dee327ee35e30637294bdd6e
wqp,wqp:USGS-423556088365001,2007-04,ANFIS-F,20260815,117300d43f42a87f60b5302d8260ee625ce65028cad30f608ac5267d6df3b217
wqp,wqp:21SC60WQ_WQX-SV-335,2007-02,ANFIS-F,20260815,11788c95dc3ced9a57f6e461e8a89fb826f33ec5f30ad9fca45d51e14ec9770e
wqp,wqp:USGS-0690367690,1995-02,ANFIS-F,20260815,117a96bbcd4ce548d025a97ab07d97e9351a4c9e605511c5acbc111beef63314
wqp,wqp:21DELAWQ_WQX-304321,2013-08,ANFIS-F,20260815,117d54dbf3b42309398873e7243026d80ca019faad4d43b4cfb0b8bf61cb0461
wqp,wqp:MNPCA-25-0001-00-246,1995-09,ANFIS-F,20260815,117f19ee2fb511ef79a8948e44efbb0cdfd591702e2f5600aca29177edb38296
wqp,wqp:MNPCA-62-0013-00-201,2013-07,ANFIS-F,20260815,11833bc5a857ad54e8c75bb6ab7f85c92edf48b3a85cf5bae9b6bd267db42102
wqp,wqp:21VASWCB-2-XDD000.40,2015-10,ANFIS-F,20260815,1184f0a64fe30d5b81b4b85287df01033bf868b5811ab07ee279103219c05bb6
wqp,wqp:21GAEPD_WQX-LK_12_4048,2014-11,ANFIS-F,20260815,1184f6265d895724f5a5fdce8f50c6d2a6425ebcdf7a476b35edfd8483cb8f14
wqp,wqp:21FLSFWM-B05,1984-05,ANFIS-F,20260815,11858497fac1a7ae39327429855d5f26605ef8bf6de18e286777588c35cc63bf
wqp,wqp:21SC60WQ_WQX-SV-268,2013-07,ANFIS-F,20260815,11887e7b4b40ff736ee413b238c13f74abde1d587ea6d5bfb9d2897f5c4620d4
wqp,wqp:21FLSWFD_WQX-23477,2007-07,ANFIS-F,20260815,1189158d66687ef0b272918bec019c6cf5dbedc10e840f20c154184289cbd880
wqp,wqp:21FLSFWM-A03,1995-06,ANFIS-F,20260815,118d2928a5fffd39ada9bab79a7322b8b17c796354fbe9ee26741907f6a21dba
wqp,wqp:21FLSFWM-TREEMID,1996-10,ANFIS-F,20260815,118d96eda8822157bb262e9c4992f489bffa4915c6ce4ac6901a6ff2b73827ac
wqp,wqp:21FLSUW-ALL010C1,2005-10,ANFIS-F,20260815,118ee03515d1d39307f79093d26a11c5194d0e290e873c67017fa9da4770b651
wqp,wqp:USGS-423659088354401,1990-02,ANFIS-F,20260815,118ee982de112863e4dbdd053eb073812bf66f6b09393207e17fa23260338958
wqp,wqp:21FLSFWM-L001,2005-05,ANFIS-F,20260815,119413325a079b99f0a9b73033a01e25bc3a1a6ad039c0aafde4b6c6b6a70f39
wqp,wqp:CPNWATER-WW#3,2015-11,ANFIS-F,20260815,1195de0ca284d7bcba5e47e3a27ba9034574a788368a60bdd5b8d44db5b992ef
wqp,wqp:21SC60WQ_WQX-SV-236,2015-03,ANFIS-F,20260815,11975078bd2f0ca4ccdcdcf02760bf59e5ab5569bd4ad5c46e14a751aff090af
wqp,wqp:21FLSFWM-L001,1983-08,ANFIS-F,20260815,11978a907526471c0a2d172a5d0b36a4b1b30f275b601e5d794118f2e3270724
wqp,wqp:21FLSFWM-LZ30,1995-05,ANFIS-F,20260815,1198b52316dac8dace9dbb43d219cbe8e5af58bb04a5a1e616b813dfc0f854b2
wqp,wqp:21FLSFWM-STAKEMID,1996-07,ANFIS-F,20260815,119e651246a3b205ae9847ea9d9927cd3b2a3de2202d390ae7d34dc87a84ce93
wqp,wqp:CAPECRD_WQX-262,1991-06,ANFIS-F,20260815,119f146084ef74461df8eba3955972837c1227c92599bdc8623c79f417751484
wqp,wqp:USGS-12301600,1976-03,ANFIS-F,20260815,11a0a4808136db922f51e461a39d6460518daf06c659e31d76a42b5efc3f5410
wqp,wqp:USGS-07049200,2011-09,ANFIS-F,20260815,11a135c30df2d2b61126a9f7e4ad5adbf8e9c7de8a275faf30c41f7d987ed207
wqp,wqp:21FLSFWM-ISTK7,1989-09,ANFIS-F,20260815,11a311d9782e4c032a4cef8fd849a785ed866727e1fb13bcc368e375e00da51f
wqp,wqp:21FLSFWM-RITAWEST,1991-08,ANFIS-F,20260815,11a3b24b0641634947f16d3c1b1358de6bce39701ca1c7fa61667fa692400a94
wqp,wqp:USGS-07049187,2016-01,ANFIS-F,20260815,11a43de05d8b2db02d44d8ee0cfefbbfd16e94f475d6765afc9a4d3d3fa5b3c5
wqp,wqp:21FLSFWM-ISTK1,2005-07,ANFIS-F,20260815,11a90eb37e4fa68884e885b75875e737fae2982a78d563d17d7272388c4654e2
wqp,wqp:21SC60WQ_WQX-B-339,1999-08,ANFIS-F,20260815,11ac5cfacf0324bff1fd384cdb03ca0253f974b317862ff8e0151c4c6004b016
wqp,wqp:21SC60WQ_WQX-CW-033,2017-04,ANFIS-F,20260815,11ad770d64023fa0b2e83f514d6d159ecd9dc61cdba47031ba8895d1a3942b23
wqp,wqp:21FLSFWM-RITAWEST,2004-04,ANFIS-F,20260815,11af3ec09eed82a1ff5cc151254a136b2664cfb76594e9592b0a43db93e2d137
wqp,wqp:21SC60WQ_WQX-SV-200,2016-12,ANFIS-F,20260815,11b014dc6474e094b2e90e615ac816e56de88e81e64ef336f52bc47b38efd201
wqp,wqp:21FLSFWM-CLV10A,2001-11,ANFIS-F,20260815,11b3181d0cf137b92da6b563b9115b069109a643e40943c85c601f35ddbe8d17
wqp,wqp:21SC60WQ_WQX-CL-094,2001-12,ANFIS-F,20260815,11b34f25caa550d19062073789c03f7eee9a667d60ae49e49152bc2e06590fa1
wqp,wqp:21FLSFWM-L003,1998-04,ANFIS-F,20260815,11b395b63b8b9e6bb46b9e92bb2aa1c4cca0dcdc3b6d20749fba969303d5e845
wqp,wqp:21FLSFWM-ISTK7,1992-01,ANFIS-F,20260815,11b728527550ea3ea41ab47218d7842cf457231b1341bb56f02c56e5e5002309
wqp,wqp:MNPCA-62-0007-00-203,1993-05,ANFIS-F,20260815,11b7401b990bde097e28f2ab22c38e388aa1ab5df85b9d35a07914af3e97f877
wqp,wqp:21FLLCPC_WQX-EUSTISSSH,2015-04,ANFIS-F,20260815,11b7e5e9b675398ef792c531d1f6235fa40b365f391f72b0e5585f51999aad88
wqp,wqp:CAPECRD_WQX-262,1996-09,ANFIS-F,20260815,11b8015226297c6f21ac6673de161a71fb4bf080c4bf83be55c520c798af5398
wqp,wqp:21FLSWFD_WQX-23479,2016-12,ANFIS-F,20260815,11bb1ea3d070ef3729bbb6d88b46d6dce82066d778590873c92ef3dc149a5bbd
wqp,wqp:21SC60WQ_WQX-CW-016F,2016-04,ANFIS-F,20260815,11bd4ee77c2a78f85872834ff16b8a7af77c030f99ab74fccb44fe3b22f839c7
wqp,wqp:21FLSFWM-PLN2IN,1994-02,ANFIS-F,20260815,11bdaf61ca4984c8cce2aa6a785ae5db711f01f045384a10ca4a5bf4e25232c4
wqp,wqp:21DELAWQ_WQX-304321,2005-05,ANFIS-F,20260815,11bf60ed625f9637d76b1f67be6cc584926b79632b8346178ead0d09c617398b
wqp,wqp:21FLSFWM-CLV10A,2002-06,ANFIS-F,20260815,11bf6b8c727c6a61f60b04c675c34f72a33ef2cdb24954841c7aeed958eb88e3
wqp,wqp:21SC60WQ_WQX-S-311,2013-06,ANFIS-F,20260815,11c215c0e5b574dd58c77c3943965de8073ce1cabd84a88e4dcb232145c2259c
wqp,wqp:21NC03WQ-Q5360000,2011-06,ANFIS-F,20260815,11c93a6d2af7bb292fb40181af458bb00be7592e0fafd1e3f6bd2da21c1f4ec7
wqp,wqp:21SC60WQ_WQX-SV-200,2015-10,ANFIS-F,20260815,11d408b10e7bb09ff11717915c23542f6d15ba0852f15027f368cbe41a8f024b
wqp,wqp:MNPCA-86-0284-00-100,1982-04,ANFIS-F,20260815,11d507352e86236b6dfb7dbafa4c425a7a15a344f7a1e36b97d8d8662e1cc2cd
wqp,wqp:USGS-07049690,2003-08,ANFIS-F,20260815,11d57e0653f1e58d123fe885b80e784b9520ccc856186a32dce408ba9e49456d
wqp,wqp:MWRD_WQX-BARR3P,2011-06,ANFIS-F,20260815,11d83b049bf308ffb9b1d7b9dc06a72849da2a9e10ba65eb86f522d173438db3
wqp,wqp:21FLSFWM-A03,2004-06,ANFIS-F,20260815,11db1228c16ad9fc684a4a447dbdc91dff949660b1ac84c1ca5c1b6d4097ddcc
wqp,wqp:21FLSEM_WQX-SPR,2017-08,ANFIS-F,20260815,11dc34d393a5fd50a2494e38e43ad0a1a71df276ae0a846701fea74b911669fb
wqp,wqp:21SC60WQ_WQX-CW-016F,2013-11,ANFIS-F,20260815,11e3117ab24359d4894e369487bd4547c91922b69c05e00a783b0d212a79f862
wqp,wqp:21SC60WQ_WQX-CL-019,2004-01,ANFIS-F,20260815,11e6d1dc7a5079ae5d102b7fba2aa641ad7f641ee8838968774f48c1b0badf4d
wqp,wqp:21SC60WQ_WQX-CW-197,2000-08,ANFIS-F,20260815,11eced061fb11384c245c5baaa2636c3269c4bcf98e4ea2efbdcfdbc0973f5c6
wqp,wqp:21FLSWFD_WQX-23438,2009-12,ANFIS-F,20260815,11ee9b23fe662b54afab0d71fb4ced85411e1fd993a5ae6efebaab43866e2e81
wqp,wqp:21SC60WQ_WQX-CL-094,2005-11,ANFIS-F,20260815,11f1336cf79be679bda2f41b4748dd0abd51eafdc767b7f3fbe5951eea8fe962
wqp,wqp:21SC60WQ_WQX-SV-361,2005-03,ANFIS-F,20260815,11f27bcd8e10c21c056e40daa2a7b6a293ecb13ed643d6a9df200fb96122dcd0
wqp,wqp:USGS-07049690,2011-02,ANFIS-F,20260815,11f2907cbaeb4b05dafceaccd2e1ea8c61102873b8403a63f443535ec720045b
wqp,wqp:21FLORAN_WQX-BC14N,2006-04,ANFIS-F,20260815,11f3b79e52b655587cd0316994a5a435e4837edce78c0124ae74c74ecd82bd68
wqp,wqp:21DELAWQ_WQX-303051,2013-03,ANFIS-F,20260815,11f4f2950c5b8c6d5a8cdc70061d410b871def3b4b92e3a2649b38e8a249a194
wqp,wqp:21NC03WQ-CPF087B3,2011-04,ANFIS-F,20260815,11f5ebfea9a3b92578904699b85019ced39b2e61ca2304a6427e4923193b2fb7
wqp,wqp:21FLSWFD_WQX-23613,2009-03,ANFIS-F,20260815,11f66ccb3607224c46656d5fe4d5d5756561f578f8070d91dccb0fed5cf2bffa
wqp,wqp:21FLSFWM-ISTK1,1988-07,ANFIS-F,20260815,11f8fd7375a54375f4e07be6b5c84f5d6b6113101f11da14d25e366cebd54ce0
wqp,wqp:21SC60WQ_WQX-CW-197,2012-08,ANFIS-F,20260815,11f9f3ef8eaa2ba2a8a1139ebf044bd4c83a39d8a582c478f7f9c69f61d6e512
wqp,wqp:21FLSJWM_WQX-442129,2018-04,ANFIS-F,20260815,11fc4197b7d195dc317eb228a137b366a612e78850725f4c2c15aeeaf1a1cf18
wqp,wqp:21DELAWQ_WQX-208211,2018-12,ANFIS-F,20260815,11fe80f876afbb31f480d25d498b4285f8eb3405b4d349af80271e4a1a126b18
wqp,wqp:21DELAWQ_WQX-109191,2009-06,ANFIS-F,20260815,120113167f56a4cb10e6c6db9052672274e26c114b0520e7fc80762e8d155b9b
wqp,wqp:21SC60WQ_WQX-SV-340,2002-01,ANFIS-F,20260815,120334dad77498bc5b372549424de04beb464f2403519cd1169dea229b65e2f6
wqp,wqp:KAWNATON_WQX-KN-KL-001,2014-12,ANFIS-F,20260815,1205111b26c4b3bc4522d9bad76bc0b52fda5360dd3c180f8b71c42822f54750
wqp,wqp:21FLSFWM-D02,1998-08,ANFIS-F,20260815,1205a9327530f67c95677c9e7b8d2c712730aa147513adc940aec5ebbcc41c72
wqp,wqp:21FLSFWM-L008,2002-04,ANFIS-F,20260815,12069a141c4ac4b496fabc5265fdf985aa1850e93813e9fe480728dfe2d69d01
wqp,wqp:21SC60WQ_WQX-PD-327,1999-12,ANFIS-F,20260815,1209906801a2e9d40962cec04db4765f4563dd7ec18df73d348c4f7f8a9e9dbd
wqp,wqp:21FLSFWM-POLESIN,1995-04,ANFIS-F,20260815,120adb5e979ab9f4b69d7ab41d2223161f26826b851f4801d6badc82e76cbf37
wqp,wqp:21FLSFWM-L005,2004-05,ANFIS-F,20260815,120babdbafbcc65eda8dd1f180aca0aa382ac81120b86c148187ced8f7be9795
wqp,wqp:21FLSFWM-L006,1982-06,ANFIS-F,20260815,120d135de463708d043ceb2f3506a3edd0f1b3ae7e75114c5726311541d6d76f
wqp,wqp:MTWTRSHD_WQX-GTOWN-LK-01,2011-07,ANFIS-F,20260815,120e66ccd6a41adae64ad2c62ea309e625ab7d637a37261e69f2d86bba5c4f99
wqp,wqp:21FLORAN_WQX-BC7,2010-10,ANFIS-F,20260815,120edcc98f2cbf572e98739673833dffcb69dce02fe268033867291cf593c803
wqp,wqp:CAPECRD_WQX-280,2005-09,ANFIS-F,20260815,120fac3521f57a96e94311bfd08b81faeaf791c6648e084cf38a16af9222f963
wqp,wqp:21FLSFWM-PALMIN,1994-10,ANFIS-F,20260815,1211585edc7bd0cd71565304af6fcc4ff7eba6a870c96e1dd3a5c37b17c05d18
wqp,wqp:21FLSFWM-L008,1991-03,ANFIS-F,20260815,12132601251ab03af894ea69752b87481947fb2f2bad53039056d287117aac4f
wqp,wqp:21FLCOLL_WQX-LKTRAF1,1998-08,ANFIS-F,20260815,12133810cc120b10d2836b618e24a448b3461fda1dce809f1820d583d8efca40
wqp,wqp:21FLSFWM-MH32000,1997-01,ANFIS-F,20260815,121674559f25efdaba330badc6baa61985691f6161a109278f88bebde2177159
wqp,wqp:21FLLCPC_WQX-GREENWSH,2011-02,ANFIS-F,20260815,122387e6167fe88217f7c7d1530df5d2a914098dfb4db46b4fd9f2c8f5423561
wqp,wqp:21DELAWQ_WQX-108111,2008-02,ANFIS-F,20260815,1223ac550e24dc6b90168849f566f7a0787b204c0ab98417bc5f3516ce3c32d6
wqp,wqp:21FLSFWM-L005,1991-02,ANFIS-F,20260815,12254b819378018415191e3afaac9f620990fa74d6b827d52b19035e541b2e14
wqp,wqp:21FLSFWM-L004,1984-12,ANFIS-F,20260815,12256ba4192864b98245178bca3cd834ba444d20566508c2f678e0b1c905ef01
wqp,wqp:21FLSFWM-TIN16100,2003-08,ANFIS-F,20260815,122cc367710a48fd3f885aff8c86221ce41675bf41d906ffecafd8aaa0cc1614
wqp,wqp:USGS-07048910,2013-07,ANFIS-F,20260815,122e67e103c07607c413f8a535c55b027fc62dba42b82353b7d262864b6a0b74
wqp,wqp:MNPCA-86-0297-00-201,1982-02,ANFIS-F,20260815,123165bf1282c37b6a43ff725196723805e412e38ecc149e3680447ae49e620c
wqp,wqp:21FLSFWM-C03,2004-06,ANFIS-F,20260815,123456e9bc3a086cc0b1a1708869b401664e334876e7e1d9ae2bab1e8e9d9280
wqp,wqp:21FLSFWM-LZ2,1991-06,ANFIS-F,20260815,123565501c5e612dd87702426dc794e1b0903038ad16b91b26967299d1dfdc9f
wqp,wqp:21FLSFWM-E04,2002-04,ANFIS-F,20260815,12360b01f55f378655722ef63d273545e8c4780dab1fd2056058fe9bbb62582e
wqp,wqp:21DELAWQ_WQX-303331,2002-06,ANFIS-F,20260815,123a64b56d7edb3cb7c708b7db99fc5ccf1c2acd1b11a225772ed18a927dfd49
wqp,wqp:MNPCA-86-0281-00-201,1985-02,ANFIS-F,20260815,123b40a6c6c105d1a2b19895f6c0e6b6138034d30ead8bef3bdfc157f14effda
wqp,wqp:21FLSFWM-D02,1996-09,ANFIS-F,20260815,123c11e448d52f548e0cc4d21711db84cf68d69b54c51628515a5e8518572304
wqp,wqp:21FLSFWM-LZ42N,2008-10,ANFIS-F,20260815,123c45d368695f6369565d9ae8f8a8023c0b12df5d53775117c8f5650ce2656f
wqp,wqp:21NC03WQ-CPF086C,2012-12,ANFIS-F,20260815,123c985a2e327504ab38acb1d52ff496ca7cb7a78c057b7ccab1b8d3d4aa6b46
wqp,wqp:21DELAWQ_WQX-307171,2007-05,ANFIS-F,20260815,123dc65d15f3dfb2cf2fe642340450f77ea4e58e66dca96ff7b3f51cac434c0e
wqp,wqp:21FLLCPC_WQX-YALE,2014-03,ANFIS-F,20260815,123efb6502db647cddbc7c14e41b0e2718e28a4147f6a85a104e14ddb4e8369f
wqp,wqp:21SCSANT_WQX-SC-042,2016-05,ANFIS-F,20260815,123f574fa02a71a743e1af1358da31399d40dec85913b7d30ba5c2a02ec33e7d
wqp,wqp:21SC60WQ_WQX-B-327,2002-07,ANFIS-F,20260815,1241bf7081e048ef00241ce6827c122ad858e1ac324197ae670883126db970e0
wqp,wqp:21SC60WQ_WQX-S-308,2013-09,ANFIS-F,20260815,124223be00a4400a1151433eb7887e94b034b7e573a5629dd6d36ccb67d65ff5
wqp,wqp:21FLSFWM-STAKEOUT,1988-12,ANFIS-F,20260815,12444d1962b9e8443e18ad0a53d461541b91632553bf4b07c3b76d0027c40b04
wqp,wqp:21FLSFWM-POLE3S,1998-04,ANFIS-F,20260815,12450b8cdf214cfb0814df946eee0c0d25bbf25a66b7e81919515f7519e33f95
wqp,wqp:21FLSFWM-LZ2,1996-11,ANFIS-F,20260815,1245edc16653d4025c1142310057a74317c3abc245ef7b7a2228c4b2a515d97e
wqp,wqp:21SC60WQ_WQX-SV-340,2008-11,ANFIS-F,20260815,124b4db30b65c2ab9ad7181aaa0d4a43141b7b6b0bc71c235c3bb88efbbbbf77
wqp,wqp:21FLSFWM-C02,1984-05,ANFIS-F,20260815,124e5913a4516a3cc5d4bb63ce5c16f85e2678839b612a1f6886ce92c4d0cc7b
wqp,wqp:21SCSANT_WQX-SC-040,2017-03,ANFIS-F,20260815,124e59bc519968909fda5a701d2c6d6fcd8985fabe29f2348c4f75bbc69f7442
wqp,wqp:MNPCA-62-0054-00-101,1997-09,ANFIS-F,20260815,124f86c2f9af8b5512c60962a896ddf9aa1537e08ed7b9cdfa6685c165a389fa
wqp,wqp:KAWNATON_WQX-KN-KL-010,2018-12,ANFIS-F,20260815,12555e19adc923c92b1320f8aa709a40dc35ccd190ac8bbbd0b9bd950df62100
wqp,wqp:21FLCOLL_WQX-LKTRAF1,2010-09,ANFIS-F,20260815,12559d9c647fc0cc126dcc984acd26ba24fe1c8ad6e0b289e4b98c248dc0eb22
wqp,wqp:21DELAWQ_WQX-303051,2008-08,ANFIS-F,20260815,125660e6f131fd673c50ad0f38873f0d3c418d2a7d468e140ac7a281a5eaa124
wqp,wqp:21SC60WQ_WQX-SV-361,2006-02,ANFIS-F,20260815,1256db3ecbf4e0e3a55bdf3b1f446d7fd2ded74b1191cda487dcb120d4c3700a
wqp,wqp:21NC03WQ-CPFMC03,2015-09,ANFIS-F,20260815,12574191344d2da3c412846d4c319935bb93092b6e904793c95dbbb91e61dc56
wqp,wqp:21SC60WQ_WQX-SV-339,2006-12,ANFIS-F,20260815,1257bcade5dd6a895a9dd343582568cb10f38f547dd53c9ec47eb93247ad960c
wqp,wqp:21SCSANT_WQX-SC-005,2018-02,ANFIS-F,20260815,125a50620262a3e437b5adbbd18d798b687c03e0f6412549fd98583120448ba0
wqp,wqp:KAWNATON_WQX-KN-KL-002,2012-05,ANFIS-F,20260815,125c6ed22f60bd47bc0f5b20b546c4d3204ef65f06c092f63b857c15c63bd465
wqp,wqp:21NC03WQ-YAD169A,2016-10,ANFIS-F,20260815,126006a83a7da459425062a61067896a3c980c8f4350d33d424a42e217a8fa29
wqp,wqp:21FLSWFD_WQX-23113,2000-12,ANFIS-F,20260815,126045b2f3d897495479673f574777b46ad925b3eba7f93c2795d5520fa7c223
wqp,wqp:21AWIC-81,2013-12,ANFIS-F,20260815,12680d1cfe4289358007a5e14ae59560d387575a677d315a1ca2c94f72b13f6e
wqp,wqp:21FLSFWM-L001,1983-01,ANFIS-F,20260815,1268c4ed15879e04ae596d9da25716bc7971325271a1632f0027959be4b3983e
wqp,wqp:21FLSFWM-B09,2004-10,ANFIS-F,20260815,1268fc9db7d60d8ad10a82f3f991647b44197fbdf664e8ecadce64f044fe309b
wqp,wqp:21FLSFWM-E04,2001-08,ANFIS-F,20260815,1269405e8d229be39ce69aa58cbd63ccf057887234e763d3506c71a88c33cecd
wqp,wqp:21FLSJWM_WQX-44154,2016-11,ANFIS-F,20260815,1269ae3c5177e50a0805c671f741554f76d3a32b5b42a14f52b73021fa98fd78
wqp,wqp:21FLSFWM-E04,1989-01,ANFIS-F,20260815,126de90dfdb5f2146bf461a4a11a0c0d7c2cb8aac3d3ee4c8992e580135a9932
wqp,wqp:KAWNATON_WQX-KN-KL-001,2014-09,ANFIS-F,20260815,12709fa43a2e3141468c9d5036ab9f01a170d1b2936279806ac1b17689df3911
wqp,wqp:21FLSFWM-B06,1999-01,ANFIS-F,20260815,1270f3352b8710e880d11560337e9e86e1f63c88769fb9213b6643d2e9e6c485
wqp,wqp:21FLCBA_WQX-WAL-GRAYTON-1,2018-11,ANFIS-F,20260815,12734af46aebe41ae0aa24f3831d5e0df19fa1561b2887b867ee81a741cff7c0
wqp,wqp:USGS-423556088365001,1983-10,ANFIS-F,20260815,127429360c378a4f0af6c1dd007fa3747c8cf6836d82bbc8837435099e36082f
wqp,wqp:21FLHILL_WQX-135,2002-10,ANFIS-F,20260815,1274dc5fdda87f04ec168f6e1b909d572cbff7a90135df7df45c3ed0b3a0caaf
wqp,wqp:OKWRB-LAKES_WQX-520710020020-05,2017-10,ANFIS-F,20260815,1276b999603a31b99928afd7b691e4c9b1c52b348a8dbc3e2a4d224ec861ba8f
wqp,wqp:21FLSFWM-POLE3S,2005-04,ANFIS-F,20260815,1276e45f74f0b7c678754fa3c6b802af297f91cd93503de6569765b9941e0c04
wqp,wqp:21FLSFWM-TREEMID,1996-09,ANFIS-F,20260815,1277644c5608a2a4a30da54eeea0434865f31425871c93d4232d56f11f05acb3
wqp,wqp:21SC60WQ_WQX-CW-197,2017-08,ANFIS-F,20260815,127897361ca4987719f1c53126a3370a99df3980ee7fd63ff40499acb45fe401
wqp,wqp:21FLSFWM-PALMOUT,1991-01,ANFIS-F,20260815,127c6b4c2eb01b7598b89195b89f871fac9bd8edd4190752a5fc4cc01bf05359
wqp,wqp:21FLSFWM-L004,1979-08,ANFIS-F,20260815,127cdbd4178db76f0cdaec497d0f199a9547e8cd79b44c7353dd52f41818ec2d
wqp,wqp:21FLSWFD_WQX-23113,2009-01,ANFIS-F,20260815,127fedff72fc966e4b0c926be3a3dbc36d3758b0f9b7a44c2974b5fff3917258
wqp,wqp:21FLSFWM-PALMOUT,1991-06,ANFIS-F,20260815,12806099caa1042493e246e7cd9e1e3a3938cd717dba1ca2416458749cd956a2
wqp,wqp:21FLSFWM-ISTK4,1993-03,ANFIS-F,20260815,1282d0f45de470c4d5e70b61d3c52b2ae0d88973075a11f5028c7a2a4d3f1dc8
wqp,wqp:21FLSFWM-PELMID,2007-11,ANFIS-F,20260815,12867e73177e8b53c6d6a23a2a71ff933bc34575617616611859e73846babacf
wqp,wqp:KAWNATON_WQX-KN-KL-002,2007-06,ANFIS-F,20260815,128709dd7cdcce3c02310eebfd7e725895ee26dca6fbfaf5422bc56c64aaf570
wqp,wqp:21FLSFWM-C02,1983-02,ANFIS-F,20260815,12873fdbc64301ca08547e982237c458855b68b9c9c46b90ac2981d34d913a7a
wqp,wqp:21FLSFWM-PALMMID,1991-05,ANFIS-F,20260815,1288dcd365ed0af67b2ec065272ff92194861aa4678cbcb9284f19a832f8b5e1
wqp,wqp:21FLSFWM-TIN16100,1996-01,ANFIS-F,20260815,128eb04e5797ad4c0a5d8ac4acf517f21f6201432bba034b286701ccf2a4fc32
wqp,wqp:21FLSFWM-ISTK3,1988-05,ANFIS-F,20260815,1291df4208f361ba929ca70708b8dac350ed1e732883b52c732942680ce1612e
wqp,wqp:21NC03WQ-CPF086C,2012-03,ANFIS-F,20260815,1292b2962a74ba618e0a4ddfdb74631e5150091eebfb81fcdc6718a81369b7ce
wqp,wqp:21FLSWFD_WQX-23389,2012-10,ANFIS-F,20260815,12972d4ceba5e4418b16fb8540b49c9176da8269d1c65bf22cd902d6f9e53e59
wqp,wqp:21SC60WQ_WQX-PD-327,2006-08,ANFIS-F,20260815,12982148ef829cf5d28040e78f54631107028f575aeb55561561c9ea48127673
wqp,wqp:21FLSFWM-L004,1997-01,ANFIS-F,20260815,1299d44ab2fdd1faf3d4585d99b384a129ad435f30644a8fb2cbe006666ac883
wqp,wqp:21SC60WQ_WQX-SV-357,2012-11,ANFIS-F,20260815,129c5332dcc71b299b1a2f11d046e3ab37e3646c1d9029401fc2772c9157b66a
wqp,wqp:21DELAWQ_WQX-303331,2013-04,ANFIS-F,20260815,129f156449b98b210751c4662198bf5a55a53b5d00f0cf6ec76823f263c2d792
wqp,wqp:21SC60WQ_WQX-B-345,2003-10,ANFIS-F,20260815,129fd5ebfa00227244d3df078582ff253a97acd6852a5f149c7fcb8f45ee4e16
wqp,wqp:21AWIC-81,2016-02,ANFIS-F,20260815,12a07172876d48f6af6a201eb362103a6bd21086b47b271056af1c4c734487db
wqp,wqp:21SC60WQ_WQX-CW-207,2016-09,ANFIS-F,20260815,12a3038eac14da5e7adec97a9c79601d8aa7c4347b83db49f369725fc3bb6b9e
wqp,wqp:MNPCA-62-0007-00-203,1987-08,ANFIS-F,20260815,12a3e9c2a81a376475b91bef70eb870c7bd63c18950a8987310c4a1df60df2ae
wqp,wqp:21VASWCB-2-XDD000.40,2015-12,ANFIS-F,20260815,12a41d90bdc9cc612b46cc4bdd3aace773bef45b508180152055c6db31162c35
wqp,wqp:21SC60WQ_WQX-SV-335,2003-12,ANFIS-F,20260815,12a49ef6c61eebfc55a451aa8425dddd89001739b600352e3b0fb49eacca69d7
wqp,wqp:21SC60WQ_WQX-PD-327,2008-11,ANFIS-F,20260815,12a65d1f300c1bd1cbd42fb5d807954a8be06ba6abc9167296ee60ab424a3002
wqp,wqp:21NC03WQ-NEU019C,2010-07,ANFIS-F,20260815,12a6bc7dbaded9640daad8ee3ae60ca4503615b6a7d7f8405646cf693bfd6648
wqp,wqp:21SC60WQ_WQX-S-024,2015-10,ANFIS-F,20260815,12a710d96f135cfae15b6995a4639e3b947fb571f6262faf8d3b74ec18c2eda4
wqp,wqp:21AWIC-23,2014-11,ANFIS-F,20260815,12a71de8df0ff75d253b683f19a439365ecd6ed4f6847317325a6d706a3478dd
wqp,wqp:21FLSFWM-PLN1OUT,1995-08,ANFIS-F,20260815,12a7cf5de2389b5f9f8181348b67c3b32618b718f6f215ff9e33676012b2a6e9
wqp,wqp:21FLSFWM-ISTK1,1993-09,ANFIS-F,20260815,12a853f7ec0a237b9cfc436f5e63af5ea586e328b7ea5fc5fa3b7dda769511ae
wqp,wqp:21AWIC-81,2011-12,ANFIS-F,20260815,12aa84f183cc89dfda475bebe6a9debe357519afa0adf57bf8702b3f84e196fc
wqp,wqp:21FLSFWM-LZ42,2004-07,ANFIS-F,20260815,12ab2613c81df6d899d9313b21fcf39443381fa643ee4851f071754562cb01d6
wqp,wqp:21FLSFWM-ISTK3,1989-11,ANFIS-F,20260815,12aeaa1c6be3f63bf6e9b6268cc69b42327bdd565b2b06a220495f7b5f05cd2d
wqp,wqp:USGS-072632965,2007-12,ANFIS-F,20260815,12aebace343be823b58a3dc36a3ff90e8d9188a6762dc7ac45624916654b2511
wqp,wqp:21FLLCPC_WQX-GRIFFINTISH,2016-11,ANFIS-F,20260815,12aeebf30a162dbfb7e81496ea3a169c10db094d83975bfba823d74af3e7d52e
wqp,wqp:21FLSFWM-POLE3S,1995-02,ANFIS-F,20260815,12b08bfe51b24053c595f1641d0c084147545430d4706b09254fd44d7a9a7277
wqp,wqp:21FLSFWM-ISTK3,1996-07,ANFIS-F,20260815,12b2e4411e71443588c418713757b001620a69d2216503c844259618349f134b
wqp,wqp:21SC60WQ_WQX-CL-019,2006-10,ANFIS-F,20260815,12b5442ed3e90ba92ba50cb3e1ce8565bead0aa77d7ebaffa9c00e0651f4c62b
wqp,wqp:21FLSFWM-L003,1980-02,ANFIS-F,20260815,12b6b147e3a4344cad54e748e5fe78c96d963da23c538ca1ff25162e68286854
wqp,wqp:21FLSFWM-B09,1989-12,ANFIS-F,20260815,12b6ecf9a704272e776176024c60ebd1d6392bb7b9cc26a7b14c797ef3108451
wqp,wqp:21FLSFWM-D02,1985-06,ANFIS-F,20260815,12bf6cbd3c91d03bacd4bad453e2ff954cc83c1c6674627084bcb602dc79e194
wqp,wqp:21FLSFWM-L005,1999-09,ANFIS-F,20260815,12c18964e4bda01afed6624f8b9870211dae11f40d18a6e594314eed072af461
wqp,wqp:MNPCA-82-0046-00-203,1997-07,ANFIS-F,20260815,12c70840371d7d9fdc7e5990f325d48c604f1a0d4977757a60ed047e8f2b2a12
wqp,wqp:21FLSFWM-L004,1995-06,ANFIS-F,20260815,12c8c923307edc9de0f649d3c4421961f5c5022a09540ff3db590ef61637a0ce
wqp,wqp:21NC03WQ-CPF055C6,2015-06,ANFIS-F,20260815,12cb58bcf16ab17565e29ce1b9ac385195f409d7eb4c5c3739219b99a2c42794
wqp,wqp:21SC60WQ_WQX-S-308,2015-01,ANFIS-F,20260815,12cbc60e2fe6a810ec22486901f21c62f12d2cc658dc14626e646fd9097d76b1
wqp,wqp:21NC03WQ-B2450000,2015-01,ANFIS-F,20260815,12ce392e5f2a16a3265cb12a6189e2d4db06681651607fb5a0987b591a714982
wqp,wqp:21NC03WQ-NEU020D,2006-10,ANFIS-F,20260815,12cf032bf537efdee26d0780f910bf72e4c9ce1c454ae3057c42352f600b2e59
wqp,wqp:21FLSFWM-L003,1993-12,ANFIS-F,20260815,12cfd422e978e6ec4a8c530f5f2fa5ac1d612b183d622441ad5bf2cd6f6c05c5
wqp,wqp:21SC60WQ_WQX-S-222,2010-08,ANFIS-F,20260815,12d04b7041d10ce7ddb55063fef417ba32b8447062331c151979287d19d1e353
wqp,wqp:21SC60WQ_WQX-B-327,2016-04,ANFIS-F,20260815,12d0e38898c49728c3177c82460ede144ef248802a03a84c872cac65f86a5344
wqp,wqp:CAPECRD_WQX-290,1988-03,ANFIS-F,20260815,12d1219cbc561e206257947bb917db05c1ba4abc95711afe116086b3fd2f2d34
wqp,wqp:21FLLCPC_WQX-YALEMARSHPK,2015-03,ANFIS-F,20260815,12d169401c68ed811a0565f763d3fe712cd66e2e837a544c5f1656c20d8614c2
wqp,wqp:21SC60WQ_WQX-SV-363,2009-05,ANFIS-F,20260815,12d2212eb1cb13b8709ccc4d29d650c9de6e12db57035641fcb3cb141a6b7b9b
wqp,wqp:21FLSFWM-MH32000,1996-05,ANFIS-F,20260815,12d30a0733f0ec1f5a8d5a024170a652165544e6c02d5e52e7b050b7ca420568
wqp,wqp:21SC60WQ_WQX-SV-200,1999-07,ANFIS-F,20260815,12d580197532b792bd1832b95f910f59b97275d948d5d71768b6b5de5e607641
wqp,wqp:21FLSFWM-LZ2,1987-04,ANFIS-F,20260815,12d5cd687a96e424a91ff19cca453bb4a77c9e542ecb1c81da7d096bdbf2cf66
wqp,wqp:21VASWCB-5ASRN000.66,2010-05,ANFIS-F,20260815,12d78fee672e9c7f3ebd37b82f4821aceb967324005f2d9082d6edfbf412a835
wqp,wqp:21FLSFWM-ISTK2,2000-09,ANFIS-F,20260815,12dcbb0ea3c56992c51de4ae709a3feb9b91f9f980b02292d89eab479065312e
wqp,wqp:21FLSWFD_WQX-23641,2009-03,ANFIS-F,20260815,12dcd49b6eba5860382b220630a14feee9e0874055d034f897bc58757fb2fdca
wqp,wqp:21DELAWQ_WQX-307171,2010-07,ANFIS-F,20260815,12de42474cb429d2d44717c1bbb79f32d0d016f44d34a87b423c88643f0bb5f4
wqp,wqp:21FLORAN_WQX-BC11,2016-12,ANFIS-F,20260815,12e05ae141e14cc558bb091a96fcdb8400004c86d91459e1bb921a59096e54ca
wqp,wqp:21FLSFWM-L008,1981-10,ANFIS-F,20260815,12e0dd7d80b6f5e3ea6d823689e1883857e9255e4e32c183f957b5e9f085cf4c
wqp,wqp:21SC60WQ_WQX-S-024,2009-02,ANFIS-F,20260815,12e21dfabe6b16c8c03991a8a24ed0db6002b8a8b48e99ac79a57d7b310fb5cf
wqp,wqp:CAPECRD_WQX-262,1997-12,ANFIS-F,20260815,12e57c7c4c80917794bce8221f99efb5cb5179f07a807f386ff5bf2a15577b69
wqp,wqp:21FLSFWM-A01,1982-11,ANFIS-F,20260815,12e93bb9763db2406b5826f711449aa5919665d5d43f66712f70e730f28d27d8
wqp,wqp:21DELAWQ_WQX-308071,2009-05,ANFIS-F,20260815,12efd194af7837a660ef016d333beb08681a989d9424ab8d398b024c7b39b683
wqp,wqp:21NC03WQ-Q5360000,2017-12,ANFIS-F,20260815,12f1351f05f7849e92d160a0d29e58ec9660b8ee904a21aa3e08e340ae3466c9
wqp,wqp:21FLSFWM-B06,1983-09,ANFIS-F,20260815,12f21b369aca161ff667329dac0ae6e4bb13f6a8821cc9fc6d15f1673624959c
wqp,wqp:21FLSFWM-FEBIN,1999-03,ANFIS-F,20260815,12f61f90a7c687164139eda67f9b53f34392a1b3f7ed187c7d374b9310627184
wqp,wqp:21SC60WQ_WQX-SV-340,2017-05,ANFIS-F,20260815,12f70188914ba7c6e1ce0844e8933a298c6559c3abc98e07d94972c58de6b650
wqp,wqp:21FLSFWM-ISTK3,1999-11,ANFIS-F,20260815,12f703d2c35c223796eaf3b1b17330b6b3b3303c909077418e01470326a98375
wqp,wqp:USGS-0726329710,2008-02,ANFIS-F,20260815,12fb5ce2ffc168da42026a6759e049c5e9a8e3821d9b7e964509b48d9eec1abd
wqp,wqp:KAWNATON_WQX-KN-KL-002,2016-06,ANFIS-F,20260815,12fbb7e1400dd8f4e2efcfa42191f8977e5f18b519e97687b3d4561533d1cd53
wqp,wqp:21DELAWQ_WQX-109131,1999-08,ANFIS-F,20260815,12fc49cd545ca8912475712f245249934bd71b80eea95b6b86f5120c0d1fd881
wqp,wqp:21FLSFWM-PLN1OUT,1988-08,ANFIS-F,20260815,12fd77d8dd26968cd5a4130ff5718bac3d57ac8d8d3067562a23b07e7bc4d147
wqp,wqp:USGS-072632972,1991-02,ANFIS-F,20260815,1302d5b5aa49d7ea5efb4788b4504fafb5274eab4a25352b003b043b80f0a16f
wqp,wqp:21FLSFWM-KBAROUT,1993-12,ANFIS-F,20260815,1304d55834d9ce38ae9890864461e6296db7a1229f23fd364902a3127cdc7279
wqp,wqp:MNPCA-86-0252-02-207,1983-11,ANFIS-F,20260815,130664ce3f3962cc3fa351ac227f89ea1d6fb84806b0d9bba4ddf7a9ee0d9253
wqp,wqp:21SC60WQ_WQX-CW-207,2016-08,ANFIS-F,20260815,13077c3d0326699ad6a3750a8ebd87fe0f2bcdc2e7527add14338d9a84b28e03
wqp,wqp:21FLSJWM_WQX-44494,2018-04,ANFIS-F,20260815,13091a010047a84e1bd1885bb68f1c20d3c5d2caa23a69ca242256c1e0bcc9f0
wqp,wqp:21SC60WQ_WQX-S-022,2010-03,ANFIS-F,20260815,13099efec343498bd168985b228f0722dd9439668f976dd3a2bac367992c98e5
wqp,wqp:21FLORAN_WQX-CC11,2005-06,ANFIS-F,20260815,130a1d6d06f128bdfdd996554ee64602dcee4e68b2d060b6c573d59d3474d316
wqp,wqp:21DELAWQ_WQX-208181,2008-12,ANFIS-F,20260815,130a48a455ff10bfa0f92873df2d11207393480efaa4af8870740deca63cb5d0
wqp,wqp:21FLSFWM-PLN2MID,1997-07,ANFIS-F,20260815,130ba3a313ff5e356c8e1b08513787d18c8d672660c65f11b151d76388d0407c
wqp,wqp:21SC60WQ_WQX-CL-094,2002-07,ANFIS-F,20260815,130babb88744469fe9c63ea844a840e45b41f8fff841edaf681941911c7a2a19
wqp,wqp:21FLSFWM-STAKEOUT,1989-09,ANFIS-F,20260815,130be833dd94134b50368cc3aa212bd752d34e7e914ab34d459cff973482e877
wqp,wqp:21SC60WQ_WQX-B-327,2018-06,ANFIS-F,20260815,130e73b395847f437c5efafab04866274cc567c6d389cc0048f6d4b99520acde
wqp,wqp:21FLSFWM-A03,1991-03,ANFIS-F,20260815,130ea81696f2f5e3a8265e3fd8c482f494ccb899aab7c5a06a3d5771399e3f90
wqp,wqp:21FLSFWM-L004,1984-11,ANFIS-F,20260815,13104c62c32bcebdf68607e1ec3482cb37560f04d4489f559012e0ae9f7f4117
wqp,wqp:MNPCA-86-0281-00-201,1982-05,ANFIS-F,20260815,13105224ed88be4f4fcecca3fd109b23c62c2c51c2f13a6d47918e5f49dfcf66
wqp,wqp:21FLSFWM-L005,2006-09,ANFIS-F,20260815,1310e231b8b0f888bb5c4d077950b161465780a11436d28c3895d451538b73ec
wqp,wqp:21FLSFWM-E04,1987-09,ANFIS-F,20260815,131115a8ed61f76bbd5c99d9ae350fb770f607e6824c15547e517c467b4a7297
wqp,wqp:MNPCA-25-0001-00-232,1999-05,ANFIS-F,20260815,13126fadbcb12b8816b9827ca167d76026d5bafe7a5f27307624c00c9fd45152
wqp,wqp:21NC03WQ-CPF055D,2013-10,ANFIS-F,20260815,13128d879822f19b9d0f05884b697beda4fce9c5dc4ea29418dbe752e2554fcb
wqp,wqp:USGS-07049200,2012-05,ANFIS-F,20260815,131300a44ce98cd42be7b5706e2330227493e6b47c1c80ef599c2473165f7c65
wqp,wqp:21FLSFWM-A03,2008-02,ANFIS-F,20260815,13133ac8ce2d4a385016cef1457332734d5c84e91e1f909cff8cf3936e569439
wqp,wqp:21FLORAN_WQX-CC11,2010-11,ANFIS-F,20260815,13139ba681bc5e371ae415a4f1302a8a6cd2985999244e1d6cd6c9a49df1a809
wqp,wqp:CAPECRD_WQX-262,2008-04,ANFIS-F,20260815,1314155d73c9e325560b3fd3927366a5c4cc1890579e46ea37b4d35ddcf4ae32
wqp,wqp:21DELAWQ_WQX-202021,2006-07,ANFIS-F,20260815,1316974436be28bedc037841c14a229ec7a26c69f51f260f9dd2550536e5f149
wqp,wqp:MNPCA-62-0055-00-201,2005-05,ANFIS-F,20260815,1318ab94fc16a36d9d4c95c9195dbbbdc29949e66bf76cdeee8c5f5573ce689f
wqp,wqp:21FLSFWM-ISTK5,2002-09,ANFIS-F,20260815,131a26278d67a0339a3fc2fa91538dd6060ecc43c4da1214d3488d7828fb6151
wqp,wqp:21SC60WQ_WQX-B-339,2013-09,ANFIS-F,20260815,131c2d2f38e5945a72522a6dd8b362bd4b02db11a48084eac8f11329d74890a9
wqp,wqp:21FLSFWM-IPOUT,1990-12,ANFIS-F,20260815,131e0595c130c0242b46418209e77c384426888dca66f04b06a5bfb0a6090c65
wqp,wqp:21FLHILL_WQX-135,2011-12,ANFIS-F,20260815,131f7954a718ada22348e6315130e666db6769b0b2e9b0dbee3dacceb08d5e87
wqp,wqp:21FLSFWM-ISTK1,2002-03,ANFIS-F,20260815,13211a78a2ce3164ecf0d88e1f912841759ac040879ea2776fa1ebb42646acb6
wqp,wqp:21FLSFWM-D02,2003-02,ANFIS-F,20260815,13211e7d559916cac7485eabe61d72a065d6a98d1338990f898e8d0796d8719e
wqp,wqp:USGS-0214184000,1994-03,ANFIS-F,20260815,132159af36f817113d8797c0415ef55107e887fd3dd2a0103b9ce6414fac7c3b
wqp,wqp:21FLSFWM-B08,1984-03,ANFIS-F,20260815,1324bb1d12b0b338eb72fcd516abafaf216cdb7b1ef54256d1509bcae1cdbccd
wqp,wqp:MNPCA-25-0001-00-215,1998-07,ANFIS-F,20260815,1325cb44bc1a27a05e94bfcb38d2b2efc8016aa977684798ae7265d4f94fc519
wqp,wqp:USGS-423659088354401,2016-04,ANFIS-F,20260815,1327734ace02c84ef3b980ec4ffa90a35364ad6270b3acec88b44826494a9c51
wqp,wqp:21SC60WQ_WQX-SV-200,2015-08,ANFIS-F,20260815,13305c58635cd3ec5f7ca85eb1d79212bd75418cbb967cd1d8327e630b54c6f2
wqp,wqp:21GAEPD_WQX-LK_12_4048,1996-02,ANFIS-F,20260815,13329c9bc9f913d7924beffbc2ff855fc0919ba9b0b96ce062ffa4d754e581d1
wqp,wqp:21NC03WQ-YAD169E,2008-11,ANFIS-F,20260815,1332a6594f09cf64600b1327315a6f77b2ee2298cc408fe59c35a0fafd6d7cda
wqp,wqp:21SC60WQ_WQX-CL-094,2004-01,ANFIS-F,20260815,1332f4f568dc6fa810398dd7d5ff16b1810dac76ef0a984131631eb55f834c83
wqp,wqp:CAPECRD_WQX-280,2014-07,ANFIS-F,20260815,13368225882ede666f67510b44c0ae4d09db361f06b89c365518c7c854aefc64
wqp,wqp:USGS-295826095082200,2018-05,ANFIS-F,20260815,1336df16de5afe87854dd92a961dfed3837b32d4322cd354c76b00f17e5a73b0
wqp,wqp:21NC03WQ-YAD169A,2000-07,ANFIS-F,20260815,133852bdee6982492d33554e094226043a09a0aeb5a943274ad3aea4b4954513
wqp,wqp:21FLSFWM-PELMID,1993-06,ANFIS-F,20260815,133a494e9c6ee5dd1a61c630fea6ce746abf82e9efcd2a39fda3fc9ef09d6970
wqp,wqp:MNPCA-62-0055-00-201,1987-08,ANFIS-F,20260815,133ab5303b85b9a165ca058b430631f5323e69f90d695008d1f1308d17f1faaa
wqp,wqp:21SC60WQ_WQX-CW-197,2008-11,ANFIS-F,20260815,133b1958b433d494d67da9a0a5ef1b011791b26a7eab904bb0949bfd11329ce4
wqp,wqp:21SC60WQ_WQX-SV-361,2017-08,ANFIS-F,20260815,133bd12efacb049e8c434c4c6e289b35392bbb546a923118e882f4f658f42f71
wqp,wqp:21FLSFWM-B06,1995-01,ANFIS-F,20260815,13403f24176c3956c38e3df6b5f11e4fbd89ff50a64ce62d03e26020710497aa
wqp,wqp:21AWIC-81,2017-07,ANFIS-F,20260815,13443d7714f12088caa293557ae7cc7feab7b4b63936a52cf361a35ac44bda5d
wqp,wqp:MWRD_WQX-BARR3P,2016-02,ANFIS-F,20260815,134a8bc58af3e2e0f82ac7e760427679fff0232688ab11f1b30cf5c8cc4a207c
wqp,wqp:21NC03WQ-YAD169A,2005-07,ANFIS-F,20260815,134c391de37e17f99c46561c74816c0fe0c8370b23cea95fe72907123b4ea75a
wqp,wqp:21FLSJWM_WQX-105729,2018-07,ANFIS-F,20260815,134c6d8d0fb5559b9aa0f9bb1c746152ce5a2a9b47490c21efc11fd002af931e
wqp,wqp:MNPCA-62-0054-00-101,1988-08,ANFIS-F,20260815,1351ca6b4d93423f9776c145288eda77c723bd2c33ba337baa6a74239b5a5821
wqp,wqp:21NC03WQ-NEU019E,2012-10,ANFIS-F,20260815,1353a98e6d9af9e9b3a2a2cd5f6612884697a7d31a7c47d9d743f66d260efd24
wqp,wqp:21FLORAN_WQX-BC7,2005-07,ANFIS-F,20260815,13549cb91056e8526d64375c10d65f3f3a6bc977ccefd46ab153d0de4abab424
wqp,wqp:21FLSFWM-A03,1997-01,ANFIS-F,20260815,13582076b60d2146e7cd859629f86c2a80f32cba098e7485f14b3d0633d708b3
wqp,wqp:21SC60WQ_WQX-CW-231,2016-06,ANFIS-F,20260815,1358e7b7d99387291c0922648b9fb20d284f63123a936cc3d7c74475920fd73a
wqp,wqp:21FLSFWM-L004,1989-08,ANFIS-F,20260815,135935a1a9b1e26c6cdd58855021b83e52922eaf6a217850e8390942bef6fa32
wqp,wqp:USGS-294643095035200,2017-05,ANFIS-F,20260815,135bea5e063d30c840d20f26ade845447c4e30680b5eb2a5ee3ed1e5c517b744
wqp,wqp:21NC03WQ-NEU018E,2015-11,ANFIS-F,20260815,1361c603bc4f13131535aabef25e3488478cecc044607743ddee07008d4be0e6
wqp,wqp:21FLSJWM_WQX-44158,2017-09,ANFIS-F,20260815,136335754335d2984f18a7dc47e33ddc89f2d2c91783e0add478acc9f313d0e3
wqp,wqp:21FLSFWM-PALMIN,1993-08,ANFIS-F,20260815,136549a6c41a50a899403f05fe6fe65f63be119fda4acef3315bc2a25ce0131c
wqp,wqp:21FLSWFD_WQX-23631,2008-01,ANFIS-F,20260815,13655ba9796272aa699a7cbc865565546a68c2e51fc1664e0b01780c43fe1cfe
wqp,wqp:21SC60WQ_WQX-CW-231,2009-03,ANFIS-F,20260815,1365b7d31a6bf380bccf6d03e957aa88542dddfeb019182c78095fa45580f43d
wqp,wqp:21DELAWQ_WQX-205211,2009-06,ANFIS-F,20260815,1366ad7bdbe4d78451f95ca37672324058a9e443b9a060b3b64e0642ccf2b364
wqp,wqp:21FLSFWM-L005,1982-07,ANFIS-F,20260815,1366e24850716fc728a3417076646fa756ea010da0b461d7ab0bb4a391103a49
wqp,wqp:21NC03WQ-CPF087D,2006-07,ANFIS-F,20260815,1367e1a9b372c83b9fdecc8cc319dee503f8e11380ed1ca8f29ec42027459926
wqp,wqp:21NC03WQ-CPF087D,2010-09,ANFIS-F,20260815,136d24b427a5c1e25f830d223ada0ad886d6f727a17917acb941f5eb292dfae5
wqp,wqp:CAPECRD_WQX-290,1994-07,ANFIS-F,20260815,136f436f27526d628a9732a2134f670b35577d7c00f873fa58fc818e9350a6f1
wqp,wqp:21DELAWQ_WQX-108111,2012-07,ANFIS-F,20260815,13705f0847d5a24ae42be7ef1506f0e4ea68e485b95b8b3ae900adbb2122fe43
wqp,wqp:21VASWCB-2-XDD000.40,2012-10,ANFIS-F,20260815,1370feeec22ea7b106d766e7509e2a86bf9b3d279472e6c8a8d5926b812c5323
wqp,wqp:USGS-07049690,2017-02,ANFIS-F,20260815,1371491ebbe31807d65657deb2f6a1ab51228f3d32bff05707a215eb06a0fff4
wqp,wqp:USGS-423526088380101,2016-06,ANFIS-F,20260815,1371e57cf07f8c48ab1674c9985044e51b2f088bc86613463c35c9f0b96e2f78
wqp,wqp:21NC03WQ-Q5360000,2010-09,ANFIS-F,20260815,1372355d50a68d6a2e372098a4ed1822c9a4063ac4456e10a2c53b4d43e15880
wqp,wqp:USGS-07144790,2012-03,ANFIS-F,20260815,13728a841c3184734f3420535bb79feefb19dd099258fe7d2eebf93f3bebc4dc
wqp,wqp:21SC60WQ_WQX-SV-339,2002-09,ANFIS-F,20260815,13740b86033cf84e681c82a407875807f21f6ec6e402803fb0c6216a5d4b2f1d
wqp,wqp:21FLSFWM-A01,1994-05,ANFIS-F,20260815,13749bad81ccf6c67dc843def662dc46d9b53620c651db8b451843b33de64317
wqp,wqp:21FLSFWM-KISSR0.0,1991-06,ANFIS-F,20260815,137611c24b59bb4ed87862fd1f8faa514de1d6a4a6a2ed11e20780d60e19cfcf
wqp,wqp:21FLSFWM-ISTK6,1988-10,ANFIS-F,20260815,13771248db0dd66a30bc9654db8e79c4e09cd07330fecdd7aa5ab08ed06e535a
wqp,wqp:21FLSFWM-TREENOUT,1990-09,ANFIS-F,20260815,13785150ba1b28760fa844f816f4766c09f6858eabb7dae2295ca90a1970d1fa
wqp,wqp:21SC60WQ_WQX-SV-361,2003-08,ANFIS-F,20260815,1379d57e8427a2aace20b6d711beba07b14d43c223a37ab7bd1171cad2ac682f
wqp,wqp:21FLSFWM-TREEMID,1991-01,ANFIS-F,20260815,137b4fd394dc1294225ec139c1c9c973a77d018628eee22e4e023c2cfe21a960
wqp,wqp:MWRD_WQX-BARR3P,2014-09,ANFIS-F,20260815,137be5b678ea658c3a3fb1911ed72332e74ebfbf63bb3488a40a6fa85fb39adf
wqp,wqp:21SC60WQ_WQX-SV-340,2004-07,ANFIS-F,20260815,137d92a3067dbedbad18a9489d98d45322304035cc2dd07c69381ea127b97912
wqp,wqp:21FLSFWM-B02,2008-01,ANFIS-F,20260815,137f6042c1f75186d8f9fcbda74ea7ce16e46eb36c4cec12bafcc09663f77770
wqp,wqp:MWRD_WQX-MILTON3P,2007-03,ANFIS-F,20260815,137f6d14f04eca373aed03f3a4950bf00c716a30d099dc1f71135ef4b5d3c80e
wqp,wqp:21FLSFWM-RITAWEST,1996-02,ANFIS-F,20260815,137f93f483da8985a81c7534ea9fa8f6bab70ec4cdd0bddae5c9f3e413e6a34b
wqp,wqp:21DELAWQ_WQX-208211,2016-09,ANFIS-F,20260815,1381d4a481b56e8d76f6f29321427109fb8166532a72ef0d459465ae95035679
wqp,wqp:MNPCA-86-0284-00-100,1984-04,ANFIS-F,20260815,13824ee2beb4ed739500a17c1ebc6b16c82f2096cea41dffc2eaf46eeaf58e9f
wqp,wqp:USGS-07263299,2013-10,ANFIS-F,20260815,1382a9254654a0c8a4bac408a7e91a74314395009898b5bf01bdae5830cde000
wqp,wqp:21FLSFWM-L003,1996-07,ANFIS-F,20260815,1383ecf15eedc43f7b62dbb415245af1cec1e17b4c3273373997a775d2c788cf
wqp,wqp:MNPCA-62-0055-00-201,1996-09,ANFIS-F,20260815,1384bf537043f8df224b248b62e76ae8724a3c1cbb5e0a180f77e5c79b0e5ed3
wqp,wqp:21FLSFWM-A01,1992-08,ANFIS-F,20260815,138558a7807e89a485ceb4fd6c26c7426d1e2daa6018048d6e8c5763ec535c16
wqp,wqp:USGS-02207414,2006-04,ANFIS-F,20260815,138841073d721e17048b4617aeec5e977eeeb23fb57f47dc1abf42eb7e3ebef1
wqp,wqp:21FLSJWM_WQX-44678,2018-01,ANFIS-F,20260815,138a8bde649055bf0920c5ebf32d1bbee3cede6dc970dc89c0d174d05a9e5583
wqp,wqp:USGS-295826095082200,2016-12,ANFIS-F,20260815,138bfcc8a7bd4e86f6af212c517c57935690ba0ad283b20ca49f37ad71d2fd63
wqp,wqp:21FLSFWM-L008,1987-11,ANFIS-F,20260815,138c55c2a8ba6eae33501fdfc494c5a3d0aab552eaa98500df5752e817a638e5
wqp,wqp:21FLSFWM-TREEIN,1993-11,ANFIS-F,20260815,138f4b265b46d83ec176d4641438d1457fea56ca99ca628b4e66d8a164f07078
wqp,wqp:21DELAWQ_WQX-303331,2012-06,ANFIS-F,20260815,1390b3e358bb95ab908ca9cedffb8a208df12bb01140032a6f0d41ef21336ad4
wqp,wqp:MNPCA-86-0297-00-201,1982-07,ANFIS-F,20260815,1392b2180ebf372f99552df29ba17320e5da5fb7733c430830f2ab0d21f08050
wqp,wqp:21NC03WQ-NEU018E,2015-10,ANFIS-F,20260815,1393575fc73fe092062221ae79273c1eebb79ee0dc37498ca46a5ad2105c18b9
wqp,wqp:21SC60WQ_WQX-S-311,2007-08,ANFIS-F,20260815,1393abd81df387b1f2abc80184ddf8fd7c22a21e76f044e575d898d4eff74781
wqp,wqp:21NC03WQ-CPF055D,2014-04,ANFIS-F,20260815,139467b4c6050b9866d73533e04d69b9872a9b22f3a17ce74956f421e1bbbdeb
wqp,wqp:21FLSFWM-PALMMID,1991-02,ANFIS-F,20260815,13947a296274d76b07e9c095dea43225f906b46216442e9118fc289069149316
wqp,wqp:21FLSJWM_WQX-44148,2018-03,ANFIS-F,20260815,13955ac9e2c7bfd062d746202994da7f024c1ffec0ef2295f06a6eafec0ff678
wqp,wqp:21SC60WQ_WQX-CW-231,2001-03,ANFIS-F,20260815,13966be8995fabdc26ac66496f13bd6a277b0d504827352fcc7054befe5c925d
wqp,wqp:CAPECRD_WQX-290,1999-09,ANFIS-F,20260815,1397987e3f6a9df2fdf7708f9632e75d627ff1011d27df52d137d61aa8e09631
wqp,wqp:21VASWCB-2-XDD000.40,2016-11,ANFIS-F,20260815,139cc7c68303e9f5834efe9560fa8fb674139cb1deba4136a689366cd6b5d8df
wqp,wqp:21FLSFWM-E02,1990-12,ANFIS-F,20260815,139e3edb7b24607e0a53f5e6bc9db5718d53006659187b1736b78e0f5ab6679b
wqp,wqp:21FLHILL_WQX-135,2010-03,ANFIS-F,20260815,13a04f76be34380b410952d6904474fd2575b15fc846d44b6022a83246850dec
wqp,wqp:21FLSWFD_WQX-23631,2010-04,ANFIS-F,20260815,13a0596cde8c3e19311fc05df20d14a8176563918d2f9c973852b6ac95b0dd8b
wqp,wqp:MWRD_WQX-MILTON3P,2015-05,ANFIS-F,20260815,13a2097d2be66bbcf994d9d00d50dd610d562e82cec862b1248c08851d1a0a83
wqp,wqp:USGS-423556088365001,2016-09,ANFIS-F,20260815,13a2716cea057c48f3e76122e911ef6fe9ee02eada9e0174d5868c1d4f18de72
wqp,wqp:21DELAWQ_WQX-206461,2008-12,ANFIS-F,20260815,13a40f4dd4c15a29551671e19882f060129286d785ab2c695e367c21388e3859
wqp,wqp:21FLORAN_WQX-CC4,2008-11,ANFIS-F,20260815,13a51b76ab9330c00f4f5a080a2c24dddc66243a3dc07cb9a5a6cb90d88b1eaf
wqp,wqp:USGS-01201700,1975-01,ANFIS-F,20260815,13a5ea7f4f297e241508502c2f1ae7103efce367542e680914054bd18e12c1b0
wqp,wqp:MNPCA-62-0055-00-102,1990-06,ANFIS-F,20260815,13a6d5d0d158fd9afe923e61723e4e073581be1c2bc0c7caf5749c2af02b15fb
wqp,wqp:MNPCA-25-0001-00-215,1996-04,ANFIS-F,20260815,13ab806a9d03b0f3467ac8003137efa299a025dbf1381c78f7a184d1335e84b3
wqp,wqp:21SC60WQ_WQX-S-024,2003-04,ANFIS-F,20260815,13abef1f5fc9804b8d8149de0e270aa2015016b8f5e898b3facbf29849d9941b
wqp,wqp:21SC60WQ_WQX-SV-331,2018-08,ANFIS-F,20260815,13ae3dd6d71afab45289de50d8786a86063c0b066586569eb651f14e04bafa24
wqp,wqp:21SC60WQ_WQX-S-223,2003-03,ANFIS-F,20260815,13b1f8bc781300ca4bf3f3a55663df59488642e2dd084df1ddb1440cf2e85829
wqp,wqp:USGS-07049690,2004-07,ANFIS-F,20260815,13b369272d0bd7722fec6e23b35ab2e54fdce2cc1f93d01f925ecb79b1c1f5fb
wqp,wqp:21FLSEM_WQX-SPR,2011-12,ANFIS-F,20260815,13b682c4b6548df9c226b5cf308c3e509413534e35cdc70209064f2911cad283
wqp,wqp:21SC60WQ_WQX-ST-032,2009-06,ANFIS-F,20260815,13b812d45bc7b843fdc6e31659f301406d73d48e0bb91e68b02aa5aaaec16535
wqp,wqp:21FLSFWM-LZ2,1987-05,ANFIS-F,20260815,13b82f06edb10a1f9772b27ee077a991340616b41b8c807f45c233019a1fe6d6
wqp,wqp:21FLSFWM-POLESOUT,2003-03,ANFIS-F,20260815,13b9a3c8f332c7af226545e914e62517f13e98c86b65a8dc8fd14c44d9f92ef1
wqp,wqp:21NC03WQ-CPF086F,2007-07,ANFIS-F,20260815,13bda55192514c0cc71792f7d0717fd5954c96512c83befd949edfeddf81ece4
wqp,wqp:21FLORAN_WQX-CC11,2008-10,ANFIS-F,20260815,13bfcff27962eb3e5b121af901e067b95ac184a435d6899d3455861837ee881d
wqp,wqp:21SC60WQ_WQX-SV-200,2009-06,ANFIS-F,20260815,13bffebdc0689a6708f61fd6ca7e9f51c793c04e4e0f08f940a589df07d72558
wqp,wqp:KAWNATON_WQX-KN-KL-001,2015-05,ANFIS-F,20260815,13c2a4998b14b9a8762c423925f37729d1a6f6639d7facfa4ae1a521ebfbe1b8
wqp,wqp:21FLSFWM-ISTK2,1996-10,ANFIS-F,20260815,13c3510cab628ec052d42173ac7a378fa566e150663843fbc9a98c4e8894498c
wqp,wqp:21SC60WQ_WQX-ST-032,2007-04,ANFIS-F,20260815,13cb15c4a25aa770163c90bf4d42cc4a7ed77d5f63fccb22b52ccd1992c27fdb
wqp,wqp:MNPCA-25-0001-00-261,1991-03,ANFIS-F,20260815,13cc08b28149ef0d10ad89a6efdaa1bf8e125236a5dc3dcf8e5a4040681c3005
wqp,wqp:21NC03WQ-YAD169B,2002-09,ANFIS-F,20260815,13cc7d5d141520e3615cf417b0b2100d0b0b03ae455e2ebe0af66dbc5cc7d337
wqp,wqp:USGS-295554095093401,2009-07,ANFIS-F,20260815,13ccfc1164d23cbc3cf7be2068a4976c383ce564f7d324b8ce25c186c466e373
wqp,wqp:21SC60WQ_WQX-SV-361,2006-10,ANFIS-F,20260815,13ce212745570be2971f22cef8b2d478f463efd95eb3b6c7aa4d0d52a27d202f
wqp,wqp:21FLLCPC_WQX-YALEMARSHPK,2015-01,ANFIS-F,20260815,13d1fea73dd5b8092aec67882cfb5c48d59c9c1a6376c0f21c5627f9a63b9a3f
wqp,wqp:MNPCA-02-0075-01-204,1982-04,ANFIS-F,20260815,13d2450f6c966d548eef87cb0a4ca89adf0d4295fa62f57d078404e62320f1b4
wqp,wqp:21FLSFWM-E04,1986-10,ANFIS-F,20260815,13d3f94c53be0444b1f3e556f37db66c36e305597b42367871c78ad39040f2d6
wqp,wqp:MNPCA-86-0297-00-201,1983-05,ANFIS-F,20260815,13d3f9df1b8d96feff9736663e395accf8b59f36191f41b8d682d664920289bc
wqp,wqp:21FLSFWM-L005,1991-04,ANFIS-F,20260815,13d45c856f4a0f7c6b55dea977123691eaf1623f0cab7d6a399d4d1edd9e6276
wqp,wqp:21SC60WQ_WQX-B-339,2009-03,ANFIS-F,20260815,13d530baeedc6acbdfd2ad836144d6c8e5783a9c57b5c4100918574e4d6022d6
wqp,wqp:21FLSFWM-POLESOUT,1998-08,ANFIS-F,20260815,13d67ce41657541c860cc770869001127370256f17a0f42450392c235dd2a5b9
wqp,wqp:21DELAWQ_WQX-208181,2018-05,ANFIS-F,20260815,13d8fa1c2695db8f76afa96628c6ca06111f70991ff9bc79c4769e55de131d75
wqp,wqp:21FLSFWM-PELMID,1988-11,ANFIS-F,20260815,13d9ba33eba6ee2a803230a7dbe0bfa8a27dae7ba190e3fac4c21f463f05e2af
wqp,wqp:21NC03WQ-NEU018E,2017-06,ANFIS-F,20260815,13d9bea28feb95c339fb812cb71b74a96316e392d7c3c6d5122c6fda7563281e
wqp,wqp:21VASWCB-5ASRN000.66,2004-12,ANFIS-F,20260815,13e2634c2b0009d2b705fd22b849957c7f871cfa038d43db9f51791f811b35bc
wqp,wqp:21FLVEMD_WQX-SJ17,2017-08,ANFIS-F,20260815,13e3b645dc888cfba03b2800d80b1c8d94cb5b7b124b646580fc785f1e154694
wqp,wqp:11NPSWRD_WQX-SLBE_PL_01,1990-08,ANFIS-F,20260815,13e73eab80c29ace06021860d9b63b3cf2f3e20d057ae248b862d1749c53e88f
wqp,wqp:21SC60WQ_WQX-S-308,2016-12,ANFIS-F,20260815,13ec217dd6514af7d25ece0bf2e9cd945927ac1f7bd229c39f682026bb72fa7a
wqp,wqp:21NC03WQ-YADHRL051,2010-01,ANFIS-F,20260815,13ecdc900eabb1a754732cd58280528c99172a461aa1d6ef927656f4cbb648fa
wqp,wqp:21DELAWQ_WQX-109191,2004-03,ANFIS-F,20260815,13ed7f4841d71bd24c13e7bff31bd00688251d222e2d7f952566a30414fb23ad
wqp,wqp:21FLORAN_WQX-HB66,2018-05,ANFIS-F,20260815,13f0d7063d3c0d769cf7cd5733820b6ea9d8a589798db4f4b1fa5cb64284350f
wqp,wqp:21SC60WQ_WQX-SV-339,2007-03,ANFIS-F,20260815,13f0e1301c5eae68118d0be2703f0d6c2a980b631fc1fcd7bf99c0ed19551de7
wqp,wqp:21FLSFWM-TREEIN,1989-02,ANFIS-F,20260815,13f3513ea8fe753f9acd01ad0cb4ad2c183d1b3543c599e7c1ac688bc4b9ec7a
wqp,wqp:21FLSFWM-STAKEMID,1996-05,ANFIS-F,20260815,13f369414cc12e8d1e8553f7619bca91c571f22ddf8273ffbfc7edad6b5aabee
wqp,wqp:21FLSFWM-RITAWEST,1995-12,ANFIS-F,20260815,13f5fdb94de6c9ff5c782e1b0e092d186cbc312ba2a7fba2c14213956c8d88c5
wqp,wqp:USGS-423526088380101,1991-10,ANFIS-F,20260815,13f60b2438bc4d2f29fc882089271ddb19f5b3e8a75bced7e1b7a81a04ef8729
wqp,wqp:21FLSFWM-ISTK5,1995-09,ANFIS-F,20260815,13f6b2a32b0fe82d0909abc9b3d6a940c4a0543f2398a42ff3974ec0053e85fc
wqp,wqp:21NC03WQ-CPF081A1C,2008-05,ANFIS-F,20260815,13f6bd4169fdd5247c63a5dc6a1a9bb24d090068e20dbebe839c52ef1183f09b
wqp,wqp:21FLSFWM-L006,1988-12,ANFIS-F,20260815,13f821a766d5363b2fdc9503a6dadedae67a3316ca2ab4cb0f03eabb8b004c4e
wqp,wqp:21FLLCPC_WQX-YALE,2011-10,ANFIS-F,20260815,13f95df458dc76e2e67723d5963969cc5f90205e6da4a70069952f0e1ea08deb
wqp,wqp:21NC03WQ-CPF081A1C,2000-08,ANFIS-F,20260815,13faac6d4888a4851f005bf0abe954d6326950601123ec6b44694f88c9ebcf0e
wqp,wqp:21SC60WQ_WQX-CSTL-075,2009-12,ANFIS-F,20260815,13fc7dfcb5aef3f15d3604b3273483fcb435a63c52cfb751e8c926628f9804f5
wqp,wqp:21FLSFWM-L008,1992-11,ANFIS-F,20260815,13fd02f15727b18a7cf09a3926c4f320abbce978d8a805913ed61d734f8ec9f3
wqp,wqp:21FLSFWM-C03,1988-05,ANFIS-F,20260815,13fe0beff6093793624915443c80f587be59e79fe1dc6fd801c4101d61e046c2
wqp,wqp:21DELAWQ_WQX-110011,2010-02,ANFIS-F,20260815,13fea2878666bce34601387e7e36c8f155fa89f5c78380846452db6547d17801
wqp,wqp:KAWNATON_WQX-KN-KL-004,2018-10,ANFIS-F,20260815,13ffd921f547f8d4f0194bb35a0dec0f61c00d04c30557886e97e695dba8a6a7
wqp,wqp:21FLSFWM-PALMIN,1995-04,ANFIS-F,20260815,14001018ee8e75b1afe43d8d0893f2d32a6218c7882cc24385810599c948375a
wqp,wqp:21SC60WQ_WQX-SV-340,2001-10,ANFIS-F,20260815,1400404ddc01a994b2d46a98bac2b7b530465397be28b489c2ef82bfc77871a5
wqp,wqp:21FLSFWM-STAKEOUT,2007-04,ANFIS-F,20260815,1400d67be0f2aa91094b70caae76446fb1fd9a89a395eb592eb6f2f5dcf18ab0
wqp,wqp:21FLSFWM-L004,2001-11,ANFIS-F,20260815,1401322e0b97c64e12ffd034de58ea838dc96515e6d4e7a33687b9efc39d7e73
wqp,wqp:21NC03WQ-NEU019E,2016-09,ANFIS-F,20260815,1403ee8ded2f4ad51f7d2193d1db78574b9f4f6d0e3746587e23bb24e3ce82fc
wqp,wqp:21FLORAN_WQX-CC6,2012-11,ANFIS-F,20260815,1404833348687b06e340899b4d342d39128e02d467194906b7531c8cde31a158
wqp,wqp:21SC60WQ_WQX-SV-335,2005-06,ANFIS-F,20260815,140a2b42dce618c80e5ec2f678cb6a7be9881fbe7d9816b7c931d9744f39fec7
wqp,wqp:21FLORAN_WQX-CC4,2018-02,ANFIS-F,20260815,140a3865ddc7c0965017c1c2f84c5066a3028ceabccdc627f369c6b4fa5bcf57
wqp,wqp:21FLSJWM_WQX-44678,2018-04,ANFIS-F,20260815,140de4f4026ddb6bab6c2146588925467721e891c9ca179dc591db4e9c77291e
wqp,wqp:21SC60WQ_WQX-SV-335,2018-04,ANFIS-F,20260815,14129dab8e65ffb8abd2591b3a0f0e58f5c69086f75eeda1056245718a1ad32f
wqp,wqp:21DELAWQ_WQX-202021,2016-12,ANFIS-F,20260815,1416028df4e3f6ac8d37ef2da7211743f6587ba5a016f243e66b78c8db33454a
wqp,wqp:21FLORAN_WQX-CC22,2013-06,ANFIS-F,20260815,141d485d75b5341b5930360952953cb3c5c188ba789423f796867b9a9dd6de15
wqp,wqp:21FLSFWM-POLESOUT,1994-07,ANFIS-F,20260815,1420740912d10b286aa91895eee7b39ae368ceffe7802db6215186223e9bb296
wqp,wqp:21FLSFWM-PELMID,1990-05,ANFIS-F,20260815,1420b32ab424b4b04e67ac6aba79a4846fe548f2cbb0bf244f83346edda3f4c4
wqp,wqp:21DELAWQ_WQX-202021,2016-01,ANFIS-F,20260815,14221ed4ee5856910e00d443af8f5d28b1c8d4716c7fc8e46cf16d72c2c7144f
wqp,wqp:21SC60WQ_WQX-SV-331,2003-07,ANFIS-F,20260815,142326ce30fe151915a6fb7bf618d70b53736809df8d8ff09fedb05cfa3670e1
wqp,wqp:CAPECRD_WQX-290,2001-03,ANFIS-F,20260815,14258b68d1b415cb1ba664b43bcda4b3a710eb688ccf8d5e1f1593595232689f
wqp,wqp:21FLSFWM-L006,1980-03,ANFIS-F,20260815,142812232faa4c2cc210054e5894889e3c7f2d8869c3e5e0afd4b24277b1b96e
wqp,wqp:21NC03WQ-CPF086F,2005-02,ANFIS-F,20260815,142cae5ad9731186d171aca3e9fb52d29b07ec592c8d024f4fe2e7d4339b582f
wqp,wqp:MNPCA-47-0042-00-201,2001-08,ANFIS-F,20260815,1431a0d8c97a7490f5006255fa0f2f98c86902ccad26646450099c94cb608c28
wqp,wqp:21SC60WQ_WQX-S-024,2012-12,ANFIS-F,20260815,1433bc6fcd275535c4cf7e370ff77c79af1dc95dca619e770bd098af532fddc8
wqp,wqp:21DELAWQ_WQX-304321,2006-12,ANFIS-F,20260815,1436382b8e5822c2225ec43067db09345ed09d62bcf6928fd10a1328a5e1da91
wqp,wqp:21FLSFWM-KISSR0.0,2006-03,ANFIS-F,20260815,14372110416a86b6e34fa16c71beaf217d2a43d16e62c3aeb8b97a7fc29be671
wqp,wqp:21FLSFWM-KBARMID,1987-12,ANFIS-F,20260815,14375fd383fe92487d50001bb49a9a27459d13c58d645ff82362c9f78475ac99
wqp,wqp:21NC03WQ-CPF086C,2006-08,ANFIS-F,20260815,1438f9593e7c959ed214508865484633a74511d50bd24dca6117d0915d4b0594
wqp,wqp:21FLSFWM-POLESIN,1996-11,ANFIS-F,20260815,143a001591e751280e93a6b1dd898e503a8314a46f9c3cfdb9e236fe17afc54d
wqp,wqp:21VASWCB-5ASRN000.66,2012-05,ANFIS-F,20260815,143b56cd127e088c504a663a62e52691932eea459bc9e6cc3f689522f0a37f00
wqp,wqp:USGS-072632972,1992-04,ANFIS-F,20260815,143c08d0c64ad8458aab98ee9ced53e8addf57c8d27b8f3464e843209b76b8ff
wqp,wqp:MNPCA-62-0007-00-203,2002-04,ANFIS-F,20260815,143c626b15a99c19124b0b31a5c5e14910de79aeca4973c1908ec26af3de7259
wqp,wqp:MNPCA-62-0007-00-203,1993-07,ANFIS-F,20260815,143cac3fbb0c0d2ef63b0595ff78c082b8083ed9345d918886dae3302c5f5915
wqp,wqp:21FLSFWM-L008,2003-10,ANFIS-F,20260815,1444648670329339474954199c97dea171d0de9c9841540d05f1478e85f6b09b
wqp,wqp:21FLSFWM-PLN2IN,1995-06,ANFIS-F,20260815,1444f22c5ea8b043489a9863d72bdc81a5c1c4c86f9082e4584cb3f642c317f9
wqp,wqp:CAPECRD_WQX-280,2004-12,ANFIS-F,20260815,144677bc23ff6d717c90a4022b70c645e6224f4d8c235f250fd0d2c1ddc98921
wqp,wqp:21FLSFWM-C03,2002-07,ANFIS-F,20260815,14468f8cab32d0fe317374f28e685b1d860553a35354b3d6afea05a4e62055ea
wqp,wqp:MNPCA-62-0013-00-201,2014-07,ANFIS-F,20260815,1448a7a12992720f980cb5bf02bf806acb88c5f7c1724dd270e3593479257303
wqp,wqp:21FLSFWM-B09,2001-08,ANFIS-F,20260815,14491bf7a6e342e92351012de6377491d82e5a4a88b8765750b788e39242be97
wqp,wqp:21NC03WQ-CPF086C,2012-01,ANFIS-F,20260815,144a32924f6712c500207defee8b8243f792324a535b822f07a43b0afeefb555
wqp,wqp:21SC60WQ_WQX-S-024,2017-09,ANFIS-F,20260815,144b9f673aa40f6667f21ea299ecacd09621ae8ce61062939ba0dd5c0a798a97
wqp,wqp:21VASWCB-5ASRN000.66,2010-01,ANFIS-F,20260815,144ca69228d57245aeb4fdacd105f120c8e580f6cbdbea7ba994daef44474b7e
wqp,wqp:21SC60WQ_WQX-CW-231,2005-07,ANFIS-F,20260815,14503c71023f5bfdcad4f7dff07f39adf166fbf08a8418bc9f7654317fb4c5ef
wqp,wqp:LAKELAND_WQX-LH8,2011-09,ANFIS-F,20260815,145458485f5f2555c7f5d8c54aff74ac9f2b36f0532e02e83216842be659aa94
wqp,wqp:MNPCA-86-0284-00-100,1986-04,ANFIS-F,20260815,1454f428185b8af1b062225504a302320d74246ea0fc242b987ce533c6e24304
wqp,wqp:21FLORAN_WQX-BC9,2011-10,ANFIS-F,20260815,145c00e3e175a79b224e07a8832e6606e242c15f31b7eb9b369062b2d1c104f1
wqp,wqp:21NC03WQ-NEU018C,2015-06,ANFIS-F,20260815,145c308c52a9770c4db990b9e7b180594f8f5d69e53997fa7cb04d557ac5fb09
wqp,wqp:21FLORAN_WQX-BC6,2012-07,ANFIS-F,20260815,145fc17a1016df5cfc799a81095977fc3088ba5e60d692e4cb6550ecc8fd7030
wqp,wqp:21FLSFWM-KRAMMID,1987-09,ANFIS-F,20260815,1460961a623d273e3b72f5bbe56e973e5b65a3ffb13fee5d2d17e5bbe2505739
wqp,wqp:21FLSWFD_WQX-23438,2018-06,ANFIS-F,20260815,1460992f181c640f5385906df681b89d8e762857fe363deb862691121b1fe1c8
wqp,wqp:21FLSFWM-C03,2000-05,ANFIS-F,20260815,1460c525eb036b8b55a8912108f82f9300c39928f6324f275320b8f64d83fdd2
wqp,wqp:21SC60WQ_WQX-CW-197,2017-09,ANFIS-F,20260815,14611f893553496c74875549bd0f10ec9f2a1f382eb13c1df5fa996f23d0029f
wqp,wqp:21FLSFWM-TREENOUT,1990-12,ANFIS-F,20260815,14635c36e7cf6cdd186f58fdcfb76718877c8c163eb3f5c85a5346cb48837478
wqp,wqp:21NC03WQ-CPFMC03,2015-04,ANFIS-F,20260815,14639aa48cc457eacb5d440c1d522f0abbc9f9fec4efc34278e97c7c94e64482
wqp,wqp:MNPCA-62-0055-00-201,2001-07,ANFIS-F,20260815,1467bbc32a8d171ec46229503c605a87e31d856f646b25e56adffcd15b715cd6
wqp,wqp:KAWNATON_WQX-KN-KL-004,2016-02,ANFIS-F,20260815,1467fe42aea263ffa15f3b645c6a1f7063aab603ea32ff482334fd82eb8a0a44
wqp,wqp:21SC60WQ_WQX-SV-340,2006-01,ANFIS-F,20260815,1469e2e08b3082d37fcc2effdfcfb508c36ec71c993c8948eedcfa0d58eb3d22
wqp,wqp:21FLSFWM-KBARMID,1993-07,ANFIS-F,20260815,146a97a4c54a214f3b2ea6c1ecf5d9077f5f628924a2d199b6a755fc8ad02768
wqp,wqp:21FLSFWM-C03,2004-11,ANFIS-F,20260815,146aafbe30843c8900c0ef3e304100b889be4b6e3262fad41babad10008ad4b4
wqp,wqp:USGS-423526088380101,2013-06,ANFIS-F,20260815,146b23da0eddaa6f9ed2543e68fce264533c9cd2837c5cb01e8abb0f7544e0b2
wqp,wqp:21SC60WQ_WQX-CW-207,2017-05,ANFIS-F,20260815,146bbc997b9360d0461cde9c0c1a959e3fc5897170e6695745bf0719a1475adb
wqp,wqp:21FLSFWM-TREENOUT,1994-01,ANFIS-F,20260815,146cc4efd3f9f4152bf990d71906cf37286f87480fad178214f1a66248ea1d05
wqp,wqp:21SC60WQ_WQX-S-222,2003-08,ANFIS-F,20260815,146f9dd6747d0f97c7f0998963afc6e0d7884e0c5fe4d80a2613d8284b7afaa0
wqp,wqp:21FLSFWM-D02,1986-04,ANFIS-F,20260815,146fb8feed4602037d92c1737ffee195496b81f031a452799b7a8e2a1aec152f
wqp,wqp:21FLSFWM-ISTK4,1997-05,ANFIS-F,20260815,1470aac4285e0614d7245d4335e89e4e9361fc40b9bcf34706590f4d9a800995
wqp,wqp:21SC60WQ_WQX-SV-098,2001-01,ANFIS-F,20260815,1470e8672c7a30534059188e9a7e7c509f34e370df4930b0cb124015e2dffdc9
wqp,wqp:21SC60WQ_WQX-CSTL-075,2004-11,ANFIS-F,20260815,147222e243f71124f61d1fb830e885b2df82d5b9bfad9f04748fba670b1f3fc0
wqp,wqp:MNPCA-86-0284-00-100,2001-08,ANFIS-F,20260815,1472b01c4c35f45c4fa778e08b54216ff8cf7cc2d8e59d41e078a1eb71a81d69
wqp,wqp:21NC03WQ-NEU019E,2016-02,ANFIS-F,20260815,1475ad227851dd2f700981a470cc0a67d9ea31c212a3fc5ec9872ec2fb74e6d1
wqp,wqp:21FLSFWM-E04,1994-03,ANFIS-F,20260815,147dc5c046670f2bd58c6fe5b46a25644f0444b2b99087a48928ff6bcf12675c
wqp,wqp:21DELAWQ_WQX-307171,2011-12,ANFIS-F,20260815,147fcb93b1fa55d78f15eb7c08ac73b91fe1bcc2758b84520f9ae39b45cd69e4
wqp,wqp:21FLSFWM-B02,1986-02,ANFIS-F,20260815,147fdc5063b73b73e1f85cdcb47abb2d18e0aa08e628253b68f7782720d38775
wqp,wqp:21SC60WQ_WQX-CSTL-075,2003-05,ANFIS-F,20260815,14800f2252720bbe906e6d7fd1433386023912390e784eba4129558427f244d8
wqp,wqp:21FLSJWM_WQX-45399,2018-06,ANFIS-F,20260815,148199a8d010f308278a8a8f72c61e1e598fd61e75876a99b63b0e754098775d
wqp,wqp:21DELAWQ_WQX-205181,2007-09,ANFIS-F,20260815,148209a7f2fd221ac08f2dc2e1007c9a427c854868055cf5b88b9a7aa193632a
wqp,wqp:21FLSFWM-D01,1982-11,ANFIS-F,20260815,1485f022b4d5cc196da5958ba1bc2f9d2ed2798a96b91129018b65fee9b38a19
wqp,wqp:21FLSFWM-PLN2IN,1993-11,ANFIS-F,20260815,1487a10fd68a77574a42c6c1c21e2b471d7022dfdda5c2ee537bc1672bb3e38f
wqp,wqp:21SCSANT_WQX-SC-040,2017-01,ANFIS-F,20260815,148a0e1ae902d6211cd63d903739081cee21666c5a7bff1550656875133371b3
wqp,wqp:21DELAWQ_WQX-308071,2018-06,ANFIS-F,20260815,14965c0397aec5301d69691996682c26c672e50d251d6841164dd2177dd5a1ce
wqp,wqp:21SC60WQ_WQX-CW-231,2014-07,ANFIS-F,20260815,14978c662334bbdb410aade09843f1b214515e505e5caed23c5771e6735ee9ee
wqp,wqp:21FLSFWM-TINMID,1989-07,ANFIS-F,20260815,1498b486e6bfe1bc669abb5f04ddc07369fe84d77bf1e62a7a067798328e44a6
wqp,wqp:21DELAWQ_WQX-206361,2011-04,ANFIS-F,20260815,14994bc86a92ce50b0b3f7a59f2775bc35451be1f6c0845de7df3be2ece4f217
wqp,wqp:21FLSWFD_WQX-23458,2007-07,ANFIS-F,20260815,149a1ac2ed39190e508019d15fb287d65b16441730f9689a737075c17eca65ba
wqp,wqp:21FLSFWM-E04,1992-10,ANFIS-F,20260815,149c36db6385366d847db303b8228943d0efddc3561b136eb7fc006bc28efafd
wqp,wqp:21FLSFWM-B06,1986-11,ANFIS-F,20260815,149e79bfea4b9e36e8ebeffd7ce29cc1676f30567b6697e61bf47393e5fde51b
wqp,wqp:21NC03WQ-CPF086C,2005-03,ANFIS-F,20260815,14a134af6a665539cbe936b5d5e56695acdae8ee403f50bb9eaad516146a11fe
wqp,wqp:21SC60WQ_WQX-S-311,2011-03,ANFIS-F,20260815,14a1ebb6d5dc145b9bd3c2156ac4d253c343e14b35d23354ed290c1e26b037eb
wqp,wqp:USGS-072632965,1992-10,ANFIS-F,20260815,14a25a7f6897c2c874dcd3efc146930f3fbbdf25bf1682eaed460bd5146e5e6c
wqp,wqp:21FLSFWM-E02,1985-01,ANFIS-F,20260815,14a2eca1179431d8ffb4b069da9261875cb96280b8561a9a019c94c5fb1c183f
wqp,wqp:21FLSFWM-L006,1983-08,ANFIS-F,20260815,14a3d76d60c8c523a2d60ddb39af54258a2a2f5577d83f2852bf7b8ec80e74da
wqp,wqp:21NC03WQ-CPFMC03,2014-02,ANFIS-F,20260815,14a8b29985eaf67713ccc4c176c10a40d1c8f5789192a9ed6412b14286bea6ab
wqp,wqp:21FLSFWM-B06,1985-02,ANFIS-F,20260815,14aa918dcef47a5f22825b0d8e3804b59851ef9921d06f74dd26581df2598553
wqp,wqp:21FLSFWM-LZ42,1990-12,ANFIS-F,20260815,14aa9b4b52fe347b2422598b92f638231f8029d3876ee303e0b3e5c286454986
wqp,wqp:21DELAWQ_WQX-109191,2011-07,ANFIS-F,20260815,14abe4dad9754ac2865cf8a79b713d465d2230d63b43e282253f4eef94f66fe7
wqp,wqp:LAKELAND_WQX-LH31,2010-12,ANFIS-F,20260815,14ae5fe5fb3523fb4441349992b669be26cf49b52fcf06f7b6c91501608458bb
wqp,wqp:USGS-07263299,2008-09,ANFIS-F,20260815,14afe93d514a65907a728cf20c062fc1800ed9edea0f6c09bd8870b6240f13df
wqp,wqp:21FLSWFD_WQX-23438,2008-11,ANFIS-F,20260815,14b265c0416f19d16f383496439639ee0932fa59ccb0f285438e56ddfc1e66bf
wqp,wqp:21FLSWFD_WQX-23588,2012-12,ANFIS-F,20260815,14b351028cdb3622d3c3b3c39be6ce732cd02a814caf5401dd4106c65a3f89bd
wqp,wqp:21SC60WQ_WQX-SV-236,2011-04,ANFIS-F,20260815,14b7f6c39c5aae507563b26b5ece6ff0a8ef776bb67043d453996d311b9bcff6
wqp,wqp:21FLSFWM-L004,1982-01,ANFIS-F,20260815,14b90c08a97d4d964dd4d0d9c233b38bfa6e881b427d39f807eb63b39443e20a
wqp,wqp:21FLORAN_WQX-CC9,2017-08,ANFIS-F,20260815,14b949b7855190c9d4d8bc42db42399bcc0743c9c0e55a281c2bf74d113a1fbd
wqp,wqp:21SC60WQ_WQX-SV-340,2013-12,ANFIS-F,20260815,14b94e1ab062263e93d3ee948fc4dc276c93d9e0e49d4a5409aceb90f49ba8f9
wqp,wqp:21SC60WQ_WQX-S-310,2010-06,ANFIS-F,20260815,14b95ae18ebe79cd61c9238a9cae5db88a5c44f9ebc6ff9031594ee38918e311
wqp,wqp:21NC03WQ-CPF086F,2014-11,ANFIS-F,20260815,14b99797947aaf7a5687cc47b147fe5e02bb3cb7c2583b1367bd448d75973a82
wqp,wqp:21FLSWFD_WQX-23438,2007-12,ANFIS-F,20260815,14be0cbc0bb390b586c7a3108a50f219946b1aa43c322bfc661276f476bdc1f8
wqp,wqp:21NC03WQ-B2450000,2016-12,ANFIS-F,20260815,14c05d97b4f64a6094bb0bce8e9a52307bbdb700560fb4eaba2b98d896415888
wqp,wqp:21FLCOLL_WQX-LKTRAF1,2004-03,ANFIS-F,20260815,14c496636c9d5f2216d6d8812bf15480a9941e0f8f9a2040aecd4de63caf4e53
wqp,wqp:21FLLCPC_WQX-YALE,2017-05,ANFIS-F,20260815,14c4cea968c00ef0f891598ca2566b9e99d4c264bd457eac88b02cad60dd3966
wqp,wqp:21FLSFWM-CLV10A,2007-01,ANFIS-F,20260815,14cb73fa962176aecd6b8821da4d735b163cb035294c8377b61231f0263b6710
wqp,wqp:21FLSFWM-L001,1993-11,ANFIS-F,20260815,14cf28a2db328f17a317a5bee82658e52966709778fa51ce86b5d7b56cce9409
wqp,wqp:21FLCOLL_WQX-LKTRAF4,2017-07,ANFIS-F,20260815,14d0d255b834911d8290bebde96c9a6b9f6cad80138bf1f104bffd7a8c97c64c
wqp,wqp:21FLSFWM-LZ2,1999-01,ANFIS-F,20260815,14d1dd709237ccdad9c11c99f81555fbd9ce694a81f9d83ab3aa0cca6ec9a817
wqp,wqp:21SC60WQ_WQX-SV-361,2001-06,ANFIS-F,20260815,14d29ca742f16a5f2ab128d5a375b27290600f7710a25a88c5b4e3d52a993e34
wqp,wqp:MNPCA-62-0007-00-203,2000-07,ANFIS-F,20260815,14d3058f50fde43e37e4ac6372b6eb7f2e395a679efe2c9a069374282e10c186
wqp,wqp:21SC60WQ_WQX-SV-331,1999-08,ANFIS-F,20260815,14d64d611ad42a5f2900478f648d4e9f4005f4e03ca545ad211bf469eec33b1d
wqp,wqp:21SC60WQ_WQX-ST-032,2005-12,ANFIS-F,20260815,14d6db04e0197386dde6ee9933ff823533904db76d43d42b39c998f14bb628c9
wqp,wqp:21FLORAN_WQX-CC4,2014-07,ANFIS-F,20260815,14d9e7f1b43d20bfab3265f0e3eda5d37c3036224cd4e12ab11a139821202a8b
wqp,wqp:MNPCA-62-0054-00-101,2004-10,ANFIS-F,20260815,14ddeae68117f31e3471ee0cd2c0110268176d760995f300bec7a51cc882e294
wqp,wqp:21SC60WQ_WQX-B-345,2007-12,ANFIS-F,20260815,14de10825b02f9e5f3dc9ac363464da7e072d13089cfb04396e4491c30535333
wqp,wqp:21FLSFWM-LZ2,2003-05,ANFIS-F,20260815,14e4afae4bbfffd160e918e1d84492de926167eb9ee5224a982a0b575c453064
wqp,wqp:21FLSFWM-D02,2008-08,ANFIS-F,20260815,14e5e80a83351a76e577f7194ebfef96d71e251e3623e25ab05a400a6bdd9d35
wqp,wqp:21DELAWQ_WQX-202021,2013-10,ANFIS-F,20260815,14e5fe590c0f50923bdda5d462162e7cb83bfafcbe4228d2db0ea80a0a5cfa50
wqp,wqp:21FLSFWM-PELMID,1992-04,ANFIS-F,20260815,14ea9ef040cec585a00917a8f1d15e40a46cab64cee58eadafae2114dad4d367
wqp,wqp:21SC60WQ_WQX-SV-363,2001-02,ANFIS-F,20260815,14eec0b4a0d8587cda10a8ab603fef39c6f4429fbdc923611cec6cce31244292
wqp,wqp:MNPCA-25-0001-00-232,1993-09,ANFIS-F,20260815,14f1e982866749bfd568906a44dba56c294fd591127aabd259b6e4745f3e8ed6
wqp,wqp:USGS-07049690,2015-04,ANFIS-F,20260815,14f4a196fd56a33c7be09f9a880c8b1d937758f39ec9509b1dfe246c4f2bf73d
wqp,wqp:21DELAWQ_WQX-208211,2000-09,ANFIS-F,20260815,14f4de958ea01bdd3161c3b855f125c6efcd25da838161f6b18c74f9d6b842e1
wqp,wqp:21FLSFWM-L003,1984-10,ANFIS-F,20260815,14f4e8751e823f615e893ae87ee20c3cedcb26a22dc7b663349f02f194ce5039
wqp,wqp:21FLSFWM-KBAROUT,1991-11,ANFIS-F,20260815,14f4f8be35e2daf0e60545b9eec626d9a0d20a46c8308cc1802e7420bafdd656
wqp,wqp:21NC03WQ-CPF055D,2011-12,ANFIS-F,20260815,14f672896a49cb36a5e03d94ef050ce8a5aacd23d17dc9b26a9ac68905368db6
wqp,wqp:21FLSFWM-TIN13700,2004-11,ANFIS-F,20260815,14f69d996858b09a6a0c973caff3a7b049e684c3550c146bdff736b17644d359
wqp,wqp:21SC60WQ_WQX-PD-327,2013-04,ANFIS-F,20260815,14f891bfe8816c78fb412db97127b648fca56da73d7ab3845f7d5baa2e5218c3
wqp,wqp:21SC60WQ_WQX-SV-340,2018-12,ANFIS-F,20260815,14f99bd1dc80670534dbfb41ff94708bafd365e1f4fe6800bcd81b7de093a1e0
wqp,wqp:21FLSFWM-LZ40,1979-04,ANFIS-F,20260815,14faaed8bd57a94addb331d134c22ae64f62d41cc9d9f7bb2560726f78a6f9fd
wqp,wqp:MNPCA-25-0001-00-247,1996-01,ANFIS-F,20260815,14faeb61587c222074ef7ced88fd3a27acfb539568386d0e04e6abd1a2ff7bd9
wqp,wqp:21FLSFWM-STAKEOUT,2000-08,ANFIS-F,20260815,14fb7ccde5491d4bee529e1fedcf3fd8ff82e1fb28393632505f789ffdce92cc
wqp,wqp:MNPCA-10-0042-00-401,2006-10,ANFIS-F,20260815,14fe2821a9c34408630fd5fd44b37c30a49ce2457eaf5fd9d5aebc1f7224ebb5
wqp,wqp:MNPCA-82-0046-00-203,1983-08,ANFIS-F,20260815,14fff805e72d0c6b3a16036aa92bf492d824ccbb32bc8abe68b06c499130d519
wqp,wqp:MNPCA-86-0252-02-207,1982-06,ANFIS-F,20260815,1503e81235ded1f272f174d65230612b25b17903022f01fc86322996990102ca
wqp,wqp:21FLORAN_WQX-CC13,2014-09,ANFIS-F,20260815,15088079c08a94c65501704ec3850e71311e5e45ecaa1e0c3a83d1278f3e16d7
wqp,wqp:21SCSANT_WQX-SC-014,2014-03,ANFIS-F,20260815,150ca91ed10384c422b281f1f640867f81a4a3eb97fb4c9d6611b3314327512e
wqp,wqp:21FLSFWM-PALMOUT,1997-08,ANFIS-F,20260815,150e6aa3db3268c357ede05c1f3a8210bc9eba79aebbbb62934a0356ff323c4b
wqp,wqp:21FLSFWM-MH32000,2004-06,ANFIS-F,20260815,1510234f69de9fc47c58f23dee144fda6c5f42f7d2ec81d21316760b1ee4c8d5
wqp,wqp:21SC60WQ_WQX-CL-019,2009-03,ANFIS-F,20260815,15143aff9c5482ae1fb40859f7ead4091c1666d224a4208477b9cfd993f5c49e
wqp,wqp:MNPCA-62-0054-00-101,1994-10,ANFIS-F,20260815,15154993bd5a72bbae0f19eff88f0d0e353f04acc207bd75d424c64926f8c4c4
wqp,wqp:21FLSWFD_WQX-23624,2009-05,ANFIS-F,20260815,151639b2c907223f1d957e1eae839ebcbfb4f405ffe19bbf578f202b9958f11e
wqp,wqp:21NC03WQ-CPF086C,2013-03,ANFIS-F,20260815,15181dc6dd10abf2e3cdcacfac1aaba15ad04bc0a2d0aed6181de05511883e4b
wqp,wqp:21FLCOLL_WQX-LKTRAF4,2012-05,ANFIS-F,20260815,151b18a242ced5f2d5f073c6b0bc8b749d4cce8a51fb05b0dee437f4aa396612
wqp,wqp:21FLSFWM-TIN8100,2003-05,ANFIS-F,20260815,151bbc053c2577c237370160910a1f1907e91f91618ee7dea84d813e575e069e
wqp,wqp:MNPCA-25-0001-00-232,1998-02,ANFIS-F,20260815,151c2fb122fcc74759a751d76cfddbf549d37f0480f9d0186810a50bbe83f99a
wqp,wqp:21VASWCB-5ASRN000.66,2014-11,ANFIS-F,20260815,151c99d7879dabc5da5cd8da41e1d9289d3e9598b948967fe948d5ec62fb9a49
wqp,wqp:21FLSWFD_WQX-23588,2007-02,ANFIS-F,20260815,151e1b81504135e67cca9e31c83b40f7e2b14114849b1ab320cb40d6725482fd
wqp,wqp:21AWIC-81,2018-06,ANFIS-F,20260815,15209863459e51457c383b587aace395a2becec227cd2fa4dc990db74795ff35
wqp,wqp:21FLCOLL_WQX-LKTRAF4,1997-11,ANFIS-F,20260815,15214c1699ed588203a4a46fd0e3a78e732e48e51a954686c54c1a169f28dde1
wqp,wqp:21FLSFWM-L004,2002-11,ANFIS-F,20260815,1522ef6122ebe3960d989d1516d9a28b4278244d56dce2620be2daa60ad10436
wqp,wqp:21DELAWQ_WQX-206461,2006-03,ANFIS-F,20260815,15247e322a0ddca02cce78193c0dee8289895d5e9157f73f2c453c0086dded1d
wqp,wqp:21FLLCPC_WQX-YALE,2015-04,ANFIS-F,20260815,152575145a1413af876efe912510dc74ece1227a1497039cebd4b2f4953267b8
wqp,wqp:21FLSFWM-E01,1985-01,ANFIS-F,20260815,1527e9f4bdd76e6ca8e86b1bffacf5081d0d6c79f315d8cd5b7212475b710da8
wqp,wqp:21SC60WQ_WQX-SV-340,2002-03,ANFIS-F,20260815,15282bd62adef737fd07a618b7dc605e681ba22b5debd7f2cbde3970aec5af61
wqp,wqp:21DELAWQ_WQX-205211,2001-10,ANFIS-F,20260815,152951dbade64a58050a9284d6822e948b257985ec7ad51bc9185e7af282642b
wqp,wqp:21FLSFWM-ISTK4,1988-12,ANFIS-F,20260815,152da54e14a76280d9d043094042515d7daf878135d0ff698194f1c40acc61d2
wqp,wqp:21SC60WQ_WQX-CW-231,2003-06,ANFIS-F,20260815,152dcf9a044c2843f51b397b7c723e56cdb46a2df1be74e32092ad530f8f1e47
wqp,wqp:21NC03WQ-NEU019E,2017-06,ANFIS-F,20260815,152e9799fe7797d6635e9c94a3b9b868bde533d1399716b94e78fad3021ce78f
wqp,wqp:21FLCOLL_WQX-LKTRAF1,2011-12,ANFIS-F,20260815,1530d2638f54bd6e88f64ba6ee640a2fba5c27d9b3d6e7c5b8fa795efa9d95be
wqp,wqp:21FLSFWM-E02,1989-08,ANFIS-F,20260815,153317ee6926e21e8b7f2b030fdee8abb8b4bda7d8aecb062ccf6584aee95fd3
wqp,wqp:21SC60WQ_WQX-B-339,2004-11,ANFIS-F,20260815,153409e19db500e47ea90c13304cc6472c2d977e43ecaca9059add6ed77df644
wqp,wqp:21DELAWQ_WQX-205211,2015-12,ANFIS-F,20260815,1534c615a026f4ed1aa3062a68f8f7ab41f48a192b5aed8a7b1c47a680b12b1a
wqp,wqp:21NC03WQ-CPF086F,2001-05,ANFIS-F,20260815,15355ace55f001d9584d3610578497b8e551839b13f95153b100723f52a95188
wqp,wqp:21FLSWFD_WQX-23609,2010-02,ANFIS-F,20260815,1535da2e96dc4e0e3d03a495e55bcdfee21f7c335016e4c9702e259dfdb08737
wqp,wqp:21FLORAN_WQX-CC11,2009-01,ANFIS-F,20260815,153765af1f42ee52242ed5a0ebff69eaed0630bda3e6b65f2994a7e7c70136b1
wqp,wqp:21SC60WQ_WQX-CW-174,2007-06,ANFIS-F,20260815,1537f63608b17edb4e8d6b7b571d252b271206c7f2103b62e46e5be6f976280e
wqp,wqp:MNPCA-62-0007-00-203,1993-08,ANFIS-F,20260815,153a65990d280c5383f0f6f03f262d6a392dc4603560b6f6542cfa0b95a0089d
wqp,wqp:21FLSWFD_WQX-23588,2009-10,ANFIS-F,20260815,153e4e7a71b27c52e0e47ec2067b8346abebbf9d2472b67cf5e53731d4ea25d7
wqp,wqp:21NC03WQ-B2450000,2008-10,ANFIS-F,20260815,153eed54428cf8649db3ae6f8c342cbd12782bdccdc9ac09490b36278b56c18a
wqp,wqp:21FLSWFD_WQX-23588,2009-08,ANFIS-F,20260815,153fe1991cece2079a6e99e25a4bb5c3e0a25f5894b6c91b507a41056b0a025b
wqp,wqp:21FLLCPC_WQX-TROUTDKEUS,2017-06,ANFIS-F,20260815,1542a5332a11b249a7a7828a03710e42ac2ae468e952d7d5fc90d4c2234a7268
wqp,wqp:21FLSFWM-TIN13700,1996-07,ANFIS-F,20260815,15433193ca161cd5f4674601e7af3bd93d830e8902ef653695da287db078a495
wqp,wqp:MNPCA-62-0007-00-203,2012-07,ANFIS-F,20260815,1543b7d7c5b2cef3cb62f28fd4d52252cacada86afd9817aa38934d57ef1310d
wqp,wqp:CPNWATER-WW#3,2015-09,ANFIS-F,20260815,1548d7b0312342afa90bdf10d825960401ccc790f8186e77583f268ea97b6603
wqp,wqp:MNPCA-62-0055-00-201,1993-07,ANFIS-F,20260815,1549d4759eca0aa3c9a91a45771acc742761b7148ab71e800e7eb2832ebe6fe9
wqp,wqp:21FLSFWM-L001,2004-07,ANFIS-F,20260815,154d3bcaf7f95c301c7954c70099f271fbdead272564d908845b8f7200638d77
wqp,wqp:21FLSWFD_WQX-23480,2011-08,ANFIS-F,20260815,15528b60c0aa1c230c2761a27388094bfe55647ae5c7cf0298d5f5fcd1168807
wqp,wqp:21FLSFWM-KBAROUT,2002-12,ANFIS-F,20260815,15555c374779b99ee71081a39326beab33a600e45d40da74b56619ce9e6e6397
wqp,wqp:21FLSFWM-TIN13700,2004-07,ANFIS-F,20260815,1555b959c77b5bb8bbf77d421d2d7e125405debc65c34403d5e7a7f96fe06134
wqp,wqp:21SC60WQ_WQX-SV-339,2017-07,ANFIS-F,20260815,155df771b5d130d75d907a7bb3c5bdbc9b89fd63f0adf6f2dee350df0da04403
wqp,wqp:21DELAWQ_WQX-308071,2007-07,ANFIS-F,20260815,155ec189fd5171f66976e294081ff3c1559b77786da9276c02bc28843d3f165e
wqp,wqp:21SC60WQ_WQX-SV-361,2015-10,ANFIS-F,20260815,155f5513ac1d6db3d46e46eaf553d35da7669390d43c90ae56b1769767557db3
wqp,wqp:USGS-07048910,1986-05,ANFIS-F,20260815,1561f4b78ffcf38b81bcdef2c99f06237b7f2b2a04eeee5c8c016b22dfb34885
wqp,wqp:21FLSFWM-POLESOUT,1993-04,ANFIS-F,20260815,1565420ad1741216ca211c28e17fad090d48e661066f8059ca640ad570f50473
wqp,wqp:21FLSFWM-TIN16100,2006-06,ANFIS-F,20260815,156568f5e82a16269594b1a9455ad3ea3976727b46aeaddfb651e5dbf03ef2b8
wqp,wqp:21DELAWQ_WQX-109031,2008-03,ANFIS-F,20260815,1569644839863ed35bc16d287cf81f8f93d527fb9e6a50233efff060a503e3d7
wqp,wqp:21SC60WQ_WQX-CL-019,2007-07,ANFIS-F,20260815,156a4e9782ab5eb50a944c2f779a6699f26b803bbf6b1860edbeee00cde213d6
wqp,wqp:CAPECRD_WQX-280,2008-02,ANFIS-F,20260815,156d62ffac31a4d55fe5d6aef31b20448c6eee0b9318e10d4ffbf13df8603185
wqp,wqp:CAPECRD_WQX-262,1998-07,ANFIS-F,20260815,156f1c524aa8c77479a41dab5622c5bd8ed4d2feb0a4adda25aa4a8d4d0dc899
wqp,wqp:21DELAWQ_WQX-303051,2016-12,ANFIS-F,20260815,157002e634ea8f6878a337b73a0ff91dea8dfac1631916ac5eade000dfdde7f3
wqp,wqp:21SC60WQ_WQX-SV-372,2012-06,ANFIS-F,20260815,1570b7743a4629d5cbfa9b84ca7f85ba89e2fc12a396a17f685324cad395ec37
wqp,wqp:21FLSWFD_WQX-23477,2007-02,ANFIS-F,20260815,1574336dca0e0ba2b98ccb6a08362c4becc0c8151bbcfceada6bb376756d7b15
wqp,wqp:21FLSFWM-L008,1985-11,ANFIS-F,20260815,1575c5f896abd2a8d39aa2b209586c4a41310cad48ab2d962516126270e5d6e4
wqp,wqp:21SC60WQ_WQX-SV-268,2017-06,ANFIS-F,20260815,1579038becb0dfe7efe2541e3ef471f8d31554f2ec10c4a4aae0de678c86a7ac
wqp,wqp:MNPCA-62-0007-00-203,1983-10,ANFIS-F,20260815,157929680a4f161efa155174e23c0b1d05e8aff6d7fe6dfe9c36761de5f68b5f
wqp,wqp:21FLORAN_WQX-CC12,2014-09,ANFIS-F,20260815,157a4c6e6495f94fc52674120e63c9f6044e7481e92ede836fd254c6c3f62bde
wqp,wqp:21FLSFWM-RITAWEST,2007-03,ANFIS-F,20260815,157a97fcf8e4e31183c5dbc317f6cefe345f352f3368650535645659aa480a84
wqp,wqp:21FLSWFD_WQX-23613,2006-02,ANFIS-F,20260815,157acca210ff443d66d21e91d21bf56c447c6c45698a2bcca6deadca7a5a2664
wqp,wqp:21FLSFWM-OISLAND,2009-01,ANFIS-F,20260815,157be2bc68cf522ea508a07e911094f66f62e4e74dd8c63c5ec00b40a6db122e
wqp,wqp:21FLSFWM-POLESOUT,1990-10,ANFIS-F,20260815,157c87f56961f53acb4e5fe94c9c9db976a0cdfb5dd1cbb2528450c1bbb670a6
wqp,wqp:21FLSFWM-LZ42,1993-04,ANFIS-F,20260815,157e162ffc6acbd28e1072cf098328e14373203ea4b41d098a938f708431dad6
wqp,wqp:21FLSFWM-TREEIN,1996-06,ANFIS-F,20260815,157f6b31dc340d1088fb2b5c859765ff15c34bbe565c54da9156b680368d0629
wqp,wqp:CAPECRD_WQX-280,2012-02,ANFIS-F,20260815,157fef4308ba43a7c5910b54edcc86d288f03e8d077a4b2af986b67433f16b5d
wqp,wqp:21NC03WQ-CPF086C,2001-09,ANFIS-F,20260815,1580cbe83999fe7ddd5473d2354601ef711589ea8c58ebb45401c1f7b24c09e6
wqp,wqp:USGS-423526088380101,1985-10,ANFIS-F,20260815,1581a2171b4c01b6038f914b461fa246f8d2edb44d0570d7a7732a4673257d2c
wqp,wqp:21GAEPD_WQX-LK_12_4048,1993-07,ANFIS-F,20260815,1582aa45a3b3b658c5d10e8ff18df0e0819188505220699e4c8168db4dc99b32
wqp,wqp:21FLSWFD_WQX-23588,2010-04,ANFIS-F,20260815,158356a0b0615712332c2e52c941442c7a36e155cb92b7fbae83a5dcc913cbeb
wqp,wqp:21FLSJWM_WQX-44618,2017-05,ANFIS-F,20260815,158712970474c9cceae2642c44623d9768d6b5290e4494cc523c683176adf9d9
wqp,wqp:21SC60WQ_WQX-CSTL-075,2000-07,ANFIS-F,20260815,1587feeaef0d298ea2d7c0815afd06c46849d6ba944d64822094f1babbc18f14
wqp,wqp:21SC60WQ_WQX-CW-174,2002-01,ANFIS-F,20260815,15885ebc1c79c371aa40b4b0dbcc720f5d4e3306c6ba1aec42a44cc7da5dc862
wqp,wqp:21SC60WQ_WQX-CW-016F,2011-06,ANFIS-F,20260815,1588d685c21f56860994538b9f2cd2945753faec5ed6c66c829aa85bd966c1f0
wqp,wqp:21SC60WQ_WQX-CW-231,2005-10,ANFIS-F,20260815,15894525e0682991277d481ea23c7043277e08f1ce09e5a0afcb6e5186bf7c6f
wqp,wqp:21NC03WQ-NEU019L,2005-10,ANFIS-F,20260815,158c0d86e9756db9cbce90e35c64a746ac0060212d855e84bdcdd8fe37b90fc9
wqp,wqp:MNPCA-86-0284-00-100,2003-07,ANFIS-F,20260815,158cfe534ce786668c104cf2fa85b8366de986876e93ce33754a2fa7cea56d20
wqp,wqp:21NC03WQ-NEU019P,2006-09,ANFIS-F,20260815,15916dab26d88b0b59266ebe6b091fde0e6184e99f5ae290e838c24ca423063f
wqp,wqp:21NC03WQ-CPF0880A,2016-01,ANFIS-F,20260815,159a4f97b058a1f92e6cdf8d3e1a831f408813c8a5fe0778d3bf2d61203729e4
wqp,wqp:21NC03WQ-CPF087B3,2007-03,ANFIS-F,20260815,159a7f1d88445ddf4820b62035bb54450c2c68215050aeecb1655ba7f6b7208f
wqp,wqp:USGS-294607095042700,2018-07,ANFIS-F,20260815,159b570633d3e3e1d4ab36e5fe4f6382ef6c9c6d55264c8121da6434ac32a0a4
wqp,wqp:USGS-072632992,1992-08,ANFIS-F,20260815,159bac7cf45647d4115d656b9121adf0b893134e4ccd8e2b44b94d1fcf3d0c33
wqp,wqp:21DELAWQ_WQX-308071,2006-01,ANFIS-F,20260815,159d88dbd2f8188d95d0e97f1a0771499e26d122da2f9d3c0c152812b60d98a4
wqp,wqp:21FLSFWM-L005,1985-11,ANFIS-F,20260815,159e8894b00a486b57912b71dc7a109c4743fe42bdf54bf2c1df8b7583b4b065
wqp,wqp:21SC60WQ_WQX-CL-094,2004-11,ANFIS-F,20260815,15a2ba2efe9d25ee52aac5da957badbe485ed17118b62926c78ec21d117ce209
wqp,wqp:21FLSFWM-A03,2008-11,ANFIS-F,20260815,15a67c3b1ca41d6174353bc164fc4ff4755b50669b00b453d7e4ddd4f7b11162
wqp,wqp:21NC03WQ-YADHRL051,2016-06,ANFIS-F,20260815,15ab8d3df93ae8e7e97fa279aeb8441d08fc6088d03f400f0d05afb6ed56b582
wqp,wqp:21SC60WQ_WQX-SV-339,2002-11,ANFIS-F,20260815,15ac6a340df9da8bcad874a516256bf38740883e41227714708e653f9b435421
wqp,wqp:21DELAWQ_WQX-208211,2006-10,ANFIS-F,20260815,15b37a51a852a9b3f0ecee4422b70f7f6d64935f08f19348ca031d38b21b6078
wqp,wqp:USGS-01201700,1984-09,ANFIS-F,20260815,15b4dd2e7c566deccfb999cd6b3a37ede13f835b0a274a6d392a06b73e593fcd
wqp,wqp:21FLSWFD_WQX-23588,2008-11,ANFIS-F,20260815,15b64c8bc73070a020d13ef04ad99ce1b3e1b55d72c8e574509b7de6848ad57b
wqp,wqp:21SC60WQ_WQX-PD-327,2012-06,ANFIS-F,20260815,15b7f4bcf28bbc4a05fd893c441e296aaea1e465cba0b5b07a928ecfb1da22d0
wqp,wqp:21SC60WQ_WQX-CL-019,2015-03,ANFIS-F,20260815,15b9956f573cea5d342e12071154aa958e05936878b865bc22755c6492e039d7
wqp,wqp:21FLSFWM-LZ2,1995-08,ANFIS-F,20260815,15ba28636d8801cf0bca228d3a25a7a140a804ab1d05ad658b10cdabf9677eb1
wqp,wqp:MNPCA-62-0007-00-203,1997-06,ANFIS-F,20260815,15bb378f097f249a02bcab1d2638da1f6c0255623137d7a155a42cfd9011c315
wqp,wqp:21DELAWQ_WQX-109131,2018-02,ANFIS-F,20260815,15bc263a762cc2f7eeecc1b68b78d5f11a60dc1e0032e939a9c4a90f28261a0d
wqp,wqp:21NC03WQ-Q5360000,2009-04,ANFIS-F,20260815,15be671f2fde380ba84962ed3e05b0f7998d1f38dc6b3c8c3c14bf3c9626d72a
wqp,wqp:21SC60WQ_WQX-S-311,2009-09,ANFIS-F,20260815,15c1458522633b52b48869f9ad90157a0c9df9c087fd0de574c1ef7ec2191b9f
wqp,wqp:21SC60WQ_WQX-B-339,2016-04,ANFIS-F,20260815,15c2dff0678effb9e5440d87fcb0e0afa10bc63e8ff3d6263a90b4a11a27baa9
wqp,wqp:MNPCA-86-0281-00-201,1983-12,ANFIS-F,20260815,15c4b3c5ec128fcd92652892bf192b658ec34041b4eb0f89ab7f7879eaefa993
wqp,wqp:21FLSFWM-ISTK7,1988-12,ANFIS-F,20260815,15c7f14569c672a57c99690cfa32e483fb4abdea53e086f43e9248b73302c864
wqp,wqp:21NC03WQ-CPF0880A,2011-06,ANFIS-F,20260815,15cabb4d9310980b15736acf5504c3a8909477d8801b079ba71694bf0f5accca
wqp,wqp:CAPECRD_WQX-290,2004-01,ANFIS-F,20260815,15cac5ba748e7268008d622a1d71f92231c763971f8393403832d1efcdf4eb29
wqp,wqp:21FLORAN_WQX-BC9,2007-11,ANFIS-F,20260815,15cb91de166d848c5f7fb9c9a2a7d878293802811d58098b7b4d0259c63a1abf
wqp,wqp:USGS-423659088354401,2015-11,ANFIS-F,20260815,15cb9c9c69946bde684a1b6b1f83f34885aeafd6677f50d6658d3fc04932ac64
wqp,wqp:21NC03WQ-CPF087D,2000-09,ANFIS-F,20260815,15cba8a1d984086d6a1f74a50f7cd5c1594dd3a5eab8ad1f3b66caf7b0c6b9ed
wqp,wqp:21FLCBA_WQX-WAL-FULLER-1,2018-03,ANFIS-F,20260815,15cbd358780b34efcef8e2026fce2f1ce0e8dc332ab2ca47f08086b0896a6de5
wqp,wqp:21FLCOLL_WQX-LKTRAF4,2014-12,ANFIS-F,20260815,15cee29ea2ca53b5c7e9d84e8deefcb610800a87ff08478fb0d58e5cf7e23c67
wqp,wqp:21SC60WQ_WQX-CW-197,2000-03,ANFIS-F,20260815,15cf09ba10dd2fbb03a157304d5d15a5c3097caefa7577eed6d5549b21697a23
wqp,wqp:21SC60WQ_WQX-SV-357,2016-09,ANFIS-F,20260815,15cfd10a047e76dfcb212c831f29b0682bc6bd910960d4d0ca26e9e318913133
wqp,wqp:21SC60WQ_WQX-SV-339,2003-08,ANFIS-F,20260815,15d1bd2a7cbe0d2271ae34cb84d30243eba07f55d0046b3d702bcf7e235facf0
wqp,wqp:21FLSFWM-POLE3S,2004-07,ANFIS-F,20260815,15d21e9c48256a3f0bb8a7f930349ece2c2babbdee848ab12f7304c0455c4867
wqp,wqp:MNPCA-62-0013-00-201,1993-05,ANFIS-F,20260815,15d32fbe40e168ad6f60ce08eb87a6598d19af869a625d827532ee8435c627c4
wqp,wqp:21DELAWQ_WQX-205181,2008-03,ANFIS-F,20260815,15d720cb5d8b8cfc97246ed02f86dcaea4bbc8b38ec530c92fef2123aa225583
wqp,wqp:21SC60WQ_WQX-ST-032,2001-10,ANFIS-F,20260815,15d826f17090035df5e9f7502cb7acf7670a2af8065394ae46c8a422c0d68501
wqp,wqp:21FLSFWM-C01,1983-12,ANFIS-F,20260815,15d8ab88ac79e45cb01af9c0d424ed4b4ade8a392dc62f27097a0c07771d5530
wqp,wqp:21DELAWQ_WQX-307171,2011-01,ANFIS-F,20260815,15d9f88593d1921fdf773693896c2a7b658f5eb9501ba42ff28ab1ed8fc7db73
wqp,wqp:USGS-423556088365001,1988-10,ANFIS-F,20260815,15dbe3f2f3f73b7eac6ff1a300dee19e33f9b5a8c2f02be2ab4030fdf95e6991
wqp,wqp:21FLSFWM-L003,1994-02,ANFIS-F,20260815,15dfbad4407cda5686135a847287c4468dea8bfaf0ac18797136690f563762f5
wqp,wqp:21FLLCPC_WQX-GREENWSH,2010-02,ANFIS-F,20260815,15e07a0d01a433782cc81ce93802227313c289f03e580bd16116c9de120c4447
wqp,wqp:CAPECRD_WQX-290,2007-02,ANFIS-F,20260815,15e1125e8c7f97f15f7b74ecaa6fec6eb8d9a95d7d3e9ea2a3daf0811b3f6771
wqp,wqp:21FLHILL_WQX-135,2014-12,ANFIS-F,20260815,15e116077fb59746f968a4b35be3501884f62cf2d4bd75d820a6718105ef3806
wqp,wqp:21FLSFWM-B02,2008-10,ANFIS-F,20260815,15e2f8db6878a7698b38686bf0d9feec919597ab450352d46faf4e5169ebbc20
wqp,wqp:21FLSFWM-L001,1999-06,ANFIS-F,20260815,15e3f02680ddf9bfc18e0b30d2022c05545704a481ded16860cbb9ca18e4cabe
wqp,wqp:21SC60WQ_WQX-SV-200,2007-10,ANFIS-F,20260815,15e4aaedc3634f34ac0e9594c892c0addd8b1667f9d4a904b33a4bb8f81bb0aa
wqp,wqp:21FLSFWM-L001,1999-03,ANFIS-F,20260815,15e535dc133ff8f6260cb70ce26928c495fe22699ecc7ecf528fd8eac44c938e
wqp,wqp:21FLSFWM-L003,2007-10,ANFIS-F,20260815,15e87f6c83251ed141be999aebef36165ab9768b4571def85bcfe31d8c9c5b33
wqp,wqp:21FLSEM_WQX-SPR,2013-06,ANFIS-F,20260815,15e9a43842a3c4a55a41165bf158e285b23357d92cb40cc5193477d90b998466
wqp,wqp:21SC60WQ_WQX-SV-335,2000-10,ANFIS-F,20260815,15edb98d37ed16e881990d3a5a8b39cb9d96aad618631d787bf95a1688a65199
wqp,wqp:21SC60WQ_WQX-SV-372,2011-02,ANFIS-F,20260815,15f0c04337921271a525ff680b7b4e491a3c2efd39372ec1ef5ad1cb1eb1efb8
wqp,wqp:21FLSFWM-KBAROUT,2000-05,ANFIS-F,20260815,15f203dacbec4b53378d773630d6e8f93fc7c7b3b992cc76025a0e142680e1bf
wqp,wqp:21FLSFWM-LZ42,1995-01,ANFIS-F,20260815,15f356fb41c276100a6d069ee45eb2bc45781ad72d3060edebcd27446a726aed
wqp,wqp:21DELAWQ_WQX-202021,2010-03,ANFIS-F,20260815,15f48f615e5cc1ed25abfd04fe4c00a35207350a659350b93228e82449847ee2
wqp,wqp:MNPCA-62-0055-00-102,1992-08,ANFIS-F,20260815,15f53c0da123ef24af2d47f1e9307ebb0b92a177c6e52926e09ec71ba23574c5
wqp,wqp:KAWNATON_WQX-KN-KL-005,2017-05,ANFIS-F,20260815,15f7b0baa243deefac1403bdf40cbf08127d91c0aa89d7b8b3e1eed0ef2286ca
wqp,wqp:KAWNATON_WQX-KN-KL-001,2007-05,ANFIS-F,20260815,15f80a4e22052b892d1a76a872a060a3f961ec76b335f5015b63def008e32eb5
wqp,wqp:USGS-423526088380101,1991-04,ANFIS-F,20260815,15f80e576b502f06f7416a26fb4554f0491a7fc00ee44e47c9d9171f4ee0e596
wqp,wqp:21FLSFWM-ISTK7,1990-12,ANFIS-F,20260815,15f9481d3d28d764dfe6dededd8c57130fe3e75c506172e6ca319703f7f7dafe
wqp,wqp:MNPCA-82-0046-00-203,2007-08,ANFIS-F,20260815,15f9f0f931089183e92c4d3a0fd3b6cd90c95c374091d9ba9976e26cd3b470c9
wqp,wqp:21NC03WQ-CPF08801A,2005-02,ANFIS-F,20260815,15ffdb95caa7b4ab2e2bcd508fcac888f6b4ffca022730cbecb4801a9f565431
wqp,wqp:21SC60WQ_WQX-SV-331,2007-07,ANFIS-F,20260815,16001cc51f200bedae2915b2cb5c691db5e1848509eceaea94d539a9fba18fa6
wqp,wqp:21SC60WQ_WQX-CSTL-075,2002-03,ANFIS-F,20260815,1600dea0991dfe93d8a657ee327660c598a3063ed59900f149c6206d5ddb7aec
wqp,wqp:MNPCA-82-0046-00-203,2011-08,ANFIS-F,20260815,1602d8cf3898a48215dfbbdece5e27e1179bf6887c3f8efebe495597b0f1b885
wqp,wqp:21FLSFWM-A03,2003-05,ANFIS-F,20260815,1602fc61a720f9af67867ef9785322deb6d324b7aed95f6928c24b3220d19084
wqp,wqp:21FLSFWM-PALMOUT,1993-11,ANFIS-F,20260815,1605731b7fe9a808bdf4e717118dee8f5a1cf3c1b916192f3a37fb528c67c7ae
wqp,wqp:21FLSFWM-LZ30,1986-07,ANFIS-F,20260815,160686c0c404f1de469fc1d0afaf05d3f3f2d3fea093baffbe883b52394643d8
wqp,wqp:USGS-01657665,1974-10,ANFIS-F,20260815,1607c3ae41a177207cd9f4ad8857e2a8757483e291959250872af77d640dc63c
wqp,wqp:21FLSFWM-ISTK2,1990-02,ANFIS-F,20260815,1607e83df32763f4ad5bebefe94e67d4e11ac7b9215533dda4e78b327e5eb283
wqp,wqp:MWRD_WQX-BARR3P,2011-08,ANFIS-F,20260815,160f334be17846eddf0783e0ef15ffaba4171c2cf93937c5d250a3db46dc009f
wqp,wqp:21FLCOLL_WQX-LKTRAF4,1997-09,ANFIS-F,20260815,1612923bfdfe21a3555999a5df739ba33490a8234e5bd81e94b43e2903a0e81f
wqp,wqp:21SC60WQ_WQX-CW-033,2015-05,ANFIS-F,20260815,1612bc05539b903fff5913d06496662e9b0ef93d966272acb32c780ce0210575
wqp,wqp:21AWIC-81,2015-09,ANFIS-F,20260815,16150ff4ca247e524d48cc5a8d798320f48cabdc1403b7bab86c124315fc88b8
wqp,wqp:21SC60WQ_WQX-SV-339,2013-12,ANFIS-F,20260815,161634775fb02e148e58a7409880f966880d2c118edccdfb7331a0538fbb6ece
wqp,wqp:21DELAWQ_WQX-108111,2017-03,ANFIS-F,20260815,161656ae5a95f055b5243ddedade53d2e3c6d3b50ef2376cec4503d65f1921bc
wqp,wqp:21FLSWFD_WQX-23588,2008-10,ANFIS-F,20260815,1616eb78b7a9f8408a2afb04ac3e5d9ab15ffb7f2b1fe9e8822f3b65acc87610
wqp,wqp:21DELAWQ_WQX-303051,2014-10,ANFIS-F,20260815,16198c19e5fbf98c8347ee24a2c02ce9bf22df413561d5e103cbbf91345d17c5
wqp,wqp:21SC60WQ_WQX-CL-089,2001-10,ANFIS-F,20260815,161b2d76924899dedcf994a156089e30932292b3085a29631f27b10e5a339452
wqp,wqp:MNPCA-02-0075-02-203,1982-05,ANFIS-F,20260815,161dbe6041d40ef1197e5d706e12bcb57ba8f4caf99af11d09b21f3901a50f77
wqp,wqp:21FLSFWM-FEBIN,2000-07,ANFIS-F,20260815,162003356a3264dfca9dcd9b7a2d5cf3ef0eb3ffddaac7e69db1f54e327653ff
wqp,wqp:21NC03WQ-CPF087D,2005-10,ANFIS-F,20260815,16252132dcffedddf774b3a395d7d55c0dd32b02c31aaa55a3dd3e8be5cc5d32
wqp,wqp:21FLSFWM-TREEIN,1992-01,ANFIS-F,20260815,1625becbb815816226b83bcf1e5ddce54af32721d1c3705a44bc00ae22afbe0f
wqp,wqp:21SC60WQ_WQX-SV-200,2016-04,ANFIS-F,20260815,1625cdd28a65358b9a4ceae89efe2d1ccbb8bed2564373f91f15151dbb458838
wqp,wqp:21SC60WQ_WQX-CL-019,2004-07,ANFIS-F,20260815,1628b0ed808d3d44b7c42ea22ebb9575790cfca8dd812b937609768eee7c23ef
wqp,wqp:USGS-07049200,2009-05,ANFIS-F,20260815,162ece10df9dc04a042ce0ca3d89d3e2b268a47e854a73f19b01e58e132964b8
wqp,wqp:USGS-295826095082200,2015-08,ANFIS-F,20260815,1634999a199a01edb09b510eba3f17ea8bc5cc4ee9c0edcc5f3e9d83372617a3
wqp,wqp:21FLSFWM-E04,1984-02,ANFIS-F,20260815,163d3c1735dafd4077b7359c158b2bd7e5dc9ada7306688ce68ba06e59b58760
wqp,wqp:21FLLCPC_WQX-GRIFFINTISH,2012-06,ANFIS-F,20260815,163df760f452874b87e23bfe28148b4a171e79b98b74dbaf4b21c44f815f6d8d
wqp,wqp:21SC60WQ_WQX-CL-094,2005-04,ANFIS-F,20260815,163e826c82b58f7fdd359e1f5269a1a4c3e712313bfbdacb9120358b4ee0879c
wqp,wqp:21FLLCPC_WQX-GRIFFINTISH,2011-11,ANFIS-F,20260815,16413ee602e54d21f83998277b410f891005b81f45fb0c73eb76b3d7e5cc7815
wqp,wqp:21FLSFWM-LZ30,1987-10,ANFIS-F,20260815,164248e9be65232044f0ef021cf3deb2f69d6ea204fea23958899eca963d95b6
wqp,wqp:USGS-07144790,2008-12,ANFIS-F,20260815,1644a0572bd47f0bd4e1324b842bf5e1f0a8905f376b35f0a0cb9602b9e025b3
wqp,wqp:21FLSFWM-L006,2005-11,ANFIS-F,20260815,1646e96fa3a7df972c3a4edc8a128df7e60ec3962a107638cdb437ab4b7e64d7
wqp,wqp:CAPECRD_WQX-280,2012-11,ANFIS-F,20260815,1647289e88aeb2ffe6dbf3f77f7a1c876f7552dd7fceb926ff80c044cdc22259
wqp,wqp:21FLSFWM-L004,1992-03,ANFIS-F,20260815,164d7100bb81d9286d59a8942aa7ff2e683f10d21d587f75fcb88318d212fa40
wqp,wqp:KAWNATON_WQX-KN-KL-001,2015-04,ANFIS-F,20260815,164ef391c5a8f1f3eb276b49b4b5acb500ce23c1be36da3b02d4ad12679f52ce
wqp,wqp:21NC03WQ-CPF055D,2010-08,ANFIS-F,20260815,164ff2969280473467f2ee0bdde458add8b3d7aa39440e88405665fbe427a736
wqp,wqp:21FLSFWM-IPOUT,1997-03,ANFIS-F,20260815,1651a6557e91b9904acd65100ad43d428472b1f89da65a928ec76f4a25d56e07
wqp,wqp:21SC60WQ_WQX-S-310,2001-05,ANFIS-F,20260815,16526bbf2febddbe7157f24ac1f2d11111efd22898e801c006507c048c6265e1
wqp,wqp:21FLSFWM-PLN4OUT,1988-10,ANFIS-F,20260815,16559da4d892d594524167e0399dcb5f4605b80a17b413f7601da319849af8e3
wqp,wqp:21NC03WQ-CPF0880A,2014-09,ANFIS-F,20260815,165b327da580bf058381dde5b479a8aece39db22ef7d21e01f99a57f77ec0e8e
wqp,wqp:21DELAWQ_WQX-208181,2005-09,ANFIS-F,20260815,165cd740bfc7d63cc6a3d53527d5ee8e4cf7bb3fc90a76725378a4e3145e5032
wqp,wqp:21SC60WQ_WQX-SV-335,2005-07,ANFIS-F,20260815,165e88bed0b500a6b679c056aaff1ab4014d58af2379b2751667d0620ff0f371
wqp,wqp:21AWIC-23,2000-02,ANFIS-F,20260815,165f32b7cc59314deca0cbffb791ec5107969dc01779b8d9147cd80dad9a44f0
wqp,wqp:21FLSFWM-ISTK6,1989-12,ANFIS-F,20260815,16698446de6f474dfcf5464cd4c44320f9d739aa3c9bf6fb7a9731374ee95387
wqp,wqp:USGS-072632972,2018-08,ANFIS-F,20260815,166a45151d7a38103c2a97617045054d000339d563d5bc94195672409286a6ae
wqp,wqp:21SC60WQ_WQX-B-339,2009-01,ANFIS-F,20260815,166ac60310236075310dd42443f74ebb970ddc86a74f59f2e34ba20688fc86cb
wqp,wqp:MNPCA-62-0007-00-203,1999-06,ANFIS-F,20260815,166c689b10dde4d7b53eccc645323787d756d21bfeddbe6e474b6d8ff852e812
wqp,wqp:MNPCA-86-0284-00-100,1982-08,ANFIS-F,20260815,166ce672cc1d3055f4913fa0fac2d353cec3b6dc624b8d9b40a19c00f9af8c71
wqp,wqp:21DELAWQ_WQX-208211,2004-04,ANFIS-F,20260815,166d19339923dcd7906dba20acce3338392b658027ef97f8af2fe93c2dfe2261
wqp,wqp:21FLSFWM-B02,1986-08,ANFIS-F,20260815,1670af0ffe79025bc926c7367b8b4078093076a6717d9c957aaa1b252f35effd
wqp,wqp:21DELAWQ_WQX-109131,2009-08,ANFIS-F,20260815,1670e198d273a13b58180e9491068a70c531c66f09c5cccc2e20109b2bdafe5c
wqp,wqp:21DELAWQ_WQX-307171,2007-09,ANFIS-F,20260815,167273fe4ea9bb7f1bb4802c8e6e37cd20cd1857d056b3ca5821a191a171db35
wqp,wqp:21FLSFWM-TREENOUT,1994-07,ANFIS-F,20260815,1676a0b2e4e2b8f80fbf3b51b25a3f93a6dd2a888d4936cb4d28b0fc2415e540
wqp,wqp:CAPECRD_WQX-280,2017-11,ANFIS-F,20260815,1677ab8bb0ff860d43220adf9ed68e5215e50c39fc41abde1fb8ec40fcbab47e
wqp,wqp:21DELAWQ_WQX-202021,2010-05,ANFIS-F,20260815,167866fb36ce3abfb9d1ce7fb06d7803d2205964cb0fe2157d868a40492ed087
wqp,wqp:21FLSFWM-PALMOUT,2004-12,ANFIS-F,20260815,167a89ad60336955c1386c9b1c48345df7e9022e11fce61378e7b582bca4239f
wqp,wqp:21AWIC-81,2007-09,ANFIS-F,20260815,167b426466d82dbbc9206131ee9887a9364fd9b8fd8dfe43f59a9cd16dd1086c
wqp,wqp:LAKELAND_WQX-LH11,2008-12,ANFIS-F,20260815,167bd706c8f407b3455591003fedf37b9437b21c5183053aa19fb797c994b975
wqp,wqp:21FLSFWM-L008,2000-07,ANFIS-F,20260815,167d1bc9f972d1c2c541ef45b7a185dd15eb9626909747f92345352e9071672b
wqp,wqp:21VASWCB-2-XDD000.40,2013-05,ANFIS-F,20260815,167e10cde1c1350d9aa1dcde7ab44e12f7b73a346fd5935ef6045e3d84d4a9a6
wqp,wqp:21FLSFWM-LZ30,1979-09,ANFIS-F,20260815,167fd4346a787e99fb2e95f97168074ce75ecfa366027bbe97998976cac044be
wqp,wqp:21FLSFWM-PALMOUT,2000-04,ANFIS-F,20260815,1683209abd0c3d886987e6c4463c3d11f3ddf0303e4d804d9b7f7662878fe94e
wqp,wqp:21FLSFWM-A03,1991-01,ANFIS-F,20260815,1686826c7258cbe823a12a949a2733beb1511bf65c471182019a8c6ecd76bf2c
wqp,wqp:21FLSFWM-ISTK3,1998-11,ANFIS-F,20260815,168790b72347d1b3694b4a3b7791c60bad570f37519ed521dd8f006c9ffb85f6
wqp,wqp:21FLSFWM-ISTK5,2003-04,ANFIS-F,20260815,16884697e09f79b2db6bc53070fbafca3b694a938a3772c36e8546e00fdcd9ae
wqp,wqp:MNPCA-10-0048-00-201,2010-04,ANFIS-F,20260815,1689416a17bbb4bbf2008528a1ba389a7293e59ac55ef8b2439fd4c61e6e1b2c
wqp,wqp:21FLSJWM_WQX-44148,2017-11,ANFIS-F,20260815,168c11546342ce2a6068be58d2d1bcee22f1ca37132d6f363a4b341f55e9a0a3
wqp,wqp:CAPECRD_WQX-262,2007-04,ANFIS-F,20260815,168ca6efb554e719624ba9e8df70b160ee198c6aeb16b76d43f9138b9c3d49b4
wqp,wqp:AZDEQ_SW-33,2013-02,ANFIS-F,20260815,168d27ff142fd30fed439ed6cb0e59e1b03166b13710d4e06b74ce4dcc95332d
wqp,wqp:21SC60WQ_WQX-PD-327,1999-06,ANFIS-F,20260815,168df9f2f83f397ec4e6f332d0c65b9fd07c1f428f538fa8b456719eb0dff403
wqp,wqp:21FLSFWM-L006,2008-03,ANFIS-F,20260815,168e67060dc3101f882a3ffb798eb50d64f2b6d554f005939dba2d325eab3d46
wqp,wqp:21FLLCPC_WQX-GRIFFINTISH,2016-08,ANFIS-F,20260815,168ee3b77044070c3516115fe32621b2321e41f399d9651861a08e42dc1fd7d3
wqp,wqp:21GAEPD_WQX-LK_12_4048,2017-03,ANFIS-F,20260815,1696353d93715996031ec9bf6caddb377d0e0dbf5d1003dc3003ff03bb9f0e01
wqp,wqp:KAWNATON_WQX-KN-KL-005,2007-06,ANFIS-F,20260815,169acdbf533f4e531e75121dae73f0bba2336e84af95596870534aae58c567da
wqp,wqp:USGS-01201700,1979-04,ANFIS-F,20260815,169af9295281163348555b35fc8cc6a4dc0449b0a86f325e70450739cd53880d
wqp,wqp:21SC60WQ_WQX-SV-335,2011-04,ANFIS-F,20260815,169c67b50a75a53371580da448a49db3ade293af809ea7103ecc93d351e4ff93
wqp,wqp:21SC60WQ_WQX-S-223,2005-07,ANFIS-F,20260815,169d8175574b1fbe2d7b00233ca01a75084711cc0d02d35ef2592afe0648cdb2
wqp,wqp:21FLSFWM-LZ30,1991-06,ANFIS-F,20260815,169f6c28c1ebb0adc3aae64f2da7eacab504297403851bb14dd0e8411ac9516e
wqp,wqp:21FLSFWM-E04,2004-04,ANFIS-F,20260815,16a38a60e29e3725136f2d75046f676424b916f4ccd09066fbbf22c19a4c60bb
wqp,wqp:AZDEQ_SW-32,2013-10,ANFIS-F,20260815,16a4931f09949f2713f2f63b8cf4ed506458e872bf65d2c77646c762fcd44997
wqp,wqp:21FLSJWM_WQX-44055,2018-03,ANFIS-F,20260815,16a4b0628b49180fdb70cf20fcadff7a4f98578b8e9a56cc81379c8cf638a287
wqp,wqp:21VASWCB-5ASRN000.66,2009-06,ANFIS-F,20260815,16a4ec31e4ee0fc62ed052ddc8b88911d2eb40f925b64f687d18629d387f1f23
wqp,wqp:21FLSFWM-TREEMID,1997-07,ANFIS-F,20260815,16a5c5f060cebfda4c7bf9b6f20a7bd828ef07d5da989d9bb803ad2bbe9e2e8b
wqp,wqp:USGS-07049690,2016-11,ANFIS-F,20260815,16a7a8b02afdfc014eeae0b14f5bef5eef351e57c3ba5ed44a7448fe6d98b275
wqp,wqp:MNPCA-86-0284-00-100,1997-08,ANFIS-F,20260815,16a7d9d5d998f2cff1212cca44b380f613f40f1e510ce12d6e6e59079298768f
wqp,wqp:21DELAWQ_WQX-109191,2017-02,ANFIS-F,20260815,16a859ff2475d0b1113be97132eaf7639e440c6946e5f08ed4c232a1ae13efe5
wqp,wqp:21FLSFWM-POLE3S,1995-09,ANFIS-F,20260815,16a9b641af3beca5c3db19de6bf3bb18227086f3ff56af78ac4bc1b3834b321a
wqp,wqp:21FLSFWM-POLESOUT,2002-07,ANFIS-F,20260815,16aadc23d8403ee81ec62b3c0034018375f4b9d4871c370c2716c4a1f48b4579
wqp,wqp:USGS-295554095093401,2012-02,ANFIS-F,20260815,16ab4d34ed27b89c40d8aeeb9fe20e297f2f3537e8e4d4e916abdb7f8d597e4b
wqp,wqp:21SC60WQ_WQX-SV-372,2018-09,ANFIS-F,20260815,16ac186f0df1ab56c26df4ec113b120e31ee7117d76c3a695916f711306d2e20
wqp,wqp:21FLSFWM-POLE3S,2009-01,ANFIS-F,20260815,16acfb99c85180b2827bcabcde319628dacace7fc8fa5b5c6a1e10c18f8e60f8
wqp,wqp:MNPCA-62-0054-00-101,2011-06,ANFIS-F,20260815,16b15c24282ca7ec630415044ac67f90fc0032bab45dad9e001f90e6fac9dca1
wqp,wqp:21SC60WQ_WQX-S-222,2015-04,ANFIS-F,20260815,16b20ee78c48120b0e52cfbe37d6913782a668d38f521f2df9b84d73795d9a4e
wqp,wqp:21NC03WQ-CPF086CUPS,2015-05,ANFIS-F,20260815,16b2df370a9d50b0bde3e8c88317df384ae6db7ce34b92de44d4553d08ffdd8e
wqp,wqp:21DELAWQ_WQX-208211,2006-06,ANFIS-F,20260815,16b351540eb5f52d55a4facb675e743c20961d9fef5c85ec0be5e08509897cd6
wqp,wqp:21FLSFWM-LZ42N,1998-11,ANFIS-F,20260815,16b802e75b7b41a9d39f520c02bbd9bd62fd0c0d83f0e132d21b12c81c11c982
wqp,wqp:USGS-07049200,1986-05,ANFIS-F,20260815,16b980e9292b2d65a82769416c243975aac6cdac9f6796e21a0da6c0a0b1431a
wqp,wqp:AZDEQ_SW-32,2015-11,ANFIS-F,20260815,16c03319ae1d83c4bdbaf682c9e948d16087a15dd9406191923680e92ef99ed5
wqp,wqp:21FLSFWM-POLE3S,1996-09,ANFIS-F,20260815,16c459ba58cf3a9ad5e8934f734e3dd9b675eaa8ae2a9716e189091ae4b44d18
wqp,wqp:21FLSFWM-LZ30,1978-10,ANFIS-F,20260815,16c4d90920723de4a281522ae635bac445a5171e4000f819ce0ba79c2993ccf9
wqp,wqp:USGS-072632990,2007-10,ANFIS-F,20260815,16d29ed5ed616d6defd5e51fa124df82c3fd9566138aea00ecddf026cf3f2074
wqp,wqp:21FLSFWM-L004,1990-12,ANFIS-F,20260815,16d4ef34be45fc9680ccf33e816b060976cc8bed0bc92adfd9db397083673fc7
wqp,wqp:KAWNATON_WQX-KN-KL-001,2011-01,ANFIS-F,20260815,16dad26f11a70e5dca6eb249988ecaff5671eb89cebf23a07a0014613625b6e0
wqp,wqp:USGS-423556088365001,2014-03,ANFIS-F,20260815,16db81feda64c01f1e09bdb0f2826025e1fd64f72dcf71df3e454c920d572ba9
wqp,wqp:21SC60WQ_WQX-CW-197,2014-06,ANFIS-F,20260815,16dbc6831b7bd24a0d889202440511e8da5354687bb74c6eeaad176437051a87
wqp,wqp:21SC60WQ_WQX-S-311,2002-10,ANFIS-F,20260815,16de60ad4b9a833f244434c88b096bd91b2ec36fd622f5a695fc495f673d527b
wqp,wqp:21NC03WQ-CPF087B3,2018-06,ANFIS-F,20260815,16e018272e9ffb8762cbafccd28891a170eef13f79ad7b01c10579b940064915
wqp,wqp:21NC03WQ-CPF055C4,2016-02,ANFIS-F,20260815,16e0631c6e54e38264063d6c18d4d20d23523fd0b4ae3c2fb966a1b4c1f2b05c
wqp,wqp:21FLSFWM-L005,1979-09,ANFIS-F,20260815,16e2085152849ff03e4281794447adf748c2d2cdfca27e6520298c7cc62fcb0f
wqp,wqp:21FLSFWM-L003,1996-09,ANFIS-F,20260815,16e2e18aa7323862898840184892bfc137bb172daa7f84b161191c7c19e4807a
wqp,wqp:21SC60WQ_WQX-B-327,2004-07,ANFIS-F,20260815,16e8b265a335ff92bf0f1a9768f6576b0ecc999d9508ba7399ab444b8b25abe4
wqp,wqp:21SC60WQ_WQX-SV-268,2012-07,ANFIS-F,20260815,16e955a7d90beff2a80194634e5a01d2bba28d5ae8cd10572d602105321c1a77
wqp,wqp:21NC03WQ-CPF081A1C,2014-04,ANFIS-F,20260815,16ea7fffd8cd472862738a433fbdcfa84a5523f49cd72b0e86c219522292fe85
wqp,wqp:21FLSFWM-ISTK3,1994-05,ANFIS-F,20260815,16ec365dea76eba21d60bff626bc38fcea3ab731dffa519aceade80b7713fa40
wqp,wqp:21FLSFWM-POLE3S,1996-03,ANFIS-F,20260815,16ee23e751f46caaf90a003b6908d16a901cf07e2abe8a26d6f235976563f481
wqp,wqp:21FLSWFD_WQX-23389,2004-09,ANFIS-F,20260815,16eeb71d4bb264a939d9c8c645724bb1d83ce32233ecedbdd14450d88d18291e
wqp,wqp:MNPCA-62-0054-00-101,1984-11,ANFIS-F,20260815,16f0a784a5558e687a0e102accc0aecaadaf22bcc8735b3782ba09d34382ce1d
wqp,wqp:21NC03WQ-CPF086F,2005-10,ANFIS-F,20260815,16f1ad2e6db45415c51fb09d5b5b0c09b024d010e0738d2857c23519cfed66bc
wqp,wqp:21SC60WQ_WQX-B-345,2007-05,ANFIS-F,20260815,16f31ebd86044bc7e45658899356f902186fddd1a52c13612e64fe5210f10ba4
wqp,wqp:USGS-07049200,2008-05,ANFIS-F,20260815,16f3d920cfa66391d4896c198cda140414b72e4dd4cca08860244cadfbea14ae
wqp,wqp:USGS-423659088354401,2003-07,ANFIS-F,20260815,16f82b9666ae3bbfb930fd5bb295c9308a0b650b049a57b81a14f7b56ba3e0f3
wqp,wqp:21FLSFWM-LZ42,2007-01,ANFIS-F,20260815,16f8e11a01b51289367334844cce58f9dffe16e563b9bb871e3cbcb3a456342b
wqp,wqp:21SC60WQ_WQX-S-222,2011-06,ANFIS-F,20260815,16fc798f73425e1cbb5d6195fee9ace54014858b732fa2894b7ade002f994cec
wqp,wqp:21FLSFWM-LZ42N,2006-09,ANFIS-F,20260815,16fc89d04792dfde467011de53db610449300445eed1cd1e0a229637cee67d4b
wqp,wqp:21FLSFWM-LZ30,2002-10,ANFIS-F,20260815,16fda461ec9699ecf557df7a1d48284ccea962a0d6d53f4bacad3fd4e5419c23
wqp,wqp:21DELAWQ_WQX-206461,2003-07,ANFIS-F,20260815,16fddc71fc910bf56ffe7129f15237c97cd39da9f314424f39fcee65e5b15d3e
wqp,wqp:21DELAWQ_WQX-304321,2007-03,ANFIS-F,20260815,16ffaa0f7ca0de609f3930e47adab9eb1c8252311f9bccce74501c0e188b23c9
wqp,wqp:21FLSFWM-ISTK4,1991-03,ANFIS-F,20260815,17000b54a8083b74de5c7e64a70a6f14d6fe2aad19b734c400738ecd982861f9
wqp,wqp:21FLSWFD_WQX-23467,2008-06,ANFIS-F,20260815,1702e95fb3ea386b964ef3eb516fb27a9dbb28033675134f5640a30c4eb56a2c
wqp,wqp:21FLSFWM-B02,2003-12,ANFIS-F,20260815,170321b6b68d0ad9c97fcf10908770e7462534517258f96b66a6e3de68607909
wqp,wqp:21FLSFWM-LZ2,1991-04,ANFIS-F,20260815,17047b777becafa6178ed0fbd37a615c1008c9129a5baf87e4f836b46b092f72
wqp,wqp:21FLSFWM-TIN16100,2005-02,ANFIS-F,20260815,1704be81853aab6aa8675df9162546f1d02cc00ebf51a592e790b721132ea82f
wqp,wqp:21FLSFWM-B02,1987-10,ANFIS-F,20260815,170557f9ddddfcbe7d9287fc46c316eb9895c72840aef88a75f8349aecec5083
wqp,wqp:MNPCA-86-0284-00-100,1987-06,ANFIS-F,20260815,1705b48f48f010c7623a42f5d9cad42d559ba965e70786771027c4d5c6c96250
wqp,wqp:21NC03WQ-YAD152A,2008-04,ANFIS-F,20260815,17066fcb44f29f3829e61982c2bb494d6ab7602c4adba276b8b50166cfc1512d
wqp,wqp:21SC60WQ_WQX-S-311,2013-01,ANFIS-F,20260815,170e97ac7de6ba30ffaefaeca58f72b99415cc1063937a18850ed49f60d0b4a7
wqp,wqp:21FLSFWM-LZ2,1996-05,ANFIS-F,20260815,170efabd003c35d59ed3905de5edcf5bf8744b5f9c1526c8df6d4847e197559c
wqp,wqp:21FLSFWM-TREEIN,1987-04,ANFIS-F,20260815,170fc88de5365d11f7fc308e2f9cd059f731c94a0ce1e20b0c3721ab8c201cd7
wqp,wqp:21SC60WQ_WQX-SV-340,1999-01,ANFIS-F,20260815,17129d216842de5d3c79a6ca93123befca746e83caace7f3f2b60a96b181d7be
wqp,wqp:USGS-07049690,1975-04,ANFIS-F,20260815,171695deba0884030c4deec901ef28e777e34ed8da7279fac55a3eb6c360438d
wqp,wqp:21FLSFWM-RITAWEST,2008-09,ANFIS-F,20260815,1716a8e73e42bed79004d38bbb8d8a38b87cc0b829cc7f4bb2d0c09d850afcac
wqp,wqp:21FLSFWM-C01,1983-03,ANFIS-F,20260815,172193cfa4bbe533b3f85c30b658f54232c66b39e25c35a0c44979cfc72ae66e
wqp,wqp:21SC60WQ_WQX-SV-098,2017-06,ANFIS-F,20260815,172371f33d151ccead88eb3e1e9b6ab7d902447e65b6514609d7c662ea083296
wqp,wqp:21FLSFWM-B06,1999-12,ANFIS-F,20260815,17247f627aefc00ce51229457df169c9f0264628cd64e112bb79457bdbcd2bb7
wqp,wqp:21NC03WQ-YAD169A,2006-08,ANFIS-F,20260815,1724e0611b9ed7340d6021171acf8829d95f5e696f6ca05559cf683dcfc62ebe
wqp,wqp:21NC03WQ-YAD152A,2008-07,ANFIS-F,20260815,1729b6590aefaf9bca8aeebec599e8ce9e14940221506f43ed6dbff966508ac7
wqp,wqp:21FLLCPC_WQX-IDAMERESSHDK,2010-09,ANFIS-F,20260815,172adb2ce50a1a9dc12a9582f6f7259318c90ab86ab1d7d9a23494377407f8e8
wqp,wqp:21FLSFWM-RITAWEST,2003-01,ANFIS-F,20260815,172af78395fc06cf1585c2346d61c753f7306115c86f6787ef847fb8f2e0cbd1
wqp,wqp:21FLSFWM-D02,1984-02,ANFIS-F,20260815,172ca8b9358d2059b22f90a9dbc823cb2b6a4bcfa330f2f8c577d66fd431272f
wqp,wqp:21FLSFWM-L003,1986-04,ANFIS-F,20260815,1734100cc06cba271182344255431cb462d1a008c4aceab6c2ae31e751148171
wqp,wqp:21FLSWFD_WQX-23477,2009-04,ANFIS-F,20260815,1736dd3ebd44f185dcc1197c7c18c75e2ddd699a9f98b14dcee8c4cde9c6eb14
wqp,wqp:21SC60WQ_WQX-SV-331,2017-08,ANFIS-F,20260815,173a4fb70452bc9cd8e35b82de03fc51294a55fd518108346f4b468b89fc8ac0
wqp,wqp:21SC60WQ_WQX-S-024,2017-08,ANFIS-F,20260815,173c1298757a3b89675d0aedc8fe74e81c8e379d41e564949e97e178372047ee
wqp,wqp:21SC60WQ_WQX-SV-335,2004-05,ANFIS-F,20260815,173cf083316fc885e1032db765012c5960aaa61ed3990255946bb419e64e3fe2
wqp,wqp:21SC60WQ_WQX-S-223,2003-10,ANFIS-F,20260815,173e0d6c669810dd80e7e086b0a312418e82b9f62fe1f5206cdd5a88092194ea
wqp,wqp:21SC60WQ_WQX-S-024,2001-09,ANFIS-F,20260815,173eae6426969077c2a1961e96dafa8c5e105b41ef4d85addd716d46e00fd5dd
wqp,wqp:21FLORAN_WQX-CC9E,2005-04,ANFIS-F,20260815,173f4ff4960956348e3a36d3e3c614fbb12e708f58316422c6ead269b8dffb09
wqp,wqp:21NC03WQ-CPF086C,2015-12,ANFIS-F,20260815,173fce2e041df8cbb9df289573690ac876514eaeffeea0a5a629417ab6f82225
wqp,wqp:OKWRB-LAKES_WQX-520710020020-04,2007-04,ANFIS-F,20260815,17428134a502bb6542e2465effff931d873f8f8b828bbd07b593e11c62a3b4d9
wqp,wqp:21FLORAN_WQX-BC7,2015-05,ANFIS-F,20260815,1742d038ccee8a271da4ddcb99a2fd194a6556b13e270930684f07efa7ffa44e
wqp,wqp:21FLORAN_WQX-CC18,2006-05,ANFIS-F,20260815,17430b31c9d22eecfb2195d7d57d3abe369ae35c80c19a213410f2a4c271de4d
wqp,wqp:21FLSFWM-POLESIN,1988-09,ANFIS-F,20260815,174bb72422d83c006dbb81e45e45398da6513ed87a66e4863d2612392112d0cc
wqp,wqp:USGS-07048910,2002-09,ANFIS-F,20260815,174e8d2d5716323d00c7534b343aa19192945e34dd8471df19f2acb3d9313a38
wqp,wqp:21FLSFWM-POLE3S,2005-02,ANFIS-F,20260815,174f12a3a50fc054edcfd849e1bf903a2b1c6b3b9dae35e0d136e8fa80237456
wqp,wqp:21NC03WQ-YAD169E,2005-03,ANFIS-F,20260815,174f1e08a33109b5bf1aa47c673602ad95aff40216da5b2a222167dfc2661dbc
wqp,wqp:CAPECRD_WQX-290,2003-02,ANFIS-F,20260815,17506bd52b4bdfc4c9864d12753bab05bb6354db688414d34e57c67412882fec
wqp,wqp:21DELAWQ_WQX-307011,1999-03,ANFIS-F,20260815,175098be091c799414bd3983661f787efcb6428411ed6196ddd890736e0ada4b
wqp,wqp:21NC03WQ-CPF086F,2011-03,ANFIS-F,20260815,1751637b0f16b39c4a0296328d73b0aa848a1c7315e7983417b4bb53f1449ad6
wqp,wqp:21DELAWQ_WQX-307171,2015-01,ANFIS-F,20260815,1752272b7a7e2e3b1b188a5ee01ea5e3073efcecb0a054036a661fc995f84f2e
wqp,wqp:21FLSFWM-L005,1988-04,ANFIS-F,20260815,175414fd61975ec059d324e6acfa8b10d420f1b17a128ba763480928427cebe8
wqp,wqp:21SC60WQ_WQX-SV-339,2008-05,ANFIS-F,20260815,1757c1f4810180050139565cb0b4ba211df93585bad4e128f3874db1b6246b77
wqp,wqp:MNPCA-62-0007-00-203,2002-06,ANFIS-F,20260815,17584722c78fc5e8e1aeecf00a35e1c888a2ac4b644f8eecc740c977e7e4b468
wqp,wqp:21FLSFWM-A03,1998-01,ANFIS-F,20260815,1758c50df3159f4a9f2d7c3c73bdd1badf284de5aba329ad0d57e21002b99923
wqp,wqp:21DELAWQ_WQX-108111,2018-03,ANFIS-F,20260815,175aaf3d30fca622e907f1e9036fc2e12c3d12cff25c45877cc31b2131c4258f
wqp,wqp:21SC60WQ_WQX-S-022,2017-08,ANFIS-F,20260815,175d12aea83270316127f9edf6d05b8f6b1c986922fe89bdd74d3022ce0868b4
wqp,wqp:21FLSFWM-A03,1982-08,ANFIS-F,20260815,175decb76711106c0065c08dadda17a20ba6b17ebae7f631209c65e958851a8c
wqp,wqp:21SC60WQ_WQX-PD-327,2003-11,ANFIS-F,20260815,175fff6c80f59c9f8d829cf1379a66dd7ba328b134a759496c07ad3de3f2887f
wqp,wqp:21FLSFWM-L001,1992-08,ANFIS-F,20260815,1760176716c1c8e431ecf8d2c806e41bd0ff6a05c0142152b26cd86a897f6cc5
wqp,wqp:21NC03WQ-YAD169E,2009-05,ANFIS-F,20260815,17624d7aa0a2301f77fa2f87418eac18f4f51dcea645d7063f75832abc67f71e
wqp,wqp:21FLSFWM-TREEIN,1997-02,ANFIS-F,20260815,1765a4380b5fb3e4425cf6d874d4e55a36ecce74ecbae2a887ab0bcec112c4a4
wqp,wqp:21FLSWFD_WQX-23144,2004-03,ANFIS-F,20260815,1767053b7bbd9cbb2b7137f082389a1bca40e560ec3cabe0e47a75e9a8af5c8b
wqp,wqp:21SC60WQ_WQX-CW-016F,2011-04,ANFIS-F,20260815,1768d04eb35c8d1b2d5a36b395ed454c591cdb3e3230efc82b5c6208bc472e64
wqp,wqp:MNPCA-25-0001-00-215,1991-06,ANFIS-F,20260815,1769877d90f0ca304c55d6063adfc09db7b9e746160e9926ae9643c566f036c1
wqp,wqp:21FLSFWM-A03,1984-02,ANFIS-F,20260815,17699fb7ae96420b6e703b24aa998d1428d6a94b5ed702dac58b99f301358a1d
wqp,wqp:21SC60WQ_WQX-SV-340,2009-03,ANFIS-F,20260815,176c15911d076b3339ff4e1051887d58e6ab6b96c130d1198172aeb6d3b566bf
wqp,wqp:21SC60WQ_WQX-S-311,2016-09,ANFIS-F,20260815,176ccb32872f542e5be0eaa741773ba59f8ea1907e18a0dc53c04dc0c34ff52a
wqp,wqp:21SC60WQ_WQX-S-024,2003-12,ANFIS-F,20260815,1772367ff72e82cbf258eb9fa891571cc82a3448414838201ddf1e02518cb0b9
wqp,wqp:MNPCA-62-0055-00-102,1986-07,ANFIS-F,20260815,1774136db97cf9ae3590b903aeb1e98a50e55c02faa6acc9688a68bdad75d456
wqp,wqp:MNPCA-86-0297-00-201,1985-05,ANFIS-F,20260815,17798a30c57ac1395300c4b11f899daf626185145eeb25d673aab1ef87266b56
wqp,wqp:21DELAWQ_WQX-303051,2014-12,ANFIS-F,20260815,177b2fb07b2d1a3c64dcaf9f4df777246128d9f6a0394c72c42c2bc422285842
wqp,wqp:21SCSANT_WQX-SC-042,2016-11,ANFIS-F,20260815,1780b754419f3863845dccecc51c0124f743340abb1e35b60532bfcea464bd7c
wqp,wqp:21NC03WQ-CPF081A1C,2014-08,ANFIS-F,20260815,178302382f88d82b714cbf0ec1e5df931986df2233294c4b7fa6c932351e666b
wqp,wqp:21AWIC-23,2013-11,ANFIS-F,20260815,178363a8a0e25345eb24b31a349d05f815abc4aa064f26ca45e518732a7c0be4
wqp,wqp:21AWIC-23,2008-06,ANFIS-F,20260815,17857f8f7a0de3c06b83aa05a6b043d225e0cc3a3818f6df1239e2ed77faa0cb
wqp,wqp:21FLSFWM-ISTK6,1997-09,ANFIS-F,20260815,178b92da3c0151399cb2947b804c012d949d3edebf63ab570ef3333a0db2ede1
wqp,wqp:21DELAWQ_WQX-304321,2008-02,ANFIS-F,20260815,178d9d4102f5f7760f6de3d99ff34bb767785fbd1f905c586fffea51cd1bb954
wqp,wqp:USGS-07049187,2012-12,ANFIS-F,20260815,178f96fac4b519db930ee97550d2aee98a241ade9ffc3c2cb0ce4df5d5c06a5a
wqp,wqp:21NC03WQ-NEU018C,2015-01,ANFIS-F,20260815,1796223757f4ca1b8bd34d217a2a1f5dd86a446c9e46cff85ba2d1eabf25a1d4
wqp,wqp:21FLSJWM_WQX-409555,2018-09,ANFIS-F,20260815,1796733560e11fb5a1c270111054efbcc5976114a1a6dbac95ded0c0c139d777
wqp,wqp:USGS-01657460,1974-10,ANFIS-F,20260815,1798947b655c0be75bef2163f511471f1eb20bcaceb3dd90700a069cd237e476
wqp,wqp:21DELAWQ_WQX-110011,2012-04,ANFIS-F,20260815,1799198c9901250fe288237e15df4f9f1f9efac97ace62685d7382b7d614fb3e
wqp,wqp:21FLSFWM-MH32000,2004-01,ANFIS-F,20260815,179a0ae8c690c493700ad18bce5b0959f3f8dacbae0f2b0a6e7c97530e7a33ec
wqp,wqp:21FLSFWM-OISLAND,2003-06,ANFIS-F,20260815,179d47dbec83ff8f7eb78ebda808db00adfb7df46d79a2ceef6e6c3884437fb3
wqp,wqp:21FLSUW-ALL010C1,1990-06,ANFIS-F,20260815,17a04724de49b7c13264274e4dee48734cb978cdbe35777b3e84d2fc9de75ce6
wqp,wqp:21FLSFWM-A03,2005-04,ANFIS-F,20260815,17a13e4e88e607cde02627e5cda51eee6313fb5a7a960e768144988ee555d066
wqp,wqp:KAWNATON_WQX-KN-KL-005,2010-12,ANFIS-F,20260815,17a186873fc3a1de674a3c51945ef33f630e7f593715ce37b67f8b11589e3fe5
wqp,wqp:21SC60WQ_WQX-CW-033,2010-09,ANFIS-F,20260815,17a2d110ba2d337b7035b375defdebcc47e14a6478ab935601ec948ef7e19d14
wqp,wqp:21FLSFWM-B05,1983-01,ANFIS-F,20260815,17a3f9bd101f9aac70ef9c3196f4d6ff9afbd43b3bdd83b44e86f79bd2e0219e
wqp,wqp:MNPCA-62-0013-00-201,2002-06,ANFIS-F,20260815,17a81dc18a23581c05a6c1b6b0069615a1013272f512806e2deddb00b0fdd737
wqp,wqp:21FLSFWM-C03,1991-11,ANFIS-F,20260815,17a824357797bf07fec17d3a52b6c05c1ecfab48a6dd8263208aa9d32fb35ac9
wqp,wqp:21FLSFWM-L006,2006-06,ANFIS-F,20260815,17ab72eeb3523c13379d90524674998d00a2b9266d30472021a3ac272d12174f
wqp,wqp:21SC60WQ_WQX-SV-331,2002-11,ANFIS-F,20260815,17add0a01cf9ffb796cd20598087c79c3ecd74d81bacab89d576a911b4c7e4e4
wqp,wqp:21GAEPD_WQX-LK_12_4048,1993-02,ANFIS-F,20260815,17adeb44d886df4fd4e659959adfe7e64242fee2eefe018ac96e2c1f04773a1f
wqp,wqp:USGS-423556088365001,1993-04,ANFIS-F,20260815,17ae1d67af2002bdb5bb103cf39250532b185546f1eda5fbf319ec3d13e96e21
wqp,wqp:21FLSFWM-TIN16100,2006-01,ANFIS-F,20260815,17b8f75be8507b43db7293183b8045855c8185249f4ae400e2db2ab1b1b49d73
wqp,wqp:21FLCOLL_WQX-LKTRAF4,2003-02,ANFIS-F,20260815,17bed4a3e6bf289ec16e8ddda9fc860185358cc24ec07dce3da42786f7d2f938
wqp,wqp:21FLSFWM-PALMOUT,1998-07,ANFIS-F,20260815,17bf28b743ed1b4582bf2a255fabcf5945ee984c5eb3d6e3fc0a75838243e6d3
wqp,wqp:USGS-01201700,1985-09,ANFIS-F,20260815,17bfe238fb7428e16c3feb56499919e2bb6f49e14a52e3c892b2f1719e24379b
wqp,wqp:LAKELAND_WQX-LH31,2010-08,ANFIS-F,20260815,17c147f139b599d1720612fe28769f52ab7d34addd5c567601f4616431b93f1b
wqp,wqp:21SC60WQ_WQX-PD-327,2000-04,ANFIS-F,20260815,17c2ad2a8eeb1c5220293f157137ca9c748c4d24dec94de93050b22c291cb492
wqp,wqp:21FLSFWM-LZ40,2000-09,ANFIS-F,20260815,17c4316850e9bdc5543ea270d2fc58a35d48e0e3f557872356c7f753a86758db
wqp,wqp:21SC60WQ_WQX-SV-268,2006-09,ANFIS-F,20260815,17c49921f229f6790969839f3a648f329937fafa334028afc2e705c839481f15
wqp,wqp:21FLSFWM-TIN8100,2002-01,ANFIS-F,20260815,17c4a5ee3ce387d1203f6d5617cf8b13fddd27f4e60fef5a6cbd111c7f8d598d
wqp,wqp:21FLSFWM-MH32000,1998-05,ANFIS-F,20260815,17c4f942ed331519546cd0996a7f4b5e0b42a1f12160b183f2597848f6f3dfd8
wqp,wqp:MWRD_WQX-MILTON3P,2014-06,ANFIS-F,20260815,17c519bf23eaf9e3da46ea4fd5f28a238c8a2ad95d4638afd24db3742f9e29c2
wqp,wqp:21SC60WQ_WQX-CL-089,2003-09,ANFIS-F,20260815,17c9b822f018da0ab7fd85fc48739ead103e8a29f64ef8abf74abc9f758f04fc
wqp,wqp:21DELAWQ_WQX-109031,2007-04,ANFIS-F,20260815,17ca76ba4d0d93f3fc92e5c4452b18a10eb94d28c93bfad988c8180c481ff879
wqp,wqp:21FLSFWM-ISTK5,1995-12,ANFIS-F,20260815,17ca78ca29da558be1004aa8ff183defea66260bb5c3eaf0b14bf2b67fe766e7
wqp,wqp:USGS-423556088365001,1999-02,ANFIS-F,20260815,17cb1d6093ba31a5964f23d575ed3b966947e8958f7ecd52abef8f620e07a2ab
wqp,wqp:21SC60WQ_WQX-S-222,2004-12,ANFIS-F,20260815,17cb912d8525d0317398714ebd48af1a1972245329a5ca951d475bc56f8b6829
wqp,wqp:KAWNATON_WQX-KN-KL-002,2009-08,ANFIS-F,20260815,17cbcc1af0f07c8ba0836e54876941ce5f6d47ad770872540eca5fd75b9dd055
wqp,wqp:21FLSWFD_WQX-23144,2003-12,ANFIS-F,20260815,17d18a906e24f3ce261e9de756bac56d6647215a625c45c5cc6bf015ed06418b
wqp,wqp:21FLSFWM-L003,2008-04,ANFIS-F,20260815,17d4e1b1278da3356e593296a75bff4f4ea38198142e321af64b29f3b4d36855
wqp,wqp:MNPCA-62-0013-00-201,1984-02,ANFIS-F,20260815,17d53636ad6183cdfbe89276d7cbea9664d295f43700db838415ad77efb0195e
wqp,wqp:USGS-07049187,2018-06,ANFIS-F,20260815,17d7b4773cb3cf030e6ae348a0340c9ab7e4fe62f0f086a9d77d86dbdf2b3af7
wqp,wqp:21FLORAN_WQX-CC9,2006-03,ANFIS-F,20260815,17d7d2b4ea43152cf0ee4ce052b2b4c8db989c1e95eb697ad96ed62daedc64fd
wqp,wqp:21SC60WQ_WQX-SV-200,2009-01,ANFIS-F,20260815,17dcdc0d92f918ebdb8bc720c17ea7dda6b68c2a52acc7b229d586f7cfc8df47
wqp,wqp:21FLSFWM-L006,1998-05,ANFIS-F,20260815,17e42322c04329e1eb61dbf5c0c45aa4e046c7aabd102e4aa7aefeec2fd9e4d8
wqp,wqp:USGS-02207414,2011-06,ANFIS-F,20260815,17e468b5ea86241f265930b6a158451187b044838165743e6dfa90175f7c6c33
wqp,wqp:21FLSFWM-ISTK7,2008-09,ANFIS-F,20260815,17e671c9d262203320f1ac1f406cc4b7db1bd075dd1b3ff089038fa7e95a0ebe
wqp,wqp:21FLSFWM-PELMID,1996-10,ANFIS-F,20260815,17e73d734cd324a613c4efee570df7dafb946d77ac9c613da6c2a1b9d2cdd583
wqp,wqp:21DELAWQ_WQX-205181,2011-04,ANFIS-F,20260815,17e9c7720cdfaa3c856bc0e66713467312d951b59ee21ee289117dc159d39c7e
wqp,wqp:CAPECRD_WQX-280,1995-02,ANFIS-F,20260815,17eba27d1d654608f104281aa99eddc30325e18dccbf0ef43df0f484d57f018c
wqp,wqp:21FLSFWM-PLN2IN,1989-02,ANFIS-F,20260815,17ecf3c27ce7a3974459d8529f972e018e56d9bd73a0f8e59bb8c6ef72d89896
wqp,wqp:CAPECRD_WQX-262,2011-09,ANFIS-F,20260815,17edf3f20a5f982187ee5f5c1618220688ebb1f9f24e5234cbf520f6ce2e0e58
wqp,wqp:21SC60WQ_WQX-B-327,2000-07,ANFIS-F,20260815,17f0dd804d315dfe69887a5e2768ac28cece25f787b37180394e62b3594207b9
wqp,wqp:21FLSFWM-B09,2004-05,ANFIS-F,20260815,17f1f828c915b44594ea6342ffebbc3179a915ba9e77e6d384e36c31ae87564d
wqp,wqp:21SC60WQ_WQX-CW-197,2009-03,ANFIS-F,20260815,17f66e0a72b34d14b6d807d4ea76c65ec65e87097133c9947c4934a4507d1dd2
wqp,wqp:21AWIC-23,1995-07,ANFIS-F,20260815,17f7a848b793ecf41ded2007a92cfea2b3dabe008199e71608efb2d2ed71e3ed
wqp,wqp:MNPCA-47-0042-00-201,1981-09,ANFIS-F,20260815,17fa27791143d384223bc1817fcc4ba9a71fe24099ee2c3139469f7233a6fe7a
wqp,wqp:21NC03WQ-CPF086C,2003-07,ANFIS-F,20260815,17fac16807a2b30e98ba42efab7df69bfa685f6371edc11e9e2d78a0f690aa8a
wqp,wqp:21FLSFWM-B06,1995-02,ANFIS-F,20260815,17fd9b1cfa8640a34d52e34cbd67b37e713b8837bae9ad22d9c9191d26ace9ce
wqp,wqp:MNPCA-62-0013-00-201,1991-07,ANFIS-F,20260815,1801a0185cc00c1f28a7c452b65c847ec7d807a41b2a844a13732396291021c1
wqp,wqp:OKWRB-LAKES_WQX-520710020020-01,2013-01,ANFIS-F,20260815,180231f35eda9d5379c025378a1c401db8c8a50f90dfd235297194d7785eae8f
wqp,wqp:21FLSFWM-KBAROUT,1992-01,ANFIS-F,20260815,180454d85d870fe764dda5067ebaaa2d7cfe3b1960f46c73f2e0bb448c013bf7
wqp,wqp:21FLSFWM-L008,1995-02,ANFIS-F,20260815,1806d035a2e26be2b80279742f45e9b47a50e08b17457d65bab6049371feca19
wqp,wqp:21DELAWQ_WQX-308071,2017-12,ANFIS-F,20260815,1806d8fc3eddb8a429113c5d643367a8964f3f391a7b112a26aca06ae1bd2534
wqp,wqp:21FLSFWM-L003,1980-03,ANFIS-F,20260815,1807a25982c9ead95ee9e11e7c914d71a4415c8fc314f285cfe32fa2013e7243
wqp,wqp:MTWTRSHD_WQX-GTOWN-LK-01,2011-08,ANFIS-F,20260815,180aa9b5fe94ba49e0b9b0835affa617e348b64ceff9ce43058296c20ffc458e
wqp,wqp:21SC60WQ_WQX-SV-335,2004-08,ANFIS-F,20260815,18156502dba423888f998b06bfc23853f50db122a4f238a04778eec89717ff42
wqp,wqp:21DELAWQ_WQX-206361,2015-04,ANFIS-F,20260815,181845d18efc64d9dcd62420e2f243c16ab4f765dad6beb7425198494683580d
wqp,wqp:21FLSFWM-KISSR0.0,1992-01,ANFIS-F,20260815,181996fb72e81afc70cad59cfddd9d2eb42c42903f5399bafed770c4c394a6a2
wqp,wqp:21FLSFWM-POLE3S,2008-01,ANFIS-F,20260815,1819c993502a72841821e69bf1872a3f0d3c0faf1f4e1c8a2e542908fd1aa856
wqp,wqp:21SC60WQ_WQX-S-024,2007-06,ANFIS-F,20260815,181a14dd0114f610b1d3d31d30f0bc0a8f260142907ea405868b98f2d97751d0
wqp,wqp:21NC03WQ-CPF087D,2011-11,ANFIS-F,20260815,181bf569a1cecca2b718158e47511a49eeff901d2d7c51249bab248c5696728e
wqp,wqp:21NC03WQ-CPF055C4,2015-03,ANFIS-F,20260815,181dc358489df275647c7b53c233464c2bbc83c5b99f3f7772134987c81114d9
wqp,wqp:21FLSFWM-A01,1996-05,ANFIS-F,20260815,181f17bb834f6d804591d110493592ac745ed4ef3c2160b331dde79510fb588f
wqp,wqp:21VASWCB-5ASRN000.66,2012-03,ANFIS-F,20260815,181fae5a5cd1c3ccdf13c9461624a1a85722b1577c42fd36ff95c83a7169f729
wqp,wqp:KAWNATON_WQX-KN-KL-002,2013-08,ANFIS-F,20260815,182197f4d32e37b644843f74a854df6a66ae8eaf5148b0b5b2fe761970addda6
wqp,wqp:21SC60WQ_WQX-SV-338,2014-02,ANFIS-F,20260815,1822bef7abb9ae696e10aa23a1b7bc7bd2844fa10fee0e1867d9334d6a33fcb3
wqp,wqp:21NC03WQ-CPF055C4,2014-08,ANFIS-F,20260815,18237a26d45f431c0de65acb64262dbe72ff73dbed41b5c357c6f34969c29a9d
wqp,wqp:21FLLCPC_WQX-YALEMARSHPK,2017-12,ANFIS-F,20260815,18253436407312e27590637b5ad74f0bb10c9a300d9b4d545752346c2a8e093e
wqp,wqp:MNPCA-62-0013-00-201,2014-06,ANFIS-F,20260815,1825f467587de552dc8f504b7ae5156896c1488d867ad7d011e696ba8ee9ed42
wqp,wqp:21SC60WQ_WQX-SV-331,2003-10,ANFIS-F,20260815,18285e0d7178306b27e236db04fb04595fff6981c6d360a68705af4bda004806
wqp,wqp:21FLSFWM-STAKEIN,1992-09,ANFIS-F,20260815,182a6826f11f399d54cb8341d674d5a3ae1738c54c34d4675231cc0cb05cc2c2
wqp,wqp:CAPECRD_WQX-280,2018-02,ANFIS-F,20260815,182b9675243acda5fac2731754a1147eb0cc8a8fcb6849ca0a6d80c7d4131937
wqp,wqp:21FLSFWM-C03,1994-11,ANFIS-F,20260815,182cc3131df87da1fcab44ad371910984ebacd16bb4e12b895467ff0331fbf2a
wqp,wqp:21FLSFWM-E04,1994-06,ANFIS-F,20260815,182de4d7ad34ee131057f675bc5291ec20a0136b642ad0663bd53cb318d0f7c3
wqp,wqp:21FLCBA_WQX-WAL-ALLIGATOR-2,2017-09,ANFIS-F,20260815,182de588fd60f3c34ecd07a5097d577adb030adc3912bb7dc5bae18b77019138
wqp,wqp:21SC60WQ_WQX-S-223,2006-04,ANFIS-F,20260815,182e362991469f10969f909a6dc8cd2dd50c46954921e89676d91b29169bd842
wqp,wqp:21DELAWQ_WQX-202021,2015-05,ANFIS-F,20260815,182f96822e380d53a8ef93373a5d74ea2275d827109436df2c869975bfe0858b
wqp,wqp:21SC60WQ_WQX-CW-207,2015-08,ANFIS-F,20260815,18304f14046e232437977aa200a138f421ffd5cb13a3be86c77553a6564fa7b2
wqp,wqp:21FLSFWM-MH16000,2002-03,ANFIS-F,20260815,18380ab83a5f01985890c9967e65f81e0c67484ef38fb05f1ab5eca3370d92b7
wqp,wqp:21FLCOLL_WQX-LKTRAF1,2002-04,ANFIS-F,20260815,1838ed9342a125092b0538edeb834d02eef776015630407d66e28b003065234b
wqp,wqp:21SC60WQ_WQX-ST-032,1999-08,ANFIS-F,20260815,183c7628e81b752a4b3811cd69e26bb9f556c79be3708d9f56f2621850796458
wqp,wqp:21FLCOLL_WQX-LKTRAF1,2010-08,ANFIS-F,20260815,183e1a840e9a0084efbed26ec3b4d958c23ac5577374b49fd9ccea4b9ef6743f
wqp,wqp:21FLSWFD_WQX-23113,2007-08,ANFIS-F,20260815,183ea1f00ea21033a8cc8d1a0bf927c694cf5f4fed95446829254f6a004d6503
wqp,wqp:21FLSWFD_WQX-23438,2015-12,ANFIS-F,20260815,183ffea0b9823ad918b3a8817b991306a8a9b33e14590ffe1243c7262f54c95f
wqp,wqp:21FLSFWM-E04,1986-12,ANFIS-F,20260815,1842427814a385351daab6b580e4e9c217edc3fb13f14a3a0e2c064f2ab88216
wqp,wqp:21NC03WQ-CPF0880A,2015-03,ANFIS-F,20260815,18462660a9a088f50da464f6566447cabfd1820eb4044e7b34021efdef437f92
wqp,wqp:21SC60WQ_WQX-SV-098,1999-08,ANFIS-F,20260815,1848950216fbd407de29d845fae14cc8f4e4d47bf1645e72916d82aee435f082
wqp,wqp:21FLSFWM-ISTK7,2006-01,ANFIS-F,20260815,1848a7f0dba433a12a4eb98afc05d409c94299235898ad360450bcf5f736117e
wqp,wqp:21FLSFWM-POLESOUT,2006-01,ANFIS-F,20260815,184b20bfe9e161e1e01ce8e751c59a43f57fc67ecab93f4ce001f00001426b70
wqp,wqp:21SC60WQ_WQX-ST-032,2005-03,ANFIS-F,20260815,184cd56f9a856e6b605ff0c31a4ccf18c7cacbcf38e796253bbda14b5ef6d28b
wqp,wqp:21FLSFWM-L004,1978-01,ANFIS-F,20260815,184d58626a11ec056b5f001d84ac495dcd1428fc9b3543b771dfed15ecebf412
wqp,wqp:CPNWATER-WW#3,2014-03,ANFIS-F,20260815,184f4ca24f117d5bc528adccf9e2db631e76493d5dbef05da05e313b1313cf49
wqp,wqp:21FLSFWM-LZ30,1996-08,ANFIS-F,20260815,185030968b38bccc5cf19a9f0633216d7578ccae42c96b251e59829360c7a1af
wqp,wqp:21NC03WQ-CPFMC03,2014-11,ANFIS-F,20260815,18508c0c7534decfe0b0062910421089bf25b6f259c1c3d1fa75f101dd5e2d06
wqp,wqp:21FLSFWM-D02,1998-01,ANFIS-F,20260815,185d717d4340678c319de0fcbe03517618885492173c0ff66e62f2aec4847057
wqp,wqp:21DELAWQ_WQX-307011,2013-06,ANFIS-F,20260815,185fb921ab929737bd9126a1568a9aeb039c473563d3a2fc2338937951fccaad
wqp,wqp:21FLSWFD_WQX-23113,2017-11,ANFIS-F,20260815,1863573951fb956162fff1a7ce4478c15cb9e168c351bb6ef82e1b38d7d6fa6a
wqp,wqp:MNPCA-82-0046-00-203,2003-05,ANFIS-F,20260815,1863af876885cf1ad92af6fb6956178b7d38504e73228a228f10f18b591a4b68
wqp,wqp:21SC60WQ_WQX-SV-338,2001-02,ANFIS-F,20260815,18655ca126425b1a28344ff670cf7f801d1786df35b55817d85da0e8b436506f
wqp,wqp:21FLSFWM-LZ42,2007-11,ANFIS-F,20260815,1865905dfc231d958c809a6f69b3ed60e750d2cdc9c6edce2c020a4e78b03ccb
wqp,wqp:MNPCA-10-0007-00-201,2013-08,ANFIS-F,20260815,1867d49b07d60d7ca703643eb502fce50108392c0544769ed1d63931265c32f6
wqp,wqp:21FLCBA_WQX-WAL-ALLIGATOR-2,2017-08,ANFIS-F,20260815,186c1c7dcd64fc44554f7011315863882a43e988ebf792f49e8c97c9106471cb
wqp,wqp:21FLORAN_WQX-CC9,2012-05,ANFIS-F,20260815,186dbeca75afa0d3429779000294f4fff2f1cff26148302ad0c69eff2b82ba49
wqp,wqp:KAWNATON_WQX-KN-KL-003,2015-12,ANFIS-F,20260815,186dd4542d6b1f3ae893ec1e3ba7a7a22e9710c3c812a179ac0516f0225366fc
wqp,wqp:21SC60WQ_WQX-CW-016F,2012-07,ANFIS-F,20260815,186f33216ebf1f0fa90fa407aceafdd75cdbf27f6fd1f21dd426735853cbb8ce
wqp,wqp:21FLSFWM-TREEMID,1996-12,ANFIS-F,20260815,1870544f2f4eb9663db2780a8be6d02117a8521df6e9c5913c11dadcf57fe76a
wqp,wqp:21DELAWQ_WQX-109131,2013-03,ANFIS-F,20260815,1874a51a5e35035e6672c6bdfdb18868b15897e09d146bee93e8ca86e3499537
wqp,wqp:21NC03WQ-CPF087B3,2003-06,ANFIS-F,20260815,187d99a41a69c7fe9347e6eae9d608402c22230237cb0194c52a4e6d22c53b02
wqp,wqp:21FLSFWM-PELMID,1987-06,ANFIS-F,20260815,187de9ce56e31448fbc50b45723c97dba122ccc5692fc4349914ad66fa423c6b
wqp,wqp:21SC60WQ_WQX-S-022,2013-08,ANFIS-F,20260815,1881365e90b6100634ce290eb03f618a4eec7e4ac296ba5a13917e5ff6f5a5ed
wqp,wqp:21NC03WQ-NEU019L,2013-06,ANFIS-F,20260815,1881ad373258b208a4d4b9215acdb3ad75ec0ccfb72c89c4a1a7f49c2ba41422
wqp,wqp:CAPECRD_WQX-262,2007-11,ANFIS-F,20260815,188254ceb2c09683b5a7a8d0760eb6202bed11968793b92992603e49146989d3
wqp,wqp:21SC60WQ_WQX-B-339,2008-10,ANFIS-F,20260815,1887bd407d0403aeb86eb1a5a4eff4717c5af7ef5e819dcc612da2d6fbd12036
wqp,wqp:21DELAWQ_WQX-202021,2017-08,ANFIS-F,20260815,1887c1360db3c1c57e2c47224082d863a7de343c630b0a34a51e37f61fcb1083
wqp,wqp:21FLORAN_WQX-CC9E,2007-02,ANFIS-F,20260815,18895cffd48b686a7fea5a202620f6d86d7041780fb11ce0c93701c1da88b27d
wqp,wqp:21FLSFWM-PALMOUT,1995-12,ANFIS-F,20260815,188a9ba7528fb9f7cb852fb0bdd7797182e5f7a381c4082272cd3891ffb1df76
wqp,wqp:USGS-01201700,1982-09,ANFIS-F,20260815,188eabd64d8055b6974f704a6eb96c8b8ec3af2a2675f2dae3a044a767d07c93
wqp,wqp:21FLSFWM-L006,2004-06,ANFIS-F,20260815,188f2ef62e3c3cb4221028d92363b9ea21abe519893f85f20f0fb24f124b8430
wqp,wqp:21FLLCPC_WQX-LKSILVERSHR,2005-12,ANFIS-F,20260815,189510b2f63bf4735c6f18de28b4232b3c7d2aef2a93d33068e73153a5a2a040
wqp,wqp:21FLSFWM-KISSR0.0,2004-02,ANFIS-F,20260815,1898e9f37461f63c1bcb6fea0e0f8038181d2b80f8756cf10fc033b5c958a4fe
wqp,wqp:21FLLCPC_WQX-GRIFFINTISH,2011-05,ANFIS-F,20260815,189a9e6708e2189dd5f4ffb887470ce6536cc473b8e0d9dc60422358bffc478f
wqp,wqp:21SC60WQ_WQX-CL-019,2017-08,ANFIS-F,20260815,189b18cfbaa17bbdafbde89b8e98ebad917e43e373b0fd25f72393fa35c46b3e
wqp,wqp:MWRD_WQX-MILTON3P,2006-01,ANFIS-F,20260815,189bb87ea6a0704436fee3f96bc06bd1e97116b92631887c8fe36a28692145a8
wqp,wqp:21FLSFWM-POLE3S,1996-06,ANFIS-F,20260815,189df78d85f216942d8c0b270110b969a739d301afc6d67b486a2ba7fec103b6
wqp,wqp:21SC60WQ_WQX-SV-339,2006-05,ANFIS-F,20260815,18a374a134446c73b36235ec8e8c315b220bab2af11ad6b9088f39edc1571ec1
wqp,wqp:21SC60WQ_WQX-S-223,2001-07,ANFIS-F,20260815,18a6c3b51024d3228bd7ec6f6732a2ba1dd8eeba43c8fb33733cd1ad2565fc90
wqp,wqp:21NC03WQ-NEU019L,2014-05,ANFIS-F,20260815,18a8077925315ea752fe99ea85de54707804076b3df96c88aee569fbc78d1bbe
wqp,wqp:21SC60WQ_WQX-B-327,2017-10,ANFIS-F,20260815,18a850281c3d2f6f1aec99e24a919ca8b4efdf986261bc15e2aa387b6a9fd02d
wqp,wqp:21SC60WQ_WQX-SV-200,2017-12,ANFIS-F,20260815,18a8c2523421d34061d9a79a855efc01c1c127ba51439271954eba8651fbecb4
wqp,wqp:21FLSFWM-LZ30,1991-10,ANFIS-F,20260815,18a9f30e630d65e8502e25b7c8450806f484ea2bf2a03adbbbfcd0e786ca6c8d
wqp,wqp:21FLSFWM-LZ30,2003-06,ANFIS-F,20260815,18ab664457fda8bf8b73de0647b34b584ca0a6398d1dcadda7dc6e20ee7e2d19
wqp,wqp:MNPCA-25-0001-00-232,1991-05,ANFIS-F,20260815,18acf25fbf091ebc88862d3c386dfdb16b17b3fc3d0fba1a9d85db216a8d9bd8
wqp,wqp:21SC60WQ_WQX-CW-197,2000-11,ANFIS-F,20260815,18ad9537994515a7c54a9d33e8ae3b7f6b8e13f051b3aac66f254830b606e2d0
wqp,wqp:USGS-07049690,1987-06,ANFIS-F,20260815,18aea95f50748aaf4e928a1970c42eaf282eeb9fef3e6cc4a7950adc499139f3
wqp,wqp:MNPCA-25-0001-00-225,1997-06,ANFIS-F,20260815,18af4f9eaa81f4f5cff1af35d1ca2b67b27356ffe61d121f5d6980d19183e858
wqp,wqp:21FLORAN_WQX-BC8,2007-10,ANFIS-F,20260815,18b122fc51c4f561fd50e314358034a573cc7b4a034816e6837bfe8cc6198d77
wqp,wqp:21FLORAN_WQX-CC11,2005-02,ANFIS-F,20260815,18b346fdd9af281ce51625048a7273173aa1490f0cc3c31d02cce84f58ddaa22
wqp,wqp:21SC60WQ_WQX-CSTL-075,2007-10,ANFIS-F,20260815,18b72b996e93e915da6d21bad81000a8382b57ba9658e49b75a8cebed35a445c
wqp,wqp:21NC03WQ-NEUELL10,2006-04,ANFIS-F,20260815,18b95637c4945176aa5b8d9f31cb7dc4827deb1b261addecd3c1fadd0505acec
wqp,wqp:21FLSFWM-PELMID,2000-10,ANFIS-F,20260815,18ba4a71f55fa8af35b1289f127baaa4fecb60d02f059052d76ffd410df9afe3
wqp,wqp:21SC60WQ_WQX-SV-335,2008-11,ANFIS-F,20260815,18bac5325eb13c68bf4ea70f27ed550d620a5652179a86dc9ab4a9d18571a8b3
wqp,wqp:21FLORAN_WQX-CC12,2009-09,ANFIS-F,20260815,18bc73d8c7454c0c931901b963391df2afd62f28c66dd3ef95367c9ce4255900
wqp,wqp:21FLSFWM-L003,2004-07,ANFIS-F,20260815,18bdbf782dab87c2ef47026c9c678a969ea4bdda18e3ca89a613957cfad2dd7b
wqp,wqp:21FLSFWM-TREEMID,1993-09,ANFIS-F,20260815,18c0010e835c7ca3a442bb6ea25c0c41cc3b29c3c01422a662b87ee6ec4e700c
wqp,wqp:21FLLCPC_WQX-GRIFFINTISH,2015-03,ANFIS-F,20260815,18c3354658d7f515a63903da2a7dc61c5be6e3f989ae54badcdb4b7b854197fa
wqp,wqp:21FLSFWM-LZ30,1997-06,ANFIS-F,20260815,18c353b8e820e7ac7991a2d84c33569a1e1cfbd3cf1cf41fa28b6b286110f127
wqp,wqp:21NC03WQ-CPF055C6,2014-09,ANFIS-F,20260815,18c8e4a17111763fc97e5cf68492ca20db62a0bf6a22130353bad787466a0163
wqp,wqp:21FLSFWM-PELMID,2005-09,ANFIS-F,20260815,18cab20abee04963c954d0fc9bc80fa97bf18b1e54c1ce2b622daa65b167dc0f
wqp,wqp:21SC60WQ_WQX-SV-200,2004-10,ANFIS-F,20260815,18cf45c11ce7a0df0b0cd399d0730c6af9d2ecaacfb2d50fda52421e03b5beb4
wqp,wqp:21FLSFWM-E04,1990-07,ANFIS-F,20260815,18d0d9ff105a6b8ecd7bac0a4d09e1560ed29fbd2089e145da64ca3c18620a74
wqp,wqp:AZDEQ_SW-33,2014-11,ANFIS-F,20260815,18d15e05e9fd16d24dd23a85144a309de86abbf99aff2a5761d69abf64591c2a
wqp,wqp:21FLSFWM-PLN4OUT,1997-07,ANFIS-F,20260815,18d1b884ee44746c61d6fced2ec17f3f37d2b17b7f1341db802636003043d657
wqp,wqp:21FLSFWM-CLV10A,2003-07,ANFIS-F,20260815,18db25ad7d1c1a6f19e5ca0aa9b8460744e4c33d083619d29805625867f62d56
wqp,wqp:21FLSJWM_WQX-442129,2017-08,ANFIS-F,20260815,18dd4acf2b742c29714fcbaa94ca81789d05f2c4c4f15b296820a460f780b441
wqp,wqp:21FLSWFD_WQX-23389,2014-12,ANFIS-F,20260815,18df35876d5340d336690d4ca5bcdaa9030de7c687b497504c6c19268201bf76
wqp,wqp:21FLCOLL_WQX-LKTRAF1,2008-09,ANFIS-F,20260815,18e026702c08768c281b42cc2d696bdd4c29006b73f1185c26400bec68c60413
wqp,wqp:21FLCOLL_WQX-LKTRAF4,2000-04,ANFIS-F,20260815,18e195fe5d8369b43c61f929cd694f226f99a2c7eac8702c40b66ebd395e9df1
wqp,wqp:21FLSFWM-ISTK5,1991-01,ANFIS-F,20260815,18e35d9ce749deb95a647f8446d82395ceea1bde8a87b59decda4cf959af8fcd
wqp,wqp:21FLSUW-ALL020C1,1989-06,ANFIS-F,20260815,18e3b5ea700e0d270db23622572494f84bea0cdc3de1e14fb4687c6d68dd515b
wqp,wqp:21FLCBA_WQX-WAL-CAMPBELL-1,2017-12,ANFIS-F,20260815,18e5dedf2bd1e0bf90e0658e547f0ab081798c8812273bdfe0ef2f7dd8647338
wqp,wqp:MNPCA-10-0042-00-401,2001-09,ANFIS-F,20260815,18e5ed93e1ea410c2f1cd68276930f0056fe675a689afb658acd90d2c79e0612
wqp,wqp:21VASWCB-5ASRN000.66,2007-02,ANFIS-F,20260815,18e68f9fc391a035fcb7a9090871396b0dbfc2208231838510ede19fcf1dedb3
wqp,wqp:MNPCA-25-0001-00-261,1991-09,ANFIS-F,20260815,18eb13f91df4c2e62834a2791d88fa151e7998c0fcecb50a242629e2e0277666
wqp,wqp:21NC03WQ-CPF055D,2010-03,ANFIS-F,20260815,18ee768aa945530e9d2ca7d8119d5f40120e6278f2e12c47cbd06eff7ce37c8c
wqp,wqp:USGS-072632990,2009-03,ANFIS-F,20260815,18f1b1e11431d8f0f99faf4ec3485e42f6a3f843fba83c47c98768bea07e19e3
wqp,wqp:CAPECRD_WQX-290,2000-12,ANFIS-F,20260815,18f1e1a08efbb7bf3049aef5c8e6fc9184d09712439cbab530af8fcdc0a9b932
wqp,wqp:USGS-07049690,1995-12,ANFIS-F,20260815,18f1fe642ad0374489cd08111c7d6c1367dcd137ff620f454a3bb2876a604715
wqp,wqp:21FLSFWM-KBAROUT,2004-12,ANFIS-F,20260815,18f8fab6be25e62ff85790d259d727cc624b98b6e7e5d17c2c136ec179bb8c71
wqp,wqp:21FLSFWM-MH16000,2005-12,ANFIS-F,20260815,18f9b27221e76e2739e445ff1e1c57766bf91cc46172fc63d0d3719120b274b5
wqp,wqp:CPNWATER-WW#3,2013-12,ANFIS-F,20260815,18fbe5d14ee16c572fe81f79b3e467038cd5934b38982b55a7870e7819ebea41
wqp,wqp:21FLSFWM-D02,2004-10,ANFIS-F,20260815,1900d3691176a223002a70db529f614bf9b57e49797bffc34d5120d78402a06e
wqp,wqp:11NPSWRD_WQX-SLBE_PL_01,1992-05,ANFIS-F,20260815,190150098969b94b36cd2f14022ad2399a180d2160a633516b40a7d78c30dcb7
wqp,wqp:21FLSFWM-KISSR0.0,1998-07,ANFIS-F,20260815,1903b0c1979fe1647e6dd0845a03a3c25fdb4a23242e5c4bb73e9881e5163bae
wqp,wqp:21SC60WQ_WQX-B-339,2001-03,ANFIS-F,20260815,1905e5b6c871cf6436c81bbefff24eeecdd349c7626378932c799fb1ce4d7086
wqp,wqp:21FLSWFD_WQX-23477,2008-01,ANFIS-F,20260815,1906904f2390e743fa11ae73c083b657d6ec90bc725077828cc9718904bb8e76
wqp,wqp:USGS-07048910,2009-08,ANFIS-F,20260815,1909a63394eaab4ee1785588aef586d33a7f3d99b1c8ef3f905ba92f719a7df0
wqp,wqp:21SC60WQ_WQX-CSTL-075,2006-09,ANFIS-F,20260815,190dbf05e25f5ca173f4a6dabe2398ebe8131f49fbc5d471d7225a0623679c95
wqp,wqp:21FLSFWM-STAKEOUT,2005-05,ANFIS-F,20260815,190eb21a158788df716202fe03d63e94ed87ac1abe60b5a9354e9f175681cc29
wqp,wqp:21FLSFWM-ISTK5,2000-02,ANFIS-F,20260815,190ed17a99ecd11482f8513a9505d3d6abef8df20c1b25da69c58d49eb7bbb1a
wqp,wqp:21SC60WQ_WQX-S-308,2011-09,ANFIS-F,20260815,1913ec6926643fd0396a02d89dd3a993b2a19faf377c6deac46897c3e9617d8e
wqp,wqp:LAKELAND_WQX-LH20,2009-10,ANFIS-F,20260815,19151e1186a2bdf4857cf17a2648a50d53de1e90f4c9de57130d118cadfbefec
wqp,wqp:MNPCA-82-0046-00-203,2006-04,ANFIS-F,20260815,1915b80ffc2faf2b66e9294c51758a48243bbbe88ec148923896cbd55dbb43bc
wqp,wqp:USGS-423556088365001,2000-04,ANFIS-F,20260815,1916665794eeb1d2a8ab21665a28dca9356220d826b2f2c18a5adf9bfbfe1b66
wqp,wqp:21FLSFWM-D02,2005-08,ANFIS-F,20260815,1918565df8ac691892a37315d895f18f950d3b8ea38cda02c52cd306167dc3f4
wqp,wqp:21FLSFWM-RITAWEST,2005-06,ANFIS-F,20260815,191979bdc11fa520c12507d8a4d9f2eac2c15f0860fad626ef851e9cc7ba5137
wqp,wqp:KAWNATON_WQX-KN-KL-003,2015-02,ANFIS-F,20260815,191b558512d20b0007659388ecb878e7f3e61ee915ee9812e924a846cebca98f
wqp,wqp:KAWNATON_WQX-KN-KL-005,2017-06,ANFIS-F,20260815,191ccb822c463b22a57c5982380a9a8584f66551bf8cda5363a59ff71e7a5be3
wqp,wqp:21VASWCB-5ASRN000.66,2008-03,ANFIS-F,20260815,191d01a3d6a70de177c0ec8b9fd36d3259fcdf04087289fc3375c27afce24444
wqp,wqp:21FLSFWM-ISTK1,2006-03,ANFIS-F,20260815,191dfcf658603ae7e3f4291d2a4b9961b58a06d53fbbd1a5e09c5205f5947bf9
wqp,wqp:21SC60WQ_WQX-SV-361,2001-08,ANFIS-F,20260815,191f0d50f5689e5d14c6c3df2361a72d3924842cc5d26480f730b3bf56d6e2a8
wqp,wqp:21FLSFWM-LZ42N,2007-01,ANFIS-F,20260815,191fdb032ceac0ff907e84b19e7294b6012fd50bf0b3777f2beee27fa0170f09
wqp,wqp:21SC60WQ_WQX-PD-327,2000-05,ANFIS-F,20260815,1920856b146efddaaf583cbb6fdb67406c677d32479641c353616b68080bda40
wqp,wqp:MNPCA-62-0054-00-101,1985-01,ANFIS-F,20260815,1924af140e67cfeda467c8da47032ca820ff08f1957586bc21abd57d0c7702ff
wqp,wqp:KAWNATON_WQX-KN-KL-001,2017-03,ANFIS-F,20260815,1925133abb99d3bc28ce634e07851c7e7eb0d2a564a507c185506194a0307f97
wqp,wqp:21SC60WQ_WQX-SV-361,2004-02,ANFIS-F,20260815,192587012ad236c7dc0674e467c6329de5baba680e8bbc7c2ffca61b08bdf779
wqp,wqp:CAPECRD_WQX-280,2006-04,ANFIS-F,20260815,1926b0a8a4abc41bb8a7460a0d9a70761fe21214d52ca9c5a9afeb271223b406
wqp,wqp:21FLSFWM-D02,2007-04,ANFIS-F,20260815,1927d9f2c2fdb6a4cbf1bf32a8440d04f5cbcb5576dfbd501c0741080df11c45
wqp,wqp:21DELAWQ_WQX-108111,2017-06,ANFIS-F,20260815,192843a2860b0403f56feb90ca5cba9f77d31517b47a5830e5db43b3a57d8df7
wqp,wqp:21FLSFWM-LZ42,2006-07,ANFIS-F,20260815,1929d8fbb82aa37f780372dc99d6c8e146b896397931d4ad7a551db18caf5edc
wqp,wqp:21FLSFWM-L005,2000-08,ANFIS-F,20260815,192adf0fc526da3db760d2d9fc7a3b0934199a1d3bf004922c0fde0f7639566a
wqp,wqp:21FLSFWM-ISTK4,2000-09,ANFIS-F,20260815,192bdc1b4aece6aa8b63823b4230231862b0494eb4eb0788c07c73fe57a44ccc
wqp,wqp:21SC60WQ_WQX-SV-339,2005-05,ANFIS-F,20260815,192c066790a689772a7fb97511d2eb5f68b336539d339491b82f46799fbfe215
wqp,wqp:21FLSFWM-L004,1981-07,ANFIS-F,20260815,192eb47777fefcd8f7f7db132b2c20d2246081a6e2544a6acce8a4e0d60e3802
wqp,wqp:21SC60WQ_WQX-SV-331,1999-05,ANFIS-F,20260815,19302424f54641af4a612513ba7c242742696e23121270b2d0e7b48409a603a8
wqp,wqp:21FLSFWM-LZ30,1995-08,ANFIS-F,20260815,1931c3b141de7f9ba6423982916e4c4436e136585f6a2c10c604d17c5d330eb2
wqp,wqp:21FLORAN_WQX-BC11,2016-03,ANFIS-F,20260815,1932ed7c3df3f3f520a7e0ded67a60a07fe03e21ed2d75b739630a4952f4934c
wqp,wqp:21FLSFWM-ISTK1,1998-05,ANFIS-F,20260815,1932feb3347d136d1bc6b6f84c3c3e3d49473fb36a701ac991afb0632d99854b
wqp,wqp:21SC60WQ_WQX-CW-197,2005-10,ANFIS-F,20260815,19343d8469df13e353a00e4e5b19c0832bc28b62cfd39bf958c9b67c11bc8ac4
wqp,wqp:USGS-07049690,2008-01,ANFIS-F,20260815,1938d063f3d0d9f533e2059e06b4b6ca74263c5f1d2e7bfb570c24710b20651a
wqp,wqp:KAWNATON_WQX-KN-KL-010,2015-04,ANFIS-F,20260815,193abc0f2e3d7c7647ae2d70a65b2fee364639dc21bb3a9c2252e49608506842
wqp,wqp:21FLSFWM-PALMIN,1994-09,ANFIS-F,20260815,1941b86590395d5c1763d7383dc38ef2da0a7599df5af65620197618bcfc312e
wqp,wqp:21FLLCPC_WQX-GREENWSH,2011-04,ANFIS-F,20260815,19424c2169f7bf6447e397c2813db572570d7b5cc5ec07bb0a1e02c235f08e95
wqp,wqp:21NC03WQ-CPF086C,2011-04,ANFIS-F,20260815,1944b478595fd4e143e77911cb231484b26da22162925325b9cc8e1c3e40f831
wqp,wqp:KAWNATON_WQX-KN-KL-001,2007-01,ANFIS-F,20260815,19462c052e29b504aea6788ae95f18602c029b86e345760903e80f229cae36d6
wqp,wqp:MNPCA-02-0045-00-202,2013-09,ANFIS-F,20260815,1946f1d779c6bdc43b76b8bf674c8571742ab6078d84bb695f8160a2a2063914
wqp,wqp:21SC60WQ_WQX-B-345,2002-04,ANFIS-F,20260815,1949dbbe434994ba35eac62a67210b686ee67e522d338607fdc2ceb8854adecc
wqp,wqp:21SC60WQ_WQX-CL-094,2001-05,ANFIS-F,20260815,194bcb441f123bc1d0c6a3d9883c01c30dad1a9c7d979d7f37623ed42d05d7e8
wqp,wqp:OKWRB-LAKES_WQX-520710020020-04,2009-10,ANFIS-F,20260815,194deb257d4d93bee3d2be35a7fa53ec0b69cbff8147fa7a35b930447f706921
wqp,wqp:21FLSFWM-C03,1999-02,ANFIS-F,20260815,1950aaa5b328027ad7aa691f6884494d9cfe8e0190fb24111bcd398a564a45e4
wqp,wqp:21FLSFWM-E02,1984-04,ANFIS-F,20260815,1953fd81b74cbba231cf06360cf7a14ea9711ca307aead050c68da7aaf41a660
wqp,wqp:21SC60WQ_WQX-SV-200,1999-08,ANFIS-F,20260815,19542dc1d156b8e4fa45f8b5cf86c96cdf358f35aa8b520ff08142fbccda3dc0
wqp,wqp:21FLSJWM_WQX-44148,2016-11,ANFIS-F,20260815,195a265b92885fbe11d7435b5f432976b38f457a6c47ec09553e29675a93fe06
wqp,wqp:21SC60WQ_WQX-SV-363,2005-05,ANFIS-F,20260815,195b6bbe5ee8c2de9622a195a0055c6dbbfddc887e2780e5e407db0e77668a77
wqp,wqp:USGS-07144790,2011-03,ANFIS-F,20260815,195be614953a84da3c2225773489e3c43ada316dd99630d5ab8b80bb2a281fb4
wqp,wqp:USGS-07049690,1975-11,ANFIS-F,20260815,195d2ed2f2e2f63adc822ecc34e5f91ef46ffe1727707da242a6f7745d4ccbff
wqp,wqp:USGS-072632965,2008-11,ANFIS-F,20260815,195e906308d2d3fdca635ce63846afa4ab451f213c3a036b59c9b6895fbdc01d
wqp,wqp:21NC03WQ-B2450000,2018-06,ANFIS-F,20260815,195eb8ad7cc8cf1a00b3d6d6dd5a1e775532e5c48d9e8a1f477fd922f93b4ebf
wqp,wqp:21NC03WQ-CPF086F,2006-08,ANFIS-F,20260815,19608dfd3fa88562d0b400ed5b5c291f6876d7a318f1349b3d6aad27071a352a
wqp,wqp:21FLSFWM-KISSR0.0,1995-08,ANFIS-F,20260815,19650eeba51ca647dda7b9a1de0d0563bab611c3685722ca4edac43ea20d7514
wqp,wqp:21FLSWFD_WQX-23631,2009-09,ANFIS-F,20260815,1967f8e2291d2bf4ad50a16a0a9a3e776da5228e0f7dd894497167d9e11de0ee
wqp,wqp:21NC03WQ-NEU019E,2017-04,ANFIS-F,20260815,1969f91dfe18fa18d732ff14303283ad98f88eeba600ba05c4afcd5a920c169b
wqp,wqp:21DELAWQ_WQX-308071,2008-09,ANFIS-F,20260815,196c3c804ffe42248cf33e4ee366822de308d4dde9efc2a9305ab380dcf0e71d
wqp,wqp:21FLSFWM-STAKEOUT,1993-01,ANFIS-F,20260815,197410ddf5fe30b8deb212bfd952a5b802bc8094a342d16140b9617010439dd8
wqp,wqp:21NC03WQ-NEU018C,2015-03,ANFIS-F,20260815,1975939ac979c209475073b9b32223ab60fe582529416f783a4c8e6047dba21f
wqp,wqp:21FLSFWM-MH16000,1998-05,ANFIS-F,20260815,197d648a79cca4c9833ea11880aaa303200974d461219df8658d0405e8924c24
wqp,wqp:21DELAWQ_WQX-109191,2010-06,ANFIS-F,20260815,197fdcb24e52cb1a8ca2e0cc51a062c2ef680995ee9236ed2789e4060929483c
wqp,wqp:KAWNATON_WQX-KN-KL-003,2015-11,ANFIS-F,20260815,1980121c37d1fc05e921402f7e6e0c8a6f2a6da2bb06e072f47d9a9e36b7d72b
wqp,wqp:21SC60WQ_WQX-SV-338,2000-10,ANFIS-F,20260815,19889ea664cd7bbbe22b1d3522efbe03eb7e10abcdd899a90ec60a8212c02f08
wqp,wqp:21AWIC-23,2017-01,ANFIS-F,20260815,1988fb0b28707921ba01498e3d9af1b33f2efba4c678a93ab4d746282a69e056
wqp,wqp:21FLSFWM-TREENOUT,1989-08,ANFIS-F,20260815,198e6a62defb542a3b0f45605a2f5179157e73466e271ab481e0f90a3481ffc9
wqp,wqp:21GAEPD_WQX-LK_12_4048,2014-08,ANFIS-F,20260815,1992a851602930c93128009f5df807339bef60abc832d29ac5b3489abb133c54
wqp,wqp:21SC60WQ_WQX-SV-331,2018-03,ANFIS-F,20260815,1993405bc7703ea5f3968c2dd7fe8033602632e227c23705890f8189091abfd0
wqp,wqp:MNPCA-47-0042-00-201,2002-06,ANFIS-F,20260815,19998a176e95f3261d6265f443e0a80d331dee563e7adc5bc350ede0a4b57746
wqp,wqp:21FLSFWM-PALMOUT,1992-08,ANFIS-F,20260815,199b06663f825c71320f1304585d56b40d4ca390cda115d432815152c6bcf0a2
wqp,wqp:21DELAWQ_WQX-205211,1999-09,ANFIS-F,20260815,199b299ab3e7f5311b91b205a7e61e2fe6b95f27803902b80052d0745c4d2bf4
wqp,wqp:MNPCA-82-0046-00-203,2007-10,ANFIS-F,20260815,199c6e1457930086cc4a1825b798c152f06df232c5e5055af75ed87acfa1e8f3
wqp,wqp:USGS-07263299,2012-10,ANFIS-F,20260815,199df482b6adc08b6adf3dd590eb517f8ed42e893854e0042f26e21eea45a5cb
wqp,wqp:MNPCA-25-0001-00-215,1991-03,ANFIS-F,20260815,199ed8b694b425e4ae56d1d3e8aaadd7560bc0af8332c54bd3adc88ae3505f82
wqp,wqp:21FLORAN_WQX-BC11,2005-03,ANFIS-F,20260815,19a2b161c799c5bf67db99c61cb99215db9ba58b7cd09dc303917412eba17e5d
wqp,wqp:21DELAWQ_WQX-303051,2013-01,ANFIS-F,20260815,19a5e2fa817c7cbc160f118bd7efd3f52af0fad9fcd6780c3d8f5b70a72a6b74
wqp,wqp:21NC03WQ-CPF087D,2011-01,ANFIS-F,20260815,19a790badb4fb7e48ea7e77d38c7836fb4a4612c2079cd1e145632fe2a0aa2fa
wqp,wqp:MNPCA-86-0297-00-201,2017-09,ANFIS-F,20260815,19a91b44287f2ee7eee207c292dffb6dbde2a50d4daa0ef419873420ecd99db4
wqp,wqp:21SC60WQ_WQX-B-339,2016-12,ANFIS-F,20260815,19a998e92cc2781faec08cc1540dba48b935dcf9166a23100693bccaa21bd88d
wqp,wqp:MNPCA-02-0045-00-202,1982-09,ANFIS-F,20260815,19abf9785345fcf72d74e5ef5ec871dd68b103782bbfd45b5dff1a79c550623c
wqp,wqp:21NC03WQ-YAD152A,2005-08,ANFIS-F,20260815,19ac601454030156c7d3a31b33f7472f98c11d187ec55436be422e9c0d60fbc4
wqp,wqp:21FLORAN_WQX-CC4,2005-08,ANFIS-F,20260815,19ac6bfef0c968101e5dead539568182b267d3bd3236441577696f5c03466814
wqp,wqp:21FLSFWM-TREEMID,1987-02,ANFIS-F,20260815,19b2829cac5ab2689db44545e3c2040cba16bf5bfde5f1cb362fec36701a8f4a
wqp,wqp:21FLORAN_WQX-CC6,2006-06,ANFIS-F,20260815,19b52264f163fa5d43bbc5ef86c59feca4e55889179385a5206571739daccaea
wqp,wqp:21SC60WQ_WQX-SV-339,2007-12,ANFIS-F,20260815,19b683844921521a4be822b3fb9ac3b1d5de8ed181c67cc89c208aa707d50060
wqp,wqp:21FLORAN_WQX-CC12,2006-07,ANFIS-F,20260815,19b89e3738e21e297f381c1c66adae62910dd7450796d9428a10a74ebbe2d3f5
wqp,wqp:21DELAWQ_WQX-304321,2014-02,ANFIS-F,20260815,19ba4102e36ce548781f66fdb84995dadf496bbc71fcd7261517983ef70f36f8
wqp,wqp:21SC60WQ_WQX-SV-340,2002-08,ANFIS-F,20260815,19bc29206a0294272f5f452915c08bf3b7f59a906148dc2037a0a5648be28dbf
wqp,wqp:21FLSFWM-RITAWEST,1995-11,ANFIS-F,20260815,19bf3b8aa4f8dfd0e20bfeaff379d961326a345c697923ebdecdf99cdd9fa61b
wqp,wqp:21DELAWQ_WQX-109131,2000-07,ANFIS-F,20260815,19c1866cba1748ae878bfc6c22f164c621f9a901cfc2623a923a82f18c2602a6
wqp,wqp:USGS-07144790,2010-07,ANFIS-F,20260815,19c18fe03bb077b45e7dad48371d69c532c87af22cbde7c017fb7a4cb98f9b5d
wqp,wqp:21FLSFWM-LZ2,1987-01,ANFIS-F,20260815,19c75ab57172d87b70f533db46350837176c1f690e2ca15617b0ea286321b3a6
wqp,wqp:21FLSFWM-KISSR0.0,2000-09,ANFIS-F,20260815,19c7983de7fc14124d61e74529eaac3d817a7f579da184becc187c930cef1908
wqp,wqp:KAWNATON_WQX-KN-KL-004,2017-04,ANFIS-F,20260815,19c7ed1809f5f07b60bbdb3d8e4c90f4c0dbab0a611feae2969e9583a427358d
wqp,wqp:MNPCA-25-0001-00-232,1992-03,ANFIS-F,20260815,19c8437c9fc50e34358208761f52fa37c37cf13de38a6b85f4459e762a6625e3
wqp,wqp:21FLSFWM-STAKEOUT,1989-06,ANFIS-F,20260815,19c9342ec35531b2d48b04145c79cf8a5c2b678367a2849af5b53646e0a85531
wqp,wqp:21FLSFWM-E04,2005-04,ANFIS-F,20260815,19c9480f595fc77cdd2d0ebf0c58270e10100db4df2adebb275f850754cbc893
wqp,wqp:21FLORAN_WQX-CC6,2006-01,ANFIS-F,20260815,19c9f63b85ee984d1ff302f8753e9e6a2cc7794ecc270c53f5af3a12d32488ff
wqp,wqp:21FLLCPC_WQX-LKSILVERSHR,2005-01,ANFIS-F,20260815,19ca627e840dc4bd1cb57ce5cd0cf165b5b09f927d39803fbb46811909001726
wqp,wqp:21FLORAN_WQX-CC9,2007-08,ANFIS-F,20260815,19cb814eb6a25a8f3a053f98a1a4d298f85e1b58c1b69e192bc31cca7465695b
wqp,wqp:MNPCA-02-0075-01-204,1985-10,ANFIS-F,20260815,19cbeada97b2ecb4fa49fb3f77eabb4dab1f121a57776c5345a38b5db701c541
wqp,wqp:MWRD_WQX-BARR3P,2018-03,ANFIS-F,20260815,19cd42b58216741a0fdb251da0314e64a021a2ea65f3f218a60bdff5bca5677c
wqp,wqp:21FLSFWM-E04,1998-04,ANFIS-F,20260815,19cdbaad71f59681e5801da271fc8d9d531d11372012bd26ac16af0fa4d06d2b
wqp,wqp:21FLSFWM-L004,1995-04,ANFIS-F,20260815,19d19bc241221095ee08f12b896d576f0254d1d11dad01ef416c51a4028bcd31
wqp,wqp:21GAEPD_WQX-LK_12_4048,1996-08,ANFIS-F,20260815,19d3fc2154f091afd3ff741fe352e00059cec153593ce5b6afe9c629f323af33
wqp,wqp:21FLSFWM-KISSR0.0,2003-07,ANFIS-F,20260815,19d4eb16b5c07f3373d53184bed0ea6763088004d359282f26541f9ad9e501bc
wqp,wqp:21SC60WQ_WQX-SV-361,2007-08,ANFIS-F,20260815,19d6a984d9a531637585783c735cbc9ababb0cfc1706e62915251e5318fe7ae5
wqp,wqp:CAPECRD_WQX-262,2015-01,ANFIS-F,20260815,19d6c028e11e4ec9168af1a301d67e67de821fe8a12bf86b0e9c2e40525e5a22
wqp,wqp:21FLSWFD_WQX-23389,2004-08,ANFIS-F,20260815,19d8501fbf693a2072628ea967f99e9e304360660590ab2613976bd52493060d
wqp,wqp:21SCSANT_WQX-SC-044,2017-05,ANFIS-F,20260815,19da8a60f4eaf9b9d6a1e1f9cc5a3c0e88a7096e4ec407199f5e37d1c9205b61
wqp,wqp:MNPCA-62-0007-00-203,2002-07,ANFIS-F,20260815,19db73ea3ef1099e40f85349d0387420a60046105fcdafecd24c005e9bfc71aa
wqp,wqp:21FLSJWM_WQX-45399,2017-08,ANFIS-F,20260815,19dcbac1e00c32bcf16b18347261a3391d66e979fc1203cf4d180d8e0ebd312f
wqp,wqp:21SC60WQ_WQX-SV-363,2015-10,ANFIS-F,20260815,19dd08b1565f4631af3932f17e67091eaee79301faf392abf1da85130ee3a1eb
wqp,wqp:21FLSFWM-POLE3S,2007-12,ANFIS-F,20260815,19e045b3efe1ccdbd5b6aab7e725fec4e004d11bf400798224e9946ca90c46a3
wqp,wqp:21NC03WQ-CPF086C,2016-12,ANFIS-F,20260815,19e10a471c9ea225cf015ffa26428832690da27730bd474feb3cff1396346268
wqp,wqp:21NC03WQ-YAD169B,2008-06,ANFIS-F,20260815,19e178af7e9c83b6aa1e32c973893d2f0e80e461c28194c1cf536a14c393e4b0
wqp,wqp:21DELAWQ_WQX-109191,2015-12,ANFIS-F,20260815,19e29df7b1b9dc66e83399f6af8cba8d8a933ee49f0e9d38442735dd906a7682
wqp,wqp:21SC60WQ_WQX-CSTL-075,2003-06,ANFIS-F,20260815,19e3585fcce3be7beb6b17749552c1cf0f2730af219abe7911bd292eab9d75c0
wqp,wqp:21FLSFWM-A01,1982-06,ANFIS-F,20260815,19e409920f44fec742fcf0ca8ab24cc6e3f1d158abf3873b02325b6ca4c5d052
wqp,wqp:USGS-07048910,2001-10,ANFIS-F,20260815,19e4b99dffdc22ec237d08e82a0cda1635df1a30f23f4892d7c4285a17a5f389
wqp,wqp:21DELAWQ_WQX-303051,2018-06,ANFIS-F,20260815,19eb12310ef160bf7a2815a159c3b51f7e93dad9e30b22f6bcab080e1ef9ac5c
wqp,wqp:21VASWCB-5ASRN000.66,2013-11,ANFIS-F,20260815,19ec8c98a9ab9579401b509055ccb453818c9bd6907ac66d3bfa23ebed4580cd
wqp,wqp:21FLSWFD_WQX-23458,2008-11,ANFIS-F,20260815,19ec90a40315450505e84861716a7fd1d4dbb52b7349eacc754eb14622a1e692
wqp,wqp:21FLSFWM-C01,1985-04,ANFIS-F,20260815,19f0639df33d23687234d6f1ff9636cf52e31342f8ca1f7e8189529428f6e783
wqp,wqp:21FLSFWM-LZ42N,2007-11,ANFIS-F,20260815,19f6ee3c1823e19130c83807f486b1788bda99996f901543d631ec17e0f5942a
wqp,wqp:21FLSFWM-LZ2,2002-11,ANFIS-F,20260815,19f72a92e40387c564519e1672c6a8379bfc685a2b9aa45ba11828f1ffe438dc
wqp,wqp:21SC60WQ_WQX-SV-363,2001-06,ANFIS-F,20260815,19f81abe0d4aa1afe0e78078ed213f5d05b2f7f84cf9846fa5aa4092c3c9dcfb
wqp,wqp:21FLSFWM-L006,1985-04,ANFIS-F,20260815,19f8f46f9a2ce0bea0c25b5fc5752002fd55a0193ac01e3e4ac983927727cc84
wqp,wqp:21FLLCPC_WQX-GRIFFINTISH,2010-09,ANFIS-F,20260815,19fdf78018f3fc251830f691ca8575e80a58a2428ee1a612cea1cb289338e432
wqp,wqp:21SC60WQ_WQX-SV-098,1999-09,ANFIS-F,20260815,1a0167eea9589738a51c37ab42854b6dc5365f7d7faf73d273acc45aa16ecefc
wqp,wqp:21SCSANT_WQX-SC-040,2018-12,ANFIS-F,20260815,1a02efac156f9c1be02ff3a1651315ffb7bf50b1ed62cbdeab5689a7815caef8
wqp,wqp:21SC60WQ_WQX-ST-032,2009-02,ANFIS-F,20260815,1a0547534f314bc541b67b9ee74272dc735226073d9fd0dd631427588d84a81c
wqp,wqp:USGS-421420121481700,2013-05,ANFIS-F,20260815,1a07b5913aef79f4ae4a26e8ebfe070c87339dcbfff0164d4a40dc7ef185e0e6
wqp,wqp:21FLSWFD_WQX-23631,2008-07,ANFIS-F,20260815,1a0924ba55a46bf8e55e3c7b51fe47e1cf69ba9eca673a7b29e6450c7d8e087b
wqp,wqp:21DELAWQ_WQX-109131,2006-12,ANFIS-F,20260815,1a0e9576bbbc0f6cc6faae14bf4becea3545d9ad7c33ffca460f9d10cb9db086
wqp,wqp:21SC60WQ_WQX-CW-197,2002-12,ANFIS-F,20260815,1a13f65e6e55bc99645d3005052b200dcbddff1f86e2da02c386ac002d980786
wqp,wqp:21FLSWFD_WQX-23113,2016-01,ANFIS-F,20260815,1a142cad6667830114df4b6ff299aedd1ab2c63d202518c173d32f2baa4b4921
wqp,wqp:21FLSFWM-LZ42N,1991-06,ANFIS-F,20260815,1a168ea12aa040e441bf34036dc36df5ab60bff324af6efe6411097bb42d48f4
wqp,wqp:21FLSFWM-POLESIN,1995-02,ANFIS-F,20260815,1a17502a35c1df1f6707ff21152eaa0b540cf544f3cff751efd151eefcfb740b
wqp,wqp:21FLORAN_WQX-CC9,2017-03,ANFIS-F,20260815,1a1765518f303dada5824da02a8d17d57d288889a2b251c2f46285e070010b38
wqp,wqp:21FLSWFD_WQX-23477,2011-06,ANFIS-F,20260815,1a18d54801539fd135fc1d8bd6df07d0e369c5144a527b805abf95a501df18a0
wqp,wqp:21FLSFWM-LZ42,2004-02,ANFIS-F,20260815,1a196f790942a9636ad79946d7454888e31340054089d769eadfcb4eb36d3a02
wqp,wqp:21FLSWFD_WQX-23477,2015-03,ANFIS-F,20260815,1a1bc53c4f93dc34ed6d797f3c9f1c8ea6e154b6238651f17edf0078dcd0e231
wqp,wqp:21SC60WQ_WQX-CL-019,2009-11,ANFIS-F,20260815,1a1d236578dfd1f042a63261bb0f0380b49e34df410e555f9dba681a07d350cc
wqp,wqp:21SC60WQ_WQX-SV-098,2007-09,ANFIS-F,20260815,1a1e5a0830178dbbcb89982eb3ad56bffc6142aeab33718fb47dd225ec1b5eed
wqp,wqp:MWRD_WQX-BARR3P,2012-09,ANFIS-F,20260815,1a1eebe658b4096d0a99087054d9dd962527ff8685db9456a635df4724089b05
wqp,wqp:21DELAWQ_WQX-303051,2014-03,ANFIS-F,20260815,1a2075ef1a67eab726b94ad312611df359a69f905ee763d80afbbd9bfd0fbd5e
wqp,wqp:21FLSFWM-CLV10A,2002-02,ANFIS-F,20260815,1a21ba2d7bfd8ee06dd70f3e6c04b41d2f3d2bf6b571d09d4b166225b12773b9
wqp,wqp:21FLCOLL_WQX-LKTRAF1,1997-03,ANFIS-F,20260815,1a235851ba3789798edd6fc3349e0a94266f0343bede487be1fdc437ef447a6e
wqp,wqp:21DELAWQ_WQX-205181,2010-12,ANFIS-F,20260815,1a23ee03165ff8096584a611abf697d9bf76589178301e43098aa03b17be422c
wqp,wqp:21SC60WQ_WQX-SV-357,2018-09,ANFIS-F,20260815,1a24488531e9b74fae0467323aea284b7ddab5f8cdee48f3772945cebda61762
wqp,wqp:21SC60WQ_WQX-ST-032,2009-08,ANFIS-F,20260815,1a29bdef5eed9ce4f83611fb39c13e723427bc1e7e99fed9cbd66e35d11fbb26
wqp,wqp:21DELAWQ_WQX-303331,2006-09,ANFIS-F,20260815,1a2bbae938df8896380ee7f77c3e07f5d193742e6072da58ee1becc7f81fffd6
wqp,wqp:21FLSFWM-KBAROUT,1991-06,ANFIS-F,20260815,1a2bc2c36581862ce29caca227734ab06229ebfecc1760cad795a8522208ff1b
wqp,wqp:21FLSFWM-PELMID,1997-04,ANFIS-F,20260815,1a2be645df8cdcb7ea3fd88eae3234e87a22056fda8b1acdeda83cfa053856c8
wqp,wqp:21FLORAN_WQX-CC22,2018-08,ANFIS-F,20260815,1a2bf61c95062f91f1ae4292567a4857693651efdf59c4b86eeea3e63189628a
wqp,wqp:21FLORAN_WQX-HB53,2018-09,ANFIS-F,20260815,1a2f38ef9429702a690c1fdcda3983ae36ab5e33c5bc7bf81d3327bdc158770a
wqp,wqp:21FLHILL_WQX-135,2002-11,ANFIS-F,20260815,1a2f8d2bb9e6b5e6281eabcba9994b3f2c7deb36d375a51e0bd9e4b643c1a2ed
wqp,wqp:21NC03WQ-Q5360000,2017-09,ANFIS-F,20260815,1a301618c734697acaf7eb178fb59b812e6943925ffb3956d1c5b2052e6d744d
wqp,wqp:21FLSFWM-L008,1978-06,ANFIS-F,20260815,1a3175c4c6e44818bd17d6b35cda3c2f671ff940580a5fb50861069b40f94765
wqp,wqp:MNPCA-25-0001-00-246,1991-01,ANFIS-F,20260815,1a326b578f09fe60ea93a8e14a76af7af565a5189452ebca6059543eec35efa4
wqp,wqp:MNPCA-62-0013-00-201,1982-07,ANFIS-F,20260815,1a359dca09daa0bdb7d54005eaf31e69c199231afd503d0c24bcbae37e92e23c
wqp,wqp:21FLSFWM-A01,1998-05,ANFIS-F,20260815,1a35dddb7d551dfdae0183d7dc67b8412f35188f948fe5a3d77629087e61e7a6
wqp,wqp:21AWIC-23,1999-11,ANFIS-F,20260815,1a37729066e7dfa2d8cfd0b9cd19f2d8e42ff6e66ea00643b894db55cee18c56
wqp,wqp:21FLSFWM-KISSR0.0,1997-03,ANFIS-F,20260815,1a39462defa40465011dfcc59c4251bdeaab95beecd7e0e96c1e51173ef660b6
wqp,wqp:21NC03WQ-Q5360000,2014-06,ANFIS-F,20260815,1a3a99aeb2a8637918e6061ec47465c81264bf94c91b8072c092a184d5b185e1
wqp,wqp:21FLLCPC_WQX-TROUTDKEUS,2015-06,ANFIS-F,20260815,1a3b4e9d4975265aece83cc5f7506e67a5f84629496660b548061f69a19a6540
wqp,wqp:21FLSFWM-LZ30,1996-03,ANFIS-F,20260815,1a3befee96e805884ca783e53e71c2d9641efeb483d30e42bce7b9f8f6d518dc
wqp,wqp:21FLSFWM-KISSR0.0,2001-08,ANFIS-F,20260815,1a3c7432ab361fb82dd0b01503018679e22d84633fad472d6d25009a4fb53d78
wqp,wqp:21FLSFWM-L004,1983-07,ANFIS-F,20260815,1a3ff5a55656ae89534feaa7155721d00fda449df40360fd8980cc7eecd5c067
wqp,wqp:21SC60WQ_WQX-CW-231,2002-05,ANFIS-F,20260815,1a42c18c432c1c18d3b7b80fc6ba44f473274892368e8cce46f0c10f6adba00c
wqp,wqp:21SC60WQ_WQX-ST-032,2002-11,ANFIS-F,20260815,1a4620b7e5b601596bac2e734261c30e1bba156eff092156bc6d10290d94c02a
wqp,wqp:21FLSFWM-L001,1978-06,ANFIS-F,20260815,1a47999d2b8519966bc67a8a4a4a34236fe7dc413971f90164cee9729cb34c9f
wqp,wqp:21SC60WQ_WQX-CW-207,2017-10,ANFIS-F,20260815,1a4a02948b87af74ffaa35b52ef0c137308164e898007ea0959d8ac26c5e3d5f
wqp,wqp:21FLSFWM-B09,2008-03,ANFIS-F,20260815,1a4b252c6bdd3dc791a55cbdd858b5e122113e14199f0f7da42b292e5cc3de57
wqp,wqp:21FLLCPC_WQX-EUSTISSSH,2013-05,ANFIS-F,20260815,1a50af915941c8abee8a10bd3992ddaccfa0b2808826faae9df2732c31e4d319
wqp,wqp:21FLSFWM-L005,1979-05,ANFIS-F,20260815,1a5187284d4d8f87949631dd8ba82ff4e279b82c113f4e0dadf94017ac8ab3b0
wqp,wqp:21FLSFWM-MH16000,2005-08,ANFIS-F,20260815,1a519609dc5af827432594e4c7b74dab1d66d6949ed7593cdaa38945b189bcb2
wqp,wqp:21FLSFWM-B06,2000-11,ANFIS-F,20260815,1a51d1bdc79281d4dc8976d6c17fd78ad10b902b05cc379b9239a43b84a3f5f4
wqp,wqp:21FLSFWM-PELMID,1999-03,ANFIS-F,20260815,1a5306ef533e1d0ba51a6fa954907c2553fd06d175c92c64c235a694a3191986
wqp,wqp:21FLSFWM-B06,1998-09,ANFIS-F,20260815,1a5381b63509ad4ee961b69039e03667a8b4753c89c59db9390e30efdf7c7815
wqp,wqp:21NC03WQ-NEU019C,2006-12,ANFIS-F,20260815,1a53c570fab1368287e99db068e46061f2cf2df2672ce4d0dae1925d2ad2d8f8
wqp,wqp:21FLSFWM-LZ42N,1999-03,ANFIS-F,20260815,1a53e4d1285b33011fad9f031c7faed6c2e974a9406e11bf323a64725396f101
wqp,wqp:21DELAWQ_WQX-109191,1999-04,ANFIS-F,20260815,1a547d19c1dc4114563c43cd163b4ec37bd4bf3a1a5e2d73198f758483b79e52
wqp,wqp:CAPECRD_WQX-290,2011-05,ANFIS-F,20260815,1a55bab9bf07b71047eff1aa05a1d466158418831c5ee84c8b8b046160ea7ca0
wqp,wqp:21FLSUW-ALL020C1,2003-04,ANFIS-F,20260815,1a56833d195a5684bcfcb708eaeaafa75b452e5887c1ca3003f4e9ec60075c95
wqp,wqp:21FLSFWM-LZ2,2002-08,ANFIS-F,20260815,1a5d63336a9f2e71bfb0203b9ada07d9283178466dd7166165562e1b439f7792
wqp,wqp:MNPCA-25-0001-00-225,1991-08,ANFIS-F,20260815,1a5da525ae330b3e5277830acc5b2791b94a2bed9764403fd9612e9022dfd564
wqp,wqp:21FLSFWM-B03,1983-03,ANFIS-F,20260815,1a5f86d6cd9ee84b29cff3ecdeeeca0383f2549c7269487e1369b2351ffbfd7a
wqp,wqp:USGS-07049690,2017-07,ANFIS-F,20260815,1a6373fa748c9b28a6e0903ccda66dfc6b1fb763ade07e098ae69320e3758da3
wqp,wqp:21NC03WQ-CPF0880A,2006-09,ANFIS-F,20260815,1a6381a11119addd9785e3f3cc8756abb5ce915424e81e1e920f8065f66cc6ff
wqp,wqp:USGS-423659088354401,1992-03,ANFIS-F,20260815,1a65754f175fb3467a58bd84afea489a8b8573bfa142c1f1eeb27ed70517f850
wqp,wqp:21NC03WQ-YAD169B,2006-01,ANFIS-F,20260815,1a667535446913937aa78072694a54b1a8909cb442a10b5a5ce8bdf9f4e2d259
wqp,wqp:21FLSFWM-L005,2003-04,ANFIS-F,20260815,1a691fc89cc82b5a6828b1fa92d771c100959db5808ee6ff58ddefeb38325f47
wqp,wqp:21NC03WQ-CPF086F,2006-04,ANFIS-F,20260815,1a6b29962f78bf9ec04aba6e031a7b93964514837f20f1670b19007d8b3f35e1
wqp,wqp:21FLSFWM-D02,2000-02,ANFIS-F,20260815,1a6c7641f883ce18f007cb4fef001c65ee478f7e8c8780f2d9bc225fcd3503f0
wqp,wqp:21SC60WQ_WQX-CW-207,2007-01,ANFIS-F,20260815,1a70a95dda71779509b45e88d932fe47ca412b5eb8bf27af1aeb4abc592b4b86
wqp,wqp:21SC60WQ_WQX-SV-335,2010-07,ANFIS-F,20260815,1a717429aa9c002d84eded1755401ab16b377b9c6c689d5c57712b2807edd71f
wqp,wqp:21FLSFWM-KISSR0.0,2001-09,ANFIS-F,20260815,1a728c2d1df7096bb17225aaa68b159bfcbbdcb5c6dccec93265f7e81e337874
wqp,wqp:21NC03WQ-LI01,2017-07,ANFIS-F,20260815,1a78235670836f4d9fa4b29536d7cc4f68db65725ea78915b742ab0309077db8
wqp,wqp:OKWRB-LAKES_WQX-520710020020-04,2005-03,ANFIS-F,20260815,1a7834e0b1ec2e8804491df3911883c770d82d110d8e7ed795d6ec6ff11e2429
wqp,wqp:21FLORAN_WQX-BC8,2007-07,ANFIS-F,20260815,1a7b3bc99a344bafda8ebb64d2dfd889f2fa56207902d3a84438d4249905bc01
wqp,wqp:MNPCA-62-0055-00-201,1985-03,ANFIS-F,20260815,1a7c7991aca7540c4be368c38d605790355f550672680dd0f7b757467dc46667
wqp,wqp:21DELAWQ_WQX-206361,2014-05,ANFIS-F,20260815,1a7d76bc47b10b4c5445384527fbccd818350f856a4a78437c6164f59ab1d74f
wqp,wqp:21SC60WQ_WQX-SV-338,2016-10,ANFIS-F,20260815,1a7fe024e3f57d054adb6d5a55a7f91be46cb35e0a633f2bbd492d734dfc8d5b
wqp,wqp:21FLSFWM-E04,1985-01,ANFIS-F,20260815,1a8127ac3c6095edcba763eccf03b1d9099cff2a61e8562fb13ec6b327fac97f
wqp,wqp:21FLSFWM-L003,1994-04,ANFIS-F,20260815,1a8522089d5b4f2aabc964a887aa20a88ecd72d57ed4f95c0769f97561b38d45
wqp,wqp:21DELAWQ_WQX-108111,1999-11,ANFIS-F,20260815,1a86848c12a576e06b69e9410a8d9c8603837d9f2505067622667dacc9ce85ff
wqp,wqp:21SC60WQ_WQX-PD-327,2004-08,ANFIS-F,20260815,1a884ab0d6f16fe35e5710dd8ab39439b8711c50a487d53cad3b4a84d50bac48
wqp,wqp:21FLSJWM_WQX-44678,2017-11,ANFIS-F,20260815,1a89b79d2de018b251cd76a522c390716a3cfe8633cc7c90336933e503e8a1fc
wqp,wqp:MNPCA-10-0042-00-401,1987-04,ANFIS-F,20260815,1a89c72bf14a97d31b1c13d24654d7886e56cb517e8f912ae4e83904d0f8069a
wqp,wqp:21FLSFWM-B09,1982-08,ANFIS-F,20260815,1a8fcd7119b23f8238b0348139ca35aaba027b41f07a50ef583d427be93daf9a
wqp,wqp:21NC03WQ-NEU020D,2016-10,ANFIS-F,20260815,1a95755b1cd3933b76c1379cfa1bacd0d35005b55a1fb7e45ce71d7eed721cbf
wqp,wqp:21FLSFWM-B08,1983-10,ANFIS-F,20260815,1a97b4ecba0816de2351773fb67418c48a5b9c6c08d3031af1296eedb19447a7
wqp,wqp:MNPCA-47-0042-00-201,1981-08,ANFIS-F,20260815,1a9fca58319164c41585e8b13d4f17f66b490bed9d77949aa85be721ba6a3634
wqp,wqp:21FLSWFD_WQX-23144,2003-06,ANFIS-F,20260815,1aa671116788f843733a127e1d6340ec719a086f847b10c8c7759bf3a03a0a91
wqp,wqp:21FLSFWM-L004,1982-05,ANFIS-F,20260815,1aa838dae848da320e9cee06757b189c40036885e6fd48820c6b070f201e2a99
wqp,wqp:21FLSFWM-E04,1995-05,ANFIS-F,20260815,1aa8a5de0ba5e83a6d3d1aa6bec0b0837fc79cc137e63d445e2367b5ea2da38a
wqp,wqp:MNPCA-62-0055-00-201,1988-02,ANFIS-F,20260815,1aab61d126c149192c79b53ed707b06d2848dcb687e2403fb0ad3c497bb77185
wqp,wqp:21FLSFWM-A01,1995-09,ANFIS-F,20260815,1aabe37bc16b01a8cce4c74d112bcaad96c45d28e21b9bcccfbf8b8e88269c5c
wqp,wqp:USGS-423526088380101,2012-03,ANFIS-F,20260815,1ab1fd28b63538c859fd510f0f00532683f92f5cd182f521615fba3e860ea847
wqp,wqp:21FLSFWM-C03,1985-05,ANFIS-F,20260815,1ab2c2732104080ff30a820360bdcf19502d394f7a8c826162df9b95473962a9
wqp,wqp:21NC03WQ-YAD169B,2011-08,ANFIS-F,20260815,1ab56f1f2f5683a2d51058133c069cbd5d3981b2d596f724080803c1a5ea0027
wqp,wqp:CAPECRD_WQX-290,1995-07,ANFIS-F,20260815,1ab570f8ac6ec19c5bb7466c4ff741d3550c43e67b1580f7aa4a23c45e4f4b47
wqp,wqp:21SC60WQ_WQX-S-311,2014-03,ANFIS-F,20260815,1ab7ff03e5d0cce58fea642ce41925fb5c08cdedce2e84e2d9e89742af668154
wqp,wqp:21FLSFWM-KBAROUT,1993-05,ANFIS-F,20260815,1abc43ef1834b9d48ad359f98f764aa1c904280342bd77659f910b0e12f04a0f
wqp,wqp:21DELAWQ_WQX-307011,2015-11,ANFIS-F,20260815,1abdf8113d5e51e2bcee8fe8d8a0bb73443ee670ba0b03574b0f94c364642dd8
wqp,wqp:MNPCA-86-0252-02-207,1986-10,ANFIS-F,20260815,1ac1eb25501dc9405d2bcf5b83745f501123b4b9461136b73035165b20aa3d48
wqp,wqp:21SC60WQ_WQX-SV-340,2010-03,ANFIS-F,20260815,1ac5cab0f60946798fe01c1d4f872a3326f5332ff0cf30c7b0c9a16b1b087f55
wqp,wqp:USGS-423526088380101,1990-02,ANFIS-F,20260815,1ac74139c2901cf32d4557c569d0bcb5c26681831fa2545f0f10e6423898459f
wqp,wqp:21FLSFWM-ISTK2,1988-06,ANFIS-F,20260815,1ac741fb901072c01bc071086d65ad9b1335afd3abd2e34a523c690d1d514480
wqp,wqp:21FLSFWM-MH16000,2001-12,ANFIS-F,20260815,1acb04d386be5c3e05197f9795f1bb1631f1841321e0cf49309af6f99ffea5c0
wqp,wqp:21SC60WQ_WQX-CW-231,2008-09,ANFIS-F,20260815,1acb6a5a8dedfc5e70fa6b4b5f4df42fa584abfd676b8fd0a5a80682f92f926e
wqp,wqp:21FLSFWM-E04,1986-02,ANFIS-F,20260815,1acccb437926a36b69924ebe924635f93142bb4712d274b317f08c8578a7551f
wqp,wqp:USGS-07049690,2009-06,ANFIS-F,20260815,1acd7ae5c75b61b866b543fc2ffda5e0c61a860aa75c6abc136ce7dc4967d34d
wqp,wqp:USGS-01657460,1973-08,ANFIS-F,20260815,1acfa4a1765349e10ad6931cd98da695cfff4c0fb9a3d8cf14baa80eb750b8cc
wqp,wqp:USGS-423526088380101,2012-05,ANFIS-F,20260815,1ad4bd41fe4404482419fafbcc2cff7333f2eaa79e4b7c283c7e1ff351235605
wqp,wqp:21FLORAN_WQX-CC6,2016-02,ANFIS-F,20260815,1ad58c79f72787518f6d1cdd5ed2d876e5638e91fe928ba3c164c37f037f2f50
wqp,wqp:21SC60WQ_WQX-CW-207,2013-11,ANFIS-F,20260815,1adc208ba12ad955d47f8ba753083757567926ef1c5514926d0af3f4c4749e51
wqp,wqp:21FLSJWM_WQX-44158,2018-08,ANFIS-F,20260815,1adc9e9be8c9861c9969d7c92128d631951942637c1b6bcc661f03c2a1243e4c
wqp,wqp:21FLSFWM-L001,1979-04,ANFIS-F,20260815,1adce94193e237060674f4ab1295d6d4a0b246b4eacc55bddb6e4ca15bfe2be9
wqp,wqp:21FLSFWM-STAKEOUT,2003-06,ANFIS-F,20260815,1ae1de452660691152cda6fa93ec4ce0af42287dc18782d59f00b1f81933c6da
wqp,wqp:21FLSFWM-A03,1984-04,ANFIS-F,20260815,1ae1feb48aae72a0506833a922af1d6a88a25e740aaaddac9e7f070fb39f13dd
wqp,wqp:MNPCA-73-0014-00-100,1978-11,ANFIS-F,20260815,1ae29decab8bdfbd795e557c7fddefb044ac8b6e9b99459abf0dda06209ded45
wqp,wqp:21FLLCPC_WQX-YALEMARSHPK,2017-02,ANFIS-F,20260815,1ae351a7d8b8a9f4c538da0ddd070142967f9d965f48f1d40e5eaf8b82dbf391
wqp,wqp:21FLSFWM-ISTK3,1995-03,ANFIS-F,20260815,1ae54d1f3580eb034c0c504970d4bd21f74cb945d2d2e10652201732db2a098d
wqp,wqp:21FLSFWM-KISSR0.0,2008-03,ANFIS-F,20260815,1ae55099704251cf4bdbcce7a369b867ba1130762afa20dd1f5416bc43281d0b
wqp,wqp:MNPCA-62-0013-00-201,2002-09,ANFIS-F,20260815,1ae66dbade3588b6ef63d1cec0ad08082069e879ec43cebf533f3a245681f7d2
wqp,wqp:21DELAWQ_WQX-307171,2007-04,ANFIS-F,20260815,1ae74eb92e1f0651e142b8c3a595f66c026f165bed8628e169709ceaf4904e7d
wqp,wqp:CAPECRD_WQX-262,2001-02,ANFIS-F,20260815,1ae88e701d8c206b597eb483b36a5bf1d24b30f21db55f52c066e05c4954bce2
wqp,wqp:21FLSFWM-ISTK6,1995-08,ANFIS-F,20260815,1ae8968f1724788836657d52c3c3afdfbf36604d52672686da253c8701a53faf
wqp,wqp:21NC03WQ-NEU019E,2016-08,ANFIS-F,20260815,1ae92f1c33da87e898f4710c996c8b0f2cb7a47bbf22c079f981fff887111884
wqp,wqp:21FLSFWM-OISLAND,1996-03,ANFIS-F,20260815,1ae97c24e1e59c00b7e668381e642bf23307b7f16cb46445d4038ce9a9b48ae9
wqp,wqp:21SC60WQ_WQX-PD-327,2008-12,ANFIS-F,20260815,1aec12123da1bebc3733a4d65536aeb2303bed5d15eda26ed142edc313cd26ab
wqp,wqp:21FLSFWM-FEBIN,2005-12,ANFIS-F,20260815,1af0ccf10219a3c8bd49a5d91985a7b977a2da9dba88c573f513bec6e7c71e41
wqp,wqp:21SC60WQ_WQX-SV-363,2014-02,ANFIS-F,20260815,1af1fd4df9cba800dd817121937cf01c5e36e716c329d05e1b449879b0c83451
wqp,wqp:MNPCA-86-0252-02-207,1989-01,ANFIS-F,20260815,1af5e903c1307402e1de6f41ff52aaefd0288ec8e7213cc513c73cd57a56b08b
wqp,wqp:21FLSFWM-TIN16100,1996-08,ANFIS-F,20260815,1af6fefc762d1ce98a978bd61fa93ae518ece31840b14110af5d4d4de04677c3
wqp,wqp:21FLORAN_WQX-CC22,2011-05,ANFIS-F,20260815,1af830b2f3ef51bc408a30b317e6f5a8164394efd1d11df6581f97b2d5c419ef
wqp,wqp:21NC03WQ-NEU019L,2010-08,ANFIS-F,20260815,1afab12affb70fc945fe50ba2f937c994e00ce89ead7a384bba83a79726e8dca
wqp,wqp:21FLSFWM-TREEMID,1994-08,ANFIS-F,20260815,1afbe13ec5760f91e2e534755a86df89aa07d9f86a09b24f8e8171324980ca2d
wqp,wqp:21FLSFWM-PELMID,1991-12,ANFIS-F,20260815,1aff36047274273936fe0e1cafbdb312952c536a4a6325ea2e3a7a89f85b7a67
wqp,wqp:21FLSFWM-PLN2IN,1997-03,ANFIS-F,20260815,1b01fedfdf1322036d849f27c5a24c48373743035565086008ecf535e0f8cd3d
wqp,wqp:21SC60WQ_WQX-SV-268,2011-05,ANFIS-F,20260815,1b0858bc1774df4c4e26f8b484abdaace191f60deb89ae72926835ed4475c2e6
wqp,wqp:21SC60WQ_WQX-CL-089,2018-03,ANFIS-F,20260815,1b10842b499534ef0b27ed3efa25cd58604787fbb6499dc03beccf7dc8e5f946
wqp,wqp:21FLCBA_WQX-WAL-FULLER-3,2018-06,ANFIS-F,20260815,1b118dec3a4490fdde50d23c35a544e7d0901eff29244948a8328acfc4826568
wqp,wqp:21VASWCB-5ASRN000.66,2004-08,ANFIS-F,20260815,1b12678cc1222661a8f72e13e98c6932d29a3a79931511f73f1ff51e56e7613a
wqp,wqp:11NPSWRD_WQX-SLBE_PL_01,1996-04,ANFIS-F,20260815,1b13bca7f17148021754b384b674537492f4bc11179df4b7e7b3b9d1f7cebfab
wqp,wqp:MNPCA-62-0055-00-201,2004-08,ANFIS-F,20260815,1b14a1bda4e17ca4ded4d8d2eddd7d22ae505ac153c8d3787d85f7f48cd71688
wqp,wqp:USGS-421420121481700,2013-02,ANFIS-F,20260815,1b15154b38cf6b1852fe7c36616338a8f6be04a09808443bdba3827e6b74f2cd
wqp,wqp:21SC60WQ_WQX-SV-335,2005-09,ANFIS-F,20260815,1b18e3db40a9a0f4b474774c38c2bd2b241648e79f9d16155ebb3c5deeffc4f3
wqp,wqp:21FLSFWM-LZ42N,1990-09,ANFIS-F,20260815,1b1968169c8eeb6702aaae83705791492db276a26a3898b3d090fd23f2754887
wqp,wqp:21SCSANT_WQX-SC-005,2016-02,ANFIS-F,20260815,1b1968c330468640eeea44b1190babf7f071fcffd332dbd3558635c069498d4c
wqp,wqp:21SC60WQ_WQX-ST-032,2002-12,ANFIS-F,20260815,1b1b96fa5dc16a1a730f630d1de0f6e8b92354917987fde1f9fccd3b83c1da4f
wqp,wqp:21DELAWQ_WQX-109131,2016-12,ANFIS-F,20260815,1b1deca70e4a86aa2e34033957c8c1a273d5dfb87a253ac69dfc04c19b4412a9
wqp,wqp:21SC60WQ_WQX-CL-089,2002-02,ANFIS-F,20260815,1b1e9341826df6b7d5db3ab73fe596a38e1d1a685e91318a9f2bfc267cc7f8a6
wqp,wqp:21DELAWQ_WQX-208211,2018-10,ANFIS-F,20260815,1b1ed2ddd8c740a1a64735f1d9f96801b96052d764075193326ed2a42cf7bf33
wqp,wqp:21FLSFWM-E04,1997-08,ANFIS-F,20260815,1b20f861d323a88f42a49c394b330323b6a447b3bf55fe780ff4351a0877e6b6
wqp,wqp:21FLSJWM_WQX-44055,2018-12,ANFIS-F,20260815,1b2108c2e68605dfe8d6f24c296912674d02b735aa7b0e1565bf6ed93f7a93f6
wqp,wqp:CAPECRD_WQX-280,2017-06,ANFIS-F,20260815,1b2132153528bb10f554c1f2e70b8cd1776333433d6a7045230863b680e611ee
wqp,wqp:21FLORAN_WQX-CC4,2013-06,ANFIS-F,20260815,1b21e389e4333584e7a162c3c53505bc32c89389cdea3c0c2cc490fd50cecf2f
wqp,wqp:21FLSFWM-PLN2MID,1994-03,ANFIS-F,20260815,1b2424bf5890413359b3a1ee48941279fec8a7e0c595bcb4fcfa5b8393d567fb
wqp,wqp:21FLSFWM-OISLAND,2008-12,ANFIS-F,20260815,1b28353fe757505f4c17ecc53dc2d5e10b72038e3077073b426f58b8da62a9c3
wqp,wqp:21SC60WQ_WQX-S-024,2015-02,ANFIS-F,20260815,1b2881782005c7a8d762ba0cb6008a26ca3d17efd6db3edc8d0e889702b3cb54
wqp,wqp:21DELAWQ_WQX-307011,2015-04,ANFIS-F,20260815,1b2b253e3325f48691df8acb5740f04bc80b3cbe9ae32fea7cc1a3c4fd620664
wqp,wqp:21SC60WQ_WQX-SV-339,2015-07,ANFIS-F,20260815,1b2be12e82487373146d47a77a25be2617f4588cc3594079fe3125e41f7d61c3
wqp,wqp:21SC60WQ_WQX-SV-098,2008-01,ANFIS-F,20260815,1b2befed777e7f1ee86696af8366a2d793c136811d1c53f678f3f02f0a7f754c
wqp,wqp:21FLSFWM-LZ40,1996-12,ANFIS-F,20260815,1b2c4948773fbf6d6dc7410a98a24af0d117333d24691c66f454ee3fa5e37092
wqp,wqp:21DELAWQ_WQX-208181,2015-07,ANFIS-F,20260815,1b2e33014ff795386c41656d9f9b0e780b03db6bbf235857e49d1b71157e21b2
wqp,wqp:21DELAWQ_WQX-208211,2010-07,ANFIS-F,20260815,1b2ee9d61d3a60e1407685d2a3d553bab6bb9125780154ac64831722fee4a936
wqp,wqp:MNPCA-86-0252-02-207,1991-06,ANFIS-F,20260815,1b2ef99fdd190dc0d3fea8c2ec375c7aa12ba964320202e79854a4b114097697
wqp,wqp:21SC60WQ_WQX-PD-327,2002-02,ANFIS-F,20260815,1b3000449dc83001a347508f0e273af4c6cab73cab5fa555dbbdd0258e7f4436
wqp,wqp:21SC60WQ_WQX-B-339,2014-02,ANFIS-F,20260815,1b34370e76c151d85989ee5266940296dac21c74cc9ad1a61e6c71de568a4540
wqp,wqp:21DELAWQ_WQX-308071,2006-02,ANFIS-F,20260815,1b3aea9a385d1ea529bf0995d383ffe8f5d0bba4bbf904b8b50245fad9849bca
wqp,wqp:MNPCA-62-0054-00-101,2012-08,ANFIS-F,20260815,1b3c0cc1a5bfb239e7a45706104edc5a0049e36e157dcd2d8107c91838507864
wqp,wqp:21FLORAN_WQX-CC17,2005-06,ANFIS-F,20260815,1b3e66bb5c688cb1ea7d8ca5b20746fa14a3e6765eb38ebf9b418bb694a42216
wqp,wqp:21FLSFWM-OISLAND,1996-01,ANFIS-F,20260815,1b3e6f913c7e0f206fa6f68f1aab55383f14c7f78b7ad9a5ad96d8b170936aa3
wqp,wqp:21FLSFWM-B06,1985-03,ANFIS-F,20260815,1b3eab9fca98582a23551de2dab3333339bc37694e4409a3c2f7e0392d82e812
wqp,wqp:21FLSFWM-PALMOUT,2008-12,ANFIS-F,20260815,1b4259bd6672da6efb3538afd3535267722e072c9e9458bf85036ba2a7c5e3d1
wqp,wqp:21NC03WQ-NEU019P,2013-03,ANFIS-F,20260815,1b4538a2299849e565ad78de05de3f3b383ab9aa6152f44c3355fcac8518dc51
wqp,wqp:21FLORAN_WQX-CC18,2007-10,ANFIS-F,20260815,1b46802e8b28bece6a766b7d7c5011d38a806f9aa14532c128d6dccabc0cb12f
wqp,wqp:21SC60WQ_WQX-B-339,2008-02,ANFIS-F,20260815,1b4794aa7720420f970449527a2c61973fb295d394c5e587fe4a0a89979fc23f
wqp,wqp:21SC60WQ_WQX-SV-357,2011-07,ANFIS-F,20260815,1b495d682462899f793c97983aff500a69fce6884186df2267e98142f9d74db1
wqp,wqp:21FLSFWM-LZ40,2004-03,ANFIS-F,20260815,1b49e78554f06b51570cb049cabc373cbac542d5c95aa6b89d35c7ed0a6bb349
wqp,wqp:21SC60WQ_WQX-SV-331,2006-10,ANFIS-F,20260815,1b4f1e5f4c3864940137b300d145f6d38509e0a247d0eb9c397d7a43468067d8
wqp,wqp:21FLSFWM-L005,1997-02,ANFIS-F,20260815,1b5328463f235715a90337b0d214bf397973418a23a85841306ae645a52945e6
wqp,wqp:USGS-423526088380101,2006-06,ANFIS-F,20260815,1b5658e69f7e21fdd10761e24590d4db208a3efdf16590fe274b54130066a2ff
wqp,wqp:21NC03WQ-NEU018E,2012-11,ANFIS-F,20260815,1b58af687a81b56895201c95be7f4a3c69643972444508e19d11f7d934ef625d
wqp,wqp:21SC60WQ_WQX-PD-327,2005-12,ANFIS-F,20260815,1b5b686a50e9cbffbe74abadc82cb937e545e6d362587fb1b05233f1d53ac082
wqp,wqp:21FLSWFD_WQX-23609,2012-03,ANFIS-F,20260815,1b5d00be934ffacc76fa3ecd8ef5cfc0a5a3c3a30ea29428ad2b25706de940c0
wqp,wqp:21NC03WQ-B2450000,2013-11,ANFIS-F,20260815,1b5d4ca1f867103825e6d8a278495ea837c6810d54453689ded73174fe0f3de9
wqp,wqp:21FLHILL_WQX-135,2015-08,ANFIS-F,20260815,1b5e2f47dbdc581b4e0a32539219fa6594fa4f6e5f577805896d450e9d768fc2
wqp,wqp:21SCSANT_WQX-SC-042,2016-12,ANFIS-F,20260815,1b5e43796d4da08c22c7e78f8a2a5824d29a3e841ae150d2404022021852ca11
wqp,wqp:USGS-01201700,1980-04,ANFIS-F,20260815,1b602194f86022e8af371201cf48fb020d2cd27eadb7d3709eb4828e8932f66b
wqp,wqp:MNPCA-86-0281-00-201,1986-04,ANFIS-F,20260815,1b61dfbd07d597a875903129daead7f2a79d9b95d513304ca8f3248a2b6ba00b
wqp,wqp:21FLSFWM-KISSR0.0,1992-12,ANFIS-F,20260815,1b6243f6062d7f592446e8e71c990ea91f3c6ada2091af6da3057e8b94b2354d
wqp,wqp:21FLSWFD_WQX-23641,2009-06,ANFIS-F,20260815,1b66093bc5ab8f2447d21c54006031e4885047c5251e113a4beda5c14d5ec36b
wqp,wqp:21GAEPD_WQX-LK_12_4048,2002-09,ANFIS-F,20260815,1b6779a97b03b598ae09c510b50b5366e911e07749d7f72ca2cf99bd9e712f75
wqp,wqp:21SC60WQ_WQX-CL-019,2005-05,ANFIS-F,20260815,1b697fc09399e0416197ed83192173a9a62ea4ae0d17498d30e4ab0a55bf0503
wqp,wqp:21SC60WQ_WQX-SV-200,2008-04,ANFIS-F,20260815,1b6b6d4d84e9443eb12ad1f3aeb38793fc01cae4fc5feafb2330df01f943bac4
wqp,wqp:21DELAWQ_WQX-109031,2008-01,ANFIS-F,20260815,1b6b8f849f490637481ee6bd06e6e3885719f530db25fdd6de47b8dd6a8a4018
wqp,wqp:21AWIC-23,2009-12,ANFIS-F,20260815,1b6bb02f312fc9efa16fb268ccc8998997c103c93de95b247d2c150409452f12
wqp,wqp:21FLSFWM-PELMID,1992-06,ANFIS-F,20260815,1b6d754b29fc895397a5bb669a986c278c72fbb35d05cf26ce88ce4bc5967b5b
wqp,wqp:21FLSFWM-L004,1999-02,ANFIS-F,20260815,1b6e0db769e2c02e1badf0658265e60d5d1f2b20dc6c2bf1fbbefcddd636d52f
wqp,wqp:21SC60WQ_WQX-SV-268,2007-10,ANFIS-F,20260815,1b6fef3fe068c078bf4018af43b1c65969d8894c3c60411bbd25dcfe4352b4e5
wqp,wqp:21FLSFWM-ISTK1,2005-03,ANFIS-F,20260815,1b71941e28581cb508dba69fbac457490dd1c047a832bba3cd5fcbc6a93c7e3b
wqp,wqp:21FLSFWM-KISSR0.0,1989-01,ANFIS-F,20260815,1b728d2088b2b7396381dbd183e57d86eb538ba5c09ab4696fd84e085068873a
wqp,wqp:21FLSFWM-KBAROUT,1996-03,ANFIS-F,20260815,1b72b2719cd705a4820fec4f0db47bac63a511f6c502b9439a299c7150b33cd4
wqp,wqp:21SCSANT_WQX-SC-005,2014-02,ANFIS-F,20260815,1b72fd21a9dee3a90777e9261628850099e78a906c6ca94098ece3c0d00e9711
wqp,wqp:MNPCA-86-0297-00-201,2009-09,ANFIS-F,20260815,1b75de968e134d26907043f17c7e44b56ab1a5112b009430fcd8e3ba4f96fc3e
wqp,wqp:21FLSFWM-TIN8100,2004-05,ANFIS-F,20260815,1b795b7efcb6d937bf33927f169ca426b399b5b84378af31ebd98e1c9323049c
wqp,wqp:OKWRB-LAKES_WQX-520710020020-05,2013-03,ANFIS-F,20260815,1b7a9804e12f5c3689eb36557a72562c1957307799661bc674984836b3a0e8e1
wqp,wqp:21NC03WQ-YAD152A,2006-08,ANFIS-F,20260815,1b80c3e6b356f48202b73766a256335e3852442537cb8b8ed44d1d5f98e741cb
wqp,wqp:21SC60WQ_WQX-SV-339,2006-03,ANFIS-F,20260815,1b82aae0a4ce6ff0fa16c75bab1903e0b45e4e0d4ae5a749784367f633721318
wqp,wqp:21SC60WQ_WQX-SV-338,2007-02,ANFIS-F,20260815,1b833d24edeb3053ea8ae5b01faa2b9987be70475e6abf3c7cadfdecd8821eff
wqp,wqp:21VASWCB-5ASRN000.66,2008-02,ANFIS-F,20260815,1b86de9f3234298ac547dab3968ea06d30996f254ebf5b2c0a93218b95cb7efe
wqp,wqp:21NC03WQ-CPF086C,2011-06,ANFIS-F,20260815,1b889525b9ecac3301bcd0144d61fe4aa96f33d4691c336f11b264fc40c0df56
wqp,wqp:21SC60WQ_WQX-CW-231,2002-07,ANFIS-F,20260815,1b8aedbd11a99de5f4f51700ab457b7fdd61f7a30ef7db99bc08e22018c9ae81
wqp,wqp:21SC60WQ_WQX-S-308,2000-10,ANFIS-F,20260815,1b8b3befe2e997152cc08fda2d3774ef048a2c48b838bbf4f665dcfb2572f513
wqp,wqp:21SC60WQ_WQX-SV-357,2005-03,ANFIS-F,20260815,1b8fcd82ce0a3d7c8d2c77aaea3e46e3756a9848eba6b2a52c83041b95fd1149
wqp,wqp:21FLSFWM-A01,1984-07,ANFIS-F,20260815,1b9089fda71fa75edff3f3e32a3357a1d5a041bc47f232640ff4b9caabfda578
wqp,wqp:21FLSFWM-L008,2003-11,ANFIS-F,20260815,1b90da6eb370823f36be2c028c5f13c9a3226152eb52939affd4bc2054be7215
wqp,wqp:CAPECRD_WQX-290,1992-10,ANFIS-F,20260815,1b9169344be41ada76345c318dcfcd4b030e5e831bb2c37f9c0a8da587d91ded
wqp,wqp:21FLSWFD_WQX-23641,2011-12,ANFIS-F,20260815,1b9251ec412718531975c24fec3611b5419d0d2db1f87732083b52204fd66b98
wqp,wqp:21SC60WQ_WQX-SV-236,2012-01,ANFIS-F,20260815,1b975643c9670c53c8ff99e52ec066a2ab81389951c039a867baef6e909fd93e
wqp,wqp:21DELAWQ_WQX-208181,2018-11,ANFIS-F,20260815,1b9814100c5736fdf7dc279eaec360945f15f4af0f9070f00c71bb6a127c2de8
wqp,wqp:21SC60WQ_WQX-SV-338,2006-01,ANFIS-F,20260815,1b99df3d92177c33da230850f8f04db81a366b931d9a3a47f3d4f266b4c74db2
wqp,wqp:21FLLCPC_WQX-GRIFFINTISH,2012-09,ANFIS-F,20260815,1b9a7c5c1998df6aea11dfdb0d19544e4383462e66d4faf8041783ed1492bfe6
wqp,wqp:21FLSFWM-E02,2008-03,ANFIS-F,20260815,1b9aa6a2fa96f41a8a97ebbb8c8058ae475a03ddb5d8c219f36f3c2fa6e83aba
wqp,wqp:21FLSFWM-B09,1986-12,ANFIS-F,20260815,1b9acbdc2deab5ebdf20a9773c7a8465c25814c50bff5212b0b332665fe77dcd
wqp,wqp:USGS-01657622,1974-10,ANFIS-F,20260815,1b9bac807c83453c2b5759e46237237f2091d0478298798e81398dfba5e9d42c
wqp,wqp:21SC60WQ_WQX-SV-331,2004-11,ANFIS-F,20260815,1b9c5d54e7c8fc6d8c3cdd516c3d063f08282a4945593d6cf84bc43902497c6a
wqp,wqp:21SC60WQ_WQX-SV-361,2003-11,ANFIS-F,20260815,1b9e078079dbd918fbb0da7dd0af4943bb7d52c253d30708810db023fef15ea3
wqp,wqp:21SC60WQ_WQX-SV-331,2001-01,ANFIS-F,20260815,1b9e4908523b66fc7af942973851e862e2c1897b332b99d5330b0615388ae1cf
wqp,wqp:21DELAWQ_WQX-206461,2008-03,ANFIS-F,20260815,1ba0c5af1615e47f80093b3df94db78253b8ba8d51e314350158ceb63631e132
wqp,wqp:21DELAWQ_WQX-109131,2006-11,ANFIS-F,20260815,1ba197c219182642a756c8c3fc784033cf7ab4001f8768aba41e941abc832dee
wqp,wqp:MNPCA-25-0001-00-215,1996-07,ANFIS-F,20260815,1ba283a476e51a393c875c43c62951d4ef6a4667aee15cddb5fd318c58219cbb
wqp,wqp:21NC03WQ-CPF0880A,2013-03,ANFIS-F,20260815,1ba62b11b4a6b075e7ef72adae857831c91c3c2647ca65ab191fe414065aed58
wqp,wqp:21NC03WQ-B2450000,2009-07,ANFIS-F,20260815,1ba6b6ce578e579c4453319c523ab4563ecab7e789b30e2fcc73f8d0a88824f3
wqp,wqp:21NC03WQ-NEU019L,2007-07,ANFIS-F,20260815,1ba7a9d98ae2399a112236b307011df930f1a5f356213f43c7bcb1988d00c266
wqp,wqp:21SCSANT_WQX-SC-044,2016-12,ANFIS-F,20260815,1bab64633bc52f61b3381d74a71076235459264781accb2f3d8a1b8326d770ad
wqp,wqp:21FLCOLL_WQX-LKTRAF4,2000-11,ANFIS-F,20260815,1bac0c7ca4a7d15f8a0c54568f29ed8a02db5231404bc58f6a1ca82b84e4a651
wqp,wqp:21FLSFWM-LZ42N,1993-05,ANFIS-F,20260815,1bae7af4dac733aa752e74b99e7559a960d06fcdff0ebb4694c2a8d91e6df6f2
wqp,wqp:USGS-07144790,2013-02,ANFIS-F,20260815,1bb19c6d5d7192a4cd059e60bfe9505724826aadd4df98c76260ce3afa2f4dd4
wqp,wqp:21FLSFWM-TIN13700,1998-10,ANFIS-F,20260815,1bb8331975c0105ac37516f34f468019168be9edf665afbe4efab2a20555f0ef
wqp,wqp:21DELAWQ_WQX-304321,2005-09,ANFIS-F,20260815,1bba02f2122b936d576cc75522b2ce39f0fdb5cfd4ac289b23aab6e72754effe
wqp,wqp:21FLSFWM-L003,1984-02,ANFIS-F,20260815,1bbac212be5d62f020c14a8cee454c0a2433d7cdf06fc07ee16f314cc55a13a7
wqp,wqp:21SC60WQ_WQX-CSTL-075,2007-08,ANFIS-F,20260815,1bbcb4874a1e3b906b90ea88114fdd4926afb34a94d4dae2c0c9b773faef3b12
wqp,wqp:21FLSFWM-PALMOUT,2004-07,ANFIS-F,20260815,1bc0c4aabf95dbd0318c7a9a02b5521704134ace9e57ddfd7485195e8a7a0da5
wqp,wqp:21DELAWQ_WQX-307011,2008-11,ANFIS-F,20260815,1bc1bd2e8f824e2fb4198cadd44ca9d58de3e5db89a944b087377fef529feef5
wqp,wqp:21SC60WQ_WQX-B-339,2005-04,ANFIS-F,20260815,1bc7b4d255d1b91cd9c480ff4beb10c45cccca2ed6b05de5e390a799195a1cb5
wqp,wqp:21SC60WQ_WQX-CW-231,2005-12,ANFIS-F,20260815,1bd13594d4e982c1d263c8d21ae756fc8ed58a2d095a37dd2bbaec7a5e2cebf7
wqp,wqp:USGS-423526088380101,2014-07,ANFIS-F,20260815,1bd3b1b1203889fd4bf34520241f5eaff55007e94c37355bbff2503f6b600136
wqp,wqp:USGS-07144790,2008-09,ANFIS-F,20260815,1bd72968b8f8bcdef28a9161e00351bfb3e182f7ea18949b7e87887f1379e899
wqp,wqp:21SC60WQ_WQX-SV-200,2016-02,ANFIS-F,20260815,1bda378ea783f2f4d175646b7be5bf8ddb19334ef365d5f9b6aa292ad8c6ae4e
wqp,wqp:21FLSFWM-ISTK3,1996-12,ANFIS-F,20260815,1bdcc0591e504d6234d8bbc777c3d606cb00f8511cefbb1e2192e2b2f6cb3022
wqp,wqp:21DELAWQ_WQX-110011,2011-04,ANFIS-F,20260815,1be0fb03bec5131e18cebcba7d59a68c1314f0c67ab24bef8d083029c405d67e
wqp,wqp:21FLSWFD_WQX-23467,2010-10,ANFIS-F,20260815,1be2f80bd8ae4a320c443aca82681bc974af5105651137e1a0ca518f1f2975c9
wqp,wqp:21NC03WQ-CPF086C,2014-03,ANFIS-F,20260815,1be4ec6b8198f10b2128f2ba2b974fea90e739ab985523b60b7bb687add9ab4f
wqp,wqp:21SC60WQ_WQX-SV-335,2002-12,ANFIS-F,20260815,1be5224430db08b5d9a55df525a348783c08ec4283cafe39bed61d9499fcb1db
wqp,wqp:21DELAWQ_WQX-206361,2012-04,ANFIS-F,20260815,1be6bcd50af2c484c26d004d59a7b362f1c2d49085235061c2a78793eebad777
wqp,wqp:MNPCA-86-0284-00-100,1987-07,ANFIS-F,20260815,1be7c48cc9ba99ef24c062f28b863060e132fb578573e23bbba5cc29e6270b30
wqp,wqp:21SC60WQ_WQX-CL-089,2005-03,ANFIS-F,20260815,1be82c8b780258d2ccb8db48410add9d59c14db2d840e833478ce7998c37e3e8
wqp,wqp:MNPCA-47-0042-00-201,1984-02,ANFIS-F,20260815,1be87b7057fa39ff03162187006cb46828fa2d1ee7c7a2a287920bd61c2188c3
wqp,wqp:USGS-295554095093401,2013-12,ANFIS-F,20260815,1bea91f56a37cccd25974528a33b88dd8d33073cdb29da7fe61c6e3a5001343c
wqp,wqp:21DELAWQ_WQX-109131,2017-01,ANFIS-F,20260815,1beafd4bf13344d641396ad2a38f4f28bedde42e5f471a6b95b174f5d3aba27e
wqp,wqp:CAPECRD_WQX-280,2009-05,ANFIS-F,20260815,1bec0be97ad455a0c7b9cb8aa17633524a6fbbfb504a97391334577e48da5097
wqp,wqp:21FLSFWM-B02,1991-05,ANFIS-F,20260815,1bec25da72550fae547d556365c1341606a30541bf9ad3605033b1096edd31b4
wqp,wqp:21DELAWQ_WQX-110011,2016-11,ANFIS-F,20260815,1bece25c22a9de0f4d2838cd85a63ead911743533899da7a4771c6740d75e469
wqp,wqp:21SC60WQ_WQX-ST-032,2001-07,ANFIS-F,20260815,1bf2490b323bcf1fa16f18d2906f61738ed48c1c9ba27e7867e783df6fb0e4d0
wqp,wqp:KAWNATON_WQX-KN-KL-001,2016-09,ANFIS-F,20260815,1bf5a4687f57dc11a506b23e29ef41fd927b2d451fe5869479705cc9cbea1ace
wqp,wqp:CAPECRD_WQX-280,1994-08,ANFIS-F,20260815,1bf5e1b72306c25115eebe0274a83144d0fa1d98cecf05488820fa7224cbc79e
wqp,wqp:21NC03WQ-YADHRL051,2009-03,ANFIS-F,20260815,1bf7e2e4d2fbd0ae847d66e0f7a1b57d458cbb35cd140f2ea1720c186aa799df
wqp,wqp:21GAEPD_WQX-LK_12_4048,1997-12,ANFIS-F,20260815,1bf8d309759f69cf42e95b1267965098caf1c3b7d611756e44ed25c4cfc52aa8
wqp,wqp:21FLSFWM-TIN16100,2000-06,ANFIS-F,20260815,1bfd021990c955f0a2e3f77a282b69af00202e526e1ab682b82707e4d2bbbd90
wqp,wqp:21SC60WQ_WQX-S-222,2012-02,ANFIS-F,20260815,1bfdfb5a9c13087c3ce989b4c7e92e3c5ff779df9d80386283ffb3daabe3d532
wqp,wqp:21FLSFWM-B06,1989-09,ANFIS-F,20260815,1bff72c3b35eed141b3b868feb4c70f740d0a174371f56fbe7ccc9ec33b1ecba
wqp,wqp:21FLSUW-ALL020C1,2002-08,ANFIS-F,20260815,1c0713e1ea6faf1748a9924068685562a42cc21a0e2e75d42044114b491cdd59
wqp,wqp:21SC60WQ_WQX-SV-338,2003-03,ANFIS-F,20260815,1c082729a3b3fac6bebcfb814061243b9a5393cbcb0eae915e7e42e06ce4eed9
wqp,wqp:LAKELAND_WQX-LH31,2009-08,ANFIS-F,20260815,1c08aa196a499ed1608fb1035ca993ca8a9132e26457a9370a463ce02de1ce0b
wqp,wqp:21NC03WQ-CPF081A1C,2001-05,ANFIS-F,20260815,1c0bdc9c62ae039bcd89861e8954922f167e5c80434cea5933c7c6d9284ae689
wqp,wqp:21NC03WQ-NEU018E,2015-12,ANFIS-F,20260815,1c0cc270cd404cc3272b97767cca0f605d3667c66623b74000c9756ea606172d
wqp,wqp:USGS-01201700,1978-11,ANFIS-F,20260815,1c0e124a1f10989d50996d554633dabb432eb15cdab021b4003c3f6a1e0b53a4
wqp,wqp:MNPCA-25-0001-00-231,1992-04,ANFIS-F,20260815,1c109bf511bfae8db8910c7928a7fdfa15a3d487e6cea57552322e1f933a1bf6
wqp,wqp:21FLSFWM-MH16000,1998-06,ANFIS-F,20260815,1c11d4964289aafc67c77e4b037b29c8e9d1159312afd49707d5f39d3c389d50
wqp,wqp:21SC60WQ_WQX-CW-231,2001-01,ANFIS-F,20260815,1c12fe2dad22cd3ea31cc22a9984a90c95ac5e910f844b6afe90db3be9405348
wqp,wqp:MNPCA-02-0075-02-203,1984-09,ANFIS-F,20260815,1c1438af92e07c7c4d8b5be12b41d665676538ef94219a17e06fbb1851965fa7
wqp,wqp:MNPCA-10-0048-00-201,1999-06,ANFIS-F,20260815,1c1623273f4a5347bc739b80f2e53f772cf14861aea17b7db36b0c5b323b7428
wqp,wqp:21FLSFWM-C02,1984-04,ANFIS-F,20260815,1c183cd334320d80c1a9554e6990ba347dd379688dcacdee09907e5319f95b41
wqp,wqp:USGS-0726329710,2008-01,ANFIS-F,20260815,1c1db371afad50c7c51031bb5d60deac147df731c0ac5256c3a6fa54d6ad7fa7
wqp,wqp:21FLSFWM-CPTOUT,1987-04,ANFIS-F,20260815,1c200166951bd055271596b7b39b60dae933420a70aa2aa24a669bad4a4e314a
wqp,wqp:USGS-423526088380101,1994-08,ANFIS-F,20260815,1c24140730eb97708582390446fed0debb27080cde45b0f8f0c4b89a5767bf82
wqp,wqp:21FLSFWM-E03,1983-12,ANFIS-F,20260815,1c2adb54d1dd2c06cee14fb664844bcdf59afe8d75264c7c014f9b35c4e923a0
wqp,wqp:21FLCBA_WQX-WAL-DEER-3,2018-11,ANFIS-F,20260815,1c2db2f82d18983b7cfcb63ee9777c4014526fbf3febbc48135f14bfa710fae3
wqp,wqp:21FLCBA_WQX-WAL-CAMPBELL-2,2017-08,ANFIS-F,20260815,1c2e4e188f97fa7e03286fdd007f4f94fa0849edbc980a07e3a22d4bfcc6db5c
wqp,wqp:21FLSFWM-D04,1984-04,ANFIS-F,20260815,1c2ec32a584aed0d230a7f7557b27de2d6dcdb3b6e9cd83456e79021c1540260
wqp,wqp:21FLSUW-ALL010C1,1998-09,ANFIS-F,20260815,1c303b117a581d55a54f51bd46b08883732983a78767a3de0022dac883c32c4d
wqp,wqp:21FLSFWM-L005,1984-06,ANFIS-F,20260815,1c3244d4375667a912490dcdffb483769a71e738c37789786787b3ab5431117f
wqp,wqp:21NC03WQ-CPF086C,2010-01,ANFIS-F,20260815,1c32bd6fd87752d340e085c469e21cc401d632c6740ae6fee4c3f9a29b1009dd
wqp,wqp:21FLSFWM-A03,1984-08,ANFIS-F,20260815,1c333d5f5d1f46f2cff5f4215af68d81170a41a0440b8ddcf251fb2a3b468317
wqp,wqp:21SC60WQ_WQX-B-339,2018-01,ANFIS-F,20260815,1c3472b27d08212606a109dfd7b605001b6ef75ec6203e5e0a6904cb03cb527d
wqp,wqp:MNPCA-10-0042-00-401,2008-07,ANFIS-F,20260815,1c3d299dfbb3de08758e7098e306ef2856935ddf2fbb434087ee6265ce79deca
wqp,wqp:21FLSFWM-STAKEMID,1997-03,ANFIS-F,20260815,1c3d97ef7489c1e80ac41c33cc5fdb8a2ce19ef99a19830fe3f02a6e5f025870
wqp,wqp:21FLSFWM-IPOUT,1991-09,ANFIS-F,20260815,1c3e2c7a356b6fb918458e470ff373b69456610825979fd7c0d042325eaa7a3b
wqp,wqp:CAPECRD_WQX-290,1999-12,ANFIS-F,20260815,1c3eb83119d7ae8c9f7687ca39a7066167f20ca59ba1e97b73039b0d3a06afa4
wqp,wqp:21FLSFWM-KISSR0.0,1994-05,ANFIS-F,20260815,1c40e45fd92ebaa3d6aa1a63fecde8c337305d3e55283e93e3112e6fcc40c3a2
wqp,wqp:21FLSFWM-TREEMID,1996-04,ANFIS-F,20260815,1c41ac22faadd2c044b8ff914ba7e26d3fba8fec2f463e9dd7f6e06556240d5a
wqp,wqp:21FLORAN_WQX-HB66,2018-09,ANFIS-F,20260815,1c41d9d0b0b01c5de116e0753092795e2e912cb22e22d67c3a5799dfa761c9ca
wqp,wqp:21DELAWQ_WQX-205181,2017-05,ANFIS-F,20260815,1c46eac5411206bb80736350ba53129553d5e4bbdd22bc7bd5e77d7933f690f8
wqp,wqp:CPNWATER-WW#3,2018-09,ANFIS-F,20260815,1c47a303de9a81ff1f190c75acba29deb3a29cf4fd120a8f1f6c5e006b396326
wqp,wqp:CAPECRD_WQX-290,2000-06,ANFIS-F,20260815,1c482b037e872d73d6a9ca470ebb33741ce745bd76384e333f9acd5e0b331132
wqp,wqp:21FLLCPC_WQX-GREENWSH,2010-07,ANFIS-F,20260815,1c48db245872c885c5297c4166863376b446520b743980637ea1f5e6f3d5a1a4
wqp,wqp:21NC03WQ-CPF086F,2010-08,ANFIS-F,20260815,1c4944964db26ff000b6607fa759bc7621d09809eede73502e376f9c54319aeb
wqp,wqp:21DELAWQ_WQX-108111,2010-07,ANFIS-F,20260815,1c4af009e2a52a7206ca3a26de7a3fec6d8b5720b976f228bd12d300e0120aee
wqp,wqp:USGS-07049200,1990-01,ANFIS-F,20260815,1c4ca9b00af0bdb6aa7a36f2fff430ae70f1a3e003f0573e497871ef40d3f4a3
wqp,wqp:21FLSWFD_WQX-23389,2009-01,ANFIS-F,20260815,1c4ec24637da1a136153b6d1640422ffc8b9e6ccd3944b58cc5fddf8ab58c78c
wqp,wqp:21VASWCB-2-XDD000.40,2008-04,ANFIS-F,20260815,1c4fa7bd13d9fb24e39288c5721ca52e2253f8b3f75e9b9d4704d6d26ab29cd5
wqp,wqp:21FLSFWM-STAKEMID,1996-04,ANFIS-F,20260815,1c544028937fd01379ff117d51044beee9295c75f4b3d4e04816738ea25add0a
wqp,wqp:21DELAWQ_WQX-307171,2018-12,ANFIS-F,20260815,1c56a0893e94b66ea4f81016ac2ddd6bfa45391bf7fa96a747e7c143bff8f041
wqp,wqp:21SC60WQ_WQX-B-327,2005-11,ANFIS-F,20260815,1c5a4c0ad4d6f32e485fa29117f479f5cf78338f77e2150587931f1b8df81044
wqp,wqp:MNPCA-25-0001-00-247,1999-05,ANFIS-F,20260815,1c5c0d6af8f86fdf2a71e4a58cb89fccdc487c70554044c93a58c0c20a9445f0
wqp,wqp:21NC03WQ-YAD169A,2005-11,ANFIS-F,20260815,1c5cdef23da9c4a61f128c698069e84d3ec3028af84c07f8739daf1ab30b9adf
wqp,wqp:21SC60WQ_WQX-SV-340,2008-02,ANFIS-F,20260815,1c5eb94f22273b7e1cc7585c6b71925a9c03dac33a0bf94b494b2e373c4bf54c
wqp,wqp:CAPECRD_WQX-262,1997-06,ANFIS-F,20260815,1c5f863c9f3538c2583875a4bbf38211b914cdf77706dc00c2b39e313fedaa2f
wqp,wqp:21SC60WQ_WQX-S-310,2008-04,ANFIS-F,20260815,1c5fa0c75e1830285a1fa6ea7f74ebb018a86380df765b26e842d4c369b356e2
wqp,wqp:21SC60WQ_WQX-SV-268,2000-01,ANFIS-F,20260815,1c64e3958a09e3d09a77d65d2736b63c46647f1f30fb8b6656fa4989ba8564e3
wqp,wqp:USGS-01201700,1991-07,ANFIS-F,20260815,1c662e63b4ba4988755cf8cbfc672a6a09c6ae6216b1ef942d938074a07d59e3
wqp,wqp:21FLORAN_WQX-BC9,2008-10,ANFIS-F,20260815,1c67052037af7ed8945d70be44d06f95413ea4e5e6d14b1589f44c3d804f969d
wqp,wqp:21FLSFWM-MH16000,2005-01,ANFIS-F,20260815,1c674742c122150c64f1bdfac898b0a3242a3a368adb879d4302e0f9f4b51ab3
wqp,wqp:21FLCOLL_WQX-LKTRAF4,2014-01,ANFIS-F,20260815,1c723d078e8736bbb246279d34580c70afa1c3a96f042b9786539939f8aaba1d
wqp,wqp:CAPECRD_WQX-280,1998-07,ANFIS-F,20260815,1c73bed27a6b6210f6edbef70815b378b1dbcb125e9ae313bb8fa60e461a279c
wqp,wqp:21AWIC-23,2000-04,ANFIS-F,20260815,1c74cdfc2f1188456db6a864a9be4c10fe2e25a891ed3a2e575253cc56e37f78
wqp,wqp:21NC03WQ-Q5360000,2018-06,ANFIS-F,20260815,1c7612b5d3a64a63adf55d5d0212f3c60955aac59c548a8534d1f147acaa50e3
wqp,wqp:USGS-423659088354401,2013-05,ANFIS-F,20260815,1c78023a45e864516c82fa86dec4ac696abd77a7c94b687bd6b46d5810e4841e
wqp,wqp:21SC60WQ_WQX-SV-200,2000-09,ANFIS-F,20260815,1c79cece6d2c113fa1730c39a78ba21c335c9ef5236926714c3ae8669d2f5ba7
wqp,wqp:USGS-295826095082200,2016-06,ANFIS-F,20260815,1c7aadbbe458bca676b540ab3d0f34182ed46227c12d739d35df5516093ced32
wqp,wqp:21SC60WQ_WQX-CW-197,2000-07,ANFIS-F,20260815,1c7c72c78e08d0242fcce7bc74444d5a57e35a0c50203b91f8ab2288eeef536c
wqp,wqp:21FLSFWM-E02,1991-06,ANFIS-F,20260815,1c7d6f5e5ddea8fa3cecef2c87f49a82383b961fee57f462e892fd67cf0fca14
wqp,wqp:21FLSFWM-L008,1989-01,ANFIS-F,20260815,1c7fde9e15f29bebb5a8cc4f80833dab2a4d91ea604eba0251d83ae2ddc4d55f
wqp,wqp:21SC60WQ_WQX-B-345,2010-01,ANFIS-F,20260815,1c87fffe864f33c2a005315392fe772e348ce0333f5c7a38f0350cba0b5b1440
wqp,wqp:MNPCA-62-0007-00-203,2002-09,ANFIS-F,20260815,1c8875cace29fe478adbec56d97c4882bedf0c7d205df5ce0ab25512a0a27626
wqp,wqp:21DELAWQ_WQX-307011,2008-09,ANFIS-F,20260815,1c89b041d5332813fcb7e576ba5fbbc6154d6d21f20f1ec91c169bc86c3cb956
wqp,wqp:21SC60WQ_WQX-SV-361,2005-10,ANFIS-F,20260815,1c8afab596c05779aa14bf6955508cfc24031013c7b83122b32088737ed58334
wqp,wqp:21FLSFWM-E02,1993-04,ANFIS-F,20260815,1c8c870d8ee1dd8364d3dd18828fae98babbd5190d669f1b97effb1af45540b8
wqp,wqp:21SC60WQ_WQX-SV-268,2001-01,ANFIS-F,20260815,1c8d0488a500a21c44cba80c4c45822bc16a087e994e01aa724d6ae3c24b8080
wqp,wqp:21FLSFWM-ISTK6,2006-09,ANFIS-F,20260815,1c90e486327c456b6b6b5b103b796834b274fa9472210650fa6a5466e3d91b5d
wqp,wqp:USGS-01201700,1980-01,ANFIS-F,20260815,1c92dfba419972b34138baf3e2f601de51eaefaff00a4e2eb1f75b9dc5a3f5e5
wqp,wqp:21FLSFWM-L001,1997-01,ANFIS-F,20260815,1c931e55f02e001161f39228b8b8a951cfe73097ef2ac808a91921f0900e115d
wqp,wqp:USGS-423556088365001,2009-07,ANFIS-F,20260815,1c94f0c0cd4df4bda73b6f4f7c0a89707014dc23a57acb4440be0cc4e42f98d1
wqp,wqp:KAWNATON_WQX-KN-KL-003,2016-12,ANFIS-F,20260815,1c983198c6ca3e264f3ef675777c0a6a29526cb4f333e62f7b4bb8f181cf6c6f
wqp,wqp:21AWIC-23,2016-11,ANFIS-F,20260815,1c99508220f0fdd35b86355149b1ab870ef3953b27d48057f6d6b29a4514d329
wqp,wqp:21FLSFWM-ISTK7,1990-10,ANFIS-F,20260815,1c99e78da4ff7351bde04937bff3098f9d972b4505081a6ef525d007ec179434
wqp,wqp:MNPCA-86-0252-02-207,1985-09,ANFIS-F,20260815,1c9bdf8138510693380f07d48e88c0b84909bdc007003652d6f8f73197d3b681
wqp,wqp:21SC60WQ_WQX-SV-338,2000-06,ANFIS-F,20260815,1c9c24d2647862133ccdab919101566ad75f2ca69238e138e1dea6bc94d4e5a4
wqp,wqp:21FLSFWM-LZ2,1991-01,ANFIS-F,20260815,1c9d1c0f6842c4e87a7a72064d53c4b3099ddb5efc1f5838d07f4e5e6555ca4c
wqp,wqp:21FLCOLL_WQX-LKTRAF4,2012-03,ANFIS-F,20260815,1c9db60c8402ca44d42ee6aabe0bc245687ed2c2c56ea08c68533813e215d0ac
wqp,wqp:21FLSWFD_WQX-23389,2007-01,ANFIS-F,20260815,1c9dd8db8b27ac1acda9c204a0282137ae76fbddb9eabdb3a3984fdf0a998872
wqp,wqp:MNPCA-86-0297-00-201,1985-09,ANFIS-F,20260815,1c9efba7047d93a57356eabf66b6fc070c91b8bef6326728e72ef762f09f80de
wqp,wqp:MNPCA-62-0054-00-101,2007-09,ANFIS-F,20260815,1c9f4313d863f186fb88d81e97ac42be8cdcb6733af5a4b5db61021ea32b92d1
wqp,wqp:21SC60WQ_WQX-SV-363,2018-11,ANFIS-F,20260815,1c9f656196ce8d56a25ffbb637d16a90dc31cc92cf434af8b3eb8c31fb516403
wqp,wqp:USGS-07144790,2006-06,ANFIS-F,20260815,1c9f7069bc44edec42ce9824afe47b9f82b41182612286d6634de4844318e70b
wqp,wqp:CAPECRD_WQX-280,2003-01,ANFIS-F,20260815,1ca088d99e4e284ac083a55b23e107b44b1110d66192140009448500b5437f00
wqp,wqp:21SC60WQ_WQX-S-222,2017-04,ANFIS-F,20260815,1ca0a0f6c43a74212ce650d89dd532dbf769e70a970a5cde1e4cf191ce09fe9e
wqp,wqp:21FLSFWM-L004,2003-07,ANFIS-F,20260815,1ca828d1eef8dff7c070096dfb967d5c77d04a60c5535067c5a5c6725d8e9434
wqp,wqp:21FLSFWM-L006,1999-02,ANFIS-F,20260815,1cb199ee0ed23bb903478fbfc7d56849f6ff706417cd2d9d3a1d8d66b581c458
wqp,wqp:21DELAWQ_WQX-307171,2006-04,ANFIS-F,20260815,1cb2f0f1e8b3310515e41a3998e6755b65097caa46039af4de34271962c3f8ee
wqp,wqp:21FLSFWM-KBARMID,1992-02,ANFIS-F,20260815,1cb40ca78291c339a9dc6c58cfd83e435d4cf2686aea9afc81bc675a361405ad
wqp,wqp:21GAEPD_WQX-LK_12_4048,1993-11,ANFIS-F,20260815,1cb64f053d2d6e647c58241bf69854618bcd3365b65f28c860b9642dae8019d1
wqp,wqp:21SC60WQ_WQX-SV-200,2001-08,ANFIS-F,20260815,1cb811528bf98befd8c111f75e5ca2f6050ce3d9a8a0408522f0f8a0fd09b2bd
wqp,wqp:USGS-07049690,2001-12,ANFIS-F,20260815,1cb8b69d40a358eea448aa9f627122e3df966ec9d9369749ff3971b5fb9d13b4
wqp,wqp:21DELAWQ_WQX-208181,2008-11,ANFIS-F,20260815,1cbd297964e7755492f01562047aebd343c4c5b748b5f6d7f09e4a185699ea0a
wqp,wqp:21DELAWQ_WQX-109031,2008-06,ANFIS-F,20260815,1cbde8b2e99115a69c840d36b15ba9fee252aac3e4b8cd7200b75eee1363d521
wqp,wqp:21FLSFWM-B05,1984-03,ANFIS-F,20260815,1cbf3491bf3bd641919423e4abf0128bb047943e2db525be08d5e20ca7e3040b
wqp,wqp:21FLSFWM-PALMOUT,2005-05,ANFIS-F,20260815,1cbffc21a379e7748c09a064c04be29be11ad8395998821c01a1c62f411491cb
wqp,wqp:21FLSFWM-L006,2001-10,ANFIS-F,20260815,1cc0a4146d958fe151f7f4f689b233d08a1dbffc1f05c23cf4fbfbfaf8fd117e
wqp,wqp:21FLSFWM-CLV10A,2006-04,ANFIS-F,20260815,1cc57d45551bde91eb13c203bce720a0858350a228ec8c5f8694c0507814e442
wqp,wqp:21FLSFWM-D01,1983-01,ANFIS-F,20260815,1cc6086324bcad498b55daea6d46dcce9b00304c3c1cb7c09e83484a4d317dc4
wqp,wqp:21SC60WQ_WQX-B-345,2001-12,ANFIS-F,20260815,1cc6cad0cee63c3556cd74e3f1411076a6322846752f6af4f7c992c011aeb619
wqp,wqp:USGS-07263299,2007-07,ANFIS-F,20260815,1cc7c89516fddec30b5cce044fcc681ebba9fd8ee5ed84d0285afd1a3ba12946
wqp,wqp:21FLORAN_WQX-CC13,2007-05,ANFIS-F,20260815,1ccbe1ecc7932ff29d29e3e52c62e18ea2301823091c2eeffa8a3f57c83c18da
wqp,wqp:21FLLCPC_WQX-YALEMARSHPK,2016-05,ANFIS-F,20260815,1ccf6d6770d6ac639cb8219ab3285d2cd360e1a44a28c2903c356d0931c6b931
wqp,wqp:21FLSFWM-B09,1997-02,ANFIS-F,20260815,1cd1f5e5433c72e66db277520099ee4554fac2152366d2c663c6e7c2251f3c6e
wqp,wqp:21FLSWFD_WQX-23480,2009-06,ANFIS-F,20260815,1cd2488ec714c44d8b5d34c17bf495ae06505753a7b8a0dbf0eb1959cccfb4fa
wqp,wqp:KAWNATON_WQX-KN-KL-004,2017-03,ANFIS-F,20260815,1cd49749c7b68940e4412c68c99ea711b69abd814f0efaaf0fe84ade5ea774fb
wqp,wqp:21DELAWQ_WQX-303331,2016-12,ANFIS-F,20260815,1cd4bd79216cc6f87d73b6d5d0a186ae0dd9bb074e04ba1dbc7e4ff685dfaa5c
wqp,wqp:21FLORAN_WQX-CC22,2006-10,ANFIS-F,20260815,1cd54f6ff4326486c0d9b4c54251aeece1aca8a203f2a509e49de8248d04df26
wqp,wqp:AZDEQ_SW-33,1998-07,ANFIS-F,20260815,1cd5b2d5819df84385ca08aa24f5fa2349c3e6234dce02f8fb4d7118fe1d10f1
wqp,wqp:21NC03WQ-NEU018E,2007-07,ANFIS-F,20260815,1cd8bf0bb4b5b0b1aba84efea3bfb9b07dcd310320be42072bdf9372bf1e9aa4
wqp,wqp:21FLSWFD_WQX-23113,2018-03,ANFIS-F,20260815,1cda5f1d29ac5c9914bef350c7c0072676cabcabbb9edc542cadbf8840369c6e
wqp,wqp:21SC60WQ_WQX-CW-207,2014-04,ANFIS-F,20260815,1cdda98a498eb561c89857f24066733cad4a9fd9de8a02e6b0d678d911ba2a7b
wqp,wqp:21GAEPD_WQX-LK_12_4048,1999-01,ANFIS-F,20260815,1cdf6e13b02a3e4a2da74067badc5ea8934f320fcb668a35e0691021332a253f
wqp,wqp:21NC03WQ-NEU019L,2013-04,ANFIS-F,20260815,1ce1d2a387404bc9c6d97aa898363c2eb45d4096403173047889a38b621a823c
wqp,wqp:KAWNATON_WQX-KN-KL-001,2011-03,ANFIS-F,20260815,1ce2a47e711c6ca3e3c6477b1371772db1c6f5f764f3e6d2a7c221b6cb10181a
wqp,wqp:21FLSFWM-ISTK4,1991-08,ANFIS-F,20260815,1ce3f6f3001d6dc004c8e239d272d7408d0430836eb00bdfc07f7e3873960770
wqp,wqp:21FLSFWM-POLESOUT,1991-10,ANFIS-F,20260815,1ce94be640357f882def34cd36f4118384ea906f8fd4fe97613a10c8eb4943c5
wqp,wqp:21FLSFWM-PALMMID,1997-04,ANFIS-F,20260815,1ce9f7031514d301c5c1ece7b8951753c7adda5d894b732a332ccb6a2a65ae6a
wqp,wqp:21DELAWQ_WQX-110011,2016-03,ANFIS-F,20260815,1cea664536405d1dc1d59fa5e7e1d8dda0e43c6cd8cd7d96a7171f90ad2b6f09
wqp,wqp:21FLSFWM-E02,1982-10,ANFIS-F,20260815,1cebc1f2a604c200ebe7f1702212401129d3545e4b1b1bddfbf3eb589693ef50
wqp,wqp:21FLSFWM-LZ42N,1993-03,ANFIS-F,20260815,1cece579710dbc552ef43067a8192361c89d8a5c8453b9301a7e7706727990ba
wqp,wqp:21SC60WQ_WQX-SV-340,2017-11,ANFIS-F,20260815,1ceeece4b7820c3b136181476823214f1811aad57aeeb7958c8f05dd404f97ab
wqp,wqp:21NC03WQ-CPF055C6,2014-11,ANFIS-F,20260815,1cf2bd52573588e5b3f189c8f20dbaacb2ba4c67446e3533d5dbf4d3b21a507e
wqp,wqp:LAKELAND_WQX-LH29,2008-12,ANFIS-F,20260815,1cf31188fd41395d588439bc06203aadd9cbe2362ad5cf9a5da715eb80841c56
wqp,wqp:21NC03WQ-CPF0880A,2017-06,ANFIS-F,20260815,1cf3477e8c03429d7b5197ac93b4a561bb21d36afd00699e66cd80ba7ce26abb
wqp,wqp:21FLSFWM-POLE3S,1999-04,ANFIS-F,20260815,1cf529e7e1d0d9103f0f555db1df3d75a56ef8cb1fff7db7ee907b4cbd49dbe3
wqp,wqp:21SCSANT_WQX-SC-005,2017-05,ANFIS-F,20260815,1cf56e767e871b0ae6e55124ccc88103a1f770cc358ca5ff8b5d533f90aa6d39
wqp,wqp:21FLSWFD_WQX-23479,2009-04,ANFIS-F,20260815,1cf59f53d2255ac440880ebabdb2f1afd3f2ef934989f48cbee58002ec7507f9
wqp,wqp:21AWIC-23,2018-06,ANFIS-F,20260815,1cf872760d2598742ff1f109b28fa31505c028d56e5781749df393d758fc9791
wqp,wqp:21VASWCB-5ASRN000.66,2008-11,ANFIS-F,20260815,1cfcfff72bf940a227fc65ee990e202ff60717fbd74f00f27c48a570d9553ee6
wqp,wqp:21FLSFWM-B02,1996-10,ANFIS-F,20260815,1cfd993b9ee502a496d5091056a88abdc103e41134efe3a566f41cd674766286
wqp,wqp:USGS-0690367690,1993-04,ANFIS-F,20260815,1cfee621c9aad514be79115b9269343d41f798277a09b9d695dde22031fb3589
wqp,wqp:21FLSFWM-IPOUT,1995-04,ANFIS-F,20260815,1d032c919b2f72a228aa376b2ef12dedadb6e89ec3c116f1055a6d2e6c9a635a
wqp,wqp:21FLSFWM-L003,1987-12,ANFIS-F,20260815,1d035751946c585def0b60b48c3a51b567a3d9c5afb00b18b8756d91e4819aba
wqp,wqp:21FLLCPC_WQX-IDAMERESSHDK,2011-01,ANFIS-F,20260815,1d061aacf501aa0f62e513c191de7108de588b6194f77c3b7f045192bb5301fc
wqp,wqp:21SC60WQ_WQX-SV-268,2004-11,ANFIS-F,20260815,1d069bbcdd4452bc81044d95f1bbf307a3e747753555e9e06cad61db82e0b289
wqp,wqp:MWRD_WQX-MILTON3P,2008-10,ANFIS-F,20260815,1d08ea099f8b4ed284e5a5c28fb8562bf7ee06fe590b5322bda17d92f179c08a
wqp,wqp:21FLLCPC_WQX-IDAMERESSHDK,2012-12,ANFIS-F,20260815,1d0c422f380c75fe7be3e61e1e90e4f0e84c1805c26ed98ecf397adab75f7b6b
wqp,wqp:USGS-0726329710,2006-08,ANFIS-F,20260815,1d0e795661990b5df17804a5e177ad282f903e58723c98f9e1afd37b775e7eb1
wqp,wqp:USGS-02207414,2005-02,ANFIS-F,20260815,1d10c86ee117d69a14b75f9102647e0b038c1e3ca95488ea024455aa65e217aa
wqp,wqp:21FLSFWM-LZ30,2003-09,ANFIS-F,20260815,1d1274e1c76b1465f734048952321bfb2c974bfc657340f29069fc008158e2a7
wqp,wqp:21FLORAN_WQX-CC9,2005-11,ANFIS-F,20260815,1d130b397a99bb332f910be9e851e3aa9db537aa0bc35a61b9b2f90fe33a5a2f
wqp,wqp:21FLSFWM-E04,1985-08,ANFIS-F,20260815,1d161e49d937d9b0347cdc1d81390a6fcf4667556db2a3e23e79999c8c7c5471
wqp,wqp:MNPCA-02-0045-00-202,2012-07,ANFIS-F,20260815,1d1a83227d260705b0d5d3feff3c553462e69806d1f09759dd05355accbe392e
wqp,wqp:21SC60WQ_WQX-S-311,2016-12,ANFIS-F,20260815,1d1e02075b11430f7a5ea775e81a5e4d586e9e2a3d7aba8e904407265db3620a
wqp,wqp:21NC03WQ-B2450000,2008-09,ANFIS-F,20260815,1d221deecc392818239ded3431c5942fb17f7e5736c8c0e754c6488bc90b7035
wqp,wqp:21FLSFWM-B01,1982-08,ANFIS-F,20260815,1d23693fe5ad95e3e5ac777af5d7579e6bc032d67c5ae9ad916fc0ac2527910c
wqp,wqp:21AWIC-23,2013-04,ANFIS-F,20260815,1d2452f7142898012c119b00aa8451bacee38498c701afc65b329114a9c12d01
wqp,wqp:MNPCA-10-0048-00-201,2018-07,ANFIS-F,20260815,1d2822daa0744d86222148434c85b6b3bdcf01c6a57f125ba726c663c8c1e075
wqp,wqp:21FLSFWM-L006,1998-02,ANFIS-F,20260815,1d2a75c2ced03bcf9a74801c86330483d2225061404b3d746df97c9af9c69300
wqp,wqp:21DELAWQ_WQX-307011,2009-02,ANFIS-F,20260815,1d2dd05fceebae36b6028ff81afb9e2c655b19d291bf14c04ce435e6a96bbe7d
wqp,wqp:21FLORAN_WQX-CC12,2015-10,ANFIS-F,20260815,1d2f9007474fe60b92ba53c7a5b86d1c97593731d309c0019f23bece6e5c08d3
wqp,wqp:21FLSFWM-E02,2003-12,ANFIS-F,20260815,1d2f9f90dc3f1b0dc9c609fecc115cb54be338e7571e7e02d759cf9875d4cc40
wqp,wqp:21FLSFWM-L004,1992-01,ANFIS-F,20260815,1d301f9e9366b356bf81ba543c2537992ca3a69f61237e1cae50b48319961233
wqp,wqp:21SC60WQ_WQX-SV-098,2013-09,ANFIS-F,20260815,1d30f6760c86d86cb6f64f61005c14fc85896aa3a5a2fc059710efbe0c231f8c
wqp,wqp:21FLSFWM-RITAWEST,1997-11,ANFIS-F,20260815,1d316e7e8fe55aee060705d16e63e86204897d643d6f6b3c3c4ce78ca75d7ead
wqp,wqp:21FLSFWM-B06,1997-02,ANFIS-F,20260815,1d376659b89aac12b07819cb79fb1b03c40594a79b357a88338e4e58529d7b5c
wqp,wqp:21DELAWQ_WQX-202021,2009-02,ANFIS-F,20260815,1d4045468230f0e14cc04a5bbf4a8386c0ddb8d23482601cde9c83e17feb4df0
wqp,wqp:21NC03WQ-LI01,2015-11,ANFIS-F,20260815,1d42908c2f2f622143f2478b5640d7502e8b1957e58f0d4f8c67f09681e748b0
wqp,wqp:21FLCOLL_WQX-LKTRAF1,2018-08,ANFIS-F,20260815,1d453bf4f205410deafe2a811853c1216bd50f0e84cd25f40af467361d30c1b0
wqp,wqp:21FLSFWM-LZ42,1998-06,ANFIS-F,20260815,1d474de42586d10a1ea59444362b2808067ef2cdba8e79006e019b3915102531
wqp,wqp:21FLSFWM-PELMID,2004-04,ANFIS-F,20260815,1d489a68b0a2e6cf14ce2de84848d66fc9b9ebbd7db8ce306d462c8e7406c5a8
wqp,wqp:21VASWCB-5ASRN000.66,2014-09,ANFIS-F,20260815,1d49024fc89a71f8f2c4547d853d24de2de0f3188d1086c86138b1e57558d5e6
wqp,wqp:21FLSFWM-PALMOUT,1989-08,ANFIS-F,20260815,1d4bbfd31901c40118d95a7b6b11c4771eef200a30e073a3b0b5e119111b2df9
wqp,wqp:USGS-07049690,2015-03,ANFIS-F,20260815,1d4ce659df6d9bf26dd1b97c934dedffc287a16749f3a03b345f4fa618b59757
wqp,wqp:21FLSFWM-L006,1998-11,ANFIS-F,20260815,1d4fae3f46ea60630b29f6dc6e73b5f7170d66615d10f8aa5300d69a753513a3
wqp,wqp:21FLSFWM-LZ30,2006-08,ANFIS-F,20260815,1d5097ec613971a5a34f46966cc917fba8eb639d90907849e16463a9c63a5f41
wqp,wqp:21NC03WQ-NEU019P,2017-03,ANFIS-F,20260815,1d50a6c12e797fd59af1a140e252906bc12be0072928893046146d19ba91e296
wqp,wqp:MWRD_WQX-BARR3P,2010-07,ANFIS-F,20260815,1d50efd1020e794ad804ba3c1017a114453f11b4fa122d8a1f82e386661bb692
wqp,wqp:21FLSFWM-A03,1995-07,ANFIS-F,20260815,1d50f5480802cca572294dad11b17456bbefbb59194d0398f50f19c5b1abe4bc
wqp,wqp:21NC03WQ-YAD169B,2006-05,ANFIS-F,20260815,1d54e93e79f3033304fa43794f8aa2e103b1f9de6afad77f13fe6dae5bd78bcb
wqp,wqp:21SC60WQ_WQX-CW-197,2000-04,ANFIS-F,20260815,1d57236ba2cfe74a23804a13c9831f41579c671cf67c55f3af9e5bfecddd5769
wqp,wqp:21NC03WQ-CPF086CUPS,2016-01,ANFIS-F,20260815,1d59599321667ecc3458834105b8e35e868cff1a440d2a12ce2ab8ac116e6cdc
wqp,wqp:21SC60WQ_WQX-CW-174,2015-01,ANFIS-F,20260815,1d5a1de9ce4b68eef66ef4daf08fd615fe63523c4b714a798c35c119765c9b8c
wqp,wqp:21GAEPD_WQX-LK_12_4048,2005-05,ANFIS-F,20260815,1d5f497c1c7967bbfe996a7a3078ce36ea1662d0a297739f225b977674f99a54
wqp,wqp:21NC03WQ-NEU018C,2017-01,ANFIS-F,20260815,1d6749e3977ce7da38d0a9616c0420a57a36c54d177ec72490be36ebb82f4df2
wqp,wqp:21FLSFWM-B02,1991-01,ANFIS-F,20260815,1d68dde27359f1ecf3528eec6161cda72c14bdb7169c2f8a34b5f387c0226f64
wqp,wqp:21FLSFWM-E02,1998-04,ANFIS-F,20260815,1d6aeca9e317e7403801576d1f41c73b6123abc64d4fd96104110002ddfec4c5
wqp,wqp:21FLSFWM-ISTK6,1989-11,ANFIS-F,20260815,1d724d33c85552428573af92ee3f2a85450a8a2ecf3003e97ee05e820b1a2826
wqp,wqp:KAWNATON_WQX-KN-KL-002,2017-01,ANFIS-F,20260815,1d741482e49699378c6834505d6584ec023dfb516d99618c2cce4cc3299bb77d
wqp,wqp:21FLSFWM-LZ2,1995-01,ANFIS-F,20260815,1d79b7df3729324c10e178b63fc5249d4bd54eb657938d54855a10e496abf73c
wqp,wqp:21NC03WQ-CPF08801A,2007-02,ANFIS-F,20260815,1d7a24afa2a03d9bb2d7d6eed479292e163aa7905a2d217d35013ae72af681dd
wqp,wqp:21DELAWQ_WQX-109191,2008-10,ANFIS-F,20260815,1d7c75921bb613644ce3df836d2ab5d74d67f5c479aa256a5543192e892a53a8
wqp,wqp:CAPECRD_WQX-280,2005-02,ANFIS-F,20260815,1d7c83655b027806692c1524c68c42e43825e5d1be74907b5287ae10559809f2
wqp,wqp:21FLSFWM-E02,1992-04,ANFIS-F,20260815,1d80fb614f4ef417b07c4376a19fe16789d6c0debcc4aa62e64c419f53ffe90b
wqp,wqp:21DELAWQ_WQX-208211,2006-02,ANFIS-F,20260815,1d8255cdc16d6d454bb1faaab2f6a9f8bf1fe297ed4063d7294aac19061de176
wqp,wqp:USGS-07049187,2014-05,ANFIS-F,20260815,1d83ca4cf923b630ec99cee60b5700bb2d6a97bf9a00b4ad8f5e7223685fb298
wqp,wqp:MWRD_WQX-MILTON3P,2009-07,ANFIS-F,20260815,1d8a7e428b361c6c32cea2ffab118dd9377d6b9411dcc6d938ef503581f9edb8
wqp,wqp:21FLSFWM-ISTK4,1997-02,ANFIS-F,20260815,1d8def0b174b3278c5b235897d2e22565cdcdd93ed90cc1f5f36a7e9616df4dd
wqp,wqp:21SC60WQ_WQX-CL-089,2013-09,ANFIS-F,20260815,1d8e4e6e5cd4839a74523bc12091b24ba749fb16c97ace5f7aa68687782643cf
wqp,wqp:21FLORAN_WQX-BC8,2007-11,ANFIS-F,20260815,1d8f229a22d835a485eed13c44d48ca31fc68389d5f54396845b3aea1b706eb0
wqp,wqp:21SC60WQ_WQX-CW-033,2013-04,ANFIS-F,20260815,1d8fbc075c075228e5f215dc38464bcde8b3beabcb59fa4e5f8b722ce4530066
wqp,wqp:21FLLCPC_WQX-EUSTISSSH,2014-10,ANFIS-F,20260815,1d9043d78c526ea7bcfa23bdd6aefc102547b42f2ace2941bb8ba84bbfbaefa8
