degradation_version,scenario_id,scenario_family,scenario_tier,scenario_status,seed,score_recomputed,fuzzy_state_rebuilt,labels_preserved,example_type,source_id,site_id,split,origin_year_month,forecast_year_month,rollout_horizon_months,alert_probability_irc,actual_irc,irc_mean,irc_abs_error,predicted_alert_h,actual_irc_alert,probability_bloom_mean,predicted_bloom_alert_h,bloom_h
pipe_grud_raw_predictor_recomputed_degradation_v0,control_observed,control,core,evaluated,,True,False,True,irc_alert_false_negative,aquamatch_chla,aquamatch_chla:21DELAWQ_WQX-109091,test,2023-01,2023-02,1,0.0,0.6381629553808799,0.401480108499527,0.23668284688135288,False,True,0.04914004914004914,False,0.0
pipe_grud_raw_predictor_recomputed_degradation_v0,control_observed,control,core,evaluated,,True,False,True,irc_alert_false_negative,aquamatch_chla,aquamatch_chla:21DELAWQ_WQX-306321,test,2022-12,2023-01,1,0.0,0.7034694257656113,0.33061483502388,0.37285459074173133,False,True,0.03335133675398326,False,0.0
pipe_grud_raw_predictor_recomputed_degradation_v0,control_observed,control,core,evaluated,,True,False,True,irc_alert_false_negative,aquamatch_chla,aquamatch_chla:21FLCOLL_WQX-BC19,test,2023-03,2023-04,1,0.0,0.8333333333333334,0.4898814857006073,0.34345184763272607,False,True,0.0764748725418791,False,1.0
pipe_grud_raw_predictor_recomputed_degradation_v0,control_observed,control,core,evaluated,,True,False,True,irc_alert_false_negative,aquamatch_chla,aquamatch_chla:21FLEECO_WQX-24-7GR,test,2023-01,2023-02,1,0.0,0.7424528528400822,0.21639485657215118,0.526057996267931,False,True,0.03217259651778956,False,0.0
pipe_grud_raw_predictor_recomputed_degradation_v0,control_observed,control,core,evaluated,,True,False,True,irc_alert_false_negative,aquamatch_chla,aquamatch_chla:21FLGTM_WQX-GTMLSNUT,test,2023-02,2023-03,1,0.0,0.5865168526995395,0.2846362888813019,0.3018805638182376,False,True,0.03217259651778956,False,0.0
pipe_grud_raw_predictor_recomputed_degradation_v0,control_observed,control,core,evaluated,,True,False,True,irc_alert_false_negative,aquamatch_chla,aquamatch_chla:21FLHILL_WQX-1510,test,2023-01,2023-02,1,0.0,0.5816712804823142,0.32333290576934814,0.25833837471296606,False,True,0.03335133675398326,False,0.0
pipe_grud_raw_predictor_recomputed_degradation_v0,control_observed,control,core,evaluated,,True,False,True,irc_alert_false_negative,aquamatch_chla,aquamatch_chla:21FLHILL_WQX-1510,test,2023-05,2023-06,1,0.0,0.8333333333333334,0.4611402750015259,0.3721930583318075,False,True,0.07123688704562088,False,1.0
pipe_grud_raw_predictor_recomputed_degradation_v0,control_observed,control,core,evaluated,,True,False,True,irc_alert_false_negative,aquamatch_chla,aquamatch_chla:21FLHILL_WQX-181,test,2023-05,2023-06,1,0.0,0.5445362020209574,0.3660448491573334,0.17849135286362405,False,True,0.046758104738154616,False,0.0
pipe_grud_raw_predictor_recomputed_degradation_v0,control_observed,control,core,evaluated,,True,False,True,irc_alert_false_negative,aquamatch_chla,aquamatch_chla:21FLKWAT_WQX-COL-SB-61-2,test,2023-03,2023-04,1,0.0,0.8333333333333334,0.4366849362850189,0.39664839704831445,False,True,0.05915267785771383,False,1.0
pipe_grud_raw_predictor_recomputed_degradation_v0,control_observed,control,core,evaluated,,True,False,True,irc_alert_false_negative,aquamatch_chla,aquamatch_chla:21FLKWAT_WQX-HIG-REDBEACH-3,test,2023-05,2023-06,1,0.0,0.5209278645460537,0.3403738737106323,0.18055399083542134,False,True,0.03335133675398326,False,0.0
pipe_grud_raw_predictor_recomputed_degradation_v0,control_observed,control,core,evaluated,,True,False,True,irc_alert_false_negative,aquamatch_chla,aquamatch_chla:21FLKWAT_WQX-OSC-BUCK-2,test,2022-12,2023-01,1,0.0,0.5063140891744224,0.3910033702850342,0.11531071888938826,False,True,0.047883414295628035,False,0.0
pipe_grud_raw_predictor_recomputed_degradation_v0,control_observed,control,core,evaluated,,True,False,True,irc_alert_false_negative,aquamatch_chla,aquamatch_chla:21FLKWAT_WQX-PUT-ROWAN-3,test,2022-12,2023-01,1,0.0,0.5616384437780927,0.2602517902851105,0.3013866534929822,False,True,0.03217259651778956,False,0.0
pipe_grud_raw_predictor_recomputed_degradation_v0,control_observed,control,core,evaluated,,True,False,True,irc_alert_false_negative,aquamatch_chla,aquamatch_chla:21FLKWAT_WQX-VOL-NORTHTAL-2,test,2023-01,2023-02,1,0.0,0.5742836329866862,0.33961907029151917,0.234664562695167,False,True,0.03335133675398326,False,0.0
pipe_grud_raw_predictor_recomputed_degradation_v0,control_observed,control,core,evaluated,,True,False,True,irc_alert_false_negative,aquamatch_chla,aquamatch_chla:21FLMANA_WQX-CH1,test,2023-04,2023-05,1,0.0,0.5349941770156899,0.39220425486564636,0.1427899221500435,False,True,0.047883414295628035,False,0.0
pipe_grud_raw_predictor_recomputed_degradation_v0,control_observed,control,core,evaluated,,True,False,True,irc_alert_false_negative,aquamatch_chla,aquamatch_chla:21FLSFWM_WQX-10621,test,2023-10,2023-11,1,0.0,0.8333333333333334,0.4781869947910309,0.3551463385423025,False,True,0.0764748725418791,False,1.0
pipe_grud_raw_predictor_recomputed_degradation_v0,control_observed,control,core,evaluated,,True,False,True,irc_alert_false_negative,aquamatch_chla,aquamatch_chla:21FLSFWM_WQX-18222,test,2022-12,2023-01,1,0.0,0.5316660018795378,0.4116843044757843,0.11998169740375353,False,True,0.04914004914004914,False,0.0
pipe_grud_raw_predictor_recomputed_degradation_v0,control_observed,control,core,evaluated,,True,False,True,irc_alert_false_negative,aquamatch_chla,aquamatch_chla:21FLSFWM_WQX-4199,test,2023-01,2023-02,1,0.0,0.6927393633186781,0.2628224194049835,0.4299169439136946,False,True,0.03217259651778956,False,0.0
pipe_grud_raw_predictor_recomputed_degradation_v0,control_observed,control,core,evaluated,,True,False,True,irc_alert_false_negative,aquamatch_chla,aquamatch_chla:21FLSFWM_WQX-49086,test,2023-05,2023-06,1,0.0,0.7636170585314673,0.39249324798583984,0.3711238105456275,False,True,0.047883414295628035,False,0.0
pipe_grud_raw_predictor_recomputed_degradation_v0,control_observed,control,core,evaluated,,True,False,True,irc_alert_false_negative,aquamatch_chla,aquamatch_chla:21VASWCB-3-RPP098.81,test,2023-09,2023-10,1,0.0,0.7840788234793342,0.49830541014671326,0.28577341333262096,False,True,0.0764748725418791,False,0.0
pipe_grud_raw_predictor_recomputed_degradation_v0,control_observed,control,core,evaluated,,True,False,True,irc_alert_false_negative,aquamatch_chla,aquamatch_chla:IEC-NYNJCT-NJHDG_14,test,2023-04,2023-05,1,0.0,0.7210350840470805,0.331128865480423,0.3899062185666575,False,True,0.03335133675398326,False,0.0
pipe_grud_raw_predictor_recomputed_degradation_v0,control_observed,control,core,evaluated,,True,False,True,irc_alert_false_positive,aquamatch_chla,aquamatch_chla:21DELAWQ_WQX-106291,test,2023-11,2023-12,1,1.0,0.16666666666666666,0.5242325067520142,0.35756584008534753,True,False,0.09967497291440953,False,0.0
pipe_grud_raw_predictor_recomputed_degradation_v0,control_observed,control,core,evaluated,,True,False,True,irc_alert_false_positive,aquamatch_chla,aquamatch_chla:21DELAWQ_WQX-205211,test,2022-12,2023-01,1,1.0,0.356945816542847,0.6008802056312561,0.2439343890884091,True,False,0.15131136516476124,False,0.0
pipe_grud_raw_predictor_recomputed_degradation_v0,control_observed,control,core,evaluated,,True,False,True,irc_alert_false_positive,aquamatch_chla,aquamatch_chla:21FLHILL_WQX-176,test,2023-06,2023-07,1,1.0,0.293546533658408,0.579961895942688,0.28641536228428,True,False,0.13749999999999998,False,0.0
pipe_grud_raw_predictor_recomputed_degradation_v0,control_observed,control,core,evaluated,,True,False,True,irc_alert_false_positive,aquamatch_chla,aquamatch_chla:21FLLOX_WQX-HGD,test,2023-06,2023-07,1,1.0,0.16666666666666666,0.6009724736213684,0.4343058069547018,True,False,0.15131136516476124,False,0.0
pipe_grud_raw_predictor_recomputed_degradation_v0,control_observed,control,core,evaluated,,True,False,True,irc_alert_false_positive,aquamatch_chla,aquamatch_chla:21FLMANA_WQX-LM6,test,2023-02,2023-03,1,1.0,0.3715206459153444,0.5548326373100281,0.18331199139468368,True,False,0.13673469387755105,False,0.0
pipe_grud_raw_predictor_recomputed_degradation_v0,control_observed,control,core,evaluated,,True,False,True,irc_alert_false_positive,aquamatch_chla,aquamatch_chla:21FLPBSD_WQX-CB9,test,2023-08,2023-09,1,1.0,0.3841093097025195,0.5336357951164246,0.14952648541390506,True,False,0.10829694323144104,False,0.0
pipe_grud_raw_predictor_recomputed_degradation_v0,control_observed,control,core,evaluated,,True,False,True,irc_alert_false_positive,aquamatch_chla,aquamatch_chla:21FLSARA_WQX-HWC,test,2023-05,2023-06,1,1.0,0.16666666666666666,0.5347538590431213,0.3680871923764547,True,False,0.10829694323144104,False,0.0
pipe_grud_raw_predictor_recomputed_degradation_v0,control_observed,control,core,evaluated,,True,False,True,irc_alert_false_positive,aquamatch_chla,aquamatch_chla:21FLSFWM_WQX-18447,test,2023-04,2023-05,1,1.0,0.41613044151837925,0.6815155148506165,0.2653850733322372,True,False,0.19735391400220506,False,0.0
pipe_grud_raw_predictor_recomputed_degradation_v0,control_observed,control,core,evaluated,,True,False,True,irc_alert_false_positive,aquamatch_chla,aquamatch_chla:21IOWA_WQX-10810001,test,2022-12,2023-01,1,1.0,0.45871544748709114,0.6224927306175232,0.16377728313043205,True,False,0.15855106888361045,False,0.0
pipe_grud_raw_predictor_recomputed_degradation_v0,control_observed,control,core,evaluated,,True,False,True,irc_alert_false_positive,aquamatch_chla,aquamatch_chla:21NC03WQ-CPF055C,test,2023-02,2023-03,1,1.0,0.4041957356521384,0.6177941560745239,0.21359842042238553,True,False,0.15855106888361045,False,0.0
pipe_grud_raw_predictor_recomputed_degradation_v0,control_observed,control,core,evaluated,,True,False,True,irc_alert_false_positive,aquamatch_chla,aquamatch_chla:21NC03WQ-CPF055D,test,2022-12,2023-01,1,1.0,0.3922732537613052,0.635181725025177,0.24290847126387183,True,False,0.18241626794258373,False,0.0
pipe_grud_raw_predictor_recomputed_degradation_v0,control_observed,control,core,evaluated,,True,False,True,irc_alert_false_positive,aquamatch_chla,aquamatch_chla:WI_MMSD-RI-16,test,2023-09,2023-10,1,1.0,0.22455435297398427,0.669080913066864,0.4445265600928797,True,False,0.1929666366095581,False,0.0
pipe_grud_raw_predictor_recomputed_degradation_v0,control_observed,control,core,evaluated,,True,False,True,irc_alert_false_positive,wqp,wqp:21FLKWAT_WQX-ALA-ALTO-2,test,2023-08,2023-09,1,1.0,0.3824834764908855,0.5361838340759277,0.15370035758504225,True,False,0.10829694323144104,False,0.0
pipe_grud_raw_predictor_recomputed_degradation_v0,control_observed,control,core,evaluated,,True,False,True,irc_alert_false_positive,wqp,wqp:21FLKWAT_WQX-BRE-WASHINGT-3,test,2023-02,2023-03,1,1.0,0.27336412055024756,0.7467014193534851,0.47333729880323755,True,False,0.24306727755003624,False,0.0
pipe_grud_raw_predictor_recomputed_degradation_v0,control_observed,control,core,evaluated,,True,False,True,irc_alert_false_positive,wqp,wqp:21FLKWAT_WQX-OSC-CENTER-1,test,2023-05,2023-06,1,1.0,0.44429560340649865,0.5056960582733154,0.06140045486681678,True,False,0.09283309283309284,False,0.0
pipe_grud_raw_predictor_recomputed_degradation_v0,control_observed,control,core,evaluated,,True,False,True,irc_alert_false_positive,wqp,wqp:21FLKWAT_WQX-VOL-NORTHTAL-1,test,2023-08,2023-09,1,1.0,0.37203459164777913,0.5619807839393616,0.18994619229158244,True,False,0.13673469387755105,False,0.0
pipe_grud_raw_predictor_recomputed_degradation_v0,control_observed,control,core,evaluated,,True,False,True,irc_alert_false_positive,wqp,wqp:21FLLCPC_WQX-MINNEOLAWFP,test,2023-09,2023-10,1,1.0,0.39090553241844445,0.5489364862442017,0.15803095382575721,True,False,0.10829694323144104,False,0.0
pipe_grud_raw_predictor_recomputed_degradation_v0,control_observed,control,core,evaluated,,True,False,True,irc_alert_false_positive,wqp,wqp:21FLMAIT_WQX-LAKE WAUMPI,test,2023-11,2023-12,1,1.0,0.2905837050288786,0.5843027830123901,0.29371907798351155,True,False,0.13749999999999998,False,0.0
pipe_grud_raw_predictor_recomputed_degradation_v0,control_observed,control,core,evaluated,,True,False,True,irc_alert_false_positive,wqp,wqp:21FLSFWM_WQX-49081,test,2024-06,2024-07,1,1.0,0.4388634064456327,0.802250862121582,0.3633874556759493,True,False,0.37547068316299087,True,
pipe_grud_raw_predictor_recomputed_degradation_v0,control_observed,control,core,evaluated,,True,False,True,irc_alert_false_positive,wqp,wqp:21FLSWFD_WQX-23152,test,2024-06,2024-07,1,1.0,0.30925028707562624,0.707953155040741,0.3987028679651147,True,False,0.23302107728337237,False,0.0
pipe_grud_raw_predictor_recomputed_degradation_v0,control_observed,control,core,evaluated,,True,False,True,largest_irc_abs_error,aquamatch_chla,aquamatch_chla:NJDEP_BB-BT06a,test,2023-01,2023-02,1,0.0,0.8333333333333334,0.17960233986377716,0.6537309934695562,False,True,0.021209610604805307,False,1.0
pipe_grud_raw_predictor_recomputed_degradation_v0,control_observed,control,core,evaluated,,True,False,True,largest_irc_abs_error,aquamatch_chla,aquamatch_chla:NJDEP_BB-1403A,test,2023-11,2023-12,1,0.0,0.7685415793318038,0.22628051042556763,0.5422610689062362,False,True,0.03217259651778956,False,0.0
pipe_grud_raw_predictor_recomputed_degradation_v0,control_observed,control,core,evaluated,,True,False,True,largest_irc_abs_error,aquamatch_chla,aquamatch_chla:21FLEECO_WQX-24-7GR,test,2023-01,2023-02,1,0.0,0.7424528528400822,0.21639485657215118,0.526057996267931,False,True,0.03217259651778956,False,0.0
pipe_grud_raw_predictor_recomputed_degradation_v0,control_observed,control,core,evaluated,,True,False,True,largest_irc_abs_error,wqp,wqp:21FLKWAT_WQX-BRE-WASHINGT-3,test,2023-02,2023-03,1,1.0,0.27336412055024756,0.7467014193534851,0.47333729880323755,True,False,0.24306727755003624,False,0.0
pipe_grud_raw_predictor_recomputed_degradation_v0,control_observed,control,core,evaluated,,True,False,True,largest_irc_abs_error,wqp,wqp:21VASWCB-6APNR011.92,test,2023-05,2023-06,1,0.0,0.6638095238095237,0.19825626909732819,0.46555325471219555,False,True,0.021209610604805307,False,
pipe_grud_raw_predictor_recomputed_degradation_v0,control_observed,control,core,evaluated,,True,False,True,largest_irc_abs_error,wqp,wqp:21FLCBA_WQX-WAL-DEER-3,test,2023-08,2023-09,1,0.0,0.7373194666666673,0.2810806930065155,0.45623877366015175,False,True,0.03217259651778956,False,
pipe_grud_raw_predictor_recomputed_degradation_v0,control_observed,control,core,evaluated,,True,False,True,largest_irc_abs_error,aquamatch_chla,aquamatch_chla:WI_MMSD-RI-16,test,2023-09,2023-10,1,1.0,0.22455435297398427,0.669080913066864,0.4445265600928797,True,False,0.1929666366095581,False,0.0
pipe_grud_raw_predictor_recomputed_degradation_v0,control_observed,control,core,evaluated,,True,False,True,largest_irc_abs_error,aquamatch_chla,aquamatch_chla:21FLLOX_WQX-HGD,test,2023-06,2023-07,1,1.0,0.16666666666666666,0.6009724736213684,0.4343058069547018,True,False,0.15131136516476124,False,0.0
pipe_grud_raw_predictor_recomputed_degradation_v0,control_observed,control,core,evaluated,,True,False,True,largest_irc_abs_error,aquamatch_chla,aquamatch_chla:21FLSFWM_WQX-4199,test,2023-01,2023-02,1,0.0,0.6927393633186781,0.2628224194049835,0.4299169439136946,False,True,0.03217259651778956,False,0.0
pipe_grud_raw_predictor_recomputed_degradation_v0,control_observed,control,core,evaluated,,True,False,True,largest_irc_abs_error,wqp,wqp:21SC60WQ_WQX-PD-327,test,2024-02,2024-03,1,0.0,0.6720238095238095,0.251230388879776,0.42079342064403347,False,True,0.03217259651778956,False,
pipe_grud_raw_predictor_recomputed_degradation_v0,control_observed,control,core,evaluated,,True,False,True,largest_irc_abs_error,wqp,wqp:OOPBLO-TL-01,test,2023-04,2023-05,1,0.0,0.730952380952381,0.3295847773551941,0.40136760359718693,False,True,0.03335133675398326,False,
pipe_grud_raw_predictor_recomputed_degradation_v0,control_observed,control,core,evaluated,,True,False,True,largest_irc_abs_error,wqp,wqp:21FLSWFD_WQX-23152,test,2024-06,2024-07,1,1.0,0.30925028707562624,0.707953155040741,0.3987028679651147,True,False,0.23302107728337237,False,0.0
pipe_grud_raw_predictor_recomputed_degradation_v0,control_observed,control,core,evaluated,,True,False,True,largest_irc_abs_error,aquamatch_chla,aquamatch_chla:21FLKWAT_WQX-COL-SB-61-2,test,2023-03,2023-04,1,0.0,0.8333333333333334,0.4366849362850189,0.39664839704831445,False,True,0.05915267785771383,False,1.0
pipe_grud_raw_predictor_recomputed_degradation_v0,control_observed,control,core,evaluated,,True,False,True,largest_irc_abs_error,aquamatch_chla,aquamatch_chla:IEC-NYNJCT-NJHDG_14,test,2023-04,2023-05,1,0.0,0.7210350840470805,0.331128865480423,0.3899062185666575,False,True,0.03335133675398326,False,0.0
pipe_grud_raw_predictor_recomputed_degradation_v0,control_observed,control,core,evaluated,,True,False,True,largest_irc_abs_error,wqp,wqp:21FLKWAT_WQX-IND-BLUE CYPR-3,test,2024-01,2024-02,1,0.0,0.7019685628616292,0.3223654627799988,0.37960310008163045,False,True,0.03335133675398326,False,0.0
pipe_grud_raw_predictor_recomputed_degradation_v0,control_observed,control,core,evaluated,,True,False,True,largest_irc_abs_error,wqp,wqp:21FLKWAT_WQX-SAR-LAKE-M-9-2,test,2023-12,2024-01,1,1.0,0.9706882302114433,0.5938353538513184,0.376852876360125,True,True,0.13749999999999998,False,1.0
pipe_grud_raw_predictor_recomputed_degradation_v0,control_observed,control,core,evaluated,,True,False,True,largest_irc_abs_error,aquamatch_chla,aquamatch_chla:21DELAWQ_WQX-306321,test,2022-12,2023-01,1,0.0,0.7034694257656113,0.33061483502388,0.37285459074173133,False,True,0.03335133675398326,False,0.0
pipe_grud_raw_predictor_recomputed_degradation_v0,control_observed,control,core,evaluated,,True,False,True,largest_irc_abs_error,aquamatch_chla,aquamatch_chla:21FLHILL_WQX-1510,test,2023-05,2023-06,1,0.0,0.8333333333333334,0.4611402750015259,0.3721930583318075,False,True,0.07123688704562088,False,1.0
pipe_grud_raw_predictor_recomputed_degradation_v0,control_observed,control,core,evaluated,,True,False,True,largest_irc_abs_error,aquamatch_chla,aquamatch_chla:21FLSFWM_WQX-49086,test,2023-05,2023-06,1,0.0,0.7636170585314673,0.39249324798583984,0.3711238105456275,False,True,0.047883414295628035,False,0.0
pipe_grud_raw_predictor_recomputed_degradation_v0,control_observed,control,core,evaluated,,True,False,True,largest_irc_abs_error,aquamatch_chla,aquamatch_chla:21FLSARA_WQX-HWC,test,2023-05,2023-06,1,1.0,0.16666666666666666,0.5347538590431213,0.3680871923764547,True,False,0.10829694323144104,False,0.0
pipe_grud_raw_predictor_recomputed_degradation_v0,control_observed,control,core,evaluated,,True,False,True,irc_alert_false_negative,aquamatch_chla,aquamatch_chla:21DELAWQ_WQX-109091,test,2023-01,2023-03,2,0.0,0.7273746447273659,0.45697021484375,0.2704044298836159,False,True,0.09024451726745651,False,0.0
pipe_grud_raw_predictor_recomputed_degradation_v0,control_observed,control,core,evaluated,,True,False,True,irc_alert_false_negative,aquamatch_chla,aquamatch_chla:21FLCOLL_WQX-BC19,test,2023-03,2023-05,2,0.0,0.6585770374340746,0.3917180597782135,0.2668589776558611,False,True,0.07723577235772358,False,0.0
pipe_grud_raw_predictor_recomputed_degradation_v0,control_observed,control,core,evaluated,,True,False,True,irc_alert_false_negative,aquamatch_chla,aquamatch_chla:21FLCOLL_WQX-HALDUP,test,2023-04,2023-06,2,0.0,0.8333333333333334,0.4903448522090912,0.3429884811242422,False,True,0.10369206598586017,False,1.0
pipe_grud_raw_predictor_recomputed_degradation_v0,control_observed,control,core,evaluated,,True,False,True,irc_alert_false_negative,aquamatch_chla,aquamatch_chla:21FLGTM_WQX-GTMLSNUT,test,2023-01,2023-03,2,0.0,0.5865168526995395,0.22939272224903107,0.3571241304505084,False,True,0.043805428648212845,False,0.0
pipe_grud_raw_predictor_recomputed_degradation_v0,control_observed,control,core,evaluated,,True,False,True,irc_alert_false_negative,aquamatch_chla,aquamatch_chla:21FLGTM_WQX-GTMLSNUT,test,2023-02,2023-04,2,0.0,0.642335516491977,0.27993327379226685,0.3624022426997101,False,True,0.05085479333477602,False,0.0
pipe_grud_raw_predictor_recomputed_degradation_v0,control_observed,control,core,evaluated,,True,False,True,irc_alert_false_negative,aquamatch_chla,aquamatch_chla:21FLHILL_WQX-1510,test,2023-01,2023-03,2,0.0,0.7339342287419663,0.3981539309024811,0.33578029783948526,False,True,0.07723577235772358,False,0.0
pipe_grud_raw_predictor_recomputed_degradation_v0,control_observed,control,core,evaluated,,True,False,True,irc_alert_false_negative,aquamatch_chla,aquamatch_chla:21FLHILL_WQX-181,test,2023-05,2023-07,2,0.0,0.6722340565264258,0.3354364335536957,0.3367976229727301,False,True,0.06327800829875518,False,0.0
pipe_grud_raw_predictor_recomputed_degradation_v0,control_observed,control,core,evaluated,,True,False,True,irc_alert_false_negative,aquamatch_chla,aquamatch_chla:21FLHILL_WQX-44,test,2023-06,2023-08,2,0.0,0.6485086961037115,0.3860330283641815,0.26247566773953,False,True,0.07062146892655367,False,0.0
pipe_grud_raw_predictor_recomputed_degradation_v0,control_observed,control,core,evaluated,,True,False,True,irc_alert_false_negative,aquamatch_chla,aquamatch_chla:21FLKWAT_WQX-BRE-WASHINGT-2,test,2022-12,2023-02,2,0.0,0.6722340565264258,0.19002999365329742,0.48220406287312834,False,True,0.0357355568790947,False,0.0
pipe_grud_raw_predictor_recomputed_degradation_v0,control_observed,control,core,evaluated,,True,False,True,irc_alert_false_negative,aquamatch_chla,aquamatch_chla:21FLKWAT_WQX-CIT-MAGNO-CKM-1,test,2022-12,2023-02,2,0.0,0.5209278645460537,0.34431084990501404,0.17661701464103963,False,True,0.06327800829875518,False,0.0
pipe_grud_raw_predictor_recomputed_degradation_v0,control_observed,control,core,evaluated,,True,False,True,irc_alert_false_negative,aquamatch_chla,aquamatch_chla:21FLKWAT_WQX-COL-SB-61-2,test,2023-03,2023-05,2,0.0,0.7797870437772856,0.3917936384677887,0.3879934053094969,False,True,0.07723577235772358,False,0.0
pipe_grud_raw_predictor_recomputed_degradation_v0,control_observed,control,core,evaluated,,True,False,True,irc_alert_false_negative,aquamatch_chla,aquamatch_chla:21FLKWAT_WQX-HIL-TWIN-2,test,2023-03,2023-05,2,0.0,0.5742836329866862,0.4837324619293213,0.09055117105736488,False,True,0.10369206598586017,False,0.0
pipe_grud_raw_predictor_recomputed_degradation_v0,control_observed,control,core,evaluated,,True,False,True,irc_alert_false_negative,aquamatch_chla,aquamatch_chla:21FLKWAT_WQX-OSC-BUCK-2,test,2022-12,2023-02,2,0.0,0.5063140891744224,0.3637329638004303,0.14258112537399215,False,True,0.06717081850533808,False,0.0
pipe_grud_raw_predictor_recomputed_degradation_v0,control_observed,control,core,evaluated,,True,False,True,irc_alert_false_negative,aquamatch_chla,aquamatch_chla:21FLKWAT_WQX-PUT-ROWAN-1,test,2023-03,2023-05,2,0.0,0.5063140891744224,0.30836221575737,0.19795187341705245,False,True,0.05394190871369295,False,0.0
pipe_grud_raw_predictor_recomputed_degradation_v0,control_observed,control,core,evaluated,,True,False,True,irc_alert_false_negative,aquamatch_chla,aquamatch_chla:21FLLOX_WQX-60,test,2023-06,2023-08,2,0.0,0.5865168526995395,0.2335432767868042,0.35297357591273526,False,True,0.043805428648212845,False,0.0
pipe_grud_raw_predictor_recomputed_degradation_v0,control_observed,control,core,evaluated,,True,False,True,irc_alert_false_negative,aquamatch_chla,aquamatch_chla:21FLLOX_WQX-72,test,2023-03,2023-05,2,0.0,0.5363722579621717,0.46125760674476624,0.07511465121740546,False,True,0.09024451726745651,False,0.0
pipe_grud_raw_predictor_recomputed_degradation_v0,control_observed,control,core,evaluated,,True,False,True,irc_alert_false_negative,aquamatch_chla,aquamatch_chla:21FLSARA_WQX-GOT-3,test,2023-06,2023-08,2,0.0,0.5033218292271299,0.4692046344280243,0.03411719479910558,False,True,0.09024451726745651,False,0.0
pipe_grud_raw_predictor_recomputed_degradation_v0,control_observed,control,core,evaluated,,True,False,True,irc_alert_false_negative,aquamatch_chla,aquamatch_chla:21FLSFWM_WQX-10621,test,2023-10,2023-12,2,0.0,0.8257721389025588,0.3710385859012604,0.4547335530012985,False,True,0.07062146892655367,False,0.0
pipe_grud_raw_predictor_recomputed_degradation_v0,control_observed,control,core,evaluated,,True,False,True,irc_alert_false_negative,aquamatch_chla,aquamatch_chla:21FLSFWM_WQX-18447,test,2022-12,2023-02,2,0.0,0.5742836329866862,0.40068283677101135,0.1736007962156748,False,True,0.07723577235772358,False,0.0
pipe_grud_raw_predictor_recomputed_degradation_v0,control_observed,control,core,evaluated,,True,False,True,irc_alert_false_negative,aquamatch_chla,aquamatch_chla:21FLSFWM_WQX-49081,test,2023-02,2023-04,2,0.0,0.7680965546265698,0.4994150698184967,0.2686814848080731,False,True,0.11052631578947368,False,0.0
pipe_grud_raw_predictor_recomputed_degradation_v0,control_observed,control,core,evaluated,,True,False,True,irc_alert_false_positive,aquamatch_chla,aquamatch_chla:21DELAWQ_WQX-205191,test,2023-03,2023-05,2,1.0,0.38328306814481383,0.8296162486076355,0.44633318046282167,True,False,0.43448275862068964,True,0.0
pipe_grud_raw_predictor_recomputed_degradation_v0,control_observed,control,core,evaluated,,True,False,True,irc_alert_false_positive,aquamatch_chla,aquamatch_chla:21DELAWQ_WQX-205211,test,2022-12,2023-02,2,1.0,0.25948423484677646,0.5657173991203308,0.30623316427355435,True,False,0.15898520084566597,False,0.0
pipe_grud_raw_predictor_recomputed_degradation_v0,control_observed,control,core,evaluated,,True,False,True,irc_alert_false_positive,aquamatch_chla,aquamatch_chla:21DELAWQ_WQX-208061,test,2023-04,2023-06,2,1.0,0.4670794154230283,0.7491819262504578,0.2821025108274295,True,False,0.2583442838370565,False,0.0
pipe_grud_raw_predictor_recomputed_degradation_v0,control_observed,control,core,evaluated,,True,False,True,irc_alert_false_positive,aquamatch_chla,aquamatch_chla:21FLCOLL_WQX-EAGLECRK,test,2023-05,2023-07,2,1.0,0.375763929893624,0.6197264790534973,0.2439625491598733,True,False,0.17520661157024794,False,0.0
pipe_grud_raw_predictor_recomputed_degradation_v0,control_observed,control,core,evaluated,,True,False,True,irc_alert_false_positive,aquamatch_chla,aquamatch_chla:21FLKWAT_WQX-HIL-TWIN-2,test,2023-05,2023-07,2,1.0,0.3403941218224194,0.5681218504905701,0.22772772866815066,True,False,0.15898520084566597,False,0.0
pipe_grud_raw_predictor_recomputed_degradation_v0,control_observed,control,core,evaluated,,True,False,True,irc_alert_false_positive,aquamatch_chla,aquamatch_chla:21FLSFWM_WQX-12877,test,2023-07,2023-09,2,1.0,0.43425390443988743,0.5577530860900879,0.12349918165020046,True,False,0.15898520084566597,False,0.0
pipe_grud_raw_predictor_recomputed_degradation_v0,control_observed,control,core,evaluated,,True,False,True,irc_alert_false_positive,aquamatch_chla,aquamatch_chla:21FLSFWM_WQX-18447,test,2023-04,2023-06,2,1.0,0.25016836768693695,0.682924747467041,0.43275637978010406,True,False,0.2268041237113402,False,0.0
pipe_grud_raw_predictor_recomputed_degradation_v0,control_observed,control,core,evaluated,,True,False,True,irc_alert_false_positive,aquamatch_chla,aquamatch_chla:21IOWA_WQX-10810001,test,2022-12,2023-02,2,1.0,0.2909112482016215,0.5067144632339478,0.21580321503232625,True,False,0.11052631578947368,False,0.0
pipe_grud_raw_predictor_recomputed_degradation_v0,control_observed,control,core,evaluated,,True,False,True,irc_alert_false_positive,aquamatch_chla,aquamatch_chla:WIDNR_WQX-473008,test,2023-05,2023-07,2,1.0,0.31398840368234854,0.5258048176765442,0.21181641399419565,True,False,0.12579505300353355,False,0.0
pipe_grud_raw_predictor_recomputed_degradation_v0,control_observed,control,core,evaluated,,True,False,True,irc_alert_false_positive,aquamatch_chla,aquamatch_chla:WI_MMSD-RI-16,test,2023-09,2023-11,2,1.0,0.41193882722208786,0.5575866103172302,0.14564778309514237,True,False,0.15898520084566597,False,0.0
pipe_grud_raw_predictor_recomputed_degradation_v0,control_observed,control,core,evaluated,,True,False,True,irc_alert_false_positive,wqp,wqp:21FLKWAT_WQX-BRA-SAMPSON-1,test,2023-03,2023-05,2,1.0,0.4188650547463064,0.6326784491539001,0.21381339440759373,True,False,0.20434782608695654,False,0.0
pipe_grud_raw_predictor_recomputed_degradation_v0,control_observed,control,core,evaluated,,True,False,True,irc_alert_false_positive,wqp,wqp:21FLKWAT_WQX-BRE-WASHINGT-3,test,2023-02,2023-04,2,1.0,0.4381619918812049,0.6812684535980225,0.24310646171681755,True,False,0.2268041237113402,False,0.0
pipe_grud_raw_predictor_recomputed_degradation_v0,control_observed,control,core,evaluated,,True,False,True,irc_alert_false_positive,wqp,wqp:21FLKWAT_WQX-HIG-PLACID-4,test,2023-03,2023-05,2,1.0,0.44354308644842394,0.573648989200592,0.1301059027521681,True,False,0.15898520084566597,False,0.0
pipe_grud_raw_predictor_recomputed_degradation_v0,control_observed,control,core,evaluated,,True,False,True,irc_alert_false_positive,wqp,wqp:21FLKWAT_WQX-IND-BLUE CYPR-3,test,2023-04,2023-06,2,1.0,0.3262715592694863,0.5038117170333862,0.17754015776389992,True,False,0.11052631578947368,False,0.0
pipe_grud_raw_predictor_recomputed_degradation_v0,control_observed,control,core,evaluated,,True,False,True,irc_alert_false_positive,wqp,wqp:21FLKWAT_WQX-LAK-BAY-1,test,2023-06,2023-08,2,1.0,0.4044735287034493,0.6844688057899475,0.2799952770864982,True,False,0.2268041237113402,False,0.0
pipe_grud_raw_predictor_recomputed_degradation_v0,control_observed,control,core,evaluated,,True,False,True,irc_alert_false_positive,wqp,wqp:21FLKWAT_WQX-LAK-BAY-2,test,2023-03,2023-05,2,1.0,0.459920467177525,0.677381694316864,0.21746122713933902,True,False,0.2268041237113402,False,0.0
pipe_grud_raw_predictor_recomputed_degradation_v0,control_observed,control,core,evaluated,,True,False,True,irc_alert_false_positive,wqp,wqp:21FLKWAT_WQX-LAK-BAY-3,test,2023-03,2023-05,2,1.0,0.49226249164336,0.6692993640899658,0.17703687244660582,True,False,0.2119353039598438,False,0.0
pipe_grud_raw_predictor_recomputed_degradation_v0,control_observed,control,core,evaluated,,True,False,True,irc_alert_false_positive,wqp,wqp:21FLKWAT_WQX-OSC-BUCK-2,test,2023-04,2023-06,2,1.0,0.4382836271411228,0.5086084604263306,0.07032483328520778,True,False,0.11052631578947368,False,0.0
pipe_grud_raw_predictor_recomputed_degradation_v0,control_observed,control,core,evaluated,,True,False,True,irc_alert_false_positive,wqp,wqp:21FLKWAT_WQX-VOL-NORTHTAL-1,test,2023-08,2023-10,2,1.0,0.19426878612196904,0.5463326573371887,0.35206387121521965,True,False,0.1394647568790049,False,0.0
pipe_grud_raw_predictor_recomputed_degradation_v0,control_observed,control,core,evaluated,,True,False,True,irc_alert_false_positive,wqp,wqp:21NC03WQ-NEU019P,test,2023-10,2023-12,2,1.0,0.47749745605464455,0.6072706580162048,0.12977320196156028,True,False,0.17520661157024794,False,1.0
pipe_grud_raw_predictor_recomputed_degradation_v0,control_observed,control,core,evaluated,,True,False,True,largest_irc_abs_error,wqp,wqp:21FLKWAT_WQX-ORA-FAIRVIEW-4,test,2024-04,2024-06,2,0.0,0.8357833129398461,0.13964052498340607,0.69614278795644,False,True,0.019350811485642945,False,0.0
pipe_grud_raw_predictor_recomputed_degradation_v0,control_observed,control,core,evaluated,,True,False,True,largest_irc_abs_error,aquamatch_chla,aquamatch_chla:WIDNR_WQX-123016,test,2023-11,2024-01,2,0.0,0.8333333333333334,0.2410992830991745,0.5922340502341589,False,True,0.050833333333333335,False,1.0
pipe_grud_raw_predictor_recomputed_degradation_v0,control_observed,control,core,evaluated,,True,False,True,largest_irc_abs_error,wqp,wqp:21FLKWAT_WQX-COL-SB-61-1,test,2023-02,2023-04,2,0.0,0.9133187874690399,0.40293702483177185,0.5103817626372681,False,True,0.07723577235772358,False,1.0
pipe_grud_raw_predictor_recomputed_degradation_v0,control_observed,control,core,evaluated,,True,False,True,largest_irc_abs_error,wqp,wqp:21FLMAIT_WQX-LAKE WAUMPI,test,2023-09,2023-11,2,0.0,0.8091349257753905,0.3214905560016632,0.48764436977372727,False,True,0.061170212765957445,False,0.0
pipe_grud_raw_predictor_recomputed_degradation_v0,control_observed,control,core,evaluated,,True,False,True,largest_irc_abs_error,aquamatch_chla,aquamatch_chla:21FLKWAT_WQX-BRE-WASHINGT-2,test,2022-12,2023-02,2,0.0,0.6722340565264258,0.19002999365329742,0.48220406287312834,False,True,0.0357355568790947,False,0.0
pipe_grud_raw_predictor_recomputed_degradation_v0,control_observed,control,core,evaluated,,True,False,True,largest_irc_abs_error,aquamatch_chla,aquamatch_chla:21FLUFSW_WQX-CIT-WIT-9,test,2023-02,2023-04,2,0.0,0.7257166877892788,0.26406702399253845,0.46164966379674033,False,True,0.050833333333333335,False,0.0
pipe_grud_raw_predictor_recomputed_degradation_v0,control_observed,control,core,evaluated,,True,False,True,largest_irc_abs_error,aquamatch_chla,aquamatch_chla:21FLSFWM_WQX-10621,test,2023-10,2023-12,2,0.0,0.8257721389025588,0.3710385859012604,0.4547335530012985,False,True,0.07062146892655367,False,0.0
pipe_grud_raw_predictor_recomputed_degradation_v0,control_observed,control,core,evaluated,,True,False,True,largest_irc_abs_error,aquamatch_chla,aquamatch_chla:21VASWCB-3-RPP098.81,test,2023-09,2023-11,2,0.0,0.8333333333333334,0.3811858892440796,0.4521474440892538,False,True,0.07062146892655367,False,1.0
pipe_grud_raw_predictor_recomputed_degradation_v0,control_observed,control,core,evaluated,,True,False,True,largest_irc_abs_error,aquamatch_chla,aquamatch_chla:21DELAWQ_WQX-205191,test,2023-03,2023-05,2,1.0,0.38328306814481383,0.8296162486076355,0.44633318046282167,True,False,0.43448275862068964,True,0.0
pipe_grud_raw_predictor_recomputed_degradation_v0,control_observed,control,core,evaluated,,True,False,True,largest_irc_abs_error,wqp,wqp:21FLHESD_WQX-BEAUDETTE POND WEST,test,2023-01,2023-03,2,0.0,0.8623842592592593,0.41648685932159424,0.4458973999376651,False,True,0.07723577235772358,False,
pipe_grud_raw_predictor_recomputed_degradation_v0,control_observed,control,core,evaluated,,True,False,True,largest_irc_abs_error,wqp,wqp:21FLKWAT_WQX-HIL-WILSON-1,test,2022-12,2023-02,2,0.0,0.7974049242907514,0.3575548827648163,0.4398500415259351,False,True,0.06717081850533808,False,0.0
pipe_grud_raw_predictor_recomputed_degradation_v0,control_observed,control,core,evaluated,,True,False,True,largest_irc_abs_error,aquamatch_chla,aquamatch_chla:21FLSFWM_WQX-8879,test,2023-01,2023-03,2,0.0,0.664490964956476,0.22468222677707672,0.43980873817939925,False,True,0.043805428648212845,False,0.0
pipe_grud_raw_predictor_recomputed_degradation_v0,control_observed,control,core,evaluated,,True,False,True,largest_irc_abs_error,aquamatch_chla,aquamatch_chla:21FLSFWM_WQX-18447,test,2023-04,2023-06,2,1.0,0.25016836768693695,0.682924747467041,0.43275637978010406,True,False,0.2268041237113402,False,0.0
pipe_grud_raw_predictor_recomputed_degradation_v0,control_observed,control,core,evaluated,,True,False,True,largest_irc_abs_error,aquamatch_chla,aquamatch_chla:USGS-380924121301901,test,2023-07,2023-09,2,0.0,0.8333333333333334,0.4174613058567047,0.41587202747662866,False,True,0.07723577235772358,False,1.0
pipe_grud_raw_predictor_recomputed_degradation_v0,control_observed,control,core,evaluated,,True,False,True,largest_irc_abs_error,wqp,wqp:21FLCBA_WQX-WAL-DEER-2,test,2024-03,2024-05,2,0.0,0.7211606666666667,0.3290347158908844,0.3921259507757823,False,True,0.06327800829875518,False,
pipe_grud_raw_predictor_recomputed_degradation_v0,control_observed,control,core,evaluated,,True,False,True,largest_irc_abs_error,wqp,wqp:21FLSJWM_WQX-44678,test,2024-02,2024-04,2,0.0,0.8120739523532778,0.42068538069725037,0.3913885716560275,False,True,0.07723577235772358,False,1.0
pipe_grud_raw_predictor_recomputed_degradation_v0,control_observed,control,core,evaluated,,True,False,True,largest_irc_abs_error,wqp,wqp:21FLKWAT_WQX-HIL-EAST-1,test,2024-05,2024-07,2,1.0,0.549526086788707,0.9406948685646057,0.39116878177589876,True,True,0.6389432485322896,True,
pipe_grud_raw_predictor_recomputed_degradation_v0,control_observed,control,core,evaluated,,True,False,True,largest_irc_abs_error,aquamatch_chla,aquamatch_chla:21FLKWAT_WQX-COL-SB-61-2,test,2023-03,2023-05,2,0.0,0.7797870437772856,0.3917936384677887,0.3879934053094969,False,True,0.07723577235772358,False,0.0
pipe_grud_raw_predictor_recomputed_degradation_v0,control_observed,control,core,evaluated,,True,False,True,largest_irc_abs_error,wqp,wqp:21FLKWAT_WQX-HIL-EAST-3,test,2024-05,2024-07,2,1.0,0.5493119159515749,0.9258998036384583,0.37658788768688334,True,True,0.6389432485322896,True,
pipe_grud_raw_predictor_recomputed_degradation_v0,control_observed,control,core,evaluated,,True,False,True,largest_irc_abs_error,wqp,wqp:21SC60WQ_WQX-PD-327,test,2024-02,2024-04,2,0.0,0.7046666666666667,0.33109790086746216,0.3735687657992045,False,True,0.06327800829875518,False,
pipe_grud_raw_predictor_recomputed_degradation_v0,control_observed,control,core,evaluated,,True,False,True,irc_alert_false_negative,aquamatch_chla,aquamatch_chla:21DELAWQ_WQX-109091,test,2023-01,2023-04,3,0.0,0.8333333333333334,0.4779262840747833,0.35540704925855005,False,True,0.10875550660792951,False,1.0
pipe_grud_raw_predictor_recomputed_degradation_v0,control_observed,control,core,evaluated,,True,False,True,irc_alert_false_negative,aquamatch_chla,aquamatch_chla:21FLCOLL_WQX-WINPARK,test,2023-07,2023-10,3,0.0,0.642335516491977,0.48629698157310486,0.1560385349188721,False,True,0.1177257525083612,False,0.0
pipe_grud_raw_predictor_recomputed_degradation_v0,control_observed,control,core,evaluated,,True,False,True,irc_alert_false_negative,aquamatch_chla,aquamatch_chla:21FLGTM_WQX-GTMLSNUT,test,2023-01,2023-04,3,0.0,0.642335516491977,0.24993866682052612,0.39239684967145083,False,True,0.057513693736603956,False,0.0
pipe_grud_raw_predictor_recomputed_degradation_v0,control_observed,control,core,evaluated,,True,False,True,irc_alert_false_negative,aquamatch_chla,aquamatch_chla:21FLHILL_WQX-1510,test,2023-01,2023-04,3,0.0,0.5901104364526372,0.42671144008636475,0.16339899636627242,False,True,0.08451984247197819,False,0.0
pipe_grud_raw_predictor_recomputed_degradation_v0,control_observed,control,core,evaluated,,True,False,True,irc_alert_false_negative,aquamatch_chla,aquamatch_chla:21FLHILL_WQX-41,test,2023-03,2023-06,3,0.0,0.5063140891744224,0.22854290902614594,0.2777711801482765,False,True,0.057513693736603956,False,0.0
pipe_grud_raw_predictor_recomputed_degradation_v0,control_observed,control,core,evaluated,,True,False,True,irc_alert_false_negative,aquamatch_chla,aquamatch_chla:21FLHILL_WQX-44,test,2023-06,2023-09,3,0.0,0.5322227501453195,0.4368342459201813,0.09538850422513823,False,True,0.08839779005524862,False,0.0
pipe_grud_raw_predictor_recomputed_degradation_v0,control_observed,control,core,evaluated,,True,False,True,irc_alert_false_negative,aquamatch_chla,aquamatch_chla:21FLKWAT_WQX-BRA-ROWELL-4,test,2023-01,2023-04,3,0.0,0.5485525679691982,0.4867609441280365,0.06179162384116166,False,True,0.1177257525083612,False,0.0
pipe_grud_raw_predictor_recomputed_degradation_v0,control_observed,control,core,evaluated,,True,False,True,irc_alert_false_negative,aquamatch_chla,aquamatch_chla:21FLKWAT_WQX-COL-SB-61-2,test,2023-03,2023-06,3,0.0,0.662529985897324,0.3702045679092407,0.2923254179880833,False,True,0.07162214479287649,False,0.0
pipe_grud_raw_predictor_recomputed_degradation_v0,control_observed,control,core,evaluated,,True,False,True,irc_alert_false_negative,aquamatch_chla,aquamatch_chla:21FLKWAT_WQX-HIG-REDBEACH-3,test,2023-03,2023-06,3,0.0,0.5209278645460537,0.3361074924468994,0.18482037209915425,False,True,0.07058534185932118,False,0.0
pipe_grud_raw_predictor_recomputed_degradation_v0,control_observed,control,core,evaluated,,True,False,True,irc_alert_false_negative,aquamatch_chla,aquamatch_chla:21FLKWAT_WQX-HIL-TWIN-2,test,2023-03,2023-06,3,0.0,0.5983641013663435,0.49060186743736267,0.10776223392898088,False,True,0.1177257525083612,False,0.0
pipe_grud_raw_predictor_recomputed_degradation_v0,control_observed,control,core,evaluated,,True,False,True,irc_alert_false_negative,aquamatch_chla,aquamatch_chla:21FLLOX_WQX-40,test,2023-07,2023-10,3,0.0,0.5404764150590259,0.21994392573833466,0.3205324893206912,False,True,0.057513693736603956,False,0.0
pipe_grud_raw_predictor_recomputed_degradation_v0,control_observed,control,core,evaluated,,True,False,True,irc_alert_false_negative,aquamatch_chla,aquamatch_chla:21FLLOX_WQX-72,test,2023-03,2023-06,3,0.0,0.5616384437780927,0.4657343327999115,0.09590411097818119,False,True,0.10875550660792951,False,0.0
pipe_grud_raw_predictor_recomputed_degradation_v0,control_observed,control,core,evaluated,,True,False,True,irc_alert_false_negative,aquamatch_chla,aquamatch_chla:21FLLOX_WQX-HGD,test,2023-06,2023-09,3,0.0,0.519491814472948,0.38159751892089844,0.13789429555204957,False,True,0.08451984247197819,False,0.0
pipe_grud_raw_predictor_recomputed_degradation_v0,control_observed,control,core,evaluated,,True,False,True,irc_alert_false_negative,aquamatch_chla,aquamatch_chla:21FLMANA_WQX-LM6,test,2023-02,2023-05,3,0.0,0.7666093184787602,0.4678638279438019,0.29874549053495836,False,True,0.10875550660792951,False,0.0
pipe_grud_raw_predictor_recomputed_degradation_v0,control_observed,control,core,evaluated,,True,False,True,irc_alert_false_negative,aquamatch_chla,aquamatch_chla:21FLSFWM_WQX-10621,test,2023-10,2024-01,3,0.0,0.5485525679691982,0.32368287444114685,0.2248696935280513,False,True,0.07058534185932118,False,0.0
pipe_grud_raw_predictor_recomputed_degradation_v0,control_observed,control,core,evaluated,,True,False,True,irc_alert_false_negative,aquamatch_chla,aquamatch_chla:21FLSFWM_WQX-11573,test,2023-08,2023-11,3,0.0,0.6779383682820198,0.2943664789199829,0.3835718893620369,False,True,0.06044600938967136,False,0.0
pipe_grud_raw_predictor_recomputed_degradation_v0,control_observed,control,core,evaluated,,True,False,True,irc_alert_false_negative,aquamatch_chla,aquamatch_chla:21FLSFWM_WQX-18222,test,2023-08,2023-11,3,0.0,0.5389767604970058,0.29303136467933655,0.24594539581766928,False,True,0.06044600938967136,False,0.0
pipe_grud_raw_predictor_recomputed_degradation_v0,control_observed,control,core,evaluated,,True,False,True,irc_alert_false_negative,aquamatch_chla,aquamatch_chla:21FLSFWM_WQX-18447,test,2022-12,2023-03,3,0.0,0.6075799414532111,0.4797557592391968,0.12782418221401437,False,True,0.11348464619492657,False,0.0
pipe_grud_raw_predictor_recomputed_degradation_v0,control_observed,control,core,evaluated,,True,False,True,irc_alert_false_negative,aquamatch_chla,aquamatch_chla:21FLSFWM_WQX-4203,test,2023-08,2023-11,3,0.0,0.5404764150590259,0.4250704348087311,0.1154059802502948,False,True,0.08451984247197819,False,0.0
pipe_grud_raw_predictor_recomputed_degradation_v0,control_observed,control,core,evaluated,,True,False,True,irc_alert_false_negative,aquamatch_chla,aquamatch_chla:21FLSFWM_WQX-8879,test,2023-01,2023-04,3,0.0,0.8333333333333334,0.27965375781059265,0.5536795755227407,False,True,0.06044600938967136,False,1.0
pipe_grud_raw_predictor_recomputed_degradation_v0,control_observed,control,core,evaluated,,True,False,True,irc_alert_false_positive,aquamatch_chla,aquamatch_chla:21DELAWQ_WQX-109091,test,2023-03,2023-06,3,1.0,0.48484958227832187,0.6637433767318726,0.1788937944535507,True,False,0.22741764080765142,False,0.0
pipe_grud_raw_predictor_recomputed_degradation_v0,control_observed,control,core,evaluated,,True,False,True,irc_alert_false_positive,aquamatch_chla,aquamatch_chla:21FLCOLL_WQX-EAGLECRK,test,2023-05,2023-08,3,1.0,0.497264816682428,0.6356287598609924,0.13836394317856443,True,False,0.21115776844631073,False,0.0
pipe_grud_raw_predictor_recomputed_degradation_v0,control_observed,control,core,evaluated,,True,False,True,irc_alert_false_positive,aquamatch_chla,aquamatch_chla:21FLKWAT_WQX-HIL-TWIN-2,test,2023-05,2023-08,3,1.0,0.3841093097025195,0.6244759559631348,0.24036664626061527,True,False,0.1973816717019134,False,0.0
pipe_grud_raw_predictor_recomputed_degradation_v0,control_observed,control,core,evaluated,,True,False,True,irc_alert_false_positive,aquamatch_chla,aquamatch_chla:21FLKWAT_WQX-HIL-TWIN-3,test,2023-04,2023-07,3,1.0,0.3403941218224194,0.5487753748893738,0.20838125306695437,True,False,0.15620641562064155,False,0.0
pipe_grud_raw_predictor_recomputed_degradation_v0,control_observed,control,core,evaluated,,True,False,True,irc_alert_false_positive,aquamatch_chla,aquamatch_chla:21FLKWAT_WQX-LAK-BAY-3,test,2023-02,2023-05,3,1.0,0.45871544748709114,0.5804582834243774,0.1217428359372863,True,False,0.1761855313257182,False,0.0
pipe_grud_raw_predictor_recomputed_degradation_v0,control_observed,control,core,evaluated,,True,False,True,irc_alert_false_positive,aquamatch_chla,aquamatch_chla:21FLSARA_WQX-GOT-3,test,2023-06,2023-09,3,1.0,0.4183972087822354,0.5408275723457336,0.12243036356349823,True,False,0.15620641562064155,False,0.0
pipe_grud_raw_predictor_recomputed_degradation_v0,control_observed,control,core,evaluated,,True,False,True,irc_alert_false_positive,aquamatch_chla,aquamatch_chla:21FLSFWM_WQX-18222,test,2022-12,2023-03,3,1.0,0.3403941218224194,0.5408788323402405,0.20048471051782107,True,False,0.15620641562064155,False,0.0
pipe_grud_raw_predictor_recomputed_degradation_v0,control_observed,control,core,evaluated,,True,False,True,irc_alert_false_positive,aquamatch_chla,aquamatch_chla:21FLSFWM_WQX-18447,test,2023-04,2023-07,3,1.0,0.4038043581946335,0.6810975074768066,0.27729314928217313,True,False,0.22741764080765142,False,0.0
pipe_grud_raw_predictor_recomputed_degradation_v0,control_observed,control,core,evaluated,,True,False,True,irc_alert_false_positive,aquamatch_chla,aquamatch_chla:21FLSFWM_WQX-49081,test,2023-02,2023-05,3,1.0,0.3134906877228305,0.589983344078064,0.27649265635523346,True,False,0.1761855313257182,False,0.0
pipe_grud_raw_predictor_recomputed_degradation_v0,control_observed,control,core,evaluated,,True,False,True,irc_alert_false_positive,aquamatch_chla,aquamatch_chla:21NC03WQ-CPF055D,test,2022-12,2023-03,3,1.0,0.49110850443820286,0.692596435546875,0.20148793110867214,True,False,0.2525169508937744,False,0.0
pipe_grud_raw_predictor_recomputed_degradation_v0,control_observed,control,core,evaluated,,True,False,True,irc_alert_false_positive,aquamatch_chla,aquamatch_chla:WIDNR_WQX-223282,test,2023-08,2023-11,3,1.0,0.43425390443988743,0.6280223727226257,0.1937684682827383,True,False,0.1973816717019134,False,0.0
pipe_grud_raw_predictor_recomputed_degradation_v0,control_observed,control,core,evaluated,,True,False,True,irc_alert_false_positive,aquamatch_chla,aquamatch_chla:WIDNR_WQX-473008,test,2023-05,2023-08,3,1.0,0.47848457165485403,0.5370131134986877,0.058528541843833715,True,False,0.15620641562064155,False,0.0
pipe_grud_raw_predictor_recomputed_degradation_v0,control_observed,control,core,evaluated,,True,False,True,irc_alert_false_positive,wqp,wqp:21FLKWAT_WQX-BRE-WASHINGT-3,test,2023-02,2023-05,3,1.0,0.33400249585198405,0.668472945690155,0.334470449838171,True,False,0.22741764080765142,False,0.0
pipe_grud_raw_predictor_recomputed_degradation_v0,control_observed,control,core,evaluated,,True,False,True,irc_alert_false_positive,wqp,wqp:21FLKWAT_WQX-IND-BLUE CYPR-3,test,2023-04,2023-07,3,1.0,0.33057263388115493,0.5459327101707458,0.21536007628959092,True,False,0.15620641562064155,False,0.0
pipe_grud_raw_predictor_recomputed_degradation_v0,control_observed,control,core,evaluated,,True,False,True,irc_alert_false_positive,wqp,wqp:21FLKWAT_WQX-OSC-BUCK-2,test,2023-04,2023-07,3,1.0,0.4355974193789911,0.5317128300666809,0.0961154106876898,True,False,0.15620641562064155,False,0.0
pipe_grud_raw_predictor_recomputed_degradation_v0,control_observed,control,core,evaluated,,True,False,True,irc_alert_false_positive,wqp,wqp:21FLKWAT_WQX-PAL-WESTWOOD-3,test,2023-02,2023-05,3,1.0,0.49798394424614423,0.5177080035209656,0.01972405927482135,True,False,0.13745173745173744,False,
pipe_grud_raw_predictor_recomputed_degradation_v0,control_observed,control,core,evaluated,,True,False,True,irc_alert_false_positive,wqp,wqp:21FLLCPC_WQX-YALEMARSHPK,test,2023-08,2023-11,3,1.0,0.4228571428571429,0.6381694674491882,0.21531232459204536,True,False,0.21115776844631073,False,0.0
pipe_grud_raw_predictor_recomputed_degradation_v0,control_observed,control,core,evaluated,,True,False,True,irc_alert_false_positive,wqp,wqp:21NC03WQ-LLC01,test,2023-08,2023-11,3,1.0,0.4522532444478775,0.5696907043457031,0.11743745989782561,True,False,0.1761855313257182,False,0.0
pipe_grud_raw_predictor_recomputed_degradation_v0,control_observed,control,core,evaluated,,True,False,True,irc_alert_false_positive,wqp,wqp:21NC03WQ-NEU0171B,test,2023-08,2023-11,3,1.0,0.4342352444928701,0.6033894419670105,0.1691541974741404,True,False,0.1761855313257182,False,0.0
pipe_grud_raw_predictor_recomputed_degradation_v0,control_observed,control,core,evaluated,,True,False,True,irc_alert_false_positive,wqp,wqp:21NC03WQ-NEU019P,test,2023-10,2024-01,3,1.0,0.45978417400280147,0.5359963774681091,0.07621220346530766,True,False,0.15620641562064155,False,0.0
pipe_grud_raw_predictor_recomputed_degradation_v0,control_observed,control,core,evaluated,,True,False,True,largest_irc_abs_error,wqp,wqp:21FLKWAT_WQX-ORA-FAIRVIEW-4,test,2024-04,2024-07,3,0.0,0.8132667126534322,0.17841236293315887,0.6348543497202733,False,True,0.04730538922155689,False,0.0
pipe_grud_raw_predictor_recomputed_degradation_v0,control_observed,control,core,evaluated,,True,False,True,largest_irc_abs_error,aquamatch_chla,aquamatch_chla:NJDEP_BB-BT06a,test,2023-01,2023-04,3,0.0,0.8097788005679591,0.2346106767654419,0.5751681238025173,False,True,0.057513693736603956,False,0.0
pipe_grud_raw_predictor_recomputed_degradation_v0,control_observed,control,core,evaluated,,True,False,True,largest_irc_abs_error,aquamatch_chla,aquamatch_chla:21FLSFWM_WQX-8879,test,2023-01,2023-04,3,0.0,0.8333333333333334,0.27965375781059265,0.5536795755227407,False,True,0.06044600938967136,False,1.0
pipe_grud_raw_predictor_recomputed_degradation_v0,control_observed,control,core,evaluated,,True,False,True,largest_irc_abs_error,aquamatch_chla,aquamatch_chla:21IOWA_WQX-10360001,test,2023-01,2023-04,3,0.0,0.8333333333333334,0.3084515929222107,0.5248817404111227,False,True,0.06274509803921569,False,1.0
pipe_grud_raw_predictor_recomputed_degradation_v0,control_observed,control,core,evaluated,,True,False,True,largest_irc_abs_error,wqp,wqp:21FLSJWM_WQX-44494,test,2022-12,2023-03,3,0.0,0.7952290764204663,0.30065277218818665,0.4945763042322796,False,True,0.06044600938967136,False,1.0
pipe_grud_raw_predictor_recomputed_degradation_v0,control_observed,control,core,evaluated,,True,False,True,largest_irc_abs_error,aquamatch_chla,aquamatch_chla:IEC-NYNJCT-NJHDG_14,test,2023-04,2023-07,3,0.0,0.8333333333333334,0.3543799817562103,0.47895335157712304,False,True,0.07162214479287649,False,1.0
pipe_grud_raw_predictor_recomputed_degradation_v0,control_observed,control,core,evaluated,,True,False,True,largest_irc_abs_error,wqp,wqp:21SC60WQ_WQX-PD-327,test,2024-02,2024-05,3,0.0,0.8038616022381401,0.33046987652778625,0.4733917257103538,False,True,0.07058534185932118,False,
pipe_grud_raw_predictor_recomputed_degradation_v0,control_observed,control,core,evaluated,,True,False,True,largest_irc_abs_error,wqp,wqp:21SC60WQ_WQX-CL-041,test,2024-01,2024-04,3,0.0,0.730952380952381,0.26573702692985535,0.4652153540225257,False,True,0.057513693736603956,False,
pipe_grud_raw_predictor_recomputed_degradation_v0,control_observed,control,core,evaluated,,True,False,True,largest_irc_abs_error,wqp,wqp:USGS-380924121301901,test,2023-11,2024-02,3,0.0,0.9166666666666666,0.4615708887577057,0.45509577790896094,False,True,0.10875550660792951,False,1.0
pipe_grud_raw_predictor_recomputed_degradation_v0,control_observed,control,core,evaluated,,True,False,True,largest_irc_abs_error,wqp,wqp:21FLKWAT_WQX-BAY-LULLWATER-3,test,2022-12,2023-03,3,0.0,0.7646876591804053,0.32228538393974304,0.4424022752406622,False,True,0.07058534185932118,False,0.0
pipe_grud_raw_predictor_recomputed_degradation_v0,control_observed,control,core,evaluated,,True,False,True,largest_irc_abs_error,wqp,wqp:21FLHESD_WQX-BEAUDETTE POND WEST,test,2023-01,2023-04,3,0.0,0.9298726851851852,0.49310410022735596,0.4367685849578292,False,True,0.1177257525083612,False,1.0
pipe_grud_raw_predictor_recomputed_degradation_v0,control_observed,control,core,evaluated,,True,False,True,largest_irc_abs_error,wqp,wqp:21FLKWAT_WQX-COL-SB-61-1,test,2023-02,2023-05,3,0.0,0.8413128572297447,0.4183790385723114,0.4229338186574333,False,True,0.08451984247197819,False,0.0
pipe_grud_raw_predictor_recomputed_degradation_v0,control_observed,control,core,evaluated,,True,False,True,largest_irc_abs_error,wqp,wqp:21SC60WQ_WQX-S-024,test,2024-02,2024-05,3,0.0,0.7639731110662922,0.3514203727245331,0.4125527383417591,False,True,0.07058534185932118,False,0.0
pipe_grud_raw_predictor_recomputed_degradation_v0,control_observed,control,core,evaluated,,True,False,True,largest_irc_abs_error,wqp,wqp:21FLKWAT_WQX-PUT-MCCLOUD-2,test,2023-02,2023-05,3,0.0,0.029806519583557345,0.4330475628376007,0.40324104325404336,False,False,0.08839779005524862,False,0.0
pipe_grud_raw_predictor_recomputed_degradation_v0,control_observed,control,core,evaluated,,True,False,True,largest_irc_abs_error,wqp,wqp:21VASWCB-6APNR011.92,test,2023-05,2023-08,3,0.0,0.7176419662913274,0.31796643137931824,0.39967553491200913,False,True,0.07058534185932118,False,
pipe_grud_raw_predictor_recomputed_degradation_v0,control_observed,control,core,evaluated,,True,False,True,largest_irc_abs_error,aquamatch_chla,aquamatch_chla:21FLGTM_WQX-GTMLSNUT,test,2023-01,2023-04,3,0.0,0.642335516491977,0.24993866682052612,0.39239684967145083,False,True,0.057513693736603956,False,0.0
pipe_grud_raw_predictor_recomputed_degradation_v0,control_observed,control,core,evaluated,,True,False,True,largest_irc_abs_error,aquamatch_chla,aquamatch_chla:21FLSFWM_WQX-11573,test,2023-08,2023-11,3,0.0,0.6779383682820198,0.2943664789199829,0.3835718893620369,False,True,0.06044600938967136,False,0.0
pipe_grud_raw_predictor_recomputed_degradation_v0,control_observed,control,core,evaluated,,True,False,True,largest_irc_abs_error,wqp,wqp:21FLSFWM_WQX-11576,test,2023-12,2024-03,3,1.0,0.8955933682373473,0.5163812637329102,0.3792121045044371,True,True,0.13745173745173744,False,
pipe_grud_raw_predictor_recomputed_degradation_v0,control_observed,control,core,evaluated,,True,False,True,largest_irc_abs_error,wqp,wqp:21FLKWAT_WQX-PUT-MCCLOUD-3,test,2023-01,2023-04,3,0.0,0.030183643745490416,0.40472182631492615,0.3745381825694357,False,False,0.08451984247197819,False,0.0
pipe_grud_raw_predictor_recomputed_degradation_v0,control_observed,control,core,evaluated,,True,False,True,largest_irc_abs_error,wqp,wqp:21FLKWAT_WQX-IND-BLUE CYPR-3,test,2024-01,2024-04,3,0.0,0.7884736783554712,0.4166804850101471,0.3717931933453241,False,True,0.08451984247197819,False,0.0
pipe_grud_raw_predictor_recomputed_degradation_v0,ablate_chlorophyll_memory,feature_family_ablation,core,evaluated,,True,True,True,irc_alert_false_negative,aquamatch_chla,aquamatch_chla:21DELAWQ_WQX-109091,test,2023-01,2023-02,1,0.0,0.6381629553808799,0.4680127203464508,0.17015023503442905,False,True,0.07123688704562088,False,0.0
pipe_grud_raw_predictor_recomputed_degradation_v0,ablate_chlorophyll_memory,feature_family_ablation,core,evaluated,,True,True,True,irc_alert_false_negative,aquamatch_chla,aquamatch_chla:21DELAWQ_WQX-109091,test,2023-03,2023-04,1,0.0,0.8333333333333334,0.4941132366657257,0.33922009666760766,False,True,0.0764748725418791,False,1.0
pipe_grud_raw_predictor_recomputed_degradation_v0,ablate_chlorophyll_memory,feature_family_ablation,core,evaluated,,True,True,True,irc_alert_false_negative,aquamatch_chla,aquamatch_chla:21DELAWQ_WQX-205041,test,2023-02,2023-03,1,0.0,0.5512064775059591,0.4843926429748535,0.06681383453110556,False,True,0.0764748725418791,False,0.0
pipe_grud_raw_predictor_recomputed_degradation_v0,ablate_chlorophyll_memory,feature_family_ablation,core,evaluated,,True,True,True,irc_alert_false_negative,aquamatch_chla,aquamatch_chla:21DELAWQ_WQX-205191,test,2023-03,2023-04,1,0.0,0.8333333333333334,0.4941132366657257,0.33922009666760766,False,True,0.0764748725418791,False,1.0
pipe_grud_raw_predictor_recomputed_degradation_v0,ablate_chlorophyll_memory,feature_family_ablation,core,evaluated,,True,True,True,irc_alert_false_negative,aquamatch_chla,aquamatch_chla:21DELAWQ_WQX-208061,test,2023-04,2023-05,1,0.0,0.7467193490528397,0.4969664514064789,0.24975289764636077,False,True,0.0764748725418791,False,0.0
pipe_grud_raw_predictor_recomputed_degradation_v0,ablate_chlorophyll_memory,feature_family_ablation,core,evaluated,,True,True,True,irc_alert_false_negative,aquamatch_chla,aquamatch_chla:21DELAWQ_WQX-306321,test,2022-12,2023-01,1,0.0,0.7034694257656113,0.4529459774494171,0.2505234483161942,False,True,0.07123688704562088,False,0.0
pipe_grud_raw_predictor_recomputed_degradation_v0,ablate_chlorophyll_memory,feature_family_ablation,core,evaluated,,True,True,True,irc_alert_false_negative,aquamatch_chla,aquamatch_chla:21FLCOLL_WQX-BC19,test,2023-03,2023-04,1,0.0,0.8333333333333334,0.4941132366657257,0.33922009666760766,False,True,0.0764748725418791,False,1.0
pipe_grud_raw_predictor_recomputed_degradation_v0,ablate_chlorophyll_memory,feature_family_ablation,core,evaluated,,True,True,True,irc_alert_false_negative,aquamatch_chla,aquamatch_chla:21FLCOLL_WQX-EAGLECRK,test,2023-05,2023-06,1,0.0,0.8333333333333334,0.49829140305519104,0.33504193027814233,False,True,0.0764748725418791,False,1.0
pipe_grud_raw_predictor_recomputed_degradation_v0,ablate_chlorophyll_memory,feature_family_ablation,core,evaluated,,True,True,True,irc_alert_false_negative,aquamatch_chla,aquamatch_chla:21FLCOLL_WQX-HALDUP,test,2023-04,2023-05,1,0.0,0.5033218292271299,0.4969664514064789,0.006355377820650987,False,True,0.0764748725418791,False,0.0
pipe_grud_raw_predictor_recomputed_degradation_v0,ablate_chlorophyll_memory,feature_family_ablation,core,evaluated,,True,True,True,irc_alert_false_negative,aquamatch_chla,aquamatch_chla:21FLEECO_WQX-24-7GR,test,2023-01,2023-02,1,0.0,0.7424528528400822,0.4680127203464508,0.2744401324936314,False,True,0.07123688704562088,False,0.0
pipe_grud_raw_predictor_recomputed_degradation_v0,ablate_chlorophyll_memory,feature_family_ablation,core,evaluated,,True,True,True,irc_alert_false_negative,aquamatch_chla,aquamatch_chla:21FLGTM_WQX-GTMLSNUT,test,2023-02,2023-03,1,0.0,0.5865168526995395,0.4843926429748535,0.10212420972468594,False,True,0.0764748725418791,False,0.0
pipe_grud_raw_predictor_recomputed_degradation_v0,ablate_chlorophyll_memory,feature_family_ablation,core,evaluated,,True,True,True,irc_alert_false_negative,aquamatch_chla,aquamatch_chla:21FLGTM_WQX-GTMMKNUT,test,2023-01,2023-02,1,0.0,0.8333333333333334,0.4680127203464508,0.36532061298688256,False,True,0.07123688704562088,False,1.0
pipe_grud_raw_predictor_recomputed_degradation_v0,ablate_chlorophyll_memory,feature_family_ablation,core,evaluated,,True,True,True,irc_alert_false_negative,aquamatch_chla,aquamatch_chla:21FLHILL_WQX-148,test,2022-12,2023-01,1,0.0,0.8333333333333334,0.4529459774494171,0.38038735588391626,False,True,0.07123688704562088,False,1.0
pipe_grud_raw_predictor_recomputed_degradation_v0,ablate_chlorophyll_memory,feature_family_ablation,core,evaluated,,True,True,True,irc_alert_false_negative,aquamatch_chla,aquamatch_chla:21FLHILL_WQX-1510,test,2023-01,2023-02,1,0.0,0.5816712804823142,0.4680127203464508,0.1136585601358634,False,True,0.07123688704562088,False,0.0
pipe_grud_raw_predictor_recomputed_degradation_v0,ablate_chlorophyll_memory,feature_family_ablation,core,evaluated,,True,True,True,irc_alert_false_negative,aquamatch_chla,aquamatch_chla:21FLHILL_WQX-1510,test,2023-05,2023-06,1,0.0,0.8333333333333334,0.49829140305519104,0.33504193027814233,False,True,0.0764748725418791,False,1.0
pipe_grud_raw_predictor_recomputed_degradation_v0,ablate_chlorophyll_memory,feature_family_ablation,core,evaluated,,True,True,True,irc_alert_false_negative,aquamatch_chla,aquamatch_chla:21FLHILL_WQX-181,test,2023-05,2023-06,1,0.0,0.5445362020209574,0.49829140305519104,0.04624479896576639,False,True,0.0764748725418791,False,0.0
pipe_grud_raw_predictor_recomputed_degradation_v0,ablate_chlorophyll_memory,feature_family_ablation,core,evaluated,,True,True,True,irc_alert_false_negative,aquamatch_chla,aquamatch_chla:21FLKWAT_WQX-COL-SB-61-2,test,2023-03,2023-04,1,0.0,0.8333333333333334,0.4941132366657257,0.33922009666760766,False,True,0.0764748725418791,False,1.0
pipe_grud_raw_predictor_recomputed_degradation_v0,ablate_chlorophyll_memory,feature_family_ablation,core,evaluated,,True,True,True,irc_alert_false_negative,aquamatch_chla,aquamatch_chla:21FLKWAT_WQX-HIG-REDBEACH-3,test,2023-05,2023-06,1,0.0,0.5209278645460537,0.49829140305519104,0.022636461490862625,False,True,0.0764748725418791,False,0.0
pipe_grud_raw_predictor_recomputed_degradation_v0,ablate_chlorophyll_memory,feature_family_ablation,core,evaluated,,True,True,True,irc_alert_false_negative,aquamatch_chla,aquamatch_chla:21FLKWAT_WQX-HIL-TWIN-2,test,2023-05,2023-06,1,0.0,0.5983641013663435,0.49829140305519104,0.10007269831115251,False,True,0.0764748725418791,False,0.0
pipe_grud_raw_predictor_recomputed_degradation_v0,ablate_chlorophyll_memory,feature_family_ablation,core,evaluated,,True,True,True,irc_alert_false_negative,aquamatch_chla,aquamatch_chla:21FLKWAT_WQX-HIL-TWIN-3,test,2023-04,2023-05,1,0.0,0.5485525679691982,0.4969664514064789,0.051586116562719275,False,True,0.0764748725418791,False,0.0
pipe_grud_raw_predictor_recomputed_degradation_v0,ablate_chlorophyll_memory,feature_family_ablation,core,evaluated,,True,True,True,irc_alert_false_positive,aquamatch_chla,aquamatch_chla:21DELAWQ_WQX-105151,test,2023-06,2023-07,1,1.0,0.16666666666666666,0.5007140040397644,0.3340473373730978,True,False,0.09283309283309284,False,0.0
pipe_grud_raw_predictor_recomputed_degradation_v0,ablate_chlorophyll_memory,feature_family_ablation,core,evaluated,,True,True,True,irc_alert_false_positive,aquamatch_chla,aquamatch_chla:21DELAWQ_WQX-306321,test,2023-06,2023-07,1,1.0,0.293546533658408,0.5007140040397644,0.2071674703813564,True,False,0.09283309283309284,False,0.0
pipe_grud_raw_predictor_recomputed_degradation_v0,ablate_chlorophyll_memory,feature_family_ablation,core,evaluated,,True,True,True,irc_alert_false_positive,aquamatch_chla,aquamatch_chla:21FLCOLL_WQX-BC11S,test,2023-07,2023-08,1,1.0,0.21496591795364375,0.5000366568565369,0.28507073890289314,True,False,0.09283309283309284,False,0.0
pipe_grud_raw_predictor_recomputed_degradation_v0,ablate_chlorophyll_memory,feature_family_ablation,core,evaluated,,True,True,True,irc_alert_false_positive,aquamatch_chla,aquamatch_chla:21FLCOLL_WQX-CORK@846,test,2023-07,2023-08,1,1.0,0.42696189597100426,0.5000366568565369,0.07307476088553261,True,False,0.09283309283309284,False,0.0
pipe_grud_raw_predictor_recomputed_degradation_v0,ablate_chlorophyll_memory,feature_family_ablation,core,evaluated,,True,True,True,irc_alert_false_positive,aquamatch_chla,aquamatch_chla:21FLCOLL_WQX-CR951S,test,2023-06,2023-07,1,1.0,0.16666666666666666,0.5007140040397644,0.3340473373730978,True,False,0.09283309283309284,False,0.0
pipe_grud_raw_predictor_recomputed_degradation_v0,ablate_chlorophyll_memory,feature_family_ablation,core,evaluated,,True,True,True,irc_alert_false_positive,aquamatch_chla,aquamatch_chla:21FLCOLL_WQX-WINPARK,test,2023-07,2023-08,1,1.0,0.4816805623200066,0.5000366568565369,0.018356094536530254,True,False,0.09283309283309284,False,0.0
pipe_grud_raw_predictor_recomputed_degradation_v0,ablate_chlorophyll_memory,feature_family_ablation,core,evaluated,,True,True,True,irc_alert_false_positive,aquamatch_chla,aquamatch_chla:21FLHILL_WQX-106,test,2023-06,2023-07,1,1.0,0.16666666666666666,0.5007140040397644,0.3340473373730978,True,False,0.09283309283309284,False,0.0
pipe_grud_raw_predictor_recomputed_degradation_v0,ablate_chlorophyll_memory,feature_family_ablation,core,evaluated,,True,True,True,irc_alert_false_positive,aquamatch_chla,aquamatch_chla:21FLHILL_WQX-176,test,2023-06,2023-07,1,1.0,0.293546533658408,0.5007140040397644,0.2071674703813564,True,False,0.09283309283309284,False,0.0
pipe_grud_raw_predictor_recomputed_degradation_v0,ablate_chlorophyll_memory,feature_family_ablation,core,evaluated,,True,True,True,irc_alert_false_positive,aquamatch_chla,aquamatch_chla:21FLHILL_WQX-44,test,2023-06,2023-07,1,1.0,0.3715206459153444,0.5007140040397644,0.12919335812442,True,False,0.09283309283309284,False,0.0
pipe_grud_raw_predictor_recomputed_degradation_v0,ablate_chlorophyll_memory,feature_family_ablation,core,evaluated,,True,True,True,irc_alert_false_positive,aquamatch_chla,aquamatch_chla:21FLHILL_WQX-95,test,2023-06,2023-07,1,1.0,0.16666666666666666,0.5007140040397644,0.3340473373730978,True,False,0.09283309283309284,False,0.0
pipe_grud_raw_predictor_recomputed_degradation_v0,ablate_chlorophyll_memory,feature_family_ablation,core,evaluated,,True,True,True,irc_alert_false_positive,aquamatch_chla,aquamatch_chla:21FLKWAT_WQX-LAK-HIAWATHA-2,test,2023-07,2023-08,1,1.0,0.36288746946202605,0.5000366568565369,0.13714918739451082,True,False,0.09283309283309284,False,0.0
pipe_grud_raw_predictor_recomputed_degradation_v0,ablate_chlorophyll_memory,feature_family_ablation,core,evaluated,,True,True,True,irc_alert_false_positive,aquamatch_chla,aquamatch_chla:21FLLOX_WQX-40,test,2023-07,2023-08,1,1.0,0.3089813076824769,0.5000366568565369,0.19105534917405997,True,False,0.09283309283309284,False,0.0
pipe_grud_raw_predictor_recomputed_degradation_v0,ablate_chlorophyll_memory,feature_family_ablation,core,evaluated,,True,True,True,irc_alert_false_positive,aquamatch_chla,aquamatch_chla:21FLLOX_WQX-60,test,2023-06,2023-07,1,1.0,0.4061465277611498,0.5007140040397644,0.09456747627861462,True,False,0.09283309283309284,False,0.0
pipe_grud_raw_predictor_recomputed_degradation_v0,ablate_chlorophyll_memory,feature_family_ablation,core,evaluated,,True,True,True,irc_alert_false_positive,aquamatch_chla,aquamatch_chla:21FLLOX_WQX-67,test,2023-06,2023-07,1,1.0,0.16666666666666666,0.5007140040397644,0.3340473373730978,True,False,0.09283309283309284,False,0.0
pipe_grud_raw_predictor_recomputed_degradation_v0,ablate_chlorophyll_memory,feature_family_ablation,core,evaluated,,True,True,True,irc_alert_false_positive,aquamatch_chla,aquamatch_chla:21FLLOX_WQX-HGD,test,2023-06,2023-07,1,1.0,0.16666666666666666,0.5007140040397644,0.3340473373730978,True,False,0.09283309283309284,False,0.0
pipe_grud_raw_predictor_recomputed_degradation_v0,ablate_chlorophyll_memory,feature_family_ablation,core,evaluated,,True,True,True,irc_alert_false_positive,aquamatch_chla,aquamatch_chla:21FLMANA_WQX-CC1,test,2023-06,2023-07,1,1.0,0.4306255995331907,0.5007140040397644,0.07008840450657372,True,False,0.09283309283309284,False,0.0
pipe_grud_raw_predictor_recomputed_degradation_v0,ablate_chlorophyll_memory,feature_family_ablation,core,evaluated,,True,True,True,irc_alert_false_positive,aquamatch_chla,aquamatch_chla:21FLMANA_WQX-D3,test,2023-06,2023-07,1,1.0,0.16666666666666666,0.5007140040397644,0.3340473373730978,True,False,0.09283309283309284,False,0.0
pipe_grud_raw_predictor_recomputed_degradation_v0,ablate_chlorophyll_memory,feature_family_ablation,core,evaluated,,True,True,True,irc_alert_false_positive,aquamatch_chla,aquamatch_chla:21FLSARA_WQX-CPS-1,test,2023-06,2023-07,1,1.0,0.2536889556896862,0.5007140040397644,0.2470250483500782,True,False,0.09283309283309284,False,0.0
pipe_grud_raw_predictor_recomputed_degradation_v0,ablate_chlorophyll_memory,feature_family_ablation,core,evaluated,,True,True,True,irc_alert_false_positive,aquamatch_chla,aquamatch_chla:21FLSARA_WQX-GOT-3,test,2023-06,2023-07,1,1.0,0.16666666666666666,0.5007140040397644,0.3340473373730978,True,False,0.09283309283309284,False,0.0
pipe_grud_raw_predictor_recomputed_degradation_v0,ablate_chlorophyll_memory,feature_family_ablation,core,evaluated,,True,True,True,irc_alert_false_positive,aquamatch_chla,aquamatch_chla:21FLSARA_WQX-VM-1,test,2023-06,2023-07,1,1.0,0.16666666666666666,0.5007140040397644,0.3340473373730978,True,False,0.09283309283309284,False,0.0
pipe_grud_raw_predictor_recomputed_degradation_v0,ablate_chlorophyll_memory,feature_family_ablation,core,evaluated,,True,True,True,largest_irc_abs_error,wqp,wqp:USGS-384506118433001,test,2022-12,2023-01,1,0.0,0.6763902358974359,0.1669570356607437,0.5094332002366921,False,True,0.011228533685601057,False,1.0
pipe_grud_raw_predictor_recomputed_degradation_v0,ablate_chlorophyll_memory,feature_family_ablation,core,evaluated,,True,True,True,largest_irc_abs_error,wqp,wqp:21FLKWAT_WQX-SAR-LAKE-M-9-2,test,2023-12,2024-01,1,0.0,0.9706882302114433,0.49183225631713867,0.4788559738943047,False,True,0.0764748725418791,False,1.0
pipe_grud_raw_predictor_recomputed_degradation_v0,ablate_chlorophyll_memory,feature_family_ablation,core,evaluated,,True,True,True,largest_irc_abs_error,wqp,wqp:21SC60WQ_WQX-CW-174,test,2023-10,2023-11,1,1.0,0.11766805983661843,0.5952711701393127,0.4776031103026943,True,False,0.13749999999999998,False,
pipe_grud_raw_predictor_recomputed_degradation_v0,ablate_chlorophyll_memory,feature_family_ablation,core,evaluated,,True,True,True,largest_irc_abs_error,wqp,wqp:21FLLCPC_WQX-MINNEOLAWFP,test,2023-09,2023-10,1,1.0,0.39090553241844445,0.8571853637695312,0.4662798313510868,True,False,0.6175666691290547,True,0.0
pipe_grud_raw_predictor_recomputed_degradation_v0,ablate_chlorophyll_memory,feature_family_ablation,core,evaluated,,True,True,True,largest_irc_abs_error,wqp,wqp:21VASWCB-6APNR011.92,test,2023-05,2023-06,1,0.0,0.6638095238095237,0.19825626909732819,0.46555325471219555,False,True,0.021209610604805307,False,
pipe_grud_raw_predictor_recomputed_degradation_v0,ablate_chlorophyll_memory,feature_family_ablation,core,evaluated,,True,True,True,largest_irc_abs_error,wqp,wqp:21FLKWAT_WQX-PIN-BELLEVUE-3,test,2023-06,2023-07,1,1.0,0.10974316118601794,0.5677939057350159,0.4580507445489979,True,False,0.13673469387755105,False,0.0
pipe_grud_raw_predictor_recomputed_degradation_v0,ablate_chlorophyll_memory,feature_family_ablation,core,evaluated,,True,True,True,largest_irc_abs_error,wqp,wqp:21FLKWAT_WQX-PIN-BELLEVUE-2,test,2023-06,2023-07,1,1.0,0.09379066121713368,0.5430872440338135,0.4492965828166798,True,False,0.10829694323144104,False,0.0
pipe_grud_raw_predictor_recomputed_degradation_v0,ablate_chlorophyll_memory,feature_family_ablation,core,evaluated,,True,True,True,largest_irc_abs_error,wqp,wqp:21FLKWAT_WQX-OSC-BELLALAGO-3,test,2023-07,2023-08,1,1.0,0.9393655804848743,0.509095311164856,0.43027026932001833,True,True,0.09283309283309284,False,1.0
pipe_grud_raw_predictor_recomputed_degradation_v0,ablate_chlorophyll_memory,feature_family_ablation,core,evaluated,,True,True,True,largest_irc_abs_error,wqp,wqp:21FLKWAT_WQX-HIL-ISLANDFO-3,test,2024-05,2024-06,1,0.0,0.071984,0.4970815181732178,0.4250975181732178,False,False,0.0764748725418791,False,0.0
pipe_grud_raw_predictor_recomputed_degradation_v0,ablate_chlorophyll_memory,feature_family_ablation,core,evaluated,,True,True,True,largest_irc_abs_error,wqp,wqp:21FLKWAT_WQX-PIN-SAUNDRA-2,test,2023-12,2024-01,1,1.0,0.9786545666028807,0.5569811463356018,0.42167342026727894,True,True,0.13673469387755105,False,1.0
pipe_grud_raw_predictor_recomputed_degradation_v0,ablate_chlorophyll_memory,feature_family_ablation,core,evaluated,,True,True,True,largest_irc_abs_error,wqp,wqp:21FLSWFD_WQX-23152,test,2024-06,2024-07,1,1.0,0.30925028707562624,0.7296104431152344,0.42036015603960813,True,False,0.24306727755003624,False,0.0
pipe_grud_raw_predictor_recomputed_degradation_v0,ablate_chlorophyll_memory,feature_family_ablation,core,evaluated,,True,True,True,largest_irc_abs_error,wqp,wqp:21SC60WQ_WQX-PD-327,test,2024-02,2024-03,1,0.0,0.6720238095238095,0.25344523787498474,0.4185785716488247,False,True,0.03217259651778956,False,
pipe_grud_raw_predictor_recomputed_degradation_v0,ablate_chlorophyll_memory,feature_family_ablation,core,evaluated,,True,True,True,largest_irc_abs_error,wqp,wqp:21FLKWAT_WQX-PIN-SAUNDRA-2,test,2023-11,2023-12,1,1.0,0.970343137254902,0.5518530607223511,0.4184900765325509,True,True,0.10829694323144104,False,1.0
pipe_grud_raw_predictor_recomputed_degradation_v0,ablate_chlorophyll_memory,feature_family_ablation,core,evaluated,,True,True,True,largest_irc_abs_error,wqp,wqp:21FLKWAT_WQX-HIL-NEWLANDS-3,test,2023-12,2024-01,1,1.0,0.9457898022710068,0.5299724340438843,0.41581736822712256,True,True,0.09967497291440953,False,1.0
pipe_grud_raw_predictor_recomputed_degradation_v0,ablate_chlorophyll_memory,feature_family_ablation,core,evaluated,,True,True,True,largest_irc_abs_error,wqp,wqp:OOPBLO-TL-01,test,2023-04,2023-05,1,0.0,0.730952380952381,0.3295847773551941,0.40136760359718693,False,True,0.03335133675398326,False,
pipe_grud_raw_predictor_recomputed_degradation_v0,ablate_chlorophyll_memory,feature_family_ablation,core,evaluated,,True,True,True,largest_irc_abs_error,wqp,wqp:21FLKWAT_WQX-SAR-LAKE-37-3,test,2023-10,2023-11,1,1.0,0.9444900569363847,0.5490090250968933,0.39548103183949135,True,True,0.10829694323144104,False,1.0
pipe_grud_raw_predictor_recomputed_degradation_v0,ablate_chlorophyll_memory,feature_family_ablation,core,evaluated,,True,True,True,largest_irc_abs_error,wqp,wqp:21FLKWAT_WQX-SAR-LAKE-M-9-1,test,2023-10,2023-11,1,1.0,0.9827405840220386,0.5879943370819092,0.3947462469401294,True,True,0.13749999999999998,False,1.0
pipe_grud_raw_predictor_recomputed_degradation_v0,ablate_chlorophyll_memory,feature_family_ablation,core,evaluated,,True,True,True,largest_irc_abs_error,wqp,wqp:21FLKWAT_WQX-ORA-CANE-3,test,2023-04,2023-05,1,0.0,0.02353900709910547,0.4164477586746216,0.39290875157551614,False,False,0.04914004914004914,False,0.0
pipe_grud_raw_predictor_recomputed_degradation_v0,ablate_chlorophyll_memory,feature_family_ablation,core,evaluated,,True,True,True,largest_irc_abs_error,wqp,wqp:21FLKWAT_WQX-SAR-LAKE-M-9-3,test,2023-10,2023-11,1,1.0,0.9775863368669023,0.5882255434989929,0.3893607933679094,True,True,0.13749999999999998,False,1.0
pipe_grud_raw_predictor_recomputed_degradation_v0,ablate_chlorophyll_memory,feature_family_ablation,core,evaluated,,True,True,True,largest_irc_abs_error,wqp,wqp:21FLKWAT_WQX-BAY-MARIN-3,test,2024-05,2024-06,1,0.0,0.0,0.385677307844162,0.385677307844162,False,False,0.047883414295628035,False,0.0
pipe_grud_raw_predictor_recomputed_degradation_v0,ablate_chlorophyll_memory,feature_family_ablation,core,evaluated,,True,True,True,irc_alert_false_negative,aquamatch_chla,aquamatch_chla:21DELAWQ_WQX-109091,test,2023-01,2023-03,2,0.0,0.7273746447273659,0.4610854685306549,0.266289176196711,False,True,0.09024451726745651,False,0.0
pipe_grud_raw_predictor_recomputed_degradation_v0,ablate_chlorophyll_memory,feature_family_ablation,core,evaluated,,True,True,True,irc_alert_false_negative,aquamatch_chla,aquamatch_chla:21DELAWQ_WQX-109091,test,2023-03,2023-05,2,0.0,0.8219336730824303,0.4928501844406128,0.32908348864181747,False,True,0.10369206598586017,False,0.0
pipe_grud_raw_predictor_recomputed_degradation_v0,ablate_chlorophyll_memory,feature_family_ablation,core,evaluated,,True,True,True,irc_alert_false_negative,aquamatch_chla,aquamatch_chla:21DELAWQ_WQX-205041,test,2023-02,2023-04,2,0.0,0.7883221074576138,0.48292967677116394,0.30539243068644983,False,True,0.10369206598586017,False,0.0
pipe_grud_raw_predictor_recomputed_degradation_v0,ablate_chlorophyll_memory,feature_family_ablation,core,evaluated,,True,True,True,irc_alert_false_negative,aquamatch_chla,aquamatch_chla:21FLCOLL_WQX-BC19,test,2023-03,2023-05,2,0.0,0.6585770374340746,0.4928501844406128,0.1657268529934618,False,True,0.10369206598586017,False,0.0
pipe_grud_raw_predictor_recomputed_degradation_v0,ablate_chlorophyll_memory,feature_family_ablation,core,evaluated,,True,True,True,irc_alert_false_negative,aquamatch_chla,aquamatch_chla:21FLCOLL_WQX-HALDUP,test,2023-04,2023-06,2,0.0,0.8333333333333334,0.49520525336265564,0.33812807997067773,False,True,0.10369206598586017,False,1.0
pipe_grud_raw_predictor_recomputed_degradation_v0,ablate_chlorophyll_memory,feature_family_ablation,core,evaluated,,True,True,True,irc_alert_false_negative,aquamatch_chla,aquamatch_chla:21FLCOLL_WQX-WINPARK,test,2023-07,2023-09,2,0.0,0.8333333333333334,0.48844829201698303,0.34488504131635034,False,True,0.10369206598586017,False,1.0
pipe_grud_raw_predictor_recomputed_degradation_v0,ablate_chlorophyll_memory,feature_family_ablation,core,evaluated,,True,True,True,irc_alert_false_negative,aquamatch_chla,aquamatch_chla:21FLGTM_WQX-GTMLSNUT,test,2023-01,2023-03,2,0.0,0.5865168526995395,0.4610854685306549,0.12543138416888455,False,True,0.09024451726745651,False,0.0
pipe_grud_raw_predictor_recomputed_degradation_v0,ablate_chlorophyll_memory,feature_family_ablation,core,evaluated,,True,True,True,irc_alert_false_negative,aquamatch_chla,aquamatch_chla:21FLGTM_WQX-GTMLSNUT,test,2023-02,2023-04,2,0.0,0.642335516491977,0.48292967677116394,0.15940583972081301,False,True,0.10369206598586017,False,0.0
pipe_grud_raw_predictor_recomputed_degradation_v0,ablate_chlorophyll_memory,feature_family_ablation,core,evaluated,,True,True,True,irc_alert_false_negative,aquamatch_chla,aquamatch_chla:21FLGTM_WQX-GTMMKNUT,test,2023-01,2023-03,2,0.0,0.7575600459867656,0.4610854685306549,0.2964745774561107,False,True,0.09024451726745651,False,0.0
pipe_grud_raw_predictor_recomputed_degradation_v0,ablate_chlorophyll_memory,feature_family_ablation,core,evaluated,,True,True,True,irc_alert_false_negative,aquamatch_chla,aquamatch_chla:21FLHILL_WQX-148,test,2022-12,2023-02,2,0.0,0.6041504506179463,0.43346020579338074,0.17069024482456552,False,True,0.08479412963717896,False,0.0
pipe_grud_raw_predictor_recomputed_degradation_v0,ablate_chlorophyll_memory,feature_family_ablation,core,evaluated,,True,True,True,irc_alert_false_negative,aquamatch_chla,aquamatch_chla:21FLHILL_WQX-1510,test,2023-01,2023-03,2,0.0,0.7339342287419663,0.4610854685306549,0.27284876021131144,False,True,0.09024451726745651,False,0.0
pipe_grud_raw_predictor_recomputed_degradation_v0,ablate_chlorophyll_memory,feature_family_ablation,core,evaluated,,True,True,True,irc_alert_false_negative,aquamatch_chla,aquamatch_chla:21FLHILL_WQX-181,test,2023-05,2023-07,2,0.0,0.6722340565264258,0.49821123480796814,0.17402282171845762,False,True,0.10369206598586017,False,0.0
pipe_grud_raw_predictor_recomputed_degradation_v0,ablate_chlorophyll_memory,feature_family_ablation,core,evaluated,,True,True,True,irc_alert_false_negative,aquamatch_chla,aquamatch_chla:21FLHILL_WQX-44,test,2023-06,2023-08,2,0.0,0.6485086961037115,0.49881497025489807,0.14969372584881346,False,True,0.10369206598586017,False,0.0
pipe_grud_raw_predictor_recomputed_degradation_v0,ablate_chlorophyll_memory,feature_family_ablation,core,evaluated,,True,True,True,irc_alert_false_negative,aquamatch_chla,aquamatch_chla:21FLKWAT_WQX-BRE-WASHINGT-2,test,2022-12,2023-02,2,0.0,0.6722340565264258,0.43346020579338074,0.23877385073304502,False,True,0.08479412963717896,False,0.0
pipe_grud_raw_predictor_recomputed_degradation_v0,ablate_chlorophyll_memory,feature_family_ablation,core,evaluated,,True,True,True,irc_alert_false_negative,aquamatch_chla,aquamatch_chla:21FLKWAT_WQX-CIT-MAGNO-CKM-1,test,2022-12,2023-02,2,0.0,0.5209278645460537,0.43346020579338074,0.08746765875267293,False,True,0.08479412963717896,False,0.0
pipe_grud_raw_predictor_recomputed_degradation_v0,ablate_chlorophyll_memory,feature_family_ablation,core,evaluated,,True,True,True,irc_alert_false_negative,aquamatch_chla,aquamatch_chla:21FLKWAT_WQX-COL-SB-61-2,test,2023-03,2023-05,2,0.0,0.7797870437772856,0.4928501844406128,0.2869368593366728,False,True,0.10369206598586017,False,0.0
pipe_grud_raw_predictor_recomputed_degradation_v0,ablate_chlorophyll_memory,feature_family_ablation,core,evaluated,,True,True,True,irc_alert_false_negative,aquamatch_chla,aquamatch_chla:21FLKWAT_WQX-HIL-NEWLANDS-2,test,2023-07,2023-09,2,0.0,0.8333333333333334,0.48844829201698303,0.34488504131635034,False,True,0.10369206598586017,False,1.0
pipe_grud_raw_predictor_recomputed_degradation_v0,ablate_chlorophyll_memory,feature_family_ablation,core,evaluated,,True,True,True,irc_alert_false_negative,aquamatch_chla,aquamatch_chla:21FLKWAT_WQX-HIL-TWIN-2,test,2023-03,2023-05,2,0.0,0.5742836329866862,0.4928501844406128,0.08143344854607337,False,True,0.10369206598586017,False,0.0
pipe_grud_raw_predictor_recomputed_degradation_v0,ablate_chlorophyll_memory,feature_family_ablation,core,evaluated,,True,True,True,irc_alert_false_negative,aquamatch_chla,aquamatch_chla:21FLKWAT_WQX-HIL-TWIN-3,test,2023-04,2023-06,2,0.0,0.5742836329866862,0.49520525336265564,0.07907837962403053,False,True,0.10369206598586017,False,0.0
pipe_grud_raw_predictor_recomputed_degradation_v0,ablate_chlorophyll_memory,feature_family_ablation,core,evaluated,,True,True,True,irc_alert_false_negative,aquamatch_chla,aquamatch_chla:21FLKWAT_WQX-LAK-BAY-3,test,2023-02,2023-04,2,0.0,0.642335516491977,0.48292967677116394,0.15940583972081301,False,True,0.10369206598586017,False,0.0
pipe_grud_raw_predictor_recomputed_degradation_v0,ablate_chlorophyll_memory,feature_family_ablation,core,evaluated,,True,True,True,irc_alert_false_positive,wqp,wqp:21FLCBA_WQX-WAL-CAMPBELL-2,test,2023-05,2023-07,2,1.0,0.24000000000000002,0.5885058045387268,0.3485058045387268,True,False,0.17520661157024794,False,0.0
pipe_grud_raw_predictor_recomputed_degradation_v0,ablate_chlorophyll_memory,feature_family_ablation,core,evaluated,,True,True,True,irc_alert_false_positive,wqp,wqp:21FLCBA_WQX-WAL-ERN NORTH-1,test,2023-03,2023-05,2,1.0,0.36830500000000005,0.5751222372055054,0.20681723720550532,True,False,0.17520661157024794,False,0.0
pipe_grud_raw_predictor_recomputed_degradation_v0,ablate_chlorophyll_memory,feature_family_ablation,core,evaluated,,True,True,True,irc_alert_false_positive,wqp,wqp:21FLCBA_WQX-WAL-ERN NORTH-1,test,2023-04,2023-06,2,1.0,0.3170441333333333,0.5780982375144958,0.26105410418116254,True,False,0.17520661157024794,False,0.0
pipe_grud_raw_predictor_recomputed_degradation_v0,ablate_chlorophyll_memory,feature_family_ablation,core,evaluated,,True,True,True,irc_alert_false_positive,wqp,wqp:21FLCBA_WQX-WAL-MORRIS-1,test,2023-04,2023-06,2,1.0,0.3953959594553113,0.5757061839103699,0.18031022445505857,True,False,0.17520661157024794,False,0.0
pipe_grud_raw_predictor_recomputed_degradation_v0,ablate_chlorophyll_memory,feature_family_ablation,core,evaluated,,True,True,True,irc_alert_false_positive,wqp,wqp:21FLCBA_WQX-WAL-MORRIS-3,test,2024-04,2024-06,2,1.0,0.43298227326700855,0.6473405361175537,0.21435826285054516,True,False,0.20434782608695654,False,0.0
pipe_grud_raw_predictor_recomputed_degradation_v0,ablate_chlorophyll_memory,feature_family_ablation,core,evaluated,,True,True,True,irc_alert_false_positive,wqp,wqp:21FLCBA_WQX-WAL-OYSTER-1,test,2024-02,2024-04,2,1.0,0.4354970475906725,0.5548010468482971,0.11930399925762464,True,False,0.15898520084566597,False,0.0
pipe_grud_raw_predictor_recomputed_degradation_v0,ablate_chlorophyll_memory,feature_family_ablation,core,evaluated,,True,True,True,irc_alert_false_positive,wqp,wqp:21FLCBA_WQX-WAL-POWELL-2,test,2023-03,2023-05,2,1.0,0.367648,0.5618402361869812,0.19419223618698123,True,False,0.15898520084566597,False,0.0
pipe_grud_raw_predictor_recomputed_degradation_v0,ablate_chlorophyll_memory,feature_family_ablation,core,evaluated,,True,True,True,irc_alert_false_positive,wqp,wqp:21FLKWAT_WQX-BRA-SAMPSON-1,test,2023-03,2023-05,2,1.0,0.4188650547463064,0.6094196438789368,0.19055458913263035,True,False,0.17520661157024794,False,0.0
pipe_grud_raw_predictor_recomputed_degradation_v0,ablate_chlorophyll_memory,feature_family_ablation,core,evaluated,,True,True,True,irc_alert_false_positive,wqp,wqp:21FLKWAT_WQX-BRE-WASHINGT-3,test,2023-02,2023-04,2,1.0,0.4381619918812049,0.634910523891449,0.19674853201024406,True,False,0.20434782608695654,False,0.0
pipe_grud_raw_predictor_recomputed_degradation_v0,ablate_chlorophyll_memory,feature_family_ablation,core,evaluated,,True,True,True,irc_alert_false_positive,wqp,wqp:21FLKWAT_WQX-HIG-PLACID-4,test,2023-03,2023-05,2,1.0,0.44354308644842394,0.5212652683258057,0.07772218187738172,True,False,0.12579505300353355,False,0.0
pipe_grud_raw_predictor_recomputed_degradation_v0,ablate_chlorophyll_memory,feature_family_ablation,core,evaluated,,True,True,True,irc_alert_false_positive,wqp,wqp:21FLKWAT_WQX-HIL-ISLANDFO-3,test,2024-05,2024-07,2,1.0,0.08968479607110989,0.5198671221733093,0.4301823261021994,True,False,0.12579505300353355,False,0.0
pipe_grud_raw_predictor_recomputed_degradation_v0,ablate_chlorophyll_memory,feature_family_ablation,core,evaluated,,True,True,True,irc_alert_false_positive,wqp,wqp:21FLKWAT_WQX-IND-BLUE CYPR-3,test,2023-04,2023-06,2,1.0,0.3262715592694863,0.7093580365180969,0.3830864772486106,True,False,0.24777183600713013,False,0.0
pipe_grud_raw_predictor_recomputed_degradation_v0,ablate_chlorophyll_memory,feature_family_ablation,core,evaluated,,True,True,True,irc_alert_false_positive,wqp,wqp:21FLKWAT_WQX-IND-BLUE CYPR-3,test,2023-10,2023-12,2,1.0,0.3195378885227716,0.5456191897392273,0.2260813012164557,True,False,0.1394647568790049,False,0.0
pipe_grud_raw_predictor_recomputed_degradation_v0,ablate_chlorophyll_memory,feature_family_ablation,core,evaluated,,True,True,True,irc_alert_false_positive,wqp,wqp:21FLKWAT_WQX-IND-BLUE CYPR-3,test,2024-01,2024-03,2,1.0,0.31312804701029884,0.6091433167457581,0.2960152697354592,True,False,0.17520661157024794,False,0.0
pipe_grud_raw_predictor_recomputed_degradation_v0,ablate_chlorophyll_memory,feature_family_ablation,core,evaluated,,True,True,True,irc_alert_false_positive,wqp,wqp:21FLKWAT_WQX-LAK-BAY-1,test,2023-06,2023-08,2,1.0,0.4044735287034493,0.5849685668945312,0.18049503819108192,True,False,0.17520661157024794,False,0.0
pipe_grud_raw_predictor_recomputed_degradation_v0,ablate_chlorophyll_memory,feature_family_ablation,core,evaluated,,True,True,True,irc_alert_false_positive,wqp,wqp:21FLKWAT_WQX-LAK-BAY-2,test,2023-03,2023-05,2,1.0,0.459920467177525,0.5942279696464539,0.13430750246892886,True,False,0.17520661157024794,False,0.0
pipe_grud_raw_predictor_recomputed_degradation_v0,ablate_chlorophyll_memory,feature_family_ablation,core,evaluated,,True,True,True,irc_alert_false_positive,wqp,wqp:21FLKWAT_WQX-LAK-BAY-3,test,2023-03,2023-05,2,1.0,0.49226249164336,0.5889955163002014,0.09673302465684142,True,False,0.17520661157024794,False,0.0
pipe_grud_raw_predictor_recomputed_degradation_v0,ablate_chlorophyll_memory,feature_family_ablation,core,evaluated,,True,True,True,irc_alert_false_positive,wqp,wqp:21FLKWAT_WQX-OSC-BUCK-2,test,2023-04,2023-06,2,1.0,0.4382836271411228,0.6017571091651917,0.16347348202406886,True,False,0.17520661157024794,False,0.0
pipe_grud_raw_predictor_recomputed_degradation_v0,ablate_chlorophyll_memory,feature_family_ablation,core,evaluated,,True,True,True,irc_alert_false_positive,wqp,wqp:21FLKWAT_WQX-OSC-CENTER-3,test,2023-02,2023-04,2,1.0,0.3355188524909242,0.6150507926940918,0.2795319402031676,True,False,0.17520661157024794,False,0.0
pipe_grud_raw_predictor_recomputed_degradation_v0,ablate_chlorophyll_memory,feature_family_ablation,core,evaluated,,True,True,True,irc_alert_false_positive,wqp,wqp:21FLKWAT_WQX-PIN-BELLEVUE-1,test,2024-03,2024-05,2,1.0,0.3299032236528227,0.527055561542511,0.19715233788968828,True,False,0.1394647568790049,False,0.0
pipe_grud_raw_predictor_recomputed_degradation_v0,ablate_chlorophyll_memory,feature_family_ablation,core,evaluated,,True,True,True,largest_irc_abs_error,wqp,wqp:21FLKWAT_WQX-PIN-SAUNDRA-2,test,2023-11,2024-01,2,0.0,0.9786545666028807,0.4863608777523041,0.49229368885057667,False,True,0.10369206598586017,False,1.0
pipe_grud_raw_predictor_recomputed_degradation_v0,ablate_chlorophyll_memory,feature_family_ablation,core,evaluated,,True,True,True,largest_irc_abs_error,wqp,wqp:21FLKWAT_WQX-PIN-SAUNDRA-2,test,2023-12,2024-02,2,1.0,0.9895348837209302,0.5201797485351562,0.469355135185774,True,True,0.12579505300353355,False,1.0
pipe_grud_raw_predictor_recomputed_degradation_v0,ablate_chlorophyll_memory,feature_family_ablation,core,evaluated,,True,True,True,largest_irc_abs_error,wqp,wqp:21FLKWAT_WQX-SAR-LAKE-37-3,test,2023-10,2023-12,2,0.0,0.940791293593145,0.4814895689487457,0.4593017246443992,False,True,0.10369206598586017,False,1.0
pipe_grud_raw_predictor_recomputed_degradation_v0,ablate_chlorophyll_memory,feature_family_ablation,core,evaluated,,True,True,True,largest_irc_abs_error,wqp,wqp:21FLKWAT_WQX-BAY-DEERPOIN-2,test,2024-04,2024-06,2,0.0,0.017119999999999986,0.46913662552833557,0.4520166255283356,False,False,0.09024451726745651,False,0.0
pipe_grud_raw_predictor_recomputed_degradation_v0,ablate_chlorophyll_memory,feature_family_ablation,core,evaluated,,True,True,True,largest_irc_abs_error,wqp,wqp:21FLHESD_WQX-BEAUDETTE POND WEST,test,2023-01,2023-03,2,0.0,0.8623842592592593,0.41648685932159424,0.4458973999376651,False,True,0.07723577235772358,False,
pipe_grud_raw_predictor_recomputed_degradation_v0,ablate_chlorophyll_memory,feature_family_ablation,core,evaluated,,True,True,True,largest_irc_abs_error,wqp,wqp:21FLKWAT_WQX-OSC-BELLALAGO-3,test,2023-07,2023-09,2,1.0,0.9555470372585066,0.5121409296989441,0.44340610755956256,True,True,0.11052631578947368,False,1.0
pipe_grud_raw_predictor_recomputed_degradation_v0,ablate_chlorophyll_memory,feature_family_ablation,core,evaluated,,True,True,True,largest_irc_abs_error,wqp,wqp:21FLKWAT_WQX-SAR-LAKE-M-9-2,test,2023-12,2024-02,2,1.0,0.9600275339638595,0.5212211608886719,0.43880637307518766,True,True,0.12579505300353355,False,1.0
pipe_grud_raw_predictor_recomputed_degradation_v0,ablate_chlorophyll_memory,feature_family_ablation,core,evaluated,,True,True,True,largest_irc_abs_error,wqp,wqp:21FLKWAT_WQX-ORA-FAIRVIEW-4,test,2024-04,2024-06,2,0.0,0.8357833129398461,0.40414467453956604,0.43163863840028005,False,True,0.07723577235772358,False,0.0
pipe_grud_raw_predictor_recomputed_degradation_v0,ablate_chlorophyll_memory,feature_family_ablation,core,evaluated,,True,True,True,largest_irc_abs_error,wqp,wqp:21FLKWAT_WQX-HIL-NEWLANDS-3,test,2023-12,2024-02,2,1.0,0.9365178733276496,0.5051801800727844,0.43133769325486515,True,True,0.11052631578947368,False,1.0
pipe_grud_raw_predictor_recomputed_degradation_v0,ablate_chlorophyll_memory,feature_family_ablation,core,evaluated,,True,True,True,largest_irc_abs_error,wqp,wqp:21FLKWAT_WQX-HIL-ISLANDFO-3,test,2024-05,2024-07,2,1.0,0.08968479607110989,0.5198671221733093,0.4301823261021994,True,False,0.12579505300353355,False,0.0
pipe_grud_raw_predictor_recomputed_degradation_v0,ablate_chlorophyll_memory,feature_family_ablation,core,evaluated,,True,True,True,largest_irc_abs_error,wqp,wqp:USGS-384506118433001,test,2022-12,2023-02,2,0.0,0.6138888888888889,0.18580059707164764,0.4280882918172413,False,True,0.0357355568790947,False,1.0
pipe_grud_raw_predictor_recomputed_degradation_v0,ablate_chlorophyll_memory,feature_family_ablation,core,evaluated,,True,True,True,largest_irc_abs_error,wqp,wqp:21FLKWAT_WQX-PUT-MCCLOUD-2,test,2023-02,2023-04,2,0.0,0.02720998167087939,0.45139870047569275,0.42418871880481335,False,False,0.09024451726745651,False,0.0
pipe_grud_raw_predictor_recomputed_degradation_v0,ablate_chlorophyll_memory,feature_family_ablation,core,evaluated,,True,True,True,largest_irc_abs_error,aquamatch_chla,aquamatch_chla:WIDNR_WQX-123016,test,2023-11,2024-01,2,0.0,0.8333333333333334,0.41422519087791443,0.41910814245541894,False,True,0.07723577235772358,False,1.0
pipe_grud_raw_predictor_recomputed_degradation_v0,ablate_chlorophyll_memory,feature_family_ablation,core,evaluated,,True,True,True,largest_irc_abs_error,wqp,wqp:USGS-380924121301901,test,2023-11,2024-01,2,0.0,0.8694203247411766,0.4547688961029053,0.4146514286382713,False,True,0.09024451726745651,False,1.0
pipe_grud_raw_predictor_recomputed_degradation_v0,ablate_chlorophyll_memory,feature_family_ablation,core,evaluated,,True,True,True,largest_irc_abs_error,aquamatch_chla,aquamatch_chla:21FLSFWM_WQX-10621,test,2023-10,2023-12,2,0.0,0.8257721389025588,0.41379866003990173,0.4119734788626571,False,True,0.07723577235772358,False,0.0
pipe_grud_raw_predictor_recomputed_degradation_v0,ablate_chlorophyll_memory,feature_family_ablation,core,evaluated,,True,True,True,largest_irc_abs_error,wqp,wqp:21FLKWAT_WQX-COL-SB-61-1,test,2023-02,2023-04,2,1.0,0.9133187874690399,0.5027981996536255,0.41052058781541445,True,True,0.11052631578947368,False,1.0
pipe_grud_raw_predictor_recomputed_degradation_v0,ablate_chlorophyll_memory,feature_family_ablation,core,evaluated,,True,True,True,largest_irc_abs_error,aquamatch_chla,aquamatch_chla:21VASWCB-3-RPP098.81,test,2023-09,2023-11,2,0.0,0.8333333333333334,0.433652400970459,0.3996809323628744,False,True,0.08479412963717896,False,1.0
pipe_grud_raw_predictor_recomputed_degradation_v0,ablate_chlorophyll_memory,feature_family_ablation,core,evaluated,,True,True,True,largest_irc_abs_error,wqp,wqp:21FLKWAT_WQX-HIL-WILSON-1,test,2022-12,2023-02,2,0.0,0.7974049242907514,0.3983714282512665,0.3990334960394849,False,True,0.07723577235772358,False,0.0
pipe_grud_raw_predictor_recomputed_degradation_v0,ablate_chlorophyll_memory,feature_family_ablation,core,evaluated,,True,True,True,largest_irc_abs_error,wqp,wqp:21NC03WQ-CPF087B3,test,2023-03,2023-05,2,0.0,0.861175656703753,0.4652494192123413,0.39592623749141165,False,True,0.09024451726745651,False,1.0
pipe_grud_raw_predictor_recomputed_degradation_v0,ablate_chlorophyll_memory,feature_family_ablation,core,evaluated,,True,True,True,largest_irc_abs_error,wqp,wqp:21NC03WQ-LI01,test,2024-03,2024-05,2,0.0,0.8406177952863539,0.4457484781742096,0.39486931711214435,False,True,0.08479412963717896,False,
pipe_grud_raw_predictor_recomputed_degradation_v0,ablate_chlorophyll_memory,feature_family_ablation,core,evaluated,,True,True,True,irc_alert_false_negative,aquamatch_chla,aquamatch_chla:21DELAWQ_WQX-109091,test,2023-01,2023-04,3,0.0,0.8333333333333334,0.4671708047389984,0.36616252859433496,False,True,0.10875550660792951,False,1.0
pipe_grud_raw_predictor_recomputed_degradation_v0,ablate_chlorophyll_memory,feature_family_ablation,core,evaluated,,True,True,True,irc_alert_false_negative,aquamatch_chla,aquamatch_chla:21DELAWQ_WQX-205041,test,2023-02,2023-05,3,0.0,0.5841018820842053,0.4843229353427887,0.09977894674141663,False,True,0.11348464619492657,False,0.0
pipe_grud_raw_predictor_recomputed_degradation_v0,ablate_chlorophyll_memory,feature_family_ablation,core,evaluated,,True,True,True,irc_alert_false_negative,aquamatch_chla,aquamatch_chla:21DELAWQ_WQX-205191,test,2023-03,2023-06,3,0.0,0.8333333333333334,0.4923831522464752,0.34095018108685815,False,True,0.1177257525083612,False,1.0
pipe_grud_raw_predictor_recomputed_degradation_v0,ablate_chlorophyll_memory,feature_family_ablation,core,evaluated,,True,True,True,irc_alert_false_negative,aquamatch_chla,aquamatch_chla:21DELAWQ_WQX-205211,test,2022-12,2023-03,3,0.0,0.5692765369868146,0.4374260902404785,0.13185044674633606,False,True,0.09090909090909091,False,0.0
pipe_grud_raw_predictor_recomputed_degradation_v0,ablate_chlorophyll_memory,feature_family_ablation,core,evaluated,,True,True,True,irc_alert_false_negative,aquamatch_chla,aquamatch_chla:21DELAWQ_WQX-208061,test,2023-04,2023-07,3,0.0,0.6760465424346488,0.49613216519355774,0.17991437724109105,False,True,0.1177257525083612,False,0.0
pipe_grud_raw_predictor_recomputed_degradation_v0,ablate_chlorophyll_memory,feature_family_ablation,core,evaluated,,True,True,True,irc_alert_false_negative,aquamatch_chla,aquamatch_chla:21FLCOLL_WQX-WINPARK,test,2023-07,2023-10,3,0.0,0.642335516491977,0.4633915424346924,0.17894397405728457,False,True,0.10875550660792951,False,0.0
pipe_grud_raw_predictor_recomputed_degradation_v0,ablate_chlorophyll_memory,feature_family_ablation,core,evaluated,,True,True,True,irc_alert_false_negative,aquamatch_chla,aquamatch_chla:21FLGTM_WQX-GTMLSNUT,test,2023-01,2023-04,3,0.0,0.642335516491977,0.4671708047389984,0.17516471175297854,False,True,0.10875550660792951,False,0.0
pipe_grud_raw_predictor_recomputed_degradation_v0,ablate_chlorophyll_memory,feature_family_ablation,core,evaluated,,True,True,True,irc_alert_false_negative,aquamatch_chla,aquamatch_chla:21FLGTM_WQX-GTMMKNUT,test,2023-01,2023-04,3,0.0,0.8333333333333334,0.4671708047389984,0.36616252859433496,False,True,0.10875550660792951,False,1.0
pipe_grud_raw_predictor_recomputed_degradation_v0,ablate_chlorophyll_memory,feature_family_ablation,core,evaluated,,True,True,True,irc_alert_false_negative,aquamatch_chla,aquamatch_chla:21FLHILL_WQX-148,test,2022-12,2023-03,3,0.0,0.670313199977754,0.4374260902404785,0.23288710973727544,False,True,0.09090909090909091,False,0.0
pipe_grud_raw_predictor_recomputed_degradation_v0,ablate_chlorophyll_memory,feature_family_ablation,core,evaluated,,True,True,True,irc_alert_false_negative,aquamatch_chla,aquamatch_chla:21FLHILL_WQX-1510,test,2023-01,2023-04,3,0.0,0.5901104364526372,0.4671708047389984,0.12293963171363875,False,True,0.10875550660792951,False,0.0
pipe_grud_raw_predictor_recomputed_degradation_v0,ablate_chlorophyll_memory,feature_family_ablation,core,evaluated,,True,True,True,irc_alert_false_negative,aquamatch_chla,aquamatch_chla:21FLHILL_WQX-41,test,2023-03,2023-06,3,0.0,0.5063140891744224,0.4923831522464752,0.013930936927947224,False,True,0.1177257525083612,False,0.0
pipe_grud_raw_predictor_recomputed_degradation_v0,ablate_chlorophyll_memory,feature_family_ablation,core,evaluated,,True,True,True,irc_alert_false_negative,aquamatch_chla,aquamatch_chla:21FLHILL_WQX-44,test,2023-06,2023-09,3,0.0,0.5322227501453195,0.4876622259616852,0.04456052418363432,False,True,0.1177257525083612,False,0.0
pipe_grud_raw_predictor_recomputed_degradation_v0,ablate_chlorophyll_memory,feature_family_ablation,core,evaluated,,True,True,True,irc_alert_false_negative,aquamatch_chla,aquamatch_chla:21FLKWAT_WQX-BRA-ROWELL-4,test,2023-01,2023-04,3,0.0,0.5485525679691982,0.4671708047389984,0.08138176323019974,False,True,0.10875550660792951,False,0.0
pipe_grud_raw_predictor_recomputed_degradation_v0,ablate_chlorophyll_memory,feature_family_ablation,core,evaluated,,True,True,True,irc_alert_false_negative,aquamatch_chla,aquamatch_chla:21FLKWAT_WQX-COL-SB-61-2,test,2023-03,2023-06,3,0.0,0.662529985897324,0.4923831522464752,0.17014683365084882,False,True,0.1177257525083612,False,0.0
pipe_grud_raw_predictor_recomputed_degradation_v0,ablate_chlorophyll_memory,feature_family_ablation,core,evaluated,,True,True,True,irc_alert_false_negative,aquamatch_chla,aquamatch_chla:21FLKWAT_WQX-HIG-REDBEACH-3,test,2023-03,2023-06,3,0.0,0.5209278645460537,0.4923831522464752,0.028544712299578445,False,True,0.1177257525083612,False,0.0
pipe_grud_raw_predictor_recomputed_degradation_v0,ablate_chlorophyll_memory,feature_family_ablation,core,evaluated,,True,True,True,irc_alert_false_negative,aquamatch_chla,aquamatch_chla:21FLKWAT_WQX-HIL-NEWLANDS-2,test,2023-07,2023-10,3,0.0,0.8333333333333334,0.4633915424346924,0.369941790898641,False,True,0.10875550660792951,False,1.0
pipe_grud_raw_predictor_recomputed_degradation_v0,ablate_chlorophyll_memory,feature_family_ablation,core,evaluated,,True,True,True,irc_alert_false_negative,aquamatch_chla,aquamatch_chla:21FLKWAT_WQX-HIL-TWIN-2,test,2023-03,2023-06,3,0.0,0.5983641013663435,0.4923831522464752,0.10598094911986833,False,True,0.1177257525083612,False,0.0
pipe_grud_raw_predictor_recomputed_degradation_v0,ablate_chlorophyll_memory,feature_family_ablation,core,evaluated,,True,True,True,irc_alert_false_negative,aquamatch_chla,aquamatch_chla:21FLKWAT_WQX-LAK-FLORENCE-3,test,2023-06,2023-09,3,0.0,0.662529985897324,0.4876622259616852,0.17486775993563886,False,True,0.1177257525083612,False,0.0
pipe_grud_raw_predictor_recomputed_degradation_v0,ablate_chlorophyll_memory,feature_family_ablation,core,evaluated,,True,True,True,irc_alert_false_negative,aquamatch_chla,aquamatch_chla:21FLLCPC_WQX-GRIFFINTISH,test,2023-07,2023-10,3,0.0,0.8333333333333334,0.4633915424346924,0.369941790898641,False,True,0.10875550660792951,False,1.0
pipe_grud_raw_predictor_recomputed_degradation_v0,ablate_chlorophyll_memory,feature_family_ablation,core,evaluated,,True,True,True,irc_alert_false_negative,aquamatch_chla,aquamatch_chla:21FLLOX_WQX-40,test,2023-07,2023-10,3,0.0,0.5404764150590259,0.4633915424346924,0.0770848726243335,False,True,0.10875550660792951,False,0.0
pipe_grud_raw_predictor_recomputed_degradation_v0,ablate_chlorophyll_memory,feature_family_ablation,core,evaluated,,True,True,True,irc_alert_false_positive,wqp,wqp:21FLCBA_WQX-WAL-CAMPBELL-2,test,2023-05,2023-08,3,1.0,0.18833333333333346,0.5484185814857483,0.3600852481524148,True,False,0.15620641562064155,False,0.0
pipe_grud_raw_predictor_recomputed_degradation_v0,ablate_chlorophyll_memory,feature_family_ablation,core,evaluated,,True,True,True,irc_alert_false_positive,wqp,wqp:21FLCBA_WQX-WAL-DEER-2,test,2024-03,2024-06,3,1.0,0.18611007348157727,0.527924120426178,0.3418140469446007,True,False,0.15620641562064155,False,0.0
pipe_grud_raw_predictor_recomputed_degradation_v0,ablate_chlorophyll_memory,feature_family_ablation,core,evaluated,,True,True,True,irc_alert_false_positive,wqp,wqp:21FLCBA_WQX-WAL-ERN NORTH-1,test,2023-03,2023-06,3,1.0,0.3170441333333333,0.5367481708526611,0.21970403751932782,True,False,0.15620641562064155,False,0.0
pipe_grud_raw_predictor_recomputed_degradation_v0,ablate_chlorophyll_memory,feature_family_ablation,core,evaluated,,True,True,True,irc_alert_false_positive,wqp,wqp:21FLCBA_WQX-WAL-ERN NORTH-1,test,2023-04,2023-07,3,1.0,0.20908526361619972,0.5255982279777527,0.31651296436155296,True,False,0.14233576642335766,False,0.0
pipe_grud_raw_predictor_recomputed_degradation_v0,ablate_chlorophyll_memory,feature_family_ablation,core,evaluated,,True,True,True,irc_alert_false_positive,wqp,wqp:21FLCBA_WQX-WAL-MORRIS-1,test,2023-04,2023-07,3,1.0,0.2927494681249197,0.5552150011062622,0.2624655329813425,True,False,0.1761855313257182,False,0.0
pipe_grud_raw_predictor_recomputed_degradation_v0,ablate_chlorophyll_memory,feature_family_ablation,core,evaluated,,True,True,True,irc_alert_false_positive,wqp,wqp:21FLCBA_WQX-WAL-POWELL-2,test,2023-03,2023-06,3,1.0,0.38337153707562627,0.531987726688385,0.14861618961275874,True,False,0.15620641562064155,False,0.0
pipe_grud_raw_predictor_recomputed_degradation_v0,ablate_chlorophyll_memory,feature_family_ablation,core,evaluated,,True,True,True,irc_alert_false_positive,wqp,wqp:21FLKWAT_WQX-BRE-WASHINGT-3,test,2023-02,2023-05,3,1.0,0.33400249585198405,0.6603978872299194,0.3263953913779354,True,False,0.22741764080765142,False,0.0
pipe_grud_raw_predictor_recomputed_degradation_v0,ablate_chlorophyll_memory,feature_family_ablation,core,evaluated,,True,True,True,irc_alert_false_positive,wqp,wqp:21FLKWAT_WQX-HIL-ISLANDFO-3,test,2024-05,2024-08,3,1.0,0.2352653423810803,0.5181204676628113,0.28285512528173096,True,False,0.13745173745173744,False,0.0
pipe_grud_raw_predictor_recomputed_degradation_v0,ablate_chlorophyll_memory,feature_family_ablation,core,evaluated,,True,True,True,irc_alert_false_positive,wqp,wqp:21FLKWAT_WQX-IND-BLUE CYPR-3,test,2023-04,2023-07,3,1.0,0.33057263388115493,0.7141544222831726,0.3835817884020177,True,False,0.2525169508937744,False,0.0
pipe_grud_raw_predictor_recomputed_degradation_v0,ablate_chlorophyll_memory,feature_family_ablation,core,evaluated,,True,True,True,irc_alert_false_positive,wqp,wqp:21FLKWAT_WQX-OSC-BUCK-2,test,2023-04,2023-07,3,1.0,0.4355974193789911,0.6074933409690857,0.1718959215900946,True,False,0.1761855313257182,False,0.0
pipe_grud_raw_predictor_recomputed_degradation_v0,ablate_chlorophyll_memory,feature_family_ablation,core,evaluated,,True,True,True,irc_alert_false_positive,wqp,wqp:21FLKWAT_WQX-OSC-CENTER-3,test,2023-02,2023-05,3,1.0,0.39065731066123766,0.636356770992279,0.2456994603310414,True,False,0.21115776844631073,False,0.0
pipe_grud_raw_predictor_recomputed_degradation_v0,ablate_chlorophyll_memory,feature_family_ablation,core,evaluated,,True,True,True,irc_alert_false_positive,wqp,wqp:21FLKWAT_WQX-PAL-WESTWOOD-3,test,2023-02,2023-05,3,1.0,0.49798394424614423,0.518123984336853,0.0201400400907088,True,False,0.13745173745173744,False,
pipe_grud_raw_predictor_recomputed_degradation_v0,ablate_chlorophyll_memory,feature_family_ablation,core,evaluated,,True,True,True,irc_alert_false_positive,wqp,wqp:21FLKWAT_WQX-PIN-BELLEVUE-1,test,2024-02,2024-05,3,1.0,0.3299032236528227,0.5025984644889832,0.17269524083616045,True,False,0.13745173745173744,False,0.0
pipe_grud_raw_predictor_recomputed_degradation_v0,ablate_chlorophyll_memory,feature_family_ablation,core,evaluated,,True,True,True,irc_alert_false_positive,wqp,wqp:21FLKWAT_WQX-PIN-BELLEVUE-1,test,2024-03,2024-06,3,1.0,0.18173333333333333,0.5385957956314087,0.3568624622980754,True,False,0.15620641562064155,False,0.0
pipe_grud_raw_predictor_recomputed_degradation_v0,ablate_chlorophyll_memory,feature_family_ablation,core,evaluated,,True,True,True,irc_alert_false_positive,wqp,wqp:21FLKWAT_WQX-PIN-BELLEVUE-2,test,2023-06,2023-09,3,1.0,0.33006332136058186,0.5195527672767639,0.18948944591618205,True,False,0.13745173745173744,False,0.0
pipe_grud_raw_predictor_recomputed_degradation_v0,ablate_chlorophyll_memory,feature_family_ablation,core,evaluated,,True,True,True,irc_alert_false_positive,wqp,wqp:21FLKWAT_WQX-PIN-BELLEVUE-3,test,2023-06,2023-09,3,1.0,0.1598041886772363,0.539201557636261,0.37939736895902465,True,False,0.15620641562064155,False,0.0
pipe_grud_raw_predictor_recomputed_degradation_v0,ablate_chlorophyll_memory,feature_family_ablation,core,evaluated,,True,True,True,irc_alert_false_positive,wqp,wqp:21FLKWAT_WQX-PUT-SUGGS-1,test,2022-12,2023-03,3,1.0,0.33930784603426756,0.5072751045227051,0.16796725848843752,True,False,0.13745173745173744,False,0.0
pipe_grud_raw_predictor_recomputed_degradation_v0,ablate_chlorophyll_memory,feature_family_ablation,core,evaluated,,True,True,True,irc_alert_false_positive,wqp,wqp:21FLKWAT_WQX-SEM-CLEAR-1,test,2024-01,2024-04,3,1.0,0.15606577372014774,0.5161435008049011,0.3600777270847534,True,False,0.13745173745173744,False,0.0
pipe_grud_raw_predictor_recomputed_degradation_v0,ablate_chlorophyll_memory,feature_family_ablation,core,evaluated,,True,True,True,irc_alert_false_positive,wqp,wqp:21FLKWAT_WQX-SEM-CLEAR-3,test,2024-04,2024-07,3,1.0,0.24965233326915484,0.545723021030426,0.2960706877612712,True,False,0.15620641562064155,False,0.0
pipe_grud_raw_predictor_recomputed_degradation_v0,ablate_chlorophyll_memory,feature_family_ablation,core,evaluated,,True,True,True,irc_alert_false_positive,wqp,wqp:21FLKWAT_WQX-SEM-ROCK-2,test,2023-04,2023-07,3,1.0,0.12952462672283852,0.5031652450561523,0.37364061833331386,True,False,0.13745173745173744,False,0.0
pipe_grud_raw_predictor_recomputed_degradation_v0,ablate_chlorophyll_memory,feature_family_ablation,core,evaluated,,True,True,True,largest_irc_abs_error,wqp,wqp:21FLKWAT_WQX-SAR-LAKE-M-9-3,test,2023-10,2024-01,3,0.0,0.9825333333333334,0.4603140652179718,0.5222192681153616,False,True,0.10875550660792951,False,1.0
pipe_grud_raw_predictor_recomputed_degradation_v0,ablate_chlorophyll_memory,feature_family_ablation,core,evaluated,,True,True,True,largest_irc_abs_error,wqp,wqp:21FLKWAT_WQX-PIN-SAUNDRA-2,test,2023-11,2024-02,3,0.0,0.9895348837209302,0.4676198959350586,0.5219149877858716,False,True,0.10875550660792951,False,1.0
pipe_grud_raw_predictor_recomputed_degradation_v0,ablate_chlorophyll_memory,feature_family_ablation,core,evaluated,,True,True,True,largest_irc_abs_error,wqp,wqp:21FLKWAT_WQX-SAR-LAKE-M-9-1,test,2023-10,2024-01,3,0.0,0.9797726338811549,0.4599234163761139,0.519849217505041,False,True,0.10875550660792951,False,1.0
pipe_grud_raw_predictor_recomputed_degradation_v0,ablate_chlorophyll_memory,feature_family_ablation,core,evaluated,,True,True,True,largest_irc_abs_error,wqp,wqp:21FLKWAT_WQX-SAR-LAKE-37-3,test,2023-10,2024-01,3,0.0,0.9557247511899392,0.4383608102798462,0.517363940910093,False,True,0.09090909090909091,False,1.0
pipe_grud_raw_predictor_recomputed_degradation_v0,ablate_chlorophyll_memory,feature_family_ablation,core,evaluated,,True,True,True,largest_irc_abs_error,wqp,wqp:USGS-380924121301901,test,2023-11,2024-02,3,0.0,0.9166666666666666,0.4101990759372711,0.5064675907293955,False,True,0.08451984247197819,False,1.0
pipe_grud_raw_predictor_recomputed_degradation_v0,ablate_chlorophyll_memory,feature_family_ablation,core,evaluated,,True,True,True,largest_irc_abs_error,wqp,wqp:21FLSJWM_WQX-44494,test,2022-12,2023-03,3,0.0,0.7952290764204663,0.2916787564754486,0.5035503199450176,False,True,0.06044600938967136,False,1.0
pipe_grud_raw_predictor_recomputed_degradation_v0,ablate_chlorophyll_memory,feature_family_ablation,core,evaluated,,True,True,True,largest_irc_abs_error,wqp,wqp:21SC60WQ_WQX-PD-327,test,2024-02,2024-05,3,0.0,0.8038616022381401,0.3493635356426239,0.45449806659551617,False,True,0.07058534185932118,False,
pipe_grud_raw_predictor_recomputed_degradation_v0,ablate_chlorophyll_memory,feature_family_ablation,core,evaluated,,True,True,True,largest_irc_abs_error,wqp,wqp:21FLKWAT_WQX-OSC-BELLALAGO-3,test,2023-07,2023-10,3,1.0,0.9457378193146417,0.5026664137840271,0.44307140553061464,True,True,0.13745173745173744,False,1.0
pipe_grud_raw_predictor_recomputed_degradation_v0,ablate_chlorophyll_memory,feature_family_ablation,core,evaluated,,True,True,True,largest_irc_abs_error,wqp,wqp:21FLKWAT_WQX-PUT-MCCLOUD-2,test,2023-02,2023-05,3,0.0,0.029806519583557345,0.47286155819892883,0.4430550386153715,False,False,0.10875550660792951,False,0.0
pipe_grud_raw_predictor_recomputed_degradation_v0,ablate_chlorophyll_memory,feature_family_ablation,core,evaluated,,True,True,True,largest_irc_abs_error,wqp,wqp:21FLHESD_WQX-BEAUDETTE POND WEST,test,2023-01,2023-04,3,0.0,0.9298726851851852,0.49310410022735596,0.4367685849578292,False,True,0.1177257525083612,False,1.0
pipe_grud_raw_predictor_recomputed_degradation_v0,ablate_chlorophyll_memory,feature_family_ablation,core,evaluated,,True,True,True,largest_irc_abs_error,wqp,wqp:21FLKWAT_WQX-HIL-NEWLANDS-3,test,2023-12,2024-03,3,1.0,0.949963914094357,0.5285722017288208,0.4213917123655362,True,True,0.15620641562064155,False,1.0
pipe_grud_raw_predictor_recomputed_degradation_v0,ablate_chlorophyll_memory,feature_family_ablation,core,evaluated,,True,True,True,largest_irc_abs_error,wqp,wqp:21SC60WQ_WQX-CL-041,test,2024-01,2024-04,3,0.0,0.730952380952381,0.31863412261009216,0.41231825834228886,False,True,0.07058534185932118,False,
pipe_grud_raw_predictor_recomputed_degradation_v0,ablate_chlorophyll_memory,feature_family_ablation,core,evaluated,,True,True,True,largest_irc_abs_error,wqp,wqp:21FLKWAT_WQX-PUT-MCCLOUD-3,test,2023-01,2023-04,3,0.0,0.030183643745490416,0.4412582814693451,0.41107463772385466,False,False,0.09380863039399624,False,0.0
pipe_grud_raw_predictor_recomputed_degradation_v0,ablate_chlorophyll_memory,feature_family_ablation,core,evaluated,,True,True,True,largest_irc_abs_error,aquamatch_chla,aquamatch_chla:21NC03WQ-NEU013B,test,2023-08,2023-11,3,0.0,0.8333333333333334,0.429410457611084,0.4039228757222494,False,True,0.08451984247197819,False,1.0
pipe_grud_raw_predictor_recomputed_degradation_v0,ablate_chlorophyll_memory,feature_family_ablation,core,evaluated,,True,True,True,largest_irc_abs_error,wqp,wqp:21FLKWAT_WQX-ORA-CANE-3,test,2023-04,2023-07,3,0.0,0.04963384982732433,0.45236292481422424,0.4027290749868999,False,False,0.10875550660792951,False,0.0
pipe_grud_raw_predictor_recomputed_degradation_v0,ablate_chlorophyll_memory,feature_family_ablation,core,evaluated,,True,True,True,largest_irc_abs_error,wqp,wqp:21FLKWAT_WQX-ORA-FAIRVIEW-4,test,2024-04,2024-07,3,0.0,0.8132667126534322,0.41149306297302246,0.40177364968040974,False,True,0.08451984247197819,False,0.0
pipe_grud_raw_predictor_recomputed_degradation_v0,ablate_chlorophyll_memory,feature_family_ablation,core,evaluated,,True,True,True,largest_irc_abs_error,wqp,wqp:21VASWCB-6APNR011.92,test,2023-05,2023-08,3,0.0,0.7176419662913274,0.31796643137931824,0.39967553491200913,False,True,0.07058534185932118,False,
pipe_grud_raw_predictor_recomputed_degradation_v0,ablate_chlorophyll_memory,feature_family_ablation,core,evaluated,,True,True,True,largest_irc_abs_error,aquamatch_chla,aquamatch_chla:21FLSFWM_WQX-49089,test,2023-09,2023-12,3,0.0,0.7994085697761113,0.40012332797050476,0.39928524180560654,False,True,0.08451984247197819,False,0.0
pipe_grud_raw_predictor_recomputed_degradation_v0,ablate_chlorophyll_memory,feature_family_ablation,core,evaluated,,True,True,True,largest_irc_abs_error,wqp,wqp:21FLKWAT_WQX-PUT-ENSLOW-2,test,2023-04,2023-07,3,0.0,0.07359153215736362,0.47071436047554016,0.3971228283181765,False,False,0.10875550660792951,False,0.0
pipe_grud_raw_predictor_recomputed_degradation_v0,ablate_chlorophyll_memory,feature_family_ablation,core,evaluated,,True,True,True,largest_irc_abs_error,wqp,wqp:21FLKWAT_WQX-IND-BLUE CYPR-3,test,2023-04,2023-07,3,1.0,0.33057263388115493,0.7141544222831726,0.3835817884020177,True,False,0.2525169508937744,False,0.0
pipe_grud_raw_predictor_recomputed_degradation_v0,ablate_nutrients,feature_family_ablation,core,evaluated,,True,True,True,irc_alert_false_negative,aquamatch_chla,aquamatch_chla:21DELAWQ_WQX-109091,test,2023-01,2023-02,1,0.0,0.6381629553808799,0.401480108499527,0.23668284688135288,False,True,0.04914004914004914,False,0.0
pipe_grud_raw_predictor_recomputed_degradation_v0,ablate_nutrients,feature_family_ablation,core,evaluated,,True,True,True,irc_alert_false_negative,aquamatch_chla,aquamatch_chla:21DELAWQ_WQX-306321,test,2022-12,2023-01,1,0.0,0.7034694257656113,0.33061483502388,0.37285459074173133,False,True,0.03335133675398326,False,0.0
pipe_grud_raw_predictor_recomputed_degradation_v0,ablate_nutrients,feature_family_ablation,core,evaluated,,True,True,True,irc_alert_false_negative,aquamatch_chla,aquamatch_chla:21FLCOLL_WQX-BC19,test,2023-03,2023-04,1,0.0,0.8333333333333334,0.4898814857006073,0.34345184763272607,False,True,0.0764748725418791,False,1.0
pipe_grud_raw_predictor_recomputed_degradation_v0,ablate_nutrients,feature_family_ablation,core,evaluated,,True,True,True,irc_alert_false_negative,aquamatch_chla,aquamatch_chla:21FLEECO_WQX-24-7GR,test,2023-01,2023-02,1,0.0,0.7424528528400822,0.21639485657215118,0.526057996267931,False,True,0.03217259651778956,False,0.0
pipe_grud_raw_predictor_recomputed_degradation_v0,ablate_nutrients,feature_family_ablation,core,evaluated,,True,True,True,irc_alert_false_negative,aquamatch_chla,aquamatch_chla:21FLGTM_WQX-GTMLSNUT,test,2023-02,2023-03,1,0.0,0.5865168526995395,0.2846362888813019,0.3018805638182376,False,True,0.03217259651778956,False,0.0
pipe_grud_raw_predictor_recomputed_degradation_v0,ablate_nutrients,feature_family_ablation,core,evaluated,,True,True,True,irc_alert_false_negative,aquamatch_chla,aquamatch_chla:21FLHILL_WQX-1510,test,2023-01,2023-02,1,0.0,0.5816712804823142,0.32333290576934814,0.25833837471296606,False,True,0.03335133675398326,False,0.0
pipe_grud_raw_predictor_recomputed_degradation_v0,ablate_nutrients,feature_family_ablation,core,evaluated,,True,True,True,irc_alert_false_negative,aquamatch_chla,aquamatch_chla:21FLHILL_WQX-1510,test,2023-05,2023-06,1,0.0,0.8333333333333334,0.4611402750015259,0.3721930583318075,False,True,0.07123688704562088,False,1.0
pipe_grud_raw_predictor_recomputed_degradation_v0,ablate_nutrients,feature_family_ablation,core,evaluated,,True,True,True,irc_alert_false_negative,aquamatch_chla,aquamatch_chla:21FLHILL_WQX-181,test,2023-05,2023-06,1,0.0,0.5445362020209574,0.3660448491573334,0.17849135286362405,False,True,0.046758104738154616,False,0.0
pipe_grud_raw_predictor_recomputed_degradation_v0,ablate_nutrients,feature_family_ablation,core,evaluated,,True,True,True,irc_alert_false_negative,aquamatch_chla,aquamatch_chla:21FLKWAT_WQX-COL-SB-61-2,test,2023-03,2023-04,1,0.0,0.8333333333333334,0.4366849362850189,0.39664839704831445,False,True,0.05915267785771383,False,1.0
pipe_grud_raw_predictor_recomputed_degradation_v0,ablate_nutrients,feature_family_ablation,core,evaluated,,True,True,True,irc_alert_false_negative,aquamatch_chla,aquamatch_chla:21FLKWAT_WQX-HIG-REDBEACH-3,test,2023-05,2023-06,1,0.0,0.5209278645460537,0.3403738737106323,0.18055399083542134,False,True,0.03335133675398326,False,0.0
pipe_grud_raw_predictor_recomputed_degradation_v0,ablate_nutrients,feature_family_ablation,core,evaluated,,True,True,True,irc_alert_false_negative,aquamatch_chla,aquamatch_chla:21FLKWAT_WQX-OSC-BUCK-2,test,2022-12,2023-01,1,0.0,0.5063140891744224,0.3910033702850342,0.11531071888938826,False,True,0.047883414295628035,False,0.0
pipe_grud_raw_predictor_recomputed_degradation_v0,ablate_nutrients,feature_family_ablation,core,evaluated,,True,True,True,irc_alert_false_negative,aquamatch_chla,aquamatch_chla:21FLKWAT_WQX-PUT-ROWAN-3,test,2022-12,2023-01,1,0.0,0.5616384437780927,0.2602517902851105,0.3013866534929822,False,True,0.03217259651778956,False,0.0
pipe_grud_raw_predictor_recomputed_degradation_v0,ablate_nutrients,feature_family_ablation,core,evaluated,,True,True,True,irc_alert_false_negative,aquamatch_chla,aquamatch_chla:21FLKWAT_WQX-VOL-NORTHTAL-2,test,2023-01,2023-02,1,0.0,0.5742836329866862,0.33961907029151917,0.234664562695167,False,True,0.03335133675398326,False,0.0
pipe_grud_raw_predictor_recomputed_degradation_v0,ablate_nutrients,feature_family_ablation,core,evaluated,,True,True,True,irc_alert_false_negative,aquamatch_chla,aquamatch_chla:21FLMANA_WQX-CH1,test,2023-04,2023-05,1,0.0,0.5349941770156899,0.39220425486564636,0.1427899221500435,False,True,0.047883414295628035,False,0.0
pipe_grud_raw_predictor_recomputed_degradation_v0,ablate_nutrients,feature_family_ablation,core,evaluated,,True,True,True,irc_alert_false_negative,aquamatch_chla,aquamatch_chla:21FLSFWM_WQX-10621,test,2023-10,2023-11,1,0.0,0.8333333333333334,0.4781869947910309,0.3551463385423025,False,True,0.0764748725418791,False,1.0
pipe_grud_raw_predictor_recomputed_degradation_v0,ablate_nutrients,feature_family_ablation,core,evaluated,,True,True,True,irc_alert_false_negative,aquamatch_chla,aquamatch_chla:21FLSFWM_WQX-18222,test,2022-12,2023-01,1,0.0,0.5316660018795378,0.4116843044757843,0.11998169740375353,False,True,0.04914004914004914,False,0.0
pipe_grud_raw_predictor_recomputed_degradation_v0,ablate_nutrients,feature_family_ablation,core,evaluated,,True,True,True,irc_alert_false_negative,aquamatch_chla,aquamatch_chla:21FLSFWM_WQX-4199,test,2023-01,2023-02,1,0.0,0.6927393633186781,0.2628224194049835,0.4299169439136946,False,True,0.03217259651778956,False,0.0
pipe_grud_raw_predictor_recomputed_degradation_v0,ablate_nutrients,feature_family_ablation,core,evaluated,,True,True,True,irc_alert_false_negative,aquamatch_chla,aquamatch_chla:21FLSFWM_WQX-49086,test,2023-05,2023-06,1,0.0,0.7636170585314673,0.39249324798583984,0.3711238105456275,False,True,0.047883414295628035,False,0.0
pipe_grud_raw_predictor_recomputed_degradation_v0,ablate_nutrients,feature_family_ablation,core,evaluated,,True,True,True,irc_alert_false_negative,aquamatch_chla,aquamatch_chla:21VASWCB-3-RPP098.81,test,2023-09,2023-10,1,0.0,0.7840788234793342,0.49830541014671326,0.28577341333262096,False,True,0.0764748725418791,False,0.0
pipe_grud_raw_predictor_recomputed_degradation_v0,ablate_nutrients,feature_family_ablation,core,evaluated,,True,True,True,irc_alert_false_negative,aquamatch_chla,aquamatch_chla:IEC-NYNJCT-NJHDG_14,test,2023-04,2023-05,1,0.0,0.7210350840470805,0.331128865480423,0.3899062185666575,False,True,0.03335133675398326,False,0.0
pipe_grud_raw_predictor_recomputed_degradation_v0,ablate_nutrients,feature_family_ablation,core,evaluated,,True,True,True,irc_alert_false_positive,aquamatch_chla,aquamatch_chla:21DELAWQ_WQX-106291,test,2023-11,2023-12,1,1.0,0.16666666666666666,0.5242325067520142,0.35756584008534753,True,False,0.09967497291440953,False,0.0
pipe_grud_raw_predictor_recomputed_degradation_v0,ablate_nutrients,feature_family_ablation,core,evaluated,,True,True,True,irc_alert_false_positive,aquamatch_chla,aquamatch_chla:21DELAWQ_WQX-205211,test,2022-12,2023-01,1,1.0,0.356945816542847,0.6008802056312561,0.2439343890884091,True,False,0.15131136516476124,False,0.0
pipe_grud_raw_predictor_recomputed_degradation_v0,ablate_nutrients,feature_family_ablation,core,evaluated,,True,True,True,irc_alert_false_positive,aquamatch_chla,aquamatch_chla:21FLHILL_WQX-176,test,2023-06,2023-07,1,1.0,0.293546533658408,0.579961895942688,0.28641536228428,True,False,0.13749999999999998,False,0.0
pipe_grud_raw_predictor_recomputed_degradation_v0,ablate_nutrients,feature_family_ablation,core,evaluated,,True,True,True,irc_alert_false_positive,aquamatch_chla,aquamatch_chla:21FLLOX_WQX-HGD,test,2023-06,2023-07,1,1.0,0.16666666666666666,0.6009724736213684,0.4343058069547018,True,False,0.15131136516476124,False,0.0
pipe_grud_raw_predictor_recomputed_degradation_v0,ablate_nutrients,feature_family_ablation,core,evaluated,,True,True,True,irc_alert_false_positive,aquamatch_chla,aquamatch_chla:21FLMANA_WQX-LM6,test,2023-02,2023-03,1,1.0,0.3715206459153444,0.5548326373100281,0.18331199139468368,True,False,0.13673469387755105,False,0.0
pipe_grud_raw_predictor_recomputed_degradation_v0,ablate_nutrients,feature_family_ablation,core,evaluated,,True,True,True,irc_alert_false_positive,aquamatch_chla,aquamatch_chla:21FLPBSD_WQX-CB9,test,2023-08,2023-09,1,1.0,0.3841093097025195,0.5336357951164246,0.14952648541390506,True,False,0.10829694323144104,False,0.0
pipe_grud_raw_predictor_recomputed_degradation_v0,ablate_nutrients,feature_family_ablation,core,evaluated,,True,True,True,irc_alert_false_positive,aquamatch_chla,aquamatch_chla:21FLSARA_WQX-HWC,test,2023-05,2023-06,1,1.0,0.16666666666666666,0.5347538590431213,0.3680871923764547,True,False,0.10829694323144104,False,0.0
pipe_grud_raw_predictor_recomputed_degradation_v0,ablate_nutrients,feature_family_ablation,core,evaluated,,True,True,True,irc_alert_false_positive,aquamatch_chla,aquamatch_chla:21FLSFWM_WQX-18447,test,2023-04,2023-05,1,1.0,0.41613044151837925,0.6815155148506165,0.2653850733322372,True,False,0.19735391400220506,False,0.0
pipe_grud_raw_predictor_recomputed_degradation_v0,ablate_nutrients,feature_family_ablation,core,evaluated,,True,True,True,irc_alert_false_positive,aquamatch_chla,aquamatch_chla:21IOWA_WQX-10810001,test,2022-12,2023-01,1,1.0,0.45871544748709114,0.6224927306175232,0.16377728313043205,True,False,0.15855106888361045,False,0.0
pipe_grud_raw_predictor_recomputed_degradation_v0,ablate_nutrients,feature_family_ablation,core,evaluated,,True,True,True,irc_alert_false_positive,aquamatch_chla,aquamatch_chla:21NC03WQ-CPF055C,test,2023-02,2023-03,1,1.0,0.4041957356521384,0.6177941560745239,0.21359842042238553,True,False,0.15855106888361045,False,0.0
pipe_grud_raw_predictor_recomputed_degradation_v0,ablate_nutrients,feature_family_ablation,core,evaluated,,True,True,True,irc_alert_false_positive,aquamatch_chla,aquamatch_chla:21NC03WQ-CPF055D,test,2022-12,2023-01,1,1.0,0.3922732537613052,0.635181725025177,0.24290847126387183,True,False,0.18241626794258373,False,0.0
pipe_grud_raw_predictor_recomputed_degradation_v0,ablate_nutrients,feature_family_ablation,core,evaluated,,True,True,True,irc_alert_false_positive,aquamatch_chla,aquamatch_chla:WI_MMSD-RI-16,test,2023-09,2023-10,1,1.0,0.22455435297398427,0.669080913066864,0.4445265600928797,True,False,0.1929666366095581,False,0.0
pipe_grud_raw_predictor_recomputed_degradation_v0,ablate_nutrients,feature_family_ablation,core,evaluated,,True,True,True,irc_alert_false_positive,wqp,wqp:21FLCBA_WQX-WAL-ALLEN-1,test,2023-02,2023-03,1,1.0,0.4580118838287513,0.5168554186820984,0.05884353485334709,True,False,0.09283309283309284,False,0.0
pipe_grud_raw_predictor_recomputed_degradation_v0,ablate_nutrients,feature_family_ablation,core,evaluated,,True,True,True,irc_alert_false_positive,wqp,wqp:21FLKWAT_WQX-ALA-ALTO-2,test,2023-08,2023-09,1,1.0,0.3824834764908855,0.5744299292564392,0.19194645276555372,True,False,0.13673469387755105,False,0.0
pipe_grud_raw_predictor_recomputed_degradation_v0,ablate_nutrients,feature_family_ablation,core,evaluated,,True,True,True,irc_alert_false_positive,wqp,wqp:21FLKWAT_WQX-BRE-WASHINGT-3,test,2023-02,2023-03,1,1.0,0.27336412055024756,0.6870144009590149,0.41365028040876733,True,False,0.20640956002172733,False,0.0
pipe_grud_raw_predictor_recomputed_degradation_v0,ablate_nutrients,feature_family_ablation,core,evaluated,,True,True,True,irc_alert_false_positive,wqp,wqp:21FLKWAT_WQX-VOL-NORTHTAL-1,test,2023-08,2023-09,1,1.0,0.37203459164777913,0.5870581269264221,0.21502353527864299,True,False,0.13749999999999998,False,0.0
pipe_grud_raw_predictor_recomputed_degradation_v0,ablate_nutrients,feature_family_ablation,core,evaluated,,True,True,True,irc_alert_false_positive,wqp,wqp:21FLMAIT_WQX-LAKE WAUMPI,test,2023-07,2023-08,1,1.0,0.46105532399310833,0.5037043690681458,0.04264904507503742,True,False,0.09283309283309284,False,0.0
pipe_grud_raw_predictor_recomputed_degradation_v0,ablate_nutrients,feature_family_ablation,core,evaluated,,True,True,True,irc_alert_false_positive,wqp,wqp:21FLMAIT_WQX-LAKE WAUMPI,test,2023-11,2023-12,1,1.0,0.2905837050288786,0.5636691451072693,0.2730854400783907,True,False,0.13673469387755105,False,0.0
pipe_grud_raw_predictor_recomputed_degradation_v0,ablate_nutrients,feature_family_ablation,core,evaluated,,True,True,True,irc_alert_false_positive,wqp,wqp:21FLMAIT_WQX-PARK LAKE,test,2023-07,2023-08,1,1.0,0.4478997064639512,0.5023772716522217,0.05447756518827046,True,False,0.09283309283309284,False,0.0
pipe_grud_raw_predictor_recomputed_degradation_v0,ablate_nutrients,feature_family_ablation,core,evaluated,,True,True,True,irc_alert_false_positive,wqp,wqp:21FLSFWM_WQX-49081,test,2024-06,2024-07,1,1.0,0.4388634064456327,0.7479331493377686,0.30906974289213585,True,False,0.24306727755003624,False,
pipe_grud_raw_predictor_recomputed_degradation_v0,ablate_nutrients,feature_family_ablation,core,evaluated,,True,True,True,largest_irc_abs_error,aquamatch_chla,aquamatch_chla:NJDEP_BB-BT06a,test,2023-01,2023-02,1,0.0,0.8333333333333334,0.17960233986377716,0.6537309934695562,False,True,0.021209610604805307,False,1.0
pipe_grud_raw_predictor_recomputed_degradation_v0,ablate_nutrients,feature_family_ablation,core,evaluated,,True,True,True,largest_irc_abs_error,aquamatch_chla,aquamatch_chla:NJDEP_BB-1403A,test,2023-11,2023-12,1,0.0,0.7685415793318038,0.22628051042556763,0.5422610689062362,False,True,0.03217259651778956,False,0.0
pipe_grud_raw_predictor_recomputed_degradation_v0,ablate_nutrients,feature_family_ablation,core,evaluated,,True,True,True,largest_irc_abs_error,aquamatch_chla,aquamatch_chla:21FLEECO_WQX-24-7GR,test,2023-01,2023-02,1,0.0,0.7424528528400822,0.21639485657215118,0.526057996267931,False,True,0.03217259651778956,False,0.0
pipe_grud_raw_predictor_recomputed_degradation_v0,ablate_nutrients,feature_family_ablation,core,evaluated,,True,True,True,largest_irc_abs_error,aquamatch_chla,aquamatch_chla:WI_MMSD-RI-16,test,2023-09,2023-10,1,1.0,0.22455435297398427,0.669080913066864,0.4445265600928797,True,False,0.1929666366095581,False,0.0
pipe_grud_raw_predictor_recomputed_degradation_v0,ablate_nutrients,feature_family_ablation,core,evaluated,,True,True,True,largest_irc_abs_error,aquamatch_chla,aquamatch_chla:21FLLOX_WQX-HGD,test,2023-06,2023-07,1,1.0,0.16666666666666666,0.6009724736213684,0.4343058069547018,True,False,0.15131136516476124,False,0.0
pipe_grud_raw_predictor_recomputed_degradation_v0,ablate_nutrients,feature_family_ablation,core,evaluated,,True,True,True,largest_irc_abs_error,wqp,wqp:21FLKWAT_WQX-IND-BLUE CYPR-3,test,2024-01,2024-02,1,0.0,0.7019685628616292,0.27079078555107117,0.43117777731055806,False,True,0.03217259651778956,False,0.0
pipe_grud_raw_predictor_recomputed_degradation_v0,ablate_nutrients,feature_family_ablation,core,evaluated,,True,True,True,largest_irc_abs_error,aquamatch_chla,aquamatch_chla:21FLSFWM_WQX-4199,test,2023-01,2023-02,1,0.0,0.6927393633186781,0.2628224194049835,0.4299169439136946,False,True,0.03217259651778956,False,0.0
pipe_grud_raw_predictor_recomputed_degradation_v0,ablate_nutrients,feature_family_ablation,core,evaluated,,True,True,True,largest_irc_abs_error,wqp,wqp:21FLSWFD_WQX-23152,test,2024-06,2024-07,1,1.0,0.30925028707562624,0.7327560782432556,0.4235057911676294,True,False,0.24306727755003624,False,0.0
pipe_grud_raw_predictor_recomputed_degradation_v0,ablate_nutrients,feature_family_ablation,core,evaluated,,True,True,True,largest_irc_abs_error,wqp,wqp:21FLKWAT_WQX-BRE-WASHINGT-3,test,2023-02,2023-03,1,1.0,0.27336412055024756,0.6870144009590149,0.41365028040876733,True,False,0.20640956002172733,False,0.0
pipe_grud_raw_predictor_recomputed_degradation_v0,ablate_nutrients,feature_family_ablation,core,evaluated,,True,True,True,largest_irc_abs_error,wqp,wqp:OOPBLO-TL-01,test,2023-04,2023-05,1,0.0,0.730952380952381,0.3295847773551941,0.40136760359718693,False,True,0.03335133675398326,False,
pipe_grud_raw_predictor_recomputed_degradation_v0,ablate_nutrients,feature_family_ablation,core,evaluated,,True,True,True,largest_irc_abs_error,aquamatch_chla,aquamatch_chla:21FLKWAT_WQX-COL-SB-61-2,test,2023-03,2023-04,1,0.0,0.8333333333333334,0.4366849362850189,0.39664839704831445,False,True,0.05915267785771383,False,1.0
pipe_grud_raw_predictor_recomputed_degradation_v0,ablate_nutrients,feature_family_ablation,core,evaluated,,True,True,True,largest_irc_abs_error,wqp,wqp:21FLHESD_WQX-BEAUDETTE POND WEST,test,2023-01,2023-02,1,0.0,0.6738359788359789,0.2802785634994507,0.3935574153365282,False,True,0.03217259651778956,False,
pipe_grud_raw_predictor_recomputed_degradation_v0,ablate_nutrients,feature_family_ablation,core,evaluated,,True,True,True,largest_irc_abs_error,aquamatch_chla,aquamatch_chla:IEC-NYNJCT-NJHDG_14,test,2023-04,2023-05,1,0.0,0.7210350840470805,0.331128865480423,0.3899062185666575,False,True,0.03335133675398326,False,0.0
pipe_grud_raw_predictor_recomputed_degradation_v0,ablate_nutrients,feature_family_ablation,core,evaluated,,True,True,True,largest_irc_abs_error,aquamatch_chla,aquamatch_chla:21DELAWQ_WQX-306321,test,2022-12,2023-01,1,0.0,0.7034694257656113,0.33061483502388,0.37285459074173133,False,True,0.03335133675398326,False,0.0
pipe_grud_raw_predictor_recomputed_degradation_v0,ablate_nutrients,feature_family_ablation,core,evaluated,,True,True,True,largest_irc_abs_error,aquamatch_chla,aquamatch_chla:21FLHILL_WQX-1510,test,2023-05,2023-06,1,0.0,0.8333333333333334,0.4611402750015259,0.3721930583318075,False,True,0.07123688704562088,False,1.0
pipe_grud_raw_predictor_recomputed_degradation_v0,ablate_nutrients,feature_family_ablation,core,evaluated,,True,True,True,largest_irc_abs_error,aquamatch_chla,aquamatch_chla:21FLSFWM_WQX-49086,test,2023-05,2023-06,1,0.0,0.7636170585314673,0.39249324798583984,0.3711238105456275,False,True,0.047883414295628035,False,0.0
pipe_grud_raw_predictor_recomputed_degradation_v0,ablate_nutrients,feature_family_ablation,core,evaluated,,True,True,True,largest_irc_abs_error,aquamatch_chla,aquamatch_chla:21FLSARA_WQX-HWC,test,2023-05,2023-06,1,1.0,0.16666666666666666,0.5347538590431213,0.3680871923764547,True,False,0.10829694323144104,False,0.0
pipe_grud_raw_predictor_recomputed_degradation_v0,ablate_nutrients,feature_family_ablation,core,evaluated,,True,True,True,largest_irc_abs_error,wqp,wqp:21SC60WQ_WQX-S-310,test,2023-03,2023-04,1,0.0,0.6269683555255439,0.26161983609199524,0.3653485194335486,False,True,0.03217259651778956,False,
pipe_grud_raw_predictor_recomputed_degradation_v0,ablate_nutrients,feature_family_ablation,core,evaluated,,True,True,True,largest_irc_abs_error,wqp,wqp:USGS-384506118433001,test,2022-12,2023-01,1,0.0,0.6763902358974359,0.3115096092224121,0.36488062667502374,False,True,0.03335133675398326,False,1.0
pipe_grud_raw_predictor_recomputed_degradation_v0,ablate_nutrients,feature_family_ablation,core,evaluated,,True,True,True,largest_irc_abs_error,wqp,wqp:21FLKWAT_WQX-PUT-MCCLOUD-2,test,2023-02,2023-03,1,0.0,0.056579662504064786,0.42097577452659607,0.3643961120225313,False,False,0.05597512216792536,False,0.0
pipe_grud_raw_predictor_recomputed_degradation_v0,ablate_nutrients,feature_family_ablation,core,evaluated,,True,True,True,irc_alert_false_negative,aquamatch_chla,aquamatch_chla:21DELAWQ_WQX-109091,test,2023-01,2023-03,2,0.0,0.7273746447273659,0.45697021484375,0.2704044298836159,False,True,0.09024451726745651,False,0.0
pipe_grud_raw_predictor_recomputed_degradation_v0,ablate_nutrients,feature_family_ablation,core,evaluated,,True,True,True,irc_alert_false_negative,aquamatch_chla,aquamatch_chla:21FLCOLL_WQX-BC19,test,2023-03,2023-05,2,0.0,0.6585770374340746,0.3917180597782135,0.2668589776558611,False,True,0.07723577235772358,False,0.0
pipe_grud_raw_predictor_recomputed_degradation_v0,ablate_nutrients,feature_family_ablation,core,evaluated,,True,True,True,irc_alert_false_negative,aquamatch_chla,aquamatch_chla:21FLCOLL_WQX-HALDUP,test,2023-04,2023-06,2,0.0,0.8333333333333334,0.4903448522090912,0.3429884811242422,False,True,0.10369206598586017,False,1.0
pipe_grud_raw_predictor_recomputed_degradation_v0,ablate_nutrients,feature_family_ablation,core,evaluated,,True,True,True,irc_alert_false_negative,aquamatch_chla,aquamatch_chla:21FLGTM_WQX-GTMLSNUT,test,2023-01,2023-03,2,0.0,0.5865168526995395,0.22939272224903107,0.3571241304505084,False,True,0.043805428648212845,False,0.0
pipe_grud_raw_predictor_recomputed_degradation_v0,ablate_nutrients,feature_family_ablation,core,evaluated,,True,True,True,irc_alert_false_negative,aquamatch_chla,aquamatch_chla:21FLGTM_WQX-GTMLSNUT,test,2023-02,2023-04,2,0.0,0.642335516491977,0.27993327379226685,0.3624022426997101,False,True,0.05085479333477602,False,0.0
pipe_grud_raw_predictor_recomputed_degradation_v0,ablate_nutrients,feature_family_ablation,core,evaluated,,True,True,True,irc_alert_false_negative,aquamatch_chla,aquamatch_chla:21FLHILL_WQX-1510,test,2023-01,2023-03,2,0.0,0.7339342287419663,0.3981539309024811,0.33578029783948526,False,True,0.07723577235772358,False,0.0
pipe_grud_raw_predictor_recomputed_degradation_v0,ablate_nutrients,feature_family_ablation,core,evaluated,,True,True,True,irc_alert_false_negative,aquamatch_chla,aquamatch_chla:21FLHILL_WQX-181,test,2023-05,2023-07,2,0.0,0.6722340565264258,0.3354364335536957,0.3367976229727301,False,True,0.06327800829875518,False,0.0
pipe_grud_raw_predictor_recomputed_degradation_v0,ablate_nutrients,feature_family_ablation,core,evaluated,,True,True,True,irc_alert_false_negative,aquamatch_chla,aquamatch_chla:21FLHILL_WQX-44,test,2023-06,2023-08,2,0.0,0.6485086961037115,0.3860330283641815,0.26247566773953,False,True,0.07062146892655367,False,0.0
pipe_grud_raw_predictor_recomputed_degradation_v0,ablate_nutrients,feature_family_ablation,core,evaluated,,True,True,True,irc_alert_false_negative,aquamatch_chla,aquamatch_chla:21FLKWAT_WQX-BRE-WASHINGT-2,test,2022-12,2023-02,2,0.0,0.6722340565264258,0.19002999365329742,0.48220406287312834,False,True,0.0357355568790947,False,0.0
pipe_grud_raw_predictor_recomputed_degradation_v0,ablate_nutrients,feature_family_ablation,core,evaluated,,True,True,True,irc_alert_false_negative,aquamatch_chla,aquamatch_chla:21FLKWAT_WQX-CIT-MAGNO-CKM-1,test,2022-12,2023-02,2,0.0,0.5209278645460537,0.34431084990501404,0.17661701464103963,False,True,0.06327800829875518,False,0.0
pipe_grud_raw_predictor_recomputed_degradation_v0,ablate_nutrients,feature_family_ablation,core,evaluated,,True,True,True,irc_alert_false_negative,aquamatch_chla,aquamatch_chla:21FLKWAT_WQX-COL-SB-61-2,test,2023-03,2023-05,2,0.0,0.7797870437772856,0.3917936384677887,0.3879934053094969,False,True,0.07723577235772358,False,0.0
pipe_grud_raw_predictor_recomputed_degradation_v0,ablate_nutrients,feature_family_ablation,core,evaluated,,True,True,True,irc_alert_false_negative,aquamatch_chla,aquamatch_chla:21FLKWAT_WQX-HIL-TWIN-2,test,2023-03,2023-05,2,0.0,0.5742836329866862,0.4837324619293213,0.09055117105736488,False,True,0.10369206598586017,False,0.0
pipe_grud_raw_predictor_recomputed_degradation_v0,ablate_nutrients,feature_family_ablation,core,evaluated,,True,True,True,irc_alert_false_negative,aquamatch_chla,aquamatch_chla:21FLKWAT_WQX-OSC-BUCK-2,test,2022-12,2023-02,2,0.0,0.5063140891744224,0.3637329638004303,0.14258112537399215,False,True,0.06717081850533808,False,0.0
pipe_grud_raw_predictor_recomputed_degradation_v0,ablate_nutrients,feature_family_ablation,core,evaluated,,True,True,True,irc_alert_false_negative,aquamatch_chla,aquamatch_chla:21FLKWAT_WQX-PUT-ROWAN-1,test,2023-03,2023-05,2,0.0,0.5063140891744224,0.30836221575737,0.19795187341705245,False,True,0.05394190871369295,False,0.0
pipe_grud_raw_predictor_recomputed_degradation_v0,ablate_nutrients,feature_family_ablation,core,evaluated,,True,True,True,irc_alert_false_negative,aquamatch_chla,aquamatch_chla:21FLLOX_WQX-60,test,2023-06,2023-08,2,0.0,0.5865168526995395,0.2335432767868042,0.35297357591273526,False,True,0.043805428648212845,False,0.0
pipe_grud_raw_predictor_recomputed_degradation_v0,ablate_nutrients,feature_family_ablation,core,evaluated,,True,True,True,irc_alert_false_negative,aquamatch_chla,aquamatch_chla:21FLLOX_WQX-72,test,2023-03,2023-05,2,0.0,0.5363722579621717,0.46125760674476624,0.07511465121740546,False,True,0.09024451726745651,False,0.0
pipe_grud_raw_predictor_recomputed_degradation_v0,ablate_nutrients,feature_family_ablation,core,evaluated,,True,True,True,irc_alert_false_negative,aquamatch_chla,aquamatch_chla:21FLSARA_WQX-GOT-3,test,2023-06,2023-08,2,0.0,0.5033218292271299,0.4692046344280243,0.03411719479910558,False,True,0.09024451726745651,False,0.0
pipe_grud_raw_predictor_recomputed_degradation_v0,ablate_nutrients,feature_family_ablation,core,evaluated,,True,True,True,irc_alert_false_negative,aquamatch_chla,aquamatch_chla:21FLSFWM_WQX-10621,test,2023-10,2023-12,2,0.0,0.8257721389025588,0.3710385859012604,0.4547335530012985,False,True,0.07062146892655367,False,0.0
pipe_grud_raw_predictor_recomputed_degradation_v0,ablate_nutrients,feature_family_ablation,core,evaluated,,True,True,True,irc_alert_false_negative,aquamatch_chla,aquamatch_chla:21FLSFWM_WQX-18447,test,2022-12,2023-02,2,0.0,0.5742836329866862,0.40068283677101135,0.1736007962156748,False,True,0.07723577235772358,False,0.0
pipe_grud_raw_predictor_recomputed_degradation_v0,ablate_nutrients,feature_family_ablation,core,evaluated,,True,True,True,irc_alert_false_negative,aquamatch_chla,aquamatch_chla:21FLSFWM_WQX-49081,test,2023-02,2023-04,2,0.0,0.7680965546265698,0.4994150698184967,0.2686814848080731,False,True,0.11052631578947368,False,0.0
pipe_grud_raw_predictor_recomputed_degradation_v0,ablate_nutrients,feature_family_ablation,core,evaluated,,True,True,True,irc_alert_false_positive,aquamatch_chla,aquamatch_chla:21DELAWQ_WQX-205191,test,2023-03,2023-05,2,1.0,0.38328306814481383,0.8296162486076355,0.44633318046282167,True,False,0.43448275862068964,True,0.0
pipe_grud_raw_predictor_recomputed_degradation_v0,ablate_nutrients,feature_family_ablation,core,evaluated,,True,True,True,irc_alert_false_positive,aquamatch_chla,aquamatch_chla:21DELAWQ_WQX-205211,test,2022-12,2023-02,2,1.0,0.25948423484677646,0.5657173991203308,0.30623316427355435,True,False,0.15898520084566597,False,0.0
pipe_grud_raw_predictor_recomputed_degradation_v0,ablate_nutrients,feature_family_ablation,core,evaluated,,True,True,True,irc_alert_false_positive,aquamatch_chla,aquamatch_chla:21DELAWQ_WQX-208061,test,2023-04,2023-06,2,1.0,0.4670794154230283,0.7491819262504578,0.2821025108274295,True,False,0.2583442838370565,False,0.0
pipe_grud_raw_predictor_recomputed_degradation_v0,ablate_nutrients,feature_family_ablation,core,evaluated,,True,True,True,irc_alert_false_positive,aquamatch_chla,aquamatch_chla:21FLCOLL_WQX-EAGLECRK,test,2023-05,2023-07,2,1.0,0.375763929893624,0.6197264790534973,0.2439625491598733,True,False,0.17520661157024794,False,0.0
pipe_grud_raw_predictor_recomputed_degradation_v0,ablate_nutrients,feature_family_ablation,core,evaluated,,True,True,True,irc_alert_false_positive,aquamatch_chla,aquamatch_chla:21FLKWAT_WQX-HIL-TWIN-2,test,2023-05,2023-07,2,1.0,0.3403941218224194,0.5681218504905701,0.22772772866815066,True,False,0.15898520084566597,False,0.0
pipe_grud_raw_predictor_recomputed_degradation_v0,ablate_nutrients,feature_family_ablation,core,evaluated,,True,True,True,irc_alert_false_positive,aquamatch_chla,aquamatch_chla:21FLSFWM_WQX-12877,test,2023-07,2023-09,2,1.0,0.43425390443988743,0.5577530860900879,0.12349918165020046,True,False,0.15898520084566597,False,0.0
pipe_grud_raw_predictor_recomputed_degradation_v0,ablate_nutrients,feature_family_ablation,core,evaluated,,True,True,True,irc_alert_false_positive,aquamatch_chla,aquamatch_chla:21FLSFWM_WQX-18447,test,2023-04,2023-06,2,1.0,0.25016836768693695,0.682924747467041,0.43275637978010406,True,False,0.2268041237113402,False,0.0
pipe_grud_raw_predictor_recomputed_degradation_v0,ablate_nutrients,feature_family_ablation,core,evaluated,,True,True,True,irc_alert_false_positive,aquamatch_chla,aquamatch_chla:21IOWA_WQX-10810001,test,2022-12,2023-02,2,1.0,0.2909112482016215,0.5067144632339478,0.21580321503232625,True,False,0.11052631578947368,False,0.0
pipe_grud_raw_predictor_recomputed_degradation_v0,ablate_nutrients,feature_family_ablation,core,evaluated,,True,True,True,irc_alert_false_positive,aquamatch_chla,aquamatch_chla:WIDNR_WQX-473008,test,2023-05,2023-07,2,1.0,0.31398840368234854,0.5258048176765442,0.21181641399419565,True,False,0.12579505300353355,False,0.0
pipe_grud_raw_predictor_recomputed_degradation_v0,ablate_nutrients,feature_family_ablation,core,evaluated,,True,True,True,irc_alert_false_positive,aquamatch_chla,aquamatch_chla:WI_MMSD-RI-16,test,2023-09,2023-11,2,1.0,0.41193882722208786,0.5575866103172302,0.14564778309514237,True,False,0.15898520084566597,False,0.0
pipe_grud_raw_predictor_recomputed_degradation_v0,ablate_nutrients,feature_family_ablation,core,evaluated,,True,True,True,irc_alert_false_positive,wqp,wqp:21FLCBA_WQX-WAL-ALLEN-1,test,2023-02,2023-04,2,1.0,0.4357434980363369,0.5341020226478577,0.09835852461152078,True,False,0.1394647568790049,False,0.0
pipe_grud_raw_predictor_recomputed_degradation_v0,ablate_nutrients,feature_family_ablation,core,evaluated,,True,True,True,irc_alert_false_positive,wqp,wqp:21FLCBA_WQX-WAL-MORRIS-3,test,2024-04,2024-06,2,1.0,0.43298227326700855,0.5114995837211609,0.07851731045415233,True,False,0.11052631578947368,False,0.0
pipe_grud_raw_predictor_recomputed_degradation_v0,ablate_nutrients,feature_family_ablation,core,evaluated,,True,True,True,irc_alert_false_positive,wqp,wqp:21FLKWAT_WQX-ALA-ALTO-2,test,2023-08,2023-10,2,1.0,0.24974927316856552,0.5188382267951965,0.269088953626631,True,False,0.12579505300353355,False,0.0
pipe_grud_raw_predictor_recomputed_degradation_v0,ablate_nutrients,feature_family_ablation,core,evaluated,,True,True,True,irc_alert_false_positive,wqp,wqp:21FLKWAT_WQX-ALA-ALTO-3,test,2022-12,2023-02,2,1.0,0.30982062575845604,0.5138485431671143,0.20402791740865822,True,False,0.11052631578947368,False,0.0
pipe_grud_raw_predictor_recomputed_degradation_v0,ablate_nutrients,feature_family_ablation,core,evaluated,,True,True,True,irc_alert_false_positive,wqp,wqp:21FLKWAT_WQX-BRA-SAMPSON-1,test,2023-03,2023-05,2,1.0,0.4188650547463064,0.6494089961051941,0.23054394135888767,True,False,0.20434782608695654,False,0.0
pipe_grud_raw_predictor_recomputed_degradation_v0,ablate_nutrients,feature_family_ablation,core,evaluated,,True,True,True,irc_alert_false_positive,wqp,wqp:21FLKWAT_WQX-BRE-WASHINGT-3,test,2023-02,2023-04,2,1.0,0.4381619918812049,0.6149216294288635,0.1767596375476586,True,False,0.17520661157024794,False,0.0
pipe_grud_raw_predictor_recomputed_degradation_v0,ablate_nutrients,feature_family_ablation,core,evaluated,,True,True,True,irc_alert_false_positive,wqp,wqp:21FLKWAT_WQX-HIG-PLACID-4,test,2023-03,2023-05,2,1.0,0.44354308644842394,0.6311851739883423,0.18764208753991835,True,False,0.18867924528301888,False,0.0
pipe_grud_raw_predictor_recomputed_degradation_v0,ablate_nutrients,feature_family_ablation,core,evaluated,,True,True,True,irc_alert_false_positive,wqp,wqp:21FLKWAT_WQX-LAK-BAY-1,test,2023-06,2023-08,2,1.0,0.4044735287034493,0.7019417881965637,0.2974682594931144,True,False,0.2292909211398277,False,0.0
pipe_grud_raw_predictor_recomputed_degradation_v0,ablate_nutrients,feature_family_ablation,core,evaluated,,True,True,True,irc_alert_false_positive,wqp,wqp:21FLKWAT_WQX-LAK-BAY-2,test,2023-03,2023-05,2,1.0,0.459920467177525,0.6684276461601257,0.20850717898260074,True,False,0.2119353039598438,False,0.0
pipe_grud_raw_predictor_recomputed_degradation_v0,ablate_nutrients,feature_family_ablation,core,evaluated,,True,True,True,irc_alert_false_positive,wqp,wqp:21FLKWAT_WQX-LAK-BAY-3,test,2023-03,2023-05,2,1.0,0.49226249164336,0.6765953898429871,0.18433289819962706,True,False,0.2268041237113402,False,0.0
pipe_grud_raw_predictor_recomputed_degradation_v0,ablate_nutrients,feature_family_ablation,core,evaluated,,True,True,True,largest_irc_abs_error,wqp,wqp:21FLKWAT_WQX-ORA-FAIRVIEW-4,test,2024-04,2024-06,2,0.0,0.8357833129398461,0.170265793800354,0.6655175191394921,False,True,0.0357355568790947,False,0.0
pipe_grud_raw_predictor_recomputed_degradation_v0,ablate_nutrients,feature_family_ablation,core,evaluated,,True,True,True,largest_irc_abs_error,aquamatch_chla,aquamatch_chla:WIDNR_WQX-123016,test,2023-11,2024-01,2,0.0,0.8333333333333334,0.2410992830991745,0.5922340502341589,False,True,0.050833333333333335,False,1.0
pipe_grud_raw_predictor_recomputed_degradation_v0,ablate_nutrients,feature_family_ablation,core,evaluated,,True,True,True,largest_irc_abs_error,aquamatch_chla,aquamatch_chla:21FLKWAT_WQX-BRE-WASHINGT-2,test,2022-12,2023-02,2,0.0,0.6722340565264258,0.19002999365329742,0.48220406287312834,False,True,0.0357355568790947,False,0.0
pipe_grud_raw_predictor_recomputed_degradation_v0,ablate_nutrients,feature_family_ablation,core,evaluated,,True,True,True,largest_irc_abs_error,wqp,wqp:21FLKWAT_WQX-COL-SB-61-1,test,2023-02,2023-04,2,0.0,0.9133187874690399,0.43278947472572327,0.48052931274331667,False,True,0.08479412963717896,False,1.0
pipe_grud_raw_predictor_recomputed_degradation_v0,ablate_nutrients,feature_family_ablation,core,evaluated,,True,True,True,largest_irc_abs_error,wqp,wqp:21FLHESD_WQX-BEAUDETTE POND WEST,test,2023-01,2023-03,2,0.0,0.8623842592592593,0.3827151358127594,0.4796691234464999,False,True,0.07062146892655367,False,
pipe_grud_raw_predictor_recomputed_degradation_v0,ablate_nutrients,feature_family_ablation,core,evaluated,,True,True,True,largest_irc_abs_error,aquamatch_chla,aquamatch_chla:21FLUFSW_WQX-CIT-WIT-9,test,2023-02,2023-04,2,0.0,0.7257166877892788,0.26406702399253845,0.46164966379674033,False,True,0.050833333333333335,False,0.0
pipe_grud_raw_predictor_recomputed_degradation_v0,ablate_nutrients,feature_family_ablation,core,evaluated,,True,True,True,largest_irc_abs_error,aquamatch_chla,aquamatch_chla:21FLSFWM_WQX-10621,test,2023-10,2023-12,2,0.0,0.8257721389025588,0.3710385859012604,0.4547335530012985,False,True,0.07062146892655367,False,0.0
pipe_grud_raw_predictor_recomputed_degradation_v0,ablate_nutrients,feature_family_ablation,core,evaluated,,True,True,True,largest_irc_abs_error,aquamatch_chla,aquamatch_chla:21VASWCB-3-RPP098.81,test,2023-09,2023-11,2,0.0,0.8333333333333334,0.3811858892440796,0.4521474440892538,False,True,0.07062146892655367,False,1.0
pipe_grud_raw_predictor_recomputed_degradation_v0,ablate_nutrients,feature_family_ablation,core,evaluated,,True,True,True,largest_irc_abs_error,aquamatch_chla,aquamatch_chla:21DELAWQ_WQX-205191,test,2023-03,2023-05,2,1.0,0.38328306814481383,0.8296162486076355,0.44633318046282167,True,False,0.43448275862068964,True,0.0
pipe_grud_raw_predictor_recomputed_degradation_v0,ablate_nutrients,feature_family_ablation,core,evaluated,,True,True,True,largest_irc_abs_error,aquamatch_chla,aquamatch_chla:21FLSFWM_WQX-8879,test,2023-01,2023-03,2,0.0,0.664490964956476,0.22468222677707672,0.43980873817939925,False,True,0.043805428648212845,False,0.0
pipe_grud_raw_predictor_recomputed_degradation_v0,ablate_nutrients,feature_family_ablation,core,evaluated,,True,True,True,largest_irc_abs_error,aquamatch_chla,aquamatch_chla:21FLSFWM_WQX-18447,test,2023-04,2023-06,2,1.0,0.25016836768693695,0.682924747467041,0.43275637978010406,True,False,0.2268041237113402,False,0.0
pipe_grud_raw_predictor_recomputed_degradation_v0,ablate_nutrients,feature_family_ablation,core,evaluated,,True,True,True,largest_irc_abs_error,wqp,wqp:21FLKWAT_WQX-PUT-MCCLOUD-2,test,2023-02,2023-04,2,0.0,0.02720998167087939,0.4558512270450592,0.4286412453741798,False,False,0.09024451726745651,False,0.0
pipe_grud_raw_predictor_recomputed_degradation_v0,ablate_nutrients,feature_family_ablation,core,evaluated,,True,True,True,largest_irc_abs_error,wqp,wqp:21FLKWAT_WQX-PUT-MCCLOUD-3,test,2023-01,2023-03,2,0.0,0.049303339080904694,0.4733823239803314,0.42407898489942675,False,False,0.09024451726745651,False,0.0
pipe_grud_raw_predictor_recomputed_degradation_v0,ablate_nutrients,feature_family_ablation,core,evaluated,,True,True,True,largest_irc_abs_error,wqp,wqp:21FLKWAT_WQX-VOL-NORTHTAL-3,test,2023-09,2023-11,2,0.0,0.061496309804523364,0.4796156883239746,0.41811937851945125,False,False,0.10369206598586017,False,0.0
pipe_grud_raw_predictor_recomputed_degradation_v0,ablate_nutrients,feature_family_ablation,core,evaluated,,True,True,True,largest_irc_abs_error,aquamatch_chla,aquamatch_chla:USGS-380924121301901,test,2023-07,2023-09,2,0.0,0.8333333333333334,0.4174613058567047,0.41587202747662866,False,True,0.07723577235772358,False,1.0
pipe_grud_raw_predictor_recomputed_degradation_v0,ablate_nutrients,feature_family_ablation,core,evaluated,,True,True,True,largest_irc_abs_error,wqp,wqp:21FLMAIT_WQX-LAKE WAUMPI,test,2023-09,2023-11,2,0.0,0.8091349257753905,0.3966319262981415,0.412502999477249,False,True,0.07723577235772358,False,0.0
pipe_grud_raw_predictor_recomputed_degradation_v0,ablate_nutrients,feature_family_ablation,core,evaluated,,True,True,True,largest_irc_abs_error,wqp,wqp:21FLKWAT_WQX-VOL-NORTHTAL-1,test,2023-08,2023-10,2,1.0,0.19426878612196904,0.5928630232810974,0.39859423715912834,True,False,0.17520661157024794,False,0.0
pipe_grud_raw_predictor_recomputed_degradation_v0,ablate_nutrients,feature_family_ablation,core,evaluated,,True,True,True,largest_irc_abs_error,aquamatch_chla,aquamatch_chla:21FLKWAT_WQX-COL-SB-61-2,test,2023-03,2023-05,2,0.0,0.7797870437772856,0.3917936384677887,0.3879934053094969,False,True,0.07723577235772358,False,0.0
pipe_grud_raw_predictor_recomputed_degradation_v0,ablate_nutrients,feature_family_ablation,core,evaluated,,True,True,True,largest_irc_abs_error,wqp,wqp:21FLKWAT_WQX-HIL-WILSON-1,test,2022-12,2023-02,2,0.0,0.7974049242907514,0.41599276661872864,0.38141215767202274,False,True,0.07723577235772358,False,0.0
pipe_grud_raw_predictor_recomputed_degradation_v0,ablate_nutrients,feature_family_ablation,core,evaluated,,True,True,True,largest_irc_abs_error,wqp,wqp:21FLSJWM_WQX-44678,test,2024-02,2024-04,2,0.0,0.8120739523532778,0.43144869804382324,0.3806252543094546,False,True,0.08479412963717896,False,1.0
pipe_grud_raw_predictor_recomputed_degradation_v0,ablate_nutrients,feature_family_ablation,core,evaluated,,True,True,True,irc_alert_false_negative,aquamatch_chla,aquamatch_chla:21DELAWQ_WQX-109091,test,2023-01,2023-04,3,0.0,0.8333333333333334,0.4779262840747833,0.35540704925855005,False,True,0.10875550660792951,False,1.0
pipe_grud_raw_predictor_recomputed_degradation_v0,ablate_nutrients,feature_family_ablation,core,evaluated,,True,True,True,irc_alert_false_negative,aquamatch_chla,aquamatch_chla:21FLCOLL_WQX-WINPARK,test,2023-07,2023-10,3,0.0,0.642335516491977,0.48629698157310486,0.1560385349188721,False,True,0.1177257525083612,False,0.0
pipe_grud_raw_predictor_recomputed_degradation_v0,ablate_nutrients,feature_family_ablation,core,evaluated,,True,True,True,irc_alert_false_negative,aquamatch_chla,aquamatch_chla:21FLGTM_WQX-GTMLSNUT,test,2023-01,2023-04,3,0.0,0.642335516491977,0.24993866682052612,0.39239684967145083,False,True,0.057513693736603956,False,0.0
pipe_grud_raw_predictor_recomputed_degradation_v0,ablate_nutrients,feature_family_ablation,core,evaluated,,True,True,True,irc_alert_false_negative,aquamatch_chla,aquamatch_chla:21FLHILL_WQX-1510,test,2023-01,2023-04,3,0.0,0.5901104364526372,0.42671144008636475,0.16339899636627242,False,True,0.08451984247197819,False,0.0
pipe_grud_raw_predictor_recomputed_degradation_v0,ablate_nutrients,feature_family_ablation,core,evaluated,,True,True,True,irc_alert_false_negative,aquamatch_chla,aquamatch_chla:21FLHILL_WQX-41,test,2023-03,2023-06,3,0.0,0.5063140891744224,0.22854290902614594,0.2777711801482765,False,True,0.057513693736603956,False,0.0
pipe_grud_raw_predictor_recomputed_degradation_v0,ablate_nutrients,feature_family_ablation,core,evaluated,,True,True,True,irc_alert_false_negative,aquamatch_chla,aquamatch_chla:21FLHILL_WQX-44,test,2023-06,2023-09,3,0.0,0.5322227501453195,0.4368342459201813,0.09538850422513823,False,True,0.08839779005524862,False,0.0
pipe_grud_raw_predictor_recomputed_degradation_v0,ablate_nutrients,feature_family_ablation,core,evaluated,,True,True,True,irc_alert_false_negative,aquamatch_chla,aquamatch_chla:21FLKWAT_WQX-BRA-ROWELL-4,test,2023-01,2023-04,3,0.0,0.5485525679691982,0.4867609441280365,0.06179162384116166,False,True,0.1177257525083612,False,0.0
pipe_grud_raw_predictor_recomputed_degradation_v0,ablate_nutrients,feature_family_ablation,core,evaluated,,True,True,True,irc_alert_false_negative,aquamatch_chla,aquamatch_chla:21FLKWAT_WQX-COL-SB-61-2,test,2023-03,2023-06,3,0.0,0.662529985897324,0.3702045679092407,0.2923254179880833,False,True,0.07162214479287649,False,0.0
pipe_grud_raw_predictor_recomputed_degradation_v0,ablate_nutrients,feature_family_ablation,core,evaluated,,True,True,True,irc_alert_false_negative,aquamatch_chla,aquamatch_chla:21FLKWAT_WQX-HIG-REDBEACH-3,test,2023-03,2023-06,3,0.0,0.5209278645460537,0.3361074924468994,0.18482037209915425,False,True,0.07058534185932118,False,0.0
pipe_grud_raw_predictor_recomputed_degradation_v0,ablate_nutrients,feature_family_ablation,core,evaluated,,True,True,True,irc_alert_false_negative,aquamatch_chla,aquamatch_chla:21FLKWAT_WQX-HIL-TWIN-2,test,2023-03,2023-06,3,0.0,0.5983641013663435,0.49060186743736267,0.10776223392898088,False,True,0.1177257525083612,False,0.0
pipe_grud_raw_predictor_recomputed_degradation_v0,ablate_nutrients,feature_family_ablation,core,evaluated,,True,True,True,irc_alert_false_negative,aquamatch_chla,aquamatch_chla:21FLLOX_WQX-40,test,2023-07,2023-10,3,0.0,0.5404764150590259,0.21994392573833466,0.3205324893206912,False,True,0.057513693736603956,False,0.0
pipe_grud_raw_predictor_recomputed_degradation_v0,ablate_nutrients,feature_family_ablation,core,evaluated,,True,True,True,irc_alert_false_negative,aquamatch_chla,aquamatch_chla:21FLLOX_WQX-72,test,2023-03,2023-06,3,0.0,0.5616384437780927,0.4657343327999115,0.09590411097818119,False,True,0.10875550660792951,False,0.0
pipe_grud_raw_predictor_recomputed_degradation_v0,ablate_nutrients,feature_family_ablation,core,evaluated,,True,True,True,irc_alert_false_negative,aquamatch_chla,aquamatch_chla:21FLLOX_WQX-HGD,test,2023-06,2023-09,3,0.0,0.519491814472948,0.38159751892089844,0.13789429555204957,False,True,0.08451984247197819,False,0.0
pipe_grud_raw_predictor_recomputed_degradation_v0,ablate_nutrients,feature_family_ablation,core,evaluated,,True,True,True,irc_alert_false_negative,aquamatch_chla,aquamatch_chla:21FLMANA_WQX-LM6,test,2023-02,2023-05,3,0.0,0.7666093184787602,0.4678638279438019,0.29874549053495836,False,True,0.10875550660792951,False,0.0
pipe_grud_raw_predictor_recomputed_degradation_v0,ablate_nutrients,feature_family_ablation,core,evaluated,,True,True,True,irc_alert_false_negative,aquamatch_chla,aquamatch_chla:21FLSFWM_WQX-10621,test,2023-10,2024-01,3,0.0,0.5485525679691982,0.32368287444114685,0.2248696935280513,False,True,0.07058534185932118,False,0.0
pipe_grud_raw_predictor_recomputed_degradation_v0,ablate_nutrients,feature_family_ablation,core,evaluated,,True,True,True,irc_alert_false_negative,aquamatch_chla,aquamatch_chla:21FLSFWM_WQX-11573,test,2023-08,2023-11,3,0.0,0.6779383682820198,0.2943664789199829,0.3835718893620369,False,True,0.06044600938967136,False,0.0
pipe_grud_raw_predictor_recomputed_degradation_v0,ablate_nutrients,feature_family_ablation,core,evaluated,,True,True,True,irc_alert_false_negative,aquamatch_chla,aquamatch_chla:21FLSFWM_WQX-18222,test,2023-08,2023-11,3,0.0,0.5389767604970058,0.29303136467933655,0.24594539581766928,False,True,0.06044600938967136,False,0.0
pipe_grud_raw_predictor_recomputed_degradation_v0,ablate_nutrients,feature_family_ablation,core,evaluated,,True,True,True,irc_alert_false_negative,aquamatch_chla,aquamatch_chla:21FLSFWM_WQX-18447,test,2022-12,2023-03,3,0.0,0.6075799414532111,0.4797557592391968,0.12782418221401437,False,True,0.11348464619492657,False,0.0
pipe_grud_raw_predictor_recomputed_degradation_v0,ablate_nutrients,feature_family_ablation,core,evaluated,,True,True,True,irc_alert_false_negative,aquamatch_chla,aquamatch_chla:21FLSFWM_WQX-4203,test,2023-08,2023-11,3,0.0,0.5404764150590259,0.4250704348087311,0.1154059802502948,False,True,0.08451984247197819,False,0.0
pipe_grud_raw_predictor_recomputed_degradation_v0,ablate_nutrients,feature_family_ablation,core,evaluated,,True,True,True,irc_alert_false_negative,aquamatch_chla,aquamatch_chla:21FLSFWM_WQX-8879,test,2023-01,2023-04,3,0.0,0.8333333333333334,0.27965375781059265,0.5536795755227407,False,True,0.06044600938967136,False,1.0
pipe_grud_raw_predictor_recomputed_degradation_v0,ablate_nutrients,feature_family_ablation,core,evaluated,,True,True,True,irc_alert_false_positive,aquamatch_chla,aquamatch_chla:21DELAWQ_WQX-109091,test,2023-03,2023-06,3,1.0,0.48484958227832187,0.6637433767318726,0.1788937944535507,True,False,0.22741764080765142,False,0.0
pipe_grud_raw_predictor_recomputed_degradation_v0,ablate_nutrients,feature_family_ablation,core,evaluated,,True,True,True,irc_alert_false_positive,aquamatch_chla,aquamatch_chla:21FLCOLL_WQX-EAGLECRK,test,2023-05,2023-08,3,1.0,0.497264816682428,0.6356287598609924,0.13836394317856443,True,False,0.21115776844631073,False,0.0
pipe_grud_raw_predictor_recomputed_degradation_v0,ablate_nutrients,feature_family_ablation,core,evaluated,,True,True,True,irc_alert_false_positive,aquamatch_chla,aquamatch_chla:21FLKWAT_WQX-HIL-TWIN-2,test,2023-05,2023-08,3,1.0,0.3841093097025195,0.6244759559631348,0.24036664626061527,True,False,0.1973816717019134,False,0.0
pipe_grud_raw_predictor_recomputed_degradation_v0,ablate_nutrients,feature_family_ablation,core,evaluated,,True,True,True,irc_alert_false_positive,aquamatch_chla,aquamatch_chla:21FLKWAT_WQX-HIL-TWIN-3,test,2023-04,2023-07,3,1.0,0.3403941218224194,0.5487753748893738,0.20838125306695437,True,False,0.15620641562064155,False,0.0
pipe_grud_raw_predictor_recomputed_degradation_v0,ablate_nutrients,feature_family_ablation,core,evaluated,,True,True,True,irc_alert_false_positive,aquamatch_chla,aquamatch_chla:21FLKWAT_WQX-LAK-BAY-3,test,2023-02,2023-05,3,1.0,0.45871544748709114,0.5804582834243774,0.1217428359372863,True,False,0.1761855313257182,False,0.0
pipe_grud_raw_predictor_recomputed_degradation_v0,ablate_nutrients,feature_family_ablation,core,evaluated,,True,True,True,irc_alert_false_positive,aquamatch_chla,aquamatch_chla:21FLSARA_WQX-GOT-3,test,2023-06,2023-09,3,1.0,0.4183972087822354,0.5408275723457336,0.12243036356349823,True,False,0.15620641562064155,False,0.0
pipe_grud_raw_predictor_recomputed_degradation_v0,ablate_nutrients,feature_family_ablation,core,evaluated,,True,True,True,irc_alert_false_positive,aquamatch_chla,aquamatch_chla:21FLSFWM_WQX-18222,test,2022-12,2023-03,3,1.0,0.3403941218224194,0.5408788323402405,0.20048471051782107,True,False,0.15620641562064155,False,0.0
pipe_grud_raw_predictor_recomputed_degradation_v0,ablate_nutrients,feature_family_ablation,core,evaluated,,True,True,True,irc_alert_false_positive,aquamatch_chla,aquamatch_chla:21FLSFWM_WQX-18447,test,2023-04,2023-07,3,1.0,0.4038043581946335,0.6810975074768066,0.27729314928217313,True,False,0.22741764080765142,False,0.0
pipe_grud_raw_predictor_recomputed_degradation_v0,ablate_nutrients,feature_family_ablation,core,evaluated,,True,True,True,irc_alert_false_positive,aquamatch_chla,aquamatch_chla:21FLSFWM_WQX-49081,test,2023-02,2023-05,3,1.0,0.3134906877228305,0.589983344078064,0.27649265635523346,True,False,0.1761855313257182,False,0.0
pipe_grud_raw_predictor_recomputed_degradation_v0,ablate_nutrients,feature_family_ablation,core,evaluated,,True,True,True,irc_alert_false_positive,aquamatch_chla,aquamatch_chla:21NC03WQ-CPF055D,test,2022-12,2023-03,3,1.0,0.49110850443820286,0.692596435546875,0.20148793110867214,True,False,0.2525169508937744,False,0.0
pipe_grud_raw_predictor_recomputed_degradation_v0,ablate_nutrients,feature_family_ablation,core,evaluated,,True,True,True,irc_alert_false_positive,aquamatch_chla,aquamatch_chla:WIDNR_WQX-223282,test,2023-08,2023-11,3,1.0,0.43425390443988743,0.6280223727226257,0.1937684682827383,True,False,0.1973816717019134,False,0.0
pipe_grud_raw_predictor_recomputed_degradation_v0,ablate_nutrients,feature_family_ablation,core,evaluated,,True,True,True,irc_alert_false_positive,aquamatch_chla,aquamatch_chla:WIDNR_WQX-473008,test,2023-05,2023-08,3,1.0,0.47848457165485403,0.5370131134986877,0.058528541843833715,True,False,0.15620641562064155,False,0.0
pipe_grud_raw_predictor_recomputed_degradation_v0,ablate_nutrients,feature_family_ablation,core,evaluated,,True,True,True,irc_alert_false_positive,wqp,wqp:21FLCBA_WQX-WAL-MORRIS-1,test,2023-04,2023-07,3,1.0,0.2927494681249197,0.5118554830551147,0.21910601493019505,True,False,0.13745173745173744,False,0.0
pipe_grud_raw_predictor_recomputed_degradation_v0,ablate_nutrients,feature_family_ablation,core,evaluated,,True,True,True,irc_alert_false_positive,wqp,wqp:21FLKWAT_WQX-ALA-ALTO-3,test,2022-12,2023-03,3,1.0,0.35853236212890877,0.565358579158783,0.2068262170298742,True,False,0.1761855313257182,False,0.0
pipe_grud_raw_predictor_recomputed_degradation_v0,ablate_nutrients,feature_family_ablation,core,evaluated,,True,True,True,irc_alert_false_positive,wqp,wqp:21FLKWAT_WQX-BRE-WASHINGT-3,test,2023-02,2023-05,3,1.0,0.33400249585198405,0.5933254361152649,0.25932294026328084,True,False,0.1761855313257182,False,0.0
pipe_grud_raw_predictor_recomputed_degradation_v0,ablate_nutrients,feature_family_ablation,core,evaluated,,True,True,True,irc_alert_false_positive,wqp,wqp:21FLKWAT_WQX-OSC-BUCK-2,test,2023-04,2023-07,3,1.0,0.4355974193789911,0.5553333163261414,0.11973589694715026,True,False,0.1761855313257182,False,0.0
pipe_grud_raw_predictor_recomputed_degradation_v0,ablate_nutrients,feature_family_ablation,core,evaluated,,True,True,True,irc_alert_false_positive,wqp,wqp:21FLKWAT_WQX-PAL-WESTWOOD-3,test,2023-02,2023-05,3,1.0,0.49798394424614423,0.5928142666816711,0.09483032243552691,True,False,0.1761855313257182,False,
pipe_grud_raw_predictor_recomputed_degradation_v0,ablate_nutrients,feature_family_ablation,core,evaluated,,True,True,True,irc_alert_false_positive,wqp,wqp:21FLKWAT_WQX-VOL-NORTHTAL-1,test,2023-08,2023-11,3,1.0,0.2818401572143991,0.5548538565635681,0.273013699349169,True,False,0.1761855313257182,False,0.0
pipe_grud_raw_predictor_recomputed_degradation_v0,ablate_nutrients,feature_family_ablation,core,evaluated,,True,True,True,irc_alert_false_positive,wqp,wqp:21FLKWAT_WQX-VOL-NORTHTAL-3,test,2022-12,2023-03,3,1.0,0.33454695256963213,0.5533611178398132,0.2188141652701811,True,False,0.1761855313257182,False,0.0
pipe_grud_raw_predictor_recomputed_degradation_v0,ablate_nutrients,feature_family_ablation,core,evaluated,,True,True,True,irc_alert_false_positive,wqp,wqp:21FLLCPC_WQX-YALEMARSHPK,test,2023-08,2023-11,3,1.0,0.4228571428571429,0.5646917223930359,0.141834579535893,True,False,0.1761855313257182,False,0.0
pipe_grud_raw_predictor_recomputed_degradation_v0,ablate_nutrients,feature_family_ablation,core,evaluated,,True,True,True,largest_irc_abs_error,wqp,wqp:21FLKWAT_WQX-ORA-FAIRVIEW-4,test,2024-04,2024-07,3,0.0,0.8132667126534322,0.20319537818431854,0.6100713344691137,False,True,0.057513693736603956,False,0.0
pipe_grud_raw_predictor_recomputed_degradation_v0,ablate_nutrients,feature_family_ablation,core,evaluated,,True,True,True,largest_irc_abs_error,aquamatch_chla,aquamatch_chla:NJDEP_BB-BT06a,test,2023-01,2023-04,3,0.0,0.8097788005679591,0.2346106767654419,0.5751681238025173,False,True,0.057513693736603956,False,0.0
pipe_grud_raw_predictor_recomputed_degradation_v0,ablate_nutrients,feature_family_ablation,core,evaluated,,True,True,True,largest_irc_abs_error,aquamatch_chla,aquamatch_chla:21FLSFWM_WQX-8879,test,2023-01,2023-04,3,0.0,0.8333333333333334,0.27965375781059265,0.5536795755227407,False,True,0.06044600938967136,False,1.0
pipe_grud_raw_predictor_recomputed_degradation_v0,ablate_nutrients,feature_family_ablation,core,evaluated,,True,True,True,largest_irc_abs_error,aquamatch_chla,aquamatch_chla:21IOWA_WQX-10360001,test,2023-01,2023-04,3,0.0,0.8333333333333334,0.3084515929222107,0.5248817404111227,False,True,0.06274509803921569,False,1.0
pipe_grud_raw_predictor_recomputed_degradation_v0,ablate_nutrients,feature_family_ablation,core,evaluated,,True,True,True,largest_irc_abs_error,aquamatch_chla,aquamatch_chla:IEC-NYNJCT-NJHDG_14,test,2023-04,2023-07,3,0.0,0.8333333333333334,0.3543799817562103,0.47895335157712304,False,True,0.07162214479287649,False,1.0
pipe_grud_raw_predictor_recomputed_degradation_v0,ablate_nutrients,feature_family_ablation,core,evaluated,,True,True,True,largest_irc_abs_error,wqp,wqp:21SC60WQ_WQX-CL-041,test,2024-01,2024-04,3,0.0,0.730952380952381,0.25746962428092957,0.47348275667145145,False,True,0.057513693736603956,False,
pipe_grud_raw_predictor_recomputed_degradation_v0,ablate_nutrients,feature_family_ablation,core,evaluated,,True,True,True,largest_irc_abs_error,wqp,wqp:21FLKWAT_WQX-PUT-MCCLOUD-2,test,2023-02,2023-05,3,0.0,0.029806519583557345,0.4994303286075592,0.46962380902400186,False,False,0.12195121951219512,False,0.0
pipe_grud_raw_predictor_recomputed_degradation_v0,ablate_nutrients,feature_family_ablation,core,evaluated,,True,True,True,largest_irc_abs_error,wqp,wqp:21FLHESD_WQX-BEAUDETTE POND WEST,test,2023-01,2023-04,3,0.0,0.9298726851851852,0.4606311619281769,0.4692415232570083,False,True,0.10875550660792951,False,1.0
pipe_grud_raw_predictor_recomputed_degradation_v0,ablate_nutrients,feature_family_ablation,core,evaluated,,True,True,True,largest_irc_abs_error,wqp,wqp:21FLKWAT_WQX-PUT-MCCLOUD-3,test,2023-01,2023-04,3,0.0,0.030183643745490416,0.4938223659992218,0.4636387222537314,False,False,0.1177257525083612,False,0.0
pipe_grud_raw_predictor_recomputed_degradation_v0,ablate_nutrients,feature_family_ablation,core,evaluated,,True,True,True,largest_irc_abs_error,wqp,wqp:21FLKWAT_WQX-IND-BLUE CYPR-3,test,2024-01,2024-04,3,0.0,0.7884736783554712,0.3381928503513336,0.4502808280041376,False,True,0.07058534185932118,False,0.0
pipe_grud_raw_predictor_recomputed_degradation_v0,ablate_nutrients,feature_family_ablation,core,evaluated,,True,True,True,largest_irc_abs_error,wqp,wqp:21SC60WQ_WQX-PD-327,test,2024-02,2024-05,3,0.0,0.8038616022381401,0.37449324131011963,0.42936836092802044,False,True,0.07162214479287649,False,
pipe_grud_raw_predictor_recomputed_degradation_v0,ablate_nutrients,feature_family_ablation,core,evaluated,,True,True,True,largest_irc_abs_error,wqp,wqp:21FLKWAT_WQX-BAY-LULLWATER-3,test,2022-12,2023-03,3,0.0,0.7646876591804053,0.3458668887615204,0.4188207704188849,False,True,0.07058534185932118,False,0.0
pipe_grud_raw_predictor_recomputed_degradation_v0,ablate_nutrients,feature_family_ablation,core,evaluated,,True,True,True,largest_irc_abs_error,wqp,wqp:21FLKWAT_WQX-COL-SB-61-1,test,2023-02,2023-05,3,0.0,0.8413128572297447,0.43992576003074646,0.40138709719899823,False,True,0.09380863039399624,False,0.0
pipe_grud_raw_predictor_recomputed_degradation_v0,ablate_nutrients,feature_family_ablation,core,evaluated,,True,True,True,largest_irc_abs_error,wqp,wqp:21SC60WQ_WQX-S-024,test,2024-02,2024-05,3,0.0,0.7639731110662922,0.3713591992855072,0.392613911780785,False,True,0.07162214479287649,False,0.0
pipe_grud_raw_predictor_recomputed_degradation_v0,ablate_nutrients,feature_family_ablation,core,evaluated,,True,True,True,largest_irc_abs_error,aquamatch_chla,aquamatch_chla:21FLGTM_WQX-GTMLSNUT,test,2023-01,2023-04,3,0.0,0.642335516491977,0.24993866682052612,0.39239684967145083,False,True,0.057513693736603956,False,0.0
pipe_grud_raw_predictor_recomputed_degradation_v0,ablate_nutrients,feature_family_ablation,core,evaluated,,True,True,True,largest_irc_abs_error,aquamatch_chla,aquamatch_chla:21FLSFWM_WQX-11573,test,2023-08,2023-11,3,0.0,0.6779383682820198,0.2943664789199829,0.3835718893620369,False,True,0.06044600938967136,False,0.0
pipe_grud_raw_predictor_recomputed_degradation_v0,ablate_nutrients,feature_family_ablation,core,evaluated,,True,True,True,largest_irc_abs_error,wqp,wqp:USGS-380924121301901,test,2023-11,2024-02,3,1.0,0.9166666666666666,0.5412226319313049,0.3754440347353617,True,True,0.15620641562064155,False,1.0
pipe_grud_raw_predictor_recomputed_degradation_v0,ablate_nutrients,feature_family_ablation,core,evaluated,,True,True,True,largest_irc_abs_error,aquamatch_chla,aquamatch_chla:21IOWA_WQX-10300001,test,2023-02,2023-05,3,0.0,0.8333333333333334,0.46332240104675293,0.37001093228658044,False,True,0.10875550660792951,False,1.0
pipe_grud_raw_predictor_recomputed_degradation_v0,ablate_nutrients,feature_family_ablation,core,evaluated,,True,True,True,largest_irc_abs_error,aquamatch_chla,aquamatch_chla:WI_MMSD-RI-12,test,2023-02,2023-05,3,0.0,0.8333333333333334,0.46522560715675354,0.36810772617657983,False,True,0.10875550660792951,False,1.0
pipe_grud_raw_predictor_recomputed_degradation_v0,ablate_nutrients,feature_family_ablation,core,evaluated,,True,True,True,largest_irc_abs_error,aquamatch_chla,aquamatch_chla:21DELAWQ_WQX-109091,test,2023-01,2023-04,3,0.0,0.8333333333333334,0.4779262840747833,0.35540704925855005,False,True,0.10875550660792951,False,1.0
pipe_grud_raw_predictor_recomputed_degradation_v0,ablate_chlorophyll_memory_and_nutrients,feature_family_ablation,core,evaluated,,True,True,True,irc_alert_false_negative,aquamatch_chla,aquamatch_chla:21DELAWQ_WQX-109091,test,2023-01,2023-02,1,0.0,0.6381629553808799,0.4680127203464508,0.17015023503442905,False,True,0.07123688704562088,False,0.0
pipe_grud_raw_predictor_recomputed_degradation_v0,ablate_chlorophyll_memory_and_nutrients,feature_family_ablation,core,evaluated,,True,True,True,irc_alert_false_negative,aquamatch_chla,aquamatch_chla:21DELAWQ_WQX-109091,test,2023-03,2023-04,1,0.0,0.8333333333333334,0.4941132366657257,0.33922009666760766,False,True,0.0764748725418791,False,1.0
pipe_grud_raw_predictor_recomputed_degradation_v0,ablate_chlorophyll_memory_and_nutrients,feature_family_ablation,core,evaluated,,True,True,True,irc_alert_false_negative,aquamatch_chla,aquamatch_chla:21DELAWQ_WQX-205041,test,2023-02,2023-03,1,0.0,0.5512064775059591,0.4843926429748535,0.06681383453110556,False,True,0.0764748725418791,False,0.0
pipe_grud_raw_predictor_recomputed_degradation_v0,ablate_chlorophyll_memory_and_nutrients,feature_family_ablation,core,evaluated,,True,True,True,irc_alert_false_negative,aquamatch_chla,aquamatch_chla:21DELAWQ_WQX-205191,test,2023-03,2023-04,1,0.0,0.8333333333333334,0.4941132366657257,0.33922009666760766,False,True,0.0764748725418791,False,1.0
pipe_grud_raw_predictor_recomputed_degradation_v0,ablate_chlorophyll_memory_and_nutrients,feature_family_ablation,core,evaluated,,True,True,True,irc_alert_false_negative,aquamatch_chla,aquamatch_chla:21DELAWQ_WQX-208061,test,2023-04,2023-05,1,0.0,0.7467193490528397,0.4969664514064789,0.24975289764636077,False,True,0.0764748725418791,False,0.0
pipe_grud_raw_predictor_recomputed_degradation_v0,ablate_chlorophyll_memory_and_nutrients,feature_family_ablation,core,evaluated,,True,True,True,irc_alert_false_negative,aquamatch_chla,aquamatch_chla:21DELAWQ_WQX-306321,test,2022-12,2023-01,1,0.0,0.7034694257656113,0.4529459774494171,0.2505234483161942,False,True,0.07123688704562088,False,0.0
pipe_grud_raw_predictor_recomputed_degradation_v0,ablate_chlorophyll_memory_and_nutrients,feature_family_ablation,core,evaluated,,True,True,True,irc_alert_false_negative,aquamatch_chla,aquamatch_chla:21FLCOLL_WQX-BC19,test,2023-03,2023-04,1,0.0,0.8333333333333334,0.4941132366657257,0.33922009666760766,False,True,0.0764748725418791,False,1.0
pipe_grud_raw_predictor_recomputed_degradation_v0,ablate_chlorophyll_memory_and_nutrients,feature_family_ablation,core,evaluated,,True,True,True,irc_alert_false_negative,aquamatch_chla,aquamatch_chla:21FLCOLL_WQX-EAGLECRK,test,2023-05,2023-06,1,0.0,0.8333333333333334,0.49829140305519104,0.33504193027814233,False,True,0.0764748725418791,False,1.0
pipe_grud_raw_predictor_recomputed_degradation_v0,ablate_chlorophyll_memory_and_nutrients,feature_family_ablation,core,evaluated,,True,True,True,irc_alert_false_negative,aquamatch_chla,aquamatch_chla:21FLCOLL_WQX-HALDUP,test,2023-04,2023-05,1,0.0,0.5033218292271299,0.4969664514064789,0.006355377820650987,False,True,0.0764748725418791,False,0.0
pipe_grud_raw_predictor_recomputed_degradation_v0,ablate_chlorophyll_memory_and_nutrients,feature_family_ablation,core,evaluated,,True,True,True,irc_alert_false_negative,aquamatch_chla,aquamatch_chla:21FLEECO_WQX-24-7GR,test,2023-01,2023-02,1,0.0,0.7424528528400822,0.4680127203464508,0.2744401324936314,False,True,0.07123688704562088,False,0.0
pipe_grud_raw_predictor_recomputed_degradation_v0,ablate_chlorophyll_memory_and_nutrients,feature_family_ablation,core,evaluated,,True,True,True,irc_alert_false_negative,aquamatch_chla,aquamatch_chla:21FLGTM_WQX-GTMLSNUT,test,2023-02,2023-03,1,0.0,0.5865168526995395,0.4843926429748535,0.10212420972468594,False,True,0.0764748725418791,False,0.0
pipe_grud_raw_predictor_recomputed_degradation_v0,ablate_chlorophyll_memory_and_nutrients,feature_family_ablation,core,evaluated,,True,True,True,irc_alert_false_negative,aquamatch_chla,aquamatch_chla:21FLGTM_WQX-GTMMKNUT,test,2023-01,2023-02,1,0.0,0.8333333333333334,0.4680127203464508,0.36532061298688256,False,True,0.07123688704562088,False,1.0
pipe_grud_raw_predictor_recomputed_degradation_v0,ablate_chlorophyll_memory_and_nutrients,feature_family_ablation,core,evaluated,,True,True,True,irc_alert_false_negative,aquamatch_chla,aquamatch_chla:21FLHILL_WQX-148,test,2022-12,2023-01,1,0.0,0.8333333333333334,0.4529459774494171,0.38038735588391626,False,True,0.07123688704562088,False,1.0
pipe_grud_raw_predictor_recomputed_degradation_v0,ablate_chlorophyll_memory_and_nutrients,feature_family_ablation,core,evaluated,,True,True,True,irc_alert_false_negative,aquamatch_chla,aquamatch_chla:21FLHILL_WQX-1510,test,2023-01,2023-02,1,0.0,0.5816712804823142,0.4680127203464508,0.1136585601358634,False,True,0.07123688704562088,False,0.0
pipe_grud_raw_predictor_recomputed_degradation_v0,ablate_chlorophyll_memory_and_nutrients,feature_family_ablation,core,evaluated,,True,True,True,irc_alert_false_negative,aquamatch_chla,aquamatch_chla:21FLHILL_WQX-1510,test,2023-05,2023-06,1,0.0,0.8333333333333334,0.49829140305519104,0.33504193027814233,False,True,0.0764748725418791,False,1.0
pipe_grud_raw_predictor_recomputed_degradation_v0,ablate_chlorophyll_memory_and_nutrients,feature_family_ablation,core,evaluated,,True,True,True,irc_alert_false_negative,aquamatch_chla,aquamatch_chla:21FLHILL_WQX-181,test,2023-05,2023-06,1,0.0,0.5445362020209574,0.49829140305519104,0.04624479896576639,False,True,0.0764748725418791,False,0.0
pipe_grud_raw_predictor_recomputed_degradation_v0,ablate_chlorophyll_memory_and_nutrients,feature_family_ablation,core,evaluated,,True,True,True,irc_alert_false_negative,aquamatch_chla,aquamatch_chla:21FLKWAT_WQX-COL-SB-61-2,test,2023-03,2023-04,1,0.0,0.8333333333333334,0.4941132366657257,0.33922009666760766,False,True,0.0764748725418791,False,1.0
pipe_grud_raw_predictor_recomputed_degradation_v0,ablate_chlorophyll_memory_and_nutrients,feature_family_ablation,core,evaluated,,True,True,True,irc_alert_false_negative,aquamatch_chla,aquamatch_chla:21FLKWAT_WQX-HIG-REDBEACH-3,test,2023-05,2023-06,1,0.0,0.5209278645460537,0.49829140305519104,0.022636461490862625,False,True,0.0764748725418791,False,0.0
pipe_grud_raw_predictor_recomputed_degradation_v0,ablate_chlorophyll_memory_and_nutrients,feature_family_ablation,core,evaluated,,True,True,True,irc_alert_false_negative,aquamatch_chla,aquamatch_chla:21FLKWAT_WQX-HIL-TWIN-2,test,2023-05,2023-06,1,0.0,0.5983641013663435,0.49829140305519104,0.10007269831115251,False,True,0.0764748725418791,False,0.0
pipe_grud_raw_predictor_recomputed_degradation_v0,ablate_chlorophyll_memory_and_nutrients,feature_family_ablation,core,evaluated,,True,True,True,irc_alert_false_negative,aquamatch_chla,aquamatch_chla:21FLKWAT_WQX-HIL-TWIN-3,test,2023-04,2023-05,1,0.0,0.5485525679691982,0.4969664514064789,0.051586116562719275,False,True,0.0764748725418791,False,0.0
pipe_grud_raw_predictor_recomputed_degradation_v0,ablate_chlorophyll_memory_and_nutrients,feature_family_ablation,core,evaluated,,True,True,True,irc_alert_false_positive,aquamatch_chla,aquamatch_chla:21DELAWQ_WQX-105151,test,2023-06,2023-07,1,1.0,0.16666666666666666,0.5007140040397644,0.3340473373730978,True,False,0.09283309283309284,False,0.0
pipe_grud_raw_predictor_recomputed_degradation_v0,ablate_chlorophyll_memory_and_nutrients,feature_family_ablation,core,evaluated,,True,True,True,irc_alert_false_positive,aquamatch_chla,aquamatch_chla:21DELAWQ_WQX-306321,test,2023-06,2023-07,1,1.0,0.293546533658408,0.5007140040397644,0.2071674703813564,True,False,0.09283309283309284,False,0.0
pipe_grud_raw_predictor_recomputed_degradation_v0,ablate_chlorophyll_memory_and_nutrients,feature_family_ablation,core,evaluated,,True,True,True,irc_alert_false_positive,aquamatch_chla,aquamatch_chla:21FLCOLL_WQX-BC11S,test,2023-07,2023-08,1,1.0,0.21496591795364375,0.5000366568565369,0.28507073890289314,True,False,0.09283309283309284,False,0.0
pipe_grud_raw_predictor_recomputed_degradation_v0,ablate_chlorophyll_memory_and_nutrients,feature_family_ablation,core,evaluated,,True,True,True,irc_alert_false_positive,aquamatch_chla,aquamatch_chla:21FLCOLL_WQX-CORK@846,test,2023-07,2023-08,1,1.0,0.42696189597100426,0.5000366568565369,0.07307476088553261,True,False,0.09283309283309284,False,0.0
pipe_grud_raw_predictor_recomputed_degradation_v0,ablate_chlorophyll_memory_and_nutrients,feature_family_ablation,core,evaluated,,True,True,True,irc_alert_false_positive,aquamatch_chla,aquamatch_chla:21FLCOLL_WQX-CR951S,test,2023-06,2023-07,1,1.0,0.16666666666666666,0.5007140040397644,0.3340473373730978,True,False,0.09283309283309284,False,0.0
pipe_grud_raw_predictor_recomputed_degradation_v0,ablate_chlorophyll_memory_and_nutrients,feature_family_ablation,core,evaluated,,True,True,True,irc_alert_false_positive,aquamatch_chla,aquamatch_chla:21FLCOLL_WQX-WINPARK,test,2023-07,2023-08,1,1.0,0.4816805623200066,0.5000366568565369,0.018356094536530254,True,False,0.09283309283309284,False,0.0
pipe_grud_raw_predictor_recomputed_degradation_v0,ablate_chlorophyll_memory_and_nutrients,feature_family_ablation,core,evaluated,,True,True,True,irc_alert_false_positive,aquamatch_chla,aquamatch_chla:21FLHILL_WQX-106,test,2023-06,2023-07,1,1.0,0.16666666666666666,0.5007140040397644,0.3340473373730978,True,False,0.09283309283309284,False,0.0
pipe_grud_raw_predictor_recomputed_degradation_v0,ablate_chlorophyll_memory_and_nutrients,feature_family_ablation,core,evaluated,,True,True,True,irc_alert_false_positive,aquamatch_chla,aquamatch_chla:21FLHILL_WQX-176,test,2023-06,2023-07,1,1.0,0.293546533658408,0.5007140040397644,0.2071674703813564,True,False,0.09283309283309284,False,0.0
pipe_grud_raw_predictor_recomputed_degradation_v0,ablate_chlorophyll_memory_and_nutrients,feature_family_ablation,core,evaluated,,True,True,True,irc_alert_false_positive,aquamatch_chla,aquamatch_chla:21FLHILL_WQX-44,test,2023-06,2023-07,1,1.0,0.3715206459153444,0.5007140040397644,0.12919335812442,True,False,0.09283309283309284,False,0.0
pipe_grud_raw_predictor_recomputed_degradation_v0,ablate_chlorophyll_memory_and_nutrients,feature_family_ablation,core,evaluated,,True,True,True,irc_alert_false_positive,aquamatch_chla,aquamatch_chla:21FLHILL_WQX-95,test,2023-06,2023-07,1,1.0,0.16666666666666666,0.5007140040397644,0.3340473373730978,True,False,0.09283309283309284,False,0.0
pipe_grud_raw_predictor_recomputed_degradation_v0,ablate_chlorophyll_memory_and_nutrients,feature_family_ablation,core,evaluated,,True,True,True,irc_alert_false_positive,aquamatch_chla,aquamatch_chla:21FLKWAT_WQX-LAK-HIAWATHA-2,test,2023-07,2023-08,1,1.0,0.36288746946202605,0.5000366568565369,0.13714918739451082,True,False,0.09283309283309284,False,0.0
pipe_grud_raw_predictor_recomputed_degradation_v0,ablate_chlorophyll_memory_and_nutrients,feature_family_ablation,core,evaluated,,True,True,True,irc_alert_false_positive,aquamatch_chla,aquamatch_chla:21FLLOX_WQX-40,test,2023-07,2023-08,1,1.0,0.3089813076824769,0.5000366568565369,0.19105534917405997,True,False,0.09283309283309284,False,0.0
pipe_grud_raw_predictor_recomputed_degradation_v0,ablate_chlorophyll_memory_and_nutrients,feature_family_ablation,core,evaluated,,True,True,True,irc_alert_false_positive,aquamatch_chla,aquamatch_chla:21FLLOX_WQX-60,test,2023-06,2023-07,1,1.0,0.4061465277611498,0.5007140040397644,0.09456747627861462,True,False,0.09283309283309284,False,0.0
pipe_grud_raw_predictor_recomputed_degradation_v0,ablate_chlorophyll_memory_and_nutrients,feature_family_ablation,core,evaluated,,True,True,True,irc_alert_false_positive,aquamatch_chla,aquamatch_chla:21FLLOX_WQX-67,test,2023-06,2023-07,1,1.0,0.16666666666666666,0.5007140040397644,0.3340473373730978,True,False,0.09283309283309284,False,0.0
pipe_grud_raw_predictor_recomputed_degradation_v0,ablate_chlorophyll_memory_and_nutrients,feature_family_ablation,core,evaluated,,True,True,True,irc_alert_false_positive,aquamatch_chla,aquamatch_chla:21FLLOX_WQX-HGD,test,2023-06,2023-07,1,1.0,0.16666666666666666,0.5007140040397644,0.3340473373730978,True,False,0.09283309283309284,False,0.0
pipe_grud_raw_predictor_recomputed_degradation_v0,ablate_chlorophyll_memory_and_nutrients,feature_family_ablation,core,evaluated,,True,True,True,irc_alert_false_positive,aquamatch_chla,aquamatch_chla:21FLMANA_WQX-CC1,test,2023-06,2023-07,1,1.0,0.4306255995331907,0.5007140040397644,0.07008840450657372,True,False,0.09283309283309284,False,0.0
pipe_grud_raw_predictor_recomputed_degradation_v0,ablate_chlorophyll_memory_and_nutrients,feature_family_ablation,core,evaluated,,True,True,True,irc_alert_false_positive,aquamatch_chla,aquamatch_chla:21FLMANA_WQX-D3,test,2023-06,2023-07,1,1.0,0.16666666666666666,0.5007140040397644,0.3340473373730978,True,False,0.09283309283309284,False,0.0
pipe_grud_raw_predictor_recomputed_degradation_v0,ablate_chlorophyll_memory_and_nutrients,feature_family_ablation,core,evaluated,,True,True,True,irc_alert_false_positive,aquamatch_chla,aquamatch_chla:21FLSARA_WQX-CPS-1,test,2023-06,2023-07,1,1.0,0.2536889556896862,0.5007140040397644,0.2470250483500782,True,False,0.09283309283309284,False,0.0
pipe_grud_raw_predictor_recomputed_degradation_v0,ablate_chlorophyll_memory_and_nutrients,feature_family_ablation,core,evaluated,,True,True,True,irc_alert_false_positive,aquamatch_chla,aquamatch_chla:21FLSARA_WQX-GOT-3,test,2023-06,2023-07,1,1.0,0.16666666666666666,0.5007140040397644,0.3340473373730978,True,False,0.09283309283309284,False,0.0
pipe_grud_raw_predictor_recomputed_degradation_v0,ablate_chlorophyll_memory_and_nutrients,feature_family_ablation,core,evaluated,,True,True,True,irc_alert_false_positive,aquamatch_chla,aquamatch_chla:21FLSARA_WQX-VM-1,test,2023-06,2023-07,1,1.0,0.16666666666666666,0.5007140040397644,0.3340473373730978,True,False,0.09283309283309284,False,0.0
pipe_grud_raw_predictor_recomputed_degradation_v0,ablate_chlorophyll_memory_and_nutrients,feature_family_ablation,core,evaluated,,True,True,True,largest_irc_abs_error,wqp,wqp:USGS-384506118433001,test,2022-12,2023-01,1,0.0,0.6763902358974359,0.08556551486253738,0.5908247210348985,False,True,0.005644811115935736,False,1.0
pipe_grud_raw_predictor_recomputed_degradation_v0,ablate_chlorophyll_memory_and_nutrients,feature_family_ablation,core,evaluated,,True,True,True,largest_irc_abs_error,wqp,wqp:21FLKWAT_WQX-BAY-MARIN-3,test,2024-05,2024-06,1,0.0,0.0,0.4997595548629761,0.4997595548629761,False,False,0.09283309283309284,False,0.0
pipe_grud_raw_predictor_recomputed_degradation_v0,ablate_chlorophyll_memory_and_nutrients,feature_family_ablation,core,evaluated,,True,True,True,largest_irc_abs_error,wqp,wqp:21FLKWAT_WQX-ORA-CANE-3,test,2023-04,2023-05,1,1.0,0.02353900709910547,0.5153818726539612,0.49184286555485573,True,False,0.09283309283309284,False,0.0
pipe_grud_raw_predictor_recomputed_degradation_v0,ablate_chlorophyll_memory_and_nutrients,feature_family_ablation,core,evaluated,,True,True,True,largest_irc_abs_error,wqp,wqp:21FLKWAT_WQX-BAY-DEERPOIN-2,test,2024-04,2024-05,1,1.0,0.09636800000000001,0.5834687352180481,0.4871007352180481,True,False,0.13749999999999998,False,0.0
pipe_grud_raw_predictor_recomputed_degradation_v0,ablate_chlorophyll_memory_and_nutrients,feature_family_ablation,core,evaluated,,True,True,True,largest_irc_abs_error,wqp,wqp:21FLKWAT_WQX-HIL-ISLANDFO-3,test,2024-05,2024-06,1,1.0,0.071984,0.5353288054466248,0.46334480544662476,True,False,0.10829694323144104,False,0.0
pipe_grud_raw_predictor_recomputed_degradation_v0,ablate_chlorophyll_memory_and_nutrients,feature_family_ablation,core,evaluated,,True,True,True,largest_irc_abs_error,wqp,wqp:21SC60WQ_WQX-CW-174,test,2023-10,2023-11,1,1.0,0.11766805983661843,0.5804737210273743,0.46280566119075583,True,False,0.13749999999999998,False,
pipe_grud_raw_predictor_recomputed_degradation_v0,ablate_chlorophyll_memory_and_nutrients,feature_family_ablation,core,evaluated,,True,True,True,largest_irc_abs_error,wqp,wqp:21FLKWAT_WQX-PUT-MCCLOUD-2,test,2023-02,2023-03,1,1.0,0.056579662504064786,0.5129492878913879,0.4563696253873232,True,False,0.09283309283309284,False,0.0
pipe_grud_raw_predictor_recomputed_degradation_v0,ablate_chlorophyll_memory_and_nutrients,feature_family_ablation,core,evaluated,,True,True,True,largest_irc_abs_error,wqp,wqp:21FLKWAT_WQX-ORA-CANE-2,test,2023-04,2023-05,1,0.0,0.025889914218737778,0.48004230856895447,0.4541523943502167,False,False,0.0764748725418791,False,0.0
pipe_grud_raw_predictor_recomputed_degradation_v0,ablate_chlorophyll_memory_and_nutrients,feature_family_ablation,core,evaluated,,True,True,True,largest_irc_abs_error,wqp,wqp:21FLSWFD_WQX-23152,test,2024-06,2024-07,1,1.0,0.30925028707562624,0.7540579438209534,0.44480765674532713,True,False,0.24306727755003624,False,0.0
pipe_grud_raw_predictor_recomputed_degradation_v0,ablate_chlorophyll_memory_and_nutrients,feature_family_ablation,core,evaluated,,True,True,True,largest_irc_abs_error,wqp,wqp:21FLKWAT_WQX-SAR-LAKE-M-9-1,test,2023-10,2023-11,1,1.0,0.9827405840220386,0.5434578061103821,0.4392827779116565,True,True,0.10829694323144104,False,1.0
pipe_grud_raw_predictor_recomputed_degradation_v0,ablate_chlorophyll_memory_and_nutrients,feature_family_ablation,core,evaluated,,True,True,True,largest_irc_abs_error,wqp,wqp:21FLCBA_WQX-WAL-CAMPBELL-2,test,2022-12,2023-01,1,1.0,0.07888784761904764,0.5175880193710327,0.43870017175198506,True,False,0.09818875119161107,False,0.0
pipe_grud_raw_predictor_recomputed_degradation_v0,ablate_chlorophyll_memory_and_nutrients,feature_family_ablation,core,evaluated,,True,True,True,largest_irc_abs_error,wqp,wqp:21FLKWAT_WQX-SAR-LAKE-M-9-3,test,2023-10,2023-11,1,1.0,0.9775863368669023,0.54181307554245,0.4357732613244524,True,True,0.10829694323144104,False,1.0
pipe_grud_raw_predictor_recomputed_degradation_v0,ablate_chlorophyll_memory_and_nutrients,feature_family_ablation,core,evaluated,,True,True,True,largest_irc_abs_error,wqp,wqp:21FLKWAT_WQX-SEM-ROCK-2,test,2023-04,2023-05,1,1.0,0.13846613243543576,0.5726098418235779,0.4341437093881421,True,False,0.13673469387755105,False,0.0
pipe_grud_raw_predictor_recomputed_degradation_v0,ablate_chlorophyll_memory_and_nutrients,feature_family_ablation,core,evaluated,,True,True,True,largest_irc_abs_error,wqp,wqp:21FLKWAT_WQX-PIN-SAUNDRA-2,test,2023-12,2024-01,1,1.0,0.9786545666028807,0.5456995964050293,0.43295497019785145,True,True,0.10829694323144104,False,1.0
pipe_grud_raw_predictor_recomputed_degradation_v0,ablate_chlorophyll_memory_and_nutrients,feature_family_ablation,core,evaluated,,True,True,True,largest_irc_abs_error,wqp,wqp:21FLKWAT_WQX-PIN-SAUNDRA-2,test,2023-11,2023-12,1,1.0,0.970343137254902,0.5413122773170471,0.42903085993785484,True,True,0.10829694323144104,False,1.0
pipe_grud_raw_predictor_recomputed_degradation_v0,ablate_chlorophyll_memory_and_nutrients,feature_family_ablation,core,evaluated,,True,True,True,largest_irc_abs_error,wqp,wqp:21FLKWAT_WQX-PIN-BELLEVUE-1,test,2024-03,2024-04,1,1.0,0.14058231569812696,0.5691397190093994,0.42855740331127246,True,False,0.13673469387755105,False,0.0
pipe_grud_raw_predictor_recomputed_degradation_v0,ablate_chlorophyll_memory_and_nutrients,feature_family_ablation,core,evaluated,,True,True,True,largest_irc_abs_error,wqp,wqp:21FLKWAT_WQX-PIN-BELLEVUE-2,test,2023-06,2023-07,1,1.0,0.09379066121713368,0.5212377309799194,0.42744706976278574,True,False,0.09818875119161107,False,0.0
pipe_grud_raw_predictor_recomputed_degradation_v0,ablate_chlorophyll_memory_and_nutrients,feature_family_ablation,core,evaluated,,True,True,True,largest_irc_abs_error,wqp,wqp:21FLKWAT_WQX-SAR-LAKE-M-9-2,test,2023-12,2024-01,1,1.0,0.9706882302114433,0.543670654296875,0.42701757591456835,True,True,0.10829694323144104,False,1.0
pipe_grud_raw_predictor_recomputed_degradation_v0,ablate_chlorophyll_memory_and_nutrients,feature_family_ablation,core,evaluated,,True,True,True,largest_irc_abs_error,wqp,wqp:21FLKWAT_WQX-MIA-OAKLAND-1,test,2023-08,2023-09,1,0.0,0.00345394761715532,0.42915210127830505,0.4256981536611497,False,False,0.05597512216792536,False,0.0
pipe_grud_raw_predictor_recomputed_degradation_v0,ablate_chlorophyll_memory_and_nutrients,feature_family_ablation,core,evaluated,,True,True,True,largest_irc_abs_error,wqp,wqp:21FLMAIT_WQX-LAKE LOCH LOMOND,test,2023-04,2023-05,1,1.0,0.34537696196059486,0.7674894332885742,0.42211247132797935,True,False,0.2923832923832924,False,0.0
pipe_grud_raw_predictor_recomputed_degradation_v0,ablate_chlorophyll_memory_and_nutrients,feature_family_ablation,core,evaluated,,True,True,True,irc_alert_false_negative,aquamatch_chla,aquamatch_chla:21DELAWQ_WQX-109091,test,2023-01,2023-03,2,0.0,0.7273746447273659,0.4610854685306549,0.266289176196711,False,True,0.09024451726745651,False,0.0
pipe_grud_raw_predictor_recomputed_degradation_v0,ablate_chlorophyll_memory_and_nutrients,feature_family_ablation,core,evaluated,,True,True,True,irc_alert_false_negative,aquamatch_chla,aquamatch_chla:21DELAWQ_WQX-109091,test,2023-03,2023-05,2,0.0,0.8219336730824303,0.4928501844406128,0.32908348864181747,False,True,0.10369206598586017,False,0.0
pipe_grud_raw_predictor_recomputed_degradation_v0,ablate_chlorophyll_memory_and_nutrients,feature_family_ablation,core,evaluated,,True,True,True,irc_alert_false_negative,aquamatch_chla,aquamatch_chla:21DELAWQ_WQX-205041,test,2023-02,2023-04,2,0.0,0.7883221074576138,0.48292967677116394,0.30539243068644983,False,True,0.10369206598586017,False,0.0
pipe_grud_raw_predictor_recomputed_degradation_v0,ablate_chlorophyll_memory_and_nutrients,feature_family_ablation,core,evaluated,,True,True,True,irc_alert_false_negative,aquamatch_chla,aquamatch_chla:21FLCOLL_WQX-BC19,test,2023-03,2023-05,2,0.0,0.6585770374340746,0.4928501844406128,0.1657268529934618,False,True,0.10369206598586017,False,0.0
pipe_grud_raw_predictor_recomputed_degradation_v0,ablate_chlorophyll_memory_and_nutrients,feature_family_ablation,core,evaluated,,True,True,True,irc_alert_false_negative,aquamatch_chla,aquamatch_chla:21FLCOLL_WQX-HALDUP,test,2023-04,2023-06,2,0.0,0.8333333333333334,0.49520525336265564,0.33812807997067773,False,True,0.10369206598586017,False,1.0
pipe_grud_raw_predictor_recomputed_degradation_v0,ablate_chlorophyll_memory_and_nutrients,feature_family_ablation,core,evaluated,,True,True,True,irc_alert_false_negative,aquamatch_chla,aquamatch_chla:21FLCOLL_WQX-WINPARK,test,2023-07,2023-09,2,0.0,0.8333333333333334,0.48844829201698303,0.34488504131635034,False,True,0.10369206598586017,False,1.0
pipe_grud_raw_predictor_recomputed_degradation_v0,ablate_chlorophyll_memory_and_nutrients,feature_family_ablation,core,evaluated,,True,True,True,irc_alert_false_negative,aquamatch_chla,aquamatch_chla:21FLGTM_WQX-GTMLSNUT,test,2023-01,2023-03,2,0.0,0.5865168526995395,0.4610854685306549,0.12543138416888455,False,True,0.09024451726745651,False,0.0
pipe_grud_raw_predictor_recomputed_degradation_v0,ablate_chlorophyll_memory_and_nutrients,feature_family_ablation,core,evaluated,,True,True,True,irc_alert_false_negative,aquamatch_chla,aquamatch_chla:21FLGTM_WQX-GTMLSNUT,test,2023-02,2023-04,2,0.0,0.642335516491977,0.48292967677116394,0.15940583972081301,False,True,0.10369206598586017,False,0.0
pipe_grud_raw_predictor_recomputed_degradation_v0,ablate_chlorophyll_memory_and_nutrients,feature_family_ablation,core,evaluated,,True,True,True,irc_alert_false_negative,aquamatch_chla,aquamatch_chla:21FLGTM_WQX-GTMMKNUT,test,2023-01,2023-03,2,0.0,0.7575600459867656,0.4610854685306549,0.2964745774561107,False,True,0.09024451726745651,False,0.0
pipe_grud_raw_predictor_recomputed_degradation_v0,ablate_chlorophyll_memory_and_nutrients,feature_family_ablation,core,evaluated,,True,True,True,irc_alert_false_negative,aquamatch_chla,aquamatch_chla:21FLHILL_WQX-148,test,2022-12,2023-02,2,0.0,0.6041504506179463,0.43346020579338074,0.17069024482456552,False,True,0.08479412963717896,False,0.0
pipe_grud_raw_predictor_recomputed_degradation_v0,ablate_chlorophyll_memory_and_nutrients,feature_family_ablation,core,evaluated,,True,True,True,irc_alert_false_negative,aquamatch_chla,aquamatch_chla:21FLHILL_WQX-1510,test,2023-01,2023-03,2,0.0,0.7339342287419663,0.4610854685306549,0.27284876021131144,False,True,0.09024451726745651,False,0.0
pipe_grud_raw_predictor_recomputed_degradation_v0,ablate_chlorophyll_memory_and_nutrients,feature_family_ablation,core,evaluated,,True,True,True,irc_alert_false_negative,aquamatch_chla,aquamatch_chla:21FLHILL_WQX-181,test,2023-05,2023-07,2,0.0,0.6722340565264258,0.49821123480796814,0.17402282171845762,False,True,0.10369206598586017,False,0.0
pipe_grud_raw_predictor_recomputed_degradation_v0,ablate_chlorophyll_memory_and_nutrients,feature_family_ablation,core,evaluated,,True,True,True,irc_alert_false_negative,aquamatch_chla,aquamatch_chla:21FLHILL_WQX-44,test,2023-06,2023-08,2,0.0,0.6485086961037115,0.49881497025489807,0.14969372584881346,False,True,0.10369206598586017,False,0.0
pipe_grud_raw_predictor_recomputed_degradation_v0,ablate_chlorophyll_memory_and_nutrients,feature_family_ablation,core,evaluated,,True,True,True,irc_alert_false_negative,aquamatch_chla,aquamatch_chla:21FLKWAT_WQX-BRE-WASHINGT-2,test,2022-12,2023-02,2,0.0,0.6722340565264258,0.43346020579338074,0.23877385073304502,False,True,0.08479412963717896,False,0.0
pipe_grud_raw_predictor_recomputed_degradation_v0,ablate_chlorophyll_memory_and_nutrients,feature_family_ablation,core,evaluated,,True,True,True,irc_alert_false_negative,aquamatch_chla,aquamatch_chla:21FLKWAT_WQX-CIT-MAGNO-CKM-1,test,2022-12,2023-02,2,0.0,0.5209278645460537,0.43346020579338074,0.08746765875267293,False,True,0.08479412963717896,False,0.0
pipe_grud_raw_predictor_recomputed_degradation_v0,ablate_chlorophyll_memory_and_nutrients,feature_family_ablation,core,evaluated,,True,True,True,irc_alert_false_negative,aquamatch_chla,aquamatch_chla:21FLKWAT_WQX-COL-SB-61-2,test,2023-03,2023-05,2,0.0,0.7797870437772856,0.4928501844406128,0.2869368593366728,False,True,0.10369206598586017,False,0.0
pipe_grud_raw_predictor_recomputed_degradation_v0,ablate_chlorophyll_memory_and_nutrients,feature_family_ablation,core,evaluated,,True,True,True,irc_alert_false_negative,aquamatch_chla,aquamatch_chla:21FLKWAT_WQX-HIL-NEWLANDS-2,test,2023-07,2023-09,2,0.0,0.8333333333333334,0.48844829201698303,0.34488504131635034,False,True,0.10369206598586017,False,1.0
pipe_grud_raw_predictor_recomputed_degradation_v0,ablate_chlorophyll_memory_and_nutrients,feature_family_ablation,core,evaluated,,True,True,True,irc_alert_false_negative,aquamatch_chla,aquamatch_chla:21FLKWAT_WQX-HIL-TWIN-2,test,2023-03,2023-05,2,0.0,0.5742836329866862,0.4928501844406128,0.08143344854607337,False,True,0.10369206598586017,False,0.0
pipe_grud_raw_predictor_recomputed_degradation_v0,ablate_chlorophyll_memory_and_nutrients,feature_family_ablation,core,evaluated,,True,True,True,irc_alert_false_negative,aquamatch_chla,aquamatch_chla:21FLKWAT_WQX-HIL-TWIN-3,test,2023-04,2023-06,2,0.0,0.5742836329866862,0.49520525336265564,0.07907837962403053,False,True,0.10369206598586017,False,0.0
pipe_grud_raw_predictor_recomputed_degradation_v0,ablate_chlorophyll_memory_and_nutrients,feature_family_ablation,core,evaluated,,True,True,True,irc_alert_false_negative,aquamatch_chla,aquamatch_chla:21FLKWAT_WQX-LAK-BAY-3,test,2023-02,2023-04,2,0.0,0.642335516491977,0.48292967677116394,0.15940583972081301,False,True,0.10369206598586017,False,0.0
pipe_grud_raw_predictor_recomputed_degradation_v0,ablate_chlorophyll_memory_and_nutrients,feature_family_ablation,core,evaluated,,True,True,True,irc_alert_false_positive,wqp,wqp:21FLCBA_WQX-WAL-ALLEN-1,test,2023-02,2023-04,2,1.0,0.4357434980363369,0.5957823395729065,0.1600388415365696,True,False,0.17520661157024794,False,0.0
pipe_grud_raw_predictor_recomputed_degradation_v0,ablate_chlorophyll_memory_and_nutrients,feature_family_ablation,core,evaluated,,True,True,True,irc_alert_false_positive,wqp,wqp:21FLCBA_WQX-WAL-CAMPBELL-2,test,2023-05,2023-07,2,1.0,0.24000000000000002,0.7439889311790466,0.5039889311790466,True,False,0.2583442838370565,False,0.0
pipe_grud_raw_predictor_recomputed_degradation_v0,ablate_chlorophyll_memory_and_nutrients,feature_family_ablation,core,evaluated,,True,True,True,irc_alert_false_positive,wqp,wqp:21FLCBA_WQX-WAL-DEER-3,test,2023-08,2023-10,2,1.0,0.3955593588393498,0.5184726715087891,0.12291331266943928,True,False,0.12579505300353355,False,0.0
pipe_grud_raw_predictor_recomputed_degradation_v0,ablate_chlorophyll_memory_and_nutrients,feature_family_ablation,core,evaluated,,True,True,True,irc_alert_false_positive,wqp,wqp:21FLCBA_WQX-WAL-DRAPER-1,test,2023-08,2023-10,2,1.0,0.35260725,0.5058176517486572,0.15321040174865724,True,False,0.11052631578947368,False,0.0
pipe_grud_raw_predictor_recomputed_degradation_v0,ablate_chlorophyll_memory_and_nutrients,feature_family_ablation,core,evaluated,,True,True,True,irc_alert_false_positive,wqp,wqp:21FLCBA_WQX-WAL-ERN NORTH-1,test,2023-03,2023-05,2,1.0,0.36830500000000005,0.7064259648323059,0.33812096483230586,True,False,0.2292909211398277,False,0.0
pipe_grud_raw_predictor_recomputed_degradation_v0,ablate_chlorophyll_memory_and_nutrients,feature_family_ablation,core,evaluated,,True,True,True,irc_alert_false_positive,wqp,wqp:21FLCBA_WQX-WAL-ERN NORTH-1,test,2023-04,2023-06,2,1.0,0.3170441333333333,0.6782717108726501,0.36122757753931684,True,False,0.2268041237113402,False,0.0
pipe_grud_raw_predictor_recomputed_degradation_v0,ablate_chlorophyll_memory_and_nutrients,feature_family_ablation,core,evaluated,,True,True,True,irc_alert_false_positive,wqp,wqp:21FLCBA_WQX-WAL-MORRIS-1,test,2023-04,2023-06,2,1.0,0.3953959594553113,0.7028222680091858,0.3074263085538745,True,False,0.2292909211398277,False,0.0
pipe_grud_raw_predictor_recomputed_degradation_v0,ablate_chlorophyll_memory_and_nutrients,feature_family_ablation,core,evaluated,,True,True,True,irc_alert_false_positive,wqp,wqp:21FLCBA_WQX-WAL-MORRIS-2,test,2023-08,2023-10,2,1.0,0.36713832016166287,0.5226287245750427,0.15549040441337986,True,False,0.12579505300353355,False,0.0
pipe_grud_raw_predictor_recomputed_degradation_v0,ablate_chlorophyll_memory_and_nutrients,feature_family_ablation,core,evaluated,,True,True,True,irc_alert_false_positive,wqp,wqp:21FLCBA_WQX-WAL-MORRIS-3,test,2024-04,2024-06,2,1.0,0.43298227326700855,0.7511047720909119,0.3181224988239033,True,False,0.2583442838370565,False,0.0
pipe_grud_raw_predictor_recomputed_degradation_v0,ablate_chlorophyll_memory_and_nutrients,feature_family_ablation,core,evaluated,,True,True,True,irc_alert_false_positive,wqp,wqp:21FLCBA_WQX-WAL-OYSTER-1,test,2024-02,2024-04,2,1.0,0.4354970475906725,0.5832022428512573,0.14770519526058484,True,False,0.17520661157024794,False,0.0
pipe_grud_raw_predictor_recomputed_degradation_v0,ablate_chlorophyll_memory_and_nutrients,feature_family_ablation,core,evaluated,,True,True,True,irc_alert_false_positive,wqp,wqp:21FLCBA_WQX-WAL-POWELL-2,test,2023-03,2023-05,2,1.0,0.367648,0.6876527667045593,0.32000476670455935,True,False,0.2292909211398277,False,0.0
pipe_grud_raw_predictor_recomputed_degradation_v0,ablate_chlorophyll_memory_and_nutrients,feature_family_ablation,core,evaluated,,True,True,True,irc_alert_false_positive,wqp,wqp:21FLCBA_WQX-WAL-TRESCA-1,test,2023-09,2023-11,2,1.0,0.3309448566851535,0.675451934337616,0.34450707765246247,True,False,0.2268041237113402,False,0.0
pipe_grud_raw_predictor_recomputed_degradation_v0,ablate_chlorophyll_memory_and_nutrients,feature_family_ablation,core,evaluated,,True,True,True,irc_alert_false_positive,wqp,wqp:21FLKWAT_WQX-ALA-ALTO-2,test,2023-08,2023-10,2,1.0,0.24974927316856552,0.546715259552002,0.2969659863834364,True,False,0.1394647568790049,False,0.0
pipe_grud_raw_predictor_recomputed_degradation_v0,ablate_chlorophyll_memory_and_nutrients,feature_family_ablation,core,evaluated,,True,True,True,irc_alert_false_positive,wqp,wqp:21FLKWAT_WQX-ALA-ALTO-3,test,2022-12,2023-02,2,1.0,0.30982062575845604,0.5212699770927429,0.21144935133428688,True,False,0.12579505300353355,False,0.0
pipe_grud_raw_predictor_recomputed_degradation_v0,ablate_chlorophyll_memory_and_nutrients,feature_family_ablation,core,evaluated,,True,True,True,irc_alert_false_positive,wqp,wqp:21FLKWAT_WQX-BAY-DEERPOIN-2,test,2024-04,2024-06,2,1.0,0.017119999999999986,0.5976718068122864,0.5805518068122864,True,False,0.17520661157024794,False,0.0
pipe_grud_raw_predictor_recomputed_degradation_v0,ablate_chlorophyll_memory_and_nutrients,feature_family_ablation,core,evaluated,,True,True,True,irc_alert_false_positive,wqp,wqp:21FLKWAT_WQX-BAY-MARIN-3,test,2024-05,2024-07,2,1.0,0.0,0.5087077021598816,0.5087077021598816,True,False,0.11052631578947368,False,0.0
pipe_grud_raw_predictor_recomputed_degradation_v0,ablate_chlorophyll_memory_and_nutrients,feature_family_ablation,core,evaluated,,True,True,True,irc_alert_false_positive,wqp,wqp:21FLKWAT_WQX-BRA-SAMPSON-1,test,2023-03,2023-05,2,1.0,0.4188650547463064,0.6270425319671631,0.20817747722085667,True,False,0.1833333333333333,False,0.0
pipe_grud_raw_predictor_recomputed_degradation_v0,ablate_chlorophyll_memory_and_nutrients,feature_family_ablation,core,evaluated,,True,True,True,irc_alert_false_positive,wqp,wqp:21FLKWAT_WQX-BRE-WASHINGT-3,test,2023-02,2023-04,2,1.0,0.4381619918812049,0.6174343228340149,0.17927233095280998,True,False,0.17520661157024794,False,0.0
pipe_grud_raw_predictor_recomputed_degradation_v0,ablate_chlorophyll_memory_and_nutrients,feature_family_ablation,core,evaluated,,True,True,True,irc_alert_false_positive,wqp,wqp:21FLKWAT_WQX-HIG-PLACID-4,test,2023-03,2023-05,2,1.0,0.44354308644842394,0.5872269868850708,0.14368390043664686,True,False,0.17520661157024794,False,0.0
pipe_grud_raw_predictor_recomputed_degradation_v0,ablate_chlorophyll_memory_and_nutrients,feature_family_ablation,core,evaluated,,True,True,True,irc_alert_false_positive,wqp,wqp:21FLKWAT_WQX-HIL-ISLANDFO-3,test,2024-05,2024-07,2,1.0,0.08968479607110989,0.5498970746994019,0.46021227862829195,True,False,0.1394647568790049,False,0.0
pipe_grud_raw_predictor_recomputed_degradation_v0,ablate_chlorophyll_memory_and_nutrients,feature_family_ablation,core,evaluated,,True,True,True,largest_irc_abs_error,wqp,wqp:21FLKWAT_WQX-BAY-DEERPOIN-2,test,2024-04,2024-06,2,1.0,0.017119999999999986,0.5976718068122864,0.5805518068122864,True,False,0.17520661157024794,False,0.0
pipe_grud_raw_predictor_recomputed_degradation_v0,ablate_chlorophyll_memory_and_nutrients,feature_family_ablation,core,evaluated,,True,True,True,largest_irc_abs_error,wqp,wqp:21FLKWAT_WQX-PUT-MCCLOUD-2,test,2023-02,2023-04,2,1.0,0.02720998167087939,0.5455881953239441,0.5183782136530647,True,False,0.1394647568790049,False,0.0
pipe_grud_raw_predictor_recomputed_degradation_v0,ablate_chlorophyll_memory_and_nutrients,feature_family_ablation,core,evaluated,,True,True,True,largest_irc_abs_error,wqp,wqp:21FLKWAT_WQX-BAY-MARIN-3,test,2024-05,2024-07,2,1.0,0.0,0.5087077021598816,0.5087077021598816,True,False,0.11052631578947368,False,0.0
pipe_grud_raw_predictor_recomputed_degradation_v0,ablate_chlorophyll_memory_and_nutrients,feature_family_ablation,core,evaluated,,True,True,True,largest_irc_abs_error,wqp,wqp:21FLCBA_WQX-WAL-CAMPBELL-2,test,2023-05,2023-07,2,1.0,0.24000000000000002,0.7439889311790466,0.5039889311790466,True,False,0.2583442838370565,False,0.0
pipe_grud_raw_predictor_recomputed_degradation_v0,ablate_chlorophyll_memory_and_nutrients,feature_family_ablation,core,evaluated,,True,True,True,largest_irc_abs_error,wqp,wqp:USGS-384506118433001,test,2022-12,2023-02,2,0.0,0.6138888888888889,0.12151086330413818,0.49237802558475074,False,True,0.019350811485642945,False,1.0
pipe_grud_raw_predictor_recomputed_degradation_v0,ablate_chlorophyll_memory_and_nutrients,feature_family_ablation,core,evaluated,,True,True,True,largest_irc_abs_error,wqp,wqp:USGS-380924121301901,test,2023-09,2023-11,2,0.0,0.9166666666666666,0.433652400970459,0.48301426569620765,False,True,0.08479412963717896,False,1.0
pipe_grud_raw_predictor_recomputed_degradation_v0,ablate_chlorophyll_memory_and_nutrients,feature_family_ablation,core,evaluated,,True,True,True,largest_irc_abs_error,wqp,wqp:21FLKWAT_WQX-ORA-CANE-3,test,2023-04,2023-06,2,1.0,0.06298451096165696,0.54497230052948,0.481987789567823,True,False,0.1394647568790049,False,0.0
pipe_grud_raw_predictor_recomputed_degradation_v0,ablate_chlorophyll_memory_and_nutrients,feature_family_ablation,core,evaluated,,True,True,True,largest_irc_abs_error,wqp,wqp:21FLHESD_WQX-BEAUDETTE POND WEST,test,2023-01,2023-03,2,0.0,0.8623842592592593,0.3827151358127594,0.4796691234464999,False,True,0.07062146892655367,False,
pipe_grud_raw_predictor_recomputed_degradation_v0,ablate_chlorophyll_memory_and_nutrients,feature_family_ablation,core,evaluated,,True,True,True,largest_irc_abs_error,wqp,wqp:21FLKWAT_WQX-PUT-MCCLOUD-3,test,2023-01,2023-03,2,1.0,0.049303339080904694,0.5263153910636902,0.4770120519827855,True,False,0.12579505300353355,False,0.0
pipe_grud_raw_predictor_recomputed_degradation_v0,ablate_chlorophyll_memory_and_nutrients,feature_family_ablation,core,evaluated,,True,True,True,largest_irc_abs_error,wqp,wqp:21FLKWAT_WQX-SEM-ROCK-2,test,2023-04,2023-06,2,1.0,0.1284572546380514,0.5952135920524597,0.4667563374144083,True,False,0.17520661157024794,False,0.0
pipe_grud_raw_predictor_recomputed_degradation_v0,ablate_chlorophyll_memory_and_nutrients,feature_family_ablation,core,evaluated,,True,True,True,largest_irc_abs_error,wqp,wqp:21FLKWAT_WQX-PIN-SAUNDRA-2,test,2023-11,2024-01,2,1.0,0.9786545666028807,0.5127716660499573,0.4658829005529235,True,True,0.11052631578947368,False,1.0
pipe_grud_raw_predictor_recomputed_degradation_v0,ablate_chlorophyll_memory_and_nutrients,feature_family_ablation,core,evaluated,,True,True,True,largest_irc_abs_error,wqp,wqp:21FLKWAT_WQX-HIL-ISLANDFO-3,test,2024-05,2024-07,2,1.0,0.08968479607110989,0.5498970746994019,0.46021227862829195,True,False,0.1394647568790049,False,0.0
pipe_grud_raw_predictor_recomputed_degradation_v0,ablate_chlorophyll_memory_and_nutrients,feature_family_ablation,core,evaluated,,True,True,True,largest_irc_abs_error,wqp,wqp:USGS-380924121301901,test,2023-11,2024-01,2,0.0,0.8694203247411766,0.41422519087791443,0.45519513386326216,False,True,0.07723577235772358,False,1.0
pipe_grud_raw_predictor_recomputed_degradation_v0,ablate_chlorophyll_memory_and_nutrients,feature_family_ablation,core,evaluated,,True,True,True,largest_irc_abs_error,wqp,wqp:21FLKWAT_WQX-PIN-SAUNDRA-2,test,2023-12,2024-02,2,1.0,0.9895348837209302,0.5405468940734863,0.4489879896474439,True,True,0.1394647568790049,False,1.0
pipe_grud_raw_predictor_recomputed_degradation_v0,ablate_chlorophyll_memory_and_nutrients,feature_family_ablation,core,evaluated,,True,True,True,largest_irc_abs_error,wqp,wqp:21FLKWAT_WQX-ORA-CANE-2,test,2023-04,2023-06,2,1.0,0.06420423469278157,0.510252833366394,0.44604859867361246,True,False,0.11052631578947368,False,0.0
pipe_grud_raw_predictor_recomputed_degradation_v0,ablate_chlorophyll_memory_and_nutrients,feature_family_ablation,core,evaluated,,True,True,True,largest_irc_abs_error,wqp,wqp:21FLKWAT_WQX-PUT-ENSLOW-2,test,2023-04,2023-06,2,1.0,0.1031767635668035,0.547919511795044,0.44474274822824045,True,False,0.1394647568790049,False,0.0
pipe_grud_raw_predictor_recomputed_degradation_v0,ablate_chlorophyll_memory_and_nutrients,feature_family_ablation,core,evaluated,,True,True,True,largest_irc_abs_error,wqp,wqp:21FLKWAT_WQX-VOL-NORTHTAL-3,test,2023-09,2023-11,2,0.0,0.061496309804523364,0.4958684742450714,0.43437216444054805,False,False,0.10369206598586017,False,0.0
pipe_grud_raw_predictor_recomputed_degradation_v0,ablate_chlorophyll_memory_and_nutrients,feature_family_ablation,core,evaluated,,True,True,True,largest_irc_abs_error,wqp,wqp:21FLGTM_WQX-GTMMKNUT,test,2023-02,2023-04,2,0.0,0.9166666666666666,0.48292967677116394,0.4337369898955027,False,True,0.10369206598586017,False,1.0
pipe_grud_raw_predictor_recomputed_degradation_v0,ablate_chlorophyll_memory_and_nutrients,feature_family_ablation,core,evaluated,,True,True,True,largest_irc_abs_error,wqp,wqp:21FLKWAT_WQX-SAR-LAKE-37-3,test,2023-10,2023-12,2,1.0,0.940791293593145,0.5210413336753845,0.41974995991776043,True,True,0.12579505300353355,False,1.0
pipe_grud_raw_predictor_recomputed_degradation_v0,ablate_chlorophyll_memory_and_nutrients,feature_family_ablation,core,evaluated,,True,True,True,largest_irc_abs_error,wqp,wqp:21FLMAIT_WQX-HUNGERFORD LAKE,test,2024-04,2024-06,2,1.0,0.29217074086180067,0.7113897800445557,0.419219039182755,True,False,0.24777183600713013,False,0.0
pipe_grud_raw_predictor_recomputed_degradation_v0,ablate_chlorophyll_memory_and_nutrients,feature_family_ablation,core,evaluated,,True,True,True,irc_alert_false_negative,aquamatch_chla,aquamatch_chla:21DELAWQ_WQX-109091,test,2023-01,2023-04,3,0.0,0.8333333333333334,0.4671708047389984,0.36616252859433496,False,True,0.10875550660792951,False,1.0
pipe_grud_raw_predictor_recomputed_degradation_v0,ablate_chlorophyll_memory_and_nutrients,feature_family_ablation,core,evaluated,,True,True,True,irc_alert_false_negative,aquamatch_chla,aquamatch_chla:21DELAWQ_WQX-205041,test,2023-02,2023-05,3,0.0,0.5841018820842053,0.4843229353427887,0.09977894674141663,False,True,0.11348464619492657,False,0.0
pipe_grud_raw_predictor_recomputed_degradation_v0,ablate_chlorophyll_memory_and_nutrients,feature_family_ablation,core,evaluated,,True,True,True,irc_alert_false_negative,aquamatch_chla,aquamatch_chla:21DELAWQ_WQX-205191,test,2023-03,2023-06,3,0.0,0.8333333333333334,0.4923831522464752,0.34095018108685815,False,True,0.1177257525083612,False,1.0
pipe_grud_raw_predictor_recomputed_degradation_v0,ablate_chlorophyll_memory_and_nutrients,feature_family_ablation,core,evaluated,,True,True,True,irc_alert_false_negative,aquamatch_chla,aquamatch_chla:21DELAWQ_WQX-205211,test,2022-12,2023-03,3,0.0,0.5692765369868146,0.4374260902404785,0.13185044674633606,False,True,0.09090909090909091,False,0.0
pipe_grud_raw_predictor_recomputed_degradation_v0,ablate_chlorophyll_memory_and_nutrients,feature_family_ablation,core,evaluated,,True,True,True,irc_alert_false_negative,aquamatch_chla,aquamatch_chla:21DELAWQ_WQX-208061,test,2023-04,2023-07,3,0.0,0.6760465424346488,0.49613216519355774,0.17991437724109105,False,True,0.1177257525083612,False,0.0
pipe_grud_raw_predictor_recomputed_degradation_v0,ablate_chlorophyll_memory_and_nutrients,feature_family_ablation,core,evaluated,,True,True,True,irc_alert_false_negative,aquamatch_chla,aquamatch_chla:21FLCOLL_WQX-WINPARK,test,2023-07,2023-10,3,0.0,0.642335516491977,0.4633915424346924,0.17894397405728457,False,True,0.10875550660792951,False,0.0
pipe_grud_raw_predictor_recomputed_degradation_v0,ablate_chlorophyll_memory_and_nutrients,feature_family_ablation,core,evaluated,,True,True,True,irc_alert_false_negative,aquamatch_chla,aquamatch_chla:21FLGTM_WQX-GTMLSNUT,test,2023-01,2023-04,3,0.0,0.642335516491977,0.4671708047389984,0.17516471175297854,False,True,0.10875550660792951,False,0.0
pipe_grud_raw_predictor_recomputed_degradation_v0,ablate_chlorophyll_memory_and_nutrients,feature_family_ablation,core,evaluated,,True,True,True,irc_alert_false_negative,aquamatch_chla,aquamatch_chla:21FLGTM_WQX-GTMMKNUT,test,2023-01,2023-04,3,0.0,0.8333333333333334,0.4671708047389984,0.36616252859433496,False,True,0.10875550660792951,False,1.0
pipe_grud_raw_predictor_recomputed_degradation_v0,ablate_chlorophyll_memory_and_nutrients,feature_family_ablation,core,evaluated,,True,True,True,irc_alert_false_negative,aquamatch_chla,aquamatch_chla:21FLHILL_WQX-148,test,2022-12,2023-03,3,0.0,0.670313199977754,0.4374260902404785,0.23288710973727544,False,True,0.09090909090909091,False,0.0
pipe_grud_raw_predictor_recomputed_degradation_v0,ablate_chlorophyll_memory_and_nutrients,feature_family_ablation,core,evaluated,,True,True,True,irc_alert_false_negative,aquamatch_chla,aquamatch_chla:21FLHILL_WQX-1510,test,2023-01,2023-04,3,0.0,0.5901104364526372,0.4671708047389984,0.12293963171363875,False,True,0.10875550660792951,False,0.0
pipe_grud_raw_predictor_recomputed_degradation_v0,ablate_chlorophyll_memory_and_nutrients,feature_family_ablation,core,evaluated,,True,True,True,irc_alert_false_negative,aquamatch_chla,aquamatch_chla:21FLHILL_WQX-41,test,2023-03,2023-06,3,0.0,0.5063140891744224,0.4923831522464752,0.013930936927947224,False,True,0.1177257525083612,False,0.0
pipe_grud_raw_predictor_recomputed_degradation_v0,ablate_chlorophyll_memory_and_nutrients,feature_family_ablation,core,evaluated,,True,True,True,irc_alert_false_negative,aquamatch_chla,aquamatch_chla:21FLHILL_WQX-44,test,2023-06,2023-09,3,0.0,0.5322227501453195,0.4876622259616852,0.04456052418363432,False,True,0.1177257525083612,False,0.0
pipe_grud_raw_predictor_recomputed_degradation_v0,ablate_chlorophyll_memory_and_nutrients,feature_family_ablation,core,evaluated,,True,True,True,irc_alert_false_negative,aquamatch_chla,aquamatch_chla:21FLKWAT_WQX-BRA-ROWELL-4,test,2023-01,2023-04,3,0.0,0.5485525679691982,0.4671708047389984,0.08138176323019974,False,True,0.10875550660792951,False,0.0
pipe_grud_raw_predictor_recomputed_degradation_v0,ablate_chlorophyll_memory_and_nutrients,feature_family_ablation,core,evaluated,,True,True,True,irc_alert_false_negative,aquamatch_chla,aquamatch_chla:21FLKWAT_WQX-COL-SB-61-2,test,2023-03,2023-06,3,0.0,0.662529985897324,0.4923831522464752,0.17014683365084882,False,True,0.1177257525083612,False,0.0
pipe_grud_raw_predictor_recomputed_degradation_v0,ablate_chlorophyll_memory_and_nutrients,feature_family_ablation,core,evaluated,,True,True,True,irc_alert_false_negative,aquamatch_chla,aquamatch_chla:21FLKWAT_WQX-HIG-REDBEACH-3,test,2023-03,2023-06,3,0.0,0.5209278645460537,0.4923831522464752,0.028544712299578445,False,True,0.1177257525083612,False,0.0
pipe_grud_raw_predictor_recomputed_degradation_v0,ablate_chlorophyll_memory_and_nutrients,feature_family_ablation,core,evaluated,,True,True,True,irc_alert_false_negative,aquamatch_chla,aquamatch_chla:21FLKWAT_WQX-HIL-NEWLANDS-2,test,2023-07,2023-10,3,0.0,0.8333333333333334,0.4633915424346924,0.369941790898641,False,True,0.10875550660792951,False,1.0
pipe_grud_raw_predictor_recomputed_degradation_v0,ablate_chlorophyll_memory_and_nutrients,feature_family_ablation,core,evaluated,,True,True,True,irc_alert_false_negative,aquamatch_chla,aquamatch_chla:21FLKWAT_WQX-HIL-TWIN-2,test,2023-03,2023-06,3,0.0,0.5983641013663435,0.4923831522464752,0.10598094911986833,False,True,0.1177257525083612,False,0.0
pipe_grud_raw_predictor_recomputed_degradation_v0,ablate_chlorophyll_memory_and_nutrients,feature_family_ablation,core,evaluated,,True,True,True,irc_alert_false_negative,aquamatch_chla,aquamatch_chla:21FLKWAT_WQX-LAK-FLORENCE-3,test,2023-06,2023-09,3,0.0,0.662529985897324,0.4876622259616852,0.17486775993563886,False,True,0.1177257525083612,False,0.0
pipe_grud_raw_predictor_recomputed_degradation_v0,ablate_chlorophyll_memory_and_nutrients,feature_family_ablation,core,evaluated,,True,True,True,irc_alert_false_negative,aquamatch_chla,aquamatch_chla:21FLLCPC_WQX-GRIFFINTISH,test,2023-07,2023-10,3,0.0,0.8333333333333334,0.4633915424346924,0.369941790898641,False,True,0.10875550660792951,False,1.0
pipe_grud_raw_predictor_recomputed_degradation_v0,ablate_chlorophyll_memory_and_nutrients,feature_family_ablation,core,evaluated,,True,True,True,irc_alert_false_negative,aquamatch_chla,aquamatch_chla:21FLLOX_WQX-40,test,2023-07,2023-10,3,0.0,0.5404764150590259,0.4633915424346924,0.0770848726243335,False,True,0.10875550660792951,False,0.0
pipe_grud_raw_predictor_recomputed_degradation_v0,ablate_chlorophyll_memory_and_nutrients,feature_family_ablation,core,evaluated,,True,True,True,irc_alert_false_positive,wqp,wqp:21FLCBA_WQX-WAL-CAMPBELL-2,test,2022-12,2023-03,3,1.0,0.22877295238095255,0.5262414813041687,0.2974685289232162,True,False,0.14233576642335766,False,0.0
pipe_grud_raw_predictor_recomputed_degradation_v0,ablate_chlorophyll_memory_and_nutrients,feature_family_ablation,core,evaluated,,True,True,True,irc_alert_false_positive,wqp,wqp:21FLCBA_WQX-WAL-CAMPBELL-2,test,2023-05,2023-08,3,1.0,0.18833333333333346,0.7319509983062744,0.543617664972941,True,False,0.2525169508937744,False,0.0
pipe_grud_raw_predictor_recomputed_degradation_v0,ablate_chlorophyll_memory_and_nutrients,feature_family_ablation,core,evaluated,,True,True,True,irc_alert_false_positive,wqp,wqp:21FLCBA_WQX-WAL-CAMPCREE-3,test,2024-02,2024-05,3,1.0,0.3847162500000001,0.5533058047294617,0.16858955472946158,True,False,0.1761855313257182,False,0.0
pipe_grud_raw_predictor_recomputed_degradation_v0,ablate_chlorophyll_memory_and_nutrients,feature_family_ablation,core,evaluated,,True,True,True,irc_alert_false_positive,wqp,wqp:21FLCBA_WQX-WAL-DEER-2,test,2024-03,2024-06,3,1.0,0.18611007348157727,0.6397454142570496,0.4536353407754723,True,False,0.21115776844631073,False,0.0
pipe_grud_raw_predictor_recomputed_degradation_v0,ablate_chlorophyll_memory_and_nutrients,feature_family_ablation,core,evaluated,,True,True,True,irc_alert_false_positive,wqp,wqp:21FLCBA_WQX-WAL-ERN NORTH-1,test,2023-03,2023-06,3,1.0,0.3170441333333333,0.6805517077445984,0.3635075744112651,True,False,0.22741764080765142,False,0.0
pipe_grud_raw_predictor_recomputed_degradation_v0,ablate_chlorophyll_memory_and_nutrients,feature_family_ablation,core,evaluated,,True,True,True,irc_alert_false_positive,wqp,wqp:21FLCBA_WQX-WAL-ERN NORTH-1,test,2023-04,2023-07,3,1.0,0.20908526361619972,0.6477795243263245,0.43869426071012474,True,False,0.21115776844631073,False,0.0
pipe_grud_raw_predictor_recomputed_degradation_v0,ablate_chlorophyll_memory_and_nutrients,feature_family_ablation,core,evaluated,,True,True,True,irc_alert_false_positive,wqp,wqp:21FLCBA_WQX-WAL-MORRIS-1,test,2023-04,2023-07,3,1.0,0.2927494681249197,0.7118105888366699,0.4190611207117502,True,False,0.2525169508937744,False,0.0
pipe_grud_raw_predictor_recomputed_degradation_v0,ablate_chlorophyll_memory_and_nutrients,feature_family_ablation,core,evaluated,,True,True,True,irc_alert_false_positive,wqp,wqp:21FLCBA_WQX-WAL-POWELL-2,test,2023-03,2023-06,3,1.0,0.38337153707562627,0.6846692562103271,0.3012977191347009,True,False,0.24175824175824176,False,0.0
pipe_grud_raw_predictor_recomputed_degradation_v0,ablate_chlorophyll_memory_and_nutrients,feature_family_ablation,core,evaluated,,True,True,True,irc_alert_false_positive,wqp,wqp:21FLCBA_WQX-WAL-TRESCA-1,test,2023-09,2023-12,3,1.0,0.04066640743230985,0.5672839283943176,0.5266175209620078,True,False,0.1761855313257182,False,0.0
pipe_grud_raw_predictor_recomputed_degradation_v0,ablate_chlorophyll_memory_and_nutrients,feature_family_ablation,core,evaluated,,True,True,True,irc_alert_false_positive,wqp,wqp:21FLKWAT_WQX-ALA-ALTO-2,test,2023-08,2023-11,3,1.0,0.3416356368288798,0.5142245888710022,0.17258895204212238,True,False,0.13745173745173744,False,0.0
pipe_grud_raw_predictor_recomputed_degradation_v0,ablate_chlorophyll_memory_and_nutrients,feature_family_ablation,core,evaluated,,True,True,True,irc_alert_false_positive,wqp,wqp:21FLKWAT_WQX-ALA-ALTO-3,test,2022-12,2023-03,3,1.0,0.35853236212890877,0.5435081124305725,0.18497575030166374,True,False,0.15620641562064155,False,0.0
pipe_grud_raw_predictor_recomputed_degradation_v0,ablate_chlorophyll_memory_and_nutrients,feature_family_ablation,core,evaluated,,True,True,True,irc_alert_false_positive,wqp,wqp:21FLKWAT_WQX-BAY-DEERPOIN-2,test,2024-04,2024-07,3,1.0,0.10930973980667602,0.5945580005645752,0.4852482607578992,True,False,0.1761855313257182,False,0.0
pipe_grud_raw_predictor_recomputed_degradation_v0,ablate_chlorophyll_memory_and_nutrients,feature_family_ablation,core,evaluated,,True,True,True,irc_alert_false_positive,wqp,wqp:21FLKWAT_WQX-BAY-MARIN-3,test,2024-05,2024-08,3,1.0,0.1497988593217849,0.5091506838798523,0.35935182455806736,True,False,0.13745173745173744,False,0.0
pipe_grud_raw_predictor_recomputed_degradation_v0,ablate_chlorophyll_memory_and_nutrients,feature_family_ablation,core,evaluated,,True,True,True,irc_alert_false_positive,wqp,wqp:21FLKWAT_WQX-BRE-WASHINGT-3,test,2023-02,2023-05,3,1.0,0.33400249585198405,0.6506009101867676,0.31659841433478353,True,False,0.2118380062305296,False,0.0
pipe_grud_raw_predictor_recomputed_degradation_v0,ablate_chlorophyll_memory_and_nutrients,feature_family_ablation,core,evaluated,,True,True,True,irc_alert_false_positive,wqp,wqp:21FLKWAT_WQX-HIL-HOGISLAN-4,test,2022-12,2023-03,3,1.0,0.3881141361286926,0.5105980038642883,0.12248386773559572,True,False,0.13745173745173744,False,0.0
pipe_grud_raw_predictor_recomputed_degradation_v0,ablate_chlorophyll_memory_and_nutrients,feature_family_ablation,core,evaluated,,True,True,True,irc_alert_false_positive,wqp,wqp:21FLKWAT_WQX-HIL-ISLANDFO-3,test,2024-05,2024-08,3,1.0,0.2352653423810803,0.5510343909263611,0.31576904854528076,True,False,0.1761855313257182,False,0.0
pipe_grud_raw_predictor_recomputed_degradation_v0,ablate_chlorophyll_memory_and_nutrients,feature_family_ablation,core,evaluated,,True,True,True,irc_alert_false_positive,wqp,wqp:21FLKWAT_WQX-IND-BLUE CYPR-3,test,2023-04,2023-07,3,1.0,0.33057263388115493,0.6722061038017273,0.34163346992057236,True,False,0.22741764080765142,False,0.0
pipe_grud_raw_predictor_recomputed_degradation_v0,ablate_chlorophyll_memory_and_nutrients,feature_family_ablation,core,evaluated,,True,True,True,irc_alert_false_positive,wqp,wqp:21FLKWAT_WQX-IND-BLUE CYPR-3,test,2023-10,2024-01,3,1.0,0.31484032496178166,0.5108078718185425,0.19596754685676082,True,False,0.13745173745173744,False,0.0
pipe_grud_raw_predictor_recomputed_degradation_v0,ablate_chlorophyll_memory_and_nutrients,feature_family_ablation,core,evaluated,,True,True,True,irc_alert_false_positive,wqp,wqp:21FLKWAT_WQX-ORA-CANE-2,test,2023-04,2023-07,3,1.0,0.04963384982732433,0.5305209159851074,0.4808870661577831,True,False,0.15620641562064155,False,0.0
pipe_grud_raw_predictor_recomputed_degradation_v0,ablate_chlorophyll_memory_and_nutrients,feature_family_ablation,core,evaluated,,True,True,True,irc_alert_false_positive,wqp,wqp:21FLKWAT_WQX-ORA-CANE-3,test,2023-04,2023-07,3,1.0,0.04963384982732433,0.5573200583457947,0.5076862085184703,True,False,0.1761855313257182,False,0.0
pipe_grud_raw_predictor_recomputed_degradation_v0,ablate_chlorophyll_memory_and_nutrients,feature_family_ablation,core,evaluated,,True,True,True,largest_irc_abs_error,wqp,wqp:21FLCBA_WQX-WAL-CAMPBELL-2,test,2023-05,2023-08,3,1.0,0.18833333333333346,0.7319509983062744,0.543617664972941,True,False,0.2525169508937744,False,0.0
pipe_grud_raw_predictor_recomputed_degradation_v0,ablate_chlorophyll_memory_and_nutrients,feature_family_ablation,core,evaluated,,True,True,True,largest_irc_abs_error,wqp,wqp:21FLKWAT_WQX-PUT-MCCLOUD-2,test,2023-02,2023-05,3,1.0,0.029806519583557345,0.566438615322113,0.5366320957385557,True,False,0.1761855313257182,False,0.0
pipe_grud_raw_predictor_recomputed_degradation_v0,ablate_chlorophyll_memory_and_nutrients,feature_family_ablation,core,evaluated,,True,True,True,largest_irc_abs_error,wqp,wqp:21FLKWAT_WQX-PUT-MCCLOUD-3,test,2023-01,2023-04,3,1.0,0.030183643745490416,0.5607677102088928,0.5305840664634024,True,False,0.1761855313257182,False,0.0
pipe_grud_raw_predictor_recomputed_degradation_v0,ablate_chlorophyll_memory_and_nutrients,feature_family_ablation,core,evaluated,,True,True,True,largest_irc_abs_error,wqp,wqp:21FLCBA_WQX-WAL-TRESCA-1,test,2023-09,2023-12,3,1.0,0.04066640743230985,0.5672839283943176,0.5266175209620078,True,False,0.1761855313257182,False,0.0
pipe_grud_raw_predictor_recomputed_degradation_v0,ablate_chlorophyll_memory_and_nutrients,feature_family_ablation,core,evaluated,,True,True,True,largest_irc_abs_error,wqp,wqp:USGS-380924121301901,test,2023-11,2024-02,3,0.0,0.9166666666666666,0.40688249468803406,0.5097841719786326,False,True,0.08451984247197819,False,1.0
pipe_grud_raw_predictor_recomputed_degradation_v0,ablate_chlorophyll_memory_and_nutrients,feature_family_ablation,core,evaluated,,True,True,True,largest_irc_abs_error,wqp,wqp:21FLKWAT_WQX-ORA-CANE-3,test,2023-04,2023-07,3,1.0,0.04963384982732433,0.5573200583457947,0.5076862085184703,True,False,0.1761855313257182,False,0.0
pipe_grud_raw_predictor_recomputed_degradation_v0,ablate_chlorophyll_memory_and_nutrients,feature_family_ablation,core,evaluated,,True,True,True,largest_irc_abs_error,wqp,wqp:21FLKWAT_WQX-SAR-LAKE-M-9-3,test,2023-10,2024-01,3,0.0,0.9825333333333334,0.48907944560050964,0.4934538877328237,False,True,0.1177257525083612,False,1.0
pipe_grud_raw_predictor_recomputed_degradation_v0,ablate_chlorophyll_memory_and_nutrients,feature_family_ablation,core,evaluated,,True,True,True,largest_irc_abs_error,wqp,wqp:21FLKWAT_WQX-SAR-LAKE-M-9-1,test,2023-10,2024-01,3,0.0,0.9797726338811549,0.48959216475486755,0.4901804691262873,False,True,0.1177257525083612,False,1.0
pipe_grud_raw_predictor_recomputed_degradation_v0,ablate_chlorophyll_memory_and_nutrients,feature_family_ablation,core,evaluated,,True,True,True,largest_irc_abs_error,wqp,wqp:21FLKWAT_WQX-BAY-DEERPOIN-2,test,2024-04,2024-07,3,1.0,0.10930973980667602,0.5945580005645752,0.4852482607578992,True,False,0.1761855313257182,False,0.0
pipe_grud_raw_predictor_recomputed_degradation_v0,ablate_chlorophyll_memory_and_nutrients,feature_family_ablation,core,evaluated,,True,True,True,largest_irc_abs_error,wqp,wqp:21FLKWAT_WQX-ORA-CANE-2,test,2023-04,2023-07,3,1.0,0.04963384982732433,0.5305209159851074,0.4808870661577831,True,False,0.15620641562064155,False,0.0
pipe_grud_raw_predictor_recomputed_degradation_v0,ablate_chlorophyll_memory_and_nutrients,feature_family_ablation,core,evaluated,,True,True,True,largest_irc_abs_error,wqp,wqp:21FLKWAT_WQX-PUT-ENSLOW-2,test,2023-04,2023-07,3,1.0,0.07359153215736362,0.5524020791053772,0.47881054694801356,True,False,0.1761855313257182,False,0.0
pipe_grud_raw_predictor_recomputed_degradation_v0,ablate_chlorophyll_memory_and_nutrients,feature_family_ablation,core,evaluated,,True,True,True,largest_irc_abs_error,wqp,wqp:21FLKWAT_WQX-SEM-ROCK-2,test,2023-04,2023-07,3,1.0,0.12952462672283852,0.6034724116325378,0.47394778490969935,True,False,0.1761855313257182,False,0.0
pipe_grud_raw_predictor_recomputed_degradation_v0,ablate_chlorophyll_memory_and_nutrients,feature_family_ablation,core,evaluated,,True,True,True,largest_irc_abs_error,wqp,wqp:21FLKWAT_WQX-PIN-SAUNDRA-2,test,2023-11,2024-02,3,1.0,0.9895348837209302,0.5173001885414124,0.4722346951795179,True,True,0.13745173745173744,False,1.0
pipe_grud_raw_predictor_recomputed_degradation_v0,ablate_chlorophyll_memory_and_nutrients,feature_family_ablation,core,evaluated,,True,True,True,largest_irc_abs_error,wqp,wqp:21FLHESD_WQX-BEAUDETTE POND WEST,test,2023-01,2023-04,3,0.0,0.9298726851851852,0.4606311619281769,0.4692415232570083,False,True,0.10875550660792951,False,1.0
pipe_grud_raw_predictor_recomputed_degradation_v0,ablate_chlorophyll_memory_and_nutrients,feature_family_ablation,core,evaluated,,True,True,True,largest_irc_abs_error,wqp,wqp:21FLCBA_WQX-WAL-DEER-2,test,2024-03,2024-06,3,1.0,0.18611007348157727,0.6397454142570496,0.4536353407754723,True,False,0.21115776844631073,False,0.0
pipe_grud_raw_predictor_recomputed_degradation_v0,ablate_chlorophyll_memory_and_nutrients,feature_family_ablation,core,evaluated,,True,True,True,largest_irc_abs_error,wqp,wqp:21FLKWAT_WQX-SAR-LAKE-37-3,test,2023-10,2024-01,3,1.0,0.9557247511899392,0.5059829354286194,0.4497418157613198,True,True,0.13745173745173744,False,1.0
pipe_grud_raw_predictor_recomputed_degradation_v0,ablate_chlorophyll_memory_and_nutrients,feature_family_ablation,core,evaluated,,True,True,True,largest_irc_abs_error,wqp,wqp:21FLCBA_WQX-WAL-ERN NORTH-1,test,2023-04,2023-07,3,1.0,0.20908526361619972,0.6477795243263245,0.43869426071012474,True,False,0.21115776844631073,False,0.0
pipe_grud_raw_predictor_recomputed_degradation_v0,ablate_chlorophyll_memory_and_nutrients,feature_family_ablation,core,evaluated,,True,True,True,largest_irc_abs_error,wqp,wqp:21SC60WQ_WQX-CL-041,test,2024-01,2024-04,3,0.0,0.730952380952381,0.30869829654693604,0.422254084405445,False,True,0.06274509803921569,False,
pipe_grud_raw_predictor_recomputed_degradation_v0,ablate_chlorophyll_memory_and_nutrients,feature_family_ablation,core,evaluated,,True,True,True,largest_irc_abs_error,wqp,wqp:21FLKWAT_WQX-PIN-BELLEVUE-1,test,2024-03,2024-06,3,1.0,0.18173333333333333,0.6031867861747742,0.42145345284144087,True,False,0.1761855313257182,False,0.0
pipe_grud_raw_predictor_recomputed_degradation_v0,ablate_chlorophyll_memory_and_nutrients,feature_family_ablation,core,evaluated,,True,True,True,largest_irc_abs_error,wqp,wqp:21FLCBA_WQX-WAL-MORRIS-1,test,2023-04,2023-07,3,1.0,0.2927494681249197,0.7118105888366699,0.4190611207117502,True,False,0.2525169508937744,False,0.0
