mifal_degradation_version,scenario_id,scenario_family,scenario_tier,scenario_status,seed,surface,split,horizon_months,source_id,target_event,score_column,threshold,score_recomputed,rows,control_rows,rows_retained_rate,positive_rows,positive_rate,predicted_positive_rows,alert_rate,mean_probability,tn,fp,fn,tp,precision,recall,specificity,macro_f1,fbeta,mcc,pr_auc,roc_auc,brier,rmse_risk,mae_risk,calibration_bias,absolute_calibration_bias,interval_coverage_risk,interval_mean_width,winkler_score_risk,mean_uncertainty,mean_data_reliability,mean_confidence,mean_observation_reliability,delta_positive_rate_vs_control,delta_mean_probability_vs_control,delta_alert_rate_vs_control,delta_precision_vs_control,delta_recall_vs_control,delta_specificity_vs_control,delta_macro_f1_vs_control,delta_fbeta_vs_control,delta_mcc_vs_control,delta_pr_auc_vs_control,delta_roc_auc_vs_control,delta_brier_vs_control,delta_rmse_risk_vs_control,delta_mae_risk_vs_control,delta_calibration_bias_vs_control,delta_absolute_calibration_bias_vs_control,delta_interval_coverage_risk_vs_control,delta_interval_mean_width_vs_control,delta_winkler_score_risk_vs_control,delta_mean_uncertainty_vs_control,delta_mean_data_reliability_vs_control,delta_mean_confidence_vs_control,delta_mean_observation_reliability_vs_control
mifal_controlled_degradation_v0,ablate_light,feature_family_ablation,core,evaluated,,observable_no_current_chla,test,1,all,bloom_h,mifal_probability_bloom_calibrated,0.1496598639455782,True,30,30,1.0,2,0.06666666666666667,6,0.2,0.08217154619839101,24,4,0,2,0.3333333333333333,1.0,0.8571428571428571,0.7115384615384616,0.7142857142857143,0.5345224838248488,0.6666666666666666,0.9642857142857142,0.047510613044686435,0.3897274808029949,0.2725743716758326,0.015504879531724344,0.015504879531724344,0.7,0.6451395093980387,1.7594510011387987,0.6451395093980387,0.03736906671888032,0.184087479902427,0.0,0.0,-0.012552185983427624,0.0,0.0,0.0,0.0,0.0,0.0,0.0,0.16666666666666663,0.0,0.0030354333663274308,0.016889906592254367,0.01255218598342761,-0.012552185983427624,-0.012552185983427624,0.0,-0.0029003481435457834,0.02595864635709555,-0.0029003481435457834,-0.015229513956775617,-0.0011620514950628213,0.0
mifal_controlled_degradation_v0,ablate_light,feature_family_ablation,core,evaluated,,observable_no_current_chla,test,1,wqp,bloom_h,mifal_probability_bloom_calibrated,0.1496598639455782,True,30,30,1.0,2,0.06666666666666667,6,0.2,0.08217154619839101,24,4,0,2,0.3333333333333333,1.0,0.8571428571428571,0.7115384615384616,0.7142857142857143,0.5345224838248488,0.6666666666666666,0.9642857142857142,0.047510613044686435,0.3897274808029949,0.2725743716758326,0.015504879531724344,0.015504879531724344,0.7,0.6451395093980387,1.7594510011387987,0.6451395093980387,0.03736906671888032,0.184087479902427,0.0,0.0,-0.012552185983427624,0.0,0.0,0.0,0.0,0.0,0.0,0.0,0.16666666666666663,0.0,0.0030354333663274308,0.016889906592254367,0.01255218598342761,-0.012552185983427624,-0.012552185983427624,0.0,-0.0029003481435457834,0.02595864635709555,-0.0029003481435457834,-0.015229513956775617,-0.0011620514950628213,0.0
mifal_controlled_degradation_v0,ablate_light,feature_family_ablation,core,evaluated,,observable_no_current_chla,test,2,all,bloom_h,mifal_probability_bloom_calibrated,0.1111111111111111,True,30,30,1.0,8,0.26666666666666666,13,0.43333333333333335,0.12154588009777352,15,7,2,6,0.46153846153846156,0.75,0.6818181818181818,0.6703296703296704,0.6666666666666666,0.3853551092995474,0.5200676638176638,0.7244318181818181,0.19485655627641962,0.5237350585131619,0.4159740326027825,-0.14512078656889316,0.14512078656889316,0.6,0.6657591996877545,2.7850158084064853,0.6657591996877545,0.042109517152769886,0.17416803788487703,0.0,0.0,-0.013101218427305397,0.0,0.0,0.0,0.0,0.0,0.0,0.0,0.007167022792022748,-1.1102230246251565e-16,0.00768053720436368,0.014964370602429944,0.013101218427305272,-0.013101218427305411,0.013101218427305411,0.0,-0.0012744368666285366,0.010362879299012029,-0.0012744368666285366,-0.015683953292425452,-0.0019400153717224478,0.0
mifal_controlled_degradation_v0,ablate_light,feature_family_ablation,core,evaluated,,observable_no_current_chla,test,2,wqp,bloom_h,mifal_probability_bloom_calibrated,0.1111111111111111,True,30,30,1.0,8,0.26666666666666666,13,0.43333333333333335,0.12154588009777352,15,7,2,6,0.46153846153846156,0.75,0.6818181818181818,0.6703296703296704,0.6666666666666666,0.3853551092995474,0.5200676638176638,0.7244318181818181,0.19485655627641962,0.5237350585131619,0.4159740326027825,-0.14512078656889316,0.14512078656889316,0.6,0.6657591996877545,2.7850158084064853,0.6657591996877545,0.042109517152769886,0.17416803788487703,0.0,0.0,-0.013101218427305397,0.0,0.0,0.0,0.0,0.0,0.0,0.0,0.007167022792022748,-1.1102230246251565e-16,0.00768053720436368,0.014964370602429944,0.013101218427305272,-0.013101218427305411,0.013101218427305411,0.0,-0.0012744368666285366,0.010362879299012029,-0.0012744368666285366,-0.015683953292425452,-0.0019400153717224478,0.0
mifal_controlled_degradation_v0,ablate_light,feature_family_ablation,core,evaluated,,observable_no_current_chla,test,3,all,bloom_h,mifal_probability_bloom_calibrated,0.135593220338983,True,30,30,1.0,5,0.16666666666666666,8,0.26666666666666666,0.11198080371614676,21,4,1,4,0.5,0.8,0.84,0.7545008183306056,0.7142857142857143,0.5393598899705937,0.43333333333333335,0.8200000000000001,0.11984215862876062,0.42207687693390605,0.2991182326421462,-0.0546858629505199,0.0546858629505199,0.7,0.6607364483532312,1.9838807471115332,0.6607364483532312,0.036906370954639015,0.1759090756495408,0.0,0.0,-0.003260302821146685,0.0,0.0,0.0,0.0,0.0,0.0,0.0,0.033333333333333326,0.016000000000000014,0.00024281153683593237,0.0041454304327882,0.003260302821146699,-0.003260302821146685,0.003260302821146685,-0.033333333333333326,-0.002657316358366857,0.003258826077648491,-0.002657316358366857,-0.016418637895427593,-0.0013862851511069196,0.0
mifal_controlled_degradation_v0,ablate_light,feature_family_ablation,core,evaluated,,observable_no_current_chla,test,3,wqp,bloom_h,mifal_probability_bloom_calibrated,0.135593220338983,True,30,30,1.0,5,0.16666666666666666,8,0.26666666666666666,0.11198080371614676,21,4,1,4,0.5,0.8,0.84,0.7545008183306056,0.7142857142857143,0.5393598899705937,0.43333333333333335,0.8200000000000001,0.11984215862876062,0.42207687693390605,0.2991182326421462,-0.0546858629505199,0.0546858629505199,0.7,0.6607364483532312,1.9838807471115332,0.6607364483532312,0.036906370954639015,0.1759090756495408,0.0,0.0,-0.003260302821146685,0.0,0.0,0.0,0.0,0.0,0.0,0.0,0.033333333333333326,0.016000000000000014,0.00024281153683593237,0.0041454304327882,0.003260302821146699,-0.003260302821146685,0.003260302821146685,-0.033333333333333326,-0.002657316358366857,0.003258826077648491,-0.002657316358366857,-0.016418637895427593,-0.0013862851511069196,0.0
mifal_controlled_degradation_v0,ablate_light,feature_family_ablation,core,evaluated,,observable_no_current_chla,validation,1,all,bloom_h,mifal_probability_bloom_calibrated,0.1496598639455782,True,30,30,1.0,4,0.13333333333333333,11,0.36666666666666664,0.12568556212406146,18,8,1,3,0.2727272727272727,0.75,0.6923076923076923,0.6000000000000001,0.5555555555555556,0.31200964472696996,0.20094696969696968,0.6586538461538461,0.11573730576391349,0.3653748504402522,0.24790111575170498,-0.007647771209271875,0.007647771209271875,0.8333333333333334,0.6597406996159622,1.6908441515079837,0.6597406996159622,0.032663725871398715,0.17549024459187085,0.0,0.0,-0.008368123988951759,0.0,0.0,0.0,0.0,0.0,0.0,0.0,-0.057386363636363624,-0.07692307692307698,0.013181120896153989,0.01850648861103804,0.008368123988951759,-0.008368123988951759,0.006927418429591992,0.0,-0.0027882000699009923,0.01487758899183489,-0.0027882000699009923,-0.016045179602520734,-0.001304572332103876,0.0
mifal_controlled_degradation_v0,ablate_light,feature_family_ablation,core,evaluated,,observable_no_current_chla,validation,1,wqp,bloom_h,mifal_probability_bloom_calibrated,0.1496598639455782,True,30,30,1.0,4,0.13333333333333333,11,0.36666666666666664,0.12568556212406146,18,8,1,3,0.2727272727272727,0.75,0.6923076923076923,0.6000000000000001,0.5555555555555556,0.31200964472696996,0.20094696969696968,0.6586538461538461,0.11573730576391349,0.3653748504402522,0.24790111575170498,-0.007647771209271875,0.007647771209271875,0.8333333333333334,0.6597406996159622,1.6908441515079837,0.6597406996159622,0.032663725871398715,0.17549024459187085,0.0,0.0,-0.008368123988951759,0.0,0.0,0.0,0.0,0.0,0.0,0.0,-0.057386363636363624,-0.07692307692307698,0.013181120896153989,0.01850648861103804,0.008368123988951759,-0.008368123988951759,0.006927418429591992,0.0,-0.0027882000699009923,0.01487758899183489,-0.0027882000699009923,-0.016045179602520734,-0.001304572332103876,0.0
mifal_controlled_degradation_v0,ablate_light,feature_family_ablation,core,evaluated,,observable_no_current_chla,validation,2,all,bloom_h,mifal_probability_bloom_calibrated,0.1111111111111111,True,30,30,1.0,4,0.13333333333333333,10,0.3333333333333333,0.1193406618055987,18,8,2,2,0.2,0.5,0.6923076923076923,0.5341614906832298,0.3846153846153846,0.1386750490563073,0.15760869565217392,0.5528846153846154,0.1161913418539381,0.4594867293817053,0.3257321181757894,-0.013992671527734632,0.013992671527734632,0.7666666666666667,0.6593816789898486,2.1077647393648458,0.6593816789898486,0.032614510125132175,0.17570157431315797,0.0,0.0,-0.009705964325529517,0.0,0.0,0.0,0.0,0.0,0.0,0.0,0.013888888888888895,0.028846153846153855,-0.003928507996585909,0.013858984562283239,0.009705964325529615,-0.009705964325529517,0.009705964325529517,0.0,-0.00234120072914501,-0.0023410981558931176,-0.00234120072914501,-0.016351504941030798,-0.0015588823957934095,0.0
mifal_controlled_degradation_v0,ablate_light,feature_family_ablation,core,evaluated,,observable_no_current_chla,validation,2,wqp,bloom_h,mifal_probability_bloom_calibrated,0.1111111111111111,True,30,30,1.0,4,0.13333333333333333,10,0.3333333333333333,0.1193406618055987,18,8,2,2,0.2,0.5,0.6923076923076923,0.5341614906832298,0.3846153846153846,0.1386750490563073,0.15760869565217392,0.5528846153846154,0.1161913418539381,0.4594867293817053,0.3257321181757894,-0.013992671527734632,0.013992671527734632,0.7666666666666667,0.6593816789898486,2.1077647393648458,0.6593816789898486,0.032614510125132175,0.17570157431315797,0.0,0.0,-0.009705964325529517,0.0,0.0,0.0,0.0,0.0,0.0,0.0,0.013888888888888895,0.028846153846153855,-0.003928507996585909,0.013858984562283239,0.009705964325529615,-0.009705964325529517,0.009705964325529517,0.0,-0.00234120072914501,-0.0023410981558931176,-0.00234120072914501,-0.016351504941030798,-0.0015588823957934095,0.0
mifal_controlled_degradation_v0,ablate_light,feature_family_ablation,core,evaluated,,observable_no_current_chla,validation,3,all,bloom_h,mifal_probability_bloom_calibrated,0.135593220338983,True,30,30,1.0,2,0.06666666666666667,13,0.43333333333333335,0.14615635862314696,16,12,1,1,0.07692307692307693,0.5,0.5714285714285714,0.4222222222222222,0.2380952380952381,0.035955873264830976,0.08888888888888888,0.5625,0.07337066129584419,0.38871597192119867,0.28055484060132857,0.0794896919564803,0.0794896919564803,0.7333333333333333,0.6650602657158144,1.7225707516552609,0.6650602657158144,0.03228944247600112,0.17273919812541635,0.0,0.0,-0.006385811866151336,0.0,0.0,0.0,0.0,0.0,0.0,0.0,0.01709401709401709,0.0357142857142857,-0.002978969997545572,0.005086967744328541,0.003192905933075585,-0.006385811866151336,-0.006385811866151336,-0.03333333333333344,-0.004513188740774332,0.01883544049383623,-0.004513188740774332,-0.015755178255908324,-0.0003379617770238874,0.0
mifal_controlled_degradation_v0,ablate_light,feature_family_ablation,core,evaluated,,observable_no_current_chla,validation,3,wqp,bloom_h,mifal_probability_bloom_calibrated,0.135593220338983,True,30,30,1.0,2,0.06666666666666667,13,0.43333333333333335,0.14615635862314696,16,12,1,1,0.07692307692307693,0.5,0.5714285714285714,0.4222222222222222,0.2380952380952381,0.035955873264830976,0.08888888888888888,0.5625,0.07337066129584419,0.38871597192119867,0.28055484060132857,0.0794896919564803,0.0794896919564803,0.7333333333333333,0.6650602657158144,1.7225707516552609,0.6650602657158144,0.03228944247600112,0.17273919812541635,0.0,0.0,-0.006385811866151336,0.0,0.0,0.0,0.0,0.0,0.0,0.0,0.01709401709401709,0.0357142857142857,-0.002978969997545572,0.005086967744328541,0.003192905933075585,-0.006385811866151336,-0.006385811866151336,-0.03333333333333344,-0.004513188740774332,0.01883544049383623,-0.004513188740774332,-0.015755178255908324,-0.0003379617770238874,0.0
mifal_controlled_degradation_v0,ablate_nutrients,feature_family_ablation,core,evaluated,,observable_no_current_chla,test,1,all,bloom_h,mifal_probability_bloom_calibrated,0.1496598639455782,True,30,30,1.0,2,0.06666666666666667,1,0.03333333333333333,0.06616197143782311,28,0,1,1,1.0,0.5,1.0,0.8245614035087718,0.5555555555555556,0.6948083337796511,0.5333333333333333,0.75,0.05027485806009389,0.4140999792703588,0.2885839464364005,-0.0005046952288435547,0.0005046952288435547,0.7,0.6299384977957083,1.838838081494381,0.6299384977957083,0.01574069783847406,0.18791975616820283,0.0,0.0,-0.028561760743995523,-0.16666666666666669,0.6666666666666667,-0.5,0.1428571428571429,0.11302294197031026,-0.15873015873015872,0.16028584995480233,0.033333333333333326,-0.2142857142857142,0.005799678381734882,0.04126240505961826,0.028561760743995523,-0.028561760743995523,-0.027552370286308414,0.0,-0.018101359745876122,0.10534572671267783,-0.018101359745876122,-0.03685788283718188,0.00267022477071302,0.0
mifal_controlled_degradation_v0,ablate_nutrients,feature_family_ablation,core,evaluated,,observable_no_current_chla,test,1,wqp,bloom_h,mifal_probability_bloom_calibrated,0.1496598639455782,True,30,30,1.0,2,0.06666666666666667,1,0.03333333333333333,0.06616197143782311,28,0,1,1,1.0,0.5,1.0,0.8245614035087718,0.5555555555555556,0.6948083337796511,0.5333333333333333,0.75,0.05027485806009389,0.4140999792703588,0.2885839464364005,-0.0005046952288435547,0.0005046952288435547,0.7,0.6299384977957083,1.838838081494381,0.6299384977957083,0.01574069783847406,0.18791975616820283,0.0,0.0,-0.028561760743995523,-0.16666666666666669,0.6666666666666667,-0.5,0.1428571428571429,0.11302294197031026,-0.15873015873015872,0.16028584995480233,0.033333333333333326,-0.2142857142857142,0.005799678381734882,0.04126240505961826,0.028561760743995523,-0.028561760743995523,-0.027552370286308414,0.0,-0.018101359745876122,0.10534572671267783,-0.018101359745876122,-0.03685788283718188,0.00267022477071302,0.0
mifal_controlled_degradation_v0,ablate_nutrients,feature_family_ablation,core,evaluated,,observable_no_current_chla,test,2,all,bloom_h,mifal_probability_bloom_calibrated,0.1111111111111111,True,30,30,1.0,8,0.26666666666666666,1,0.03333333333333333,0.07636015956668132,21,1,8,0,0.0,0.0,0.9545454545454546,0.4117647058823529,0.0,-0.11197850219117086,0.2689393939393939,0.49715909090909094,0.2359605334493294,0.5799218936626035,0.45898618609853703,-0.19030650709998534,0.19030650709998534,0.6,0.63592432118005,3.0815817716230947,0.63592432118005,0.016123129303050026,0.18496569062121906,0.0,0.0,-0.058286938958397594,-0.4,-0.46153846153846156,-0.75,0.2727272727272728,-0.25856496444731747,-0.6666666666666666,-0.4973336114907183,-0.2439612470862471,-0.2272727272727273,0.048784514377273464,0.0711512057518715,0.05611337192305982,-0.058286938958397594,0.058286938958397594,0.0,-0.031109315374333035,0.30692884251562136,-0.031109315374333035,-0.04167034114214531,0.008857637364619586,0.0
mifal_controlled_degradation_v0,ablate_nutrients,feature_family_ablation,core,evaluated,,observable_no_current_chla,test,2,wqp,bloom_h,mifal_probability_bloom_calibrated,0.1111111111111111,True,30,30,1.0,8,0.26666666666666666,1,0.03333333333333333,0.07636015956668132,21,1,8,0,0.0,0.0,0.9545454545454546,0.4117647058823529,0.0,-0.11197850219117086,0.2689393939393939,0.49715909090909094,0.2359605334493294,0.5799218936626035,0.45898618609853703,-0.19030650709998534,0.19030650709998534,0.6,0.63592432118005,3.0815817716230947,0.63592432118005,0.016123129303050026,0.18496569062121906,0.0,0.0,-0.058286938958397594,-0.4,-0.46153846153846156,-0.75,0.2727272727272728,-0.25856496444731747,-0.6666666666666666,-0.4973336114907183,-0.2439612470862471,-0.2272727272727273,0.048784514377273464,0.0711512057518715,0.05611337192305982,-0.058286938958397594,0.058286938958397594,0.0,-0.031109315374333035,0.30692884251562136,-0.031109315374333035,-0.04167034114214531,0.008857637364619586,0.0
mifal_controlled_degradation_v0,ablate_nutrients,feature_family_ablation,core,evaluated,,observable_no_current_chla,test,3,all,bloom_h,mifal_probability_bloom_calibrated,0.135593220338983,True,30,30,1.0,5,0.16666666666666666,1,0.03333333333333333,0.07840248735923304,25,0,4,1,1.0,0.2,1.0,0.6296296296296297,0.23809523809523808,0.41522739926869984,0.33333333333333337,0.6,0.13750628334986353,0.4725673343717126,0.33269654899906,-0.08826417930743362,0.08826417930743362,0.7,0.6484727700801035,2.1376286758440726,0.6484727700801035,0.01681819529252612,0.17869701139502167,0.0,0.0,-0.0368386191780604,-0.23333333333333334,0.5,-0.6000000000000001,0.16000000000000003,-0.12487118870097591,-0.4761904761904762,-0.12413249070189386,-0.06666666666666665,-0.20400000000000007,0.01790693625793885,0.05463588787059476,0.03683861917806047,-0.0368386191780604,0.0368386191780604,-0.033333333333333326,-0.014920994631494544,0.1570067548101879,-0.014920994631494544,-0.036506813557540485,0.0014016505943739432,0.0
mifal_controlled_degradation_v0,ablate_nutrients,feature_family_ablation,core,evaluated,,observable_no_current_chla,test,3,wqp,bloom_h,mifal_probability_bloom_calibrated,0.135593220338983,True,30,30,1.0,5,0.16666666666666666,1,0.03333333333333333,0.07840248735923304,25,0,4,1,1.0,0.2,1.0,0.6296296296296297,0.23809523809523808,0.41522739926869984,0.33333333333333337,0.6,0.13750628334986353,0.4725673343717126,0.33269654899906,-0.08826417930743362,0.08826417930743362,0.7,0.6484727700801035,2.1376286758440726,0.6484727700801035,0.01681819529252612,0.17869701139502167,0.0,0.0,-0.0368386191780604,-0.23333333333333334,0.5,-0.6000000000000001,0.16000000000000003,-0.12487118870097591,-0.4761904761904762,-0.12413249070189386,-0.06666666666666665,-0.20400000000000007,0.01790693625793885,0.05463588787059476,0.03683861917806047,-0.0368386191780604,0.0368386191780604,-0.033333333333333326,-0.014920994631494544,0.1570067548101879,-0.014920994631494544,-0.036506813557540485,0.0014016505943739432,0.0
mifal_controlled_degradation_v0,ablate_nutrients,feature_family_ablation,core,evaluated,,observable_no_current_chla,validation,1,all,bloom_h,mifal_probability_bloom_calibrated,0.1496598639455782,True,30,30,1.0,4,0.13333333333333333,6,0.2,0.1021998597726561,21,5,3,1,0.16666666666666666,0.25,0.8076923076923077,0.52,0.22727272727272727,0.049029033784546004,0.14166666666666666,0.5288461538461539,0.12112249898357352,0.3931647697489533,0.25697166276917716,-0.031133473560677236,0.031133473560677236,0.8333333333333334,0.6452437299781324,1.7406962622796989,0.6452437299781324,0.01647622446504029,0.18029815886179812,0.0,0.0,-0.03185382634035712,-0.16666666666666663,-0.10606060606060605,-0.5,0.11538461538461542,-0.08000000000000007,-0.3282828282828283,-0.262980610942424,-0.11666666666666664,-0.20673076923076927,0.018566314115814025,0.04629640791973916,0.017438671006423934,-0.03185382634035712,0.030413120780997352,0.0,-0.017285169707730752,0.06472969976355003,-0.017285169707730752,-0.03223268100887916,0.0035033419378233954,0.0
mifal_controlled_degradation_v0,ablate_nutrients,feature_family_ablation,core,evaluated,,observable_no_current_chla,validation,1,wqp,bloom_h,mifal_probability_bloom_calibrated,0.1496598639455782,True,30,30,1.0,4,0.13333333333333333,6,0.2,0.1021998597726561,21,5,3,1,0.16666666666666666,0.25,0.8076923076923077,0.52,0.22727272727272727,0.049029033784546004,0.14166666666666666,0.5288461538461539,0.12112249898357352,0.3931647697489533,0.25697166276917716,-0.031133473560677236,0.031133473560677236,0.8333333333333334,0.6452437299781324,1.7406962622796989,0.6452437299781324,0.01647622446504029,0.18029815886179812,0.0,0.0,-0.03185382634035712,-0.16666666666666663,-0.10606060606060605,-0.5,0.11538461538461542,-0.08000000000000007,-0.3282828282828283,-0.262980610942424,-0.11666666666666664,-0.20673076923076927,0.018566314115814025,0.04629640791973916,0.017438671006423934,-0.03185382634035712,0.030413120780997352,0.0,-0.017285169707730752,0.06472969976355003,-0.017285169707730752,-0.03223268100887916,0.0035033419378233954,0.0
mifal_controlled_degradation_v0,ablate_nutrients,feature_family_ablation,core,evaluated,,observable_no_current_chla,validation,2,all,bloom_h,mifal_probability_bloom_calibrated,0.1111111111111111,True,30,30,1.0,4,0.13333333333333333,4,0.13333333333333333,0.09378238910847607,22,4,4,0,0.0,0.0,0.8461538461538461,0.4230769230769231,0.0,-0.15384615384615385,0.12777777777777777,0.4519230769230769,0.12729332287666334,0.4905597835773109,0.3488395954252616,-0.03955094422485726,0.03955094422485726,0.7333333333333333,0.6428247510596499,2.2169580170192233,0.6428247510596499,0.01666728938921149,0.1815912442523496,0.0,0.0,-0.03526423702265215,-0.19999999999999998,-0.2,-0.5,0.15384615384615385,-0.11108456760630675,-0.3846153846153846,-0.29252120290246114,-0.015942028985507256,-0.07211538461538464,0.0071734730261393265,0.044932038757888815,0.03281344157500182,-0.03526423702265215,0.03526423702265215,-0.03333333333333344,-0.018898128659343705,0.10685217949848447,-0.018898128659343705,-0.03229872567695148,0.004330787543398218,0.0
mifal_controlled_degradation_v0,ablate_nutrients,feature_family_ablation,core,evaluated,,observable_no_current_chla,validation,2,wqp,bloom_h,mifal_probability_bloom_calibrated,0.1111111111111111,True,30,30,1.0,4,0.13333333333333333,4,0.13333333333333333,0.09378238910847607,22,4,4,0,0.0,0.0,0.8461538461538461,0.4230769230769231,0.0,-0.15384615384615385,0.12777777777777777,0.4519230769230769,0.12729332287666334,0.4905597835773109,0.3488395954252616,-0.03955094422485726,0.03955094422485726,0.7333333333333333,0.6428247510596499,2.2169580170192233,0.6428247510596499,0.01666728938921149,0.1815912442523496,0.0,0.0,-0.03526423702265215,-0.19999999999999998,-0.2,-0.5,0.15384615384615385,-0.11108456760630675,-0.3846153846153846,-0.29252120290246114,-0.015942028985507256,-0.07211538461538464,0.0071734730261393265,0.044932038757888815,0.03281344157500182,-0.03526423702265215,0.03526423702265215,-0.03333333333333344,-0.018898128659343705,0.10685217949848447,-0.018898128659343705,-0.03229872567695148,0.004330787543398218,0.0
mifal_controlled_degradation_v0,ablate_nutrients,feature_family_ablation,core,evaluated,,observable_no_current_chla,validation,3,all,bloom_h,mifal_probability_bloom_calibrated,0.135593220338983,True,30,30,1.0,2,0.06666666666666667,5,0.16666666666666666,0.10306364973417056,24,4,1,1,0.2,0.5,0.8571428571428571,0.5956873315363882,0.3846153846153846,0.23904572186687872,0.13333333333333333,0.6785714285714286,0.06007792615347459,0.4240004905198861,0.2951729035054798,0.0363969830675039,0.0363969830675039,0.7,0.6447817242662731,1.8359378539802376,0.6447817242662731,0.01618356349945148,0.1804889541962527,0.0,0.0,-0.049478520755127736,-0.2666666666666667,0.12307692307692308,0.0,0.2857142857142857,0.17346510931416598,0.14652014652014647,0.20308984860204776,0.06153846153846154,0.1517857142857143,-0.016271705139915167,0.04037148634301596,0.017810968837226826,-0.049478520755127736,-0.049478520755127736,-0.06666666666666676,-0.024791730190315664,0.13220254281881294,-0.024791730190315664,-0.03186105723245797,0.007411794293812446,0.0
mifal_controlled_degradation_v0,ablate_nutrients,feature_family_ablation,core,evaluated,,observable_no_current_chla,validation,3,wqp,bloom_h,mifal_probability_bloom_calibrated,0.135593220338983,True,30,30,1.0,2,0.06666666666666667,5,0.16666666666666666,0.10306364973417056,24,4,1,1,0.2,0.5,0.8571428571428571,0.5956873315363882,0.3846153846153846,0.23904572186687872,0.13333333333333333,0.6785714285714286,0.06007792615347459,0.4240004905198861,0.2951729035054798,0.0363969830675039,0.0363969830675039,0.7,0.6447817242662731,1.8359378539802376,0.6447817242662731,0.01618356349945148,0.1804889541962527,0.0,0.0,-0.049478520755127736,-0.2666666666666667,0.12307692307692308,0.0,0.2857142857142857,0.17346510931416598,0.14652014652014647,0.20308984860204776,0.06153846153846154,0.1517857142857143,-0.016271705139915167,0.04037148634301596,0.017810968837226826,-0.049478520755127736,-0.049478520755127736,-0.06666666666666676,-0.024791730190315664,0.13220254281881294,-0.024791730190315664,-0.03186105723245797,0.007411794293812446,0.0
mifal_controlled_degradation_v0,control_observed,control,core,evaluated,,observable_no_current_chla,test,1,all,bloom_h,mifal_probability_bloom_calibrated,0.1496598639455782,True,30,30,1.0,2,0.06666666666666667,6,0.2,0.09472373218181863,24,4,0,2,0.3333333333333333,1.0,0.8571428571428571,0.7115384615384616,0.7142857142857143,0.5345224838248488,0.5,0.9642857142857142,0.044475179678359004,0.37283757421074054,0.260022185692405,0.02805706551515197,0.02805706551515197,0.7,0.6480398575415844,1.7334923547817032,0.6480398575415844,0.05259858067565594,0.18524953139748981,0.0,0.0,0.0,0.0,0.0,0.0,0.0,0.0,0.0,0.0,0.0,0.0,0.0,0.0,0.0,0.0,0.0,0.0,0.0,0.0,0.0,0.0,0.0,0.0
mifal_controlled_degradation_v0,control_observed,control,core,evaluated,,observable_no_current_chla,test,1,wqp,bloom_h,mifal_probability_bloom_calibrated,0.1496598639455782,True,30,30,1.0,2,0.06666666666666667,6,0.2,0.09472373218181863,24,4,0,2,0.3333333333333333,1.0,0.8571428571428571,0.7115384615384616,0.7142857142857143,0.5345224838248488,0.5,0.9642857142857142,0.044475179678359004,0.37283757421074054,0.260022185692405,0.02805706551515197,0.02805706551515197,0.7,0.6480398575415844,1.7334923547817032,0.6480398575415844,0.05259858067565594,0.18524953139748981,0.0,0.0,0.0,0.0,0.0,0.0,0.0,0.0,0.0,0.0,0.0,0.0,0.0,0.0,0.0,0.0,0.0,0.0,0.0,0.0,0.0,0.0,0.0,0.0
mifal_controlled_degradation_v0,control_observed,control,core,evaluated,,observable_no_current_chla,test,2,all,bloom_h,mifal_probability_bloom_calibrated,0.1111111111111111,True,30,30,1.0,8,0.26666666666666666,13,0.43333333333333335,0.13464709852507892,15,7,2,6,0.46153846153846156,0.75,0.6818181818181818,0.6703296703296704,0.6666666666666666,0.3853551092995474,0.512900641025641,0.7244318181818182,0.18717601907205594,0.508770687910732,0.4028728141754772,-0.13201956814158775,0.13201956814158775,0.6,0.6670336365543831,2.7746529291074733,0.6670336365543831,0.05779347044519534,0.17610805325659948,0.0,0.0,0.0,0.0,0.0,0.0,0.0,0.0,0.0,0.0,0.0,0.0,0.0,0.0,0.0,0.0,0.0,0.0,0.0,0.0,0.0,0.0,0.0,0.0
mifal_controlled_degradation_v0,control_observed,control,core,evaluated,,observable_no_current_chla,test,2,wqp,bloom_h,mifal_probability_bloom_calibrated,0.1111111111111111,True,30,30,1.0,8,0.26666666666666666,13,0.43333333333333335,0.13464709852507892,15,7,2,6,0.46153846153846156,0.75,0.6818181818181818,0.6703296703296704,0.6666666666666666,0.3853551092995474,0.512900641025641,0.7244318181818182,0.18717601907205594,0.508770687910732,0.4028728141754772,-0.13201956814158775,0.13201956814158775,0.6,0.6670336365543831,2.7746529291074733,0.6670336365543831,0.05779347044519534,0.17610805325659948,0.0,0.0,0.0,0.0,0.0,0.0,0.0,0.0,0.0,0.0,0.0,0.0,0.0,0.0,0.0,0.0,0.0,0.0,0.0,0.0,0.0,0.0,0.0,0.0
mifal_controlled_degradation_v0,control_observed,control,core,evaluated,,observable_no_current_chla,test,3,all,bloom_h,mifal_probability_bloom_calibrated,0.135593220338983,True,30,30,1.0,5,0.16666666666666666,8,0.26666666666666666,0.11524110653729344,21,4,1,4,0.5,0.8,0.84,0.7545008183306056,0.7142857142857143,0.5393598899705937,0.4,0.804,0.11959934709192468,0.41793144650111785,0.2958579298209995,-0.051425560129373216,0.051425560129373216,0.7333333333333333,0.663393764711598,1.9806219210338847,0.663393764711598,0.05332500885006661,0.17729536080064773,0.0,0.0,0.0,0.0,0.0,0.0,0.0,0.0,0.0,0.0,0.0,0.0,0.0,0.0,0.0,0.0,0.0,0.0,0.0,0.0,0.0,0.0,0.0,0.0
mifal_controlled_degradation_v0,control_observed,control,core,evaluated,,observable_no_current_chla,test,3,wqp,bloom_h,mifal_probability_bloom_calibrated,0.135593220338983,True,30,30,1.0,5,0.16666666666666666,8,0.26666666666666666,0.11524110653729344,21,4,1,4,0.5,0.8,0.84,0.7545008183306056,0.7142857142857143,0.5393598899705937,0.4,0.804,0.11959934709192468,0.41793144650111785,0.2958579298209995,-0.051425560129373216,0.051425560129373216,0.7333333333333333,0.663393764711598,1.9806219210338847,0.663393764711598,0.05332500885006661,0.17729536080064773,0.0,0.0,0.0,0.0,0.0,0.0,0.0,0.0,0.0,0.0,0.0,0.0,0.0,0.0,0.0,0.0,0.0,0.0,0.0,0.0,0.0,0.0,0.0,0.0
mifal_controlled_degradation_v0,control_observed,control,core,evaluated,,observable_no_current_chla,validation,1,all,bloom_h,mifal_probability_bloom_calibrated,0.1496598639455782,True,30,30,1.0,4,0.13333333333333333,11,0.36666666666666664,0.13405368611301322,18,8,1,3,0.2727272727272727,0.75,0.6923076923076923,0.6000000000000001,0.5555555555555556,0.31200964472696996,0.2583333333333333,0.7355769230769231,0.1025561848677595,0.34686836182921416,0.23953299176275322,0.0007203527796798836,0.0007203527796798836,0.8333333333333334,0.6625288996858631,1.6759665625161488,0.6625288996858631,0.04870890547391945,0.17679481692397472,0.0,0.0,0.0,0.0,0.0,0.0,0.0,0.0,0.0,0.0,0.0,0.0,0.0,0.0,0.0,0.0,0.0,0.0,0.0,0.0,0.0,0.0,0.0,0.0
mifal_controlled_degradation_v0,control_observed,control,core,evaluated,,observable_no_current_chla,validation,1,wqp,bloom_h,mifal_probability_bloom_calibrated,0.1496598639455782,True,30,30,1.0,4,0.13333333333333333,11,0.36666666666666664,0.13405368611301322,18,8,1,3,0.2727272727272727,0.75,0.6923076923076923,0.6000000000000001,0.5555555555555556,0.31200964472696996,0.2583333333333333,0.7355769230769231,0.1025561848677595,0.34686836182921416,0.23953299176275322,0.0007203527796798836,0.0007203527796798836,0.8333333333333334,0.6625288996858631,1.6759665625161488,0.6625288996858631,0.04870890547391945,0.17679481692397472,0.0,0.0,0.0,0.0,0.0,0.0,0.0,0.0,0.0,0.0,0.0,0.0,0.0,0.0,0.0,0.0,0.0,0.0,0.0,0.0,0.0,0.0,0.0,0.0
mifal_controlled_degradation_v0,control_observed,control,core,evaluated,,observable_no_current_chla,validation,2,all,bloom_h,mifal_probability_bloom_calibrated,0.1111111111111111,True,30,30,1.0,4,0.13333333333333333,10,0.3333333333333333,0.12904662613112822,18,8,2,2,0.2,0.5,0.6923076923076923,0.5341614906832298,0.3846153846153846,0.1386750490563073,0.14371980676328502,0.5240384615384616,0.12011984985052401,0.4456277448194221,0.3160261538502598,-0.0042867072022051145,0.0042867072022051145,0.7666666666666667,0.6617228797189936,2.110105837520739,0.6617228797189936,0.04896601506616297,0.17726045670895138,0.0,0.0,0.0,0.0,0.0,0.0,0.0,0.0,0.0,0.0,0.0,0.0,0.0,0.0,0.0,0.0,0.0,0.0,0.0,0.0,0.0,0.0,0.0,0.0
mifal_controlled_degradation_v0,control_observed,control,core,evaluated,,observable_no_current_chla,validation,2,wqp,bloom_h,mifal_probability_bloom_calibrated,0.1111111111111111,True,30,30,1.0,4,0.13333333333333333,10,0.3333333333333333,0.12904662613112822,18,8,2,2,0.2,0.5,0.6923076923076923,0.5341614906832298,0.3846153846153846,0.1386750490563073,0.14371980676328502,0.5240384615384616,0.12011984985052401,0.4456277448194221,0.3160261538502598,-0.0042867072022051145,0.0042867072022051145,0.7666666666666667,0.6617228797189936,2.110105837520739,0.6617228797189936,0.04896601506616297,0.17726045670895138,0.0,0.0,0.0,0.0,0.0,0.0,0.0,0.0,0.0,0.0,0.0,0.0,0.0,0.0,0.0,0.0,0.0,0.0,0.0,0.0,0.0,0.0,0.0,0.0
mifal_controlled_degradation_v0,control_observed,control,core,evaluated,,observable_no_current_chla,validation,3,all,bloom_h,mifal_probability_bloom_calibrated,0.135593220338983,True,30,30,1.0,2,0.06666666666666667,13,0.43333333333333335,0.1525421704892983,16,12,1,1,0.07692307692307693,0.5,0.5714285714285714,0.4222222222222222,0.2380952380952381,0.035955873264830976,0.07179487179487179,0.5267857142857143,0.07634963129338976,0.3836290041768701,0.277361934668253,0.08587550382263164,0.08587550382263164,0.7666666666666667,0.6695734544565888,1.7037353111614246,0.6695734544565888,0.048044620731909446,0.17307715990244024,0.0,0.0,0.0,0.0,0.0,0.0,0.0,0.0,0.0,0.0,0.0,0.0,0.0,0.0,0.0,0.0,0.0,0.0,0.0,0.0,0.0,0.0,0.0,0.0
mifal_controlled_degradation_v0,control_observed,control,core,evaluated,,observable_no_current_chla,validation,3,wqp,bloom_h,mifal_probability_bloom_calibrated,0.135593220338983,True,30,30,1.0,2,0.06666666666666667,13,0.43333333333333335,0.1525421704892983,16,12,1,1,0.07692307692307693,0.5,0.5714285714285714,0.4222222222222222,0.2380952380952381,0.035955873264830976,0.07179487179487179,0.5267857142857143,0.07634963129338976,0.3836290041768701,0.277361934668253,0.08587550382263164,0.08587550382263164,0.7666666666666667,0.6695734544565888,1.7037353111614246,0.6695734544565888,0.048044620731909446,0.17307715990244024,0.0,0.0,0.0,0.0,0.0,0.0,0.0,0.0,0.0,0.0,0.0,0.0,0.0,0.0,0.0,0.0,0.0,0.0,0.0,0.0,0.0,0.0,0.0,0.0
mifal_controlled_degradation_v0,random_dropout_mcar_25,random_value_dropout,core,evaluated,20260612,observable_no_current_chla,test,1,all,bloom_h,mifal_probability_bloom_calibrated,0.1496598639455782,True,30,30,1.0,2,0.06666666666666667,9,0.3,0.12053052717719433,20,8,1,1,0.1111111111111111,0.5,0.7142857142857143,0.4990723562152134,0.29411764705882354,0.11664236870396086,0.1625,0.7946428571428572,0.06610884181269468,0.3810723443334477,0.27746085669882886,0.05386386051052766,0.05386386051052766,0.7333333333333333,0.6459686653857625,1.7909996252093812,0.6459686653857625,0.04551211498756542,0.18486664736871003,0.0,0.0,0.025806794995375693,0.09999999999999998,-0.2222222222222222,-0.5,-0.1428571428571428,-0.21246610532324817,-0.42016806722689076,-0.41788011512088796,-0.3375,-0.16964285714285698,0.021633662134335672,0.00823477012270718,0.017438671006423878,0.025806794995375693,0.025806794995375693,0.033333333333333326,-0.002071192155821966,0.057507270427678,-0.002071192155821966,-0.007086465688090522,-0.0003828840287797841,0.0
mifal_controlled_degradation_v0,random_dropout_mcar_25,random_value_dropout,core,evaluated,20260612,observable_no_current_chla,test,1,wqp,bloom_h,mifal_probability_bloom_calibrated,0.1496598639455782,True,30,30,1.0,2,0.06666666666666667,9,0.3,0.12053052717719433,20,8,1,1,0.1111111111111111,0.5,0.7142857142857143,0.4990723562152134,0.29411764705882354,0.11664236870396086,0.1625,0.7946428571428572,0.06610884181269468,0.3810723443334477,0.27746085669882886,0.05386386051052766,0.05386386051052766,0.7333333333333333,0.6459686653857625,1.7909996252093812,0.6459686653857625,0.04551211498756542,0.18486664736871003,0.0,0.0,0.025806794995375693,0.09999999999999998,-0.2222222222222222,-0.5,-0.1428571428571428,-0.21246610532324817,-0.42016806722689076,-0.41788011512088796,-0.3375,-0.16964285714285698,0.021633662134335672,0.00823477012270718,0.017438671006423878,0.025806794995375693,0.025806794995375693,0.033333333333333326,-0.002071192155821966,0.057507270427678,-0.002071192155821966,-0.007086465688090522,-0.0003828840287797841,0.0
mifal_controlled_degradation_v0,random_dropout_mcar_25,random_value_dropout,core,evaluated,20260612,observable_no_current_chla,test,2,all,bloom_h,mifal_probability_bloom_calibrated,0.1111111111111111,True,30,30,1.0,8,0.26666666666666666,15,0.5,0.1403467693430361,12,10,3,5,0.3333333333333333,0.625,0.5454545454545454,0.5417156286721504,0.5319148936170213,0.15075567228888181,0.30512820512820515,0.49431818181818177,0.21033173830046556,0.5321783605806101,0.4245576243903234,-0.12631989732363055,0.12631989732363055,0.6,0.6653380636288453,2.8904679746839204,0.6653380636288453,0.04781061854833923,0.17525648847164113,0.0,0.0,0.005699670817957192,0.06666666666666665,-0.12820512820512825,-0.125,-0.13636363636363635,-0.12861404165752,-0.13475177304964536,-0.2345994370106656,-0.20777243589743588,-0.23011363636363646,0.023155719228409616,0.023407672669878088,0.021684810214846195,0.005699670817957192,-0.005699670817957192,0.0,-0.0016955729255377916,0.11581504557644706,-0.0016955729255377916,-0.009982851896856111,-0.0008515647849583474,0.0
mifal_controlled_degradation_v0,random_dropout_mcar_25,random_value_dropout,core,evaluated,20260612,observable_no_current_chla,test,2,wqp,bloom_h,mifal_probability_bloom_calibrated,0.1111111111111111,True,30,30,1.0,8,0.26666666666666666,15,0.5,0.1403467693430361,12,10,3,5,0.3333333333333333,0.625,0.5454545454545454,0.5417156286721504,0.5319148936170213,0.15075567228888181,0.30512820512820515,0.49431818181818177,0.21033173830046556,0.5321783605806101,0.4245576243903234,-0.12631989732363055,0.12631989732363055,0.6,0.6653380636288453,2.8904679746839204,0.6653380636288453,0.04781061854833923,0.17525648847164113,0.0,0.0,0.005699670817957192,0.06666666666666665,-0.12820512820512825,-0.125,-0.13636363636363635,-0.12861404165752,-0.13475177304964536,-0.2345994370106656,-0.20777243589743588,-0.23011363636363646,0.023155719228409616,0.023407672669878088,0.021684810214846195,0.005699670817957192,-0.005699670817957192,0.0,-0.0016955729255377916,0.11581504557644706,-0.0016955729255377916,-0.009982851896856111,-0.0008515647849583474,0.0
mifal_controlled_degradation_v0,random_dropout_mcar_25,random_value_dropout,core,evaluated,20260612,observable_no_current_chla,test,3,all,bloom_h,mifal_probability_bloom_calibrated,0.135593220338983,True,30,30,1.0,5,0.16666666666666666,13,0.43333333333333335,0.14766401247250324,15,10,2,3,0.23076923076923078,0.6,0.6,0.5238095238095238,0.45454545454545464,0.1504142093990467,0.17504273504273504,0.548,0.13963701915884333,0.4241148713133822,0.3127573486356649,-0.019002654194163415,0.019002654194163415,0.7333333333333333,0.667884112486749,2.009662240168703,0.667884112486749,0.04257305228110797,0.17297805305862615,0.0,0.0,0.0324229059352098,0.16666666666666669,-0.2692307692307692,-0.20000000000000007,-0.24,-0.23069129452108172,-0.25974025974025966,-0.388945680571547,-0.22495726495726498,-0.256,0.020037672066918644,0.00618342481226436,0.01689941881466539,0.0324229059352098,-0.0324229059352098,0.0,0.0044903477751508936,0.029040319134818526,0.0044903477751508936,-0.010751956568958637,-0.0043173077420215755,0.0
mifal_controlled_degradation_v0,random_dropout_mcar_25,random_value_dropout,core,evaluated,20260612,observable_no_current_chla,test,3,wqp,bloom_h,mifal_probability_bloom_calibrated,0.135593220338983,True,30,30,1.0,5,0.16666666666666666,13,0.43333333333333335,0.14766401247250324,15,10,2,3,0.23076923076923078,0.6,0.6,0.5238095238095238,0.45454545454545464,0.1504142093990467,0.17504273504273504,0.548,0.13963701915884333,0.4241148713133822,0.3127573486356649,-0.019002654194163415,0.019002654194163415,0.7333333333333333,0.667884112486749,2.009662240168703,0.667884112486749,0.04257305228110797,0.17297805305862615,0.0,0.0,0.0324229059352098,0.16666666666666669,-0.2692307692307692,-0.20000000000000007,-0.24,-0.23069129452108172,-0.25974025974025966,-0.388945680571547,-0.22495726495726498,-0.256,0.020037672066918644,0.00618342481226436,0.01689941881466539,0.0324229059352098,-0.0324229059352098,0.0,0.0044903477751508936,0.029040319134818526,0.0044903477751508936,-0.010751956568958637,-0.0043173077420215755,0.0
mifal_controlled_degradation_v0,random_dropout_mcar_25,random_value_dropout,core,evaluated,20260612,observable_no_current_chla,validation,1,all,bloom_h,mifal_probability_bloom_calibrated,0.1496598639455782,True,30,30,1.0,4,0.13333333333333333,12,0.4,0.14215326017809415,17,9,1,3,0.25,0.75,0.6538461538461539,0.5738636363636364,0.5357142857142857,0.28022426915890253,0.18674242424242424,0.653846153846154,0.1134616648163174,0.3656024232200293,0.26026372836553874,0.008819926844760823,0.008819926844760823,0.8333333333333334,0.6675278853280877,1.6525548557578256,0.6675278853280877,0.04435310886816547,0.17345457674409653,0.0,0.0,0.008099574065080939,0.03333333333333338,-0.022727272727272707,0.0,-0.038461538461538436,-0.026136363636363735,-0.019841269841269882,-0.03178537556806743,-0.07159090909090907,-0.08173076923076916,0.010905479948557908,0.018734061390815127,0.020730736602785516,0.008099574065080939,0.008099574065080939,0.0,0.004998985642224563,-0.02341170675832327,0.004998985642224563,-0.004355796605753977,-0.00334024017987819,0.0
mifal_controlled_degradation_v0,random_dropout_mcar_25,random_value_dropout,core,evaluated,20260612,observable_no_current_chla,validation,1,wqp,bloom_h,mifal_probability_bloom_calibrated,0.1496598639455782,True,30,30,1.0,4,0.13333333333333333,12,0.4,0.14215326017809415,17,9,1,3,0.25,0.75,0.6538461538461539,0.5738636363636364,0.5357142857142857,0.28022426915890253,0.18674242424242424,0.653846153846154,0.1134616648163174,0.3656024232200293,0.26026372836553874,0.008819926844760823,0.008819926844760823,0.8333333333333334,0.6675278853280877,1.6525548557578256,0.6675278853280877,0.04435310886816547,0.17345457674409653,0.0,0.0,0.008099574065080939,0.03333333333333338,-0.022727272727272707,0.0,-0.038461538461538436,-0.026136363636363735,-0.019841269841269882,-0.03178537556806743,-0.07159090909090907,-0.08173076923076916,0.010905479948557908,0.018734061390815127,0.020730736602785516,0.008099574065080939,0.008099574065080939,0.0,0.004998985642224563,-0.02341170675832327,0.004998985642224563,-0.004355796605753977,-0.00334024017987819,0.0
mifal_controlled_degradation_v0,random_dropout_mcar_25,random_value_dropout,core,evaluated,20260612,observable_no_current_chla,validation,2,all,bloom_h,mifal_probability_bloom_calibrated,0.1111111111111111,True,30,30,1.0,4,0.13333333333333333,15,0.5,0.1513698298480907,13,13,2,2,0.13333333333333333,0.5,0.5,0.42233632862644416,0.32258064516129037,0.0,0.1201086956521739,0.45192307692307687,0.12696095314384212,0.4528452518248455,0.3351842908537685,0.01803649651475736,0.01803649651475736,0.7666666666666667,0.6672368838791026,2.1133329567007153,0.6672368838791026,0.04087875958986489,0.1730917901934281,0.0,0.0,0.022323203716962475,0.16666666666666669,-0.06666666666666668,0.0,-0.1923076923076923,-0.11182516205678567,-0.06203473945409421,-0.1386750490563073,-0.023611111111111124,-0.07211538461538469,0.006841103293318107,0.007217507005423396,0.019158137003508713,0.022323203716962475,0.013749789312552246,0.0,0.005514004160109054,0.003227119179976423,0.005514004160109054,-0.008087255476298086,-0.004168666515523278,0.0
mifal_controlled_degradation_v0,random_dropout_mcar_25,random_value_dropout,core,evaluated,20260612,observable_no_current_chla,validation,2,wqp,bloom_h,mifal_probability_bloom_calibrated,0.1111111111111111,True,30,30,1.0,4,0.13333333333333333,15,0.5,0.1513698298480907,13,13,2,2,0.13333333333333333,0.5,0.5,0.42233632862644416,0.32258064516129037,0.0,0.1201086956521739,0.45192307692307687,0.12696095314384212,0.4528452518248455,0.3351842908537685,0.01803649651475736,0.01803649651475736,0.7666666666666667,0.6672368838791026,2.1133329567007153,0.6672368838791026,0.04087875958986489,0.1730917901934281,0.0,0.0,0.022323203716962475,0.16666666666666669,-0.06666666666666668,0.0,-0.1923076923076923,-0.11182516205678567,-0.06203473945409421,-0.1386750490563073,-0.023611111111111124,-0.07211538461538469,0.006841103293318107,0.007217507005423396,0.019158137003508713,0.022323203716962475,0.013749789312552246,0.0,0.005514004160109054,0.003227119179976423,0.005514004160109054,-0.008087255476298086,-0.004168666515523278,0.0
mifal_controlled_degradation_v0,random_dropout_mcar_25,random_value_dropout,core,evaluated,20260612,observable_no_current_chla,validation,3,all,bloom_h,mifal_probability_bloom_calibrated,0.135593220338983,True,30,30,1.0,2,0.06666666666666667,12,0.4,0.14072700378774117,17,11,1,1,0.08333333333333333,0.5,0.6071428571428571,0.4409937888198757,0.25,0.05455447255899809,0.08333333333333334,0.5625,0.07198169736225966,0.38288904749417557,0.27215594064952453,0.0740603371210745,0.0740603371210745,0.7666666666666667,0.6690431423157919,1.688813655266388,0.6690431423157919,0.04271104489503494,0.17245899444207685,0.0,0.0,-0.011815166701557134,-0.033333333333333326,0.006410256410256401,0.0,0.0357142857142857,0.0187715665976535,0.01190476190476189,0.018598599294167115,0.011538461538461553,0.0357142857142857,-0.004367933931130094,-0.0007399566826945536,-0.005205994018728455,-0.011815166701557134,-0.011815166701557134,0.0,-0.0005303121407969069,-0.01492165589503669,-0.0005303121407969069,-0.005333575836874507,-0.0006181654603633902,0.0
mifal_controlled_degradation_v0,random_dropout_mcar_25,random_value_dropout,core,evaluated,20260612,observable_no_current_chla,validation,3,wqp,bloom_h,mifal_probability_bloom_calibrated,0.135593220338983,True,30,30,1.0,2,0.06666666666666667,12,0.4,0.14072700378774117,17,11,1,1,0.08333333333333333,0.5,0.6071428571428571,0.4409937888198757,0.25,0.05455447255899809,0.08333333333333334,0.5625,0.07198169736225966,0.38288904749417557,0.27215594064952453,0.0740603371210745,0.0740603371210745,0.7666666666666667,0.6690431423157919,1.688813655266388,0.6690431423157919,0.04271104489503494,0.17245899444207685,0.0,0.0,-0.011815166701557134,-0.033333333333333326,0.006410256410256401,0.0,0.0357142857142857,0.0187715665976535,0.01190476190476189,0.018598599294167115,0.011538461538461553,0.0357142857142857,-0.004367933931130094,-0.0007399566826945536,-0.005205994018728455,-0.011815166701557134,-0.011815166701557134,0.0,-0.0005303121407969069,-0.01492165589503669,-0.0005303121407969069,-0.005333575836874507,-0.0006181654603633902,0.0
mifal_controlled_degradation_v0,random_dropout_mcar_25,random_value_dropout,core,evaluated,20260613,observable_no_current_chla,test,1,all,bloom_h,mifal_probability_bloom_calibrated,0.1496598639455782,True,30,30,1.0,2,0.06666666666666667,13,0.43333333333333335,0.1401007174579947,17,11,0,2,0.15384615384615385,1.0,0.6071428571428571,0.5111111111111111,0.4761904761904762,0.3056249227510633,0.2,0.8571428571428572,0.05942675632656157,0.3763305646090757,0.2864444511245531,0.07343405079132805,0.07343405079132805,0.7,0.6530914488993304,1.7195254518673209,0.6530914488993304,0.04716098394369146,0.18167204942256154,0.0,0.0,0.04537698527617608,0.23333333333333334,-0.17948717948717946,0.0,-0.25,-0.2004273504273505,-0.23809523809523808,-0.2288975610737855,-0.3,-0.10714285714285698,0.014951576648202562,0.0034929903983351718,0.026422265432148095,0.04537698527617608,0.04537698527617608,0.0,0.00505159135774591,-0.013966902914382295,0.00505159135774591,-0.005437596731964478,-0.0035774819749282705,0.0
mifal_controlled_degradation_v0,random_dropout_mcar_25,random_value_dropout,core,evaluated,20260613,observable_no_current_chla,test,1,wqp,bloom_h,mifal_probability_bloom_calibrated,0.1496598639455782,True,30,30,1.0,2,0.06666666666666667,13,0.43333333333333335,0.1401007174579947,17,11,0,2,0.15384615384615385,1.0,0.6071428571428571,0.5111111111111111,0.4761904761904762,0.3056249227510633,0.2,0.8571428571428572,0.05942675632656157,0.3763305646090757,0.2864444511245531,0.07343405079132805,0.07343405079132805,0.7,0.6530914488993304,1.7195254518673209,0.6530914488993304,0.04716098394369146,0.18167204942256154,0.0,0.0,0.04537698527617608,0.23333333333333334,-0.17948717948717946,0.0,-0.25,-0.2004273504273505,-0.23809523809523808,-0.2288975610737855,-0.3,-0.10714285714285698,0.014951576648202562,0.0034929903983351718,0.026422265432148095,0.04537698527617608,0.04537698527617608,0.0,0.00505159135774591,-0.013966902914382295,0.00505159135774591,-0.005437596731964478,-0.0035774819749282705,0.0
mifal_controlled_degradation_v0,random_dropout_mcar_25,random_value_dropout,core,evaluated,20260613,observable_no_current_chla,test,2,all,bloom_h,mifal_probability_bloom_calibrated,0.1111111111111111,True,30,30,1.0,8,0.26666666666666666,17,0.5666666666666667,0.1515584537419576,11,11,2,6,0.35294117647058826,0.75,0.5,0.5542857142857143,0.6122448979591837,0.22310032643658007,0.2963903743315508,0.53125,0.20838192954222257,0.5116837089824835,0.4096175854408119,-0.11510821292470907,0.11510821292470907,0.6,0.6708407879105592,2.755484126537268,0.6708407879105592,0.0490649878778986,0.1726776933406187,0.0,0.0,0.01691135521687867,0.1333333333333333,-0.1085972850678733,0.0,-0.18181818181818177,-0.11604395604395612,-0.05442176870748294,-0.16225478286296735,-0.21651026669409024,-0.19318181818181823,0.021205910470166622,0.0029130210717515093,0.006744771265334681,0.01691135521687867,-0.01691135521687867,0.0,0.0038071513561761527,-0.01916880257020548,0.0038071513561761527,-0.00872848256729674,-0.003430359915980785,0.0
mifal_controlled_degradation_v0,random_dropout_mcar_25,random_value_dropout,core,evaluated,20260613,observable_no_current_chla,test,2,wqp,bloom_h,mifal_probability_bloom_calibrated,0.1111111111111111,True,30,30,1.0,8,0.26666666666666666,17,0.5666666666666667,0.1515584537419576,11,11,2,6,0.35294117647058826,0.75,0.5,0.5542857142857143,0.6122448979591837,0.22310032643658007,0.2963903743315508,0.53125,0.20838192954222257,0.5116837089824835,0.4096175854408119,-0.11510821292470907,0.11510821292470907,0.6,0.6708407879105592,2.755484126537268,0.6708407879105592,0.0490649878778986,0.1726776933406187,0.0,0.0,0.01691135521687867,0.1333333333333333,-0.1085972850678733,0.0,-0.18181818181818177,-0.11604395604395612,-0.05442176870748294,-0.16225478286296735,-0.21651026669409024,-0.19318181818181823,0.021205910470166622,0.0029130210717515093,0.006744771265334681,0.01691135521687867,-0.01691135521687867,0.0,0.0038071513561761527,-0.01916880257020548,0.0038071513561761527,-0.00872848256729674,-0.003430359915980785,0.0
mifal_controlled_degradation_v0,random_dropout_mcar_25,random_value_dropout,core,evaluated,20260613,observable_no_current_chla,test,3,all,bloom_h,mifal_probability_bloom_calibrated,0.135593220338983,True,30,30,1.0,5,0.16666666666666666,11,0.36666666666666664,0.13686248736350123,17,8,2,3,0.2727272727272727,0.6,0.68,0.5738636363636364,0.48387096774193544,0.2165408787114111,0.21010101010101007,0.6199999999999999,0.13485905053550712,0.4256978843713214,0.3112282925571981,-0.029804179303165423,0.029804179303165423,0.7,0.663785514156356,2.0064367802071494,0.663785514156356,0.04589161783767727,0.1756811000488262,0.0,0.0,0.021621380826207792,0.09999999999999998,-0.2272727272727273,-0.20000000000000007,-0.15999999999999992,-0.1806371819669692,-0.23041474654377886,-0.3228190112591826,-0.18989898989898996,-0.18400000000000016,0.015259703443582434,0.007766437870203535,0.015370362736198573,0.021621380826207792,-0.021621380826207792,-0.033333333333333326,0.0003917494447579495,0.02581485917326476,0.0003917494447579495,-0.007433391012389337,-0.001614260751821528,0.0
mifal_controlled_degradation_v0,random_dropout_mcar_25,random_value_dropout,core,evaluated,20260613,observable_no_current_chla,test,3,wqp,bloom_h,mifal_probability_bloom_calibrated,0.135593220338983,True,30,30,1.0,5,0.16666666666666666,11,0.36666666666666664,0.13686248736350123,17,8,2,3,0.2727272727272727,0.6,0.68,0.5738636363636364,0.48387096774193544,0.2165408787114111,0.21010101010101007,0.6199999999999999,0.13485905053550712,0.4256978843713214,0.3112282925571981,-0.029804179303165423,0.029804179303165423,0.7,0.663785514156356,2.0064367802071494,0.663785514156356,0.04589161783767727,0.1756811000488262,0.0,0.0,0.021621380826207792,0.09999999999999998,-0.2272727272727273,-0.20000000000000007,-0.15999999999999992,-0.1806371819669692,-0.23041474654377886,-0.3228190112591826,-0.18989898989898996,-0.18400000000000016,0.015259703443582434,0.007766437870203535,0.015370362736198573,0.021621380826207792,-0.021621380826207792,-0.033333333333333326,0.0003917494447579495,0.02581485917326476,0.0003917494447579495,-0.007433391012389337,-0.001614260751821528,0.0
mifal_controlled_degradation_v0,random_dropout_mcar_25,random_value_dropout,core,evaluated,20260613,observable_no_current_chla,validation,1,all,bloom_h,mifal_probability_bloom_calibrated,0.1496598639455782,True,30,30,1.0,4,0.13333333333333333,15,0.5,0.16288399678087964,14,12,1,3,0.2,0.75,0.5384615384615384,0.4993581514762516,0.48387096774193544,0.19611613513818404,0.19404761904761902,0.6586538461538461,0.11218943294210122,0.353570062028154,0.2539481470966864,0.02955066344754631,0.02955066344754631,0.8333333333333334,0.6676607967394869,1.6526876172105314,0.6676607967394869,0.043186922238224595,0.173186861467487,0.0,0.0,0.028830310667866427,0.13333333333333336,-0.0727272727272727,0.0,-0.15384615384615385,-0.10064184852374847,-0.07168458781362014,-0.11589350958878591,-0.06428571428571428,-0.07692307692307698,0.009633248074341724,0.006701700198939842,0.014415155333933172,0.028830310667866427,0.028830310667866427,0.0,0.005131897053623713,-0.02327894530561747,0.005131897053623713,-0.005521983235694854,-0.0036079554564877325,0.0
mifal_controlled_degradation_v0,random_dropout_mcar_25,random_value_dropout,core,evaluated,20260613,observable_no_current_chla,validation,1,wqp,bloom_h,mifal_probability_bloom_calibrated,0.1496598639455782,True,30,30,1.0,4,0.13333333333333333,15,0.5,0.16288399678087964,14,12,1,3,0.2,0.75,0.5384615384615384,0.4993581514762516,0.48387096774193544,0.19611613513818404,0.19404761904761902,0.6586538461538461,0.11218943294210122,0.353570062028154,0.2539481470966864,0.02955066344754631,0.02955066344754631,0.8333333333333334,0.6676607967394869,1.6526876172105314,0.6676607967394869,0.043186922238224595,0.173186861467487,0.0,0.0,0.028830310667866427,0.13333333333333336,-0.0727272727272727,0.0,-0.15384615384615385,-0.10064184852374847,-0.07168458781362014,-0.11589350958878591,-0.06428571428571428,-0.07692307692307698,0.009633248074341724,0.006701700198939842,0.014415155333933172,0.028830310667866427,0.028830310667866427,0.0,0.005131897053623713,-0.02327894530561747,0.005131897053623713,-0.005521983235694854,-0.0036079554564877325,0.0
mifal_controlled_degradation_v0,random_dropout_mcar_25,random_value_dropout,core,evaluated,20260613,observable_no_current_chla,validation,2,all,bloom_h,mifal_probability_bloom_calibrated,0.1111111111111111,True,30,30,1.0,4,0.13333333333333333,14,0.4666666666666667,0.15270275261334165,14,12,2,2,0.14285714285714285,0.5,0.5384615384615384,0.4444444444444444,0.3333333333333333,0.026207120918047958,0.12161172161172161,0.375,0.12811354131202565,0.4511047432968284,0.3281740824112319,0.01936941928000832,0.01936941928000832,0.7666666666666667,0.6665565366935514,2.127041430235819,0.6665565366935514,0.04454405875190066,0.17401103524304695,0.0,0.0,0.023656126482213435,0.13333333333333336,-0.05714285714285716,0.0,-0.15384615384615385,-0.0897170462387854,-0.051282051282051266,-0.11246792813825933,-0.022108085151563414,-0.14903846153846156,0.00799369146150164,0.005476998477406347,0.012147928560972132,0.023656126482213435,0.015082712077803206,0.0,0.004833656974557843,0.016935592715080272,0.004833656974557843,-0.004421956314262315,-0.0032494214659044285,0.0
mifal_controlled_degradation_v0,random_dropout_mcar_25,random_value_dropout,core,evaluated,20260613,observable_no_current_chla,validation,2,wqp,bloom_h,mifal_probability_bloom_calibrated,0.1111111111111111,True,30,30,1.0,4,0.13333333333333333,14,0.4666666666666667,0.15270275261334165,14,12,2,2,0.14285714285714285,0.5,0.5384615384615384,0.4444444444444444,0.3333333333333333,0.026207120918047958,0.12161172161172161,0.375,0.12811354131202565,0.4511047432968284,0.3281740824112319,0.01936941928000832,0.01936941928000832,0.7666666666666667,0.6665565366935514,2.127041430235819,0.6665565366935514,0.04454405875190066,0.17401103524304695,0.0,0.0,0.023656126482213435,0.13333333333333336,-0.05714285714285716,0.0,-0.15384615384615385,-0.0897170462387854,-0.051282051282051266,-0.11246792813825933,-0.022108085151563414,-0.14903846153846156,0.00799369146150164,0.005476998477406347,0.012147928560972132,0.023656126482213435,0.015082712077803206,0.0,0.004833656974557843,0.016935592715080272,0.004833656974557843,-0.004421956314262315,-0.0032494214659044285,0.0
mifal_controlled_degradation_v0,random_dropout_mcar_25,random_value_dropout,core,evaluated,20260613,observable_no_current_chla,validation,3,all,bloom_h,mifal_probability_bloom_calibrated,0.135593220338983,True,30,30,1.0,2,0.06666666666666667,16,0.5333333333333333,0.16944158930396364,13,15,1,1,0.0625,0.5,0.4642857142857143,0.3650793650793651,0.20833333333333334,-0.017857142857142856,0.06666666666666667,0.48214285714285715,0.08169804138188685,0.39436188198515176,0.29745425941599396,0.10277492263729697,0.10277492263729697,0.7333333333333333,0.6694461121020401,1.7247546674545429,0.6694461121020401,0.04179635085808114,0.17210961050304757,0.0,0.0,0.016899418814665335,0.09999999999999998,-0.014423076923076927,0.0,-0.1071428571428571,-0.057142857142857106,-0.029761904761904767,-0.05381301612197383,-0.005128205128205124,-0.04464285714285715,0.005348410088497096,0.010732877808281638,0.020092324747740975,0.016899418814665335,0.016899418814665335,-0.03333333333333344,-0.00012734235454869847,0.02101935629311824,-0.00012734235454869847,-0.006248269873828309,-0.0009675493993926698,0.0
mifal_controlled_degradation_v0,random_dropout_mcar_25,random_value_dropout,core,evaluated,20260613,observable_no_current_chla,validation,3,wqp,bloom_h,mifal_probability_bloom_calibrated,0.135593220338983,True,30,30,1.0,2,0.06666666666666667,16,0.5333333333333333,0.16944158930396364,13,15,1,1,0.0625,0.5,0.4642857142857143,0.3650793650793651,0.20833333333333334,-0.017857142857142856,0.06666666666666667,0.48214285714285715,0.08169804138188685,0.39436188198515176,0.29745425941599396,0.10277492263729697,0.10277492263729697,0.7333333333333333,0.6694461121020401,1.7247546674545429,0.6694461121020401,0.04179635085808114,0.17210961050304757,0.0,0.0,0.016899418814665335,0.09999999999999998,-0.014423076923076927,0.0,-0.1071428571428571,-0.057142857142857106,-0.029761904761904767,-0.05381301612197383,-0.005128205128205124,-0.04464285714285715,0.005348410088497096,0.010732877808281638,0.020092324747740975,0.016899418814665335,0.016899418814665335,-0.03333333333333344,-0.00012734235454869847,0.02101935629311824,-0.00012734235454869847,-0.006248269873828309,-0.0009675493993926698,0.0
mifal_controlled_degradation_v0,random_dropout_mcar_25,random_value_dropout,core,evaluated,20260614,observable_no_current_chla,test,1,all,bloom_h,mifal_probability_bloom_calibrated,0.1496598639455782,True,30,30,1.0,2,0.06666666666666667,9,0.3,0.1200625035413873,19,9,2,0,0.0,0.0,0.6785714285714286,0.3877551020408163,0.0,-0.1749635530559413,0.08333333333333334,0.4910714285714286,0.07558362217527845,0.38911904253227925,0.2803188329137727,0.05339583687472063,0.05339583687472063,0.7,0.6613045228945323,1.566569155826214,0.6613045228945323,0.04248239749147789,0.17640158898856104,0.0,0.0,0.025338771359568663,0.09999999999999998,-0.3333333333333333,-1.0,-0.1785714285714285,-0.32378335949764525,-0.7142857142857143,-0.70948603688079,-0.41666666666666663,-0.4732142857142856,0.031108442496919443,0.016281468321538706,0.020296647221367703,0.025338771359568663,0.025338771359568663,0.0,0.013264665352947902,-0.16692319895548913,0.013264665352947902,-0.010116183184178049,-0.008847942408928777,0.0
mifal_controlled_degradation_v0,random_dropout_mcar_25,random_value_dropout,core,evaluated,20260614,observable_no_current_chla,test,1,wqp,bloom_h,mifal_probability_bloom_calibrated,0.1496598639455782,True,30,30,1.0,2,0.06666666666666667,9,0.3,0.1200625035413873,19,9,2,0,0.0,0.0,0.6785714285714286,0.3877551020408163,0.0,-0.1749635530559413,0.08333333333333334,0.4910714285714286,0.07558362217527845,0.38911904253227925,0.2803188329137727,0.05339583687472063,0.05339583687472063,0.7,0.6613045228945323,1.566569155826214,0.6613045228945323,0.04248239749147789,0.17640158898856104,0.0,0.0,0.025338771359568663,0.09999999999999998,-0.3333333333333333,-1.0,-0.1785714285714285,-0.32378335949764525,-0.7142857142857143,-0.70948603688079,-0.41666666666666663,-0.4732142857142856,0.031108442496919443,0.016281468321538706,0.020296647221367703,0.025338771359568663,0.025338771359568663,0.0,0.013264665352947902,-0.16692319895548913,0.013264665352947902,-0.010116183184178049,-0.008847942408928777,0.0
mifal_controlled_degradation_v0,random_dropout_mcar_25,random_value_dropout,core,evaluated,20260614,observable_no_current_chla,test,2,all,bloom_h,mifal_probability_bloom_calibrated,0.1111111111111111,True,30,30,1.0,8,0.26666666666666666,17,0.5666666666666667,0.15573001934585137,11,11,2,6,0.35294117647058826,0.75,0.5,0.5542857142857143,0.6122448979591837,0.22310032643658007,0.37615740740740744,0.6448863636363635,0.19417192007256928,0.504778669282842,0.4017700597758356,-0.11093664732081529,0.11093664732081529,0.6,0.6752101934600615,2.686783908814669,0.6752101934600615,0.04719840025366827,0.16994614579530284,0.0,0.0,0.021082920820772455,0.1333333333333333,-0.1085972850678733,0.0,-0.18181818181818177,-0.11604395604395612,-0.05442176870748294,-0.16225478286296735,-0.1367432336182336,-0.0795454545454547,0.006995901000513338,-0.003992018627890004,-0.0011027543996416367,0.021082920820772455,-0.021082920820772455,0.0,0.008176556905678423,-0.0878690202928043,0.008176556905678423,-0.01059507019152707,-0.006161907461296634,0.0
mifal_controlled_degradation_v0,random_dropout_mcar_25,random_value_dropout,core,evaluated,20260614,observable_no_current_chla,test,2,wqp,bloom_h,mifal_probability_bloom_calibrated,0.1111111111111111,True,30,30,1.0,8,0.26666666666666666,17,0.5666666666666667,0.15573001934585137,11,11,2,6,0.35294117647058826,0.75,0.5,0.5542857142857143,0.6122448979591837,0.22310032643658007,0.37615740740740744,0.6448863636363635,0.19417192007256928,0.504778669282842,0.4017700597758356,-0.11093664732081529,0.11093664732081529,0.6,0.6752101934600615,2.686783908814669,0.6752101934600615,0.04719840025366827,0.16994614579530284,0.0,0.0,0.021082920820772455,0.1333333333333333,-0.1085972850678733,0.0,-0.18181818181818177,-0.11604395604395612,-0.05442176870748294,-0.16225478286296735,-0.1367432336182336,-0.0795454545454547,0.006995901000513338,-0.003992018627890004,-0.0011027543996416367,0.021082920820772455,-0.021082920820772455,0.0,0.008176556905678423,-0.0878690202928043,0.008176556905678423,-0.01059507019152707,-0.006161907461296634,0.0
mifal_controlled_degradation_v0,random_dropout_mcar_25,random_value_dropout,core,evaluated,20260614,observable_no_current_chla,test,3,all,bloom_h,mifal_probability_bloom_calibrated,0.135593220338983,True,30,30,1.0,5,0.16666666666666666,11,0.36666666666666664,0.13128000814374954,18,7,1,4,0.36363636363636365,0.8,0.72,0.6590909090909092,0.6451612903225806,0.40214734617833486,0.25653679653679656,0.7040000000000001,0.12975904195957283,0.440603516605703,0.32914135296441854,-0.035386658522917114,0.035386658522917114,0.7333333333333333,0.6601676842517691,2.038264906759665,0.6601676842517691,0.04633777042242963,0.17771088342136812,0.0,0.0,0.016038901606456102,0.09999999999999998,-0.13636363636363635,0.0,-0.12,-0.09540990923969639,-0.06912442396313367,-0.13721254379225883,-0.14346320346320346,-0.09999999999999998,0.010159694867648145,0.022672070104585162,0.03328342314341903,0.016038901606456102,-0.016038901606456102,0.0,-0.0032260804598289727,0.057642985725780305,-0.0032260804598289727,-0.006987238427636974,0.00041552262072039325,0.0
mifal_controlled_degradation_v0,random_dropout_mcar_25,random_value_dropout,core,evaluated,20260614,observable_no_current_chla,test,3,wqp,bloom_h,mifal_probability_bloom_calibrated,0.135593220338983,True,30,30,1.0,5,0.16666666666666666,11,0.36666666666666664,0.13128000814374954,18,7,1,4,0.36363636363636365,0.8,0.72,0.6590909090909092,0.6451612903225806,0.40214734617833486,0.25653679653679656,0.7040000000000001,0.12975904195957283,0.440603516605703,0.32914135296441854,-0.035386658522917114,0.035386658522917114,0.7333333333333333,0.6601676842517691,2.038264906759665,0.6601676842517691,0.04633777042242963,0.17771088342136812,0.0,0.0,0.016038901606456102,0.09999999999999998,-0.13636363636363635,0.0,-0.12,-0.09540990923969639,-0.06912442396313367,-0.13721254379225883,-0.14346320346320346,-0.09999999999999998,0.010159694867648145,0.022672070104585162,0.03328342314341903,0.016038901606456102,-0.016038901606456102,0.0,-0.0032260804598289727,0.057642985725780305,-0.0032260804598289727,-0.006987238427636974,0.00041552262072039325,0.0
mifal_controlled_degradation_v0,random_dropout_mcar_25,random_value_dropout,core,evaluated,20260614,observable_no_current_chla,validation,1,all,bloom_h,mifal_probability_bloom_calibrated,0.1496598639455782,True,30,30,1.0,4,0.13333333333333333,15,0.5,0.15451587279192794,14,12,1,3,0.2,0.75,0.5384615384615384,0.4993581514762516,0.48387096774193544,0.19611613513818404,0.15416666666666667,0.5432692307692308,0.1253705538382552,0.37174306941588925,0.2623162710856382,0.021182539458594607,0.021182539458594607,0.8333333333333334,0.6631106929539535,1.6623433691766751,0.6631106929539535,0.040226016690946956,0.1750474102214409,0.0,0.0,0.020462186678914723,0.13333333333333336,-0.0727272727272727,0.0,-0.15384615384615385,-0.10064184852374847,-0.07168458781362014,-0.11589350958878591,-0.10416666666666663,-0.1923076923076923,0.022814368970495713,0.024874707586675093,0.022783279322884986,0.020462186678914723,0.020462186678914723,0.0,0.0005817932680903803,-0.013623193339473705,0.0005817932680903803,-0.008482888782972493,-0.0017474067025338158,0.0
mifal_controlled_degradation_v0,random_dropout_mcar_25,random_value_dropout,core,evaluated,20260614,observable_no_current_chla,validation,1,wqp,bloom_h,mifal_probability_bloom_calibrated,0.1496598639455782,True,30,30,1.0,4,0.13333333333333333,15,0.5,0.15451587279192794,14,12,1,3,0.2,0.75,0.5384615384615384,0.4993581514762516,0.48387096774193544,0.19611613513818404,0.15416666666666667,0.5432692307692308,0.1253705538382552,0.37174306941588925,0.2623162710856382,0.021182539458594607,0.021182539458594607,0.8333333333333334,0.6631106929539535,1.6623433691766751,0.6631106929539535,0.040226016690946956,0.1750474102214409,0.0,0.0,0.020462186678914723,0.13333333333333336,-0.0727272727272727,0.0,-0.15384615384615385,-0.10064184852374847,-0.07168458781362014,-0.11589350958878591,-0.10416666666666663,-0.1923076923076923,0.022814368970495713,0.024874707586675093,0.022783279322884986,0.020462186678914723,0.020462186678914723,0.0,0.0005817932680903803,-0.013623193339473705,0.0005817932680903803,-0.008482888782972493,-0.0017474067025338158,0.0
mifal_controlled_degradation_v0,random_dropout_mcar_25,random_value_dropout,core,evaluated,20260614,observable_no_current_chla,validation,2,all,bloom_h,mifal_probability_bloom_calibrated,0.1111111111111111,True,30,30,1.0,4,0.13333333333333333,9,0.3,0.11666195162688853,18,8,3,1,0.1111111111111111,0.25,0.6923076923076923,0.45990180032733224,0.2,-0.04279604925109129,0.11618357487922705,0.3365384615384615,0.1277303165450297,0.479445582707537,0.34002715338701317,-0.016671381706444804,0.016671381706444804,0.7333333333333333,0.6604882746515062,2.1718249236544906,0.6604882746515062,0.04031263092618455,0.17644116089338238,0.0,0.0,-0.01238467450423969,-0.033333333333333326,-0.0888888888888889,-0.25,0.0,-0.07425969035589758,-0.18461538461538457,-0.18147109830739858,-0.027536231884057974,-0.18750000000000006,0.007610466694505685,0.03381783788811493,0.024000999536753387,-0.01238467450423969,0.01238467450423969,-0.03333333333333344,-0.0012346050674874043,0.061719086133751766,-0.0012346050674874043,-0.008653384139978425,-0.0008192958155689989,0.0
mifal_controlled_degradation_v0,random_dropout_mcar_25,random_value_dropout,core,evaluated,20260614,observable_no_current_chla,validation,2,wqp,bloom_h,mifal_probability_bloom_calibrated,0.1111111111111111,True,30,30,1.0,4,0.13333333333333333,9,0.3,0.11666195162688853,18,8,3,1,0.1111111111111111,0.25,0.6923076923076923,0.45990180032733224,0.2,-0.04279604925109129,0.11618357487922705,0.3365384615384615,0.1277303165450297,0.479445582707537,0.34002715338701317,-0.016671381706444804,0.016671381706444804,0.7333333333333333,0.6604882746515062,2.1718249236544906,0.6604882746515062,0.04031263092618455,0.17644116089338238,0.0,0.0,-0.01238467450423969,-0.033333333333333326,-0.0888888888888889,-0.25,0.0,-0.07425969035589758,-0.18461538461538457,-0.18147109830739858,-0.027536231884057974,-0.18750000000000006,0.007610466694505685,0.03381783788811493,0.024000999536753387,-0.01238467450423969,0.01238467450423969,-0.03333333333333344,-0.0012346050674874043,0.061719086133751766,-0.0012346050674874043,-0.008653384139978425,-0.0008192958155689989,0.0
mifal_controlled_degradation_v0,random_dropout_mcar_25,random_value_dropout,core,evaluated,20260614,observable_no_current_chla,validation,3,all,bloom_h,mifal_probability_bloom_calibrated,0.135593220338983,True,30,30,1.0,2,0.06666666666666667,17,0.5666666666666667,0.17385423092590757,12,16,1,1,0.058823529411764705,0.5,0.42857142857142855,0.3453145057766367,0.19999999999999998,-0.035955873264830976,0.06666666666666667,0.48214285714285715,0.08296105150623576,0.39949296706123266,0.3126019493411596,0.1071875642592409,0.1071875642592409,0.7333333333333333,0.6670815485688288,1.7213453563040337,0.6670815485688288,0.03981767069477713,0.17287579501936204,0.0,0.0,0.02131206043660927,0.1333333333333333,-0.018099547511312222,0.0,-0.14285714285714285,-0.07690771644558553,-0.038095238095238126,-0.07191174652966195,-0.005128205128205124,-0.04464285714285715,0.006611420212845998,0.015863962884362537,0.035240014672906605,0.02131206043660927,0.02131206043660927,-0.03333333333333344,-0.0024919058877599376,0.01761004514260911,-0.0024919058877599376,-0.008226950037132315,-0.00020136488307820333,0.0
mifal_controlled_degradation_v0,random_dropout_mcar_25,random_value_dropout,core,evaluated,20260614,observable_no_current_chla,validation,3,wqp,bloom_h,mifal_probability_bloom_calibrated,0.135593220338983,True,30,30,1.0,2,0.06666666666666667,17,0.5666666666666667,0.17385423092590757,12,16,1,1,0.058823529411764705,0.5,0.42857142857142855,0.3453145057766367,0.19999999999999998,-0.035955873264830976,0.06666666666666667,0.48214285714285715,0.08296105150623576,0.39949296706123266,0.3126019493411596,0.1071875642592409,0.1071875642592409,0.7333333333333333,0.6670815485688288,1.7213453563040337,0.6670815485688288,0.03981767069477713,0.17287579501936204,0.0,0.0,0.02131206043660927,0.1333333333333333,-0.018099547511312222,0.0,-0.14285714285714285,-0.07690771644558553,-0.038095238095238126,-0.07191174652966195,-0.005128205128205124,-0.04464285714285715,0.006611420212845998,0.015863962884362537,0.035240014672906605,0.02131206043660927,0.02131206043660927,-0.03333333333333344,-0.0024919058877599376,0.01761004514260911,-0.0024919058877599376,-0.008226950037132315,-0.00020136488307820333,0.0
mifal_controlled_degradation_v0,temporal_blocks_3m_rate_10,temporal_block_missingness,core,evaluated,20260612,observable_no_current_chla,test,1,all,bloom_h,mifal_probability_bloom_calibrated,0.1496598639455782,True,30,30,1.0,2,0.06666666666666667,6,0.2,0.09472373218181863,24,4,0,2,0.3333333333333333,1.0,0.8571428571428571,0.7115384615384616,0.7142857142857143,0.5345224838248488,0.5,0.9642857142857142,0.044475179678359004,0.37283757421074054,0.260022185692405,0.02805706551515197,0.02805706551515197,0.7,0.6472667700597372,1.732719267299856,0.6472667700597372,0.049178530822283364,0.18505180144633965,0.0,0.0,0.0,0.0,0.0,0.0,0.0,0.0,0.0,0.0,0.0,0.0,0.0,0.0,0.0,0.0,0.0,0.0,-0.0007730874818472344,-0.0007730874818472344,-0.0007730874818472344,-0.0034200498533725754,-0.00019772995115016623,0.0
mifal_controlled_degradation_v0,temporal_blocks_3m_rate_10,temporal_block_missingness,core,evaluated,20260612,observable_no_current_chla,test,1,wqp,bloom_h,mifal_probability_bloom_calibrated,0.1496598639455782,True,30,30,1.0,2,0.06666666666666667,6,0.2,0.09472373218181863,24,4,0,2,0.3333333333333333,1.0,0.8571428571428571,0.7115384615384616,0.7142857142857143,0.5345224838248488,0.5,0.9642857142857142,0.044475179678359004,0.37283757421074054,0.260022185692405,0.02805706551515197,0.02805706551515197,0.7,0.6472667700597372,1.732719267299856,0.6472667700597372,0.049178530822283364,0.18505180144633965,0.0,0.0,0.0,0.0,0.0,0.0,0.0,0.0,0.0,0.0,0.0,0.0,0.0,0.0,0.0,0.0,0.0,0.0,-0.0007730874818472344,-0.0007730874818472344,-0.0007730874818472344,-0.0034200498533725754,-0.00019772995115016623,0.0
mifal_controlled_degradation_v0,temporal_blocks_3m_rate_10,temporal_block_missingness,core,evaluated,20260612,observable_no_current_chla,test,2,all,bloom_h,mifal_probability_bloom_calibrated,0.1111111111111111,True,30,30,1.0,8,0.26666666666666666,13,0.43333333333333335,0.13464709852507892,15,7,2,6,0.46153846153846156,0.75,0.6818181818181818,0.6703296703296704,0.6666666666666666,0.3853551092995474,0.512900641025641,0.7244318181818182,0.18717601907205594,0.508770687910732,0.4028728141754772,-0.13201956814158775,0.13201956814158775,0.6,0.6670336365543831,2.7746529291074733,0.6670336365543831,0.05779347044519534,0.17610805325659948,0.0,0.0,0.0,0.0,0.0,0.0,0.0,0.0,0.0,0.0,0.0,0.0,0.0,0.0,0.0,0.0,0.0,0.0,0.0,0.0,0.0,0.0,0.0,0.0
mifal_controlled_degradation_v0,temporal_blocks_3m_rate_10,temporal_block_missingness,core,evaluated,20260612,observable_no_current_chla,test,2,wqp,bloom_h,mifal_probability_bloom_calibrated,0.1111111111111111,True,30,30,1.0,8,0.26666666666666666,13,0.43333333333333335,0.13464709852507892,15,7,2,6,0.46153846153846156,0.75,0.6818181818181818,0.6703296703296704,0.6666666666666666,0.3853551092995474,0.512900641025641,0.7244318181818182,0.18717601907205594,0.508770687910732,0.4028728141754772,-0.13201956814158775,0.13201956814158775,0.6,0.6670336365543831,2.7746529291074733,0.6670336365543831,0.05779347044519534,0.17610805325659948,0.0,0.0,0.0,0.0,0.0,0.0,0.0,0.0,0.0,0.0,0.0,0.0,0.0,0.0,0.0,0.0,0.0,0.0,0.0,0.0,0.0,0.0,0.0,0.0
mifal_controlled_degradation_v0,temporal_blocks_3m_rate_10,temporal_block_missingness,core,evaluated,20260612,observable_no_current_chla,test,3,all,bloom_h,mifal_probability_bloom_calibrated,0.135593220338983,True,30,30,1.0,5,0.16666666666666666,6,0.2,0.10610343128290033,22,3,2,3,0.5,0.6,0.88,0.7217068645640075,0.5769230769230769,0.447213595499958,0.33333333333333326,0.7280000000000001,0.1261644056198349,0.43362231201238916,0.30499560507539264,-0.06056323538376633,0.06056323538376633,0.7333333333333333,0.6623356238357696,2.010782728502247,0.6623356238357696,0.04782294628489752,0.1768940304715295,0.0,0.0,-0.009137675254393116,-0.06666666666666665,0.0,-0.20000000000000007,0.040000000000000036,-0.032793953766598105,-0.13736263736263743,-0.09214629447063571,-0.06666666666666676,-0.07599999999999996,0.006565058527910228,0.0156908655112713,0.00913767525439313,-0.009137675254393116,0.009137675254393116,0.0,-0.0010581408758284505,0.03016080746836214,-0.0010581408758284505,-0.005502062565169087,-0.00040133032911823796,0.0
mifal_controlled_degradation_v0,temporal_blocks_3m_rate_10,temporal_block_missingness,core,evaluated,20260612,observable_no_current_chla,test,3,wqp,bloom_h,mifal_probability_bloom_calibrated,0.135593220338983,True,30,30,1.0,5,0.16666666666666666,6,0.2,0.10610343128290033,22,3,2,3,0.5,0.6,0.88,0.7217068645640075,0.5769230769230769,0.447213595499958,0.33333333333333326,0.7280000000000001,0.1261644056198349,0.43362231201238916,0.30499560507539264,-0.06056323538376633,0.06056323538376633,0.7333333333333333,0.6623356238357696,2.010782728502247,0.6623356238357696,0.04782294628489752,0.1768940304715295,0.0,0.0,-0.009137675254393116,-0.06666666666666665,0.0,-0.20000000000000007,0.040000000000000036,-0.032793953766598105,-0.13736263736263743,-0.09214629447063571,-0.06666666666666676,-0.07599999999999996,0.006565058527910228,0.0156908655112713,0.00913767525439313,-0.009137675254393116,0.009137675254393116,0.0,-0.0010581408758284505,0.03016080746836214,-0.0010581408758284505,-0.005502062565169087,-0.00040133032911823796,0.0
mifal_controlled_degradation_v0,temporal_blocks_3m_rate_10,temporal_block_missingness,core,evaluated,20260612,observable_no_current_chla,validation,1,all,bloom_h,mifal_probability_bloom_calibrated,0.1496598639455782,True,30,30,1.0,4,0.13333333333333333,11,0.36666666666666664,0.13405368611301322,18,8,1,3,0.2727272727272727,0.75,0.6923076923076923,0.6000000000000001,0.5555555555555556,0.31200964472696996,0.2583333333333333,0.7355769230769231,0.1025561848677595,0.34686836182921416,0.23953299176275322,0.0007203527796798836,0.0007203527796798836,0.8333333333333334,0.6617616418847592,1.675199304715045,0.6617616418847592,0.04719999088665204,0.17692883409829596,0.0,0.0,0.0,0.0,0.0,0.0,0.0,0.0,0.0,0.0,0.0,0.0,0.0,0.0,0.0,0.0,0.0,0.0,-0.0007672578011039821,-0.0007672578011037601,-0.0007672578011039821,-0.0015089145872674084,0.00013401717432123816,0.0
mifal_controlled_degradation_v0,temporal_blocks_3m_rate_10,temporal_block_missingness,core,evaluated,20260612,observable_no_current_chla,validation,1,wqp,bloom_h,mifal_probability_bloom_calibrated,0.1496598639455782,True,30,30,1.0,4,0.13333333333333333,11,0.36666666666666664,0.13405368611301322,18,8,1,3,0.2727272727272727,0.75,0.6923076923076923,0.6000000000000001,0.5555555555555556,0.31200964472696996,0.2583333333333333,0.7355769230769231,0.1025561848677595,0.34686836182921416,0.23953299176275322,0.0007203527796798836,0.0007203527796798836,0.8333333333333334,0.6617616418847592,1.675199304715045,0.6617616418847592,0.04719999088665204,0.17692883409829596,0.0,0.0,0.0,0.0,0.0,0.0,0.0,0.0,0.0,0.0,0.0,0.0,0.0,0.0,0.0,0.0,0.0,0.0,-0.0007672578011039821,-0.0007672578011037601,-0.0007672578011039821,-0.0015089145872674084,0.00013401717432123816,0.0
mifal_controlled_degradation_v0,temporal_blocks_3m_rate_10,temporal_block_missingness,core,evaluated,20260612,observable_no_current_chla,validation,2,all,bloom_h,mifal_probability_bloom_calibrated,0.1111111111111111,True,30,30,1.0,4,0.13333333333333333,8,0.26666666666666666,0.11564258808824027,20,6,2,2,0.25,0.5,0.7692307692307693,0.5833333333333334,0.4166666666666667,0.2069593385961789,0.16488095238095235,0.5096153846153846,0.11635693854242884,0.44454875633177515,0.30991751469261314,-0.017690745245093065,0.017690745245093065,0.7666666666666667,0.6571213463284805,2.12082780315782,0.6571213463284805,0.037705492893422045,0.17772262616135687,0.0,0.0,-0.01340403804288795,-0.06666666666666665,0.04999999999999999,0.0,0.07692307692307698,0.04917184265010355,0.032051282051282104,0.06828428953987162,0.021161145617667326,-0.014423076923076983,-0.003762911308095168,-0.0010789884876469258,-0.006108639157646645,-0.01340403804288795,0.01340403804288795,0.0,-0.004601533390513057,0.010721965637081166,-0.004601533390513057,-0.011260522172740928,0.00046216945240548646,0.0
mifal_controlled_degradation_v0,temporal_blocks_3m_rate_10,temporal_block_missingness,core,evaluated,20260612,observable_no_current_chla,validation,2,wqp,bloom_h,mifal_probability_bloom_calibrated,0.1111111111111111,True,30,30,1.0,4,0.13333333333333333,8,0.26666666666666666,0.11564258808824027,20,6,2,2,0.25,0.5,0.7692307692307693,0.5833333333333334,0.4166666666666667,0.2069593385961789,0.16488095238095235,0.5096153846153846,0.11635693854242884,0.44454875633177515,0.30991751469261314,-0.017690745245093065,0.017690745245093065,0.7666666666666667,0.6571213463284805,2.12082780315782,0.6571213463284805,0.037705492893422045,0.17772262616135687,0.0,0.0,-0.01340403804288795,-0.06666666666666665,0.04999999999999999,0.0,0.07692307692307698,0.04917184265010355,0.032051282051282104,0.06828428953987162,0.021161145617667326,-0.014423076923076983,-0.003762911308095168,-0.0010789884876469258,-0.006108639157646645,-0.01340403804288795,0.01340403804288795,0.0,-0.004601533390513057,0.010721965637081166,-0.004601533390513057,-0.011260522172740928,0.00046216945240548646,0.0
mifal_controlled_degradation_v0,temporal_blocks_3m_rate_10,temporal_block_missingness,core,evaluated,20260612,observable_no_current_chla,validation,3,all,bloom_h,mifal_probability_bloom_calibrated,0.135593220338983,True,30,30,1.0,2,0.06666666666666667,11,0.36666666666666664,0.1402115893018295,18,10,1,1,0.09090909090909091,0.5,0.6428571428571429,0.45990180032733224,0.26315789473684215,0.07394738666465356,0.0787878787878788,0.5625,0.07228752956813408,0.4031265869857588,0.2896925158557217,0.07354492263516284,0.07354492263516284,0.7666666666666667,0.6665539818831917,1.719830914549299,0.6665539818831917,0.0366840719262606,0.1727179561955707,0.0,0.0,-0.012330581187468798,-0.06666666666666671,0.013986013986013984,0.0,0.07142857142857151,0.03767957810511002,0.025062656641604036,0.03799151339982258,0.006993006993007006,0.0357142857142857,-0.0040621017252556735,0.01949758280888869,0.012330581187468714,-0.012330581187468798,-0.012330581187468798,0.0,-0.003019472573397075,0.016095603387874302,-0.003019472573397075,-0.011360548805648844,-0.0003592037068695375,0.0
mifal_controlled_degradation_v0,temporal_blocks_3m_rate_10,temporal_block_missingness,core,evaluated,20260612,observable_no_current_chla,validation,3,wqp,bloom_h,mifal_probability_bloom_calibrated,0.135593220338983,True,30,30,1.0,2,0.06666666666666667,11,0.36666666666666664,0.1402115893018295,18,10,1,1,0.09090909090909091,0.5,0.6428571428571429,0.45990180032733224,0.26315789473684215,0.07394738666465356,0.0787878787878788,0.5625,0.07228752956813408,0.4031265869857588,0.2896925158557217,0.07354492263516284,0.07354492263516284,0.7666666666666667,0.6665539818831917,1.719830914549299,0.6665539818831917,0.0366840719262606,0.1727179561955707,0.0,0.0,-0.012330581187468798,-0.06666666666666671,0.013986013986013984,0.0,0.07142857142857151,0.03767957810511002,0.025062656641604036,0.03799151339982258,0.006993006993007006,0.0357142857142857,-0.0040621017252556735,0.01949758280888869,0.012330581187468714,-0.012330581187468798,-0.012330581187468798,0.0,-0.003019472573397075,0.016095603387874302,-0.003019472573397075,-0.011360548805648844,-0.0003592037068695375,0.0
mifal_controlled_degradation_v0,temporal_blocks_3m_rate_10,temporal_block_missingness,core,evaluated,20260613,observable_no_current_chla,test,1,all,bloom_h,mifal_probability_bloom_calibrated,0.1496598639455782,True,30,30,1.0,2,0.06666666666666667,6,0.2,0.09472373218181863,24,4,0,2,0.3333333333333333,1.0,0.8571428571428571,0.7115384615384616,0.7142857142857143,0.5345224838248488,0.5,0.9642857142857142,0.044475179678359004,0.37283757421074054,0.260022185692405,0.02805706551515197,0.02805706551515197,0.7,0.6521562485790222,1.655280925070383,0.6521562485790222,0.05002881354444698,0.18257798534646627,0.0,0.0,0.0,0.0,0.0,0.0,0.0,0.0,0.0,0.0,0.0,0.0,0.0,0.0,0.0,0.0,0.0,0.0,0.004116391037437772,-0.07821142971132011,0.004116391037437772,-0.002569767131208961,-0.0026715460510235434,0.0
mifal_controlled_degradation_v0,temporal_blocks_3m_rate_10,temporal_block_missingness,core,evaluated,20260613,observable_no_current_chla,test,1,wqp,bloom_h,mifal_probability_bloom_calibrated,0.1496598639455782,True,30,30,1.0,2,0.06666666666666667,6,0.2,0.09472373218181863,24,4,0,2,0.3333333333333333,1.0,0.8571428571428571,0.7115384615384616,0.7142857142857143,0.5345224838248488,0.5,0.9642857142857142,0.044475179678359004,0.37283757421074054,0.260022185692405,0.02805706551515197,0.02805706551515197,0.7,0.6521562485790222,1.655280925070383,0.6521562485790222,0.05002881354444698,0.18257798534646627,0.0,0.0,0.0,0.0,0.0,0.0,0.0,0.0,0.0,0.0,0.0,0.0,0.0,0.0,0.0,0.0,0.0,0.0,0.004116391037437772,-0.07821142971132011,0.004116391037437772,-0.002569767131208961,-0.0026715460510235434,0.0
mifal_controlled_degradation_v0,temporal_blocks_3m_rate_10,temporal_block_missingness,core,evaluated,20260613,observable_no_current_chla,test,2,all,bloom_h,mifal_probability_bloom_calibrated,0.1111111111111111,True,30,30,1.0,8,0.26666666666666666,12,0.4,0.1284132015846602,15,7,3,5,0.4166666666666667,0.625,0.6818181818181818,0.625,0.5681818181818181,0.27695585470349865,0.4333104395604396,0.6193181818181819,0.19736001529582994,0.5186825706546667,0.40878684579603053,-0.13825346508200645,0.13825346508200645,0.6,0.6654902697870004,2.788716511487799,0.6654902697870004,0.05166508456783761,0.17587818152586052,0.0,0.0,-0.006233896940418704,-0.033333333333333326,-0.04487179487179488,-0.125,0.0,-0.04532967032967039,-0.09848484848484851,-0.10839925459604877,-0.07959020146520146,-0.10511363636363635,0.010183996223774,0.00991188274393473,0.005914031620553317,-0.006233896940418704,0.006233896940418704,0.0,-0.0015433667673826479,0.0140635823803259,-0.0015433667673826479,-0.006128385877357728,-0.00022987173073896194,0.0
mifal_controlled_degradation_v0,temporal_blocks_3m_rate_10,temporal_block_missingness,core,evaluated,20260613,observable_no_current_chla,test,2,wqp,bloom_h,mifal_probability_bloom_calibrated,0.1111111111111111,True,30,30,1.0,8,0.26666666666666666,12,0.4,0.1284132015846602,15,7,3,5,0.4166666666666667,0.625,0.6818181818181818,0.625,0.5681818181818181,0.27695585470349865,0.4333104395604396,0.6193181818181819,0.19736001529582994,0.5186825706546667,0.40878684579603053,-0.13825346508200645,0.13825346508200645,0.6,0.6654902697870004,2.788716511487799,0.6654902697870004,0.05166508456783761,0.17587818152586052,0.0,0.0,-0.006233896940418704,-0.033333333333333326,-0.04487179487179488,-0.125,0.0,-0.04532967032967039,-0.09848484848484851,-0.10839925459604877,-0.07959020146520146,-0.10511363636363635,0.010183996223774,0.00991188274393473,0.005914031620553317,-0.006233896940418704,0.006233896940418704,0.0,-0.0015433667673826479,0.0140635823803259,-0.0015433667673826479,-0.006128385877357728,-0.00022987173073896194,0.0
mifal_controlled_degradation_v0,temporal_blocks_3m_rate_10,temporal_block_missingness,core,evaluated,20260613,observable_no_current_chla,test,3,all,bloom_h,mifal_probability_bloom_calibrated,0.135593220338983,True,30,30,1.0,5,0.16666666666666666,7,0.23333333333333334,0.11067226891009689,22,3,1,4,0.5714285714285714,0.8,0.88,0.7916666666666666,0.7407407407407408,0.5991712703227052,0.4285714285714285,0.8160000000000001,0.11831303872868325,0.4244725463252224,0.30042676744819613,-0.055994397756569766,0.055994397756569766,0.7333333333333333,0.6624270278496023,1.9952646726989307,0.6624270278496023,0.04978555475159955,0.17718512831765357,0.0,0.0,-0.004568837627196551,-0.033333333333333326,0.0714285714285714,0.0,0.040000000000000036,0.03716584833606107,0.02645502645502651,0.05981138035211153,0.02857142857142847,0.01200000000000001,-0.0012863083632414368,0.006541099824104557,0.00456883762719662,-0.004568837627196551,0.004568837627196551,0.0,-0.0009667368619957761,0.014642751665046028,-0.0009667368619957761,-0.0035394540984670583,-0.00011023248299416033,0.0
mifal_controlled_degradation_v0,temporal_blocks_3m_rate_10,temporal_block_missingness,core,evaluated,20260613,observable_no_current_chla,test,3,wqp,bloom_h,mifal_probability_bloom_calibrated,0.135593220338983,True,30,30,1.0,5,0.16666666666666666,7,0.23333333333333334,0.11067226891009689,22,3,1,4,0.5714285714285714,0.8,0.88,0.7916666666666666,0.7407407407407408,0.5991712703227052,0.4285714285714285,0.8160000000000001,0.11831303872868325,0.4244725463252224,0.30042676744819613,-0.055994397756569766,0.055994397756569766,0.7333333333333333,0.6624270278496023,1.9952646726989307,0.6624270278496023,0.04978555475159955,0.17718512831765357,0.0,0.0,-0.004568837627196551,-0.033333333333333326,0.0714285714285714,0.0,0.040000000000000036,0.03716584833606107,0.02645502645502651,0.05981138035211153,0.02857142857142847,0.01200000000000001,-0.0012863083632414368,0.006541099824104557,0.00456883762719662,-0.004568837627196551,0.004568837627196551,0.0,-0.0009667368619957761,0.014642751665046028,-0.0009667368619957761,-0.0035394540984670583,-0.00011023248299416033,0.0
mifal_controlled_degradation_v0,temporal_blocks_3m_rate_10,temporal_block_missingness,core,evaluated,20260613,observable_no_current_chla,validation,1,all,bloom_h,mifal_probability_bloom_calibrated,0.1496598639455782,True,30,30,1.0,4,0.13333333333333333,11,0.36666666666666664,0.13405368611301322,18,8,1,3,0.2727272727272727,0.75,0.6923076923076923,0.6000000000000001,0.5555555555555556,0.31200964472696996,0.2583333333333333,0.7355769230769231,0.1025561848677595,0.34686836182921416,0.23953299176275322,0.0007203527796798836,0.0007203527796798836,0.8333333333333334,0.6616078200797982,1.6750454829100838,0.6616078200797982,0.04619216500409902,0.1768330076021543,0.0,0.0,0.0,0.0,0.0,0.0,0.0,0.0,0.0,0.0,0.0,0.0,0.0,0.0,0.0,0.0,0.0,0.0,-0.0009210796060649118,-0.0009210796060650228,-0.0009210796060649118,-0.002516740469820429,3.819067817958932e-05,0.0
mifal_controlled_degradation_v0,temporal_blocks_3m_rate_10,temporal_block_missingness,core,evaluated,20260613,observable_no_current_chla,validation,1,wqp,bloom_h,mifal_probability_bloom_calibrated,0.1496598639455782,True,30,30,1.0,4,0.13333333333333333,11,0.36666666666666664,0.13405368611301322,18,8,1,3,0.2727272727272727,0.75,0.6923076923076923,0.6000000000000001,0.5555555555555556,0.31200964472696996,0.2583333333333333,0.7355769230769231,0.1025561848677595,0.34686836182921416,0.23953299176275322,0.0007203527796798836,0.0007203527796798836,0.8333333333333334,0.6616078200797982,1.6750454829100838,0.6616078200797982,0.04619216500409902,0.1768330076021543,0.0,0.0,0.0,0.0,0.0,0.0,0.0,0.0,0.0,0.0,0.0,0.0,0.0,0.0,0.0,0.0,0.0,0.0,-0.0009210796060649118,-0.0009210796060650228,-0.0009210796060649118,-0.002516740469820429,3.819067817958932e-05,0.0
mifal_controlled_degradation_v0,temporal_blocks_3m_rate_10,temporal_block_missingness,core,evaluated,20260613,observable_no_current_chla,validation,2,all,bloom_h,mifal_probability_bloom_calibrated,0.1111111111111111,True,30,30,1.0,4,0.13333333333333333,9,0.3,0.1229726618506422,19,7,2,2,0.2222222222222222,0.5,0.7307692307692307,0.5581014729950899,0.4,0.17118419700436516,0.15422979797979797,0.5528846153846154,0.11817865541422047,0.4524583001210947,0.32210011813074585,-0.010360671482691125,0.010360671482691125,0.7333333333333333,0.6610023905139936,2.119259772385262,0.6610023905139936,0.04544909180441233,0.1770258294622877,0.0,0.0,-0.0060739642804860106,-0.033333333333333326,0.0222222222222222,0.0,0.038461538461538436,0.02393998231186012,0.015384615384615441,0.03250914794805787,0.010509991216512943,0.028846153846153855,-0.0019411944363035422,0.006830555301672647,0.006073964280486066,-0.0060739642804860106,0.0060739642804860106,-0.03333333333333344,-0.0007204892050000078,0.009153934864523094,-0.0007204892050000078,-0.00351692326175064,-0.00023462724666367674,0.0
mifal_controlled_degradation_v0,temporal_blocks_3m_rate_10,temporal_block_missingness,core,evaluated,20260613,observable_no_current_chla,validation,2,wqp,bloom_h,mifal_probability_bloom_calibrated,0.1111111111111111,True,30,30,1.0,4,0.13333333333333333,9,0.3,0.1229726618506422,19,7,2,2,0.2222222222222222,0.5,0.7307692307692307,0.5581014729950899,0.4,0.17118419700436516,0.15422979797979797,0.5528846153846154,0.11817865541422047,0.4524583001210947,0.32210011813074585,-0.010360671482691125,0.010360671482691125,0.7333333333333333,0.6610023905139936,2.119259772385262,0.6610023905139936,0.04544909180441233,0.1770258294622877,0.0,0.0,-0.0060739642804860106,-0.033333333333333326,0.0222222222222222,0.0,0.038461538461538436,0.02393998231186012,0.015384615384615441,0.03250914794805787,0.010509991216512943,0.028846153846153855,-0.0019411944363035422,0.006830555301672647,0.006073964280486066,-0.0060739642804860106,0.0060739642804860106,-0.03333333333333344,-0.0007204892050000078,0.009153934864523094,-0.0007204892050000078,-0.00351692326175064,-0.00023462724666367674,0.0
mifal_controlled_degradation_v0,temporal_blocks_3m_rate_10,temporal_block_missingness,core,evaluated,20260613,observable_no_current_chla,validation,3,all,bloom_h,mifal_probability_bloom_calibrated,0.135593220338983,True,30,30,1.0,2,0.06666666666666667,11,0.36666666666666664,0.1400553932965769,18,10,1,1,0.09090909090909091,0.5,0.6428571428571429,0.45990180032733224,0.26315789473684215,0.07394738666465356,0.0787878787878788,0.5714285714285714,0.07226423132924156,0.40220681751413057,0.28984871186097433,0.07338872662991024,0.07338872662991024,0.7666666666666667,0.6661798808652437,1.715951294102703,0.6661798808652437,0.04087672421972258,0.1735917190888881,0.0,0.0,-0.012486777192721399,-0.06666666666666671,0.013986013986013984,0.0,0.07142857142857151,0.03767957810511002,0.025062656641604036,0.03799151339982258,0.006993006993007006,0.044642857142857095,-0.004085399964148195,0.01857781333726044,0.012486777192721343,-0.012486777192721399,-0.012486777192721399,0.0,-0.003393573591345067,0.012215982941278458,-0.003393573591345067,-0.007167896512186869,0.0005145591864478549,0.0
mifal_controlled_degradation_v0,temporal_blocks_3m_rate_10,temporal_block_missingness,core,evaluated,20260613,observable_no_current_chla,validation,3,wqp,bloom_h,mifal_probability_bloom_calibrated,0.135593220338983,True,30,30,1.0,2,0.06666666666666667,11,0.36666666666666664,0.1400553932965769,18,10,1,1,0.09090909090909091,0.5,0.6428571428571429,0.45990180032733224,0.26315789473684215,0.07394738666465356,0.0787878787878788,0.5714285714285714,0.07226423132924156,0.40220681751413057,0.28984871186097433,0.07338872662991024,0.07338872662991024,0.7666666666666667,0.6661798808652437,1.715951294102703,0.6661798808652437,0.04087672421972258,0.1735917190888881,0.0,0.0,-0.012486777192721399,-0.06666666666666671,0.013986013986013984,0.0,0.07142857142857151,0.03767957810511002,0.025062656641604036,0.03799151339982258,0.006993006993007006,0.044642857142857095,-0.004085399964148195,0.01857781333726044,0.012486777192721343,-0.012486777192721399,-0.012486777192721399,0.0,-0.003393573591345067,0.012215982941278458,-0.003393573591345067,-0.007167896512186869,0.0005145591864478549,0.0
mifal_controlled_degradation_v0,temporal_blocks_3m_rate_10,temporal_block_missingness,core,evaluated,20260614,observable_no_current_chla,test,1,all,bloom_h,mifal_probability_bloom_calibrated,0.1496598639455782,True,30,30,1.0,2,0.06666666666666667,6,0.2,0.09472373218181863,24,4,0,2,0.3333333333333333,1.0,0.8571428571428571,0.7115384615384616,0.7142857142857143,0.5345224838248488,0.5,0.9642857142857142,0.044475179678359004,0.37283757421074054,0.260022185692405,0.02805706551515197,0.02805706551515197,0.7,0.6499590389384042,1.6521528125534237,0.6499590389384042,0.045383299294282774,0.18295389989157465,0.0,0.0,0.0,0.0,0.0,0.0,0.0,0.0,0.0,0.0,0.0,0.0,0.0,0.0,0.0,0.0,0.0,0.0,0.0019191813968197913,-0.08133954222827944,0.0019191813968197913,-0.007215281381373166,-0.0022956315059151633,0.0
mifal_controlled_degradation_v0,temporal_blocks_3m_rate_10,temporal_block_missingness,core,evaluated,20260614,observable_no_current_chla,test,1,wqp,bloom_h,mifal_probability_bloom_calibrated,0.1496598639455782,True,30,30,1.0,2,0.06666666666666667,6,0.2,0.09472373218181863,24,4,0,2,0.3333333333333333,1.0,0.8571428571428571,0.7115384615384616,0.7142857142857143,0.5345224838248488,0.5,0.9642857142857142,0.044475179678359004,0.37283757421074054,0.260022185692405,0.02805706551515197,0.02805706551515197,0.7,0.6499590389384042,1.6521528125534237,0.6499590389384042,0.045383299294282774,0.18295389989157465,0.0,0.0,0.0,0.0,0.0,0.0,0.0,0.0,0.0,0.0,0.0,0.0,0.0,0.0,0.0,0.0,0.0,0.0,0.0019191813968197913,-0.08133954222827944,0.0019191813968197913,-0.007215281381373166,-0.0022956315059151633,0.0
mifal_controlled_degradation_v0,temporal_blocks_3m_rate_10,temporal_block_missingness,core,evaluated,20260614,observable_no_current_chla,test,2,all,bloom_h,mifal_probability_bloom_calibrated,0.1111111111111111,True,30,30,1.0,8,0.26666666666666666,13,0.43333333333333335,0.13448716586514622,15,7,2,6,0.46153846153846156,0.75,0.6818181818181818,0.6703296703296704,0.6666666666666666,0.3853551092995474,0.5140580484330485,0.7301136363636362,0.18715328117116145,0.5088664970375494,0.4030327468354098,-0.13217950080152044,0.13217950080152044,0.6,0.6666518255566664,2.774271118109757,0.6666518255566664,0.05301791088569621,0.17547499761654287,0.0,0.0,-0.00015993265993269334,0.0,0.0,0.0,0.0,0.0,0.0,0.0,0.0011574074074074403,0.00568181818181801,-2.273790089449279e-05,9.580912681739218e-05,0.00015993265993258232,-0.00015993265993269334,0.00015993265993269334,0.0,-0.000381810997716725,-0.00038181099771650295,-0.000381810997716725,-0.004775559559499126,-0.0006330556400566123,0.0
mifal_controlled_degradation_v0,temporal_blocks_3m_rate_10,temporal_block_missingness,core,evaluated,20260614,observable_no_current_chla,test,2,wqp,bloom_h,mifal_probability_bloom_calibrated,0.1111111111111111,True,30,30,1.0,8,0.26666666666666666,13,0.43333333333333335,0.13448716586514622,15,7,2,6,0.46153846153846156,0.75,0.6818181818181818,0.6703296703296704,0.6666666666666666,0.3853551092995474,0.5140580484330485,0.7301136363636362,0.18715328117116145,0.5088664970375494,0.4030327468354098,-0.13217950080152044,0.13217950080152044,0.6,0.6666518255566664,2.774271118109757,0.6666518255566664,0.05301791088569621,0.17547499761654287,0.0,0.0,-0.00015993265993269334,0.0,0.0,0.0,0.0,0.0,0.0,0.0,0.0011574074074074403,0.00568181818181801,-2.273790089449279e-05,9.580912681739218e-05,0.00015993265993258232,-0.00015993265993269334,0.00015993265993269334,0.0,-0.000381810997716725,-0.00038181099771650295,-0.000381810997716725,-0.004775559559499126,-0.0006330556400566123,0.0
mifal_controlled_degradation_v0,temporal_blocks_3m_rate_10,temporal_block_missingness,core,evaluated,20260614,observable_no_current_chla,test,3,all,bloom_h,mifal_probability_bloom_calibrated,0.135593220338983,True,30,30,1.0,5,0.16666666666666666,6,0.2,0.10450697831636249,21,4,3,2,0.3333333333333333,0.4,0.84,0.6103896103896104,0.3846153846153846,0.223606797749979,0.23333333333333334,0.608,0.1377502443079173,0.4391099989643932,0.3065920580419304,-0.062159688350304165,0.062159688350304165,0.7333333333333333,0.6601591002634485,2.0229978280138283,0.6601591002634485,0.045826842730151064,0.1776951676584332,0.0,0.0,-0.01073412822093095,-0.06666666666666665,-0.16666666666666669,-0.4,0.0,-0.1441112079409952,-0.3296703296703297,-0.3157530922206147,-0.16666666666666669,-0.19600000000000006,0.018150897215992612,0.021178552463275324,0.010734128220930894,-0.01073412822093095,0.01073412822093095,0.0,-0.003234664448149571,0.042375906979943645,-0.003234664448149571,-0.007498166119915543,0.0003998068577854841,0.0
mifal_controlled_degradation_v0,temporal_blocks_3m_rate_10,temporal_block_missingness,core,evaluated,20260614,observable_no_current_chla,test,3,wqp,bloom_h,mifal_probability_bloom_calibrated,0.135593220338983,True,30,30,1.0,5,0.16666666666666666,6,0.2,0.10450697831636249,21,4,3,2,0.3333333333333333,0.4,0.84,0.6103896103896104,0.3846153846153846,0.223606797749979,0.23333333333333334,0.608,0.1377502443079173,0.4391099989643932,0.3065920580419304,-0.062159688350304165,0.062159688350304165,0.7333333333333333,0.6601591002634485,2.0229978280138283,0.6601591002634485,0.045826842730151064,0.1776951676584332,0.0,0.0,-0.01073412822093095,-0.06666666666666665,-0.16666666666666669,-0.4,0.0,-0.1441112079409952,-0.3296703296703297,-0.3157530922206147,-0.16666666666666669,-0.19600000000000006,0.018150897215992612,0.021178552463275324,0.010734128220930894,-0.01073412822093095,0.01073412822093095,0.0,-0.003234664448149571,0.042375906979943645,-0.003234664448149571,-0.007498166119915543,0.0003998068577854841,0.0
mifal_controlled_degradation_v0,temporal_blocks_3m_rate_10,temporal_block_missingness,core,evaluated,20260614,observable_no_current_chla,validation,1,all,bloom_h,mifal_probability_bloom_calibrated,0.1496598639455782,True,30,30,1.0,4,0.13333333333333333,10,0.3333333333333333,0.12684610844604663,18,8,2,2,0.2,0.5,0.6923076923076923,0.5341614906832298,0.3846153846153846,0.1386750490563073,0.17777777777777776,0.6057692307692307,0.11456302818310728,0.36376435195526025,0.2467405694297198,-0.006487224887286702,0.006487224887286702,0.8333333333333334,0.6602410566212283,1.6890864152767449,0.6602410566212283,0.0435669160895887,0.17708778071829676,0.0,0.0,-0.007207577666966586,-0.033333333333333326,-0.0727272727272727,-0.25,0.0,-0.06583850931677027,-0.170940170940171,-0.17333459567066267,-0.08055555555555555,-0.1298076923076924,0.012006843315347779,0.01689599012604609,0.007207577666966586,-0.007207577666966586,0.0057668721076068186,0.0,-0.002287843064634809,0.013119852760596018,-0.002287843064634809,-0.005141989384330747,0.000292963794322032,0.0
mifal_controlled_degradation_v0,temporal_blocks_3m_rate_10,temporal_block_missingness,core,evaluated,20260614,observable_no_current_chla,validation,1,wqp,bloom_h,mifal_probability_bloom_calibrated,0.1496598639455782,True,30,30,1.0,4,0.13333333333333333,10,0.3333333333333333,0.12684610844604663,18,8,2,2,0.2,0.5,0.6923076923076923,0.5341614906832298,0.3846153846153846,0.1386750490563073,0.17777777777777776,0.6057692307692307,0.11456302818310728,0.36376435195526025,0.2467405694297198,-0.006487224887286702,0.006487224887286702,0.8333333333333334,0.6602410566212283,1.6890864152767449,0.6602410566212283,0.0435669160895887,0.17708778071829676,0.0,0.0,-0.007207577666966586,-0.033333333333333326,-0.0727272727272727,-0.25,0.0,-0.06583850931677027,-0.170940170940171,-0.17333459567066267,-0.08055555555555555,-0.1298076923076924,0.012006843315347779,0.01689599012604609,0.007207577666966586,-0.007207577666966586,0.0057668721076068186,0.0,-0.002287843064634809,0.013119852760596018,-0.002287843064634809,-0.005141989384330747,0.000292963794322032,0.0
mifal_controlled_degradation_v0,temporal_blocks_3m_rate_10,temporal_block_missingness,core,evaluated,20260614,observable_no_current_chla,validation,2,all,bloom_h,mifal_probability_bloom_calibrated,0.1111111111111111,True,30,30,1.0,4,0.13333333333333333,9,0.3,0.12281272919070954,19,7,2,2,0.2222222222222222,0.5,0.7307692307692307,0.5581014729950899,0.4,0.17118419700436516,0.1558531746031746,0.5625,0.11815591751332599,0.44902833284035176,0.32194018547081316,-0.01052060414262379,0.01052060414262379,0.7666666666666667,0.6620670528819856,2.110450010683731,0.6620670528819856,0.042609883568319004,0.1759912199569138,0.0,0.0,-0.006233896940418676,-0.033333333333333326,0.0222222222222222,0.0,0.038461538461538436,0.02393998231186012,0.015384615384615441,0.03250914794805787,0.01213336783988958,0.038461538461538436,-0.001963932337198021,0.0034005880209296846,0.005914031620553373,-0.006233896940418676,0.006233896940418676,0.0,0.00034417316299206746,0.00034417316299206746,0.00034417316299206746,-0.006356131497843968,-0.001269236752037578,0.0
mifal_controlled_degradation_v0,temporal_blocks_3m_rate_10,temporal_block_missingness,core,evaluated,20260614,observable_no_current_chla,validation,2,wqp,bloom_h,mifal_probability_bloom_calibrated,0.1111111111111111,True,30,30,1.0,4,0.13333333333333333,9,0.3,0.12281272919070954,19,7,2,2,0.2222222222222222,0.5,0.7307692307692307,0.5581014729950899,0.4,0.17118419700436516,0.1558531746031746,0.5625,0.11815591751332599,0.44902833284035176,0.32194018547081316,-0.01052060414262379,0.01052060414262379,0.7666666666666667,0.6620670528819856,2.110450010683731,0.6620670528819856,0.042609883568319004,0.1759912199569138,0.0,0.0,-0.006233896940418676,-0.033333333333333326,0.0222222222222222,0.0,0.038461538461538436,0.02393998231186012,0.015384615384615441,0.03250914794805787,0.01213336783988958,0.038461538461538436,-0.001963932337198021,0.0034005880209296846,0.005914031620553373,-0.006233896940418676,0.006233896940418676,0.0,0.00034417316299206746,0.00034417316299206746,0.00034417316299206746,-0.006356131497843968,-0.001269236752037578,0.0
mifal_controlled_degradation_v0,temporal_blocks_3m_rate_10,temporal_block_missingness,core,evaluated,20260614,observable_no_current_chla,validation,3,all,bloom_h,mifal_probability_bloom_calibrated,0.135593220338983,True,30,30,1.0,2,0.06666666666666667,11,0.36666666666666664,0.14021158930182953,18,10,1,1,0.09090909090909091,0.5,0.6428571428571429,0.45990180032733224,0.26315789473684215,0.07394738666465356,0.0787878787878788,0.5625,0.0722875295681341,0.39043768112045946,0.28077820141800597,0.07354492263516287,0.07354492263516287,0.7666666666666667,0.6659505396531773,1.7001123963580134,0.6659505396531773,0.04173150161573802,0.17387213267873503,0.0,0.0,-0.01233058118746877,-0.06666666666666671,0.013986013986013984,0.0,0.07142857142857151,0.03767957810511002,0.025062656641604036,0.03799151339982258,0.006993006993007006,0.0357142857142857,-0.00406210172525566,0.006808676943589331,0.003416266749752983,-0.01233058118746877,-0.01233058118746877,0.0,-0.003622914803411481,-0.003622914803411259,-0.003622914803411481,-0.006313119116171426,0.0007949727762947834,0.0
mifal_controlled_degradation_v0,temporal_blocks_3m_rate_10,temporal_block_missingness,core,evaluated,20260614,observable_no_current_chla,validation,3,wqp,bloom_h,mifal_probability_bloom_calibrated,0.135593220338983,True,30,30,1.0,2,0.06666666666666667,11,0.36666666666666664,0.14021158930182953,18,10,1,1,0.09090909090909091,0.5,0.6428571428571429,0.45990180032733224,0.26315789473684215,0.07394738666465356,0.0787878787878788,0.5625,0.0722875295681341,0.39043768112045946,0.28077820141800597,0.07354492263516287,0.07354492263516287,0.7666666666666667,0.6659505396531773,1.7001123963580134,0.6659505396531773,0.04173150161573802,0.17387213267873503,0.0,0.0,-0.01233058118746877,-0.06666666666666671,0.013986013986013984,0.0,0.07142857142857151,0.03767957810511002,0.025062656641604036,0.03799151339982258,0.006993006993007006,0.0357142857142857,-0.00406210172525566,0.006808676943589331,0.003416266749752983,-0.01233058118746877,-0.01233058118746877,0.0,-0.003622914803411481,-0.003622914803411259,-0.003622914803411481,-0.006313119116171426,0.0007949727762947834,0.0
