mifal_degradation_version,scenario_id,scenario_family,scenario_tier,scenario_status,seed,surface,split,horizon_months,source_id,target_event,score_column,threshold,score_recomputed,rows,control_rows,rows_retained_rate,positive_rows,positive_rate,predicted_positive_rows,alert_rate,mean_probability,tn,fp,fn,tp,precision,recall,specificity,macro_f1,fbeta,mcc,pr_auc,roc_auc,brier,rmse_risk,mae_risk,calibration_bias,absolute_calibration_bias,interval_coverage_risk,interval_mean_width,winkler_score_risk,mean_uncertainty,mean_data_reliability,mean_confidence,mean_observation_reliability,delta_positive_rate_vs_control,delta_mean_probability_vs_control,delta_alert_rate_vs_control,delta_precision_vs_control,delta_recall_vs_control,delta_specificity_vs_control,delta_macro_f1_vs_control,delta_fbeta_vs_control,delta_mcc_vs_control,delta_pr_auc_vs_control,delta_roc_auc_vs_control,delta_brier_vs_control,delta_rmse_risk_vs_control,delta_mae_risk_vs_control,delta_calibration_bias_vs_control,delta_absolute_calibration_bias_vs_control,delta_interval_coverage_risk_vs_control,delta_interval_mean_width_vs_control,delta_winkler_score_risk_vs_control,delta_mean_uncertainty_vs_control,delta_mean_data_reliability_vs_control,delta_mean_confidence_vs_control,delta_mean_observation_reliability_vs_control
mifal_controlled_degradation_v0,ablate_chlorophyll_memory,feature_family_ablation,core,evaluated,,observable_no_current_chla,test,1,all,bloom_h,mifal_probability_bloom_calibrated,0.1496598639455782,True,4673,4673,1.0,852,0.18232398887224482,4142,0.8863684998930024,0.2506286673794806,418,3403,113,739,0.1784162240463544,0.8673708920187794,0.10939544621826747,0.24402536720535228,0.48940397350993375,-0.02826660636111681,0.17893450740941264,0.48833110325566764,0.15995458152183747,0.4375790559858114,0.3643993914960655,0.06830467850723576,0.06830467850723576,0.6912047934945431,0.6785810505849622,2.2721375376323905,0.6785810505849622,0.05309667586837084,0.1692286682176205,0.0,0.0,0.1308325532377277,0.5598116841429488,-0.20624956887631926,0.17840375586854462,-0.6448573671813661,-0.4164257736099475,-0.1054480735107392,-0.3931902293591386,-0.1818368113788007,-0.255455550190263,0.025532203447424046,-0.0144982008370112,0.03905408744088068,0.1308325532377277,0.005776803776743819,0.004065910549967855,0.02043235492265294,-0.10603316083842884,0.02043235492265294,-0.00014603158733906413,-0.01079060450815783,0.0
mifal_controlled_degradation_v0,ablate_chlorophyll_memory,feature_family_ablation,core,evaluated,,observable_no_current_chla,test,1,wqp,bloom_h,mifal_probability_bloom_calibrated,0.1496598639455782,True,4673,4673,1.0,852,0.18232398887224482,4142,0.8863684998930024,0.2506286673794806,418,3403,113,739,0.1784162240463544,0.8673708920187794,0.10939544621826747,0.24402536720535228,0.48940397350993375,-0.02826660636111681,0.17893450740941264,0.48833110325566764,0.15995458152183747,0.4375790559858114,0.3643993914960655,0.06830467850723576,0.06830467850723576,0.6912047934945431,0.6785810505849622,2.2721375376323905,0.6785810505849622,0.05309667586837084,0.1692286682176205,0.0,0.0,0.1308325532377277,0.5598116841429488,-0.20624956887631926,0.17840375586854462,-0.6448573671813661,-0.4164257736099475,-0.1054480735107392,-0.3931902293591386,-0.1818368113788007,-0.255455550190263,0.025532203447424046,-0.0144982008370112,0.03905408744088068,0.1308325532377277,0.005776803776743819,0.004065910549967855,0.02043235492265294,-0.10603316083842884,0.02043235492265294,-0.00014603158733906413,-0.01079060450815783,0.0
mifal_controlled_degradation_v0,ablate_chlorophyll_memory,feature_family_ablation,core,evaluated,,observable_no_current_chla,test,2,all,bloom_h,mifal_probability_bloom_calibrated,0.1111111111111111,True,4710,4710,1.0,863,0.18322717622080678,4155,0.8821656050955414,0.22954220150285748,430,3417,125,738,0.1776173285198556,0.8551564310544612,0.11177540940992982,0.24475341745635748,0.48507953200999077,-0.03967751911861372,0.17833252134754968,0.48248352917398724,0.15702160683185812,0.44352105415480353,0.3640081384997175,0.0463150252820507,0.0463150252820507,0.6870488322717622,0.6825088282468043,2.262013667828837,0.6825088282468043,0.05314078606434283,0.16716013371694652,0.0,0.0,0.10396755150753362,0.5197452229299364,-0.18032057423351291,0.1471610660486674,-0.6033272680010398,-0.3945956126211795,-0.10708949299485504,-0.38017435483010176,-0.15239166896855577,-0.20947384622891657,0.01861856696821307,-0.013549434116538417,0.029924263091756054,0.10396755150753362,-0.011337500943432222,0.004670912951167727,0.020403784104659817,-0.10881739778504373,0.020403784104659817,-0.00014400370361539877,-0.010775970672562002,0.0
mifal_controlled_degradation_v0,ablate_chlorophyll_memory,feature_family_ablation,core,evaluated,,observable_no_current_chla,test,2,wqp,bloom_h,mifal_probability_bloom_calibrated,0.1111111111111111,True,4710,4710,1.0,863,0.18322717622080678,4155,0.8821656050955414,0.22954220150285748,430,3417,125,738,0.1776173285198556,0.8551564310544612,0.11177540940992982,0.24475341745635748,0.48507953200999077,-0.03967751911861372,0.17833252134754968,0.48248352917398724,0.15702160683185812,0.44352105415480353,0.3640081384997175,0.0463150252820507,0.0463150252820507,0.6870488322717622,0.6825088282468043,2.262013667828837,0.6825088282468043,0.05314078606434283,0.16716013371694652,0.0,0.0,0.10396755150753362,0.5197452229299364,-0.18032057423351291,0.1471610660486674,-0.6033272680010398,-0.3945956126211795,-0.10708949299485504,-0.38017435483010176,-0.15239166896855577,-0.20947384622891657,0.01861856696821307,-0.013549434116538417,0.029924263091756054,0.10396755150753362,-0.011337500943432222,0.004670912951167727,0.020403784104659817,-0.10881739778504373,0.020403784104659817,-0.00014400370361539877,-0.010775970672562002,0.0
mifal_controlled_degradation_v0,ablate_chlorophyll_memory,feature_family_ablation,core,evaluated,,observable_no_current_chla,test,3,all,bloom_h,mifal_probability_bloom_calibrated,0.135593220338983,True,4757,4757,1.0,883,0.18562118982552028,4159,0.8742905192348118,0.2339202723522463,451,3423,147,736,0.17696561673479203,0.8335220838052095,0.1164171399070728,0.24682355157641817,0.47848134182811086,-0.058710082099637455,0.17844205343416733,0.4750557042887187,0.16005046585552127,0.4445285035234124,0.3654910929992745,0.04829908252672602,0.04829908252672602,0.6853058650409922,0.6820858600123617,2.2793624168182673,0.6820858600123617,0.053442398800266286,0.1674266495822298,0.0,0.0,0.10251978661843453,0.5127180996426319,-0.17070880186985912,0.1562853907134768,-0.5939597315436241,-0.38111712860333063,-0.0908255888649584,-0.3723797378938064,-0.14340048917630518,-0.2307655765912775,0.0202075545971806,-0.010504563840467385,0.03169528035661778,0.10251978661843453,-0.005921621564982493,0.00483498002943028,0.019927262288719105,-0.10736832822410047,0.019927262288719105,-0.00014135551998509938,-0.01052907605534345,0.0
mifal_controlled_degradation_v0,ablate_chlorophyll_memory,feature_family_ablation,core,evaluated,,observable_no_current_chla,test,3,wqp,bloom_h,mifal_probability_bloom_calibrated,0.135593220338983,True,4757,4757,1.0,883,0.18562118982552028,4159,0.8742905192348118,0.2339202723522463,451,3423,147,736,0.17696561673479203,0.8335220838052095,0.1164171399070728,0.24682355157641817,0.47848134182811086,-0.058710082099637455,0.17844205343416733,0.4750557042887187,0.16005046585552127,0.4445285035234124,0.3654910929992745,0.04829908252672602,0.04829908252672602,0.6853058650409922,0.6820858600123617,2.2793624168182673,0.6820858600123617,0.053442398800266286,0.1674266495822298,0.0,0.0,0.10251978661843453,0.5127180996426319,-0.17070880186985912,0.1562853907134768,-0.5939597315436241,-0.38111712860333063,-0.0908255888649584,-0.3723797378938064,-0.14340048917630518,-0.2307655765912775,0.0202075545971806,-0.010504563840467385,0.03169528035661778,0.10251978661843453,-0.005921621564982493,0.00483498002943028,0.019927262288719105,-0.10736832822410047,0.019927262288719105,-0.00014135551998509938,-0.01052907605534345,0.0
mifal_controlled_degradation_v0,ablate_chlorophyll_memory,feature_family_ablation,core,evaluated,,observable_no_current_chla,validation,1,all,bloom_h,mifal_probability_bloom_calibrated,0.1496598639455782,True,3049,3049,1.0,410,0.13447031813709412,2710,0.8888160052476222,0.2511494820674548,313,2326,26,384,0.14169741697416974,0.9365853658536586,0.11860553239863585,0.22818101978612387,0.4413793103448276,0.059895554704801145,0.14123911314547713,0.5275834342276731,0.1318437563567008,0.4036488153996646,0.33819183341611797,0.11667916393036068,0.11667916393036068,0.7369629386684159,0.678938639207963,1.927723734041811,0.678938639207963,0.050271828591708784,0.1685440583293586,0.0,0.0,0.11667916393036068,0.512955067235159,-0.11571968599267143,0.2170731707317074,-0.5589238347859038,-0.3550668501374345,-0.08805356833428213,-0.21976801164252555,-0.09587309022085444,-0.18251092893649667,0.02525697816086407,-0.011911232001732497,0.03584627172804761,0.11667916393036068,0.11667916393036068,0.008855362413906165,0.018428555358241505,-0.08337310169380463,0.018428555358241505,-0.00011201772233731394,-0.009709113176542022,0.0
mifal_controlled_degradation_v0,ablate_chlorophyll_memory,feature_family_ablation,core,evaluated,,observable_no_current_chla,validation,1,wqp,bloom_h,mifal_probability_bloom_calibrated,0.1496598639455782,True,3049,3049,1.0,410,0.13447031813709412,2710,0.8888160052476222,0.2511494820674548,313,2326,26,384,0.14169741697416974,0.9365853658536586,0.11860553239863585,0.22818101978612387,0.4413793103448276,0.059895554704801145,0.14123911314547713,0.5275834342276731,0.1318437563567008,0.4036488153996646,0.33819183341611797,0.11667916393036068,0.11667916393036068,0.7369629386684159,0.678938639207963,1.927723734041811,0.678938639207963,0.050271828591708784,0.1685440583293586,0.0,0.0,0.11667916393036068,0.512955067235159,-0.11571968599267143,0.2170731707317074,-0.5589238347859038,-0.3550668501374345,-0.08805356833428213,-0.21976801164252555,-0.09587309022085444,-0.18251092893649667,0.02525697816086407,-0.011911232001732497,0.03584627172804761,0.11667916393036068,0.11667916393036068,0.008855362413906165,0.018428555358241505,-0.08337310169380463,0.018428555358241505,-0.00011201772233731394,-0.009709113176542022,0.0
mifal_controlled_degradation_v0,ablate_chlorophyll_memory,feature_family_ablation,core,evaluated,,observable_no_current_chla,validation,2,all,bloom_h,mifal_probability_bloom_calibrated,0.1111111111111111,True,3158,3158,1.0,441,0.1396453451551615,2763,0.8749208359721342,0.22825052189693132,360,2357,35,406,0.14694173000361926,0.9206349206349206,0.13249907986750092,0.2423978381778561,0.4484205875855975,0.05567338647822264,0.1464155594668669,0.5261476201325824,0.129282795949521,0.413270911485356,0.33976242032000004,0.08860517674176982,0.08860517674176982,0.7317922735908803,0.6821757999047539,1.9539342939657918,0.6821757999047539,0.050674364259674747,0.1668910815103603,0.0,0.0,0.08860517674176985,0.4594680177327422,-0.08705217243540514,0.22448979591836726,-0.49760765550239233,-0.30792227302689246,-0.05060411982662616,-0.17380106716151572,-0.07351094831209112,-0.149274701906281,0.016129496321245204,-0.011667159814640227,0.02612749823309457,0.08860517674176985,0.08860517674176979,0.008233058898036716,0.017533414916908407,-0.08289009781663004,0.017533414916908407,-0.00010595560375767366,-0.009244045364074777,0.0
mifal_controlled_degradation_v0,ablate_chlorophyll_memory,feature_family_ablation,core,evaluated,,observable_no_current_chla,validation,2,wqp,bloom_h,mifal_probability_bloom_calibrated,0.1111111111111111,True,3158,3158,1.0,441,0.1396453451551615,2763,0.8749208359721342,0.22825052189693132,360,2357,35,406,0.14694173000361926,0.9206349206349206,0.13249907986750092,0.2423978381778561,0.4484205875855975,0.05567338647822264,0.1464155594668669,0.5261476201325824,0.129282795949521,0.413270911485356,0.33976242032000004,0.08860517674176982,0.08860517674176982,0.7317922735908803,0.6821757999047539,1.9539342939657918,0.6821757999047539,0.050674364259674747,0.1668910815103603,0.0,0.0,0.08860517674176985,0.4594680177327422,-0.08705217243540514,0.22448979591836726,-0.49760765550239233,-0.30792227302689246,-0.05060411982662616,-0.17380106716151572,-0.07351094831209112,-0.149274701906281,0.016129496321245204,-0.011667159814640227,0.02612749823309457,0.08860517674176985,0.08860517674176979,0.008233058898036716,0.017533414916908407,-0.08289009781663004,0.017533414916908407,-0.00010595560375767366,-0.009244045364074777,0.0
mifal_controlled_degradation_v0,ablate_chlorophyll_memory,feature_family_ablation,core,evaluated,,observable_no_current_chla,validation,3,all,bloom_h,mifal_probability_bloom_calibrated,0.135593220338983,True,3184,3184,1.0,457,0.14353015075376885,2717,0.8533291457286433,0.2300678614311048,425,2302,42,415,0.152741994847258,0.9080962800875274,0.15584891822515584,0.26381183370363226,0.4565456545654566,0.06337315781643407,0.1518953921078126,0.5319725991563417,0.13179183765468508,0.4142024855965078,0.3417549231499074,0.08653771067733596,0.08653771067733596,0.7295854271356784,0.6802220943322399,1.9661572013995479,0.6802220943322399,0.05057543740252214,0.16788258902507022,0.0,0.0,0.08653771067733593,0.4440954773869347,-0.09361257153800676,0.20568927789934355,-0.484048404840484,-0.2972637660438425,-0.056070123141346295,-0.18071485413409702,-0.07137908185009123,-0.14574612092865014,0.016511102964088892,-0.010936425143536377,0.025172461286345538,0.08653771067733593,0.08653771067733593,0.007851758793969932,0.01659462777884535,-0.08060959139814661,0.01659462777884535,-0.00010120064856951327,-0.008754806593376296,0.0
mifal_controlled_degradation_v0,ablate_chlorophyll_memory,feature_family_ablation,core,evaluated,,observable_no_current_chla,validation,3,wqp,bloom_h,mifal_probability_bloom_calibrated,0.135593220338983,True,3184,3184,1.0,457,0.14353015075376885,2717,0.8533291457286433,0.2300678614311048,425,2302,42,415,0.152741994847258,0.9080962800875274,0.15584891822515584,0.26381183370363226,0.4565456545654566,0.06337315781643407,0.1518953921078126,0.5319725991563417,0.13179183765468508,0.4142024855965078,0.3417549231499074,0.08653771067733596,0.08653771067733596,0.7295854271356784,0.6802220943322399,1.9661572013995479,0.6802220943322399,0.05057543740252214,0.16788258902507022,0.0,0.0,0.08653771067733593,0.4440954773869347,-0.09361257153800676,0.20568927789934355,-0.484048404840484,-0.2972637660438425,-0.056070123141346295,-0.18071485413409702,-0.07137908185009123,-0.14574612092865014,0.016511102964088892,-0.010936425143536377,0.025172461286345538,0.08653771067733593,0.08653771067733593,0.007851758793969932,0.01659462777884535,-0.08060959139814661,0.01659462777884535,-0.00010120064856951327,-0.008754806593376296,0.0
mifal_controlled_degradation_v0,ablate_light,feature_family_ablation,core,evaluated,,observable_no_current_chla,test,1,all,bloom_h,mifal_probability_bloom_calibrated,0.1496598639455782,True,4673,4673,1.0,852,0.18232398887224482,1520,0.32527284399743206,0.109296974395532,2890,931,263,589,0.3875,0.6913145539906104,0.7563465061502225,0.6627099885820182,0.5976055194805194,0.368955387016583,0.3443161319818748,0.7388594412150299,0.13928470516733163,0.4645981600145335,0.33374697147032467,-0.07302701447671282,0.07302701447671282,0.6864968970682644,0.6554713645187523,2.3886041317856344,0.6554713645187523,0.03718910634441612,0.17865013353125744,0.0,0.0,-0.010499139746220881,-0.00128397175262146,0.002834207077326345,0.0023474178403756207,0.0020936927505889047,0.0022588477667184748,0.0027534724598464733,0.004031764018561201,-0.016455186806338562,-0.004927212230900757,0.0048623270929182005,0.012520903191710897,0.008401667415139868,-0.010499139746220881,0.010499139746220881,-0.0006419858763108133,-0.002677331143556949,0.010433433314815055,-0.002677331143556949,-0.016053601111293787,-0.0013691391945208908,0.0
mifal_controlled_degradation_v0,ablate_light,feature_family_ablation,core,evaluated,,observable_no_current_chla,test,1,wqp,bloom_h,mifal_probability_bloom_calibrated,0.1496598639455782,True,4673,4673,1.0,852,0.18232398887224482,1520,0.32527284399743206,0.109296974395532,2890,931,263,589,0.3875,0.6913145539906104,0.7563465061502225,0.6627099885820182,0.5976055194805194,0.368955387016583,0.3443161319818748,0.7388594412150299,0.13928470516733163,0.4645981600145335,0.33374697147032467,-0.07302701447671282,0.07302701447671282,0.6864968970682644,0.6554713645187523,2.3886041317856344,0.6554713645187523,0.03718910634441612,0.17865013353125744,0.0,0.0,-0.010499139746220881,-0.00128397175262146,0.002834207077326345,0.0023474178403756207,0.0020936927505889047,0.0022588477667184748,0.0027534724598464733,0.004031764018561201,-0.016455186806338562,-0.004927212230900757,0.0048623270929182005,0.012520903191710897,0.008401667415139868,-0.010499139746220881,0.010499139746220881,-0.0006419858763108133,-0.002677331143556949,0.010433433314815055,-0.002677331143556949,-0.016053601111293787,-0.0013691391945208908,0.0
mifal_controlled_degradation_v0,ablate_light,feature_family_ablation,core,evaluated,,observable_no_current_chla,test,2,all,bloom_h,mifal_probability_bloom_calibrated,0.1111111111111111,True,4710,4710,1.0,863,0.18322717622080678,1701,0.3611464968152866,0.11624428654203689,2759,1088,250,613,0.36037624926513817,0.7103128621089224,0.7171822199116195,0.6415008000553394,0.5947991461284688,0.34429789162534463,0.3321225993669465,0.6964628500154069,0.14147789926009227,0.4670318604630129,0.3404129478736282,-0.06698288967876989,0.06698288967876989,0.6817409766454352,0.659308878889411,2.38281183224031,0.659308878889411,0.03729278495271551,0.17666776540086937,0.0,0.0,-0.009330363453286972,-0.001273885350318471,0.0024383465117696623,0.002317497103128674,0.0020795425006499,0.00215176997780242,0.0026301211236230415,0.003801055913856599,0.001398409050841043,0.004505474612503058,0.0030748593964472215,0.00996137219167098,0.0063290724656667185,-0.009330363453286972,0.009330363453286972,-0.0006369426751592355,-0.002796165252733407,0.011980766626428885,-0.002796165252733407,-0.015992004815242718,-0.0012683389886391505,0.0
mifal_controlled_degradation_v0,ablate_light,feature_family_ablation,core,evaluated,,observable_no_current_chla,test,2,wqp,bloom_h,mifal_probability_bloom_calibrated,0.1111111111111111,True,4710,4710,1.0,863,0.18322717622080678,1701,0.3611464968152866,0.11624428654203689,2759,1088,250,613,0.36037624926513817,0.7103128621089224,0.7171822199116195,0.6415008000553394,0.5947991461284688,0.34429789162534463,0.3321225993669465,0.6964628500154069,0.14147789926009227,0.4670318604630129,0.3404129478736282,-0.06698288967876989,0.06698288967876989,0.6817409766454352,0.659308878889411,2.38281183224031,0.659308878889411,0.03729278495271551,0.17666776540086937,0.0,0.0,-0.009330363453286972,-0.001273885350318471,0.0024383465117696623,0.002317497103128674,0.0020795425006499,0.00215176997780242,0.0026301211236230415,0.003801055913856599,0.001398409050841043,0.004505474612503058,0.0030748593964472215,0.00996137219167098,0.0063290724656667185,-0.009330363453286972,0.009330363453286972,-0.0006369426751592355,-0.002796165252733407,0.011980766626428885,-0.002796165252733407,-0.015992004815242718,-0.0012683389886391505,0.0
mifal_controlled_degradation_v0,ablate_light,feature_family_ablation,core,evaluated,,observable_no_current_chla,test,3,all,bloom_h,mifal_probability_bloom_calibrated,0.135593220338983,True,4757,4757,1.0,883,0.18562118982552028,1715,0.3605213369770864,0.1270116569632619,2758,1116,284,599,0.3492711370262391,0.6783691959229898,0.711925658234383,0.6293473958479427,0.5708023632551934,0.31603946525901805,0.31123828103517176,0.7015619710577414,0.14125137666776194,0.459641559864507,0.33665831881197006,-0.058609532862258396,0.058609532862258396,0.6802606684885432,0.6592054491267426,2.399048979306546,0.6592054491267426,0.037631366065587105,0.17677862442144304,0.0,0.0,-0.004388828770549885,-0.0010510826150935682,0.0015967184215879282,0.0011325028312570984,0.0015487867836860847,0.0014067156681939474,0.0014954325621241438,0.002369809464849104,-0.010604261575300755,-0.004259309822254753,0.0014084654094212723,0.004608492500627226,0.002862506169313328,-0.004388828770549885,0.004388828770549885,-0.00021021652301878024,-0.0029531485968999904,0.01231823426417833,-0.0029531485968999904,-0.01595238825466428,-0.0011771012161302108,0.0
mifal_controlled_degradation_v0,ablate_light,feature_family_ablation,core,evaluated,,observable_no_current_chla,test,3,wqp,bloom_h,mifal_probability_bloom_calibrated,0.135593220338983,True,4757,4757,1.0,883,0.18562118982552028,1715,0.3605213369770864,0.1270116569632619,2758,1116,284,599,0.3492711370262391,0.6783691959229898,0.711925658234383,0.6293473958479427,0.5708023632551934,0.31603946525901805,0.31123828103517176,0.7015619710577414,0.14125137666776194,0.459641559864507,0.33665831881197006,-0.058609532862258396,0.058609532862258396,0.6802606684885432,0.6592054491267426,2.399048979306546,0.6592054491267426,0.037631366065587105,0.17677862442144304,0.0,0.0,-0.004388828770549885,-0.0010510826150935682,0.0015967184215879282,0.0011325028312570984,0.0015487867836860847,0.0014067156681939474,0.0014954325621241438,0.002369809464849104,-0.010604261575300755,-0.004259309822254753,0.0014084654094212723,0.004608492500627226,0.002862506169313328,-0.004388828770549885,0.004388828770549885,-0.00021021652301878024,-0.0029531485968999904,0.01231823426417833,-0.0029531485968999904,-0.01595238825466428,-0.0011771012161302108,0.0
mifal_controlled_degradation_v0,ablate_light,feature_family_ablation,core,evaluated,,observable_no_current_chla,validation,1,all,bloom_h,mifal_probability_bloom_calibrated,0.1496598639455782,True,3049,3049,1.0,410,0.13447031813709412,1127,0.36962938668415873,0.12058313792419768,1805,834,117,293,0.25998225377107365,0.7146341463414634,0.6839712012125805,0.5863776463544774,0.5294542826165523,0.28171897171482685,0.21608017382190753,0.6918843981922198,0.11057445566932482,0.4322822107989973,0.3127507702972643,-0.013887180212896436,0.013887180212896436,0.7274516234831092,0.657940872587777,2.022795731511202,0.657940872587777,0.03433603741128163,0.17684308623984574,0.0,0.0,-0.013887180212896436,-0.0062315513283043855,0.0025651508042324744,-0.004878048780487809,0.0064418340280408826,0.0031297764309190512,2.140393744254343e-05,0.0020554053675001516,-0.02103202954442404,-0.018209964971949932,0.003987677473488105,0.016722163397600243,0.010405208609193917,-0.013887180212896436,0.013887180212896436,-0.0006559527714005142,-0.0025692112619445373,0.011698895775586582,-0.0025692112619445373,-0.01604780890276447,-0.001410085266054878,0.0
mifal_controlled_degradation_v0,ablate_light,feature_family_ablation,core,evaluated,,observable_no_current_chla,validation,1,wqp,bloom_h,mifal_probability_bloom_calibrated,0.1496598639455782,True,3049,3049,1.0,410,0.13447031813709412,1127,0.36962938668415873,0.12058313792419768,1805,834,117,293,0.25998225377107365,0.7146341463414634,0.6839712012125805,0.5863776463544774,0.5294542826165523,0.28171897171482685,0.21608017382190753,0.6918843981922198,0.11057445566932482,0.4322822107989973,0.3127507702972643,-0.013887180212896436,0.013887180212896436,0.7274516234831092,0.657940872587777,2.022795731511202,0.657940872587777,0.03433603741128163,0.17684308623984574,0.0,0.0,-0.013887180212896436,-0.0062315513283043855,0.0025651508042324744,-0.004878048780487809,0.0064418340280408826,0.0031297764309190512,2.140393744254343e-05,0.0020554053675001516,-0.02103202954442404,-0.018209964971949932,0.003987677473488105,0.016722163397600243,0.010405208609193917,-0.013887180212896436,0.013887180212896436,-0.0006559527714005142,-0.0025692112619445373,0.011698895775586582,-0.0025692112619445373,-0.01604780890276447,-0.001410085266054878,0.0
mifal_controlled_degradation_v0,ablate_light,feature_family_ablation,core,evaluated,,observable_no_current_chla,validation,2,all,bloom_h,mifal_probability_bloom_calibrated,0.1111111111111111,True,3158,3158,1.0,441,0.1396453451551615,1283,0.4062697910069664,0.12752816087027977,1738,979,137,304,0.23694466095089634,0.6893424036281179,0.6396761133603239,0.5548184272860296,0.4988513291762389,0.23220442426111865,0.20027152602777387,0.629891411846299,0.1162443181760607,0.4385457034899199,0.3224829524545992,-0.012117184284881732,0.012117184284881732,0.7219759341355289,0.6612601691138589,2.0521581905852107,0.6612601691138589,0.03473068168773583,0.17516562639840355,0.0,0.0,-0.012117184284881705,-0.009183027232425589,0.0029507585118719315,-0.006802721088435382,0.009569377990430672,0.00449831608128104,-0.00017337823598473356,0.002729970621380279,-0.01965498175118416,-0.04553091019256439,0.0030910185477849156,0.013607632189923669,0.008848030367693716,-0.012117184284881705,0.012117184284881705,-0.0015832805573147146,-0.0033822158739865715,0.015333798802788845,-0.0033822158739865715,-0.016049638175696587,-0.0009695004760315318,0.0
mifal_controlled_degradation_v0,ablate_light,feature_family_ablation,core,evaluated,,observable_no_current_chla,validation,2,wqp,bloom_h,mifal_probability_bloom_calibrated,0.1111111111111111,True,3158,3158,1.0,441,0.1396453451551615,1283,0.4062697910069664,0.12752816087027977,1738,979,137,304,0.23694466095089634,0.6893424036281179,0.6396761133603239,0.5548184272860296,0.4988513291762389,0.23220442426111865,0.20027152602777387,0.629891411846299,0.1162443181760607,0.4385457034899199,0.3224829524545992,-0.012117184284881732,0.012117184284881732,0.7219759341355289,0.6612601691138589,2.0521581905852107,0.6612601691138589,0.03473068168773583,0.17516562639840355,0.0,0.0,-0.012117184284881705,-0.009183027232425589,0.0029507585118719315,-0.006802721088435382,0.009569377990430672,0.00449831608128104,-0.00017337823598473356,0.002729970621380279,-0.01965498175118416,-0.04553091019256439,0.0030910185477849156,0.013607632189923669,0.008848030367693716,-0.012117184284881705,0.012117184284881705,-0.0015832805573147146,-0.0033822158739865715,0.015333798802788845,-0.0033822158739865715,-0.016049638175696587,-0.0009695004760315318,0.0
mifal_controlled_degradation_v0,ablate_light,feature_family_ablation,core,evaluated,,observable_no_current_chla,validation,3,all,bloom_h,mifal_probability_bloom_calibrated,0.135593220338983,True,3184,3184,1.0,457,0.14353015075376885,1275,0.4004396984924623,0.1372634794014495,1767,960,142,315,0.24705882352941178,0.6892778993435449,0.647964796479648,0.5630182107295649,0.5075733161456656,0.24131547033173847,0.20404515791211897,0.656264970041862,0.11672772622871026,0.4311901338646129,0.3199924079230091,-0.006266671352319342,0.006266671352319342,0.7182788944723618,0.6589868777356925,2.0645740905707677,0.6589868777356925,0.03471226401891073,0.1763074989308423,0.0,0.0,-0.0062666713523193696,-0.008793969849246241,0.0007042571441470136,-0.013129102844638973,0.008067473414008153,0.0019426109820901427,-0.005042461561137301,-0.0027725416187926177,-0.019229316045784872,-0.02145375004312977,0.0014469915381140758,0.006051223124568739,0.003409946059447222,-0.0062666713523193696,0.006266671352319314,-0.0034547738693466723,-0.004640588817702018,0.017807297773073216,-0.004640588817702018,-0.015964374032180928,-0.00032989668760421975,0.0
mifal_controlled_degradation_v0,ablate_light,feature_family_ablation,core,evaluated,,observable_no_current_chla,validation,3,wqp,bloom_h,mifal_probability_bloom_calibrated,0.135593220338983,True,3184,3184,1.0,457,0.14353015075376885,1275,0.4004396984924623,0.1372634794014495,1767,960,142,315,0.24705882352941178,0.6892778993435449,0.647964796479648,0.5630182107295649,0.5075733161456656,0.24131547033173847,0.20404515791211897,0.656264970041862,0.11672772622871026,0.4311901338646129,0.3199924079230091,-0.006266671352319342,0.006266671352319342,0.7182788944723618,0.6589868777356925,2.0645740905707677,0.6589868777356925,0.03471226401891073,0.1763074989308423,0.0,0.0,-0.0062666713523193696,-0.008793969849246241,0.0007042571441470136,-0.013129102844638973,0.008067473414008153,0.0019426109820901427,-0.005042461561137301,-0.0027725416187926177,-0.019229316045784872,-0.02145375004312977,0.0014469915381140758,0.006051223124568739,0.003409946059447222,-0.0062666713523193696,0.006266671352319314,-0.0034547738693466723,-0.004640588817702018,0.017807297773073216,-0.004640588817702018,-0.015964374032180928,-0.00032989668760421975,0.0
mifal_controlled_degradation_v0,ablate_nutrients,feature_family_ablation,core,evaluated,,observable_no_current_chla,test,1,all,bloom_h,mifal_probability_bloom_calibrated,0.1496598639455782,True,4673,4673,1.0,852,0.18232398887224482,379,0.08110421570725444,0.0766803159851821,3635,186,659,193,0.5092348284960422,0.22652582159624413,0.9513216435488092,0.604719024301859,0.2548191180353842,0.25153902359468194,0.2567164088780294,0.586243185361844,0.152316772909543,0.5032803420380145,0.3612832748669731,-0.10564367288706272,0.10564367288706272,0.6768671089236037,0.6365215478689052,2.526584071642975,0.6365215478689052,0.016566565833645176,0.1847430869394552,0.0,0.0,-0.04311579815657078,-0.24545260004279906,0.12456903557336851,-0.4624413145539906,0.19706883014917564,-0.05573211651344079,-0.34003292898528875,-0.11338459940333984,-0.10405490991018396,-0.1575434680840866,0.017894394835129585,0.0512030852151919,0.03593797081178829,-0.04311579815657078,0.04311579815657078,-0.010271774020971569,-0.021627147793404022,0.14841337317215553,-0.021627147793404022,-0.03667614162206473,0.004723814213676875,0.0
mifal_controlled_degradation_v0,ablate_nutrients,feature_family_ablation,core,evaluated,,observable_no_current_chla,test,1,wqp,bloom_h,mifal_probability_bloom_calibrated,0.1496598639455782,True,4673,4673,1.0,852,0.18232398887224482,379,0.08110421570725444,0.0766803159851821,3635,186,659,193,0.5092348284960422,0.22652582159624413,0.9513216435488092,0.604719024301859,0.2548191180353842,0.25153902359468194,0.2567164088780294,0.586243185361844,0.152316772909543,0.5032803420380145,0.3612832748669731,-0.10564367288706272,0.10564367288706272,0.6768671089236037,0.6365215478689052,2.526584071642975,0.6365215478689052,0.016566565833645176,0.1847430869394552,0.0,0.0,-0.04311579815657078,-0.24545260004279906,0.12456903557336851,-0.4624413145539906,0.19706883014917564,-0.05573211651344079,-0.34003292898528875,-0.11338459940333984,-0.10405490991018396,-0.1575434680840866,0.017894394835129585,0.0512030852151919,0.03593797081178829,-0.04311579815657078,0.04311579815657078,-0.010271774020971569,-0.021627147793404022,0.14841337317215553,-0.021627147793404022,-0.03667614162206473,0.004723814213676875,0.0
mifal_controlled_degradation_v0,ablate_nutrients,feature_family_ablation,core,evaluated,,observable_no_current_chla,test,2,all,bloom_h,mifal_probability_bloom_calibrated,0.1111111111111111,True,4710,4710,1.0,863,0.18322717622080678,382,0.081104033970276,0.08458811961870724,3661,186,667,196,0.5130890052356021,0.22711471610660486,0.9516506368598908,0.6052584650528721,0.25560772039645274,0.25332294848731024,0.3007402394627298,0.655301974932838,0.15182470277697954,0.5009563258646869,0.36347584268341326,-0.09863905660209954,0.09863905660209954,0.6715498938428874,0.6392613539865993,2.527122923144017,0.6392613539865993,0.016503653901061226,0.18333847580362395,0.0,0.0,-0.04098653037661662,-0.2813163481953291,0.15515110248223357,-0.4808806488991889,0.23654795944892126,-0.0340905650246649,-0.33656130460839306,-0.08717388722417779,-0.02998395085337563,-0.03665540047006577,0.013421662913334492,0.04388583759334491,0.02939196727545179,-0.04098653037661662,0.04098653037661662,-0.010828025477707004,-0.022843690155545104,0.1562918575301362,-0.022843690155545104,-0.036781135866897005,0.0054023714141154255,0.0
mifal_controlled_degradation_v0,ablate_nutrients,feature_family_ablation,core,evaluated,,observable_no_current_chla,test,2,wqp,bloom_h,mifal_probability_bloom_calibrated,0.1111111111111111,True,4710,4710,1.0,863,0.18322717622080678,382,0.081104033970276,0.08458811961870724,3661,186,667,196,0.5130890052356021,0.22711471610660486,0.9516506368598908,0.6052584650528721,0.25560772039645274,0.25332294848731024,0.3007402394627298,0.655301974932838,0.15182470277697954,0.5009563258646869,0.36347584268341326,-0.09863905660209954,0.09863905660209954,0.6715498938428874,0.6392613539865993,2.527122923144017,0.6392613539865993,0.016503653901061226,0.18333847580362395,0.0,0.0,-0.04098653037661662,-0.2813163481953291,0.15515110248223357,-0.4808806488991889,0.23654795944892126,-0.0340905650246649,-0.33656130460839306,-0.08717388722417779,-0.02998395085337563,-0.03665540047006577,0.013421662913334492,0.04388583759334491,0.02939196727545179,-0.04098653037661662,0.04098653037661662,-0.010828025477707004,-0.022843690155545104,0.1562918575301362,-0.022843690155545104,-0.036781135866897005,0.0054023714141154255,0.0
mifal_controlled_degradation_v0,ablate_nutrients,feature_family_ablation,core,evaluated,,observable_no_current_chla,test,3,all,bloom_h,mifal_probability_bloom_calibrated,0.135593220338983,True,4757,4757,1.0,883,0.18562118982552028,378,0.0794618457010721,0.08676857398306546,3682,192,697,186,0.49206349206349204,0.21064552661381652,0.9504388229220444,0.5936427798393644,0.23785166240409206,0.23156884803408628,0.25189076038915315,0.580298660349129,0.15438116076773098,0.5028506888543084,0.3663790204974045,-0.09885261584245482,0.09885261584245482,0.6693294092915704,0.6386990637424506,2.5527633775296925,0.6386990637424506,0.016461111827448235,0.1836129008645695,0.0,0.0,-0.04463191175074631,-0.28211057389110783,0.1443890734588409,-0.4665911664779162,0.24006195147134746,-0.03429790034038438,-0.3314552682889772,-0.08210080776008266,-0.06995178222131937,-0.12552262053086716,0.01453824950939031,0.04781762149042862,0.032583207854747775,-0.04463191175074631,0.04463191175074631,-0.011141475719991578,-0.02345953398119205,0.1660326324873247,-0.02345953398119205,-0.03712264249280315,0.005657175226996242,0.0
mifal_controlled_degradation_v0,ablate_nutrients,feature_family_ablation,core,evaluated,,observable_no_current_chla,test,3,wqp,bloom_h,mifal_probability_bloom_calibrated,0.135593220338983,True,4757,4757,1.0,883,0.18562118982552028,378,0.0794618457010721,0.08676857398306546,3682,192,697,186,0.49206349206349204,0.21064552661381652,0.9504388229220444,0.5936427798393644,0.23785166240409206,0.23156884803408628,0.25189076038915315,0.580298660349129,0.15438116076773098,0.5028506888543084,0.3663790204974045,-0.09885261584245482,0.09885261584245482,0.6693294092915704,0.6386990637424506,2.5527633775296925,0.6386990637424506,0.016461111827448235,0.1836129008645695,0.0,0.0,-0.04463191175074631,-0.28211057389110783,0.1443890734588409,-0.4665911664779162,0.24006195147134746,-0.03429790034038438,-0.3314552682889772,-0.08210080776008266,-0.06995178222131937,-0.12552262053086716,0.01453824950939031,0.04781762149042862,0.032583207854747775,-0.04463191175074631,0.04463191175074631,-0.011141475719991578,-0.02345953398119205,0.1660326324873247,-0.02345953398119205,-0.03712264249280315,0.005657175226996242,0.0
mifal_controlled_degradation_v0,ablate_nutrients,feature_family_ablation,core,evaluated,,observable_no_current_chla,validation,1,all,bloom_h,mifal_probability_bloom_calibrated,0.1496598639455782,True,3049,3049,1.0,410,0.13447031813709412,430,0.14102984585109873,0.08964198626892952,2285,354,334,76,0.17674418604651163,0.18536585365853658,0.8658582796513831,0.5250520748428698,0.18357487922705315,0.05020931143277144,0.14230644974957152,0.5222164715015851,0.12152850246924331,0.471602743817149,0.33793306546440754,-0.044828331868164595,0.044828331868164595,0.715644473597901,0.6413301396301433,2.1544463019296773,0.6413301396301433,0.016512475102028242,0.18228699155953457,0.0,0.0,-0.044828331868164595,-0.23483109216136439,-0.08067291692032955,-0.5341463414634147,0.18832891246684347,-0.05819579508068862,-0.34585799945205653,-0.22945425491455526,-0.09480575361676005,-0.18787789166258462,0.014941724273406592,0.056042696415751936,0.03558750377633718,-0.044828331868164595,0.044828331868164595,-0.012463102656608771,-0.01917994421957825,0.14334946619406175,-0.01917994421957825,-0.03387137121201786,0.004033820053633952,0.0
mifal_controlled_degradation_v0,ablate_nutrients,feature_family_ablation,core,evaluated,,observable_no_current_chla,validation,1,wqp,bloom_h,mifal_probability_bloom_calibrated,0.1496598639455782,True,3049,3049,1.0,410,0.13447031813709412,430,0.14102984585109873,0.08964198626892952,2285,354,334,76,0.17674418604651163,0.18536585365853658,0.8658582796513831,0.5250520748428698,0.18357487922705315,0.05020931143277144,0.14230644974957152,0.5222164715015851,0.12152850246924331,0.471602743817149,0.33793306546440754,-0.044828331868164595,0.044828331868164595,0.715644473597901,0.6413301396301433,2.1544463019296773,0.6413301396301433,0.016512475102028242,0.18228699155953457,0.0,0.0,-0.044828331868164595,-0.23483109216136439,-0.08067291692032955,-0.5341463414634147,0.18832891246684347,-0.05819579508068862,-0.34585799945205653,-0.22945425491455526,-0.09480575361676005,-0.18787789166258462,0.014941724273406592,0.056042696415751936,0.03558750377633718,-0.044828331868164595,0.044828331868164595,-0.012463102656608771,-0.01917994421957825,0.14334946619406175,-0.01917994421957825,-0.03387137121201786,0.004033820053633952,0.0
mifal_controlled_degradation_v0,ablate_nutrients,feature_family_ablation,core,evaluated,,observable_no_current_chla,validation,2,all,bloom_h,mifal_probability_bloom_calibrated,0.1111111111111111,True,3158,3158,1.0,441,0.1396453451551615,514,0.16276124129195693,0.09918117256340911,2288,429,356,85,0.16536964980544747,0.1927437641723356,0.8421052631578947,0.5157912829813145,0.18656716417910446,0.032722199647330426,0.16839372974220984,0.5911761588453318,0.1242839661372605,0.4714990413431103,0.3431011742969208,-0.04046417259175239,0.04046417259175239,0.7121595946801773,0.6446124516843359,2.1849240497937155,0.6446124516843359,0.016493235075247793,0.18061516002473396,0.0,0.0,-0.04046417259175236,-0.25269157694743505,-0.06862425263357694,-0.5034013605442177,0.21199852778800143,-0.03452882822343406,-0.3124575432331192,-0.19675225399240795,-0.05153277803674819,-0.08424616319353162,0.011130666508984713,0.0465609700431141,0.02946625221001531,-0.04046417259175236,0.04046417259175236,-0.011399620012666256,-0.02002993330350955,0.14809965801129366,-0.02002993330350955,-0.034287084788184624,0.004480033150298879,0.0
mifal_controlled_degradation_v0,ablate_nutrients,feature_family_ablation,core,evaluated,,observable_no_current_chla,validation,2,wqp,bloom_h,mifal_probability_bloom_calibrated,0.1111111111111111,True,3158,3158,1.0,441,0.1396453451551615,514,0.16276124129195693,0.09918117256340911,2288,429,356,85,0.16536964980544747,0.1927437641723356,0.8421052631578947,0.5157912829813145,0.18656716417910446,0.032722199647330426,0.16839372974220984,0.5911761588453318,0.1242839661372605,0.4714990413431103,0.3431011742969208,-0.04046417259175239,0.04046417259175239,0.7121595946801773,0.6446124516843359,2.1849240497937155,0.6446124516843359,0.016493235075247793,0.18061516002473396,0.0,0.0,-0.04046417259175236,-0.25269157694743505,-0.06862425263357694,-0.5034013605442177,0.21199852778800143,-0.03452882822343406,-0.3124575432331192,-0.19675225399240795,-0.05153277803674819,-0.08424616319353162,0.011130666508984713,0.0465609700431141,0.02946625221001531,-0.04046417259175236,0.04046417259175236,-0.011399620012666256,-0.02002993330350955,0.14809965801129366,-0.02002993330350955,-0.034287084788184624,0.004480033150298879,0.0
mifal_controlled_degradation_v0,ablate_nutrients,feature_family_ablation,core,evaluated,,observable_no_current_chla,validation,3,all,bloom_h,mifal_probability_bloom_calibrated,0.135593220338983,True,3184,3184,1.0,457,0.14353015075376885,529,0.166143216080402,0.1027161400135681,2287,440,368,89,0.16824196597353497,0.19474835886214442,0.8386505317198386,0.5151986600967993,0.18879932117098008,0.0314610064150573,0.14878211155208457,0.5163588204188763,0.12769446508805427,0.47246834203818566,0.34572576664420784,-0.040814010740200746,0.040814010740200746,0.7088567839195979,0.643467346918721,2.1962759541150247,0.643467346918721,0.016393617036426663,0.1811767494808365,0.0,0.0,-0.04081401074020077,-0.24309045226130654,-0.0781126004117298,-0.5076586433260395,0.19875320865419877,-0.04587693965067552,-0.3238164565358228,-0.21262700553547378,-0.07449236240581927,-0.16135989966611552,0.012413730397458078,0.04732943129814149,0.029143304780645973,-0.04081401074020077,0.04081401074020072,-0.012876884422110546,-0.020160119634673568,0.14950916131733027,-0.020160119634673568,-0.03428302101466499,0.004539353862389989,0.0
mifal_controlled_degradation_v0,ablate_nutrients,feature_family_ablation,core,evaluated,,observable_no_current_chla,validation,3,wqp,bloom_h,mifal_probability_bloom_calibrated,0.135593220338983,True,3184,3184,1.0,457,0.14353015075376885,529,0.166143216080402,0.1027161400135681,2287,440,368,89,0.16824196597353497,0.19474835886214442,0.8386505317198386,0.5151986600967993,0.18879932117098008,0.0314610064150573,0.14878211155208457,0.5163588204188763,0.12769446508805427,0.47246834203818566,0.34572576664420784,-0.040814010740200746,0.040814010740200746,0.7088567839195979,0.643467346918721,2.1962759541150247,0.643467346918721,0.016393617036426663,0.1811767494808365,0.0,0.0,-0.04081401074020077,-0.24309045226130654,-0.0781126004117298,-0.5076586433260395,0.19875320865419877,-0.04587693965067552,-0.3238164565358228,-0.21262700553547378,-0.07449236240581927,-0.16135989966611552,0.012413730397458078,0.04732943129814149,0.029143304780645973,-0.04081401074020077,0.04081401074020072,-0.012876884422110546,-0.020160119634673568,0.14950916131733027,-0.020160119634673568,-0.03428302101466499,0.004539353862389989,0.0
mifal_controlled_degradation_v0,ablate_physicochemical,feature_family_ablation,core,evaluated,,observable_no_current_chla,test,1,all,bloom_h,mifal_probability_bloom_calibrated,0.1496598639455782,True,4673,4673,1.0,852,0.18232398887224482,1417,0.303231328910764,0.11040446382728845,2870,951,386,466,0.32886379675370503,0.5469483568075117,0.7511122742737504,0.6109158882089871,0.48290155440414506,0.2503720294584644,0.3180138084222425,0.7520499205650021,0.14389744276977756,0.46887718872245665,0.33747712576843725,-0.07191952504495637,0.07191952504495637,0.6899208217419217,0.665922243111786,2.3134546631163686,0.665922243111786,0.05287577432069757,0.17585952284582007,0.0,0.0,-0.009391650314464428,-0.023325486839289533,-0.05580199616896864,-0.142018779342723,-0.0031405391258831905,-0.04953525260631264,-0.1119504926165279,-0.1145515935395574,-0.04275751036597081,0.008263267119071438,0.009475064695364133,0.016799931899634024,0.012131821713252444,-0.009391650314464428,0.009391650314464428,0.0027819387973464504,0.007773547449476781,-0.0647160353544507,0.007773547449476781,-0.0003669331350123345,-0.004159749879958263,0.0
mifal_controlled_degradation_v0,ablate_physicochemical,feature_family_ablation,core,evaluated,,observable_no_current_chla,test,1,wqp,bloom_h,mifal_probability_bloom_calibrated,0.1496598639455782,True,4673,4673,1.0,852,0.18232398887224482,1417,0.303231328910764,0.11040446382728845,2870,951,386,466,0.32886379675370503,0.5469483568075117,0.7511122742737504,0.6109158882089871,0.48290155440414506,0.2503720294584644,0.3180138084222425,0.7520499205650021,0.14389744276977756,0.46887718872245665,0.33747712576843725,-0.07191952504495637,0.07191952504495637,0.6899208217419217,0.665922243111786,2.3134546631163686,0.665922243111786,0.05287577432069757,0.17585952284582007,0.0,0.0,-0.009391650314464428,-0.023325486839289533,-0.05580199616896864,-0.142018779342723,-0.0031405391258831905,-0.04953525260631264,-0.1119504926165279,-0.1145515935395574,-0.04275751036597081,0.008263267119071438,0.009475064695364133,0.016799931899634024,0.012131821713252444,-0.009391650314464428,0.009391650314464428,0.0027819387973464504,0.007773547449476781,-0.0647160353544507,0.007773547449476781,-0.0003669331350123345,-0.004159749879958263,0.0
mifal_controlled_degradation_v0,ablate_physicochemical,feature_family_ablation,core,evaluated,,observable_no_current_chla,test,2,all,bloom_h,mifal_probability_bloom_calibrated,0.1111111111111111,True,4710,4710,1.0,863,0.18322717622080678,2060,0.43736730360934184,0.12225798550372713,2525,1322,125,738,0.35825242718446604,0.8551564310544612,0.6563556017676111,0.6411212396194754,0.6694484760522497,0.39890161846758004,0.2986755401496896,0.7250500834196545,0.14475509672092637,0.466691721697215,0.341618909680484,-0.06096919071707965,0.06096919071707965,0.6849256900212314,0.6703681909960634,2.301935165407164,0.6703681909960634,0.05291714438575515,0.1735266058773148,0.0,0.0,-0.0033166644915967325,0.07494692144373677,0.00031452443109752926,0.1471610660486674,-0.05874707564335846,0.0017722095419384631,0.07727945104740386,0.05840478275609201,-0.03204865016641584,0.03309270801675068,0.006352056857281324,0.009621233425873066,0.007535034272522501,-0.0033166644915967325,0.0033166644915967325,0.002547770700636942,0.008263146853918935,-0.0688959002067171,0.008263146853918935,-0.00036764538220308146,-0.004409498512193716,0.0
mifal_controlled_degradation_v0,ablate_physicochemical,feature_family_ablation,core,evaluated,,observable_no_current_chla,test,2,wqp,bloom_h,mifal_probability_bloom_calibrated,0.1111111111111111,True,4710,4710,1.0,863,0.18322717622080678,2060,0.43736730360934184,0.12225798550372713,2525,1322,125,738,0.35825242718446604,0.8551564310544612,0.6563556017676111,0.6411212396194754,0.6694484760522497,0.39890161846758004,0.2986755401496896,0.7250500834196545,0.14475509672092637,0.466691721697215,0.341618909680484,-0.06096919071707965,0.06096919071707965,0.6849256900212314,0.6703681909960634,2.301935165407164,0.6703681909960634,0.05291714438575515,0.1735266058773148,0.0,0.0,-0.0033166644915967325,0.07494692144373677,0.00031452443109752926,0.1471610660486674,-0.05874707564335846,0.0017722095419384631,0.07727945104740386,0.05840478275609201,-0.03204865016641584,0.03309270801675068,0.006352056857281324,0.009621233425873066,0.007535034272522501,-0.0033166644915967325,0.0033166644915967325,0.002547770700636942,0.008263146853918935,-0.0688959002067171,0.008263146853918935,-0.00036764538220308146,-0.004409498512193716,0.0
mifal_controlled_degradation_v0,ablate_physicochemical,feature_family_ablation,core,evaluated,,observable_no_current_chla,test,3,all,bloom_h,mifal_probability_bloom_calibrated,0.135593220338983,True,4757,4757,1.0,883,0.18562118982552028,2153,0.45259617405928104,0.13625585636511997,2469,1405,135,748,0.34742220157919185,0.8471121177802945,0.6373257614868353,0.6275129647278861,0.6578715919085314,0.3784040268425326,0.28178686235249994,0.7114162658277063,0.14161986994954454,0.4549083778082578,0.3355497257763117,-0.04936533346040031,0.04936533346040031,0.6819424006726928,0.6710783187961231,2.3154327491658058,0.6710783187961231,0.05321638626745253,0.17320539541107305,0.0,0.0,0.004855370631308198,0.09102375446710109,-0.00025221702545930036,0.16987542468856176,-0.07305110996386166,-0.0004277154518627091,0.08856466121546214,0.06473437104836366,-0.04005568025797257,0.005594984947710158,0.001776958691203867,-0.0001246895556219485,0.0017539131336549718,0.004855370631308198,-0.004855370631308198,0.0014715156611309066,0.008919721072480513,-0.07129799587656205,0.008919721072480513,-0.0003673680527988554,-0.0047503302265002045,0.0
mifal_controlled_degradation_v0,ablate_physicochemical,feature_family_ablation,core,evaluated,,observable_no_current_chla,test,3,wqp,bloom_h,mifal_probability_bloom_calibrated,0.135593220338983,True,4757,4757,1.0,883,0.18562118982552028,2153,0.45259617405928104,0.13625585636511997,2469,1405,135,748,0.34742220157919185,0.8471121177802945,0.6373257614868353,0.6275129647278861,0.6578715919085314,0.3784040268425326,0.28178686235249994,0.7114162658277063,0.14161986994954454,0.4549083778082578,0.3355497257763117,-0.04936533346040031,0.04936533346040031,0.6819424006726928,0.6710783187961231,2.3154327491658058,0.6710783187961231,0.05321638626745253,0.17320539541107305,0.0,0.0,0.004855370631308198,0.09102375446710109,-0.00025221702545930036,0.16987542468856176,-0.07305110996386166,-0.0004277154518627091,0.08856466121546214,0.06473437104836366,-0.04005568025797257,0.005594984947710158,0.001776958691203867,-0.0001246895556219485,0.0017539131336549718,0.004855370631308198,-0.004855370631308198,0.0014715156611309066,0.008919721072480513,-0.07129799587656205,0.008919721072480513,-0.0003673680527988554,-0.0047503302265002045,0.0
mifal_controlled_degradation_v0,ablate_physicochemical,feature_family_ablation,core,evaluated,,observable_no_current_chla,validation,1,all,bloom_h,mifal_probability_bloom_calibrated,0.1496598639455782,True,3049,3049,1.0,410,0.13447031813709412,1102,0.361429977041653,0.1249368711589642,1782,857,165,245,0.22232304900181488,0.5975609756097561,0.6752557787040546,0.5506109576650353,0.44675419401896416,0.19373535741553788,0.19778339925533364,0.6850132625994696,0.11473292464677913,0.43456148682484724,0.31593994632388495,-0.009533446978129925,0.009533446978129925,0.7307313873401116,0.6672060217299316,1.9886425460551886,0.6672060217299316,0.05003119783711965,0.1746891644615238,0.0,0.0,-0.009533446978129925,-0.014430960970810092,-0.035094053965026295,-0.12195121951219512,-0.002273588480484978,-0.032636912258523054,-0.08267868466014555,-0.08592820893178882,-0.03932880411099793,-0.025081100564700143,0.008146146450942415,0.019001439423450173,0.013594384635814583,-0.009533446978129925,0.009533446978129925,0.002623811085601835,0.006695937880210057,-0.022454289680426953,0.006695937880210057,-0.0003526484769264468,-0.0035640070443768157,0.0
mifal_controlled_degradation_v0,ablate_physicochemical,feature_family_ablation,core,evaluated,,observable_no_current_chla,validation,1,wqp,bloom_h,mifal_probability_bloom_calibrated,0.1496598639455782,True,3049,3049,1.0,410,0.13447031813709412,1102,0.361429977041653,0.1249368711589642,1782,857,165,245,0.22232304900181488,0.5975609756097561,0.6752557787040546,0.5506109576650353,0.44675419401896416,0.19373535741553788,0.19778339925533364,0.6850132625994696,0.11473292464677913,0.43456148682484724,0.31593994632388495,-0.009533446978129925,0.009533446978129925,0.7307313873401116,0.6672060217299316,1.9886425460551886,0.6672060217299316,0.05003119783711965,0.1746891644615238,0.0,0.0,-0.009533446978129925,-0.014430960970810092,-0.035094053965026295,-0.12195121951219512,-0.002273588480484978,-0.032636912258523054,-0.08267868466014555,-0.08592820893178882,-0.03932880411099793,-0.025081100564700143,0.008146146450942415,0.019001439423450173,0.013594384635814583,-0.009533446978129925,0.009533446978129925,0.002623811085601835,0.006695937880210057,-0.022454289680426953,0.006695937880210057,-0.0003526484769264468,-0.0035640070443768157,0.0
mifal_controlled_degradation_v0,ablate_physicochemical,feature_family_ablation,core,evaluated,,observable_no_current_chla,validation,2,all,bloom_h,mifal_probability_bloom_calibrated,0.1111111111111111,True,3158,3158,1.0,441,0.1396453451551615,1510,0.47815072830905636,0.13856617070664182,1561,1156,87,354,0.23443708609271524,0.8027210884353742,0.5745307324254693,0.5390628238345772,0.5406230910201588,0.2617751283821065,0.18368027462406397,0.6446477499109078,0.11882573032682517,0.43428836047035163,0.32164669414194047,-0.001079174448519682,0.001079174448519682,0.727042431918936,0.6726293200115967,2.0086902415897905,0.6726293200115967,0.050442678567638864,0.17191302888540902,0.0,0.0,-0.0010791744485196542,0.06269791006966435,0.00044318365369083734,0.10657596371882083,-0.055576002944424,-0.011257287370171398,0.04159838360793516,0.03230067474236811,-0.03624623315489406,-0.030774572127955646,0.005672430698549377,0.009350289170355408,0.008011772055035005,-0.0010791744485196542,0.0010791744485196542,0.003483217226092461,0.007986935023751252,-0.028134150192631324,0.007986935023751252,-0.00033764129579355595,-0.0042220979890260635,0.0
mifal_controlled_degradation_v0,ablate_physicochemical,feature_family_ablation,core,evaluated,,observable_no_current_chla,validation,2,wqp,bloom_h,mifal_probability_bloom_calibrated,0.1111111111111111,True,3158,3158,1.0,441,0.1396453451551615,1510,0.47815072830905636,0.13856617070664182,1561,1156,87,354,0.23443708609271524,0.8027210884353742,0.5745307324254693,0.5390628238345772,0.5406230910201588,0.2617751283821065,0.18368027462406397,0.6446477499109078,0.11882573032682517,0.43428836047035163,0.32164669414194047,-0.001079174448519682,0.001079174448519682,0.727042431918936,0.6726293200115967,2.0086902415897905,0.6726293200115967,0.050442678567638864,0.17191302888540902,0.0,0.0,-0.0010791744485196542,0.06269791006966435,0.00044318365369083734,0.10657596371882083,-0.055576002944424,-0.011257287370171398,0.04159838360793516,0.03230067474236811,-0.03624623315489406,-0.030774572127955646,0.005672430698549377,0.009350289170355408,0.008011772055035005,-0.0010791744485196542,0.0010791744485196542,0.003483217226092461,0.007986935023751252,-0.028134150192631324,0.007986935023751252,-0.00033764129579355595,-0.0042220979890260635,0.0
mifal_controlled_degradation_v0,ablate_physicochemical,feature_family_ablation,core,evaluated,,observable_no_current_chla,validation,3,all,bloom_h,mifal_probability_bloom_calibrated,0.135593220338983,True,3184,3184,1.0,457,0.14353015075376885,1594,0.5006281407035176,0.15265209648928152,1500,1227,90,367,0.2302383939774153,0.8030634573304157,0.5500550055005501,0.5264006201825648,0.5362361192285214,0.24761581178761843,0.1767163807047297,0.6226438106976271,0.1204227597786249,0.42690971418156864,0.32091373660813544,0.009121945735512671,0.009121945735512671,0.7277010050251256,0.6737192947840128,2.008947009153181,0.6737192947840128,0.05034859569541541,0.1713303925379727,0.0,0.0,0.009121945735512643,0.09139447236180903,-0.01611617240784946,0.10065645514223187,-0.08984231756508976,-0.03467497956490995,0.023620341521718546,0.003527799837087342,-0.04655809325317414,-0.0550749093873647,0.005142025088028718,0.0017708034415244711,0.0043312747445735655,0.009121945735512643,0.009121945735512643,0.0059673366834170904,0.010091828230618272,-0.03781978364451355,0.010091828230618272,-0.000328042355676246,-0.005307003080473827,0.0
mifal_controlled_degradation_v0,ablate_physicochemical,feature_family_ablation,core,evaluated,,observable_no_current_chla,validation,3,wqp,bloom_h,mifal_probability_bloom_calibrated,0.135593220338983,True,3184,3184,1.0,457,0.14353015075376885,1594,0.5006281407035176,0.15265209648928152,1500,1227,90,367,0.2302383939774153,0.8030634573304157,0.5500550055005501,0.5264006201825648,0.5362361192285214,0.24761581178761843,0.1767163807047297,0.6226438106976271,0.1204227597786249,0.42690971418156864,0.32091373660813544,0.009121945735512671,0.009121945735512671,0.7277010050251256,0.6737192947840128,2.008947009153181,0.6737192947840128,0.05034859569541541,0.1713303925379727,0.0,0.0,0.009121945735512643,0.09139447236180903,-0.01611617240784946,0.10065645514223187,-0.08984231756508976,-0.03467497956490995,0.023620341521718546,0.003527799837087342,-0.04655809325317414,-0.0550749093873647,0.005142025088028718,0.0017708034415244711,0.0043312747445735655,0.009121945735512643,0.009121945735512643,0.0059673366834170904,0.010091828230618272,-0.03781978364451355,0.010091828230618272,-0.000328042355676246,-0.005307003080473827,0.0
mifal_controlled_degradation_v0,control_observed,control,core,evaluated,,observable_no_current_chla,test,1,all,bloom_h,mifal_probability_bloom_calibrated,0.1496598639455782,True,4673,4673,1.0,852,0.18232398887224482,1526,0.3265568157500535,0.11979611414175288,2882,939,265,587,0.38466579292267367,0.6889671361502347,0.7542528133996336,0.6604511408152998,0.594852047020673,0.3649236229980218,0.36077131878821334,0.7437866534459306,0.13442237807441343,0.4520772568228226,0.3253453040551848,-0.06252787473049194,0.06252787473049194,0.6871388829445753,0.6581486956623093,2.3781706984708193,0.6581486956623093,0.05324270745570991,0.18001927272577833,0.0,0.0,0.0,0.0,0.0,0.0,0.0,0.0,0.0,0.0,0.0,0.0,0.0,0.0,0.0,0.0,0.0,0.0,0.0,0.0,0.0,0.0,0.0,0.0
mifal_controlled_degradation_v0,control_observed,control,core,evaluated,,observable_no_current_chla,test,1,wqp,bloom_h,mifal_probability_bloom_calibrated,0.1496598639455782,True,4673,4673,1.0,852,0.18232398887224482,1526,0.3265568157500535,0.11979611414175288,2882,939,265,587,0.38466579292267367,0.6889671361502347,0.7542528133996336,0.6604511408152998,0.594852047020673,0.3649236229980218,0.36077131878821334,0.7437866534459306,0.13442237807441343,0.4520772568228226,0.3253453040551848,-0.06252787473049194,0.06252787473049194,0.6871388829445753,0.6581486956623093,2.3781706984708193,0.6581486956623093,0.05324270745570991,0.18001927272577833,0.0,0.0,0.0,0.0,0.0,0.0,0.0,0.0,0.0,0.0,0.0,0.0,0.0,0.0,0.0,0.0,0.0,0.0,0.0,0.0,0.0,0.0,0.0,0.0
mifal_controlled_degradation_v0,control_observed,control,core,evaluated,,observable_no_current_chla,test,2,all,bloom_h,mifal_probability_bloom_calibrated,0.1111111111111111,True,4710,4710,1.0,863,0.18322717622080678,1707,0.36242038216560507,0.12557464999532386,2751,1096,252,611,0.3579379027533685,0.7079953650057937,0.7151026774109696,0.639349030077537,0.5921690250048458,0.34049683571148803,0.33072419031610545,0.6919573754029038,0.13840303986364505,0.45707048827134195,0.3340838754079615,-0.05765252622548292,0.05765252622548292,0.6823779193205944,0.6621050441421444,2.370831065613881,0.6621050441421444,0.05328478976795823,0.17793610438950852,0.0,0.0,0.0,0.0,0.0,0.0,0.0,0.0,0.0,0.0,0.0,0.0,0.0,0.0,0.0,0.0,0.0,0.0,0.0,0.0,0.0,0.0,0.0,0.0
mifal_controlled_degradation_v0,control_observed,control,core,evaluated,,observable_no_current_chla,test,2,wqp,bloom_h,mifal_probability_bloom_calibrated,0.1111111111111111,True,4710,4710,1.0,863,0.18322717622080678,1707,0.36242038216560507,0.12557464999532386,2751,1096,252,611,0.3579379027533685,0.7079953650057937,0.7151026774109696,0.639349030077537,0.5921690250048458,0.34049683571148803,0.33072419031610545,0.6919573754029038,0.13840303986364505,0.45707048827134195,0.3340838754079615,-0.05765252622548292,0.05765252622548292,0.6823779193205944,0.6621050441421444,2.370831065613881,0.6621050441421444,0.05328478976795823,0.17793610438950852,0.0,0.0,0.0,0.0,0.0,0.0,0.0,0.0,0.0,0.0,0.0,0.0,0.0,0.0,0.0,0.0,0.0,0.0,0.0,0.0,0.0,0.0,0.0,0.0
mifal_controlled_degradation_v0,control_observed,control,core,evaluated,,observable_no_current_chla,test,3,all,bloom_h,mifal_probability_bloom_calibrated,0.135593220338983,True,4757,4757,1.0,883,0.18562118982552028,1720,0.36157241959217995,0.13140048573381177,2752,1122,285,598,0.34767441860465115,0.6772366930917327,0.710376871450697,0.6279406801797488,0.5693069306930693,0.31366965579416894,0.3218425426104725,0.7058212808799962,0.13984291125834067,0.4550330673638798,0.33379581264265673,-0.05422070409170851,0.05422070409170851,0.6804708850115619,0.6621585977236426,2.386730745042368,0.6621585977236426,0.053583754320251385,0.17795572563757325,0.0,0.0,0.0,0.0,0.0,0.0,0.0,0.0,0.0,0.0,0.0,0.0,0.0,0.0,0.0,0.0,0.0,0.0,0.0,0.0,0.0,0.0,0.0,0.0
mifal_controlled_degradation_v0,control_observed,control,core,evaluated,,observable_no_current_chla,test,3,wqp,bloom_h,mifal_probability_bloom_calibrated,0.135593220338983,True,4757,4757,1.0,883,0.18562118982552028,1720,0.36157241959217995,0.13140048573381177,2752,1122,285,598,0.34767441860465115,0.6772366930917327,0.710376871450697,0.6279406801797488,0.5693069306930693,0.31366965579416894,0.3218425426104725,0.7058212808799962,0.13984291125834067,0.4550330673638798,0.33379581264265673,-0.05422070409170851,0.05422070409170851,0.6804708850115619,0.6621585977236426,2.386730745042368,0.6621585977236426,0.053583754320251385,0.17795572563757325,0.0,0.0,0.0,0.0,0.0,0.0,0.0,0.0,0.0,0.0,0.0,0.0,0.0,0.0,0.0,0.0,0.0,0.0,0.0,0.0,0.0,0.0,0.0,0.0
mifal_controlled_degradation_v0,control_observed,control,core,evaluated,,observable_no_current_chla,validation,1,all,bloom_h,mifal_probability_bloom_calibrated,0.1496598639455782,True,3049,3049,1.0,410,0.13447031813709412,1146,0.3758609380124631,0.13447031813709412,1788,851,115,295,0.25741710296684117,0.7195121951219512,0.6775293671845396,0.5832478699235584,0.5294328786791097,0.2796635663473267,0.23711220336633157,0.7100943631641697,0.10658677819583671,0.41556004740139707,0.30234556168807036,0.0,0.0,0.7281075762545097,0.6605100838497215,2.0110968357356156,0.6605100838497215,0.0503838463140461,0.17825317150590061,0.0,0.0,0.0,0.0,0.0,0.0,0.0,0.0,0.0,0.0,0.0,0.0,0.0,0.0,0.0,0.0,0.0,0.0,0.0,0.0,0.0,0.0,0.0,0.0
mifal_controlled_degradation_v0,control_observed,control,core,evaluated,,observable_no_current_chla,validation,1,wqp,bloom_h,mifal_probability_bloom_calibrated,0.1496598639455782,True,3049,3049,1.0,410,0.13447031813709412,1146,0.3758609380124631,0.13447031813709412,1788,851,115,295,0.25741710296684117,0.7195121951219512,0.6775293671845396,0.5832478699235584,0.5294328786791097,0.2796635663473267,0.23711220336633157,0.7100943631641697,0.10658677819583671,0.41556004740139707,0.30234556168807036,0.0,0.0,0.7281075762545097,0.6605100838497215,2.0110968357356156,0.6605100838497215,0.0503838463140461,0.17825317150590061,0.0,0.0,0.0,0.0,0.0,0.0,0.0,0.0,0.0,0.0,0.0,0.0,0.0,0.0,0.0,0.0,0.0,0.0,0.0,0.0,0.0,0.0,0.0,0.0
mifal_controlled_degradation_v0,control_observed,control,core,evaluated,,observable_no_current_chla,validation,2,all,bloom_h,mifal_probability_bloom_calibrated,0.1111111111111111,True,3158,3158,1.0,441,0.1396453451551615,1312,0.415452818239392,0.13964534515516147,1712,1005,134,307,0.2339939024390244,0.6961451247165533,0.6301067353698933,0.5503201112047486,0.49902470741222366,0.22947445363973837,0.21992650777895803,0.6754223220388634,0.11315329962827579,0.4249380712999962,0.31363492208690547,-2.7755575615628914e-17,2.7755575615628914e-17,0.7235592146928436,0.6646423849878454,2.036824391782422,0.6646423849878454,0.05078031986343242,0.17613512687443508,0.0,0.0,0.0,0.0,0.0,0.0,0.0,0.0,0.0,0.0,0.0,0.0,0.0,0.0,0.0,0.0,0.0,0.0,0.0,0.0,0.0,0.0,0.0,0.0
mifal_controlled_degradation_v0,control_observed,control,core,evaluated,,observable_no_current_chla,validation,2,wqp,bloom_h,mifal_probability_bloom_calibrated,0.1111111111111111,True,3158,3158,1.0,441,0.1396453451551615,1312,0.415452818239392,0.13964534515516147,1712,1005,134,307,0.2339939024390244,0.6961451247165533,0.6301067353698933,0.5503201112047486,0.49902470741222366,0.22947445363973837,0.21992650777895803,0.6754223220388634,0.11315329962827579,0.4249380712999962,0.31363492208690547,-2.7755575615628914e-17,2.7755575615628914e-17,0.7235592146928436,0.6646423849878454,2.036824391782422,0.6646423849878454,0.05078031986343242,0.17613512687443508,0.0,0.0,0.0,0.0,0.0,0.0,0.0,0.0,0.0,0.0,0.0,0.0,0.0,0.0,0.0,0.0,0.0,0.0,0.0,0.0,0.0,0.0,0.0,0.0
mifal_controlled_degradation_v0,control_observed,control,core,evaluated,,observable_no_current_chla,validation,3,all,bloom_h,mifal_probability_bloom_calibrated,0.135593220338983,True,3184,3184,1.0,457,0.14353015075376885,1303,0.40923366834170855,0.14353015075376888,1745,982,136,321,0.24635456638526476,0.7024070021881839,0.6398973230656398,0.5610755997474748,0.5126157777068029,0.2440880119505311,0.22327447395790384,0.6777187200849918,0.11528073469059619,0.4251389107400442,0.31658246186356187,2.7755575615628914e-17,2.7755575615628914e-17,0.7217336683417085,0.6636274665533946,2.0467667927976945,0.6636274665533946,0.050676638051091655,0.17663739561844652,0.0,0.0,0.0,0.0,0.0,0.0,0.0,0.0,0.0,0.0,0.0,0.0,0.0,0.0,0.0,0.0,0.0,0.0,0.0,0.0,0.0,0.0,0.0,0.0
mifal_controlled_degradation_v0,control_observed,control,core,evaluated,,observable_no_current_chla,validation,3,wqp,bloom_h,mifal_probability_bloom_calibrated,0.135593220338983,True,3184,3184,1.0,457,0.14353015075376885,1303,0.40923366834170855,0.14353015075376888,1745,982,136,321,0.24635456638526476,0.7024070021881839,0.6398973230656398,0.5610755997474748,0.5126157777068029,0.2440880119505311,0.22327447395790384,0.6777187200849918,0.11528073469059619,0.4251389107400442,0.31658246186356187,2.7755575615628914e-17,2.7755575615628914e-17,0.7217336683417085,0.6636274665533946,2.0467667927976945,0.6636274665533946,0.050676638051091655,0.17663739561844652,0.0,0.0,0.0,0.0,0.0,0.0,0.0,0.0,0.0,0.0,0.0,0.0,0.0,0.0,0.0,0.0,0.0,0.0,0.0,0.0,0.0,0.0,0.0,0.0
mifal_controlled_degradation_v0,random_dropout_mcar_10,random_value_dropout,core,evaluated,20260612,observable_no_current_chla,test,1,all,bloom_h,mifal_probability_bloom_calibrated,0.1496598639455782,True,4673,4673,1.0,852,0.18232398887224482,1698,0.3633640059918682,0.12910092506650725,2693,1128,282,570,0.33568904593639576,0.6690140845070423,0.704789322166972,0.6197919191219748,0.5581668625146886,0.30008151467158983,0.30281273546574883,0.7076320568442496,0.13895378239109923,0.4555050061479198,0.3321995308010732,-0.053223063805737575,0.053223063805737575,0.6873528782366788,0.6602384315418119,2.368018585054723,0.6602384315418119,0.05012270963914671,0.1783653968450375,0.0,0.0,0.009304810924754367,0.03680719024181467,-0.04897674698627791,-0.0199530516431925,-0.04946349123266158,-0.04065922169332492,-0.03668518450598435,-0.06484210832643195,-0.05795858332246451,-0.03615459660168108,0.004531404316685805,0.0034277493250971514,0.00685422674588837,0.009304810924754367,-0.009304810924754367,0.0002139952921035304,0.0020897358795026744,-0.010152113416096231,0.0020897358795026744,-0.0031199978165631984,-0.0016538758807408405,0.0
mifal_controlled_degradation_v0,random_dropout_mcar_10,random_value_dropout,core,evaluated,20260612,observable_no_current_chla,test,1,wqp,bloom_h,mifal_probability_bloom_calibrated,0.1496598639455782,True,4673,4673,1.0,852,0.18232398887224482,1698,0.3633640059918682,0.12910092506650725,2693,1128,282,570,0.33568904593639576,0.6690140845070423,0.704789322166972,0.6197919191219748,0.5581668625146886,0.30008151467158983,0.30281273546574883,0.7076320568442496,0.13895378239109923,0.4555050061479198,0.3321995308010732,-0.053223063805737575,0.053223063805737575,0.6873528782366788,0.6602384315418119,2.368018585054723,0.6602384315418119,0.05012270963914671,0.1783653968450375,0.0,0.0,0.009304810924754367,0.03680719024181467,-0.04897674698627791,-0.0199530516431925,-0.04946349123266158,-0.04065922169332492,-0.03668518450598435,-0.06484210832643195,-0.05795858332246451,-0.03615459660168108,0.004531404316685805,0.0034277493250971514,0.00685422674588837,0.009304810924754367,-0.009304810924754367,0.0002139952921035304,0.0020897358795026744,-0.010152113416096231,0.0020897358795026744,-0.0031199978165631984,-0.0016538758807408405,0.0
mifal_controlled_degradation_v0,random_dropout_mcar_10,random_value_dropout,core,evaluated,20260612,observable_no_current_chla,test,2,all,bloom_h,mifal_probability_bloom_calibrated,0.1111111111111111,True,4710,4710,1.0,863,0.18322717622080678,1935,0.410828025477707,0.13225468380637595,2530,1317,245,618,0.31937984496124033,0.7161066048667439,0.6576553158305173,0.6029318521297842,0.5736031186188973,0.2938932188380714,0.28396489380234624,0.6606077601513993,0.14204893864678103,0.46130637658255913,0.34125264103931907,-0.05097249241443083,0.05097249241443083,0.6819532908704883,0.6637333824521265,2.3650529956562414,0.6637333824521265,0.0502721106079119,0.17655307772755233,0.0,0.0,0.0066800338110520885,0.048407643312101956,-0.038558057792128175,0.008111239860950192,-0.05744736158045227,-0.03641717794775279,-0.01856590638594846,-0.04660361687341663,-0.04675929651375921,-0.03134961525150448,0.0036458987831359813,0.004235888311217184,0.007168765631357599,0.0066800338110520885,-0.0066800338110520885,-0.000424628450106157,0.0016283383099821025,-0.00577806995763952,0.0016283383099821025,-0.0030126791600463276,-0.0013830266619561937,0.0
mifal_controlled_degradation_v0,random_dropout_mcar_10,random_value_dropout,core,evaluated,20260612,observable_no_current_chla,test,2,wqp,bloom_h,mifal_probability_bloom_calibrated,0.1111111111111111,True,4710,4710,1.0,863,0.18322717622080678,1935,0.410828025477707,0.13225468380637595,2530,1317,245,618,0.31937984496124033,0.7161066048667439,0.6576553158305173,0.6029318521297842,0.5736031186188973,0.2938932188380714,0.28396489380234624,0.6606077601513993,0.14204893864678103,0.46130637658255913,0.34125264103931907,-0.05097249241443083,0.05097249241443083,0.6819532908704883,0.6637333824521265,2.3650529956562414,0.6637333824521265,0.0502721106079119,0.17655307772755233,0.0,0.0,0.0066800338110520885,0.048407643312101956,-0.038558057792128175,0.008111239860950192,-0.05744736158045227,-0.03641717794775279,-0.01856590638594846,-0.04660361687341663,-0.04675929651375921,-0.03134961525150448,0.0036458987831359813,0.004235888311217184,0.007168765631357599,0.0066800338110520885,-0.0066800338110520885,-0.000424628450106157,0.0016283383099821025,-0.00577806995763952,0.0016283383099821025,-0.0030126791600463276,-0.0013830266619561937,0.0
mifal_controlled_degradation_v0,random_dropout_mcar_10,random_value_dropout,core,evaluated,20260612,observable_no_current_chla,test,3,all,bloom_h,mifal_probability_bloom_calibrated,0.135593220338983,True,4757,4757,1.0,883,0.18562118982552028,1981,0.41643893210006305,0.14027057595236234,2501,1373,275,608,0.3069156991418476,0.6885617214043035,0.6455859576664946,0.5883807283572058,0.5514239071286052,0.26354005986791695,0.26974415648050604,0.6657280788787929,0.14356270252743564,0.4584340431621377,0.3413045043328484,-0.04535061387315795,0.04535061387315795,0.6813117511036367,0.6640279972998216,2.3827344794509666,0.6640279972998216,0.05034923885254017,0.17640507010590922,0.0,0.0,0.008870090218550564,0.0548665125078831,-0.04075871946280357,0.011325028312570762,-0.06479091378420232,-0.039559951822543016,-0.01788302356446403,-0.05012959592625199,-0.05209838612996648,-0.040093202001203254,0.0037197912690949686,0.0034009757982579325,0.007508691690191693,0.008870090218550564,-0.008870090218550564,0.0008408660920747879,0.0018693995761790427,-0.003996265591401205,0.0018693995761790427,-0.0032345154677112173,-0.0015506555316640303,0.0
mifal_controlled_degradation_v0,random_dropout_mcar_10,random_value_dropout,core,evaluated,20260612,observable_no_current_chla,test,3,wqp,bloom_h,mifal_probability_bloom_calibrated,0.135593220338983,True,4757,4757,1.0,883,0.18562118982552028,1981,0.41643893210006305,0.14027057595236234,2501,1373,275,608,0.3069156991418476,0.6885617214043035,0.6455859576664946,0.5883807283572058,0.5514239071286052,0.26354005986791695,0.26974415648050604,0.6657280788787929,0.14356270252743564,0.4584340431621377,0.3413045043328484,-0.04535061387315795,0.04535061387315795,0.6813117511036367,0.6640279972998216,2.3827344794509666,0.6640279972998216,0.05034923885254017,0.17640507010590922,0.0,0.0,0.008870090218550564,0.0548665125078831,-0.04075871946280357,0.011325028312570762,-0.06479091378420232,-0.039559951822543016,-0.01788302356446403,-0.05012959592625199,-0.05209838612996648,-0.040093202001203254,0.0037197912690949686,0.0034009757982579325,0.007508691690191693,0.008870090218550564,-0.008870090218550564,0.0008408660920747879,0.0018693995761790427,-0.003996265591401205,0.0018693995761790427,-0.0032345154677112173,-0.0015506555316640303,0.0
mifal_controlled_degradation_v0,random_dropout_mcar_10,random_value_dropout,core,evaluated,20260612,observable_no_current_chla,validation,1,all,bloom_h,mifal_probability_bloom_calibrated,0.1496598639455782,True,3049,3049,1.0,410,0.13447031813709412,1270,0.41653000983929156,0.14262082327113002,1656,983,123,287,0.22598425196850394,0.7,0.6275104206138689,0.5456635732609023,0.493127147766323,0.22664540140703276,0.20439693716960464,0.675208181221638,0.1111578953557013,0.42184988404642365,0.3120872964245697,0.008150505134035896,0.008150505134035896,0.7294194817973106,0.6619379942761764,2.009153149895966,0.6619379942761764,0.04737714165826308,0.17698136932041542,0.0,0.0,0.008150505134035896,0.04066907182682844,-0.03143285099833723,-0.019512195121951237,-0.05001894657067074,-0.03758429666265606,-0.036305730912786716,-0.05301816494029393,-0.03271526619672693,-0.03488618194253179,0.0045711171598645794,0.006289836645026581,0.009741734736499363,0.008150505134035896,0.008150505134035896,0.0013119055428009174,0.0014279104264548481,-0.001943685839649767,0.0014279104264548481,-0.003006704655783017,-0.001271802185485199,0.0
mifal_controlled_degradation_v0,random_dropout_mcar_10,random_value_dropout,core,evaluated,20260612,observable_no_current_chla,validation,1,wqp,bloom_h,mifal_probability_bloom_calibrated,0.1496598639455782,True,3049,3049,1.0,410,0.13447031813709412,1270,0.41653000983929156,0.14262082327113002,1656,983,123,287,0.22598425196850394,0.7,0.6275104206138689,0.5456635732609023,0.493127147766323,0.22664540140703276,0.20439693716960464,0.675208181221638,0.1111578953557013,0.42184988404642365,0.3120872964245697,0.008150505134035896,0.008150505134035896,0.7294194817973106,0.6619379942761764,2.009153149895966,0.6619379942761764,0.04737714165826308,0.17698136932041542,0.0,0.0,0.008150505134035896,0.04066907182682844,-0.03143285099833723,-0.019512195121951237,-0.05001894657067074,-0.03758429666265606,-0.036305730912786716,-0.05301816494029393,-0.03271526619672693,-0.03488618194253179,0.0045711171598645794,0.006289836645026581,0.009741734736499363,0.008150505134035896,0.008150505134035896,0.0013119055428009174,0.0014279104264548481,-0.001943685839649767,0.0014279104264548481,-0.003006704655783017,-0.001271802185485199,0.0
mifal_controlled_degradation_v0,random_dropout_mcar_10,random_value_dropout,core,evaluated,20260612,observable_no_current_chla,validation,2,all,bloom_h,mifal_probability_bloom_calibrated,0.1111111111111111,True,3158,3158,1.0,441,0.1396453451551615,1440,0.4559848005066498,0.1439225131139204,1582,1135,136,305,0.21180555555555555,0.691609977324263,0.5822598454177401,0.518855798236324,0.47596754057428203,0.19059674032381113,0.19396222788023326,0.6330277909225277,0.11655101358511802,0.4304619248523928,0.3212544651600463,0.004277167958758904,0.004277167958758904,0.7229259024699176,0.6656482939734284,2.041183236565753,0.6656482939734284,0.04749130312804973,0.17503292260988554,0.0,0.0,0.004277167958758932,0.04053198226725779,-0.02218834688346885,-0.0045351473922903285,-0.04784688995215314,-0.03146431296842456,-0.023057166837941623,-0.03887771331592724,-0.025964279898724768,-0.04239453111633573,0.003397713956842227,0.005523853552396596,0.007619543073140833,0.004277167958758932,0.004277167958758876,-0.0006333122229259525,0.0010059089855829484,0.0043588447833311506,0.0010059089855829484,-0.003289016735382691,-0.0011022042645495445,0.0
mifal_controlled_degradation_v0,random_dropout_mcar_10,random_value_dropout,core,evaluated,20260612,observable_no_current_chla,validation,2,wqp,bloom_h,mifal_probability_bloom_calibrated,0.1111111111111111,True,3158,3158,1.0,441,0.1396453451551615,1440,0.4559848005066498,0.1439225131139204,1582,1135,136,305,0.21180555555555555,0.691609977324263,0.5822598454177401,0.518855798236324,0.47596754057428203,0.19059674032381113,0.19396222788023326,0.6330277909225277,0.11655101358511802,0.4304619248523928,0.3212544651600463,0.004277167958758904,0.004277167958758904,0.7229259024699176,0.6656482939734284,2.041183236565753,0.6656482939734284,0.04749130312804973,0.17503292260988554,0.0,0.0,0.004277167958758932,0.04053198226725779,-0.02218834688346885,-0.0045351473922903285,-0.04784688995215314,-0.03146431296842456,-0.023057166837941623,-0.03887771331592724,-0.025964279898724768,-0.04239453111633573,0.003397713956842227,0.005523853552396596,0.007619543073140833,0.004277167958758932,0.004277167958758876,-0.0006333122229259525,0.0010059089855829484,0.0043588447833311506,0.0010059089855829484,-0.003289016735382691,-0.0011022042645495445,0.0
mifal_controlled_degradation_v0,random_dropout_mcar_10,random_value_dropout,core,evaluated,20260612,observable_no_current_chla,validation,3,all,bloom_h,mifal_probability_bloom_calibrated,0.135593220338983,True,3184,3184,1.0,457,0.14353015075376885,1436,0.4510050251256281,0.14911415294758043,1614,1113,134,323,0.22493036211699163,0.7067833698030634,0.5918591859185919,0.5312990228628259,0.49479166666666663,0.21042843654144183,0.1943205360886996,0.6408333393514406,0.11855198493827943,0.4286943865891645,0.32224835760061443,0.0055840021938115825,0.0055840021938115825,0.722675879396985,0.6651547996533687,2.045151501096766,0.6651547996533687,0.04765776033999119,0.17530142463978676,0.0,0.0,0.005584002193811555,0.04177135678391958,-0.021424204268273128,0.004376367614879584,-0.048038137147047966,-0.029776576884648853,-0.01782411104013626,-0.03365957540908926,-0.02895393786920425,-0.03688538073355119,0.0032712502476832384,0.0035554758491203042,0.005665895737052562,0.005584002193811555,0.005584002193811555,0.0009422110552764762,0.0015273330999741042,-0.001615291700928445,0.0015273330999741042,-0.0030188777111004664,-0.0013359709786597562,0.0
mifal_controlled_degradation_v0,random_dropout_mcar_10,random_value_dropout,core,evaluated,20260612,observable_no_current_chla,validation,3,wqp,bloom_h,mifal_probability_bloom_calibrated,0.135593220338983,True,3184,3184,1.0,457,0.14353015075376885,1436,0.4510050251256281,0.14911415294758043,1614,1113,134,323,0.22493036211699163,0.7067833698030634,0.5918591859185919,0.5312990228628259,0.49479166666666663,0.21042843654144183,0.1943205360886996,0.6408333393514406,0.11855198493827943,0.4286943865891645,0.32224835760061443,0.0055840021938115825,0.0055840021938115825,0.722675879396985,0.6651547996533687,2.045151501096766,0.6651547996533687,0.04765776033999119,0.17530142463978676,0.0,0.0,0.005584002193811555,0.04177135678391958,-0.021424204268273128,0.004376367614879584,-0.048038137147047966,-0.029776576884648853,-0.01782411104013626,-0.03365957540908926,-0.02895393786920425,-0.03688538073355119,0.0032712502476832384,0.0035554758491203042,0.005665895737052562,0.005584002193811555,0.005584002193811555,0.0009422110552764762,0.0015273330999741042,-0.001615291700928445,0.0015273330999741042,-0.0030188777111004664,-0.0013359709786597562,0.0
mifal_controlled_degradation_v0,random_dropout_mcar_10,random_value_dropout,core,evaluated,20260613,observable_no_current_chla,test,1,all,bloom_h,mifal_probability_bloom_calibrated,0.1496598639455782,True,4673,4673,1.0,852,0.18232398887224482,1687,0.36101005777872885,0.12783725524213888,2691,1130,295,557,0.33017190278601066,0.653755868544601,0.7042658989793248,0.6147060462340594,0.5466143277723259,0.2878162467841057,0.2984003543375173,0.7023422266127517,0.13976236680221477,0.45847264035963453,0.3350595398262957,-0.05448673363010595,0.05448673363010595,0.6869248876524716,0.6598398583240058,2.376421310641892,0.6598398583240058,0.04991884704116857,0.1785400738405248,0.0,0.0,0.008041141100385993,0.034453242028675335,-0.054493890136663004,-0.035211267605633756,-0.04998691442030878,-0.04574509458124032,-0.04823771924834708,-0.07710737621391606,-0.06237096445069601,-0.04144442683317895,0.005339988727801337,0.006395383536811905,0.009714235771110913,0.008041141100385993,-0.008041141100385993,-0.00021399529210364143,0.0016911626616965547,-0.0017493878289274178,0.0016911626616965547,-0.0033238604145413367,-0.0014791988852535243,0.0
mifal_controlled_degradation_v0,random_dropout_mcar_10,random_value_dropout,core,evaluated,20260613,observable_no_current_chla,test,1,wqp,bloom_h,mifal_probability_bloom_calibrated,0.1496598639455782,True,4673,4673,1.0,852,0.18232398887224482,1687,0.36101005777872885,0.12783725524213888,2691,1130,295,557,0.33017190278601066,0.653755868544601,0.7042658989793248,0.6147060462340594,0.5466143277723259,0.2878162467841057,0.2984003543375173,0.7023422266127517,0.13976236680221477,0.45847264035963453,0.3350595398262957,-0.05448673363010595,0.05448673363010595,0.6869248876524716,0.6598398583240058,2.376421310641892,0.6598398583240058,0.04991884704116857,0.1785400738405248,0.0,0.0,0.008041141100385993,0.034453242028675335,-0.054493890136663004,-0.035211267605633756,-0.04998691442030878,-0.04574509458124032,-0.04823771924834708,-0.07710737621391606,-0.06237096445069601,-0.04144442683317895,0.005339988727801337,0.006395383536811905,0.009714235771110913,0.008041141100385993,-0.008041141100385993,-0.00021399529210364143,0.0016911626616965547,-0.0017493878289274178,0.0016911626616965547,-0.0033238604145413367,-0.0014791988852535243,0.0
mifal_controlled_degradation_v0,random_dropout_mcar_10,random_value_dropout,core,evaluated,20260613,observable_no_current_chla,test,2,all,bloom_h,mifal_probability_bloom_calibrated,0.1111111111111111,True,4710,4710,1.0,863,0.18322717622080678,1938,0.41146496815286626,0.13258308137011263,2529,1318,243,620,0.31991744066047473,0.7184241019698725,0.657395373017936,0.6034314035104658,0.575139146567718,0.2954420262454197,0.2893128165911059,0.6637743636145124,0.14139192749358778,0.4600608426509637,0.3393998179581687,-0.050644094850694155,0.050644094850694155,0.6825902335456475,0.6638202934110189,2.3660705420691164,0.6638202934110189,0.05032332436434118,0.17651501544730208,0.0,0.0,0.007008431374788765,0.04904458598726119,-0.03802046209289378,0.010428736964078755,-0.05770730439303351,-0.035917626567071204,-0.017029878437127777,-0.045054809466068324,-0.041411373724999534,-0.028183011788391443,0.0029888876299427325,0.0029903543796217513,0.005315942550207231,0.007008431374788765,-0.007008431374788765,0.0002123142250530785,0.0017152492688744525,-0.004760523544764528,0.0017152492688744525,-0.002961465403617053,-0.0014210889422064388,0.0
mifal_controlled_degradation_v0,random_dropout_mcar_10,random_value_dropout,core,evaluated,20260613,observable_no_current_chla,test,2,wqp,bloom_h,mifal_probability_bloom_calibrated,0.1111111111111111,True,4710,4710,1.0,863,0.18322717622080678,1938,0.41146496815286626,0.13258308137011263,2529,1318,243,620,0.31991744066047473,0.7184241019698725,0.657395373017936,0.6034314035104658,0.575139146567718,0.2954420262454197,0.2893128165911059,0.6637743636145124,0.14139192749358778,0.4600608426509637,0.3393998179581687,-0.050644094850694155,0.050644094850694155,0.6825902335456475,0.6638202934110189,2.3660705420691164,0.6638202934110189,0.05032332436434118,0.17651501544730208,0.0,0.0,0.007008431374788765,0.04904458598726119,-0.03802046209289378,0.010428736964078755,-0.05770730439303351,-0.035917626567071204,-0.017029878437127777,-0.045054809466068324,-0.041411373724999534,-0.028183011788391443,0.0029888876299427325,0.0029903543796217513,0.005315942550207231,0.007008431374788765,-0.007008431374788765,0.0002123142250530785,0.0017152492688744525,-0.004760523544764528,0.0017152492688744525,-0.002961465403617053,-0.0014210889422064388,0.0
mifal_controlled_degradation_v0,random_dropout_mcar_10,random_value_dropout,core,evaluated,20260613,observable_no_current_chla,test,3,all,bloom_h,mifal_probability_bloom_calibrated,0.135593220338983,True,4757,4757,1.0,883,0.18562118982552028,1946,0.40908135379440824,0.13873490048089063,2535,1339,276,607,0.3119218910585817,0.6874292185730464,0.6543624161073825,0.5937706302366266,0.55403431909456,0.27028363335684275,0.2798700590501504,0.6738486854606398,0.1427835078329785,0.4576882375314754,0.3395503206887319,-0.046886289344629656,0.046886289344629656,0.6806811015345806,0.6638308006546534,2.3819808513156824,0.6638308006546534,0.05033056905682553,0.17650017638109583,0.0,0.0,0.0073344147470788545,0.04750893420222829,-0.035752527546069446,0.010192525481313663,-0.056014455343314395,-0.03417004994312223,-0.015272611598509234,-0.0433860224373262,-0.04197248356032213,-0.031972595419356376,0.002940596574637827,0.002655170167595644,0.005754508046075191,0.0073344147470788545,-0.0073344147470788545,0.00021021652301866922,0.00167220293101078,-0.004749893726685439,0.00167220293101078,-0.0032531852634258562,-0.001455549256477423,0.0
mifal_controlled_degradation_v0,random_dropout_mcar_10,random_value_dropout,core,evaluated,20260613,observable_no_current_chla,test,3,wqp,bloom_h,mifal_probability_bloom_calibrated,0.135593220338983,True,4757,4757,1.0,883,0.18562118982552028,1946,0.40908135379440824,0.13873490048089063,2535,1339,276,607,0.3119218910585817,0.6874292185730464,0.6543624161073825,0.5937706302366266,0.55403431909456,0.27028363335684275,0.2798700590501504,0.6738486854606398,0.1427835078329785,0.4576882375314754,0.3395503206887319,-0.046886289344629656,0.046886289344629656,0.6806811015345806,0.6638308006546534,2.3819808513156824,0.6638308006546534,0.05033056905682553,0.17650017638109583,0.0,0.0,0.0073344147470788545,0.04750893420222829,-0.035752527546069446,0.010192525481313663,-0.056014455343314395,-0.03417004994312223,-0.015272611598509234,-0.0433860224373262,-0.04197248356032213,-0.031972595419356376,0.002940596574637827,0.002655170167595644,0.005754508046075191,0.0073344147470788545,-0.0073344147470788545,0.00021021652301866922,0.00167220293101078,-0.004749893726685439,0.00167220293101078,-0.0032531852634258562,-0.001455549256477423,0.0
mifal_controlled_degradation_v0,random_dropout_mcar_10,random_value_dropout,core,evaluated,20260613,observable_no_current_chla,validation,1,all,bloom_h,mifal_probability_bloom_calibrated,0.1496598639455782,True,3049,3049,1.0,410,0.13447031813709412,1257,0.4122663168251886,0.14177624953795667,1662,977,130,280,0.22275258552108193,0.6829268292682927,0.629784009094354,0.5430510377274579,0.4832585433206766,0.21672944349849826,0.20285070953655263,0.673686910230224,0.1115457340408011,0.422249418304305,0.3107022658596291,0.007305931400862553,0.007305931400862553,0.7287635290259101,0.6617480728607276,2.013065953542365,0.6617480728607276,0.047581898001941555,0.17711287842361953,0.0,0.0,0.007305931400862553,0.036405378812725486,-0.03466451744575924,-0.03658536585365846,-0.04774535809018565,-0.040196832196100485,-0.04617433535843313,-0.06293412284882843,-0.034261493829778944,-0.03640745293394576,0.004958955844964391,0.006689370902907943,0.00835670417155876,0.007305931400862553,0.007305931400862553,0.0006559527714004032,0.0012379890110060243,0.0019691178067495763,0.0012379890110060243,-0.002801948312104542,-0.0011402930822810853,0.0
mifal_controlled_degradation_v0,random_dropout_mcar_10,random_value_dropout,core,evaluated,20260613,observable_no_current_chla,validation,1,wqp,bloom_h,mifal_probability_bloom_calibrated,0.1496598639455782,True,3049,3049,1.0,410,0.13447031813709412,1257,0.4122663168251886,0.14177624953795667,1662,977,130,280,0.22275258552108193,0.6829268292682927,0.629784009094354,0.5430510377274579,0.4832585433206766,0.21672944349849826,0.20285070953655263,0.673686910230224,0.1115457340408011,0.422249418304305,0.3107022658596291,0.007305931400862553,0.007305931400862553,0.7287635290259101,0.6617480728607276,2.013065953542365,0.6617480728607276,0.047581898001941555,0.17711287842361953,0.0,0.0,0.007305931400862553,0.036405378812725486,-0.03466451744575924,-0.03658536585365846,-0.04774535809018565,-0.040196832196100485,-0.04617433535843313,-0.06293412284882843,-0.034261493829778944,-0.03640745293394576,0.004958955844964391,0.006689370902907943,0.00835670417155876,0.007305931400862553,0.007305931400862553,0.0006559527714004032,0.0012379890110060243,0.0019691178067495763,0.0012379890110060243,-0.002801948312104542,-0.0011402930822810853,0.0
mifal_controlled_degradation_v0,random_dropout_mcar_10,random_value_dropout,core,evaluated,20260613,observable_no_current_chla,validation,2,all,bloom_h,mifal_probability_bloom_calibrated,0.1111111111111111,True,3158,3158,1.0,441,0.1396453451551615,1450,0.4591513616212793,0.1446869718268724,1585,1132,123,318,0.2193103448275862,0.7210884353741497,0.583364004416636,0.5263570824631693,0.4947106409458618,0.21176570985159357,0.19622963826043976,0.6482807084310844,0.11615633182404314,0.42896930382649856,0.3194729692050429,0.005041626671710903,0.005041626671710903,0.7222925902469918,0.6659998082413385,2.032292212437394,0.6659998082413385,0.04808355163551114,0.17495628458488954,0.0,0.0,0.00504162667171093,0.04369854338188728,-0.014683557611438192,0.024943310657596363,-0.046742730953257206,-0.023963028741579295,-0.004314066466361843,-0.0177087437881448,-0.023696869518518265,-0.027141613607779003,0.0030030321957673495,0.004031232526502337,0.005838047118137457,0.00504162667171093,0.005041626671710875,-0.001266624445851794,0.0013574232534930841,-0.00453217934502792,0.0013574232534930841,-0.0026967682279212812,-0.0011788422895455397,0.0
mifal_controlled_degradation_v0,random_dropout_mcar_10,random_value_dropout,core,evaluated,20260613,observable_no_current_chla,validation,2,wqp,bloom_h,mifal_probability_bloom_calibrated,0.1111111111111111,True,3158,3158,1.0,441,0.1396453451551615,1450,0.4591513616212793,0.1446869718268724,1585,1132,123,318,0.2193103448275862,0.7210884353741497,0.583364004416636,0.5263570824631693,0.4947106409458618,0.21176570985159357,0.19622963826043976,0.6482807084310844,0.11615633182404314,0.42896930382649856,0.3194729692050429,0.005041626671710903,0.005041626671710903,0.7222925902469918,0.6659998082413385,2.032292212437394,0.6659998082413385,0.04808355163551114,0.17495628458488954,0.0,0.0,0.00504162667171093,0.04369854338188728,-0.014683557611438192,0.024943310657596363,-0.046742730953257206,-0.023963028741579295,-0.004314066466361843,-0.0177087437881448,-0.023696869518518265,-0.027141613607779003,0.0030030321957673495,0.004031232526502337,0.005838047118137457,0.00504162667171093,0.005041626671710875,-0.001266624445851794,0.0013574232534930841,-0.00453217934502792,0.0013574232534930841,-0.0026967682279212812,-0.0011788422895455397,0.0
mifal_controlled_degradation_v0,random_dropout_mcar_10,random_value_dropout,core,evaluated,20260613,observable_no_current_chla,validation,3,all,bloom_h,mifal_probability_bloom_calibrated,0.135593220338983,True,3184,3184,1.0,457,0.14353015075376885,1418,0.4453517587939699,0.14798160803536298,1633,1094,133,324,0.22849083215796898,0.7089715536105032,0.5988265493215988,0.5362542621856221,0.4990757855822551,0.21713665476920369,0.20215213453944753,0.6527018493242467,0.11763677052309737,0.4295382261724301,0.32276848498215227,0.004451457281594129,0.004451457281594129,0.7220477386934674,0.6644717881368937,2.0483107666323996,0.6644717881368937,0.047370633374692744,0.1756101454957112,0.0,0.0,0.004451457281594101,0.03611809045226133,-0.017863734227295786,0.006564551422319376,-0.041070773744041,-0.024821337561852674,-0.013539992124547762,-0.026951357181327407,-0.021122339418456315,-0.025016870760745102,0.0023560358325011854,0.00439931543238592,0.0061860231185904,0.004451457281594101,0.004451457281594101,0.0003140703517588994,0.0008443215834991191,0.0015439738347051701,0.0008443215834991191,-0.0033060046763989104,-0.0010272501227353292,0.0
mifal_controlled_degradation_v0,random_dropout_mcar_10,random_value_dropout,core,evaluated,20260613,observable_no_current_chla,validation,3,wqp,bloom_h,mifal_probability_bloom_calibrated,0.135593220338983,True,3184,3184,1.0,457,0.14353015075376885,1418,0.4453517587939699,0.14798160803536298,1633,1094,133,324,0.22849083215796898,0.7089715536105032,0.5988265493215988,0.5362542621856221,0.4990757855822551,0.21713665476920369,0.20215213453944753,0.6527018493242467,0.11763677052309737,0.4295382261724301,0.32276848498215227,0.004451457281594129,0.004451457281594129,0.7220477386934674,0.6644717881368937,2.0483107666323996,0.6644717881368937,0.047370633374692744,0.1756101454957112,0.0,0.0,0.004451457281594101,0.03611809045226133,-0.017863734227295786,0.006564551422319376,-0.041070773744041,-0.024821337561852674,-0.013539992124547762,-0.026951357181327407,-0.021122339418456315,-0.025016870760745102,0.0023560358325011854,0.00439931543238592,0.0061860231185904,0.004451457281594101,0.004451457281594101,0.0003140703517588994,0.0008443215834991191,0.0015439738347051701,0.0008443215834991191,-0.0033060046763989104,-0.0010272501227353292,0.0
mifal_controlled_degradation_v0,random_dropout_mcar_10,random_value_dropout,core,evaluated,20260614,observable_no_current_chla,test,1,all,bloom_h,mifal_probability_bloom_calibrated,0.1496598639455782,True,4673,4673,1.0,852,0.18232398887224482,1692,0.36208003423924673,0.12768999362259034,2699,1122,282,570,0.33687943262411346,0.6690140845070423,0.7063595917299136,0.6208516640499742,0.5588235294117646,0.3015719627188289,0.30436561741838897,0.7085325351744067,0.1391407263288327,0.45809673567980835,0.3345644321555514,-0.05463399524965448,0.05463399524965448,0.6886368499893002,0.6597753180216696,2.3741043429505857,0.6597753180216696,0.050077293788790896,0.17859359595165403,0.0,0.0,0.00789387948083746,0.03552321848919321,-0.047786360298560204,-0.0199530516431925,-0.04789322166971999,-0.0395994767653256,-0.03602851760890835,-0.06335166027919287,-0.05640570136982437,-0.035254118271523915,0.0047183482544192745,0.006019478856985727,0.00921912810036657,0.00789387948083746,-0.00789387948083746,0.001497967044724935,0.0016266223593602858,-0.0040663555202336,0.0016266223593602858,-0.003165413666919012,-0.001425676774124307,0.0
mifal_controlled_degradation_v0,random_dropout_mcar_10,random_value_dropout,core,evaluated,20260614,observable_no_current_chla,test,1,wqp,bloom_h,mifal_probability_bloom_calibrated,0.1496598639455782,True,4673,4673,1.0,852,0.18232398887224482,1692,0.36208003423924673,0.12768999362259034,2699,1122,282,570,0.33687943262411346,0.6690140845070423,0.7063595917299136,0.6208516640499742,0.5588235294117646,0.3015719627188289,0.30436561741838897,0.7085325351744067,0.1391407263288327,0.45809673567980835,0.3345644321555514,-0.05463399524965448,0.05463399524965448,0.6886368499893002,0.6597753180216696,2.3741043429505857,0.6597753180216696,0.050077293788790896,0.17859359595165403,0.0,0.0,0.00789387948083746,0.03552321848919321,-0.047786360298560204,-0.0199530516431925,-0.04789322166971999,-0.0395994767653256,-0.03602851760890835,-0.06335166027919287,-0.05640570136982437,-0.035254118271523915,0.0047183482544192745,0.006019478856985727,0.00921912810036657,0.00789387948083746,-0.00789387948083746,0.001497967044724935,0.0016266223593602858,-0.0040663555202336,0.0016266223593602858,-0.003165413666919012,-0.001425676774124307,0.0
mifal_controlled_degradation_v0,random_dropout_mcar_10,random_value_dropout,core,evaluated,20260614,observable_no_current_chla,test,2,all,bloom_h,mifal_probability_bloom_calibrated,0.1111111111111111,True,4710,4710,1.0,863,0.18322717622080678,1914,0.4063694267515924,0.13135741741943666,2543,1304,253,610,0.3187042842215256,0.7068366164542295,0.6610345723940733,0.6024704770715298,0.5683935892657472,0.2897495142650139,0.28659660108601753,0.6583160163628428,0.14190900467189096,0.4605092598654929,0.3398489614022006,-0.051869758801370125,0.051869758801370125,0.6828025477707006,0.6635482010940285,2.368013158266463,0.6635482010940285,0.050065653614660456,0.17661016030587404,0.0,0.0,0.005782767424112795,0.04394904458598731,-0.03923361853184293,-0.0011587485515642815,-0.054068105016896295,-0.036878553006007175,-0.02377543573909857,-0.05074732144647415,-0.044127589230087916,-0.03364135904006105,0.003505964808245915,0.003438771594150958,0.005765085994239139,0.005782767424112795,-0.005782767424112795,0.000424628450106157,0.001443156951884017,-0.002817907347417936,0.001443156951884017,-0.0032191361532977747,-0.0013259440836344838,0.0
mifal_controlled_degradation_v0,random_dropout_mcar_10,random_value_dropout,core,evaluated,20260614,observable_no_current_chla,test,2,wqp,bloom_h,mifal_probability_bloom_calibrated,0.1111111111111111,True,4710,4710,1.0,863,0.18322717622080678,1914,0.4063694267515924,0.13135741741943666,2543,1304,253,610,0.3187042842215256,0.7068366164542295,0.6610345723940733,0.6024704770715298,0.5683935892657472,0.2897495142650139,0.28659660108601753,0.6583160163628428,0.14190900467189096,0.4605092598654929,0.3398489614022006,-0.051869758801370125,0.051869758801370125,0.6828025477707006,0.6635482010940285,2.368013158266463,0.6635482010940285,0.050065653614660456,0.17661016030587404,0.0,0.0,0.005782767424112795,0.04394904458598731,-0.03923361853184293,-0.0011587485515642815,-0.054068105016896295,-0.036878553006007175,-0.02377543573909857,-0.05074732144647415,-0.044127589230087916,-0.03364135904006105,0.003505964808245915,0.003438771594150958,0.005765085994239139,0.005782767424112795,-0.005782767424112795,0.000424628450106157,0.001443156951884017,-0.002817907347417936,0.001443156951884017,-0.0032191361532977747,-0.0013259440836344838,0.0
mifal_controlled_degradation_v0,random_dropout_mcar_10,random_value_dropout,core,evaluated,20260614,observable_no_current_chla,test,3,all,bloom_h,mifal_probability_bloom_calibrated,0.135593220338983,True,4757,4757,1.0,883,0.18562118982552028,1964,0.412865251208745,0.13947446436672734,2527,1347,266,617,0.31415478615071285,0.6987542468856173,0.6522973670624678,0.5957504021532327,0.5613173216885008,0.2772202331451449,0.279198992072565,0.6764111412085447,0.14268095277670542,0.4570595551333696,0.33906359454337104,-0.04614672545879295,0.04614672545879295,0.6811015345806181,0.6639440943463293,2.381990298501587,0.6639440943463293,0.05026532495646939,0.1764319983595286,0.0,0.0,0.008073978632915563,0.05129283161656506,-0.0335196324539383,0.021517553793884536,-0.058079504388229175,-0.032190278026516084,-0.007989609004568465,-0.036449422649024066,-0.042643550537907526,-0.029410139671451452,0.0028380415183647534,0.0020264877694898265,0.005267781900714308,0.008073978632915563,-0.008073978632915563,0.0006306495690561187,0.0017854966226866775,-0.004740446540780763,0.0017854966226866775,-0.0033184293637819953,-0.0015237272780446454,0.0
mifal_controlled_degradation_v0,random_dropout_mcar_10,random_value_dropout,core,evaluated,20260614,observable_no_current_chla,test,3,wqp,bloom_h,mifal_probability_bloom_calibrated,0.135593220338983,True,4757,4757,1.0,883,0.18562118982552028,1964,0.412865251208745,0.13947446436672734,2527,1347,266,617,0.31415478615071285,0.6987542468856173,0.6522973670624678,0.5957504021532327,0.5613173216885008,0.2772202331451449,0.279198992072565,0.6764111412085447,0.14268095277670542,0.4570595551333696,0.33906359454337104,-0.04614672545879295,0.04614672545879295,0.6811015345806181,0.6639440943463293,2.381990298501587,0.6639440943463293,0.05026532495646939,0.1764319983595286,0.0,0.0,0.008073978632915563,0.05129283161656506,-0.0335196324539383,0.021517553793884536,-0.058079504388229175,-0.032190278026516084,-0.007989609004568465,-0.036449422649024066,-0.042643550537907526,-0.029410139671451452,0.0028380415183647534,0.0020264877694898265,0.005267781900714308,0.008073978632915563,-0.008073978632915563,0.0006306495690561187,0.0017854966226866775,-0.004740446540780763,0.0017854966226866775,-0.0033184293637819953,-0.0015237272780446454,0.0
mifal_controlled_degradation_v0,random_dropout_mcar_10,random_value_dropout,core,evaluated,20260614,observable_no_current_chla,validation,1,all,bloom_h,mifal_probability_bloom_calibrated,0.1496598639455782,True,3049,3049,1.0,410,0.13447031813709412,1252,0.41062643489668743,0.14139256961891808,1675,964,122,288,0.23003194888178913,0.7024390243902439,0.6347101174687382,0.5508776241646132,0.4979253112033194,0.23380698364923516,0.2053415193178974,0.6781878760432166,0.11096063925752321,0.4220040024133737,0.3116118979332128,0.00692225148182396,0.00692225148182396,0.7281075762545097,0.6620344145632298,2.0083599564521335,0.6620344145632298,0.04783153298676224,0.17700358372841948,0.0,0.0,0.00692225148182396,0.03476549688422431,-0.027385154085052044,-0.017073170731707332,-0.04281924971580142,-0.032370245758945204,-0.03150756747579031,-0.045856582698091536,-0.03177068404843417,-0.03190648712095312,0.004373861061686496,0.006443955011976643,0.009266336245142448,0.00692225148182396,0.00692225148182396,0.0,0.0015243307135082151,-0.0027368792834820965,0.0015243307135082151,-0.0025523133272838602,-0.0012495877774811315,0.0
mifal_controlled_degradation_v0,random_dropout_mcar_10,random_value_dropout,core,evaluated,20260614,observable_no_current_chla,validation,1,wqp,bloom_h,mifal_probability_bloom_calibrated,0.1496598639455782,True,3049,3049,1.0,410,0.13447031813709412,1252,0.41062643489668743,0.14139256961891808,1675,964,122,288,0.23003194888178913,0.7024390243902439,0.6347101174687382,0.5508776241646132,0.4979253112033194,0.23380698364923516,0.2053415193178974,0.6781878760432166,0.11096063925752321,0.4220040024133737,0.3116118979332128,0.00692225148182396,0.00692225148182396,0.7281075762545097,0.6620344145632298,2.0083599564521335,0.6620344145632298,0.04783153298676224,0.17700358372841948,0.0,0.0,0.00692225148182396,0.03476549688422431,-0.027385154085052044,-0.017073170731707332,-0.04281924971580142,-0.032370245758945204,-0.03150756747579031,-0.045856582698091536,-0.03177068404843417,-0.03190648712095312,0.004373861061686496,0.006443955011976643,0.009266336245142448,0.00692225148182396,0.00692225148182396,0.0,0.0015243307135082151,-0.0027368792834820965,0.0015243307135082151,-0.0025523133272838602,-0.0012495877774811315,0.0
mifal_controlled_degradation_v0,random_dropout_mcar_10,random_value_dropout,core,evaluated,20260614,observable_no_current_chla,validation,2,all,bloom_h,mifal_probability_bloom_calibrated,0.1111111111111111,True,3158,3158,1.0,441,0.1396453451551615,1439,0.4556681443951868,0.14375578873424086,1583,1134,136,305,0.21195274496177902,0.691609977324263,0.5826278984173721,0.5190870632925964,0.4761161411177021,0.19086364559610636,0.1887480249849206,0.6278441691975527,0.11727435825527445,0.43064793899451165,0.32049748099406244,0.004110443579079359,0.004110443579079359,0.7222925902469918,0.6656687636818462,2.0407313211317093,0.6656687636818462,0.04749872011956144,0.17502553606986737,0.0,0.0,0.004110443579079387,0.04021532615579482,-0.022041157477245388,-0.0045351473922903285,-0.0474788369525212,-0.0312330479121522,-0.022908566294521537,-0.03861080804363201,-0.031178482794037427,-0.04757815284131073,0.004121058626998658,0.005709867694515425,0.006862558907156979,0.004110443579079387,0.0041104435790793314,-0.001266624445851794,0.0010263786940007957,0.003906929349287491,0.0010263786940007957,-0.003281599743870982,-0.0011095908045677116,0.0
mifal_controlled_degradation_v0,random_dropout_mcar_10,random_value_dropout,core,evaluated,20260614,observable_no_current_chla,validation,2,wqp,bloom_h,mifal_probability_bloom_calibrated,0.1111111111111111,True,3158,3158,1.0,441,0.1396453451551615,1439,0.4556681443951868,0.14375578873424086,1583,1134,136,305,0.21195274496177902,0.691609977324263,0.5826278984173721,0.5190870632925964,0.4761161411177021,0.19086364559610636,0.1887480249849206,0.6278441691975527,0.11727435825527445,0.43064793899451165,0.32049748099406244,0.004110443579079359,0.004110443579079359,0.7222925902469918,0.6656687636818462,2.0407313211317093,0.6656687636818462,0.04749872011956144,0.17502553606986737,0.0,0.0,0.004110443579079387,0.04021532615579482,-0.022041157477245388,-0.0045351473922903285,-0.0474788369525212,-0.0312330479121522,-0.022908566294521537,-0.03861080804363201,-0.031178482794037427,-0.04757815284131073,0.004121058626998658,0.005709867694515425,0.006862558907156979,0.004110443579079387,0.0041104435790793314,-0.001266624445851794,0.0010263786940007957,0.003906929349287491,0.0010263786940007957,-0.003281599743870982,-0.0011095908045677116,0.0
mifal_controlled_degradation_v0,random_dropout_mcar_10,random_value_dropout,core,evaluated,20260614,observable_no_current_chla,validation,3,all,bloom_h,mifal_probability_bloom_calibrated,0.135593220338983,True,3184,3184,1.0,457,0.14353015075376885,1421,0.44629396984924624,0.14905282611723014,1619,1108,144,313,0.22026741731175228,0.6849015317286652,0.5936927026035937,0.5272457312546399,0.4816866728224069,0.19649413776508565,0.1923113861172606,0.6346559528308776,0.11930849303147091,0.4281274605434833,0.3212797289104955,0.0055226753634612935,0.0055226753634612935,0.7236180904522613,0.664781174264905,2.0473423839855798,0.664781174264905,0.047752995294338574,0.17552319461713978,0.0,0.0,0.005522675363461266,0.037060301507537696,-0.026087149073512478,-0.01750547045951867,-0.0462046204620461,-0.03382986849283487,-0.030929104884395986,-0.047593874185445445,-0.03096308784064325,-0.043062767254114176,0.004027758340874724,0.0029885498034391,0.004697267046933629,0.005522675363461266,0.005522675363461266,0.0018844221105528414,0.0011537077115104655,0.0005755911878853048,0.0011537077115104655,-0.002923642756753081,-0.0011142010013067416,0.0
mifal_controlled_degradation_v0,random_dropout_mcar_10,random_value_dropout,core,evaluated,20260614,observable_no_current_chla,validation,3,wqp,bloom_h,mifal_probability_bloom_calibrated,0.135593220338983,True,3184,3184,1.0,457,0.14353015075376885,1421,0.44629396984924624,0.14905282611723014,1619,1108,144,313,0.22026741731175228,0.6849015317286652,0.5936927026035937,0.5272457312546399,0.4816866728224069,0.19649413776508565,0.1923113861172606,0.6346559528308776,0.11930849303147091,0.4281274605434833,0.3212797289104955,0.0055226753634612935,0.0055226753634612935,0.7236180904522613,0.664781174264905,2.0473423839855798,0.664781174264905,0.047752995294338574,0.17552319461713978,0.0,0.0,0.005522675363461266,0.037060301507537696,-0.026087149073512478,-0.01750547045951867,-0.0462046204620461,-0.03382986849283487,-0.030929104884395986,-0.047593874185445445,-0.03096308784064325,-0.043062767254114176,0.004027758340874724,0.0029885498034391,0.004697267046933629,0.005522675363461266,0.005522675363461266,0.0018844221105528414,0.0011537077115104655,0.0005755911878853048,0.0011537077115104655,-0.002923642756753081,-0.0011142010013067416,0.0
mifal_controlled_degradation_v0,random_dropout_mcar_25,random_value_dropout,core,evaluated,20260612,observable_no_current_chla,test,1,all,bloom_h,mifal_probability_bloom_calibrated,0.1496598639455782,True,4673,4673,1.0,852,0.18232398887224482,1892,0.40487909265996147,0.13996479028869943,2457,1364,324,528,0.27906976744186046,0.6197183098591549,0.6430253860246009,0.5645797766027257,0.49811320754716987,0.20667100929206958,0.24306714433520782,0.641767972398642,0.1464577140954069,0.46304048466204056,0.34351436853537526,-0.04235919858354539,0.04235919858354539,0.6856409158998502,0.6612784267315797,2.372804347642792,0.6612784267315797,0.044319741551484194,0.1767889166457943,0.0,0.0,0.02016867614694655,0.07832227690990795,-0.1055960254808132,-0.06924882629107987,-0.11122742737503266,-0.09587136421257403,-0.09673883947350309,-0.1582526137059522,-0.11770417445300552,-0.10201868104728862,0.012035336020993465,0.010963227839217937,0.018169064480190456,0.02016867614694655,-0.02016867614694655,-0.001497967044725046,0.0031297310692703917,-0.0053663508280275,0.0031297310692703917,-0.008922965904225713,-0.003230356079984037,0.0
mifal_controlled_degradation_v0,random_dropout_mcar_25,random_value_dropout,core,evaluated,20260612,observable_no_current_chla,test,1,wqp,bloom_h,mifal_probability_bloom_calibrated,0.1496598639455782,True,4673,4673,1.0,852,0.18232398887224482,1892,0.40487909265996147,0.13996479028869943,2457,1364,324,528,0.27906976744186046,0.6197183098591549,0.6430253860246009,0.5645797766027257,0.49811320754716987,0.20667100929206958,0.24306714433520782,0.641767972398642,0.1464577140954069,0.46304048466204056,0.34351436853537526,-0.04235919858354539,0.04235919858354539,0.6856409158998502,0.6612784267315797,2.372804347642792,0.6612784267315797,0.044319741551484194,0.1767889166457943,0.0,0.0,0.02016867614694655,0.07832227690990795,-0.1055960254808132,-0.06924882629107987,-0.11122742737503266,-0.09587136421257403,-0.09673883947350309,-0.1582526137059522,-0.11770417445300552,-0.10201868104728862,0.012035336020993465,0.010963227839217937,0.018169064480190456,0.02016867614694655,-0.02016867614694655,-0.001497967044725046,0.0031297310692703917,-0.0053663508280275,0.0031297310692703917,-0.008922965904225713,-0.003230356079984037,0.0
mifal_controlled_degradation_v0,random_dropout_mcar_25,random_value_dropout,core,evaluated,20260612,observable_no_current_chla,test,2,all,bloom_h,mifal_probability_bloom_calibrated,0.1111111111111111,True,4710,4710,1.0,863,0.18322717622080678,2200,0.46709129511677283,0.14124338934211347,2248,1599,262,601,0.2731818181818182,0.6964078794901506,0.5843514426826099,0.5498387873840787,0.5316702052370842,0.21769701547144407,0.2371021967896915,0.6074196353511382,0.14707402595218572,0.4655945018077984,0.3495324779150576,-0.04198378687869331,0.04198378687869331,0.6825902335456475,0.6655740345955636,2.354648264355813,0.6655740345955636,0.044559818917042575,0.17457689815260877,0.0,0.0,0.015668739346789612,0.10467091295116776,-0.08475608457155032,-0.011587485515643148,-0.1307512347283597,-0.08951024269345831,-0.060498819767761614,-0.12279982024004396,-0.09362199352641395,-0.08453774005176562,0.008670986088540666,0.008524013536456432,0.01544860250709612,0.015668739346789612,-0.015668739346789612,0.0002123142250530785,0.003468990453419196,-0.016182801258068036,0.003468990453419196,-0.008724970850915656,-0.0033592062368997533,0.0
mifal_controlled_degradation_v0,random_dropout_mcar_25,random_value_dropout,core,evaluated,20260612,observable_no_current_chla,test,2,wqp,bloom_h,mifal_probability_bloom_calibrated,0.1111111111111111,True,4710,4710,1.0,863,0.18322717622080678,2200,0.46709129511677283,0.14124338934211347,2248,1599,262,601,0.2731818181818182,0.6964078794901506,0.5843514426826099,0.5498387873840787,0.5316702052370842,0.21769701547144407,0.2371021967896915,0.6074196353511382,0.14707402595218572,0.4655945018077984,0.3495324779150576,-0.04198378687869331,0.04198378687869331,0.6825902335456475,0.6655740345955636,2.354648264355813,0.6655740345955636,0.044559818917042575,0.17457689815260877,0.0,0.0,0.015668739346789612,0.10467091295116776,-0.08475608457155032,-0.011587485515643148,-0.1307512347283597,-0.08951024269345831,-0.060498819767761614,-0.12279982024004396,-0.09362199352641395,-0.08453774005176562,0.008670986088540666,0.008524013536456432,0.01544860250709612,0.015668739346789612,-0.015668739346789612,0.0002123142250530785,0.003468990453419196,-0.016182801258068036,0.003468990453419196,-0.008724970850915656,-0.0033592062368997533,0.0
mifal_controlled_degradation_v0,random_dropout_mcar_25,random_value_dropout,core,evaluated,20260612,observable_no_current_chla,test,3,all,bloom_h,mifal_probability_bloom_calibrated,0.135593220338983,True,4757,4757,1.0,883,0.18562118982552028,2280,0.47929367248265714,0.1511118282770485,2195,1679,282,601,0.26359649122807016,0.6806342015855039,0.5665978316985029,0.5356243484674321,0.5170337233310393,0.1924130278460805,0.2244055768666945,0.6058648971480457,0.14896480897258405,0.4613765674673314,0.3474695113171198,-0.034509361548471784,0.034509361548471784,0.6811015345806181,0.6657592112158717,2.376936870756415,0.6657592112158717,0.044835391091941255,0.17454204428641257,0.0,0.0,0.019711342543236726,0.11772125289047719,-0.08407792737658099,0.003397508493771184,-0.14377903975219408,-0.09231633171231668,-0.052273207362030005,-0.12125662794808845,-0.09743696574377803,-0.09995638373195048,0.009121897714243377,0.006343500103451638,0.013673698674463053,0.019711342543236726,-0.019711342543236726,0.0006306495690561187,0.0036006134922290656,-0.009793874285952686,0.0036006134922290656,-0.00874836322831013,-0.0034136813511606856,0.0
mifal_controlled_degradation_v0,random_dropout_mcar_25,random_value_dropout,core,evaluated,20260612,observable_no_current_chla,test,3,wqp,bloom_h,mifal_probability_bloom_calibrated,0.135593220338983,True,4757,4757,1.0,883,0.18562118982552028,2280,0.47929367248265714,0.1511118282770485,2195,1679,282,601,0.26359649122807016,0.6806342015855039,0.5665978316985029,0.5356243484674321,0.5170337233310393,0.1924130278460805,0.2244055768666945,0.6058648971480457,0.14896480897258405,0.4613765674673314,0.3474695113171198,-0.034509361548471784,0.034509361548471784,0.6811015345806181,0.6657592112158717,2.376936870756415,0.6657592112158717,0.044835391091941255,0.17454204428641257,0.0,0.0,0.019711342543236726,0.11772125289047719,-0.08407792737658099,0.003397508493771184,-0.14377903975219408,-0.09231633171231668,-0.052273207362030005,-0.12125662794808845,-0.09743696574377803,-0.09995638373195048,0.009121897714243377,0.006343500103451638,0.013673698674463053,0.019711342543236726,-0.019711342543236726,0.0006306495690561187,0.0036006134922290656,-0.009793874285952686,0.0036006134922290656,-0.00874836322831013,-0.0034136813511606856,0.0
mifal_controlled_degradation_v0,random_dropout_mcar_25,random_value_dropout,core,evaluated,20260612,observable_no_current_chla,validation,1,all,bloom_h,mifal_probability_bloom_calibrated,0.1496598639455782,True,3049,3049,1.0,410,0.13447031813709412,1390,0.45588717612331914,0.1515720107843572,1512,1127,147,263,0.18920863309352517,0.6414634146341464,0.5729442970822282,0.49790264205573653,0.43399339933993397,0.1468660559404203,0.16918253291598478,0.6117228440188911,0.11776579931464652,0.4306588391005233,0.3232170541470962,0.017101692647263078,0.017101692647263078,0.7277795998688095,0.6632220625228725,2.0134320776031696,0.6632220625228725,0.04157775690460217,0.17529395495626163,0.0,0.0,0.017101692647263078,0.08002623811085602,-0.068208469873316,-0.07804878048780484,-0.10458507010231144,-0.08534522786782184,-0.09543947933917574,-0.1327975104069064,-0.06792967045034679,-0.09837151914527864,0.011179021118809807,0.015098791699126257,0.020871492459025864,0.017101692647263078,0.017101692647263078,-0.0003279763857002571,0.002711978673150983,0.002335241867553961,0.002711978673150983,-0.008806089409443926,-0.0029592165496389877,0.0
mifal_controlled_degradation_v0,random_dropout_mcar_25,random_value_dropout,core,evaluated,20260612,observable_no_current_chla,validation,1,wqp,bloom_h,mifal_probability_bloom_calibrated,0.1496598639455782,True,3049,3049,1.0,410,0.13447031813709412,1390,0.45588717612331914,0.1515720107843572,1512,1127,147,263,0.18920863309352517,0.6414634146341464,0.5729442970822282,0.49790264205573653,0.43399339933993397,0.1468660559404203,0.16918253291598478,0.6117228440188911,0.11776579931464652,0.4306588391005233,0.3232170541470962,0.017101692647263078,0.017101692647263078,0.7277795998688095,0.6632220625228725,2.0134320776031696,0.6632220625228725,0.04157775690460217,0.17529395495626163,0.0,0.0,0.017101692647263078,0.08002623811085602,-0.068208469873316,-0.07804878048780484,-0.10458507010231144,-0.08534522786782184,-0.09543947933917574,-0.1327975104069064,-0.06792967045034679,-0.09837151914527864,0.011179021118809807,0.015098791699126257,0.020871492459025864,0.017101692647263078,0.017101692647263078,-0.0003279763857002571,0.002711978673150983,0.002335241867553961,0.002711978673150983,-0.008806089409443926,-0.0029592165496389877,0.0
mifal_controlled_degradation_v0,random_dropout_mcar_25,random_value_dropout,core,evaluated,20260612,observable_no_current_chla,validation,2,all,bloom_h,mifal_probability_bloom_calibrated,0.1111111111111111,True,3158,3158,1.0,441,0.1396453451551615,1585,0.5018999366687777,0.15034927513979698,1440,1277,133,308,0.1943217665615142,0.6984126984126984,0.5299963194700037,0.48768802766828434,0.4598387578381607,0.15834281655478138,0.1715504176997396,0.5916810841622873,0.11997478664273718,0.4365636759543721,0.3301941729630599,0.010703929984635485,0.010703929984635485,0.7216592780240658,0.6663351690101766,2.0447790389916287,0.6663351690101766,0.04189776086205391,0.17369851945247844,0.0,0.0,0.010703929984635513,0.08644711842938574,-0.0396721358775102,0.0022675736961450532,-0.10011041589988956,-0.06263208353646421,-0.03918594957406296,-0.07113163708495698,-0.04837609007921842,-0.08374123787657617,0.0068214870144613915,0.011625604654375898,0.016559250876154452,0.010703929984635513,0.010703929984635457,-0.0018999366687777464,0.0016927840223311952,0.007954647209206911,0.0016927840223311952,-0.008882559001378514,-0.0024366074219566436,0.0
mifal_controlled_degradation_v0,random_dropout_mcar_25,random_value_dropout,core,evaluated,20260612,observable_no_current_chla,validation,2,wqp,bloom_h,mifal_probability_bloom_calibrated,0.1111111111111111,True,3158,3158,1.0,441,0.1396453451551615,1585,0.5018999366687777,0.15034927513979698,1440,1277,133,308,0.1943217665615142,0.6984126984126984,0.5299963194700037,0.48768802766828434,0.4598387578381607,0.15834281655478138,0.1715504176997396,0.5916810841622873,0.11997478664273718,0.4365636759543721,0.3301941729630599,0.010703929984635485,0.010703929984635485,0.7216592780240658,0.6663351690101766,2.0447790389916287,0.6663351690101766,0.04189776086205391,0.17369851945247844,0.0,0.0,0.010703929984635513,0.08644711842938574,-0.0396721358775102,0.0022675736961450532,-0.10011041589988956,-0.06263208353646421,-0.03918594957406296,-0.07113163708495698,-0.04837609007921842,-0.08374123787657617,0.0068214870144613915,0.011625604654375898,0.016559250876154452,0.010703929984635513,0.010703929984635457,-0.0018999366687777464,0.0016927840223311952,0.007954647209206911,0.0016927840223311952,-0.008882559001378514,-0.0024366074219566436,0.0
mifal_controlled_degradation_v0,random_dropout_mcar_25,random_value_dropout,core,evaluated,20260612,observable_no_current_chla,validation,3,all,bloom_h,mifal_probability_bloom_calibrated,0.135593220338983,True,3184,3184,1.0,457,0.14353015075376885,1610,0.5056532663316583,0.15849737259549454,1438,1289,136,321,0.19937888198757764,0.7024070021881839,0.5273193986065273,0.48963838362091516,0.46684118673647473,0.16110027262652513,0.1677355248136495,0.5917344104942952,0.12287566647016379,0.43213834825073955,0.3294812583827781,0.014967221841725692,0.014967221841725692,0.722675879396985,0.6666727871910488,2.0446383661681997,0.6666727871910488,0.04217214705558704,0.1735547271170546,0.0,0.0,0.014967221841725664,0.09641959798994976,-0.04697568439768712,0.0,-0.11257792445911252,-0.07143721612655962,-0.045774590970328155,-0.08298773932400597,-0.055538949144254335,-0.08598430959069658,0.007594931779567604,0.006999437510695372,0.012898796519216216,0.014967221841725664,0.014967221841725664,0.0009422110552764762,0.0030453206376542807,-0.0021284266294947507,0.0030453206376542807,-0.008504490995504613,-0.003082668501391911,0.0
mifal_controlled_degradation_v0,random_dropout_mcar_25,random_value_dropout,core,evaluated,20260612,observable_no_current_chla,validation,3,wqp,bloom_h,mifal_probability_bloom_calibrated,0.135593220338983,True,3184,3184,1.0,457,0.14353015075376885,1610,0.5056532663316583,0.15849737259549454,1438,1289,136,321,0.19937888198757764,0.7024070021881839,0.5273193986065273,0.48963838362091516,0.46684118673647473,0.16110027262652513,0.1677355248136495,0.5917344104942952,0.12287566647016379,0.43213834825073955,0.3294812583827781,0.014967221841725692,0.014967221841725692,0.722675879396985,0.6666727871910488,2.0446383661681997,0.6666727871910488,0.04217214705558704,0.1735547271170546,0.0,0.0,0.014967221841725664,0.09641959798994976,-0.04697568439768712,0.0,-0.11257792445911252,-0.07143721612655962,-0.045774590970328155,-0.08298773932400597,-0.055538949144254335,-0.08598430959069658,0.007594931779567604,0.006999437510695372,0.012898796519216216,0.014967221841725664,0.014967221841725664,0.0009422110552764762,0.0030453206376542807,-0.0021284266294947507,0.0030453206376542807,-0.008504490995504613,-0.003082668501391911,0.0
mifal_controlled_degradation_v0,random_dropout_mcar_25,random_value_dropout,core,evaluated,20260613,observable_no_current_chla,test,1,all,bloom_h,mifal_probability_bloom_calibrated,0.1496598639455782,True,4673,4673,1.0,852,0.18232398887224482,1907,0.4080890220415151,0.1396840694894234,2444,1377,322,530,0.2779234399580493,0.6220657276995305,0.639623135304894,0.56313244100638,0.4985888993414863,0.20558533033212567,0.2472015767165049,0.6464664941581795,0.14564552793382668,0.46326639020967375,0.34516706410551146,-0.04263991938282141,0.04263991938282141,0.6869248876524716,0.6614224520990136,2.3658949986883333,0.6614224520990136,0.04410934746224795,0.17668177654409042,0.0,0.0,0.01988795534767053,0.08153220629146157,-0.10674235296462437,-0.06690140845070425,-0.11462967809473956,-0.09731869980891972,-0.09626314767918664,-0.1593382926658961,-0.11356974207170845,-0.09732015928775117,0.01122314985941325,0.011189133386851124,0.019821760050326653,0.01988795534767053,-0.01988795534767053,-0.00021399529210364143,0.003273756436704356,-0.012275699782485994,0.003273756436704356,-0.00913335999346196,-0.00333749618168791,0.0
mifal_controlled_degradation_v0,random_dropout_mcar_25,random_value_dropout,core,evaluated,20260613,observable_no_current_chla,test,1,wqp,bloom_h,mifal_probability_bloom_calibrated,0.1496598639455782,True,4673,4673,1.0,852,0.18232398887224482,1907,0.4080890220415151,0.1396840694894234,2444,1377,322,530,0.2779234399580493,0.6220657276995305,0.639623135304894,0.56313244100638,0.4985888993414863,0.20558533033212567,0.2472015767165049,0.6464664941581795,0.14564552793382668,0.46326639020967375,0.34516706410551146,-0.04263991938282141,0.04263991938282141,0.6869248876524716,0.6614224520990136,2.3658949986883333,0.6614224520990136,0.04410934746224795,0.17668177654409042,0.0,0.0,0.01988795534767053,0.08153220629146157,-0.10674235296462437,-0.06690140845070425,-0.11462967809473956,-0.09731869980891972,-0.09626314767918664,-0.1593382926658961,-0.11356974207170845,-0.09732015928775117,0.01122314985941325,0.011189133386851124,0.019821760050326653,0.01988795534767053,-0.01988795534767053,-0.00021399529210364143,0.003273756436704356,-0.012275699782485994,0.003273756436704356,-0.00913335999346196,-0.00333749618168791,0.0
mifal_controlled_degradation_v0,random_dropout_mcar_25,random_value_dropout,core,evaluated,20260613,observable_no_current_chla,test,2,all,bloom_h,mifal_probability_bloom_calibrated,0.1111111111111111,True,4710,4710,1.0,863,0.18322717622080678,2203,0.46772823779193207,0.1420468476125935,2259,1588,248,615,0.2791647753064004,0.712630359212051,0.5872108136210034,0.5561111634688413,0.5437665782493368,0.23247344071295786,0.2447059042622102,0.6198553236016929,0.14579535630353102,0.46426708743133843,0.34784986640803994,-0.041180328608213274,0.041180328608213274,0.6819532908704883,0.6655409023534059,2.3588765787987227,0.6655409023534059,0.044662651211479346,0.17462558108301104,0.0,0.0,0.016472197617269646,0.105307855626327,-0.07877312744696813,0.004634994206257237,-0.1278918637899662,-0.0832378666086957,-0.04840244675550898,-0.10802339499853017,-0.08601828605389525,-0.07210205180121088,0.007392316439885971,0.007196599159996486,0.01376599100007847,0.016472197617269646,-0.016472197617269646,-0.000424628450106157,0.0034358582112614666,-0.011954486815158205,0.0034358582112614666,-0.008622138556478885,-0.003310523306497476,0.0
mifal_controlled_degradation_v0,random_dropout_mcar_25,random_value_dropout,core,evaluated,20260613,observable_no_current_chla,test,2,wqp,bloom_h,mifal_probability_bloom_calibrated,0.1111111111111111,True,4710,4710,1.0,863,0.18322717622080678,2203,0.46772823779193207,0.1420468476125935,2259,1588,248,615,0.2791647753064004,0.712630359212051,0.5872108136210034,0.5561111634688413,0.5437665782493368,0.23247344071295786,0.2447059042622102,0.6198553236016929,0.14579535630353102,0.46426708743133843,0.34784986640803994,-0.041180328608213274,0.041180328608213274,0.6819532908704883,0.6655409023534059,2.3588765787987227,0.6655409023534059,0.044662651211479346,0.17462558108301104,0.0,0.0,0.016472197617269646,0.105307855626327,-0.07877312744696813,0.004634994206257237,-0.1278918637899662,-0.0832378666086957,-0.04840244675550898,-0.10802339499853017,-0.08601828605389525,-0.07210205180121088,0.007392316439885971,0.007196599159996486,0.01376599100007847,0.016472197617269646,-0.016472197617269646,-0.000424628450106157,0.0034358582112614666,-0.011954486815158205,0.0034358582112614666,-0.008622138556478885,-0.003310523306497476,0.0
mifal_controlled_degradation_v0,random_dropout_mcar_25,random_value_dropout,core,evaluated,20260613,observable_no_current_chla,test,3,all,bloom_h,mifal_probability_bloom_calibrated,0.135593220338983,True,4757,4757,1.0,883,0.18562118982552028,2282,0.47971410552869453,0.15069927562308905,2206,1668,269,614,0.26906222611744085,0.695356738391846,0.5694372741352607,0.5414531327718388,0.5280357757137943,0.20607385667403358,0.2318614764494524,0.6183067884102338,0.14774599271672353,0.46082730222010765,0.3479262949018749,-0.03492191420243124,0.03492191420243124,0.6800504519655245,0.6659456933777371,2.369546139840365,0.6659456933777371,0.044904494829774814,0.17444785632119988,0.0,0.0,0.019298789889277274,0.11814168593651458,-0.0786121924872103,0.01812004530011324,-0.14093959731543626,-0.08648754740790998,-0.041271154979274915,-0.10759579912013537,-0.08998106616102011,-0.0875144924697624,0.007903081458382866,0.005794234856227876,0.014130482259218147,0.019298789889277274,-0.019298789889277274,-0.00042043304603744946,0.003787095654094519,-0.0171846052020026,0.003787095654094519,-0.00867925949047657,-0.0035078693163733687,0.0
mifal_controlled_degradation_v0,random_dropout_mcar_25,random_value_dropout,core,evaluated,20260613,observable_no_current_chla,test,3,wqp,bloom_h,mifal_probability_bloom_calibrated,0.135593220338983,True,4757,4757,1.0,883,0.18562118982552028,2282,0.47971410552869453,0.15069927562308905,2206,1668,269,614,0.26906222611744085,0.695356738391846,0.5694372741352607,0.5414531327718388,0.5280357757137943,0.20607385667403358,0.2318614764494524,0.6183067884102338,0.14774599271672353,0.46082730222010765,0.3479262949018749,-0.03492191420243124,0.03492191420243124,0.6800504519655245,0.6659456933777371,2.369546139840365,0.6659456933777371,0.044904494829774814,0.17444785632119988,0.0,0.0,0.019298789889277274,0.11814168593651458,-0.0786121924872103,0.01812004530011324,-0.14093959731543626,-0.08648754740790998,-0.041271154979274915,-0.10759579912013537,-0.08998106616102011,-0.0875144924697624,0.007903081458382866,0.005794234856227876,0.014130482259218147,0.019298789889277274,-0.019298789889277274,-0.00042043304603744946,0.003787095654094519,-0.0171846052020026,0.003787095654094519,-0.00867925949047657,-0.0035078693163733687,0.0
mifal_controlled_degradation_v0,random_dropout_mcar_25,random_value_dropout,core,evaluated,20260613,observable_no_current_chla,validation,1,all,bloom_h,mifal_probability_bloom_calibrated,0.1496598639455782,True,3049,3049,1.0,410,0.13447031813709412,1363,0.4470318137094129,0.14977675021517925,1545,1094,141,269,0.19735876742479824,0.6560975609756098,0.5854490337248958,0.5089456816929603,0.44788544788544793,0.16574324203067367,0.1779269926325861,0.6351722289485116,0.1162162065255176,0.4292730923691952,0.32032937233069186,0.01530643207808513,0.01530643207808513,0.7297474581830108,0.6630547600098047,2.01247954346158,0.6630547600098047,0.041884808597678146,0.17543172921528466,0.0,0.0,0.01530643207808513,0.0711708756969498,-0.06005833554204293,-0.06341463414634141,-0.09208033345964384,-0.07430218823059809,-0.08154743079366178,-0.11392032431665303,-0.05918521073374547,-0.07492213421565819,0.009629428329680889,0.013713044967798127,0.0179838106426215,0.01530643207808513,0.01530643207808513,0.0016398819285010635,0.002544676160083137,0.0013827077259644938,0.002544676160083137,-0.008499037716367952,-0.0028214422906159553,0.0
mifal_controlled_degradation_v0,random_dropout_mcar_25,random_value_dropout,core,evaluated,20260613,observable_no_current_chla,validation,1,wqp,bloom_h,mifal_probability_bloom_calibrated,0.1496598639455782,True,3049,3049,1.0,410,0.13447031813709412,1363,0.4470318137094129,0.14977675021517925,1545,1094,141,269,0.19735876742479824,0.6560975609756098,0.5854490337248958,0.5089456816929603,0.44788544788544793,0.16574324203067367,0.1779269926325861,0.6351722289485116,0.1162162065255176,0.4292730923691952,0.32032937233069186,0.01530643207808513,0.01530643207808513,0.7297474581830108,0.6630547600098047,2.01247954346158,0.6630547600098047,0.041884808597678146,0.17543172921528466,0.0,0.0,0.01530643207808513,0.0711708756969498,-0.06005833554204293,-0.06341463414634141,-0.09208033345964384,-0.07430218823059809,-0.08154743079366178,-0.11392032431665303,-0.05918521073374547,-0.07492213421565819,0.009629428329680889,0.013713044967798127,0.0179838106426215,0.01530643207808513,0.01530643207808513,0.0016398819285010635,0.002544676160083137,0.0013827077259644938,0.002544676160083137,-0.008499037716367952,-0.0028214422906159553,0.0
mifal_controlled_degradation_v0,random_dropout_mcar_25,random_value_dropout,core,evaluated,20260613,observable_no_current_chla,validation,2,all,bloom_h,mifal_probability_bloom_calibrated,0.1111111111111111,True,3158,3158,1.0,441,0.1396453451551615,1613,0.5107663077897403,0.15295447538943058,1415,1302,130,311,0.19280843149411037,0.7052154195011338,0.520794994479205,0.483415633366034,0.4604678708913237,0.1567152064538246,0.16474596050370094,0.5831662072263577,0.12119444281382748,0.435887397931219,0.32943861698198057,0.013309130234269079,0.013309130234269079,0.7229259024699176,0.6675960144218778,2.040131657732075,0.6675960144218778,0.04275336109681495,0.17319945932998135,0.0,0.0,0.013309130234269106,0.0953134895503483,-0.04118547094491404,0.009070294784580435,-0.10931174089068829,-0.06690447783871456,-0.03855683652089997,-0.07275924718591376,-0.05518054727525709,-0.09225611481250573,0.008041143185551686,0.010949326631222778,0.015803694895075104,0.013309130234269106,0.013309130234269051,-0.0006333122229259525,0.0029536294340323233,0.0033072659496533596,0.0029536294340323233,-0.008026958766617472,-0.002935667544453735,0.0
mifal_controlled_degradation_v0,random_dropout_mcar_25,random_value_dropout,core,evaluated,20260613,observable_no_current_chla,validation,2,wqp,bloom_h,mifal_probability_bloom_calibrated,0.1111111111111111,True,3158,3158,1.0,441,0.1396453451551615,1613,0.5107663077897403,0.15295447538943058,1415,1302,130,311,0.19280843149411037,0.7052154195011338,0.520794994479205,0.483415633366034,0.4604678708913237,0.1567152064538246,0.16474596050370094,0.5831662072263577,0.12119444281382748,0.435887397931219,0.32943861698198057,0.013309130234269079,0.013309130234269079,0.7229259024699176,0.6675960144218778,2.040131657732075,0.6675960144218778,0.04275336109681495,0.17319945932998135,0.0,0.0,0.013309130234269106,0.0953134895503483,-0.04118547094491404,0.009070294784580435,-0.10931174089068829,-0.06690447783871456,-0.03855683652089997,-0.07275924718591376,-0.05518054727525709,-0.09225611481250573,0.008041143185551686,0.010949326631222778,0.015803694895075104,0.013309130234269106,0.013309130234269051,-0.0006333122229259525,0.0029536294340323233,0.0033072659496533596,0.0029536294340323233,-0.008026958766617472,-0.002935667544453735,0.0
mifal_controlled_degradation_v0,random_dropout_mcar_25,random_value_dropout,core,evaluated,20260613,observable_no_current_chla,validation,3,all,bloom_h,mifal_probability_bloom_calibrated,0.135593220338983,True,3184,3184,1.0,457,0.14353015075376885,1575,0.4946608040201005,0.15625057296569644,1468,1259,141,316,0.20063492063492064,0.6914660831509847,0.5383204987165383,0.49407269663247816,0.4642962092271525,0.16114136302841997,0.16934864982125286,0.5946884987550543,0.12286564262525612,0.433813457487178,0.329664778079244,0.012720422211927596,0.012720422211927596,0.7214195979899497,0.665621794907708,2.048970601102101,0.665621794907708,0.04234906008181545,0.17414179063360183,0.0,0.0,0.012720422211927568,0.08542713567839194,-0.04571964575034412,-0.010940919037199182,-0.10157682434910154,-0.06700290311499663,-0.04831956847965041,-0.08294664892211112,-0.05392582413665098,-0.08303022132993754,0.007584907934659935,0.008674546747133804,0.013082316215682122,0.012720422211927568,0.012720422211927568,-0.0003140703517587884,0.001994328354313457,0.002203808304406696,0.001994328354313457,-0.008327577969276204,-0.0024956049848446904,0.0
mifal_controlled_degradation_v0,random_dropout_mcar_25,random_value_dropout,core,evaluated,20260613,observable_no_current_chla,validation,3,wqp,bloom_h,mifal_probability_bloom_calibrated,0.135593220338983,True,3184,3184,1.0,457,0.14353015075376885,1575,0.4946608040201005,0.15625057296569644,1468,1259,141,316,0.20063492063492064,0.6914660831509847,0.5383204987165383,0.49407269663247816,0.4642962092271525,0.16114136302841997,0.16934864982125286,0.5946884987550543,0.12286564262525612,0.433813457487178,0.329664778079244,0.012720422211927596,0.012720422211927596,0.7214195979899497,0.665621794907708,2.048970601102101,0.665621794907708,0.04234906008181545,0.17414179063360183,0.0,0.0,0.012720422211927568,0.08542713567839194,-0.04571964575034412,-0.010940919037199182,-0.10157682434910154,-0.06700290311499663,-0.04831956847965041,-0.08294664892211112,-0.05392582413665098,-0.08303022132993754,0.007584907934659935,0.008674546747133804,0.013082316215682122,0.012720422211927568,0.012720422211927568,-0.0003140703517587884,0.001994328354313457,0.002203808304406696,0.001994328354313457,-0.008327577969276204,-0.0024956049848446904,0.0
mifal_controlled_degradation_v0,random_dropout_mcar_25,random_value_dropout,core,evaluated,20260614,observable_no_current_chla,test,1,all,bloom_h,mifal_probability_bloom_calibrated,0.1496598639455782,True,4673,4673,1.0,852,0.18232398887224482,1912,0.40915899850203297,0.1397523277946412,2450,1371,311,541,0.28294979079497906,0.6349765258215962,0.6411934048678356,0.5679581114305076,0.5084586466165414,0.21687403508780415,0.24859151198781623,0.6512514851825777,0.1455555800102855,0.46414948106930215,0.3459365973994928,-0.04257166107760363,0.04257166107760363,0.687780868820886,0.6614348394430002,2.3691672480203434,0.6614348394430002,0.04466074586376575,0.17676390323683983,0.0,0.0,0.019956213652888313,0.08260218275197945,-0.1017160021276946,-0.0539906103286385,-0.11305940853179797,-0.0924930293847922,-0.08639340040413157,-0.14804958791021763,-0.1121798068003971,-0.09253516826335295,0.011133201935872084,0.012072224246479524,0.02059129334430798,0.019956213652888313,-0.019956213652888313,0.0006419858763107023,0.00328614378069092,-0.009003450450475903,0.00328614378069092,-0.00858196159194416,-0.0032553694889385087,0.0
mifal_controlled_degradation_v0,random_dropout_mcar_25,random_value_dropout,core,evaluated,20260614,observable_no_current_chla,test,1,wqp,bloom_h,mifal_probability_bloom_calibrated,0.1496598639455782,True,4673,4673,1.0,852,0.18232398887224482,1912,0.40915899850203297,0.1397523277946412,2450,1371,311,541,0.28294979079497906,0.6349765258215962,0.6411934048678356,0.5679581114305076,0.5084586466165414,0.21687403508780415,0.24859151198781623,0.6512514851825777,0.1455555800102855,0.46414948106930215,0.3459365973994928,-0.04257166107760363,0.04257166107760363,0.687780868820886,0.6614348394430002,2.3691672480203434,0.6614348394430002,0.04466074586376575,0.17676390323683983,0.0,0.0,0.019956213652888313,0.08260218275197945,-0.1017160021276946,-0.0539906103286385,-0.11305940853179797,-0.0924930293847922,-0.08639340040413157,-0.14804958791021763,-0.1121798068003971,-0.09253516826335295,0.011133201935872084,0.012072224246479524,0.02059129334430798,0.019956213652888313,-0.019956213652888313,0.0006419858763107023,0.00328614378069092,-0.009003450450475903,0.00328614378069092,-0.00858196159194416,-0.0032553694889385087,0.0
mifal_controlled_degradation_v0,random_dropout_mcar_25,random_value_dropout,core,evaluated,20260614,observable_no_current_chla,test,2,all,bloom_h,mifal_probability_bloom_calibrated,0.1111111111111111,True,4710,4710,1.0,863,0.18322717622080678,2239,0.4753715498938429,0.14345876898661647,2219,1628,252,611,0.27288968289414917,0.7079953650057937,0.5768131011177541,0.548188437077326,0.5368125109822527,0.2206256317804515,0.23849033334151615,0.6106035582948114,0.14660811104081403,0.463469030946851,0.3472978932024184,-0.03976840723419031,0.03976840723419031,0.6834394904458598,0.665883928083127,2.3566106945618244,0.665883928083127,0.0447102646194304,0.17444741955646142,0.0,0.0,0.017884118991292608,0.11295116772823782,-0.08504821985921934,0.0,-0.13828957629321548,-0.09116059300021095,-0.05535651402259312,-0.11987120393103654,-0.0922338569745893,-0.08135381710809242,0.008205071177168982,0.006398542675509045,0.013214017794456911,0.017884118991292608,-0.017884118991292608,0.0010615711252653925,0.0037788839409825803,-0.014220371052056535,0.0037788839409825803,-0.008574525148527828,-0.0034886848330470954,0.0
mifal_controlled_degradation_v0,random_dropout_mcar_25,random_value_dropout,core,evaluated,20260614,observable_no_current_chla,test,2,wqp,bloom_h,mifal_probability_bloom_calibrated,0.1111111111111111,True,4710,4710,1.0,863,0.18322717622080678,2239,0.4753715498938429,0.14345876898661647,2219,1628,252,611,0.27288968289414917,0.7079953650057937,0.5768131011177541,0.548188437077326,0.5368125109822527,0.2206256317804515,0.23849033334151615,0.6106035582948114,0.14660811104081403,0.463469030946851,0.3472978932024184,-0.03976840723419031,0.03976840723419031,0.6834394904458598,0.665883928083127,2.3566106945618244,0.665883928083127,0.0447102646194304,0.17444741955646142,0.0,0.0,0.017884118991292608,0.11295116772823782,-0.08504821985921934,0.0,-0.13828957629321548,-0.09116059300021095,-0.05535651402259312,-0.11987120393103654,-0.0922338569745893,-0.08135381710809242,0.008205071177168982,0.006398542675509045,0.013214017794456911,0.017884118991292608,-0.017884118991292608,0.0010615711252653925,0.0037788839409825803,-0.014220371052056535,0.0037788839409825803,-0.008574525148527828,-0.0034886848330470954,0.0
mifal_controlled_degradation_v0,random_dropout_mcar_25,random_value_dropout,core,evaluated,20260614,observable_no_current_chla,test,3,all,bloom_h,mifal_probability_bloom_calibrated,0.135593220338983,True,4757,4757,1.0,883,0.18562118982552028,2293,0.48202648728190034,0.15155265030049517,2207,1667,257,626,0.27300479720889664,0.7089467723669309,0.569695405265875,0.5453203777463193,0.5373390557939914,0.21681265936736938,0.23651323674011349,0.6263489032496458,0.14705654272392274,0.45907434324589164,0.34595286313283075,-0.034068539525025116,0.034068539525025116,0.6817321841496742,0.6662549412912085,2.3711712545287815,0.6662549412912085,0.04504674903928054,0.174307615196484,0.0,0.0,0.020152164566683395,0.12045406768972039,-0.0746696213957545,0.0317100792751982,-0.1406814661848219,-0.08262030243342955,-0.03196787489907782,-0.09685699642679957,-0.08532930587035903,-0.07947237763035042,0.007213631465582071,0.004041275882011863,0.012157050490174015,0.020152164566683395,-0.020152164566683395,0.0012612991381122374,0.004096343567565941,-0.015559490513586294,0.004096343567565941,-0.008537005280970844,-0.0036481104410892584,0.0
mifal_controlled_degradation_v0,random_dropout_mcar_25,random_value_dropout,core,evaluated,20260614,observable_no_current_chla,test,3,wqp,bloom_h,mifal_probability_bloom_calibrated,0.135593220338983,True,4757,4757,1.0,883,0.18562118982552028,2293,0.48202648728190034,0.15155265030049517,2207,1667,257,626,0.27300479720889664,0.7089467723669309,0.569695405265875,0.5453203777463193,0.5373390557939914,0.21681265936736938,0.23651323674011349,0.6263489032496458,0.14705654272392274,0.45907434324589164,0.34595286313283075,-0.034068539525025116,0.034068539525025116,0.6817321841496742,0.6662549412912085,2.3711712545287815,0.6662549412912085,0.04504674903928054,0.174307615196484,0.0,0.0,0.020152164566683395,0.12045406768972039,-0.0746696213957545,0.0317100792751982,-0.1406814661848219,-0.08262030243342955,-0.03196787489907782,-0.09685699642679957,-0.08532930587035903,-0.07947237763035042,0.007213631465582071,0.004041275882011863,0.012157050490174015,0.020152164566683395,-0.020152164566683395,0.0012612991381122374,0.004096343567565941,-0.015559490513586294,0.004096343567565941,-0.008537005280970844,-0.0036481104410892584,0.0
mifal_controlled_degradation_v0,random_dropout_mcar_25,random_value_dropout,core,evaluated,20260614,observable_no_current_chla,validation,1,all,bloom_h,mifal_probability_bloom_calibrated,0.1496598639455782,True,3049,3049,1.0,410,0.13447031813709412,1381,0.45293538865201705,0.15046870989779507,1531,1108,137,273,0.19768283852280955,0.6658536585365854,0.5801439939370974,0.5078966537664719,0.4518371400198609,0.16859617745410357,0.1718665069872572,0.6214128596382591,0.11694688354648715,0.4304811584851899,0.3230201169754773,0.015998391760700947,0.015998391760700947,0.7284355526402099,0.6632228312351366,2.0105075362731517,0.6632228312351366,0.042205062229904625,0.17539743578074257,0.0,0.0,0.015998391760700947,0.07707445063955393,-0.059734264444031626,-0.05365853658536579,-0.09738537324744223,-0.07535121615708651,-0.07759573865924879,-0.11106738889322312,-0.06524569637907437,-0.08868150352591064,0.010360105350650434,0.014921111083792848,0.020674555287406915,0.015998391760700947,0.015998391760700947,0.0003279763857001461,0.0027127473854150486,-0.0005892994624638881,0.0027127473854150486,-0.008178784084141473,-0.002855735725158043,0.0
mifal_controlled_degradation_v0,random_dropout_mcar_25,random_value_dropout,core,evaluated,20260614,observable_no_current_chla,validation,1,wqp,bloom_h,mifal_probability_bloom_calibrated,0.1496598639455782,True,3049,3049,1.0,410,0.13447031813709412,1381,0.45293538865201705,0.15046870989779507,1531,1108,137,273,0.19768283852280955,0.6658536585365854,0.5801439939370974,0.5078966537664719,0.4518371400198609,0.16859617745410357,0.1718665069872572,0.6214128596382591,0.11694688354648715,0.4304811584851899,0.3230201169754773,0.015998391760700947,0.015998391760700947,0.7284355526402099,0.6632228312351366,2.0105075362731517,0.6632228312351366,0.042205062229904625,0.17539743578074257,0.0,0.0,0.015998391760700947,0.07707445063955393,-0.059734264444031626,-0.05365853658536579,-0.09738537324744223,-0.07535121615708651,-0.07759573865924879,-0.11106738889322312,-0.06524569637907437,-0.08868150352591064,0.010360105350650434,0.014921111083792848,0.020674555287406915,0.015998391760700947,0.015998391760700947,0.0003279763857001461,0.0027127473854150486,-0.0005892994624638881,0.0027127473854150486,-0.008178784084141473,-0.002855735725158043,0.0
mifal_controlled_degradation_v0,random_dropout_mcar_25,random_value_dropout,core,evaluated,20260614,observable_no_current_chla,validation,2,all,bloom_h,mifal_probability_bloom_calibrated,0.1111111111111111,True,3158,3158,1.0,441,0.1396453451551615,1601,0.5069664344521849,0.15178283466025444,1418,1299,139,302,0.18863210493441598,0.6848072562358276,0.5218991534781009,0.4796677356239605,0.44873699851411586,0.1433105245014344,0.16378979362755153,0.5716096768728347,0.12132512229631132,0.43612802692099517,0.32968214419522496,0.012137489505092941,0.012137489505092941,0.7232425585813806,0.6670831153861219,2.044013061184707,0.6670831153861219,0.0420684501300255,0.17334613576590788,0.0,0.0,0.012137489505092969,0.09151361621279291,-0.04536179750460842,-0.01133786848072571,-0.10820758189179236,-0.07065237558078807,-0.0502877088981078,-0.08616392913830398,-0.0561367141514065,-0.10381264516602873,0.008171822668035525,0.011189955620998948,0.016047222108319492,0.012137489505092969,0.012137489505092913,-0.0003166561114629207,0.002440730398276414,0.0071886694022853526,0.002440730398276414,-0.008711869733406923,-0.0027889911085272057,0.0
mifal_controlled_degradation_v0,random_dropout_mcar_25,random_value_dropout,core,evaluated,20260614,observable_no_current_chla,validation,2,wqp,bloom_h,mifal_probability_bloom_calibrated,0.1111111111111111,True,3158,3158,1.0,441,0.1396453451551615,1601,0.5069664344521849,0.15178283466025444,1418,1299,139,302,0.18863210493441598,0.6848072562358276,0.5218991534781009,0.4796677356239605,0.44873699851411586,0.1433105245014344,0.16378979362755153,0.5716096768728347,0.12132512229631132,0.43612802692099517,0.32968214419522496,0.012137489505092941,0.012137489505092941,0.7232425585813806,0.6670831153861219,2.044013061184707,0.6670831153861219,0.0420684501300255,0.17334613576590788,0.0,0.0,0.012137489505092969,0.09151361621279291,-0.04536179750460842,-0.01133786848072571,-0.10820758189179236,-0.07065237558078807,-0.0502877088981078,-0.08616392913830398,-0.0561367141514065,-0.10381264516602873,0.008171822668035525,0.011189955620998948,0.016047222108319492,0.012137489505092969,0.012137489505092913,-0.0003166561114629207,0.002440730398276414,0.0071886694022853526,0.002440730398276414,-0.008711869733406923,-0.0027889911085272057,0.0
mifal_controlled_degradation_v0,random_dropout_mcar_25,random_value_dropout,core,evaluated,20260614,observable_no_current_chla,validation,3,all,bloom_h,mifal_probability_bloom_calibrated,0.135593220338983,True,3184,3184,1.0,457,0.14353015075376885,1572,0.4937185929648241,0.156580811096834,1464,1263,148,309,0.1965648854961832,0.6761487964989059,0.5368536853685368,0.489696701356489,0.45441176470588235,0.14937452704329407,0.16608424533316296,0.5860164061628628,0.12365742813341428,0.433180851804529,0.3294391597329969,0.013050660343065151,0.013050660343065151,0.722675879396985,0.6661153556153095,2.044308658728151,0.6661153556153095,0.04215941789045464,0.17385020352915725,0.0,0.0,0.013050660343065124,0.08448492462311558,-0.04978968088908156,-0.026258205689277947,-0.10304363769710301,-0.07137889839098577,-0.05820401300092054,-0.09471348490723702,-0.05719022862474088,-0.09170231392212902,0.008376693442818092,0.008041941064484803,0.012856697869435052,0.013050660343065124,0.013050660343065124,0.0009422110552764762,0.002487889061914994,-0.0024581340695433163,0.002487889061914994,-0.008517220160637017,-0.0027871920892892643,0.0
mifal_controlled_degradation_v0,random_dropout_mcar_25,random_value_dropout,core,evaluated,20260614,observable_no_current_chla,validation,3,wqp,bloom_h,mifal_probability_bloom_calibrated,0.135593220338983,True,3184,3184,1.0,457,0.14353015075376885,1572,0.4937185929648241,0.156580811096834,1464,1263,148,309,0.1965648854961832,0.6761487964989059,0.5368536853685368,0.489696701356489,0.45441176470588235,0.14937452704329407,0.16608424533316296,0.5860164061628628,0.12365742813341428,0.433180851804529,0.3294391597329969,0.013050660343065151,0.013050660343065151,0.722675879396985,0.6661153556153095,2.044308658728151,0.6661153556153095,0.04215941789045464,0.17385020352915725,0.0,0.0,0.013050660343065124,0.08448492462311558,-0.04978968088908156,-0.026258205689277947,-0.10304363769710301,-0.07137889839098577,-0.05820401300092054,-0.09471348490723702,-0.05719022862474088,-0.09170231392212902,0.008376693442818092,0.008041941064484803,0.012856697869435052,0.013050660343065124,0.013050660343065124,0.0009422110552764762,0.002487889061914994,-0.0024581340695433163,0.002487889061914994,-0.008517220160637017,-0.0027871920892892643,0.0
mifal_controlled_degradation_v0,random_dropout_mcar_50,random_value_dropout,core,evaluated,20260612,observable_no_current_chla,test,1,all,bloom_h,mifal_probability_bloom_calibrated,0.1496598639455782,True,4673,4673,1.0,852,0.18232398887224482,2244,0.48020543548041944,0.15969506046470433,2053,1768,376,476,0.21212121212121213,0.5586854460093896,0.5372939021198639,0.4822267700258398,0.42108987968860573,0.07417557617959339,0.19456016138788862,0.554714617636904,0.15618900265813207,0.4685860009023143,0.356211703956091,-0.022628928407540494,0.022628928407540494,0.6843569441472288,0.6624350505173516,2.367667183006518,0.6624350505173516,0.03330339951662512,0.17425972638352225,0.0,0.0,0.03989894632295145,0.15364861973036592,-0.17254458080146154,-0.13028169014084512,-0.21695891127976963,-0.17822437078945996,-0.17376216733206723,-0.29074804681842836,-0.16621115740032472,-0.18907203580902665,0.02176662458371864,0.016508744079491655,0.030866399900906172,0.03989894632295145,-0.03989894632295145,-0.0027819387973464504,0.0042863548550423625,-0.010503515464301394,0.0042863548550423625,-0.019939307939084785,-0.005759546342256089,0.0
mifal_controlled_degradation_v0,random_dropout_mcar_50,random_value_dropout,core,evaluated,20260612,observable_no_current_chla,test,1,wqp,bloom_h,mifal_probability_bloom_calibrated,0.1496598639455782,True,4673,4673,1.0,852,0.18232398887224482,2244,0.48020543548041944,0.15969506046470433,2053,1768,376,476,0.21212121212121213,0.5586854460093896,0.5372939021198639,0.4822267700258398,0.42108987968860573,0.07417557617959339,0.19456016138788862,0.554714617636904,0.15618900265813207,0.4685860009023143,0.356211703956091,-0.022628928407540494,0.022628928407540494,0.6843569441472288,0.6624350505173516,2.367667183006518,0.6624350505173516,0.03330339951662512,0.17425972638352225,0.0,0.0,0.03989894632295145,0.15364861973036592,-0.17254458080146154,-0.13028169014084512,-0.21695891127976963,-0.17822437078945996,-0.17376216733206723,-0.29074804681842836,-0.16621115740032472,-0.18907203580902665,0.02176662458371864,0.016508744079491655,0.030866399900906172,0.03989894632295145,-0.03989894632295145,-0.0027819387973464504,0.0042863548550423625,-0.010503515464301394,0.0042863548550423625,-0.019939307939084785,-0.005759546342256089,0.0
mifal_controlled_degradation_v0,random_dropout_mcar_50,random_value_dropout,core,evaluated,20260612,observable_no_current_chla,test,2,all,bloom_h,mifal_probability_bloom_calibrated,0.1111111111111111,True,4710,4710,1.0,863,0.18322717622080678,2470,0.524416135881104,0.15659407411969442,1944,1903,296,567,0.22955465587044535,0.657010428736964,0.5053288276579153,0.48948615906440324,0.4787234042553191,0.12575276923203052,0.20420392024622702,0.5570833512803313,0.15199439260034386,0.4681079594019485,0.35765533059107657,-0.02663310210111236,0.02663310210111236,0.6825902335456475,0.6662621328655712,2.3484330209995394,0.6662621328655712,0.032512011667991836,0.17213786523099747,0.0,0.0,0.03101942412437056,0.16199575371549896,-0.12838324688292316,-0.05098493626882972,-0.20977384975305424,-0.14986287101313372,-0.11344562074952669,-0.2147440664794575,-0.12652027006987843,-0.13487402412257254,0.013591352736698814,0.011037471130606546,0.023571455183115098,0.03101942412437056,-0.03101942412437056,0.0002123142250530785,0.004157088723426794,-0.022398044614341472,0.004157088723426794,-0.020772778099966395,-0.005798239158511048,0.0
mifal_controlled_degradation_v0,random_dropout_mcar_50,random_value_dropout,core,evaluated,20260612,observable_no_current_chla,test,2,wqp,bloom_h,mifal_probability_bloom_calibrated,0.1111111111111111,True,4710,4710,1.0,863,0.18322717622080678,2470,0.524416135881104,0.15659407411969442,1944,1903,296,567,0.22955465587044535,0.657010428736964,0.5053288276579153,0.48948615906440324,0.4787234042553191,0.12575276923203052,0.20420392024622702,0.5570833512803313,0.15199439260034386,0.4681079594019485,0.35765533059107657,-0.02663310210111236,0.02663310210111236,0.6825902335456475,0.6662621328655712,2.3484330209995394,0.6662621328655712,0.032512011667991836,0.17213786523099747,0.0,0.0,0.03101942412437056,0.16199575371549896,-0.12838324688292316,-0.05098493626882972,-0.20977384975305424,-0.14986287101313372,-0.11344562074952669,-0.2147440664794575,-0.12652027006987843,-0.13487402412257254,0.013591352736698814,0.011037471130606546,0.023571455183115098,0.03101942412437056,-0.03101942412437056,0.0002123142250530785,0.004157088723426794,-0.022398044614341472,0.004157088723426794,-0.020772778099966395,-0.005798239158511048,0.0
mifal_controlled_degradation_v0,random_dropout_mcar_50,random_value_dropout,core,evaluated,20260612,observable_no_current_chla,test,3,all,bloom_h,mifal_probability_bloom_calibrated,0.135593220338983,True,4757,4757,1.0,883,0.18562118982552028,2550,0.5360521336977087,0.16442914744354836,1889,1985,318,565,0.22156862745098038,0.6398640996602492,0.4876097057305111,0.4752187827662798,0.4644853666557054,0.09938248547342436,0.19823458244881798,0.5471336335800829,0.15442079131660275,0.4660562702793675,0.35830136350547037,-0.02119204238197192,0.02119204238197192,0.6808913180575993,0.6667249136946807,2.371688120798525,0.6667249136946807,0.0331446527265469,0.17201938901851255,0.0,0.0,0.03302866170973659,0.1744797141055287,-0.12610579115367077,-0.03737259343148358,-0.22276716572018584,-0.15272189741346898,-0.10482156403736387,-0.21428717032074457,-0.12360796016165454,-0.15868764729991325,0.014577880058262077,0.011023202915487751,0.02450555086281364,0.03302866170973659,-0.03302866170973659,0.00042043304603733844,0.004566315971038071,-0.015042624243842617,0.004566315971038071,-0.020439101593704483,-0.005936336619060706,0.0
mifal_controlled_degradation_v0,random_dropout_mcar_50,random_value_dropout,core,evaluated,20260612,observable_no_current_chla,test,3,wqp,bloom_h,mifal_probability_bloom_calibrated,0.135593220338983,True,4757,4757,1.0,883,0.18562118982552028,2550,0.5360521336977087,0.16442914744354836,1889,1985,318,565,0.22156862745098038,0.6398640996602492,0.4876097057305111,0.4752187827662798,0.4644853666557054,0.09938248547342436,0.19823458244881798,0.5471336335800829,0.15442079131660275,0.4660562702793675,0.35830136350547037,-0.02119204238197192,0.02119204238197192,0.6808913180575993,0.6667249136946807,2.371688120798525,0.6667249136946807,0.0331446527265469,0.17201938901851255,0.0,0.0,0.03302866170973659,0.1744797141055287,-0.12610579115367077,-0.03737259343148358,-0.22276716572018584,-0.15272189741346898,-0.10482156403736387,-0.21428717032074457,-0.12360796016165454,-0.15868764729991325,0.014577880058262077,0.011023202915487751,0.02450555086281364,0.03302866170973659,-0.03302866170973659,0.00042043304603733844,0.004566315971038071,-0.015042624243842617,0.004566315971038071,-0.020439101593704483,-0.005936336619060706,0.0
mifal_controlled_degradation_v0,random_dropout_mcar_50,random_value_dropout,core,evaluated,20260612,observable_no_current_chla,validation,1,all,bloom_h,mifal_probability_bloom_calibrated,0.1496598639455782,True,3049,3049,1.0,410,0.13447031813709412,1559,0.5113151853066579,0.16634306394933973,1319,1320,171,239,0.15330339961513792,0.5829268292682926,0.4998105342932929,0.44082922007020664,0.3735542356986558,0.05646731134713736,0.14261462757560942,0.542137173171656,0.12524831520667457,0.4377322383705174,0.33559096417458006,0.03187274581224561,0.03187274581224561,0.724171859626107,0.6629933771476755,2.0188883151905834,0.6629933771476755,0.030523849679398286,0.17349029967079552,0.0,0.0,0.03187274581224561,0.13545424729419475,-0.10411370335170325,-0.13658536585365855,-0.17771883289124668,-0.14241864985335173,-0.1558786429804539,-0.22319625500018933,-0.09449757579072215,-0.16795718999251374,0.01866153701083785,0.02217219096912032,0.0332454024865097,0.03187274581224561,0.03187274581224561,-0.003935716628402752,0.002483293297953937,0.007791479454967831,0.002483293297953937,-0.01985999663464781,-0.004762871835105098,0.0
mifal_controlled_degradation_v0,random_dropout_mcar_50,random_value_dropout,core,evaluated,20260612,observable_no_current_chla,validation,1,wqp,bloom_h,mifal_probability_bloom_calibrated,0.1496598639455782,True,3049,3049,1.0,410,0.13447031813709412,1559,0.5113151853066579,0.16634306394933973,1319,1320,171,239,0.15330339961513792,0.5829268292682926,0.4998105342932929,0.44082922007020664,0.3735542356986558,0.05646731134713736,0.14261462757560942,0.542137173171656,0.12524831520667457,0.4377322383705174,0.33559096417458006,0.03187274581224561,0.03187274581224561,0.724171859626107,0.6629933771476755,2.0188883151905834,0.6629933771476755,0.030523849679398286,0.17349029967079552,0.0,0.0,0.03187274581224561,0.13545424729419475,-0.10411370335170325,-0.13658536585365855,-0.17771883289124668,-0.14241864985335173,-0.1558786429804539,-0.22319625500018933,-0.09449757579072215,-0.16795718999251374,0.01866153701083785,0.02217219096912032,0.0332454024865097,0.03187274581224561,0.03187274581224561,-0.003935716628402752,0.002483293297953937,0.007791479454967831,0.002483293297953937,-0.01985999663464781,-0.004762871835105098,0.0
mifal_controlled_degradation_v0,random_dropout_mcar_50,random_value_dropout,core,evaluated,20260612,observable_no_current_chla,validation,2,all,bloom_h,mifal_probability_bloom_calibrated,0.1111111111111111,True,3158,3158,1.0,441,0.1396453451551615,1706,0.5402153261557948,0.16034834412435475,1282,1435,170,271,0.15885111371629543,0.6145124716553289,0.47184394552815606,0.4337304318710539,0.3904899135446686,0.06006008023772393,0.14169254010533455,0.5157686924604217,0.1268868178515188,0.44269588291474793,0.33838093839846367,0.020702998969193254,0.020702998969193254,0.7251424952501583,0.6665215955198515,2.050055497430063,0.6665215955198515,0.030688022290919482,0.17169045290666712,0.0,0.0,0.02070299896919328,0.12476250791640281,-0.07514278872272898,-0.08163265306122447,-0.1582627898417372,-0.11658967933369463,-0.10853479386755505,-0.16941437340201443,-0.07823396767362348,-0.15965362957844176,0.013733518223243021,0.017757811614751706,0.024746016311558205,0.02070299896919328,0.020702998969193226,0.0015832805573147146,0.0018792105320060148,0.013231105647641073,0.0018792105320060148,-0.02009229757251294,-0.004444673967767959,0.0
mifal_controlled_degradation_v0,random_dropout_mcar_50,random_value_dropout,core,evaluated,20260612,observable_no_current_chla,validation,2,wqp,bloom_h,mifal_probability_bloom_calibrated,0.1111111111111111,True,3158,3158,1.0,441,0.1396453451551615,1706,0.5402153261557948,0.16034834412435475,1282,1435,170,271,0.15885111371629543,0.6145124716553289,0.47184394552815606,0.4337304318710539,0.3904899135446686,0.06006008023772393,0.14169254010533455,0.5157686924604217,0.1268868178515188,0.44269588291474793,0.33838093839846367,0.020702998969193254,0.020702998969193254,0.7251424952501583,0.6665215955198515,2.050055497430063,0.6665215955198515,0.030688022290919482,0.17169045290666712,0.0,0.0,0.02070299896919328,0.12476250791640281,-0.07514278872272898,-0.08163265306122447,-0.1582627898417372,-0.11658967933369463,-0.10853479386755505,-0.16941437340201443,-0.07823396767362348,-0.15965362957844176,0.013733518223243021,0.017757811614751706,0.024746016311558205,0.02070299896919328,0.020702998969193226,0.0015832805573147146,0.0018792105320060148,0.013231105647641073,0.0018792105320060148,-0.02009229757251294,-0.004444673967767959,0.0
mifal_controlled_degradation_v0,random_dropout_mcar_50,random_value_dropout,core,evaluated,20260612,observable_no_current_chla,validation,3,all,bloom_h,mifal_probability_bloom_calibrated,0.135593220338983,True,3184,3184,1.0,457,0.14353015075376885,1735,0.5449120603015075,0.1677441352795719,1286,1441,163,294,0.16945244956772335,0.6433260393873085,0.4715804913824716,0.44207427916212205,0.41257367387033395,0.08090240822024214,0.14653377382680388,0.5288973463356548,0.12892124648205383,0.43951122791724934,0.33986829761431314,0.02421398452580306,0.02421398452580306,0.7251884422110553,0.6661554724024015,2.0623893970098925,0.6661554724024015,0.030920017654476165,0.17189236997841284,0.0,0.0,0.024213984525803034,0.13567839195979897,-0.07690211681754142,-0.05908096280087538,-0.16831683168316824,-0.11900132058535273,-0.10004210383646894,-0.16318560373028895,-0.07674070013109996,-0.14882137374933702,0.013640511791457643,0.014372317177205163,0.02328583575075127,0.024213984525803034,0.024213984525803034,0.0034547738693467833,0.00252800584900692,0.015622604212198077,0.00252800584900692,-0.01975662039661549,-0.004745025640033679,0.0
mifal_controlled_degradation_v0,random_dropout_mcar_50,random_value_dropout,core,evaluated,20260612,observable_no_current_chla,validation,3,wqp,bloom_h,mifal_probability_bloom_calibrated,0.135593220338983,True,3184,3184,1.0,457,0.14353015075376885,1735,0.5449120603015075,0.1677441352795719,1286,1441,163,294,0.16945244956772335,0.6433260393873085,0.4715804913824716,0.44207427916212205,0.41257367387033395,0.08090240822024214,0.14653377382680388,0.5288973463356548,0.12892124648205383,0.43951122791724934,0.33986829761431314,0.02421398452580306,0.02421398452580306,0.7251884422110553,0.6661554724024015,2.0623893970098925,0.6661554724024015,0.030920017654476165,0.17189236997841284,0.0,0.0,0.024213984525803034,0.13567839195979897,-0.07690211681754142,-0.05908096280087538,-0.16831683168316824,-0.11900132058535273,-0.10004210383646894,-0.16318560373028895,-0.07674070013109996,-0.14882137374933702,0.013640511791457643,0.014372317177205163,0.02328583575075127,0.024213984525803034,0.024213984525803034,0.0034547738693467833,0.00252800584900692,0.015622604212198077,0.00252800584900692,-0.01975662039661549,-0.004745025640033679,0.0
mifal_controlled_degradation_v0,random_dropout_mcar_50,random_value_dropout,core,evaluated,20260613,observable_no_current_chla,test,1,all,bloom_h,mifal_probability_bloom_calibrated,0.1496598639455782,True,4673,4673,1.0,852,0.18232398887224482,2221,0.47528354376203724,0.15822884034984297,2089,1732,363,489,0.22017109410175598,0.573943661971831,0.5467155194975137,0.4921423946729274,0.4343577900159887,0.09328980361557364,0.20429916764907108,0.5691767941681318,0.15348751953302495,0.4676432919292974,0.35603217260387326,-0.024095148522401855,0.024095148522401855,0.6860689064840574,0.6619511762757427,2.3627428116923785,0.6619511762757427,0.032456761996165616,0.17437071313923255,0.0,0.0,0.03843272620809009,0.14872672801198372,-0.1644946988209177,-0.11502347417840375,-0.20753729390211983,-0.16830874614237235,-0.16049425700468428,-0.2716338193824481,-0.15647215113914226,-0.17460985927779882,0.019065141458611518,0.015566035106474752,0.030686868548688462,0.03843272620809009,-0.03843272620809009,-0.001069976460517874,0.0038024806134334677,-0.015427886778440758,0.0038024806134334677,-0.02078594545954429,-0.005648559586545782,0.0
mifal_controlled_degradation_v0,random_dropout_mcar_50,random_value_dropout,core,evaluated,20260613,observable_no_current_chla,test,1,wqp,bloom_h,mifal_probability_bloom_calibrated,0.1496598639455782,True,4673,4673,1.0,852,0.18232398887224482,2221,0.47528354376203724,0.15822884034984297,2089,1732,363,489,0.22017109410175598,0.573943661971831,0.5467155194975137,0.4921423946729274,0.4343577900159887,0.09328980361557364,0.20429916764907108,0.5691767941681318,0.15348751953302495,0.4676432919292974,0.35603217260387326,-0.024095148522401855,0.024095148522401855,0.6860689064840574,0.6619511762757427,2.3627428116923785,0.6619511762757427,0.032456761996165616,0.17437071313923255,0.0,0.0,0.03843272620809009,0.14872672801198372,-0.1644946988209177,-0.11502347417840375,-0.20753729390211983,-0.16830874614237235,-0.16049425700468428,-0.2716338193824481,-0.15647215113914226,-0.17460985927779882,0.019065141458611518,0.015566035106474752,0.030686868548688462,0.03843272620809009,-0.03843272620809009,-0.001069976460517874,0.0038024806134334677,-0.015427886778440758,0.0038024806134334677,-0.02078594545954429,-0.005648559586545782,0.0
mifal_controlled_degradation_v0,random_dropout_mcar_50,random_value_dropout,core,evaluated,20260613,observable_no_current_chla,test,2,all,bloom_h,mifal_probability_bloom_calibrated,0.1111111111111111,True,4710,4710,1.0,863,0.18322717622080678,2424,0.5146496815286624,0.15522150185164257,1984,1863,302,561,0.23143564356435645,0.6500579374275782,0.5157265401611646,0.4941681877692292,0.4773655547991831,0.12832342285946802,0.2077368879947214,0.5540263876593732,0.15116104552799092,0.46750249201158844,0.3573034683724949,-0.028005674369164207,0.028005674369164207,0.6817409766454352,0.6660474351406956,2.3584041848804786,0.6660474351406956,0.032961136227778465,0.17233277263466962,0.0,0.0,0.029646851856318712,0.15222929936305735,-0.12650225918901206,-0.05793742757821552,-0.19937613724980496,-0.14518084230830774,-0.11480347020566273,-0.21217341285202002,-0.12298730232138405,-0.13793098774353063,0.012758005664345873,0.010432003740246498,0.02321959296453341,0.029646851856318712,-0.029646851856318712,-0.0006369426751592355,0.003942390998551204,-0.012426880733402257,0.003942390998551204,-0.020323653540179766,-0.005603331754838903,0.0
mifal_controlled_degradation_v0,random_dropout_mcar_50,random_value_dropout,core,evaluated,20260613,observable_no_current_chla,test,2,wqp,bloom_h,mifal_probability_bloom_calibrated,0.1111111111111111,True,4710,4710,1.0,863,0.18322717622080678,2424,0.5146496815286624,0.15522150185164257,1984,1863,302,561,0.23143564356435645,0.6500579374275782,0.5157265401611646,0.4941681877692292,0.4773655547991831,0.12832342285946802,0.2077368879947214,0.5540263876593732,0.15116104552799092,0.46750249201158844,0.3573034683724949,-0.028005674369164207,0.028005674369164207,0.6817409766454352,0.6660474351406956,2.3584041848804786,0.6660474351406956,0.032961136227778465,0.17233277263466962,0.0,0.0,0.029646851856318712,0.15222929936305735,-0.12650225918901206,-0.05793742757821552,-0.19937613724980496,-0.14518084230830774,-0.11480347020566273,-0.21217341285202002,-0.12298730232138405,-0.13793098774353063,0.012758005664345873,0.010432003740246498,0.02321959296453341,0.029646851856318712,-0.029646851856318712,-0.0006369426751592355,0.003942390998551204,-0.012426880733402257,0.003942390998551204,-0.020323653540179766,-0.005603331754838903,0.0
mifal_controlled_degradation_v0,random_dropout_mcar_50,random_value_dropout,core,evaluated,20260613,observable_no_current_chla,test,3,all,bloom_h,mifal_probability_bloom_calibrated,0.135593220338983,True,4757,4757,1.0,883,0.18562118982552028,2559,0.537944082404877,0.16421417899847537,1883,1991,315,568,0.22196170379054317,0.6432616081540203,0.48606091894682496,0.4751323264731799,0.4662616975866032,0.10085219516976397,0.19604173670240574,0.5435816264424502,0.15451031073466423,0.4666903595427157,0.3591009415461576,-0.02140701082704491,0.02140701082704491,0.6802606684885432,0.6663598752197927,2.374542977595429,0.6663598752197927,0.032830967276466214,0.17213929081959897,0.0,0.0,0.0328136932646636,0.17637166281269706,-0.12571271481410798,-0.033975084937712396,-0.22431595250387198,-0.15280835370656892,-0.10304523310646607,-0.21281746062440499,-0.12580080590806678,-0.16223965443754595,0.014667399476323562,0.011657292178835932,0.025305128903500895,0.0328136932646636,-0.0328136932646636,-0.00021021652301878024,0.004201277496150069,-0.012187767446938835,0.004201277496150069,-0.02075278704378517,-0.005816434817974281,0.0
mifal_controlled_degradation_v0,random_dropout_mcar_50,random_value_dropout,core,evaluated,20260613,observable_no_current_chla,test,3,wqp,bloom_h,mifal_probability_bloom_calibrated,0.135593220338983,True,4757,4757,1.0,883,0.18562118982552028,2559,0.537944082404877,0.16421417899847537,1883,1991,315,568,0.22196170379054317,0.6432616081540203,0.48606091894682496,0.4751323264731799,0.4662616975866032,0.10085219516976397,0.19604173670240574,0.5435816264424502,0.15451031073466423,0.4666903595427157,0.3591009415461576,-0.02140701082704491,0.02140701082704491,0.6802606684885432,0.6663598752197927,2.374542977595429,0.6663598752197927,0.032830967276466214,0.17213929081959897,0.0,0.0,0.0328136932646636,0.17637166281269706,-0.12571271481410798,-0.033975084937712396,-0.22431595250387198,-0.15280835370656892,-0.10304523310646607,-0.21281746062440499,-0.12580080590806678,-0.16223965443754595,0.014667399476323562,0.011657292178835932,0.025305128903500895,0.0328136932646636,-0.0328136932646636,-0.00021021652301878024,0.004201277496150069,-0.012187767446938835,0.004201277496150069,-0.02075278704378517,-0.005816434817974281,0.0
mifal_controlled_degradation_v0,random_dropout_mcar_50,random_value_dropout,core,evaluated,20260613,observable_no_current_chla,validation,1,all,bloom_h,mifal_probability_bloom_calibrated,0.1496598639455782,True,3049,3049,1.0,410,0.13447031813709412,1552,0.5090193506067563,0.1652237465548278,1325,1314,172,238,0.15335051546391754,0.5804878048780487,0.5020841227737779,0.4416626246852676,0.37280701754385964,0.05634913947776005,0.1429485302810904,0.5454625273801051,0.1251414339657985,0.4371965721876218,0.3330907151615919,0.03075342841773368,0.03075342841773368,0.7290915054116104,0.6628152750818628,2.022985094076597,0.6628152750818628,0.03078626898210847,0.17363170629019317,0.0,0.0,0.03075342841773368,0.13315841259429317,-0.10406658750292364,-0.13902439024390245,-0.1754452444107617,-0.14158524523829075,-0.15662586113525007,-0.22331442686956665,-0.09416367308524118,-0.1646318357840646,0.018554655769961778,0.021636524786224742,0.030745153473521525,0.03075342841773368,0.03075342841773368,0.0009839291571006603,0.002305191232141235,0.011888258340981395,0.002305191232141235,-0.019597577331937628,-0.004621465215707443,0.0
mifal_controlled_degradation_v0,random_dropout_mcar_50,random_value_dropout,core,evaluated,20260613,observable_no_current_chla,validation,1,wqp,bloom_h,mifal_probability_bloom_calibrated,0.1496598639455782,True,3049,3049,1.0,410,0.13447031813709412,1552,0.5090193506067563,0.1652237465548278,1325,1314,172,238,0.15335051546391754,0.5804878048780487,0.5020841227737779,0.4416626246852676,0.37280701754385964,0.05634913947776005,0.1429485302810904,0.5454625273801051,0.1251414339657985,0.4371965721876218,0.3330907151615919,0.03075342841773368,0.03075342841773368,0.7290915054116104,0.6628152750818628,2.022985094076597,0.6628152750818628,0.03078626898210847,0.17363170629019317,0.0,0.0,0.03075342841773368,0.13315841259429317,-0.10406658750292364,-0.13902439024390245,-0.1754452444107617,-0.14158524523829075,-0.15662586113525007,-0.22331442686956665,-0.09416367308524118,-0.1646318357840646,0.018554655769961778,0.021636524786224742,0.030745153473521525,0.03075342841773368,0.03075342841773368,0.0009839291571006603,0.002305191232141235,0.011888258340981395,0.002305191232141235,-0.019597577331937628,-0.004621465215707443,0.0
mifal_controlled_degradation_v0,random_dropout_mcar_50,random_value_dropout,core,evaluated,20260613,observable_no_current_chla,validation,2,all,bloom_h,mifal_probability_bloom_calibrated,0.1111111111111111,True,3158,3158,1.0,441,0.1396453451551615,1720,0.5446485117162762,0.1614922910479637,1280,1437,158,283,0.16453488372093023,0.6417233560090703,0.4711078395288922,0.43902046507639253,0.4061423650975889,0.07853253876064513,0.14431894244740265,0.5278831444244978,0.12623548239257568,0.44140146887782344,0.33791320035680383,0.0218469458928022,0.0218469458928022,0.7232425585813806,0.6671513212386877,2.0495230447031876,0.6671513212386877,0.031115628727833917,0.17142999430987946,0.0,0.0,0.021846945892802228,0.12919569347688414,-0.06945901871809418,-0.054421768707483054,-0.15899889584100108,-0.11129964612835602,-0.09288234231463477,-0.15094191487909325,-0.07560756533155538,-0.14753917761436564,0.013082182764299885,0.01646339757782722,0.024278278269898368,0.021846945892802228,0.021846945892802172,-0.0003166561114629207,0.002508936250842253,0.012698652920765774,0.002508936250842253,-0.019664691135598503,-0.004705132564555625,0.0
mifal_controlled_degradation_v0,random_dropout_mcar_50,random_value_dropout,core,evaluated,20260613,observable_no_current_chla,validation,2,wqp,bloom_h,mifal_probability_bloom_calibrated,0.1111111111111111,True,3158,3158,1.0,441,0.1396453451551615,1720,0.5446485117162762,0.1614922910479637,1280,1437,158,283,0.16453488372093023,0.6417233560090703,0.4711078395288922,0.43902046507639253,0.4061423650975889,0.07853253876064513,0.14431894244740265,0.5278831444244978,0.12623548239257568,0.44140146887782344,0.33791320035680383,0.0218469458928022,0.0218469458928022,0.7232425585813806,0.6671513212386877,2.0495230447031876,0.6671513212386877,0.031115628727833917,0.17142999430987946,0.0,0.0,0.021846945892802228,0.12919569347688414,-0.06945901871809418,-0.054421768707483054,-0.15899889584100108,-0.11129964612835602,-0.09288234231463477,-0.15094191487909325,-0.07560756533155538,-0.14753917761436564,0.013082182764299885,0.01646339757782722,0.024278278269898368,0.021846945892802228,0.021846945892802172,-0.0003166561114629207,0.002508936250842253,0.012698652920765774,0.002508936250842253,-0.019664691135598503,-0.004705132564555625,0.0
mifal_controlled_degradation_v0,random_dropout_mcar_50,random_value_dropout,core,evaluated,20260613,observable_no_current_chla,validation,3,all,bloom_h,mifal_probability_bloom_calibrated,0.135593220338983,True,3184,3184,1.0,457,0.14353015075376885,1728,0.542713567839196,0.16717291065458376,1289,1438,167,290,0.16782407407407407,0.6345733041575492,0.4726806013934727,0.44087515611571515,0.40776152980877384,0.07548509883477385,0.14593683504623156,0.526076458849386,0.12901806233194274,0.44013244180779953,0.33909963673870397,0.023642759900814908,0.023642759900814908,0.7201633165829145,0.6658743801097022,2.0553474858679737,0.6658743801097022,0.03099986595511615,0.1720597647415284,0.0,0.0,0.02364275990081488,0.13347989949748745,-0.07853049231119069,-0.06783369803063466,-0.16721672167216717,-0.12020044363175963,-0.10485424789802905,-0.16860291311575726,-0.07733763891167228,-0.15164226123560576,0.013737327641346553,0.014993531067755361,0.0225171748751421,0.02364275990081488,0.02364275990081488,-0.001570351758793942,0.0022469135563076836,0.0085806930702792,0.0022469135563076836,-0.019676772095975504,-0.004577630876918121,0.0
mifal_controlled_degradation_v0,random_dropout_mcar_50,random_value_dropout,core,evaluated,20260613,observable_no_current_chla,validation,3,wqp,bloom_h,mifal_probability_bloom_calibrated,0.135593220338983,True,3184,3184,1.0,457,0.14353015075376885,1728,0.542713567839196,0.16717291065458376,1289,1438,167,290,0.16782407407407407,0.6345733041575492,0.4726806013934727,0.44087515611571515,0.40776152980877384,0.07548509883477385,0.14593683504623156,0.526076458849386,0.12901806233194274,0.44013244180779953,0.33909963673870397,0.023642759900814908,0.023642759900814908,0.7201633165829145,0.6658743801097022,2.0553474858679737,0.6658743801097022,0.03099986595511615,0.1720597647415284,0.0,0.0,0.02364275990081488,0.13347989949748745,-0.07853049231119069,-0.06783369803063466,-0.16721672167216717,-0.12020044363175963,-0.10485424789802905,-0.16860291311575726,-0.07733763891167228,-0.15164226123560576,0.013737327641346553,0.014993531067755361,0.0225171748751421,0.02364275990081488,0.02364275990081488,-0.001570351758793942,0.0022469135563076836,0.0085806930702792,0.0022469135563076836,-0.019676772095975504,-0.004577630876918121,0.0
mifal_controlled_degradation_v0,random_dropout_mcar_50,random_value_dropout,core,evaluated,20260614,observable_no_current_chla,test,1,all,bloom_h,mifal_probability_bloom_calibrated,0.1496598639455782,True,4673,4673,1.0,852,0.18232398887224482,2218,0.47464155788572654,0.15711013912321728,2107,1714,348,504,0.2272317403065825,0.5915492957746479,0.5514263281863386,0.4998927718022019,0.4479203697120512,0.11055128566899179,0.20478720484107316,0.5726478516918487,0.15314426112806323,0.4674624152074377,0.3557464073536827,-0.025213849749027545,0.025213849749027545,0.6875668735287823,0.6615761265553554,2.371440976532173,0.6615761265553554,0.032438862376585005,0.1745557449920955,0.0,0.0,0.0373140249814644,0.14808474213567302,-0.15743405261609117,-0.09741784037558687,-0.20282648521329494,-0.1605583690130979,-0.14693167730862178,-0.25437233732903,-0.15598411394714018,-0.17113880175408192,0.0187218830536498,0.015385158384615072,0.030401103298497878,0.0373140249814644,-0.0373140249814644,0.0004279905842070608,0.0034274308930460906,-0.006729721938646183,0.0034274308930460906,-0.020803845079124902,-0.0054635277336828325,0.0
mifal_controlled_degradation_v0,random_dropout_mcar_50,random_value_dropout,core,evaluated,20260614,observable_no_current_chla,test,1,wqp,bloom_h,mifal_probability_bloom_calibrated,0.1496598639455782,True,4673,4673,1.0,852,0.18232398887224482,2218,0.47464155788572654,0.15711013912321728,2107,1714,348,504,0.2272317403065825,0.5915492957746479,0.5514263281863386,0.4998927718022019,0.4479203697120512,0.11055128566899179,0.20478720484107316,0.5726478516918487,0.15314426112806323,0.4674624152074377,0.3557464073536827,-0.025213849749027545,0.025213849749027545,0.6875668735287823,0.6615761265553554,2.371440976532173,0.6615761265553554,0.032438862376585005,0.1745557449920955,0.0,0.0,0.0373140249814644,0.14808474213567302,-0.15743405261609117,-0.09741784037558687,-0.20282648521329494,-0.1605583690130979,-0.14693167730862178,-0.25437233732903,-0.15598411394714018,-0.17113880175408192,0.0187218830536498,0.015385158384615072,0.030401103298497878,0.0373140249814644,-0.0373140249814644,0.0004279905842070608,0.0034274308930460906,-0.006729721938646183,0.0034274308930460906,-0.020803845079124902,-0.0054635277336828325,0.0
mifal_controlled_degradation_v0,random_dropout_mcar_50,random_value_dropout,core,evaluated,20260614,observable_no_current_chla,test,2,all,bloom_h,mifal_probability_bloom_calibrated,0.1111111111111111,True,4710,4710,1.0,863,0.18322717622080678,2485,0.5276008492569002,0.15641422576157324,1900,1947,325,538,0.2164989939637827,0.6234067207415991,0.49389134390434103,0.4736046769707359,0.45309078659255525,0.09089272697384698,0.19063467871054787,0.5242651946815038,0.15485258237699662,0.47025298755159994,0.35990469431575606,-0.026812950459233542,0.026812950459233542,0.6817409766454352,0.6664595782597741,2.360408329965581,0.6664595782597741,0.032698612015761686,0.172076635412146,0.0,0.0,0.030839575766249377,0.16518046709129514,-0.14143890878958582,-0.08458864426419466,-0.22121133350662853,-0.16574435310680108,-0.13907823841229056,-0.24960410873764105,-0.14008951160555758,-0.16769218072140002,0.016449542513351567,0.013182499280257998,0.025820818907794585,0.030839575766249377,-0.030839575766249377,-0.0006369426751592355,0.004354534117629649,-0.010422735648299764,0.004354534117629649,-0.020586177752196545,-0.005859468977362531,0.0
mifal_controlled_degradation_v0,random_dropout_mcar_50,random_value_dropout,core,evaluated,20260614,observable_no_current_chla,test,2,wqp,bloom_h,mifal_probability_bloom_calibrated,0.1111111111111111,True,4710,4710,1.0,863,0.18322717622080678,2485,0.5276008492569002,0.15641422576157324,1900,1947,325,538,0.2164989939637827,0.6234067207415991,0.49389134390434103,0.4736046769707359,0.45309078659255525,0.09089272697384698,0.19063467871054787,0.5242651946815038,0.15485258237699662,0.47025298755159994,0.35990469431575606,-0.026812950459233542,0.026812950459233542,0.6817409766454352,0.6664595782597741,2.360408329965581,0.6664595782597741,0.032698612015761686,0.172076635412146,0.0,0.0,0.030839575766249377,0.16518046709129514,-0.14143890878958582,-0.08458864426419466,-0.22121133350662853,-0.16574435310680108,-0.13907823841229056,-0.24960410873764105,-0.14008951160555758,-0.16769218072140002,0.016449542513351567,0.013182499280257998,0.025820818907794585,0.030839575766249377,-0.030839575766249377,-0.0006369426751592355,0.004354534117629649,-0.010422735648299764,0.004354534117629649,-0.020586177752196545,-0.005859468977362531,0.0
mifal_controlled_degradation_v0,random_dropout_mcar_50,random_value_dropout,core,evaluated,20260614,observable_no_current_chla,test,3,all,bloom_h,mifal_probability_bloom_calibrated,0.135593220338983,True,4757,4757,1.0,883,0.18562118982552028,2555,0.5371032163128022,0.16448327265425006,1889,1985,313,570,0.22309197651663404,0.6455266138165345,0.4876097057305111,0.4766893921899109,0.4682109413504189,0.10381320460502623,0.19676094947361783,0.5459002754373175,0.15421426836559243,0.46419613183746106,0.35567617216616965,-0.021137917171270226,0.021137917171270226,0.6804708850115619,0.6664336381128673,2.3715616804188233,0.6664336381128673,0.033177504922504694,0.1721581872790687,0.0,0.0,0.033082786920438284,0.17553079672062227,-0.12458244208801711,-0.0317100792751982,-0.22276716572018584,-0.1512512879898379,-0.10109598934265035,-0.2098564511891427,-0.12508159313685469,-0.15992100544267873,0.014371357107251764,0.009163064473581284,0.021880359523512916,0.033082786920438284,-0.033082786920438284,0.0,0.00427504038922466,-0.015169064623544504,0.00427504038922466,-0.02040624939774669,-0.00579753835850455,0.0
mifal_controlled_degradation_v0,random_dropout_mcar_50,random_value_dropout,core,evaluated,20260614,observable_no_current_chla,test,3,wqp,bloom_h,mifal_probability_bloom_calibrated,0.135593220338983,True,4757,4757,1.0,883,0.18562118982552028,2555,0.5371032163128022,0.16448327265425006,1889,1985,313,570,0.22309197651663404,0.6455266138165345,0.4876097057305111,0.4766893921899109,0.4682109413504189,0.10381320460502623,0.19676094947361783,0.5459002754373175,0.15421426836559243,0.46419613183746106,0.35567617216616965,-0.021137917171270226,0.021137917171270226,0.6804708850115619,0.6664336381128673,2.3715616804188233,0.6664336381128673,0.033177504922504694,0.1721581872790687,0.0,0.0,0.033082786920438284,0.17553079672062227,-0.12458244208801711,-0.0317100792751982,-0.22276716572018584,-0.1512512879898379,-0.10109598934265035,-0.2098564511891427,-0.12508159313685469,-0.15992100544267873,0.014371357107251764,0.009163064473581284,0.021880359523512916,0.033082786920438284,-0.033082786920438284,0.0,0.00427504038922466,-0.015169064623544504,0.00427504038922466,-0.02040624939774669,-0.00579753835850455,0.0
mifal_controlled_degradation_v0,random_dropout_mcar_50,random_value_dropout,core,evaluated,20260614,observable_no_current_chla,validation,1,all,bloom_h,mifal_probability_bloom_calibrated,0.1496598639455782,True,3049,3049,1.0,410,0.13447031813709412,1561,0.5119711380780584,0.16591926418714867,1315,1324,173,237,0.1518257527226137,0.5780487804878048,0.4982948086396362,0.4388769210740127,0.37019681349578254,0.05210522550805138,0.13911429296568484,0.5347609497315132,0.1262453604148457,0.43746318014967145,0.33457753100506293,0.03144894605005455,0.03144894605005455,0.7264676943260086,0.6632216612217197,2.023403122399899,0.6632216612217197,0.030809989618980325,0.1734159096633567,0.0,0.0,0.03144894605005455,0.13611020006559527,-0.10559135024422747,-0.14146341463414636,-0.1792345585449034,-0.14437094884954565,-0.15923606518332717,-0.2275583408392753,-0.09799791040064673,-0.17533341343265652,0.01965858221900897,0.02190313274827438,0.03223196931699257,0.03144894605005455,0.03144894605005455,-0.0016398819285011745,0.0027115773719981195,0.012306286664283572,0.0027115773719981195,-0.019573856695065773,-0.004837261842543905,0.0
mifal_controlled_degradation_v0,random_dropout_mcar_50,random_value_dropout,core,evaluated,20260614,observable_no_current_chla,validation,1,wqp,bloom_h,mifal_probability_bloom_calibrated,0.1496598639455782,True,3049,3049,1.0,410,0.13447031813709412,1561,0.5119711380780584,0.16591926418714867,1315,1324,173,237,0.1518257527226137,0.5780487804878048,0.4982948086396362,0.4388769210740127,0.37019681349578254,0.05210522550805138,0.13911429296568484,0.5347609497315132,0.1262453604148457,0.43746318014967145,0.33457753100506293,0.03144894605005455,0.03144894605005455,0.7264676943260086,0.6632216612217197,2.023403122399899,0.6632216612217197,0.030809989618980325,0.1734159096633567,0.0,0.0,0.03144894605005455,0.13611020006559527,-0.10559135024422747,-0.14146341463414636,-0.1792345585449034,-0.14437094884954565,-0.15923606518332717,-0.2275583408392753,-0.09799791040064673,-0.17533341343265652,0.01965858221900897,0.02190313274827438,0.03223196931699257,0.03144894605005455,0.03144894605005455,-0.0016398819285011745,0.0027115773719981195,0.012306286664283572,0.0027115773719981195,-0.019573856695065773,-0.004837261842543905,0.0
mifal_controlled_degradation_v0,random_dropout_mcar_50,random_value_dropout,core,evaluated,20260614,observable_no_current_chla,validation,2,all,bloom_h,mifal_probability_bloom_calibrated,0.1111111111111111,True,3158,3158,1.0,441,0.1396453451551615,1751,0.5544648511716276,0.16324060584095282,1231,1486,176,265,0.1513420902341519,0.6009070294784581,0.45307324254692677,0.419390765821575,0.3769559032716927,0.03764515251470151,0.13602710009174512,0.4955917098774242,0.12853899645010405,0.4429046550290702,0.33997206564972854,0.02359526068579132,0.02359526068579132,0.7245091830272324,0.6671465817281431,2.053294073054527,0.6671465817281431,0.03126323036254128,0.1714659727435227,0.0,0.0,0.023595260685791347,0.13901203293223557,-0.0826518122048725,-0.09523809523809523,-0.1770334928229665,-0.13092934538317358,-0.12206880414053095,-0.19182930112503685,-0.0838994076872129,-0.17983061216143925,0.015385696821828262,0.017966583729074004,0.026337143562823073,0.023595260685791347,0.02359526068579129,0.0009499683343888732,0.0025041967402976706,0.01646968127210524,0.0025041967402976706,-0.019517089500891142,-0.004669154130912373,0.0
mifal_controlled_degradation_v0,random_dropout_mcar_50,random_value_dropout,core,evaluated,20260614,observable_no_current_chla,validation,2,wqp,bloom_h,mifal_probability_bloom_calibrated,0.1111111111111111,True,3158,3158,1.0,441,0.1396453451551615,1751,0.5544648511716276,0.16324060584095282,1231,1486,176,265,0.1513420902341519,0.6009070294784581,0.45307324254692677,0.419390765821575,0.3769559032716927,0.03764515251470151,0.13602710009174512,0.4955917098774242,0.12853899645010405,0.4429046550290702,0.33997206564972854,0.02359526068579132,0.02359526068579132,0.7245091830272324,0.6671465817281431,2.053294073054527,0.6671465817281431,0.03126323036254128,0.1714659727435227,0.0,0.0,0.023595260685791347,0.13901203293223557,-0.0826518122048725,-0.09523809523809523,-0.1770334928229665,-0.13092934538317358,-0.12206880414053095,-0.19182930112503685,-0.0838994076872129,-0.17983061216143925,0.015385696821828262,0.017966583729074004,0.026337143562823073,0.023595260685791347,0.02359526068579129,0.0009499683343888732,0.0025041967402976706,0.01646968127210524,0.0025041967402976706,-0.019517089500891142,-0.004669154130912373,0.0
mifal_controlled_degradation_v0,random_dropout_mcar_50,random_value_dropout,core,evaluated,20260614,observable_no_current_chla,validation,3,all,bloom_h,mifal_probability_bloom_calibrated,0.135593220338983,True,3184,3184,1.0,457,0.14353015075376885,1732,0.5439698492462312,0.16720166120929944,1275,1452,177,280,0.16166281755196305,0.612691466083151,0.4675467546754675,0.43300920185342295,0.39325842696629215,0.05648390408018857,0.1420335598382606,0.5136767506072271,0.13019396832333627,0.44024521639214936,0.3392705672125564,0.023671510455530592,0.023671510455530592,0.7236180904522613,0.6663977967791167,2.0497568420759897,0.6663977967791167,0.03087377207859954,0.171766882771891,0.0,0.0,0.023671510455530564,0.1347361809045226,-0.08469174883330172,-0.08971553610503291,-0.17235056839017232,-0.12806639789405183,-0.11935735074051074,-0.1876041078703425,-0.08124091411964324,-0.16404196947776473,0.01491323363274008,0.01510630565210519,0.022688105348994514,0.023671510455530564,0.023671510455530564,0.0018844221105528414,0.0027703302257221507,0.0029900492782952703,0.0027703302257221507,-0.019802865972492114,-0.004870512846555514,0.0
mifal_controlled_degradation_v0,random_dropout_mcar_50,random_value_dropout,core,evaluated,20260614,observable_no_current_chla,validation,3,wqp,bloom_h,mifal_probability_bloom_calibrated,0.135593220338983,True,3184,3184,1.0,457,0.14353015075376885,1732,0.5439698492462312,0.16720166120929944,1275,1452,177,280,0.16166281755196305,0.612691466083151,0.4675467546754675,0.43300920185342295,0.39325842696629215,0.05648390408018857,0.1420335598382606,0.5136767506072271,0.13019396832333627,0.44024521639214936,0.3392705672125564,0.023671510455530592,0.023671510455530592,0.7236180904522613,0.6663977967791167,2.0497568420759897,0.6663977967791167,0.03087377207859954,0.171766882771891,0.0,0.0,0.023671510455530564,0.1347361809045226,-0.08469174883330172,-0.08971553610503291,-0.17235056839017232,-0.12806639789405183,-0.11935735074051074,-0.1876041078703425,-0.08124091411964324,-0.16404196947776473,0.01491323363274008,0.01510630565210519,0.022688105348994514,0.023671510455530564,0.023671510455530564,0.0018844221105528414,0.0027703302257221507,0.0029900492782952703,0.0027703302257221507,-0.019802865972492114,-0.004870512846555514,0.0
mifal_controlled_degradation_v0,site_retention_25,site_retention,core,evaluated,20260612,observable_no_current_chla,test,1,all,bloom_h,mifal_probability_bloom_calibrated,0.1496598639455782,True,1151,4673,0.24630858121121335,204,0.17723718505647262,376,0.3266724587315378,0.12132294486964555,714,233,61,143,0.3803191489361702,0.7009803921568627,0.7539598732840549,0.6611858704793945,0.5998322147651006,0.3704244768253778,0.3345527407439573,0.7325480878729527,0.13210310767753222,0.45435460639639097,0.325886158810153,-0.05591424018682707,0.05591424018682707,0.6794092093831451,0.6564117852411098,2.4422697871488146,0.6564117852411098,0.05217398758897895,0.18071378128745108,0.0,-0.005086803815772201,0.0015268307278926696,0.00011564298148425411,-0.004346643986503473,0.012013256006627948,-0.00029294011557867705,0.0007347296640947132,0.004980167744427666,0.005500853827356045,-0.026218578044256036,-0.011238565572977977,-0.0023192703968812067,0.0022773495735683436,0.0005408547549681786,0.00661363454366487,-0.00661363454366487,-0.007729673561430173,-0.0017369104211995001,0.0640990886779953,-0.0017369104211995001,-0.0010687198667309605,0.0006945085616727464,0.0
mifal_controlled_degradation_v0,site_retention_25,site_retention,core,evaluated,20260612,observable_no_current_chla,test,1,wqp,bloom_h,mifal_probability_bloom_calibrated,0.1496598639455782,True,1151,4673,0.24630858121121335,204,0.17723718505647262,376,0.3266724587315378,0.12132294486964555,714,233,61,143,0.3803191489361702,0.7009803921568627,0.7539598732840549,0.6611858704793945,0.5998322147651006,0.3704244768253778,0.3345527407439573,0.7325480878729527,0.13210310767753222,0.45435460639639097,0.325886158810153,-0.05591424018682707,0.05591424018682707,0.6794092093831451,0.6564117852411098,2.4422697871488146,0.6564117852411098,0.05217398758897895,0.18071378128745108,0.0,-0.005086803815772201,0.0015268307278926696,0.00011564298148425411,-0.004346643986503473,0.012013256006627948,-0.00029294011557867705,0.0007347296640947132,0.004980167744427666,0.005500853827356045,-0.026218578044256036,-0.011238565572977977,-0.0023192703968812067,0.0022773495735683436,0.0005408547549681786,0.00661363454366487,-0.00661363454366487,-0.007729673561430173,-0.0017369104211995001,0.0640990886779953,-0.0017369104211995001,-0.0010687198667309605,0.0006945085616727464,0.0
mifal_controlled_degradation_v0,site_retention_25,site_retention,core,evaluated,20260612,observable_no_current_chla,test,2,all,bloom_h,mifal_probability_bloom_calibrated,0.1111111111111111,True,1159,4710,0.24607218683651805,208,0.17946505608283003,412,0.3554788610871441,0.12626809647876644,679,272,68,140,0.33980582524271846,0.6730769230769231,0.7139852786540484,0.6256886659827501,0.5627009646302251,0.31030857697477016,0.29919985526553977,0.6586386799320554,0.13786467447722425,0.4635630897438057,0.33911320446080395,-0.05319695960406359,0.05319695960406359,0.6695427092320967,0.6604975575613314,2.4486820870792014,0.6604975575613314,0.05230463141114793,0.17857817349931887,0.0,-0.003762120137976749,0.000693446483442578,-0.006941521078460966,-0.018132077510650046,-0.034918441928870614,-0.001117398756921184,-0.013660364094786881,-0.029468060374620686,-0.030188258736717877,-0.03152433505056568,-0.033318695470848425,-0.0005383653864207971,0.006492601472463777,0.0050293290528424794,0.004455566621419327,-0.004455566621419327,-0.01283521008849775,-0.0016074865808130001,0.07785102146532052,-0.0016074865808130001,-0.0009801583568102984,0.0006420691098103504,0.0
mifal_controlled_degradation_v0,site_retention_25,site_retention,core,evaluated,20260612,observable_no_current_chla,test,2,wqp,bloom_h,mifal_probability_bloom_calibrated,0.1111111111111111,True,1159,4710,0.24607218683651805,208,0.17946505608283003,412,0.3554788610871441,0.12626809647876644,679,272,68,140,0.33980582524271846,0.6730769230769231,0.7139852786540484,0.6256886659827501,0.5627009646302251,0.31030857697477016,0.29919985526553977,0.6586386799320554,0.13786467447722425,0.4635630897438057,0.33911320446080395,-0.05319695960406359,0.05319695960406359,0.6695427092320967,0.6604975575613314,2.4486820870792014,0.6604975575613314,0.05230463141114793,0.17857817349931887,0.0,-0.003762120137976749,0.000693446483442578,-0.006941521078460966,-0.018132077510650046,-0.034918441928870614,-0.001117398756921184,-0.013660364094786881,-0.029468060374620686,-0.030188258736717877,-0.03152433505056568,-0.033318695470848425,-0.0005383653864207971,0.006492601472463777,0.0050293290528424794,0.004455566621419327,-0.004455566621419327,-0.01283521008849775,-0.0016074865808130001,0.07785102146532052,-0.0016074865808130001,-0.0009801583568102984,0.0006420691098103504,0.0
mifal_controlled_degradation_v0,site_retention_25,site_retention,core,evaluated,20260612,observable_no_current_chla,test,3,all,bloom_h,mifal_probability_bloom_calibrated,0.135593220338983,True,1174,4757,0.24679419802396468,218,0.18568994889267462,414,0.3526405451448041,0.1310938312715313,679,277,81,137,0.3309178743961353,0.6284403669724771,0.7102510460251046,0.6124597975863799,0.5326594090202177,0.27564772479630206,0.29170085712003124,0.6751900118997352,0.14250397596069847,0.46365063290335057,0.3413717096169524,-0.05459611762114333,0.05459611762114333,0.6695059625212947,0.6602437351556979,2.461191993050175,0.6602437351556979,0.05264187982147681,0.17876245381219902,0.0,6.875906715433922e-05,-0.0003066544622804812,-0.008931874447375865,-0.016756544208515856,-0.04879632611925566,-0.00012582542559236298,-0.015480882593368883,-0.03664752167285157,-0.03802193099786688,-0.030141685490441272,-0.03063126898026103,0.0026610647023578016,0.008617565539470795,0.0075758969742956705,-0.0003754135294348204,0.0003754135294348204,-0.01096492249026726,-0.0019148625679447084,0.07446124800780707,-0.0019148625679447084,-0.0009418744987745725,0.0008067281746257648,0.0
mifal_controlled_degradation_v0,site_retention_25,site_retention,core,evaluated,20260612,observable_no_current_chla,test,3,wqp,bloom_h,mifal_probability_bloom_calibrated,0.135593220338983,True,1174,4757,0.24679419802396468,218,0.18568994889267462,414,0.3526405451448041,0.1310938312715313,679,277,81,137,0.3309178743961353,0.6284403669724771,0.7102510460251046,0.6124597975863799,0.5326594090202177,0.27564772479630206,0.29170085712003124,0.6751900118997352,0.14250397596069847,0.46365063290335057,0.3413717096169524,-0.05459611762114333,0.05459611762114333,0.6695059625212947,0.6602437351556979,2.461191993050175,0.6602437351556979,0.05264187982147681,0.17876245381219902,0.0,6.875906715433922e-05,-0.0003066544622804812,-0.008931874447375865,-0.016756544208515856,-0.04879632611925566,-0.00012582542559236298,-0.015480882593368883,-0.03664752167285157,-0.03802193099786688,-0.030141685490441272,-0.03063126898026103,0.0026610647023578016,0.008617565539470795,0.0075758969742956705,-0.0003754135294348204,0.0003754135294348204,-0.01096492249026726,-0.0019148625679447084,0.07446124800780707,-0.0019148625679447084,-0.0009418744987745725,0.0008067281746257648,0.0
mifal_controlled_degradation_v0,site_retention_25,site_retention,core,evaluated,20260612,observable_no_current_chla,validation,1,all,bloom_h,mifal_probability_bloom_calibrated,0.1496598639455782,True,874,3049,0.2866513611020007,147,0.16819221967963388,351,0.40160183066361554,0.14155861916291226,478,249,45,102,0.2905982905982906,0.6938775510204082,0.657496561210454,0.5872192771084337,0.5431309904153354,0.2680965538151061,0.26479237611922357,0.6875941573328093,0.12984142687008274,0.4440824761259164,0.3305677127582952,-0.026633600516721617,0.026633600516721617,0.6979405034324943,0.6600315741470978,2.2840490402921962,0.6600315741470978,0.05019796353683886,0.17844806853334352,0.0,0.03372190154253976,0.0070883010258181445,0.025740892651152425,0.03318118763144945,-0.025634644101543036,-0.020032805974085632,0.00397140718487532,0.013698111736225704,-0.011567012532220589,0.027680172752892,-0.022500205831360476,0.023254648674246023,0.028522428724519322,0.028222151070224855,-0.026633600516721617,0.026633600516721617,-0.030167072822015473,-0.0004785097026237528,0.27295220455658065,-0.0004785097026237528,-0.0001858827772072344,0.0001948970274429085,0.0
mifal_controlled_degradation_v0,site_retention_25,site_retention,core,evaluated,20260612,observable_no_current_chla,validation,1,wqp,bloom_h,mifal_probability_bloom_calibrated,0.1496598639455782,True,874,3049,0.2866513611020007,147,0.16819221967963388,351,0.40160183066361554,0.14155861916291226,478,249,45,102,0.2905982905982906,0.6938775510204082,0.657496561210454,0.5872192771084337,0.5431309904153354,0.2680965538151061,0.26479237611922357,0.6875941573328093,0.12984142687008274,0.4440824761259164,0.3305677127582952,-0.026633600516721617,0.026633600516721617,0.6979405034324943,0.6600315741470978,2.2840490402921962,0.6600315741470978,0.05019796353683886,0.17844806853334352,0.0,0.03372190154253976,0.0070883010258181445,0.025740892651152425,0.03318118763144945,-0.025634644101543036,-0.020032805974085632,0.00397140718487532,0.013698111736225704,-0.011567012532220589,0.027680172752892,-0.022500205831360476,0.023254648674246023,0.028522428724519322,0.028222151070224855,-0.026633600516721617,0.026633600516721617,-0.030167072822015473,-0.0004785097026237528,0.27295220455658065,-0.0004785097026237528,-0.0001858827772072344,0.0001948970274429085,0.0
mifal_controlled_degradation_v0,site_retention_25,site_retention,core,evaluated,20260612,observable_no_current_chla,validation,2,all,bloom_h,mifal_probability_bloom_calibrated,0.1111111111111111,True,902,3158,0.285623812539582,157,0.17405764966740578,388,0.43015521064301554,0.14415514590253478,468,277,46,111,0.2860824742268041,0.7070063694267515,0.6281879194630873,0.5753933149215557,0.546259842519685,0.2567007577775313,0.27164832356051455,0.6897276963194117,0.1344688965400603,0.45305775588420133,0.34062208235250313,-0.029902503764870997,0.029902503764870997,0.6895787139689579,0.6633996743492021,2.3057773599528293,0.6633996743492021,0.05031345581758582,0.17667508544158625,0.0,0.03441230451224428,0.00450980074737331,0.014702392403623532,0.0520885717877797,0.010861244710198226,-0.0019188159068059818,0.025073203716807102,0.0472351351074613,0.02722630413779295,0.05172181578155652,0.014305374280548233,0.021315596911784515,0.028119684584205107,0.026987160265597665,-0.02990250376487097,0.02990250376487097,-0.0339805007238857,-0.0012427106386433406,0.2689529681704075,-0.0012427106386433406,-0.0004668640458466017,0.0005399585671511664,0.0
mifal_controlled_degradation_v0,site_retention_25,site_retention,core,evaluated,20260612,observable_no_current_chla,validation,2,wqp,bloom_h,mifal_probability_bloom_calibrated,0.1111111111111111,True,902,3158,0.285623812539582,157,0.17405764966740578,388,0.43015521064301554,0.14415514590253478,468,277,46,111,0.2860824742268041,0.7070063694267515,0.6281879194630873,0.5753933149215557,0.546259842519685,0.2567007577775313,0.27164832356051455,0.6897276963194117,0.1344688965400603,0.45305775588420133,0.34062208235250313,-0.029902503764870997,0.029902503764870997,0.6895787139689579,0.6633996743492021,2.3057773599528293,0.6633996743492021,0.05031345581758582,0.17667508544158625,0.0,0.03441230451224428,0.00450980074737331,0.014702392403623532,0.0520885717877797,0.010861244710198226,-0.0019188159068059818,0.025073203716807102,0.0472351351074613,0.02722630413779295,0.05172181578155652,0.014305374280548233,0.021315596911784515,0.028119684584205107,0.026987160265597665,-0.02990250376487097,0.02990250376487097,-0.0339805007238857,-0.0012427106386433406,0.2689529681704075,-0.0012427106386433406,-0.0004668640458466017,0.0005399585671511664,0.0
mifal_controlled_degradation_v0,site_retention_25,site_retention,core,evaluated,20260612,observable_no_current_chla,validation,3,all,bloom_h,mifal_probability_bloom_calibrated,0.135593220338983,True,908,3184,0.2851758793969849,162,0.17841409691629956,386,0.4251101321585903,0.14743940896064947,472,274,50,112,0.29015544041450775,0.691358024691358,0.6327077747989276,0.576619309677865,0.541586073500967,0.2509754358151283,0.2617760493013993,0.6673534571211068,0.1385113533548336,0.45614149773307916,0.3461681451644399,-0.030974687955650088,0.030974687955650088,0.6828193832599119,0.661674636105866,2.3212358510891837,0.661674636105866,0.05005543504927031,0.1775121246731023,0.0,0.03488394616253071,0.003909258206880595,0.015876463816881736,0.04380087402924299,-0.011048977496825874,-0.0071895482667122534,0.015543709930390226,0.028970295794164103,0.006887423864597231,0.038501575343495464,-0.010365262963884958,0.023230618664237423,0.031002586993034986,0.02958568330087802,-0.030974687955650115,0.03097468795565006,-0.03891428508179662,-0.0019528304475285863,0.27446905829148927,-0.0019528304475285863,-0.0006212030018213424,0.0008747290546557707,0.0
mifal_controlled_degradation_v0,site_retention_25,site_retention,core,evaluated,20260612,observable_no_current_chla,validation,3,wqp,bloom_h,mifal_probability_bloom_calibrated,0.135593220338983,True,908,3184,0.2851758793969849,162,0.17841409691629956,386,0.4251101321585903,0.14743940896064947,472,274,50,112,0.29015544041450775,0.691358024691358,0.6327077747989276,0.576619309677865,0.541586073500967,0.2509754358151283,0.2617760493013993,0.6673534571211068,0.1385113533548336,0.45614149773307916,0.3461681451644399,-0.030974687955650088,0.030974687955650088,0.6828193832599119,0.661674636105866,2.3212358510891837,0.661674636105866,0.05005543504927031,0.1775121246731023,0.0,0.03488394616253071,0.003909258206880595,0.015876463816881736,0.04380087402924299,-0.011048977496825874,-0.0071895482667122534,0.015543709930390226,0.028970295794164103,0.006887423864597231,0.038501575343495464,-0.010365262963884958,0.023230618664237423,0.031002586993034986,0.02958568330087802,-0.030974687955650115,0.03097468795565006,-0.03891428508179662,-0.0019528304475285863,0.27446905829148927,-0.0019528304475285863,-0.0006212030018213424,0.0008747290546557707,0.0
mifal_controlled_degradation_v0,site_retention_25,site_retention,core,evaluated,20260613,observable_no_current_chla,test,1,all,bloom_h,mifal_probability_bloom_calibrated,0.1496598639455782,True,1271,4673,0.2719880162636422,236,0.18568056648308418,423,0.33280881195908735,0.12539478885593944,775,260,73,163,0.38534278959810875,0.690677966101695,0.748792270531401,0.6589217316183373,0.5961960497439649,0.3626498766971173,0.35768977508972755,0.7392000327519856,0.1357043872905895,0.46084419635305385,0.3362146289041156,-0.06028577762714474,0.06028577762714474,0.6632572777340676,0.6595975339270165,2.4891281230750875,0.6595975339270165,0.05405113530017394,0.1793714113782605,0.0,0.003356577610839351,0.005598674714186555,0.006251996209033828,0.000676996675435082,0.0017108299514602132,-0.00546054286823261,-0.001529409196962428,0.0013440027232919372,-0.002273746300904489,-0.003081543698485789,-0.004586620693944998,0.0012820092161760777,0.008766939530231221,0.010869324848930773,0.0022420971033472042,-0.0022420971033472042,-0.02388160521050764,0.0014488382647072084,0.11095742460426816,0.0014488382647072084,0.0008084278444640339,-0.0006478613475178474,0.0
mifal_controlled_degradation_v0,site_retention_25,site_retention,core,evaluated,20260613,observable_no_current_chla,test,1,wqp,bloom_h,mifal_probability_bloom_calibrated,0.1496598639455782,True,1271,4673,0.2719880162636422,236,0.18568056648308418,423,0.33280881195908735,0.12539478885593944,775,260,73,163,0.38534278959810875,0.690677966101695,0.748792270531401,0.6589217316183373,0.5961960497439649,0.3626498766971173,0.35768977508972755,0.7392000327519856,0.1357043872905895,0.46084419635305385,0.3362146289041156,-0.06028577762714474,0.06028577762714474,0.6632572777340676,0.6595975339270165,2.4891281230750875,0.6595975339270165,0.05405113530017394,0.1793714113782605,0.0,0.003356577610839351,0.005598674714186555,0.006251996209033828,0.000676996675435082,0.0017108299514602132,-0.00546054286823261,-0.001529409196962428,0.0013440027232919372,-0.002273746300904489,-0.003081543698485789,-0.004586620693944998,0.0012820092161760777,0.008766939530231221,0.010869324848930773,0.0022420971033472042,-0.0022420971033472042,-0.02388160521050764,0.0014488382647072084,0.11095742460426816,0.0014488382647072084,0.0008084278444640339,-0.0006478613475178474,0.0
mifal_controlled_degradation_v0,site_retention_25,site_retention,core,evaluated,20260613,observable_no_current_chla,test,2,all,bloom_h,mifal_probability_bloom_calibrated,0.1111111111111111,True,1285,4710,0.27282377919320594,245,0.19066147859922178,469,0.3649805447470817,0.12934808479172957,741,299,75,170,0.3624733475479744,0.6938775510204082,0.7125,0.6373409277504105,0.5866114561766735,0.3315873239971255,0.31972410516246047,0.6640521978021977,0.14429743380459298,0.4710439558026109,0.3508548522687711,-0.061313393807492206,0.061313393807492206,0.6599221789883268,0.6634978556876195,2.4925617934230155,0.6634978556876195,0.054132050238970046,0.17731929674255514,0.0,0.0074343023784149975,0.0037734347964057113,0.0025601625814766216,0.004535444794605881,-0.014117813985385586,-0.002602677410969534,-0.0020081023271264486,-0.005557568828172266,-0.00890951171436255,-0.011000085153644978,-0.0279051776007061,0.0058943939409479285,0.013973467531268935,0.01677097686080964,-0.003660867582009286,0.003660867582009286,-0.022455740332267604,0.0013928115454751033,0.12173072780913463,0.0013928115454751033,0.0008472604710118153,-0.0006168076469533768,0.0
mifal_controlled_degradation_v0,site_retention_25,site_retention,core,evaluated,20260613,observable_no_current_chla,test,2,wqp,bloom_h,mifal_probability_bloom_calibrated,0.1111111111111111,True,1285,4710,0.27282377919320594,245,0.19066147859922178,469,0.3649805447470817,0.12934808479172957,741,299,75,170,0.3624733475479744,0.6938775510204082,0.7125,0.6373409277504105,0.5866114561766735,0.3315873239971255,0.31972410516246047,0.6640521978021977,0.14429743380459298,0.4710439558026109,0.3508548522687711,-0.061313393807492206,0.061313393807492206,0.6599221789883268,0.6634978556876195,2.4925617934230155,0.6634978556876195,0.054132050238970046,0.17731929674255514,0.0,0.0074343023784149975,0.0037734347964057113,0.0025601625814766216,0.004535444794605881,-0.014117813985385586,-0.002602677410969534,-0.0020081023271264486,-0.005557568828172266,-0.00890951171436255,-0.011000085153644978,-0.0279051776007061,0.0058943939409479285,0.013973467531268935,0.01677097686080964,-0.003660867582009286,0.003660867582009286,-0.022455740332267604,0.0013928115454751033,0.12173072780913463,0.0013928115454751033,0.0008472604710118153,-0.0006168076469533768,0.0
mifal_controlled_degradation_v0,site_retention_25,site_retention,core,evaluated,20260613,observable_no_current_chla,test,3,all,bloom_h,mifal_probability_bloom_calibrated,0.135593220338983,True,1299,4757,0.27307126340130333,247,0.1901462663587375,476,0.36643571978444955,0.13416814624109982,741,311,82,165,0.34663865546218486,0.6680161943319838,0.7043726235741445,0.6234157676348547,0.5635245901639345,0.3032840591714674,0.31380388246831337,0.6952190545096288,0.1434847796615525,0.47110347437618333,0.3527140285382513,-0.05597812011763767,0.05597812011763767,0.651270207852194,0.6637897815636843,2.499374149188601,0.6637897815636843,0.054685884821735836,0.17725889407998788,0.0,0.004525076533217209,0.00276766050728805,0.004863300192269604,-0.0010357631424662839,-0.009220498759748952,-0.006004247876552404,-0.004524912544894066,-0.005782340529134733,-0.010385596622701554,-0.008038660142159149,-0.01060222637036734,0.0036418684032118176,0.016070407012303556,0.01891821589559456,-0.0017574160259291594,0.0017574160259291594,-0.029200677159367916,0.0016311838400416834,0.1126434041462332,0.0016311838400416834,0.001102130501484451,-0.0006968315575853756,0.0
mifal_controlled_degradation_v0,site_retention_25,site_retention,core,evaluated,20260613,observable_no_current_chla,test,3,wqp,bloom_h,mifal_probability_bloom_calibrated,0.135593220338983,True,1299,4757,0.27307126340130333,247,0.1901462663587375,476,0.36643571978444955,0.13416814624109982,741,311,82,165,0.34663865546218486,0.6680161943319838,0.7043726235741445,0.6234157676348547,0.5635245901639345,0.3032840591714674,0.31380388246831337,0.6952190545096288,0.1434847796615525,0.47110347437618333,0.3527140285382513,-0.05597812011763767,0.05597812011763767,0.651270207852194,0.6637897815636843,2.499374149188601,0.6637897815636843,0.054685884821735836,0.17725889407998788,0.0,0.004525076533217209,0.00276766050728805,0.004863300192269604,-0.0010357631424662839,-0.009220498759748952,-0.006004247876552404,-0.004524912544894066,-0.005782340529134733,-0.010385596622701554,-0.008038660142159149,-0.01060222637036734,0.0036418684032118176,0.016070407012303556,0.01891821589559456,-0.0017574160259291594,0.0017574160259291594,-0.029200677159367916,0.0016311838400416834,0.1126434041462332,0.0016311838400416834,0.001102130501484451,-0.0006968315575853756,0.0
mifal_controlled_degradation_v0,site_retention_25,site_retention,core,evaluated,20260613,observable_no_current_chla,validation,1,all,bloom_h,mifal_probability_bloom_calibrated,0.1496598639455782,True,773,3049,0.2535257461462775,119,0.1539456662354463,293,0.37904269081500647,0.1343562515525254,450,204,30,89,0.3037542662116041,0.7478991596638656,0.6880733944954128,0.6128448143011249,0.5786736020806242,0.3243150299355482,0.29375906697491017,0.7377997070387788,0.11563650756173846,0.42408049685343185,0.3107213783033178,-0.019589414682920914,0.019589414682920914,0.7076326002587322,0.6597047859378953,2.0902573323893483,0.6597047859378953,0.05275965001393264,0.17911023248069877,0.0,0.01947534809835219,-0.00011406658456872276,0.0031817528025433472,0.04633716324476295,0.02838696454191436,0.010544027310873227,0.029596944377566548,0.04924072340151453,0.04465146358822153,0.056646863608578596,0.0277053438746091,0.009049729365901746,0.008520449452034784,0.008375816615247444,-0.019589414682920914,0.019589414682920914,-0.020474975995777522,-0.0008052979118262638,0.0791604966537327,-0.0008052979118262638,0.0023758036998865403,0.0008570609747981517,0.0
mifal_controlled_degradation_v0,site_retention_25,site_retention,core,evaluated,20260613,observable_no_current_chla,validation,1,wqp,bloom_h,mifal_probability_bloom_calibrated,0.1496598639455782,True,773,3049,0.2535257461462775,119,0.1539456662354463,293,0.37904269081500647,0.1343562515525254,450,204,30,89,0.3037542662116041,0.7478991596638656,0.6880733944954128,0.6128448143011249,0.5786736020806242,0.3243150299355482,0.29375906697491017,0.7377997070387788,0.11563650756173846,0.42408049685343185,0.3107213783033178,-0.019589414682920914,0.019589414682920914,0.7076326002587322,0.6597047859378953,2.0902573323893483,0.6597047859378953,0.05275965001393264,0.17911023248069877,0.0,0.01947534809835219,-0.00011406658456872276,0.0031817528025433472,0.04633716324476295,0.02838696454191436,0.010544027310873227,0.029596944377566548,0.04924072340151453,0.04465146358822153,0.056646863608578596,0.0277053438746091,0.009049729365901746,0.008520449452034784,0.008375816615247444,-0.019589414682920914,0.019589414682920914,-0.020474975995777522,-0.0008052979118262638,0.0791604966537327,-0.0008052979118262638,0.0023758036998865403,0.0008570609747981517,0.0
mifal_controlled_degradation_v0,site_retention_25,site_retention,core,evaluated,20260613,observable_no_current_chla,validation,2,all,bloom_h,mifal_probability_bloom_calibrated,0.1111111111111111,True,804,3158,0.2545915136162128,130,0.16169154228855723,337,0.4191542288557214,0.13941437839594728,430,244,37,93,0.27596439169139464,0.7153846153846154,0.6379821958456974,0.5760058703530282,0.5425904317386231,0.26366591529378647,0.2689835915871932,0.6985277333942022,0.12536720626595,0.43506235074994454,0.32351111701842106,-0.022277163892609947,0.022277163892609947,0.6977611940298507,0.6640034704631782,2.1204950759891004,0.6640034704631782,0.053126234420239477,0.176896397217771,0.0,0.02204619713339573,-0.00023096675921419063,0.0037014106163293925,0.041970489252370236,0.019239490668062076,0.007875460475804119,0.02568575914827964,0.043565724326399435,0.0341914616540481,0.049057083808235175,0.023105411355338723,0.012213906637674202,0.010124279449948315,0.009876194931515592,-0.02227716389260992,0.02227716389260992,-0.02579802066299286,-0.0006389145246672445,0.08367068420667856,-0.0006389145246672445,0.0023459145568070564,0.0007612703433359236,0.0
mifal_controlled_degradation_v0,site_retention_25,site_retention,core,evaluated,20260613,observable_no_current_chla,validation,2,wqp,bloom_h,mifal_probability_bloom_calibrated,0.1111111111111111,True,804,3158,0.2545915136162128,130,0.16169154228855723,337,0.4191542288557214,0.13941437839594728,430,244,37,93,0.27596439169139464,0.7153846153846154,0.6379821958456974,0.5760058703530282,0.5425904317386231,0.26366591529378647,0.2689835915871932,0.6985277333942022,0.12536720626595,0.43506235074994454,0.32351111701842106,-0.022277163892609947,0.022277163892609947,0.6977611940298507,0.6640034704631782,2.1204950759891004,0.6640034704631782,0.053126234420239477,0.176896397217771,0.0,0.02204619713339573,-0.00023096675921419063,0.0037014106163293925,0.041970489252370236,0.019239490668062076,0.007875460475804119,0.02568575914827964,0.043565724326399435,0.0341914616540481,0.049057083808235175,0.023105411355338723,0.012213906637674202,0.010124279449948315,0.009876194931515592,-0.02227716389260992,0.02227716389260992,-0.02579802066299286,-0.0006389145246672445,0.08367068420667856,-0.0006389145246672445,0.0023459145568070564,0.0007612703433359236,0.0
mifal_controlled_degradation_v0,site_retention_25,site_retention,core,evaluated,20260613,observable_no_current_chla,validation,3,all,bloom_h,mifal_probability_bloom_calibrated,0.135593220338983,True,810,3184,0.2543969849246231,131,0.1617283950617284,341,0.42098765432098767,0.14519015532175444,434,245,35,96,0.28152492668621704,0.732824427480916,0.6391752577319587,0.5814386109962795,0.5549132947976878,0.2774274924526698,0.2628435410881643,0.6954041079719839,0.12541045805450354,0.4351780906359842,0.32849935797682495,-0.016538239739973953,0.016538239739973953,0.7012345679012346,0.6633386080065734,2.1122535080168343,0.6633386080065734,0.05298826828767279,0.17720790015330834,0.0,0.01819824430795955,0.001660004567985568,0.011753985979279125,0.035170360300952275,0.03041742529273217,-0.0007220653336811322,0.020363011248804685,0.04229751709088492,0.033339480502138696,0.03956906713026048,0.017685387886992143,0.010129723363907356,0.010039179895940054,0.011916896113263076,-0.01653823973997398,0.016538239739973926,-0.020499100440473872,-0.00028885854682114687,0.06548671521913985,-0.00028885854682114687,0.0023116302365811386,0.000570504534861821,0.0
mifal_controlled_degradation_v0,site_retention_25,site_retention,core,evaluated,20260613,observable_no_current_chla,validation,3,wqp,bloom_h,mifal_probability_bloom_calibrated,0.135593220338983,True,810,3184,0.2543969849246231,131,0.1617283950617284,341,0.42098765432098767,0.14519015532175444,434,245,35,96,0.28152492668621704,0.732824427480916,0.6391752577319587,0.5814386109962795,0.5549132947976878,0.2774274924526698,0.2628435410881643,0.6954041079719839,0.12541045805450354,0.4351780906359842,0.32849935797682495,-0.016538239739973953,0.016538239739973953,0.7012345679012346,0.6633386080065734,2.1122535080168343,0.6633386080065734,0.05298826828767279,0.17720790015330834,0.0,0.01819824430795955,0.001660004567985568,0.011753985979279125,0.035170360300952275,0.03041742529273217,-0.0007220653336811322,0.020363011248804685,0.04229751709088492,0.033339480502138696,0.03956906713026048,0.017685387886992143,0.010129723363907356,0.010039179895940054,0.011916896113263076,-0.01653823973997398,0.016538239739973926,-0.020499100440473872,-0.00028885854682114687,0.06548671521913985,-0.00028885854682114687,0.0023116302365811386,0.000570504534861821,0.0
mifal_controlled_degradation_v0,site_retention_25,site_retention,core,evaluated,20260614,observable_no_current_chla,test,1,all,bloom_h,mifal_probability_bloom_calibrated,0.1496598639455782,True,1212,4673,0.25936229402953137,249,0.20544554455445543,412,0.33993399339933994,0.12285391447219346,719,244,81,168,0.4077669902912621,0.6746987951807228,0.7466251298026999,0.6619879297339925,0.5965909090909091,0.3593646357442817,0.3830008822376817,0.7331527564046425,0.15064874269292589,0.46506780344909737,0.33958218573522175,-0.08259163008226197,0.08259163008226197,0.6740924092409241,0.658271100187513,2.503772871838548,0.658271100187513,0.054373178372856115,0.18015886167602224,0.0,0.02312155568221061,0.003057800330440577,0.01337717764928642,0.023101197368588455,-0.014268340969511906,-0.007627683596933665,0.0015367889186926886,0.0017388620702361024,-0.0055589872537401,0.02222956344946836,-0.010633897041288143,0.016226364618512457,0.012990546626274746,0.01423688168003695,-0.020063755351770032,0.020063755351770032,-0.013046473703651196,0.00012240452520373424,0.12560217336772883,0.00012240452520373424,0.0011304709171462077,0.00013958895024390738,0.0
mifal_controlled_degradation_v0,site_retention_25,site_retention,core,evaluated,20260614,observable_no_current_chla,test,1,wqp,bloom_h,mifal_probability_bloom_calibrated,0.1496598639455782,True,1212,4673,0.25936229402953137,249,0.20544554455445543,412,0.33993399339933994,0.12285391447219346,719,244,81,168,0.4077669902912621,0.6746987951807228,0.7466251298026999,0.6619879297339925,0.5965909090909091,0.3593646357442817,0.3830008822376817,0.7331527564046425,0.15064874269292589,0.46506780344909737,0.33958218573522175,-0.08259163008226197,0.08259163008226197,0.6740924092409241,0.658271100187513,2.503772871838548,0.658271100187513,0.054373178372856115,0.18015886167602224,0.0,0.02312155568221061,0.003057800330440577,0.01337717764928642,0.023101197368588455,-0.014268340969511906,-0.007627683596933665,0.0015367889186926886,0.0017388620702361024,-0.0055589872537401,0.02222956344946836,-0.010633897041288143,0.016226364618512457,0.012990546626274746,0.01423688168003695,-0.020063755351770032,0.020063755351770032,-0.013046473703651196,0.00012240452520373424,0.12560217336772883,0.00012240452520373424,0.0011304709171462077,0.00013958895024390738,0.0
mifal_controlled_degradation_v0,site_retention_25,site_retention,core,evaluated,20260614,observable_no_current_chla,test,2,all,bloom_h,mifal_probability_bloom_calibrated,0.1111111111111111,True,1217,4710,0.2583864118895966,250,0.20542317173377156,451,0.3705834018077239,0.12771706057481388,691,276,75,175,0.38802660753880264,0.7,0.7145811789038262,0.6483738917200965,0.6030323914541695,0.3468088470873314,0.3560891680006148,0.6896111685625647,0.15335595935582436,0.4700493959898717,0.3472462130840515,-0.07770611115895767,0.07770611115895767,0.6746096959737058,0.6621625114454414,2.4885465478372373,0.6621625114454414,0.05437909411012173,0.17809986524216506,0.0,0.022195995512964778,0.0021424105794900228,0.008163019642118852,0.03008870478543413,-0.007995365005793786,-0.0005214985071433365,0.009024861642559556,0.01086336644932373,0.006312011375843363,0.02536497768450935,-0.002346206840339149,0.014952919492179306,0.012978907718529775,0.013162337676090041,-0.020053584933474755,0.020053584933474755,-0.0077682233468886475,5.7467303296920846e-05,0.11771548222335637,5.7467303296920846e-05,0.0010943043421634963,0.0001637608526565415,0.0
mifal_controlled_degradation_v0,site_retention_25,site_retention,core,evaluated,20260614,observable_no_current_chla,test,2,wqp,bloom_h,mifal_probability_bloom_calibrated,0.1111111111111111,True,1217,4710,0.2583864118895966,250,0.20542317173377156,451,0.3705834018077239,0.12771706057481388,691,276,75,175,0.38802660753880264,0.7,0.7145811789038262,0.6483738917200965,0.6030323914541695,0.3468088470873314,0.3560891680006148,0.6896111685625647,0.15335595935582436,0.4700493959898717,0.3472462130840515,-0.07770611115895767,0.07770611115895767,0.6746096959737058,0.6621625114454414,2.4885465478372373,0.6621625114454414,0.05437909411012173,0.17809986524216506,0.0,0.022195995512964778,0.0021424105794900228,0.008163019642118852,0.03008870478543413,-0.007995365005793786,-0.0005214985071433365,0.009024861642559556,0.01086336644932373,0.006312011375843363,0.02536497768450935,-0.002346206840339149,0.014952919492179306,0.012978907718529775,0.013162337676090041,-0.020053584933474755,0.020053584933474755,-0.0077682233468886475,5.7467303296920846e-05,0.11771548222335637,5.7467303296920846e-05,0.0010943043421634963,0.0001637608526565415,0.0
mifal_controlled_degradation_v0,site_retention_25,site_retention,core,evaluated,20260614,observable_no_current_chla,test,3,all,bloom_h,mifal_probability_bloom_calibrated,0.135593220338983,True,1227,4757,0.25793567374395626,250,0.20374898125509372,454,0.3700081499592502,0.13309493120073312,691,286,82,168,0.3700440528634361,0.672,0.7072671443193449,0.6334935064935066,0.577716643741403,0.31640609038002765,0.3395304931091827,0.6992221084953941,0.1521843015126953,0.46810586665790055,0.3479231600186475,-0.0706540500543606,0.0706540500543606,0.6682966585167074,0.6622758156634962,2.4884422496132137,0.6622758156634962,0.05460866773970247,0.1780749204890293,0.0,0.018127791429573437,0.0016944454669213516,0.008435730367070238,0.022369634258784965,-0.0052366930917326915,-0.003109727131352047,0.005552826313757753,0.008409713048333711,0.0027364345858587047,0.017687950498710192,-0.006599172384602059,0.012341390254354628,0.013072799294020776,0.01412734737599075,-0.016433345962652085,0.016433345962652085,-0.012174226494854556,0.00011721793985364215,0.10171150457084588,0.00011721793985364215,0.0010249134194510873,0.0001191948514560337,0.0
mifal_controlled_degradation_v0,site_retention_25,site_retention,core,evaluated,20260614,observable_no_current_chla,test,3,wqp,bloom_h,mifal_probability_bloom_calibrated,0.135593220338983,True,1227,4757,0.25793567374395626,250,0.20374898125509372,454,0.3700081499592502,0.13309493120073312,691,286,82,168,0.3700440528634361,0.672,0.7072671443193449,0.6334935064935066,0.577716643741403,0.31640609038002765,0.3395304931091827,0.6992221084953941,0.1521843015126953,0.46810586665790055,0.3479231600186475,-0.0706540500543606,0.0706540500543606,0.6682966585167074,0.6622758156634962,2.4884422496132137,0.6622758156634962,0.05460866773970247,0.1780749204890293,0.0,0.018127791429573437,0.0016944454669213516,0.008435730367070238,0.022369634258784965,-0.0052366930917326915,-0.003109727131352047,0.005552826313757753,0.008409713048333711,0.0027364345858587047,0.017687950498710192,-0.006599172384602059,0.012341390254354628,0.013072799294020776,0.01412734737599075,-0.016433345962652085,0.016433345962652085,-0.012174226494854556,0.00011721793985364215,0.10171150457084588,0.00011721793985364215,0.0010249134194510873,0.0001191948514560337,0.0
mifal_controlled_degradation_v0,site_retention_25,site_retention,core,evaluated,20260614,observable_no_current_chla,validation,1,all,bloom_h,mifal_probability_bloom_calibrated,0.1496598639455782,True,778,3049,0.2551656280747786,106,0.13624678663239073,312,0.40102827763496146,0.14006217749059896,440,232,26,80,0.2564102564102564,0.7547169811320755,0.6547619047619048,0.5780307935520219,0.5434782608695652,0.2866149414840983,0.23546353609683568,0.7141453279424977,0.10774824965522822,0.41602177894561204,0.30757917753021785,0.0038153908582082285,0.0038153908582082285,0.7223650385604113,0.662235302222202,2.0141773547673885,0.662235302222202,0.0510642649495574,0.1774505354620212,0.0,0.0017764684952966125,0.005591859353504841,0.02516733962249834,-0.001006846556584784,0.035204786010124334,-0.022767462422634832,-0.005217076371536455,0.01404538219045548,0.006951375136771576,-0.0016486672694958904,0.004050964778328003,0.0011614714593915082,0.00046173154421497165,0.005233615842147488,0.0038153908582082285,0.0038153908582082285,-0.005742537694098382,0.0017252183724804082,0.003080519031772866,0.0017252183724804082,0.0006804186355113054,-0.0008026360438794233,0.0
mifal_controlled_degradation_v0,site_retention_25,site_retention,core,evaluated,20260614,observable_no_current_chla,validation,1,wqp,bloom_h,mifal_probability_bloom_calibrated,0.1496598639455782,True,778,3049,0.2551656280747786,106,0.13624678663239073,312,0.40102827763496146,0.14006217749059896,440,232,26,80,0.2564102564102564,0.7547169811320755,0.6547619047619048,0.5780307935520219,0.5434782608695652,0.2866149414840983,0.23546353609683568,0.7141453279424977,0.10774824965522822,0.41602177894561204,0.30757917753021785,0.0038153908582082285,0.0038153908582082285,0.7223650385604113,0.662235302222202,2.0141773547673885,0.662235302222202,0.0510642649495574,0.1774505354620212,0.0,0.0017764684952966125,0.005591859353504841,0.02516733962249834,-0.001006846556584784,0.035204786010124334,-0.022767462422634832,-0.005217076371536455,0.01404538219045548,0.006951375136771576,-0.0016486672694958904,0.004050964778328003,0.0011614714593915082,0.00046173154421497165,0.005233615842147488,0.0038153908582082285,0.0038153908582082285,-0.005742537694098382,0.0017252183724804082,0.003080519031772866,0.0017252183724804082,0.0006804186355113054,-0.0008026360438794233,0.0
mifal_controlled_degradation_v0,site_retention_25,site_retention,core,evaluated,20260614,observable_no_current_chla,validation,2,all,bloom_h,mifal_probability_bloom_calibrated,0.1111111111111111,True,804,3158,0.2545915136162128,116,0.14427860696517414,356,0.4427860696517413,0.14418667583270292,415,273,33,83,0.23314606741573032,0.7155172413793104,0.6031976744186046,0.5411643590355694,0.5060975609756098,0.22545589567326424,0.21866197867154713,0.6738108961507618,0.11720317841302971,0.4298495435978717,0.3229988875877385,-9.193113247121798e-05,9.193113247121798e-05,0.7139303482587065,0.6664179585375304,2.043251559298036,0.6664179585375304,0.0513485236549454,0.17528805780431403,0.0,0.00463326181001264,0.00454133067754145,0.02733325141234927,-0.0008478350232940801,0.019372116662757066,-0.026909060951288644,-0.009155752169179188,0.007072853563386106,-0.004018557966474129,-0.0012645291074109,-0.001611425888101592,0.004049878784753921,0.004911472297875474,0.009363965500833016,-9.193113247119022e-05,9.193113247119022e-05,-0.009628866434137073,0.001775573549684939,0.006427167515614229,0.001775573549684939,0.0005682037915129765,-0.0008470690701210537,0.0
mifal_controlled_degradation_v0,site_retention_25,site_retention,core,evaluated,20260614,observable_no_current_chla,validation,2,wqp,bloom_h,mifal_probability_bloom_calibrated,0.1111111111111111,True,804,3158,0.2545915136162128,116,0.14427860696517414,356,0.4427860696517413,0.14418667583270292,415,273,33,83,0.23314606741573032,0.7155172413793104,0.6031976744186046,0.5411643590355694,0.5060975609756098,0.22545589567326424,0.21866197867154713,0.6738108961507618,0.11720317841302971,0.4298495435978717,0.3229988875877385,-9.193113247121798e-05,9.193113247121798e-05,0.7139303482587065,0.6664179585375304,2.043251559298036,0.6664179585375304,0.0513485236549454,0.17528805780431403,0.0,0.00463326181001264,0.00454133067754145,0.02733325141234927,-0.0008478350232940801,0.019372116662757066,-0.026909060951288644,-0.009155752169179188,0.007072853563386106,-0.004018557966474129,-0.0012645291074109,-0.001611425888101592,0.004049878784753921,0.004911472297875474,0.009363965500833016,-9.193113247119022e-05,9.193113247119022e-05,-0.009628866434137073,0.001775573549684939,0.006427167515614229,0.001775573549684939,0.0005682037915129765,-0.0008470690701210537,0.0
mifal_controlled_degradation_v0,site_retention_25,site_retention,core,evaluated,20260614,observable_no_current_chla,validation,3,all,bloom_h,mifal_probability_bloom_calibrated,0.135593220338983,True,812,3184,0.2550251256281407,122,0.15024630541871922,354,0.43596059113300495,0.14804325472592753,424,266,34,88,0.24858757062146894,0.7213114754098361,0.6144927536231884,0.5542119286739087,0.5225653206650832,0.24196706237539,0.231064595394433,0.6777441197434071,0.12010416911343574,0.43060955543130625,0.32713056583853173,-0.002203050692791697,0.002203050692791697,0.7118226600985221,0.6656738727032032,2.0487807969177414,0.6656738727032032,0.05113915953284628,0.17563025997940093,0.0,0.0067161546649503745,0.00451310397215865,0.026726922791296404,0.002233004236204178,0.01890447322165223,-0.025404569442451397,-0.006863671073566113,0.009949542958280322,-0.0021209495751410845,0.007790121436529157,2.5399658415303783e-05,0.0048234344228395565,0.005470644691262072,0.010548103974969858,-0.002203050692791725,0.0022030506927916693,-0.009911008243186359,0.002046406149808666,0.0020140041200469305,0.002046406149808666,0.00046252148175462277,-0.0010071356390455866,0.0
mifal_controlled_degradation_v0,site_retention_25,site_retention,core,evaluated,20260614,observable_no_current_chla,validation,3,wqp,bloom_h,mifal_probability_bloom_calibrated,0.135593220338983,True,812,3184,0.2550251256281407,122,0.15024630541871922,354,0.43596059113300495,0.14804325472592753,424,266,34,88,0.24858757062146894,0.7213114754098361,0.6144927536231884,0.5542119286739087,0.5225653206650832,0.24196706237539,0.231064595394433,0.6777441197434071,0.12010416911343574,0.43060955543130625,0.32713056583853173,-0.002203050692791697,0.002203050692791697,0.7118226600985221,0.6656738727032032,2.0487807969177414,0.6656738727032032,0.05113915953284628,0.17563025997940093,0.0,0.0067161546649503745,0.00451310397215865,0.026726922791296404,0.002233004236204178,0.01890447322165223,-0.025404569442451397,-0.006863671073566113,0.009949542958280322,-0.0021209495751410845,0.007790121436529157,2.5399658415303783e-05,0.0048234344228395565,0.005470644691262072,0.010548103974969858,-0.002203050692791725,0.0022030506927916693,-0.009911008243186359,0.002046406149808666,0.0020140041200469305,0.002046406149808666,0.00046252148175462277,-0.0010071356390455866,0.0
mifal_controlled_degradation_v0,site_retention_50,site_retention,core,evaluated,20260612,observable_no_current_chla,test,1,all,bloom_h,mifal_probability_bloom_calibrated,0.1496598639455782,True,2479,4673,0.5304943291247592,461,0.18596208148446955,822,0.3315853166599435,0.12090105444690838,1511,507,146,315,0.38321167883211676,0.6832971800433839,0.7487611496531219,0.6566747790308641,0.5907726931732933,0.35707238391389795,0.3546936814765602,0.7336428757236929,0.13805020378385813,0.458072422556552,0.333698220509698,-0.06506102703756117,0.06506102703756117,0.6849536103267446,0.6587492659174097,2.402232470616161,0.6587492659174097,0.053888679818782356,0.1798141239892297,0.0,0.003638092612224725,0.0011049403051554968,0.005028500909889988,-0.0014541140905569017,-0.0056699561068508375,-0.005491663746511666,-0.0037763617844356334,-0.004079353847379674,-0.007851239084123829,-0.006077637311653117,-0.010143777722237735,0.0036278257094446986,0.0059951657337293796,0.008352916454513193,-0.002533152307069228,0.002533152307069228,-0.002185272617830636,0.0006005702551004077,0.024061772145341553,0.0006005702551004077,0.0006459723630724487,-0.00020514873654864374,0.0
mifal_controlled_degradation_v0,site_retention_50,site_retention,core,evaluated,20260612,observable_no_current_chla,test,1,wqp,bloom_h,mifal_probability_bloom_calibrated,0.1496598639455782,True,2479,4673,0.5304943291247592,461,0.18596208148446955,822,0.3315853166599435,0.12090105444690838,1511,507,146,315,0.38321167883211676,0.6832971800433839,0.7487611496531219,0.6566747790308641,0.5907726931732933,0.35707238391389795,0.3546936814765602,0.7336428757236929,0.13805020378385813,0.458072422556552,0.333698220509698,-0.06506102703756117,0.06506102703756117,0.6849536103267446,0.6587492659174097,2.402232470616161,0.6587492659174097,0.053888679818782356,0.1798141239892297,0.0,0.003638092612224725,0.0011049403051554968,0.005028500909889988,-0.0014541140905569017,-0.0056699561068508375,-0.005491663746511666,-0.0037763617844356334,-0.004079353847379674,-0.007851239084123829,-0.006077637311653117,-0.010143777722237735,0.0036278257094446986,0.0059951657337293796,0.008352916454513193,-0.002533152307069228,0.002533152307069228,-0.002185272617830636,0.0006005702551004077,0.024061772145341553,0.0006005702551004077,0.0006459723630724487,-0.00020514873654864374,0.0
mifal_controlled_degradation_v0,site_retention_50,site_retention,core,evaluated,20260612,observable_no_current_chla,test,2,all,bloom_h,mifal_probability_bloom_calibrated,0.1111111111111111,True,2487,4710,0.5280254777070064,467,0.18777643747486933,916,0.36831523924406917,0.12651157761055878,1432,588,139,328,0.35807860262008734,0.702355460385439,0.7089108910891089,0.6359402966321563,0.589080459770115,0.332982549359275,0.327271495332118,0.6839506434583502,0.14223949525728163,0.4636264664414137,0.3421466779567834,-0.061264859864310545,0.061264859864310545,0.6779252110977081,0.6626216328217983,2.405165876024477,0.6626216328217983,0.05395941993719397,0.17777827740199084,0.0,0.004549261254062548,0.0009369276152349226,0.0058948570784641,0.00014069986671882972,-0.0056399046203547964,-0.006191786321860682,-0.0034087334453806184,-0.003088565234730778,-0.007514286352213018,-0.0034526949839874255,-0.008006731944553591,0.003836455393636584,0.006555978170071752,0.008062802548821912,-0.003612333638827625,0.003612333638827625,-0.004452708222886348,0.0005165886796538732,0.03433481041059627,0.0005165886796538732,0.000674630169235739,-0.00015782698751767854,0.0
mifal_controlled_degradation_v0,site_retention_50,site_retention,core,evaluated,20260612,observable_no_current_chla,test,2,wqp,bloom_h,mifal_probability_bloom_calibrated,0.1111111111111111,True,2487,4710,0.5280254777070064,467,0.18777643747486933,916,0.36831523924406917,0.12651157761055878,1432,588,139,328,0.35807860262008734,0.702355460385439,0.7089108910891089,0.6359402966321563,0.589080459770115,0.332982549359275,0.327271495332118,0.6839506434583502,0.14223949525728163,0.4636264664414137,0.3421466779567834,-0.061264859864310545,0.061264859864310545,0.6779252110977081,0.6626216328217983,2.405165876024477,0.6626216328217983,0.05395941993719397,0.17777827740199084,0.0,0.004549261254062548,0.0009369276152349226,0.0058948570784641,0.00014069986671882972,-0.0056399046203547964,-0.006191786321860682,-0.0034087334453806184,-0.003088565234730778,-0.007514286352213018,-0.0034526949839874255,-0.008006731944553591,0.003836455393636584,0.006555978170071752,0.008062802548821912,-0.003612333638827625,0.003612333638827625,-0.004452708222886348,0.0005165886796538732,0.03433481041059627,0.0005165886796538732,0.000674630169235739,-0.00015782698751767854,0.0
mifal_controlled_degradation_v0,site_retention_50,site_retention,core,evaluated,20260612,observable_no_current_chla,test,3,all,bloom_h,mifal_probability_bloom_calibrated,0.135593220338983,True,2503,4757,0.5261719571158293,476,0.19017179384738314,927,0.37035557331202557,0.1327058168273903,1426,601,150,326,0.3516720604099245,0.6848739495798319,0.7035027133695116,0.628140523587594,0.5757682797598022,0.3156207175778757,0.324681618530526,0.704120424686895,0.14278534586766198,0.4609336442774276,0.3409055538059449,-0.05746597701999284,0.05746597701999284,0.6767878545745106,0.6631115814515389,2.411676498389818,0.6631115814515389,0.05431407326399379,0.17758068625218917,0.0,0.0045506040218628585,0.0013053310935785267,0.008783153719845616,0.003997641805273344,0.007637256488099209,-0.0068741580811853,0.0001998434078451794,0.006461349066732902,0.0019510617837067423,0.002839075920053502,-0.00170085619310123,0.0029424346093213094,0.005900576913547839,0.0071097411632881635,-0.0032452729282843318,0.0032452729282843318,-0.0036830304370513156,0.0009529837278963171,0.024945753347449973,0.0009529837278963171,0.0007303189437424043,-0.00037503938538407944,0.0
mifal_controlled_degradation_v0,site_retention_50,site_retention,core,evaluated,20260612,observable_no_current_chla,test,3,wqp,bloom_h,mifal_probability_bloom_calibrated,0.135593220338983,True,2503,4757,0.5261719571158293,476,0.19017179384738314,927,0.37035557331202557,0.1327058168273903,1426,601,150,326,0.3516720604099245,0.6848739495798319,0.7035027133695116,0.628140523587594,0.5757682797598022,0.3156207175778757,0.324681618530526,0.704120424686895,0.14278534586766198,0.4609336442774276,0.3409055538059449,-0.05746597701999284,0.05746597701999284,0.6767878545745106,0.6631115814515389,2.411676498389818,0.6631115814515389,0.05431407326399379,0.17758068625218917,0.0,0.0045506040218628585,0.0013053310935785267,0.008783153719845616,0.003997641805273344,0.007637256488099209,-0.0068741580811853,0.0001998434078451794,0.006461349066732902,0.0019510617837067423,0.002839075920053502,-0.00170085619310123,0.0029424346093213094,0.005900576913547839,0.0071097411632881635,-0.0032452729282843318,0.0032452729282843318,-0.0036830304370513156,0.0009529837278963171,0.024945753347449973,0.0009529837278963171,0.0007303189437424043,-0.00037503938538407944,0.0
mifal_controlled_degradation_v0,site_retention_50,site_retention,core,evaluated,20260612,observable_no_current_chla,validation,1,all,bloom_h,mifal_probability_bloom_calibrated,0.1496598639455782,True,1441,3049,0.4726139717940308,179,0.12421929215822346,521,0.36155447605829283,0.13404334149116362,862,400,58,121,0.23224568138195778,0.6759776536312849,0.6830427892234548,0.5679075553227707,0.48908649959579625,0.2464691662186788,0.20580778275228365,0.6879078168022735,0.1023067276983839,0.41456409422526086,0.3035562994801944,0.009824049332940163,0.009824049332940163,0.7321304649548924,0.6583540993804896,1.9755752436163843,0.6583540993804896,0.05072039025196038,0.1794643187231176,0.0,-0.010251025978870662,-0.0004269766459304991,-0.014306461954170291,-0.02517142158488339,-0.04353454149066627,0.00551342203891525,-0.015340314600787663,-0.040346379083313455,-0.03319440012864791,-0.03130442061404792,-0.02218654636189621,-0.004280050497452809,-0.0009959531761362106,0.0012107377921240503,0.009824049332940163,0.009824049332940163,0.0040228887003826985,-0.0021559844692319308,-0.03552159211923134,-0.0021559844692319308,0.0003365439379142826,0.0012111472172169901,0.0
mifal_controlled_degradation_v0,site_retention_50,site_retention,core,evaluated,20260612,observable_no_current_chla,validation,1,wqp,bloom_h,mifal_probability_bloom_calibrated,0.1496598639455782,True,1441,3049,0.4726139717940308,179,0.12421929215822346,521,0.36155447605829283,0.13404334149116362,862,400,58,121,0.23224568138195778,0.6759776536312849,0.6830427892234548,0.5679075553227707,0.48908649959579625,0.2464691662186788,0.20580778275228365,0.6879078168022735,0.1023067276983839,0.41456409422526086,0.3035562994801944,0.009824049332940163,0.009824049332940163,0.7321304649548924,0.6583540993804896,1.9755752436163843,0.6583540993804896,0.05072039025196038,0.1794643187231176,0.0,-0.010251025978870662,-0.0004269766459304991,-0.014306461954170291,-0.02517142158488339,-0.04353454149066627,0.00551342203891525,-0.015340314600787663,-0.040346379083313455,-0.03319440012864791,-0.03130442061404792,-0.02218654636189621,-0.004280050497452809,-0.0009959531761362106,0.0012107377921240503,0.009824049332940163,0.009824049332940163,0.0040228887003826985,-0.0021559844692319308,-0.03552159211923134,-0.0021559844692319308,0.0003365439379142826,0.0012111472172169901,0.0
mifal_controlled_degradation_v0,site_retention_50,site_retention,core,evaluated,20260612,observable_no_current_chla,validation,2,all,bloom_h,mifal_probability_bloom_calibrated,0.1111111111111111,True,1497,3158,0.474034198860038,192,0.1282565130260521,623,0.41616566466265864,0.1395466377166527,812,493,62,130,0.2086677367576244,0.6770833333333334,0.6222222222222222,0.5321572061253966,0.46728971962616817,0.20303499943420053,0.19607900869085204,0.659061701787995,0.10679608266385944,0.42278074967805696,0.3143033091286521,0.011290124690600617,0.011290124690600617,0.7321309285237141,0.6627391587290445,1.9827552377921638,0.6627391587290445,0.05117121579146963,0.17722067477928988,0.0,-0.011388832129109405,-9.870743850876051e-05,0.0007128464232666332,-0.025326165681400004,-0.01906179138321995,-0.007884513147671024,-0.01816290507935192,-0.03173498778605549,-0.026439454205537838,-0.02384749908810599,-0.016360620250868485,-0.006357216964416351,-0.0021573216219392677,0.0006683870417466542,0.011290124690600645,0.01129012469060059,0.00857171383087052,-0.0019032262588009052,-0.05406915399025802,-0.0019032262588009052,0.0003908959280372118,0.0010855479048547945,0.0
mifal_controlled_degradation_v0,site_retention_50,site_retention,core,evaluated,20260612,observable_no_current_chla,validation,2,wqp,bloom_h,mifal_probability_bloom_calibrated,0.1111111111111111,True,1497,3158,0.474034198860038,192,0.1282565130260521,623,0.41616566466265864,0.1395466377166527,812,493,62,130,0.2086677367576244,0.6770833333333334,0.6222222222222222,0.5321572061253966,0.46728971962616817,0.20303499943420053,0.19607900869085204,0.659061701787995,0.10679608266385944,0.42278074967805696,0.3143033091286521,0.011290124690600617,0.011290124690600617,0.7321309285237141,0.6627391587290445,1.9827552377921638,0.6627391587290445,0.05117121579146963,0.17722067477928988,0.0,-0.011388832129109405,-9.870743850876051e-05,0.0007128464232666332,-0.025326165681400004,-0.01906179138321995,-0.007884513147671024,-0.01816290507935192,-0.03173498778605549,-0.026439454205537838,-0.02384749908810599,-0.016360620250868485,-0.006357216964416351,-0.0021573216219392677,0.0006683870417466542,0.011290124690600645,0.01129012469060059,0.00857171383087052,-0.0019032262588009052,-0.05406915399025802,-0.0019032262588009052,0.0003908959280372118,0.0010855479048547945,0.0
mifal_controlled_degradation_v0,site_retention_50,site_retention,core,evaluated,20260612,observable_no_current_chla,validation,3,all,bloom_h,mifal_probability_bloom_calibrated,0.135593220338983,True,1506,3184,0.4729899497487437,194,0.12881806108897742,611,0.40571049136786186,0.14252552719243222,833,479,62,132,0.2160392798690671,0.6804123711340206,0.6349085365853658,0.5414105879935946,0.47584715212689255,0.2151237836739411,0.19735511574280426,0.6678518669851647,0.10688140789669766,0.4189502136256927,0.3135347038322007,0.013707466103454802,0.013707466103454802,0.7343957503320053,0.661736852220395,1.9621284474194993,0.661736852220395,0.05116334180617011,0.17773352483491706,0.0,-0.014712089664791428,-0.0010046235613366539,-0.0035231769738466867,-0.030315286516197665,-0.021994631054163216,-0.00498878648027401,-0.019665011753880135,-0.03676862557991034,-0.02896422827658998,-0.02591935821509958,-0.009866853099827044,-0.008399326793898529,-0.0061886971143514935,-0.0030477580313611474,0.013707466103454774,0.013707466103454774,0.012662081990296836,-0.0018906143329995295,-0.08463834537819515,-0.0018906143329995295,0.00048670375507845615,0.0010961292164705372,0.0
mifal_controlled_degradation_v0,site_retention_50,site_retention,core,evaluated,20260612,observable_no_current_chla,validation,3,wqp,bloom_h,mifal_probability_bloom_calibrated,0.135593220338983,True,1506,3184,0.4729899497487437,194,0.12881806108897742,611,0.40571049136786186,0.14252552719243222,833,479,62,132,0.2160392798690671,0.6804123711340206,0.6349085365853658,0.5414105879935946,0.47584715212689255,0.2151237836739411,0.19735511574280426,0.6678518669851647,0.10688140789669766,0.4189502136256927,0.3135347038322007,0.013707466103454802,0.013707466103454802,0.7343957503320053,0.661736852220395,1.9621284474194993,0.661736852220395,0.05116334180617011,0.17773352483491706,0.0,-0.014712089664791428,-0.0010046235613366539,-0.0035231769738466867,-0.030315286516197665,-0.021994631054163216,-0.00498878648027401,-0.019665011753880135,-0.03676862557991034,-0.02896422827658998,-0.02591935821509958,-0.009866853099827044,-0.008399326793898529,-0.0061886971143514935,-0.0030477580313611474,0.013707466103454774,0.013707466103454774,0.012662081990296836,-0.0018906143329995295,-0.08463834537819515,-0.0018906143329995295,0.00048670375507845615,0.0010961292164705372,0.0
mifal_controlled_degradation_v0,site_retention_50,site_retention,core,evaluated,20260613,observable_no_current_chla,test,1,all,bloom_h,mifal_probability_bloom_calibrated,0.1496598639455782,True,2350,4673,0.5028889364433983,407,0.17319148936170212,763,0.32468085106382977,0.11891835615683342,1478,465,109,298,0.3905635648754915,0.7321867321867321,0.7606793618116315,0.6733977385535459,0.6231702216645755,0.3983013836400312,0.38209255964766614,0.7656167607274144,0.1253243667735854,0.44243112892164443,0.3155150786924557,-0.05427313320486869,0.05427313320486869,0.6978723404255319,0.6580245911921625,2.305067168289113,0.6580245911921625,0.052345393463932875,0.17993383401213908,0.0,-0.009132499510542708,-0.0008777579849194583,-0.0018759646862237522,0.005897771952817821,0.04321959603649739,0.006426548411997968,0.012946597738246135,0.028318174643902516,0.033377760642009424,0.021321240859452806,0.021830107281483713,-0.009098011300828018,-0.009646127901178192,-0.009830225362729095,0.00825474152562325,-0.00825474152562325,0.010733457480956665,-0.00012410447014676862,-0.07310353018170623,-0.00012410447014676862,-0.0008973139917770323,-8.543871363925204e-05,0.0
mifal_controlled_degradation_v0,site_retention_50,site_retention,core,evaluated,20260613,observable_no_current_chla,test,1,wqp,bloom_h,mifal_probability_bloom_calibrated,0.1496598639455782,True,2350,4673,0.5028889364433983,407,0.17319148936170212,763,0.32468085106382977,0.11891835615683342,1478,465,109,298,0.3905635648754915,0.7321867321867321,0.7606793618116315,0.6733977385535459,0.6231702216645755,0.3983013836400312,0.38209255964766614,0.7656167607274144,0.1253243667735854,0.44243112892164443,0.3155150786924557,-0.05427313320486869,0.05427313320486869,0.6978723404255319,0.6580245911921625,2.305067168289113,0.6580245911921625,0.052345393463932875,0.17993383401213908,0.0,-0.009132499510542708,-0.0008777579849194583,-0.0018759646862237522,0.005897771952817821,0.04321959603649739,0.006426548411997968,0.012946597738246135,0.028318174643902516,0.033377760642009424,0.021321240859452806,0.021830107281483713,-0.009098011300828018,-0.009646127901178192,-0.009830225362729095,0.00825474152562325,-0.00825474152562325,0.010733457480956665,-0.00012410447014676862,-0.07310353018170623,-0.00012410447014676862,-0.0008973139917770323,-8.543871363925204e-05,0.0
mifal_controlled_degradation_v0,site_retention_50,site_retention,core,evaluated,20260613,observable_no_current_chla,test,2,all,bloom_h,mifal_probability_bloom_calibrated,0.1111111111111111,True,2356,4710,0.5002123142250531,414,0.17572156196943972,842,0.35738539898132426,0.12446613957269162,1407,535,107,307,0.3646080760095012,0.7415458937198067,0.7245108135942327,0.6515448071479123,0.6144915932746197,0.3701217122067602,0.351216076724709,0.7202595063607915,0.1309054453651403,0.44915776424607073,0.3260109533745959,-0.0512554223967481,0.0512554223967481,0.6893039049235993,0.6618253895876823,2.3093980364364293,0.6618253895876823,0.05248782606440165,0.17795165803371635,0.0,-0.00750561425136706,-0.0011085104226322418,-0.005034983184280806,0.006670173256132672,0.033550528714012984,0.009408136183263194,0.012195777070375335,0.022322568269773857,0.02962487649527218,0.020491886408603555,0.028302130957887695,-0.0074975944985047616,-0.007912724025271212,-0.00807292203336557,0.006397103828734818,-0.006397103828734818,0.006925985603004836,-0.0002796545544621054,-0.06143302917745164,-0.0002796545544621054,-0.0007969637035565788,1.5553644207827455e-05,0.0
mifal_controlled_degradation_v0,site_retention_50,site_retention,core,evaluated,20260613,observable_no_current_chla,test,2,wqp,bloom_h,mifal_probability_bloom_calibrated,0.1111111111111111,True,2356,4710,0.5002123142250531,414,0.17572156196943972,842,0.35738539898132426,0.12446613957269162,1407,535,107,307,0.3646080760095012,0.7415458937198067,0.7245108135942327,0.6515448071479123,0.6144915932746197,0.3701217122067602,0.351216076724709,0.7202595063607915,0.1309054453651403,0.44915776424607073,0.3260109533745959,-0.0512554223967481,0.0512554223967481,0.6893039049235993,0.6618253895876823,2.3093980364364293,0.6618253895876823,0.05248782606440165,0.17795165803371635,0.0,-0.00750561425136706,-0.0011085104226322418,-0.005034983184280806,0.006670173256132672,0.033550528714012984,0.009408136183263194,0.012195777070375335,0.022322568269773857,0.02962487649527218,0.020491886408603555,0.028302130957887695,-0.0074975944985047616,-0.007912724025271212,-0.00807292203336557,0.006397103828734818,-0.006397103828734818,0.006925985603004836,-0.0002796545544621054,-0.06143302917745164,-0.0002796545544621054,-0.0007969637035565788,1.5553644207827455e-05,0.0
mifal_controlled_degradation_v0,site_retention_50,site_retention,core,evaluated,20260613,observable_no_current_chla,test,3,all,bloom_h,mifal_probability_bloom_calibrated,0.135593220338983,True,2376,4757,0.4994744586924532,429,0.18055555555555555,860,0.36195286195286197,0.13132629829599562,1389,558,127,302,0.3511627906976744,0.703962703962704,0.7134052388289677,0.6353874618683111,0.5861801242236025,0.3340656979191962,0.33463523950019985,0.7247902756377332,0.13467911020687695,0.44741579297345496,0.32633272485345755,-0.04922925725955993,0.04922925725955993,0.6872895622895623,0.6622873791095651,2.334061904437263,0.6622873791095651,0.052862427449634423,0.17777116499297355,0.0,-0.0050656342699647305,-7.418743781614778e-05,0.00038044236068202064,0.003488372093023273,0.026726010870971262,0.0030283673782707243,0.007446781688562276,0.016873193530533293,0.02039604212502727,0.01279269688972734,0.018968994757737057,-0.005163801051463718,-0.007617274390424811,-0.007463087789199185,0.004991446832148583,-0.004991446832148583,0.00681867727800034,0.0001287813859225384,-0.052668840605104794,0.0001287813859225384,-0.0007213268706169618,-0.00018456064459970722,0.0
mifal_controlled_degradation_v0,site_retention_50,site_retention,core,evaluated,20260613,observable_no_current_chla,test,3,wqp,bloom_h,mifal_probability_bloom_calibrated,0.135593220338983,True,2376,4757,0.4994744586924532,429,0.18055555555555555,860,0.36195286195286197,0.13132629829599562,1389,558,127,302,0.3511627906976744,0.703962703962704,0.7134052388289677,0.6353874618683111,0.5861801242236025,0.3340656979191962,0.33463523950019985,0.7247902756377332,0.13467911020687695,0.44741579297345496,0.32633272485345755,-0.04922925725955993,0.04922925725955993,0.6872895622895623,0.6622873791095651,2.334061904437263,0.6622873791095651,0.052862427449634423,0.17777116499297355,0.0,-0.0050656342699647305,-7.418743781614778e-05,0.00038044236068202064,0.003488372093023273,0.026726010870971262,0.0030283673782707243,0.007446781688562276,0.016873193530533293,0.02039604212502727,0.01279269688972734,0.018968994757737057,-0.005163801051463718,-0.007617274390424811,-0.007463087789199185,0.004991446832148583,-0.004991446832148583,0.00681867727800034,0.0001287813859225384,-0.052668840605104794,0.0001287813859225384,-0.0007213268706169618,-0.00018456064459970722,0.0
mifal_controlled_degradation_v0,site_retention_50,site_retention,core,evaluated,20260613,observable_no_current_chla,validation,1,all,bloom_h,mifal_probability_bloom_calibrated,0.1496598639455782,True,1500,3049,0.49196457855034437,202,0.13466666666666666,577,0.38466666666666666,0.1363966398838553,863,435,60,142,0.24610051993067592,0.7029702970297029,0.6648690292758089,0.5708486907850666,0.5126353790613719,0.258096688502212,0.21840791200003296,0.690138293490366,0.10906426458970517,0.41906731004920567,0.3051780594193708,0.0017299732171886517,0.0017299732171886517,0.7193333333333334,0.6618684973465159,2.0545872568147874,0.6618684973465159,0.05042460374428793,0.1775544530733804,0.0,0.00019634852957253757,0.0019263217467611893,0.008805728654203537,-0.011316583036165256,-0.016541898092248264,-0.012660337908730668,-0.012399179138491756,-0.0167974996177378,-0.021566877845114685,-0.018704291366298614,-0.0199560696738037,0.0024774863938684527,0.0035072626478085955,0.002832497731300454,0.0017299732171886517,0.0017299732171886517,-0.008774242921176345,0.0013584134967943307,0.04349042107917178,0.0013584134967943307,4.075743024183065e-05,-0.0006987184325202012,0.0
mifal_controlled_degradation_v0,site_retention_50,site_retention,core,evaluated,20260613,observable_no_current_chla,validation,1,wqp,bloom_h,mifal_probability_bloom_calibrated,0.1496598639455782,True,1500,3049,0.49196457855034437,202,0.13466666666666666,577,0.38466666666666666,0.1363966398838553,863,435,60,142,0.24610051993067592,0.7029702970297029,0.6648690292758089,0.5708486907850666,0.5126353790613719,0.258096688502212,0.21840791200003296,0.690138293490366,0.10906426458970517,0.41906731004920567,0.3051780594193708,0.0017299732171886517,0.0017299732171886517,0.7193333333333334,0.6618684973465159,2.0545872568147874,0.6618684973465159,0.05042460374428793,0.1775544530733804,0.0,0.00019634852957253757,0.0019263217467611893,0.008805728654203537,-0.011316583036165256,-0.016541898092248264,-0.012660337908730668,-0.012399179138491756,-0.0167974996177378,-0.021566877845114685,-0.018704291366298614,-0.0199560696738037,0.0024774863938684527,0.0035072626478085955,0.002832497731300454,0.0017299732171886517,0.0017299732171886517,-0.008774242921176345,0.0013584134967943307,0.04349042107917178,0.0013584134967943307,4.075743024183065e-05,-0.0006987184325202012,0.0
mifal_controlled_degradation_v0,site_retention_50,site_retention,core,evaluated,20260613,observable_no_current_chla,validation,2,all,bloom_h,mifal_probability_bloom_calibrated,0.1111111111111111,True,1557,3158,0.4930335655478151,213,0.13680154142581888,678,0.43545279383429675,0.14229533443735015,811,533,68,145,0.21386430678466076,0.6807511737089202,0.6034226190476191,0.5275608082625627,0.4738562091503267,0.1969537142147864,0.19901398408880644,0.6502731667784484,0.1133894035244111,0.4261874573882043,0.3151528557591245,0.005493793011531273,0.005493793011531273,0.7199743095696853,0.6663762226217589,2.0537138596601747,0.6663762226217589,0.050912292610919924,0.17525911402566843,0.0,-0.00284380372934262,0.0026499892821886806,0.01999997559490474,-0.020129595654363647,-0.015393951007633078,-0.026684116322274187,-0.022759302942185866,-0.025168498261896932,-0.032520739424951955,-0.02091252369015159,-0.025149155260415057,0.00023610389613530625,0.001249386088208071,0.0015179336722190295,0.0054937930115313005,0.005493793011531245,-0.003584905123158233,0.0017338376339134376,0.016889467877752917,0.0017338376339134376,0.00013197274748750348,-0.0008760128487666496,0.0
mifal_controlled_degradation_v0,site_retention_50,site_retention,core,evaluated,20260613,observable_no_current_chla,validation,2,wqp,bloom_h,mifal_probability_bloom_calibrated,0.1111111111111111,True,1557,3158,0.4930335655478151,213,0.13680154142581888,678,0.43545279383429675,0.14229533443735015,811,533,68,145,0.21386430678466076,0.6807511737089202,0.6034226190476191,0.5275608082625627,0.4738562091503267,0.1969537142147864,0.19901398408880644,0.6502731667784484,0.1133894035244111,0.4261874573882043,0.3151528557591245,0.005493793011531273,0.005493793011531273,0.7199743095696853,0.6663762226217589,2.0537138596601747,0.6663762226217589,0.050912292610919924,0.17525911402566843,0.0,-0.00284380372934262,0.0026499892821886806,0.01999997559490474,-0.020129595654363647,-0.015393951007633078,-0.026684116322274187,-0.022759302942185866,-0.025168498261896932,-0.032520739424951955,-0.02091252369015159,-0.025149155260415057,0.00023610389613530625,0.001249386088208071,0.0015179336722190295,0.0054937930115313005,0.005493793011531245,-0.003584905123158233,0.0017338376339134376,0.016889467877752917,0.0017338376339134376,0.00013197274748750348,-0.0008760128487666496,0.0
mifal_controlled_degradation_v0,site_retention_50,site_retention,core,evaluated,20260613,observable_no_current_chla,validation,3,all,bloom_h,mifal_probability_bloom_calibrated,0.135593220338983,True,1566,3184,0.49183417085427134,223,0.14240102171136654,675,0.43103448275862066,0.14663937081659062,820,523,71,152,0.22518518518518518,0.6816143497757847,0.6105733432613552,0.5363196439715832,0.48500319081046583,0.20618716102305246,0.20056418122033143,0.6478952482395013,0.11714316172979079,0.42481378132087455,0.31668956059634445,0.004238349105224082,0.004238349105224082,0.719029374201788,0.6657877164539899,2.066780960559335,0.6657877164539899,0.0507267414350517,0.17553068729031598,0.0,-0.0011291290424023104,0.0031092200628217437,0.021800814416912118,-0.02116938120007958,-0.020792652412399137,-0.029323979804284694,-0.024755955775891625,-0.027612586896337055,-0.037900850927478635,-0.022710292737572413,-0.0298234718454905,0.0018624270391946057,-0.000325129419169623,0.00010709873278258453,0.004238349105224054,0.004238349105224054,-0.00270429413992046,0.002160249900595379,0.020014167761640334,0.002160249900595379,5.010338396004704e-05,-0.0011067083281305345,0.0
mifal_controlled_degradation_v0,site_retention_50,site_retention,core,evaluated,20260613,observable_no_current_chla,validation,3,wqp,bloom_h,mifal_probability_bloom_calibrated,0.135593220338983,True,1566,3184,0.49183417085427134,223,0.14240102171136654,675,0.43103448275862066,0.14663937081659062,820,523,71,152,0.22518518518518518,0.6816143497757847,0.6105733432613552,0.5363196439715832,0.48500319081046583,0.20618716102305246,0.20056418122033143,0.6478952482395013,0.11714316172979079,0.42481378132087455,0.31668956059634445,0.004238349105224082,0.004238349105224082,0.719029374201788,0.6657877164539899,2.066780960559335,0.6657877164539899,0.0507267414350517,0.17553068729031598,0.0,-0.0011291290424023104,0.0031092200628217437,0.021800814416912118,-0.02116938120007958,-0.020792652412399137,-0.029323979804284694,-0.024755955775891625,-0.027612586896337055,-0.037900850927478635,-0.022710292737572413,-0.0298234718454905,0.0018624270391946057,-0.000325129419169623,0.00010709873278258453,0.004238349105224054,0.004238349105224054,-0.00270429413992046,0.002160249900595379,0.020014167761640334,0.002160249900595379,5.010338396004704e-05,-0.0011067083281305345,0.0
mifal_controlled_degradation_v0,site_retention_50,site_retention,core,evaluated,20260614,observable_no_current_chla,test,1,all,bloom_h,mifal_probability_bloom_calibrated,0.1496598639455782,True,2274,4673,0.48662529424352663,456,0.20052770448548812,818,0.3597185576077397,0.12461738875226407,1320,498,136,320,0.39119804400978,0.7017543859649122,0.7260726072607261,0.6543539364902485,0.6056018168054504,0.35693587788265624,0.3816793828953197,0.737510373844402,0.14658906231401544,0.4698196232211369,0.348838622415173,-0.07591031573322406,0.07591031573322406,0.6627088830255057,0.6580881178200867,2.5109935772331786,0.6580881178200867,0.05386321703698139,0.18016976009689015,0.0,0.0182037156132433,0.004821274610511184,0.03316174185768617,0.006532251087106311,0.012787249814677493,-0.028180206138907482,-0.006097204325051231,0.010749769784777485,-0.007987745115365541,0.020908064107106383,-0.006276279601528656,0.012166684239602016,0.01774236639831428,0.02349331835998819,-0.013382441002732115,0.013382441002732115,-0.024429999919069578,-6.057784222257556e-05,0.13282287876235932,-6.057784222257556e-05,0.0006205095812714806,0.00015048737111181265,0.0
mifal_controlled_degradation_v0,site_retention_50,site_retention,core,evaluated,20260614,observable_no_current_chla,test,1,wqp,bloom_h,mifal_probability_bloom_calibrated,0.1496598639455782,True,2274,4673,0.48662529424352663,456,0.20052770448548812,818,0.3597185576077397,0.12461738875226407,1320,498,136,320,0.39119804400978,0.7017543859649122,0.7260726072607261,0.6543539364902485,0.6056018168054504,0.35693587788265624,0.3816793828953197,0.737510373844402,0.14658906231401544,0.4698196232211369,0.348838622415173,-0.07591031573322406,0.07591031573322406,0.6627088830255057,0.6580881178200867,2.5109935772331786,0.6580881178200867,0.05386321703698139,0.18016976009689015,0.0,0.0182037156132433,0.004821274610511184,0.03316174185768617,0.006532251087106311,0.012787249814677493,-0.028180206138907482,-0.006097204325051231,0.010749769784777485,-0.007987745115365541,0.020908064107106383,-0.006276279601528656,0.012166684239602016,0.01774236639831428,0.02349331835998819,-0.013382441002732115,0.013382441002732115,-0.024429999919069578,-6.057784222257556e-05,0.13282287876235932,-6.057784222257556e-05,0.0006205095812714806,0.00015048737111181265,0.0
mifal_controlled_degradation_v0,site_retention_50,site_retention,core,evaluated,20260614,observable_no_current_chla,test,2,all,bloom_h,mifal_probability_bloom_calibrated,0.1111111111111111,True,2288,4710,0.48577494692144374,457,0.19973776223776224,925,0.40428321678321677,0.1306206384166875,1235,596,128,329,0.35567567567567565,0.7199124726477024,0.6744948115783724,0.6247232736489456,0.5975299673083908,0.32131307998730096,0.3369829371488063,0.6891876711199175,0.15039376736651225,0.47485297064447696,0.3572163486603597,-0.06911712382107474,0.06911712382107474,0.6573426573426573,0.6622138489286052,2.495708445628944,0.6622138489286052,0.05387242956191287,0.1779908477265446,0.0,0.01651058601695546,0.00504598842136364,0.0418628346176117,-0.0022622270776928577,0.011917107641908675,-0.04060786583259712,-0.014625756428591319,0.005360942303545002,-0.019183755724187068,0.006258746832700834,-0.002769704282986285,0.011990727502867199,0.01778248237313501,0.0231324732523982,-0.011464597595591819,0.011464597595591819,-0.02503526197793715,0.00010880478646080327,0.1248773800150631,0.00010880478646080327,0.0005876397939546391,5.474333703608947e-05,0.0
mifal_controlled_degradation_v0,site_retention_50,site_retention,core,evaluated,20260614,observable_no_current_chla,test,2,wqp,bloom_h,mifal_probability_bloom_calibrated,0.1111111111111111,True,2288,4710,0.48577494692144374,457,0.19973776223776224,925,0.40428321678321677,0.1306206384166875,1235,596,128,329,0.35567567567567565,0.7199124726477024,0.6744948115783724,0.6247232736489456,0.5975299673083908,0.32131307998730096,0.3369829371488063,0.6891876711199175,0.15039376736651225,0.47485297064447696,0.3572163486603597,-0.06911712382107474,0.06911712382107474,0.6573426573426573,0.6622138489286052,2.495708445628944,0.6622138489286052,0.05387242956191287,0.1779908477265446,0.0,0.01651058601695546,0.00504598842136364,0.0418628346176117,-0.0022622270776928577,0.011917107641908675,-0.04060786583259712,-0.014625756428591319,0.005360942303545002,-0.019183755724187068,0.006258746832700834,-0.002769704282986285,0.011990727502867199,0.01778248237313501,0.0231324732523982,-0.011464597595591819,0.011464597595591819,-0.02503526197793715,0.00010880478646080327,0.1248773800150631,0.00010880478646080327,0.0005876397939546391,5.474333703608947e-05,0.0
mifal_controlled_degradation_v0,site_retention_50,site_retention,core,evaluated,20260614,observable_no_current_chla,test,3,all,bloom_h,mifal_probability_bloom_calibrated,0.135593220338983,True,2313,4757,0.48623081774227456,463,0.2001729355814959,926,0.4003458711629918,0.13687608077712152,1250,600,137,326,0.35205183585313177,0.7041036717062635,0.6756756756756757,0.6208612486163294,0.5867530597552195,0.31014442555810623,0.3392224073372482,0.7062308096433365,0.14900934084243936,0.4719434380410252,0.3567591823837735,-0.06329685480437439,0.06329685480437439,0.653264159100735,0.6620739912966158,2.512686599407671,0.6620739912966158,0.0539822484660124,0.17807625508081273,0.0,0.01455174575597562,0.0054755950433097444,0.03877345157081186,0.0043774172484806195,0.0268669786145308,-0.03470119577502129,-0.007079431563419392,0.017446129062150262,-0.0035252302360627152,0.017379864726775662,0.00040952876334032773,0.00916642958409869,0.016910370677145403,0.02296336974111679,-0.009076150712665876,0.009076150712665876,-0.027206725910826957,-8.460642702678989e-05,0.1259558543653032,-8.460642702678989e-05,0.0003984941457610136,0.000120529443239481,0.0
mifal_controlled_degradation_v0,site_retention_50,site_retention,core,evaluated,20260614,observable_no_current_chla,test,3,wqp,bloom_h,mifal_probability_bloom_calibrated,0.135593220338983,True,2313,4757,0.48623081774227456,463,0.2001729355814959,926,0.4003458711629918,0.13687608077712152,1250,600,137,326,0.35205183585313177,0.7041036717062635,0.6756756756756757,0.6208612486163294,0.5867530597552195,0.31014442555810623,0.3392224073372482,0.7062308096433365,0.14900934084243936,0.4719434380410252,0.3567591823837735,-0.06329685480437439,0.06329685480437439,0.653264159100735,0.6620739912966158,2.512686599407671,0.6620739912966158,0.0539822484660124,0.17807625508081273,0.0,0.01455174575597562,0.0054755950433097444,0.03877345157081186,0.0043774172484806195,0.0268669786145308,-0.03470119577502129,-0.007079431563419392,0.017446129062150262,-0.0035252302360627152,0.017379864726775662,0.00040952876334032773,0.00916642958409869,0.016910370677145403,0.02296336974111679,-0.009076150712665876,0.009076150712665876,-0.027206725910826957,-8.460642702678989e-05,0.1259558543653032,-8.460642702678989e-05,0.0003984941457610136,0.000120529443239481,0.0
mifal_controlled_degradation_v0,site_retention_50,site_retention,core,evaluated,20260614,observable_no_current_chla,validation,1,all,bloom_h,mifal_probability_bloom_calibrated,0.1496598639455782,True,1520,3049,0.49852410626434895,214,0.14078947368421052,580,0.3815789473684211,0.13559524370006884,877,429,63,151,0.2603448275862069,0.705607476635514,0.6715160796324655,0.5806482725517068,0.525766016713092,0.2700127127745603,0.23297449916790608,0.6979791329736228,0.11229975360006338,0.41371454018692216,0.2984027399995252,-0.0051942299841416795,0.0051942299841416795,0.7309210526315789,0.6614994279696967,2.02331697020087,0.6614994279696967,0.051470532111655413,0.1779490838461062,0.0,0.006319155547116401,0.0011249255629747212,0.005718009355957954,0.002927724619365746,-0.013904718486437151,-0.006013287552074087,-0.0025995973718515586,-0.0036668619660177315,-0.009650853572766405,-0.00413770419842549,-0.012115230190546944,0.005712975404226661,-0.0018455072144749063,-0.003942821688545151,-0.0051942299841416795,0.0051942299841416795,0.0028134763770691906,0.0009893441199751996,0.012220134465254606,0.0009893441199751996,0.0010866857976093158,-0.000304087659794422,0.0
mifal_controlled_degradation_v0,site_retention_50,site_retention,core,evaluated,20260614,observable_no_current_chla,validation,1,wqp,bloom_h,mifal_probability_bloom_calibrated,0.1496598639455782,True,1520,3049,0.49852410626434895,214,0.14078947368421052,580,0.3815789473684211,0.13559524370006884,877,429,63,151,0.2603448275862069,0.705607476635514,0.6715160796324655,0.5806482725517068,0.525766016713092,0.2700127127745603,0.23297449916790608,0.6979791329736228,0.11229975360006338,0.41371454018692216,0.2984027399995252,-0.0051942299841416795,0.0051942299841416795,0.7309210526315789,0.6614994279696967,2.02331697020087,0.6614994279696967,0.051470532111655413,0.1779490838461062,0.0,0.006319155547116401,0.0011249255629747212,0.005718009355957954,0.002927724619365746,-0.013904718486437151,-0.006013287552074087,-0.0025995973718515586,-0.0036668619660177315,-0.009650853572766405,-0.00413770419842549,-0.012115230190546944,0.005712975404226661,-0.0018455072144749063,-0.003942821688545151,-0.0051942299841416795,0.0051942299841416795,0.0028134763770691906,0.0009893441199751996,0.012220134465254606,0.0009893441199751996,0.0010866857976093158,-0.000304087659794422,0.0
mifal_controlled_degradation_v0,site_retention_50,site_retention,core,evaluated,20260614,observable_no_current_chla,validation,2,all,bloom_h,mifal_probability_bloom_calibrated,0.1111111111111111,True,1569,3158,0.4968334388853705,228,0.14531548757170173,675,0.43021032504780116,0.14146329966909196,822,519,72,156,0.2311111111111111,0.6842105263157895,0.6129753914988815,0.5405427099823853,0.4914933837429111,0.21153848666059916,0.2115397872032772,0.6546404228318746,0.11881636853608556,0.420801273826218,0.30740004787089664,-0.0038521879026097716,0.0038521879026097716,0.727214786488209,0.665728917868244,2.028827726476452,0.665728917868244,0.05169007810523394,0.17574866469194836,0.0,0.005670142416540236,0.001817954513930492,0.014757506808409149,-0.0028827913279133033,-0.01193459840076383,-0.017131343871011784,-0.009777401222363258,-0.0075313236693125285,-0.017935966979139212,-0.008386720575680823,-0.020781899206988808,0.005663068907809765,-0.004136797473778209,-0.006234874216008823,-0.003852187902609744,0.003852187902609744,0.0036555717953654643,0.0010865328803985053,-0.007996665305969763,0.0010865328803985053,0.0009097582418015199,-0.00038646218248672426,0.0
mifal_controlled_degradation_v0,site_retention_50,site_retention,core,evaluated,20260614,observable_no_current_chla,validation,2,wqp,bloom_h,mifal_probability_bloom_calibrated,0.1111111111111111,True,1569,3158,0.4968334388853705,228,0.14531548757170173,675,0.43021032504780116,0.14146329966909196,822,519,72,156,0.2311111111111111,0.6842105263157895,0.6129753914988815,0.5405427099823853,0.4914933837429111,0.21153848666059916,0.2115397872032772,0.6546404228318746,0.11881636853608556,0.420801273826218,0.30740004787089664,-0.0038521879026097716,0.0038521879026097716,0.727214786488209,0.665728917868244,2.028827726476452,0.665728917868244,0.05169007810523394,0.17574866469194836,0.0,0.005670142416540236,0.001817954513930492,0.014757506808409149,-0.0028827913279133033,-0.01193459840076383,-0.017131343871011784,-0.009777401222363258,-0.0075313236693125285,-0.017935966979139212,-0.008386720575680823,-0.020781899206988808,0.005663068907809765,-0.004136797473778209,-0.006234874216008823,-0.003852187902609744,0.003852187902609744,0.0036555717953654643,0.0010865328803985053,-0.007996665305969763,0.0010865328803985053,0.0009097582418015199,-0.00038646218248672426,0.0
mifal_controlled_degradation_v0,site_retention_50,site_retention,core,evaluated,20260614,observable_no_current_chla,validation,3,all,bloom_h,mifal_probability_bloom_calibrated,0.135593220338983,True,1584,3184,0.49748743718592964,238,0.15025252525252525,683,0.4311868686868687,0.146726238665484,830,516,71,167,0.2445095168374817,0.7016806722689075,0.6166419019316494,0.5507060445414733,0.5107033639143731,0.22967075567038212,0.2193301431956855,0.6629290646422017,0.12086378196388689,0.4198783879806406,0.30932355173347026,-0.0035262865870412385,0.0035262865870412385,0.726010101010101,0.6651252440188093,2.035479008348039,0.6651252440188093,0.05145959047675211,0.17601542968282108,0.0,0.0067223744987564005,0.003196087911715134,0.02195320034516013,-0.0018450495477830564,-0.0007263299192763473,-0.023255421133990484,-0.010369555206001468,-0.0019124137924297901,-0.014417256280148977,-0.00394433076221834,-0.014789655442790095,0.005583047273290703,-0.005260522759403585,-0.0072589101300916115,-0.0035262865870412663,0.003526286587041211,0.004276432668392505,0.0014977774654147957,-0.01128778444965528,0.0014977774654147957,0.0007829524256604548,-0.0006219659356254403,0.0
mifal_controlled_degradation_v0,site_retention_50,site_retention,core,evaluated,20260614,observable_no_current_chla,validation,3,wqp,bloom_h,mifal_probability_bloom_calibrated,0.135593220338983,True,1584,3184,0.49748743718592964,238,0.15025252525252525,683,0.4311868686868687,0.146726238665484,830,516,71,167,0.2445095168374817,0.7016806722689075,0.6166419019316494,0.5507060445414733,0.5107033639143731,0.22967075567038212,0.2193301431956855,0.6629290646422017,0.12086378196388689,0.4198783879806406,0.30932355173347026,-0.0035262865870412385,0.0035262865870412385,0.726010101010101,0.6651252440188093,2.035479008348039,0.6651252440188093,0.05145959047675211,0.17601542968282108,0.0,0.0067223744987564005,0.003196087911715134,0.02195320034516013,-0.0018450495477830564,-0.0007263299192763473,-0.023255421133990484,-0.010369555206001468,-0.0019124137924297901,-0.014417256280148977,-0.00394433076221834,-0.014789655442790095,0.005583047273290703,-0.005260522759403585,-0.0072589101300916115,-0.0035262865870412663,0.003526286587041211,0.004276432668392505,0.0014977774654147957,-0.01128778444965528,0.0014977774654147957,0.0007829524256604548,-0.0006219659356254403,0.0
mifal_controlled_degradation_v0,site_retention_75,site_retention,core,evaluated,20260612,observable_no_current_chla,test,1,all,bloom_h,mifal_probability_bloom_calibrated,0.1496598639455782,True,3517,4673,0.7526214423282688,606,0.17230594256468582,1101,0.31305089564970145,0.1174647265393705,2226,685,190,416,0.37783832879200724,0.6864686468646864,0.7646856750257643,0.6615736239508494,0.5900709219858156,0.3674010663256251,0.3434425622907954,0.7417372706009865,0.12822658492671282,0.44243972335639015,0.31422014308543195,-0.05484121602531532,0.05484121602531532,0.7025874324708559,0.6581295776852064,2.302112294623834,0.6581295776852064,0.05341020029079471,0.1800774676705743,0.0,-0.010018046307559009,-0.0023313876023823843,-0.013505920100352065,-0.006827464130666427,-0.0024984892855483,0.010432861626130774,0.0011224831355496345,-0.004781125034857392,0.0024774433276033014,-0.01732875649741794,-0.0020493828449441587,-0.006195793147700607,-0.00963753346643248,-0.011125160969752856,0.007686658705176624,-0.007686658705176624,0.015448549526280608,-1.911797710285601e-05,-0.07605840384698537,-1.911797710285601e-05,0.00016749283508480511,5.819494479597509e-05,0.0
mifal_controlled_degradation_v0,site_retention_75,site_retention,core,evaluated,20260612,observable_no_current_chla,test,1,wqp,bloom_h,mifal_probability_bloom_calibrated,0.1496598639455782,True,3517,4673,0.7526214423282688,606,0.17230594256468582,1101,0.31305089564970145,0.1174647265393705,2226,685,190,416,0.37783832879200724,0.6864686468646864,0.7646856750257643,0.6615736239508494,0.5900709219858156,0.3674010663256251,0.3434425622907954,0.7417372706009865,0.12822658492671282,0.44243972335639015,0.31422014308543195,-0.05484121602531532,0.05484121602531532,0.7025874324708559,0.6581295776852064,2.302112294623834,0.6581295776852064,0.05341020029079471,0.1800774676705743,0.0,-0.010018046307559009,-0.0023313876023823843,-0.013505920100352065,-0.006827464130666427,-0.0024984892855483,0.010432861626130774,0.0011224831355496345,-0.004781125034857392,0.0024774433276033014,-0.01732875649741794,-0.0020493828449441587,-0.006195793147700607,-0.00963753346643248,-0.011125160969752856,0.007686658705176624,-0.007686658705176624,0.015448549526280608,-1.911797710285601e-05,-0.07605840384698537,-1.911797710285601e-05,0.00016749283508480511,5.819494479597509e-05,0.0
mifal_controlled_degradation_v0,site_retention_75,site_retention,core,evaluated,20260612,observable_no_current_chla,test,2,all,bloom_h,mifal_probability_bloom_calibrated,0.1111111111111111,True,3543,4710,0.7522292993630574,619,0.1747106971493085,1238,0.349421394298617,0.12350025353223221,2124,800,181,438,0.35379644588045234,0.7075928917609047,0.7264021887824897,0.642060510678764,0.5896607431340872,0.3456392293442811,0.32334821981984513,0.6932071829370439,0.13258930076089792,0.4478646455220525,0.3234454056282902,-0.0512104436170763,0.0512104436170763,0.6968670618120237,0.6620064664917565,2.3018798200822697,0.6620064664917565,0.05344452710901348,0.17803313249690583,0.0,-0.008516479071498273,-0.0020743964630916545,-0.012998987866988054,-0.004141456872916172,-0.00040247324488906777,0.011299511371520188,0.0027114806012270565,-0.0025082818707585774,0.005142393632793063,-0.00737597049626032,0.0012498075341400572,-0.005813739102747129,-0.009205842749289428,-0.010638469779671256,0.0064420826084066185,-0.0064420826084066185,0.014489142491429297,-9.857765038789879e-05,-0.06895124553161125,-9.857765038789879e-05,0.00015973734105524662,9.702810739731227e-05,0.0
mifal_controlled_degradation_v0,site_retention_75,site_retention,core,evaluated,20260612,observable_no_current_chla,test,2,wqp,bloom_h,mifal_probability_bloom_calibrated,0.1111111111111111,True,3543,4710,0.7522292993630574,619,0.1747106971493085,1238,0.349421394298617,0.12350025353223221,2124,800,181,438,0.35379644588045234,0.7075928917609047,0.7264021887824897,0.642060510678764,0.5896607431340872,0.3456392293442811,0.32334821981984513,0.6932071829370439,0.13258930076089792,0.4478646455220525,0.3234454056282902,-0.0512104436170763,0.0512104436170763,0.6968670618120237,0.6620064664917565,2.3018798200822697,0.6620064664917565,0.05344452710901348,0.17803313249690583,0.0,-0.008516479071498273,-0.0020743964630916545,-0.012998987866988054,-0.004141456872916172,-0.00040247324488906777,0.011299511371520188,0.0027114806012270565,-0.0025082818707585774,0.005142393632793063,-0.00737597049626032,0.0012498075341400572,-0.005813739102747129,-0.009205842749289428,-0.010638469779671256,0.0064420826084066185,-0.0064420826084066185,0.014489142491429297,-9.857765038789879e-05,-0.06895124553161125,-9.857765038789879e-05,0.00015973734105524662,9.702810739731227e-05,0.0
mifal_controlled_degradation_v0,site_retention_75,site_retention,core,evaluated,20260612,observable_no_current_chla,test,3,all,bloom_h,mifal_probability_bloom_calibrated,0.135593220338983,True,3577,4757,0.751944502837923,635,0.1775230640201286,1249,0.34917528655297736,0.12923533916872382,2116,826,212,423,0.3386709367493995,0.6661417322834645,0.7192386131883073,0.6260403195590954,0.5581947743467932,0.30890508069179295,0.30866571594985576,0.7036787337340821,0.13480846619612358,0.44686618666420463,0.3244350697816383,-0.048287724851404784,0.048287724851404784,0.6947162426614482,0.662204046042064,2.3185099375203406,0.662204046042064,0.053806265014660626,0.17798814468238747,0.0,-0.008098125805391682,-0.0021651465650879553,-0.01239713303920259,-0.009003481855251627,-0.011094960808268217,0.00886174173761034,-0.0019003606206533519,-0.011112156346276048,-0.00476457510237599,-0.013176826660616758,-0.0021425471459141088,-0.005034445062217091,-0.008166880699675139,-0.009360742861018456,0.005932979240303726,-0.005932979240303726,0.014245357649886214,4.544831842134833e-05,-0.0682208075220272,4.544831842134833e-05,0.0002225106944092406,3.241904481421365e-05,0.0
mifal_controlled_degradation_v0,site_retention_75,site_retention,core,evaluated,20260612,observable_no_current_chla,test,3,wqp,bloom_h,mifal_probability_bloom_calibrated,0.135593220338983,True,3577,4757,0.751944502837923,635,0.1775230640201286,1249,0.34917528655297736,0.12923533916872382,2116,826,212,423,0.3386709367493995,0.6661417322834645,0.7192386131883073,0.6260403195590954,0.5581947743467932,0.30890508069179295,0.30866571594985576,0.7036787337340821,0.13480846619612358,0.44686618666420463,0.3244350697816383,-0.048287724851404784,0.048287724851404784,0.6947162426614482,0.662204046042064,2.3185099375203406,0.662204046042064,0.053806265014660626,0.17798814468238747,0.0,-0.008098125805391682,-0.0021651465650879553,-0.01239713303920259,-0.009003481855251627,-0.011094960808268217,0.00886174173761034,-0.0019003606206533519,-0.011112156346276048,-0.00476457510237599,-0.013176826660616758,-0.0021425471459141088,-0.005034445062217091,-0.008166880699675139,-0.009360742861018456,0.005932979240303726,-0.005932979240303726,0.014245357649886214,4.544831842134833e-05,-0.0682208075220272,4.544831842134833e-05,0.0002225106944092406,3.241904481421365e-05,0.0
mifal_controlled_degradation_v0,site_retention_75,site_retention,core,evaluated,20260612,observable_no_current_chla,validation,1,all,bloom_h,mifal_probability_bloom_calibrated,0.1496598639455782,True,2261,3049,0.741554608068219,318,0.14064573197700134,892,0.39451570101724903,0.1381838756830938,1275,668,94,224,0.25112107623318386,0.7044025157232704,0.656201749871333,0.5700877350580907,0.5175600739371534,0.256505492337258,0.22952025444268973,0.6894884717596145,0.11239968864968333,0.42839356588840644,0.3157792492457844,-0.0024618562939075495,0.0024618562939075495,0.7054400707651481,0.6603981008254401,2.1052190979999943,0.6603981008254401,0.05169823568689224,0.1785474772530009,0.0,0.006175413839907218,0.0037135575459996684,0.018654763004785913,-0.006296026733657312,-0.015109679398680798,-0.021327617313206648,-0.013160134865467632,-0.011872804741956289,-0.023158074010068697,-0.007591948923641845,-0.020605891404555265,0.0058129104538466175,0.012833518487009365,0.013433687557714014,-0.0024618562939075495,0.0024618562939075495,-0.022667505489361583,-0.0001119830242813924,0.0941222622643787,-0.0001119830242813924,0.001314389372846142,0.000294305747100293,0.0
mifal_controlled_degradation_v0,site_retention_75,site_retention,core,evaluated,20260612,observable_no_current_chla,validation,1,wqp,bloom_h,mifal_probability_bloom_calibrated,0.1496598639455782,True,2261,3049,0.741554608068219,318,0.14064573197700134,892,0.39451570101724903,0.1381838756830938,1275,668,94,224,0.25112107623318386,0.7044025157232704,0.656201749871333,0.5700877350580907,0.5175600739371534,0.256505492337258,0.22952025444268973,0.6894884717596145,0.11239968864968333,0.42839356588840644,0.3157792492457844,-0.0024618562939075495,0.0024618562939075495,0.7054400707651481,0.6603981008254401,2.1052190979999943,0.6603981008254401,0.05169823568689224,0.1785474772530009,0.0,0.006175413839907218,0.0037135575459996684,0.018654763004785913,-0.006296026733657312,-0.015109679398680798,-0.021327617313206648,-0.013160134865467632,-0.011872804741956289,-0.023158074010068697,-0.007591948923641845,-0.020605891404555265,0.0058129104538466175,0.012833518487009365,0.013433687557714014,-0.0024618562939075495,0.0024618562939075495,-0.022667505489361583,-0.0001119830242813924,0.0941222622643787,-0.0001119830242813924,0.001314389372846142,0.000294305747100293,0.0
mifal_controlled_degradation_v0,site_retention_75,site_retention,core,evaluated,20260612,observable_no_current_chla,validation,2,all,bloom_h,mifal_probability_bloom_calibrated,0.1111111111111111,True,2336,3158,0.7397086763774541,341,0.14597602739726026,996,0.4263698630136986,0.14255484668860663,1227,768,113,228,0.2289156626506024,0.6686217008797654,0.6150375939849624,0.5384470816199978,0.4830508474576271,0.20251798148389039,0.21390711393378964,0.6521950036381275,0.11903196440442523,0.438196469887932,0.32674940993093926,-0.0034211807086536317,0.0034211807086536317,0.699486301369863,0.6647870996227931,2.1361870499786733,0.6647870996227931,0.052171423507484785,0.17630893034676426,0.0,0.006330682242098762,0.002909501533445158,0.010917044774306606,-0.0050782397884220065,-0.027523423836787964,-0.015069141384930873,-0.011873029584750783,-0.015973859954596548,-0.026956472155847983,-0.0060193938451683915,-0.023227318400735886,0.005878664776149442,0.01325839858793576,0.013114487844033795,-0.003421180708653604,0.003421180708653604,-0.02407291332298056,0.00014471463494769576,0.09936265819625145,0.00014471463494769576,0.0013911036440523647,0.00017380347232917592,0.0
mifal_controlled_degradation_v0,site_retention_75,site_retention,core,evaluated,20260612,observable_no_current_chla,validation,2,wqp,bloom_h,mifal_probability_bloom_calibrated,0.1111111111111111,True,2336,3158,0.7397086763774541,341,0.14597602739726026,996,0.4263698630136986,0.14255484668860663,1227,768,113,228,0.2289156626506024,0.6686217008797654,0.6150375939849624,0.5384470816199978,0.4830508474576271,0.20251798148389039,0.21390711393378964,0.6521950036381275,0.11903196440442523,0.438196469887932,0.32674940993093926,-0.0034211807086536317,0.0034211807086536317,0.699486301369863,0.6647870996227931,2.1361870499786733,0.6647870996227931,0.052171423507484785,0.17630893034676426,0.0,0.006330682242098762,0.002909501533445158,0.010917044774306606,-0.0050782397884220065,-0.027523423836787964,-0.015069141384930873,-0.011873029584750783,-0.015973859954596548,-0.026956472155847983,-0.0060193938451683915,-0.023227318400735886,0.005878664776149442,0.01325839858793576,0.013114487844033795,-0.003421180708653604,0.003421180708653604,-0.02407291332298056,0.00014471463494769576,0.09936265819625145,0.00014471463494769576,0.0013911036440523647,0.00017380347232917592,0.0
mifal_controlled_degradation_v0,site_retention_75,site_retention,core,evaluated,20260612,observable_no_current_chla,validation,3,all,bloom_h,mifal_probability_bloom_calibrated,0.135593220338983,True,2354,3184,0.739321608040201,350,0.14868309260832624,983,0.4175870858113849,0.14590299713063334,1263,741,108,242,0.2461851475076297,0.6914285714285714,0.6302395209580839,0.5557676085688089,0.507763323541754,0.23205737646540622,0.21863733719151326,0.6627908468776733,0.11979747902113193,0.43748700240618216,0.32866328296029235,-0.0027800954776928954,0.0027800954776928954,0.6992353440951572,0.6639021415591275,2.135447769825729,0.6639021415591275,0.052021903803736065,0.17673801110321397,0.0,0.005152941854557391,0.002372846376864468,0.008353417469676327,-0.00016941887763505248,-0.010978430759612468,-0.009657802107555957,-0.005307991178665872,-0.0048524541650488695,-0.012030635485124869,-0.004637136766390576,-0.014927873207318476,0.004516744330535741,0.012348091666137984,0.012080821096730476,-0.002780095477692923,0.0027800954776928677,-0.022498324246551293,0.00027467500573297166,0.08868097702803457,0.00027467500573297166,0.0013452657526444103,0.00010061548476744675,0.0
mifal_controlled_degradation_v0,site_retention_75,site_retention,core,evaluated,20260612,observable_no_current_chla,validation,3,wqp,bloom_h,mifal_probability_bloom_calibrated,0.135593220338983,True,2354,3184,0.739321608040201,350,0.14868309260832624,983,0.4175870858113849,0.14590299713063334,1263,741,108,242,0.2461851475076297,0.6914285714285714,0.6302395209580839,0.5557676085688089,0.507763323541754,0.23205737646540622,0.21863733719151326,0.6627908468776733,0.11979747902113193,0.43748700240618216,0.32866328296029235,-0.0027800954776928954,0.0027800954776928954,0.6992353440951572,0.6639021415591275,2.135447769825729,0.6639021415591275,0.052021903803736065,0.17673801110321397,0.0,0.005152941854557391,0.002372846376864468,0.008353417469676327,-0.00016941887763505248,-0.010978430759612468,-0.009657802107555957,-0.005307991178665872,-0.0048524541650488695,-0.012030635485124869,-0.004637136766390576,-0.014927873207318476,0.004516744330535741,0.012348091666137984,0.012080821096730476,-0.002780095477692923,0.0027800954776928677,-0.022498324246551293,0.00027467500573297166,0.08868097702803457,0.00027467500573297166,0.0013452657526444103,0.00010061548476744675,0.0
mifal_controlled_degradation_v0,site_retention_75,site_retention,core,evaluated,20260613,observable_no_current_chla,test,1,all,bloom_h,mifal_probability_bloom_calibrated,0.1496598639455782,True,3628,4673,0.7763749197517654,647,0.17833517089305403,1146,0.3158765159867696,0.11841319156630933,2264,717,218,429,0.3743455497382199,0.6630602782071098,0.7594766856759476,0.6536881126687173,0.574450990894483,0.3479402236922312,0.34047646947477805,0.7324020704026065,0.13352409738601,0.44813656462839124,0.3199817901179967,-0.0599219793267447,0.0599219793267447,0.6959757442116868,0.6578590087644749,2.338118063910564,0.6578590087644749,0.0529902849828432,0.18012851294033908,0.0,-0.00398881797919079,-0.0013829225754435487,-0.01068029976328394,-0.010320243184453792,-0.025906857943124972,0.0052238722763140455,-0.006763028146582473,-0.02040105612618992,-0.01698339930579057,-0.02029484931343528,-0.011384583043324126,-0.0008982806884034189,-0.003940692194431383,-0.005363513937188091,0.002605895403747241,-0.002605895403747241,0.008836861267111584,-0.0002896868978343736,-0.04005263456025521,-0.0002896868978343736,-0.00025242247286670627,0.00010924021456074073,0.0
mifal_controlled_degradation_v0,site_retention_75,site_retention,core,evaluated,20260613,observable_no_current_chla,test,1,wqp,bloom_h,mifal_probability_bloom_calibrated,0.1496598639455782,True,3628,4673,0.7763749197517654,647,0.17833517089305403,1146,0.3158765159867696,0.11841319156630933,2264,717,218,429,0.3743455497382199,0.6630602782071098,0.7594766856759476,0.6536881126687173,0.574450990894483,0.3479402236922312,0.34047646947477805,0.7324020704026065,0.13352409738601,0.44813656462839124,0.3199817901179967,-0.0599219793267447,0.0599219793267447,0.6959757442116868,0.6578590087644749,2.338118063910564,0.6578590087644749,0.0529902849828432,0.18012851294033908,0.0,-0.00398881797919079,-0.0013829225754435487,-0.01068029976328394,-0.010320243184453792,-0.025906857943124972,0.0052238722763140455,-0.006763028146582473,-0.02040105612618992,-0.01698339930579057,-0.02029484931343528,-0.011384583043324126,-0.0008982806884034189,-0.003940692194431383,-0.005363513937188091,0.002605895403747241,-0.002605895403747241,0.008836861267111584,-0.0002896868978343736,-0.04005263456025521,-0.0002896868978343736,-0.00025242247286670627,0.00010924021456074073,0.0
mifal_controlled_degradation_v0,site_retention_75,site_retention,core,evaluated,20260613,observable_no_current_chla,test,2,all,bloom_h,mifal_probability_bloom_calibrated,0.1111111111111111,True,3660,4710,0.7770700636942676,649,0.1773224043715847,1288,0.3519125683060109,0.12435138352459828,2170,841,202,447,0.3470496894409938,0.6887519260400616,0.7206908003985387,0.633890167050115,0.5754376930998971,0.3274580058811964,0.30731422544765963,0.6754189440976307,0.1359254587086442,0.4524727279963837,0.32852395642871923,-0.05297102084698642,0.05297102084698642,0.6926229508196722,0.6617143369601796,2.3235533603021907,0.6617143369601796,0.0530243034230095,0.17809565763882576,0.0,-0.005904771849222085,-0.0012232664707255841,-0.01050781385959415,-0.010888213312374717,-0.019243438965732107,0.005588122987569166,-0.005458863027421934,-0.016731331904948687,-0.013038829830291643,-0.02340996486844582,-0.016538431305273105,-0.002477581155000852,-0.004597760274958229,-0.00555991897924224,0.0046815053784965005,-0.0046815053784965005,0.01024503149907774,-0.00039070718196487775,-0.04727770531169018,-0.00039070718196487775,-0.0002604863449487335,0.00015955324931724024,0.0
mifal_controlled_degradation_v0,site_retention_75,site_retention,core,evaluated,20260613,observable_no_current_chla,test,2,wqp,bloom_h,mifal_probability_bloom_calibrated,0.1111111111111111,True,3660,4710,0.7770700636942676,649,0.1773224043715847,1288,0.3519125683060109,0.12435138352459828,2170,841,202,447,0.3470496894409938,0.6887519260400616,0.7206908003985387,0.633890167050115,0.5754376930998971,0.3274580058811964,0.30731422544765963,0.6754189440976307,0.1359254587086442,0.4524727279963837,0.32852395642871923,-0.05297102084698642,0.05297102084698642,0.6926229508196722,0.6617143369601796,2.3235533603021907,0.6617143369601796,0.0530243034230095,0.17809565763882576,0.0,-0.005904771849222085,-0.0012232664707255841,-0.01050781385959415,-0.010888213312374717,-0.019243438965732107,0.005588122987569166,-0.005458863027421934,-0.016731331904948687,-0.013038829830291643,-0.02340996486844582,-0.016538431305273105,-0.002477581155000852,-0.004597760274958229,-0.00555991897924224,0.0046815053784965005,-0.0046815053784965005,0.01024503149907774,-0.00039070718196487775,-0.04727770531169018,-0.00039070718196487775,-0.0002604863449487335,0.00015955324931724024,0.0
mifal_controlled_degradation_v0,site_retention_75,site_retention,core,evaluated,20260613,observable_no_current_chla,test,3,all,bloom_h,mifal_probability_bloom_calibrated,0.135593220338983,True,3699,4757,0.7775909186462056,665,0.17977831846444986,1304,0.3525277101919438,0.13001838643797017,2171,863,224,441,0.33819018404907975,0.6631578947368421,0.7155570204350692,0.6238610415763733,0.5562563067608477,0.3043963677541241,0.30663682227167743,0.6993846679982751,0.13680518555720117,0.4506217617313083,0.3286285691836532,-0.049759932026479686,0.049759932026479686,0.6901865369018654,0.6618514008168106,2.3381646967491383,0.6618514008168106,0.05341653078693763,0.17808795749361303,0.0,-0.005842871361070423,-0.001382099295841599,-0.009044709400236162,-0.009484234555571402,-0.014078798354890676,0.005180148984372246,-0.004079638603375457,-0.013050623932221561,-0.009273288040044847,-0.015205720338795081,-0.006436612881721038,-0.0030377257011394987,-0.004411305632571472,-0.005167243459003545,0.004460772065228824,-0.004460772065228824,0.009715651890303434,-0.00030719690683200795,-0.048566048293229525,-0.00030719690683200795,-0.00016722353331375533,0.00013223185603977727,0.0
mifal_controlled_degradation_v0,site_retention_75,site_retention,core,evaluated,20260613,observable_no_current_chla,test,3,wqp,bloom_h,mifal_probability_bloom_calibrated,0.135593220338983,True,3699,4757,0.7775909186462056,665,0.17977831846444986,1304,0.3525277101919438,0.13001838643797017,2171,863,224,441,0.33819018404907975,0.6631578947368421,0.7155570204350692,0.6238610415763733,0.5562563067608477,0.3043963677541241,0.30663682227167743,0.6993846679982751,0.13680518555720117,0.4506217617313083,0.3286285691836532,-0.049759932026479686,0.049759932026479686,0.6901865369018654,0.6618514008168106,2.3381646967491383,0.6618514008168106,0.05341653078693763,0.17808795749361303,0.0,-0.005842871361070423,-0.001382099295841599,-0.009044709400236162,-0.009484234555571402,-0.014078798354890676,0.005180148984372246,-0.004079638603375457,-0.013050623932221561,-0.009273288040044847,-0.015205720338795081,-0.006436612881721038,-0.0030377257011394987,-0.004411305632571472,-0.005167243459003545,0.004460772065228824,-0.004460772065228824,0.009715651890303434,-0.00030719690683200795,-0.048566048293229525,-0.00030719690683200795,-0.00016722353331375533,0.00013223185603977727,0.0
mifal_controlled_degradation_v0,site_retention_75,site_retention,core,evaluated,20260613,observable_no_current_chla,validation,1,all,bloom_h,mifal_probability_bloom_calibrated,0.1496598639455782,True,2244,3049,0.7359790095113152,308,0.13725490196078433,800,0.35650623885918004,0.13063723011914527,1352,584,92,216,0.27,0.7012987012987013,0.6983471074380165,0.5949458483754513,0.5314960629921259,0.2871274456027276,0.2424005341146208,0.7079188244606632,0.10823045397682433,0.41581081387155455,0.30091418732125885,-0.006617671841639056,0.006617671841639056,0.7335115864527629,0.6596493384509469,2.0048286884833093,0.6596493384509469,0.050091295286487064,0.17865919354678195,0.0,0.0027845838236902065,-0.003833088017948849,-0.019354699153283084,0.012582897033158846,-0.018213493823249882,0.020817740253476935,0.01169797845189291,0.0020631843130162197,0.007463879255400929,0.005288330748289244,-0.0021755387035065077,0.001643675780987619,0.0002507664701574819,-0.0014313743668115109,-0.006617671841639056,0.006617671841639056,0.005404010198253206,-0.000860745398774676,-0.006268147252306289,-0.000860745398774676,-0.00029255102755903345,0.000406022040881332,0.0
mifal_controlled_degradation_v0,site_retention_75,site_retention,core,evaluated,20260613,observable_no_current_chla,validation,1,wqp,bloom_h,mifal_probability_bloom_calibrated,0.1496598639455782,True,2244,3049,0.7359790095113152,308,0.13725490196078433,800,0.35650623885918004,0.13063723011914527,1352,584,92,216,0.27,0.7012987012987013,0.6983471074380165,0.5949458483754513,0.5314960629921259,0.2871274456027276,0.2424005341146208,0.7079188244606632,0.10823045397682433,0.41581081387155455,0.30091418732125885,-0.006617671841639056,0.006617671841639056,0.7335115864527629,0.6596493384509469,2.0048286884833093,0.6596493384509469,0.050091295286487064,0.17865919354678195,0.0,0.0027845838236902065,-0.003833088017948849,-0.019354699153283084,0.012582897033158846,-0.018213493823249882,0.020817740253476935,0.01169797845189291,0.0020631843130162197,0.007463879255400929,0.005288330748289244,-0.0021755387035065077,0.001643675780987619,0.0002507664701574819,-0.0014313743668115109,-0.006617671841639056,0.006617671841639056,0.005404010198253206,-0.000860745398774676,-0.006268147252306289,-0.000860745398774676,-0.00029255102755903345,0.000406022040881332,0.0
mifal_controlled_degradation_v0,site_retention_75,site_retention,core,evaluated,20260613,observable_no_current_chla,validation,2,all,bloom_h,mifal_probability_bloom_calibrated,0.1111111111111111,True,2320,3158,0.7346421785940469,328,0.1413793103448276,916,0.39482758620689656,0.1360234196271929,1303,689,101,227,0.24781659388646288,0.6920731707317073,0.6541164658634538,0.5661625744681658,0.5094254937163375,0.2467540906260616,0.2304637678115554,0.6846968667352336,0.11340196927155732,0.42488647642492766,0.31239781624912655,-0.005355890717634704,0.005355890717634704,0.728448275862069,0.6635799482939374,2.0251775071265046,0.6635799482939374,0.05053332613270795,0.17665287215734612,0.0,0.0017339651896660924,-0.0036219255279685836,-0.020625232032495444,0.013822691447438473,-0.004071953984846055,0.024009730493560588,0.015842463263417206,0.01040078630411384,0.017279636986323232,0.010537260032597362,0.009274544696370124,0.0002486696432815322,-5.159487506856131e-05,-0.001237105837778918,-0.005355890717634676,0.005355890717634676,0.004889061169225384,-0.001062436693908042,-0.011646884655917233,-0.001062436693908042,-0.00024699373072446795,0.0005177452829110418,0.0
mifal_controlled_degradation_v0,site_retention_75,site_retention,core,evaluated,20260613,observable_no_current_chla,validation,2,wqp,bloom_h,mifal_probability_bloom_calibrated,0.1111111111111111,True,2320,3158,0.7346421785940469,328,0.1413793103448276,916,0.39482758620689656,0.1360234196271929,1303,689,101,227,0.24781659388646288,0.6920731707317073,0.6541164658634538,0.5661625744681658,0.5094254937163375,0.2467540906260616,0.2304637678115554,0.6846968667352336,0.11340196927155732,0.42488647642492766,0.31239781624912655,-0.005355890717634704,0.005355890717634704,0.728448275862069,0.6635799482939374,2.0251775071265046,0.6635799482939374,0.05053332613270795,0.17665287215734612,0.0,0.0017339651896660924,-0.0036219255279685836,-0.020625232032495444,0.013822691447438473,-0.004071953984846055,0.024009730493560588,0.015842463263417206,0.01040078630411384,0.017279636986323232,0.010537260032597362,0.009274544696370124,0.0002486696432815322,-5.159487506856131e-05,-0.001237105837778918,-0.005355890717634676,0.005355890717634676,0.004889061169225384,-0.001062436693908042,-0.011646884655917233,-0.001062436693908042,-0.00024699373072446795,0.0005177452829110418,0.0
mifal_controlled_degradation_v0,site_retention_75,site_retention,core,evaluated,20260613,observable_no_current_chla,validation,3,all,bloom_h,mifal_probability_bloom_calibrated,0.135593220338983,True,2337,3184,0.7339824120603015,342,0.14634146341463414,908,0.38853230637569536,0.13970610360919314,1324,671,105,237,0.2610132158590308,0.6929824561403509,0.6636591478696742,0.5762822429906542,0.5206502636203866,0.2586172377586896,0.23677149440651307,0.6871154494423192,0.11616110899484153,0.4254836712534732,0.3153508886811375,-0.006635359805440999,0.006635359805440999,0.7252888318356868,0.6623797130917048,2.036397884319304,0.6623797130917048,0.050484602261499555,0.17725877685913224,0.0,0.0028113126608652894,-0.0038240471445757374,-0.020701361966013188,0.01465864947376605,-0.009424546047832938,0.023761824804034326,0.01520664324317944,0.008034485913583689,0.014529225808158519,0.013497020448609232,0.009396729357327382,0.0008803743042453405,0.00034476051342902103,-0.0012315731824243947,-0.006635359805441027,0.006635359805440971,0.0035551634939783305,-0.0012477534616897046,-0.010368908478390448,-0.0012477534616897046,-0.00019203578959210016,0.0006213812406857255,0.0
mifal_controlled_degradation_v0,site_retention_75,site_retention,core,evaluated,20260613,observable_no_current_chla,validation,3,wqp,bloom_h,mifal_probability_bloom_calibrated,0.135593220338983,True,2337,3184,0.7339824120603015,342,0.14634146341463414,908,0.38853230637569536,0.13970610360919314,1324,671,105,237,0.2610132158590308,0.6929824561403509,0.6636591478696742,0.5762822429906542,0.5206502636203866,0.2586172377586896,0.23677149440651307,0.6871154494423192,0.11616110899484153,0.4254836712534732,0.3153508886811375,-0.006635359805440999,0.006635359805440999,0.7252888318356868,0.6623797130917048,2.036397884319304,0.6623797130917048,0.050484602261499555,0.17725877685913224,0.0,0.0028113126608652894,-0.0038240471445757374,-0.020701361966013188,0.01465864947376605,-0.009424546047832938,0.023761824804034326,0.01520664324317944,0.008034485913583689,0.014529225808158519,0.013497020448609232,0.009396729357327382,0.0008803743042453405,0.00034476051342902103,-0.0012315731824243947,-0.006635359805441027,0.006635359805440971,0.0035551634939783305,-0.0012477534616897046,-0.010368908478390448,-0.0012477534616897046,-0.00019203578959210016,0.0006213812406857255,0.0
mifal_controlled_degradation_v0,site_retention_75,site_retention,core,evaluated,20260614,observable_no_current_chla,test,1,all,bloom_h,mifal_probability_bloom_calibrated,0.1496598639455782,True,3540,4673,0.757543334046651,635,0.17937853107344634,1140,0.3220338983050847,0.11921033678617801,2196,709,204,431,0.3780701754385965,0.6787401574803149,0.7559380378657488,0.6567660060267353,0.5855978260869564,0.3569190594089974,0.3571533450518096,0.740568663856777,0.13251862353844157,0.4498724257835982,0.32287327374190444,-0.06016819428726833,0.06016819428726833,0.6909604519774011,0.6579371399039051,2.361264879957375,0.6579371399039051,0.05343733213252841,0.18017988169300703,0.0,-0.0029454577987984842,-0.0005857773555748708,-0.004522917444968799,-0.006595617484077165,-0.01022697866991984,0.0016852244661151872,-0.0036851347885644703,-0.009254220933716528,-0.008004563589024405,-0.0036179737364037123,-0.003217989589153647,-0.0019037545359718577,-0.0022048310392244197,-0.00247203031328036,0.0023596804432236135,-0.0023596804432236135,0.0038215690328258223,-0.0002115557584041472,-0.016905818513444082,-0.0002115557584041472,0.00019462467681850143,0.00016060896722869256,0.0
mifal_controlled_degradation_v0,site_retention_75,site_retention,core,evaluated,20260614,observable_no_current_chla,test,1,wqp,bloom_h,mifal_probability_bloom_calibrated,0.1496598639455782,True,3540,4673,0.757543334046651,635,0.17937853107344634,1140,0.3220338983050847,0.11921033678617801,2196,709,204,431,0.3780701754385965,0.6787401574803149,0.7559380378657488,0.6567660060267353,0.5855978260869564,0.3569190594089974,0.3571533450518096,0.740568663856777,0.13251862353844157,0.4498724257835982,0.32287327374190444,-0.06016819428726833,0.06016819428726833,0.6909604519774011,0.6579371399039051,2.361264879957375,0.6579371399039051,0.05343733213252841,0.18017988169300703,0.0,-0.0029454577987984842,-0.0005857773555748708,-0.004522917444968799,-0.006595617484077165,-0.01022697866991984,0.0016852244661151872,-0.0036851347885644703,-0.009254220933716528,-0.008004563589024405,-0.0036179737364037123,-0.003217989589153647,-0.0019037545359718577,-0.0022048310392244197,-0.00247203031328036,0.0023596804432236135,-0.0023596804432236135,0.0038215690328258223,-0.0002115557584041472,-0.016905818513444082,-0.0002115557584041472,0.00019462467681850143,0.00016060896722869256,0.0
mifal_controlled_degradation_v0,site_retention_75,site_retention,core,evaluated,20260614,observable_no_current_chla,test,2,all,bloom_h,mifal_probability_bloom_calibrated,0.1111111111111111,True,3566,4710,0.7571125265392782,643,0.1803140773976444,1269,0.3558609085810432,0.12468982647425547,2096,827,201,442,0.3483057525610717,0.687402799377916,0.7170715018816285,0.6327041151669632,0.5753709971361625,0.32478765898769896,0.3223504732172683,0.6772042826534235,0.13696692928787046,0.45550662674980125,0.3326751036121819,-0.055624250923388935,0.055624250923388935,0.6876051598429613,0.6618633543532373,2.3515715250307325,0.6618633543532373,0.05346819273669232,0.17811030431684813,0.0,-0.0029130988231623745,-0.0008848235210683897,-0.006559473584561881,-0.009632150192296796,-0.0205925656278777,0.0019688244706589364,-0.006644914910573729,-0.01679802786868334,-0.015709176723789076,-0.008373717098837163,-0.014753092749480334,-0.0014361105757745851,-0.0015638615215406992,-0.0014087717957795842,0.0020282753020939848,-0.0020282753020939848,0.005227240522366894,-0.0002416897889071512,-0.019259540583148382,-0.0002416897889071512,0.00018340296873409212,0.00017419992733960776,0.0
mifal_controlled_degradation_v0,site_retention_75,site_retention,core,evaluated,20260614,observable_no_current_chla,test,2,wqp,bloom_h,mifal_probability_bloom_calibrated,0.1111111111111111,True,3566,4710,0.7571125265392782,643,0.1803140773976444,1269,0.3558609085810432,0.12468982647425547,2096,827,201,442,0.3483057525610717,0.687402799377916,0.7170715018816285,0.6327041151669632,0.5753709971361625,0.32478765898769896,0.3223504732172683,0.6772042826534235,0.13696692928787046,0.45550662674980125,0.3326751036121819,-0.055624250923388935,0.055624250923388935,0.6876051598429613,0.6618633543532373,2.3515715250307325,0.6618633543532373,0.05346819273669232,0.17811030431684813,0.0,-0.0029130988231623745,-0.0008848235210683897,-0.006559473584561881,-0.009632150192296796,-0.0205925656278777,0.0019688244706589364,-0.006644914910573729,-0.01679802786868334,-0.015709176723789076,-0.008373717098837163,-0.014753092749480334,-0.0014361105757745851,-0.0015638615215406992,-0.0014087717957795842,0.0020282753020939848,-0.0020282753020939848,0.005227240522366894,-0.0002416897889071512,-0.019259540583148382,-0.0002416897889071512,0.00018340296873409212,0.00017419992733960776,0.0
mifal_controlled_degradation_v0,site_retention_75,site_retention,core,evaluated,20260614,observable_no_current_chla,test,3,all,bloom_h,mifal_probability_bloom_calibrated,0.135593220338983,True,3601,4757,0.7569896993903721,653,0.18133851707858928,1280,0.35545681755068037,0.13046085664573495,2093,855,228,425,0.33203125,0.6508422664624809,0.7099728629579376,0.6170945697766426,0.5459917780061665,0.29044407068438066,0.30714310903912573,0.6927703990142563,0.13821210416535426,0.45302719179194384,0.33188412839860876,-0.05087766043285433,0.05087766043285433,0.685642876978617,0.6618923102539751,2.362304952490508,0.6618923102539751,0.053752262021000835,0.17813978863048918,0.0,-0.004282672746931004,-0.000939629088076821,-0.006115602041499579,-0.015643168604651148,-0.026394426629251844,-0.0004040084927593446,-0.010846110403106235,-0.023315152686902763,-0.023225585109788283,-0.014699433571346787,-0.013050881865739883,-0.0016308070929864082,-0.0020058755719359334,-0.001911684244047973,0.0033430436588541834,-0.0033430436588541834,0.00517199196705509,-0.0002662874696675033,-0.024425792551859615,-0.0002662874696675033,0.00016850770074944982,0.00018406299291592876,0.0
mifal_controlled_degradation_v0,site_retention_75,site_retention,core,evaluated,20260614,observable_no_current_chla,test,3,wqp,bloom_h,mifal_probability_bloom_calibrated,0.135593220338983,True,3601,4757,0.7569896993903721,653,0.18133851707858928,1280,0.35545681755068037,0.13046085664573495,2093,855,228,425,0.33203125,0.6508422664624809,0.7099728629579376,0.6170945697766426,0.5459917780061665,0.29044407068438066,0.30714310903912573,0.6927703990142563,0.13821210416535426,0.45302719179194384,0.33188412839860876,-0.05087766043285433,0.05087766043285433,0.685642876978617,0.6618923102539751,2.362304952490508,0.6618923102539751,0.053752262021000835,0.17813978863048918,0.0,-0.004282672746931004,-0.000939629088076821,-0.006115602041499579,-0.015643168604651148,-0.026394426629251844,-0.0004040084927593446,-0.010846110403106235,-0.023315152686902763,-0.023225585109788283,-0.014699433571346787,-0.013050881865739883,-0.0016308070929864082,-0.0020058755719359334,-0.001911684244047973,0.0033430436588541834,-0.0033430436588541834,0.00517199196705509,-0.0002662874696675033,-0.024425792551859615,-0.0002662874696675033,0.00016850770074944982,0.00018406299291592876,0.0
mifal_controlled_degradation_v0,site_retention_75,site_retention,core,evaluated,20260614,observable_no_current_chla,validation,1,all,bloom_h,mifal_probability_bloom_calibrated,0.1496598639455782,True,2343,3049,0.7684486716956379,324,0.1382842509603073,892,0.3807084933845497,0.13589982625631758,1367,652,84,240,0.26905829596412556,0.7407407407407407,0.6770678553739475,0.5913165478537843,0.5484460694698354,0.29703108539142364,0.254135397899071,0.7219287142516464,0.10750805737464189,0.4201372956967357,0.30767118031942015,-0.0023844247039897237,0.0023844247039897237,0.7208706786171575,0.6611642694812095,2.0519647446498674,0.6611642694812095,0.05096637195358057,0.17801502656910445,0.0,0.003813932823213184,0.0014295081192234604,0.004847555372086587,0.011641192997284389,0.021228545618789507,-0.0004615118105920635,0.00806867793022592,0.01901319079072572,0.017367519044096946,0.017023194532739455,0.011834351087476658,0.0009212791788051761,0.004577248295338621,0.005325618631349782,-0.0023844247039897237,0.0023844247039897237,-0.0072368976373522464,0.0006541856314880024,0.04086790891425185,0.0006541856314880024,0.0005825256395344744,-0.0002381449367961641,0.0
mifal_controlled_degradation_v0,site_retention_75,site_retention,core,evaluated,20260614,observable_no_current_chla,validation,1,wqp,bloom_h,mifal_probability_bloom_calibrated,0.1496598639455782,True,2343,3049,0.7684486716956379,324,0.1382842509603073,892,0.3807084933845497,0.13589982625631758,1367,652,84,240,0.26905829596412556,0.7407407407407407,0.6770678553739475,0.5913165478537843,0.5484460694698354,0.29703108539142364,0.254135397899071,0.7219287142516464,0.10750805737464189,0.4201372956967357,0.30767118031942015,-0.0023844247039897237,0.0023844247039897237,0.7208706786171575,0.6611642694812095,2.0519647446498674,0.6611642694812095,0.05096637195358057,0.17801502656910445,0.0,0.003813932823213184,0.0014295081192234604,0.004847555372086587,0.011641192997284389,0.021228545618789507,-0.0004615118105920635,0.00806867793022592,0.01901319079072572,0.017367519044096946,0.017023194532739455,0.011834351087476658,0.0009212791788051761,0.004577248295338621,0.005325618631349782,-0.0023844247039897237,0.0023844247039897237,-0.0072368976373522464,0.0006541856314880024,0.04086790891425185,0.0006541856314880024,0.0005825256395344744,-0.0002381449367961641,0.0
mifal_controlled_degradation_v0,site_retention_75,site_retention,core,evaluated,20260614,observable_no_current_chla,validation,2,all,bloom_h,mifal_probability_bloom_calibrated,0.1111111111111111,True,2430,3158,0.7694743508549715,348,0.14320987654320988,1021,0.42016460905349795,0.14051310098154673,1307,775,102,246,0.24094025465230168,0.7068965517241379,0.6277617675312199,0.554084498613674,0.5097389142146704,0.23749979688456543,0.23034344489200453,0.6834629335188314,0.11478536801316072,0.4278791391476529,0.3170248165121597,-0.002696775561663145,0.002696775561663145,0.7205761316872428,0.6653576614263339,2.066416632809146,0.6653576614263339,0.05132669277629802,0.17585884085904246,0.0,0.003564531388048381,0.0008677558263852636,0.004711790814105943,0.006946352213277274,0.01075142700758458,-0.0023449678386733286,0.0037643874089254847,0.01071420680244678,0.008025343244827066,0.010416937113046504,0.00804061147996793,0.0016320683848849299,0.0029410678476566865,0.003389894425254225,-0.0026967755616631173,0.0026967755616631173,-0.002983083005600795,0.0007152764384884547,0.029592241026723975,0.0007152764384884547,0.0005463729128655989,-0.0002762860153926183,0.0
mifal_controlled_degradation_v0,site_retention_75,site_retention,core,evaluated,20260614,observable_no_current_chla,validation,2,wqp,bloom_h,mifal_probability_bloom_calibrated,0.1111111111111111,True,2430,3158,0.7694743508549715,348,0.14320987654320988,1021,0.42016460905349795,0.14051310098154673,1307,775,102,246,0.24094025465230168,0.7068965517241379,0.6277617675312199,0.554084498613674,0.5097389142146704,0.23749979688456543,0.23034344489200453,0.6834629335188314,0.11478536801316072,0.4278791391476529,0.3170248165121597,-0.002696775561663145,0.002696775561663145,0.7205761316872428,0.6653576614263339,2.066416632809146,0.6653576614263339,0.05132669277629802,0.17585884085904246,0.0,0.003564531388048381,0.0008677558263852636,0.004711790814105943,0.006946352213277274,0.01075142700758458,-0.0023449678386733286,0.0037643874089254847,0.01071420680244678,0.008025343244827066,0.010416937113046504,0.00804061147996793,0.0016320683848849299,0.0029410678476566865,0.003389894425254225,-0.0026967755616631173,0.0026967755616631173,-0.002983083005600795,0.0007152764384884547,0.029592241026723975,0.0007152764384884547,0.0005463729128655989,-0.0002762860153926183,0.0
mifal_controlled_degradation_v0,site_retention_75,site_retention,core,evaluated,20260614,observable_no_current_chla,validation,3,all,bloom_h,mifal_probability_bloom_calibrated,0.135593220338983,True,2442,3184,0.7669597989949749,359,0.147010647010647,1006,0.411957411957412,0.14393320609596444,1336,747,100,259,0.25745526838966204,0.7214484679665738,0.6413826212193952,0.5693969003431919,0.5303030303030303,0.26104786248111655,0.23939294884695606,0.6924091698682933,0.11620800096305427,0.42780119594170646,0.31949989102627646,-0.0030774409146825665,0.0030774409146825665,0.719082719082719,0.6644409680850525,2.0724906242526164,0.6644409680850525,0.05123291894938357,0.17631349754284348,0.0,0.0034804962568781572,0.00040305534219556294,0.0027237436157034334,0.011100702004397278,0.019041465778389943,0.00148529815375531,0.008321300595717118,0.017687252596227387,0.016959850530585463,0.016118474889052214,0.014690449783301474,0.0009272662724580799,0.0026622852016622844,0.002917429162714591,-0.0030774409146825943,0.0030774409146825388,-0.0026509492589894545,0.0008135015316579342,0.025723831454921964,0.0008135015316579342,0.0005562808982919124,-0.00032389807560304074,0.0
mifal_controlled_degradation_v0,site_retention_75,site_retention,core,evaluated,20260614,observable_no_current_chla,validation,3,wqp,bloom_h,mifal_probability_bloom_calibrated,0.135593220338983,True,2442,3184,0.7669597989949749,359,0.147010647010647,1006,0.411957411957412,0.14393320609596444,1336,747,100,259,0.25745526838966204,0.7214484679665738,0.6413826212193952,0.5693969003431919,0.5303030303030303,0.26104786248111655,0.23939294884695606,0.6924091698682933,0.11620800096305427,0.42780119594170646,0.31949989102627646,-0.0030774409146825665,0.0030774409146825665,0.719082719082719,0.6644409680850525,2.0724906242526164,0.6644409680850525,0.05123291894938357,0.17631349754284348,0.0,0.0034804962568781572,0.00040305534219556294,0.0027237436157034334,0.011100702004397278,0.019041465778389943,0.00148529815375531,0.008321300595717118,0.017687252596227387,0.016959850530585463,0.016118474889052214,0.014690449783301474,0.0009272662724580799,0.0026622852016622844,0.002917429162714591,-0.0030774409146825943,0.0030774409146825388,-0.0026509492589894545,0.0008135015316579342,0.025723831454921964,0.0008135015316579342,0.0005562808982919124,-0.00032389807560304074,0.0
mifal_controlled_degradation_v0,temporal_blocks_1m_rate_10,temporal_block_missingness,core,evaluated,20260612,observable_no_current_chla,test,1,all,bloom_h,mifal_probability_bloom_calibrated,0.1496598639455782,True,4673,4673,1.0,852,0.18232398887224482,1510,0.3231328910763963,0.11921516076178754,2893,928,270,582,0.38543046357615895,0.6830985915492958,0.7571316409316933,0.660633886284654,0.5917039446929646,0.3634545505499044,0.3597592206107143,0.7420150318292903,0.13463860711071265,0.45266738247393856,0.3256100511514808,-0.06310882811045729,0.06310882811045729,0.6871388829445753,0.6579643746420762,2.379230876579196,0.6579643746420762,0.05261708028381623,0.1800064263215382,0.0,0.0,-0.000580953379965346,-0.003423924673657208,0.0007646706534852887,-0.005868544600938996,0.0028788275320597023,0.00018274546935426184,-0.0031481023277083464,-0.0014690724481173922,-0.0010120981774990323,-0.001771621616640351,0.00021622903629922585,0.0005901256511159358,0.0002647470962959808,-0.000580953379965346,0.000580953379965346,0.0,-0.00018432102023302477,0.0010601781083767747,-0.00018432102023302477,-0.0006256271718936765,-1.2846404240124398e-05,0.0
mifal_controlled_degradation_v0,temporal_blocks_1m_rate_10,temporal_block_missingness,core,evaluated,20260612,observable_no_current_chla,test,1,wqp,bloom_h,mifal_probability_bloom_calibrated,0.1496598639455782,True,4673,4673,1.0,852,0.18232398887224482,1510,0.3231328910763963,0.11921516076178754,2893,928,270,582,0.38543046357615895,0.6830985915492958,0.7571316409316933,0.660633886284654,0.5917039446929646,0.3634545505499044,0.3597592206107143,0.7420150318292903,0.13463860711071265,0.45266738247393856,0.3256100511514808,-0.06310882811045729,0.06310882811045729,0.6871388829445753,0.6579643746420762,2.379230876579196,0.6579643746420762,0.05261708028381623,0.1800064263215382,0.0,0.0,-0.000580953379965346,-0.003423924673657208,0.0007646706534852887,-0.005868544600938996,0.0028788275320597023,0.00018274546935426184,-0.0031481023277083464,-0.0014690724481173922,-0.0010120981774990323,-0.001771621616640351,0.00021622903629922585,0.0005901256511159358,0.0002647470962959808,-0.000580953379965346,0.000580953379965346,0.0,-0.00018432102023302477,0.0010601781083767747,-0.00018432102023302477,-0.0006256271718936765,-1.2846404240124398e-05,0.0
mifal_controlled_degradation_v0,temporal_blocks_1m_rate_10,temporal_block_missingness,core,evaluated,20260612,observable_no_current_chla,test,2,all,bloom_h,mifal_probability_bloom_calibrated,0.1111111111111111,True,4710,4710,1.0,863,0.18322717622080678,1689,0.35859872611464966,0.1250190692140832,2763,1084,258,605,0.35820011841326227,0.7010428736964078,0.7182219911619444,0.6393694896873054,0.5884069247228165,0.3381931235388629,0.32945137933441154,0.6886927286194023,0.138613987885279,0.45761428281933664,0.33441968967219976,-0.058208107006723575,0.058208107006723575,0.6825902335456475,0.6619177558168573,2.37129531146866,0.6619177558168573,0.05266364000214308,0.17792679426974276,0.0,0.0,-0.0005555807812406555,-0.003821656050955413,0.00026221565989376083,-0.006952491309385911,0.0031193137509748503,2.0459609768486153e-05,-0.0037621002820292793,-0.0023037121726251497,-0.001272810981693906,-0.003264646783501468,0.00021094802163396098,0.0005437945479946915,0.00033581426423828775,-0.0005555807812406555,0.0005555807812406555,0.0002123142250530785,-0.00018728832528713824,0.00046424585477922165,-0.00018728832528713824,-0.0006211497658151488,-9.310119765765235e-06,0.0
mifal_controlled_degradation_v0,temporal_blocks_1m_rate_10,temporal_block_missingness,core,evaluated,20260612,observable_no_current_chla,test,2,wqp,bloom_h,mifal_probability_bloom_calibrated,0.1111111111111111,True,4710,4710,1.0,863,0.18322717622080678,1689,0.35859872611464966,0.1250190692140832,2763,1084,258,605,0.35820011841326227,0.7010428736964078,0.7182219911619444,0.6393694896873054,0.5884069247228165,0.3381931235388629,0.32945137933441154,0.6886927286194023,0.138613987885279,0.45761428281933664,0.33441968967219976,-0.058208107006723575,0.058208107006723575,0.6825902335456475,0.6619177558168573,2.37129531146866,0.6619177558168573,0.05266364000214308,0.17792679426974276,0.0,0.0,-0.0005555807812406555,-0.003821656050955413,0.00026221565989376083,-0.006952491309385911,0.0031193137509748503,2.0459609768486153e-05,-0.0037621002820292793,-0.0023037121726251497,-0.001272810981693906,-0.003264646783501468,0.00021094802163396098,0.0005437945479946915,0.00033581426423828775,-0.0005555807812406555,0.0005555807812406555,0.0002123142250530785,-0.00018728832528713824,0.00046424585477922165,-0.00018728832528713824,-0.0006211497658151488,-9.310119765765235e-06,0.0
mifal_controlled_degradation_v0,temporal_blocks_1m_rate_10,temporal_block_missingness,core,evaluated,20260612,observable_no_current_chla,test,3,all,bloom_h,mifal_probability_bloom_calibrated,0.135593220338983,True,4757,4757,1.0,883,0.18562118982552028,1702,0.3577885221778432,0.13081321015480762,2764,1110,291,592,0.34782608695652173,0.6704416761041903,0.7134744450180692,0.6279167002810769,0.565533053114253,0.311394633586038,0.32021143838754496,0.7035849239726351,0.1400571698768207,0.4556891753374125,0.334234115734706,-0.05480797967071266,0.05480797967071266,0.6802606684885432,0.6619988869157526,2.3873382212228984,0.6619988869157526,0.05292339365783023,0.17792530084324817,0.0,0.0,-0.0005872755790041484,-0.0037838974143367676,0.00015166835187058192,-0.006795016987542479,0.0030975735673722804,-2.397989867186645e-05,-0.0037738775788163093,-0.002275022208130917,-0.0016311042229275596,-0.0022363569073611256,0.0002142586184800399,0.0006561079735327158,0.00043830309204928586,-0.0005872755790041484,0.0005872755790041484,-0.00021021652301878024,-0.00015971080789001224,0.0006074761805305862,-0.00015971080789001224,-0.0006603606624211583,-3.0424794325079052e-05,0.0
mifal_controlled_degradation_v0,temporal_blocks_1m_rate_10,temporal_block_missingness,core,evaluated,20260612,observable_no_current_chla,test,3,wqp,bloom_h,mifal_probability_bloom_calibrated,0.135593220338983,True,4757,4757,1.0,883,0.18562118982552028,1702,0.3577885221778432,0.13081321015480762,2764,1110,291,592,0.34782608695652173,0.6704416761041903,0.7134744450180692,0.6279167002810769,0.565533053114253,0.311394633586038,0.32021143838754496,0.7035849239726351,0.1400571698768207,0.4556891753374125,0.334234115734706,-0.05480797967071266,0.05480797967071266,0.6802606684885432,0.6619988869157526,2.3873382212228984,0.6619988869157526,0.05292339365783023,0.17792530084324817,0.0,0.0,-0.0005872755790041484,-0.0037838974143367676,0.00015166835187058192,-0.006795016987542479,0.0030975735673722804,-2.397989867186645e-05,-0.0037738775788163093,-0.002275022208130917,-0.0016311042229275596,-0.0022363569073611256,0.0002142586184800399,0.0006561079735327158,0.00043830309204928586,-0.0005872755790041484,0.0005872755790041484,-0.00021021652301878024,-0.00015971080789001224,0.0006074761805305862,-0.00015971080789001224,-0.0006603606624211583,-3.0424794325079052e-05,0.0
mifal_controlled_degradation_v0,temporal_blocks_1m_rate_10,temporal_block_missingness,core,evaluated,20260612,observable_no_current_chla,validation,1,all,bloom_h,mifal_probability_bloom_calibrated,0.1496598639455782,True,3049,3049,1.0,410,0.13447031813709412,1133,0.3715972449983601,0.1336705364964467,1799,840,117,293,0.2586054721977052,0.7146341463414634,0.6816976127320955,0.5848404287483646,0.5283086909484312,0.27980649480552744,0.2373065225315093,0.7089279937892217,0.1065556592082132,0.41597597653288426,0.30235132503914885,-0.0007997816406474234,0.0007997816406474234,0.7281075762545097,0.6604088060791652,2.011538550071926,0.6604088060791652,0.04966459505950294,0.1781788406009862,0.0,0.0,-0.0007997816406474234,-0.004263693014103009,0.001188369230864017,-0.004878048780487809,0.004168245547555904,0.001592558824806245,-0.001124187730678461,0.00014292845820074174,0.00019431916517773096,-0.001166369374948073,-3.111898762352128e-05,0.00041592913148719157,5.763351078491574e-06,-0.0007997816406474234,0.0007997816406474234,0.0,-0.00010127777055635168,0.0004417143363104614,-0.00010127777055635168,-0.0007192512545431545,-7.433090491440475e-05,0.0
mifal_controlled_degradation_v0,temporal_blocks_1m_rate_10,temporal_block_missingness,core,evaluated,20260612,observable_no_current_chla,validation,1,wqp,bloom_h,mifal_probability_bloom_calibrated,0.1496598639455782,True,3049,3049,1.0,410,0.13447031813709412,1133,0.3715972449983601,0.1336705364964467,1799,840,117,293,0.2586054721977052,0.7146341463414634,0.6816976127320955,0.5848404287483646,0.5283086909484312,0.27980649480552744,0.2373065225315093,0.7089279937892217,0.1065556592082132,0.41597597653288426,0.30235132503914885,-0.0007997816406474234,0.0007997816406474234,0.7281075762545097,0.6604088060791652,2.011538550071926,0.6604088060791652,0.04966459505950294,0.1781788406009862,0.0,0.0,-0.0007997816406474234,-0.004263693014103009,0.001188369230864017,-0.004878048780487809,0.004168245547555904,0.001592558824806245,-0.001124187730678461,0.00014292845820074174,0.00019431916517773096,-0.001166369374948073,-3.111898762352128e-05,0.00041592913148719157,5.763351078491574e-06,-0.0007997816406474234,0.0007997816406474234,0.0,-0.00010127777055635168,0.0004417143363104614,-0.00010127777055635168,-0.0007192512545431545,-7.433090491440475e-05,0.0
mifal_controlled_degradation_v0,temporal_blocks_1m_rate_10,temporal_block_missingness,core,evaluated,20260612,observable_no_current_chla,validation,2,all,bloom_h,mifal_probability_bloom_calibrated,0.1111111111111111,True,3158,3158,1.0,441,0.1396453451551615,1292,0.409119696010133,0.13853229698613168,1730,987,136,305,0.23606811145510836,0.691609977324263,0.6367316893632683,0.5534773824184538,0.49901832460732987,0.2314744366330501,0.22156021053069502,0.6755333221498635,0.11299168036285497,0.4255953328183382,0.31382863610077216,-0.0011130481690298233,0.0011130481690298233,0.7238758708043065,0.6644424460805193,2.036828467565592,0.6644424460805193,0.04991232394767609,0.1760885618680666,0.0,0.0,-0.0011130481690297955,-0.006333122229259025,0.002074209016083961,-0.0045351473922903285,0.006624953993375038,0.0031572712137052372,-6.382804893789729e-06,0.001999982993311722,0.0016337027517369929,0.00011100011100007023,-0.00016161926542082594,0.0006572615183420005,0.00019371401386669707,-0.0011130481690297955,0.0011130481690297955,0.0003166561114629207,-0.00019993890732616926,4.075783170076619e-06,-0.00019993890732616926,-0.0008679959157563283,-4.656500636848748e-05,0.0
mifal_controlled_degradation_v0,temporal_blocks_1m_rate_10,temporal_block_missingness,core,evaluated,20260612,observable_no_current_chla,validation,2,wqp,bloom_h,mifal_probability_bloom_calibrated,0.1111111111111111,True,3158,3158,1.0,441,0.1396453451551615,1292,0.409119696010133,0.13853229698613168,1730,987,136,305,0.23606811145510836,0.691609977324263,0.6367316893632683,0.5534773824184538,0.49901832460732987,0.2314744366330501,0.22156021053069502,0.6755333221498635,0.11299168036285497,0.4255953328183382,0.31382863610077216,-0.0011130481690298233,0.0011130481690298233,0.7238758708043065,0.6644424460805193,2.036828467565592,0.6644424460805193,0.04991232394767609,0.1760885618680666,0.0,0.0,-0.0011130481690297955,-0.006333122229259025,0.002074209016083961,-0.0045351473922903285,0.006624953993375038,0.0031572712137052372,-6.382804893789729e-06,0.001999982993311722,0.0016337027517369929,0.00011100011100007023,-0.00016161926542082594,0.0006572615183420005,0.00019371401386669707,-0.0011130481690297955,0.0011130481690297955,0.0003166561114629207,-0.00019993890732616926,4.075783170076619e-06,-0.00019993890732616926,-0.0008679959157563283,-4.656500636848748e-05,0.0
mifal_controlled_degradation_v0,temporal_blocks_1m_rate_10,temporal_block_missingness,core,evaluated,20260612,observable_no_current_chla,validation,3,all,bloom_h,mifal_probability_bloom_calibrated,0.135593220338983,True,3184,3184,1.0,457,0.14353015075376885,1283,0.40295226130653267,0.1424134756315163,1761,966,140,317,0.24707716289945442,0.6936542669584245,0.6457645764576457,0.5626938475446805,0.509482481517197,0.24262314704979643,0.2237550950819001,0.6768705681654964,0.11532360268490517,0.4257163632320192,0.3165373359945328,-0.0011166751222525528,0.0011166751222525528,0.7214195979899497,0.6634416008744639,2.047212984600598,0.6634416008744639,0.04985371130313115,0.17659126720232882,0.0,0.0,-0.0011166751222525806,-0.006281407035175879,0.0007225965141896551,-0.00875273522975939,0.005867253392005889,0.001618247797205763,-0.003133296189605894,-0.0014648649007346637,0.0004806211239962721,-0.0008481519194953879,4.286799430898436e-05,0.0005774524919750501,-4.5125869029050136e-05,-0.0011166751222525806,0.001116675122252525,-0.0003140703517587884,-0.0001858656789306412,0.00044619180290350613,-0.0001858656789306412,-0.0008229267479605076,-4.612841611770224e-05,0.0
mifal_controlled_degradation_v0,temporal_blocks_1m_rate_10,temporal_block_missingness,core,evaluated,20260612,observable_no_current_chla,validation,3,wqp,bloom_h,mifal_probability_bloom_calibrated,0.135593220338983,True,3184,3184,1.0,457,0.14353015075376885,1283,0.40295226130653267,0.1424134756315163,1761,966,140,317,0.24707716289945442,0.6936542669584245,0.6457645764576457,0.5626938475446805,0.509482481517197,0.24262314704979643,0.2237550950819001,0.6768705681654964,0.11532360268490517,0.4257163632320192,0.3165373359945328,-0.0011166751222525528,0.0011166751222525528,0.7214195979899497,0.6634416008744639,2.047212984600598,0.6634416008744639,0.04985371130313115,0.17659126720232882,0.0,0.0,-0.0011166751222525806,-0.006281407035175879,0.0007225965141896551,-0.00875273522975939,0.005867253392005889,0.001618247797205763,-0.003133296189605894,-0.0014648649007346637,0.0004806211239962721,-0.0008481519194953879,4.286799430898436e-05,0.0005774524919750501,-4.5125869029050136e-05,-0.0011166751222525806,0.001116675122252525,-0.0003140703517587884,-0.0001858656789306412,0.00044619180290350613,-0.0001858656789306412,-0.0008229267479605076,-4.612841611770224e-05,0.0
mifal_controlled_degradation_v0,temporal_blocks_1m_rate_10,temporal_block_missingness,core,evaluated,20260613,observable_no_current_chla,test,1,all,bloom_h,mifal_probability_bloom_calibrated,0.1496598639455782,True,4673,4673,1.0,852,0.18232398887224482,1511,0.3233468863684999,0.11921432361520158,2893,928,269,583,0.385837193911317,0.6842723004694836,0.7571316409316933,0.6610121224818462,0.5926001219760114,0.3643605575957174,0.3605613993390924,0.7426487302072928,0.1345570254628634,0.4526556889150087,0.3258345513204441,-0.06310966525704324,0.06310966525704324,0.6871388829445753,0.6579786526705217,2.3786926042364502,0.6579786526705217,0.052803999548350945,0.18003140648830285,0.0,0.0,-0.0005817905265513013,-0.0032099293815536223,0.001171400988643323,-0.0046948356807511304,0.0028788275320597023,0.0005609816665463896,-0.00225192504466154,-0.0005630654023043857,-0.00020991944912090998,-0.0011379232386378169,0.00013464738844998214,0.0005784320921860542,0.000489247265259285,-0.0005817905265513013,0.0005817905265513013,0.0,-0.00017004299178757787,0.0005219057656309367,-0.00017004299178757787,-0.00043870790735896226,1.2133762524513259e-05,0.0
mifal_controlled_degradation_v0,temporal_blocks_1m_rate_10,temporal_block_missingness,core,evaluated,20260613,observable_no_current_chla,test,1,wqp,bloom_h,mifal_probability_bloom_calibrated,0.1496598639455782,True,4673,4673,1.0,852,0.18232398887224482,1511,0.3233468863684999,0.11921432361520158,2893,928,269,583,0.385837193911317,0.6842723004694836,0.7571316409316933,0.6610121224818462,0.5926001219760114,0.3643605575957174,0.3605613993390924,0.7426487302072928,0.1345570254628634,0.4526556889150087,0.3258345513204441,-0.06310966525704324,0.06310966525704324,0.6871388829445753,0.6579786526705217,2.3786926042364502,0.6579786526705217,0.052803999548350945,0.18003140648830285,0.0,0.0,-0.0005817905265513013,-0.0032099293815536223,0.001171400988643323,-0.0046948356807511304,0.0028788275320597023,0.0005609816665463896,-0.00225192504466154,-0.0005630654023043857,-0.00020991944912090998,-0.0011379232386378169,0.00013464738844998214,0.0005784320921860542,0.000489247265259285,-0.0005817905265513013,0.0005817905265513013,0.0,-0.00017004299178757787,0.0005219057656309367,-0.00017004299178757787,-0.00043870790735896226,1.2133762524513259e-05,0.0
mifal_controlled_degradation_v0,temporal_blocks_1m_rate_10,temporal_block_missingness,core,evaluated,20260613,observable_no_current_chla,test,2,all,bloom_h,mifal_probability_bloom_calibrated,0.1111111111111111,True,4710,4710,1.0,863,0.18322717622080678,1692,0.3592356687898089,0.12504648440864108,2763,1084,255,608,0.35933806146572106,0.7045191193511008,0.7182219911619444,0.6404411041571942,0.5909797822706065,0.34086403279579647,0.3314744861111201,0.6913642961468522,0.13843871822690557,0.4575443606738885,0.3344046497189656,-0.0581806918121657,0.0581806918121657,0.6823779193205944,0.6619295730484817,2.371547792737197,0.6619295730484817,0.05285136457695067,0.1779528340994467,0.0,0.0,-0.0005281655866827828,-0.0031847133757961776,0.0014001587123525505,-0.0034762456546929554,0.0031193137509748503,0.0010920740796572792,-0.0011892427342392597,0.0003671970843084349,0.0007502957950146771,-0.0005930792560515652,3.567836326051621e-05,0.00047387240254653795,0.000320774311004135,-0.0005281655866827828,0.0005281655866827828,0.0,-0.00017547109366278235,0.0007167271233159411,-0.00017547109366278235,-0.00043342519100755816,1.6729709938184678e-05,0.0
mifal_controlled_degradation_v0,temporal_blocks_1m_rate_10,temporal_block_missingness,core,evaluated,20260613,observable_no_current_chla,test,2,wqp,bloom_h,mifal_probability_bloom_calibrated,0.1111111111111111,True,4710,4710,1.0,863,0.18322717622080678,1692,0.3592356687898089,0.12504648440864108,2763,1084,255,608,0.35933806146572106,0.7045191193511008,0.7182219911619444,0.6404411041571942,0.5909797822706065,0.34086403279579647,0.3314744861111201,0.6913642961468522,0.13843871822690557,0.4575443606738885,0.3344046497189656,-0.0581806918121657,0.0581806918121657,0.6823779193205944,0.6619295730484817,2.371547792737197,0.6619295730484817,0.05285136457695067,0.1779528340994467,0.0,0.0,-0.0005281655866827828,-0.0031847133757961776,0.0014001587123525505,-0.0034762456546929554,0.0031193137509748503,0.0010920740796572792,-0.0011892427342392597,0.0003671970843084349,0.0007502957950146771,-0.0005930792560515652,3.567836326051621e-05,0.00047387240254653795,0.000320774311004135,-0.0005281655866827828,0.0005281655866827828,0.0,-0.00017547109366278235,0.0007167271233159411,-0.00017547109366278235,-0.00043342519100755816,1.6729709938184678e-05,0.0
mifal_controlled_degradation_v0,temporal_blocks_1m_rate_10,temporal_block_missingness,core,evaluated,20260613,observable_no_current_chla,test,3,all,bloom_h,mifal_probability_bloom_calibrated,0.135593220338983,True,4757,4757,1.0,883,0.18562118982552028,1704,0.3582089552238806,0.13082268703128472,2763,1111,290,593,0.34800469483568075,0.6715741789354474,0.7132163138874549,0.6280970096844619,0.5662719633307869,0.31202277561415664,0.32093248134575725,0.7041605300838238,0.14002774855765895,0.4556699317317482,0.33423206979194386,-0.054798502794235565,0.054798502794235565,0.6802606684885432,0.6619799095792688,2.3875964890369135,0.6619799095792688,0.05314220792755811,0.1779727515030767,0.0,0.0,-0.0005777987025270548,-0.0033634643682993737,0.0003302762310296026,-0.005662514156285381,0.002839442436757933,0.00015632950471311524,-0.0030349673622823703,-0.0016468801800123,-0.0009100612647152673,-0.001660750796172339,0.00018483729931828563,0.0006368643678684172,0.00043625714928713366,-0.0005777987025270548,0.0005777987025270548,-0.00021021652301878024,-0.00017868814437382863,0.0008657439945456424,-0.00017868814437382863,-0.0004415463926932747,1.7025865503450532e-05,0.0
mifal_controlled_degradation_v0,temporal_blocks_1m_rate_10,temporal_block_missingness,core,evaluated,20260613,observable_no_current_chla,test,3,wqp,bloom_h,mifal_probability_bloom_calibrated,0.135593220338983,True,4757,4757,1.0,883,0.18562118982552028,1704,0.3582089552238806,0.13082268703128472,2763,1111,290,593,0.34800469483568075,0.6715741789354474,0.7132163138874549,0.6280970096844619,0.5662719633307869,0.31202277561415664,0.32093248134575725,0.7041605300838238,0.14002774855765895,0.4556699317317482,0.33423206979194386,-0.054798502794235565,0.054798502794235565,0.6802606684885432,0.6619799095792688,2.3875964890369135,0.6619799095792688,0.05314220792755811,0.1779727515030767,0.0,0.0,-0.0005777987025270548,-0.0033634643682993737,0.0003302762310296026,-0.005662514156285381,0.002839442436757933,0.00015632950471311524,-0.0030349673622823703,-0.0016468801800123,-0.0009100612647152673,-0.001660750796172339,0.00018483729931828563,0.0006368643678684172,0.00043625714928713366,-0.0005777987025270548,0.0005777987025270548,-0.00021021652301878024,-0.00017868814437382863,0.0008657439945456424,-0.00017868814437382863,-0.0004415463926932747,1.7025865503450532e-05,0.0
mifal_controlled_degradation_v0,temporal_blocks_1m_rate_10,temporal_block_missingness,core,evaluated,20260613,observable_no_current_chla,validation,1,all,bloom_h,mifal_probability_bloom_calibrated,0.1496598639455782,True,3049,3049,1.0,410,0.13447031813709412,1128,0.369957363069859,0.13347320471850918,1805,834,116,294,0.26063829787234044,0.7170731707317073,0.6839712012125805,0.5869906805374946,0.5310693641618498,0.28339084571672324,0.23841715856417833,0.7113637833991072,0.10642324365839327,0.41665728412004116,0.30299950676936915,-0.0009971134185849384,0.0009971134185849384,0.7277795998688095,0.6603161959574294,2.012182435711127,0.6603161959574294,0.049643834093330765,0.1782237491723845,0.0,0.0,-0.0009971134185849384,-0.005903574942604128,0.0032211949054992695,-0.0024390243902439046,0.0064418340280408826,0.0037428106139362205,0.001636485482740091,0.003727279369396541,0.0013049551978467633,0.0012694202349374795,-0.00016353453744344382,0.0010972367186440901,0.0006539450812987901,-0.0009971134185849384,0.0009971134185849384,-0.0003279763857002571,-0.00019388789229213277,0.0010855999755112755,-0.00019388789229213277,-0.0007400122207153331,-2.9422333516104793e-05,0.0
mifal_controlled_degradation_v0,temporal_blocks_1m_rate_10,temporal_block_missingness,core,evaluated,20260613,observable_no_current_chla,validation,1,wqp,bloom_h,mifal_probability_bloom_calibrated,0.1496598639455782,True,3049,3049,1.0,410,0.13447031813709412,1128,0.369957363069859,0.13347320471850918,1805,834,116,294,0.26063829787234044,0.7170731707317073,0.6839712012125805,0.5869906805374946,0.5310693641618498,0.28339084571672324,0.23841715856417833,0.7113637833991072,0.10642324365839327,0.41665728412004116,0.30299950676936915,-0.0009971134185849384,0.0009971134185849384,0.7277795998688095,0.6603161959574294,2.012182435711127,0.6603161959574294,0.049643834093330765,0.1782237491723845,0.0,0.0,-0.0009971134185849384,-0.005903574942604128,0.0032211949054992695,-0.0024390243902439046,0.0064418340280408826,0.0037428106139362205,0.001636485482740091,0.003727279369396541,0.0013049551978467633,0.0012694202349374795,-0.00016353453744344382,0.0010972367186440901,0.0006539450812987901,-0.0009971134185849384,0.0009971134185849384,-0.0003279763857002571,-0.00019388789229213277,0.0010855999755112755,-0.00019388789229213277,-0.0007400122207153331,-2.9422333516104793e-05,0.0
mifal_controlled_degradation_v0,temporal_blocks_1m_rate_10,temporal_block_missingness,core,evaluated,20260613,observable_no_current_chla,validation,2,all,bloom_h,mifal_probability_bloom_calibrated,0.1111111111111111,True,3158,3158,1.0,441,0.1396453451551615,1288,0.4078530715642812,0.13837055964345982,1734,983,136,305,0.23680124223602483,0.691609977324263,0.638203901361796,0.5544273976685942,0.4996723460026212,0.23262388586535937,0.2218931770006144,0.6759510330938903,0.11294387716865276,0.42581363299553915,0.31416553385082013,-0.0012747855117016815,0.0012747855117016815,0.7232425585813806,0.6643810057608547,2.0378682708197533,0.6643810057608547,0.04998076083512172,0.17613228614720602,0.0,0.0,-0.0012747855117016538,-0.007599746675110819,0.00280733979700043,-0.0045351473922903285,0.0080971659919028,0.004107286463845616,0.0006476385903975701,0.0031494322256210017,0.001966669221656364,0.0005287110550268315,-0.00020942245962303485,0.0008755616955429257,0.0005306117639146679,-0.0012747855117016538,0.0012747855117016538,-0.0003166561114629207,-0.00026137922699076555,0.0010438790373314966,-0.00026137922699076555,-0.0007995590283106993,-2.8407272290587038e-06,0.0
mifal_controlled_degradation_v0,temporal_blocks_1m_rate_10,temporal_block_missingness,core,evaluated,20260613,observable_no_current_chla,validation,2,wqp,bloom_h,mifal_probability_bloom_calibrated,0.1111111111111111,True,3158,3158,1.0,441,0.1396453451551615,1288,0.4078530715642812,0.13837055964345982,1734,983,136,305,0.23680124223602483,0.691609977324263,0.638203901361796,0.5544273976685942,0.4996723460026212,0.23262388586535937,0.2218931770006144,0.6759510330938903,0.11294387716865276,0.42581363299553915,0.31416553385082013,-0.0012747855117016815,0.0012747855117016815,0.7232425585813806,0.6643810057608547,2.0378682708197533,0.6643810057608547,0.04998076083512172,0.17613228614720602,0.0,0.0,-0.0012747855117016538,-0.007599746675110819,0.00280733979700043,-0.0045351473922903285,0.0080971659919028,0.004107286463845616,0.0006476385903975701,0.0031494322256210017,0.001966669221656364,0.0005287110550268315,-0.00020942245962303485,0.0008755616955429257,0.0005306117639146679,-0.0012747855117016538,0.0012747855117016538,-0.0003166561114629207,-0.00026137922699076555,0.0010438790373314966,-0.00026137922699076555,-0.0007995590283106993,-2.8407272290587038e-06,0.0
mifal_controlled_degradation_v0,temporal_blocks_1m_rate_10,temporal_block_missingness,core,evaluated,20260613,observable_no_current_chla,validation,3,all,bloom_h,mifal_probability_bloom_calibrated,0.135593220338983,True,3184,3184,1.0,457,0.14353015075376885,1279,0.4016959798994975,0.14222618840451648,1765,962,140,317,0.24784988272087569,0.6936542669584245,0.6472313898056472,0.5636485916445803,0.5101383971676858,0.24379603313749623,0.2232272328994837,0.67668601287554,0.1152985261184799,0.4259683150135319,0.3168687283286883,-0.0013039623492523689,0.0013039623492523689,0.7211055276381909,0.6634187614399696,2.0466066182110936,0.6634187614399696,0.04987018865747021,0.1766056630842885,0.0,0.0,-0.0013039623492523966,-0.007537688442211032,0.0014953163356109245,-0.00875273522975939,0.007334066740007361,0.00257299189710547,-0.002477380539117058,-0.00029197881303485995,-4.7241058420133264e-05,-0.0010327072094518108,1.779142788371768e-05,0.0008294042734877105,0.00028626646512641685,-0.0013039623492523966,0.0013039623492523411,-0.0006281407035175768,-0.00020870511342496734,-0.0001601745866008919,-0.00020870511342496734,-0.0008064493936214417,-3.17325341580299e-05,0.0
mifal_controlled_degradation_v0,temporal_blocks_1m_rate_10,temporal_block_missingness,core,evaluated,20260613,observable_no_current_chla,validation,3,wqp,bloom_h,mifal_probability_bloom_calibrated,0.135593220338983,True,3184,3184,1.0,457,0.14353015075376885,1279,0.4016959798994975,0.14222618840451648,1765,962,140,317,0.24784988272087569,0.6936542669584245,0.6472313898056472,0.5636485916445803,0.5101383971676858,0.24379603313749623,0.2232272328994837,0.67668601287554,0.1152985261184799,0.4259683150135319,0.3168687283286883,-0.0013039623492523689,0.0013039623492523689,0.7211055276381909,0.6634187614399696,2.0466066182110936,0.6634187614399696,0.04987018865747021,0.1766056630842885,0.0,0.0,-0.0013039623492523966,-0.007537688442211032,0.0014953163356109245,-0.00875273522975939,0.007334066740007361,0.00257299189710547,-0.002477380539117058,-0.00029197881303485995,-4.7241058420133264e-05,-0.0010327072094518108,1.779142788371768e-05,0.0008294042734877105,0.00028626646512641685,-0.0013039623492523966,0.0013039623492523411,-0.0006281407035175768,-0.00020870511342496734,-0.0001601745866008919,-0.00020870511342496734,-0.0008064493936214417,-3.17325341580299e-05,0.0
mifal_controlled_degradation_v0,temporal_blocks_1m_rate_10,temporal_block_missingness,core,evaluated,20260614,observable_no_current_chla,test,1,all,bloom_h,mifal_probability_bloom_calibrated,0.1496598639455782,True,4673,4673,1.0,852,0.18232398887224482,1507,0.3224909052000856,0.11906093776457495,2892,929,274,578,0.38354346383543464,0.6784037558685446,0.7568699293378697,0.6589306259010784,0.5879959308240081,0.35954946524152653,0.35710025709373305,0.7392583056570251,0.13492005224516584,0.45311196441551843,0.32594911608389976,-0.06326305110766987,0.06326305110766987,0.6869248876524716,0.6580106460193818,2.3789084293208425,0.6580106460193818,0.052566105589694045,0.1799718938581382,0.0,0.0,-0.0007351763771779318,-0.0040659105499679105,-0.0011223290872390268,-0.010563380281690127,0.002617115938236103,-0.0015205149142213381,-0.006856116196664819,-0.005374157756495246,-0.003671061694480282,-0.00452834778890554,0.0004976741707524157,0.001034707592695805,0.0006038120287149562,-0.0007351763771779318,0.0007351763771779318,-0.00021399529210364143,-0.00013804964292751798,0.000737730850023155,-0.00013804964292751798,-0.0006766018660158621,-4.737886764014099e-05,0.0
mifal_controlled_degradation_v0,temporal_blocks_1m_rate_10,temporal_block_missingness,core,evaluated,20260614,observable_no_current_chla,test,1,wqp,bloom_h,mifal_probability_bloom_calibrated,0.1496598639455782,True,4673,4673,1.0,852,0.18232398887224482,1507,0.3224909052000856,0.11906093776457495,2892,929,274,578,0.38354346383543464,0.6784037558685446,0.7568699293378697,0.6589306259010784,0.5879959308240081,0.35954946524152653,0.35710025709373305,0.7392583056570251,0.13492005224516584,0.45311196441551843,0.32594911608389976,-0.06326305110766987,0.06326305110766987,0.6869248876524716,0.6580106460193818,2.3789084293208425,0.6580106460193818,0.052566105589694045,0.1799718938581382,0.0,0.0,-0.0007351763771779318,-0.0040659105499679105,-0.0011223290872390268,-0.010563380281690127,0.002617115938236103,-0.0015205149142213381,-0.006856116196664819,-0.005374157756495246,-0.003671061694480282,-0.00452834778890554,0.0004976741707524157,0.001034707592695805,0.0006038120287149562,-0.0007351763771779318,0.0007351763771779318,-0.00021399529210364143,-0.00013804964292751798,0.000737730850023155,-0.00013804964292751798,-0.0006766018660158621,-4.737886764014099e-05,0.0
mifal_controlled_degradation_v0,temporal_blocks_1m_rate_10,temporal_block_missingness,core,evaluated,20260614,observable_no_current_chla,test,2,all,bloom_h,mifal_probability_bloom_calibrated,0.1111111111111111,True,4710,4710,1.0,863,0.18322717622080678,1686,0.3579617834394904,0.12485307146024742,2761,1086,263,600,0.35587188612099646,0.6952491309385863,0.7177021055367819,0.6372202202569701,0.5838847800700662,0.3332311433923967,0.3261927270418222,0.6837277606574295,0.1389596407678514,0.45805283215360265,0.334705215367105,-0.05837410476055936,0.05837410476055936,0.6825902335456475,0.6619568477952894,2.3718275562729,0.6619568477952894,0.052602231349631136,0.1778943192843031,0.0,0.0,-0.000721578535076442,-0.004458598726114649,-0.0020660166323720475,-0.01274623406720743,0.0025994281258123753,-0.002128809820566846,-0.008284244934779639,-0.007265692319091355,-0.004531463274283276,-0.008229614745474345,0.0005566009042063391,0.0009823438822607056,0.0006213399591435409,-0.000721578535076442,0.000721578535076442,0.0002123142250530785,-0.00014819634685503402,0.000996490659018967,-0.00014819634685503402,-0.000682558418327095,-4.178510520541634e-05,0.0
mifal_controlled_degradation_v0,temporal_blocks_1m_rate_10,temporal_block_missingness,core,evaluated,20260614,observable_no_current_chla,test,2,wqp,bloom_h,mifal_probability_bloom_calibrated,0.1111111111111111,True,4710,4710,1.0,863,0.18322717622080678,1686,0.3579617834394904,0.12485307146024742,2761,1086,263,600,0.35587188612099646,0.6952491309385863,0.7177021055367819,0.6372202202569701,0.5838847800700662,0.3332311433923967,0.3261927270418222,0.6837277606574295,0.1389596407678514,0.45805283215360265,0.334705215367105,-0.05837410476055936,0.05837410476055936,0.6825902335456475,0.6619568477952894,2.3718275562729,0.6619568477952894,0.052602231349631136,0.1778943192843031,0.0,0.0,-0.000721578535076442,-0.004458598726114649,-0.0020660166323720475,-0.01274623406720743,0.0025994281258123753,-0.002128809820566846,-0.008284244934779639,-0.007265692319091355,-0.004531463274283276,-0.008229614745474345,0.0005566009042063391,0.0009823438822607056,0.0006213399591435409,-0.000721578535076442,0.000721578535076442,0.0002123142250530785,-0.00014819634685503402,0.000996490659018967,-0.00014819634685503402,-0.000682558418327095,-4.178510520541634e-05,0.0
mifal_controlled_degradation_v0,temporal_blocks_1m_rate_10,temporal_block_missingness,core,evaluated,20260614,observable_no_current_chla,test,3,all,bloom_h,mifal_probability_bloom_calibrated,0.135593220338983,True,4757,4757,1.0,883,0.18562118982552028,1698,0.35694765608576834,0.13062502967924824,2765,1109,294,589,0.3468786808009423,0.6670441676104191,0.7137325761486836,0.6270233724876388,0.5630975143403443,0.3090096158797247,0.31915256228502187,0.7019490215865446,0.14025654820056122,0.4561124004308929,0.33449389573533383,-0.05499616014627204,0.05499616014627204,0.6804708850115619,0.6620127608396831,2.3864977551418707,0.6620127608396831,0.05289956759680983,0.17791252387903417,0.0,0.0,-0.0007754560545635281,-0.004624763506411611,-0.0007957378037088403,-0.010192525481313663,0.003355704697986628,-0.0009173076921099588,-0.0062094163527249835,-0.004660039914444247,-0.002689980325450647,-0.0038722592934515854,0.0004136369422205466,0.001079333067013133,0.0006980830926771042,-0.0007754560545635281,0.0007754560545635281,0.0,-0.00014583688395952699,-0.00023298990049713808,-0.00014583688395952699,-0.000684186723441553,-4.3201758539085366e-05,0.0
mifal_controlled_degradation_v0,temporal_blocks_1m_rate_10,temporal_block_missingness,core,evaluated,20260614,observable_no_current_chla,test,3,wqp,bloom_h,mifal_probability_bloom_calibrated,0.135593220338983,True,4757,4757,1.0,883,0.18562118982552028,1698,0.35694765608576834,0.13062502967924824,2765,1109,294,589,0.3468786808009423,0.6670441676104191,0.7137325761486836,0.6270233724876388,0.5630975143403443,0.3090096158797247,0.31915256228502187,0.7019490215865446,0.14025654820056122,0.4561124004308929,0.33449389573533383,-0.05499616014627204,0.05499616014627204,0.6804708850115619,0.6620127608396831,2.3864977551418707,0.6620127608396831,0.05289956759680983,0.17791252387903417,0.0,0.0,-0.0007754560545635281,-0.004624763506411611,-0.0007957378037088403,-0.010192525481313663,0.003355704697986628,-0.0009173076921099588,-0.0062094163527249835,-0.004660039914444247,-0.002689980325450647,-0.0038722592934515854,0.0004136369422205466,0.001079333067013133,0.0006980830926771042,-0.0007754560545635281,0.0007754560545635281,0.0,-0.00014583688395952699,-0.00023298990049713808,-0.00014583688395952699,-0.000684186723441553,-4.3201758539085366e-05,0.0
mifal_controlled_degradation_v0,temporal_blocks_1m_rate_10,temporal_block_missingness,core,evaluated,20260614,observable_no_current_chla,validation,1,all,bloom_h,mifal_probability_bloom_calibrated,0.1496598639455782,True,3049,3049,1.0,410,0.13447031813709412,1130,0.37061331584125945,0.13340919860530703,1799,840,120,290,0.25663716814159293,0.7073170731707317,0.6816976127320955,0.5830023421072127,0.5234657039711191,0.27478999190166864,0.2345488705563832,0.7054838769304708,0.1069505256623473,0.41683284819108085,0.3029811764707417,-0.0010611195317870858,0.0010611195317870858,0.7277795998688095,0.6604034880302664,2.010987726996895,0.6604034880302664,0.04965782460257344,0.17818084636672527,0.0,0.0,-0.0010611195317870858,-0.00524762217120367,-0.0007799348252482408,-0.012195121951219523,0.004168245547555904,-0.0002455278163456809,-0.005967174707990575,-0.004873574445658058,-0.00256333280994836,-0.004610486233698974,0.00036374746651059164,0.0012728007896837812,0.0006356147826713232,-0.0010611195317870858,0.0010611195317870858,-0.0003279763857002571,-0.0001065958194551575,-0.00010910873872038707,-0.0001065958194551575,-0.0007260217114726589,-7.232513917534988e-05,0.0
mifal_controlled_degradation_v0,temporal_blocks_1m_rate_10,temporal_block_missingness,core,evaluated,20260614,observable_no_current_chla,validation,1,wqp,bloom_h,mifal_probability_bloom_calibrated,0.1496598639455782,True,3049,3049,1.0,410,0.13447031813709412,1130,0.37061331584125945,0.13340919860530703,1799,840,120,290,0.25663716814159293,0.7073170731707317,0.6816976127320955,0.5830023421072127,0.5234657039711191,0.27478999190166864,0.2345488705563832,0.7054838769304708,0.1069505256623473,0.41683284819108085,0.3029811764707417,-0.0010611195317870858,0.0010611195317870858,0.7277795998688095,0.6604034880302664,2.010987726996895,0.6604034880302664,0.04965782460257344,0.17818084636672527,0.0,0.0,-0.0010611195317870858,-0.00524762217120367,-0.0007799348252482408,-0.012195121951219523,0.004168245547555904,-0.0002455278163456809,-0.005967174707990575,-0.004873574445658058,-0.00256333280994836,-0.004610486233698974,0.00036374746651059164,0.0012728007896837812,0.0006356147826713232,-0.0010611195317870858,0.0010611195317870858,-0.0003279763857002571,-0.0001065958194551575,-0.00010910873872038707,-0.0001065958194551575,-0.0007260217114726589,-7.232513917534988e-05,0.0
mifal_controlled_degradation_v0,temporal_blocks_1m_rate_10,temporal_block_missingness,core,evaluated,20260614,observable_no_current_chla,validation,2,all,bloom_h,mifal_probability_bloom_calibrated,0.1111111111111111,True,3158,3158,1.0,441,0.1396453451551615,1291,0.40880303989867006,0.13850690973151447,1726,991,141,300,0.23237800154918667,0.6802721088435374,0.6352594773647405,0.5497372122736378,0.4909983633387888,0.22247011255254903,0.21693792408202575,0.666405440841531,0.11355457430958625,0.4260776739094288,0.31407636654031,-0.0011384354236470273,0.0011384354236470273,0.7232425585813806,0.6644875614719874,2.0373768685633946,0.6644875614719874,0.05002913573919088,0.17608499175358497,0.0,0.0,-0.0011384354236469996,-0.006649778340721946,-0.0016159008898377347,-0.015873015873015928,0.005152741994847276,-0.0005828989311107424,-0.008026344073434832,-0.007004341087189336,-0.0029885836969322788,-0.00901688119733246,0.0004012746813104595,0.0011396026094325773,0.0004414444534045492,-0.0011384354236469996,0.0011384354236469996,-0.0003166561114629207,-0.0001548235158580491,0.0005524767809728104,-0.0001548235158580491,-0.0007511841242415426,-5.01351208501144e-05,0.0
mifal_controlled_degradation_v0,temporal_blocks_1m_rate_10,temporal_block_missingness,core,evaluated,20260614,observable_no_current_chla,validation,2,wqp,bloom_h,mifal_probability_bloom_calibrated,0.1111111111111111,True,3158,3158,1.0,441,0.1396453451551615,1291,0.40880303989867006,0.13850690973151447,1726,991,141,300,0.23237800154918667,0.6802721088435374,0.6352594773647405,0.5497372122736378,0.4909983633387888,0.22247011255254903,0.21693792408202575,0.666405440841531,0.11355457430958625,0.4260776739094288,0.31407636654031,-0.0011384354236470273,0.0011384354236470273,0.7232425585813806,0.6644875614719874,2.0373768685633946,0.6644875614719874,0.05002913573919088,0.17608499175358497,0.0,0.0,-0.0011384354236469996,-0.006649778340721946,-0.0016159008898377347,-0.015873015873015928,0.005152741994847276,-0.0005828989311107424,-0.008026344073434832,-0.007004341087189336,-0.0029885836969322788,-0.00901688119733246,0.0004012746813104595,0.0011396026094325773,0.0004414444534045492,-0.0011384354236469996,0.0011384354236469996,-0.0003166561114629207,-0.0001548235158580491,0.0005524767809728104,-0.0001548235158580491,-0.0007511841242415426,-5.01351208501144e-05,0.0
mifal_controlled_degradation_v0,temporal_blocks_1m_rate_10,temporal_block_missingness,core,evaluated,20260614,observable_no_current_chla,validation,3,all,bloom_h,mifal_probability_bloom_calibrated,0.135593220338983,True,3184,3184,1.0,457,0.14353015075376885,1280,0.4020100502512563,0.14226235532743536,1759,968,145,312,0.24375,0.6827133479212254,0.645031169783645,0.5594516043976372,0.5019305019305019,0.2343676406123276,0.21977707017764953,0.6705736219136137,0.11585507710154329,0.4265308311483427,0.3172669219094408,-0.0012677954263334845,0.0012677954263334845,0.7217336683417085,0.6634391040996767,2.04771723250255,0.6634391040996767,0.049870698307443444,0.17659548333546313,0.0,0.0,-0.0012677954263335123,-0.007223618090452244,-0.002604566385264767,-0.01969365426695846,0.005133846718005208,-0.0016239953498375925,-0.010685275776300962,-0.009720371338203498,-0.0034974037802543156,-0.007145098171378095,0.0005743424109471013,0.0013919204082985526,0.0006844600458789096,-0.0012677954263335123,0.0012677954263334568,0.0,-0.00018836245371789406,0.0009504397048556434,-0.00018836245371789406,-0.000805939743648211,-4.191228298339178e-05,0.0
mifal_controlled_degradation_v0,temporal_blocks_1m_rate_10,temporal_block_missingness,core,evaluated,20260614,observable_no_current_chla,validation,3,wqp,bloom_h,mifal_probability_bloom_calibrated,0.135593220338983,True,3184,3184,1.0,457,0.14353015075376885,1280,0.4020100502512563,0.14226235532743536,1759,968,145,312,0.24375,0.6827133479212254,0.645031169783645,0.5594516043976372,0.5019305019305019,0.2343676406123276,0.21977707017764953,0.6705736219136137,0.11585507710154329,0.4265308311483427,0.3172669219094408,-0.0012677954263334845,0.0012677954263334845,0.7217336683417085,0.6634391040996767,2.04771723250255,0.6634391040996767,0.049870698307443444,0.17659548333546313,0.0,0.0,-0.0012677954263335123,-0.007223618090452244,-0.002604566385264767,-0.01969365426695846,0.005133846718005208,-0.0016239953498375925,-0.010685275776300962,-0.009720371338203498,-0.0034974037802543156,-0.007145098171378095,0.0005743424109471013,0.0013919204082985526,0.0006844600458789096,-0.0012677954263335123,0.0012677954263334568,0.0,-0.00018836245371789406,0.0009504397048556434,-0.00018836245371789406,-0.000805939743648211,-4.191228298339178e-05,0.0
mifal_controlled_degradation_v0,temporal_blocks_3m_rate_10,temporal_block_missingness,core,evaluated,20260612,observable_no_current_chla,test,1,all,bloom_h,mifal_probability_bloom_calibrated,0.1496598639455782,True,4673,4673,1.0,852,0.18232398887224482,1481,0.3169270276053927,0.1180393339770465,2912,909,280,572,0.38622552329507087,0.6713615023474179,0.7621041612143418,0.6604067432419457,0.5849867048476171,0.35971127160318284,0.35858898723801313,0.7381507925683737,0.13501128432456175,0.4539131314569397,0.32646513750282885,-0.06428465489519833,0.06428465489519833,0.6869248876524716,0.657623485092409,2.380568916999925,0.657623485092409,0.05163526640505946,0.18001259547398293,0.0,0.0,-0.0017567801647063869,-0.009629788144660811,0.0015597303723972056,-0.017605633802816878,0.007851347814708198,-4.439757335406025e-05,-0.009865342173055902,-0.005212351394838943,-0.0021823315502002005,-0.005635860877556964,0.0005889062501483189,0.0018358746341170518,0.0011198334476440475,-0.0017567801647063869,0.0017567801647063869,-0.00021399529210364143,-0.0005252105699002918,0.0023982185291058222,-0.0005252105699002918,-0.0016074410506504502,-6.677251795400574e-06,0.0
mifal_controlled_degradation_v0,temporal_blocks_3m_rate_10,temporal_block_missingness,core,evaluated,20260612,observable_no_current_chla,test,1,wqp,bloom_h,mifal_probability_bloom_calibrated,0.1496598639455782,True,4673,4673,1.0,852,0.18232398887224482,1481,0.3169270276053927,0.1180393339770465,2912,909,280,572,0.38622552329507087,0.6713615023474179,0.7621041612143418,0.6604067432419457,0.5849867048476171,0.35971127160318284,0.35858898723801313,0.7381507925683737,0.13501128432456175,0.4539131314569397,0.32646513750282885,-0.06428465489519833,0.06428465489519833,0.6869248876524716,0.657623485092409,2.380568916999925,0.657623485092409,0.05163526640505946,0.18001259547398293,0.0,0.0,-0.0017567801647063869,-0.009629788144660811,0.0015597303723972056,-0.017605633802816878,0.007851347814708198,-4.439757335406025e-05,-0.009865342173055902,-0.005212351394838943,-0.0021823315502002005,-0.005635860877556964,0.0005889062501483189,0.0018358746341170518,0.0011198334476440475,-0.0017567801647063869,0.0017567801647063869,-0.00021399529210364143,-0.0005252105699002918,0.0023982185291058222,-0.0005252105699002918,-0.0016074410506504502,-6.677251795400574e-06,0.0
mifal_controlled_degradation_v0,temporal_blocks_3m_rate_10,temporal_block_missingness,core,evaluated,20260612,observable_no_current_chla,test,2,all,bloom_h,mifal_probability_bloom_calibrated,0.1111111111111111,True,4710,4710,1.0,863,0.18322717622080678,1656,0.35159235668789807,0.1239496073187543,2785,1062,269,594,0.358695652173913,0.6882966396292005,0.7239407330387315,0.6393725610300134,0.5814408770555991,0.3340020789133019,0.32880987008029305,0.684068427309839,0.1388936958335947,0.4586733999143318,0.3351510994264559,-0.05927756890205248,0.05927756890205248,0.6825902335456475,0.6615748302371188,2.3727258499564012,0.6615748302371188,0.05166435046305065,0.17793300980725374,0.0,0.0,-0.0016250426765695575,-0.010828025477707004,0.0007577494205445179,-0.01969872537659323,0.008838055627761965,2.3530952476424893e-05,-0.010728147949246702,-0.006494756798186119,-0.0019143202358123945,-0.00788894809306484,0.0004906559699496549,0.0016029116429898682,0.001067224018494406,-0.0016250426765695575,0.0016250426765695575,0.0002123142250530785,-0.0005302139050256116,0.0018947843425203281,-0.0005302139050256116,-0.0016204393049075796,-3.0945822547812085e-06,0.0
mifal_controlled_degradation_v0,temporal_blocks_3m_rate_10,temporal_block_missingness,core,evaluated,20260612,observable_no_current_chla,test,2,wqp,bloom_h,mifal_probability_bloom_calibrated,0.1111111111111111,True,4710,4710,1.0,863,0.18322717622080678,1656,0.35159235668789807,0.1239496073187543,2785,1062,269,594,0.358695652173913,0.6882966396292005,0.7239407330387315,0.6393725610300134,0.5814408770555991,0.3340020789133019,0.32880987008029305,0.684068427309839,0.1388936958335947,0.4586733999143318,0.3351510994264559,-0.05927756890205248,0.05927756890205248,0.6825902335456475,0.6615748302371188,2.3727258499564012,0.6615748302371188,0.05166435046305065,0.17793300980725374,0.0,0.0,-0.0016250426765695575,-0.010828025477707004,0.0007577494205445179,-0.01969872537659323,0.008838055627761965,2.3530952476424893e-05,-0.010728147949246702,-0.006494756798186119,-0.0019143202358123945,-0.00788894809306484,0.0004906559699496549,0.0016029116429898682,0.001067224018494406,-0.0016250426765695575,0.0016250426765695575,0.0002123142250530785,-0.0005302139050256116,0.0018947843425203281,-0.0005302139050256116,-0.0016204393049075796,-3.0945822547812085e-06,0.0
mifal_controlled_degradation_v0,temporal_blocks_3m_rate_10,temporal_block_missingness,core,evaluated,20260612,observable_no_current_chla,test,3,all,bloom_h,mifal_probability_bloom_calibrated,0.135593220338983,True,4757,4757,1.0,883,0.18562118982552028,1671,0.3512718099642632,0.12977350991125366,2787,1087,299,584,0.3494913225613405,0.6613816534541337,0.7194114610221993,0.6290919585234791,0.5612146838362483,0.3101437694990829,0.32074946904644697,0.7020485613939899,0.14025303328023514,0.45671890579138785,0.3348577060416673,-0.05584767991426662,0.05584767991426662,0.6802606684885432,0.6616554931472124,2.389106305893525,0.6616554931472124,0.05194750897520059,0.1779356707052465,0.0,0.0,-0.0016269758225581077,-0.010300609627916735,0.0018169039566893752,-0.015855039637599044,0.009034589571502383,0.0011512783437302998,-0.008092246856820973,-0.003525886295086045,-0.0010930735640255484,-0.0037727194860063262,0.0004101220218944712,0.0016858384275080796,0.0010618933990105828,-0.0016269758225581077,0.0016269758225581077,-0.00021021652301878024,-0.0005031045764302133,0.00237556085115731,-0.0005031045764302133,-0.001636245345050795,-2.005493232676292e-05,0.0
mifal_controlled_degradation_v0,temporal_blocks_3m_rate_10,temporal_block_missingness,core,evaluated,20260612,observable_no_current_chla,test,3,wqp,bloom_h,mifal_probability_bloom_calibrated,0.135593220338983,True,4757,4757,1.0,883,0.18562118982552028,1671,0.3512718099642632,0.12977350991125366,2787,1087,299,584,0.3494913225613405,0.6613816534541337,0.7194114610221993,0.6290919585234791,0.5612146838362483,0.3101437694990829,0.32074946904644697,0.7020485613939899,0.14025303328023514,0.45671890579138785,0.3348577060416673,-0.05584767991426662,0.05584767991426662,0.6802606684885432,0.6616554931472124,2.389106305893525,0.6616554931472124,0.05194750897520059,0.1779356707052465,0.0,0.0,-0.0016269758225581077,-0.010300609627916735,0.0018169039566893752,-0.015855039637599044,0.009034589571502383,0.0011512783437302998,-0.008092246856820973,-0.003525886295086045,-0.0010930735640255484,-0.0037727194860063262,0.0004101220218944712,0.0016858384275080796,0.0010618933990105828,-0.0016269758225581077,0.0016269758225581077,-0.00021021652301878024,-0.0005031045764302133,0.00237556085115731,-0.0005031045764302133,-0.001636245345050795,-2.005493232676292e-05,0.0
mifal_controlled_degradation_v0,temporal_blocks_3m_rate_10,temporal_block_missingness,core,evaluated,20260612,observable_no_current_chla,validation,1,all,bloom_h,mifal_probability_bloom_calibrated,0.1496598639455782,True,3049,3049,1.0,410,0.13447031813709412,1113,0.3650377172843555,0.13237401994258394,1815,824,121,289,0.25965858041329737,0.7048780487804878,0.6877605153467222,0.5864783699127046,0.5248819469669451,0.2782302318563462,0.2362963209476001,0.7065310215436372,0.10670945493599608,0.41742607230778495,0.3032040646564048,-0.002096298194510182,0.002096298194510182,0.7281075762545097,0.6601862690563317,2.012727449529564,0.6601862690563317,0.0485845965334646,0.17810642267598195,0.0,0.0,-0.002096298194510182,-0.010823220728107596,0.002241477446456197,-0.014634146341463428,0.010231148162182624,0.0032304999891462627,-0.004550931712164585,-0.0014333344909804868,-0.0008158824187314562,-0.003563341620532512,0.00012267674015936647,0.0018660249063878753,0.0008585029683344514,-0.002096298194510182,0.002096298194510182,0.0,-0.00032381479338983166,0.0016306137939485765,-0.00032381479338983166,-0.001799249780581498,-0.00014674882991866367,0.0
mifal_controlled_degradation_v0,temporal_blocks_3m_rate_10,temporal_block_missingness,core,evaluated,20260612,observable_no_current_chla,validation,1,wqp,bloom_h,mifal_probability_bloom_calibrated,0.1496598639455782,True,3049,3049,1.0,410,0.13447031813709412,1113,0.3650377172843555,0.13237401994258394,1815,824,121,289,0.25965858041329737,0.7048780487804878,0.6877605153467222,0.5864783699127046,0.5248819469669451,0.2782302318563462,0.2362963209476001,0.7065310215436372,0.10670945493599608,0.41742607230778495,0.3032040646564048,-0.002096298194510182,0.002096298194510182,0.7281075762545097,0.6601862690563317,2.012727449529564,0.6601862690563317,0.0485845965334646,0.17810642267598195,0.0,0.0,-0.002096298194510182,-0.010823220728107596,0.002241477446456197,-0.014634146341463428,0.010231148162182624,0.0032304999891462627,-0.004550931712164585,-0.0014333344909804868,-0.0008158824187314562,-0.003563341620532512,0.00012267674015936647,0.0018660249063878753,0.0008585029683344514,-0.002096298194510182,0.002096298194510182,0.0,-0.00032381479338983166,0.0016306137939485765,-0.00032381479338983166,-0.001799249780581498,-0.00014674882991866367,0.0
mifal_controlled_degradation_v0,temporal_blocks_3m_rate_10,temporal_block_missingness,core,evaluated,20260612,observable_no_current_chla,validation,2,all,bloom_h,mifal_probability_bloom_calibrated,0.1111111111111111,True,3158,3158,1.0,441,0.1396453451551615,1271,0.40246991766941104,0.1374440139321201,1745,972,142,299,0.23524783634933125,0.6780045351473923,0.6422524843577475,0.5536677777146244,0.49258649093904444,0.2263622729486207,0.21948882389836827,0.6700229594966436,0.11329439954559878,0.4268175724063937,0.31449634852294844,-0.0022013312230413917,0.0022013312230413917,0.7238758708043065,0.6642403116646766,2.0382160350036713,0.6642403116646766,0.04888209625284632,0.17601641097003903,0.0,0.0,-0.002201331223041364,-0.01298290056998097,0.0012539339103068425,-0.01814058956916098,0.012145748987854255,0.003347666509875835,-0.006438216473179215,-0.0031121806911176553,-0.00043768388058976204,-0.005399362542219843,0.0001410999173229871,0.001879501106397452,0.000861426436042978,-0.002201331223041364,0.002201331223041364,0.0003166561114629207,-0.00040207332316888333,0.0013916432212495167,-0.00040207332316888333,-0.0018982236105861,-0.00011871590439604951,0.0
mifal_controlled_degradation_v0,temporal_blocks_3m_rate_10,temporal_block_missingness,core,evaluated,20260612,observable_no_current_chla,validation,2,wqp,bloom_h,mifal_probability_bloom_calibrated,0.1111111111111111,True,3158,3158,1.0,441,0.1396453451551615,1271,0.40246991766941104,0.1374440139321201,1745,972,142,299,0.23524783634933125,0.6780045351473923,0.6422524843577475,0.5536677777146244,0.49258649093904444,0.2263622729486207,0.21948882389836827,0.6700229594966436,0.11329439954559878,0.4268175724063937,0.31449634852294844,-0.0022013312230413917,0.0022013312230413917,0.7238758708043065,0.6642403116646766,2.0382160350036713,0.6642403116646766,0.04888209625284632,0.17601641097003903,0.0,0.0,-0.002201331223041364,-0.01298290056998097,0.0012539339103068425,-0.01814058956916098,0.012145748987854255,0.003347666509875835,-0.006438216473179215,-0.0031121806911176553,-0.00043768388058976204,-0.005399362542219843,0.0001410999173229871,0.001879501106397452,0.000861426436042978,-0.002201331223041364,0.002201331223041364,0.0003166561114629207,-0.00040207332316888333,0.0013916432212495167,-0.00040207332316888333,-0.0018982236105861,-0.00011871590439604951,0.0
mifal_controlled_degradation_v0,temporal_blocks_3m_rate_10,temporal_block_missingness,core,evaluated,20260612,observable_no_current_chla,validation,3,all,bloom_h,mifal_probability_bloom_calibrated,0.135593220338983,True,3184,3184,1.0,457,0.14353015075376885,1263,0.3966708542713568,0.14138067864045759,1776,951,145,312,0.24703087885985747,0.6827133479212254,0.6512651265126512,0.5634951767201697,0.5046910384988677,0.2393612189729496,0.2222693752187866,0.6737355354791495,0.11554641362575756,0.42682357887318084,0.3171817961909875,-0.0021494721133112626,0.0021494721133112626,0.7214195979899497,0.6632608308023432,2.0474390975050856,0.6632608308023432,0.04892306664507484,0.17652486971237813,0.0,0.0,-0.0021494721133112904,-0.012562814070351758,0.0006763124745927107,-0.01969365426695846,0.011367803447011382,0.0024195769726949035,-0.007924739207935239,-0.004726792977581495,-0.0010050987391172495,-0.003983184605842238,0.0002656789351613703,0.0016846681331366686,0.0005993343274256491,-0.0021494721133112904,0.002149472113311235,-0.0003140703517587884,-0.0003666357510513363,0.0006723047073911026,-0.0003666357510513363,-0.0017535714060168128,-0.00011252590606838919,0.0
mifal_controlled_degradation_v0,temporal_blocks_3m_rate_10,temporal_block_missingness,core,evaluated,20260612,observable_no_current_chla,validation,3,wqp,bloom_h,mifal_probability_bloom_calibrated,0.135593220338983,True,3184,3184,1.0,457,0.14353015075376885,1263,0.3966708542713568,0.14138067864045759,1776,951,145,312,0.24703087885985747,0.6827133479212254,0.6512651265126512,0.5634951767201697,0.5046910384988677,0.2393612189729496,0.2222693752187866,0.6737355354791495,0.11554641362575756,0.42682357887318084,0.3171817961909875,-0.0021494721133112626,0.0021494721133112626,0.7214195979899497,0.6632608308023432,2.0474390975050856,0.6632608308023432,0.04892306664507484,0.17652486971237813,0.0,0.0,-0.0021494721133112904,-0.012562814070351758,0.0006763124745927107,-0.01969365426695846,0.011367803447011382,0.0024195769726949035,-0.007924739207935239,-0.004726792977581495,-0.0010050987391172495,-0.003983184605842238,0.0002656789351613703,0.0016846681331366686,0.0005993343274256491,-0.0021494721133112904,0.002149472113311235,-0.0003140703517587884,-0.0003666357510513363,0.0006723047073911026,-0.0003666357510513363,-0.0017535714060168128,-0.00011252590606838919,0.0
mifal_controlled_degradation_v0,temporal_blocks_3m_rate_10,temporal_block_missingness,core,evaluated,20260613,observable_no_current_chla,test,1,all,bloom_h,mifal_probability_bloom_calibrated,0.1496598639455782,True,4673,4673,1.0,852,0.18232398887224482,1495,0.3199229616948427,0.1185479470922338,2902,919,276,576,0.38528428093645484,0.676056338028169,0.7594870452761058,0.660050346226952,0.5873954721599021,0.36053065191964406,0.3578225025803063,0.7388540656834666,0.1349511870464684,0.4535842422304953,0.32650092784341184,-0.06377604178001102,0.06377604178001102,0.6871388829445753,0.6577853772479306,2.3796502418791228,0.6577853772479306,0.052215482690365383,0.18002951452413762,0.0,0.0,-0.0012481670495190778,-0.0066338540552108305,0.000618488013781171,-0.012910798122065748,0.005234231876472206,-0.0004007945883477415,-0.007456574860770893,-0.0043929710783777165,-0.0029488162079070457,-0.00493258776246408,0.0005288089720549838,0.0015069854076726896,0.0011556237882270337,-0.0012481670495190778,0.0012481670495190778,0.0,-0.00036331841437864387,0.0014795434083034742,-0.00036331841437864387,-0.001027224765344524,1.0241798359289511e-05,0.0
mifal_controlled_degradation_v0,temporal_blocks_3m_rate_10,temporal_block_missingness,core,evaluated,20260613,observable_no_current_chla,test,1,wqp,bloom_h,mifal_probability_bloom_calibrated,0.1496598639455782,True,4673,4673,1.0,852,0.18232398887224482,1495,0.3199229616948427,0.1185479470922338,2902,919,276,576,0.38528428093645484,0.676056338028169,0.7594870452761058,0.660050346226952,0.5873954721599021,0.36053065191964406,0.3578225025803063,0.7388540656834666,0.1349511870464684,0.4535842422304953,0.32650092784341184,-0.06377604178001102,0.06377604178001102,0.6871388829445753,0.6577853772479306,2.3796502418791228,0.6577853772479306,0.052215482690365383,0.18002951452413762,0.0,0.0,-0.0012481670495190778,-0.0066338540552108305,0.000618488013781171,-0.012910798122065748,0.005234231876472206,-0.0004007945883477415,-0.007456574860770893,-0.0043929710783777165,-0.0029488162079070457,-0.00493258776246408,0.0005288089720549838,0.0015069854076726896,0.0011556237882270337,-0.0012481670495190778,0.0012481670495190778,0.0,-0.00036331841437864387,0.0014795434083034742,-0.00036331841437864387,-0.001027224765344524,1.0241798359289511e-05,0.0
mifal_controlled_degradation_v0,temporal_blocks_3m_rate_10,temporal_block_missingness,core,evaluated,20260613,observable_no_current_chla,test,2,all,bloom_h,mifal_probability_bloom_calibrated,0.1111111111111111,True,4710,4710,1.0,863,0.18322717622080678,1673,0.3552016985138004,0.12437838364306444,2773,1074,264,599,0.3580394500896593,0.694090382387022,0.7208214192877567,0.6390168671651175,0.584390243902439,0.3353913924288087,0.32802414253363515,0.6852735619484687,0.1388917504745227,0.4584537229795037,0.3350421901036634,-0.05884879257774234,0.05884879257774234,0.6823779193205944,0.6617303661719226,2.372735986742857,0.6617303661719226,0.052255023858700914,0.1779538387775442,0.0,0.0,-0.0011962663522594175,-0.007218683651804669,0.00010154733629080814,-0.01390498261877171,0.0057187418767871145,-0.0003321629124194425,-0.007778781102406818,-0.005105443282679312,-0.002700047782470294,-0.006683813454435139,0.0004887106108776573,0.0013832347081617624,0.0009583146957019006,-0.0011962663522594175,0.0011962663522594175,0.0,-0.00037467797022183724,0.0019049211289758894,-0.00037467797022183724,-0.0010297659092573172,1.7734388035678395e-05,0.0
mifal_controlled_degradation_v0,temporal_blocks_3m_rate_10,temporal_block_missingness,core,evaluated,20260613,observable_no_current_chla,test,2,wqp,bloom_h,mifal_probability_bloom_calibrated,0.1111111111111111,True,4710,4710,1.0,863,0.18322717622080678,1673,0.3552016985138004,0.12437838364306444,2773,1074,264,599,0.3580394500896593,0.694090382387022,0.7208214192877567,0.6390168671651175,0.584390243902439,0.3353913924288087,0.32802414253363515,0.6852735619484687,0.1388917504745227,0.4584537229795037,0.3350421901036634,-0.05884879257774234,0.05884879257774234,0.6823779193205944,0.6617303661719226,2.372735986742857,0.6617303661719226,0.052255023858700914,0.1779538387775442,0.0,0.0,-0.0011962663522594175,-0.007218683651804669,0.00010154733629080814,-0.01390498261877171,0.0057187418767871145,-0.0003321629124194425,-0.007778781102406818,-0.005105443282679312,-0.002700047782470294,-0.006683813454435139,0.0004887106108776573,0.0013832347081617624,0.0009583146957019006,-0.0011962663522594175,0.0011962663522594175,0.0,-0.00037467797022183724,0.0019049211289758894,-0.00037467797022183724,-0.0010297659092573172,1.7734388035678395e-05,0.0
mifal_controlled_degradation_v0,temporal_blocks_3m_rate_10,temporal_block_missingness,core,evaluated,20260613,observable_no_current_chla,test,3,all,bloom_h,mifal_probability_bloom_calibrated,0.135593220338983,True,4757,4757,1.0,883,0.18562118982552028,1685,0.35421484128652514,0.13016021898614805,2775,1099,297,586,0.34777448071216616,0.6636466591166478,0.716313887454827,0.6277036560632848,0.5616254552424765,0.3088788028825321,0.3190182227779462,0.7012908310536135,0.14034052008547468,0.45657691198392986,0.3348945378370805,-0.05546097083937224,0.05546097083937224,0.6800504519655245,0.6617826383480212,2.3888513082924865,0.6617826383480212,0.05255175916090763,0.17797377809094184,0.0,0.0,-0.0012402667476637264,-0.0073575783056548105,0.00010006210751500877,-0.013590033975084959,0.005937016004130102,-0.0002370241164639797,-0.007681475450592723,-0.004790852911636834,-0.0028243198325262897,-0.004530449826382732,0.0004976088271340107,0.0015438446200500833,0.0010987251944237775,-0.0012402667476637264,0.0012402667476637264,-0.00042043304603744946,-0.00037595937562140413,0.0021205632501186678,-0.00037595937562140413,-0.0010319951593437543,1.80524533685833e-05,0.0
mifal_controlled_degradation_v0,temporal_blocks_3m_rate_10,temporal_block_missingness,core,evaluated,20260613,observable_no_current_chla,test,3,wqp,bloom_h,mifal_probability_bloom_calibrated,0.135593220338983,True,4757,4757,1.0,883,0.18562118982552028,1685,0.35421484128652514,0.13016021898614805,2775,1099,297,586,0.34777448071216616,0.6636466591166478,0.716313887454827,0.6277036560632848,0.5616254552424765,0.3088788028825321,0.3190182227779462,0.7012908310536135,0.14034052008547468,0.45657691198392986,0.3348945378370805,-0.05546097083937224,0.05546097083937224,0.6800504519655245,0.6617826383480212,2.3888513082924865,0.6617826383480212,0.05255175916090763,0.17797377809094184,0.0,0.0,-0.0012402667476637264,-0.0073575783056548105,0.00010006210751500877,-0.013590033975084959,0.005937016004130102,-0.0002370241164639797,-0.007681475450592723,-0.004790852911636834,-0.0028243198325262897,-0.004530449826382732,0.0004976088271340107,0.0015438446200500833,0.0010987251944237775,-0.0012402667476637264,0.0012402667476637264,-0.00042043304603744946,-0.00037595937562140413,0.0021205632501186678,-0.00037595937562140413,-0.0010319951593437543,1.80524533685833e-05,0.0
mifal_controlled_degradation_v0,temporal_blocks_3m_rate_10,temporal_block_missingness,core,evaluated,20260613,observable_no_current_chla,validation,1,all,bloom_h,mifal_probability_bloom_calibrated,0.1496598639455782,True,3049,3049,1.0,410,0.13447031813709412,1106,0.36274188258445395,0.1320851070260873,1824,815,119,291,0.2631103074141049,0.7097560975609756,0.6911708980674498,0.5900319478883183,0.5298616168973053,0.2844873496324323,0.2392556807955124,0.7109728370872189,0.10637185549987235,0.4177658077873474,0.3034158157261194,-0.002385211111006813,0.002385211111006813,0.7274516234831092,0.6599934938443194,2.0133798625129726,0.6599934938443194,0.04873673888442689,0.17823197924117115,0.0,0.0,-0.002385211111006813,-0.013119055428009174,0.005693204447263733,-0.009756097560975618,0.013641530882910202,0.0067840779647598826,0.0004287382181955568,0.004823783285105576,0.0021434774291808345,0.0008784739230491834,-0.00021492269596436187,0.0022057603859503283,0.0010702540380490566,-0.002385211111006813,0.002385211111006813,-0.0006559527714005142,-0.0005165900054021622,0.0022830267773570334,-0.0005165900054021622,-0.00164710742961921,-2.1192264729463783e-05,0.0
mifal_controlled_degradation_v0,temporal_blocks_3m_rate_10,temporal_block_missingness,core,evaluated,20260613,observable_no_current_chla,validation,1,wqp,bloom_h,mifal_probability_bloom_calibrated,0.1496598639455782,True,3049,3049,1.0,410,0.13447031813709412,1106,0.36274188258445395,0.1320851070260873,1824,815,119,291,0.2631103074141049,0.7097560975609756,0.6911708980674498,0.5900319478883183,0.5298616168973053,0.2844873496324323,0.2392556807955124,0.7109728370872189,0.10637185549987235,0.4177658077873474,0.3034158157261194,-0.002385211111006813,0.002385211111006813,0.7274516234831092,0.6599934938443194,2.0133798625129726,0.6599934938443194,0.04873673888442689,0.17823197924117115,0.0,0.0,-0.002385211111006813,-0.013119055428009174,0.005693204447263733,-0.009756097560975618,0.013641530882910202,0.0067840779647598826,0.0004287382181955568,0.004823783285105576,0.0021434774291808345,0.0008784739230491834,-0.00021492269596436187,0.0022057603859503283,0.0010702540380490566,-0.002385211111006813,0.002385211111006813,-0.0006559527714005142,-0.0005165900054021622,0.0022830267773570334,-0.0005165900054021622,-0.00164710742961921,-2.1192264729463783e-05,0.0
mifal_controlled_degradation_v0,temporal_blocks_3m_rate_10,temporal_block_missingness,core,evaluated,20260613,observable_no_current_chla,validation,2,all,bloom_h,mifal_probability_bloom_calibrated,0.1111111111111111,True,3158,3158,1.0,441,0.1396453451551615,1269,0.40183660544648514,0.13729033308634417,1751,966,138,303,0.23877068557919623,0.6870748299319728,0.6444608023555392,0.5573493003024278,0.4995054401582591,0.2343945640978066,0.22305357010488536,0.6762026611650671,0.11284772882298848,0.4267933833122584,0.31462901280592037,-0.0023550120688173304,0.0023550120688173304,0.7229259024699176,0.6641160714722876,2.0386768641276105,0.6641160714722876,0.0491357507702876,0.17612325169965373,0.0,0.0,-0.0023550120688173026,-0.013616212792906868,0.004776783140171825,-0.009070294784580546,0.014354066985645897,0.007029189097679245,0.00048073274603543936,0.0049201104580682276,0.0031270623259273267,0.0007803391262036774,-0.00030557080528731406,0.0018553120122621891,0.0009940907190149062,-0.0023550120688173026,0.0023550120688173026,-0.0006333122229259525,-0.0005263135155578746,0.0018524723451887048,-0.0005263135155578746,-0.0016445690931448168,-1.1875174781350584e-05,0.0
mifal_controlled_degradation_v0,temporal_blocks_3m_rate_10,temporal_block_missingness,core,evaluated,20260613,observable_no_current_chla,validation,2,wqp,bloom_h,mifal_probability_bloom_calibrated,0.1111111111111111,True,3158,3158,1.0,441,0.1396453451551615,1269,0.40183660544648514,0.13729033308634417,1751,966,138,303,0.23877068557919623,0.6870748299319728,0.6444608023555392,0.5573493003024278,0.4995054401582591,0.2343945640978066,0.22305357010488536,0.6762026611650671,0.11284772882298848,0.4267933833122584,0.31462901280592037,-0.0023550120688173304,0.0023550120688173304,0.7229259024699176,0.6641160714722876,2.0386768641276105,0.6641160714722876,0.0491357507702876,0.17612325169965373,0.0,0.0,-0.0023550120688173026,-0.013616212792906868,0.004776783140171825,-0.009070294784580546,0.014354066985645897,0.007029189097679245,0.00048073274603543936,0.0049201104580682276,0.0031270623259273267,0.0007803391262036774,-0.00030557080528731406,0.0018553120122621891,0.0009940907190149062,-0.0023550120688173026,0.0023550120688173026,-0.0006333122229259525,-0.0005263135155578746,0.0018524723451887048,-0.0005263135155578746,-0.0016445690931448168,-1.1875174781350584e-05,0.0
mifal_controlled_degradation_v0,temporal_blocks_3m_rate_10,temporal_block_missingness,core,evaluated,20260613,observable_no_current_chla,validation,3,all,bloom_h,mifal_probability_bloom_calibrated,0.135593220338983,True,3184,3184,1.0,457,0.14353015075376885,1261,0.3960427135678392,0.1412279005070421,1783,944,140,317,0.2513877874702617,0.6936542669584245,0.6538320498716539,0.5679577403081852,0.5131110391712528,0.2491100170170654,0.22551784338470018,0.679716731702346,0.1149765969132919,0.4267853773740922,0.3173319670813639,-0.002302250246726756,0.002302250246726756,0.7211055276381909,0.6631593858538852,2.0473076509570856,0.6631593858538852,0.04903493442091801,0.17659555002995334,0.0,0.0,-0.0023022502467267836,-0.013190954773869334,0.0050332210849969305,-0.00875273522975939,0.013934726806014042,0.006882140560710459,0.000495261464449892,0.005022005066534302,0.0022433694267963433,0.001998011617354245,-0.00030413777730428637,0.0016464666340480494,0.0007495052178020378,-0.0023022502467267836,0.002302250246726728,-0.0006281407035175768,-0.0004680806995093212,0.0005408581593910888,-0.0004680806995093212,-0.0016417036301736437,-4.184558849318343e-05,0.0
mifal_controlled_degradation_v0,temporal_blocks_3m_rate_10,temporal_block_missingness,core,evaluated,20260613,observable_no_current_chla,validation,3,wqp,bloom_h,mifal_probability_bloom_calibrated,0.135593220338983,True,3184,3184,1.0,457,0.14353015075376885,1261,0.3960427135678392,0.1412279005070421,1783,944,140,317,0.2513877874702617,0.6936542669584245,0.6538320498716539,0.5679577403081852,0.5131110391712528,0.2491100170170654,0.22551784338470018,0.679716731702346,0.1149765969132919,0.4267853773740922,0.3173319670813639,-0.002302250246726756,0.002302250246726756,0.7211055276381909,0.6631593858538852,2.0473076509570856,0.6631593858538852,0.04903493442091801,0.17659555002995334,0.0,0.0,-0.0023022502467267836,-0.013190954773869334,0.0050332210849969305,-0.00875273522975939,0.013934726806014042,0.006882140560710459,0.000495261464449892,0.005022005066534302,0.0022433694267963433,0.001998011617354245,-0.00030413777730428637,0.0016464666340480494,0.0007495052178020378,-0.0023022502467267836,0.002302250246726728,-0.0006281407035175768,-0.0004680806995093212,0.0005408581593910888,-0.0004680806995093212,-0.0016417036301736437,-4.184558849318343e-05,0.0
mifal_controlled_degradation_v0,temporal_blocks_3m_rate_10,temporal_block_missingness,core,evaluated,20260614,observable_no_current_chla,test,1,all,bloom_h,mifal_probability_bloom_calibrated,0.1496598639455782,True,4673,4673,1.0,852,0.18232398887224482,1484,0.3175690134817034,0.11805348065132912,2900,921,289,563,0.3793800539083558,0.6607981220657277,0.7589636220884585,0.6547049957985657,0.5754292722812756,0.34815045081036244,0.3502319893843563,0.7310721390192326,0.13582598904919915,0.4546506475325898,0.32694512021535943,-0.0642705082209157,0.0642705082209157,0.6869248876524716,0.6577958546332988,2.3796028688414945,0.6577958546332988,0.0517445791222364,0.17993974527260576,0.0,0.0,-0.0017426334904237645,-0.008987802268350109,-0.005285739014317892,-0.028169014084507005,0.004710808688824897,-0.005746145016734094,-0.019422774739397353,-0.016773172187659335,-0.010539329403857045,-0.01271451442669802,0.001403610974785724,0.002573390709767198,0.0015998161601746275,-0.0017426334904237645,0.0017426334904237645,-0.00021399529210364143,-0.00035284102901045333,0.0014321703706752231,-0.00035284102901045333,-0.001498128333473507,-7.95274531725787e-05,0.0
mifal_controlled_degradation_v0,temporal_blocks_3m_rate_10,temporal_block_missingness,core,evaluated,20260614,observable_no_current_chla,test,1,wqp,bloom_h,mifal_probability_bloom_calibrated,0.1496598639455782,True,4673,4673,1.0,852,0.18232398887224482,1484,0.3175690134817034,0.11805348065132912,2900,921,289,563,0.3793800539083558,0.6607981220657277,0.7589636220884585,0.6547049957985657,0.5754292722812756,0.34815045081036244,0.3502319893843563,0.7310721390192326,0.13582598904919915,0.4546506475325898,0.32694512021535943,-0.0642705082209157,0.0642705082209157,0.6869248876524716,0.6577958546332988,2.3796028688414945,0.6577958546332988,0.0517445791222364,0.17993974527260576,0.0,0.0,-0.0017426334904237645,-0.008987802268350109,-0.005285739014317892,-0.028169014084507005,0.004710808688824897,-0.005746145016734094,-0.019422774739397353,-0.016773172187659335,-0.010539329403857045,-0.01271451442669802,0.001403610974785724,0.002573390709767198,0.0015998161601746275,-0.0017426334904237645,0.0017426334904237645,-0.00021399529210364143,-0.00035284102901045333,0.0014321703706752231,-0.00035284102901045333,-0.001498128333473507,-7.95274531725787e-05,0.0
mifal_controlled_degradation_v0,temporal_blocks_3m_rate_10,temporal_block_missingness,core,evaluated,20260614,observable_no_current_chla,test,2,all,bloom_h,mifal_probability_bloom_calibrated,0.1111111111111111,True,4710,4710,1.0,863,0.18322717622080678,1657,0.35180467091295115,0.12389585299288769,2777,1070,276,587,0.35425467712733855,0.6801853997682503,0.7218611905380816,0.63540027605245,0.5744764141710708,0.32570034450705343,0.321793229742806,0.6747386490383471,0.1395568881178594,0.459252536599352,0.33538774266305843,-0.05933132322791909,0.05933132322791909,0.6823779193205944,0.6617336133153968,2.373061448701235,0.6617336133153968,0.05177923464272587,0.17786792135485238,0.0,0.0,-0.001678797002436172,-0.010615711252653925,-0.0036832256260299623,-0.02780996523754342,0.006758513127112065,-0.003948754025086987,-0.017692610833775047,-0.014796491204434603,-0.008930960573299451,-0.01721872636455668,0.0011538482542143569,0.0021820483280100555,0.0013038672550969577,-0.001678797002436172,0.001678797002436172,0.0,-0.00037143082674762073,0.0022303830873542374,-0.00037143082674762073,-0.001505555125232358,-6.818303465613851e-05,0.0
mifal_controlled_degradation_v0,temporal_blocks_3m_rate_10,temporal_block_missingness,core,evaluated,20260614,observable_no_current_chla,test,2,wqp,bloom_h,mifal_probability_bloom_calibrated,0.1111111111111111,True,4710,4710,1.0,863,0.18322717622080678,1657,0.35180467091295115,0.12389585299288769,2777,1070,276,587,0.35425467712733855,0.6801853997682503,0.7218611905380816,0.63540027605245,0.5744764141710708,0.32570034450705343,0.321793229742806,0.6747386490383471,0.1395568881178594,0.459252536599352,0.33538774266305843,-0.05933132322791909,0.05933132322791909,0.6823779193205944,0.6617336133153968,2.373061448701235,0.6617336133153968,0.05177923464272587,0.17786792135485238,0.0,0.0,-0.001678797002436172,-0.010615711252653925,-0.0036832256260299623,-0.02780996523754342,0.006758513127112065,-0.003948754025086987,-0.017692610833775047,-0.014796491204434603,-0.008930960573299451,-0.01721872636455668,0.0011538482542143569,0.0021820483280100555,0.0013038672550969577,-0.001678797002436172,0.001678797002436172,0.0,-0.00037143082674762073,0.0022303830873542374,-0.00037143082674762073,-0.001505555125232358,-6.818303465613851e-05,0.0
mifal_controlled_degradation_v0,temporal_blocks_3m_rate_10,temporal_block_missingness,core,evaluated,20260614,observable_no_current_chla,test,3,all,bloom_h,mifal_probability_bloom_calibrated,0.135593220338983,True,4757,4757,1.0,883,0.18562118982552028,1670,0.3510615934412445,0.12969489727938785,2780,1094,307,576,0.3449101796407186,0.652321630804077,0.7176045431078988,0.6249848281790219,0.5536332179930796,0.3013343703336433,0.3151944748329243,0.696125285098964,0.14086219792048393,0.4572554898910684,0.3350258691786947,-0.05592629254613243,0.05592629254613243,0.6804708850115619,0.6618011304925197,2.387410956546244,0.6618011304925197,0.05209604432662056,0.1778834389236678,0.0,0.0,-0.001705588454423923,-0.01051082615093546,-0.002764238963932575,-0.02491506228765572,0.00722767165720184,-0.0029558520007268996,-0.015673712699989628,-0.012335285460525647,-0.006648067777548228,-0.009695995781032196,0.001019286662143265,0.0022224225271886278,0.0012300565360379712,-0.001705588454423923,0.001705588454423923,0.0,-0.0003574672311229543,0.0006802115038762047,-0.0003574672311229543,-0.0014877099936308272,-7.22867139054395e-05,0.0
mifal_controlled_degradation_v0,temporal_blocks_3m_rate_10,temporal_block_missingness,core,evaluated,20260614,observable_no_current_chla,test,3,wqp,bloom_h,mifal_probability_bloom_calibrated,0.135593220338983,True,4757,4757,1.0,883,0.18562118982552028,1670,0.3510615934412445,0.12969489727938785,2780,1094,307,576,0.3449101796407186,0.652321630804077,0.7176045431078988,0.6249848281790219,0.5536332179930796,0.3013343703336433,0.3151944748329243,0.696125285098964,0.14086219792048393,0.4572554898910684,0.3350258691786947,-0.05592629254613243,0.05592629254613243,0.6804708850115619,0.6618011304925197,2.387410956546244,0.6618011304925197,0.05209604432662056,0.1778834389236678,0.0,0.0,-0.001705588454423923,-0.01051082615093546,-0.002764238963932575,-0.02491506228765572,0.00722767165720184,-0.0029558520007268996,-0.015673712699989628,-0.012335285460525647,-0.006648067777548228,-0.009695995781032196,0.001019286662143265,0.0022224225271886278,0.0012300565360379712,-0.001705588454423923,0.001705588454423923,0.0,-0.0003574672311229543,0.0006802115038762047,-0.0003574672311229543,-0.0014877099936308272,-7.22867139054395e-05,0.0
mifal_controlled_degradation_v0,temporal_blocks_3m_rate_10,temporal_block_missingness,core,evaluated,20260614,observable_no_current_chla,validation,1,all,bloom_h,mifal_probability_bloom_calibrated,0.1496598639455782,True,3049,3049,1.0,410,0.13447031813709412,1114,0.3653656936700558,0.13230691086760513,1805,834,130,280,0.2513464991023339,0.6829268292682927,0.6839712012125805,0.5783488093721559,0.5083514887436457,0.259940484351558,0.2267913913716158,0.6933238754517139,0.10800595774475288,0.4186873629155079,0.3040503510439654,-0.0021634072694889928,0.0021634072694889928,0.727123647097409,0.6602335522096594,2.011839887791543,0.6602335522096594,0.0487827941022323,0.17811531372483544,0.0,0.0,-0.0021634072694889928,-0.01049524434240734,-0.006070603864507251,-0.03658536585365846,0.0064418340280408826,-0.004899060551402434,-0.021081389935464045,-0.01972308199576872,-0.010320811994715767,-0.016770487712455817,0.001419179548916169,0.003127315514110829,0.00170478935589502,-0.0021634072694889928,0.0021634072694889928,-0.0009839291571007713,-0.0002765316400621387,0.0007430520559275067,-0.0002765316400621387,-0.0016010522118137943,-0.000137857781065176,0.0
mifal_controlled_degradation_v0,temporal_blocks_3m_rate_10,temporal_block_missingness,core,evaluated,20260614,observable_no_current_chla,validation,1,wqp,bloom_h,mifal_probability_bloom_calibrated,0.1496598639455782,True,3049,3049,1.0,410,0.13447031813709412,1114,0.3653656936700558,0.13230691086760513,1805,834,130,280,0.2513464991023339,0.6829268292682927,0.6839712012125805,0.5783488093721559,0.5083514887436457,0.259940484351558,0.2267913913716158,0.6933238754517139,0.10800595774475288,0.4186873629155079,0.3040503510439654,-0.0021634072694889928,0.0021634072694889928,0.727123647097409,0.6602335522096594,2.011839887791543,0.6602335522096594,0.0487827941022323,0.17811531372483544,0.0,0.0,-0.0021634072694889928,-0.01049524434240734,-0.006070603864507251,-0.03658536585365846,0.0064418340280408826,-0.004899060551402434,-0.021081389935464045,-0.01972308199576872,-0.010320811994715767,-0.016770487712455817,0.001419179548916169,0.003127315514110829,0.00170478935589502,-0.0021634072694889928,0.0021634072694889928,-0.0009839291571007713,-0.0002765316400621387,0.0007430520559275067,-0.0002765316400621387,-0.0016010522118137943,-0.000137857781065176,0.0
mifal_controlled_degradation_v0,temporal_blocks_3m_rate_10,temporal_block_missingness,core,evaluated,20260614,observable_no_current_chla,validation,2,all,bloom_h,mifal_probability_bloom_calibrated,0.1111111111111111,True,3158,3158,1.0,441,0.1396453451551615,1272,0.40278657378087396,0.13744513547932663,1736,981,150,291,0.22877358490566038,0.6598639455782312,0.63894000736106,0.547022748051697,0.4792490118577075,0.21117186361614096,0.21143046812117872,0.6536087137590897,0.11426784531939699,0.42777355068040496,0.3150986387422295,-0.002200209675834869,0.002200209675834869,0.7229259024699176,0.6643175964186955,2.039538058822861,0.6643175964186955,0.04916611959313923,0.176023383245026,0.0,0.0,-0.002200209675834841,-0.01266624445851805,-0.005220317533364022,-0.03628117913832207,0.008833271991166791,-0.0032973631530515135,-0.019775695554516137,-0.01830259002359741,-0.008496039657779314,-0.021813608279773744,0.0011145456911211965,0.002835479380408734,0.001463716655324021,-0.002200209675834841,0.002200209675834841,-0.0006333122229259525,-0.0003247885691499697,0.0027136670404392937,-0.0003247885691499697,-0.0016142002702931868,-0.0001117436294090779,0.0
mifal_controlled_degradation_v0,temporal_blocks_3m_rate_10,temporal_block_missingness,core,evaluated,20260614,observable_no_current_chla,validation,2,wqp,bloom_h,mifal_probability_bloom_calibrated,0.1111111111111111,True,3158,3158,1.0,441,0.1396453451551615,1272,0.40278657378087396,0.13744513547932663,1736,981,150,291,0.22877358490566038,0.6598639455782312,0.63894000736106,0.547022748051697,0.4792490118577075,0.21117186361614096,0.21143046812117872,0.6536087137590897,0.11426784531939699,0.42777355068040496,0.3150986387422295,-0.002200209675834869,0.002200209675834869,0.7229259024699176,0.6643175964186955,2.039538058822861,0.6643175964186955,0.04916611959313923,0.176023383245026,0.0,0.0,-0.002200209675834841,-0.01266624445851805,-0.005220317533364022,-0.03628117913832207,0.008833271991166791,-0.0032973631530515135,-0.019775695554516137,-0.01830259002359741,-0.008496039657779314,-0.021813608279773744,0.0011145456911211965,0.002835479380408734,0.001463716655324021,-0.002200209675834841,0.002200209675834841,-0.0006333122229259525,-0.0003247885691499697,0.0027136670404392937,-0.0003247885691499697,-0.0016142002702931868,-0.0001117436294090779,0.0
mifal_controlled_degradation_v0,temporal_blocks_3m_rate_10,temporal_block_missingness,core,evaluated,20260614,observable_no_current_chla,validation,3,all,bloom_h,mifal_probability_bloom_calibrated,0.135593220338983,True,3184,3184,1.0,457,0.14353015075376885,1261,0.3960427135678392,0.1412043307159574,1772,955,151,306,0.24266455194290246,0.6695842450765864,0.6497983131646498,0.5591893549638866,0.4953059242473292,0.22896266893103004,0.21726704695822113,0.6658819054771999,0.11620723637703037,0.4279078704941176,0.31813843767350447,-0.0023258200378114546,0.0023258200378114546,0.7217336683417085,0.6632651692739763,2.048093893345846,0.6632651692739763,0.049029841068300536,0.17653988839617973,0.0,0.0,-0.0023258200378114824,-0.013190954773869334,-0.003690014442362305,-0.032822757111597434,0.00990099009900991,-0.0018862447835882312,-0.017309853459473667,-0.015125343019501053,-0.006007426999682708,-0.011836814607791846,0.0009265016864341835,0.00276895975407343,0.0015559758099426002,-0.0023258200378114824,0.002325820037811427,0.0,-0.0003622972794182777,0.0013271005481514386,-0.0003622972794182777,-0.0016467969827911183,-9.750722226678499e-05,0.0
mifal_controlled_degradation_v0,temporal_blocks_3m_rate_10,temporal_block_missingness,core,evaluated,20260614,observable_no_current_chla,validation,3,wqp,bloom_h,mifal_probability_bloom_calibrated,0.135593220338983,True,3184,3184,1.0,457,0.14353015075376885,1261,0.3960427135678392,0.1412043307159574,1772,955,151,306,0.24266455194290246,0.6695842450765864,0.6497983131646498,0.5591893549638866,0.4953059242473292,0.22896266893103004,0.21726704695822113,0.6658819054771999,0.11620723637703037,0.4279078704941176,0.31813843767350447,-0.0023258200378114546,0.0023258200378114546,0.7217336683417085,0.6632651692739763,2.048093893345846,0.6632651692739763,0.049029841068300536,0.17653988839617973,0.0,0.0,-0.0023258200378114824,-0.013190954773869334,-0.003690014442362305,-0.032822757111597434,0.00990099009900991,-0.0018862447835882312,-0.017309853459473667,-0.015125343019501053,-0.006007426999682708,-0.011836814607791846,0.0009265016864341835,0.00276895975407343,0.0015559758099426002,-0.0023258200378114824,0.002325820037811427,0.0,-0.0003622972794182777,0.0013271005481514386,-0.0003622972794182777,-0.0016467969827911183,-9.750722226678499e-05,0.0
mifal_controlled_degradation_v0,temporal_blocks_6m_rate_25,temporal_block_missingness,core,evaluated,20260612,observable_no_current_chla,test,1,all,bloom_h,mifal_probability_bloom_calibrated,0.1496598639455782,True,4673,4673,1.0,852,0.18232398887224482,1348,0.2884656537556174,0.11284574457568046,2984,837,341,511,0.37908011869436203,0.5997652582159625,0.7809473959696415,0.6498489937154924,0.5372161480235491,0.3244627595339799,0.3418548491743758,0.7097417226029122,0.13782201222758061,0.4610945944850122,0.33100984298635316,-0.06947824429656436,0.06947824429656436,0.6871388829445753,0.6569396688993697,2.3849007419920936,0.6569396688993697,0.047776298436195366,0.17968862228716367,0.0,0.0,-0.006950369566072423,-0.03809116199443613,-0.005585674228311632,-0.08920187793427226,0.026694582570007896,-0.010602147099807335,-0.05763589899712385,-0.040460863464041874,-0.018916469613837528,-0.034044930843018406,0.003399634153167186,0.009017337662189595,0.005664538931168361,-0.006950369566072423,0.006950369566072423,0.0,-0.0012090267629395468,0.006730043521274265,-0.0012090267629395468,-0.005466409019514541,-0.00033065043861466026,0.0
mifal_controlled_degradation_v0,temporal_blocks_6m_rate_25,temporal_block_missingness,core,evaluated,20260612,observable_no_current_chla,test,1,wqp,bloom_h,mifal_probability_bloom_calibrated,0.1496598639455782,True,4673,4673,1.0,852,0.18232398887224482,1348,0.2884656537556174,0.11284574457568046,2984,837,341,511,0.37908011869436203,0.5997652582159625,0.7809473959696415,0.6498489937154924,0.5372161480235491,0.3244627595339799,0.3418548491743758,0.7097417226029122,0.13782201222758061,0.4610945944850122,0.33100984298635316,-0.06947824429656436,0.06947824429656436,0.6871388829445753,0.6569396688993697,2.3849007419920936,0.6569396688993697,0.047776298436195366,0.17968862228716367,0.0,0.0,-0.006950369566072423,-0.03809116199443613,-0.005585674228311632,-0.08920187793427226,0.026694582570007896,-0.010602147099807335,-0.05763589899712385,-0.040460863464041874,-0.018916469613837528,-0.034044930843018406,0.003399634153167186,0.009017337662189595,0.005664538931168361,-0.006950369566072423,0.006950369566072423,0.0,-0.0012090267629395468,0.006730043521274265,-0.0012090267629395468,-0.005466409019514541,-0.00033065043861466026,0.0
mifal_controlled_degradation_v0,temporal_blocks_6m_rate_25,temporal_block_missingness,core,evaluated,20260612,observable_no_current_chla,test,2,all,bloom_h,mifal_probability_bloom_calibrated,0.1111111111111111,True,4710,4710,1.0,863,0.18322717622080678,1520,0.3227176220806794,0.11928716689274964,2867,980,323,540,0.35526315789473684,0.6257242178447276,0.7452560436703926,0.6340230533757454,0.5430410297666934,0.3069729858793126,0.31654698435849715,0.6471184450660715,0.1409611909356085,0.46456819775031105,0.3387271268187295,-0.06394000932805714,0.06394000932805714,0.6817409766454352,0.6608870842771235,2.3761767362361677,0.6608870842771235,0.04790655709557153,0.1776365437037325,0.0,0.0,-0.006287483102574223,-0.03970276008492568,-0.0026747448586316724,-0.0822711471610661,0.030153366259422998,-0.005325976701791579,-0.04912799523815237,-0.033523849832175434,-0.014177205957608296,-0.04483893033683228,0.0025581510719634437,0.007497709478969106,0.004643251410768046,-0.006287483102574223,0.006287483102574223,-0.0006369426751592355,-0.0012179598650209345,0.005345670622286747,-0.0012179598650209345,-0.0053782326723866986,-0.00029956068577602357,0.0
mifal_controlled_degradation_v0,temporal_blocks_6m_rate_25,temporal_block_missingness,core,evaluated,20260612,observable_no_current_chla,test,2,wqp,bloom_h,mifal_probability_bloom_calibrated,0.1111111111111111,True,4710,4710,1.0,863,0.18322717622080678,1520,0.3227176220806794,0.11928716689274964,2867,980,323,540,0.35526315789473684,0.6257242178447276,0.7452560436703926,0.6340230533757454,0.5430410297666934,0.3069729858793126,0.31654698435849715,0.6471184450660715,0.1409611909356085,0.46456819775031105,0.3387271268187295,-0.06394000932805714,0.06394000932805714,0.6817409766454352,0.6608870842771235,2.3761767362361677,0.6608870842771235,0.04790655709557153,0.1776365437037325,0.0,0.0,-0.006287483102574223,-0.03970276008492568,-0.0026747448586316724,-0.0822711471610661,0.030153366259422998,-0.005325976701791579,-0.04912799523815237,-0.033523849832175434,-0.014177205957608296,-0.04483893033683228,0.0025581510719634437,0.007497709478969106,0.004643251410768046,-0.006287483102574223,0.006287483102574223,-0.0006369426751592355,-0.0012179598650209345,0.005345670622286747,-0.0012179598650209345,-0.0053782326723866986,-0.00029956068577602357,0.0
mifal_controlled_degradation_v0,temporal_blocks_6m_rate_25,temporal_block_missingness,core,evaluated,20260612,observable_no_current_chla,test,3,all,bloom_h,mifal_probability_bloom_calibrated,0.135593220338983,True,4757,4757,1.0,883,0.18562118982552028,1535,0.3226823628337187,0.12494280361134115,2870,1004,352,531,0.34592833876221496,0.6013590033975085,0.7408363448631905,0.6240561907452841,0.5239786856127886,0.28458847179582486,0.3116948365942198,0.6824968091718112,0.14236420765035285,0.46265660734784103,0.33876126312773125,-0.060678386214179134,0.060678386214179134,0.6800504519655245,0.6608907180802615,2.3907725263913178,0.6608907180802615,0.0482523755530027,0.17769132063418686,0.0,0.0,-0.006457682122470623,-0.038890056758461244,-0.0017460798424361879,-0.07587768969422426,0.030459473412493554,-0.003884489434464733,-0.04532824508028066,-0.029081183998344085,-0.0101477060162527,-0.02332447170818497,0.002521296392012179,0.007623539983961258,0.0049654504850745185,-0.006457682122470623,0.006457682122470623,-0.00042043304603744946,-0.0012678796433811534,0.0040417813489499466,-0.0012678796433811534,-0.005331378767248686,-0.0002644050033863976,0.0
mifal_controlled_degradation_v0,temporal_blocks_6m_rate_25,temporal_block_missingness,core,evaluated,20260612,observable_no_current_chla,test,3,wqp,bloom_h,mifal_probability_bloom_calibrated,0.135593220338983,True,4757,4757,1.0,883,0.18562118982552028,1535,0.3226823628337187,0.12494280361134115,2870,1004,352,531,0.34592833876221496,0.6013590033975085,0.7408363448631905,0.6240561907452841,0.5239786856127886,0.28458847179582486,0.3116948365942198,0.6824968091718112,0.14236420765035285,0.46265660734784103,0.33876126312773125,-0.060678386214179134,0.060678386214179134,0.6800504519655245,0.6608907180802615,2.3907725263913178,0.6608907180802615,0.0482523755530027,0.17769132063418686,0.0,0.0,-0.006457682122470623,-0.038890056758461244,-0.0017460798424361879,-0.07587768969422426,0.030459473412493554,-0.003884489434464733,-0.04532824508028066,-0.029081183998344085,-0.0101477060162527,-0.02332447170818497,0.002521296392012179,0.007623539983961258,0.0049654504850745185,-0.006457682122470623,0.006457682122470623,-0.00042043304603744946,-0.0012678796433811534,0.0040417813489499466,-0.0012678796433811534,-0.005331378767248686,-0.0002644050033863976,0.0
mifal_controlled_degradation_v0,temporal_blocks_6m_rate_25,temporal_block_missingness,core,evaluated,20260612,observable_no_current_chla,validation,1,all,bloom_h,mifal_probability_bloom_calibrated,0.1496598639455782,True,3049,3049,1.0,410,0.13447031813709412,1021,0.3348638897999344,0.12650286787621493,1871,768,157,253,0.24779627815866798,0.6170731707317073,0.7089806744979159,0.5776993766692615,0.4753851935362645,0.23569702639565507,0.2155317538593487,0.6713403081359348,0.10959070701556828,0.42494087148865156,0.3073789501758407,-0.007967450260879194,0.007967450260879194,0.7274516234831092,0.6593225847848057,2.0161118707050547,0.6593225847848057,0.04527797788472413,0.17797416770358943,0.0,0.0,-0.007967450260879194,-0.0409970482125287,-0.009620824808173195,-0.10243902439024388,0.03145130731337631,-0.005548493254296849,-0.05404768514284519,-0.04396653995167163,-0.021580449506982874,-0.038754055028234924,0.0030039288197315633,0.009380824087254491,0.005033388487770352,-0.007967450260879194,0.007967450260879194,-0.0006559527714005142,-0.0011874990649158867,0.005015034969439114,-0.0011874990649158867,-0.005105868429321966,-0.0002790038023111896,0.0
mifal_controlled_degradation_v0,temporal_blocks_6m_rate_25,temporal_block_missingness,core,evaluated,20260612,observable_no_current_chla,validation,1,wqp,bloom_h,mifal_probability_bloom_calibrated,0.1496598639455782,True,3049,3049,1.0,410,0.13447031813709412,1021,0.3348638897999344,0.12650286787621493,1871,768,157,253,0.24779627815866798,0.6170731707317073,0.7089806744979159,0.5776993766692615,0.4753851935362645,0.23569702639565507,0.2155317538593487,0.6713403081359348,0.10959070701556828,0.42494087148865156,0.3073789501758407,-0.007967450260879194,0.007967450260879194,0.7274516234831092,0.6593225847848057,2.0161118707050547,0.6593225847848057,0.04527797788472413,0.17797416770358943,0.0,0.0,-0.007967450260879194,-0.0409970482125287,-0.009620824808173195,-0.10243902439024388,0.03145130731337631,-0.005548493254296849,-0.05404768514284519,-0.04396653995167163,-0.021580449506982874,-0.038754055028234924,0.0030039288197315633,0.009380824087254491,0.005033388487770352,-0.007967450260879194,0.007967450260879194,-0.0006559527714005142,-0.0011874990649158867,0.005015034969439114,-0.0011874990649158867,-0.005105868429321966,-0.0002790038023111896,0.0
mifal_controlled_degradation_v0,temporal_blocks_6m_rate_25,temporal_block_missingness,core,evaluated,20260612,observable_no_current_chla,validation,2,all,bloom_h,mifal_probability_bloom_calibrated,0.1111111111111111,True,3158,3158,1.0,441,0.1396453451551615,1175,0.3720709309689677,0.13243376872741147,1814,903,169,272,0.23148936170212767,0.6167800453514739,0.6676481413323518,0.554274278491679,0.46274242939775434,0.2039653787031096,0.20745118844160632,0.6331642459462008,0.11481655058827174,0.4321140283015651,0.3177793886486322,-0.007211576427750027,0.007211576427750027,0.7232425585813806,0.6634698462381766,2.040233331338313,0.6634698462381766,0.04575446284497443,0.17587405554226068,0.0,0.0,-0.007211576427749999,-0.0433818872704243,-0.0025045407368967376,-0.07936507936507942,0.037541405962458585,0.003954167286930432,-0.036282278014469316,-0.025509074936628767,-0.012475319337351715,-0.04225807609266263,0.0016632509599959489,0.007175957001568867,0.004144466561726734,-0.007211576427749999,0.007211576427749999,-0.0003166561114629207,-0.0011725387496688278,0.003408939555891166,-0.0011725387496688278,-0.005025857018457987,-0.0002610713321744007,0.0
mifal_controlled_degradation_v0,temporal_blocks_6m_rate_25,temporal_block_missingness,core,evaluated,20260612,observable_no_current_chla,validation,2,wqp,bloom_h,mifal_probability_bloom_calibrated,0.1111111111111111,True,3158,3158,1.0,441,0.1396453451551615,1175,0.3720709309689677,0.13243376872741147,1814,903,169,272,0.23148936170212767,0.6167800453514739,0.6676481413323518,0.554274278491679,0.46274242939775434,0.2039653787031096,0.20745118844160632,0.6331642459462008,0.11481655058827174,0.4321140283015651,0.3177793886486322,-0.007211576427750027,0.007211576427750027,0.7232425585813806,0.6634698462381766,2.040233331338313,0.6634698462381766,0.04575446284497443,0.17587405554226068,0.0,0.0,-0.007211576427749999,-0.0433818872704243,-0.0025045407368967376,-0.07936507936507942,0.037541405962458585,0.003954167286930432,-0.036282278014469316,-0.025509074936628767,-0.012475319337351715,-0.04225807609266263,0.0016632509599959489,0.007175957001568867,0.004144466561726734,-0.007211576427749999,0.007211576427749999,-0.0003166561114629207,-0.0011725387496688278,0.003408939555891166,-0.0011725387496688278,-0.005025857018457987,-0.0002610713321744007,0.0
mifal_controlled_degradation_v0,temporal_blocks_6m_rate_25,temporal_block_missingness,core,evaluated,20260612,observable_no_current_chla,validation,3,all,bloom_h,mifal_probability_bloom_calibrated,0.135593220338983,True,3184,3184,1.0,457,0.14353015075376885,1169,0.3671482412060301,0.13633004323168615,1843,884,172,285,0.24379811804961504,0.6236323851203501,0.6758342500916759,0.5639313288957437,0.4754754754754755,0.21782329891247856,0.2123125613826101,0.6544791970079574,0.11697201501260167,0.43174637903486873,0.319810636567168,-0.007200107522082694,0.007200107522082694,0.7217336683417085,0.6625772789675003,2.0479601268422445,0.6625772789675003,0.045722719940082174,0.17632681728680055,0.0,0.0,-0.0072001075220827215,-0.04208542713567842,-0.002556448335649719,-0.07877461706783373,0.035936927026036014,0.002855729148268926,-0.037140302231327416,-0.02626471303805253,-0.010961912575293747,-0.023239523077034363,0.0016912803220054812,0.006607468294824559,0.003228174703606146,-0.0072001075220827215,0.007200107522082666,0.0,-0.0010501875858942578,0.0011933340445500207,-0.0010501875858942578,-0.004953918111009481,-0.0003105783316459665,0.0
mifal_controlled_degradation_v0,temporal_blocks_6m_rate_25,temporal_block_missingness,core,evaluated,20260612,observable_no_current_chla,validation,3,wqp,bloom_h,mifal_probability_bloom_calibrated,0.135593220338983,True,3184,3184,1.0,457,0.14353015075376885,1169,0.3671482412060301,0.13633004323168615,1843,884,172,285,0.24379811804961504,0.6236323851203501,0.6758342500916759,0.5639313288957437,0.4754754754754755,0.21782329891247856,0.2123125613826101,0.6544791970079574,0.11697201501260167,0.43174637903486873,0.319810636567168,-0.007200107522082694,0.007200107522082694,0.7217336683417085,0.6625772789675003,2.0479601268422445,0.6625772789675003,0.045722719940082174,0.17632681728680055,0.0,0.0,-0.0072001075220827215,-0.04208542713567842,-0.002556448335649719,-0.07877461706783373,0.035936927026036014,0.002855729148268926,-0.037140302231327416,-0.02626471303805253,-0.010961912575293747,-0.023239523077034363,0.0016912803220054812,0.006607468294824559,0.003228174703606146,-0.0072001075220827215,0.007200107522082666,0.0,-0.0010501875858942578,0.0011933340445500207,-0.0010501875858942578,-0.004953918111009481,-0.0003105783316459665,0.0
mifal_controlled_degradation_v0,temporal_blocks_6m_rate_25,temporal_block_missingness,core,evaluated,20260613,observable_no_current_chla,test,1,all,bloom_h,mifal_probability_bloom_calibrated,0.1496598639455782,True,4673,4673,1.0,852,0.18232398887224482,1382,0.29574149368713887,0.11442244827637524,2966,855,325,527,0.38133140376266283,0.6185446009389671,0.7762365872808166,0.652941351220981,0.5501043841336116,0.33400025887146045,0.3461789713015449,0.7170378548004419,0.1369714578286007,0.4585148506406207,0.3294782921429535,-0.06790154059586959,0.06790154059586959,0.6864968970682644,0.6568673604526588,2.3863032580143195,0.6568673604526588,0.04912684123573766,0.1799683750092425,0.0,0.0,-0.005373665865377644,-0.030815322062914652,-0.003334389160010831,-0.07042253521126762,0.021983773881183,-0.007509789594318805,-0.044747662887061335,-0.030923364126561326,-0.014592347486668433,-0.026748798645488736,0.002549079754187278,0.006437593817798071,0.004132988087768685,-0.005373665865377644,0.005373665865377644,-0.0006419858763108133,-0.0012813352096504582,0.008132559543500228,-0.0012813352096504582,-0.0041158662199722446,-5.0897716535824866e-05,0.0
mifal_controlled_degradation_v0,temporal_blocks_6m_rate_25,temporal_block_missingness,core,evaluated,20260613,observable_no_current_chla,test,1,wqp,bloom_h,mifal_probability_bloom_calibrated,0.1496598639455782,True,4673,4673,1.0,852,0.18232398887224482,1382,0.29574149368713887,0.11442244827637524,2966,855,325,527,0.38133140376266283,0.6185446009389671,0.7762365872808166,0.652941351220981,0.5501043841336116,0.33400025887146045,0.3461789713015449,0.7170378548004419,0.1369714578286007,0.4585148506406207,0.3294782921429535,-0.06790154059586959,0.06790154059586959,0.6864968970682644,0.6568673604526588,2.3863032580143195,0.6568673604526588,0.04912684123573766,0.1799683750092425,0.0,0.0,-0.005373665865377644,-0.030815322062914652,-0.003334389160010831,-0.07042253521126762,0.021983773881183,-0.007509789594318805,-0.044747662887061335,-0.030923364126561326,-0.014592347486668433,-0.026748798645488736,0.002549079754187278,0.006437593817798071,0.004132988087768685,-0.005373665865377644,0.005373665865377644,-0.0006419858763108133,-0.0012813352096504582,0.008132559543500228,-0.0012813352096504582,-0.0041158662199722446,-5.0897716535824866e-05,0.0
mifal_controlled_degradation_v0,temporal_blocks_6m_rate_25,temporal_block_missingness,core,evaluated,20260613,observable_no_current_chla,test,2,all,bloom_h,mifal_probability_bloom_calibrated,0.1111111111111111,True,4710,4710,1.0,863,0.18322717622080678,1550,0.32908704883227174,0.1204807998821877,2851,996,309,554,0.3574193548387097,0.641946697566628,0.7410969586690928,0.6364685577876035,0.5537784886045582,0.31535910529367944,0.3203623125493264,0.6574660063777857,0.14035595852783458,0.4626088025808846,0.33764918792562226,-0.06274637633861908,0.06274637633861908,0.6823779193205944,0.6607743674923445,2.37903778900511,0.6607743674923445,0.0492302236931256,0.17792989162049005,0.0,0.0,-0.005093850113136164,-0.033333333333333326,-0.000518547914658829,-0.06604866743916571,0.025994281258123197,-0.002880472289933489,-0.038390536400287556,-0.02513773041780859,-0.010361877766779048,-0.03449136902511807,0.0019529186641895346,0.005538314309542658,0.0035653125176607903,-0.005093850113136164,0.005093850113136164,0.0,-0.0013306766497999112,0.008206723391229076,-0.0013306766497999112,-0.004054566074832629,-6.212769018465458e-06,0.0
mifal_controlled_degradation_v0,temporal_blocks_6m_rate_25,temporal_block_missingness,core,evaluated,20260613,observable_no_current_chla,test,2,wqp,bloom_h,mifal_probability_bloom_calibrated,0.1111111111111111,True,4710,4710,1.0,863,0.18322717622080678,1550,0.32908704883227174,0.1204807998821877,2851,996,309,554,0.3574193548387097,0.641946697566628,0.7410969586690928,0.6364685577876035,0.5537784886045582,0.31535910529367944,0.3203623125493264,0.6574660063777857,0.14035595852783458,0.4626088025808846,0.33764918792562226,-0.06274637633861908,0.06274637633861908,0.6823779193205944,0.6607743674923445,2.37903778900511,0.6607743674923445,0.0492302236931256,0.17792989162049005,0.0,0.0,-0.005093850113136164,-0.033333333333333326,-0.000518547914658829,-0.06604866743916571,0.025994281258123197,-0.002880472289933489,-0.038390536400287556,-0.02513773041780859,-0.010361877766779048,-0.03449136902511807,0.0019529186641895346,0.005538314309542658,0.0035653125176607903,-0.005093850113136164,0.005093850113136164,0.0,-0.0013306766497999112,0.008206723391229076,-0.0013306766497999112,-0.004054566074832629,-6.212769018465458e-06,0.0
mifal_controlled_degradation_v0,temporal_blocks_6m_rate_25,temporal_block_missingness,core,evaluated,20260613,observable_no_current_chla,test,3,all,bloom_h,mifal_probability_bloom_calibrated,0.135593220338983,True,4757,4757,1.0,883,0.18562118982552028,1559,0.32772755938616777,0.1258803656068373,2854,1020,344,539,0.345734445157152,0.6104190260475651,0.7367062467733608,0.6242840691370103,0.5293655470438028,0.2875306239439289,0.3114688266725888,0.6844738656116128,0.14217463002784575,0.4613093453552339,0.3379241618624243,-0.059740824218682986,0.059740824218682986,0.679630018919487,0.6607982930793909,2.3954520803722845,0.6607982930793909,0.04947567020659459,0.1779553892361065,0.0,0.0,-0.005520120126974476,-0.033844860206012184,-0.0019399734474991326,-0.06681766704416758,0.026329375322663884,-0.0036566110427385112,-0.03994138364926647,-0.026139031850240024,-0.01037371593788372,-0.021347415268383352,0.002331718769505081,0.006276277991354107,0.004128349219767569,-0.005520120126974476,0.005520120126974476,-0.0008408660920748989,-0.001360304644251742,0.008721335329916702,-0.001360304644251742,-0.004108084113656797,-3.3640146676616745e-07,0.0
mifal_controlled_degradation_v0,temporal_blocks_6m_rate_25,temporal_block_missingness,core,evaluated,20260613,observable_no_current_chla,test,3,wqp,bloom_h,mifal_probability_bloom_calibrated,0.135593220338983,True,4757,4757,1.0,883,0.18562118982552028,1559,0.32772755938616777,0.1258803656068373,2854,1020,344,539,0.345734445157152,0.6104190260475651,0.7367062467733608,0.6242840691370103,0.5293655470438028,0.2875306239439289,0.3114688266725888,0.6844738656116128,0.14217463002784575,0.4613093453552339,0.3379241618624243,-0.059740824218682986,0.059740824218682986,0.679630018919487,0.6607982930793909,2.3954520803722845,0.6607982930793909,0.04947567020659459,0.1779553892361065,0.0,0.0,-0.005520120126974476,-0.033844860206012184,-0.0019399734474991326,-0.06681766704416758,0.026329375322663884,-0.0036566110427385112,-0.03994138364926647,-0.026139031850240024,-0.01037371593788372,-0.021347415268383352,0.002331718769505081,0.006276277991354107,0.004128349219767569,-0.005520120126974476,0.005520120126974476,-0.0008408660920748989,-0.001360304644251742,0.008721335329916702,-0.001360304644251742,-0.004108084113656797,-3.3640146676616745e-07,0.0
mifal_controlled_degradation_v0,temporal_blocks_6m_rate_25,temporal_block_missingness,core,evaluated,20260613,observable_no_current_chla,validation,1,all,bloom_h,mifal_probability_bloom_calibrated,0.1496598639455782,True,3049,3049,1.0,410,0.13447031813709412,1008,0.3306001967858314,0.125516474185821,1888,751,153,257,0.25496031746031744,0.6268292682926829,0.7154225085259568,0.5846599881860812,0.4852719033232628,0.24820216564031494,0.22285991821247328,0.6803057329550181,0.10868053777788377,0.4247152816953923,0.3073525487596172,-0.008953843951273133,0.008953843951273133,0.7248278123975074,0.6586887830379902,2.0192568741415866,0.6586887830379902,0.044925827659697645,0.1782518951638251,0.0,0.0,-0.008953843951273133,-0.04526074122663171,-0.0024567855065237287,-0.09268292682926826,0.03789314134141719,0.0014121182625228546,-0.0441609753558469,-0.031461400707011755,-0.01425228515385829,-0.02978863020915168,0.00209375958204705,0.00915523429399523,0.005006987071546842,-0.008953843951273133,0.008953843951273133,-0.003279763857002349,-0.0018213008117313745,0.008160038405971015,-0.0018213008117313745,-0.005458018654348452,-1.2763420755013133e-06,0.0
mifal_controlled_degradation_v0,temporal_blocks_6m_rate_25,temporal_block_missingness,core,evaluated,20260613,observable_no_current_chla,validation,1,wqp,bloom_h,mifal_probability_bloom_calibrated,0.1496598639455782,True,3049,3049,1.0,410,0.13447031813709412,1008,0.3306001967858314,0.125516474185821,1888,751,153,257,0.25496031746031744,0.6268292682926829,0.7154225085259568,0.5846599881860812,0.4852719033232628,0.24820216564031494,0.22285991821247328,0.6803057329550181,0.10868053777788377,0.4247152816953923,0.3073525487596172,-0.008953843951273133,0.008953843951273133,0.7248278123975074,0.6586887830379902,2.0192568741415866,0.6586887830379902,0.044925827659697645,0.1782518951638251,0.0,0.0,-0.008953843951273133,-0.04526074122663171,-0.0024567855065237287,-0.09268292682926826,0.03789314134141719,0.0014121182625228546,-0.0441609753558469,-0.031461400707011755,-0.01425228515385829,-0.02978863020915168,0.00209375958204705,0.00915523429399523,0.005006987071546842,-0.008953843951273133,0.008953843951273133,-0.003279763857002349,-0.0018213008117313745,0.008160038405971015,-0.0018213008117313745,-0.005458018654348452,-1.2763420755013133e-06,0.0
mifal_controlled_degradation_v0,temporal_blocks_6m_rate_25,temporal_block_missingness,core,evaluated,20260613,observable_no_current_chla,validation,2,all,bloom_h,mifal_probability_bloom_calibrated,0.1111111111111111,True,3158,3158,1.0,441,0.1396453451551615,1165,0.36890436985433817,0.131798886069367,1820,897,173,268,0.23004291845493563,0.6077097505668935,0.6698564593301436,0.5532861112653452,0.45749402526459554,0.19939492349087656,0.20550289406581415,0.6270079127221984,0.115089699682564,0.4326927066883946,0.317983015193071,-0.00784645908579451,0.00784645908579451,0.7235592146928436,0.6628544397987999,2.044900177522697,0.6628544397987999,0.045458370887750496,0.17615150361385135,0.0,0.0,-0.007846459085794483,-0.04654844838505384,-0.003950983984088774,-0.08843537414965985,0.03974972396025034,0.002966000060596663,-0.04153068214762812,-0.030079530148861805,-0.014423613713143879,-0.048414409316665075,0.0019364000542882037,0.007754635388398379,0.004348093106165518,-0.007846459085794483,0.007846459085794483,0.0,-0.00178794518904557,0.008075785740275343,-0.00178794518904557,-0.005321948975681924,1.637673941626283e-05,0.0
mifal_controlled_degradation_v0,temporal_blocks_6m_rate_25,temporal_block_missingness,core,evaluated,20260613,observable_no_current_chla,validation,2,wqp,bloom_h,mifal_probability_bloom_calibrated,0.1111111111111111,True,3158,3158,1.0,441,0.1396453451551615,1165,0.36890436985433817,0.131798886069367,1820,897,173,268,0.23004291845493563,0.6077097505668935,0.6698564593301436,0.5532861112653452,0.45749402526459554,0.19939492349087656,0.20550289406581415,0.6270079127221984,0.115089699682564,0.4326927066883946,0.317983015193071,-0.00784645908579451,0.00784645908579451,0.7235592146928436,0.6628544397987999,2.044900177522697,0.6628544397987999,0.045458370887750496,0.17615150361385135,0.0,0.0,-0.007846459085794483,-0.04654844838505384,-0.003950983984088774,-0.08843537414965985,0.03974972396025034,0.002966000060596663,-0.04153068214762812,-0.030079530148861805,-0.014423613713143879,-0.048414409316665075,0.0019364000542882037,0.007754635388398379,0.004348093106165518,-0.007846459085794483,0.007846459085794483,0.0,-0.00178794518904557,0.008075785740275343,-0.00178794518904557,-0.005321948975681924,1.637673941626283e-05,0.0
mifal_controlled_degradation_v0,temporal_blocks_6m_rate_25,temporal_block_missingness,core,evaluated,20260613,observable_no_current_chla,validation,3,all,bloom_h,mifal_probability_bloom_calibrated,0.135593220338983,True,3184,3184,1.0,457,0.14353015075376885,1155,0.36275125628140703,0.13544642176913627,1849,878,180,277,0.23982683982683983,0.6061269146608315,0.678034470113678,0.5606083056637874,0.4642976868923902,0.2072209755253574,0.20718398040810412,0.646104800122609,0.11763707883590513,0.4327393579289033,0.32007823045003947,-0.008083728984632582,0.008083728984632582,0.7217336683417085,0.6618573629688725,2.054100558073611,0.6618573629688725,0.045386982267484874,0.1766515067868633,0.0,0.0,-0.00808372898463261,-0.046482412060301515,-0.006527726558424929,-0.0962800875273524,0.03813714704803817,-0.00046729408368739733,-0.048318090814412684,-0.036867036425173694,-0.016090493549799717,-0.03161391996238283,0.0023563441453089418,0.007600447188859105,0.003495768586477599,-0.00808372898463261,0.008083728984632554,0.0,-0.0017701035845220092,0.0073337652759164484,-0.0017701035845220092,-0.005289655783606781,1.4111168416791608e-05,0.0
mifal_controlled_degradation_v0,temporal_blocks_6m_rate_25,temporal_block_missingness,core,evaluated,20260613,observable_no_current_chla,validation,3,wqp,bloom_h,mifal_probability_bloom_calibrated,0.135593220338983,True,3184,3184,1.0,457,0.14353015075376885,1155,0.36275125628140703,0.13544642176913627,1849,878,180,277,0.23982683982683983,0.6061269146608315,0.678034470113678,0.5606083056637874,0.4642976868923902,0.2072209755253574,0.20718398040810412,0.646104800122609,0.11763707883590513,0.4327393579289033,0.32007823045003947,-0.008083728984632582,0.008083728984632582,0.7217336683417085,0.6618573629688725,2.054100558073611,0.6618573629688725,0.045386982267484874,0.1766515067868633,0.0,0.0,-0.00808372898463261,-0.046482412060301515,-0.006527726558424929,-0.0962800875273524,0.03813714704803817,-0.00046729408368739733,-0.048318090814412684,-0.036867036425173694,-0.016090493549799717,-0.03161391996238283,0.0023563441453089418,0.007600447188859105,0.003495768586477599,-0.00808372898463261,0.008083728984632554,0.0,-0.0017701035845220092,0.0073337652759164484,-0.0017701035845220092,-0.005289655783606781,1.4111168416791608e-05,0.0
mifal_controlled_degradation_v0,temporal_blocks_6m_rate_25,temporal_block_missingness,core,evaluated,20260614,observable_no_current_chla,test,1,all,bloom_h,mifal_probability_bloom_calibrated,0.1496598639455782,True,4673,4673,1.0,852,0.18232398887224482,1348,0.2884656537556174,0.11292044049418258,2996,825,329,523,0.3879821958456973,0.613849765258216,0.7840879350955248,0.6569828002951429,0.5498317914213626,0.339142823228656,0.3421173530459358,0.7165122814001693,0.13755201819581717,0.4605371839983257,0.3310129529527628,-0.06940354837806224,0.06940354837806224,0.6862829017761609,0.6569023510629276,2.3877249572466,0.6569023510629276,0.04811323408832368,0.1797720777727916,0.0,0.0,-0.006875673647570302,-0.03809116199443613,0.0033164029230236536,-0.07511737089201875,0.029835121695891198,-0.003468340520156876,-0.04502025559931033,-0.02578079976936576,-0.018653965742277512,-0.02727437204576133,0.0031296401214037373,0.00845992717550309,0.0056676488975779815,-0.006875673647570302,0.006875673647570302,-0.0008559811684143437,-0.0012463445993816658,0.009554258775780866,-0.0012463445993816658,-0.005129473367386228,-0.00024719495298672345,0.0
mifal_controlled_degradation_v0,temporal_blocks_6m_rate_25,temporal_block_missingness,core,evaluated,20260614,observable_no_current_chla,test,1,wqp,bloom_h,mifal_probability_bloom_calibrated,0.1496598639455782,True,4673,4673,1.0,852,0.18232398887224482,1348,0.2884656537556174,0.11292044049418258,2996,825,329,523,0.3879821958456973,0.613849765258216,0.7840879350955248,0.6569828002951429,0.5498317914213626,0.339142823228656,0.3421173530459358,0.7165122814001693,0.13755201819581717,0.4605371839983257,0.3310129529527628,-0.06940354837806224,0.06940354837806224,0.6862829017761609,0.6569023510629276,2.3877249572466,0.6569023510629276,0.04811323408832368,0.1797720777727916,0.0,0.0,-0.006875673647570302,-0.03809116199443613,0.0033164029230236536,-0.07511737089201875,0.029835121695891198,-0.003468340520156876,-0.04502025559931033,-0.02578079976936576,-0.018653965742277512,-0.02727437204576133,0.0031296401214037373,0.00845992717550309,0.0056676488975779815,-0.006875673647570302,0.006875673647570302,-0.0008559811684143437,-0.0012463445993816658,0.009554258775780866,-0.0012463445993816658,-0.005129473367386228,-0.00024719495298672345,0.0
mifal_controlled_degradation_v0,temporal_blocks_6m_rate_25,temporal_block_missingness,core,evaluated,20260614,observable_no_current_chla,test,2,all,bloom_h,mifal_probability_bloom_calibrated,0.1111111111111111,True,4710,4710,1.0,863,0.18322717622080678,1512,0.32101910828025476,0.11930062411680442,2886,961,312,551,0.3644179894179894,0.6384704519119351,0.750194957109436,0.641652235628105,0.5549959709911362,0.3220529310874203,0.32040060311174967,0.6608314073568937,0.14052256206954283,0.4640311036203457,0.33868079883982644,-0.06392655210400236,0.06392655210400236,0.6819532908704883,0.6608808633226095,2.379834714301711,0.6608808633226095,0.04827756613841925,0.17770830361375115,0.0,0.0,-0.00627402587851944,-0.04140127388535031,0.00648008666462091,-0.06952491309385866,0.0350922796984664,0.002303205550568066,-0.03717305401370963,-0.018443904624067753,-0.010323587204355777,-0.03112596804601009,0.0021195222058977836,0.006960615349003774,0.004596923431864963,-0.00627402587851944,0.00627402587851944,-0.000424628450106157,-0.0012241808195349035,0.00900364868782999,-0.0012241808195349035,-0.005007223629538982,-0.00022780077575737523,0.0
mifal_controlled_degradation_v0,temporal_blocks_6m_rate_25,temporal_block_missingness,core,evaluated,20260614,observable_no_current_chla,test,2,wqp,bloom_h,mifal_probability_bloom_calibrated,0.1111111111111111,True,4710,4710,1.0,863,0.18322717622080678,1512,0.32101910828025476,0.11930062411680442,2886,961,312,551,0.3644179894179894,0.6384704519119351,0.750194957109436,0.641652235628105,0.5549959709911362,0.3220529310874203,0.32040060311174967,0.6608314073568937,0.14052256206954283,0.4640311036203457,0.33868079883982644,-0.06392655210400236,0.06392655210400236,0.6819532908704883,0.6608808633226095,2.379834714301711,0.6608808633226095,0.04827756613841925,0.17770830361375115,0.0,0.0,-0.00627402587851944,-0.04140127388535031,0.00648008666462091,-0.06952491309385866,0.0350922796984664,0.002303205550568066,-0.03717305401370963,-0.018443904624067753,-0.010323587204355777,-0.03112596804601009,0.0021195222058977836,0.006960615349003774,0.004596923431864963,-0.00627402587851944,0.00627402587851944,-0.000424628450106157,-0.0012241808195349035,0.00900364868782999,-0.0012241808195349035,-0.005007223629538982,-0.00022780077575737523,0.0
mifal_controlled_degradation_v0,temporal_blocks_6m_rate_25,temporal_block_missingness,core,evaluated,20260614,observable_no_current_chla,test,3,all,bloom_h,mifal_probability_bloom_calibrated,0.135593220338983,True,4757,4757,1.0,883,0.18562118982552028,1527,0.3210006306495691,0.12491366813456066,2885,989,345,538,0.352324819908317,0.609286523216308,0.7447083118224058,0.6293457487570558,0.5317256374777625,0.2948059915742636,0.31065497213817395,0.6855468784257919,0.14201712225175997,0.46240670385011284,0.33894015602577665,-0.06070752169095962,0.06070752169095962,0.6802606684885432,0.6609217259438576,2.3946036410045575,0.6609217259438576,0.0485810623326566,0.17773598061069856,0.0,0.0,-0.006486817599251113,-0.040571788942610876,0.004650401303665841,-0.06795016987542468,0.03433144037170888,0.0014050685773070448,-0.03758129321530679,-0.01886366421990532,-0.01118757047229857,-0.02027440245420431,0.002174210993419301,0.0073736364862330706,0.00514434338311992,-0.006486817599251113,0.006486817599251113,-0.00021021652301878024,-0.0012368717797850426,0.007872895962189652,-0.0012368717797850426,-0.005002691987594787,-0.00021974502687469033,0.0
mifal_controlled_degradation_v0,temporal_blocks_6m_rate_25,temporal_block_missingness,core,evaluated,20260614,observable_no_current_chla,test,3,wqp,bloom_h,mifal_probability_bloom_calibrated,0.135593220338983,True,4757,4757,1.0,883,0.18562118982552028,1527,0.3210006306495691,0.12491366813456066,2885,989,345,538,0.352324819908317,0.609286523216308,0.7447083118224058,0.6293457487570558,0.5317256374777625,0.2948059915742636,0.31065497213817395,0.6855468784257919,0.14201712225175997,0.46240670385011284,0.33894015602577665,-0.06070752169095962,0.06070752169095962,0.6802606684885432,0.6609217259438576,2.3946036410045575,0.6609217259438576,0.0485810623326566,0.17773598061069856,0.0,0.0,-0.006486817599251113,-0.040571788942610876,0.004650401303665841,-0.06795016987542468,0.03433144037170888,0.0014050685773070448,-0.03758129321530679,-0.01886366421990532,-0.01118757047229857,-0.02027440245420431,0.002174210993419301,0.0073736364862330706,0.00514434338311992,-0.006486817599251113,0.006486817599251113,-0.00021021652301878024,-0.0012368717797850426,0.007872895962189652,-0.0012368717797850426,-0.005002691987594787,-0.00021974502687469033,0.0
mifal_controlled_degradation_v0,temporal_blocks_6m_rate_25,temporal_block_missingness,core,evaluated,20260614,observable_no_current_chla,validation,1,all,bloom_h,mifal_probability_bloom_calibrated,0.1496598639455782,True,3049,3049,1.0,410,0.13447031813709412,1056,0.3463430632994424,0.12890263875423705,1862,777,131,279,0.26420454545454547,0.6804878048780488,0.7055702917771883,0.5922999620647162,0.517433234421365,0.27680802724076237,0.23453050844444334,0.7022795959297221,0.10699434566691755,0.42070666374033355,0.30512639055441704,-0.005567679382857071,0.005567679382857071,0.7261397179403083,0.6590245344694486,2.016802921806126,0.6590245344694486,0.04605561604610733,0.17826915707030294,0.0,0.0,-0.005567679382857071,-0.029517874713020698,0.006787442487704298,-0.03902439024390236,0.02804092459264873,0.009052092141157875,-0.01199964425774469,-0.002855539106564331,-0.002581694921888228,-0.007814767234447628,0.00040756747108083857,0.005146616338936483,0.002780828866346674,-0.005567679382857071,0.005567679382857071,-0.0019678583142014316,-0.0014855493802728992,0.005706086070510263,-0.0014855493802728992,-0.004328230267938771,1.598556440232657e-05,0.0
mifal_controlled_degradation_v0,temporal_blocks_6m_rate_25,temporal_block_missingness,core,evaluated,20260614,observable_no_current_chla,validation,1,wqp,bloom_h,mifal_probability_bloom_calibrated,0.1496598639455782,True,3049,3049,1.0,410,0.13447031813709412,1056,0.3463430632994424,0.12890263875423705,1862,777,131,279,0.26420454545454547,0.6804878048780488,0.7055702917771883,0.5922999620647162,0.517433234421365,0.27680802724076237,0.23453050844444334,0.7022795959297221,0.10699434566691755,0.42070666374033355,0.30512639055441704,-0.005567679382857071,0.005567679382857071,0.7261397179403083,0.6590245344694486,2.016802921806126,0.6590245344694486,0.04605561604610733,0.17826915707030294,0.0,0.0,-0.005567679382857071,-0.029517874713020698,0.006787442487704298,-0.03902439024390236,0.02804092459264873,0.009052092141157875,-0.01199964425774469,-0.002855539106564331,-0.002581694921888228,-0.007814767234447628,0.00040756747108083857,0.005146616338936483,0.002780828866346674,-0.005567679382857071,0.005567679382857071,-0.0019678583142014316,-0.0014855493802728992,0.005706086070510263,-0.0014855493802728992,-0.004328230267938771,1.598556440232657e-05,0.0
mifal_controlled_degradation_v0,temporal_blocks_6m_rate_25,temporal_block_missingness,core,evaluated,20260614,observable_no_current_chla,validation,2,all,bloom_h,mifal_probability_bloom_calibrated,0.1111111111111111,True,3158,3158,1.0,441,0.1396453451551615,1209,0.38283723875870806,0.13445580839889992,1801,916,148,293,0.24234904880066171,0.6643990929705216,0.6628634523371365,0.5635594695346089,0.49276824756138576,0.2333680233856026,0.2219751478226746,0.6692467933069437,0.11305897768592749,0.4291266836428494,0.31579494080076087,-0.005189536756261576,0.005189536756261576,0.7235592146928436,0.6631520107729626,2.0413671219962892,0.6631520107729626,0.04651003909085082,0.17617336742230294,0.0,0.0,-0.005189536756261548,-0.03261557948068394,0.008355146361637311,-0.031746031746031744,0.03275671696724325,0.01323935832986034,-0.006256459850837892,0.003893569745864245,0.0020486400437165764,-0.006175528731919733,-9.432194234830493e-05,0.004188612342853171,0.002160018713855405,-0.005189536756261548,0.005189536756261548,0.0,-0.0014903742148828503,0.004542730213867419,-0.0014903742148828503,-0.004270280772581597,3.824054786785713e-05,0.0
mifal_controlled_degradation_v0,temporal_blocks_6m_rate_25,temporal_block_missingness,core,evaluated,20260614,observable_no_current_chla,validation,2,wqp,bloom_h,mifal_probability_bloom_calibrated,0.1111111111111111,True,3158,3158,1.0,441,0.1396453451551615,1209,0.38283723875870806,0.13445580839889992,1801,916,148,293,0.24234904880066171,0.6643990929705216,0.6628634523371365,0.5635594695346089,0.49276824756138576,0.2333680233856026,0.2219751478226746,0.6692467933069437,0.11305897768592749,0.4291266836428494,0.31579494080076087,-0.005189536756261576,0.005189536756261576,0.7235592146928436,0.6631520107729626,2.0413671219962892,0.6631520107729626,0.04651003909085082,0.17617336742230294,0.0,0.0,-0.005189536756261548,-0.03261557948068394,0.008355146361637311,-0.031746031746031744,0.03275671696724325,0.01323935832986034,-0.006256459850837892,0.003893569745864245,0.0020486400437165764,-0.006175528731919733,-9.432194234830493e-05,0.004188612342853171,0.002160018713855405,-0.005189536756261548,0.005189536756261548,0.0,-0.0014903742148828503,0.004542730213867419,-0.0014903742148828503,-0.004270280772581597,3.824054786785713e-05,0.0
mifal_controlled_degradation_v0,temporal_blocks_6m_rate_25,temporal_block_missingness,core,evaluated,20260614,observable_no_current_chla,validation,3,all,bloom_h,mifal_probability_bloom_calibrated,0.135593220338983,True,3184,3184,1.0,457,0.14353015075376885,1203,0.37782663316582915,0.13820921137275255,1828,899,153,304,0.25270157938487114,0.6652078774617067,0.6703337000366704,0.5714078062462253,0.5014846585285384,0.24264534247144484,0.2222696877756046,0.672718876555781,0.11543694802279966,0.42927453627215306,0.31871142633742766,-0.005320939381016299,0.005320939381016299,0.7211055276381909,0.6620845918745168,2.05106532926945,0.6620845918745168,0.04640199103691099,0.17670294406342407,0.0,0.0,-0.005320939381016326,-0.031407035175879394,0.006347012999606383,-0.03719912472647713,0.03043637697103052,0.010332206498750551,-0.011131119178264481,-0.0014426694790862504,-0.0010047861822992388,-0.00499984352921079,0.00015621333220347533,0.004135625532108889,0.002128964473865791,-0.005320939381016326,0.005320939381016271,-0.0006281407035175768,-0.0015428746788777037,0.0042985364717553765,-0.0015428746788777037,-0.004274647014180663,6.554844497755341e-05,0.0
mifal_controlled_degradation_v0,temporal_blocks_6m_rate_25,temporal_block_missingness,core,evaluated,20260614,observable_no_current_chla,validation,3,wqp,bloom_h,mifal_probability_bloom_calibrated,0.135593220338983,True,3184,3184,1.0,457,0.14353015075376885,1203,0.37782663316582915,0.13820921137275255,1828,899,153,304,0.25270157938487114,0.6652078774617067,0.6703337000366704,0.5714078062462253,0.5014846585285384,0.24264534247144484,0.2222696877756046,0.672718876555781,0.11543694802279966,0.42927453627215306,0.31871142633742766,-0.005320939381016299,0.005320939381016299,0.7211055276381909,0.6620845918745168,2.05106532926945,0.6620845918745168,0.04640199103691099,0.17670294406342407,0.0,0.0,-0.005320939381016326,-0.031407035175879394,0.006347012999606383,-0.03719912472647713,0.03043637697103052,0.010332206498750551,-0.011131119178264481,-0.0014426694790862504,-0.0010047861822992388,-0.00499984352921079,0.00015621333220347533,0.004135625532108889,0.002128964473865791,-0.005320939381016326,0.005320939381016271,-0.0006281407035175768,-0.0015428746788777037,0.0042985364717553765,-0.0015428746788777037,-0.004274647014180663,6.554844497755341e-05,0.0
