mifal_degradation_version,scenario_id,scenario_family,scenario_tier,scenario_status,seed,surface,split,horizon_months,source_id,target_event,score_column,threshold,score_recomputed,rows,control_rows,rows_retained_rate,positive_rows,positive_rate,predicted_positive_rows,alert_rate,mean_probability,tn,fp,fn,tp,precision,recall,specificity,macro_f1,fbeta,mcc,pr_auc,roc_auc,brier,rmse_risk,mae_risk,calibration_bias,absolute_calibration_bias,interval_coverage_risk,interval_mean_width,winkler_score_risk,mean_uncertainty,mean_data_reliability,mean_confidence,mean_observation_reliability,delta_positive_rate_vs_control,delta_mean_probability_vs_control,delta_alert_rate_vs_control,delta_precision_vs_control,delta_recall_vs_control,delta_specificity_vs_control,delta_macro_f1_vs_control,delta_fbeta_vs_control,delta_mcc_vs_control,delta_pr_auc_vs_control,delta_roc_auc_vs_control,delta_brier_vs_control,delta_rmse_risk_vs_control,delta_mae_risk_vs_control,delta_calibration_bias_vs_control,delta_absolute_calibration_bias_vs_control,delta_interval_coverage_risk_vs_control,delta_interval_mean_width_vs_control,delta_winkler_score_risk_vs_control,delta_mean_uncertainty_vs_control,delta_mean_data_reliability_vs_control,delta_mean_confidence_vs_control,delta_mean_observation_reliability_vs_control
mifal_controlled_degradation_v0,ablate_light,feature_family_ablation,core,evaluated,,observable_current_chla,test,1,all,bloom_h,mifal_probability_bloom_calibrated,0.108695652173913,True,4673,4673,1.0,852,0.18232398887224482,1676,0.3586561095655896,0.159706485039879,2775,1046,222,630,0.37589498806682575,0.7394366197183099,0.7262496728605077,0.656219714382257,0.619590873328088,0.37490513794830116,0.6062297708142735,0.7797170135881151,0.10171781293317254,0.4122381097126302,0.29405389136057103,-0.022617503832365826,0.022617503832365826,0.6914187887866466,0.6725211694550058,2.2555747768147887,0.6725211694550058,0.042084665736396736,0.17057931609920343,0.025198745000192122,0.0,-0.001937978030282561,-0.004279905842071441,-0.005590860989778013,-0.0199530516431925,0.0007851347814707976,-0.005471922690794773,-0.014225741091974609,-0.014424212677663972,-0.008466382746611822,-0.006073736320040157,0.0012463723683146521,0.0018696603906379616,0.0007076300524636037,-0.001937978030282561,0.001937978030282561,-0.00042799058420717184,-0.0028268044417086857,0.01249511131086134,-0.0028268044417086857,-0.016053601111293787,-0.0011483383260716684,0.0
mifal_controlled_degradation_v0,ablate_light,feature_family_ablation,core,evaluated,,observable_current_chla,test,1,wqp,bloom_h,mifal_probability_bloom_calibrated,0.108695652173913,True,4673,4673,1.0,852,0.18232398887224482,1676,0.3586561095655896,0.159706485039879,2775,1046,222,630,0.37589498806682575,0.7394366197183099,0.7262496728605077,0.656219714382257,0.619590873328088,0.37490513794830116,0.6062297708142735,0.7797170135881151,0.10171781293317254,0.4122381097126302,0.29405389136057103,-0.022617503832365826,0.022617503832365826,0.6914187887866466,0.6725211694550058,2.2555747768147887,0.6725211694550058,0.042084665736396736,0.17057931609920343,0.025198745000192122,0.0,-0.001937978030282561,-0.004279905842071441,-0.005590860989778013,-0.0199530516431925,0.0007851347814707976,-0.005471922690794773,-0.014225741091974609,-0.014424212677663972,-0.008466382746611822,-0.006073736320040157,0.0012463723683146521,0.0018696603906379616,0.0007076300524636037,-0.001937978030282561,0.001937978030282561,-0.00042799058420717184,-0.0028268044417086857,0.01249511131086134,-0.0028268044417086857,-0.016053601111293787,-0.0011483383260716684,0.0
mifal_controlled_degradation_v0,ablate_light,feature_family_ablation,core,evaluated,,observable_current_chla,test,2,all,bloom_h,mifal_probability_bloom_calibrated,0.1,True,4710,4710,1.0,863,0.18322717622080678,3097,0.6575371549893843,0.16235089654138177,1442,2405,171,692,0.2234420406845334,0.8018539976825029,0.37483753574213674,0.4388500388500388,0.5283249351045961,0.1440437583831694,0.532024661364633,0.7435298185731699,0.11302827864945342,0.4232080126570476,0.31069210754361964,-0.020876279679425014,0.020876279679425014,0.6868365180467091,0.6760855333078717,2.252799368285129,0.6760855333078717,0.04210827192631179,0.168715031775529,0.024785943047449483,0.0,-0.0021947953996452607,-0.009554140127388533,0.0009722762033112509,-0.008111239860950192,0.009877826878086804,0.005038425250694534,-0.0017023624386250935,0.000447831582688879,-0.00953158624492112,-0.006003986191404076,0.0012390788228653499,0.0019168522289387813,0.0006837877872079012,-0.0021947953996452607,0.0021947953996452607,0.0,-0.002931360454701659,0.014061903231500583,-0.002931360454701659,-0.01599200481524274,-0.0010568828366580296,0.0
mifal_controlled_degradation_v0,ablate_light,feature_family_ablation,core,evaluated,,observable_current_chla,test,2,wqp,bloom_h,mifal_probability_bloom_calibrated,0.1,True,4710,4710,1.0,863,0.18322717622080678,3097,0.6575371549893843,0.16235089654138177,1442,2405,171,692,0.2234420406845334,0.8018539976825029,0.37483753574213674,0.4388500388500388,0.5283249351045961,0.1440437583831694,0.532024661364633,0.7435298185731699,0.11302827864945342,0.4232080126570476,0.31069210754361964,-0.020876279679425014,0.020876279679425014,0.6868365180467091,0.6760855333078717,2.252799368285129,0.6760855333078717,0.04210827192631179,0.168715031775529,0.024785943047449483,0.0,-0.0021947953996452607,-0.009554140127388533,0.0009722762033112509,-0.008111239860950192,0.009877826878086804,0.005038425250694534,-0.0017023624386250935,0.000447831582688879,-0.00953158624492112,-0.006003986191404076,0.0012390788228653499,0.0019168522289387813,0.0006837877872079012,-0.0021947953996452607,0.0021947953996452607,0.0,-0.002931360454701659,0.014061903231500583,-0.002931360454701659,-0.01599200481524274,-0.0010568828366580296,0.0
mifal_controlled_degradation_v0,ablate_light,feature_family_ablation,core,evaluated,,observable_current_chla,test,3,all,bloom_h,mifal_probability_bloom_calibrated,0.1109989909182643,True,4757,4757,1.0,883,0.18562118982552028,3113,0.654404036157242,0.16532408581740327,1450,2424,194,689,0.22132990684227433,0.7802944507361268,0.3742901393908105,0.4351987906717881,0.5184349134687735,0.126382194397072,0.4788444838604415,0.7140306109025469,0.1206395208862842,0.42871586295624126,0.31789651304335326,-0.020297104008117017,0.020297104008117017,0.6857262980870297,0.6758118452298496,2.2709111046585795,0.6758118452298496,0.042385633722866405,0.16890235420068186,0.024469255538086883,0.0,-0.002407725478841799,-0.009249527012823222,0.00023392964873616973,-0.010192525481313774,0.009034589571502327,0.003931811215347802,-0.0033172168945095892,-0.0017829974909205626,-0.008319886913987717,-0.006990003923125321,0.0011182424227042936,0.002010813404363654,0.0006796756306322593,-0.002407725478841799,0.002407725478841799,0.0,-0.0030972429467721607,0.014547969911035352,-0.0030972429467721607,-0.015952388254664274,-0.0009615627997855425,0.0
mifal_controlled_degradation_v0,ablate_light,feature_family_ablation,core,evaluated,,observable_current_chla,test,3,wqp,bloom_h,mifal_probability_bloom_calibrated,0.1109989909182643,True,4757,4757,1.0,883,0.18562118982552028,3113,0.654404036157242,0.16532408581740327,1450,2424,194,689,0.22132990684227433,0.7802944507361268,0.3742901393908105,0.4351987906717881,0.5184349134687735,0.126382194397072,0.4788444838604415,0.7140306109025469,0.1206395208862842,0.42871586295624126,0.31789651304335326,-0.020297104008117017,0.020297104008117017,0.6857262980870297,0.6758118452298496,2.2709111046585795,0.6758118452298496,0.042385633722866405,0.16890235420068186,0.024469255538086883,0.0,-0.002407725478841799,-0.009249527012823222,0.00023392964873616973,-0.010192525481313774,0.009034589571502327,0.003931811215347802,-0.0033172168945095892,-0.0017829974909205626,-0.008319886913987717,-0.006990003923125321,0.0011182424227042936,0.002010813404363654,0.0006796756306322593,-0.002407725478841799,0.002407725478841799,0.0,-0.0030972429467721607,0.014547969911035352,-0.0030972429467721607,-0.015952388254664274,-0.0009615627997855425,0.0
mifal_controlled_degradation_v0,ablate_light,feature_family_ablation,core,evaluated,,observable_current_chla,validation,1,all,bloom_h,mifal_probability_bloom_calibrated,0.108695652173913,True,3049,3049,1.0,410,0.13447031813709412,757,0.2482781239750738,0.1326541791990889,2119,520,173,237,0.3130779392338177,0.5780487804878048,0.8029556650246306,0.632815110738995,0.49436795994993743,0.3008752194678834,0.3990570823332306,0.7156660412757974,0.09492215269231934,0.42051036354798255,0.3033933646435034,-0.001816138938005224,0.001816138938005224,0.7317153164972122,0.6707437299503285,1.936008700860553,0.6707437299503285,0.03819013452481836,0.17082678149600594,0.019816010386896902,0.0,-0.001816138938005224,-0.004263693014102982,-0.0012077750518965646,-0.012195121951219523,0.0030314513073134153,-0.0015091632872386018,-0.007706728846743061,-0.005494525484401269,-0.011117272328740768,-0.025526113919721927,0.001063969779355245,0.0016187992434222864,0.0005865846215177273,-0.001816138938005224,0.001816138938005224,-0.0006559527714004032,-0.002608134028068143,0.012186084648232232,-0.002608134028068143,-0.016047808902764478,-0.0012796196548542638,0.0
mifal_controlled_degradation_v0,ablate_light,feature_family_ablation,core,evaluated,,observable_current_chla,validation,1,wqp,bloom_h,mifal_probability_bloom_calibrated,0.108695652173913,True,3049,3049,1.0,410,0.13447031813709412,757,0.2482781239750738,0.1326541791990889,2119,520,173,237,0.3130779392338177,0.5780487804878048,0.8029556650246306,0.632815110738995,0.49436795994993743,0.3008752194678834,0.3990570823332306,0.7156660412757974,0.09492215269231934,0.42051036354798255,0.3033933646435034,-0.001816138938005224,0.001816138938005224,0.7317153164972122,0.6707437299503285,1.936008700860553,0.6707437299503285,0.03819013452481836,0.17082678149600594,0.019816010386896902,0.0,-0.001816138938005224,-0.004263693014102982,-0.0012077750518965646,-0.012195121951219523,0.0030314513073134153,-0.0015091632872386018,-0.007706728846743061,-0.005494525484401269,-0.011117272328740768,-0.025526113919721927,0.001063969779355245,0.0016187992434222864,0.0005865846215177273,-0.001816138938005224,0.001816138938005224,-0.0006559527714004032,-0.002608134028068143,0.012186084648232232,-0.002608134028068143,-0.016047808902764478,-0.0012796196548542638,0.0
mifal_controlled_degradation_v0,ablate_light,feature_family_ablation,core,evaluated,,observable_current_chla,validation,2,all,bloom_h,mifal_probability_bloom_calibrated,0.1,True,3158,3158,1.0,441,0.1396453451551615,1845,0.584230525649145,0.1379440451745979,1201,1516,112,329,0.17831978319783198,0.746031746031746,0.44203165255796834,0.4419343983987113,0.45580493211415907,0.13226284062141125,0.3306855241126719,0.6608153751010895,0.10556876998102634,0.4296650153160086,0.31521108676296616,-0.001701299980563592,0.001701299980563592,0.7305256491450285,0.6731651548146624,1.9735411498025097,0.6731651548146624,0.03830173643329836,0.16955845353700244,0.01836406706655183,0.0,-0.001701299980563592,-0.01298290056998097,-0.002486155296335557,-0.027210884353741527,0.010673536989326438,0.0015858162481625637,-0.01131835555707389,-0.012333375042323208,-0.00843479034382899,-0.030227500152312126,0.0007146004994963151,0.0014702822419686012,0.0003770882580411694,-0.001701299980563592,0.001701299980563592,-0.0018999366687777464,-0.003419252008750151,0.015715080098583467,-0.003419252008750151,-0.016049638175696587,-0.0008469951428538014,0.0
mifal_controlled_degradation_v0,ablate_light,feature_family_ablation,core,evaluated,,observable_current_chla,validation,2,wqp,bloom_h,mifal_probability_bloom_calibrated,0.1,True,3158,3158,1.0,441,0.1396453451551615,1845,0.584230525649145,0.1379440451745979,1201,1516,112,329,0.17831978319783198,0.746031746031746,0.44203165255796834,0.4419343983987113,0.45580493211415907,0.13226284062141125,0.3306855241126719,0.6608153751010895,0.10556876998102634,0.4296650153160086,0.31521108676296616,-0.001701299980563592,0.001701299980563592,0.7305256491450285,0.6731651548146624,1.9735411498025097,0.6731651548146624,0.03830173643329836,0.16955845353700244,0.01836406706655183,0.0,-0.001701299980563592,-0.01298290056998097,-0.002486155296335557,-0.027210884353741527,0.010673536989326438,0.0015858162481625637,-0.01131835555707389,-0.012333375042323208,-0.00843479034382899,-0.030227500152312126,0.0007146004994963151,0.0014702822419686012,0.0003770882580411694,-0.001701299980563592,0.001701299980563592,-0.0018999366687777464,-0.003419252008750151,0.015715080098583467,-0.003419252008750151,-0.016049638175696587,-0.0008469951428538014,0.0
mifal_controlled_degradation_v0,ablate_light,feature_family_ablation,core,evaluated,,observable_current_chla,validation,3,all,bloom_h,mifal_probability_bloom_calibrated,0.1109989909182643,True,3184,3184,1.0,457,0.14353015075376885,1817,0.5706658291457286,0.14146675026757527,1231,1496,136,321,0.17666483214089157,0.7024070021881839,0.4514118078474514,0.4418448775671457,0.4403292181069959,0.10895530865648864,0.2916680469803977,0.645501785773034,0.11134524736017168,0.43178880180964946,0.3204335888068208,-0.0020634004861935784,0.0020634004861935784,0.7248743718592965,0.6705754798849217,1.9881778166241706,0.6705754798849217,0.0381841016521775,0.1708463354362464,0.017849110464000707,0.0,-0.0020634004861935507,-0.024811557788944727,-0.007406897816914337,-0.06126914660831506,0.018701870187018688,-0.0003742973395339244,-0.028252951602993404,-0.031337137169911405,-0.01260359921742088,-0.03285244644085117,0.0010431402118945415,0.001713878769349586,0.0004271596049515991,-0.0020634004861935507,0.0020634004861935507,-0.002512562814070307,-0.004678720930759717,0.018015651185708137,-0.004678720930759717,-0.015964374032180935,-0.00020903252538459483,0.0
mifal_controlled_degradation_v0,ablate_light,feature_family_ablation,core,evaluated,,observable_current_chla,validation,3,wqp,bloom_h,mifal_probability_bloom_calibrated,0.1109989909182643,True,3184,3184,1.0,457,0.14353015075376885,1817,0.5706658291457286,0.14146675026757527,1231,1496,136,321,0.17666483214089157,0.7024070021881839,0.4514118078474514,0.4418448775671457,0.4403292181069959,0.10895530865648864,0.2916680469803977,0.645501785773034,0.11134524736017168,0.43178880180964946,0.3204335888068208,-0.0020634004861935784,0.0020634004861935784,0.7248743718592965,0.6705754798849217,1.9881778166241706,0.6705754798849217,0.0381841016521775,0.1708463354362464,0.017849110464000707,0.0,-0.0020634004861935507,-0.024811557788944727,-0.007406897816914337,-0.06126914660831506,0.018701870187018688,-0.0003742973395339244,-0.028252951602993404,-0.031337137169911405,-0.01260359921742088,-0.03285244644085117,0.0010431402118945415,0.001713878769349586,0.0004271596049515991,-0.0020634004861935507,0.0020634004861935507,-0.002512562814070307,-0.004678720930759717,0.018015651185708137,-0.004678720930759717,-0.015964374032180935,-0.00020903252538459483,0.0
mifal_controlled_degradation_v0,ablate_nutrients,feature_family_ablation,core,evaluated,,observable_current_chla,test,1,all,bloom_h,mifal_probability_bloom_calibrated,0.108695652173913,True,4673,4673,1.0,852,0.18232398887224482,554,0.11855339182537984,0.0958065595353002,3641,180,478,374,0.6750902527075813,0.43896713615023475,0.9528919131117508,0.7245670766882486,0.47198384654215036,0.4680447932768333,0.49002153918026,0.650276517343615,0.12868178749572634,0.47766691261609373,0.3431407200139982,-0.08651742933694462,0.08651742933694462,0.6832869676867109,0.6536873318907117,2.3872624056697602,0.6536873318907117,0.02146212522562579,0.17685898820616888,0.025198745000192122,0.0,-0.06583790353486135,-0.2443826235822812,0.2936044036509775,-0.3204225352112676,0.22742737503271393,0.06287543961519682,-0.1618327678779123,0.07871544265086816,-0.12467461438062538,-0.1355142325645402,0.02821034693086845,0.0672984632941015,0.049794458705890776,-0.06583790353486135,0.06583790353486135,-0.008559811684142882,-0.021660642006002817,0.14418274016583288,-0.021660642006002817,-0.03667614162206473,0.005131333780893782,0.0
mifal_controlled_degradation_v0,ablate_nutrients,feature_family_ablation,core,evaluated,,observable_current_chla,test,1,wqp,bloom_h,mifal_probability_bloom_calibrated,0.108695652173913,True,4673,4673,1.0,852,0.18232398887224482,554,0.11855339182537984,0.0958065595353002,3641,180,478,374,0.6750902527075813,0.43896713615023475,0.9528919131117508,0.7245670766882486,0.47198384654215036,0.4680447932768333,0.49002153918026,0.650276517343615,0.12868178749572634,0.47766691261609373,0.3431407200139982,-0.08651742933694462,0.08651742933694462,0.6832869676867109,0.6536873318907117,2.3872624056697602,0.6536873318907117,0.02146212522562579,0.17685898820616888,0.025198745000192122,0.0,-0.06583790353486135,-0.2443826235822812,0.2936044036509775,-0.3204225352112676,0.22742737503271393,0.06287543961519682,-0.1618327678779123,0.07871544265086816,-0.12467461438062538,-0.1355142325645402,0.02821034693086845,0.0672984632941015,0.049794458705890776,-0.06583790353486135,0.06583790353486135,-0.008559811684142882,-0.021660642006002817,0.14418274016583288,-0.021660642006002817,-0.03667614162206473,0.005131333780893782,0.0
mifal_controlled_degradation_v0,ablate_nutrients,feature_family_ablation,core,evaluated,,observable_current_chla,test,2,all,bloom_h,mifal_probability_bloom_calibrated,0.1,True,4710,4710,1.0,863,0.18322717622080678,861,0.18280254777070062,0.10517897934227269,3402,445,447,416,0.4831591173054588,0.4820393974507532,0.8843254484013517,0.6833471209921326,0.4822629260375609,0.36669480259789616,0.4421561953777273,0.6273749902483794,0.1364431503942981,0.48032060822075107,0.35171948401547104,-0.07804819687853409,0.07804819687853409,0.6770700636942675,0.6561410710035448,2.391481196542184,0.6561410710035448,0.021319140874657513,0.1755765309091335,0.024785943047449483,0.0,-0.05936671259875434,-0.4842887473460722,0.26068935282423666,-0.32792584009269987,0.5193657395373018,0.2495355073927883,-0.04776437150566032,0.22309887579741564,-0.0994000522318268,-0.12215881451619459,0.02465395056771004,0.05902944779264224,0.0417111642590593,-0.05936671259875434,0.05936671259875434,-0.009766454352441611,-0.022875822759028552,0.15274373148855558,-0.022875822759028552,-0.03678113586689701,0.00580461629694648,0.0
mifal_controlled_degradation_v0,ablate_nutrients,feature_family_ablation,core,evaluated,,observable_current_chla,test,2,wqp,bloom_h,mifal_probability_bloom_calibrated,0.1,True,4710,4710,1.0,863,0.18322717622080678,861,0.18280254777070062,0.10517897934227269,3402,445,447,416,0.4831591173054588,0.4820393974507532,0.8843254484013517,0.6833471209921326,0.4822629260375609,0.36669480259789616,0.4421561953777273,0.6273749902483794,0.1364431503942981,0.48032060822075107,0.35171948401547104,-0.07804819687853409,0.07804819687853409,0.6770700636942675,0.6561410710035448,2.391481196542184,0.6561410710035448,0.021319140874657513,0.1755765309091335,0.024785943047449483,0.0,-0.05936671259875434,-0.4842887473460722,0.26068935282423666,-0.32792584009269987,0.5193657395373018,0.2495355073927883,-0.04776437150566032,0.22309887579741564,-0.0994000522318268,-0.12215881451619459,0.02465395056771004,0.05902944779264224,0.0417111642590593,-0.05936671259875434,0.05936671259875434,-0.009766454352441611,-0.022875822759028552,0.15274373148855558,-0.022875822759028552,-0.03678113586689701,0.00580461629694648,0.0
mifal_controlled_degradation_v0,ablate_nutrients,feature_family_ablation,core,evaluated,,observable_current_chla,test,3,all,bloom_h,mifal_probability_bloom_calibrated,0.1109989909182643,True,4757,4757,1.0,883,0.18562118982552028,856,0.17994534370401513,0.11112729669392157,3412,462,489,394,0.4602803738317757,0.44620611551528877,0.8807434176561694,0.6654094362543429,0.4489516864175022,0.3309146726667008,0.40705638566786945,0.601040212912871,0.138759675821247,0.480003333796795,0.354047501508441,-0.07449389313159871,0.07449389313159871,0.6758461215051503,0.6554191817312733,2.4190341632444143,0.6554191817312733,0.021215379484727532,0.17592035267821243,0.024469255538086883,0.0,-0.05660451460232349,-0.48370821946605,0.23918439663823757,-0.3442808607021518,0.5154878678368612,0.23414245679790258,-0.07280044394578083,0.20274948077870827,-0.08010798510655975,-0.11998040191280124,0.01923839735766711,0.05329828424491739,0.03683066409572,-0.05660451460232349,0.05660451460232349,-0.00988017658187934,-0.02348990644534843,0.1626710284968702,-0.02348990644534843,-0.03712264249280314,0.006056435677745026,0.0
mifal_controlled_degradation_v0,ablate_nutrients,feature_family_ablation,core,evaluated,,observable_current_chla,test,3,wqp,bloom_h,mifal_probability_bloom_calibrated,0.1109989909182643,True,4757,4757,1.0,883,0.18562118982552028,856,0.17994534370401513,0.11112729669392157,3412,462,489,394,0.4602803738317757,0.44620611551528877,0.8807434176561694,0.6654094362543429,0.4489516864175022,0.3309146726667008,0.40705638566786945,0.601040212912871,0.138759675821247,0.480003333796795,0.354047501508441,-0.07449389313159871,0.07449389313159871,0.6758461215051503,0.6554191817312733,2.4190341632444143,0.6554191817312733,0.021215379484727532,0.17592035267821243,0.024469255538086883,0.0,-0.05660451460232349,-0.48370821946605,0.23918439663823757,-0.3442808607021518,0.5154878678368612,0.23414245679790258,-0.07280044394578083,0.20274948077870827,-0.08010798510655975,-0.11998040191280124,0.01923839735766711,0.05329828424491739,0.03683066409572,-0.05660451460232349,0.05660451460232349,-0.00988017658187934,-0.02348990644534843,0.1626710284968702,-0.02348990644534843,-0.03712264249280314,0.006056435677745026,0.0
mifal_controlled_degradation_v0,ablate_nutrients,feature_family_ablation,core,evaluated,,observable_current_chla,validation,1,all,bloom_h,mifal_probability_bloom_calibrated,0.108695652173913,True,3049,3049,1.0,410,0.13447031813709412,269,0.08822564775336175,0.08360118208903312,2466,173,314,96,0.35687732342007433,0.23414634146341465,0.9344448654793482,0.5964498990488112,0.25144054478784705,0.20279068643807843,0.25059251296896623,0.546017523267313,0.10992059914015237,0.46709052444631866,0.3336790447809226,-0.050869136048060995,0.050869136048060995,0.7218760249262053,0.654154262015326,2.0628867142773473,0.654154262015326,0.020366572215564975,0.176429266661152,0.019816010386896902,0.0,-0.050869136048060995,-0.16431616923581502,0.04259160913436005,-0.35609756097560974,0.1345206517620311,-0.03787437497742241,-0.25063414400883344,-0.10357905851420626,-0.15958184169300516,-0.19517463192820628,0.016062416227188278,0.048198960141758396,0.030872264758936896,-0.050869136048060995,0.050869136048060995,-0.01049524434240734,-0.019197601963070632,0.1390640980650264,-0.019197601963070632,-0.033871371212017866,0.00432286551029179,0.0
mifal_controlled_degradation_v0,ablate_nutrients,feature_family_ablation,core,evaluated,,observable_current_chla,validation,1,wqp,bloom_h,mifal_probability_bloom_calibrated,0.108695652173913,True,3049,3049,1.0,410,0.13447031813709412,269,0.08822564775336175,0.08360118208903312,2466,173,314,96,0.35687732342007433,0.23414634146341465,0.9344448654793482,0.5964498990488112,0.25144054478784705,0.20279068643807843,0.25059251296896623,0.546017523267313,0.10992059914015237,0.46709052444631866,0.3336790447809226,-0.050869136048060995,0.050869136048060995,0.7218760249262053,0.654154262015326,2.0628867142773473,0.654154262015326,0.020366572215564975,0.176429266661152,0.019816010386896902,0.0,-0.050869136048060995,-0.16431616923581502,0.04259160913436005,-0.35609756097560974,0.1345206517620311,-0.03787437497742241,-0.25063414400883344,-0.10357905851420626,-0.15958184169300516,-0.19517463192820628,0.016062416227188278,0.048198960141758396,0.030872264758936896,-0.050869136048060995,0.050869136048060995,-0.01049524434240734,-0.019197601963070632,0.1390640980650264,-0.019197601963070632,-0.033871371212017866,0.00432286551029179,0.0
mifal_controlled_degradation_v0,ablate_nutrients,feature_family_ablation,core,evaluated,,observable_current_chla,validation,2,all,bloom_h,mifal_probability_bloom_calibrated,0.1,True,3158,3158,1.0,441,0.1396453451551615,507,0.16054464851171626,0.09526546855677669,2317,400,334,107,0.21104536489151873,0.24263038548752835,0.8527788001472212,0.5445010910097028,0.23557904007045355,0.0900835431326101,0.2383162888812603,0.5497476625296174,0.11520287584449362,0.4671911365359633,0.339844150030319,-0.04437987659838481,0.04437987659838481,0.7178594046865104,0.656538668267864,2.101889031239157,0.656538668267864,0.020064289820810315,0.17515871291379903,0.01836406706655183,0.0,-0.04437987659838481,-0.43666877770740975,0.030239426397351193,-0.5306122448979592,0.4214206845785793,0.10415250885915406,-0.2315442476007794,-0.05451267253112435,-0.10080402557524057,-0.1412952127237842,0.010348706362963603,0.03899640346192329,0.025010151525393987,-0.04437987659838481,0.04437987659838481,-0.014566181127295796,-0.020045738555548587,0.14406296153523068,-0.020045738555548587,-0.03428708478818463,0.004753264233942789,0.0
mifal_controlled_degradation_v0,ablate_nutrients,feature_family_ablation,core,evaluated,,observable_current_chla,validation,2,wqp,bloom_h,mifal_probability_bloom_calibrated,0.1,True,3158,3158,1.0,441,0.1396453451551615,507,0.16054464851171626,0.09526546855677669,2317,400,334,107,0.21104536489151873,0.24263038548752835,0.8527788001472212,0.5445010910097028,0.23557904007045355,0.0900835431326101,0.2383162888812603,0.5497476625296174,0.11520287584449362,0.4671911365359633,0.339844150030319,-0.04437987659838481,0.04437987659838481,0.7178594046865104,0.656538668267864,2.101889031239157,0.656538668267864,0.020064289820810315,0.17515871291379903,0.01836406706655183,0.0,-0.04437987659838481,-0.43666877770740975,0.030239426397351193,-0.5306122448979592,0.4214206845785793,0.10415250885915406,-0.2315442476007794,-0.05451267253112435,-0.10080402557524057,-0.1412952127237842,0.010348706362963603,0.03899640346192329,0.025010151525393987,-0.04437987659838481,0.04437987659838481,-0.014566181127295796,-0.020045738555548587,0.14406296153523068,-0.020045738555548587,-0.03428708478818463,0.004753264233942789,0.0
mifal_controlled_degradation_v0,ablate_nutrients,feature_family_ablation,core,evaluated,,observable_current_chla,validation,3,all,bloom_h,mifal_probability_bloom_calibrated,0.1109989909182643,True,3184,3184,1.0,457,0.14353015075376885,513,0.1611180904522613,0.10060399407701595,2316,411,355,102,0.19883040935672514,0.22319474835886213,0.8492849284928493,0.534202434655065,0.2178556172575822,0.06912279502813852,0.22319218141695032,0.5438378994719312,0.1189982120778393,0.46606925547745887,0.3415371831982865,-0.0429261566767529,0.0429261566767529,0.714824120603015,0.6550782072320469,2.116498009823016,0.6550782072320469,0.019865454669693437,0.17586258237423477,0.017849110464000707,0.0,-0.04292615667675287,-0.434359296482412,0.014758679398919228,-0.5404814004376368,0.4165749908324166,0.0919832597483854,-0.25072655245240705,-0.07116965079826153,-0.08107946478086828,-0.13451633274195396,0.00869610492956216,0.03599433243715899,0.021530753996417296,-0.04292615667675287,0.04292615667675287,-0.012562814070351758,-0.020175993583634533,0.14633584438455371,-0.020175993583634533,-0.034283021014664995,0.004807214412603789,0.0
mifal_controlled_degradation_v0,ablate_nutrients,feature_family_ablation,core,evaluated,,observable_current_chla,validation,3,wqp,bloom_h,mifal_probability_bloom_calibrated,0.1109989909182643,True,3184,3184,1.0,457,0.14353015075376885,513,0.1611180904522613,0.10060399407701595,2316,411,355,102,0.19883040935672514,0.22319474835886213,0.8492849284928493,0.534202434655065,0.2178556172575822,0.06912279502813852,0.22319218141695032,0.5438378994719312,0.1189982120778393,0.46606925547745887,0.3415371831982865,-0.0429261566767529,0.0429261566767529,0.714824120603015,0.6550782072320469,2.116498009823016,0.6550782072320469,0.019865454669693437,0.17586258237423477,0.017849110464000707,0.0,-0.04292615667675287,-0.434359296482412,0.014758679398919228,-0.5404814004376368,0.4165749908324166,0.0919832597483854,-0.25072655245240705,-0.07116965079826153,-0.08107946478086828,-0.13451633274195396,0.00869610492956216,0.03599433243715899,0.021530753996417296,-0.04292615667675287,0.04292615667675287,-0.012562814070351758,-0.020175993583634533,0.14633584438455371,-0.020175993583634533,-0.034283021014664995,0.004807214412603789,0.0
mifal_controlled_degradation_v0,control_observed,control,core,evaluated,,observable_current_chla,test,1,all,bloom_h,mifal_probability_bloom_calibrated,0.108695652173913,True,4673,4673,1.0,852,0.18232398887224482,1696,0.362936015407661,0.16164446307016156,2772,1049,205,647,0.38148584905660377,0.7593896713615024,0.7254645380790369,0.6616916370730518,0.6338166144200627,0.38932935062596513,0.6146961535608854,0.7857907499081552,0.10047144056485789,0.41036844932199223,0.2933462613081074,-0.020679525802083265,0.020679525802083265,0.6918467793708538,0.6753479738967145,2.2430796655039273,0.6753479738967145,0.05813826684769052,0.1717276544252751,0.025198745000192122,0.0,0.0,0.0,0.0,0.0,0.0,0.0,0.0,0.0,0.0,0.0,0.0,0.0,0.0,0.0,0.0,0.0,0.0,0.0,0.0,0.0,0.0,0.0
mifal_controlled_degradation_v0,control_observed,control,core,evaluated,,observable_current_chla,test,1,wqp,bloom_h,mifal_probability_bloom_calibrated,0.108695652173913,True,4673,4673,1.0,852,0.18232398887224482,1696,0.362936015407661,0.16164446307016156,2772,1049,205,647,0.38148584905660377,0.7593896713615024,0.7254645380790369,0.6616916370730518,0.6338166144200627,0.38932935062596513,0.6146961535608854,0.7857907499081552,0.10047144056485789,0.41036844932199223,0.2933462613081074,-0.020679525802083265,0.020679525802083265,0.6918467793708538,0.6753479738967145,2.2430796655039273,0.6753479738967145,0.05813826684769052,0.1717276544252751,0.025198745000192122,0.0,0.0,0.0,0.0,0.0,0.0,0.0,0.0,0.0,0.0,0.0,0.0,0.0,0.0,0.0,0.0,0.0,0.0,0.0,0.0,0.0,0.0,0.0
mifal_controlled_degradation_v0,control_observed,control,core,evaluated,,observable_current_chla,test,2,all,bloom_h,mifal_probability_bloom_calibrated,0.1,True,4710,4710,1.0,863,0.18322717622080678,3142,0.6670912951167728,0.16454569194102703,1404,2443,164,699,0.22246976448122216,0.8099652375434531,0.36495970886404994,0.4338116135993443,0.5300272975432212,0.14359592680048053,0.5415562476095541,0.749533804764574,0.11178919982658807,0.4212911604281088,0.31000831975641174,-0.018681484279779753,0.018681484279779753,0.6868365180467091,0.6790168937625733,2.2387374650536285,0.6790168937625733,0.058100276741554525,0.16977191461218702,0.024785943047449483,0.0,0.0,0.0,0.0,0.0,0.0,0.0,0.0,0.0,0.0,0.0,0.0,0.0,0.0,0.0,0.0,0.0,0.0,0.0,0.0,0.0,0.0,0.0
mifal_controlled_degradation_v0,control_observed,control,core,evaluated,,observable_current_chla,test,2,wqp,bloom_h,mifal_probability_bloom_calibrated,0.1,True,4710,4710,1.0,863,0.18322717622080678,3142,0.6670912951167728,0.16454569194102703,1404,2443,164,699,0.22246976448122216,0.8099652375434531,0.36495970886404994,0.4338116135993443,0.5300272975432212,0.14359592680048053,0.5415562476095541,0.749533804764574,0.11178919982658807,0.4212911604281088,0.31000831975641174,-0.018681484279779753,0.018681484279779753,0.6868365180467091,0.6790168937625733,2.2387374650536285,0.6790168937625733,0.058100276741554525,0.16977191461218702,0.024785943047449483,0.0,0.0,0.0,0.0,0.0,0.0,0.0,0.0,0.0,0.0,0.0,0.0,0.0,0.0,0.0,0.0,0.0,0.0,0.0,0.0,0.0,0.0,0.0
mifal_controlled_degradation_v0,control_observed,control,core,evaluated,,observable_current_chla,test,3,all,bloom_h,mifal_probability_bloom_calibrated,0.1109989909182643,True,4757,4757,1.0,883,0.18562118982552028,3157,0.6636535631700652,0.16773181129624506,1415,2459,185,698,0.22109597719353816,0.7904869762174406,0.3652555498193082,0.4312669794564403,0.521752130363283,0.12816519188799255,0.4871643707744292,0.7210206148256723,0.1195212784635799,0.4267050495518776,0.317216837412721,-0.01788937852927522,0.01788937852927522,0.6857262980870297,0.6789090881766218,2.256363134747544,0.6789090881766218,0.05833802197753068,0.1698639170004674,0.024469255538086883,0.0,0.0,0.0,0.0,0.0,0.0,0.0,0.0,0.0,0.0,0.0,0.0,0.0,0.0,0.0,0.0,0.0,0.0,0.0,0.0,0.0,0.0,0.0
mifal_controlled_degradation_v0,control_observed,control,core,evaluated,,observable_current_chla,test,3,wqp,bloom_h,mifal_probability_bloom_calibrated,0.1109989909182643,True,4757,4757,1.0,883,0.18562118982552028,3157,0.6636535631700652,0.16773181129624506,1415,2459,185,698,0.22109597719353816,0.7904869762174406,0.3652555498193082,0.4312669794564403,0.521752130363283,0.12816519188799255,0.4871643707744292,0.7210206148256723,0.1195212784635799,0.4267050495518776,0.317216837412721,-0.01788937852927522,0.01788937852927522,0.6857262980870297,0.6789090881766218,2.256363134747544,0.6789090881766218,0.05833802197753068,0.1698639170004674,0.024469255538086883,0.0,0.0,0.0,0.0,0.0,0.0,0.0,0.0,0.0,0.0,0.0,0.0,0.0,0.0,0.0,0.0,0.0,0.0,0.0,0.0,0.0,0.0,0.0
mifal_controlled_degradation_v0,control_observed,control,core,evaluated,,observable_current_chla,validation,1,all,bloom_h,mifal_probability_bloom_calibrated,0.108695652173913,True,3049,3049,1.0,410,0.13447031813709412,770,0.25254181698917677,0.13447031813709412,2111,528,168,242,0.3142857142857143,0.5902439024390244,0.7999242137173171,0.6343242740262336,0.5020746887966805,0.3063697449522847,0.4101743546619714,0.7411921551955193,0.09385818291296409,0.41889156430456026,0.3028067800219857,0.0,0.0,0.7323712692686126,0.6733518639783966,1.9238226162123209,0.6733518639783966,0.05423794342758284,0.1721064011508602,0.019816010386896902,0.0,0.0,0.0,0.0,0.0,0.0,0.0,0.0,0.0,0.0,0.0,0.0,0.0,0.0,0.0,0.0,0.0,0.0,0.0,0.0,0.0,0.0,0.0
mifal_controlled_degradation_v0,control_observed,control,core,evaluated,,observable_current_chla,validation,1,wqp,bloom_h,mifal_probability_bloom_calibrated,0.108695652173913,True,3049,3049,1.0,410,0.13447031813709412,770,0.25254181698917677,0.13447031813709412,2111,528,168,242,0.3142857142857143,0.5902439024390244,0.7999242137173171,0.6343242740262336,0.5020746887966805,0.3063697449522847,0.4101743546619714,0.7411921551955193,0.09385818291296409,0.41889156430456026,0.3028067800219857,0.0,0.0,0.7323712692686126,0.6733518639783966,1.9238226162123209,0.6733518639783966,0.05423794342758284,0.1721064011508602,0.019816010386896902,0.0,0.0,0.0,0.0,0.0,0.0,0.0,0.0,0.0,0.0,0.0,0.0,0.0,0.0,0.0,0.0,0.0,0.0,0.0,0.0,0.0,0.0,0.0
mifal_controlled_degradation_v0,control_observed,control,core,evaluated,,observable_current_chla,validation,2,all,bloom_h,mifal_probability_bloom_calibrated,0.1,True,3158,3158,1.0,441,0.1396453451551615,1886,0.597213426219126,0.1396453451551615,1172,1545,100,341,0.18080593849416754,0.7732426303854876,0.4313581155686419,0.44034858215054873,0.46712328767123296,0.14459621566373446,0.33912031445650087,0.6910428752534016,0.10485416948153002,0.42819473307404,0.314833998504925,0.0,0.0,0.7324255858138062,0.6765844068234126,1.9578260697039263,0.6765844068234126,0.054351374608994946,0.17040544867985624,0.01836406706655183,0.0,0.0,0.0,0.0,0.0,0.0,0.0,0.0,0.0,0.0,0.0,0.0,0.0,0.0,0.0,0.0,0.0,0.0,0.0,0.0,0.0,0.0,0.0
mifal_controlled_degradation_v0,control_observed,control,core,evaluated,,observable_current_chla,validation,2,wqp,bloom_h,mifal_probability_bloom_calibrated,0.1,True,3158,3158,1.0,441,0.1396453451551615,1886,0.597213426219126,0.1396453451551615,1172,1545,100,341,0.18080593849416754,0.7732426303854876,0.4313581155686419,0.44034858215054873,0.46712328767123296,0.14459621566373446,0.33912031445650087,0.6910428752534016,0.10485416948153002,0.42819473307404,0.314833998504925,0.0,0.0,0.7324255858138062,0.6765844068234126,1.9578260697039263,0.6765844068234126,0.054351374608994946,0.17040544867985624,0.01836406706655183,0.0,0.0,0.0,0.0,0.0,0.0,0.0,0.0,0.0,0.0,0.0,0.0,0.0,0.0,0.0,0.0,0.0,0.0,0.0,0.0,0.0,0.0,0.0
mifal_controlled_degradation_v0,control_observed,control,core,evaluated,,observable_current_chla,validation,3,all,bloom_h,mifal_probability_bloom_calibrated,0.1109989909182643,True,3184,3184,1.0,457,0.14353015075376885,1896,0.5954773869346733,0.14353015075376882,1180,1547,108,349,0.1840717299578059,0.7636761487964989,0.4327099376604327,0.4422191749066796,0.4685821697099893,0.14029244582640005,0.3042716461978186,0.6783542322138851,0.11030210714827714,0.4300749230402999,0.3200064292018692,-2.7755575615628914e-17,2.7755575615628914e-17,0.7273869346733668,0.6752542008156814,1.9701621654384625,0.6752542008156814,0.05414847568435843,0.17105536796163098,0.017849110464000707,0.0,0.0,0.0,0.0,0.0,0.0,0.0,0.0,0.0,0.0,0.0,0.0,0.0,0.0,0.0,0.0,0.0,0.0,0.0,0.0,0.0,0.0,0.0
mifal_controlled_degradation_v0,control_observed,control,core,evaluated,,observable_current_chla,validation,3,wqp,bloom_h,mifal_probability_bloom_calibrated,0.1109989909182643,True,3184,3184,1.0,457,0.14353015075376885,1896,0.5954773869346733,0.14353015075376882,1180,1547,108,349,0.1840717299578059,0.7636761487964989,0.4327099376604327,0.4422191749066796,0.4685821697099893,0.14029244582640005,0.3042716461978186,0.6783542322138851,0.11030210714827714,0.4300749230402999,0.3200064292018692,-2.7755575615628914e-17,2.7755575615628914e-17,0.7273869346733668,0.6752542008156814,1.9701621654384625,0.6752542008156814,0.05414847568435843,0.17105536796163098,0.017849110464000707,0.0,0.0,0.0,0.0,0.0,0.0,0.0,0.0,0.0,0.0,0.0,0.0,0.0,0.0,0.0,0.0,0.0,0.0,0.0,0.0,0.0,0.0,0.0
mifal_controlled_degradation_v0,random_dropout_mcar_25,random_value_dropout,core,evaluated,20260612,observable_current_chla,test,1,all,bloom_h,mifal_probability_bloom_calibrated,0.108695652173913,True,4673,4673,1.0,852,0.18232398887224482,1813,0.3879734645837792,0.18126732487285566,2525,1296,335,517,0.2851627137341423,0.6068075117370892,0.6608217744046061,0.5719336821705753,0.49511587818425595,0.21206062316327812,0.42198712628394436,0.6508262038426142,0.13303026663660145,0.43643345349727247,0.31512748534495166,-0.001056663999389168,0.001056663999389168,0.6903488123261289,0.6744342527789302,2.264743407117783,0.6744342527789302,0.04819818071204676,0.1705250055191296,0.01882903174080728,0.0,0.019622861802694097,0.025037449176118165,-0.09632313532246145,-0.15258215962441313,-0.06464276367443078,-0.08975795490247651,-0.1387007362358067,-0.17726872746268701,-0.192709027276941,-0.13496454606554098,0.032558826071743555,0.026065004175280237,0.021781224036844238,0.019622861802694097,-0.019622861802694097,-0.001497967044724935,-0.0009137211177843163,0.02166374161385587,-0.0009137211177843163,-0.00994008613564376,-0.0012026489061454926,-0.0063697132593848425
mifal_controlled_degradation_v0,random_dropout_mcar_25,random_value_dropout,core,evaluated,20260612,observable_current_chla,test,1,wqp,bloom_h,mifal_probability_bloom_calibrated,0.108695652173913,True,4673,4673,1.0,852,0.18232398887224482,1813,0.3879734645837792,0.18126732487285566,2525,1296,335,517,0.2851627137341423,0.6068075117370892,0.6608217744046061,0.5719336821705753,0.49511587818425595,0.21206062316327812,0.42198712628394436,0.6508262038426142,0.13303026663660145,0.43643345349727247,0.31512748534495166,-0.001056663999389168,0.001056663999389168,0.6903488123261289,0.6744342527789302,2.264743407117783,0.6744342527789302,0.04819818071204676,0.1705250055191296,0.01882903174080728,0.0,0.019622861802694097,0.025037449176118165,-0.09632313532246145,-0.15258215962441313,-0.06464276367443078,-0.08975795490247651,-0.1387007362358067,-0.17726872746268701,-0.192709027276941,-0.13496454606554098,0.032558826071743555,0.026065004175280237,0.021781224036844238,0.019622861802694097,-0.019622861802694097,-0.001497967044724935,-0.0009137211177843163,0.02166374161385587,-0.0009137211177843163,-0.00994008613564376,-0.0012026489061454926,-0.0063697132593848425
mifal_controlled_degradation_v0,random_dropout_mcar_25,random_value_dropout,core,evaluated,20260612,observable_current_chla,test,2,all,bloom_h,mifal_probability_bloom_calibrated,0.1,True,4710,4710,1.0,863,0.18322717622080678,2696,0.5723991507430998,0.18627234030021037,1706,2141,308,555,0.20586053412462907,0.6431054461181923,0.443462438263582,0.44701928861559537,0.4513662979830839,0.06769141896199572,0.37167583921912756,0.6291854030815422,0.13927924530443428,0.43824146996138114,0.3254262671347364,0.003045164079403584,0.003045164079403584,0.6868365180467091,0.6777934841005242,2.257086202146575,0.6777934841005242,0.04830705854606451,0.16877284378617669,0.0187512996474112,0.0,0.021726648359183337,-0.09469214437367302,-0.01660923035659309,-0.16685979142526075,0.07850272939953207,0.013207675016251086,-0.07866099956013728,-0.0759045078384848,-0.16988040839042656,-0.12034840168303174,0.02749004547784621,0.016950309533272312,0.015417947378324637,0.021726648359183337,-0.01563632020037617,0.0,-0.0012234096620491464,0.01834873709294671,-0.0012234096620491464,-0.009793218195490012,-0.0009990708260103343,-0.006034643400038283
mifal_controlled_degradation_v0,random_dropout_mcar_25,random_value_dropout,core,evaluated,20260612,observable_current_chla,test,2,wqp,bloom_h,mifal_probability_bloom_calibrated,0.1,True,4710,4710,1.0,863,0.18322717622080678,2696,0.5723991507430998,0.18627234030021037,1706,2141,308,555,0.20586053412462907,0.6431054461181923,0.443462438263582,0.44701928861559537,0.4513662979830839,0.06769141896199572,0.37167583921912756,0.6291854030815422,0.13927924530443428,0.43824146996138114,0.3254262671347364,0.003045164079403584,0.003045164079403584,0.6868365180467091,0.6777934841005242,2.257086202146575,0.6777934841005242,0.04830705854606451,0.16877284378617669,0.0187512996474112,0.0,0.021726648359183337,-0.09469214437367302,-0.01660923035659309,-0.16685979142526075,0.07850272939953207,0.013207675016251086,-0.07866099956013728,-0.0759045078384848,-0.16988040839042656,-0.12034840168303174,0.02749004547784621,0.016950309533272312,0.015417947378324637,0.021726648359183337,-0.01563632020037617,0.0,-0.0012234096620491464,0.01834873709294671,-0.0012234096620491464,-0.009793218195490012,-0.0009990708260103343,-0.006034643400038283
mifal_controlled_degradation_v0,random_dropout_mcar_25,random_value_dropout,core,evaluated,20260612,observable_current_chla,test,3,all,bloom_h,mifal_probability_bloom_calibrated,0.1109989909182643,True,4757,4757,1.0,883,0.18562118982552028,2704,0.5684254782425898,0.1804046589536554,1719,2155,334,549,0.20303254437869822,0.6217440543601359,0.44372741352607126,0.44308137257175384,0.44018601667735724,0.051394236619124484,0.3459811239613552,0.6037055703119382,0.14042207560622239,0.44556745599069764,0.3342407078837832,-0.005216530871864883,0.005216530871864883,0.6838343493798612,0.6780247047716577,2.2786893038137266,0.6780247047716577,0.048190219769482706,0.16863023775168384,0.018173718029719087,0.0,0.012672847657410335,-0.09522808492747536,-0.018063432814839936,-0.16874292185730466,0.07847186370676307,0.011814393115313515,-0.08156611368592581,-0.07677095526886807,-0.14118324681307398,-0.11731504451373409,0.02090079714264248,0.018862406438820034,0.017023870471062186,0.012672847657410335,-0.012672847657410335,-0.001891948707168467,-0.0008843834049641064,0.022326169066182455,-0.0008843834049641064,-0.010147802208047972,-0.0012336792487835646,-0.006295537508367796
mifal_controlled_degradation_v0,random_dropout_mcar_25,random_value_dropout,core,evaluated,20260612,observable_current_chla,test,3,wqp,bloom_h,mifal_probability_bloom_calibrated,0.1109989909182643,True,4757,4757,1.0,883,0.18562118982552028,2704,0.5684254782425898,0.1804046589536554,1719,2155,334,549,0.20303254437869822,0.6217440543601359,0.44372741352607126,0.44308137257175384,0.44018601667735724,0.051394236619124484,0.3459811239613552,0.6037055703119382,0.14042207560622239,0.44556745599069764,0.3342407078837832,-0.005216530871864883,0.005216530871864883,0.6838343493798612,0.6780247047716577,2.2786893038137266,0.6780247047716577,0.048190219769482706,0.16863023775168384,0.018173718029719087,0.0,0.012672847657410335,-0.09522808492747536,-0.018063432814839936,-0.16874292185730466,0.07847186370676307,0.011814393115313515,-0.08156611368592581,-0.07677095526886807,-0.14118324681307398,-0.11731504451373409,0.02090079714264248,0.018862406438820034,0.017023870471062186,0.012672847657410335,-0.012672847657410335,-0.001891948707168467,-0.0008843834049641064,0.022326169066182455,-0.0008843834049641064,-0.010147802208047972,-0.0012336792487835646,-0.006295537508367796
mifal_controlled_degradation_v0,random_dropout_mcar_25,random_value_dropout,core,evaluated,20260612,observable_current_chla,validation,1,all,bloom_h,mifal_probability_bloom_calibrated,0.108695652173913,True,3049,3049,1.0,410,0.13447031813709412,1020,0.33453591341423417,0.15650800955737326,1824,815,205,205,0.20098039215686275,0.5,0.6911708980674498,0.5341021446419904,0.38533834586466165,0.1382268128462056,0.29571162676803914,0.6032394014732114,0.11348644515299491,0.4317755167966517,0.3172131796618829,0.022037691420279143,0.022037691420279143,0.7336831748114135,0.6728747790309809,1.9488052748859068,0.6728747790309809,0.04451711626471195,0.1707217851563373,0.014680332896954279,0.0,0.022037691420279143,0.0819940964250574,-0.11330532212885153,-0.09024390243902436,-0.10875331564986734,-0.10022212938424324,-0.11673634293201884,-0.16814293210607908,-0.11446272789393225,-0.13795275372230786,0.019628262240030822,0.012883952492091455,0.014406399639897205,0.022037691420279143,0.022037691420279143,0.0013119055428009174,-0.00047708494741571794,0.024982658673585956,-0.00047708494741571794,-0.009720827162870892,-0.0013846159945229142,-0.005135677489942623
mifal_controlled_degradation_v0,random_dropout_mcar_25,random_value_dropout,core,evaluated,20260612,observable_current_chla,validation,1,wqp,bloom_h,mifal_probability_bloom_calibrated,0.108695652173913,True,3049,3049,1.0,410,0.13447031813709412,1020,0.33453591341423417,0.15650800955737326,1824,815,205,205,0.20098039215686275,0.5,0.6911708980674498,0.5341021446419904,0.38533834586466165,0.1382268128462056,0.29571162676803914,0.6032394014732114,0.11348644515299491,0.4317755167966517,0.3172131796618829,0.022037691420279143,0.022037691420279143,0.7336831748114135,0.6728747790309809,1.9488052748859068,0.6728747790309809,0.04451711626471195,0.1707217851563373,0.014680332896954279,0.0,0.022037691420279143,0.0819940964250574,-0.11330532212885153,-0.09024390243902436,-0.10875331564986734,-0.10022212938424324,-0.11673634293201884,-0.16814293210607908,-0.11446272789393225,-0.13795275372230786,0.019628262240030822,0.012883952492091455,0.014406399639897205,0.022037691420279143,0.022037691420279143,0.0013119055428009174,-0.00047708494741571794,0.024982658673585956,-0.00047708494741571794,-0.009720827162870892,-0.0013846159945229142,-0.005135677489942623
mifal_controlled_degradation_v0,random_dropout_mcar_25,random_value_dropout,core,evaluated,20260612,observable_current_chla,validation,2,all,bloom_h,mifal_probability_bloom_calibrated,0.1,True,3158,3158,1.0,441,0.1396453451551615,1736,0.5497150094996833,0.15776782394136252,1258,1459,164,277,0.1595622119815668,0.6281179138321995,0.4630106735369893,0.43117746947679303,0.3957142857142858,0.0634883577622053,0.25632059961837644,0.5945120042864404,0.11862109427375019,0.4341786299074713,0.322953808447137,0.01812247878620102,0.01812247878620102,0.7302089930335656,0.6767716906641494,1.9745040275359866,0.6767716906641494,0.045374852037529306,0.16881483501274824,0.013830465729483371,0.0,0.01812247878620102,-0.04749841671944266,-0.02124372651260073,-0.14512471655328807,0.03165255796834743,-0.0091711126737557,-0.07140900195694716,-0.08110785790152916,-0.08279971483812443,-0.09653087096696122,0.013766924792220164,0.0059838968334313125,0.008119809942212008,0.01812247878620102,0.01812247878620102,-0.002216592780240667,0.00018728384073685156,0.016677957832060386,0.00018728384073685156,-0.00897652257146564,-0.0015906136671079985,-0.00453360133706846
mifal_controlled_degradation_v0,random_dropout_mcar_25,random_value_dropout,core,evaluated,20260612,observable_current_chla,validation,2,wqp,bloom_h,mifal_probability_bloom_calibrated,0.1,True,3158,3158,1.0,441,0.1396453451551615,1736,0.5497150094996833,0.15776782394136252,1258,1459,164,277,0.1595622119815668,0.6281179138321995,0.4630106735369893,0.43117746947679303,0.3957142857142858,0.0634883577622053,0.25632059961837644,0.5945120042864404,0.11862109427375019,0.4341786299074713,0.322953808447137,0.01812247878620102,0.01812247878620102,0.7302089930335656,0.6767716906641494,1.9745040275359866,0.6767716906641494,0.045374852037529306,0.16881483501274824,0.013830465729483371,0.0,0.01812247878620102,-0.04749841671944266,-0.02124372651260073,-0.14512471655328807,0.03165255796834743,-0.0091711126737557,-0.07140900195694716,-0.08110785790152916,-0.08279971483812443,-0.09653087096696122,0.013766924792220164,0.0059838968334313125,0.008119809942212008,0.01812247878620102,0.01812247878620102,-0.002216592780240667,0.00018728384073685156,0.016677957832060386,0.00018728384073685156,-0.00897652257146564,-0.0015906136671079985,-0.00453360133706846
mifal_controlled_degradation_v0,random_dropout_mcar_25,random_value_dropout,core,evaluated,20260612,observable_current_chla,validation,3,all,bloom_h,mifal_probability_bloom_calibrated,0.1109989909182643,True,3184,3184,1.0,457,0.14353015075376885,1692,0.5314070351758794,0.15856130477308467,1315,1412,177,280,0.16548463356973994,0.612691466083151,0.4822148881554822,0.4419783930767669,0.3977272727272727,0.06668242246841988,0.23546334083304707,0.5934596012482356,0.12159812040548203,0.4366772157166189,0.3275957074421624,0.015031154019315818,0.015031154019315818,0.7251884422110553,0.6751485784087563,1.9887000418278882,0.6751485784087563,0.04504874702870963,0.16959121430840193,0.013283877975820414,0.0,0.015031154019315845,-0.06407035175879394,-0.018587096388065966,-0.15098468271334797,0.04950495049504949,-0.00024078182991271735,-0.07085489698271658,-0.07361002335798017,-0.06880830536477153,-0.08489463096564953,0.01129601325720489,0.00660229267631901,0.007589278240293151,0.015031154019315845,0.01503115401931579,-0.0021984924623115187,-0.00010562240692513214,0.018537876389425723,-0.00010562240692513214,-0.0090997286556488,-0.00146415365322905,-0.004565232488180294
mifal_controlled_degradation_v0,random_dropout_mcar_25,random_value_dropout,core,evaluated,20260612,observable_current_chla,validation,3,wqp,bloom_h,mifal_probability_bloom_calibrated,0.1109989909182643,True,3184,3184,1.0,457,0.14353015075376885,1692,0.5314070351758794,0.15856130477308467,1315,1412,177,280,0.16548463356973994,0.612691466083151,0.4822148881554822,0.4419783930767669,0.3977272727272727,0.06668242246841988,0.23546334083304707,0.5934596012482356,0.12159812040548203,0.4366772157166189,0.3275957074421624,0.015031154019315818,0.015031154019315818,0.7251884422110553,0.6751485784087563,1.9887000418278882,0.6751485784087563,0.04504874702870963,0.16959121430840193,0.013283877975820414,0.0,0.015031154019315845,-0.06407035175879394,-0.018587096388065966,-0.15098468271334797,0.04950495049504949,-0.00024078182991271735,-0.07085489698271658,-0.07361002335798017,-0.06880830536477153,-0.08489463096564953,0.01129601325720489,0.00660229267631901,0.007589278240293151,0.015031154019315845,0.01503115401931579,-0.0021984924623115187,-0.00010562240692513214,0.018537876389425723,-0.00010562240692513214,-0.0090997286556488,-0.00146415365322905,-0.004565232488180294
mifal_controlled_degradation_v0,random_dropout_mcar_25,random_value_dropout,core,evaluated,20260613,observable_current_chla,test,1,all,bloom_h,mifal_probability_bloom_calibrated,0.108695652173913,True,4673,4673,1.0,852,0.18232398887224482,1856,0.3971752621442328,0.18635944161668427,2480,1341,337,515,0.27747844827586204,0.6044600938967136,0.6490447526825438,0.5637837605692662,0.48917173252279633,0.20003784787733053,0.3877783702436621,0.629861784332445,0.137692944112703,0.43429503838924677,0.3140815734848524,0.0040354527444394495,0.0040354527444394495,0.6909907982024396,0.6750721646798451,2.266068582854146,0.6750721646798451,0.04837645252080611,0.1702313901627542,0.018995142113833925,0.0,0.024714978546522715,0.034239246736571805,-0.10400740078074172,-0.15492957746478875,-0.07641978539649308,-0.09790787650378563,-0.14464488189726632,-0.1892915027486346,-0.2269177833172233,-0.15592896557571023,0.037221503547845106,0.023926589067254533,0.020735312176744958,0.024714978546522715,-0.016644073057643816,-0.0008559811684142327,-0.00027580921686942705,0.022988917350218685,-0.00027580921686942705,-0.009761814326884416,-0.001496264262520891,-0.006203602886358198
mifal_controlled_degradation_v0,random_dropout_mcar_25,random_value_dropout,core,evaluated,20260613,observable_current_chla,test,1,wqp,bloom_h,mifal_probability_bloom_calibrated,0.108695652173913,True,4673,4673,1.0,852,0.18232398887224482,1856,0.3971752621442328,0.18635944161668427,2480,1341,337,515,0.27747844827586204,0.6044600938967136,0.6490447526825438,0.5637837605692662,0.48917173252279633,0.20003784787733053,0.3877783702436621,0.629861784332445,0.137692944112703,0.43429503838924677,0.3140815734848524,0.0040354527444394495,0.0040354527444394495,0.6909907982024396,0.6750721646798451,2.266068582854146,0.6750721646798451,0.04837645252080611,0.1702313901627542,0.018995142113833925,0.0,0.024714978546522715,0.034239246736571805,-0.10400740078074172,-0.15492957746478875,-0.07641978539649308,-0.09790787650378563,-0.14464488189726632,-0.1892915027486346,-0.2269177833172233,-0.15592896557571023,0.037221503547845106,0.023926589067254533,0.020735312176744958,0.024714978546522715,-0.016644073057643816,-0.0008559811684142327,-0.00027580921686942705,0.022988917350218685,-0.00027580921686942705,-0.009761814326884416,-0.001496264262520891,-0.006203602886358198
mifal_controlled_degradation_v0,random_dropout_mcar_25,random_value_dropout,core,evaluated,20260613,observable_current_chla,test,2,all,bloom_h,mifal_probability_bloom_calibrated,0.1,True,4710,4710,1.0,863,0.18322717622080678,2691,0.5713375796178344,0.18163872586546587,1685,2162,334,529,0.19658119658119658,0.6129779837775203,0.4380036391993761,0.43609492125870186,0.43057138206088236,0.03985246046133764,0.34776549962328135,0.602786749603384,0.14378077266093595,0.4460505832504006,0.33111441753674015,-0.0015884503553409146,0.0015884503553409146,0.6868365180467091,0.6783676113773293,2.2614313529257926,0.6783676113773293,0.04794226914295892,0.16843152177746779,0.01841589841671683,0.0,0.01709303392443884,-0.09575371549893841,-0.025888567900025583,-0.19698725376593273,0.07304393033532619,0.0022833076593575807,-0.09945591548233884,-0.10374346633914289,-0.19379074798627277,-0.14674705516119002,0.03199157283434788,0.024759422822291766,0.021106097780328403,0.01709303392443884,-0.01709303392443884,0.0,-0.0006492823852440877,0.022693887872164087,-0.0006492823852440877,-0.010158007598595607,-0.001340392834719234,-0.006370044630732652
mifal_controlled_degradation_v0,random_dropout_mcar_25,random_value_dropout,core,evaluated,20260613,observable_current_chla,test,2,wqp,bloom_h,mifal_probability_bloom_calibrated,0.1,True,4710,4710,1.0,863,0.18322717622080678,2691,0.5713375796178344,0.18163872586546587,1685,2162,334,529,0.19658119658119658,0.6129779837775203,0.4380036391993761,0.43609492125870186,0.43057138206088236,0.03985246046133764,0.34776549962328135,0.602786749603384,0.14378077266093595,0.4460505832504006,0.33111441753674015,-0.0015884503553409146,0.0015884503553409146,0.6868365180467091,0.6783676113773293,2.2614313529257926,0.6783676113773293,0.04794226914295892,0.16843152177746779,0.01841589841671683,0.0,0.01709303392443884,-0.09575371549893841,-0.025888567900025583,-0.19698725376593273,0.07304393033532619,0.0022833076593575807,-0.09945591548233884,-0.10374346633914289,-0.19379074798627277,-0.14674705516119002,0.03199157283434788,0.024759422822291766,0.021106097780328403,0.01709303392443884,-0.01709303392443884,0.0,-0.0006492823852440877,0.022693887872164087,-0.0006492823852440877,-0.010158007598595607,-0.001340392834719234,-0.006370044630732652
mifal_controlled_degradation_v0,random_dropout_mcar_25,random_value_dropout,core,evaluated,20260613,observable_current_chla,test,3,all,bloom_h,mifal_probability_bloom_calibrated,0.1109989909182643,True,4757,4757,1.0,883,0.18562118982552028,2707,0.569056127811646,0.17854198615978456,1714,2160,336,547,0.20206871074990765,0.6194790486976217,0.44243675787299946,0.4416992207704273,0.4383715338996634,0.04861168067120191,0.3439070479273703,0.6078318680566965,0.14054288322333486,0.4448367312674802,0.33172583115350596,-0.007079203665735723,0.007079203665735723,0.68404456590288,0.6779079809587576,2.2789548287649395,0.6779079809587576,0.04805847608595427,0.16868577112012847,0.01804812402873483,0.0,0.010810174863539496,-0.09459743535841914,-0.01902726644363051,-0.17100792751981886,0.07718120805369127,0.010432241313986956,-0.08338059646361967,-0.07955351121679063,-0.1432573228470589,-0.11318874676897572,0.021021604759754953,0.018131681715602588,0.014508993740784959,0.010810174863539496,-0.010810174863539496,-0.0016817321841496868,-0.0010011072178641722,0.02259169401739536,-0.0010011072178641722,-0.010279545891576411,-0.0011781458803389322,-0.006421131509352054
mifal_controlled_degradation_v0,random_dropout_mcar_25,random_value_dropout,core,evaluated,20260613,observable_current_chla,test,3,wqp,bloom_h,mifal_probability_bloom_calibrated,0.1109989909182643,True,4757,4757,1.0,883,0.18562118982552028,2707,0.569056127811646,0.17854198615978456,1714,2160,336,547,0.20206871074990765,0.6194790486976217,0.44243675787299946,0.4416992207704273,0.4383715338996634,0.04861168067120191,0.3439070479273703,0.6078318680566965,0.14054288322333486,0.4448367312674802,0.33172583115350596,-0.007079203665735723,0.007079203665735723,0.68404456590288,0.6779079809587576,2.2789548287649395,0.6779079809587576,0.04805847608595427,0.16868577112012847,0.01804812402873483,0.0,0.010810174863539496,-0.09459743535841914,-0.01902726644363051,-0.17100792751981886,0.07718120805369127,0.010432241313986956,-0.08338059646361967,-0.07955351121679063,-0.1432573228470589,-0.11318874676897572,0.021021604759754953,0.018131681715602588,0.014508993740784959,0.010810174863539496,-0.010810174863539496,-0.0016817321841496868,-0.0010011072178641722,0.02259169401739536,-0.0010011072178641722,-0.010279545891576411,-0.0011781458803389322,-0.006421131509352054
mifal_controlled_degradation_v0,random_dropout_mcar_25,random_value_dropout,core,evaluated,20260613,observable_current_chla,validation,1,all,bloom_h,mifal_probability_bloom_calibrated,0.108695652173913,True,3049,3049,1.0,410,0.13447031813709412,961,0.3151853066579206,0.15140114397266746,1884,755,204,206,0.21436004162330904,0.5024390243902439,0.7139067828723001,0.5488167435794526,0.39600153787004994,0.15886680649819554,0.28977712969204805,0.6181272470170704,0.11398933336708103,0.433570514637877,0.3161965422776233,0.016930825835573343,0.016930825835573343,0.7330272220400131,0.6722003394691828,1.9528411292962735,0.6722003394691828,0.04477844867927913,0.1711126809792636,0.014929887313722858,0.0,0.016930825835573343,0.06264348966874383,-0.09992567266240523,-0.08780487804878045,-0.086017430845017,-0.08550753044678094,-0.10607315092663056,-0.14750293845408916,-0.12039722496992333,-0.12306490817844884,0.02013115045411694,0.014678950333316731,0.013389762255637594,0.016930825835573343,0.016930825835573343,0.0006559527714005142,-0.0011515245092138526,0.029018513083952646,-0.0011515245092138526,-0.00945949474830371,-0.0009937201715966015,-0.004886123073174044
mifal_controlled_degradation_v0,random_dropout_mcar_25,random_value_dropout,core,evaluated,20260613,observable_current_chla,validation,1,wqp,bloom_h,mifal_probability_bloom_calibrated,0.108695652173913,True,3049,3049,1.0,410,0.13447031813709412,961,0.3151853066579206,0.15140114397266746,1884,755,204,206,0.21436004162330904,0.5024390243902439,0.7139067828723001,0.5488167435794526,0.39600153787004994,0.15886680649819554,0.28977712969204805,0.6181272470170704,0.11398933336708103,0.433570514637877,0.3161965422776233,0.016930825835573343,0.016930825835573343,0.7330272220400131,0.6722003394691828,1.9528411292962735,0.6722003394691828,0.04477844867927913,0.1711126809792636,0.014929887313722858,0.0,0.016930825835573343,0.06264348966874383,-0.09992567266240523,-0.08780487804878045,-0.086017430845017,-0.08550753044678094,-0.10607315092663056,-0.14750293845408916,-0.12039722496992333,-0.12306490817844884,0.02013115045411694,0.014678950333316731,0.013389762255637594,0.016930825835573343,0.016930825835573343,0.0006559527714005142,-0.0011515245092138526,0.029018513083952646,-0.0011515245092138526,-0.00945949474830371,-0.0009937201715966015,-0.004886123073174044
mifal_controlled_degradation_v0,random_dropout_mcar_25,random_value_dropout,core,evaluated,20260613,observable_current_chla,validation,2,all,bloom_h,mifal_probability_bloom_calibrated,0.1,True,3158,3158,1.0,441,0.1396453451551615,1680,0.5319822672577581,0.15164103412281282,1297,1420,181,260,0.15476190476190477,0.5895691609977324,0.4773647405226353,0.4317612793119938,0.3774680603948896,0.04649630018191373,0.25043204959258614,0.5797827903091061,0.11872645184125405,0.4371057932994184,0.32356413346406504,0.011995688967651325,0.011995688967651325,0.7295756808106396,0.675457613032069,1.9748779937591165,0.675457613032069,0.04493812442815509,0.16942019386270568,0.013650184764766603,0.0,0.011995688967651325,-0.06523115896136789,-0.026044033732262772,-0.1836734693877552,0.04600662495399338,-0.008587302838554911,-0.08965522727634334,-0.09809991548182073,-0.08868826486391473,-0.11126008494429551,0.013872282359724028,0.008911060225378409,0.008730134959140046,0.011995688967651325,0.011995688967651325,-0.0028499050031666195,-0.0011267937913436166,0.017051924055190293,-0.0011267937913436166,-0.009413250180839855,-0.0009852548171505604,-0.004713882301785228
mifal_controlled_degradation_v0,random_dropout_mcar_25,random_value_dropout,core,evaluated,20260613,observable_current_chla,validation,2,wqp,bloom_h,mifal_probability_bloom_calibrated,0.1,True,3158,3158,1.0,441,0.1396453451551615,1680,0.5319822672577581,0.15164103412281282,1297,1420,181,260,0.15476190476190477,0.5895691609977324,0.4773647405226353,0.4317612793119938,0.3774680603948896,0.04649630018191373,0.25043204959258614,0.5797827903091061,0.11872645184125405,0.4371057932994184,0.32356413346406504,0.011995688967651325,0.011995688967651325,0.7295756808106396,0.675457613032069,1.9748779937591165,0.675457613032069,0.04493812442815509,0.16942019386270568,0.013650184764766603,0.0,0.011995688967651325,-0.06523115896136789,-0.026044033732262772,-0.1836734693877552,0.04600662495399338,-0.008587302838554911,-0.08965522727634334,-0.09809991548182073,-0.08868826486391473,-0.11126008494429551,0.013872282359724028,0.008911060225378409,0.008730134959140046,0.011995688967651325,0.011995688967651325,-0.0028499050031666195,-0.0011267937913436166,0.017051924055190293,-0.0011267937913436166,-0.009413250180839855,-0.0009852548171505604,-0.004713882301785228
mifal_controlled_degradation_v0,random_dropout_mcar_25,random_value_dropout,core,evaluated,20260613,observable_current_chla,validation,3,all,bloom_h,mifal_probability_bloom_calibrated,0.1109989909182643,True,3184,3184,1.0,457,0.14353015075376885,1738,0.5458542713567839,0.15855420307130913,1284,1443,162,295,0.16973532796317606,0.6455142231947484,0.47084708470847086,0.44208866304538286,0.41362871564778464,0.08194080581728795,0.2694323832756804,0.6133337987336298,0.11729804516869714,0.43416650579531413,0.3254508657558746,0.015024052317540282,0.015024052317540282,0.7258165829145728,0.675697713828528,1.9806174430552963,0.675697713828528,0.0450247589884085,0.16930067674430224,0.013452966214114905,0.0,0.01502405231754031,-0.049623115577889454,-0.01433640199462985,-0.11816192560175054,0.03813714704803817,-0.00013051186129675596,-0.05495345406220464,-0.058351640009112096,-0.03483926292213818,-0.06502043348025532,0.006995938020420006,0.004091582755014256,0.005444436554005394,0.01502405231754031,0.015024052317540254,-0.001570351758793942,0.0004435130128465081,0.010455277616833847,0.0004435130128465081,-0.009123716695949934,-0.001754691217328741,-0.004396144249885802
mifal_controlled_degradation_v0,random_dropout_mcar_25,random_value_dropout,core,evaluated,20260613,observable_current_chla,validation,3,wqp,bloom_h,mifal_probability_bloom_calibrated,0.1109989909182643,True,3184,3184,1.0,457,0.14353015075376885,1738,0.5458542713567839,0.15855420307130913,1284,1443,162,295,0.16973532796317606,0.6455142231947484,0.47084708470847086,0.44208866304538286,0.41362871564778464,0.08194080581728795,0.2694323832756804,0.6133337987336298,0.11729804516869714,0.43416650579531413,0.3254508657558746,0.015024052317540282,0.015024052317540282,0.7258165829145728,0.675697713828528,1.9806174430552963,0.675697713828528,0.0450247589884085,0.16930067674430224,0.013452966214114905,0.0,0.01502405231754031,-0.049623115577889454,-0.01433640199462985,-0.11816192560175054,0.03813714704803817,-0.00013051186129675596,-0.05495345406220464,-0.058351640009112096,-0.03483926292213818,-0.06502043348025532,0.006995938020420006,0.004091582755014256,0.005444436554005394,0.01502405231754031,0.015024052317540254,-0.001570351758793942,0.0004435130128465081,0.010455277616833847,0.0004435130128465081,-0.009123716695949934,-0.001754691217328741,-0.004396144249885802
mifal_controlled_degradation_v0,random_dropout_mcar_25,random_value_dropout,core,evaluated,20260614,observable_current_chla,test,1,all,bloom_h,mifal_probability_bloom_calibrated,0.108695652173913,True,4673,4673,1.0,852,0.18232398887224482,1802,0.38561951637063985,0.18276341378327238,2548,1273,323,529,0.29356270810210877,0.6208920187793427,0.6668411410625491,0.58007491652294,0.5076775431861805,0.22824656048897116,0.42392321034817426,0.6632925222977049,0.131521118281003,0.4352090405499594,0.31588395313117434,0.00043942491102755277,0.00043942491102755277,0.6909907982024396,0.674462999567424,2.262021089631719,0.674462999567424,0.04833071479245022,0.17053560066716214,0.01877683848471652,0.0,0.021118950713110818,0.02268350096297883,-0.087923140954495,-0.13849765258215962,-0.05862339701648778,-0.08161672055011182,-0.12613907123388213,-0.16108279013699398,-0.1907729432127111,-0.12249822761045037,0.0310496777161451,0.024840591227967168,0.02253769182306692,0.021118950713110818,-0.020240100891055712,-0.0008559811684142327,-0.0008849743292905776,0.018941424127791873,-0.0008849743292905776,-0.009807552055240303,-0.0011920537581129598,-0.006421906515475601
mifal_controlled_degradation_v0,random_dropout_mcar_25,random_value_dropout,core,evaluated,20260614,observable_current_chla,test,1,wqp,bloom_h,mifal_probability_bloom_calibrated,0.108695652173913,True,4673,4673,1.0,852,0.18232398887224482,1802,0.38561951637063985,0.18276341378327238,2548,1273,323,529,0.29356270810210877,0.6208920187793427,0.6668411410625491,0.58007491652294,0.5076775431861805,0.22824656048897116,0.42392321034817426,0.6632925222977049,0.131521118281003,0.4352090405499594,0.31588395313117434,0.00043942491102755277,0.00043942491102755277,0.6909907982024396,0.674462999567424,2.262021089631719,0.674462999567424,0.04833071479245022,0.17053560066716214,0.01877683848471652,0.0,0.021118950713110818,0.02268350096297883,-0.087923140954495,-0.13849765258215962,-0.05862339701648778,-0.08161672055011182,-0.12613907123388213,-0.16108279013699398,-0.1907729432127111,-0.12249822761045037,0.0310496777161451,0.024840591227967168,0.02253769182306692,0.021118950713110818,-0.020240100891055712,-0.0008559811684142327,-0.0008849743292905776,0.018941424127791873,-0.0008849743292905776,-0.009807552055240303,-0.0011920537581129598,-0.006421906515475601
mifal_controlled_degradation_v0,random_dropout_mcar_25,random_value_dropout,core,evaluated,20260614,observable_current_chla,test,2,all,bloom_h,mifal_probability_bloom_calibrated,0.1,True,4710,4710,1.0,863,0.18322717622080678,2734,0.5804670912951168,0.18526331174309135,1663,2184,313,550,0.2011704462326262,0.6373117033603708,0.432284897322589,0.4384968182169095,0.4445522146783059,0.05455842110949755,0.3747817632712641,0.6192212800090121,0.13865797122015372,0.44129486184675343,0.32885429940130356,0.002036135522284571,0.002036135522284571,0.6876857749469214,0.6784590751534717,2.2596062876474754,0.6784590751534717,0.04827092446451208,0.16843154619619918,0.018532136297506222,0.0,0.020717619802064324,-0.08662420382165603,-0.02129931824859596,-0.17265353418308227,0.06732518845853908,0.0046852046175652196,-0.08547508286491529,-0.08903750569098298,-0.16677448433829,-0.13031252475556188,0.026868771393565652,0.020003701418644604,0.01884597964489182,0.020717619802064324,-0.016645348757495182,0.000849256900212314,-0.0005578186091016457,0.020868822593846925,-0.0005578186091016457,-0.009829352277042444,-0.001340368415987836,-0.006253806749943261
mifal_controlled_degradation_v0,random_dropout_mcar_25,random_value_dropout,core,evaluated,20260614,observable_current_chla,test,2,wqp,bloom_h,mifal_probability_bloom_calibrated,0.1,True,4710,4710,1.0,863,0.18322717622080678,2734,0.5804670912951168,0.18526331174309135,1663,2184,313,550,0.2011704462326262,0.6373117033603708,0.432284897322589,0.4384968182169095,0.4445522146783059,0.05455842110949755,0.3747817632712641,0.6192212800090121,0.13865797122015372,0.44129486184675343,0.32885429940130356,0.002036135522284571,0.002036135522284571,0.6876857749469214,0.6784590751534717,2.2596062876474754,0.6784590751534717,0.04827092446451208,0.16843154619619918,0.018532136297506222,0.0,0.020717619802064324,-0.08662420382165603,-0.02129931824859596,-0.17265353418308227,0.06732518845853908,0.0046852046175652196,-0.08547508286491529,-0.08903750569098298,-0.16677448433829,-0.13031252475556188,0.026868771393565652,0.020003701418644604,0.01884597964489182,0.020717619802064324,-0.016645348757495182,0.000849256900212314,-0.0005578186091016457,0.020868822593846925,-0.0005578186091016457,-0.009829352277042444,-0.001340368415987836,-0.006253806749943261
mifal_controlled_degradation_v0,random_dropout_mcar_25,random_value_dropout,core,evaluated,20260614,observable_current_chla,test,3,all,bloom_h,mifal_probability_bloom_calibrated,0.1109989909182643,True,4757,4757,1.0,883,0.18562118982552028,2703,0.5682152617195712,0.1834736714937009,1718,2156,336,547,0.20236773954864964,0.6194790486976217,0.4434692823954569,0.4423487125295327,0.4386527666399359,0.04941071494599401,0.3422811631677501,0.6011688399768238,0.14233538234823642,0.4451211054319054,0.3326073100083871,-0.0021475183318193924,0.0021475183318193924,0.686146731133067,0.6779807625787495,2.282520637424493,0.6779807625787495,0.04804457973685489,0.16862932476341413,0.01823968765121484,0.0,0.015741860197455826,-0.09543830145049403,-0.018728237644888512,-0.17100792751981886,0.07821373257614872,0.011081733073092348,-0.08309936372334714,-0.07875447694199855,-0.1448832076066791,-0.11985177484884846,0.022814103884656517,0.018416055880027815,0.015390472595666116,0.015741860197455826,-0.015741860197455826,0.00042043304603733844,-0.0009283255978722593,0.02615750267694894,-0.0009283255978722593,-0.010293442240675792,-0.0012345922370532725,-0.006229567886872043
mifal_controlled_degradation_v0,random_dropout_mcar_25,random_value_dropout,core,evaluated,20260614,observable_current_chla,test,3,wqp,bloom_h,mifal_probability_bloom_calibrated,0.1109989909182643,True,4757,4757,1.0,883,0.18562118982552028,2703,0.5682152617195712,0.1834736714937009,1718,2156,336,547,0.20236773954864964,0.6194790486976217,0.4434692823954569,0.4423487125295327,0.4386527666399359,0.04941071494599401,0.3422811631677501,0.6011688399768238,0.14233538234823642,0.4451211054319054,0.3326073100083871,-0.0021475183318193924,0.0021475183318193924,0.686146731133067,0.6779807625787495,2.282520637424493,0.6779807625787495,0.04804457973685489,0.16862932476341413,0.01823968765121484,0.0,0.015741860197455826,-0.09543830145049403,-0.018728237644888512,-0.17100792751981886,0.07821373257614872,0.011081733073092348,-0.08309936372334714,-0.07875447694199855,-0.1448832076066791,-0.11985177484884846,0.022814103884656517,0.018416055880027815,0.015390472595666116,0.015741860197455826,-0.015741860197455826,0.00042043304603733844,-0.0009283255978722593,0.02615750267694894,-0.0009283255978722593,-0.010293442240675792,-0.0012345922370532725,-0.006229567886872043
mifal_controlled_degradation_v0,random_dropout_mcar_25,random_value_dropout,core,evaluated,20260614,observable_current_chla,validation,1,all,bloom_h,mifal_probability_bloom_calibrated,0.108695652173913,True,3049,3049,1.0,410,0.13447031813709412,1003,0.3289603148573303,0.15644976014981754,1849,790,197,213,0.2123629112662014,0.5195121951219512,0.7006441834028041,0.5454069204920614,0.4029511918274688,0.1598599287005226,0.30188860267794104,0.6288228172164253,0.11195571885741334,0.4327943058250553,0.31902314523647846,0.02197944201272342,0.02197944201272342,0.731387340111512,0.6726682103121885,1.9505999927978492,0.6726682103121885,0.0444457111219082,0.1708089978904884,0.014899058589362787,0.0,0.02197944201272342,0.07641849786815352,-0.10192280301951287,-0.07073170731707312,-0.09928003031451305,-0.08891735353417218,-0.09912349696921169,-0.1465098162517621,-0.10828575198403034,-0.11236933797909399,0.018097535944449253,0.013902741520495032,0.016216365214492767,0.02197944201272342,0.02197944201272342,-0.0009839291571006603,-0.0006836536662081505,0.026777376585528367,-0.0006836536662081505,-0.009792232305674643,-0.00129740326037181,-0.004916951797534114
mifal_controlled_degradation_v0,random_dropout_mcar_25,random_value_dropout,core,evaluated,20260614,observable_current_chla,validation,1,wqp,bloom_h,mifal_probability_bloom_calibrated,0.108695652173913,True,3049,3049,1.0,410,0.13447031813709412,1003,0.3289603148573303,0.15644976014981754,1849,790,197,213,0.2123629112662014,0.5195121951219512,0.7006441834028041,0.5454069204920614,0.4029511918274688,0.1598599287005226,0.30188860267794104,0.6288228172164253,0.11195571885741334,0.4327943058250553,0.31902314523647846,0.02197944201272342,0.02197944201272342,0.731387340111512,0.6726682103121885,1.9505999927978492,0.6726682103121885,0.0444457111219082,0.1708089978904884,0.014899058589362787,0.0,0.02197944201272342,0.07641849786815352,-0.10192280301951287,-0.07073170731707312,-0.09928003031451305,-0.08891735353417218,-0.09912349696921169,-0.1465098162517621,-0.10828575198403034,-0.11236933797909399,0.018097535944449253,0.013902741520495032,0.016216365214492767,0.02197944201272342,0.02197944201272342,-0.0009839291571006603,-0.0006836536662081505,0.026777376585528367,-0.0006836536662081505,-0.009792232305674643,-0.00129740326037181,-0.004916951797534114
mifal_controlled_degradation_v0,random_dropout_mcar_25,random_value_dropout,core,evaluated,20260614,observable_current_chla,validation,2,all,bloom_h,mifal_probability_bloom_calibrated,0.1,True,3158,3158,1.0,441,0.1396453451551615,1692,0.5357821405953135,0.15966572527218242,1292,1425,174,267,0.15780141843971632,0.6054421768707483,0.4755244755244755,0.4340450413282885,0.38628472222222227,0.05627339705276561,0.2732291603990481,0.5909220270122526,0.11754143334205194,0.43163041836376226,0.31954512584750727,0.020020380117020925,0.020020380117020925,0.7302089930335656,0.6762063387144158,1.9799712051920793,0.6762063387144158,0.0449345043980318,0.16901561668618975,0.013529063097199399,0.0,0.020020380117020925,-0.061431285623812504,-0.023004520054451222,-0.16780045351473927,0.04416635995583362,-0.006303540822260256,-0.08083856544901069,-0.08832281861096886,-0.06589115405745277,-0.10012084824114897,0.012687263860521922,0.003435685289722268,0.0047111273425822775,0.020020380117020925,0.020020380117020925,-0.002216592780240667,-0.00037806810899676524,0.022145135488153,-0.00037806810899676524,-0.009416870210963144,-0.0013898319936664905,-0.004835003969352433
mifal_controlled_degradation_v0,random_dropout_mcar_25,random_value_dropout,core,evaluated,20260614,observable_current_chla,validation,2,wqp,bloom_h,mifal_probability_bloom_calibrated,0.1,True,3158,3158,1.0,441,0.1396453451551615,1692,0.5357821405953135,0.15966572527218242,1292,1425,174,267,0.15780141843971632,0.6054421768707483,0.4755244755244755,0.4340450413282885,0.38628472222222227,0.05627339705276561,0.2732291603990481,0.5909220270122526,0.11754143334205194,0.43163041836376226,0.31954512584750727,0.020020380117020925,0.020020380117020925,0.7302089930335656,0.6762063387144158,1.9799712051920793,0.6762063387144158,0.0449345043980318,0.16901561668618975,0.013529063097199399,0.0,0.020020380117020925,-0.061431285623812504,-0.023004520054451222,-0.16780045351473927,0.04416635995583362,-0.006303540822260256,-0.08083856544901069,-0.08832281861096886,-0.06589115405745277,-0.10012084824114897,0.012687263860521922,0.003435685289722268,0.0047111273425822775,0.020020380117020925,0.020020380117020925,-0.002216592780240667,-0.00037806810899676524,0.022145135488153,-0.00037806810899676524,-0.009416870210963144,-0.0013898319936664905,-0.004835003969352433
mifal_controlled_degradation_v0,random_dropout_mcar_25,random_value_dropout,core,evaluated,20260614,observable_current_chla,validation,3,all,bloom_h,mifal_probability_bloom_calibrated,0.1109989909182643,True,3184,3184,1.0,457,0.14353015075376885,1717,0.5392587939698492,0.15886197917014183,1304,1423,163,294,0.1712288875946418,0.6433260393873085,0.47818115144847817,0.44615495303888375,0.41466854724964736,0.08546778422193672,0.23888953681991007,0.6037397321059604,0.12198375349630211,0.4359760725774809,0.32689008808549413,0.015331828416372983,0.015331828416372983,0.7273869346733668,0.6745502345186376,1.9931316664926304,0.6745502345186376,0.044557164746967394,0.16980128787547508,0.01361252505698722,0.0,0.015331828416373011,-0.05621859296482412,-0.012842842363164103,-0.12035010940919044,0.04547121378804547,0.003935778132204137,-0.053913622460341926,-0.05482466160446332,-0.06538210937790853,-0.0746145001079247,0.011681646348024974,0.005901149537181016,0.00688365888362491,0.015331828416373011,0.015331828416372956,0.0,-0.0007039662970438343,0.02296950105416795,-0.0007039662970438343,-0.009591310937391039,-0.0012540800861559065,-0.0042365854070134865
mifal_controlled_degradation_v0,random_dropout_mcar_25,random_value_dropout,core,evaluated,20260614,observable_current_chla,validation,3,wqp,bloom_h,mifal_probability_bloom_calibrated,0.1109989909182643,True,3184,3184,1.0,457,0.14353015075376885,1717,0.5392587939698492,0.15886197917014183,1304,1423,163,294,0.1712288875946418,0.6433260393873085,0.47818115144847817,0.44615495303888375,0.41466854724964736,0.08546778422193672,0.23888953681991007,0.6037397321059604,0.12198375349630211,0.4359760725774809,0.32689008808549413,0.015331828416372983,0.015331828416372983,0.7273869346733668,0.6745502345186376,1.9931316664926304,0.6745502345186376,0.044557164746967394,0.16980128787547508,0.01361252505698722,0.0,0.015331828416373011,-0.05621859296482412,-0.012842842363164103,-0.12035010940919044,0.04547121378804547,0.003935778132204137,-0.053913622460341926,-0.05482466160446332,-0.06538210937790853,-0.0746145001079247,0.011681646348024974,0.005901149537181016,0.00688365888362491,0.015331828416373011,0.015331828416372956,0.0,-0.0007039662970438343,0.02296950105416795,-0.0007039662970438343,-0.009591310937391039,-0.0012540800861559065,-0.0042365854070134865
mifal_controlled_degradation_v0,temporal_blocks_3m_rate_10,temporal_block_missingness,core,evaluated,20260612,observable_current_chla,test,1,all,bloom_h,mifal_probability_bloom_calibrated,0.108695652173913,True,4673,4673,1.0,852,0.18232398887224482,1644,0.3518082602182752,0.15869566177349306,2808,1013,221,631,0.3838199513381995,0.7406103286384976,0.7348861554566868,0.6627314944787572,0.6245051464766429,0.38446347143120424,0.6018290484483987,0.7728008546788012,0.1023833329523724,0.4138842943474727,0.2956175741626733,-0.02362832709875176,0.02362832709875176,0.6914187887866466,0.6742962211197373,2.2487226729991363,0.6742962211197373,0.05637536013527597,0.17197412486953745,0.024398466046084703,0.0,-0.0029488012966684962,-0.011127755189385802,0.0023341022815957513,-0.018779342723004744,0.009421617377649905,0.0010398574057054466,-0.009311467943419749,-0.0048658791947608915,-0.012867105112486676,-0.01298989522935401,0.001911892387514505,0.0035158450254804685,0.002271312854565888,-0.0029488012966684962,0.0029488012966684962,-0.00042799058420717184,-0.0010517527769772217,0.005643007495208963,-0.0010517527769772217,-0.0017629067124145525,0.00024647044426234777,-0.0008002789541074196
mifal_controlled_degradation_v0,temporal_blocks_3m_rate_10,temporal_block_missingness,core,evaluated,20260612,observable_current_chla,test,1,wqp,bloom_h,mifal_probability_bloom_calibrated,0.108695652173913,True,4673,4673,1.0,852,0.18232398887224482,1644,0.3518082602182752,0.15869566177349306,2808,1013,221,631,0.3838199513381995,0.7406103286384976,0.7348861554566868,0.6627314944787572,0.6245051464766429,0.38446347143120424,0.6018290484483987,0.7728008546788012,0.1023833329523724,0.4138842943474727,0.2956175741626733,-0.02362832709875176,0.02362832709875176,0.6914187887866466,0.6742962211197373,2.2487226729991363,0.6742962211197373,0.05637536013527597,0.17197412486953745,0.024398466046084703,0.0,-0.0029488012966684962,-0.011127755189385802,0.0023341022815957513,-0.018779342723004744,0.009421617377649905,0.0010398574057054466,-0.009311467943419749,-0.0048658791947608915,-0.012867105112486676,-0.01298989522935401,0.001911892387514505,0.0035158450254804685,0.002271312854565888,-0.0029488012966684962,0.0029488012966684962,-0.00042799058420717184,-0.0010517527769772217,0.005643007495208963,-0.0010517527769772217,-0.0017629067124145525,0.00024647044426234777,-0.0008002789541074196
mifal_controlled_degradation_v0,temporal_blocks_3m_rate_10,temporal_block_missingness,core,evaluated,20260612,observable_current_chla,test,2,all,bloom_h,mifal_probability_bloom_calibrated,0.1,True,4710,4710,1.0,863,0.18322717622080678,3042,0.6458598726114649,0.1618624873629164,1486,2361,182,681,0.22386587771203156,0.7891077636152954,0.38627501949571097,0.44383876820637,0.5243301509085309,0.14186518231610226,0.5283623256203346,0.7367941972812331,0.1135557609101391,0.424285532917039,0.3118678845137305,-0.02136468885789039,0.02136468885789039,0.6870488322717622,0.6779674046880558,2.2438173730473596,0.6779674046880558,0.0563265784606654,0.1700188052718957,0.02399694083460608,0.0,-0.0026832045781106373,-0.02123142250530785,0.0013961132308094037,-0.02085747392815762,0.021315310631661033,0.010027154607025746,-0.005697146634690342,-0.001730744484378266,-0.013193921989219537,-0.012739607483340909,0.001766561083551027,0.002994372488930197,0.0018595647573187435,-0.0026832045781106373,0.0026832045781106373,0.0002123142250530785,-0.0010494890745175178,0.0050799079937311475,-0.0010494890745175178,-0.0017736982808891286,0.0002468906597086762,-0.0007890022128434031
mifal_controlled_degradation_v0,temporal_blocks_3m_rate_10,temporal_block_missingness,core,evaluated,20260612,observable_current_chla,test,2,wqp,bloom_h,mifal_probability_bloom_calibrated,0.1,True,4710,4710,1.0,863,0.18322717622080678,3042,0.6458598726114649,0.1618624873629164,1486,2361,182,681,0.22386587771203156,0.7891077636152954,0.38627501949571097,0.44383876820637,0.5243301509085309,0.14186518231610226,0.5283623256203346,0.7367941972812331,0.1135557609101391,0.424285532917039,0.3118678845137305,-0.02136468885789039,0.02136468885789039,0.6870488322717622,0.6779674046880558,2.2438173730473596,0.6779674046880558,0.0563265784606654,0.1700188052718957,0.02399694083460608,0.0,-0.0026832045781106373,-0.02123142250530785,0.0013961132308094037,-0.02085747392815762,0.021315310631661033,0.010027154607025746,-0.005697146634690342,-0.001730744484378266,-0.013193921989219537,-0.012739607483340909,0.001766561083551027,0.002994372488930197,0.0018595647573187435,-0.0026832045781106373,0.0026832045781106373,0.0002123142250530785,-0.0010494890745175178,0.0050799079937311475,-0.0010494890745175178,-0.0017736982808891286,0.0002468906597086762,-0.0007890022128434031
mifal_controlled_degradation_v0,temporal_blocks_3m_rate_10,temporal_block_missingness,core,evaluated,20260612,observable_current_chla,test,3,all,bloom_h,mifal_probability_bloom_calibrated,0.1109989909182643,True,4757,4757,1.0,883,0.18562118982552028,3059,0.6430523439142316,0.16521384315528836,1497,2377,201,682,0.2229486760379209,0.7723669309173273,0.38642230252968507,0.44167337739651363,0.517372174176908,0.12886133630140917,0.47870996927654125,0.7121574792837343,0.12064169547021301,0.4293118860616493,0.318737759243668,-0.02040734667023192,0.02040734667023192,0.6853058650409922,0.6778958143103893,2.2618978806438412,0.6778958143103893,0.056551219904341345,0.17008960105556672,0.02369415854353893,0.0,-0.0025179681409567,-0.02060121925583358,0.0018526988443827441,-0.01812004530011324,0.02116675271037688,0.010406397940073309,-0.0043799561863751,0.0006961444134166161,-0.008454401497887953,-0.008863135541937961,0.0011204170066331093,0.0026068365097716706,0.0015209218309469863,-0.0025179681409567,0.0025179681409567,-0.00042043304603744946,-0.0010132738662325114,0.0055347458962971,-0.0010132738662325114,-0.0017868020731893336,0.00022568405509931777,-0.0007750969945479538
mifal_controlled_degradation_v0,temporal_blocks_3m_rate_10,temporal_block_missingness,core,evaluated,20260612,observable_current_chla,test,3,wqp,bloom_h,mifal_probability_bloom_calibrated,0.1109989909182643,True,4757,4757,1.0,883,0.18562118982552028,3059,0.6430523439142316,0.16521384315528836,1497,2377,201,682,0.2229486760379209,0.7723669309173273,0.38642230252968507,0.44167337739651363,0.517372174176908,0.12886133630140917,0.47870996927654125,0.7121574792837343,0.12064169547021301,0.4293118860616493,0.318737759243668,-0.02040734667023192,0.02040734667023192,0.6853058650409922,0.6778958143103893,2.2618978806438412,0.6778958143103893,0.056551219904341345,0.17008960105556672,0.02369415854353893,0.0,-0.0025179681409567,-0.02060121925583358,0.0018526988443827441,-0.01812004530011324,0.02116675271037688,0.010406397940073309,-0.0043799561863751,0.0006961444134166161,-0.008454401497887953,-0.008863135541937961,0.0011204170066331093,0.0026068365097716706,0.0015209218309469863,-0.0025179681409567,0.0025179681409567,-0.00042043304603744946,-0.0010132738662325114,0.0055347458962971,-0.0010132738662325114,-0.0017868020731893336,0.00022568405509931777,-0.0007750969945479538
mifal_controlled_degradation_v0,temporal_blocks_3m_rate_10,temporal_block_missingness,core,evaluated,20260612,observable_current_chla,validation,1,all,bloom_h,mifal_probability_bloom_calibrated,0.108695652173913,True,3049,3049,1.0,410,0.13447031813709412,745,0.24434240734667104,0.13223071225936397,2130,509,174,236,0.3167785234899329,0.5756097560975609,0.8071239105721865,0.6352414057046871,0.4947589098532495,0.3038707626046132,0.40680741893725997,0.7322955849869223,0.0942434987657397,0.42092361732180544,0.30399731718451933,-0.002239605877730144,0.002239605877730144,0.7320432928829125,0.6726527464819964,1.9279576597224766,0.6726527464819964,0.05232226451750024,0.17213950228578112,0.019217373574351274,0.0,-0.002239605877730144,-0.008199409642505734,0.0024928092042186267,-0.014634146341463428,0.00719969685486932,0.000917131678453531,-0.007315778943430995,-0.0024989823476714856,-0.0033669357247114173,-0.008896570208597021,0.0003853158527756112,0.0020320530172451834,0.0011905371625336447,-0.002239605877730144,0.002239605877730144,-0.0003279763857001461,-0.0006991174964002811,0.0041350435101557,-0.0006991174964002811,-0.0019156789100826035,3.3101134920915376e-05,-0.0005986368125456276
mifal_controlled_degradation_v0,temporal_blocks_3m_rate_10,temporal_block_missingness,core,evaluated,20260612,observable_current_chla,validation,1,wqp,bloom_h,mifal_probability_bloom_calibrated,0.108695652173913,True,3049,3049,1.0,410,0.13447031813709412,745,0.24434240734667104,0.13223071225936397,2130,509,174,236,0.3167785234899329,0.5756097560975609,0.8071239105721865,0.6352414057046871,0.4947589098532495,0.3038707626046132,0.40680741893725997,0.7322955849869223,0.0942434987657397,0.42092361732180544,0.30399731718451933,-0.002239605877730144,0.002239605877730144,0.7320432928829125,0.6726527464819964,1.9279576597224766,0.6726527464819964,0.05232226451750024,0.17213950228578112,0.019217373574351274,0.0,-0.002239605877730144,-0.008199409642505734,0.0024928092042186267,-0.014634146341463428,0.00719969685486932,0.000917131678453531,-0.007315778943430995,-0.0024989823476714856,-0.0033669357247114173,-0.008896570208597021,0.0003853158527756112,0.0020320530172451834,0.0011905371625336447,-0.002239605877730144,0.002239605877730144,-0.0003279763857001461,-0.0006991174964002811,0.0041350435101557,-0.0006991174964002811,-0.0019156789100826035,3.3101134920915376e-05,-0.0005986368125456276
mifal_controlled_degradation_v0,temporal_blocks_3m_rate_10,temporal_block_missingness,core,evaluated,20260612,observable_current_chla,validation,2,all,bloom_h,mifal_probability_bloom_calibrated,0.1,True,3158,3158,1.0,441,0.1396453451551615,1825,0.577897403419886,0.1376236830015668,1223,1494,110,331,0.18136986301369862,0.7505668934240363,0.4501288185498712,0.4480476828696893,0.4611312343271106,0.14084962607739307,0.33844785884525674,0.683798657482868,0.10492241441588049,0.4298233747324343,0.31575146490084416,-0.0020216621535947,0.0020216621535947,0.7321089297023432,0.6758248999090379,1.9615371256543146,0.6758248999090379,0.05234237600520212,0.17045843711525496,0.01779459687909039,0.0,-0.0020216621535947,-0.01931602279923994,0.0005639245195310782,-0.02267573696145131,0.018770702981229292,0.007699100719140595,-0.005992053344122339,-0.0037465895863413867,-0.0006724556112441271,-0.007244217770533523,6.824493435046708e-05,0.0016286416583943253,0.0009174663959191642,-0.0020216621535947,0.0020216621535947,-0.00031665611146303174,-0.0007595069143746525,0.0037110559503883422,-0.0007595069143746525,-0.002008998603792826,5.298843539872089e-05,-0.0005694701874614412
mifal_controlled_degradation_v0,temporal_blocks_3m_rate_10,temporal_block_missingness,core,evaluated,20260612,observable_current_chla,validation,2,wqp,bloom_h,mifal_probability_bloom_calibrated,0.1,True,3158,3158,1.0,441,0.1396453451551615,1825,0.577897403419886,0.1376236830015668,1223,1494,110,331,0.18136986301369862,0.7505668934240363,0.4501288185498712,0.4480476828696893,0.4611312343271106,0.14084962607739307,0.33844785884525674,0.683798657482868,0.10492241441588049,0.4298233747324343,0.31575146490084416,-0.0020216621535947,0.0020216621535947,0.7321089297023432,0.6758248999090379,1.9615371256543146,0.6758248999090379,0.05234237600520212,0.17045843711525496,0.01779459687909039,0.0,-0.0020216621535947,-0.01931602279923994,0.0005639245195310782,-0.02267573696145131,0.018770702981229292,0.007699100719140595,-0.005992053344122339,-0.0037465895863413867,-0.0006724556112441271,-0.007244217770533523,6.824493435046708e-05,0.0016286416583943253,0.0009174663959191642,-0.0020216621535947,0.0020216621535947,-0.00031665611146303174,-0.0007595069143746525,0.0037110559503883422,-0.0007595069143746525,-0.002008998603792826,5.298843539872089e-05,-0.0005694701874614412
mifal_controlled_degradation_v0,temporal_blocks_3m_rate_10,temporal_block_missingness,core,evaluated,20260612,observable_current_chla,validation,3,all,bloom_h,mifal_probability_bloom_calibrated,0.1109989909182643,True,3184,3184,1.0,457,0.14353015075376885,1839,0.5775753768844221,0.14165479923378207,1226,1501,119,338,0.18379554105492116,0.7396061269146609,0.4495782911624496,0.4482930936522388,0.4608671938914644,0.13428701668633372,0.3036350693553869,0.6694951770888249,0.1103952559565859,0.4313335521417237,0.3204866812079029,-0.0018753515199867732,0.0018753515199867732,0.7267587939698492,0.6745552123668588,1.9730038031784787,0.6745552123668588,0.05229293531816942,0.17110254695233462,0.017324993876941423,0.0,-0.0018753515199867454,-0.01790201005025127,-0.00027618890288474973,-0.024070021881838044,0.016868353502016875,0.006073918745559181,-0.007714975818524872,-0.006005429140066326,-0.0006365768424316798,-0.008859055125060245,9.314880830876837e-05,0.001258629101423825,0.0004802520060336879,-0.0018753515199867454,0.0018753515199867454,-0.0006281407035175768,-0.0006989884488226572,0.002841637740016223,-0.0006989884488226572,-0.0018555403661890124,4.717899070363907e-05,-0.0005241165870592847
mifal_controlled_degradation_v0,temporal_blocks_3m_rate_10,temporal_block_missingness,core,evaluated,20260612,observable_current_chla,validation,3,wqp,bloom_h,mifal_probability_bloom_calibrated,0.1109989909182643,True,3184,3184,1.0,457,0.14353015075376885,1839,0.5775753768844221,0.14165479923378207,1226,1501,119,338,0.18379554105492116,0.7396061269146609,0.4495782911624496,0.4482930936522388,0.4608671938914644,0.13428701668633372,0.3036350693553869,0.6694951770888249,0.1103952559565859,0.4313335521417237,0.3204866812079029,-0.0018753515199867732,0.0018753515199867732,0.7267587939698492,0.6745552123668588,1.9730038031784787,0.6745552123668588,0.05229293531816942,0.17110254695233462,0.017324993876941423,0.0,-0.0018753515199867454,-0.01790201005025127,-0.00027618890288474973,-0.024070021881838044,0.016868353502016875,0.006073918745559181,-0.007714975818524872,-0.006005429140066326,-0.0006365768424316798,-0.008859055125060245,9.314880830876837e-05,0.001258629101423825,0.0004802520060336879,-0.0018753515199867454,0.0018753515199867454,-0.0006281407035175768,-0.0006989884488226572,0.002841637740016223,-0.0006989884488226572,-0.0018555403661890124,4.717899070363907e-05,-0.0005241165870592847
mifal_controlled_degradation_v0,temporal_blocks_3m_rate_10,temporal_block_missingness,core,evaluated,20260613,observable_current_chla,test,1,all,bloom_h,mifal_probability_bloom_calibrated,0.108695652173913,True,4673,4673,1.0,852,0.18232398887224482,1660,0.35523218489193237,0.1595721397153962,2796,1025,217,635,0.3825301204819277,0.7453051643192489,0.7317456163308035,0.6619174407095284,0.6264798737174427,0.38487465910131546,0.6045594781103866,0.7759524520410432,0.1019911148880117,0.4129298598485111,0.29508861157996114,-0.022751849156848636,0.022751849156848636,0.6918467793708538,0.674646676936728,2.246587652212537,0.674646676936728,0.057010954611311164,0.171900682712497,0.024683473516217105,0.0,-0.0020723233547653708,-0.007703830515728649,0.0010442714253239282,-0.014084507042253502,0.006281078251766603,0.00022580363647661805,-0.007336740702619915,-0.004454691524649668,-0.010136675450498789,-0.00983829786711199,0.001519674323153808,0.0025614105265188702,0.0017423502718537098,-0.0020723233547653708,0.0020723233547653708,0.0,-0.0007012969599865526,0.003507986708609856,-0.0007012969599865526,-0.001127312236379359,0.00017302828722190466,-0.0005152714839750175
mifal_controlled_degradation_v0,temporal_blocks_3m_rate_10,temporal_block_missingness,core,evaluated,20260613,observable_current_chla,test,1,wqp,bloom_h,mifal_probability_bloom_calibrated,0.108695652173913,True,4673,4673,1.0,852,0.18232398887224482,1660,0.35523218489193237,0.1595721397153962,2796,1025,217,635,0.3825301204819277,0.7453051643192489,0.7317456163308035,0.6619174407095284,0.6264798737174427,0.38487465910131546,0.6045594781103866,0.7759524520410432,0.1019911148880117,0.4129298598485111,0.29508861157996114,-0.022751849156848636,0.022751849156848636,0.6918467793708538,0.674646676936728,2.246587652212537,0.674646676936728,0.057010954611311164,0.171900682712497,0.024683473516217105,0.0,-0.0020723233547653708,-0.007703830515728649,0.0010442714253239282,-0.014084507042253502,0.006281078251766603,0.00022580363647661805,-0.007336740702619915,-0.004454691524649668,-0.010136675450498789,-0.00983829786711199,0.001519674323153808,0.0025614105265188702,0.0017423502718537098,-0.0020723233547653708,0.0020723233547653708,0.0,-0.0007012969599865526,0.003507986708609856,-0.0007012969599865526,-0.001127312236379359,0.00017302828722190466,-0.0005152714839750175
mifal_controlled_degradation_v0,temporal_blocks_3m_rate_10,temporal_block_missingness,core,evaluated,20260613,observable_current_chla,test,2,all,bloom_h,mifal_probability_bloom_calibrated,0.1,True,4710,4710,1.0,863,0.18322717622080678,3075,0.6528662420382165,0.16273974176190356,1459,2388,176,687,0.22341463414634147,0.7960602549246814,0.37925656355601767,0.44059778074196004,0.5262754711199632,0.14246514789084738,0.5325081123469891,0.7406487606330316,0.11300147459931223,0.423456912082504,0.3114117953100628,-0.02048743445890322,0.02048743445890322,0.6868365180467091,0.6783103760128342,2.2429364909751763,0.6783103760128342,0.056971214235109466,0.16994950222578947,0.02427474479072502,0.0,-0.0018059501791234667,-0.01422505307855626,0.0009448696651193078,-0.01390498261877171,0.01429685469196773,0.006786167142615762,-0.003751826423257998,-0.0011307789096331455,-0.009048135262564982,-0.008885044131542341,0.0012122747727241617,0.0021657516543951982,0.0014034755536510568,-0.0018059501791234667,0.0018059501791234667,0.0,-0.0007065177497391772,0.004199025921547861,-0.0007065177497391772,-0.0011290625064450596,0.00017758761360245345,-0.000511198256724462
mifal_controlled_degradation_v0,temporal_blocks_3m_rate_10,temporal_block_missingness,core,evaluated,20260613,observable_current_chla,test,2,wqp,bloom_h,mifal_probability_bloom_calibrated,0.1,True,4710,4710,1.0,863,0.18322717622080678,3075,0.6528662420382165,0.16273974176190356,1459,2388,176,687,0.22341463414634147,0.7960602549246814,0.37925656355601767,0.44059778074196004,0.5262754711199632,0.14246514789084738,0.5325081123469891,0.7406487606330316,0.11300147459931223,0.423456912082504,0.3114117953100628,-0.02048743445890322,0.02048743445890322,0.6868365180467091,0.6783103760128342,2.2429364909751763,0.6783103760128342,0.056971214235109466,0.16994950222578947,0.02427474479072502,0.0,-0.0018059501791234667,-0.01422505307855626,0.0009448696651193078,-0.01390498261877171,0.01429685469196773,0.006786167142615762,-0.003751826423257998,-0.0011307789096331455,-0.009048135262564982,-0.008885044131542341,0.0012122747727241617,0.0021657516543951982,0.0014034755536510568,-0.0018059501791234667,0.0018059501791234667,0.0,-0.0007065177497391772,0.004199025921547861,-0.0007065177497391772,-0.0011290625064450596,0.00017758761360245345,-0.000511198256724462
mifal_controlled_degradation_v0,temporal_blocks_3m_rate_10,temporal_block_missingness,core,evaluated,20260613,observable_current_chla,test,3,all,bloom_h,mifal_probability_bloom_calibrated,0.1109989909182643,True,4757,4757,1.0,883,0.18562118982552028,3089,0.6493588396047929,0.16586680666319484,1471,2403,197,686,0.22207834250566527,0.7768969422423556,0.3797108931337119,0.43813660618919226,0.5180486331369885,0.12760469960616533,0.4791667191071521,0.7131313907918224,0.12064621442106747,0.4289627230102234,0.3186876397418557,-0.019754383162325445,0.019754383162325445,0.6850956485179736,0.6781954071353242,2.2608929999229295,0.6781954071353242,0.05720650504954279,0.1700449256994125,0.02395689309709717,0.0,-0.0018650046330502268,-0.014294723565272283,0.0009823653121271148,-0.013590033975084959,0.014455343314403735,0.006869626732751932,-0.003703497226294594,-0.000560492281827224,-0.007997651667277117,-0.00788922403384984,0.001124935957487569,0.0022576734583458213,0.0014708023291347128,-0.0018650046330502268,0.0018650046330502268,-0.0006306495690561187,-0.0007136810412975425,0.004529865175385339,-0.0007136810412975425,-0.001131516927987887,0.00018100869894510652,-0.0005123624409897123
mifal_controlled_degradation_v0,temporal_blocks_3m_rate_10,temporal_block_missingness,core,evaluated,20260613,observable_current_chla,test,3,wqp,bloom_h,mifal_probability_bloom_calibrated,0.1109989909182643,True,4757,4757,1.0,883,0.18562118982552028,3089,0.6493588396047929,0.16586680666319484,1471,2403,197,686,0.22207834250566527,0.7768969422423556,0.3797108931337119,0.43813660618919226,0.5180486331369885,0.12760469960616533,0.4791667191071521,0.7131313907918224,0.12064621442106747,0.4289627230102234,0.3186876397418557,-0.019754383162325445,0.019754383162325445,0.6850956485179736,0.6781954071353242,2.2608929999229295,0.6781954071353242,0.05720650504954279,0.1700449256994125,0.02395689309709717,0.0,-0.0018650046330502268,-0.014294723565272283,0.0009823653121271148,-0.013590033975084959,0.014455343314403735,0.006869626732751932,-0.003703497226294594,-0.000560492281827224,-0.007997651667277117,-0.00788922403384984,0.001124935957487569,0.0022576734583458213,0.0014708023291347128,-0.0018650046330502268,0.0018650046330502268,-0.0006306495690561187,-0.0007136810412975425,0.004529865175385339,-0.0007136810412975425,-0.001131516927987887,0.00018100869894510652,-0.0005123624409897123
mifal_controlled_degradation_v0,temporal_blocks_3m_rate_10,temporal_block_missingness,core,evaluated,20260613,observable_current_chla,validation,1,all,bloom_h,mifal_probability_bloom_calibrated,0.108695652173913,True,3049,3049,1.0,410,0.13447031813709412,752,0.24663824204657264,0.13321045686602617,2126,513,171,239,0.3178191489361702,0.5829268292682926,0.8056081849185297,0.6363929903452662,0.4995819397993311,0.30750513218349473,0.4111958607827626,0.737952753722308,0.09377001566959269,0.4197365363889967,0.3030948840236394,-0.0012598612710679469,0.0012598612710679469,0.7317153164972122,0.6724502368487033,1.9280045588181698,0.6724502368487033,0.05246443202986047,0.1722664964957703,0.019165591561936236,0.0,-0.0012598612710679469,-0.005903574942604128,0.0035334346504559133,-0.007317073170731714,0.0056839712012125565,0.002068716319032604,-0.0024927489973494144,0.0011353872312100388,0.0010215061207912157,-0.003239401473211334,-8.816724337140647e-05,0.0008449720844364572,0.00028810400165368844,-0.0012598612710679469,0.0012598612710679469,-0.0006559527714004032,-0.0009016271296933276,0.004181942605848921,-0.0009016271296933276,-0.0017735113977223743,0.00016009534491009947,-0.0006504188249606656
mifal_controlled_degradation_v0,temporal_blocks_3m_rate_10,temporal_block_missingness,core,evaluated,20260613,observable_current_chla,validation,1,wqp,bloom_h,mifal_probability_bloom_calibrated,0.108695652173913,True,3049,3049,1.0,410,0.13447031813709412,752,0.24663824204657264,0.13321045686602617,2126,513,171,239,0.3178191489361702,0.5829268292682926,0.8056081849185297,0.6363929903452662,0.4995819397993311,0.30750513218349473,0.4111958607827626,0.737952753722308,0.09377001566959269,0.4197365363889967,0.3030948840236394,-0.0012598612710679469,0.0012598612710679469,0.7317153164972122,0.6724502368487033,1.9280045588181698,0.6724502368487033,0.05246443202986047,0.1722664964957703,0.019165591561936236,0.0,-0.0012598612710679469,-0.005903574942604128,0.0035334346504559133,-0.007317073170731714,0.0056839712012125565,0.002068716319032604,-0.0024927489973494144,0.0011353872312100388,0.0010215061207912157,-0.003239401473211334,-8.816724337140647e-05,0.0008449720844364572,0.00028810400165368844,-0.0012598612710679469,0.0012598612710679469,-0.0006559527714004032,-0.0009016271296933276,0.004181942605848921,-0.0009016271296933276,-0.0017735113977223743,0.00016009534491009947,-0.0006504188249606656
mifal_controlled_degradation_v0,temporal_blocks_3m_rate_10,temporal_block_missingness,core,evaluated,20260613,observable_current_chla,validation,2,all,bloom_h,mifal_probability_bloom_calibrated,0.1,True,3158,3158,1.0,441,0.1396453451551615,1830,0.5794806839772008,0.1383854333291489,1223,1494,105,336,0.18360655737704917,0.7619047619047619,0.4501288185498712,0.450301022349297,0.46744574290484137,0.14888268026102572,0.3409144420389512,0.6907666268568524,0.1047161252073399,0.42894622344467104,0.31507461723061514,-0.001259911826012594,0.001259911826012594,0.7317922735908803,0.6757121478053097,1.9612171226158168,0.6757121478053097,0.05259413824307255,0.17055684524191084,0.017783959098929665,0.0,-0.001259911826012594,-0.017732742241925226,0.0028006188828816336,-0.01133786848072571,0.018770702981229292,0.009952440198748247,0.00032245523360840966,0.004286464597291262,0.0017941275824503444,-0.00027624839654916133,-0.0001380442741901189,0.0007514903706310472,0.00024061872569014486,-0.001259911826012594,0.001259911826012594,-0.0006333122229259525,-0.0008722590181028389,0.0033910529118905686,-0.0008722590181028389,-0.0017572363659223988,0.0001513965620545954,-0.0005801079676221663
mifal_controlled_degradation_v0,temporal_blocks_3m_rate_10,temporal_block_missingness,core,evaluated,20260613,observable_current_chla,validation,2,wqp,bloom_h,mifal_probability_bloom_calibrated,0.1,True,3158,3158,1.0,441,0.1396453451551615,1830,0.5794806839772008,0.1383854333291489,1223,1494,105,336,0.18360655737704917,0.7619047619047619,0.4501288185498712,0.450301022349297,0.46744574290484137,0.14888268026102572,0.3409144420389512,0.6907666268568524,0.1047161252073399,0.42894622344467104,0.31507461723061514,-0.001259911826012594,0.001259911826012594,0.7317922735908803,0.6757121478053097,1.9612171226158168,0.6757121478053097,0.05259413824307255,0.17055684524191084,0.017783959098929665,0.0,-0.001259911826012594,-0.017732742241925226,0.0028006188828816336,-0.01133786848072571,0.018770702981229292,0.009952440198748247,0.00032245523360840966,0.004286464597291262,0.0017941275824503444,-0.00027624839654916133,-0.0001380442741901189,0.0007514903706310472,0.00024061872569014486,-0.001259911826012594,0.001259911826012594,-0.0006333122229259525,-0.0008722590181028389,0.0033910529118905686,-0.0008722590181028389,-0.0017572363659223988,0.0001513965620545954,-0.0005801079676221663
mifal_controlled_degradation_v0,temporal_blocks_3m_rate_10,temporal_block_missingness,core,evaluated,20260613,observable_current_chla,validation,3,all,bloom_h,mifal_probability_bloom_calibrated,0.1109989909182643,True,3184,3184,1.0,457,0.14353015075376885,1839,0.5775753768844221,0.14220580369956556,1232,1495,113,344,0.18705818379554107,0.7527352297592997,0.4517785111844518,0.45237981147703704,0.4690482683392419,0.145168087424114,0.30629304098906845,0.6798539445483571,0.11013489685943469,0.4306450894957575,0.31997699729053247,-0.0013243470542032842,0.0013243470542032842,0.7267587939698492,0.674444331061379,1.972360208602431,0.674444331061379,0.05239572477319891,0.17117502711863508,0.017277586461322922,0.0,-0.0013243470542032565,-0.01790201005025127,0.002986453837735159,-0.010940919037199182,0.019068573524019083,0.010160636570357429,0.00046609862925262036,0.004875641597713948,0.002021394791249853,0.001499712334471992,-0.00016721028884245093,0.0005701664554576547,-2.9431911336752492e-05,-0.0013243470542032565,0.0013243470542032565,-0.0006281407035175768,-0.0008098697543024169,0.002198043163968544,-0.0008098697543024169,-0.0017527509111595202,0.00011965915700409835,-0.0005715240026777854
mifal_controlled_degradation_v0,temporal_blocks_3m_rate_10,temporal_block_missingness,core,evaluated,20260613,observable_current_chla,validation,3,wqp,bloom_h,mifal_probability_bloom_calibrated,0.1109989909182643,True,3184,3184,1.0,457,0.14353015075376885,1839,0.5775753768844221,0.14220580369956556,1232,1495,113,344,0.18705818379554107,0.7527352297592997,0.4517785111844518,0.45237981147703704,0.4690482683392419,0.145168087424114,0.30629304098906845,0.6798539445483571,0.11013489685943469,0.4306450894957575,0.31997699729053247,-0.0013243470542032842,0.0013243470542032842,0.7267587939698492,0.674444331061379,1.972360208602431,0.674444331061379,0.05239572477319891,0.17117502711863508,0.017277586461322922,0.0,-0.0013243470542032565,-0.01790201005025127,0.002986453837735159,-0.010940919037199182,0.019068573524019083,0.010160636570357429,0.00046609862925262036,0.004875641597713948,0.002021394791249853,0.001499712334471992,-0.00016721028884245093,0.0005701664554576547,-2.9431911336752492e-05,-0.0013243470542032565,0.0013243470542032565,-0.0006281407035175768,-0.0008098697543024169,0.002198043163968544,-0.0008098697543024169,-0.0017527509111595202,0.00011965915700409835,-0.0005715240026777854
mifal_controlled_degradation_v0,temporal_blocks_3m_rate_10,temporal_block_missingness,core,evaluated,20260614,observable_current_chla,test,1,all,bloom_h,mifal_probability_bloom_calibrated,0.108695652173913,True,4673,4673,1.0,852,0.18232398887224482,1638,0.35052428846565375,0.1577399087736952,2805,1016,230,622,0.3797313797313797,0.7300469483568075,0.7341010206752159,0.6589298852352232,0.616329766151407,0.3756025000077246,0.5939480676534048,0.7634019681203332,0.10351670254227704,0.4153539447097439,0.296735707904211,-0.02458408009854962,0.02458408009854962,0.6916327840787503,0.6744952328164443,2.24881025707445,0.6744952328164443,0.05650619311176471,0.17189156377614676,0.024509506377709826,0.0,-0.003904554296466356,-0.012411726942007262,-0.0017544693252240506,-0.02934272300469487,0.008636482596178996,-0.0027617518378285633,-0.017486848268655653,-0.013726850618240527,-0.020748085907480562,-0.022388781787822,0.003045261977419153,0.0049854953877516706,0.0033894465961035736,-0.003904554296466356,0.003904554296466356,-0.0002139952921035304,-0.0008527410802702251,0.005730591570522581,-0.0008527410802702251,-0.0016320737359258111,0.00016390935087165492,-0.0006892386224822966
mifal_controlled_degradation_v0,temporal_blocks_3m_rate_10,temporal_block_missingness,core,evaluated,20260614,observable_current_chla,test,1,wqp,bloom_h,mifal_probability_bloom_calibrated,0.108695652173913,True,4673,4673,1.0,852,0.18232398887224482,1638,0.35052428846565375,0.1577399087736952,2805,1016,230,622,0.3797313797313797,0.7300469483568075,0.7341010206752159,0.6589298852352232,0.616329766151407,0.3756025000077246,0.5939480676534048,0.7634019681203332,0.10351670254227704,0.4153539447097439,0.296735707904211,-0.02458408009854962,0.02458408009854962,0.6916327840787503,0.6744952328164443,2.24881025707445,0.6744952328164443,0.05650619311176471,0.17189156377614676,0.024509506377709826,0.0,-0.003904554296466356,-0.012411726942007262,-0.0017544693252240506,-0.02934272300469487,0.008636482596178996,-0.0027617518378285633,-0.017486848268655653,-0.013726850618240527,-0.020748085907480562,-0.022388781787822,0.003045261977419153,0.0049854953877516706,0.0033894465961035736,-0.003904554296466356,0.003904554296466356,-0.0002139952921035304,-0.0008527410802702251,0.005730591570522581,-0.0008527410802702251,-0.0016320737359258111,0.00016390935087165492,-0.0006892386224822966
mifal_controlled_degradation_v0,temporal_blocks_3m_rate_10,temporal_block_missingness,core,evaluated,20260614,observable_current_chla,test,2,all,bloom_h,mifal_probability_bloom_calibrated,0.1,True,4710,4710,1.0,863,0.18322717622080678,3044,0.6462845010615711,0.16102628945312528,1476,2371,190,673,0.22109067017082787,0.779837775202781,0.38367559136989865,0.4399857451203942,0.5180110837438423,0.1323000257557175,0.5243389406638361,0.7285627752856133,0.11419459367058238,0.42541006859068375,0.3126074705622566,-0.022200886767681505,0.022200886767681505,0.6868365180467091,0.6781527003460405,2.245397824179029,0.6781527003460405,0.05646297753801186,0.16994402204326275,0.024108037074784823,0.0,-0.0035194024879017516,-0.020806794055201694,-0.001379094310394291,-0.030127462340672095,0.018715882505848713,0.006174131521049897,-0.012016213799378894,-0.011295901044763024,-0.01721730694571799,-0.02097102947896068,0.0024053938439943107,0.00411890816257493,0.00259915080584483,-0.0035194024879017516,0.0035194024879017516,0.0,-0.0008641934165328768,0.006660359125400639,-0.0008641934165328768,-0.0016372992035426637,0.00017210743107573534,-0.0006779059726646601
mifal_controlled_degradation_v0,temporal_blocks_3m_rate_10,temporal_block_missingness,core,evaluated,20260614,observable_current_chla,test,2,wqp,bloom_h,mifal_probability_bloom_calibrated,0.1,True,4710,4710,1.0,863,0.18322717622080678,3044,0.6462845010615711,0.16102628945312528,1476,2371,190,673,0.22109067017082787,0.779837775202781,0.38367559136989865,0.4399857451203942,0.5180110837438423,0.1323000257557175,0.5243389406638361,0.7285627752856133,0.11419459367058238,0.42541006859068375,0.3126074705622566,-0.022200886767681505,0.022200886767681505,0.6868365180467091,0.6781527003460405,2.245397824179029,0.6781527003460405,0.05646297753801186,0.16994402204326275,0.024108037074784823,0.0,-0.0035194024879017516,-0.020806794055201694,-0.001379094310394291,-0.030127462340672095,0.018715882505848713,0.006174131521049897,-0.012016213799378894,-0.011295901044763024,-0.01721730694571799,-0.02097102947896068,0.0024053938439943107,0.00411890816257493,0.00259915080584483,-0.0035194024879017516,0.0035194024879017516,0.0,-0.0008641934165328768,0.006660359125400639,-0.0008641934165328768,-0.0016372992035426637,0.00017210743107573534,-0.0006779059726646601
mifal_controlled_degradation_v0,temporal_blocks_3m_rate_10,temporal_block_missingness,core,evaluated,20260614,observable_current_chla,test,3,all,bloom_h,mifal_probability_bloom_calibrated,0.1109989909182643,True,4757,4757,1.0,883,0.18562118982552028,3060,0.6432625604372504,0.16439712687256772,1488,2386,209,674,0.22026143790849673,0.7633069082672707,0.3840991223541559,0.438033304694208,0.5112257281553398,0.11963927625897387,0.4730049939978212,0.7037191053870768,0.1214872903018725,0.4304249503444063,0.31949483135295176,-0.021224062952952566,0.021224062952952566,0.6853058650409922,0.6780667029240443,2.261667640846906,0.6780667029240443,0.056721006593463734,0.17002817276086082,0.023803907171544663,0.0,-0.0033346844236773476,-0.0203910027328148,-0.0008345392850414302,-0.027180067950169917,0.018843572534847697,0.006766325237767656,-0.010526402207943208,-0.00852591562901868,-0.014159376776608001,-0.01730150943859543,0.0019660118382925917,0.0037199007925287075,0.0022779939402307603,-0.0033346844236773476,0.0033346844236773476,-0.00042043304603744946,-0.0008423852525775155,0.005304506099361728,-0.0008423852525775155,-0.0016170153840669443,0.00016425576039341694,-0.0006653483665422198
mifal_controlled_degradation_v0,temporal_blocks_3m_rate_10,temporal_block_missingness,core,evaluated,20260614,observable_current_chla,test,3,wqp,bloom_h,mifal_probability_bloom_calibrated,0.1109989909182643,True,4757,4757,1.0,883,0.18562118982552028,3060,0.6432625604372504,0.16439712687256772,1488,2386,209,674,0.22026143790849673,0.7633069082672707,0.3840991223541559,0.438033304694208,0.5112257281553398,0.11963927625897387,0.4730049939978212,0.7037191053870768,0.1214872903018725,0.4304249503444063,0.31949483135295176,-0.021224062952952566,0.021224062952952566,0.6853058650409922,0.6780667029240443,2.261667640846906,0.6780667029240443,0.056721006593463734,0.17002817276086082,0.023803907171544663,0.0,-0.0033346844236773476,-0.0203910027328148,-0.0008345392850414302,-0.027180067950169917,0.018843572534847697,0.006766325237767656,-0.010526402207943208,-0.00852591562901868,-0.014159376776608001,-0.01730150943859543,0.0019660118382925917,0.0037199007925287075,0.0022779939402307603,-0.0033346844236773476,0.0033346844236773476,-0.00042043304603744946,-0.0008423852525775155,0.005304506099361728,-0.0008423852525775155,-0.0016170153840669443,0.00016425576039341694,-0.0006653483665422198
mifal_controlled_degradation_v0,temporal_blocks_3m_rate_10,temporal_block_missingness,core,evaluated,20260614,observable_current_chla,validation,1,all,bloom_h,mifal_probability_bloom_calibrated,0.108695652173913,True,3049,3049,1.0,410,0.13447031813709412,751,0.2463102656608724,0.1318121014240866,2121,518,177,233,0.31025299600532624,0.5682926829268292,0.8037135278514589,0.6303021865339627,0.4872438310330406,0.2945552945311272,0.3876874996161523,0.7164391537814582,0.09607128777764815,0.42212627712494316,0.30503113326403514,-0.002658216713007533,0.002658216713007533,0.731387340111512,0.672615765636853,1.9286678498422691,0.672615765636853,0.0525049290717125,0.17218861261778737,0.019136606232170644,0.0,-0.002658216713007533,-0.006231551328304358,-0.004032718280388037,-0.02195121951219514,0.0037893141341417413,-0.004022087492270843,-0.014830857763639904,-0.011814450421157474,-0.0224868550458191,-0.024753001414061115,0.002213104864684054,0.003234712820382901,0.0022243532420494483,-0.002658216713007533,0.002658216713007533,-0.0009839291571006603,-0.0007360983415436451,0.0048452336299482646,-0.0007360983415436451,-0.0017330143558703381,8.22114669271623e-05,-0.0006794041547262576
mifal_controlled_degradation_v0,temporal_blocks_3m_rate_10,temporal_block_missingness,core,evaluated,20260614,observable_current_chla,validation,1,wqp,bloom_h,mifal_probability_bloom_calibrated,0.108695652173913,True,3049,3049,1.0,410,0.13447031813709412,751,0.2463102656608724,0.1318121014240866,2121,518,177,233,0.31025299600532624,0.5682926829268292,0.8037135278514589,0.6303021865339627,0.4872438310330406,0.2945552945311272,0.3876874996161523,0.7164391537814582,0.09607128777764815,0.42212627712494316,0.30503113326403514,-0.002658216713007533,0.002658216713007533,0.731387340111512,0.672615765636853,1.9286678498422691,0.672615765636853,0.0525049290717125,0.17218861261778737,0.019136606232170644,0.0,-0.002658216713007533,-0.006231551328304358,-0.004032718280388037,-0.02195121951219514,0.0037893141341417413,-0.004022087492270843,-0.014830857763639904,-0.011814450421157474,-0.0224868550458191,-0.024753001414061115,0.002213104864684054,0.003234712820382901,0.0022243532420494483,-0.002658216713007533,0.002658216713007533,-0.0009839291571006603,-0.0007360983415436451,0.0048452336299482646,-0.0007360983415436451,-0.0017330143558703381,8.22114669271623e-05,-0.0006794041547262576
mifal_controlled_degradation_v0,temporal_blocks_3m_rate_10,temporal_block_missingness,core,evaluated,20260614,observable_current_chla,validation,2,all,bloom_h,mifal_probability_bloom_calibrated,0.1,True,3158,3158,1.0,441,0.1396453451551615,1832,0.5801139962001267,0.1373017123835135,1209,1508,117,324,0.17685589519650655,0.7346938775510204,0.4449760765550239,0.4415782646275373,0.45050055617352613,0.12618422773345625,0.32044654535513034,0.6692096541720602,0.1066866707326135,0.43100875373771974,0.31666240090026276,-0.0023436327716480077,0.0023436327716480077,0.7314756174794174,0.6758209342019961,1.964533062281115,0.6758209342019961,0.052611411206662094,0.17050397199743292,0.017716614018554976,0.0,-0.0023436327716480077,-0.017099430018999273,-0.003950043297660993,-0.038548752834467126,0.013617960986382016,0.0012296824769885695,-0.016622731497706822,-0.018411987930278206,-0.01867376910137053,-0.021833221081341336,0.0018325012510834737,0.0028140206636797505,0.0018284023953377693,-0.0023436327716480077,0.0023436327716480077,-0.0009499683343888732,-0.0007634726214165166,0.006706992577188764,-0.0007634726214165166,-0.0017399634023328517,9.852331757667643e-05,-0.0006474530479968557
mifal_controlled_degradation_v0,temporal_blocks_3m_rate_10,temporal_block_missingness,core,evaluated,20260614,observable_current_chla,validation,2,wqp,bloom_h,mifal_probability_bloom_calibrated,0.1,True,3158,3158,1.0,441,0.1396453451551615,1832,0.5801139962001267,0.1373017123835135,1209,1508,117,324,0.17685589519650655,0.7346938775510204,0.4449760765550239,0.4415782646275373,0.45050055617352613,0.12618422773345625,0.32044654535513034,0.6692096541720602,0.1066866707326135,0.43100875373771974,0.31666240090026276,-0.0023436327716480077,0.0023436327716480077,0.7314756174794174,0.6758209342019961,1.964533062281115,0.6758209342019961,0.052611411206662094,0.17050397199743292,0.017716614018554976,0.0,-0.0023436327716480077,-0.017099430018999273,-0.003950043297660993,-0.038548752834467126,0.013617960986382016,0.0012296824769885695,-0.016622731497706822,-0.018411987930278206,-0.01867376910137053,-0.021833221081341336,0.0018325012510834737,0.0028140206636797505,0.0018284023953377693,-0.0023436327716480077,0.0023436327716480077,-0.0009499683343888732,-0.0007634726214165166,0.006706992577188764,-0.0007634726214165166,-0.0017399634023328517,9.852331757667643e-05,-0.0006474530479968557
mifal_controlled_degradation_v0,temporal_blocks_3m_rate_10,temporal_block_missingness,core,evaluated,20260614,observable_current_chla,validation,3,all,bloom_h,mifal_probability_bloom_calibrated,0.1109989909182643,True,3184,3184,1.0,457,0.14353015075376885,1839,0.5775753768844221,0.14121417708949657,1219,1508,126,331,0.17998912452419794,0.7242888402625821,0.447011367803447,0.4435252561899742,0.4513226070357241,0.1215924341589234,0.2905093374667794,0.6579311833444468,0.11168345115572502,0.43272371580765256,0.32161983106708864,-0.002315973664272275,0.002315973664272275,0.7273869346733668,0.674456263174515,1.9757077637787428,0.674456263174515,0.052377007004780686,0.17116683282252873,0.017207542809485055,0.0,-0.0023159736642722473,-0.01790201005025127,-0.004082605433607972,-0.03938730853391681,0.014301430143014326,0.001306081283294569,-0.017259562674265205,-0.018700011667476646,-0.013762308731039175,-0.020423048869438354,0.0013813440074478822,0.0026487927673526923,0.0016134018652194104,-0.0023159736642722473,0.0023159736642722473,0.0,-0.0007979376411664241,0.005545598340280344,-0.0007979376411664241,-0.0017714686795777465,0.00011146486089774754,-0.0006415676545156526
mifal_controlled_degradation_v0,temporal_blocks_3m_rate_10,temporal_block_missingness,core,evaluated,20260614,observable_current_chla,validation,3,wqp,bloom_h,mifal_probability_bloom_calibrated,0.1109989909182643,True,3184,3184,1.0,457,0.14353015075376885,1839,0.5775753768844221,0.14121417708949657,1219,1508,126,331,0.17998912452419794,0.7242888402625821,0.447011367803447,0.4435252561899742,0.4513226070357241,0.1215924341589234,0.2905093374667794,0.6579311833444468,0.11168345115572502,0.43272371580765256,0.32161983106708864,-0.002315973664272275,0.002315973664272275,0.7273869346733668,0.674456263174515,1.9757077637787428,0.674456263174515,0.052377007004780686,0.17116683282252873,0.017207542809485055,0.0,-0.0023159736642722473,-0.01790201005025127,-0.004082605433607972,-0.03938730853391681,0.014301430143014326,0.001306081283294569,-0.017259562674265205,-0.018700011667476646,-0.013762308731039175,-0.020423048869438354,0.0013813440074478822,0.0026487927673526923,0.0016134018652194104,-0.0023159736642722473,0.0023159736642722473,0.0,-0.0007979376411664241,0.005545598340280344,-0.0007979376411664241,-0.0017714686795777465,0.00011146486089774754,-0.0006415676545156526
