mifal_degradation_version,scenario_id,scenario_family,scenario_tier,seed,surface,split,horizon_months,mifal_variable,rows,present_rows,coverage_rate
mifal_controlled_degradation_v0,control_observed,control,core,,observable_no_current_chla,test,1,Tw,4673,2280,0.4879092659961481
mifal_controlled_degradation_v0,control_observed,control,core,,observable_no_current_chla,test,1,TP,4673,4300,0.920179756045367
mifal_controlled_degradation_v0,control_observed,control,core,,observable_no_current_chla,test,1,TN,4673,3193,0.6832869676867109
mifal_controlled_degradation_v0,control_observed,control,core,,observable_no_current_chla,test,1,Secchi,4673,4283,0.9165418360796063
mifal_controlled_degradation_v0,control_observed,control,core,,observable_no_current_chla,test,1,Turb,4673,2205,0.47185961908838003
mifal_controlled_degradation_v0,control_observed,control,core,,observable_no_current_chla,test,1,DOb,4673,2217,0.47442756259362295
mifal_controlled_degradation_v0,control_observed,control,core,,observable_no_current_chla,test,1,Chl,4673,0,0.0
mifal_controlled_degradation_v0,control_observed,control,core,,observable_no_current_chla,test,1,Chl_prev,4673,4443,0.950781082816178
mifal_controlled_degradation_v0,control_observed,control,core,,observable_no_current_chla,test,2,Tw,4710,2317,0.491932059447983
mifal_controlled_degradation_v0,control_observed,control,core,,observable_no_current_chla,test,2,TP,4710,4333,0.9199575371549894
mifal_controlled_degradation_v0,control_observed,control,core,,observable_no_current_chla,test,2,TN,4710,3222,0.6840764331210191
mifal_controlled_degradation_v0,control_observed,control,core,,observable_no_current_chla,test,2,Secchi,4710,4294,0.9116772823779193
mifal_controlled_degradation_v0,control_observed,control,core,,observable_no_current_chla,test,2,Turb,4710,2243,0.4762208067940552
mifal_controlled_degradation_v0,control_observed,control,core,,observable_no_current_chla,test,2,DOb,4710,2255,0.47876857749469215
mifal_controlled_degradation_v0,control_observed,control,core,,observable_no_current_chla,test,2,Chl,4710,0,0.0
mifal_controlled_degradation_v0,control_observed,control,core,,observable_no_current_chla,test,2,Chl_prev,4710,4415,0.9373673036093418
mifal_controlled_degradation_v0,control_observed,control,core,,observable_no_current_chla,test,3,Tw,4757,2351,0.4942190456169855
mifal_controlled_degradation_v0,control_observed,control,core,,observable_no_current_chla,test,3,TP,4757,4412,0.9274752995585454
mifal_controlled_degradation_v0,control_observed,control,core,,observable_no_current_chla,test,3,TN,4757,3283,0.6901408450704225
mifal_controlled_degradation_v0,control_observed,control,core,,observable_no_current_chla,test,3,Secchi,4757,4316,0.9072945133487492
mifal_controlled_degradation_v0,control_observed,control,core,,observable_no_current_chla,test,3,Turb,4757,2300,0.4834980029430313
mifal_controlled_degradation_v0,control_observed,control,core,,observable_no_current_chla,test,3,DOb,4757,2286,0.4805549716207694
mifal_controlled_degradation_v0,control_observed,control,core,,observable_no_current_chla,test,3,Chl,4757,0,0.0
mifal_controlled_degradation_v0,control_observed,control,core,,observable_no_current_chla,test,3,Chl_prev,4757,4354,0.9152827412234602
mifal_controlled_degradation_v0,control_observed,control,core,,observable_no_current_chla,validation,1,Tw,3049,1413,0.4634306329944244
mifal_controlled_degradation_v0,control_observed,control,core,,observable_no_current_chla,validation,1,TP,3049,2505,0.8215808461790751
mifal_controlled_degradation_v0,control_observed,control,core,,observable_no_current_chla,validation,1,TN,3049,1909,0.6261069203017383
mifal_controlled_degradation_v0,control_observed,control,core,,observable_no_current_chla,validation,1,Secchi,3049,2717,0.8911118399475237
mifal_controlled_degradation_v0,control_observed,control,core,,observable_no_current_chla,validation,1,Turb,3049,1368,0.4486716956379141
mifal_controlled_degradation_v0,control_observed,control,core,,observable_no_current_chla,validation,1,DOb,3049,1377,0.45162348310921613
mifal_controlled_degradation_v0,control_observed,control,core,,observable_no_current_chla,validation,1,Chl,3049,0,0.0
mifal_controlled_degradation_v0,control_observed,control,core,,observable_no_current_chla,validation,1,Chl_prev,3049,2614,0.8573302722204001
mifal_controlled_degradation_v0,control_observed,control,core,,observable_no_current_chla,validation,2,Tw,3158,1407,0.44553514882837236
mifal_controlled_degradation_v0,control_observed,control,core,,observable_no_current_chla,validation,2,TP,3158,2640,0.8359721342621913
mifal_controlled_degradation_v0,control_observed,control,core,,observable_no_current_chla,validation,2,TN,3158,2024,0.6409119696010133
mifal_controlled_degradation_v0,control_observed,control,core,,observable_no_current_chla,validation,2,Secchi,3158,2830,0.896136795440152
mifal_controlled_degradation_v0,control_observed,control,core,,observable_no_current_chla,validation,2,Turb,3158,1353,0.42843571880937303
mifal_controlled_degradation_v0,control_observed,control,core,,observable_no_current_chla,validation,2,DOb,3158,1372,0.4344521849271691
mifal_controlled_degradation_v0,control_observed,control,core,,observable_no_current_chla,validation,2,Chl,3158,0,0.0
mifal_controlled_degradation_v0,control_observed,control,core,,observable_no_current_chla,validation,2,Chl_prev,3158,2543,0.805256491450285
mifal_controlled_degradation_v0,control_observed,control,core,,observable_no_current_chla,validation,3,Tw,3184,1389,0.43624371859296485
mifal_controlled_degradation_v0,control_observed,control,core,,observable_no_current_chla,validation,3,TP,3184,2676,0.8404522613065326
mifal_controlled_degradation_v0,control_observed,control,core,,observable_no_current_chla,validation,3,TN,3184,2057,0.6460427135678392
mifal_controlled_degradation_v0,control_observed,control,core,,observable_no_current_chla,validation,3,Secchi,3184,2842,0.8925879396984925
mifal_controlled_degradation_v0,control_observed,control,core,,observable_no_current_chla,validation,3,Turb,3184,1329,0.4173994974874372
mifal_controlled_degradation_v0,control_observed,control,core,,observable_no_current_chla,validation,3,DOb,3184,1354,0.42525125628140703
mifal_controlled_degradation_v0,control_observed,control,core,,observable_no_current_chla,validation,3,Chl,3184,0,0.0
mifal_controlled_degradation_v0,control_observed,control,core,,observable_no_current_chla,validation,3,Chl_prev,3184,2426,0.7619346733668342
mifal_controlled_degradation_v0,ablate_chlorophyll_memory,feature_family_ablation,core,,observable_no_current_chla,test,1,Tw,4673,2280,0.4879092659961481
mifal_controlled_degradation_v0,ablate_chlorophyll_memory,feature_family_ablation,core,,observable_no_current_chla,test,1,TP,4673,4300,0.920179756045367
mifal_controlled_degradation_v0,ablate_chlorophyll_memory,feature_family_ablation,core,,observable_no_current_chla,test,1,TN,4673,3193,0.6832869676867109
mifal_controlled_degradation_v0,ablate_chlorophyll_memory,feature_family_ablation,core,,observable_no_current_chla,test,1,Secchi,4673,4283,0.9165418360796063
mifal_controlled_degradation_v0,ablate_chlorophyll_memory,feature_family_ablation,core,,observable_no_current_chla,test,1,Turb,4673,2205,0.47185961908838003
mifal_controlled_degradation_v0,ablate_chlorophyll_memory,feature_family_ablation,core,,observable_no_current_chla,test,1,DOb,4673,2217,0.47442756259362295
mifal_controlled_degradation_v0,ablate_chlorophyll_memory,feature_family_ablation,core,,observable_no_current_chla,test,1,Chl,4673,0,0.0
mifal_controlled_degradation_v0,ablate_chlorophyll_memory,feature_family_ablation,core,,observable_no_current_chla,test,1,Chl_prev,4673,0,0.0
mifal_controlled_degradation_v0,ablate_chlorophyll_memory,feature_family_ablation,core,,observable_no_current_chla,test,2,Tw,4710,2317,0.491932059447983
mifal_controlled_degradation_v0,ablate_chlorophyll_memory,feature_family_ablation,core,,observable_no_current_chla,test,2,TP,4710,4333,0.9199575371549894
mifal_controlled_degradation_v0,ablate_chlorophyll_memory,feature_family_ablation,core,,observable_no_current_chla,test,2,TN,4710,3222,0.6840764331210191
mifal_controlled_degradation_v0,ablate_chlorophyll_memory,feature_family_ablation,core,,observable_no_current_chla,test,2,Secchi,4710,4294,0.9116772823779193
mifal_controlled_degradation_v0,ablate_chlorophyll_memory,feature_family_ablation,core,,observable_no_current_chla,test,2,Turb,4710,2243,0.4762208067940552
mifal_controlled_degradation_v0,ablate_chlorophyll_memory,feature_family_ablation,core,,observable_no_current_chla,test,2,DOb,4710,2255,0.47876857749469215
mifal_controlled_degradation_v0,ablate_chlorophyll_memory,feature_family_ablation,core,,observable_no_current_chla,test,2,Chl,4710,0,0.0
mifal_controlled_degradation_v0,ablate_chlorophyll_memory,feature_family_ablation,core,,observable_no_current_chla,test,2,Chl_prev,4710,0,0.0
mifal_controlled_degradation_v0,ablate_chlorophyll_memory,feature_family_ablation,core,,observable_no_current_chla,test,3,Tw,4757,2351,0.4942190456169855
mifal_controlled_degradation_v0,ablate_chlorophyll_memory,feature_family_ablation,core,,observable_no_current_chla,test,3,TP,4757,4412,0.9274752995585454
mifal_controlled_degradation_v0,ablate_chlorophyll_memory,feature_family_ablation,core,,observable_no_current_chla,test,3,TN,4757,3283,0.6901408450704225
mifal_controlled_degradation_v0,ablate_chlorophyll_memory,feature_family_ablation,core,,observable_no_current_chla,test,3,Secchi,4757,4316,0.9072945133487492
mifal_controlled_degradation_v0,ablate_chlorophyll_memory,feature_family_ablation,core,,observable_no_current_chla,test,3,Turb,4757,2300,0.4834980029430313
mifal_controlled_degradation_v0,ablate_chlorophyll_memory,feature_family_ablation,core,,observable_no_current_chla,test,3,DOb,4757,2286,0.4805549716207694
mifal_controlled_degradation_v0,ablate_chlorophyll_memory,feature_family_ablation,core,,observable_no_current_chla,test,3,Chl,4757,0,0.0
mifal_controlled_degradation_v0,ablate_chlorophyll_memory,feature_family_ablation,core,,observable_no_current_chla,test,3,Chl_prev,4757,0,0.0
mifal_controlled_degradation_v0,ablate_chlorophyll_memory,feature_family_ablation,core,,observable_no_current_chla,validation,1,Tw,3049,1413,0.4634306329944244
mifal_controlled_degradation_v0,ablate_chlorophyll_memory,feature_family_ablation,core,,observable_no_current_chla,validation,1,TP,3049,2505,0.8215808461790751
mifal_controlled_degradation_v0,ablate_chlorophyll_memory,feature_family_ablation,core,,observable_no_current_chla,validation,1,TN,3049,1909,0.6261069203017383
mifal_controlled_degradation_v0,ablate_chlorophyll_memory,feature_family_ablation,core,,observable_no_current_chla,validation,1,Secchi,3049,2717,0.8911118399475237
mifal_controlled_degradation_v0,ablate_chlorophyll_memory,feature_family_ablation,core,,observable_no_current_chla,validation,1,Turb,3049,1368,0.4486716956379141
mifal_controlled_degradation_v0,ablate_chlorophyll_memory,feature_family_ablation,core,,observable_no_current_chla,validation,1,DOb,3049,1377,0.45162348310921613
mifal_controlled_degradation_v0,ablate_chlorophyll_memory,feature_family_ablation,core,,observable_no_current_chla,validation,1,Chl,3049,0,0.0
mifal_controlled_degradation_v0,ablate_chlorophyll_memory,feature_family_ablation,core,,observable_no_current_chla,validation,1,Chl_prev,3049,0,0.0
mifal_controlled_degradation_v0,ablate_chlorophyll_memory,feature_family_ablation,core,,observable_no_current_chla,validation,2,Tw,3158,1407,0.44553514882837236
mifal_controlled_degradation_v0,ablate_chlorophyll_memory,feature_family_ablation,core,,observable_no_current_chla,validation,2,TP,3158,2640,0.8359721342621913
mifal_controlled_degradation_v0,ablate_chlorophyll_memory,feature_family_ablation,core,,observable_no_current_chla,validation,2,TN,3158,2024,0.6409119696010133
mifal_controlled_degradation_v0,ablate_chlorophyll_memory,feature_family_ablation,core,,observable_no_current_chla,validation,2,Secchi,3158,2830,0.896136795440152
mifal_controlled_degradation_v0,ablate_chlorophyll_memory,feature_family_ablation,core,,observable_no_current_chla,validation,2,Turb,3158,1353,0.42843571880937303
mifal_controlled_degradation_v0,ablate_chlorophyll_memory,feature_family_ablation,core,,observable_no_current_chla,validation,2,DOb,3158,1372,0.4344521849271691
mifal_controlled_degradation_v0,ablate_chlorophyll_memory,feature_family_ablation,core,,observable_no_current_chla,validation,2,Chl,3158,0,0.0
mifal_controlled_degradation_v0,ablate_chlorophyll_memory,feature_family_ablation,core,,observable_no_current_chla,validation,2,Chl_prev,3158,0,0.0
mifal_controlled_degradation_v0,ablate_chlorophyll_memory,feature_family_ablation,core,,observable_no_current_chla,validation,3,Tw,3184,1389,0.43624371859296485
mifal_controlled_degradation_v0,ablate_chlorophyll_memory,feature_family_ablation,core,,observable_no_current_chla,validation,3,TP,3184,2676,0.8404522613065326
mifal_controlled_degradation_v0,ablate_chlorophyll_memory,feature_family_ablation,core,,observable_no_current_chla,validation,3,TN,3184,2057,0.6460427135678392
mifal_controlled_degradation_v0,ablate_chlorophyll_memory,feature_family_ablation,core,,observable_no_current_chla,validation,3,Secchi,3184,2842,0.8925879396984925
mifal_controlled_degradation_v0,ablate_chlorophyll_memory,feature_family_ablation,core,,observable_no_current_chla,validation,3,Turb,3184,1329,0.4173994974874372
mifal_controlled_degradation_v0,ablate_chlorophyll_memory,feature_family_ablation,core,,observable_no_current_chla,validation,3,DOb,3184,1354,0.42525125628140703
mifal_controlled_degradation_v0,ablate_chlorophyll_memory,feature_family_ablation,core,,observable_no_current_chla,validation,3,Chl,3184,0,0.0
mifal_controlled_degradation_v0,ablate_chlorophyll_memory,feature_family_ablation,core,,observable_no_current_chla,validation,3,Chl_prev,3184,0,0.0
mifal_controlled_degradation_v0,ablate_nutrients,feature_family_ablation,core,,observable_no_current_chla,test,1,Tw,4673,2280,0.4879092659961481
mifal_controlled_degradation_v0,ablate_nutrients,feature_family_ablation,core,,observable_no_current_chla,test,1,TP,4673,0,0.0
mifal_controlled_degradation_v0,ablate_nutrients,feature_family_ablation,core,,observable_no_current_chla,test,1,TN,4673,0,0.0
mifal_controlled_degradation_v0,ablate_nutrients,feature_family_ablation,core,,observable_no_current_chla,test,1,Secchi,4673,4283,0.9165418360796063
mifal_controlled_degradation_v0,ablate_nutrients,feature_family_ablation,core,,observable_no_current_chla,test,1,Turb,4673,2205,0.47185961908838003
mifal_controlled_degradation_v0,ablate_nutrients,feature_family_ablation,core,,observable_no_current_chla,test,1,DOb,4673,2217,0.47442756259362295
mifal_controlled_degradation_v0,ablate_nutrients,feature_family_ablation,core,,observable_no_current_chla,test,1,Chl,4673,0,0.0
mifal_controlled_degradation_v0,ablate_nutrients,feature_family_ablation,core,,observable_no_current_chla,test,1,Chl_prev,4673,4443,0.950781082816178
mifal_controlled_degradation_v0,ablate_nutrients,feature_family_ablation,core,,observable_no_current_chla,test,2,Tw,4710,2317,0.491932059447983
mifal_controlled_degradation_v0,ablate_nutrients,feature_family_ablation,core,,observable_no_current_chla,test,2,TP,4710,0,0.0
mifal_controlled_degradation_v0,ablate_nutrients,feature_family_ablation,core,,observable_no_current_chla,test,2,TN,4710,0,0.0
mifal_controlled_degradation_v0,ablate_nutrients,feature_family_ablation,core,,observable_no_current_chla,test,2,Secchi,4710,4294,0.9116772823779193
mifal_controlled_degradation_v0,ablate_nutrients,feature_family_ablation,core,,observable_no_current_chla,test,2,Turb,4710,2243,0.4762208067940552
mifal_controlled_degradation_v0,ablate_nutrients,feature_family_ablation,core,,observable_no_current_chla,test,2,DOb,4710,2255,0.47876857749469215
mifal_controlled_degradation_v0,ablate_nutrients,feature_family_ablation,core,,observable_no_current_chla,test,2,Chl,4710,0,0.0
mifal_controlled_degradation_v0,ablate_nutrients,feature_family_ablation,core,,observable_no_current_chla,test,2,Chl_prev,4710,4415,0.9373673036093418
mifal_controlled_degradation_v0,ablate_nutrients,feature_family_ablation,core,,observable_no_current_chla,test,3,Tw,4757,2351,0.4942190456169855
mifal_controlled_degradation_v0,ablate_nutrients,feature_family_ablation,core,,observable_no_current_chla,test,3,TP,4757,0,0.0
mifal_controlled_degradation_v0,ablate_nutrients,feature_family_ablation,core,,observable_no_current_chla,test,3,TN,4757,0,0.0
mifal_controlled_degradation_v0,ablate_nutrients,feature_family_ablation,core,,observable_no_current_chla,test,3,Secchi,4757,4316,0.9072945133487492
mifal_controlled_degradation_v0,ablate_nutrients,feature_family_ablation,core,,observable_no_current_chla,test,3,Turb,4757,2300,0.4834980029430313
mifal_controlled_degradation_v0,ablate_nutrients,feature_family_ablation,core,,observable_no_current_chla,test,3,DOb,4757,2286,0.4805549716207694
mifal_controlled_degradation_v0,ablate_nutrients,feature_family_ablation,core,,observable_no_current_chla,test,3,Chl,4757,0,0.0
mifal_controlled_degradation_v0,ablate_nutrients,feature_family_ablation,core,,observable_no_current_chla,test,3,Chl_prev,4757,4354,0.9152827412234602
mifal_controlled_degradation_v0,ablate_nutrients,feature_family_ablation,core,,observable_no_current_chla,validation,1,Tw,3049,1413,0.4634306329944244
mifal_controlled_degradation_v0,ablate_nutrients,feature_family_ablation,core,,observable_no_current_chla,validation,1,TP,3049,0,0.0
mifal_controlled_degradation_v0,ablate_nutrients,feature_family_ablation,core,,observable_no_current_chla,validation,1,TN,3049,0,0.0
mifal_controlled_degradation_v0,ablate_nutrients,feature_family_ablation,core,,observable_no_current_chla,validation,1,Secchi,3049,2717,0.8911118399475237
mifal_controlled_degradation_v0,ablate_nutrients,feature_family_ablation,core,,observable_no_current_chla,validation,1,Turb,3049,1368,0.4486716956379141
mifal_controlled_degradation_v0,ablate_nutrients,feature_family_ablation,core,,observable_no_current_chla,validation,1,DOb,3049,1377,0.45162348310921613
mifal_controlled_degradation_v0,ablate_nutrients,feature_family_ablation,core,,observable_no_current_chla,validation,1,Chl,3049,0,0.0
mifal_controlled_degradation_v0,ablate_nutrients,feature_family_ablation,core,,observable_no_current_chla,validation,1,Chl_prev,3049,2614,0.8573302722204001
mifal_controlled_degradation_v0,ablate_nutrients,feature_family_ablation,core,,observable_no_current_chla,validation,2,Tw,3158,1407,0.44553514882837236
mifal_controlled_degradation_v0,ablate_nutrients,feature_family_ablation,core,,observable_no_current_chla,validation,2,TP,3158,0,0.0
mifal_controlled_degradation_v0,ablate_nutrients,feature_family_ablation,core,,observable_no_current_chla,validation,2,TN,3158,0,0.0
mifal_controlled_degradation_v0,ablate_nutrients,feature_family_ablation,core,,observable_no_current_chla,validation,2,Secchi,3158,2830,0.896136795440152
mifal_controlled_degradation_v0,ablate_nutrients,feature_family_ablation,core,,observable_no_current_chla,validation,2,Turb,3158,1353,0.42843571880937303
mifal_controlled_degradation_v0,ablate_nutrients,feature_family_ablation,core,,observable_no_current_chla,validation,2,DOb,3158,1372,0.4344521849271691
mifal_controlled_degradation_v0,ablate_nutrients,feature_family_ablation,core,,observable_no_current_chla,validation,2,Chl,3158,0,0.0
mifal_controlled_degradation_v0,ablate_nutrients,feature_family_ablation,core,,observable_no_current_chla,validation,2,Chl_prev,3158,2543,0.805256491450285
mifal_controlled_degradation_v0,ablate_nutrients,feature_family_ablation,core,,observable_no_current_chla,validation,3,Tw,3184,1389,0.43624371859296485
mifal_controlled_degradation_v0,ablate_nutrients,feature_family_ablation,core,,observable_no_current_chla,validation,3,TP,3184,0,0.0
mifal_controlled_degradation_v0,ablate_nutrients,feature_family_ablation,core,,observable_no_current_chla,validation,3,TN,3184,0,0.0
mifal_controlled_degradation_v0,ablate_nutrients,feature_family_ablation,core,,observable_no_current_chla,validation,3,Secchi,3184,2842,0.8925879396984925
mifal_controlled_degradation_v0,ablate_nutrients,feature_family_ablation,core,,observable_no_current_chla,validation,3,Turb,3184,1329,0.4173994974874372
mifal_controlled_degradation_v0,ablate_nutrients,feature_family_ablation,core,,observable_no_current_chla,validation,3,DOb,3184,1354,0.42525125628140703
mifal_controlled_degradation_v0,ablate_nutrients,feature_family_ablation,core,,observable_no_current_chla,validation,3,Chl,3184,0,0.0
mifal_controlled_degradation_v0,ablate_nutrients,feature_family_ablation,core,,observable_no_current_chla,validation,3,Chl_prev,3184,2426,0.7619346733668342
mifal_controlled_degradation_v0,ablate_light,feature_family_ablation,core,,observable_no_current_chla,test,1,Tw,4673,2280,0.4879092659961481
mifal_controlled_degradation_v0,ablate_light,feature_family_ablation,core,,observable_no_current_chla,test,1,TP,4673,4300,0.920179756045367
mifal_controlled_degradation_v0,ablate_light,feature_family_ablation,core,,observable_no_current_chla,test,1,TN,4673,3193,0.6832869676867109
mifal_controlled_degradation_v0,ablate_light,feature_family_ablation,core,,observable_no_current_chla,test,1,Secchi,4673,0,0.0
mifal_controlled_degradation_v0,ablate_light,feature_family_ablation,core,,observable_no_current_chla,test,1,Turb,4673,0,0.0
mifal_controlled_degradation_v0,ablate_light,feature_family_ablation,core,,observable_no_current_chla,test,1,DOb,4673,2217,0.47442756259362295
mifal_controlled_degradation_v0,ablate_light,feature_family_ablation,core,,observable_no_current_chla,test,1,Chl,4673,0,0.0
mifal_controlled_degradation_v0,ablate_light,feature_family_ablation,core,,observable_no_current_chla,test,1,Chl_prev,4673,4443,0.950781082816178
mifal_controlled_degradation_v0,ablate_light,feature_family_ablation,core,,observable_no_current_chla,test,2,Tw,4710,2317,0.491932059447983
mifal_controlled_degradation_v0,ablate_light,feature_family_ablation,core,,observable_no_current_chla,test,2,TP,4710,4333,0.9199575371549894
mifal_controlled_degradation_v0,ablate_light,feature_family_ablation,core,,observable_no_current_chla,test,2,TN,4710,3222,0.6840764331210191
mifal_controlled_degradation_v0,ablate_light,feature_family_ablation,core,,observable_no_current_chla,test,2,Secchi,4710,0,0.0
mifal_controlled_degradation_v0,ablate_light,feature_family_ablation,core,,observable_no_current_chla,test,2,Turb,4710,0,0.0
mifal_controlled_degradation_v0,ablate_light,feature_family_ablation,core,,observable_no_current_chla,test,2,DOb,4710,2255,0.47876857749469215
mifal_controlled_degradation_v0,ablate_light,feature_family_ablation,core,,observable_no_current_chla,test,2,Chl,4710,0,0.0
mifal_controlled_degradation_v0,ablate_light,feature_family_ablation,core,,observable_no_current_chla,test,2,Chl_prev,4710,4415,0.9373673036093418
mifal_controlled_degradation_v0,ablate_light,feature_family_ablation,core,,observable_no_current_chla,test,3,Tw,4757,2351,0.4942190456169855
mifal_controlled_degradation_v0,ablate_light,feature_family_ablation,core,,observable_no_current_chla,test,3,TP,4757,4412,0.9274752995585454
mifal_controlled_degradation_v0,ablate_light,feature_family_ablation,core,,observable_no_current_chla,test,3,TN,4757,3283,0.6901408450704225
mifal_controlled_degradation_v0,ablate_light,feature_family_ablation,core,,observable_no_current_chla,test,3,Secchi,4757,0,0.0
mifal_controlled_degradation_v0,ablate_light,feature_family_ablation,core,,observable_no_current_chla,test,3,Turb,4757,0,0.0
mifal_controlled_degradation_v0,ablate_light,feature_family_ablation,core,,observable_no_current_chla,test,3,DOb,4757,2286,0.4805549716207694
mifal_controlled_degradation_v0,ablate_light,feature_family_ablation,core,,observable_no_current_chla,test,3,Chl,4757,0,0.0
mifal_controlled_degradation_v0,ablate_light,feature_family_ablation,core,,observable_no_current_chla,test,3,Chl_prev,4757,4354,0.9152827412234602
mifal_controlled_degradation_v0,ablate_light,feature_family_ablation,core,,observable_no_current_chla,validation,1,Tw,3049,1413,0.4634306329944244
mifal_controlled_degradation_v0,ablate_light,feature_family_ablation,core,,observable_no_current_chla,validation,1,TP,3049,2505,0.8215808461790751
mifal_controlled_degradation_v0,ablate_light,feature_family_ablation,core,,observable_no_current_chla,validation,1,TN,3049,1909,0.6261069203017383
mifal_controlled_degradation_v0,ablate_light,feature_family_ablation,core,,observable_no_current_chla,validation,1,Secchi,3049,0,0.0
mifal_controlled_degradation_v0,ablate_light,feature_family_ablation,core,,observable_no_current_chla,validation,1,Turb,3049,0,0.0
mifal_controlled_degradation_v0,ablate_light,feature_family_ablation,core,,observable_no_current_chla,validation,1,DOb,3049,1377,0.45162348310921613
mifal_controlled_degradation_v0,ablate_light,feature_family_ablation,core,,observable_no_current_chla,validation,1,Chl,3049,0,0.0
mifal_controlled_degradation_v0,ablate_light,feature_family_ablation,core,,observable_no_current_chla,validation,1,Chl_prev,3049,2614,0.8573302722204001
mifal_controlled_degradation_v0,ablate_light,feature_family_ablation,core,,observable_no_current_chla,validation,2,Tw,3158,1407,0.44553514882837236
mifal_controlled_degradation_v0,ablate_light,feature_family_ablation,core,,observable_no_current_chla,validation,2,TP,3158,2640,0.8359721342621913
mifal_controlled_degradation_v0,ablate_light,feature_family_ablation,core,,observable_no_current_chla,validation,2,TN,3158,2024,0.6409119696010133
mifal_controlled_degradation_v0,ablate_light,feature_family_ablation,core,,observable_no_current_chla,validation,2,Secchi,3158,0,0.0
mifal_controlled_degradation_v0,ablate_light,feature_family_ablation,core,,observable_no_current_chla,validation,2,Turb,3158,0,0.0
mifal_controlled_degradation_v0,ablate_light,feature_family_ablation,core,,observable_no_current_chla,validation,2,DOb,3158,1372,0.4344521849271691
mifal_controlled_degradation_v0,ablate_light,feature_family_ablation,core,,observable_no_current_chla,validation,2,Chl,3158,0,0.0
mifal_controlled_degradation_v0,ablate_light,feature_family_ablation,core,,observable_no_current_chla,validation,2,Chl_prev,3158,2543,0.805256491450285
mifal_controlled_degradation_v0,ablate_light,feature_family_ablation,core,,observable_no_current_chla,validation,3,Tw,3184,1389,0.43624371859296485
mifal_controlled_degradation_v0,ablate_light,feature_family_ablation,core,,observable_no_current_chla,validation,3,TP,3184,2676,0.8404522613065326
mifal_controlled_degradation_v0,ablate_light,feature_family_ablation,core,,observable_no_current_chla,validation,3,TN,3184,2057,0.6460427135678392
mifal_controlled_degradation_v0,ablate_light,feature_family_ablation,core,,observable_no_current_chla,validation,3,Secchi,3184,0,0.0
mifal_controlled_degradation_v0,ablate_light,feature_family_ablation,core,,observable_no_current_chla,validation,3,Turb,3184,0,0.0
mifal_controlled_degradation_v0,ablate_light,feature_family_ablation,core,,observable_no_current_chla,validation,3,DOb,3184,1354,0.42525125628140703
mifal_controlled_degradation_v0,ablate_light,feature_family_ablation,core,,observable_no_current_chla,validation,3,Chl,3184,0,0.0
mifal_controlled_degradation_v0,ablate_light,feature_family_ablation,core,,observable_no_current_chla,validation,3,Chl_prev,3184,2426,0.7619346733668342
mifal_controlled_degradation_v0,ablate_physicochemical,feature_family_ablation,core,,observable_no_current_chla,test,1,Tw,4673,0,0.0
mifal_controlled_degradation_v0,ablate_physicochemical,feature_family_ablation,core,,observable_no_current_chla,test,1,TP,4673,4300,0.920179756045367
mifal_controlled_degradation_v0,ablate_physicochemical,feature_family_ablation,core,,observable_no_current_chla,test,1,TN,4673,3193,0.6832869676867109
mifal_controlled_degradation_v0,ablate_physicochemical,feature_family_ablation,core,,observable_no_current_chla,test,1,Secchi,4673,4283,0.9165418360796063
mifal_controlled_degradation_v0,ablate_physicochemical,feature_family_ablation,core,,observable_no_current_chla,test,1,Turb,4673,2205,0.47185961908838003
mifal_controlled_degradation_v0,ablate_physicochemical,feature_family_ablation,core,,observable_no_current_chla,test,1,DOb,4673,0,0.0
mifal_controlled_degradation_v0,ablate_physicochemical,feature_family_ablation,core,,observable_no_current_chla,test,1,Chl,4673,0,0.0
mifal_controlled_degradation_v0,ablate_physicochemical,feature_family_ablation,core,,observable_no_current_chla,test,1,Chl_prev,4673,4443,0.950781082816178
mifal_controlled_degradation_v0,ablate_physicochemical,feature_family_ablation,core,,observable_no_current_chla,test,2,Tw,4710,0,0.0
mifal_controlled_degradation_v0,ablate_physicochemical,feature_family_ablation,core,,observable_no_current_chla,test,2,TP,4710,4333,0.9199575371549894
mifal_controlled_degradation_v0,ablate_physicochemical,feature_family_ablation,core,,observable_no_current_chla,test,2,TN,4710,3222,0.6840764331210191
mifal_controlled_degradation_v0,ablate_physicochemical,feature_family_ablation,core,,observable_no_current_chla,test,2,Secchi,4710,4294,0.9116772823779193
mifal_controlled_degradation_v0,ablate_physicochemical,feature_family_ablation,core,,observable_no_current_chla,test,2,Turb,4710,2243,0.4762208067940552
mifal_controlled_degradation_v0,ablate_physicochemical,feature_family_ablation,core,,observable_no_current_chla,test,2,DOb,4710,0,0.0
mifal_controlled_degradation_v0,ablate_physicochemical,feature_family_ablation,core,,observable_no_current_chla,test,2,Chl,4710,0,0.0
mifal_controlled_degradation_v0,ablate_physicochemical,feature_family_ablation,core,,observable_no_current_chla,test,2,Chl_prev,4710,4415,0.9373673036093418
mifal_controlled_degradation_v0,ablate_physicochemical,feature_family_ablation,core,,observable_no_current_chla,test,3,Tw,4757,0,0.0
mifal_controlled_degradation_v0,ablate_physicochemical,feature_family_ablation,core,,observable_no_current_chla,test,3,TP,4757,4412,0.9274752995585454
mifal_controlled_degradation_v0,ablate_physicochemical,feature_family_ablation,core,,observable_no_current_chla,test,3,TN,4757,3283,0.6901408450704225
mifal_controlled_degradation_v0,ablate_physicochemical,feature_family_ablation,core,,observable_no_current_chla,test,3,Secchi,4757,4316,0.9072945133487492
mifal_controlled_degradation_v0,ablate_physicochemical,feature_family_ablation,core,,observable_no_current_chla,test,3,Turb,4757,2300,0.4834980029430313
mifal_controlled_degradation_v0,ablate_physicochemical,feature_family_ablation,core,,observable_no_current_chla,test,3,DOb,4757,0,0.0
mifal_controlled_degradation_v0,ablate_physicochemical,feature_family_ablation,core,,observable_no_current_chla,test,3,Chl,4757,0,0.0
mifal_controlled_degradation_v0,ablate_physicochemical,feature_family_ablation,core,,observable_no_current_chla,test,3,Chl_prev,4757,4354,0.9152827412234602
mifal_controlled_degradation_v0,ablate_physicochemical,feature_family_ablation,core,,observable_no_current_chla,validation,1,Tw,3049,0,0.0
mifal_controlled_degradation_v0,ablate_physicochemical,feature_family_ablation,core,,observable_no_current_chla,validation,1,TP,3049,2505,0.8215808461790751
mifal_controlled_degradation_v0,ablate_physicochemical,feature_family_ablation,core,,observable_no_current_chla,validation,1,TN,3049,1909,0.6261069203017383
mifal_controlled_degradation_v0,ablate_physicochemical,feature_family_ablation,core,,observable_no_current_chla,validation,1,Secchi,3049,2717,0.8911118399475237
mifal_controlled_degradation_v0,ablate_physicochemical,feature_family_ablation,core,,observable_no_current_chla,validation,1,Turb,3049,1368,0.4486716956379141
mifal_controlled_degradation_v0,ablate_physicochemical,feature_family_ablation,core,,observable_no_current_chla,validation,1,DOb,3049,0,0.0
mifal_controlled_degradation_v0,ablate_physicochemical,feature_family_ablation,core,,observable_no_current_chla,validation,1,Chl,3049,0,0.0
mifal_controlled_degradation_v0,ablate_physicochemical,feature_family_ablation,core,,observable_no_current_chla,validation,1,Chl_prev,3049,2614,0.8573302722204001
mifal_controlled_degradation_v0,ablate_physicochemical,feature_family_ablation,core,,observable_no_current_chla,validation,2,Tw,3158,0,0.0
mifal_controlled_degradation_v0,ablate_physicochemical,feature_family_ablation,core,,observable_no_current_chla,validation,2,TP,3158,2640,0.8359721342621913
mifal_controlled_degradation_v0,ablate_physicochemical,feature_family_ablation,core,,observable_no_current_chla,validation,2,TN,3158,2024,0.6409119696010133
mifal_controlled_degradation_v0,ablate_physicochemical,feature_family_ablation,core,,observable_no_current_chla,validation,2,Secchi,3158,2830,0.896136795440152
mifal_controlled_degradation_v0,ablate_physicochemical,feature_family_ablation,core,,observable_no_current_chla,validation,2,Turb,3158,1353,0.42843571880937303
mifal_controlled_degradation_v0,ablate_physicochemical,feature_family_ablation,core,,observable_no_current_chla,validation,2,DOb,3158,0,0.0
mifal_controlled_degradation_v0,ablate_physicochemical,feature_family_ablation,core,,observable_no_current_chla,validation,2,Chl,3158,0,0.0
mifal_controlled_degradation_v0,ablate_physicochemical,feature_family_ablation,core,,observable_no_current_chla,validation,2,Chl_prev,3158,2543,0.805256491450285
mifal_controlled_degradation_v0,ablate_physicochemical,feature_family_ablation,core,,observable_no_current_chla,validation,3,Tw,3184,0,0.0
mifal_controlled_degradation_v0,ablate_physicochemical,feature_family_ablation,core,,observable_no_current_chla,validation,3,TP,3184,2676,0.8404522613065326
mifal_controlled_degradation_v0,ablate_physicochemical,feature_family_ablation,core,,observable_no_current_chla,validation,3,TN,3184,2057,0.6460427135678392
mifal_controlled_degradation_v0,ablate_physicochemical,feature_family_ablation,core,,observable_no_current_chla,validation,3,Secchi,3184,2842,0.8925879396984925
mifal_controlled_degradation_v0,ablate_physicochemical,feature_family_ablation,core,,observable_no_current_chla,validation,3,Turb,3184,1329,0.4173994974874372
mifal_controlled_degradation_v0,ablate_physicochemical,feature_family_ablation,core,,observable_no_current_chla,validation,3,DOb,3184,0,0.0
mifal_controlled_degradation_v0,ablate_physicochemical,feature_family_ablation,core,,observable_no_current_chla,validation,3,Chl,3184,0,0.0
mifal_controlled_degradation_v0,ablate_physicochemical,feature_family_ablation,core,,observable_no_current_chla,validation,3,Chl_prev,3184,2426,0.7619346733668342
mifal_controlled_degradation_v0,random_dropout_mcar_10,random_value_dropout,core,20260612,observable_no_current_chla,test,1,Tw,4673,2026,0.4335544618018404
mifal_controlled_degradation_v0,random_dropout_mcar_10,random_value_dropout,core,20260612,observable_no_current_chla,test,1,TP,4673,3878,0.8298737427776589
mifal_controlled_degradation_v0,random_dropout_mcar_10,random_value_dropout,core,20260612,observable_no_current_chla,test,1,TN,4673,2887,0.6178044083030173
mifal_controlled_degradation_v0,random_dropout_mcar_10,random_value_dropout,core,20260612,observable_no_current_chla,test,1,Secchi,4673,3857,0.8253798416434839
mifal_controlled_degradation_v0,random_dropout_mcar_10,random_value_dropout,core,20260612,observable_no_current_chla,test,1,Turb,4673,1962,0.41985876310721165
mifal_controlled_degradation_v0,random_dropout_mcar_10,random_value_dropout,core,20260612,observable_no_current_chla,test,1,DOb,4673,1995,0.4269206077466296
mifal_controlled_degradation_v0,random_dropout_mcar_10,random_value_dropout,core,20260612,observable_no_current_chla,test,1,Chl,4673,0,0.0
mifal_controlled_degradation_v0,random_dropout_mcar_10,random_value_dropout,core,20260612,observable_no_current_chla,test,1,Chl_prev,4673,3985,0.8527712390327413
mifal_controlled_degradation_v0,random_dropout_mcar_10,random_value_dropout,core,20260612,observable_no_current_chla,test,2,Tw,4710,2083,0.44225053078556265
mifal_controlled_degradation_v0,random_dropout_mcar_10,random_value_dropout,core,20260612,observable_no_current_chla,test,2,TP,4710,3899,0.8278131634819533
mifal_controlled_degradation_v0,random_dropout_mcar_10,random_value_dropout,core,20260612,observable_no_current_chla,test,2,TN,4710,2905,0.6167728237791932
mifal_controlled_degradation_v0,random_dropout_mcar_10,random_value_dropout,core,20260612,observable_no_current_chla,test,2,Secchi,4710,3891,0.8261146496815287
mifal_controlled_degradation_v0,random_dropout_mcar_10,random_value_dropout,core,20260612,observable_no_current_chla,test,2,Turb,4710,2043,0.4337579617834395
mifal_controlled_degradation_v0,random_dropout_mcar_10,random_value_dropout,core,20260612,observable_no_current_chla,test,2,DOb,4710,2044,0.4339702760084926
mifal_controlled_degradation_v0,random_dropout_mcar_10,random_value_dropout,core,20260612,observable_no_current_chla,test,2,Chl,4710,0,0.0
mifal_controlled_degradation_v0,random_dropout_mcar_10,random_value_dropout,core,20260612,observable_no_current_chla,test,2,Chl_prev,4710,3978,0.8445859872611465
mifal_controlled_degradation_v0,random_dropout_mcar_10,random_value_dropout,core,20260612,observable_no_current_chla,test,3,Tw,4757,2124,0.44649989489173847
mifal_controlled_degradation_v0,random_dropout_mcar_10,random_value_dropout,core,20260612,observable_no_current_chla,test,3,TP,4757,3984,0.8375026277065377
mifal_controlled_degradation_v0,random_dropout_mcar_10,random_value_dropout,core,20260612,observable_no_current_chla,test,3,TN,4757,2974,0.6251839394576414
mifal_controlled_degradation_v0,random_dropout_mcar_10,random_value_dropout,core,20260612,observable_no_current_chla,test,3,Secchi,4757,3860,0.8114357788522177
mifal_controlled_degradation_v0,random_dropout_mcar_10,random_value_dropout,core,20260612,observable_no_current_chla,test,3,Turb,4757,2072,0.4355686356947656
mifal_controlled_degradation_v0,random_dropout_mcar_10,random_value_dropout,core,20260612,observable_no_current_chla,test,3,DOb,4757,2042,0.4292621400042043
mifal_controlled_degradation_v0,random_dropout_mcar_10,random_value_dropout,core,20260612,observable_no_current_chla,test,3,Chl,4757,0,0.0
mifal_controlled_degradation_v0,random_dropout_mcar_10,random_value_dropout,core,20260612,observable_no_current_chla,test,3,Chl_prev,4757,3890,0.817742274542779
mifal_controlled_degradation_v0,random_dropout_mcar_10,random_value_dropout,core,20260612,observable_no_current_chla,validation,1,Tw,3049,1277,0.4188258445391932
mifal_controlled_degradation_v0,random_dropout_mcar_10,random_value_dropout,core,20260612,observable_no_current_chla,validation,1,TP,3049,2259,0.7408986552968186
mifal_controlled_degradation_v0,random_dropout_mcar_10,random_value_dropout,core,20260612,observable_no_current_chla,validation,1,TN,3049,1715,0.5624795014758938
mifal_controlled_degradation_v0,random_dropout_mcar_10,random_value_dropout,core,20260612,observable_no_current_chla,validation,1,Secchi,3049,2438,0.7996064283371597
mifal_controlled_degradation_v0,random_dropout_mcar_10,random_value_dropout,core,20260612,observable_no_current_chla,validation,1,Turb,3049,1234,0.4047228599540833
mifal_controlled_degradation_v0,random_dropout_mcar_10,random_value_dropout,core,20260612,observable_no_current_chla,validation,1,DOb,3049,1225,0.40177107248278127
mifal_controlled_degradation_v0,random_dropout_mcar_10,random_value_dropout,core,20260612,observable_no_current_chla,validation,1,Chl,3049,0,0.0
mifal_controlled_degradation_v0,random_dropout_mcar_10,random_value_dropout,core,20260612,observable_no_current_chla,validation,1,Chl_prev,3049,2330,0.7641849786815349
mifal_controlled_degradation_v0,random_dropout_mcar_10,random_value_dropout,core,20260612,observable_no_current_chla,validation,2,Tw,3158,1277,0.40436985433818873
mifal_controlled_degradation_v0,random_dropout_mcar_10,random_value_dropout,core,20260612,observable_no_current_chla,validation,2,TP,3158,2346,0.7428752374920836
mifal_controlled_degradation_v0,random_dropout_mcar_10,random_value_dropout,core,20260612,observable_no_current_chla,validation,2,TN,3158,1817,0.5753641545281823
mifal_controlled_degradation_v0,random_dropout_mcar_10,random_value_dropout,core,20260612,observable_no_current_chla,validation,2,Secchi,3158,2546,0.8062064597846739
mifal_controlled_degradation_v0,random_dropout_mcar_10,random_value_dropout,core,20260612,observable_no_current_chla,validation,2,Turb,3158,1199,0.3796706776440785
mifal_controlled_degradation_v0,random_dropout_mcar_10,random_value_dropout,core,20260612,observable_no_current_chla,validation,2,DOb,3158,1228,0.3888537048765041
mifal_controlled_degradation_v0,random_dropout_mcar_10,random_value_dropout,core,20260612,observable_no_current_chla,validation,2,Chl,3158,0,0.0
mifal_controlled_degradation_v0,random_dropout_mcar_10,random_value_dropout,core,20260612,observable_no_current_chla,validation,2,Chl_prev,3158,2285,0.7235592146928436
mifal_controlled_degradation_v0,random_dropout_mcar_10,random_value_dropout,core,20260612,observable_no_current_chla,validation,3,Tw,3184,1256,0.3944723618090452
mifal_controlled_degradation_v0,random_dropout_mcar_10,random_value_dropout,core,20260612,observable_no_current_chla,validation,3,TP,3184,2423,0.7609924623115578
mifal_controlled_degradation_v0,random_dropout_mcar_10,random_value_dropout,core,20260612,observable_no_current_chla,validation,3,TN,3184,1838,0.5772613065326633
mifal_controlled_degradation_v0,random_dropout_mcar_10,random_value_dropout,core,20260612,observable_no_current_chla,validation,3,Secchi,3184,2554,0.8021356783919598
mifal_controlled_degradation_v0,random_dropout_mcar_10,random_value_dropout,core,20260612,observable_no_current_chla,validation,3,Turb,3184,1201,0.3771984924623116
mifal_controlled_degradation_v0,random_dropout_mcar_10,random_value_dropout,core,20260612,observable_no_current_chla,validation,3,DOb,3184,1216,0.38190954773869346
mifal_controlled_degradation_v0,random_dropout_mcar_10,random_value_dropout,core,20260612,observable_no_current_chla,validation,3,Chl,3184,0,0.0
mifal_controlled_degradation_v0,random_dropout_mcar_10,random_value_dropout,core,20260612,observable_no_current_chla,validation,3,Chl_prev,3184,2175,0.6831030150753769
mifal_controlled_degradation_v0,random_dropout_mcar_10,random_value_dropout,core,20260613,observable_no_current_chla,test,1,Tw,4673,2048,0.438262358228119
mifal_controlled_degradation_v0,random_dropout_mcar_10,random_value_dropout,core,20260613,observable_no_current_chla,test,1,TP,4673,3850,0.8238818745987588
mifal_controlled_degradation_v0,random_dropout_mcar_10,random_value_dropout,core,20260613,observable_no_current_chla,test,1,TN,4673,2882,0.6167344318424994
mifal_controlled_degradation_v0,random_dropout_mcar_10,random_value_dropout,core,20260613,observable_no_current_chla,test,1,Secchi,4673,3847,0.8232398887224481
mifal_controlled_degradation_v0,random_dropout_mcar_10,random_value_dropout,core,20260613,observable_no_current_chla,test,1,Turb,4673,1975,0.4226407019045581
mifal_controlled_degradation_v0,random_dropout_mcar_10,random_value_dropout,core,20260613,observable_no_current_chla,test,1,DOb,4673,1983,0.4243526642413867
mifal_controlled_degradation_v0,random_dropout_mcar_10,random_value_dropout,core,20260613,observable_no_current_chla,test,1,Chl,4673,0,0.0
mifal_controlled_degradation_v0,random_dropout_mcar_10,random_value_dropout,core,20260613,observable_no_current_chla,test,1,Chl_prev,4673,4006,0.8572651401669164
mifal_controlled_degradation_v0,random_dropout_mcar_10,random_value_dropout,core,20260613,observable_no_current_chla,test,2,Tw,4710,2080,0.4416135881104034
mifal_controlled_degradation_v0,random_dropout_mcar_10,random_value_dropout,core,20260613,observable_no_current_chla,test,2,TP,4710,3905,0.8290870488322718
mifal_controlled_degradation_v0,random_dropout_mcar_10,random_value_dropout,core,20260613,observable_no_current_chla,test,2,TN,4710,2915,0.618895966029724
mifal_controlled_degradation_v0,random_dropout_mcar_10,random_value_dropout,core,20260613,observable_no_current_chla,test,2,Secchi,4710,3898,0.8276008492569003
mifal_controlled_degradation_v0,random_dropout_mcar_10,random_value_dropout,core,20260613,observable_no_current_chla,test,2,Turb,4710,2019,0.4286624203821656
mifal_controlled_degradation_v0,random_dropout_mcar_10,random_value_dropout,core,20260613,observable_no_current_chla,test,2,DOb,4710,1989,0.42229299363057327
mifal_controlled_degradation_v0,random_dropout_mcar_10,random_value_dropout,core,20260613,observable_no_current_chla,test,2,Chl,4710,0,0.0
mifal_controlled_degradation_v0,random_dropout_mcar_10,random_value_dropout,core,20260613,observable_no_current_chla,test,2,Chl_prev,4710,3966,0.8420382165605096
mifal_controlled_degradation_v0,random_dropout_mcar_10,random_value_dropout,core,20260613,observable_no_current_chla,test,3,Tw,4757,2105,0.44250578095438303
mifal_controlled_degradation_v0,random_dropout_mcar_10,random_value_dropout,core,20260613,observable_no_current_chla,test,3,TP,4757,4003,0.8414967416438932
mifal_controlled_degradation_v0,random_dropout_mcar_10,random_value_dropout,core,20260613,observable_no_current_chla,test,3,TN,4757,2967,0.6237124237965104
mifal_controlled_degradation_v0,random_dropout_mcar_10,random_value_dropout,core,20260613,observable_no_current_chla,test,3,Secchi,4757,3866,0.8126970779903301
mifal_controlled_degradation_v0,random_dropout_mcar_10,random_value_dropout,core,20260613,observable_no_current_chla,test,3,Turb,4757,2074,0.435989068740803
mifal_controlled_degradation_v0,random_dropout_mcar_10,random_value_dropout,core,20260613,observable_no_current_chla,test,3,DOb,4757,2058,0.4326256043725037
mifal_controlled_degradation_v0,random_dropout_mcar_10,random_value_dropout,core,20260613,observable_no_current_chla,test,3,Chl,4757,0,0.0
mifal_controlled_degradation_v0,random_dropout_mcar_10,random_value_dropout,core,20260613,observable_no_current_chla,test,3,Chl_prev,4757,3897,0.81921379020391
mifal_controlled_degradation_v0,random_dropout_mcar_10,random_value_dropout,core,20260613,observable_no_current_chla,validation,1,Tw,3049,1254,0.4112823876680879
mifal_controlled_degradation_v0,random_dropout_mcar_10,random_value_dropout,core,20260613,observable_no_current_chla,validation,1,TP,3049,2291,0.751393899639226
mifal_controlled_degradation_v0,random_dropout_mcar_10,random_value_dropout,core,20260613,observable_no_current_chla,validation,1,TN,3049,1711,0.5611675959330928
mifal_controlled_degradation_v0,random_dropout_mcar_10,random_value_dropout,core,20260613,observable_no_current_chla,validation,1,Secchi,3049,2451,0.8038701213512627
mifal_controlled_degradation_v0,random_dropout_mcar_10,random_value_dropout,core,20260613,observable_no_current_chla,validation,1,Turb,3049,1241,0.40701869465398494
mifal_controlled_degradation_v0,random_dropout_mcar_10,random_value_dropout,core,20260613,observable_no_current_chla,validation,1,DOb,3049,1239,0.4063627418825845
mifal_controlled_degradation_v0,random_dropout_mcar_10,random_value_dropout,core,20260613,observable_no_current_chla,validation,1,Chl,3049,0,0.0
mifal_controlled_degradation_v0,random_dropout_mcar_10,random_value_dropout,core,20260613,observable_no_current_chla,validation,1,Chl_prev,3049,2348,0.7700885536241391
mifal_controlled_degradation_v0,random_dropout_mcar_10,random_value_dropout,core,20260613,observable_no_current_chla,validation,2,Tw,3158,1267,0.4012032932235592
mifal_controlled_degradation_v0,random_dropout_mcar_10,random_value_dropout,core,20260613,observable_no_current_chla,validation,2,TP,3158,2398,0.759341355288157
mifal_controlled_degradation_v0,random_dropout_mcar_10,random_value_dropout,core,20260613,observable_no_current_chla,validation,2,TN,3158,1849,0.5854971500949968
mifal_controlled_degradation_v0,random_dropout_mcar_10,random_value_dropout,core,20260613,observable_no_current_chla,validation,2,Secchi,3158,2566,0.8125395820139328
mifal_controlled_degradation_v0,random_dropout_mcar_10,random_value_dropout,core,20260613,observable_no_current_chla,validation,2,Turb,3158,1214,0.3844205193160228
mifal_controlled_degradation_v0,random_dropout_mcar_10,random_value_dropout,core,20260613,observable_no_current_chla,validation,2,DOb,3158,1241,0.39297023432552247
mifal_controlled_degradation_v0,random_dropout_mcar_10,random_value_dropout,core,20260613,observable_no_current_chla,validation,2,Chl,3158,0,0.0
mifal_controlled_degradation_v0,random_dropout_mcar_10,random_value_dropout,core,20260613,observable_no_current_chla,validation,2,Chl_prev,3158,2278,0.7213426219126029
mifal_controlled_degradation_v0,random_dropout_mcar_10,random_value_dropout,core,20260613,observable_no_current_chla,validation,3,Tw,3184,1261,0.3960427135678392
mifal_controlled_degradation_v0,random_dropout_mcar_10,random_value_dropout,core,20260613,observable_no_current_chla,validation,3,TP,3184,2403,0.7547110552763819
mifal_controlled_degradation_v0,random_dropout_mcar_10,random_value_dropout,core,20260613,observable_no_current_chla,validation,3,TN,3184,1838,0.5772613065326633
mifal_controlled_degradation_v0,random_dropout_mcar_10,random_value_dropout,core,20260613,observable_no_current_chla,validation,3,Secchi,3184,2538,0.7971105527638191
mifal_controlled_degradation_v0,random_dropout_mcar_10,random_value_dropout,core,20260613,observable_no_current_chla,validation,3,Turb,3184,1201,0.3771984924623116
mifal_controlled_degradation_v0,random_dropout_mcar_10,random_value_dropout,core,20260613,observable_no_current_chla,validation,3,DOb,3184,1205,0.37845477386934673
mifal_controlled_degradation_v0,random_dropout_mcar_10,random_value_dropout,core,20260613,observable_no_current_chla,validation,3,Chl,3184,0,0.0
mifal_controlled_degradation_v0,random_dropout_mcar_10,random_value_dropout,core,20260613,observable_no_current_chla,validation,3,Chl_prev,3184,2188,0.6871859296482412
mifal_controlled_degradation_v0,random_dropout_mcar_10,random_value_dropout,core,20260614,observable_no_current_chla,test,1,Tw,4673,2059,0.44061630644125827
mifal_controlled_degradation_v0,random_dropout_mcar_10,random_value_dropout,core,20260614,observable_no_current_chla,test,1,TP,4673,3880,0.8303017333618661
mifal_controlled_degradation_v0,random_dropout_mcar_10,random_value_dropout,core,20260614,observable_no_current_chla,test,1,TN,4673,2866,0.6133105071688423
mifal_controlled_degradation_v0,random_dropout_mcar_10,random_value_dropout,core,20260614,observable_no_current_chla,test,1,Secchi,4673,3845,0.822811898138241
mifal_controlled_degradation_v0,random_dropout_mcar_10,random_value_dropout,core,20260614,observable_no_current_chla,test,1,Turb,4673,1961,0.41964476781510807
mifal_controlled_degradation_v0,random_dropout_mcar_10,random_value_dropout,core,20260614,observable_no_current_chla,test,1,DOb,4673,1980,0.423710678365076
mifal_controlled_degradation_v0,random_dropout_mcar_10,random_value_dropout,core,20260614,observable_no_current_chla,test,1,Chl,4673,0,0.0
mifal_controlled_degradation_v0,random_dropout_mcar_10,random_value_dropout,core,20260614,observable_no_current_chla,test,1,Chl_prev,4673,3985,0.8527712390327413
mifal_controlled_degradation_v0,random_dropout_mcar_10,random_value_dropout,core,20260614,observable_no_current_chla,test,2,Tw,4710,2095,0.4447983014861996
mifal_controlled_degradation_v0,random_dropout_mcar_10,random_value_dropout,core,20260614,observable_no_current_chla,test,2,TP,4710,3874,0.8225053078556264
mifal_controlled_degradation_v0,random_dropout_mcar_10,random_value_dropout,core,20260614,observable_no_current_chla,test,2,TN,4710,2892,0.6140127388535032
mifal_controlled_degradation_v0,random_dropout_mcar_10,random_value_dropout,core,20260614,observable_no_current_chla,test,2,Secchi,4710,3862,0.8199575371549894
mifal_controlled_degradation_v0,random_dropout_mcar_10,random_value_dropout,core,20260614,observable_no_current_chla,test,2,Turb,4710,2032,0.43142250530785564
mifal_controlled_degradation_v0,random_dropout_mcar_10,random_value_dropout,core,20260614,observable_no_current_chla,test,2,DOb,4710,1993,0.4231422505307856
mifal_controlled_degradation_v0,random_dropout_mcar_10,random_value_dropout,core,20260614,observable_no_current_chla,test,2,Chl,4710,0,0.0
mifal_controlled_degradation_v0,random_dropout_mcar_10,random_value_dropout,core,20260614,observable_no_current_chla,test,2,Chl_prev,4710,3988,0.8467091295116773
mifal_controlled_degradation_v0,random_dropout_mcar_10,random_value_dropout,core,20260614,observable_no_current_chla,test,3,Tw,4757,2092,0.4397729661551398
mifal_controlled_degradation_v0,random_dropout_mcar_10,random_value_dropout,core,20260614,observable_no_current_chla,test,3,TP,4757,3949,0.830145049400883
mifal_controlled_degradation_v0,random_dropout_mcar_10,random_value_dropout,core,20260614,observable_no_current_chla,test,3,TN,4757,2950,0.6201387429051923
mifal_controlled_degradation_v0,random_dropout_mcar_10,random_value_dropout,core,20260614,observable_no_current_chla,test,3,Secchi,4757,3881,0.8158503258356107
mifal_controlled_degradation_v0,random_dropout_mcar_10,random_value_dropout,core,20260614,observable_no_current_chla,test,3,Turb,4757,2062,0.43346647046457853
mifal_controlled_degradation_v0,random_dropout_mcar_10,random_value_dropout,core,20260614,observable_no_current_chla,test,3,DOb,4757,2035,0.42779062434307336
mifal_controlled_degradation_v0,random_dropout_mcar_10,random_value_dropout,core,20260614,observable_no_current_chla,test,3,Chl,4757,0,0.0
mifal_controlled_degradation_v0,random_dropout_mcar_10,random_value_dropout,core,20260614,observable_no_current_chla,test,3,Chl_prev,4757,3901,0.8200546562959848
mifal_controlled_degradation_v0,random_dropout_mcar_10,random_value_dropout,core,20260614,observable_no_current_chla,validation,1,Tw,3049,1240,0.4066907182682847
mifal_controlled_degradation_v0,random_dropout_mcar_10,random_value_dropout,core,20260614,observable_no_current_chla,validation,1,TP,3049,2269,0.7441784191538209
mifal_controlled_degradation_v0,random_dropout_mcar_10,random_value_dropout,core,20260614,observable_no_current_chla,validation,1,TN,3049,1730,0.5673991472613972
mifal_controlled_degradation_v0,random_dropout_mcar_10,random_value_dropout,core,20260614,observable_no_current_chla,validation,1,Secchi,3049,2454,0.8048540505083634
mifal_controlled_degradation_v0,random_dropout_mcar_10,random_value_dropout,core,20260614,observable_no_current_chla,validation,1,Turb,3049,1220,0.4001311905542801
mifal_controlled_degradation_v0,random_dropout_mcar_10,random_value_dropout,core,20260614,observable_no_current_chla,validation,1,DOb,3049,1236,0.40537881272548376
mifal_controlled_degradation_v0,random_dropout_mcar_10,random_value_dropout,core,20260614,observable_no_current_chla,validation,1,Chl,3049,0,0.0
mifal_controlled_degradation_v0,random_dropout_mcar_10,random_value_dropout,core,20260614,observable_no_current_chla,validation,1,Chl_prev,3049,2354,0.7720564119383404
mifal_controlled_degradation_v0,random_dropout_mcar_10,random_value_dropout,core,20260614,observable_no_current_chla,validation,2,Tw,3158,1300,0.4116529449018366
mifal_controlled_degradation_v0,random_dropout_mcar_10,random_value_dropout,core,20260614,observable_no_current_chla,validation,2,TP,3158,2383,0.7545915136162128
mifal_controlled_degradation_v0,random_dropout_mcar_10,random_value_dropout,core,20260614,observable_no_current_chla,validation,2,TN,3158,1822,0.5769474350854972
mifal_controlled_degradation_v0,random_dropout_mcar_10,random_value_dropout,core,20260614,observable_no_current_chla,validation,2,Secchi,3158,2533,0.8020899303356555
mifal_controlled_degradation_v0,random_dropout_mcar_10,random_value_dropout,core,20260614,observable_no_current_chla,validation,2,Turb,3158,1212,0.3837872070930969
mifal_controlled_degradation_v0,random_dropout_mcar_10,random_value_dropout,core,20260614,observable_no_current_chla,validation,2,DOb,3158,1261,0.3993033565547815
mifal_controlled_degradation_v0,random_dropout_mcar_10,random_value_dropout,core,20260614,observable_no_current_chla,validation,2,Chl,3158,0,0.0
mifal_controlled_degradation_v0,random_dropout_mcar_10,random_value_dropout,core,20260614,observable_no_current_chla,validation,2,Chl_prev,3158,2285,0.7235592146928436
mifal_controlled_degradation_v0,random_dropout_mcar_10,random_value_dropout,core,20260614,observable_no_current_chla,validation,3,Tw,3184,1258,0.3951005025125628
mifal_controlled_degradation_v0,random_dropout_mcar_10,random_value_dropout,core,20260614,observable_no_current_chla,validation,3,TP,3184,2421,0.7603643216080402
mifal_controlled_degradation_v0,random_dropout_mcar_10,random_value_dropout,core,20260614,observable_no_current_chla,validation,3,TN,3184,1871,0.5876256281407035
mifal_controlled_degradation_v0,random_dropout_mcar_10,random_value_dropout,core,20260614,observable_no_current_chla,validation,3,Secchi,3184,2552,0.8015075376884422
mifal_controlled_degradation_v0,random_dropout_mcar_10,random_value_dropout,core,20260614,observable_no_current_chla,validation,3,Turb,3184,1190,0.37374371859296485
mifal_controlled_degradation_v0,random_dropout_mcar_10,random_value_dropout,core,20260614,observable_no_current_chla,validation,3,DOb,3184,1218,0.38253768844221103
mifal_controlled_degradation_v0,random_dropout_mcar_10,random_value_dropout,core,20260614,observable_no_current_chla,validation,3,Chl,3184,0,0.0
mifal_controlled_degradation_v0,random_dropout_mcar_10,random_value_dropout,core,20260614,observable_no_current_chla,validation,3,Chl_prev,3184,2187,0.6868718592964824
mifal_controlled_degradation_v0,random_dropout_mcar_25,random_value_dropout,core,20260612,observable_no_current_chla,test,1,Tw,4673,1691,0.36186603894714314
mifal_controlled_degradation_v0,random_dropout_mcar_25,random_value_dropout,core,20260612,observable_no_current_chla,test,1,TP,4673,3252,0.6959126899208218
mifal_controlled_degradation_v0,random_dropout_mcar_25,random_value_dropout,core,20260612,observable_no_current_chla,test,1,TN,4673,2381,0.509522790498609
mifal_controlled_degradation_v0,random_dropout_mcar_25,random_value_dropout,core,20260612,observable_no_current_chla,test,1,Secchi,4673,3210,0.6869248876524716
mifal_controlled_degradation_v0,random_dropout_mcar_25,random_value_dropout,core,20260612,observable_no_current_chla,test,1,Turb,4673,1642,0.35138026963406804
mifal_controlled_degradation_v0,random_dropout_mcar_25,random_value_dropout,core,20260612,observable_no_current_chla,test,1,DOb,4673,1623,0.34731435908410013
mifal_controlled_degradation_v0,random_dropout_mcar_25,random_value_dropout,core,20260612,observable_no_current_chla,test,1,Chl,4673,0,0.0
mifal_controlled_degradation_v0,random_dropout_mcar_25,random_value_dropout,core,20260612,observable_no_current_chla,test,1,Chl_prev,4673,3322,0.7108923603680719
mifal_controlled_degradation_v0,random_dropout_mcar_25,random_value_dropout,core,20260612,observable_no_current_chla,test,2,Tw,4710,1743,0.3700636942675159
mifal_controlled_degradation_v0,random_dropout_mcar_25,random_value_dropout,core,20260612,observable_no_current_chla,test,2,TP,4710,3265,0.6932059447983014
mifal_controlled_degradation_v0,random_dropout_mcar_25,random_value_dropout,core,20260612,observable_no_current_chla,test,2,TN,4710,2368,0.50276008492569
mifal_controlled_degradation_v0,random_dropout_mcar_25,random_value_dropout,core,20260612,observable_no_current_chla,test,2,Secchi,4710,3218,0.6832271762208068
mifal_controlled_degradation_v0,random_dropout_mcar_25,random_value_dropout,core,20260612,observable_no_current_chla,test,2,Turb,4710,1693,0.35944798301486197
mifal_controlled_degradation_v0,random_dropout_mcar_25,random_value_dropout,core,20260612,observable_no_current_chla,test,2,DOb,4710,1725,0.3662420382165605
mifal_controlled_degradation_v0,random_dropout_mcar_25,random_value_dropout,core,20260612,observable_no_current_chla,test,2,Chl,4710,0,0.0
mifal_controlled_degradation_v0,random_dropout_mcar_25,random_value_dropout,core,20260612,observable_no_current_chla,test,2,Chl_prev,4710,3344,0.7099787685774946
mifal_controlled_degradation_v0,random_dropout_mcar_25,random_value_dropout,core,20260612,observable_no_current_chla,test,3,Tw,4757,1796,0.37754887534160186
mifal_controlled_degradation_v0,random_dropout_mcar_25,random_value_dropout,core,20260612,observable_no_current_chla,test,3,TP,4757,3342,0.7025436199285264
mifal_controlled_degradation_v0,random_dropout_mcar_25,random_value_dropout,core,20260612,observable_no_current_chla,test,3,TN,4757,2458,0.5167122135799874
mifal_controlled_degradation_v0,random_dropout_mcar_25,random_value_dropout,core,20260612,observable_no_current_chla,test,3,Secchi,4757,3222,0.6773176371662812
mifal_controlled_degradation_v0,random_dropout_mcar_25,random_value_dropout,core,20260612,observable_no_current_chla,test,3,Turb,4757,1701,0.35757830565482446
mifal_controlled_degradation_v0,random_dropout_mcar_25,random_value_dropout,core,20260612,observable_no_current_chla,test,3,DOb,4757,1679,0.35295354214841285
mifal_controlled_degradation_v0,random_dropout_mcar_25,random_value_dropout,core,20260612,observable_no_current_chla,test,3,Chl,4757,0,0.0
mifal_controlled_degradation_v0,random_dropout_mcar_25,random_value_dropout,core,20260612,observable_no_current_chla,test,3,Chl_prev,4757,3228,0.6785789363043935
mifal_controlled_degradation_v0,random_dropout_mcar_25,random_value_dropout,core,20260612,observable_no_current_chla,validation,1,Tw,3049,1065,0.3492948507707445
mifal_controlled_degradation_v0,random_dropout_mcar_25,random_value_dropout,core,20260612,observable_no_current_chla,validation,1,TP,3049,1839,0.6031485733027222
mifal_controlled_degradation_v0,random_dropout_mcar_25,random_value_dropout,core,20260612,observable_no_current_chla,validation,1,TN,3049,1423,0.4667103968514267
mifal_controlled_degradation_v0,random_dropout_mcar_25,random_value_dropout,core,20260612,observable_no_current_chla,validation,1,Secchi,3049,2017,0.6615283699573631
mifal_controlled_degradation_v0,random_dropout_mcar_25,random_value_dropout,core,20260612,observable_no_current_chla,validation,1,Turb,3049,1017,0.3335519842571335
mifal_controlled_degradation_v0,random_dropout_mcar_25,random_value_dropout,core,20260612,observable_no_current_chla,validation,1,DOb,3049,1008,0.3306001967858314
mifal_controlled_degradation_v0,random_dropout_mcar_25,random_value_dropout,core,20260612,observable_no_current_chla,validation,1,Chl,3049,0,0.0
mifal_controlled_degradation_v0,random_dropout_mcar_25,random_value_dropout,core,20260612,observable_no_current_chla,validation,1,Chl_prev,3049,1944,0.6375860938012463
mifal_controlled_degradation_v0,random_dropout_mcar_25,random_value_dropout,core,20260612,observable_no_current_chla,validation,2,Tw,3158,1091,0.3454718176060798
mifal_controlled_degradation_v0,random_dropout_mcar_25,random_value_dropout,core,20260612,observable_no_current_chla,validation,2,TP,3158,1953,0.6184293856871438
mifal_controlled_degradation_v0,random_dropout_mcar_25,random_value_dropout,core,20260612,observable_no_current_chla,validation,2,TN,3158,1481,0.46896770107663077
mifal_controlled_degradation_v0,random_dropout_mcar_25,random_value_dropout,core,20260612,observable_no_current_chla,validation,2,Secchi,3158,2096,0.6637112096263458
mifal_controlled_degradation_v0,random_dropout_mcar_25,random_value_dropout,core,20260612,observable_no_current_chla,validation,2,Turb,3158,1009,0.3195060164661178
mifal_controlled_degradation_v0,random_dropout_mcar_25,random_value_dropout,core,20260612,observable_no_current_chla,validation,2,DOb,3158,1025,0.324572514249525
mifal_controlled_degradation_v0,random_dropout_mcar_25,random_value_dropout,core,20260612,observable_no_current_chla,validation,2,Chl,3158,0,0.0
mifal_controlled_degradation_v0,random_dropout_mcar_25,random_value_dropout,core,20260612,observable_no_current_chla,validation,2,Chl_prev,3158,1915,0.6063964534515516
mifal_controlled_degradation_v0,random_dropout_mcar_25,random_value_dropout,core,20260612,observable_no_current_chla,validation,3,Tw,3184,1025,0.3219221105527638
mifal_controlled_degradation_v0,random_dropout_mcar_25,random_value_dropout,core,20260612,observable_no_current_chla,validation,3,TP,3184,2005,0.6297110552763819
mifal_controlled_degradation_v0,random_dropout_mcar_25,random_value_dropout,core,20260612,observable_no_current_chla,validation,3,TN,3184,1534,0.48178391959798994
mifal_controlled_degradation_v0,random_dropout_mcar_25,random_value_dropout,core,20260612,observable_no_current_chla,validation,3,Secchi,3184,2146,0.6739949748743719
mifal_controlled_degradation_v0,random_dropout_mcar_25,random_value_dropout,core,20260612,observable_no_current_chla,validation,3,Turb,3184,999,0.31375628140703515
mifal_controlled_degradation_v0,random_dropout_mcar_25,random_value_dropout,core,20260612,observable_no_current_chla,validation,3,DOb,3184,1018,0.31972361809045224
mifal_controlled_degradation_v0,random_dropout_mcar_25,random_value_dropout,core,20260612,observable_no_current_chla,validation,3,Chl,3184,0,0.0
mifal_controlled_degradation_v0,random_dropout_mcar_25,random_value_dropout,core,20260612,observable_no_current_chla,validation,3,Chl_prev,3184,1801,0.565640703517588
mifal_controlled_degradation_v0,random_dropout_mcar_25,random_value_dropout,core,20260613,observable_no_current_chla,test,1,Tw,4673,1744,0.3732077894286326
mifal_controlled_degradation_v0,random_dropout_mcar_25,random_value_dropout,core,20260613,observable_no_current_chla,test,1,TP,4673,3205,0.6858549111919537
mifal_controlled_degradation_v0,random_dropout_mcar_25,random_value_dropout,core,20260613,observable_no_current_chla,test,1,TN,4673,2420,0.5178686068906484
mifal_controlled_degradation_v0,random_dropout_mcar_25,random_value_dropout,core,20260613,observable_no_current_chla,test,1,Secchi,4673,3215,0.6879948641129895
mifal_controlled_degradation_v0,random_dropout_mcar_25,random_value_dropout,core,20260613,observable_no_current_chla,test,1,Turb,4673,1639,0.35073828375775734
mifal_controlled_degradation_v0,random_dropout_mcar_25,random_value_dropout,core,20260613,observable_no_current_chla,test,1,DOb,4673,1636,0.3500962978814466
mifal_controlled_degradation_v0,random_dropout_mcar_25,random_value_dropout,core,20260613,observable_no_current_chla,test,1,Chl,4673,0,0.0
mifal_controlled_degradation_v0,random_dropout_mcar_25,random_value_dropout,core,20260613,observable_no_current_chla,test,1,Chl_prev,4673,3367,0.7205221485127328
mifal_controlled_degradation_v0,random_dropout_mcar_25,random_value_dropout,core,20260613,observable_no_current_chla,test,2,Tw,4710,1757,0.373036093418259
mifal_controlled_degradation_v0,random_dropout_mcar_25,random_value_dropout,core,20260613,observable_no_current_chla,test,2,TP,4710,3255,0.6910828025477707
mifal_controlled_degradation_v0,random_dropout_mcar_25,random_value_dropout,core,20260613,observable_no_current_chla,test,2,TN,4710,2437,0.5174097664543524
mifal_controlled_degradation_v0,random_dropout_mcar_25,random_value_dropout,core,20260613,observable_no_current_chla,test,2,Secchi,4710,3235,0.6868365180467091
mifal_controlled_degradation_v0,random_dropout_mcar_25,random_value_dropout,core,20260613,observable_no_current_chla,test,2,Turb,4710,1691,0.3590233545647558
mifal_controlled_degradation_v0,random_dropout_mcar_25,random_value_dropout,core,20260613,observable_no_current_chla,test,2,DOb,4710,1660,0.3524416135881104
mifal_controlled_degradation_v0,random_dropout_mcar_25,random_value_dropout,core,20260613,observable_no_current_chla,test,2,Chl,4710,0,0.0
mifal_controlled_degradation_v0,random_dropout_mcar_25,random_value_dropout,core,20260613,observable_no_current_chla,test,2,Chl_prev,4710,3290,0.6985138004246284
mifal_controlled_degradation_v0,random_dropout_mcar_25,random_value_dropout,core,20260613,observable_no_current_chla,test,3,Tw,4757,1754,0.36871978137481604
mifal_controlled_degradation_v0,random_dropout_mcar_25,random_value_dropout,core,20260613,observable_no_current_chla,test,3,TP,4757,3346,0.7033844860206012
mifal_controlled_degradation_v0,random_dropout_mcar_25,random_value_dropout,core,20260613,observable_no_current_chla,test,3,TN,4757,2477,0.5207063275173429
mifal_controlled_degradation_v0,random_dropout_mcar_25,random_value_dropout,core,20260613,observable_no_current_chla,test,3,Secchi,4757,3219,0.6766869875972251
mifal_controlled_degradation_v0,random_dropout_mcar_25,random_value_dropout,core,20260613,observable_no_current_chla,test,3,Turb,4757,1719,0.3613622030691612
mifal_controlled_degradation_v0,random_dropout_mcar_25,random_value_dropout,core,20260613,observable_no_current_chla,test,3,DOb,4757,1681,0.3533739751944503
mifal_controlled_degradation_v0,random_dropout_mcar_25,random_value_dropout,core,20260613,observable_no_current_chla,test,3,Chl,4757,0,0.0
mifal_controlled_degradation_v0,random_dropout_mcar_25,random_value_dropout,core,20260613,observable_no_current_chla,test,3,Chl_prev,4757,3219,0.6766869875972251
mifal_controlled_degradation_v0,random_dropout_mcar_25,random_value_dropout,core,20260613,observable_no_current_chla,validation,1,Tw,3049,1040,0.34109544112823875
mifal_controlled_degradation_v0,random_dropout_mcar_25,random_value_dropout,core,20260613,observable_no_current_chla,validation,1,TP,3049,1909,0.6261069203017383
mifal_controlled_degradation_v0,random_dropout_mcar_25,random_value_dropout,core,20260613,observable_no_current_chla,validation,1,TN,3049,1416,0.4644145621515251
mifal_controlled_degradation_v0,random_dropout_mcar_25,random_value_dropout,core,20260613,observable_no_current_chla,validation,1,Secchi,3049,2016,0.6612003935716628
mifal_controlled_degradation_v0,random_dropout_mcar_25,random_value_dropout,core,20260613,observable_no_current_chla,validation,1,Turb,3049,1044,0.34240734667103967
mifal_controlled_degradation_v0,random_dropout_mcar_25,random_value_dropout,core,20260613,observable_no_current_chla,validation,1,DOb,3049,1039,0.34076746474253855
mifal_controlled_degradation_v0,random_dropout_mcar_25,random_value_dropout,core,20260613,observable_no_current_chla,validation,1,Chl,3049,0,0.0
mifal_controlled_degradation_v0,random_dropout_mcar_25,random_value_dropout,core,20260613,observable_no_current_chla,validation,1,Chl_prev,3049,1955,0.6411938340439488
mifal_controlled_degradation_v0,random_dropout_mcar_25,random_value_dropout,core,20260613,observable_no_current_chla,validation,2,Tw,3158,1077,0.3410386320455985
mifal_controlled_degradation_v0,random_dropout_mcar_25,random_value_dropout,core,20260613,observable_no_current_chla,validation,2,TP,3158,2019,0.6393286890436986
mifal_controlled_degradation_v0,random_dropout_mcar_25,random_value_dropout,core,20260613,observable_no_current_chla,validation,2,TN,3158,1511,0.47846738442051934
mifal_controlled_degradation_v0,random_dropout_mcar_25,random_value_dropout,core,20260613,observable_no_current_chla,validation,2,Secchi,3158,2150,0.6808106396453452
mifal_controlled_degradation_v0,random_dropout_mcar_25,random_value_dropout,core,20260613,observable_no_current_chla,validation,2,Turb,3158,1024,0.32425585813806207
mifal_controlled_degradation_v0,random_dropout_mcar_25,random_value_dropout,core,20260613,observable_no_current_chla,validation,2,DOb,3158,1041,0.3296390120329322
mifal_controlled_degradation_v0,random_dropout_mcar_25,random_value_dropout,core,20260613,observable_no_current_chla,validation,2,Chl,3158,0,0.0
mifal_controlled_degradation_v0,random_dropout_mcar_25,random_value_dropout,core,20260613,observable_no_current_chla,validation,2,Chl_prev,3158,1893,0.5994300189993667
mifal_controlled_degradation_v0,random_dropout_mcar_25,random_value_dropout,core,20260613,observable_no_current_chla,validation,3,Tw,3184,1070,0.3360552763819096
mifal_controlled_degradation_v0,random_dropout_mcar_25,random_value_dropout,core,20260613,observable_no_current_chla,validation,3,TP,3184,2052,0.6444723618090452
mifal_controlled_degradation_v0,random_dropout_mcar_25,random_value_dropout,core,20260613,observable_no_current_chla,validation,3,TN,3184,1524,0.478643216080402
mifal_controlled_degradation_v0,random_dropout_mcar_25,random_value_dropout,core,20260613,observable_no_current_chla,validation,3,Secchi,3184,2133,0.6699120603015075
mifal_controlled_degradation_v0,random_dropout_mcar_25,random_value_dropout,core,20260613,observable_no_current_chla,validation,3,Turb,3184,991,0.31124371859296485
mifal_controlled_degradation_v0,random_dropout_mcar_25,random_value_dropout,core,20260613,observable_no_current_chla,validation,3,DOb,3184,1015,0.3187814070351759
mifal_controlled_degradation_v0,random_dropout_mcar_25,random_value_dropout,core,20260613,observable_no_current_chla,validation,3,Chl,3184,0,0.0
mifal_controlled_degradation_v0,random_dropout_mcar_25,random_value_dropout,core,20260613,observable_no_current_chla,validation,3,Chl_prev,3184,1819,0.5712939698492462
mifal_controlled_degradation_v0,random_dropout_mcar_25,random_value_dropout,core,20260614,observable_no_current_chla,test,1,Tw,4673,1703,0.36443398245238606
mifal_controlled_degradation_v0,random_dropout_mcar_25,random_value_dropout,core,20260614,observable_no_current_chla,test,1,TP,4673,3270,0.6997646051786861
mifal_controlled_degradation_v0,random_dropout_mcar_25,random_value_dropout,core,20260614,observable_no_current_chla,test,1,TN,4673,2383,0.5099507810828162
mifal_controlled_degradation_v0,random_dropout_mcar_25,random_value_dropout,core,20260614,observable_no_current_chla,test,1,Secchi,4673,3193,0.6832869676867109
mifal_controlled_degradation_v0,random_dropout_mcar_25,random_value_dropout,core,20260614,observable_no_current_chla,test,1,Turb,4673,1621,0.346886368499893
mifal_controlled_degradation_v0,random_dropout_mcar_25,random_value_dropout,core,20260614,observable_no_current_chla,test,1,DOb,4673,1641,0.35116627434196446
mifal_controlled_degradation_v0,random_dropout_mcar_25,random_value_dropout,core,20260614,observable_no_current_chla,test,1,Chl,4673,0,0.0
mifal_controlled_degradation_v0,random_dropout_mcar_25,random_value_dropout,core,20260614,observable_no_current_chla,test,1,Chl_prev,4673,3330,0.7126043227049005
mifal_controlled_degradation_v0,random_dropout_mcar_25,random_value_dropout,core,20260614,observable_no_current_chla,test,2,Tw,4710,1755,0.37261146496815284
mifal_controlled_degradation_v0,random_dropout_mcar_25,random_value_dropout,core,20260614,observable_no_current_chla,test,2,TP,4710,3232,0.6861995753715499
mifal_controlled_degradation_v0,random_dropout_mcar_25,random_value_dropout,core,20260614,observable_no_current_chla,test,2,TN,4710,2400,0.5095541401273885
mifal_controlled_degradation_v0,random_dropout_mcar_25,random_value_dropout,core,20260614,observable_no_current_chla,test,2,Secchi,4710,3218,0.6832271762208068
mifal_controlled_degradation_v0,random_dropout_mcar_25,random_value_dropout,core,20260614,observable_no_current_chla,test,2,Turb,4710,1684,0.35753715498938426
mifal_controlled_degradation_v0,random_dropout_mcar_25,random_value_dropout,core,20260614,observable_no_current_chla,test,2,DOb,4710,1691,0.3590233545647558
mifal_controlled_degradation_v0,random_dropout_mcar_25,random_value_dropout,core,20260614,observable_no_current_chla,test,2,Chl,4710,0,0.0
mifal_controlled_degradation_v0,random_dropout_mcar_25,random_value_dropout,core,20260614,observable_no_current_chla,test,2,Chl_prev,4710,3307,0.7021231422505307
mifal_controlled_degradation_v0,random_dropout_mcar_25,random_value_dropout,core,20260614,observable_no_current_chla,test,3,Tw,4757,1747,0.3672482657136851
mifal_controlled_degradation_v0,random_dropout_mcar_25,random_value_dropout,core,20260614,observable_no_current_chla,test,3,TP,4757,3330,0.7000210216523018
mifal_controlled_degradation_v0,random_dropout_mcar_25,random_value_dropout,core,20260614,observable_no_current_chla,test,3,TN,4757,2485,0.5223880597014925
mifal_controlled_degradation_v0,random_dropout_mcar_25,random_value_dropout,core,20260614,observable_no_current_chla,test,3,Secchi,4757,3209,0.6745848223670381
mifal_controlled_degradation_v0,random_dropout_mcar_25,random_value_dropout,core,20260614,observable_no_current_chla,test,3,Turb,4757,1690,0.35526592390161865
mifal_controlled_degradation_v0,random_dropout_mcar_25,random_value_dropout,core,20260614,observable_no_current_chla,test,3,DOb,4757,1673,0.3516922430103006
mifal_controlled_degradation_v0,random_dropout_mcar_25,random_value_dropout,core,20260614,observable_no_current_chla,test,3,Chl,4757,0,0.0
mifal_controlled_degradation_v0,random_dropout_mcar_25,random_value_dropout,core,20260614,observable_no_current_chla,test,3,Chl_prev,4757,3235,0.6800504519655245
mifal_controlled_degradation_v0,random_dropout_mcar_25,random_value_dropout,core,20260614,observable_no_current_chla,validation,1,Tw,3049,1037,0.3401115119711381
mifal_controlled_degradation_v0,random_dropout_mcar_25,random_value_dropout,core,20260614,observable_no_current_chla,validation,1,TP,3049,1857,0.6090521482453264
mifal_controlled_degradation_v0,random_dropout_mcar_25,random_value_dropout,core,20260614,observable_no_current_chla,validation,1,TN,3049,1461,0.4791734995080354
mifal_controlled_degradation_v0,random_dropout_mcar_25,random_value_dropout,core,20260614,observable_no_current_chla,validation,1,Secchi,3049,2054,0.6736634962282716
mifal_controlled_degradation_v0,random_dropout_mcar_25,random_value_dropout,core,20260614,observable_no_current_chla,validation,1,Turb,3049,1020,0.33453591341423417
mifal_controlled_degradation_v0,random_dropout_mcar_25,random_value_dropout,core,20260614,observable_no_current_chla,validation,1,DOb,3049,1032,0.3384716300426369
mifal_controlled_degradation_v0,random_dropout_mcar_25,random_value_dropout,core,20260614,observable_no_current_chla,validation,1,Chl,3049,0,0.0
mifal_controlled_degradation_v0,random_dropout_mcar_25,random_value_dropout,core,20260614,observable_no_current_chla,validation,1,Chl_prev,3049,1959,0.6425057395867497
mifal_controlled_degradation_v0,random_dropout_mcar_25,random_value_dropout,core,20260614,observable_no_current_chla,validation,2,Tw,3158,1084,0.34325522482583914
mifal_controlled_degradation_v0,random_dropout_mcar_25,random_value_dropout,core,20260614,observable_no_current_chla,validation,2,TP,3158,1959,0.6203293223559214
mifal_controlled_degradation_v0,random_dropout_mcar_25,random_value_dropout,core,20260614,observable_no_current_chla,validation,2,TN,3158,1518,0.48068397720075995
mifal_controlled_degradation_v0,random_dropout_mcar_25,random_value_dropout,core,20260614,observable_no_current_chla,validation,2,Secchi,3158,2125,0.6728942368587714
mifal_controlled_degradation_v0,random_dropout_mcar_25,random_value_dropout,core,20260614,observable_no_current_chla,validation,2,Turb,3158,1035,0.32773907536415453
mifal_controlled_degradation_v0,random_dropout_mcar_25,random_value_dropout,core,20260614,observable_no_current_chla,validation,2,DOb,3158,1022,0.3236225459151362
mifal_controlled_degradation_v0,random_dropout_mcar_25,random_value_dropout,core,20260614,observable_no_current_chla,validation,2,Chl,3158,0,0.0
mifal_controlled_degradation_v0,random_dropout_mcar_25,random_value_dropout,core,20260614,observable_no_current_chla,validation,2,Chl_prev,3158,1878,0.5946801773274224
mifal_controlled_degradation_v0,random_dropout_mcar_25,random_value_dropout,core,20260614,observable_no_current_chla,validation,3,Tw,3184,1033,0.3244346733668342
mifal_controlled_degradation_v0,random_dropout_mcar_25,random_value_dropout,core,20260614,observable_no_current_chla,validation,3,TP,3184,2027,0.6366206030150754
mifal_controlled_degradation_v0,random_dropout_mcar_25,random_value_dropout,core,20260614,observable_no_current_chla,validation,3,TN,3184,1531,0.4808417085427136
mifal_controlled_degradation_v0,random_dropout_mcar_25,random_value_dropout,core,20260614,observable_no_current_chla,validation,3,Secchi,3184,2093,0.6573492462311558
mifal_controlled_degradation_v0,random_dropout_mcar_25,random_value_dropout,core,20260614,observable_no_current_chla,validation,3,Turb,3184,985,0.30935929648241206
mifal_controlled_degradation_v0,random_dropout_mcar_25,random_value_dropout,core,20260614,observable_no_current_chla,validation,3,DOb,3184,1022,0.32097989949748745
mifal_controlled_degradation_v0,random_dropout_mcar_25,random_value_dropout,core,20260614,observable_no_current_chla,validation,3,Chl,3184,0,0.0
mifal_controlled_degradation_v0,random_dropout_mcar_25,random_value_dropout,core,20260614,observable_no_current_chla,validation,3,Chl_prev,3184,1836,0.5766331658291457
mifal_controlled_degradation_v0,random_dropout_mcar_50,random_value_dropout,core,20260612,observable_no_current_chla,test,1,Tw,4673,1105,0.23646479777444895
mifal_controlled_degradation_v0,random_dropout_mcar_50,random_value_dropout,core,20260612,observable_no_current_chla,test,1,TP,4673,2215,0.4739995720094158
mifal_controlled_degradation_v0,random_dropout_mcar_50,random_value_dropout,core,20260612,observable_no_current_chla,test,1,TN,4673,1603,0.3430344532420287
mifal_controlled_degradation_v0,random_dropout_mcar_50,random_value_dropout,core,20260612,observable_no_current_chla,test,1,Secchi,4673,2142,0.4583779156858549
mifal_controlled_degradation_v0,random_dropout_mcar_50,random_value_dropout,core,20260612,observable_no_current_chla,test,1,Turb,4673,1096,0.2345388401455168
mifal_controlled_degradation_v0,random_dropout_mcar_50,random_value_dropout,core,20260612,observable_no_current_chla,test,1,DOb,4673,1089,0.23304087310079177
mifal_controlled_degradation_v0,random_dropout_mcar_50,random_value_dropout,core,20260612,observable_no_current_chla,test,1,Chl,4673,0,0.0
mifal_controlled_degradation_v0,random_dropout_mcar_50,random_value_dropout,core,20260612,observable_no_current_chla,test,1,Chl_prev,4673,2197,0.47014765675155146
mifal_controlled_degradation_v0,random_dropout_mcar_50,random_value_dropout,core,20260612,observable_no_current_chla,test,2,Tw,4710,1166,0.2475583864118896
mifal_controlled_degradation_v0,random_dropout_mcar_50,random_value_dropout,core,20260612,observable_no_current_chla,test,2,TP,4710,2182,0.4632696390658174
mifal_controlled_degradation_v0,random_dropout_mcar_50,random_value_dropout,core,20260612,observable_no_current_chla,test,2,TN,4710,1539,0.3267515923566879
mifal_controlled_degradation_v0,random_dropout_mcar_50,random_value_dropout,core,20260612,observable_no_current_chla,test,2,Secchi,4710,2183,0.4634819532908705
mifal_controlled_degradation_v0,random_dropout_mcar_50,random_value_dropout,core,20260612,observable_no_current_chla,test,2,Turb,4710,1114,0.23651804670912951
mifal_controlled_degradation_v0,random_dropout_mcar_50,random_value_dropout,core,20260612,observable_no_current_chla,test,2,DOb,4710,1162,0.24670912951167728
mifal_controlled_degradation_v0,random_dropout_mcar_50,random_value_dropout,core,20260612,observable_no_current_chla,test,2,Chl,4710,0,0.0
mifal_controlled_degradation_v0,random_dropout_mcar_50,random_value_dropout,core,20260612,observable_no_current_chla,test,2,Chl_prev,4710,2206,0.4683651804670913
mifal_controlled_degradation_v0,random_dropout_mcar_50,random_value_dropout,core,20260612,observable_no_current_chla,test,3,Tw,4757,1186,0.2493167963001892
mifal_controlled_degradation_v0,random_dropout_mcar_50,random_value_dropout,core,20260612,observable_no_current_chla,test,3,TP,4757,2233,0.4694134959007778
mifal_controlled_degradation_v0,random_dropout_mcar_50,random_value_dropout,core,20260612,observable_no_current_chla,test,3,TN,4757,1636,0.34391423165860835
mifal_controlled_degradation_v0,random_dropout_mcar_50,random_value_dropout,core,20260612,observable_no_current_chla,test,3,Secchi,4757,2130,0.44776119402985076
mifal_controlled_degradation_v0,random_dropout_mcar_50,random_value_dropout,core,20260612,observable_no_current_chla,test,3,Turb,4757,1118,0.23502207273491696
mifal_controlled_degradation_v0,random_dropout_mcar_50,random_value_dropout,core,20260612,observable_no_current_chla,test,3,DOb,4757,1125,0.23649358839604792
mifal_controlled_degradation_v0,random_dropout_mcar_50,random_value_dropout,core,20260612,observable_no_current_chla,test,3,Chl,4757,0,0.0
mifal_controlled_degradation_v0,random_dropout_mcar_50,random_value_dropout,core,20260612,observable_no_current_chla,test,3,Chl_prev,4757,2123,0.4462896783687198
mifal_controlled_degradation_v0,random_dropout_mcar_50,random_value_dropout,core,20260612,observable_no_current_chla,validation,1,Tw,3049,736,0.24139061987536897
mifal_controlled_degradation_v0,random_dropout_mcar_50,random_value_dropout,core,20260612,observable_no_current_chla,validation,1,TP,3049,1221,0.40045916693998035
mifal_controlled_degradation_v0,random_dropout_mcar_50,random_value_dropout,core,20260612,observable_no_current_chla,validation,1,TN,3049,960,0.3148573302722204
mifal_controlled_degradation_v0,random_dropout_mcar_50,random_value_dropout,core,20260612,observable_no_current_chla,validation,1,Secchi,3049,1362,0.4467038373237127
mifal_controlled_degradation_v0,random_dropout_mcar_50,random_value_dropout,core,20260612,observable_no_current_chla,validation,1,Turb,3049,668,0.21908822564775335
mifal_controlled_degradation_v0,random_dropout_mcar_50,random_value_dropout,core,20260612,observable_no_current_chla,validation,1,DOb,3049,672,0.2204001311905543
mifal_controlled_degradation_v0,random_dropout_mcar_50,random_value_dropout,core,20260612,observable_no_current_chla,validation,1,Chl,3049,0,0.0
mifal_controlled_degradation_v0,random_dropout_mcar_50,random_value_dropout,core,20260612,observable_no_current_chla,validation,1,Chl_prev,3049,1304,0.42768120695309936
mifal_controlled_degradation_v0,random_dropout_mcar_50,random_value_dropout,core,20260612,observable_no_current_chla,validation,2,Tw,3158,693,0.2194426852438252
mifal_controlled_degradation_v0,random_dropout_mcar_50,random_value_dropout,core,20260612,observable_no_current_chla,validation,2,TP,3158,1356,0.42938568714376185
mifal_controlled_degradation_v0,random_dropout_mcar_50,random_value_dropout,core,20260612,observable_no_current_chla,validation,2,TN,3158,963,0.304939835338822
mifal_controlled_degradation_v0,random_dropout_mcar_50,random_value_dropout,core,20260612,observable_no_current_chla,validation,2,Secchi,3158,1408,0.44585180493983534
mifal_controlled_degradation_v0,random_dropout_mcar_50,random_value_dropout,core,20260612,observable_no_current_chla,validation,2,Turb,3158,687,0.2175427485750475
mifal_controlled_degradation_v0,random_dropout_mcar_50,random_value_dropout,core,20260612,observable_no_current_chla,validation,2,DOb,3158,692,0.21912602913236226
mifal_controlled_degradation_v0,random_dropout_mcar_50,random_value_dropout,core,20260612,observable_no_current_chla,validation,2,Chl,3158,0,0.0
mifal_controlled_degradation_v0,random_dropout_mcar_50,random_value_dropout,core,20260612,observable_no_current_chla,validation,2,Chl_prev,3158,1295,0.41006966434452186
mifal_controlled_degradation_v0,random_dropout_mcar_50,random_value_dropout,core,20260612,observable_no_current_chla,validation,3,Tw,3184,663,0.2082286432160804
mifal_controlled_degradation_v0,random_dropout_mcar_50,random_value_dropout,core,20260612,observable_no_current_chla,validation,3,TP,3184,1352,0.42462311557788945
mifal_controlled_degradation_v0,random_dropout_mcar_50,random_value_dropout,core,20260612,observable_no_current_chla,validation,3,TN,3184,1022,0.32097989949748745
mifal_controlled_degradation_v0,random_dropout_mcar_50,random_value_dropout,core,20260612,observable_no_current_chla,validation,3,Secchi,3184,1426,0.4478643216080402
mifal_controlled_degradation_v0,random_dropout_mcar_50,random_value_dropout,core,20260612,observable_no_current_chla,validation,3,Turb,3184,683,0.21451005025125627
mifal_controlled_degradation_v0,random_dropout_mcar_50,random_value_dropout,core,20260612,observable_no_current_chla,validation,3,DOb,3184,643,0.20194723618090452
mifal_controlled_degradation_v0,random_dropout_mcar_50,random_value_dropout,core,20260612,observable_no_current_chla,validation,3,Chl,3184,0,0.0
mifal_controlled_degradation_v0,random_dropout_mcar_50,random_value_dropout,core,20260612,observable_no_current_chla,validation,3,Chl_prev,3184,1196,0.3756281407035176
mifal_controlled_degradation_v0,random_dropout_mcar_50,random_value_dropout,core,20260613,observable_no_current_chla,test,1,Tw,4673,1166,0.24951851059276695
mifal_controlled_degradation_v0,random_dropout_mcar_50,random_value_dropout,core,20260613,observable_no_current_chla,test,1,TP,4673,2096,0.4485341322490905
mifal_controlled_degradation_v0,random_dropout_mcar_50,random_value_dropout,core,20260613,observable_no_current_chla,test,1,TN,4673,1594,0.34110849561309653
mifal_controlled_degradation_v0,random_dropout_mcar_50,random_value_dropout,core,20260613,observable_no_current_chla,test,1,Secchi,4673,2172,0.46479777444896214
mifal_controlled_degradation_v0,random_dropout_mcar_50,random_value_dropout,core,20260613,observable_no_current_chla,test,1,Turb,4673,1087,0.23261288251658463
mifal_controlled_degradation_v0,random_dropout_mcar_50,random_value_dropout,core,20260613,observable_no_current_chla,test,1,DOb,4673,1111,0.2377487695270704
mifal_controlled_degradation_v0,random_dropout_mcar_50,random_value_dropout,core,20260613,observable_no_current_chla,test,1,Chl,4673,0,0.0
mifal_controlled_degradation_v0,random_dropout_mcar_50,random_value_dropout,core,20260613,observable_no_current_chla,test,1,Chl_prev,4673,2229,0.4769955060988658
mifal_controlled_degradation_v0,random_dropout_mcar_50,random_value_dropout,core,20260613,observable_no_current_chla,test,2,Tw,4710,1172,0.24883227176220807
mifal_controlled_degradation_v0,random_dropout_mcar_50,random_value_dropout,core,20260613,observable_no_current_chla,test,2,TP,4710,2164,0.459447983014862
mifal_controlled_degradation_v0,random_dropout_mcar_50,random_value_dropout,core,20260613,observable_no_current_chla,test,2,TN,4710,1624,0.34479830148619955
mifal_controlled_degradation_v0,random_dropout_mcar_50,random_value_dropout,core,20260613,observable_no_current_chla,test,2,Secchi,4710,2189,0.46475583864118897
mifal_controlled_degradation_v0,random_dropout_mcar_50,random_value_dropout,core,20260613,observable_no_current_chla,test,2,Turb,4710,1121,0.23800424628450106
mifal_controlled_degradation_v0,random_dropout_mcar_50,random_value_dropout,core,20260613,observable_no_current_chla,test,2,DOb,4710,1131,0.24012738853503185
mifal_controlled_degradation_v0,random_dropout_mcar_50,random_value_dropout,core,20260613,observable_no_current_chla,test,2,Chl,4710,0,0.0
mifal_controlled_degradation_v0,random_dropout_mcar_50,random_value_dropout,core,20260613,observable_no_current_chla,test,2,Chl_prev,4710,2200,0.46709129511677283
mifal_controlled_degradation_v0,random_dropout_mcar_50,random_value_dropout,core,20260613,observable_no_current_chla,test,3,Tw,4757,1148,0.24132856842547823
mifal_controlled_degradation_v0,random_dropout_mcar_50,random_value_dropout,core,20260613,observable_no_current_chla,test,3,TP,4757,2181,0.45848223670380495
mifal_controlled_degradation_v0,random_dropout_mcar_50,random_value_dropout,core,20260613,observable_no_current_chla,test,3,TN,4757,1656,0.34811856211898257
mifal_controlled_degradation_v0,random_dropout_mcar_50,random_value_dropout,core,20260613,observable_no_current_chla,test,3,Secchi,4757,2134,0.4486020601219256
mifal_controlled_degradation_v0,random_dropout_mcar_50,random_value_dropout,core,20260613,observable_no_current_chla,test,3,Turb,4757,1128,0.23712423796510407
mifal_controlled_degradation_v0,random_dropout_mcar_50,random_value_dropout,core,20260613,observable_no_current_chla,test,3,DOb,4757,1143,0.2402774858103847
mifal_controlled_degradation_v0,random_dropout_mcar_50,random_value_dropout,core,20260613,observable_no_current_chla,test,3,Chl,4757,0,0.0
mifal_controlled_degradation_v0,random_dropout_mcar_50,random_value_dropout,core,20260613,observable_no_current_chla,test,3,Chl_prev,4757,2156,0.45322682362833716
mifal_controlled_degradation_v0,random_dropout_mcar_50,random_value_dropout,core,20260613,observable_no_current_chla,validation,1,Tw,3049,702,0.23023942276156117
mifal_controlled_degradation_v0,random_dropout_mcar_50,random_value_dropout,core,20260613,observable_no_current_chla,validation,1,TP,3049,1274,0.4178419153820925
mifal_controlled_degradation_v0,random_dropout_mcar_50,random_value_dropout,core,20260613,observable_no_current_chla,validation,1,TN,3049,952,0.31223351918661857
mifal_controlled_degradation_v0,random_dropout_mcar_50,random_value_dropout,core,20260613,observable_no_current_chla,validation,1,Secchi,3049,1337,0.43850442768120695
mifal_controlled_degradation_v0,random_dropout_mcar_50,random_value_dropout,core,20260613,observable_no_current_chla,validation,1,Turb,3049,698,0.22892751721876026
mifal_controlled_degradation_v0,random_dropout_mcar_50,random_value_dropout,core,20260613,observable_no_current_chla,validation,1,DOb,3049,714,0.23417513938996393
mifal_controlled_degradation_v0,random_dropout_mcar_50,random_value_dropout,core,20260613,observable_no_current_chla,validation,1,Chl,3049,0,0.0
mifal_controlled_degradation_v0,random_dropout_mcar_50,random_value_dropout,core,20260613,observable_no_current_chla,validation,1,Chl_prev,3049,1296,0.4250573958674975
mifal_controlled_degradation_v0,random_dropout_mcar_50,random_value_dropout,core,20260613,observable_no_current_chla,validation,2,Tw,3158,691,0.2188093730208993
mifal_controlled_degradation_v0,random_dropout_mcar_50,random_value_dropout,core,20260613,observable_no_current_chla,validation,2,TP,3158,1311,0.4151361621279291
mifal_controlled_degradation_v0,random_dropout_mcar_50,random_value_dropout,core,20260613,observable_no_current_chla,validation,2,TN,3158,993,0.3144395186827106
mifal_controlled_degradation_v0,random_dropout_mcar_50,random_value_dropout,core,20260613,observable_no_current_chla,validation,2,Secchi,3158,1449,0.45883470550981637
mifal_controlled_degradation_v0,random_dropout_mcar_50,random_value_dropout,core,20260613,observable_no_current_chla,validation,2,Turb,3158,686,0.21722609246358454
mifal_controlled_degradation_v0,random_dropout_mcar_50,random_value_dropout,core,20260613,observable_no_current_chla,validation,2,DOb,3158,681,0.2156428119062698
mifal_controlled_degradation_v0,random_dropout_mcar_50,random_value_dropout,core,20260613,observable_no_current_chla,validation,2,Chl,3158,0,0.0
mifal_controlled_degradation_v0,random_dropout_mcar_50,random_value_dropout,core,20260613,observable_no_current_chla,validation,2,Chl_prev,3158,1275,0.40373654211526283
mifal_controlled_degradation_v0,random_dropout_mcar_50,random_value_dropout,core,20260613,observable_no_current_chla,validation,3,Tw,3184,718,0.22550251256281406
mifal_controlled_degradation_v0,random_dropout_mcar_50,random_value_dropout,core,20260613,observable_no_current_chla,validation,3,TP,3184,1385,0.43498743718592964
mifal_controlled_degradation_v0,random_dropout_mcar_50,random_value_dropout,core,20260613,observable_no_current_chla,validation,3,TN,3184,1029,0.32317839195979897
mifal_controlled_degradation_v0,random_dropout_mcar_50,random_value_dropout,core,20260613,observable_no_current_chla,validation,3,Secchi,3184,1438,0.45163316582914576
mifal_controlled_degradation_v0,random_dropout_mcar_50,random_value_dropout,core,20260613,observable_no_current_chla,validation,3,Turb,3184,640,0.20100502512562815
mifal_controlled_degradation_v0,random_dropout_mcar_50,random_value_dropout,core,20260613,observable_no_current_chla,validation,3,DOb,3184,681,0.2138819095477387
mifal_controlled_degradation_v0,random_dropout_mcar_50,random_value_dropout,core,20260613,observable_no_current_chla,validation,3,Chl,3184,0,0.0
mifal_controlled_degradation_v0,random_dropout_mcar_50,random_value_dropout,core,20260613,observable_no_current_chla,validation,3,Chl_prev,3184,1165,0.36589195979899497
mifal_controlled_degradation_v0,random_dropout_mcar_50,random_value_dropout,core,20260614,observable_no_current_chla,test,1,Tw,4673,1120,0.23967472715600258
mifal_controlled_degradation_v0,random_dropout_mcar_50,random_value_dropout,core,20260614,observable_no_current_chla,test,1,TP,4673,2159,0.4620158356516157
mifal_controlled_degradation_v0,random_dropout_mcar_50,random_value_dropout,core,20260614,observable_no_current_chla,test,1,TN,4673,1593,0.34089450032099294
mifal_controlled_degradation_v0,random_dropout_mcar_50,random_value_dropout,core,20260614,observable_no_current_chla,test,1,Secchi,4673,2154,0.4609458591910978
mifal_controlled_degradation_v0,random_dropout_mcar_50,random_value_dropout,core,20260614,observable_no_current_chla,test,1,Turb,4673,1049,0.22448106141664884
mifal_controlled_degradation_v0,random_dropout_mcar_50,random_value_dropout,core,20260614,observable_no_current_chla,test,1,DOb,4673,1075,0.23004493901134174
mifal_controlled_degradation_v0,random_dropout_mcar_50,random_value_dropout,core,20260614,observable_no_current_chla,test,1,Chl,4673,0,0.0
mifal_controlled_degradation_v0,random_dropout_mcar_50,random_value_dropout,core,20260614,observable_no_current_chla,test,1,Chl_prev,4673,2250,0.4814894072330409
mifal_controlled_degradation_v0,random_dropout_mcar_50,random_value_dropout,core,20260614,observable_no_current_chla,test,2,Tw,4710,1165,0.24734607218683652
mifal_controlled_degradation_v0,random_dropout_mcar_50,random_value_dropout,core,20260614,observable_no_current_chla,test,2,TP,4710,2121,0.45031847133757963
mifal_controlled_degradation_v0,random_dropout_mcar_50,random_value_dropout,core,20260614,observable_no_current_chla,test,2,TN,4710,1587,0.33694267515923565
mifal_controlled_degradation_v0,random_dropout_mcar_50,random_value_dropout,core,20260614,observable_no_current_chla,test,2,Secchi,4710,2156,0.4577494692144374
mifal_controlled_degradation_v0,random_dropout_mcar_50,random_value_dropout,core,20260614,observable_no_current_chla,test,2,Turb,4710,1092,0.2318471337579618
mifal_controlled_degradation_v0,random_dropout_mcar_50,random_value_dropout,core,20260614,observable_no_current_chla,test,2,DOb,4710,1150,0.24416135881104034
mifal_controlled_degradation_v0,random_dropout_mcar_50,random_value_dropout,core,20260614,observable_no_current_chla,test,2,Chl,4710,0,0.0
mifal_controlled_degradation_v0,random_dropout_mcar_50,random_value_dropout,core,20260614,observable_no_current_chla,test,2,Chl_prev,4710,2218,0.47091295116772824
mifal_controlled_degradation_v0,random_dropout_mcar_50,random_value_dropout,core,20260614,observable_no_current_chla,test,3,Tw,4757,1173,0.246583981500946
mifal_controlled_degradation_v0,random_dropout_mcar_50,random_value_dropout,core,20260614,observable_no_current_chla,test,3,TP,4757,2217,0.4660500315324784
mifal_controlled_degradation_v0,random_dropout_mcar_50,random_value_dropout,core,20260614,observable_no_current_chla,test,3,TN,4757,1690,0.35526592390161865
mifal_controlled_degradation_v0,random_dropout_mcar_50,random_value_dropout,core,20260614,observable_no_current_chla,test,3,Secchi,4757,2113,0.44418751313853266
mifal_controlled_degradation_v0,random_dropout_mcar_50,random_value_dropout,core,20260614,observable_no_current_chla,test,3,Turb,4757,1112,0.23376077359680472
mifal_controlled_degradation_v0,random_dropout_mcar_50,random_value_dropout,core,20260614,observable_no_current_chla,test,3,DOb,4757,1118,0.23502207273491696
mifal_controlled_degradation_v0,random_dropout_mcar_50,random_value_dropout,core,20260614,observable_no_current_chla,test,3,Chl,4757,0,0.0
mifal_controlled_degradation_v0,random_dropout_mcar_50,random_value_dropout,core,20260614,observable_no_current_chla,test,3,Chl_prev,4757,2126,0.4469203279377759
mifal_controlled_degradation_v0,random_dropout_mcar_50,random_value_dropout,core,20260614,observable_no_current_chla,validation,1,Tw,3049,716,0.23483109216136439
mifal_controlled_degradation_v0,random_dropout_mcar_50,random_value_dropout,core,20260614,observable_no_current_chla,validation,1,TP,3049,1248,0.4093145293538865
mifal_controlled_degradation_v0,random_dropout_mcar_50,random_value_dropout,core,20260614,observable_no_current_chla,validation,1,TN,3049,972,0.31879304690062316
mifal_controlled_degradation_v0,random_dropout_mcar_50,random_value_dropout,core,20260614,observable_no_current_chla,validation,1,Secchi,3049,1386,0.4545752705805182
mifal_controlled_degradation_v0,random_dropout_mcar_50,random_value_dropout,core,20260614,observable_no_current_chla,validation,1,Turb,3049,648,0.21252869793374876
mifal_controlled_degradation_v0,random_dropout_mcar_50,random_value_dropout,core,20260614,observable_no_current_chla,validation,1,DOb,3049,690,0.22630370613315842
mifal_controlled_degradation_v0,random_dropout_mcar_50,random_value_dropout,core,20260614,observable_no_current_chla,validation,1,Chl,3049,0,0.0
mifal_controlled_degradation_v0,random_dropout_mcar_50,random_value_dropout,core,20260614,observable_no_current_chla,validation,1,Chl_prev,3049,1297,0.4253853722531978
mifal_controlled_degradation_v0,random_dropout_mcar_50,random_value_dropout,core,20260614,observable_no_current_chla,validation,2,Tw,3158,710,0.2248258391386954
mifal_controlled_degradation_v0,random_dropout_mcar_50,random_value_dropout,core,20260614,observable_no_current_chla,validation,2,TP,3158,1337,0.4233692210259658
mifal_controlled_degradation_v0,random_dropout_mcar_50,random_value_dropout,core,20260614,observable_no_current_chla,validation,2,TN,3158,1019,0.3226725775807473
mifal_controlled_degradation_v0,random_dropout_mcar_50,random_value_dropout,core,20260614,observable_no_current_chla,validation,2,Secchi,3158,1435,0.45440151994933503
mifal_controlled_degradation_v0,random_dropout_mcar_50,random_value_dropout,core,20260614,observable_no_current_chla,validation,2,Turb,3158,656,0.207726409119696
mifal_controlled_degradation_v0,random_dropout_mcar_50,random_value_dropout,core,20260614,observable_no_current_chla,validation,2,DOb,3158,696,0.22039265357821405
mifal_controlled_degradation_v0,random_dropout_mcar_50,random_value_dropout,core,20260614,observable_no_current_chla,validation,2,Chl,3158,0,0.0
mifal_controlled_degradation_v0,random_dropout_mcar_50,random_value_dropout,core,20260614,observable_no_current_chla,validation,2,Chl_prev,3158,1238,0.39202026599113365
mifal_controlled_degradation_v0,random_dropout_mcar_50,random_value_dropout,core,20260614,observable_no_current_chla,validation,3,Tw,3184,692,0.21733668341708542
mifal_controlled_degradation_v0,random_dropout_mcar_50,random_value_dropout,core,20260614,observable_no_current_chla,validation,3,TP,3184,1369,0.42996231155778897
mifal_controlled_degradation_v0,random_dropout_mcar_50,random_value_dropout,core,20260614,observable_no_current_chla,validation,3,TN,3184,1018,0.31972361809045224
mifal_controlled_degradation_v0,random_dropout_mcar_50,random_value_dropout,core,20260614,observable_no_current_chla,validation,3,Secchi,3184,1369,0.42996231155778897
mifal_controlled_degradation_v0,random_dropout_mcar_50,random_value_dropout,core,20260614,observable_no_current_chla,validation,3,Turb,3184,678,0.2129396984924623
mifal_controlled_degradation_v0,random_dropout_mcar_50,random_value_dropout,core,20260614,observable_no_current_chla,validation,3,DOb,3184,691,0.21702261306532664
mifal_controlled_degradation_v0,random_dropout_mcar_50,random_value_dropout,core,20260614,observable_no_current_chla,validation,3,Chl,3184,0,0.0
mifal_controlled_degradation_v0,random_dropout_mcar_50,random_value_dropout,core,20260614,observable_no_current_chla,validation,3,Chl_prev,3184,1215,0.38159547738693467
mifal_controlled_degradation_v0,temporal_blocks_1m_rate_10,temporal_block_missingness,core,20260612,observable_no_current_chla,test,1,Tw,4673,2264,0.4844853413224909
mifal_controlled_degradation_v0,temporal_blocks_1m_rate_10,temporal_block_missingness,core,20260612,observable_no_current_chla,test,1,TP,4673,4249,0.9092659961480848
mifal_controlled_degradation_v0,temporal_blocks_1m_rate_10,temporal_block_missingness,core,20260612,observable_no_current_chla,test,1,TN,4673,3149,0.6738711748341536
mifal_controlled_degradation_v0,temporal_blocks_1m_rate_10,temporal_block_missingness,core,20260612,observable_no_current_chla,test,1,Secchi,4673,4230,0.9052000855981168
mifal_controlled_degradation_v0,temporal_blocks_1m_rate_10,temporal_block_missingness,core,20260612,observable_no_current_chla,test,1,Turb,4673,2188,0.4682216991226193
mifal_controlled_degradation_v0,temporal_blocks_1m_rate_10,temporal_block_missingness,core,20260612,observable_no_current_chla,test,1,DOb,4673,2201,0.47100363791996575
mifal_controlled_degradation_v0,temporal_blocks_1m_rate_10,temporal_block_missingness,core,20260612,observable_no_current_chla,test,1,Chl,4673,0,0.0
mifal_controlled_degradation_v0,temporal_blocks_1m_rate_10,temporal_block_missingness,core,20260612,observable_no_current_chla,test,1,Chl_prev,4673,4389,0.939225337042585
mifal_controlled_degradation_v0,temporal_blocks_1m_rate_10,temporal_block_missingness,core,20260612,observable_no_current_chla,test,2,Tw,4710,2300,0.4883227176220807
mifal_controlled_degradation_v0,temporal_blocks_1m_rate_10,temporal_block_missingness,core,20260612,observable_no_current_chla,test,2,TP,4710,4282,0.9091295116772824
mifal_controlled_degradation_v0,temporal_blocks_1m_rate_10,temporal_block_missingness,core,20260612,observable_no_current_chla,test,2,TN,4710,3177,0.6745222929936305
mifal_controlled_degradation_v0,temporal_blocks_1m_rate_10,temporal_block_missingness,core,20260612,observable_no_current_chla,test,2,Secchi,4710,4242,0.9006369426751593
mifal_controlled_degradation_v0,temporal_blocks_1m_rate_10,temporal_block_missingness,core,20260612,observable_no_current_chla,test,2,Turb,4710,2226,0.4726114649681529
mifal_controlled_degradation_v0,temporal_blocks_1m_rate_10,temporal_block_missingness,core,20260612,observable_no_current_chla,test,2,DOb,4710,2238,0.4751592356687898
mifal_controlled_degradation_v0,temporal_blocks_1m_rate_10,temporal_block_missingness,core,20260612,observable_no_current_chla,test,2,Chl,4710,0,0.0
mifal_controlled_degradation_v0,temporal_blocks_1m_rate_10,temporal_block_missingness,core,20260612,observable_no_current_chla,test,2,Chl_prev,4710,4361,0.9259023354564756
mifal_controlled_degradation_v0,temporal_blocks_1m_rate_10,temporal_block_missingness,core,20260612,observable_no_current_chla,test,3,Tw,4757,2330,0.4898044986335926
mifal_controlled_degradation_v0,temporal_blocks_1m_rate_10,temporal_block_missingness,core,20260612,observable_no_current_chla,test,3,TP,4757,4357,0.9159133907925163
mifal_controlled_degradation_v0,temporal_blocks_1m_rate_10,temporal_block_missingness,core,20260612,observable_no_current_chla,test,3,TN,4757,3235,0.6800504519655245
mifal_controlled_degradation_v0,temporal_blocks_1m_rate_10,temporal_block_missingness,core,20260612,observable_no_current_chla,test,3,Secchi,4757,4262,0.8959428211057389
mifal_controlled_degradation_v0,temporal_blocks_1m_rate_10,temporal_block_missingness,core,20260612,observable_no_current_chla,test,3,Turb,4757,2279,0.4790834559596384
mifal_controlled_degradation_v0,temporal_blocks_1m_rate_10,temporal_block_missingness,core,20260612,observable_no_current_chla,test,3,DOb,4757,2265,0.4761404246373765
mifal_controlled_degradation_v0,temporal_blocks_1m_rate_10,temporal_block_missingness,core,20260612,observable_no_current_chla,test,3,Chl,4757,0,0.0
mifal_controlled_degradation_v0,temporal_blocks_1m_rate_10,temporal_block_missingness,core,20260612,observable_no_current_chla,test,3,Chl_prev,4757,4299,0.9037208324574312
mifal_controlled_degradation_v0,temporal_blocks_1m_rate_10,temporal_block_missingness,core,20260612,observable_no_current_chla,validation,1,Tw,3049,1394,0.45719908166612006
mifal_controlled_degradation_v0,temporal_blocks_1m_rate_10,temporal_block_missingness,core,20260612,observable_no_current_chla,validation,1,TP,3049,2473,0.8110856018366678
mifal_controlled_degradation_v0,temporal_blocks_1m_rate_10,temporal_block_missingness,core,20260612,observable_no_current_chla,validation,1,TN,3049,1884,0.6179075106592326
mifal_controlled_degradation_v0,temporal_blocks_1m_rate_10,temporal_block_missingness,core,20260612,observable_no_current_chla,validation,1,Secchi,3049,2680,0.8789767136766152
mifal_controlled_degradation_v0,temporal_blocks_1m_rate_10,temporal_block_missingness,core,20260612,observable_no_current_chla,validation,1,Turb,3049,1351,0.44309609708101017
mifal_controlled_degradation_v0,temporal_blocks_1m_rate_10,temporal_block_missingness,core,20260612,observable_no_current_chla,validation,1,DOb,3049,1358,0.4453919317809118
mifal_controlled_degradation_v0,temporal_blocks_1m_rate_10,temporal_block_missingness,core,20260612,observable_no_current_chla,validation,1,Chl,3049,0,0.0
mifal_controlled_degradation_v0,temporal_blocks_1m_rate_10,temporal_block_missingness,core,20260612,observable_no_current_chla,validation,1,Chl_prev,3049,2578,0.8455231223351919
mifal_controlled_degradation_v0,temporal_blocks_1m_rate_10,temporal_block_missingness,core,20260612,observable_no_current_chla,validation,2,Tw,3158,1388,0.4395186827105763
mifal_controlled_degradation_v0,temporal_blocks_1m_rate_10,temporal_block_missingness,core,20260612,observable_no_current_chla,validation,2,TP,3158,2597,0.8223559214692844
mifal_controlled_degradation_v0,temporal_blocks_1m_rate_10,temporal_block_missingness,core,20260612,observable_no_current_chla,validation,2,TN,3158,1991,0.6304623179227359
mifal_controlled_degradation_v0,temporal_blocks_1m_rate_10,temporal_block_missingness,core,20260612,observable_no_current_chla,validation,2,Secchi,3158,2785,0.8818872704243191
mifal_controlled_degradation_v0,temporal_blocks_1m_rate_10,temporal_block_missingness,core,20260612,observable_no_current_chla,validation,2,Turb,3158,1336,0.4230525649145028
mifal_controlled_degradation_v0,temporal_blocks_1m_rate_10,temporal_block_missingness,core,20260612,observable_no_current_chla,validation,2,DOb,3158,1353,0.42843571880937303
mifal_controlled_degradation_v0,temporal_blocks_1m_rate_10,temporal_block_missingness,core,20260612,observable_no_current_chla,validation,2,Chl,3158,0,0.0
mifal_controlled_degradation_v0,temporal_blocks_1m_rate_10,temporal_block_missingness,core,20260612,observable_no_current_chla,validation,2,Chl_prev,3158,2506,0.7935402153261558
mifal_controlled_degradation_v0,temporal_blocks_1m_rate_10,temporal_block_missingness,core,20260612,observable_no_current_chla,validation,3,Tw,3184,1372,0.43090452261306533
mifal_controlled_degradation_v0,temporal_blocks_1m_rate_10,temporal_block_missingness,core,20260612,observable_no_current_chla,validation,3,TP,3184,2635,0.8275753768844221
mifal_controlled_degradation_v0,temporal_blocks_1m_rate_10,temporal_block_missingness,core,20260612,observable_no_current_chla,validation,3,TN,3184,2024,0.635678391959799
mifal_controlled_degradation_v0,temporal_blocks_1m_rate_10,temporal_block_missingness,core,20260612,observable_no_current_chla,validation,3,Secchi,3184,2799,0.8790829145728644
mifal_controlled_degradation_v0,temporal_blocks_1m_rate_10,temporal_block_missingness,core,20260612,observable_no_current_chla,validation,3,Turb,3184,1314,0.4126884422110553
mifal_controlled_degradation_v0,temporal_blocks_1m_rate_10,temporal_block_missingness,core,20260612,observable_no_current_chla,validation,3,DOb,3184,1337,0.4199120603015075
mifal_controlled_degradation_v0,temporal_blocks_1m_rate_10,temporal_block_missingness,core,20260612,observable_no_current_chla,validation,3,Chl,3184,0,0.0
mifal_controlled_degradation_v0,temporal_blocks_1m_rate_10,temporal_block_missingness,core,20260612,observable_no_current_chla,validation,3,Chl_prev,3184,2392,0.7512562814070352
mifal_controlled_degradation_v0,temporal_blocks_1m_rate_10,temporal_block_missingness,core,20260613,observable_no_current_chla,test,1,Tw,4673,2271,0.4859833083672159
mifal_controlled_degradation_v0,temporal_blocks_1m_rate_10,temporal_block_missingness,core,20260613,observable_no_current_chla,test,1,TP,4673,4263,0.9122619302375348
mifal_controlled_degradation_v0,temporal_blocks_1m_rate_10,temporal_block_missingness,core,20260613,observable_no_current_chla,test,1,TN,4673,3162,0.6766531136315002
mifal_controlled_degradation_v0,temporal_blocks_1m_rate_10,temporal_block_missingness,core,20260613,observable_no_current_chla,test,1,Secchi,4673,4247,0.9088380055638776
mifal_controlled_degradation_v0,temporal_blocks_1m_rate_10,temporal_block_missingness,core,20260613,observable_no_current_chla,test,1,Turb,4673,2197,0.47014765675155146
mifal_controlled_degradation_v0,temporal_blocks_1m_rate_10,temporal_block_missingness,core,20260613,observable_no_current_chla,test,1,DOb,4673,2209,0.4727156002567944
mifal_controlled_degradation_v0,temporal_blocks_1m_rate_10,temporal_block_missingness,core,20260613,observable_no_current_chla,test,1,Chl,4673,0,0.0
mifal_controlled_degradation_v0,temporal_blocks_1m_rate_10,temporal_block_missingness,core,20260613,observable_no_current_chla,test,1,Chl_prev,4673,4407,0.9430772523004494
mifal_controlled_degradation_v0,temporal_blocks_1m_rate_10,temporal_block_missingness,core,20260613,observable_no_current_chla,test,2,Tw,4710,2308,0.4900212314225053
mifal_controlled_degradation_v0,temporal_blocks_1m_rate_10,temporal_block_missingness,core,20260613,observable_no_current_chla,test,2,TP,4710,4296,0.9121019108280255
mifal_controlled_degradation_v0,temporal_blocks_1m_rate_10,temporal_block_missingness,core,20260613,observable_no_current_chla,test,2,TN,4710,3191,0.6774946921443736
mifal_controlled_degradation_v0,temporal_blocks_1m_rate_10,temporal_block_missingness,core,20260613,observable_no_current_chla,test,2,Secchi,4710,4258,0.9040339702760085
mifal_controlled_degradation_v0,temporal_blocks_1m_rate_10,temporal_block_missingness,core,20260613,observable_no_current_chla,test,2,Turb,4710,2235,0.4745222929936306
mifal_controlled_degradation_v0,temporal_blocks_1m_rate_10,temporal_block_missingness,core,20260613,observable_no_current_chla,test,2,DOb,4710,2247,0.4770700636942675
mifal_controlled_degradation_v0,temporal_blocks_1m_rate_10,temporal_block_missingness,core,20260613,observable_no_current_chla,test,2,Chl,4710,0,0.0
mifal_controlled_degradation_v0,temporal_blocks_1m_rate_10,temporal_block_missingness,core,20260613,observable_no_current_chla,test,2,Chl_prev,4710,4380,0.9299363057324841
mifal_controlled_degradation_v0,temporal_blocks_1m_rate_10,temporal_block_missingness,core,20260613,observable_no_current_chla,test,3,Tw,4757,2342,0.49232709690981713
mifal_controlled_degradation_v0,temporal_blocks_1m_rate_10,temporal_block_missingness,core,20260613,observable_no_current_chla,test,3,TP,4757,4374,0.9194870716838344
mifal_controlled_degradation_v0,temporal_blocks_1m_rate_10,temporal_block_missingness,core,20260613,observable_no_current_chla,test,3,TN,4757,3251,0.6834139163338239
mifal_controlled_degradation_v0,temporal_blocks_1m_rate_10,temporal_block_missingness,core,20260613,observable_no_current_chla,test,3,Secchi,4757,4279,0.899516501997057
mifal_controlled_degradation_v0,temporal_blocks_1m_rate_10,temporal_block_missingness,core,20260613,observable_no_current_chla,test,3,Turb,4757,2292,0.48181627075888167
mifal_controlled_degradation_v0,temporal_blocks_1m_rate_10,temporal_block_missingness,core,20260613,observable_no_current_chla,test,3,DOb,4757,2278,0.4788732394366197
mifal_controlled_degradation_v0,temporal_blocks_1m_rate_10,temporal_block_missingness,core,20260613,observable_no_current_chla,test,3,Chl,4757,0,0.0
mifal_controlled_degradation_v0,temporal_blocks_1m_rate_10,temporal_block_missingness,core,20260613,observable_no_current_chla,test,3,Chl_prev,4757,4318,0.9077149463947867
mifal_controlled_degradation_v0,temporal_blocks_1m_rate_10,temporal_block_missingness,core,20260613,observable_no_current_chla,validation,1,Tw,3049,1399,0.4588389635946212
mifal_controlled_degradation_v0,temporal_blocks_1m_rate_10,temporal_block_missingness,core,20260613,observable_no_current_chla,validation,1,TP,3049,2466,0.8087897671367662
mifal_controlled_degradation_v0,temporal_blocks_1m_rate_10,temporal_block_missingness,core,20260613,observable_no_current_chla,validation,1,TN,3049,1878,0.6159396523450311
mifal_controlled_degradation_v0,temporal_blocks_1m_rate_10,temporal_block_missingness,core,20260613,observable_no_current_chla,validation,1,Secchi,3049,2675,0.8773368317481142
mifal_controlled_degradation_v0,temporal_blocks_1m_rate_10,temporal_block_missingness,core,20260613,observable_no_current_chla,validation,1,Turb,3049,1354,0.4440800262381109
mifal_controlled_degradation_v0,temporal_blocks_1m_rate_10,temporal_block_missingness,core,20260613,observable_no_current_chla,validation,1,DOb,3049,1363,0.4470318137094129
mifal_controlled_degradation_v0,temporal_blocks_1m_rate_10,temporal_block_missingness,core,20260613,observable_no_current_chla,validation,1,Chl,3049,0,0.0
mifal_controlled_degradation_v0,temporal_blocks_1m_rate_10,temporal_block_missingness,core,20260613,observable_no_current_chla,validation,1,Chl_prev,3049,2570,0.84289931124959
mifal_controlled_degradation_v0,temporal_blocks_1m_rate_10,temporal_block_missingness,core,20260613,observable_no_current_chla,validation,2,Tw,3158,1393,0.4411019632678911
mifal_controlled_degradation_v0,temporal_blocks_1m_rate_10,temporal_block_missingness,core,20260613,observable_no_current_chla,validation,2,TP,3158,2596,0.8220392653578215
mifal_controlled_degradation_v0,temporal_blocks_1m_rate_10,temporal_block_missingness,core,20260613,observable_no_current_chla,validation,2,TN,3158,1989,0.62982900569981
mifal_controlled_degradation_v0,temporal_blocks_1m_rate_10,temporal_block_missingness,core,20260613,observable_no_current_chla,validation,2,Secchi,3158,2783,0.8812539582013933
mifal_controlled_degradation_v0,temporal_blocks_1m_rate_10,temporal_block_missingness,core,20260613,observable_no_current_chla,validation,2,Turb,3158,1339,0.4240025332488917
mifal_controlled_degradation_v0,temporal_blocks_1m_rate_10,temporal_block_missingness,core,20260613,observable_no_current_chla,validation,2,DOb,3158,1358,0.4300189993666878
mifal_controlled_degradation_v0,temporal_blocks_1m_rate_10,temporal_block_missingness,core,20260613,observable_no_current_chla,validation,2,Chl,3158,0,0.0
mifal_controlled_degradation_v0,temporal_blocks_1m_rate_10,temporal_block_missingness,core,20260613,observable_no_current_chla,validation,2,Chl_prev,3158,2500,0.7916402786573781
mifal_controlled_degradation_v0,temporal_blocks_1m_rate_10,temporal_block_missingness,core,20260613,observable_no_current_chla,validation,3,Tw,3184,1376,0.4321608040201005
mifal_controlled_degradation_v0,temporal_blocks_1m_rate_10,temporal_block_missingness,core,20260613,observable_no_current_chla,validation,3,TP,3184,2631,0.8263190954773869
mifal_controlled_degradation_v0,temporal_blocks_1m_rate_10,temporal_block_missingness,core,20260613,observable_no_current_chla,validation,3,TN,3184,2022,0.6350502512562815
mifal_controlled_degradation_v0,temporal_blocks_1m_rate_10,temporal_block_missingness,core,20260613,observable_no_current_chla,validation,3,Secchi,3184,2795,0.8778266331658291
mifal_controlled_degradation_v0,temporal_blocks_1m_rate_10,temporal_block_missingness,core,20260613,observable_no_current_chla,validation,3,Turb,3184,1316,0.41331658291457285
mifal_controlled_degradation_v0,temporal_blocks_1m_rate_10,temporal_block_missingness,core,20260613,observable_no_current_chla,validation,3,DOb,3184,1341,0.4211683417085427
mifal_controlled_degradation_v0,temporal_blocks_1m_rate_10,temporal_block_missingness,core,20260613,observable_no_current_chla,validation,3,Chl,3184,0,0.0
mifal_controlled_degradation_v0,temporal_blocks_1m_rate_10,temporal_block_missingness,core,20260613,observable_no_current_chla,validation,3,Chl_prev,3184,2386,0.7493718592964824
mifal_controlled_degradation_v0,temporal_blocks_1m_rate_10,temporal_block_missingness,core,20260614,observable_no_current_chla,test,1,Tw,4673,2255,0.4825593836935587
mifal_controlled_degradation_v0,temporal_blocks_1m_rate_10,temporal_block_missingness,core,20260614,observable_no_current_chla,test,1,TP,4673,4245,0.9084100149796704
mifal_controlled_degradation_v0,temporal_blocks_1m_rate_10,temporal_block_missingness,core,20260614,observable_no_current_chla,test,1,TN,4673,3154,0.6749411512946715
mifal_controlled_degradation_v0,temporal_blocks_1m_rate_10,temporal_block_missingness,core,20260614,observable_no_current_chla,test,1,Secchi,4673,4233,0.9058420714744275
mifal_controlled_degradation_v0,temporal_blocks_1m_rate_10,temporal_block_missingness,core,20260614,observable_no_current_chla,test,1,Turb,4673,2181,0.4667237320778943
mifal_controlled_degradation_v0,temporal_blocks_1m_rate_10,temporal_block_missingness,core,20260614,observable_no_current_chla,test,1,DOb,4673,2193,0.46929167558313717
mifal_controlled_degradation_v0,temporal_blocks_1m_rate_10,temporal_block_missingness,core,20260614,observable_no_current_chla,test,1,Chl,4673,0,0.0
mifal_controlled_degradation_v0,temporal_blocks_1m_rate_10,temporal_block_missingness,core,20260614,observable_no_current_chla,test,1,Chl_prev,4673,4388,0.9390113417504815
mifal_controlled_degradation_v0,temporal_blocks_1m_rate_10,temporal_block_missingness,core,20260614,observable_no_current_chla,test,2,Tw,4710,2291,0.486411889596603
mifal_controlled_degradation_v0,temporal_blocks_1m_rate_10,temporal_block_missingness,core,20260614,observable_no_current_chla,test,2,TP,4710,4277,0.908067940552017
mifal_controlled_degradation_v0,temporal_blocks_1m_rate_10,temporal_block_missingness,core,20260614,observable_no_current_chla,test,2,TN,4710,3183,0.675796178343949
mifal_controlled_degradation_v0,temporal_blocks_1m_rate_10,temporal_block_missingness,core,20260614,observable_no_current_chla,test,2,Secchi,4710,4244,0.9010615711252654
mifal_controlled_degradation_v0,temporal_blocks_1m_rate_10,temporal_block_missingness,core,20260614,observable_no_current_chla,test,2,Turb,4710,2218,0.47091295116772824
mifal_controlled_degradation_v0,temporal_blocks_1m_rate_10,temporal_block_missingness,core,20260614,observable_no_current_chla,test,2,DOb,4710,2230,0.4734607218683652
mifal_controlled_degradation_v0,temporal_blocks_1m_rate_10,temporal_block_missingness,core,20260614,observable_no_current_chla,test,2,Chl,4710,0,0.0
mifal_controlled_degradation_v0,temporal_blocks_1m_rate_10,temporal_block_missingness,core,20260614,observable_no_current_chla,test,2,Chl_prev,4710,4360,0.9256900212314225
mifal_controlled_degradation_v0,temporal_blocks_1m_rate_10,temporal_block_missingness,core,20260614,observable_no_current_chla,test,3,Tw,4757,2324,0.48854319949548036
mifal_controlled_degradation_v0,temporal_blocks_1m_rate_10,temporal_block_missingness,core,20260614,observable_no_current_chla,test,3,TP,4757,4356,0.9157031742694975
mifal_controlled_degradation_v0,temporal_blocks_1m_rate_10,temporal_block_missingness,core,20260614,observable_no_current_chla,test,3,TN,4757,3244,0.6819424006726928
mifal_controlled_degradation_v0,temporal_blocks_1m_rate_10,temporal_block_missingness,core,20260614,observable_no_current_chla,test,3,Secchi,4757,4266,0.8967836871978138
mifal_controlled_degradation_v0,temporal_blocks_1m_rate_10,temporal_block_missingness,core,20260614,observable_no_current_chla,test,3,Turb,4757,2274,0.4780323733445449
mifal_controlled_degradation_v0,temporal_blocks_1m_rate_10,temporal_block_missingness,core,20260614,observable_no_current_chla,test,3,DOb,4757,2260,0.475089342022283
mifal_controlled_degradation_v0,temporal_blocks_1m_rate_10,temporal_block_missingness,core,20260614,observable_no_current_chla,test,3,Chl,4757,0,0.0
mifal_controlled_degradation_v0,temporal_blocks_1m_rate_10,temporal_block_missingness,core,20260614,observable_no_current_chla,test,3,Chl_prev,4757,4300,0.9039310489804498
mifal_controlled_degradation_v0,temporal_blocks_1m_rate_10,temporal_block_missingness,core,20260614,observable_no_current_chla,validation,1,Tw,3049,1396,0.4578550344375205
mifal_controlled_degradation_v0,temporal_blocks_1m_rate_10,temporal_block_missingness,core,20260614,observable_no_current_chla,validation,1,TP,3049,2467,0.8091177435224663
mifal_controlled_degradation_v0,temporal_blocks_1m_rate_10,temporal_block_missingness,core,20260614,observable_no_current_chla,validation,1,TN,3049,1882,0.617251557887832
mifal_controlled_degradation_v0,temporal_blocks_1m_rate_10,temporal_block_missingness,core,20260614,observable_no_current_chla,validation,1,Secchi,3049,2676,0.8776648081338143
mifal_controlled_degradation_v0,temporal_blocks_1m_rate_10,temporal_block_missingness,core,20260614,observable_no_current_chla,validation,1,Turb,3049,1352,0.4434240734667104
mifal_controlled_degradation_v0,temporal_blocks_1m_rate_10,temporal_block_missingness,core,20260614,observable_no_current_chla,validation,1,DOb,3049,1360,0.44604788455231226
mifal_controlled_degradation_v0,temporal_blocks_1m_rate_10,temporal_block_missingness,core,20260614,observable_no_current_chla,validation,1,Chl,3049,0,0.0
mifal_controlled_degradation_v0,temporal_blocks_1m_rate_10,temporal_block_missingness,core,20260614,observable_no_current_chla,validation,1,Chl_prev,3049,2574,0.844211216792391
mifal_controlled_degradation_v0,temporal_blocks_1m_rate_10,temporal_block_missingness,core,20260614,observable_no_current_chla,validation,2,Tw,3158,1390,0.4401519949335022
mifal_controlled_degradation_v0,temporal_blocks_1m_rate_10,temporal_block_missingness,core,20260614,observable_no_current_chla,validation,2,TP,3158,2599,0.8229892336922102
mifal_controlled_degradation_v0,temporal_blocks_1m_rate_10,temporal_block_missingness,core,20260614,observable_no_current_chla,validation,2,TN,3158,1993,0.6310956301456618
mifal_controlled_degradation_v0,temporal_blocks_1m_rate_10,temporal_block_missingness,core,20260614,observable_no_current_chla,validation,2,Secchi,3158,2786,0.8822039265357822
mifal_controlled_degradation_v0,temporal_blocks_1m_rate_10,temporal_block_missingness,core,20260614,observable_no_current_chla,validation,2,Turb,3158,1337,0.4233692210259658
mifal_controlled_degradation_v0,temporal_blocks_1m_rate_10,temporal_block_missingness,core,20260614,observable_no_current_chla,validation,2,DOb,3158,1355,0.42906903103229893
mifal_controlled_degradation_v0,temporal_blocks_1m_rate_10,temporal_block_missingness,core,20260614,observable_no_current_chla,validation,2,Chl,3158,0,0.0
mifal_controlled_degradation_v0,temporal_blocks_1m_rate_10,temporal_block_missingness,core,20260614,observable_no_current_chla,validation,2,Chl_prev,3158,2503,0.792590246991767
mifal_controlled_degradation_v0,temporal_blocks_1m_rate_10,temporal_block_missingness,core,20260614,observable_no_current_chla,validation,3,Tw,3184,1373,0.4312185929648241
mifal_controlled_degradation_v0,temporal_blocks_1m_rate_10,temporal_block_missingness,core,20260614,observable_no_current_chla,validation,3,TP,3184,2631,0.8263190954773869
mifal_controlled_degradation_v0,temporal_blocks_1m_rate_10,temporal_block_missingness,core,20260614,observable_no_current_chla,validation,3,TN,3184,2022,0.6350502512562815
mifal_controlled_degradation_v0,temporal_blocks_1m_rate_10,temporal_block_missingness,core,20260614,observable_no_current_chla,validation,3,Secchi,3184,2794,0.8775125628140703
mifal_controlled_degradation_v0,temporal_blocks_1m_rate_10,temporal_block_missingness,core,20260614,observable_no_current_chla,validation,3,Turb,3184,1314,0.4126884422110553
mifal_controlled_degradation_v0,temporal_blocks_1m_rate_10,temporal_block_missingness,core,20260614,observable_no_current_chla,validation,3,DOb,3184,1338,0.4202261306532663
mifal_controlled_degradation_v0,temporal_blocks_1m_rate_10,temporal_block_missingness,core,20260614,observable_no_current_chla,validation,3,Chl,3184,0,0.0
mifal_controlled_degradation_v0,temporal_blocks_1m_rate_10,temporal_block_missingness,core,20260614,observable_no_current_chla,validation,3,Chl_prev,3184,2386,0.7493718592964824
mifal_controlled_degradation_v0,temporal_blocks_3m_rate_10,temporal_block_missingness,core,20260612,observable_no_current_chla,test,1,Tw,4673,2233,0.4778514872672801
mifal_controlled_degradation_v0,temporal_blocks_3m_rate_10,temporal_block_missingness,core,20260612,observable_no_current_chla,test,1,TP,4673,4172,0.8927883586561096
mifal_controlled_degradation_v0,temporal_blocks_3m_rate_10,temporal_block_missingness,core,20260612,observable_no_current_chla,test,1,TN,4673,3085,0.6601754761395249
mifal_controlled_degradation_v0,temporal_blocks_3m_rate_10,temporal_block_missingness,core,20260612,observable_no_current_chla,test,1,Secchi,4673,4150,0.888080462229831
mifal_controlled_degradation_v0,temporal_blocks_3m_rate_10,temporal_block_missingness,core,20260612,observable_no_current_chla,test,1,Turb,4673,2157,0.4615878450674085
mifal_controlled_degradation_v0,temporal_blocks_3m_rate_10,temporal_block_missingness,core,20260612,observable_no_current_chla,test,1,DOb,4673,2172,0.46479777444896214
mifal_controlled_degradation_v0,temporal_blocks_3m_rate_10,temporal_block_missingness,core,20260612,observable_no_current_chla,test,1,Chl,4673,0,0.0
mifal_controlled_degradation_v0,temporal_blocks_3m_rate_10,temporal_block_missingness,core,20260612,observable_no_current_chla,test,1,Chl_prev,4673,4306,0.9214637277979885
mifal_controlled_degradation_v0,temporal_blocks_3m_rate_10,temporal_block_missingness,core,20260612,observable_no_current_chla,test,2,Tw,4710,2267,0.4813163481953291
mifal_controlled_degradation_v0,temporal_blocks_3m_rate_10,temporal_block_missingness,core,20260612,observable_no_current_chla,test,2,TP,4710,4203,0.8923566878980892
mifal_controlled_degradation_v0,temporal_blocks_3m_rate_10,temporal_block_missingness,core,20260612,observable_no_current_chla,test,2,TN,4710,3110,0.6602972399150743
mifal_controlled_degradation_v0,temporal_blocks_3m_rate_10,temporal_block_missingness,core,20260612,observable_no_current_chla,test,2,Secchi,4710,4161,0.8834394904458599
mifal_controlled_degradation_v0,temporal_blocks_3m_rate_10,temporal_block_missingness,core,20260612,observable_no_current_chla,test,2,Turb,4710,2193,0.4656050955414013
mifal_controlled_degradation_v0,temporal_blocks_3m_rate_10,temporal_block_missingness,core,20260612,observable_no_current_chla,test,2,DOb,4710,2207,0.4685774946921444
mifal_controlled_degradation_v0,temporal_blocks_3m_rate_10,temporal_block_missingness,core,20260612,observable_no_current_chla,test,2,Chl,4710,0,0.0
mifal_controlled_degradation_v0,temporal_blocks_3m_rate_10,temporal_block_missingness,core,20260612,observable_no_current_chla,test,2,Chl_prev,4710,4279,0.9084925690021232
mifal_controlled_degradation_v0,temporal_blocks_3m_rate_10,temporal_block_missingness,core,20260612,observable_no_current_chla,test,3,Tw,4757,2300,0.4834980029430313
mifal_controlled_degradation_v0,temporal_blocks_3m_rate_10,temporal_block_missingness,core,20260612,observable_no_current_chla,test,3,TP,4757,4279,0.899516501997057
mifal_controlled_degradation_v0,temporal_blocks_3m_rate_10,temporal_block_missingness,core,20260612,observable_no_current_chla,test,3,TN,4757,3168,0.665965944923271
mifal_controlled_degradation_v0,temporal_blocks_3m_rate_10,temporal_block_missingness,core,20260612,observable_no_current_chla,test,3,Secchi,4757,4182,0.8791254992642422
mifal_controlled_degradation_v0,temporal_blocks_3m_rate_10,temporal_block_missingness,core,20260612,observable_no_current_chla,test,3,Turb,4757,2249,0.4727769602690772
mifal_controlled_degradation_v0,temporal_blocks_3m_rate_10,temporal_block_missingness,core,20260612,observable_no_current_chla,test,3,DOb,4757,2237,0.47025436199285264
mifal_controlled_degradation_v0,temporal_blocks_3m_rate_10,temporal_block_missingness,core,20260612,observable_no_current_chla,test,3,Chl,4757,0,0.0
mifal_controlled_degradation_v0,temporal_blocks_3m_rate_10,temporal_block_missingness,core,20260612,observable_no_current_chla,test,3,Chl_prev,4757,4220,0.8871137271389531
mifal_controlled_degradation_v0,temporal_blocks_3m_rate_10,temporal_block_missingness,core,20260612,observable_no_current_chla,validation,1,Tw,3049,1362,0.4467038373237127
mifal_controlled_degradation_v0,temporal_blocks_3m_rate_10,temporal_block_missingness,core,20260612,observable_no_current_chla,validation,1,TP,3049,2426,0.7956707117087569
mifal_controlled_degradation_v0,temporal_blocks_3m_rate_10,temporal_block_missingness,core,20260612,observable_no_current_chla,validation,1,TN,3049,1845,0.6051164316169236
mifal_controlled_degradation_v0,temporal_blocks_3m_rate_10,temporal_block_missingness,core,20260612,observable_no_current_chla,validation,1,Secchi,3049,2631,0.8629058707773041
mifal_controlled_degradation_v0,temporal_blocks_3m_rate_10,temporal_block_missingness,core,20260612,observable_no_current_chla,validation,1,Turb,3049,1319,0.4326008527386028
mifal_controlled_degradation_v0,temporal_blocks_3m_rate_10,temporal_block_missingness,core,20260612,observable_no_current_chla,validation,1,DOb,3049,1327,0.43522466382420466
mifal_controlled_degradation_v0,temporal_blocks_3m_rate_10,temporal_block_missingness,core,20260612,observable_no_current_chla,validation,1,Chl,3049,0,0.0
mifal_controlled_degradation_v0,temporal_blocks_3m_rate_10,temporal_block_missingness,core,20260612,observable_no_current_chla,validation,1,Chl_prev,3049,2530,0.8297802558215809
mifal_controlled_degradation_v0,temporal_blocks_3m_rate_10,temporal_block_missingness,core,20260612,observable_no_current_chla,validation,2,Tw,3158,1358,0.4300189993666878
mifal_controlled_degradation_v0,temporal_blocks_3m_rate_10,temporal_block_missingness,core,20260612,observable_no_current_chla,validation,2,TP,3158,2550,0.8074730842305257
mifal_controlled_degradation_v0,temporal_blocks_3m_rate_10,temporal_block_missingness,core,20260612,observable_no_current_chla,validation,2,TN,3158,1952,0.6181127295756809
mifal_controlled_degradation_v0,temporal_blocks_3m_rate_10,temporal_block_missingness,core,20260612,observable_no_current_chla,validation,2,Secchi,3158,2738,0.8670044331855605
mifal_controlled_degradation_v0,temporal_blocks_3m_rate_10,temporal_block_missingness,core,20260612,observable_no_current_chla,validation,2,Turb,3158,1306,0.4135528815706143
mifal_controlled_degradation_v0,temporal_blocks_3m_rate_10,temporal_block_missingness,core,20260612,observable_no_current_chla,validation,2,DOb,3158,1324,0.41925269157694744
mifal_controlled_degradation_v0,temporal_blocks_3m_rate_10,temporal_block_missingness,core,20260612,observable_no_current_chla,validation,2,Chl,3158,0,0.0
mifal_controlled_degradation_v0,temporal_blocks_3m_rate_10,temporal_block_missingness,core,20260612,observable_no_current_chla,validation,2,Chl_prev,3158,2459,0.7786573780873971
mifal_controlled_degradation_v0,temporal_blocks_3m_rate_10,temporal_block_missingness,core,20260612,observable_no_current_chla,validation,3,Tw,3184,1346,0.42273869346733667
mifal_controlled_degradation_v0,temporal_blocks_3m_rate_10,temporal_block_missingness,core,20260612,observable_no_current_chla,validation,3,TP,3184,2591,0.8137562814070352
mifal_controlled_degradation_v0,temporal_blocks_3m_rate_10,temporal_block_missingness,core,20260612,observable_no_current_chla,validation,3,TN,3184,1987,0.6240577889447236
mifal_controlled_degradation_v0,temporal_blocks_3m_rate_10,temporal_block_missingness,core,20260612,observable_no_current_chla,validation,3,Secchi,3184,2756,0.8655778894472361
mifal_controlled_degradation_v0,temporal_blocks_3m_rate_10,temporal_block_missingness,core,20260612,observable_no_current_chla,validation,3,Turb,3184,1288,0.4045226130653266
mifal_controlled_degradation_v0,temporal_blocks_3m_rate_10,temporal_block_missingness,core,20260612,observable_no_current_chla,validation,3,DOb,3184,1312,0.4120603015075377
mifal_controlled_degradation_v0,temporal_blocks_3m_rate_10,temporal_block_missingness,core,20260612,observable_no_current_chla,validation,3,Chl,3184,0,0.0
mifal_controlled_degradation_v0,temporal_blocks_3m_rate_10,temporal_block_missingness,core,20260612,observable_no_current_chla,validation,3,Chl_prev,3184,2349,0.737751256281407
mifal_controlled_degradation_v0,temporal_blocks_3m_rate_10,temporal_block_missingness,core,20260613,observable_no_current_chla,test,1,Tw,4673,2260,0.4836293601540766
mifal_controlled_degradation_v0,temporal_blocks_3m_rate_10,temporal_block_missingness,core,20260613,observable_no_current_chla,test,1,TP,4673,4215,0.9019901562165632
mifal_controlled_degradation_v0,temporal_blocks_3m_rate_10,temporal_block_missingness,core,20260613,observable_no_current_chla,test,1,TN,4673,3122,0.6680933019473572
mifal_controlled_degradation_v0,temporal_blocks_3m_rate_10,temporal_block_missingness,core,20260613,observable_no_current_chla,test,1,Secchi,4673,4197,0.8981382409586989
mifal_controlled_degradation_v0,temporal_blocks_3m_rate_10,temporal_block_missingness,core,20260613,observable_no_current_chla,test,1,Turb,4673,2186,0.4677937085384122
mifal_controlled_degradation_v0,temporal_blocks_3m_rate_10,temporal_block_missingness,core,20260613,observable_no_current_chla,test,1,DOb,4673,2198,0.47036165204365504
mifal_controlled_degradation_v0,temporal_blocks_3m_rate_10,temporal_block_missingness,core,20260613,observable_no_current_chla,test,1,Chl,4673,0,0.0
mifal_controlled_degradation_v0,temporal_blocks_3m_rate_10,temporal_block_missingness,core,20260613,observable_no_current_chla,test,1,Chl_prev,4673,4358,0.9325914829873743
mifal_controlled_degradation_v0,temporal_blocks_3m_rate_10,temporal_block_missingness,core,20260613,observable_no_current_chla,test,2,Tw,4710,2297,0.48768577494692145
mifal_controlled_degradation_v0,temporal_blocks_3m_rate_10,temporal_block_missingness,core,20260613,observable_no_current_chla,test,2,TP,4710,4247,0.9016985138004247
mifal_controlled_degradation_v0,temporal_blocks_3m_rate_10,temporal_block_missingness,core,20260613,observable_no_current_chla,test,2,TN,4710,3150,0.6687898089171974
mifal_controlled_degradation_v0,temporal_blocks_3m_rate_10,temporal_block_missingness,core,20260613,observable_no_current_chla,test,2,Secchi,4710,4207,0.8932059447983015
mifal_controlled_degradation_v0,temporal_blocks_3m_rate_10,temporal_block_missingness,core,20260613,observable_no_current_chla,test,2,Turb,4710,2224,0.4721868365180467
mifal_controlled_degradation_v0,temporal_blocks_3m_rate_10,temporal_block_missingness,core,20260613,observable_no_current_chla,test,2,DOb,4710,2236,0.47473460721868366
mifal_controlled_degradation_v0,temporal_blocks_3m_rate_10,temporal_block_missingness,core,20260613,observable_no_current_chla,test,2,Chl,4710,0,0.0
mifal_controlled_degradation_v0,temporal_blocks_3m_rate_10,temporal_block_missingness,core,20260613,observable_no_current_chla,test,2,Chl_prev,4710,4330,0.9193205944798302
mifal_controlled_degradation_v0,temporal_blocks_3m_rate_10,temporal_block_missingness,core,20260613,observable_no_current_chla,test,3,Tw,4757,2331,0.4900147151566113
mifal_controlled_degradation_v0,temporal_blocks_3m_rate_10,temporal_block_missingness,core,20260613,observable_no_current_chla,test,3,TP,4757,4325,0.9091864620559176
mifal_controlled_degradation_v0,temporal_blocks_3m_rate_10,temporal_block_missingness,core,20260613,observable_no_current_chla,test,3,TN,4757,3210,0.6747950388900568
mifal_controlled_degradation_v0,temporal_blocks_3m_rate_10,temporal_block_missingness,core,20260613,observable_no_current_chla,test,3,Secchi,4757,4228,0.8887954593231028
mifal_controlled_degradation_v0,temporal_blocks_3m_rate_10,temporal_block_missingness,core,20260613,observable_no_current_chla,test,3,Turb,4757,2281,0.47950388900567587
mifal_controlled_degradation_v0,temporal_blocks_3m_rate_10,temporal_block_missingness,core,20260613,observable_no_current_chla,test,3,DOb,4757,2267,0.47656085768341394
mifal_controlled_degradation_v0,temporal_blocks_3m_rate_10,temporal_block_missingness,core,20260613,observable_no_current_chla,test,3,Chl,4757,0,0.0
mifal_controlled_degradation_v0,temporal_blocks_3m_rate_10,temporal_block_missingness,core,20260613,observable_no_current_chla,test,3,Chl_prev,4757,4268,0.8972041202438512
mifal_controlled_degradation_v0,temporal_blocks_3m_rate_10,temporal_block_missingness,core,20260613,observable_no_current_chla,validation,1,Tw,3049,1379,0.4522794358806166
mifal_controlled_degradation_v0,temporal_blocks_3m_rate_10,temporal_block_missingness,core,20260613,observable_no_current_chla,validation,1,TP,3049,2417,0.7927189242374549
mifal_controlled_degradation_v0,temporal_blocks_3m_rate_10,temporal_block_missingness,core,20260613,observable_no_current_chla,validation,1,TN,3049,1843,0.6044604788455231
mifal_controlled_degradation_v0,temporal_blocks_3m_rate_10,temporal_block_missingness,core,20260613,observable_no_current_chla,validation,1,Secchi,3049,2624,0.8606100360774024
mifal_controlled_degradation_v0,temporal_blocks_3m_rate_10,temporal_block_missingness,core,20260613,observable_no_current_chla,validation,1,Turb,3049,1334,0.43752049852410624
mifal_controlled_degradation_v0,temporal_blocks_3m_rate_10,temporal_block_missingness,core,20260613,observable_no_current_chla,validation,1,DOb,3049,1343,0.44047228599540833
mifal_controlled_degradation_v0,temporal_blocks_3m_rate_10,temporal_block_missingness,core,20260613,observable_no_current_chla,validation,1,Chl,3049,0,0.0
mifal_controlled_degradation_v0,temporal_blocks_3m_rate_10,temporal_block_missingness,core,20260613,observable_no_current_chla,validation,1,Chl_prev,3049,2519,0.8261725155788783
mifal_controlled_degradation_v0,temporal_blocks_3m_rate_10,temporal_block_missingness,core,20260613,observable_no_current_chla,validation,2,Tw,3158,1376,0.4357188093730209
mifal_controlled_degradation_v0,temporal_blocks_3m_rate_10,temporal_block_missingness,core,20260613,observable_no_current_chla,validation,2,TP,3158,2548,0.8068397720075997
mifal_controlled_degradation_v0,temporal_blocks_3m_rate_10,temporal_block_missingness,core,20260613,observable_no_current_chla,validation,2,TN,3158,1956,0.6193793540215327
mifal_controlled_degradation_v0,temporal_blocks_3m_rate_10,temporal_block_missingness,core,20260613,observable_no_current_chla,validation,2,Secchi,3158,2735,0.8660544648511717
mifal_controlled_degradation_v0,temporal_blocks_3m_rate_10,temporal_block_missingness,core,20260613,observable_no_current_chla,validation,2,Turb,3158,1322,0.41861937935402155
mifal_controlled_degradation_v0,temporal_blocks_3m_rate_10,temporal_block_missingness,core,20260613,observable_no_current_chla,validation,2,DOb,3158,1341,0.4246358454718176
mifal_controlled_degradation_v0,temporal_blocks_3m_rate_10,temporal_block_missingness,core,20260613,observable_no_current_chla,validation,2,Chl,3158,0,0.0
mifal_controlled_degradation_v0,temporal_blocks_3m_rate_10,temporal_block_missingness,core,20260613,observable_no_current_chla,validation,2,Chl_prev,3158,2453,0.7767574414186194
mifal_controlled_degradation_v0,temporal_blocks_3m_rate_10,temporal_block_missingness,core,20260613,observable_no_current_chla,validation,3,Tw,3184,1361,0.4274497487437186
mifal_controlled_degradation_v0,temporal_blocks_3m_rate_10,temporal_block_missingness,core,20260613,observable_no_current_chla,validation,3,TP,3184,2583,0.8112437185929648
mifal_controlled_degradation_v0,temporal_blocks_3m_rate_10,temporal_block_missingness,core,20260613,observable_no_current_chla,validation,3,TN,3184,1988,0.6243718592964824
mifal_controlled_degradation_v0,temporal_blocks_3m_rate_10,temporal_block_missingness,core,20260613,observable_no_current_chla,validation,3,Secchi,3184,2747,0.862751256281407
mifal_controlled_degradation_v0,temporal_blocks_3m_rate_10,temporal_block_missingness,core,20260613,observable_no_current_chla,validation,3,Turb,3184,1301,0.40860552763819097
mifal_controlled_degradation_v0,temporal_blocks_3m_rate_10,temporal_block_missingness,core,20260613,observable_no_current_chla,validation,3,DOb,3184,1326,0.4164572864321608
mifal_controlled_degradation_v0,temporal_blocks_3m_rate_10,temporal_block_missingness,core,20260613,observable_no_current_chla,validation,3,Chl,3184,0,0.0
mifal_controlled_degradation_v0,temporal_blocks_3m_rate_10,temporal_block_missingness,core,20260613,observable_no_current_chla,validation,3,Chl_prev,3184,2340,0.7349246231155779
mifal_controlled_degradation_v0,temporal_blocks_3m_rate_10,temporal_block_missingness,core,20260614,observable_no_current_chla,test,1,Tw,4673,2228,0.47678151080676223
mifal_controlled_degradation_v0,temporal_blocks_3m_rate_10,temporal_block_missingness,core,20260614,observable_no_current_chla,test,1,TP,4673,4181,0.8947143162850417
mifal_controlled_degradation_v0,temporal_blocks_3m_rate_10,temporal_block_missingness,core,20260614,observable_no_current_chla,test,1,TN,4673,3111,0.6657393537342179
mifal_controlled_degradation_v0,temporal_blocks_3m_rate_10,temporal_block_missingness,core,20260614,observable_no_current_chla,test,1,Secchi,4673,4174,0.8932163492403167
mifal_controlled_degradation_v0,temporal_blocks_3m_rate_10,temporal_block_missingness,core,20260614,observable_no_current_chla,test,1,Turb,4673,2154,0.4609458591910978
mifal_controlled_degradation_v0,temporal_blocks_3m_rate_10,temporal_block_missingness,core,20260614,observable_no_current_chla,test,1,DOb,4673,2166,0.4635138026963407
mifal_controlled_degradation_v0,temporal_blocks_3m_rate_10,temporal_block_missingness,core,20260614,observable_no_current_chla,test,1,Chl,4673,0,0.0
mifal_controlled_degradation_v0,temporal_blocks_3m_rate_10,temporal_block_missingness,core,20260614,observable_no_current_chla,test,1,Chl_prev,4673,4327,0.9259576289321635
mifal_controlled_degradation_v0,temporal_blocks_3m_rate_10,temporal_block_missingness,core,20260614,observable_no_current_chla,test,2,Tw,4710,2263,0.4804670912951168
mifal_controlled_degradation_v0,temporal_blocks_3m_rate_10,temporal_block_missingness,core,20260614,observable_no_current_chla,test,2,TP,4710,4213,0.89447983014862
mifal_controlled_degradation_v0,temporal_blocks_3m_rate_10,temporal_block_missingness,core,20260614,observable_no_current_chla,test,2,TN,4710,3140,0.6666666666666666
mifal_controlled_degradation_v0,temporal_blocks_3m_rate_10,temporal_block_missingness,core,20260614,observable_no_current_chla,test,2,Secchi,4710,4185,0.8885350318471338
mifal_controlled_degradation_v0,temporal_blocks_3m_rate_10,temporal_block_missingness,core,20260614,observable_no_current_chla,test,2,Turb,4710,2190,0.46496815286624205
mifal_controlled_degradation_v0,temporal_blocks_3m_rate_10,temporal_block_missingness,core,20260614,observable_no_current_chla,test,2,DOb,4710,2202,0.467515923566879
mifal_controlled_degradation_v0,temporal_blocks_3m_rate_10,temporal_block_missingness,core,20260614,observable_no_current_chla,test,2,Chl,4710,0,0.0
mifal_controlled_degradation_v0,temporal_blocks_3m_rate_10,temporal_block_missingness,core,20260614,observable_no_current_chla,test,2,Chl_prev,4710,4300,0.9129511677282378
mifal_controlled_degradation_v0,temporal_blocks_3m_rate_10,temporal_block_missingness,core,20260614,observable_no_current_chla,test,3,Tw,4757,2297,0.4828673533739752
mifal_controlled_degradation_v0,temporal_blocks_3m_rate_10,temporal_block_missingness,core,20260614,observable_no_current_chla,test,3,TP,4757,4293,0.9024595333193189
mifal_controlled_degradation_v0,temporal_blocks_3m_rate_10,temporal_block_missingness,core,20260614,observable_no_current_chla,test,3,TN,4757,3201,0.6729030901828884
mifal_controlled_degradation_v0,temporal_blocks_3m_rate_10,temporal_block_missingness,core,20260614,observable_no_current_chla,test,3,Secchi,4757,4208,0.8845911288627286
mifal_controlled_degradation_v0,temporal_blocks_3m_rate_10,temporal_block_missingness,core,20260614,observable_no_current_chla,test,3,Turb,4757,2247,0.4723565272230397
mifal_controlled_degradation_v0,temporal_blocks_3m_rate_10,temporal_block_missingness,core,20260614,observable_no_current_chla,test,3,DOb,4757,2233,0.4694134959007778
mifal_controlled_degradation_v0,temporal_blocks_3m_rate_10,temporal_block_missingness,core,20260614,observable_no_current_chla,test,3,Chl,4757,0,0.0
mifal_controlled_degradation_v0,temporal_blocks_3m_rate_10,temporal_block_missingness,core,20260614,observable_no_current_chla,test,3,Chl_prev,4757,4240,0.8913180575993274
mifal_controlled_degradation_v0,temporal_blocks_3m_rate_10,temporal_block_missingness,core,20260614,observable_no_current_chla,validation,1,Tw,3049,1377,0.45162348310921613
mifal_controlled_degradation_v0,temporal_blocks_3m_rate_10,temporal_block_missingness,core,20260614,observable_no_current_chla,validation,1,TP,3049,2421,0.7940308297802559
mifal_controlled_degradation_v0,temporal_blocks_3m_rate_10,temporal_block_missingness,core,20260614,observable_no_current_chla,validation,1,TN,3049,1847,0.605772384388324
mifal_controlled_degradation_v0,temporal_blocks_3m_rate_10,temporal_block_missingness,core,20260614,observable_no_current_chla,validation,1,Secchi,3049,2627,0.8615939652345032
mifal_controlled_degradation_v0,temporal_blocks_3m_rate_10,temporal_block_missingness,core,20260614,observable_no_current_chla,validation,1,Turb,3049,1334,0.43752049852410624
mifal_controlled_degradation_v0,temporal_blocks_3m_rate_10,temporal_block_missingness,core,20260614,observable_no_current_chla,validation,1,DOb,3049,1341,0.43981633322400787
mifal_controlled_degradation_v0,temporal_blocks_3m_rate_10,temporal_block_missingness,core,20260614,observable_no_current_chla,validation,1,Chl,3049,0,0.0
mifal_controlled_degradation_v0,temporal_blocks_3m_rate_10,temporal_block_missingness,core,20260614,observable_no_current_chla,validation,1,Chl_prev,3049,2523,0.8274844211216792
mifal_controlled_degradation_v0,temporal_blocks_3m_rate_10,temporal_block_missingness,core,20260614,observable_no_current_chla,validation,2,Tw,3158,1372,0.4344521849271691
mifal_controlled_degradation_v0,temporal_blocks_3m_rate_10,temporal_block_missingness,core,20260614,observable_no_current_chla,validation,2,TP,3158,2552,0.8081063964534515
mifal_controlled_degradation_v0,temporal_blocks_3m_rate_10,temporal_block_missingness,core,20260614,observable_no_current_chla,validation,2,TN,3158,1957,0.6196960101329956
mifal_controlled_degradation_v0,temporal_blocks_3m_rate_10,temporal_block_missingness,core,20260614,observable_no_current_chla,validation,2,Secchi,3158,2736,0.8663711209626346
mifal_controlled_degradation_v0,temporal_blocks_3m_rate_10,temporal_block_missingness,core,20260614,observable_no_current_chla,validation,2,Turb,3158,1320,0.41798606713109565
mifal_controlled_degradation_v0,temporal_blocks_3m_rate_10,temporal_block_missingness,core,20260614,observable_no_current_chla,validation,2,DOb,3158,1337,0.4233692210259658
mifal_controlled_degradation_v0,temporal_blocks_3m_rate_10,temporal_block_missingness,core,20260614,observable_no_current_chla,validation,2,Chl,3158,0,0.0
mifal_controlled_degradation_v0,temporal_blocks_3m_rate_10,temporal_block_missingness,core,20260614,observable_no_current_chla,validation,2,Chl_prev,3158,2452,0.7764407853071564
mifal_controlled_degradation_v0,temporal_blocks_3m_rate_10,temporal_block_missingness,core,20260614,observable_no_current_chla,validation,3,Tw,3184,1355,0.4255653266331658
mifal_controlled_degradation_v0,temporal_blocks_3m_rate_10,temporal_block_missingness,core,20260614,observable_no_current_chla,validation,3,TP,3184,2585,0.8118718592964824
mifal_controlled_degradation_v0,temporal_blocks_3m_rate_10,temporal_block_missingness,core,20260614,observable_no_current_chla,validation,3,TN,3184,1987,0.6240577889447236
mifal_controlled_degradation_v0,temporal_blocks_3m_rate_10,temporal_block_missingness,core,20260614,observable_no_current_chla,validation,3,Secchi,3184,2745,0.8621231155778895
mifal_controlled_degradation_v0,temporal_blocks_3m_rate_10,temporal_block_missingness,core,20260614,observable_no_current_chla,validation,3,Turb,3184,1297,0.40734924623115576
mifal_controlled_degradation_v0,temporal_blocks_3m_rate_10,temporal_block_missingness,core,20260614,observable_no_current_chla,validation,3,DOb,3184,1320,0.41457286432160806
mifal_controlled_degradation_v0,temporal_blocks_3m_rate_10,temporal_block_missingness,core,20260614,observable_no_current_chla,validation,3,Chl,3184,0,0.0
mifal_controlled_degradation_v0,temporal_blocks_3m_rate_10,temporal_block_missingness,core,20260614,observable_no_current_chla,validation,3,Chl_prev,3184,2337,0.7339824120603015
mifal_controlled_degradation_v0,temporal_blocks_6m_rate_25,temporal_block_missingness,core,20260612,observable_no_current_chla,test,1,Tw,4673,2056,0.43997432056494756
mifal_controlled_degradation_v0,temporal_blocks_6m_rate_25,temporal_block_missingness,core,20260612,observable_no_current_chla,test,1,TP,4673,3869,0.8279477851487267
mifal_controlled_degradation_v0,temporal_blocks_6m_rate_25,temporal_block_missingness,core,20260612,observable_no_current_chla,test,1,TN,4673,2878,0.6158784506740852
mifal_controlled_degradation_v0,temporal_blocks_6m_rate_25,temporal_block_missingness,core,20260612,observable_no_current_chla,test,1,Secchi,4673,3853,0.8245238604750695
mifal_controlled_degradation_v0,temporal_blocks_6m_rate_25,temporal_block_missingness,core,20260612,observable_no_current_chla,test,1,Turb,4673,1985,0.42478065482559385
mifal_controlled_degradation_v0,temporal_blocks_6m_rate_25,temporal_block_missingness,core,20260612,observable_no_current_chla,test,1,DOb,4673,1993,0.4264926171624224
mifal_controlled_degradation_v0,temporal_blocks_6m_rate_25,temporal_block_missingness,core,20260612,observable_no_current_chla,test,1,Chl,4673,0,0.0
mifal_controlled_degradation_v0,temporal_blocks_6m_rate_25,temporal_block_missingness,core,20260612,observable_no_current_chla,test,1,Chl_prev,4673,3993,0.8544832013695699
mifal_controlled_degradation_v0,temporal_blocks_6m_rate_25,temporal_block_missingness,core,20260612,observable_no_current_chla,test,2,Tw,4710,2101,0.44607218683651806
mifal_controlled_degradation_v0,temporal_blocks_6m_rate_25,temporal_block_missingness,core,20260612,observable_no_current_chla,test,2,TP,4710,3905,0.8290870488322718
mifal_controlled_degradation_v0,temporal_blocks_6m_rate_25,temporal_block_missingness,core,20260612,observable_no_current_chla,test,2,TN,4710,2907,0.6171974522292993
mifal_controlled_degradation_v0,temporal_blocks_6m_rate_25,temporal_block_missingness,core,20260612,observable_no_current_chla,test,2,Secchi,4710,3872,0.8220806794055202
mifal_controlled_degradation_v0,temporal_blocks_6m_rate_25,temporal_block_missingness,core,20260612,observable_no_current_chla,test,2,Turb,4710,2030,0.4309978768577495
mifal_controlled_degradation_v0,temporal_blocks_6m_rate_25,temporal_block_missingness,core,20260612,observable_no_current_chla,test,2,DOb,4710,2038,0.4326963906581741
mifal_controlled_degradation_v0,temporal_blocks_6m_rate_25,temporal_block_missingness,core,20260612,observable_no_current_chla,test,2,Chl,4710,0,0.0
mifal_controlled_degradation_v0,temporal_blocks_6m_rate_25,temporal_block_missingness,core,20260612,observable_no_current_chla,test,2,Chl_prev,4710,3975,0.8439490445859873
mifal_controlled_degradation_v0,temporal_blocks_6m_rate_25,temporal_block_missingness,core,20260612,observable_no_current_chla,test,3,Tw,4757,2142,0.45028379230607524
mifal_controlled_degradation_v0,temporal_blocks_6m_rate_25,temporal_block_missingness,core,20260612,observable_no_current_chla,test,3,TP,4757,3983,0.837292411183519
mifal_controlled_degradation_v0,temporal_blocks_6m_rate_25,temporal_block_missingness,core,20260612,observable_no_current_chla,test,3,TN,4757,2963,0.6228715577044356
mifal_controlled_degradation_v0,temporal_blocks_6m_rate_25,temporal_block_missingness,core,20260612,observable_no_current_chla,test,3,Secchi,4757,3893,0.8183729241118352
mifal_controlled_degradation_v0,temporal_blocks_6m_rate_25,temporal_block_missingness,core,20260612,observable_no_current_chla,test,3,Turb,4757,2090,0.4393525331091024
mifal_controlled_degradation_v0,temporal_blocks_6m_rate_25,temporal_block_missingness,core,20260612,observable_no_current_chla,test,3,DOb,4757,2076,0.43640950178684046
mifal_controlled_degradation_v0,temporal_blocks_6m_rate_25,temporal_block_missingness,core,20260612,observable_no_current_chla,test,3,Chl,4757,0,0.0
mifal_controlled_degradation_v0,temporal_blocks_6m_rate_25,temporal_block_missingness,core,20260612,observable_no_current_chla,test,3,Chl_prev,4757,3923,0.8246794198023965
mifal_controlled_degradation_v0,temporal_blocks_6m_rate_25,temporal_block_missingness,core,20260612,observable_no_current_chla,validation,1,Tw,3049,1267,0.4155460806821909
mifal_controlled_degradation_v0,temporal_blocks_6m_rate_25,temporal_block_missingness,core,20260612,observable_no_current_chla,validation,1,TP,3049,2265,0.74286651361102
mifal_controlled_degradation_v0,temporal_blocks_6m_rate_25,temporal_block_missingness,core,20260612,observable_no_current_chla,validation,1,TN,3049,1725,0.565759265332896
mifal_controlled_degradation_v0,temporal_blocks_6m_rate_25,temporal_block_missingness,core,20260612,observable_no_current_chla,validation,1,Secchi,3049,2441,0.8005903574942604
mifal_controlled_degradation_v0,temporal_blocks_6m_rate_25,temporal_block_missingness,core,20260612,observable_no_current_chla,validation,1,Turb,3049,1229,0.4030829780255822
mifal_controlled_degradation_v0,temporal_blocks_6m_rate_25,temporal_block_missingness,core,20260612,observable_no_current_chla,validation,1,DOb,3049,1234,0.4047228599540833
mifal_controlled_degradation_v0,temporal_blocks_6m_rate_25,temporal_block_missingness,core,20260612,observable_no_current_chla,validation,1,Chl,3049,0,0.0
mifal_controlled_degradation_v0,temporal_blocks_6m_rate_25,temporal_block_missingness,core,20260612,observable_no_current_chla,validation,1,Chl_prev,3049,2327,0.7632010495244342
mifal_controlled_degradation_v0,temporal_blocks_6m_rate_25,temporal_block_missingness,core,20260612,observable_no_current_chla,validation,2,Tw,3158,1273,0.40310322989233693
mifal_controlled_degradation_v0,temporal_blocks_6m_rate_25,temporal_block_missingness,core,20260612,observable_no_current_chla,validation,2,TP,3158,2391,0.7571247625079164
mifal_controlled_degradation_v0,temporal_blocks_6m_rate_25,temporal_block_missingness,core,20260612,observable_no_current_chla,validation,2,TN,3158,1830,0.5794806839772008
mifal_controlled_degradation_v0,temporal_blocks_6m_rate_25,temporal_block_missingness,core,20260612,observable_no_current_chla,validation,2,Secchi,3158,2554,0.8087397086763775
mifal_controlled_degradation_v0,temporal_blocks_6m_rate_25,temporal_block_missingness,core,20260612,observable_no_current_chla,validation,2,Turb,3158,1228,0.3888537048765041
mifal_controlled_degradation_v0,temporal_blocks_6m_rate_25,temporal_block_missingness,core,20260612,observable_no_current_chla,validation,2,DOb,3158,1238,0.39202026599113365
mifal_controlled_degradation_v0,temporal_blocks_6m_rate_25,temporal_block_missingness,core,20260612,observable_no_current_chla,validation,2,Chl,3158,0,0.0
mifal_controlled_degradation_v0,temporal_blocks_6m_rate_25,temporal_block_missingness,core,20260612,observable_no_current_chla,validation,2,Chl_prev,3158,2265,0.7172260924635846
mifal_controlled_degradation_v0,temporal_blocks_6m_rate_25,temporal_block_missingness,core,20260612,observable_no_current_chla,validation,3,Tw,3184,1263,0.3966708542713568
mifal_controlled_degradation_v0,temporal_blocks_6m_rate_25,temporal_block_missingness,core,20260612,observable_no_current_chla,validation,3,TP,3184,2426,0.7619346733668342
mifal_controlled_degradation_v0,temporal_blocks_6m_rate_25,temporal_block_missingness,core,20260612,observable_no_current_chla,validation,3,TN,3184,1859,0.5838567839195979
mifal_controlled_degradation_v0,temporal_blocks_6m_rate_25,temporal_block_missingness,core,20260612,observable_no_current_chla,validation,3,Secchi,3184,2572,0.8077889447236181
mifal_controlled_degradation_v0,temporal_blocks_6m_rate_25,temporal_block_missingness,core,20260612,observable_no_current_chla,validation,3,Turb,3184,1212,0.3806532663316583
mifal_controlled_degradation_v0,temporal_blocks_6m_rate_25,temporal_block_missingness,core,20260612,observable_no_current_chla,validation,3,DOb,3184,1228,0.38567839195979897
mifal_controlled_degradation_v0,temporal_blocks_6m_rate_25,temporal_block_missingness,core,20260612,observable_no_current_chla,validation,3,Chl,3184,0,0.0
mifal_controlled_degradation_v0,temporal_blocks_6m_rate_25,temporal_block_missingness,core,20260612,observable_no_current_chla,validation,3,Chl_prev,3184,2159,0.6780778894472361
mifal_controlled_degradation_v0,temporal_blocks_6m_rate_25,temporal_block_missingness,core,20260613,observable_no_current_chla,test,1,Tw,4673,2097,0.4487481275411941
mifal_controlled_degradation_v0,temporal_blocks_6m_rate_25,temporal_block_missingness,core,20260613,observable_no_current_chla,test,1,TP,4673,3958,0.8469933661459448
mifal_controlled_degradation_v0,temporal_blocks_6m_rate_25,temporal_block_missingness,core,20260613,observable_no_current_chla,test,1,TN,4673,2916,0.624010271774021
mifal_controlled_degradation_v0,temporal_blocks_6m_rate_25,temporal_block_missingness,core,20260613,observable_no_current_chla,test,1,Secchi,4673,3945,0.8442114273485983
mifal_controlled_degradation_v0,temporal_blocks_6m_rate_25,temporal_block_missingness,core,20260613,observable_no_current_chla,test,1,Turb,4673,2028,0.4339824523860475
mifal_controlled_degradation_v0,temporal_blocks_6m_rate_25,temporal_block_missingness,core,20260613,observable_no_current_chla,test,1,DOb,4673,2034,0.43526642413866895
mifal_controlled_degradation_v0,temporal_blocks_6m_rate_25,temporal_block_missingness,core,20260613,observable_no_current_chla,test,1,Chl,4673,0,0.0
mifal_controlled_degradation_v0,temporal_blocks_6m_rate_25,temporal_block_missingness,core,20260613,observable_no_current_chla,test,1,Chl_prev,4673,4085,0.8741707682430987
mifal_controlled_degradation_v0,temporal_blocks_6m_rate_25,temporal_block_missingness,core,20260613,observable_no_current_chla,test,2,Tw,4710,2138,0.45392781316348196
mifal_controlled_degradation_v0,temporal_blocks_6m_rate_25,temporal_block_missingness,core,20260613,observable_no_current_chla,test,2,TP,4710,3993,0.8477707006369427
mifal_controlled_degradation_v0,temporal_blocks_6m_rate_25,temporal_block_missingness,core,20260613,observable_no_current_chla,test,2,TN,4710,2943,0.6248407643312102
mifal_controlled_degradation_v0,temporal_blocks_6m_rate_25,temporal_block_missingness,core,20260613,observable_no_current_chla,test,2,Secchi,4710,3961,0.8409766454352442
mifal_controlled_degradation_v0,temporal_blocks_6m_rate_25,temporal_block_missingness,core,20260613,observable_no_current_chla,test,2,Turb,4710,2069,0.43927813163481955
mifal_controlled_degradation_v0,temporal_blocks_6m_rate_25,temporal_block_missingness,core,20260613,observable_no_current_chla,test,2,DOb,4710,2075,0.440552016985138
mifal_controlled_degradation_v0,temporal_blocks_6m_rate_25,temporal_block_missingness,core,20260613,observable_no_current_chla,test,2,Chl,4710,0,0.0
mifal_controlled_degradation_v0,temporal_blocks_6m_rate_25,temporal_block_missingness,core,20260613,observable_no_current_chla,test,2,Chl_prev,4710,4070,0.8641188959660298
mifal_controlled_degradation_v0,temporal_blocks_6m_rate_25,temporal_block_missingness,core,20260613,observable_no_current_chla,test,3,Tw,4757,2175,0.45722093756569265
mifal_controlled_degradation_v0,temporal_blocks_6m_rate_25,temporal_block_missingness,core,20260613,observable_no_current_chla,test,3,TP,4757,4064,0.8543199495480345
mifal_controlled_degradation_v0,temporal_blocks_6m_rate_25,temporal_block_missingness,core,20260613,observable_no_current_chla,test,3,TN,4757,2995,0.6295984864410342
mifal_controlled_degradation_v0,temporal_blocks_6m_rate_25,temporal_block_missingness,core,20260613,observable_no_current_chla,test,3,Secchi,4757,3978,0.8362413285684255
mifal_controlled_degradation_v0,temporal_blocks_6m_rate_25,temporal_block_missingness,core,20260613,observable_no_current_chla,test,3,Turb,4757,2129,0.44755097750683204
mifal_controlled_degradation_v0,temporal_blocks_6m_rate_25,temporal_block_missingness,core,20260613,observable_no_current_chla,test,3,DOb,4757,2109,0.4433466470464579
mifal_controlled_degradation_v0,temporal_blocks_6m_rate_25,temporal_block_missingness,core,20260613,observable_no_current_chla,test,3,Chl,4757,0,0.0
mifal_controlled_degradation_v0,temporal_blocks_6m_rate_25,temporal_block_missingness,core,20260613,observable_no_current_chla,test,3,Chl_prev,4757,4011,0.8431784738280429
mifal_controlled_degradation_v0,temporal_blocks_6m_rate_25,temporal_block_missingness,core,20260613,observable_no_current_chla,validation,1,Tw,3049,1262,0.4139061987536897
mifal_controlled_degradation_v0,temporal_blocks_6m_rate_25,temporal_block_missingness,core,20260613,observable_no_current_chla,validation,1,TP,3049,2238,0.7340111511971138
mifal_controlled_degradation_v0,temporal_blocks_6m_rate_25,temporal_block_missingness,core,20260613,observable_no_current_chla,validation,1,TN,3049,1719,0.5637914070186947
mifal_controlled_degradation_v0,temporal_blocks_6m_rate_25,temporal_block_missingness,core,20260613,observable_no_current_chla,validation,1,Secchi,3049,2403,0.7881272548376517
mifal_controlled_degradation_v0,temporal_blocks_6m_rate_25,temporal_block_missingness,core,20260613,observable_no_current_chla,validation,1,Turb,3049,1222,0.40078714332568055
mifal_controlled_degradation_v0,temporal_blocks_6m_rate_25,temporal_block_missingness,core,20260613,observable_no_current_chla,validation,1,DOb,3049,1228,0.4027550016398819
mifal_controlled_degradation_v0,temporal_blocks_6m_rate_25,temporal_block_missingness,core,20260613,observable_no_current_chla,validation,1,Chl,3049,0,0.0
mifal_controlled_degradation_v0,temporal_blocks_6m_rate_25,temporal_block_missingness,core,20260613,observable_no_current_chla,validation,1,Chl_prev,3049,2318,0.7602492620531321
mifal_controlled_degradation_v0,temporal_blocks_6m_rate_25,temporal_block_missingness,core,20260613,observable_no_current_chla,validation,2,Tw,3158,1267,0.4012032932235592
mifal_controlled_degradation_v0,temporal_blocks_6m_rate_25,temporal_block_missingness,core,20260613,observable_no_current_chla,validation,2,TP,3158,2367,0.7495250158328056
mifal_controlled_degradation_v0,temporal_blocks_6m_rate_25,temporal_block_missingness,core,20260613,observable_no_current_chla,validation,2,TN,3158,1827,0.5785307156428119
mifal_controlled_degradation_v0,temporal_blocks_6m_rate_25,temporal_block_missingness,core,20260613,observable_no_current_chla,validation,2,Secchi,3158,2518,0.7973400886637112
mifal_controlled_degradation_v0,temporal_blocks_6m_rate_25,temporal_block_missingness,core,20260613,observable_no_current_chla,validation,2,Turb,3158,1218,0.38568714376187463
mifal_controlled_degradation_v0,temporal_blocks_6m_rate_25,temporal_block_missingness,core,20260613,observable_no_current_chla,validation,2,DOb,3158,1233,0.3904369854338189
mifal_controlled_degradation_v0,temporal_blocks_6m_rate_25,temporal_block_missingness,core,20260613,observable_no_current_chla,validation,2,Chl,3158,0,0.0
mifal_controlled_degradation_v0,temporal_blocks_6m_rate_25,temporal_block_missingness,core,20260613,observable_no_current_chla,validation,2,Chl_prev,3158,2253,0.7134262191260291
mifal_controlled_degradation_v0,temporal_blocks_6m_rate_25,temporal_block_missingness,core,20260613,observable_no_current_chla,validation,3,Tw,3184,1257,0.394786432160804
mifal_controlled_degradation_v0,temporal_blocks_6m_rate_25,temporal_block_missingness,core,20260613,observable_no_current_chla,validation,3,TP,3184,2400,0.7537688442211056
mifal_controlled_degradation_v0,temporal_blocks_6m_rate_25,temporal_block_missingness,core,20260613,observable_no_current_chla,validation,3,TN,3184,1851,0.5813442211055276
mifal_controlled_degradation_v0,temporal_blocks_6m_rate_25,temporal_block_missingness,core,20260613,observable_no_current_chla,validation,3,Secchi,3184,2530,0.7945979899497487
mifal_controlled_degradation_v0,temporal_blocks_6m_rate_25,temporal_block_missingness,core,20260613,observable_no_current_chla,validation,3,Turb,3184,1202,0.37751256281407036
mifal_controlled_degradation_v0,temporal_blocks_6m_rate_25,temporal_block_missingness,core,20260613,observable_no_current_chla,validation,3,DOb,3184,1223,0.38410804020100503
mifal_controlled_degradation_v0,temporal_blocks_6m_rate_25,temporal_block_missingness,core,20260613,observable_no_current_chla,validation,3,Chl,3184,0,0.0
mifal_controlled_degradation_v0,temporal_blocks_6m_rate_25,temporal_block_missingness,core,20260613,observable_no_current_chla,validation,3,Chl_prev,3184,2149,0.6749371859296482
mifal_controlled_degradation_v0,temporal_blocks_6m_rate_25,temporal_block_missingness,core,20260614,observable_no_current_chla,test,1,Tw,4673,2071,0.4431842499465012
mifal_controlled_degradation_v0,temporal_blocks_6m_rate_25,temporal_block_missingness,core,20260614,observable_no_current_chla,test,1,TP,4673,3871,0.8283757757329339
mifal_controlled_degradation_v0,temporal_blocks_6m_rate_25,temporal_block_missingness,core,20260614,observable_no_current_chla,test,1,TN,4673,2862,0.612454526000428
mifal_controlled_degradation_v0,temporal_blocks_6m_rate_25,temporal_block_missingness,core,20260614,observable_no_current_chla,test,1,Secchi,4673,3863,0.8266638133961053
mifal_controlled_degradation_v0,temporal_blocks_6m_rate_25,temporal_block_missingness,core,20260614,observable_no_current_chla,test,1,Turb,4673,2001,0.428204579499251
mifal_controlled_degradation_v0,temporal_blocks_6m_rate_25,temporal_block_missingness,core,20260614,observable_no_current_chla,test,1,DOb,4673,2010,0.43013053712818317
mifal_controlled_degradation_v0,temporal_blocks_6m_rate_25,temporal_block_missingness,core,20260614,observable_no_current_chla,test,1,Chl,4673,0,0.0
mifal_controlled_degradation_v0,temporal_blocks_6m_rate_25,temporal_block_missingness,core,20260614,observable_no_current_chla,test,1,Chl_prev,4673,3990,0.8538412154932592
mifal_controlled_degradation_v0,temporal_blocks_6m_rate_25,temporal_block_missingness,core,20260614,observable_no_current_chla,test,2,Tw,4710,2115,0.44904458598726116
mifal_controlled_degradation_v0,temporal_blocks_6m_rate_25,temporal_block_missingness,core,20260614,observable_no_current_chla,test,2,TP,4710,3912,0.8305732484076433
mifal_controlled_degradation_v0,temporal_blocks_6m_rate_25,temporal_block_missingness,core,20260614,observable_no_current_chla,test,2,TN,4710,2893,0.6142250530785562
mifal_controlled_degradation_v0,temporal_blocks_6m_rate_25,temporal_block_missingness,core,20260614,observable_no_current_chla,test,2,Secchi,4710,3879,0.8235668789808918
mifal_controlled_degradation_v0,temporal_blocks_6m_rate_25,temporal_block_missingness,core,20260614,observable_no_current_chla,test,2,Turb,4710,2043,0.4337579617834395
mifal_controlled_degradation_v0,temporal_blocks_6m_rate_25,temporal_block_missingness,core,20260614,observable_no_current_chla,test,2,DOb,4710,2055,0.43630573248407645
mifal_controlled_degradation_v0,temporal_blocks_6m_rate_25,temporal_block_missingness,core,20260614,observable_no_current_chla,test,2,Chl,4710,0,0.0
mifal_controlled_degradation_v0,temporal_blocks_6m_rate_25,temporal_block_missingness,core,20260614,observable_no_current_chla,test,2,Chl_prev,4710,3975,0.8439490445859873
mifal_controlled_degradation_v0,temporal_blocks_6m_rate_25,temporal_block_missingness,core,20260614,observable_no_current_chla,test,3,Tw,4757,2155,0.4530166071053185
mifal_controlled_degradation_v0,temporal_blocks_6m_rate_25,temporal_block_missingness,core,20260614,observable_no_current_chla,test,3,TP,4757,3986,0.8379230607525752
mifal_controlled_degradation_v0,temporal_blocks_6m_rate_25,temporal_block_missingness,core,20260614,observable_no_current_chla,test,3,TN,4757,2948,0.6197183098591549
mifal_controlled_degradation_v0,temporal_blocks_6m_rate_25,temporal_block_missingness,core,20260614,observable_no_current_chla,test,3,Secchi,4757,3899,0.8196342232499474
mifal_controlled_degradation_v0,temporal_blocks_6m_rate_25,temporal_block_missingness,core,20260614,observable_no_current_chla,test,3,Turb,4757,2106,0.4427159974774017
mifal_controlled_degradation_v0,temporal_blocks_6m_rate_25,temporal_block_missingness,core,20260614,observable_no_current_chla,test,3,DOb,4757,2092,0.4397729661551398
mifal_controlled_degradation_v0,temporal_blocks_6m_rate_25,temporal_block_missingness,core,20260614,observable_no_current_chla,test,3,Chl,4757,0,0.0
mifal_controlled_degradation_v0,temporal_blocks_6m_rate_25,temporal_block_missingness,core,20260614,observable_no_current_chla,test,3,Chl_prev,4757,3920,0.8240487702333403
mifal_controlled_degradation_v0,temporal_blocks_6m_rate_25,temporal_block_missingness,core,20260614,observable_no_current_chla,validation,1,Tw,3049,1303,0.42735323056739916
mifal_controlled_degradation_v0,temporal_blocks_6m_rate_25,temporal_block_missingness,core,20260614,observable_no_current_chla,validation,1,TP,3049,2276,0.7464742538537226
mifal_controlled_degradation_v0,temporal_blocks_6m_rate_25,temporal_block_missingness,core,20260614,observable_no_current_chla,validation,1,TN,3049,1704,0.5588717612331912
mifal_controlled_degradation_v0,temporal_blocks_6m_rate_25,temporal_block_missingness,core,20260614,observable_no_current_chla,validation,1,Secchi,3049,2453,0.8045260741226632
mifal_controlled_degradation_v0,temporal_blocks_6m_rate_25,temporal_block_missingness,core,20260614,observable_no_current_chla,validation,1,Turb,3049,1261,0.4135782223679895
mifal_controlled_degradation_v0,temporal_blocks_6m_rate_25,temporal_block_missingness,core,20260614,observable_no_current_chla,validation,1,DOb,3049,1272,0.417185962610692
mifal_controlled_degradation_v0,temporal_blocks_6m_rate_25,temporal_block_missingness,core,20260614,observable_no_current_chla,validation,1,Chl,3049,0,0.0
mifal_controlled_degradation_v0,temporal_blocks_6m_rate_25,temporal_block_missingness,core,20260614,observable_no_current_chla,validation,1,Chl_prev,3049,2348,0.7700885536241391
mifal_controlled_degradation_v0,temporal_blocks_6m_rate_25,temporal_block_missingness,core,20260614,observable_no_current_chla,validation,2,Tw,3158,1306,0.4135528815706143
mifal_controlled_degradation_v0,temporal_blocks_6m_rate_25,temporal_block_missingness,core,20260614,observable_no_current_chla,validation,2,TP,3158,2405,0.7615579480683977
mifal_controlled_degradation_v0,temporal_blocks_6m_rate_25,temporal_block_missingness,core,20260614,observable_no_current_chla,validation,2,TN,3158,1809,0.5728309056364788
mifal_controlled_degradation_v0,temporal_blocks_6m_rate_25,temporal_block_missingness,core,20260614,observable_no_current_chla,validation,2,Secchi,3158,2563,0.811589613679544
mifal_controlled_degradation_v0,temporal_blocks_6m_rate_25,temporal_block_missingness,core,20260614,observable_no_current_chla,validation,2,Turb,3158,1255,0.3974034198860038
mifal_controlled_degradation_v0,temporal_blocks_6m_rate_25,temporal_block_missingness,core,20260614,observable_no_current_chla,validation,2,DOb,3158,1275,0.40373654211526283
mifal_controlled_degradation_v0,temporal_blocks_6m_rate_25,temporal_block_missingness,core,20260614,observable_no_current_chla,validation,2,Chl,3158,0,0.0
mifal_controlled_degradation_v0,temporal_blocks_6m_rate_25,temporal_block_missingness,core,20260614,observable_no_current_chla,validation,2,Chl_prev,3158,2285,0.7235592146928436
mifal_controlled_degradation_v0,temporal_blocks_6m_rate_25,temporal_block_missingness,core,20260614,observable_no_current_chla,validation,3,Tw,3184,1297,0.40734924623115576
mifal_controlled_degradation_v0,temporal_blocks_6m_rate_25,temporal_block_missingness,core,20260614,observable_no_current_chla,validation,3,TP,3184,2436,0.7650753768844221
mifal_controlled_degradation_v0,temporal_blocks_6m_rate_25,temporal_block_missingness,core,20260614,observable_no_current_chla,validation,3,TN,3184,1836,0.5766331658291457
mifal_controlled_degradation_v0,temporal_blocks_6m_rate_25,temporal_block_missingness,core,20260614,observable_no_current_chla,validation,3,Secchi,3184,2576,0.8090452261306532
mifal_controlled_degradation_v0,temporal_blocks_6m_rate_25,temporal_block_missingness,core,20260614,observable_no_current_chla,validation,3,Turb,3184,1240,0.38944723618090454
mifal_controlled_degradation_v0,temporal_blocks_6m_rate_25,temporal_block_missingness,core,20260614,observable_no_current_chla,validation,3,DOb,3184,1265,0.39729899497487436
mifal_controlled_degradation_v0,temporal_blocks_6m_rate_25,temporal_block_missingness,core,20260614,observable_no_current_chla,validation,3,Chl,3184,0,0.0
mifal_controlled_degradation_v0,temporal_blocks_6m_rate_25,temporal_block_missingness,core,20260614,observable_no_current_chla,validation,3,Chl_prev,3184,2178,0.6840452261306532
mifal_controlled_degradation_v0,site_retention_75,site_retention,core,20260612,observable_no_current_chla,test,1,Tw,3517,1735,0.4933181688939437
mifal_controlled_degradation_v0,site_retention_75,site_retention,core,20260612,observable_no_current_chla,test,1,TP,3517,3255,0.9255046914984362
mifal_controlled_degradation_v0,site_retention_75,site_retention,core,20260612,observable_no_current_chla,test,1,TN,3517,2446,0.6954791015069661
mifal_controlled_degradation_v0,site_retention_75,site_retention,core,20260612,observable_no_current_chla,test,1,Secchi,3517,3218,0.9149843616718795
mifal_controlled_degradation_v0,site_retention_75,site_retention,core,20260612,observable_no_current_chla,test,1,Turb,3517,1666,0.4736991754336082
mifal_controlled_degradation_v0,site_retention_75,site_retention,core,20260612,observable_no_current_chla,test,1,DOb,3517,1693,0.48137617287460904
mifal_controlled_degradation_v0,site_retention_75,site_retention,core,20260612,observable_no_current_chla,test,1,Chl,3517,0,0.0
mifal_controlled_degradation_v0,site_retention_75,site_retention,core,20260612,observable_no_current_chla,test,1,Chl_prev,3517,3339,0.9493886835371055
mifal_controlled_degradation_v0,site_retention_75,site_retention,core,20260612,observable_no_current_chla,test,2,Tw,3543,1761,0.4970364098221846
mifal_controlled_degradation_v0,site_retention_75,site_retention,core,20260612,observable_no_current_chla,test,2,TP,3543,3277,0.9249223821620096
mifal_controlled_degradation_v0,site_retention_75,site_retention,core,20260612,observable_no_current_chla,test,2,TN,3543,2465,0.6957380750776179
mifal_controlled_degradation_v0,site_retention_75,site_retention,core,20260612,observable_no_current_chla,test,2,Secchi,3543,3224,0.9099633079311318
mifal_controlled_degradation_v0,site_retention_75,site_retention,core,20260612,observable_no_current_chla,test,2,Turb,3543,1695,0.47840812870448773
mifal_controlled_degradation_v0,site_retention_75,site_retention,core,20260612,observable_no_current_chla,test,2,DOb,3543,1720,0.48546429579452444
mifal_controlled_degradation_v0,site_retention_75,site_retention,core,20260612,observable_no_current_chla,test,2,Chl,3543,0,0.0
mifal_controlled_degradation_v0,site_retention_75,site_retention,core,20260612,observable_no_current_chla,test,2,Chl_prev,3543,3324,0.9381879762912786
mifal_controlled_degradation_v0,site_retention_75,site_retention,core,20260612,observable_no_current_chla,test,3,Tw,3577,1787,0.49958065417948
mifal_controlled_degradation_v0,site_retention_75,site_retention,core,20260612,observable_no_current_chla,test,3,TP,3577,3340,0.9337433603578418
mifal_controlled_degradation_v0,site_retention_75,site_retention,core,20260612,observable_no_current_chla,test,3,TN,3577,2515,0.703103159071848
mifal_controlled_degradation_v0,site_retention_75,site_retention,core,20260612,observable_no_current_chla,test,3,Secchi,3577,3239,0.9055074084428292
mifal_controlled_degradation_v0,site_retention_75,site_retention,core,20260612,observable_no_current_chla,test,3,Turb,3577,1743,0.487279843444227
mifal_controlled_degradation_v0,site_retention_75,site_retention,core,20260612,observable_no_current_chla,test,3,DOb,3577,1742,0.48700027956388037
mifal_controlled_degradation_v0,site_retention_75,site_retention,core,20260612,observable_no_current_chla,test,3,Chl,3577,0,0.0
mifal_controlled_degradation_v0,site_retention_75,site_retention,core,20260612,observable_no_current_chla,test,3,Chl_prev,3577,3272,0.914733016494269
mifal_controlled_degradation_v0,site_retention_75,site_retention,core,20260612,observable_no_current_chla,validation,1,Tw,2261,1097,0.4851835471030517
mifal_controlled_degradation_v0,site_retention_75,site_retention,core,20260612,observable_no_current_chla,validation,1,TP,2261,1886,0.8341441839893853
mifal_controlled_degradation_v0,site_retention_75,site_retention,core,20260612,observable_no_current_chla,validation,1,TN,2261,1395,0.616983635559487
mifal_controlled_degradation_v0,site_retention_75,site_retention,core,20260612,observable_no_current_chla,validation,1,Secchi,2261,2005,0.8867757629367536
mifal_controlled_degradation_v0,site_retention_75,site_retention,core,20260612,observable_no_current_chla,validation,1,Turb,2261,1063,0.4701459531180893
mifal_controlled_degradation_v0,site_retention_75,site_retention,core,20260612,observable_no_current_chla,validation,1,DOb,2261,1064,0.47058823529411764
mifal_controlled_degradation_v0,site_retention_75,site_retention,core,20260612,observable_no_current_chla,validation,1,Chl,2261,0,0.0
mifal_controlled_degradation_v0,site_retention_75,site_retention,core,20260612,observable_no_current_chla,validation,1,Chl_prev,2261,1944,0.859796550199027
mifal_controlled_degradation_v0,site_retention_75,site_retention,core,20260612,observable_no_current_chla,validation,2,Tw,2336,1092,0.4674657534246575
mifal_controlled_degradation_v0,site_retention_75,site_retention,core,20260612,observable_no_current_chla,validation,2,TP,2336,1986,0.8501712328767124
mifal_controlled_degradation_v0,site_retention_75,site_retention,core,20260612,observable_no_current_chla,validation,2,TN,2336,1477,0.632277397260274
mifal_controlled_degradation_v0,site_retention_75,site_retention,core,20260612,observable_no_current_chla,validation,2,Secchi,2336,2084,0.8921232876712328
mifal_controlled_degradation_v0,site_retention_75,site_retention,core,20260612,observable_no_current_chla,validation,2,Turb,2336,1053,0.4507705479452055
mifal_controlled_degradation_v0,site_retention_75,site_retention,core,20260612,observable_no_current_chla,validation,2,DOb,2336,1060,0.4537671232876712
mifal_controlled_degradation_v0,site_retention_75,site_retention,core,20260612,observable_no_current_chla,validation,2,Chl,2336,0,0.0
mifal_controlled_degradation_v0,site_retention_75,site_retention,core,20260612,observable_no_current_chla,validation,2,Chl_prev,2336,1897,0.8120719178082192
mifal_controlled_degradation_v0,site_retention_75,site_retention,core,20260612,observable_no_current_chla,validation,3,Tw,2354,1077,0.45751911639762105
mifal_controlled_degradation_v0,site_retention_75,site_retention,core,20260612,observable_no_current_chla,validation,3,TP,2354,2011,0.8542905692438403
mifal_controlled_degradation_v0,site_retention_75,site_retention,core,20260612,observable_no_current_chla,validation,3,TN,2354,1503,0.6384876805437553
mifal_controlled_degradation_v0,site_retention_75,site_retention,core,20260612,observable_no_current_chla,validation,3,Secchi,2354,2090,0.8878504672897196
mifal_controlled_degradation_v0,site_retention_75,site_retention,core,20260612,observable_no_current_chla,validation,3,Turb,2354,1035,0.43967714528462193
mifal_controlled_degradation_v0,site_retention_75,site_retention,core,20260612,observable_no_current_chla,validation,3,DOb,2354,1045,0.4439252336448598
mifal_controlled_degradation_v0,site_retention_75,site_retention,core,20260612,observable_no_current_chla,validation,3,Chl,2354,0,0.0
mifal_controlled_degradation_v0,site_retention_75,site_retention,core,20260612,observable_no_current_chla,validation,3,Chl_prev,2354,1811,0.7693288020390824
mifal_controlled_degradation_v0,site_retention_75,site_retention,core,20260613,observable_no_current_chla,test,1,Tw,3628,1762,0.4856670341786108
mifal_controlled_degradation_v0,site_retention_75,site_retention,core,20260613,observable_no_current_chla,test,1,TP,3628,3318,0.9145534729878722
mifal_controlled_degradation_v0,site_retention_75,site_retention,core,20260613,observable_no_current_chla,test,1,TN,3628,2491,0.6866041896361632
mifal_controlled_degradation_v0,site_retention_75,site_retention,core,20260613,observable_no_current_chla,test,1,Secchi,3628,3308,0.9117971334068358
mifal_controlled_degradation_v0,site_retention_75,site_retention,core,20260613,observable_no_current_chla,test,1,Turb,3628,1688,0.4652701212789416
mifal_controlled_degradation_v0,site_retention_75,site_retention,core,20260613,observable_no_current_chla,test,1,DOb,3628,1708,0.47078280044101434
mifal_controlled_degradation_v0,site_retention_75,site_retention,core,20260613,observable_no_current_chla,test,1,Chl,3628,0,0.0
mifal_controlled_degradation_v0,site_retention_75,site_retention,core,20260613,observable_no_current_chla,test,1,Chl_prev,3628,3435,0.9468026460859978
mifal_controlled_degradation_v0,site_retention_75,site_retention,core,20260613,observable_no_current_chla,test,2,Tw,3660,1794,0.4901639344262295
mifal_controlled_degradation_v0,site_retention_75,site_retention,core,20260613,observable_no_current_chla,test,2,TP,3660,3347,0.9144808743169399
mifal_controlled_degradation_v0,site_retention_75,site_retention,core,20260613,observable_no_current_chla,test,2,TN,3660,2516,0.687431693989071
mifal_controlled_degradation_v0,site_retention_75,site_retention,core,20260613,observable_no_current_chla,test,2,Secchi,3660,3318,0.9065573770491804
mifal_controlled_degradation_v0,site_retention_75,site_retention,core,20260613,observable_no_current_chla,test,2,Turb,3660,1721,0.4702185792349727
mifal_controlled_degradation_v0,site_retention_75,site_retention,core,20260613,observable_no_current_chla,test,2,DOb,3660,1741,0.4756830601092896
mifal_controlled_degradation_v0,site_retention_75,site_retention,core,20260613,observable_no_current_chla,test,2,Chl,3660,0,0.0
mifal_controlled_degradation_v0,site_retention_75,site_retention,core,20260613,observable_no_current_chla,test,2,Chl_prev,3660,3418,0.933879781420765
mifal_controlled_degradation_v0,site_retention_75,site_retention,core,20260613,observable_no_current_chla,test,3,Tw,3699,1823,0.49283590159502566
mifal_controlled_degradation_v0,site_retention_75,site_retention,core,20260613,observable_no_current_chla,test,3,TP,3699,3420,0.9245742092457421
mifal_controlled_degradation_v0,site_retention_75,site_retention,core,20260613,observable_no_current_chla,test,3,TN,3699,2573,0.6955934036226007
mifal_controlled_degradation_v0,site_retention_75,site_retention,core,20260613,observable_no_current_chla,test,3,Secchi,3699,3335,0.901595025682617
mifal_controlled_degradation_v0,site_retention_75,site_retention,core,20260613,observable_no_current_chla,test,3,Turb,3699,1772,0.47904839145715056
mifal_controlled_degradation_v0,site_retention_75,site_retention,core,20260613,observable_no_current_chla,test,3,DOb,3699,1767,0.47769667477696676
mifal_controlled_degradation_v0,site_retention_75,site_retention,core,20260613,observable_no_current_chla,test,3,Chl,3699,0,0.0
mifal_controlled_degradation_v0,site_retention_75,site_retention,core,20260613,observable_no_current_chla,test,3,Chl_prev,3699,3363,0.9091646390916464
mifal_controlled_degradation_v0,site_retention_75,site_retention,core,20260613,observable_no_current_chla,validation,1,Tw,2244,1066,0.4750445632798574
mifal_controlled_degradation_v0,site_retention_75,site_retention,core,20260613,observable_no_current_chla,validation,1,TP,2244,1817,0.8097147950089126
mifal_controlled_degradation_v0,site_retention_75,site_retention,core,20260613,observable_no_current_chla,validation,1,TN,2244,1336,0.5953654188948306
mifal_controlled_degradation_v0,site_retention_75,site_retention,core,20260613,observable_no_current_chla,validation,1,Secchi,2244,1983,0.8836898395721925
mifal_controlled_degradation_v0,site_retention_75,site_retention,core,20260613,observable_no_current_chla,validation,1,Turb,2244,1035,0.4612299465240642
mifal_controlled_degradation_v0,site_retention_75,site_retention,core,20260613,observable_no_current_chla,validation,1,DOb,2244,1048,0.46702317290552586
mifal_controlled_degradation_v0,site_retention_75,site_retention,core,20260613,observable_no_current_chla,validation,1,Chl,2244,0,0.0
mifal_controlled_degradation_v0,site_retention_75,site_retention,core,20260613,observable_no_current_chla,validation,1,Chl_prev,2244,1945,0.8667557932263814
mifal_controlled_degradation_v0,site_retention_75,site_retention,core,20260613,observable_no_current_chla,validation,2,Tw,2320,1061,0.45732758620689656
mifal_controlled_degradation_v0,site_retention_75,site_retention,core,20260613,observable_no_current_chla,validation,2,TP,2320,1913,0.8245689655172413
mifal_controlled_degradation_v0,site_retention_75,site_retention,core,20260613,observable_no_current_chla,validation,2,TN,2320,1416,0.6103448275862069
mifal_controlled_degradation_v0,site_retention_75,site_retention,core,20260613,observable_no_current_chla,validation,2,Secchi,2320,2065,0.8900862068965517
mifal_controlled_degradation_v0,site_retention_75,site_retention,core,20260613,observable_no_current_chla,validation,2,Turb,2320,1024,0.4413793103448276
mifal_controlled_degradation_v0,site_retention_75,site_retention,core,20260613,observable_no_current_chla,validation,2,DOb,2320,1043,0.4495689655172414
mifal_controlled_degradation_v0,site_retention_75,site_retention,core,20260613,observable_no_current_chla,validation,2,Chl,2320,0,0.0
mifal_controlled_degradation_v0,site_retention_75,site_retention,core,20260613,observable_no_current_chla,validation,2,Chl_prev,2320,1887,0.8133620689655172
mifal_controlled_degradation_v0,site_retention_75,site_retention,core,20260613,observable_no_current_chla,validation,3,Tw,2337,1047,0.44801026957637996
mifal_controlled_degradation_v0,site_retention_75,site_retention,core,20260613,observable_no_current_chla,validation,3,TP,2337,1939,0.8296961916987591
mifal_controlled_degradation_v0,site_retention_75,site_retention,core,20260613,observable_no_current_chla,validation,3,TN,2337,1439,0.6157466837826273
mifal_controlled_degradation_v0,site_retention_75,site_retention,core,20260613,observable_no_current_chla,validation,3,Secchi,2337,2076,0.8883183568677792
mifal_controlled_degradation_v0,site_retention_75,site_retention,core,20260613,observable_no_current_chla,validation,3,Turb,2337,1010,0.4321780059905862
mifal_controlled_degradation_v0,site_retention_75,site_retention,core,20260613,observable_no_current_chla,validation,3,DOb,2337,1029,0.44030808729139925
mifal_controlled_degradation_v0,site_retention_75,site_retention,core,20260613,observable_no_current_chla,validation,3,Chl,2337,0,0.0
mifal_controlled_degradation_v0,site_retention_75,site_retention,core,20260613,observable_no_current_chla,validation,3,Chl_prev,2337,1800,0.7702182284980744
mifal_controlled_degradation_v0,site_retention_75,site_retention,core,20260614,observable_no_current_chla,test,1,Tw,3540,1681,0.4748587570621469
mifal_controlled_degradation_v0,site_retention_75,site_retention,core,20260614,observable_no_current_chla,test,1,TP,3540,3278,0.9259887005649717
mifal_controlled_degradation_v0,site_retention_75,site_retention,core,20260614,observable_no_current_chla,test,1,TN,3540,2403,0.6788135593220339
mifal_controlled_degradation_v0,site_retention_75,site_retention,core,20260614,observable_no_current_chla,test,1,Secchi,3540,3215,0.9081920903954802
mifal_controlled_degradation_v0,site_retention_75,site_retention,core,20260614,observable_no_current_chla,test,1,Turb,3540,1634,0.4615819209039548
mifal_controlled_degradation_v0,site_retention_75,site_retention,core,20260614,observable_no_current_chla,test,1,DOb,3540,1643,0.4641242937853107
mifal_controlled_degradation_v0,site_retention_75,site_retention,core,20260614,observable_no_current_chla,test,1,Chl,3540,0,0.0
mifal_controlled_degradation_v0,site_retention_75,site_retention,core,20260614,observable_no_current_chla,test,1,Chl_prev,3540,3371,0.9522598870056497
mifal_controlled_degradation_v0,site_retention_75,site_retention,core,20260614,observable_no_current_chla,test,2,Tw,3566,1709,0.47924845765563656
mifal_controlled_degradation_v0,site_retention_75,site_retention,core,20260614,observable_no_current_chla,test,2,TP,3566,3299,0.9251261918115535
mifal_controlled_degradation_v0,site_retention_75,site_retention,core,20260614,observable_no_current_chla,test,2,TN,3566,2421,0.6789119461581604
mifal_controlled_degradation_v0,site_retention_75,site_retention,core,20260614,observable_no_current_chla,test,2,Secchi,3566,3221,0.9032529444756029
mifal_controlled_degradation_v0,site_retention_75,site_retention,core,20260614,observable_no_current_chla,test,2,Turb,3566,1661,0.46578799775659
mifal_controlled_degradation_v0,site_retention_75,site_retention,core,20260614,observable_no_current_chla,test,2,DOb,3566,1671,0.46859226023555806
mifal_controlled_degradation_v0,site_retention_75,site_retention,core,20260614,observable_no_current_chla,test,2,Chl,3566,0,0.0
mifal_controlled_degradation_v0,site_retention_75,site_retention,core,20260614,observable_no_current_chla,test,2,Chl_prev,3566,3349,0.9391475042063937
mifal_controlled_degradation_v0,site_retention_75,site_retention,core,20260614,observable_no_current_chla,test,3,Tw,3601,1735,0.4818106081643988
mifal_controlled_degradation_v0,site_retention_75,site_retention,core,20260614,observable_no_current_chla,test,3,TP,3601,3356,0.9319633435156901
mifal_controlled_degradation_v0,site_retention_75,site_retention,core,20260614,observable_no_current_chla,test,3,TN,3601,2466,0.6848097750624826
mifal_controlled_degradation_v0,site_retention_75,site_retention,core,20260614,observable_no_current_chla,test,3,Secchi,3601,3237,0.8989169675090253
mifal_controlled_degradation_v0,site_retention_75,site_retention,core,20260614,observable_no_current_chla,test,3,Turb,3601,1706,0.47375728964176617
mifal_controlled_degradation_v0,site_retention_75,site_retention,core,20260614,observable_no_current_chla,test,3,DOb,3601,1698,0.47153568453207445
mifal_controlled_degradation_v0,site_retention_75,site_retention,core,20260614,observable_no_current_chla,test,3,Chl,3601,0,0.0
mifal_controlled_degradation_v0,site_retention_75,site_retention,core,20260614,observable_no_current_chla,test,3,Chl_prev,3601,3304,0.9175229103026937
mifal_controlled_degradation_v0,site_retention_75,site_retention,core,20260614,observable_no_current_chla,validation,1,Tw,2343,1087,0.4639351259069569
mifal_controlled_degradation_v0,site_retention_75,site_retention,core,20260614,observable_no_current_chla,validation,1,TP,2343,1949,0.831839521980367
mifal_controlled_degradation_v0,site_retention_75,site_retention,core,20260614,observable_no_current_chla,validation,1,TN,2343,1420,0.6060606060606061
mifal_controlled_degradation_v0,site_retention_75,site_retention,core,20260614,observable_no_current_chla,validation,1,Secchi,2343,2103,0.8975672215108835
mifal_controlled_degradation_v0,site_retention_75,site_retention,core,20260614,observable_no_current_chla,validation,1,Turb,2343,1064,0.4541186513017499
mifal_controlled_degradation_v0,site_retention_75,site_retention,core,20260614,observable_no_current_chla,validation,1,DOb,2343,1064,0.4541186513017499
mifal_controlled_degradation_v0,site_retention_75,site_retention,core,20260614,observable_no_current_chla,validation,1,Chl,2343,0,0.0
mifal_controlled_degradation_v0,site_retention_75,site_retention,core,20260614,observable_no_current_chla,validation,1,Chl_prev,2343,2016,0.8604353393085787
mifal_controlled_degradation_v0,site_retention_75,site_retention,core,20260614,observable_no_current_chla,validation,2,Tw,2430,1084,0.44609053497942386
mifal_controlled_degradation_v0,site_retention_75,site_retention,core,20260614,observable_no_current_chla,validation,2,TP,2430,2055,0.845679012345679
mifal_controlled_degradation_v0,site_retention_75,site_retention,core,20260614,observable_no_current_chla,validation,2,TN,2430,1509,0.6209876543209877
mifal_controlled_degradation_v0,site_retention_75,site_retention,core,20260614,observable_no_current_chla,validation,2,Secchi,2430,2194,0.902880658436214
mifal_controlled_degradation_v0,site_retention_75,site_retention,core,20260614,observable_no_current_chla,validation,2,Turb,2430,1053,0.43333333333333335
mifal_controlled_degradation_v0,site_retention_75,site_retention,core,20260614,observable_no_current_chla,validation,2,DOb,2430,1061,0.43662551440329217
mifal_controlled_degradation_v0,site_retention_75,site_retention,core,20260614,observable_no_current_chla,validation,2,Chl,2430,0,0.0
mifal_controlled_degradation_v0,site_retention_75,site_retention,core,20260614,observable_no_current_chla,validation,2,Chl_prev,2430,1967,0.8094650205761317
mifal_controlled_degradation_v0,site_retention_75,site_retention,core,20260614,observable_no_current_chla,validation,3,Tw,2442,1070,0.4381654381654382
mifal_controlled_degradation_v0,site_retention_75,site_retention,core,20260614,observable_no_current_chla,validation,3,TP,2442,2075,0.8497133497133497
mifal_controlled_degradation_v0,site_retention_75,site_retention,core,20260614,observable_no_current_chla,validation,3,TN,2442,1524,0.6240786240786241
mifal_controlled_degradation_v0,site_retention_75,site_retention,core,20260614,observable_no_current_chla,validation,3,Secchi,2442,2195,0.8988533988533989
mifal_controlled_degradation_v0,site_retention_75,site_retention,core,20260614,observable_no_current_chla,validation,3,Turb,2442,1034,0.42342342342342343
mifal_controlled_degradation_v0,site_retention_75,site_retention,core,20260614,observable_no_current_chla,validation,3,DOb,2442,1047,0.42874692874692877
mifal_controlled_degradation_v0,site_retention_75,site_retention,core,20260614,observable_no_current_chla,validation,3,Chl,2442,0,0.0
mifal_controlled_degradation_v0,site_retention_75,site_retention,core,20260614,observable_no_current_chla,validation,3,Chl_prev,2442,1876,0.7682227682227682
mifal_controlled_degradation_v0,site_retention_50,site_retention,core,20260612,observable_no_current_chla,test,1,Tw,2479,1223,0.4933440903590157
mifal_controlled_degradation_v0,site_retention_50,site_retention,core,20260612,observable_no_current_chla,test,1,TP,2479,2294,0.9253731343283582
mifal_controlled_degradation_v0,site_retention_50,site_retention,core,20260612,observable_no_current_chla,test,1,TN,2479,1681,0.6780960064542154
mifal_controlled_degradation_v0,site_retention_50,site_retention,core,20260612,observable_no_current_chla,test,1,Secchi,2479,2316,0.9342476805163372
mifal_controlled_degradation_v0,site_retention_50,site_retention,core,20260612,observable_no_current_chla,test,1,Turb,2479,1164,0.46954417103670837
mifal_controlled_degradation_v0,site_retention_50,site_retention,core,20260612,observable_no_current_chla,test,1,DOb,2479,1175,0.47398144413069787
mifal_controlled_degradation_v0,site_retention_50,site_retention,core,20260612,observable_no_current_chla,test,1,Chl,2479,0,0.0
mifal_controlled_degradation_v0,site_retention_50,site_retention,core,20260612,observable_no_current_chla,test,1,Chl_prev,2479,2376,0.9584509883017346
mifal_controlled_degradation_v0,site_retention_50,site_retention,core,20260612,observable_no_current_chla,test,2,Tw,2487,1232,0.49537595496582226
mifal_controlled_degradation_v0,site_retention_50,site_retention,core,20260612,observable_no_current_chla,test,2,TP,2487,2304,0.9264173703256936
mifal_controlled_degradation_v0,site_retention_50,site_retention,core,20260612,observable_no_current_chla,test,2,TN,2487,1690,0.6795335745878569
mifal_controlled_degradation_v0,site_retention_50,site_retention,core,20260612,observable_no_current_chla,test,2,Secchi,2487,2315,0.9308403699236028
mifal_controlled_degradation_v0,site_retention_50,site_retention,core,20260612,observable_no_current_chla,test,2,Turb,2487,1175,0.4724567752312023
mifal_controlled_degradation_v0,site_retention_50,site_retention,core,20260612,observable_no_current_chla,test,2,DOb,2487,1184,0.476075593084037
mifal_controlled_degradation_v0,site_retention_50,site_retention,core,20260612,observable_no_current_chla,test,2,Chl,2487,0,0.0
mifal_controlled_degradation_v0,site_retention_50,site_retention,core,20260612,observable_no_current_chla,test,2,Chl_prev,2487,2371,0.9533574587856856
mifal_controlled_degradation_v0,site_retention_50,site_retention,core,20260612,observable_no_current_chla,test,3,Tw,2503,1240,0.4954055133839393
mifal_controlled_degradation_v0,site_retention_50,site_retention,core,20260612,observable_no_current_chla,test,3,TP,2503,2342,0.9356771873751498
mifal_controlled_degradation_v0,site_retention_50,site_retention,core,20260612,observable_no_current_chla,test,3,TN,2503,1720,0.687175389532561
mifal_controlled_degradation_v0,site_retention_50,site_retention,core,20260612,observable_no_current_chla,test,3,Secchi,2503,2323,0.9280862964442669
mifal_controlled_degradation_v0,site_retention_50,site_retention,core,20260612,observable_no_current_chla,test,3,Turb,2503,1202,0.4802237315221734
mifal_controlled_degradation_v0,site_retention_50,site_retention,core,20260612,observable_no_current_chla,test,3,DOb,2503,1190,0.47542948461845785
mifal_controlled_degradation_v0,site_retention_50,site_retention,core,20260612,observable_no_current_chla,test,3,Chl,2503,0,0.0
mifal_controlled_degradation_v0,site_retention_50,site_retention,core,20260612,observable_no_current_chla,test,3,Chl_prev,2503,2340,0.9348781462245306
mifal_controlled_degradation_v0,site_retention_50,site_retention,core,20260612,observable_no_current_chla,validation,1,Tw,1441,701,0.4864677307425399
mifal_controlled_degradation_v0,site_retention_50,site_retention,core,20260612,observable_no_current_chla,validation,1,TP,1441,1159,0.8043025676613463
mifal_controlled_degradation_v0,site_retention_50,site_retention,core,20260612,observable_no_current_chla,validation,1,TN,1441,888,0.6162387231089521
mifal_controlled_degradation_v0,site_retention_50,site_retention,core,20260612,observable_no_current_chla,validation,1,Secchi,1441,1248,0.8660652324774463
mifal_controlled_degradation_v0,site_retention_50,site_retention,core,20260612,observable_no_current_chla,validation,1,Turb,1441,671,0.46564885496183206
mifal_controlled_degradation_v0,site_retention_50,site_retention,core,20260612,observable_no_current_chla,validation,1,DOb,1441,680,0.4718945176960444
mifal_controlled_degradation_v0,site_retention_50,site_retention,core,20260612,observable_no_current_chla,validation,1,Chl,1441,0,0.0
mifal_controlled_degradation_v0,site_retention_50,site_retention,core,20260612,observable_no_current_chla,validation,1,Chl_prev,1441,1246,0.864677307425399
mifal_controlled_degradation_v0,site_retention_50,site_retention,core,20260612,observable_no_current_chla,validation,2,Tw,1497,697,0.46559786239144957
mifal_controlled_degradation_v0,site_retention_50,site_retention,core,20260612,observable_no_current_chla,validation,2,TP,1497,1227,0.8196392785571143
mifal_controlled_degradation_v0,site_retention_50,site_retention,core,20260612,observable_no_current_chla,validation,2,TN,1497,945,0.6312625250501002
mifal_controlled_degradation_v0,site_retention_50,site_retention,core,20260612,observable_no_current_chla,validation,2,Secchi,1497,1305,0.8717434869739479
mifal_controlled_degradation_v0,site_retention_50,site_retention,core,20260612,observable_no_current_chla,validation,2,Turb,1497,665,0.44422177688710757
mifal_controlled_degradation_v0,site_retention_50,site_retention,core,20260612,observable_no_current_chla,validation,2,DOb,1497,676,0.4515698062792251
mifal_controlled_degradation_v0,site_retention_50,site_retention,core,20260612,observable_no_current_chla,validation,2,Chl,1497,0,0.0
mifal_controlled_degradation_v0,site_retention_50,site_retention,core,20260612,observable_no_current_chla,validation,2,Chl_prev,1497,1210,0.8082832331329325
mifal_controlled_degradation_v0,site_retention_50,site_retention,core,20260612,observable_no_current_chla,validation,3,Tw,1506,683,0.4535192563081009
mifal_controlled_degradation_v0,site_retention_50,site_retention,core,20260612,observable_no_current_chla,validation,3,TP,1506,1246,0.8273572377158035
mifal_controlled_degradation_v0,site_retention_50,site_retention,core,20260612,observable_no_current_chla,validation,3,TN,1506,962,0.6387782204515272
mifal_controlled_degradation_v0,site_retention_50,site_retention,core,20260612,observable_no_current_chla,validation,3,Secchi,1506,1306,0.8671978751660027
mifal_controlled_degradation_v0,site_retention_50,site_retention,core,20260612,observable_no_current_chla,validation,3,Turb,1506,650,0.4316069057104914
mifal_controlled_degradation_v0,site_retention_50,site_retention,core,20260612,observable_no_current_chla,validation,3,DOb,1506,662,0.4395750332005312
mifal_controlled_degradation_v0,site_retention_50,site_retention,core,20260612,observable_no_current_chla,validation,3,Chl,1506,0,0.0
mifal_controlled_degradation_v0,site_retention_50,site_retention,core,20260612,observable_no_current_chla,validation,3,Chl_prev,1506,1157,0.7682602921646746
mifal_controlled_degradation_v0,site_retention_50,site_retention,core,20260613,observable_no_current_chla,test,1,Tw,2350,1158,0.4927659574468085
mifal_controlled_degradation_v0,site_retention_50,site_retention,core,20260613,observable_no_current_chla,test,1,TP,2350,2173,0.9246808510638298
mifal_controlled_degradation_v0,site_retention_50,site_retention,core,20260613,observable_no_current_chla,test,1,TN,2350,1650,0.7021276595744681
mifal_controlled_degradation_v0,site_retention_50,site_retention,core,20260613,observable_no_current_chla,test,1,Secchi,2350,2138,0.9097872340425532
mifal_controlled_degradation_v0,site_retention_50,site_retention,core,20260613,observable_no_current_chla,test,1,Turb,2350,1102,0.46893617021276596
mifal_controlled_degradation_v0,site_retention_50,site_retention,core,20260613,observable_no_current_chla,test,1,DOb,2350,1138,0.48425531914893616
mifal_controlled_degradation_v0,site_retention_50,site_retention,core,20260613,observable_no_current_chla,test,1,Chl,2350,0,0.0
mifal_controlled_degradation_v0,site_retention_50,site_retention,core,20260613,observable_no_current_chla,test,1,Chl_prev,2350,2237,0.9519148936170213
mifal_controlled_degradation_v0,site_retention_50,site_retention,core,20260613,observable_no_current_chla,test,2,Tw,2356,1166,0.49490662139219016
mifal_controlled_degradation_v0,site_retention_50,site_retention,core,20260613,observable_no_current_chla,test,2,TP,2356,2184,0.9269949066213922
mifal_controlled_degradation_v0,site_retention_50,site_retention,core,20260613,observable_no_current_chla,test,2,TN,2356,1655,0.7024617996604414
mifal_controlled_degradation_v0,site_retention_50,site_retention,core,20260613,observable_no_current_chla,test,2,Secchi,2356,2135,0.9061969439728353
mifal_controlled_degradation_v0,site_retention_50,site_retention,core,20260613,observable_no_current_chla,test,2,Turb,2356,1112,0.47198641765704585
mifal_controlled_degradation_v0,site_retention_50,site_retention,core,20260613,observable_no_current_chla,test,2,DOb,2356,1147,0.4868421052631579
mifal_controlled_degradation_v0,site_retention_50,site_retention,core,20260613,observable_no_current_chla,test,2,Chl,2356,0,0.0
mifal_controlled_degradation_v0,site_retention_50,site_retention,core,20260613,observable_no_current_chla,test,2,Chl_prev,2356,2228,0.9456706281833617
mifal_controlled_degradation_v0,site_retention_50,site_retention,core,20260613,observable_no_current_chla,test,3,Tw,2376,1177,0.49537037037037035
mifal_controlled_degradation_v0,site_retention_50,site_retention,core,20260613,observable_no_current_chla,test,3,TP,2376,2226,0.9368686868686869
mifal_controlled_degradation_v0,site_retention_50,site_retention,core,20260613,observable_no_current_chla,test,3,TN,2376,1687,0.710016835016835
mifal_controlled_degradation_v0,site_retention_50,site_retention,core,20260613,observable_no_current_chla,test,3,Secchi,2376,2141,0.9010942760942761
mifal_controlled_degradation_v0,site_retention_50,site_retention,core,20260613,observable_no_current_chla,test,3,Turb,2376,1141,0.4802188552188552
mifal_controlled_degradation_v0,site_retention_50,site_retention,core,20260613,observable_no_current_chla,test,3,DOb,2376,1157,0.48695286195286197
mifal_controlled_degradation_v0,site_retention_50,site_retention,core,20260613,observable_no_current_chla,test,3,Chl,2376,0,0.0
mifal_controlled_degradation_v0,site_retention_50,site_retention,core,20260613,observable_no_current_chla,test,3,Chl_prev,2376,2196,0.9242424242424242
mifal_controlled_degradation_v0,site_retention_50,site_retention,core,20260613,observable_no_current_chla,validation,1,Tw,1500,609,0.406
mifal_controlled_degradation_v0,site_retention_50,site_retention,core,20260613,observable_no_current_chla,validation,1,TP,1500,1253,0.8353333333333334
mifal_controlled_degradation_v0,site_retention_50,site_retention,core,20260613,observable_no_current_chla,validation,1,TN,1500,1036,0.6906666666666667
mifal_controlled_degradation_v0,site_retention_50,site_retention,core,20260613,observable_no_current_chla,validation,1,Secchi,1500,1343,0.8953333333333333
mifal_controlled_degradation_v0,site_retention_50,site_retention,core,20260613,observable_no_current_chla,validation,1,Turb,1500,577,0.38466666666666666
mifal_controlled_degradation_v0,site_retention_50,site_retention,core,20260613,observable_no_current_chla,validation,1,DOb,1500,603,0.402
mifal_controlled_degradation_v0,site_retention_50,site_retention,core,20260613,observable_no_current_chla,validation,1,Chl,1500,0,0.0
mifal_controlled_degradation_v0,site_retention_50,site_retention,core,20260613,observable_no_current_chla,validation,1,Chl_prev,1500,1284,0.856
mifal_controlled_degradation_v0,site_retention_50,site_retention,core,20260613,observable_no_current_chla,validation,2,Tw,1557,603,0.3872832369942196
mifal_controlled_degradation_v0,site_retention_50,site_retention,core,20260613,observable_no_current_chla,validation,2,TP,1557,1325,0.8509955041746949
mifal_controlled_degradation_v0,site_retention_50,site_retention,core,20260613,observable_no_current_chla,validation,2,TN,1557,1099,0.705844572896596
mifal_controlled_degradation_v0,site_retention_50,site_retention,core,20260613,observable_no_current_chla,validation,2,Secchi,1557,1400,0.899165061014772
mifal_controlled_degradation_v0,site_retention_50,site_retention,core,20260613,observable_no_current_chla,validation,2,Turb,1557,571,0.36673089274245346
mifal_controlled_degradation_v0,site_retention_50,site_retention,core,20260613,observable_no_current_chla,validation,2,DOb,1557,597,0.3834296724470135
mifal_controlled_degradation_v0,site_retention_50,site_retention,core,20260613,observable_no_current_chla,validation,2,Chl,1557,0,0.0
mifal_controlled_degradation_v0,site_retention_50,site_retention,core,20260613,observable_no_current_chla,validation,2,Chl_prev,1557,1252,0.8041104688503532
mifal_controlled_degradation_v0,site_retention_50,site_retention,core,20260613,observable_no_current_chla,validation,3,Tw,1566,592,0.3780332056194125
mifal_controlled_degradation_v0,site_retention_50,site_retention,core,20260613,observable_no_current_chla,validation,3,TP,1566,1339,0.855044699872286
mifal_controlled_degradation_v0,site_retention_50,site_retention,core,20260613,observable_no_current_chla,validation,3,TN,1566,1110,0.7088122605363985
mifal_controlled_degradation_v0,site_retention_50,site_retention,core,20260613,observable_no_current_chla,validation,3,Secchi,1566,1404,0.896551724137931
mifal_controlled_degradation_v0,site_retention_50,site_retention,core,20260613,observable_no_current_chla,validation,3,Turb,1566,559,0.3569604086845466
mifal_controlled_degradation_v0,site_retention_50,site_retention,core,20260613,observable_no_current_chla,validation,3,DOb,1566,586,0.37420178799489145
mifal_controlled_degradation_v0,site_retention_50,site_retention,core,20260613,observable_no_current_chla,validation,3,Chl,1566,0,0.0
mifal_controlled_degradation_v0,site_retention_50,site_retention,core,20260613,observable_no_current_chla,validation,3,Chl_prev,1566,1196,0.7637292464878672
mifal_controlled_degradation_v0,site_retention_50,site_retention,core,20260614,observable_no_current_chla,test,1,Tw,2274,1048,0.4608619173262973
mifal_controlled_degradation_v0,site_retention_50,site_retention,core,20260614,observable_no_current_chla,test,1,TP,2274,2093,0.9204045734388743
mifal_controlled_degradation_v0,site_retention_50,site_retention,core,20260614,observable_no_current_chla,test,1,TN,2274,1451,0.6380826737027264
mifal_controlled_degradation_v0,site_retention_50,site_retention,core,20260614,observable_no_current_chla,test,1,Secchi,2274,2067,0.9089709762532981
mifal_controlled_degradation_v0,site_retention_50,site_retention,core,20260614,observable_no_current_chla,test,1,Turb,2274,1032,0.45382585751978893
mifal_controlled_degradation_v0,site_retention_50,site_retention,core,20260614,observable_no_current_chla,test,1,DOb,2274,1015,0.4463500439753738
mifal_controlled_degradation_v0,site_retention_50,site_retention,core,20260614,observable_no_current_chla,test,1,Chl,2274,0,0.0
mifal_controlled_degradation_v0,site_retention_50,site_retention,core,20260614,observable_no_current_chla,test,1,Chl_prev,2274,2174,0.9560246262093228
mifal_controlled_degradation_v0,site_retention_50,site_retention,core,20260614,observable_no_current_chla,test,2,Tw,2288,1066,0.4659090909090909
mifal_controlled_degradation_v0,site_retention_50,site_retention,core,20260614,observable_no_current_chla,test,2,TP,2288,2102,0.9187062937062938
mifal_controlled_degradation_v0,site_retention_50,site_retention,core,20260614,observable_no_current_chla,test,2,TN,2288,1459,0.6376748251748252
mifal_controlled_degradation_v0,site_retention_50,site_retention,core,20260614,observable_no_current_chla,test,2,Secchi,2288,2064,0.9020979020979021
mifal_controlled_degradation_v0,site_retention_50,site_retention,core,20260614,observable_no_current_chla,test,2,Turb,2288,1046,0.4571678321678322
mifal_controlled_degradation_v0,site_retention_50,site_retention,core,20260614,observable_no_current_chla,test,2,DOb,2288,1033,0.451486013986014
mifal_controlled_degradation_v0,site_retention_50,site_retention,core,20260614,observable_no_current_chla,test,2,Chl,2288,0,0.0
mifal_controlled_degradation_v0,site_retention_50,site_retention,core,20260614,observable_no_current_chla,test,2,Chl_prev,2288,2154,0.9414335664335665
mifal_controlled_degradation_v0,site_retention_50,site_retention,core,20260614,observable_no_current_chla,test,3,Tw,2313,1085,0.46908776480760916
mifal_controlled_degradation_v0,site_retention_50,site_retention,core,20260614,observable_no_current_chla,test,3,TP,2313,2133,0.9221789883268483
mifal_controlled_degradation_v0,site_retention_50,site_retention,core,20260614,observable_no_current_chla,test,3,TN,2313,1481,0.640293990488543
mifal_controlled_degradation_v0,site_retention_50,site_retention,core,20260614,observable_no_current_chla,test,3,Secchi,2313,2076,0.8975356679636836
mifal_controlled_degradation_v0,site_retention_50,site_retention,core,20260614,observable_no_current_chla,test,3,Turb,2313,1071,0.46303501945525294
mifal_controlled_degradation_v0,site_retention_50,site_retention,core,20260614,observable_no_current_chla,test,3,DOb,2313,1051,0.4543882403804583
mifal_controlled_degradation_v0,site_retention_50,site_retention,core,20260614,observable_no_current_chla,test,3,Chl,2313,0,0.0
mifal_controlled_degradation_v0,site_retention_50,site_retention,core,20260614,observable_no_current_chla,test,3,Chl_prev,2313,2133,0.9221789883268483
mifal_controlled_degradation_v0,site_retention_50,site_retention,core,20260614,observable_no_current_chla,validation,1,Tw,1520,661,0.43486842105263157
mifal_controlled_degradation_v0,site_retention_50,site_retention,core,20260614,observable_no_current_chla,validation,1,TP,1520,1279,0.8414473684210526
mifal_controlled_degradation_v0,site_retention_50,site_retention,core,20260614,observable_no_current_chla,validation,1,TN,1520,1010,0.6644736842105263
mifal_controlled_degradation_v0,site_retention_50,site_retention,core,20260614,observable_no_current_chla,validation,1,Secchi,1520,1351,0.8888157894736842
mifal_controlled_degradation_v0,site_retention_50,site_retention,core,20260614,observable_no_current_chla,validation,1,Turb,1520,635,0.41776315789473684
mifal_controlled_degradation_v0,site_retention_50,site_retention,core,20260614,observable_no_current_chla,validation,1,DOb,1520,645,0.4243421052631579
mifal_controlled_degradation_v0,site_retention_50,site_retention,core,20260614,observable_no_current_chla,validation,1,Chl,1520,0,0.0
mifal_controlled_degradation_v0,site_retention_50,site_retention,core,20260614,observable_no_current_chla,validation,1,Chl_prev,1520,1297,0.8532894736842105
mifal_controlled_degradation_v0,site_retention_50,site_retention,core,20260614,observable_no_current_chla,validation,2,Tw,1569,651,0.4149139579349904
mifal_controlled_degradation_v0,site_retention_50,site_retention,core,20260614,observable_no_current_chla,validation,2,TP,1569,1339,0.8534098151688974
mifal_controlled_degradation_v0,site_retention_50,site_retention,core,20260614,observable_no_current_chla,validation,2,TN,1569,1063,0.6775015933715742
mifal_controlled_degradation_v0,site_retention_50,site_retention,core,20260614,observable_no_current_chla,validation,2,Secchi,1569,1397,0.8903760356915232
mifal_controlled_degradation_v0,site_retention_50,site_retention,core,20260614,observable_no_current_chla,validation,2,Turb,1569,620,0.3951561504142766
mifal_controlled_degradation_v0,site_retention_50,site_retention,core,20260614,observable_no_current_chla,validation,2,DOb,1569,636,0.40535372848948376
mifal_controlled_degradation_v0,site_retention_50,site_retention,core,20260614,observable_no_current_chla,validation,2,Chl,1569,0,0.0
mifal_controlled_degradation_v0,site_retention_50,site_retention,core,20260614,observable_no_current_chla,validation,2,Chl_prev,1569,1263,0.8049713193116634
mifal_controlled_degradation_v0,site_retention_50,site_retention,core,20260614,observable_no_current_chla,validation,3,Tw,1584,636,0.4015151515151515
mifal_controlled_degradation_v0,site_retention_50,site_retention,core,20260614,observable_no_current_chla,validation,3,TP,1584,1358,0.8573232323232324
mifal_controlled_degradation_v0,site_retention_50,site_retention,core,20260614,observable_no_current_chla,validation,3,TN,1584,1082,0.6830808080808081
mifal_controlled_degradation_v0,site_retention_50,site_retention,core,20260614,observable_no_current_chla,validation,3,Secchi,1584,1401,0.884469696969697
mifal_controlled_degradation_v0,site_retention_50,site_retention,core,20260614,observable_no_current_chla,validation,3,Turb,1584,602,0.380050505050505
mifal_controlled_degradation_v0,site_retention_50,site_retention,core,20260614,observable_no_current_chla,validation,3,DOb,1584,621,0.39204545454545453
mifal_controlled_degradation_v0,site_retention_50,site_retention,core,20260614,observable_no_current_chla,validation,3,Chl,1584,0,0.0
mifal_controlled_degradation_v0,site_retention_50,site_retention,core,20260614,observable_no_current_chla,validation,3,Chl_prev,1584,1204,0.76010101010101
mifal_controlled_degradation_v0,site_retention_25,site_retention,core,20260612,observable_no_current_chla,test,1,Tw,1151,601,0.522154648132059
mifal_controlled_degradation_v0,site_retention_25,site_retention,core,20260612,observable_no_current_chla,test,1,TP,1151,1033,0.89748045178106
mifal_controlled_degradation_v0,site_retention_25,site_retention,core,20260612,observable_no_current_chla,test,1,TN,1151,730,0.634231103388358
mifal_controlled_degradation_v0,site_retention_25,site_retention,core,20260612,observable_no_current_chla,test,1,Secchi,1151,1059,0.9200695047784535
mifal_controlled_degradation_v0,site_retention_25,site_retention,core,20260612,observable_no_current_chla,test,1,Turb,1151,579,0.5030408340573415
mifal_controlled_degradation_v0,site_retention_25,site_retention,core,20260612,observable_no_current_chla,test,1,DOb,1151,602,0.5230234578627281
mifal_controlled_degradation_v0,site_retention_25,site_retention,core,20260612,observable_no_current_chla,test,1,Chl,1151,0,0.0
mifal_controlled_degradation_v0,site_retention_25,site_retention,core,20260612,observable_no_current_chla,test,1,Chl_prev,1151,1085,0.9426585577758471
mifal_controlled_degradation_v0,site_retention_25,site_retention,core,20260612,observable_no_current_chla,test,2,Tw,1159,609,0.5254529767040552
mifal_controlled_degradation_v0,site_retention_25,site_retention,core,20260612,observable_no_current_chla,test,2,TP,1159,1040,0.8973252804141502
mifal_controlled_degradation_v0,site_retention_25,site_retention,core,20260612,observable_no_current_chla,test,2,TN,1159,739,0.637618636755824
mifal_controlled_degradation_v0,site_retention_25,site_retention,core,20260612,observable_no_current_chla,test,2,Secchi,1159,1061,0.9154443485763589
mifal_controlled_degradation_v0,site_retention_25,site_retention,core,20260612,observable_no_current_chla,test,2,Turb,1159,584,0.5038826574633305
mifal_controlled_degradation_v0,site_retention_25,site_retention,core,20260612,observable_no_current_chla,test,2,DOb,1159,610,0.5263157894736842
mifal_controlled_degradation_v0,site_retention_25,site_retention,core,20260612,observable_no_current_chla,test,2,Chl,1159,0,0.0
mifal_controlled_degradation_v0,site_retention_25,site_retention,core,20260612,observable_no_current_chla,test,2,Chl_prev,1159,1073,0.9257981018119068
mifal_controlled_degradation_v0,site_retention_25,site_retention,core,20260612,observable_no_current_chla,test,3,Tw,1174,623,0.530664395229983
mifal_controlled_degradation_v0,site_retention_25,site_retention,core,20260612,observable_no_current_chla,test,3,TP,1174,1062,0.9045996592844975
mifal_controlled_degradation_v0,site_retention_25,site_retention,core,20260612,observable_no_current_chla,test,3,TN,1174,758,0.645655877342419
mifal_controlled_degradation_v0,site_retention_25,site_retention,core,20260612,observable_no_current_chla,test,3,Secchi,1174,1068,0.909710391822828
mifal_controlled_degradation_v0,site_retention_25,site_retention,core,20260612,observable_no_current_chla,test,3,Turb,1174,602,0.5127768313458262
mifal_controlled_degradation_v0,site_retention_25,site_retention,core,20260612,observable_no_current_chla,test,3,DOb,1174,624,0.5315161839863713
mifal_controlled_degradation_v0,site_retention_25,site_retention,core,20260612,observable_no_current_chla,test,3,Chl,1174,0,0.0
mifal_controlled_degradation_v0,site_retention_25,site_retention,core,20260612,observable_no_current_chla,test,3,Chl_prev,1174,1055,0.8986371379897785
mifal_controlled_degradation_v0,site_retention_25,site_retention,core,20260612,observable_no_current_chla,validation,1,Tw,874,495,0.5663615560640732
mifal_controlled_degradation_v0,site_retention_25,site_retention,core,20260612,observable_no_current_chla,validation,1,TP,874,683,0.7814645308924485
mifal_controlled_degradation_v0,site_retention_25,site_retention,core,20260612,observable_no_current_chla,validation,1,TN,874,491,0.5617848970251716
mifal_controlled_degradation_v0,site_retention_25,site_retention,core,20260612,observable_no_current_chla,validation,1,Secchi,874,804,0.919908466819222
mifal_controlled_degradation_v0,site_retention_25,site_retention,core,20260612,observable_no_current_chla,validation,1,Turb,874,481,0.5503432494279176
mifal_controlled_degradation_v0,site_retention_25,site_retention,core,20260612,observable_no_current_chla,validation,1,DOb,874,490,0.5606407322654462
mifal_controlled_degradation_v0,site_retention_25,site_retention,core,20260612,observable_no_current_chla,validation,1,Chl,874,0,0.0
mifal_controlled_degradation_v0,site_retention_25,site_retention,core,20260612,observable_no_current_chla,validation,1,Chl_prev,874,734,0.8398169336384439
mifal_controlled_degradation_v0,site_retention_25,site_retention,core,20260612,observable_no_current_chla,validation,2,Tw,902,495,0.5487804878048781
mifal_controlled_degradation_v0,site_retention_25,site_retention,core,20260612,observable_no_current_chla,validation,2,TP,902,712,0.7893569844789357
mifal_controlled_degradation_v0,site_retention_25,site_retention,core,20260612,observable_no_current_chla,validation,2,TN,902,517,0.573170731707317
mifal_controlled_degradation_v0,site_retention_25,site_retention,core,20260612,observable_no_current_chla,validation,2,Secchi,902,831,0.9212860310421286
mifal_controlled_degradation_v0,site_retention_25,site_retention,core,20260612,observable_no_current_chla,validation,2,Turb,902,476,0.5277161862527716
mifal_controlled_degradation_v0,site_retention_25,site_retention,core,20260612,observable_no_current_chla,validation,2,DOb,902,491,0.5443458980044346
mifal_controlled_degradation_v0,site_retention_25,site_retention,core,20260612,observable_no_current_chla,validation,2,Chl,902,0,0.0
mifal_controlled_degradation_v0,site_retention_25,site_retention,core,20260612,observable_no_current_chla,validation,2,Chl_prev,902,707,0.7838137472283814
mifal_controlled_degradation_v0,site_retention_25,site_retention,core,20260612,observable_no_current_chla,validation,3,Tw,908,490,0.539647577092511
mifal_controlled_degradation_v0,site_retention_25,site_retention,core,20260612,observable_no_current_chla,validation,3,TP,908,717,0.789647577092511
mifal_controlled_degradation_v0,site_retention_25,site_retention,core,20260612,observable_no_current_chla,validation,3,TN,908,523,0.5759911894273128
mifal_controlled_degradation_v0,site_retention_25,site_retention,core,20260612,observable_no_current_chla,validation,3,Secchi,908,834,0.9185022026431718
mifal_controlled_degradation_v0,site_retention_25,site_retention,core,20260612,observable_no_current_chla,validation,3,Turb,908,465,0.512114537444934
mifal_controlled_degradation_v0,site_retention_25,site_retention,core,20260612,observable_no_current_chla,validation,3,DOb,908,486,0.5352422907488987
mifal_controlled_degradation_v0,site_retention_25,site_retention,core,20260612,observable_no_current_chla,validation,3,Chl,908,0,0.0
mifal_controlled_degradation_v0,site_retention_25,site_retention,core,20260612,observable_no_current_chla,validation,3,Chl_prev,908,667,0.7345814977973568
mifal_controlled_degradation_v0,site_retention_25,site_retention,core,20260613,observable_no_current_chla,test,1,Tw,1271,699,0.5499606608969315
mifal_controlled_degradation_v0,site_retention_25,site_retention,core,20260613,observable_no_current_chla,test,1,TP,1271,1161,0.9134539732494099
mifal_controlled_degradation_v0,site_retention_25,site_retention,core,20260613,observable_no_current_chla,test,1,TN,1271,764,0.6011014948859166
mifal_controlled_degradation_v0,site_retention_25,site_retention,core,20260613,observable_no_current_chla,test,1,Secchi,1271,1142,0.898505114083399
mifal_controlled_degradation_v0,site_retention_25,site_retention,core,20260613,observable_no_current_chla,test,1,Turb,1271,671,0.5279307631785995
mifal_controlled_degradation_v0,site_retention_25,site_retention,core,20260613,observable_no_current_chla,test,1,DOb,1271,677,0.5326514555468135
mifal_controlled_degradation_v0,site_retention_25,site_retention,core,20260613,observable_no_current_chla,test,1,Chl,1271,0,0.0
mifal_controlled_degradation_v0,site_retention_25,site_retention,core,20260613,observable_no_current_chla,test,1,Chl_prev,1271,1188,0.9346970889063729
mifal_controlled_degradation_v0,site_retention_25,site_retention,core,20260613,observable_no_current_chla,test,2,Tw,1285,711,0.553307392996109
mifal_controlled_degradation_v0,site_retention_25,site_retention,core,20260613,observable_no_current_chla,test,2,TP,1285,1177,0.9159533073929961
mifal_controlled_degradation_v0,site_retention_25,site_retention,core,20260613,observable_no_current_chla,test,2,TN,1285,780,0.6070038910505836
mifal_controlled_degradation_v0,site_retention_25,site_retention,core,20260613,observable_no_current_chla,test,2,Secchi,1285,1144,0.890272373540856
mifal_controlled_degradation_v0,site_retention_25,site_retention,core,20260613,observable_no_current_chla,test,2,Turb,1285,684,0.532295719844358
mifal_controlled_degradation_v0,site_retention_25,site_retention,core,20260613,observable_no_current_chla,test,2,DOb,1285,689,0.5361867704280155
mifal_controlled_degradation_v0,site_retention_25,site_retention,core,20260613,observable_no_current_chla,test,2,Chl,1285,0,0.0
mifal_controlled_degradation_v0,site_retention_25,site_retention,core,20260613,observable_no_current_chla,test,2,Chl_prev,1285,1183,0.9206225680933852
mifal_controlled_degradation_v0,site_retention_25,site_retention,core,20260613,observable_no_current_chla,test,3,Tw,1299,722,0.5558121632024634
mifal_controlled_degradation_v0,site_retention_25,site_retention,core,20260613,observable_no_current_chla,test,3,TP,1299,1205,0.9276366435719784
mifal_controlled_degradation_v0,site_retention_25,site_retention,core,20260613,observable_no_current_chla,test,3,TN,1299,805,0.619707467282525
mifal_controlled_degradation_v0,site_retention_25,site_retention,core,20260613,observable_no_current_chla,test,3,Secchi,1299,1150,0.8852963818321786
mifal_controlled_degradation_v0,site_retention_25,site_retention,core,20260613,observable_no_current_chla,test,3,Turb,1299,707,0.544264819091609
mifal_controlled_degradation_v0,site_retention_25,site_retention,core,20260613,observable_no_current_chla,test,3,DOb,1299,702,0.5404157043879908
mifal_controlled_degradation_v0,site_retention_25,site_retention,core,20260613,observable_no_current_chla,test,3,Chl,1299,0,0.0
mifal_controlled_degradation_v0,site_retention_25,site_retention,core,20260613,observable_no_current_chla,test,3,Chl_prev,1299,1156,0.8899153194765204
mifal_controlled_degradation_v0,site_retention_25,site_retention,core,20260613,observable_no_current_chla,validation,1,Tw,773,348,0.4501940491591203
mifal_controlled_degradation_v0,site_retention_25,site_retention,core,20260613,observable_no_current_chla,validation,1,TP,773,624,0.8072445019404916
mifal_controlled_degradation_v0,site_retention_25,site_retention,core,20260613,observable_no_current_chla,validation,1,TN,773,494,0.6390685640362225
mifal_controlled_degradation_v0,site_retention_25,site_retention,core,20260613,observable_no_current_chla,validation,1,Secchi,773,707,0.9146183699870634
mifal_controlled_degradation_v0,site_retention_25,site_retention,core,20260613,observable_no_current_chla,validation,1,Turb,773,336,0.4346701164294955
mifal_controlled_degradation_v0,site_retention_25,site_retention,core,20260613,observable_no_current_chla,validation,1,DOb,773,345,0.4463130659767141
mifal_controlled_degradation_v0,site_retention_25,site_retention,core,20260613,observable_no_current_chla,validation,1,Chl,773,0,0.0
mifal_controlled_degradation_v0,site_retention_25,site_retention,core,20260613,observable_no_current_chla,validation,1,Chl_prev,773,682,0.8822768434670116
mifal_controlled_degradation_v0,site_retention_25,site_retention,core,20260613,observable_no_current_chla,validation,2,Tw,804,346,0.43034825870646765
mifal_controlled_degradation_v0,site_retention_25,site_retention,core,20260613,observable_no_current_chla,validation,2,TP,804,662,0.8233830845771144
mifal_controlled_degradation_v0,site_retention_25,site_retention,core,20260613,observable_no_current_chla,validation,2,TN,804,528,0.6567164179104478
mifal_controlled_degradation_v0,site_retention_25,site_retention,core,20260613,observable_no_current_chla,validation,2,Secchi,804,740,0.9203980099502488
mifal_controlled_degradation_v0,site_retention_25,site_retention,core,20260613,observable_no_current_chla,validation,2,Turb,804,333,0.4141791044776119
mifal_controlled_degradation_v0,site_retention_25,site_retention,core,20260613,observable_no_current_chla,validation,2,DOb,804,344,0.42786069651741293
mifal_controlled_degradation_v0,site_retention_25,site_retention,core,20260613,observable_no_current_chla,validation,2,Chl,804,0,0.0
mifal_controlled_degradation_v0,site_retention_25,site_retention,core,20260613,observable_no_current_chla,validation,2,Chl_prev,804,673,0.8370646766169154
mifal_controlled_degradation_v0,site_retention_25,site_retention,core,20260613,observable_no_current_chla,validation,3,Tw,810,340,0.41975308641975306
mifal_controlled_degradation_v0,site_retention_25,site_retention,core,20260613,observable_no_current_chla,validation,3,TP,810,669,0.825925925925926
mifal_controlled_degradation_v0,site_retention_25,site_retention,core,20260613,observable_no_current_chla,validation,3,TN,810,537,0.662962962962963
mifal_controlled_degradation_v0,site_retention_25,site_retention,core,20260613,observable_no_current_chla,validation,3,Secchi,810,746,0.9209876543209876
mifal_controlled_degradation_v0,site_retention_25,site_retention,core,20260613,observable_no_current_chla,validation,3,Turb,810,326,0.4024691358024691
mifal_controlled_degradation_v0,site_retention_25,site_retention,core,20260613,observable_no_current_chla,validation,3,DOb,810,338,0.41728395061728396
mifal_controlled_degradation_v0,site_retention_25,site_retention,core,20260613,observable_no_current_chla,validation,3,Chl,810,0,0.0
mifal_controlled_degradation_v0,site_retention_25,site_retention,core,20260613,observable_no_current_chla,validation,3,Chl_prev,810,645,0.7962962962962963
mifal_controlled_degradation_v0,site_retention_25,site_retention,core,20260614,observable_no_current_chla,test,1,Tw,1212,526,0.43399339933993397
mifal_controlled_degradation_v0,site_retention_25,site_retention,core,20260614,observable_no_current_chla,test,1,TP,1212,1128,0.9306930693069307
mifal_controlled_degradation_v0,site_retention_25,site_retention,core,20260614,observable_no_current_chla,test,1,TN,1212,782,0.6452145214521452
mifal_controlled_degradation_v0,site_retention_25,site_retention,core,20260614,observable_no_current_chla,test,1,Secchi,1212,1139,0.9397689768976898
mifal_controlled_degradation_v0,site_retention_25,site_retention,core,20260614,observable_no_current_chla,test,1,Turb,1212,512,0.42244224422442245
mifal_controlled_degradation_v0,site_retention_25,site_retention,core,20260614,observable_no_current_chla,test,1,DOb,1212,504,0.4158415841584158
mifal_controlled_degradation_v0,site_retention_25,site_retention,core,20260614,observable_no_current_chla,test,1,Chl,1212,0,0.0
mifal_controlled_degradation_v0,site_retention_25,site_retention,core,20260614,observable_no_current_chla,test,1,Chl_prev,1212,1165,0.9612211221122112
mifal_controlled_degradation_v0,site_retention_25,site_retention,core,20260614,observable_no_current_chla,test,2,Tw,1217,530,0.4354971240755957
mifal_controlled_degradation_v0,site_retention_25,site_retention,core,20260614,observable_no_current_chla,test,2,TP,1217,1130,0.9285127362366475
mifal_controlled_degradation_v0,site_retention_25,site_retention,core,20260614,observable_no_current_chla,test,2,TN,1217,789,0.6483155299917831
mifal_controlled_degradation_v0,site_retention_25,site_retention,core,20260614,observable_no_current_chla,test,2,Secchi,1217,1142,0.9383730484798686
mifal_controlled_degradation_v0,site_retention_25,site_retention,core,20260614,observable_no_current_chla,test,2,Turb,1217,519,0.4264585045193098
mifal_controlled_degradation_v0,site_retention_25,site_retention,core,20260614,observable_no_current_chla,test,2,DOb,1217,508,0.41741988496302385
mifal_controlled_degradation_v0,site_retention_25,site_retention,core,20260614,observable_no_current_chla,test,2,Chl,1217,0,0.0
mifal_controlled_degradation_v0,site_retention_25,site_retention,core,20260614,observable_no_current_chla,test,2,Chl_prev,1217,1159,0.952341824157765
mifal_controlled_degradation_v0,site_retention_25,site_retention,core,20260614,observable_no_current_chla,test,3,Tw,1227,534,0.4352078239608802
mifal_controlled_degradation_v0,site_retention_25,site_retention,core,20260614,observable_no_current_chla,test,3,TP,1227,1147,0.93480032599837
mifal_controlled_degradation_v0,site_retention_25,site_retention,core,20260614,observable_no_current_chla,test,3,TN,1227,807,0.6577017114914425
mifal_controlled_degradation_v0,site_retention_25,site_retention,core,20260614,observable_no_current_chla,test,3,Secchi,1227,1147,0.93480032599837
mifal_controlled_degradation_v0,site_retention_25,site_retention,core,20260614,observable_no_current_chla,test,3,Turb,1227,529,0.4311328443357783
mifal_controlled_degradation_v0,site_retention_25,site_retention,core,20260614,observable_no_current_chla,test,3,DOb,1227,513,0.4180929095354523
mifal_controlled_degradation_v0,site_retention_25,site_retention,core,20260614,observable_no_current_chla,test,3,Chl,1227,0,0.0
mifal_controlled_degradation_v0,site_retention_25,site_retention,core,20260614,observable_no_current_chla,test,3,Chl_prev,1227,1147,0.93480032599837
mifal_controlled_degradation_v0,site_retention_25,site_retention,core,20260614,observable_no_current_chla,validation,1,Tw,778,335,0.4305912596401028
mifal_controlled_degradation_v0,site_retention_25,site_retention,core,20260614,observable_no_current_chla,validation,1,TP,778,653,0.8393316195372751
mifal_controlled_degradation_v0,site_retention_25,site_retention,core,20260614,observable_no_current_chla,validation,1,TN,778,500,0.6426735218508998
mifal_controlled_degradation_v0,site_retention_25,site_retention,core,20260614,observable_no_current_chla,validation,1,Secchi,778,707,0.9087403598971723
mifal_controlled_degradation_v0,site_retention_25,site_retention,core,20260614,observable_no_current_chla,validation,1,Turb,778,328,0.42159383033419023
mifal_controlled_degradation_v0,site_retention_25,site_retention,core,20260614,observable_no_current_chla,validation,1,DOb,778,322,0.4138817480719794
mifal_controlled_degradation_v0,site_retention_25,site_retention,core,20260614,observable_no_current_chla,validation,1,Chl,778,0,0.0
mifal_controlled_degradation_v0,site_retention_25,site_retention,core,20260614,observable_no_current_chla,validation,1,Chl_prev,778,670,0.8611825192802056
mifal_controlled_degradation_v0,site_retention_25,site_retention,core,20260614,observable_no_current_chla,validation,2,Tw,804,332,0.4129353233830846
mifal_controlled_degradation_v0,site_retention_25,site_retention,core,20260614,observable_no_current_chla,validation,2,TP,804,685,0.8519900497512438
mifal_controlled_degradation_v0,site_retention_25,site_retention,core,20260614,observable_no_current_chla,validation,2,TN,804,529,0.6579601990049752
mifal_controlled_degradation_v0,site_retention_25,site_retention,core,20260614,observable_no_current_chla,validation,2,Secchi,804,733,0.9116915422885572
mifal_controlled_degradation_v0,site_retention_25,site_retention,core,20260614,observable_no_current_chla,validation,2,Turb,804,325,0.40422885572139305
mifal_controlled_degradation_v0,site_retention_25,site_retention,core,20260614,observable_no_current_chla,validation,2,DOb,804,320,0.39800995024875624
mifal_controlled_degradation_v0,site_retention_25,site_retention,core,20260614,observable_no_current_chla,validation,2,Chl,804,0,0.0
mifal_controlled_degradation_v0,site_retention_25,site_retention,core,20260614,observable_no_current_chla,validation,2,Chl_prev,804,652,0.8109452736318408
mifal_controlled_degradation_v0,site_retention_25,site_retention,core,20260614,observable_no_current_chla,validation,3,Tw,812,326,0.4014778325123153
mifal_controlled_degradation_v0,site_retention_25,site_retention,core,20260614,observable_no_current_chla,validation,3,TP,812,693,0.853448275862069
mifal_controlled_degradation_v0,site_retention_25,site_retention,core,20260614,observable_no_current_chla,validation,3,TN,812,537,0.6613300492610837
mifal_controlled_degradation_v0,site_retention_25,site_retention,core,20260614,observable_no_current_chla,validation,3,Secchi,812,739,0.9100985221674877
mifal_controlled_degradation_v0,site_retention_25,site_retention,core,20260614,observable_no_current_chla,validation,3,Turb,812,318,0.3916256157635468
mifal_controlled_degradation_v0,site_retention_25,site_retention,core,20260614,observable_no_current_chla,validation,3,DOb,812,314,0.3866995073891626
mifal_controlled_degradation_v0,site_retention_25,site_retention,core,20260614,observable_no_current_chla,validation,3,Chl,812,0,0.0
mifal_controlled_degradation_v0,site_retention_25,site_retention,core,20260614,observable_no_current_chla,validation,3,Chl_prev,812,624,0.7684729064039408
