source_id,site_id,year_month,module,module_seed,rank_sha256
wqp,wqp:21FLSWFD_WQX-23458,2011-12,ANFIS-T-no-current,2133,000587b0a5a76993ab3e63bf7e1c4525dd1530cfc2dfc672bf6560620a00d907
wqp,wqp:KAWNATON_WQX-KN-KL-004,2007-07,ANFIS-T-no-current,2133,00092edc79cb59321e2c23c896dde5f06d75c0f79fa7482e1d8689d19ec96792
wqp,wqp:21SC60WQ_WQX-CW-207,2000-01,ANFIS-T-no-current,2133,000a7f02506cd4e3ca67aa7337e55e83c73f1b8a246122297f111b2e1600d77e
wqp,wqp:21FLSFWM-KISSR0.0,1998-10,ANFIS-T-no-current,2133,000e3de77178b8b4d9f88e941abdbdfe372285367fed26fc4e79cc883d188bbf
wqp,wqp:MNPCA-10-0048-00-201,2006-06,ANFIS-T-no-current,2133,000e4ecddfce9c478ce1d09d808e5a1c61d7c1fc8c28e79bfccceb9fafcb5484
wqp,wqp:21SC60WQ_WQX-S-308,1999-10,ANFIS-T-no-current,2133,000f3ef10f0909fc06c18cbafc5cabd7aef144d0211a2480b83ef71d41409df6
wqp,wqp:MNPCA-62-0007-00-203,2015-06,ANFIS-T-no-current,2133,000f65dce01101e943edbb0d3d952ac6af5aa4d062ad5acaccec94a39dad9e41
wqp,wqp:CAPECRD_WQX-280,2011-05,ANFIS-T-no-current,2133,0015306fe4f3a6c0ecae5d4e084143a5369233a45ebb5ad83b92acc7002184de
wqp,wqp:21FLSFWM-TINMID,1991-07,ANFIS-T-no-current,2133,0018021313c67117b35298a6f23401bdecb5076f984d7cbbc63b594c5318328f
wqp,wqp:21SC60WQ_WQX-CSTL-075,2002-06,ANFIS-T-no-current,2133,001861acb137ac5f487705907d3e87f5f0f512a76775a781fa945c9a36fd8f04
wqp,wqp:21FLLCPC_WQX-YALEMARSHPK,2014-11,ANFIS-T-no-current,2133,00210b80a7db9fe1822a3a90c140c08cfc743ea4106ecfa14c5f4f6b48420ecd
wqp,wqp:KAWNATON_WQX-KN-KL-004,2017-03,ANFIS-T-no-current,2133,0022ddad08fbbc51762dbc706e944f52b7a860cdf9646ef19c2f207680142694
wqp,wqp:21FLSFWM-E02,1993-09,ANFIS-T-no-current,2133,00238ed056176851b67d47e35da16efe21e7c51b73b2ae564313261c5522fc6c
wqp,wqp:21FLCBA_WQX-WAL-TRESCA-1,2018-02,ANFIS-T-no-current,2133,0024e1579ef91aaa0625cc60a3e03938dd66eb1ca1ae278b3cda92320e69d2be
wqp,wqp:MNPCA-86-0281-00-201,1983-05,ANFIS-T-no-current,2133,002ae26253aec35e8f61cc8a5098d4e5fefd0beeb04bdd5c027e3e518708d6ba
wqp,wqp:21NC03WQ-CPF086F,2000-07,ANFIS-T-no-current,2133,002b21ff1db23561dc1764b7057ce558e3e3bf928f348a61f677f47990eeb6c3
wqp,wqp:21FLSFWM-L004,2000-12,ANFIS-T-no-current,2133,002c2b1ec120aa577f5c63fdcc3bcac5c39f4f3d14b5a90ce2d1828dd6a020e8
wqp,wqp:21FLSFWM-TIN16100,1997-04,ANFIS-T-no-current,2133,002f2250d4fc5162186826d91d4440a58936f75cc59692df575d9f090580e87c
wqp,wqp:21FLORAN_WQX-CC11,2005-04,ANFIS-T-no-current,2133,002fa4c1779b60cfbbe8f0d9c37ecc132e777fe5a6fc8f83d53550079089cb2a
wqp,wqp:21FLSFWM-MH32000,1996-01,ANFIS-T-no-current,2133,00305814ca96d2ca82b7f7e2dd315d6aece2ac3b5f37b160b1e524aeb7fba6bc
wqp,wqp:21FLSFWM-KISSR0.0,2003-04,ANFIS-T-no-current,2133,0030c63a6fc0e8a1cefcbb67f04180b854684468bf2513eb023e840bf715704f
wqp,wqp:MNPCA-82-0046-00-203,1989-10,ANFIS-T-no-current,2133,0030d2be44e1d6841bc5b0bfce95ab38edf97a39c7bbbba4f4a58016c79a1d00
wqp,wqp:CAPECRD_WQX-290,2005-12,ANFIS-T-no-current,2133,003152fbf168da1253aae2c84cab9dd4fe8af6bfa3a1809e4ef764e5c2cf0d03
wqp,wqp:USGS-295554095093401,2015-02,ANFIS-T-no-current,2133,0032097425cf5840a6deec6e25d78ba86069e9ed17baf805d0c331b13073c7e8
wqp,wqp:MNPCA-86-0284-00-100,1990-03,ANFIS-T-no-current,2133,00360cb532fc0d0298598283512d53f34f2f3a4b8f494bb8a44890e09df22dc8
wqp,wqp:21FLSFWM-L001,2003-02,ANFIS-T-no-current,2133,00380904f1a8080d33581ab74e35caf4df304c49266ff89b7fb62cd9c919406c
wqp,wqp:21FLCBA_WQX-WAL-DEER-1,2017-04,ANFIS-T-no-current,2133,0038fe52f2aba9055f9560fd2796454f562ea0bb24863c6f232a49f384422483
wqp,wqp:21SC60WQ_WQX-S-308,2006-06,ANFIS-T-no-current,2133,0043439b10c3188842c53c216a2aa988d569f97c0f1bc0c13f54f48b3d331713
wqp,wqp:21DELAWQ_WQX-108111,2012-05,ANFIS-T-no-current,2133,004570a3cab1d7a5e44bfe245a20135689115af23ea66644c847038e14b1231c
wqp,wqp:21FLLCPC_WQX-YALE,2017-07,ANFIS-T-no-current,2133,004a30edabde4b2cbaad573b65b19f181422e085416c8bcdbcde01538dc9b943
wqp,wqp:21FLSFWM-LZ30,1999-05,ANFIS-T-no-current,2133,004caf0475ce5d6e1489321c02a828f3f77d7d13964be3b2f1c8c65c4a1674a7
wqp,wqp:21NC03WQ-YAD169A,2008-08,ANFIS-T-no-current,2133,004d4cae7afa93878ebf7f9e957000e79c2bbdc3f10d66ea39052aaeee77bac9
wqp,wqp:21FLORAN_WQX-CC12,2007-07,ANFIS-T-no-current,2133,00500f37650ef1beb00a019eef990b6c3a2ef6597e0a24310c0ba475b6636792
wqp,wqp:21DELAWQ_WQX-205211,2016-08,ANFIS-T-no-current,2133,00502278fc46c1fddc85e46717b5f00ddcc9e08ba4457f75efa9d7227926b0e0
wqp,wqp:21FLSUW-ALL020C1,2003-08,ANFIS-T-no-current,2133,005774f4b0c287979f5cb6d5079b1bd42a8c04ced84c861e3c5a044c70392fa7
wqp,wqp:21SC60WQ_WQX-ST-032,1999-09,ANFIS-T-no-current,2133,0059c81680e535db30de04a2eece4ac6ea432a01a39559bcfa0f38850a876f5d
wqp,wqp:21FLSFWM-POLESIN,1997-02,ANFIS-T-no-current,2133,005c111199101499d1becc78ce7a6552bb0445f2ada0c88d2dff3d7c8fe706b0
wqp,wqp:21NC03WQ-B2450000,2016-08,ANFIS-T-no-current,2133,005daa5363809b41ab8533a935c032562bd1564b4c92e26c8b716f32aa999b9d
wqp,wqp:21NC03WQ-CPF086F,2006-07,ANFIS-T-no-current,2133,005df49d80330772c5bf8c5150d790fbe60ac473c0adb87f94f820931f707f9a
wqp,wqp:21NC03WQ-CPF087B3,2006-07,ANFIS-T-no-current,2133,0061d929efa42d2cc2aeed2775c680900c204b2f853e8d5d2b47c97d21886b7b
wqp,wqp:21FLSFWM-RITAWEST,1991-05,ANFIS-T-no-current,2133,0063507bbcb5c0d8c89060c34184dfaa0d8ed344d6547cd6aeadac44ce7ce8ee
wqp,wqp:21SC60WQ_WQX-S-022,2006-04,ANFIS-T-no-current,2133,00656fbca89db0470ff705e20b86d1a86045cc2a06afeeb8334cd3fc1d42f64a
wqp,wqp:21FLSFWM-D02,2003-05,ANFIS-T-no-current,2133,0066d0c29f8807ef29d2338afbaeee2f501530f1f4d88acb393c41b22194f4f6
wqp,wqp:21SC60WQ_WQX-S-311,2005-09,ANFIS-T-no-current,2133,006afc14742bc1c75cd009390942916876cff1d622499290042b0ad2c4439b52
wqp,wqp:MNPCA-02-0075-02-203,2005-05,ANFIS-T-no-current,2133,006b42babc9c215ae9471508d764a092bf0ae8c8ba9b5f42d4f1d0d28c2e4dda
wqp,wqp:21FLSFWM-B09,2003-12,ANFIS-T-no-current,2133,006c033d73e9f9389be7446218d369d72f18c4f931f13ae36e260e7a94df17c1
wqp,wqp:21FLSFWM-L004,1997-07,ANFIS-T-no-current,2133,006c2c299410375c120c2651f1b1947637f98acdcbf07e818464958f2876dc53
wqp,wqp:21SC60WQ_WQX-CW-207,2000-11,ANFIS-T-no-current,2133,006d5e7544b1eaa0499e22b3cf7caf9d0bef075d6469d8966c9dbfc889f8d180
wqp,wqp:21FLSFWM-L006,2001-04,ANFIS-T-no-current,2133,006d7805d9940a7ad9103734a336f3900916bd5f1632438c9ba6d2e5dfb3ec55
wqp,wqp:21FLORAN_WQX-HB66,2018-04,ANFIS-T-no-current,2133,0071088c10035469ec77e8a8554f699da33afb593361296bee2c6e53edbbfd1f
wqp,wqp:21FLSFWM-LZ42,2005-09,ANFIS-T-no-current,2133,00721e3925213c7e25298cce983cd35ea435234060e09962f694f8f97ce25eae
wqp,wqp:21DELAWQ_WQX-304321,2015-06,ANFIS-T-no-current,2133,007243e6b3eb7eb8c33fa83eff39c56735c9661be8de4b11266face0843e3bef
wqp,wqp:21FLORAN_WQX-CC13,2016-11,ANFIS-T-no-current,2133,007648fbcd873423dbb837f65f461212127f085fa5d1b5537097c30ed7996a3d
wqp,wqp:21NC03WQ-CPF087B3,2018-05,ANFIS-T-no-current,2133,0079eff26bcd778d4fe9ed635b70c8532bfaf1e6a78516e71640cc102e866a9c
wqp,wqp:CAPECRD_WQX-280,2003-01,ANFIS-T-no-current,2133,007ae9eb28b23368332c9346bec306b45e0af1c8d3397b94f519f9f3d0df354b
wqp,wqp:21FLSFWM-E01,1982-05,ANFIS-T-no-current,2133,007b93ee607830cac5c5ad19dc6ff7a7e87632db7ad14b579c1b00a5d33e4693
wqp,wqp:21FLSFWM-TINOUT,1989-03,ANFIS-T-no-current,2133,007ca4f96291f4ff3e16b61d90409b82a342b74f188d5dece2fe1407724d3923
wqp,wqp:21FLSFWM-MH16000,1997-10,ANFIS-T-no-current,2133,008075acc236e8646b79951ae27f2cdd89d60b03407bdbfe044830c551dae65c
wqp,wqp:21NC03WQ-CPF055D,2013-06,ANFIS-T-no-current,2133,0080b53ba6b87abeef2fc57bf9c5e4d1d700b807a799efb0dd86b8beeb9da112
wqp,wqp:21FLSFWM-STAKEOUT,2005-12,ANFIS-T-no-current,2133,0080ed692b6b6bb32ec491ff51e79dc8cca3c5722a738250c07baf1124d85f1f
wqp,wqp:MNPCA-62-0055-00-201,1987-08,ANFIS-T-no-current,2133,00816602ffa4b1a9fbfbdf9401a57eacbb8f3410f1b6cbd32b3fa7df3f1176ef
wqp,wqp:USGS-07049690,1980-07,ANFIS-T-no-current,2133,0081ff5312386f3c83dbf34dd2e3c91eabccb1b8adf95eaa55eeac27d3c25cea
wqp,wqp:21SC60WQ_WQX-CW-231,2007-06,ANFIS-T-no-current,2133,008b16bc141d046f45e74fdae38be413e00c80221fffa91160b0655eaa7c8597
wqp,wqp:USGS-07049690,1974-07,ANFIS-T-no-current,2133,008ca531cbc87e8b7fee77786d9ebfe236f3fd0b6681f68b4d7b3ce9d79dc6a7
wqp,wqp:21SC60WQ_WQX-S-222,2012-06,ANFIS-T-no-current,2133,00926469f6cf41365e1b42b8ee0bbd5188416c86666e4528ccb4af54d3171b6b
wqp,wqp:21FLSFWM-LZ42,2001-12,ANFIS-T-no-current,2133,00928123ea13257923fd776a7b3f2f58f7d9fa587db9ca1ceb02ff3d73326c3c
wqp,wqp:21NC03WQ-CPF087B3,2015-07,ANFIS-T-no-current,2133,0093a8cb00c146c337e683d6989971c9d5b81edd71db4c6d2a95243a70c1bd55
wqp,wqp:MNPCA-25-0001-00-247,1990-05,ANFIS-T-no-current,2133,0094afcaa742782091024a6ce265f4d7eaa9e075a645c22dfb42c79b42e32489
wqp,wqp:21FLSUW-ALL020C1,1991-09,ANFIS-T-no-current,2133,0098e7d9f1c457640e2f1de629d139cb0f1ef9b0ceb8579919872f5b53cba439
wqp,wqp:21FLSFWM-FEBIN,2005-10,ANFIS-T-no-current,2133,009a1619b9d84cf55a6c41a0a4b2373fd2931cfcccca6c54dc7d3c311a296d4d
wqp,wqp:MNPCA-62-0054-00-101,2012-01,ANFIS-T-no-current,2133,009bd9d8880ea5df05ca5c1de0a75d6070127ff2342de7f98027f1af901e86be
wqp,wqp:21AWIC-81,2015-02,ANFIS-T-no-current,2133,009c7fc02fe8dd1908700f55b8639030cc231edba72acbdb9fa363b6ba227fa7
wqp,wqp:MNPCA-62-0055-00-201,2018-10,ANFIS-T-no-current,2133,009dea12e8c3cb4a450b1c2ca7671c237916e733d9fea82b8f899dcf0fd48553
wqp,wqp:21FLSFWM-L005,1979-06,ANFIS-T-no-current,2133,00a824bd5c5837ceba449159887a07e8a8d39f0d20efb7aed2d49b2d289b58d1
wqp,wqp:21FLSFWM-STAKEIN,1994-08,ANFIS-T-no-current,2133,00a9d22706cbd9d805fe60c80b6aebb9f7399ee3cfd5ece4b711e6f05f613e7c
wqp,wqp:USGS-07049200,2002-09,ANFIS-T-no-current,2133,00a9f3b48f1ae42a6510b3553669f8f19369fc9c557a5a777805ebf44fdd9f28
wqp,wqp:21SC60WQ_WQX-B-327,2006-07,ANFIS-T-no-current,2133,00abb1e9c76eff01c2bdd81075129674d1880de6232f0a8dc256775cbc75f01f
wqp,wqp:CAPECRD_WQX-280,1993-12,ANFIS-T-no-current,2133,00ad2ba1ebf080461b59afc42a3cae6ef85be51321be1ebf2632666d0ab93719
wqp,wqp:21FLHILL_WQX-135,2006-10,ANFIS-T-no-current,2133,00ada1a0cb866acacaa05c9f610efce5c4b4634b7d46cb824a8a574073331c56
wqp,wqp:21SC60WQ_WQX-SV-098,2006-10,ANFIS-T-no-current,2133,00b17a9bebbe7d286f2d37c86f6cf46fe567cbf23738c87dfd48ce2581a87a08
wqp,wqp:21FLSFWM-B02,2008-11,ANFIS-T-no-current,2133,00b2d8b4f7583c140a16342baf0a3e8b6db8062bc1b42fbbbbdbf03d9d823959
wqp,wqp:LAKELAND_WQX-LH11,2011-10,ANFIS-T-no-current,2133,00b8c451b68813d8be711b78fb867cb03c54cc54f1ec5114ba8ca2db9ec5857a
wqp,wqp:21FLSFWM-RITAWEST,1992-07,ANFIS-T-no-current,2133,00bc8891d043eb8218b9261eb811851eb3c1bbfeeb93934e0fee63ca657529de
wqp,wqp:21FLSFWM-KBAROUT,1998-08,ANFIS-T-no-current,2133,00bce01aa7623c77cfdab6b380825f4315a7f6982ecce7ed564931c99e59789b
wqp,wqp:21FLSFWM-L003,1978-03,ANFIS-T-no-current,2133,00bdc9fbbda2899598bfe406c65646f92a2e8ff472689dd07c21d560428e80b7
wqp,wqp:21FLSFWM-LZ42,2004-06,ANFIS-T-no-current,2133,00c4fdfe6a4ab8c8f065f214c658f5509e1ab7c1fa82356095322a255c08d662
wqp,wqp:21SC60WQ_WQX-SV-361,2005-12,ANFIS-T-no-current,2133,00c73e974bcc803bd51b61d8ac7813cd8d285eaac1774b0a0c19b6519c8143b3
wqp,wqp:21FLSWFD_WQX-23631,2009-12,ANFIS-T-no-current,2133,00cb0efd23d2ffbd3f6694d50b4ead366e9b4b49382a1136117491f532750101
wqp,wqp:21FLSFWM-STAKEOUT,2000-07,ANFIS-T-no-current,2133,00cbd45ed247fb640581f1257ed21e2e0161adb0b8cce6a470f640b7b44cb43c
wqp,wqp:MNPCA-10-0007-00-201,1985-05,ANFIS-T-no-current,2133,00cbd9399549b151b35f3ca6921bd5b1947c3b01843589e774c20f459518a570
wqp,wqp:21DELAWQ_WQX-307171,2015-09,ANFIS-T-no-current,2133,00cdb014a168de127034ae6dec606dc82beb2bd1f11f3e86b51749929e01d485
wqp,wqp:21NC03WQ-CPF086F,2003-06,ANFIS-T-no-current,2133,00ce6d29d33984ab1c23fc3476307879105c7cff6831554332dc61fd804fd2f3
wqp,wqp:MNPCA-02-0045-00-202,1985-03,ANFIS-T-no-current,2133,00cf232f5f30f26a8f6cc812a1e6fbf372389bd943f0449ca8a191112cdefe45
wqp,wqp:21FLORAN_WQX-CC13,2010-02,ANFIS-T-no-current,2133,00d04d240ca53c0085265691dfe46bb2202f89a018edcc883404eaec7a48e704
wqp,wqp:21SC60WQ_WQX-B-345,2008-02,ANFIS-T-no-current,2133,00d08f91d65fd4a2a8f46bd190276b3c3ecf3ce4b84774fe3d9dfed31ef7b93d
wqp,wqp:21FLSJWM_WQX-45399,2018-01,ANFIS-T-no-current,2133,00d2d4a2951445832a72d7e65e5bfa76cef0f23d5c3ad4e38827404ef3d647db
wqp,wqp:21SC60WQ_WQX-B-345,2003-05,ANFIS-T-no-current,2133,00d2d7b373c1dc190d5ee3dfb6ae7a0553cf5db282fc3a9034aea75ac4e60ebf
wqp,wqp:MNPCA-62-0055-00-201,1996-07,ANFIS-T-no-current,2133,00d538a5348b4ce7aee078343eca3c08a626ae0cb96ff2d2d103cb11afff05a2
wqp,wqp:USGS-423526088380101,1986-07,ANFIS-T-no-current,2133,00d62bcc2c44065e1af2e0b6bbf0e5ca20be88f5cec309948365ed34e9050b72
wqp,wqp:MNPCA-62-0007-00-203,1998-09,ANFIS-T-no-current,2133,00d6fe77385a7daea3c0d6ed5a4918bac6df699029e470cfda86d81d529b1285
wqp,wqp:21FLSFWM-L006,2005-05,ANFIS-T-no-current,2133,00d7254319cc2849487714c514d9a3c4703bbf3333286ebf459b533b62cf6dad
wqp,wqp:21FLSWFD_WQX-23438,2007-08,ANFIS-T-no-current,2133,00dbf42c10ce5ce44cdac2ce973449e3f9d8b4d6748c2013c0115029354cd7bf
wqp,wqp:21FLSFWM-L001,1978-04,ANFIS-T-no-current,2133,00dffadb04bf01f42d1b20acfbda279f7f7686670d48eaa6e961a1caa5d360e4
wqp,wqp:21SC60WQ_WQX-SV-340,2008-08,ANFIS-T-no-current,2133,00e0471af6a48131f33e7a7705c52a1f5fd776a87f5d1aa2be8eac768352f685
wqp,wqp:21DELAWQ_WQX-208181,2012-05,ANFIS-T-no-current,2133,00e4d95d770bfb4f920d1de671f92e546557227dc27aac9d071e7b5ea94020e9
wqp,wqp:21AWIC-23,2010-05,ANFIS-T-no-current,2133,00e53500ec9640bc7411a850db4e316434b684064a2719c854c93b411bc46d87
wqp,wqp:21FLORAN_WQX-CC11,2007-02,ANFIS-T-no-current,2133,00e57c5d1147e510bd49761ff0cc2af4f47b33579d339b998d164ae9ae2bf39e
wqp,wqp:USGS-01201700,1978-11,ANFIS-T-no-current,2133,00e75d491ec879a840cb36a678f1735199dbe6a2253d37d502a93158caaa03c7
wqp,wqp:21FLSFWM-E03,1982-07,ANFIS-T-no-current,2133,00e76f76e3132f119a76c573847b3e6958f6e66a8bf56dd45dc0bb6c64df75cc
wqp,wqp:21NC03WQ-CPF086CUPS,2001-08,ANFIS-T-no-current,2133,00e9a06363a4988dbaa7f5cfafa87964c61b061737e17c0661ebafc6f92fedcc
wqp,wqp:21NC03WQ-NEU019L,2013-06,ANFIS-T-no-current,2133,00e9d12386d6ed189dc055ce2e082b04dc64f2b2213a03c0769fcffd93947b97
wqp,wqp:21FLSFWM-POLESIN,1992-01,ANFIS-T-no-current,2133,00eac6897ff49300314ae8b034ee197d1830a93e6e82abdf3594ea4925b3ae92
wqp,wqp:21FLSWFD_WQX-23631,2017-12,ANFIS-T-no-current,2133,00eb654b9c53a51951f33f1a51e4bee35fad3fb9c3add53b5aecb063bed00503
wqp,wqp:MNPCA-02-0075-02-203,1984-08,ANFIS-T-no-current,2133,00eb904a9d629a0e9083f7541ef04ba3935094999cf654a9bfa5e503f00397af
wqp,wqp:21NC03WQ-CPF081A1C,2014-06,ANFIS-T-no-current,2133,00ecbd7296d212584a4a25cb1582693ad56055e4d44f29aa4a4dc1216d1b484b
wqp,wqp:21FLSJWM_WQX-44673,2017-08,ANFIS-T-no-current,2133,00ed4a620af949504fb7d524ec8386e7afe42b17a754bcee9c17413e187169a7
wqp,wqp:21FLSFWM-L003,2000-10,ANFIS-T-no-current,2133,00eea9572ddc92888f32c9feb4085316e926f9a5fe0eab37e66d3d98789f06a4
wqp,wqp:21SCSANT_WQX-SC-014,2018-05,ANFIS-T-no-current,2133,00ef8194c07f9723a11fccc2c2c412269f255b0901edc7d484b404b306b78392
wqp,wqp:21SC60WQ_WQX-SV-200,2007-11,ANFIS-T-no-current,2133,00f34bb6b0ab4ba4fe51eea699e69cab52be95f6ff0e99728a3804ae66e22c79
wqp,wqp:21FLSFWM-C01,1983-03,ANFIS-T-no-current,2133,00f3c5b253439a1f4160376b2f9bf96becc0b1b4eff589de62d094d69d9b2365
wqp,wqp:21FLSFWM-D02,1986-08,ANFIS-T-no-current,2133,00f401115908f343b270b07a863be43fe28fff40a29974e073775124418a2166
wqp,wqp:21FLSFWM-LZ2,2005-03,ANFIS-T-no-current,2133,00f4184bde7a9dc0c796b501e8d51791980cd55c86e47c0d8ae9564740eacb58
wqp,wqp:MNPCA-86-0252-02-207,1989-04,ANFIS-T-no-current,2133,00f50fcfa524de4b2e25b643b8533ea2a98116835ba5459747bc767b4b99d159
wqp,wqp:21NC03WQ-CPF055D,2012-10,ANFIS-T-no-current,2133,00f66dd1bf42a57dab8151b37cefde8e095306f1863e95aa99216d6ddc66dda6
wqp,wqp:21FLSUW-ALL020C1,2006-02,ANFIS-T-no-current,2133,00f84d717ad5f6412117d40cdeb4f32ff25d4752f7bba96d56c217d2f3fa46d9
wqp,wqp:MTWTRSHD_WQX-GTOWN-LK-01,2009-08,ANFIS-T-no-current,2133,00f8e08c559b7ed8ec4309ae63a96b00b314d94fa42d9c9c78c8953928cdad4e
wqp,wqp:21FLSFWM-B02,2008-10,ANFIS-T-no-current,2133,00f8e8a89b2d9d92b995f0a848f2997f9d279e2b34ae36e1f4d46d750302cb56
wqp,wqp:21SC60WQ_WQX-CW-033,2018-01,ANFIS-T-no-current,2133,00fb98698fb459f88b93f938bd823ca927e10f2a10e8d731656cad9666e26287
wqp,wqp:MNPCA-86-0297-00-201,2017-06,ANFIS-T-no-current,2133,00fbd93a80fbfe936f4f6ceca6b02b6e88ff35dd0e2f3f9e521fe92f378f2aa5
wqp,wqp:21SC60WQ_WQX-SV-268,2015-01,ANFIS-T-no-current,2133,00fcf0ef123be2bc6dd58b40eb021bb5a2acbb525a5a199f848bbb1830841d88
wqp,wqp:21FLSWFD_WQX-23613,2017-12,ANFIS-T-no-current,2133,00fdb925f2521366df21b21691807fc3de5f909c8e39f64b1d063c60972a7ae1
wqp,wqp:21SC60WQ_WQX-SV-357,2014-01,ANFIS-T-no-current,2133,00fdea8386d3d5440bc0b81bb423de2d1f8b2e080d6b5249c32230f36a9593a0
wqp,wqp:21SC60WQ_WQX-SV-098,2016-05,ANFIS-T-no-current,2133,010038ba358c818af5aeb891e04ab208290bb11622e626530b388da5409ff716
wqp,wqp:21FLSWFD_WQX-23113,2002-12,ANFIS-T-no-current,2133,010253382e40d4c1678acdafde20599ff74e9aca61b065611234f45edc0d6fb3
wqp,wqp:21SC60WQ_WQX-CW-231,2008-03,ANFIS-T-no-current,2133,01030859c375d65d6f8e4da169437dda65b85af9ba861140c9bbf7782b3a1969
wqp,wqp:MNPCA-10-0048-00-201,2002-08,ANFIS-T-no-current,2133,010567576a2dbf8abec264a9ce136192b1bb0409405ef3dc7d6093d8068863c6
wqp,wqp:21FLSWFD_WQX-23609,2017-06,ANFIS-T-no-current,2133,01068e60ce4b83fe76a9d5604a7fa5e1202e08dd06e2da6c2620b46f083fe2fc
wqp,wqp:21FLSFWM-KBARMID,1996-05,ANFIS-T-no-current,2133,01089dad3801bf6810edf9add465ea47ca834a327872afc07de9a4961bd8030a
wqp,wqp:21SC60WQ_WQX-PD-327,2004-01,ANFIS-T-no-current,2133,010a62baa31a9614a21c733c0168531195b720f1df18d37df0f9f40649ee6331
wqp,wqp:CAPECRD_WQX-290,2013-09,ANFIS-T-no-current,2133,010e9e2d2616ed8b21f2e83991629e16773ca3f014651a24d09b6e99ce23afc9
wqp,wqp:21FLSJWM_WQX-44158,2018-06,ANFIS-T-no-current,2133,01129ca097df2b20e28bc5337d0dc9943b33f1ba5a952ac5ec6c58e5d6b554da
wqp,wqp:USGS-0690367690,1993-01,ANFIS-T-no-current,2133,0112f4c76f20f67437219e350478ea40539eddaa436ec841eaa1df066c4b1e35
wqp,wqp:MNPCA-86-0284-00-100,1986-04,ANFIS-T-no-current,2133,0114a2ede473cb6727ac3bebe13d392bb9376a305f32719ad845e356e1180024
wqp,wqp:21FLSFWM-STAKEOUT,1990-07,ANFIS-T-no-current,2133,01155fbfe497fd4758e85c07ab03acc4741cbbf731a6e81c2b6834b2735876f9
wqp,wqp:21FLSFWM-A03,2005-04,ANFIS-T-no-current,2133,0118d909567f938248beeb7dc345fd8d3ff590f5c02f9690d8e89abbc2159910
wqp,wqp:21SC60WQ_WQX-SV-200,2006-04,ANFIS-T-no-current,2133,011b9365e9d225ad52566110584dd56027baa1ffe87a414644770540b3f8b2c4
wqp,wqp:21FLORAN_WQX-BC14N,2017-09,ANFIS-T-no-current,2133,011ca8414aa169fc5d2f7cff259411dd155e5af6e6e0d61b41728ba235209c9f
wqp,wqp:21FLSFWM-TIN8100,1998-08,ANFIS-T-no-current,2133,011e7a2c5f455979ac4d9580fde04890ec902dd418a0b523c601caf6200813f0
wqp,wqp:21FLCBA_WQX-WAL-MORRIS-1,2017-09,ANFIS-T-no-current,2133,0120dbd30038fa8d4bbd0f0ba549d9b1aa00002bb489df4ea20ad1cbee3418f0
wqp,wqp:CAPECRD_WQX-290,2012-04,ANFIS-T-no-current,2133,0121c32b6199f9427f3d96daeae318ee8cab498b1bb8fcc53ebf5749b00e2d1f
wqp,wqp:AZDEQ_SW-32,1998-11,ANFIS-T-no-current,2133,0123dc8ec5d482c08c4e3687162e5cf1690c67625fef835a9e0dc60e47a5f054
wqp,wqp:21FLSFWM-RITAWEST,1990-06,ANFIS-T-no-current,2133,01248f35a217f9b0c7d04d4b2f975f27a6abf53760c8f960d2239bf5dc840e90
wqp,wqp:21DELAWQ_WQX-206361,2006-09,ANFIS-T-no-current,2133,01263c08134f34514ec401dee4b7f0605a6d3464f5ab30e712a6291b78348c02
wqp,wqp:21FLSFWM-L006,1978-06,ANFIS-T-no-current,2133,0126a4f10d9a4cb6cbef9d44b77540d49a312798e890661be905967543f1dd38
wqp,wqp:21FLSFWM-B06,1999-10,ANFIS-T-no-current,2133,012a997cff803a832f8ce4b116368c4bb401efeb7c0765117cbc2f42bae55e4d
wqp,wqp:21FLSWFD_WQX-23113,2008-01,ANFIS-T-no-current,2133,012c24fb11ec0c00784ca988b7e02fffb7794a4acbf4c47c7f1d8810c7da6eab
wqp,wqp:21FLSFWM-L004,1979-07,ANFIS-T-no-current,2133,012ef3ad7c2195cadc63510167bca20deb1c8017a95236d99bafebdf52c0b1ab
wqp,wqp:21GAEPD_WQX-LK_12_4048,2007-03,ANFIS-T-no-current,2133,012fb3b6f5f329dd04ef960fe6fa0b38fe8f4ae4f4362206c33a052c05a6fe86
wqp,wqp:21DELAWQ_WQX-206461,2006-11,ANFIS-T-no-current,2133,0133b62ebb30c46f8c191bf1fd8114e4a84c0f037e1ac533879d4a75035dfd14
wqp,wqp:21FLSFWM-KBAROUT,2003-12,ANFIS-T-no-current,2133,01354ad70e71775ab21959ba89250d59fe51f7cf0133b001cdb951d893b5f2bf
wqp,wqp:21SC60WQ_WQX-S-223,2004-05,ANFIS-T-no-current,2133,013d480d42c411e786dd3185d841b6f06a3be92213716a32181808326164509f
wqp,wqp:21SC60WQ_WQX-S-223,2003-04,ANFIS-T-no-current,2133,01401a7d98f540212f28917ae961d79ea83e9ea4f55bbb10627eb974194e818b
wqp,wqp:21FLSFWM-L005,1984-12,ANFIS-T-no-current,2133,0143ed6582d271f19e67fa121356b0200b8a0878800401b0ea247f908ae0e3d3
wqp,wqp:21FLSFWM-L008,2000-09,ANFIS-T-no-current,2133,01450ca0ef95352c11015b110d565b871dbb1db07da704136d1c93d959bd9741
wqp,wqp:21SC60WQ_WQX-SV-338,2018-09,ANFIS-T-no-current,2133,014751ab511a332d7024861003d7a1097715b72a4214bd497bb47bb0605c88ef
wqp,wqp:21FLSFWM-LZ42N,2006-05,ANFIS-T-no-current,2133,0148e5fa4527971f957bfb558abb587c52d45633f7d9265dc0255479fd605cb8
wqp,wqp:21FLSFWM-STAKEOUT,1993-04,ANFIS-T-no-current,2133,014927008ebda575a774d173c1dd4357448290d1077024dc6152dc959f9c6089
wqp,wqp:USGS-07049200,2017-05,ANFIS-T-no-current,2133,0149edc17c61a2db400bd52264f7d2b7e57b1ebfe0d7e0670de34706b661eeca
wqp,wqp:21FLSWFD_WQX-23480,2008-01,ANFIS-T-no-current,2133,014c44377baa2201fe24356df1e73ef18dc0ef29ed863f171a50a22cb36edde1
wqp,wqp:21FLSFWM-ISTK6,1993-11,ANFIS-T-no-current,2133,014c9707edbc313bd2d24fd52bd8be3abd7555d4c10918a3767ee40a5f19ead4
wqp,wqp:21FLSFWM-C02,1983-09,ANFIS-T-no-current,2133,014ce8d82b28ae95abb3976bc9754f89ce5871fad6e9e57b75d75717858c12f2
wqp,wqp:MNPCA-62-0013-00-201,1980-09,ANFIS-T-no-current,2133,014e622b9e7d238e31e9b6a933e88cf0bf06cd8fa3e44ff8bd1feca1c67789c0
wqp,wqp:21FLSFWM-L006,2007-10,ANFIS-T-no-current,2133,0150fea0dce6e1affc11b9094cfb4cf211e36d2ea4e234c0d5a285d59c8f4e97
wqp,wqp:21NC03WQ-YAD169E,2005-06,ANFIS-T-no-current,2133,0153aca84b430c4094ac1463b59f5454232fdcafa2cd650dfe01759632b504ad
wqp,wqp:21FLSFWM-E04,1989-04,ANFIS-T-no-current,2133,015ae7353a46a051066c90101461a5ff26ab3f0e2663fe0eb32573c195186812
wqp,wqp:USGS-423556088365001,2003-02,ANFIS-T-no-current,2133,015b4056f32e2536a685cfce52f527515c22bc51a598798c3c96f164985c56e9
wqp,wqp:21FLSFWM-STAKEMID,1989-03,ANFIS-T-no-current,2133,015f6e8b7a437297339a2bb2ffa6bb097789c4b345c02d7ab1ffbd3c478be817
wqp,wqp:21FLSFWM-A01,1998-04,ANFIS-T-no-current,2133,0161aa8a6fbcbe8888484662d95311f00561c3bdc4c4252c1ee394ed720d9682
wqp,wqp:21FLSFWM-ISTK1,1990-01,ANFIS-T-no-current,2133,01620efb6894369fc464d1fa63ab8fd96c036cedc91ba85c607092b09881260c
wqp,wqp:21FLSFWM-L003,1986-02,ANFIS-T-no-current,2133,0162109f794c1d03775332073a3184de0c030c04f41d61b35f57b992f213076a
wqp,wqp:MNPCA-25-0001-00-246,1992-09,ANFIS-T-no-current,2133,01629f44593b0809f4becd5313b570e2e137c2cf1174af87b1f9491605e9e8b4
wqp,wqp:21FLHILL_WQX-135,2010-10,ANFIS-T-no-current,2133,0167be8e128490c0d7149e7228a92975f53ece8874c17ce0ee45bd9082adf6d7
wqp,wqp:21FLSFWM-L003,2004-04,ANFIS-T-no-current,2133,016896d1c40318f922bb8cdc7025eea48c14b7c0f045126f80e480e642cfd7c0
wqp,wqp:21FLSFWM-ISTK7,2008-05,ANFIS-T-no-current,2133,01703a2645283bac21b0c50512aec1c5c8a1019bddfa5583ed9bdff5acf98394
wqp,wqp:MNPCA-62-0054-00-101,2009-08,ANFIS-T-no-current,2133,017053504aca46fd46d0a6b7bb9241c0a43943cbbeb2af2e6c2389b18081fdaf
wqp,wqp:21FLSFWM-A03,1984-01,ANFIS-T-no-current,2133,0170a07f233feb2ae1b93bebb00ed3bc22ebd07278eabb3daf48bccb7b83646b
wqp,wqp:MNPCA-86-0284-00-100,1981-07,ANFIS-T-no-current,2133,0171f706e2ec6ff55b9f07a4da49c4316001281fe64cd40ed1658dba1998405a
wqp,wqp:21FLSFWM-TIN16100,2006-09,ANFIS-T-no-current,2133,0172b25a2b5061b9fa7a05300a75cbb8c5b0ed97ef53360718deaee62731cfff
wqp,wqp:21FLSFWM-ISTK5,1989-06,ANFIS-T-no-current,2133,017393b09175bf3c1ca007544202dd33f5e26a22459c5e6513d20d80d1c20c4e
wqp,wqp:21NC03WQ-CPF087B3,2003-08,ANFIS-T-no-current,2133,0174b62ccb09f15d73935d074a92550f721097c3312f00f2bdff9b39674c86cd
wqp,wqp:21FLSFWM-L008,2006-04,ANFIS-T-no-current,2133,0174ef17ff934a4bb8daad831567bd3629fde83b93f6f0b44adfe4f2b3b9e78c
wqp,wqp:21SC60WQ_WQX-S-310,2001-09,ANFIS-T-no-current,2133,0177401925b4b8224b94ae0073faf4ef201e4f8aaa2bd1fd195e525d28ba9643
wqp,wqp:21SC60WQ_WQX-SV-335,2001-12,ANFIS-T-no-current,2133,0180aea98655ff732f0fc6571d3e2839b8575f838918188f73ad86ba1ed1367c
wqp,wqp:21DELAWQ_WQX-304321,2012-04,ANFIS-T-no-current,2133,018289978e75d17faed9c9b8f55f94708cc3669adaeb5a195602d1d0210037ff
wqp,wqp:21SC60WQ_WQX-CW-016F,2017-08,ANFIS-T-no-current,2133,01836171974169128dc08001b82a1efac98c17b53d413d1836aea29b035a02de
wqp,wqp:21FLSWFD_WQX-23467,2009-10,ANFIS-T-no-current,2133,0184170a4e0b11fd7c6f0b745ffcf8ddb11ef959f9490c8e5b3c8dd0ebd42ca4
wqp,wqp:21SC60WQ_WQX-S-308,2010-03,ANFIS-T-no-current,2133,0186d45c29173e700ce7f5e538caf3b2c00abe9497ba9eebfaf8f21aa5b1d649
wqp,wqp:21FLSJWM_WQX-44154,2018-10,ANFIS-T-no-current,2133,0188f1b625b2a5a4500d87ea7c53466d9d4c05d68f93da7ca0d91bb7afcd99e3
wqp,wqp:21FLSFWM-B08,1984-02,ANFIS-T-no-current,2133,018a2cf0c1274b0b91f6044720626e63720e0a2f6ca1439eb826dc878c91f156
wqp,wqp:21DELAWQ_WQX-205211,2012-01,ANFIS-T-no-current,2133,018d822046721da0918d989004311bfa83416c973fdff11ea55f7d18d1aa42c7
wqp,wqp:21FLSJWM_WQX-105729,2018-08,ANFIS-T-no-current,2133,018e267db3d9dba77d1ec2d203090625042b8c5ce2b4bd406312e2890a6a4c03
wqp,wqp:USGS-01657665,1973-04,ANFIS-T-no-current,2133,019153690e4dbaf7f75fb2441ba551814532594c9fe64d60e4a3194536bd451d
wqp,wqp:21NC03WQ-CPF087D,2015-01,ANFIS-T-no-current,2133,019288381e14fa489a8114dc259b3f93d2ce62bfc3153b1b4200113ba65ea93e
wqp,wqp:21DELAWQ_WQX-202021,2011-12,ANFIS-T-no-current,2133,019290a7c13d0dca9466d8690ebf6cdb33f9864a88c931191cbe6ab10bac46c3
wqp,wqp:21FLSFWM-L003,2002-03,ANFIS-T-no-current,2133,019a09ee444b5284ef953f46d6064069ff3ec7cb88003f1631f95b9308a780c3
wqp,wqp:21DELAWQ_WQX-109031,2001-07,ANFIS-T-no-current,2133,019a430a09f328826fa5962cd4f638436eadbaf36d784973fa88b9eb3d91e2fe
wqp,wqp:21SC60WQ_WQX-SV-340,2005-03,ANFIS-T-no-current,2133,019a8bbd5a7bb308f9113424deb65547faefa6933e00f9cd6702bdb1af8e70e6
wqp,wqp:USGS-421420121481700,2014-11,ANFIS-T-no-current,2133,019e527590d92264bb85d0ae605b543e2769998f5e148d2be06963364ba96bee
wqp,wqp:21SC60WQ_WQX-ST-032,2008-11,ANFIS-T-no-current,2133,01a01e867309e8323bd24655790c9fd5bd281a3223968441f062ad54b4c51cd8
wqp,wqp:21FLSFWM-B09,1991-11,ANFIS-T-no-current,2133,01a2ee82c1c4fe9790c10a5bc8e2752140b6965d1b6c84b0993e545b3e565aeb
wqp,wqp:21FLSFWM-B09,1983-08,ANFIS-T-no-current,2133,01a3665b0d234b0bcda0c321198b7f2bd0516a663cf63076ed783fc0a179dffc
wqp,wqp:MNPCA-25-0001-00-225,1997-06,ANFIS-T-no-current,2133,01a4aa90b2bf850750a002e1fabc7bfbd6db74f1a4f273177491284a0622b2bc
wqp,wqp:21FLSFWM-STAKEIN,1987-05,ANFIS-T-no-current,2133,01a6738c7d0be5014a4d63ce19bb2cec996013b154bf1c30f4297ffbf795f76c
wqp,wqp:21FLSFWM-PLN2IN,1995-04,ANFIS-T-no-current,2133,01a72926826de73e271ef98937573747f5c9562beaad008fc584ff09c7629f9f
wqp,wqp:21FLSFWM-B02,2000-04,ANFIS-T-no-current,2133,01a750be7982807e00d79ee6167c6272e44b1e86a78b53918e6ad54538a8915e
wqp,wqp:21FLSFWM-L004,1993-02,ANFIS-T-no-current,2133,01aa70f60f0d955bca5ff3e8412e0d808dce231d1d081c7e37dcbb48c046cf6a
wqp,wqp:MNPCA-25-0001-00-215,1991-07,ANFIS-T-no-current,2133,01aad1b959dcae607906b19810ce76112095b0252e7bceb00ebe01bbf469d572
wqp,wqp:21SC60WQ_WQX-CW-174,2002-01,ANFIS-T-no-current,2133,01ac9a3d696cfa5c5bd8d6b18fc23d20e2157cc2d8352e4d6f1c7052ff0b9fb6
wqp,wqp:21FLLCPC_WQX-LKSILVERSHR,2005-02,ANFIS-T-no-current,2133,01ace4c0a70e64917220c9fbe2f6105ee5f4eeeafc7baf856aafa0d1cfeabf54
wqp,wqp:21FLSFWM-FEBIN,2009-01,ANFIS-T-no-current,2133,01aeb7ab0db0d90a40e28058aea78041536d0d8161573d4167bf5f94eda6bde1
wqp,wqp:USGS-072632992,1991-02,ANFIS-T-no-current,2133,01aeceada147e07a4f00467fad7eb89ba7dafe4c1dec16a40e3c794657bb87ee
wqp,wqp:21FLSFWM-LZ42N,1998-05,ANFIS-T-no-current,2133,01af426ef18cdef4ffd7c50074578cfb5aa3ab5ee09b75aae8ddf9d518c8b2da
wqp,wqp:21FLSFWM-L008,2003-10,ANFIS-T-no-current,2133,01af4f0006a068ab9da4f4d2ea78a0a1fc7d8a39124ad0d5e95a078250a2123a
wqp,wqp:21VASWCB-2-XDD000.40,2016-06,ANFIS-T-no-current,2133,01b18bbb6f0be4b9c03703feac7fd9ea2eeae28288dcf6212231a078ef801ef5
wqp,wqp:21FLSFWM-L003,1983-09,ANFIS-T-no-current,2133,01b1bc0916852dfd58549ec799579a4f49ff82db1100a0e8da7ed799fbeedc12
wqp,wqp:21FLSJWM_WQX-442129,2018-06,ANFIS-T-no-current,2133,01b1d3de34713a9ecd17269b3c74f88c8bf97d2a9fbaaf89f5e340a291a90331
wqp,wqp:AZDEQ_SW-32,2015-05,ANFIS-T-no-current,2133,01b48d237806c82af15afcc61d42b7c8e64355813ce0fe4f501aa6d967febba6
wqp,wqp:USGS-423526088380101,1994-05,ANFIS-T-no-current,2133,01b644088330dc6656a4b2a8b35bb4838d676af7a58a50710744d9d263fafa20
wqp,wqp:USGS-423526088380101,2004-06,ANFIS-T-no-current,2133,01bb270ade8f140fd9fe2eeb8c9411fc5daf74236db8cac3cf285ccd9acf468c
wqp,wqp:21FLSWFD_WQX-23613,2008-12,ANFIS-T-no-current,2133,01bd2c1983a92822ea5d83ab364661244231eb33d58fbee34f5ca589b0149eed
wqp,wqp:21NC03WQ-CPF081A1C,2003-08,ANFIS-T-no-current,2133,01be4957bb593c1416acc7488c7e3d154c1a8a8a9492b15db09fbdaba287eece
wqp,wqp:21FLSFWM-L004,1990-04,ANFIS-T-no-current,2133,01be9153c51e353d1ab55443f362b172057614e59389299c5944bbd6752d2ba5
wqp,wqp:21DELAWQ_WQX-303051,2009-10,ANFIS-T-no-current,2133,01bf6df46dc12b0ec295c983d0dbe9c495afaecda30b002103b4fc931e0a62fc
wqp,wqp:MWRD_WQX-MILTON3P,2008-08,ANFIS-T-no-current,2133,01c277478d56d2c3bb8bfc1b4552b7693f414850985ee59d99f0f4fa819c00ce
wqp,wqp:21SC60WQ_WQX-CW-207,2018-11,ANFIS-T-no-current,2133,01c3d84984eff1d06d8ca9f680a6d15886717dcb9ba185cbe9dd2d2db98a3bb0
wqp,wqp:21SC60WQ_WQX-SV-340,2018-12,ANFIS-T-no-current,2133,01ca36414c561819fb5f88f235fcff99ed1123ff030f1e07ef5f4de09e9a5fc1
wqp,wqp:21DELAWQ_WQX-303051,2000-11,ANFIS-T-no-current,2133,01ce1d7b1cd31e08fb93ef105fe8807cc7bd6ef8274dfb5222359a1b1a9b2954
wqp,wqp:21SC60WQ_WQX-SV-268,2013-07,ANFIS-T-no-current,2133,01ce5de3cf001faafabf98d048693fc3464f653d7f607aeeb4722bfb87659168
wqp,wqp:21NC03WQ-CPF087D,2000-09,ANFIS-T-no-current,2133,01cfc8a720c2c479f4ad946c6922ca8a5f91ae8ab8b622e7ef7bce5e06e21b9f
wqp,wqp:21FLSFWM-E04,2007-01,ANFIS-T-no-current,2133,01d1b7db1ba4e1bfc9108cf6403bb409c9f779e8975b1374b940cf8b27a66a97
wqp,wqp:21FLSFWM-TINOUT,1991-05,ANFIS-T-no-current,2133,01d49583ced95b2115c9e6e238feca048269c2866b9b6303c9886a5ac77690e4
wqp,wqp:21FLSFWM-L003,1980-05,ANFIS-T-no-current,2133,01d762c7348e02e4d34e43b8ddf6d5004978c2a619395ff3b658af4bffb2fdb6
wqp,wqp:21FLSFWM-RITAWEST,1989-12,ANFIS-T-no-current,2133,01d81ee22b2dc0523a64a86ba7adfe761be80eef2998374b612e8db3936c4972
wqp,wqp:21FLCBA_WQX-WAL-FULLER-3,2018-02,ANFIS-T-no-current,2133,01d820d2a4d59389b534c5cbb95df96738d5d4134f8dc43c79adbd0ba6845dd4
wqp,wqp:21FLSFWM-TINOUT,1990-08,ANFIS-T-no-current,2133,01d972f961bfdfb8f1a5bb9b0a7cb30a9b35d9d9a1ebd123f364435ca4165774
wqp,wqp:21FLLCPC_WQX-GRIFFINTISH,2011-12,ANFIS-T-no-current,2133,01da22f882b8f3432300600ad49b443a62aca9ccbcdda9ec7f2e759fc4a6f966
wqp,wqp:21NC03WQ-Q5360000,2011-08,ANFIS-T-no-current,2133,01db40429946628d8ee71e4c3538e5cc891a53839b376c687a271471131e2c97
wqp,wqp:21FLSFWM-RITAWEST,2004-07,ANFIS-T-no-current,2133,01dc4ce5fa35c6c60e50d1528c2f700dad068450109423462647326d6c9c308c
wqp,wqp:21FLSFWM-L001,1980-05,ANFIS-T-no-current,2133,01dd7ac0669f317514500e173da1c66b7fae8ffee0b7fe41a8891d7a9bbd4be3
wqp,wqp:KAWNATON_WQX-KN-KL-004,2017-04,ANFIS-T-no-current,2133,01e09536f196fde46bc307095e60303f50b76e94eea4dd9c1553258c24d41c7b
wqp,wqp:21SC60WQ_WQX-SV-200,2001-09,ANFIS-T-no-current,2133,01e768c45c95670310321581f6fc64cecbf317e6b1e1dd66e1e678943c09f47a
wqp,wqp:21SC60WQ_WQX-B-339,2007-07,ANFIS-T-no-current,2133,01ebef4eb2a92456bd068896c814b1a578ba126bd250aac750f575e79e685f17
wqp,wqp:21NC03WQ-NEU018C,2016-06,ANFIS-T-no-current,2133,01eedb0992395ea6537532df3bf10b2e66ae3086e4a1bb61827bddedf4d3b04c
wqp,wqp:21FLSFWM-KISSR0.0,1995-05,ANFIS-T-no-current,2133,01f5070927fa53f1e72d812b4c2227f49628ce3b34edb77239dc026871f9e3aa
wqp,wqp:21AWIC-81,2008-01,ANFIS-T-no-current,2133,01f6f0fc2fb84e6b034cba13f48d8fca19411617323879957a4d44592f431d86
wqp,wqp:MNPCA-62-0055-00-201,1989-10,ANFIS-T-no-current,2133,01f77a6f1f1bfb2255ca98d2d238375a91de38d7b3a61aafed2ac9efa5ad2f9d
wqp,wqp:21FLLCPC_WQX-GREENWSH,2010-11,ANFIS-T-no-current,2133,01f8e6d98dc2c66820596c3faa96268c74be542ddbbca0db7ad252b4af7933f9
wqp,wqp:CAPECRD_WQX-280,2001-12,ANFIS-T-no-current,2133,01fd89800938204b75497715f257044040b66f8d3bc928f3b968aea113aff4e0
wqp,wqp:USGS-423659088354401,1983-12,ANFIS-T-no-current,2133,01fda6ef97004de2dd576371027692ed8ccaebae6b2e69153db0b2aab6dda823
wqp,wqp:21SC60WQ_WQX-CW-231,2004-03,ANFIS-T-no-current,2133,01fdf147e024f7edfe0eef22151632bf078c2d12de7f57cafa8fbb9f629a48dc
wqp,wqp:21FLCBA_WQX-WAL-CAMPBELL-2,2017-09,ANFIS-T-no-current,2133,01fe0559ca684ce96eae7ac94ddc5d51f2815dbbe12f07247f1c411fb4012197
wqp,wqp:21FLSFWM-LZ30,2008-10,ANFIS-T-no-current,2133,01ff499ef87459b64b43f491975ee71bdf940717134a2f25f15f2563fddbde84
wqp,wqp:21FLSFWM-A03,2007-01,ANFIS-T-no-current,2133,01ff646567b45be79511843a745fd5ed0c9729797631f89e2e0ee4168a477dc7
wqp,wqp:21FLSFWM-B07,1981-08,ANFIS-T-no-current,2133,01ffb720aabc603e7313ae80dca453e20ffaae5329e90c74920794628e95ffd8
wqp,wqp:21SC60WQ_WQX-SV-098,2002-11,ANFIS-T-no-current,2133,01fffed93ccdd9c1453bf21629907d412202a5432435f51d0738bf7bc7f28bb7
wqp,wqp:21FLSFWM-L003,2003-11,ANFIS-T-no-current,2133,0203e93d879fb1c8088b6b42f35c95e4477bbf845a31bc112925929cd96ea9ea
wqp,wqp:21NC03WQ-NEU010,2005-05,ANFIS-T-no-current,2133,020558b1f79a0c6294d9b8d2db7c140eaf696b8ab9e424677d6ec9b40d64d95a
wqp,wqp:21SC60WQ_WQX-CW-033,2007-09,ANFIS-T-no-current,2133,02056486827fe4b02ed88e15838e703a999e131a95882ca3705ec15d5eb173ae
wqp,wqp:21DELAWQ_WQX-205181,2016-04,ANFIS-T-no-current,2133,0205f7347628b0e4a7106584f941fa2ac9a424c08d40ba400a2fad3ae2ce0de9
wqp,wqp:USGS-07049690,1982-08,ANFIS-T-no-current,2133,020767aeb1285550c6c7c79cf5a5b08b0b28ac31c2d575e63e56506ac812c057
wqp,wqp:21FLHILL_WQX-135,2015-12,ANFIS-T-no-current,2133,020a3d1cf85c413f0c778db197b3b11354e5216442c197a86691908d6ee23f85
wqp,wqp:21FLSFWM-ISTK5,1995-09,ANFIS-T-no-current,2133,020a785d0de0467308ea5b77d97898c4c64243b1032e57fa5557745f200aa74b
wqp,wqp:21SC60WQ_WQX-CW-197,2003-09,ANFIS-T-no-current,2133,020b906a2821fdf516552f07119f5740bae27187445d4b1768ad57dbcc87d59d
wqp,wqp:21FLSFWM-B03,1982-08,ANFIS-T-no-current,2133,020c2f62e5fe70eface8e57907cc4991424741aca32fadff97c30b1a3a0fa783
wqp,wqp:21SC60WQ_WQX-CW-197,2002-05,ANFIS-T-no-current,2133,020d62d836f6244c0a8b40272cce377e2be27c9031070b5036ccaf126c209152
wqp,wqp:21NC03WQ-B2450000,2009-02,ANFIS-T-no-current,2133,020edadccb12b575d57e1a9e7b046c5086592a1863c3434b8f04e5d659b8baa4
wqp,wqp:MWRD_WQX-BARR3P,2014-01,ANFIS-T-no-current,2133,021031e1fa5401c522a34598b6d8494d1d156703fbd01932f69559ef894da9db
wqp,wqp:MNPCA-62-0007-00-203,2017-03,ANFIS-T-no-current,2133,021131e28e5d61ceda3ff16797f933c04855722a372a53fbc648247bb198dd37
wqp,wqp:21SC60WQ_WQX-CW-174,2002-03,ANFIS-T-no-current,2133,02118c65d054c7f7f5ca0a4679cb9790a128fd48f9dc4de6e887555482458e39
wqp,wqp:21DELAWQ_WQX-206361,2010-06,ANFIS-T-no-current,2133,02125adad093ea5fad27ce3fcc01bd0418ea719f5009a8b17daf89ff40ac9915
wqp,wqp:MNPCA-62-0007-00-203,1982-08,ANFIS-T-no-current,2133,02126b9f373b6b67608ef3db10c28c4fdf187e33c64d87f5c6878be593f7b9b1
wqp,wqp:21NC03WQ-CPF081A1C,2006-02,ANFIS-T-no-current,2133,02138361c6198a4dbaf17fc2171e961916c1b2e5578003de2dd688fe54ceb500
wqp,wqp:21FLSFWM-CPTOUT,1987-10,ANFIS-T-no-current,2133,0214a645d4aaf5cab56a13ebf3bd391b51eadae3da2ddf6581f13af73f73a2ab
wqp,wqp:USGS-423556088365001,2008-04,ANFIS-T-no-current,2133,021712a11f48a16b8ccd34b0ae766ff8069232bcd509bb5a188e705dd70b3597
wqp,wqp:21NC03WQ-NEU019C,2010-09,ANFIS-T-no-current,2133,021a4f4919c9bccf3218eb584391430fce848df1e5b4f6ed2f8ccf5e48fa6b01
wqp,wqp:21FLSFWM-LZ42,2009-03,ANFIS-T-no-current,2133,021b13702d90eb51e5a5ca613a6c96b0dbfbf449870d3f7ef6637e89fd1008f1
wqp,wqp:MNPCA-25-0001-00-215,1999-09,ANFIS-T-no-current,2133,021d96ad5dc225cbf240561cea11fedb285c392b79901c0804136bde812c76bf
wqp,wqp:21NC03WQ-CPF081A1C,2014-01,ANFIS-T-no-current,2133,021db61eee4e6f2e16ce0be565ad6bb865f47ace251c2d5f9d64f1c3520e2bae
wqp,wqp:21NC03WQ-YAD169B,2002-06,ANFIS-T-no-current,2133,021fc26c46b84b0d975007bb52fbe951e3c4e6507012393b5de178d196507699
wqp,wqp:USGS-07049187,2017-08,ANFIS-T-no-current,2133,0220322c9e99588001683d55ca872606843a04aa547685333a331aa517d39e2a
wqp,wqp:KAWNATON_WQX-KN-KL-002,2010-02,ANFIS-T-no-current,2133,0226cccc6261ba8ce068a4f60a6b3d4bb971a8a4ce90b370222c6032c8f1b08b
wqp,wqp:21NC03WQ-NEU020D,2015-03,ANFIS-T-no-current,2133,0227d37e14bf52cac96dd71ce3b1245893cc1e0545574e85a58ce3ca8a47af46
wqp,wqp:21VASWCB-2-XDD000.40,2012-02,ANFIS-T-no-current,2133,022b275a091ebd8c4de5f95d2b4b186598895110cc35e3a31f1ec477725fc1fc
wqp,wqp:21FLSFWM-LZ2,1989-11,ANFIS-T-no-current,2133,022bf7c6925cc3e44f91004b8f1c4397ef8f3f5e33fd7e11c5e384ef2d02b409
wqp,wqp:USGS-01201700,1983-09,ANFIS-T-no-current,2133,022cc8c2db0be3422432f273a2bc9754bab52e9b0db6b6cedb50a444da65352c
wqp,wqp:CAPECRD_WQX-280,2010-01,ANFIS-T-no-current,2133,0233e6654e5ffeb1ae631674c55db2b32e2750db6e012fcbfc5280b77f86fec5
wqp,wqp:21NC03WQ-NEU019E,2014-06,ANFIS-T-no-current,2133,0238cc02ca6d75ac3e4cb327cd3c15ab2254922a529eab4c4c90d423348b5315
wqp,wqp:21FLSFWM-PLN2IN,1997-05,ANFIS-T-no-current,2133,02397e4d19c2e2105737b06761d2877f20aee50522b71d5d3c61f1a57c6ccf12
wqp,wqp:USGS-07144790,1970-10,ANFIS-T-no-current,2133,023ae14304afa9f33105e05fd7d8be6fa666cc18805eb8381c74f1d7c436452e
wqp,wqp:21FLSWFD_WQX-23631,2008-02,ANFIS-T-no-current,2133,023dadf71ad56cff9204e5f0b9d3cbf9c122d451299ad26bce396e809215de45
wqp,wqp:21FLORAN_WQX-CC9E,2006-04,ANFIS-T-no-current,2133,024271fdbf36b7cfd851ea63ecc97a47ceecbf08f2abc1787dd778c4ac005ce4
wqp,wqp:21SC60WQ_WQX-B-327,2004-05,ANFIS-T-no-current,2133,024744485c42d2e343c1abefd004398504f4713d00a3666131558c1ea032abc8
wqp,wqp:21FLORAN_WQX-BC7,2010-01,ANFIS-T-no-current,2133,024783e2e49aa8c52b34dd1a3c11d979de0040fd39bd22ce1ceaab2c9b04b9e7
wqp,wqp:21SC60WQ_WQX-SV-331,2001-01,ANFIS-T-no-current,2133,02491d184721b245651860449c90bc2effeb909ea0e9e5da0e0b0e24fecd6cca
wqp,wqp:MNPCA-62-0013-00-201,1986-09,ANFIS-T-no-current,2133,024ae46bf31b320a3637fbfc96df4de2a71523236542d96c0866e497c3af11e1
wqp,wqp:21FLHILL_WQX-271,2018-10,ANFIS-T-no-current,2133,024b729fd7f9a9ecb877f9bfb84cc34f7b19bb6e3109aeacb4765fb498a8bfd5
wqp,wqp:21FLSFWM-E02,1995-11,ANFIS-T-no-current,2133,024cfa60862dfbfb80d7f626e8ef98b9797c1359e35b7885c311d22cb3295134
wqp,wqp:OKWRB-LAKES_WQX-520710020020-01,1999-10,ANFIS-T-no-current,2133,0250cedbf9be9c822dd698377f863dc4e08055f5e7f92181ef360cc07a5056bc
wqp,wqp:USGS-07049690,1984-04,ANFIS-T-no-current,2133,0251c39bba953e4502523e24cf40dbe80cd89911bca8bb42caa6ffe97806a9a7
wqp,wqp:21FLSFWM-KBARMID,1994-10,ANFIS-T-no-current,2133,0251f7d5bbe44cdf01648923ae1fc1157b324366ad0560956fa43ce9201a19dd
wqp,wqp:21GAEPD_WQX-LK_12_4048,1998-08,ANFIS-T-no-current,2133,02551a43523b82cbde8dde1271f9c83f17c6db819bf95e9d5e2308f165d180ed
wqp,wqp:MNPCA-82-0046-00-203,1995-09,ANFIS-T-no-current,2133,0256115fe4755c070642b496e34311ad2d9d08e32eea759bf31535bb0b55bc27
wqp,wqp:21FLSFWM-KBAROUT,1999-08,ANFIS-T-no-current,2133,025681de7b15bae2912a808fc7d43c9b530088b1098001801e51eed581d0e9c4
wqp,wqp:21FLSFWM-PELMID,1994-09,ANFIS-T-no-current,2133,02575df02e1e0d55332a5a8e7ece4b48b9d164d4549e6dbe0b55582026009558
wqp,wqp:21FLSFWM-ISTK6,2000-12,ANFIS-T-no-current,2133,02578662ef04bd2a47eba7bc3ff980c6480999be3ce706edf80dcbab8042e03c
wqp,wqp:USGS-07263299,2013-11,ANFIS-T-no-current,2133,0258ec22e120b412f78581b58bc58ca902b936a7ce105a2eec286b8d5bb6c374
wqp,wqp:21AWIC-23,2009-07,ANFIS-T-no-current,2133,025b720d41566d73cb46761a05d41b95c1c7f10a2b80cbb01a10b0ea715fa19f
wqp,wqp:21SC60WQ_WQX-S-222,2003-07,ANFIS-T-no-current,2133,025bdf5e0af3ffe32a0c0fcb9037847d0f9b600f3befd990283fa686269c0f9c
wqp,wqp:21SC60WQ_WQX-CL-089,2012-07,ANFIS-T-no-current,2133,025d78d79ca448edcedd904096247406bdf7244d9d2a49e5641f890bd3f654ac
wqp,wqp:21NC03WQ-YAD169B,2016-09,ANFIS-T-no-current,2133,0260d262a8c2cfd91c1cef3248fc53257c806f9a7ef71fffe6cf868d586e0483
wqp,wqp:21FLSFWM-L003,1995-01,ANFIS-T-no-current,2133,0263b6b416161817cc284c10c4b43cd55e136c75853cedf9dcb5ce56c0109ccc
wqp,wqp:21FLORAN_WQX-LE53,2018-04,ANFIS-T-no-current,2133,02655d1056973fd03d459605a206dcc8424b2336602ce92c09da18cf39ab4013
wqp,wqp:21FLSFWM-L006,1984-01,ANFIS-T-no-current,2133,026693fcf03b79537ac8bca3b48536db4518776781e9d4a2e9692539299da122
wqp,wqp:21FLORAN_WQX-BC8,2005-02,ANFIS-T-no-current,2133,0266f69bfb49eee3becb2a713aeb3c1097cce7a04491bab4a0240fac356b3658
wqp,wqp:21FLSJWM_WQX-44148,2017-04,ANFIS-T-no-current,2133,02686ed0cb80507f4bdb23104f43929b7ba7f7a7b6199e337fdea5cbb31ef218
wqp,wqp:21FLORAN_WQX-HB55,2018-05,ANFIS-T-no-current,2133,0269c26d28b031e5b909dbbdda29f6ea1dda0ec30ff7553074b47981d19462d6
wqp,wqp:21NC03WQ-YAD169A,2008-06,ANFIS-T-no-current,2133,026bac6736df2913f57324289822533b6b2f9cb6c23d6c310570117d6a7d0d5f
wqp,wqp:21SC60WQ_WQX-B-327,2006-09,ANFIS-T-no-current,2133,026c37d804626fd01fbea1fa777c120eec9664d1d05d60f0f0bae385390f57e0
wqp,wqp:KAWNATON_WQX-KN-KL-003,2015-05,ANFIS-T-no-current,2133,026c433f4a2f30fc9d307643acfe0ab9113d3506abb05d5244be2edc8361f37d
wqp,wqp:21FLSFWM-C03,1986-07,ANFIS-T-no-current,2133,026d4ea8643eba79a9646455cda31384362a030f1df3fb1498705213aa6aee31
wqp,wqp:MNPCA-62-0054-00-101,1995-09,ANFIS-T-no-current,2133,026fdf91f5b3077016c05e8b3ce61a095a76e30f8547da448b995a4d2bc8590a
wqp,wqp:21DELAWQ_WQX-205211,2011-10,ANFIS-T-no-current,2133,0272d2d94fb6365aae43cf678f756e0a49723538dd679f6cd3ad969bd88013cf
wqp,wqp:USGS-12301600,1975-07,ANFIS-T-no-current,2133,027623aed1ce44f4a489d4e1c8f7fc735a750ae80ddeaca42ab4066abfd4e424
wqp,wqp:MNPCA-25-0001-00-247,1992-04,ANFIS-T-no-current,2133,0277db0f95af81e83b98dde16e3b9e1e72c6c8c7a054b00b4a5246bb18bace77
wqp,wqp:MNPCA-25-0001-00-232,1998-05,ANFIS-T-no-current,2133,027b275bcab2facd015938f6bd1e36f904fd12f0df30469d0f2e3f9b947d1fa6
wqp,wqp:21SC60WQ_WQX-SV-098,2009-07,ANFIS-T-no-current,2133,027c5728aa38df4d62fe1246dd5ce10108a5f88ae1d112189a56bcb34c34676a
wqp,wqp:21SC60WQ_WQX-B-345,2009-01,ANFIS-T-no-current,2133,027d4dae09c090b31e1a0247b064b86f7839494a013f86470148453d898fd782
wqp,wqp:21SC60WQ_WQX-CW-197,2005-01,ANFIS-T-no-current,2133,02834cb234a9039836a5a956f6ea3058992ef73228fc4f7c0f9c219c9bc5e8e8
wqp,wqp:21DELAWQ_WQX-202021,2012-06,ANFIS-T-no-current,2133,02847226aa3f7a0d27cb2d078ffb6662a7c1ac307fba8c1c3c78609854c16ac0
wqp,wqp:21FLSFWM-L003,1982-05,ANFIS-T-no-current,2133,0286dbac778a53d5419155af9a4b5a334ada3057dd877cf74dfd1bbf509a6fcb
wqp,wqp:21DELAWQ_WQX-307011,2007-09,ANFIS-T-no-current,2133,028a9d768642daff9014d82f2f635c76d3da1264ebf2502d4da5aa301bf3547a
wqp,wqp:21FLSFWM-E06,1985-01,ANFIS-T-no-current,2133,028c7942a472bd62d13f549d4c43dfaf622f1e282c82d67d8d57e95fda5508bc
wqp,wqp:21FLSFWM-STAKEIN,1997-01,ANFIS-T-no-current,2133,028d0a08207818130b183b712206302e714e86031f850c3e82a77fc92635c63a
wqp,wqp:USGS-072632990,2008-02,ANFIS-T-no-current,2133,028fe1d2f306bfe234e3b7feab6b07f8271a9d64038974717a2d8bdc1c65cdd4
wqp,wqp:21FLSFWM-MH32000,2004-10,ANFIS-T-no-current,2133,0291df3b0f7c9fa7de5650d1e121dbf8311f951db4356dbbf048d7a5449780e6
wqp,wqp:21FLSFWM-TREEIN,1988-12,ANFIS-T-no-current,2133,0296f17c75278719c66188861c347457e0f0de606e925e0ecccc51c5a26dc406
wqp,wqp:USGS-07049690,1986-11,ANFIS-T-no-current,2133,029880dfd5ad3d9c8ffa569b22bab4f64793697708e7847dddd08738a34d9183
wqp,wqp:21FLSFWM-LZ30,1979-01,ANFIS-T-no-current,2133,02988ecde883f10e821246001857e20823ea76f26b1badb3772f46d8dcd0af2f
wqp,wqp:21FLSFWM-POLESOUT,1991-11,ANFIS-T-no-current,2133,029916e0b43b46fb6ae9a11c9a733ed243e5000777284c3907ababc402c9f744
wqp,wqp:21FLSFWM-PALMIN,1993-02,ANFIS-T-no-current,2133,029c6e276c46b2842ed1382b7b983287bf26c084027dd09213eed6b2c5256a03
wqp,wqp:21SCSANT_WQX-SC-005,2014-04,ANFIS-T-no-current,2133,029f8104722ebf777a19d0a78bfaaeb2764140fbc94384e979382141adeb177e
wqp,wqp:11NPSWRD_WQX-SLBE_PL_01,1990-07,ANFIS-T-no-current,2133,02a1287c239ed70539297ecb685beb4c9099106c5ea3f06f0387e219e549623e
wqp,wqp:21FLORAN_WQX-BC14N,2007-01,ANFIS-T-no-current,2133,02a1ca58ef4f847201c9b8f12ff1dc01f0330e469510990ab0dd47cf5f4ed5b9
wqp,wqp:21FLSFWM-L008,1993-11,ANFIS-T-no-current,2133,02a2879b73c0dacf3d7ddbb79e71a43469b050087fdbead5b91c740f7f4a0f7a
wqp,wqp:21AWIC-23,1993-05,ANFIS-T-no-current,2133,02a46ba24eede8f6bc7385c0389fa4e3a60fb8f3dd502c66cb27320441e5f701
wqp,wqp:USGS-295554095093401,2018-08,ANFIS-T-no-current,2133,02a57305f81cade2bcab0c809db8a07977c1efcd05b3a1444dfccf7998744d9f
wqp,wqp:21FLSWFD_WQX-23113,2006-11,ANFIS-T-no-current,2133,02a66d13c72213ac2baee02f73858f67dfc4acb35a4d98b62d26988f29fb1db1
wqp,wqp:21FLSFWM-A03,1995-05,ANFIS-T-no-current,2133,02aad57fb45bfcb1d51ac5047396f2ea1f532061367ffd5f635c3f4edbfc70e7
wqp,wqp:21FLORAN_WQX-CC17,2008-12,ANFIS-T-no-current,2133,02ab1860322aa7aa11a579b7525ba725c51e31bfa9a0638f12f51868083444e5
wqp,wqp:KAWNATON_WQX-KN-KL-004,2015-01,ANFIS-T-no-current,2133,02ab45ffcda152088c4a5c60a9815bd98d8b3bd71a2263dc2d79cfb1bc7b1bc8
wqp,wqp:21FLSFWM-B06,1990-10,ANFIS-T-no-current,2133,02ade672d44da7de6addce6440325acd2752ca18aa07aa83f9131234dc4e5bba
wqp,wqp:21DELAWQ_WQX-303331,2006-10,ANFIS-T-no-current,2133,02aebc9062c45c12c1a23f11e8bb481657ddd5de405c39c37cb5b5b39bca9d21
wqp,wqp:21SC60WQ_WQX-S-222,2004-01,ANFIS-T-no-current,2133,02b355240ac188164f7d569bcbfec86327931f07ec01ad8256d3a81531578808
wqp,wqp:21SC60WQ_WQX-SV-338,1999-09,ANFIS-T-no-current,2133,02b448a2082c9a949c03e669e0345290bdf95ca8c97b9bd44b359a1a6409c3cc
wqp,wqp:21SC60WQ_WQX-B-345,2005-06,ANFIS-T-no-current,2133,02bce98cf68f610ca65042cb043090b257c6b547f92bab6f38cd9759ee83ab51
wqp,wqp:MNPCA-62-0007-00-203,2006-09,ANFIS-T-no-current,2133,02bf8e84171558b1010676e5826584c3c425fa2b342ba78e214e9aa343fd9e16
wqp,wqp:MNPCA-02-0075-02-203,2001-06,ANFIS-T-no-current,2133,02c02221cbb3134b12418c927e7186ea511ad0f2fa576188b0a0cb45fbcb9f46
wqp,wqp:21FLSWFD_WQX-23609,2014-06,ANFIS-T-no-current,2133,02c206ef6e33ea7def889e71728450a30f40d82090376b5287964c3e48fb4e74
wqp,wqp:21VASWCB-2-XDD000.40,2015-08,ANFIS-T-no-current,2133,02c560139e5ba4656c17721a0336a642be0c6179bad432d1a0d8201edb57b91f
wqp,wqp:MNPCA-02-0075-02-203,1984-11,ANFIS-T-no-current,2133,02c7571a3cbd7e14ded99238acf3c24481c04a2ac68fd0cc8f25b8ad4d4be727
wqp,wqp:21SC60WQ_WQX-SV-200,2016-04,ANFIS-T-no-current,2133,02ccd2cf364f6e5581597e4ad9180cb9309b186d34b1ca44671a0f69180268dc
wqp,wqp:21FLORAN_WQX-BC6,2016-06,ANFIS-T-no-current,2133,02cd9ed26c48c2e2cffbb951dcef706bba49352febdc0ce2a25a2727ff436e29
wqp,wqp:MNPCA-62-0013-00-201,1982-09,ANFIS-T-no-current,2133,02ce4c7728934afa2d41afcd0e8b24a7dd05443003e6ce4b93587a627ead62f7
wqp,wqp:USGS-02207414,2006-12,ANFIS-T-no-current,2133,02d7c3f7bbe8ec0c57b5b8c817dafe2734dd62c20a07aad10b893a0477fc4aab
wqp,wqp:21DELAWQ_WQX-303331,2007-08,ANFIS-T-no-current,2133,02d8d7be4cab4d0f09be5e0a30338201b282a4ca08f46c81ff611d72f39423b5
wqp,wqp:CPNWATER-WW#3,2016-08,ANFIS-T-no-current,2133,02da910dc46692152a3f4d9ec47d3cd612dc0ef870368e6935366eb45d8c32bd
wqp,wqp:21FLSFWM-L001,2008-07,ANFIS-T-no-current,2133,02dbfbb58c04462854e0a25c0dc6fb2843c69a5fcdd0ccb3ea8bdf181148953e
wqp,wqp:21DELAWQ_WQX-206361,2001-09,ANFIS-T-no-current,2133,02dca3b075c1a658e6ab4ec7d131d61893f030bff0bff6e838c16716519febaa
wqp,wqp:21DELAWQ_WQX-109191,2013-03,ANFIS-T-no-current,2133,02dd0caa58b7b2b551fae0db411e155a5305b263cd8aa40104bb362d842ad6f3
wqp,wqp:21SC60WQ_WQX-S-308,2015-11,ANFIS-T-no-current,2133,02dd564de595b8434e0c5686668cd2c4dcb6a1cf9de660e5e80522076457a841
wqp,wqp:MNPCA-02-0045-00-202,2001-06,ANFIS-T-no-current,2133,02dfb52cffc2f513d5fd128ac10019662bbcf2102804303521498283c325c32a
wqp,wqp:LAKELAND_WQX-LH29,2010-07,ANFIS-T-no-current,2133,02e195729b2f4ddbc313d411fe237998e880b5f45b001511597df83257fa0a66
wqp,wqp:21FLSFWM-ISTK3,1988-05,ANFIS-T-no-current,2133,02e2254a809da51fb4107015ed9aca65847a97a80113f334d3b1f3f0ef4d018a
wqp,wqp:21FLSJWM_WQX-45399,2018-07,ANFIS-T-no-current,2133,02e5caad3ba94bb70fde5cf3b360263f1f0ca74fc32c015978912787106775c2
wqp,wqp:MNPCA-62-0007-00-203,2011-04,ANFIS-T-no-current,2133,02e9a79ee7453d4d46fe8322e77b4bf0cf5402a6be039a5c4d22fd8b9c610abd
wqp,wqp:21SC60WQ_WQX-CL-089,2010-08,ANFIS-T-no-current,2133,02f24015592a409c58e8cea2d96581ee340d738e1c1d3bb9ff79911f2e3d0a28
wqp,wqp:21FLSFWM-L004,1982-07,ANFIS-T-no-current,2133,02f2a7744f13d662d09311a05abde132d27fb2bcd90198c79ff4f0eaf8daeefa
wqp,wqp:21FLSFWM-KISSR0.0,1991-07,ANFIS-T-no-current,2133,02f5d01541d118b618c1db8b779ee16e8e372a2171b8138776031539ed47ab10
wqp,wqp:21SC60WQ_WQX-SV-335,2008-04,ANFIS-T-no-current,2133,02f68f95d0b63f5ec032b324bcaff4cd9f28b27e3a35e714d44990140a2388b2
wqp,wqp:MWRD_WQX-BARR3P,2016-02,ANFIS-T-no-current,2133,02f720b0a2e10e1fd8c79ee15eb4ffec748b5f25100cc35b5dfae1371091b1b9
wqp,wqp:21SC60WQ_WQX-ST-032,2001-10,ANFIS-T-no-current,2133,02f78bb2f49c0dcf23794276493c7284db0c0e6521fda38bc1f965367fdc4a1a
wqp,wqp:USGS-07048910,2013-05,ANFIS-T-no-current,2133,02fb36042780beddb01886cc064cd1daf9b8657be25fe1dde13dc1cd6636f57a
wqp,wqp:21SC60WQ_WQX-S-311,2013-06,ANFIS-T-no-current,2133,02fcd08c9b74ef65a95020467ce1e7e669196608e02ea26195fdd6558085d3fe
wqp,wqp:USGS-07049187,2018-09,ANFIS-T-no-current,2133,02fecfadca650f9ae44a148f4b6468535256b23f7597defb90d0de681c2b4e1e
wqp,wqp:21NC03WQ-YAD169B,2008-04,ANFIS-T-no-current,2133,02ff301564bfa11b0be580af8c7f156ebc42f1f6d915b7b1c7f6a37e5329b845
wqp,wqp:21FLSWFD_WQX-23144,2008-06,ANFIS-T-no-current,2133,0300a3948bd55c59b44f334728e9aefcdf2f0308250c1f1bddfb516905072138
wqp,wqp:21FLSFWM-KISSR0.0,1998-06,ANFIS-T-no-current,2133,03011a2429a23271cf97b22ba1c0954c85d2721863027215e11bdb1a85540da1
wqp,wqp:21FLSEM_WQX-SPR,2014-02,ANFIS-T-no-current,2133,030120e27171ada514e154b03533bff38f83830fb375c0231ac0e7dc9a4558ce
wqp,wqp:21FLSWFD_WQX-23438,2008-09,ANFIS-T-no-current,2133,030145f08c3430e311b8f08b24213f37b54281b46a4c989ac9074d937f7b9bc5
wqp,wqp:MNPCA-86-0252-02-207,1983-04,ANFIS-T-no-current,2133,0302ae29363269a615b802f99ef0de21bc62df6b4679bafaffe5c9fdc887bc68
wqp,wqp:21FLSFWM-STAKEIN,1997-08,ANFIS-T-no-current,2133,0305ef0c05e9ef6b174d4874079fe047f7c9819740280f8e0c5f77212f5250b2
wqp,wqp:21FLSFWM-B09,2007-01,ANFIS-T-no-current,2133,030710232e7af4a5d6b555ab5f9433b3ce117e72b433a47c63951d93d8f6921b
wqp,wqp:21SC60WQ_WQX-CW-033,2007-06,ANFIS-T-no-current,2133,030a35493ab944828667db9ba3394d70b13a4c4754c93cf7baad4a7efd94e3ba
wqp,wqp:21FLSFWM-RITAWEST,2006-09,ANFIS-T-no-current,2133,030b3dd38c2d3b470efde54512377357d189e9333dfa244134792bed66f6c0e3
wqp,wqp:21FLSFWM-B09,1997-07,ANFIS-T-no-current,2133,030ba594306550a68677756ecf3709eb2fc440cfec3d4cef9dc41e0f06f8bc50
wqp,wqp:USGS-423556088365001,1990-03,ANFIS-T-no-current,2133,030c25b445e3fd186af2bf2fc4a487f847b5441c9c8c171e611f061941d58a5b
wqp,wqp:21DELAWQ_WQX-206461,2008-12,ANFIS-T-no-current,2133,030caf6d386f183699355bfc789a9304337041ab2582e7ec73a7e4311fa03630
wqp,wqp:USGS-07049187,2015-06,ANFIS-T-no-current,2133,03123ea818bcb16e91a46abb25275095d272c6ae76d9c747f86471e96354cce3
wqp,wqp:21SC60WQ_WQX-SV-098,2003-07,ANFIS-T-no-current,2133,0316e9ac2966bd9af91028db793a75c16226fe3ac182b1361d6c587cf05d82bd
wqp,wqp:21GAEPD_WQX-LK_12_4048,2015-12,ANFIS-T-no-current,2133,0317c22f3b91f78c588f1b20d847dd25faeea228f1b8fff93b21098ef521a8d3
wqp,wqp:MNPCA-62-0013-00-201,1997-05,ANFIS-T-no-current,2133,0317ff5da845e57db9d7e4130d2e69ccaabfab865d1a77ac269100b4e4f1feb0
wqp,wqp:21DELAWQ_WQX-303331,2007-02,ANFIS-T-no-current,2133,031a35d0dbcbc13be94f2127587625094abe256787cb0e4de152dab7cac8bc81
wqp,wqp:21FLSFWM-KBAROUT,1989-08,ANFIS-T-no-current,2133,031a59883b6263bacd1da715329ab3bda07876cea0ed5824ff4c6be8f2000517
wqp,wqp:21FLSJWM_WQX-44676,2017-04,ANFIS-T-no-current,2133,031b53e5d19f61c1f5340852ce24178362bc5399cd21d0f2c213fe9e6798703b
wqp,wqp:MNPCA-62-0013-00-201,2009-09,ANFIS-T-no-current,2133,031d69a6d058e56303d16756c94aa0f30962db9f13032fd97baef7e1761e560a
wqp,wqp:USGS-072632972,2012-08,ANFIS-T-no-current,2133,031e462f5076304e85343503cc6a9538de46c7157d0485069c8ac6116cbebe86
wqp,wqp:21DELAWQ_WQX-109191,2013-06,ANFIS-T-no-current,2133,032021e106d38daea3a72ff1a143ec54dc09c2f9d55ae60d7fa9f48f2b526d14
wqp,wqp:USGS-07049200,2002-08,ANFIS-T-no-current,2133,0321034864b8dd00c2c82a9a1ac1c1399c80abfcce340a0e298f28e99e218d9a
wqp,wqp:21FLSFWM-RITAWEST,1999-07,ANFIS-T-no-current,2133,03294f2ce082b9a2a04774ddc57bccab2d0ecc648d254a6e8121153e137e029d
wqp,wqp:USGS-07049200,2012-09,ANFIS-T-no-current,2133,032a4423f247f136dd3270c7660460daeea8ed4f75a5dca44f782ab0d05dc645
wqp,wqp:USGS-0690367690,1993-12,ANFIS-T-no-current,2133,032dd86c11fc99a01a70ec2757228ca1f40e807642dc39c964af4037b2e416b7
wqp,wqp:21FLSFWM-B02,1991-05,ANFIS-T-no-current,2133,032e3567d9cc5210f569be575256b2300e01b96b58563853613e68ca8a37e5e9
wqp,wqp:21FLSFWM-RITAWEST,1993-08,ANFIS-T-no-current,2133,032f552e490ae294d70541152cf8c160decf29068b103c78333687b20667a537
wqp,wqp:USGS-072632972,2010-01,ANFIS-T-no-current,2133,032fa9bf5ea3f4320a3799ccacc10fa1fa5e431aac77cbd7cad32f16da238def
wqp,wqp:MNPCA-25-0001-00-231,1990-09,ANFIS-T-no-current,2133,0330d544b04c7cbc2f83443a4d306ebb22abdd2626401de29a35d8bf6f5df9fd
wqp,wqp:21FLSFWM-LZ30,1993-11,ANFIS-T-no-current,2133,03319f94ba56197828c132188a9a8a621dd05fe17b7b659c213d26e182734810
wqp,wqp:MNPCA-86-0252-02-207,1982-10,ANFIS-T-no-current,2133,03348d7e788563c567f906928f2a7ad69538bda782ceb3079799d4f451c04ef9
wqp,wqp:21DELAWQ_WQX-308071,2002-09,ANFIS-T-no-current,2133,03353914e64137f802a8d49f451ea873b172c4e08bbf37037f9829fa913a2dc3
wqp,wqp:21FLSFWM-C03,1989-11,ANFIS-T-no-current,2133,0336e59b1b19bc7c1b900fcf4780bb0dbb72bc1f9a2c6cd38a302dfcf0042695
wqp,wqp:21FLSFWM-L005,1982-06,ANFIS-T-no-current,2133,03400c734c2329a694b6e149d939dbf211e1df2552717d42aff96eedc9227093
wqp,wqp:21FLSFWM-POLESOUT,2002-11,ANFIS-T-no-current,2133,03410d1ab94f588abdd9238112d3e61629927cd177777830dace9faa3f49d092
wqp,wqp:21SC60WQ_WQX-CL-089,2002-04,ANFIS-T-no-current,2133,03422233d42191c9dab1f8b69165a6fe7b1b342bde100eafe1edfb9e73cc08f1
wqp,wqp:21FLSFWM-ISTK5,1996-04,ANFIS-T-no-current,2133,034375a604d47c52ff07c465b5abfc1eb8660787e877d2b6f55899bb73473c68
wqp,wqp:21FLSFWM-TREENOUT,1990-10,ANFIS-T-no-current,2133,034a63bad39f3f0a6f42f6f83c3d2ce3211b8830393c9499e54c3ddec861a2f8
wqp,wqp:CAPECRD_WQX-280,1996-11,ANFIS-T-no-current,2133,034b1005a224eec986ed5c727ae9db248fbf0394eb4d2c1e424d98587ff7276e
wqp,wqp:21FLSFWM-POLESOUT,1989-06,ANFIS-T-no-current,2133,034b87f3063b01c7af1346dde839071b67724eaeada844f7b8d4e5306426a87e
wqp,wqp:21FLSWFD_WQX-23438,2014-09,ANFIS-T-no-current,2133,034bbec2f2beafcd25d75a45e1abfa802788f014c132a85d3632243f83ba86cd
wqp,wqp:21DELAWQ_WQX-307171,2006-08,ANFIS-T-no-current,2133,034c8ffcc79f6c14ec5f01104f4b6e83be2033d707779d5e0ed6346e113c7d27
wqp,wqp:USGS-01201700,1977-12,ANFIS-T-no-current,2133,034f1dd4de818447666a667fabd8e2f20f6143cfc763f865636e7a43c72dfaf2
wqp,wqp:21FLCOLL_WQX-LKTRAF4,2014-08,ANFIS-T-no-current,2133,0350c0e608309320aeb1bd0dbc2f2b32cc677bcd225c756abefd3058cf7389c3
wqp,wqp:21FLSFWM-B09,1987-10,ANFIS-T-no-current,2133,0351213f2b2313d3d9602ffb67a0316aa2e13d50c41b53cb8f5aa5147cb09d29
wqp,wqp:21FLSFWM-L001,1980-12,ANFIS-T-no-current,2133,03572567242d2d364496a08e052dc44e133461fc74619e9ea674ba1f95495799
wqp,wqp:21DELAWQ_WQX-308071,1998-06,ANFIS-T-no-current,2133,0357db3801bec2765e8bfa932acfc4af8867b3eea2de058339010ef90ae327aa
wqp,wqp:21FLSFWM-STAKEOUT,2002-04,ANFIS-T-no-current,2133,0358ceb7425dc72a437ca6074851e88011d0462fb9cc2438b769b03244d9a3ba
wqp,wqp:21FLSFWM-STAKEOUT,2008-02,ANFIS-T-no-current,2133,035982c5b657e6207a74db6a3c021198f1d140c43958a1af87d052ce8c97ae88
wqp,wqp:21FLSFWM-A01,1997-04,ANFIS-T-no-current,2133,035e2d16f18fca0716e9137e86f2c4f30b23abc053b7f58ecbe802b11c747932
wqp,wqp:AZDEQ_SW-33,1998-09,ANFIS-T-no-current,2133,035e79fe0df24df807942c65726859da660281866e70e17a18c5f457540fd769
wqp,wqp:21FLSFWM-TIN8100,2000-01,ANFIS-T-no-current,2133,0360f2f1dd534daa07cc977d5cbd31f1404fdf59df7aff7aff86729ec62ec339
wqp,wqp:21FLORAN_WQX-CC18,2006-04,ANFIS-T-no-current,2133,03612d411e9ab87f3c3d3b37c11c656647d7af7e9ac88531af6e3fd9345d8b68
wqp,wqp:MNPCA-25-0001-00-232,1994-06,ANFIS-T-no-current,2133,03636559b616b0bcc6ae888283cbab045ea55ef274431b7d7a1f5f028062fa35
wqp,wqp:21NC03WQ-NEU019P,2013-12,ANFIS-T-no-current,2133,0365b27098b25aab5cc22527a20d4ab4238b5be464c0c74d6a1defa64e8905a7
wqp,wqp:21DELAWQ_WQX-304321,2017-02,ANFIS-T-no-current,2133,0366f37b147d92330da8348a0c33c3ee0d31471b9a2643e10e42cc9b7ac97692
wqp,wqp:21FLSFWM-ISTK2,1992-03,ANFIS-T-no-current,2133,03686ef7c71f5611444ab88549d9b894227596a8480e66d3e8c45045ff1a9ff7
wqp,wqp:21SC60WQ_WQX-CL-089,2014-12,ANFIS-T-no-current,2133,036acf213b7621ae003d2bf448127be0b619d5c2be4cf7bfc4016dc9edbeea10
wqp,wqp:21FLSFWM-ISTK7,1990-02,ANFIS-T-no-current,2133,036acfba196ec89555eca8bec9f90a713ab8dcdf6a806483d4c5a5517061fddd
wqp,wqp:21FLSFWM-POLESOUT,2005-04,ANFIS-T-no-current,2133,03701c131ac8192eece0cefd440b931d354927cdcaabd7c859306a2a391500e6
wqp,wqp:USGS-294643095035200,2016-09,ANFIS-T-no-current,2133,03710fa1d357d355f03b760028b90597c1ea7f07697991781c94585600a0413f
wqp,wqp:21DELAWQ_WQX-304321,2014-10,ANFIS-T-no-current,2133,0372c2781d97c45fcdc702944556509f6c5630c40e8d5acde4ce07167aee3e6e
wqp,wqp:21FLSFWM-L004,1979-09,ANFIS-T-no-current,2133,03753e3a937db4f71aa6cde04931c9aefabb1e87228eacc05e5a85eedddb8ecf
wqp,wqp:21SC60WQ_WQX-S-024,2001-11,ANFIS-T-no-current,2133,0375546f5ab9740dc0bf30eb065e81bd9bc22602af7e8222b942794eb594c8be
wqp,wqp:USGS-072632992,2010-10,ANFIS-T-no-current,2133,0378dc4d7e0815781a375db748e4d4d02e7e6c40d2616051c641cb640fe26b14
wqp,wqp:USGS-07049200,1985-05,ANFIS-T-no-current,2133,037ac6e124b10a8a8af589d20474cda3b8116da2c2210f5063450d831511e2ec
wqp,wqp:21FLSFWM-D02,1987-07,ANFIS-T-no-current,2133,037d22fa7c13d6e4e4eeff73a605bf0d9a083f52ab0ce46c5a2a2f9f132c425c
wqp,wqp:MNPCA-47-0042-00-201,1985-09,ANFIS-T-no-current,2133,037f55400110f22a31696042ee45bac117f877715df49166e8d63d7ee77b8656
wqp,wqp:LAKELAND_WQX-LH31,2009-07,ANFIS-T-no-current,2133,0380632ca4b9a10a61bc108073906e846c5ae3bbde01cb5b22c17d1ed2d66064
wqp,wqp:21DELAWQ_WQX-206361,2017-02,ANFIS-T-no-current,2133,0381fc8d199d1ca224049a300075da399c3d5b7f7ad4df382983f0c616e4e76a
wqp,wqp:21FLSFWM-L005,1992-01,ANFIS-T-no-current,2133,03827fe0229a117780a9f8ab9a12e4aa319c55a25f86ae34087d8280cd930436
wqp,wqp:MNPCA-82-0046-00-203,1981-06,ANFIS-T-no-current,2133,038280ea7d8c5bf41626c74abf9dd98461a715b8adcc246bb065417a98354ad7
wqp,wqp:MNPCA-62-0054-00-101,2009-06,ANFIS-T-no-current,2133,03832856aefa4a1fe550bd290817487648f43a52df074896bfb7a338023d315b
wqp,wqp:CAPECRD_WQX-280,2018-01,ANFIS-T-no-current,2133,03834ca2270e70e085782b0961f36dae787fc30d09448bd5d5a462c6b4167001
wqp,wqp:21SC60WQ_WQX-PD-327,2010-12,ANFIS-T-no-current,2133,03854c99432e45e39d34d7180a8f46f7da0fcacb4e9453977698f67325f0e9b5
wqp,wqp:21FLSFWM-B08,1981-10,ANFIS-T-no-current,2133,038d706be41bea8841a0552a48a452b2953d3710c3f118873e4d706347afb059
wqp,wqp:21FLORAN_WQX-CC12,2006-02,ANFIS-T-no-current,2133,039058ee6a255213b7457000eb1dd4edc6b26b82c1f0cc0b4823b6f210bfcb70
wqp,wqp:21DELAWQ_WQX-307171,2016-06,ANFIS-T-no-current,2133,0390f028a0f5ed5336cd8c502ffe38b287ca0645df12f17dc0d1071cb1242016
wqp,wqp:21FLSFWM-E02,1988-08,ANFIS-T-no-current,2133,0390f5f0501f471e3f83778c4d555a06ce2da567fa51d425d1e1a257f1dfe2ae
wqp,wqp:MNPCA-25-0001-00-225,1996-01,ANFIS-T-no-current,2133,039102a43f8cfc651184ccc02a311545ef4d9f8f71a356c277ae50dc78e37930
wqp,wqp:21FLSFWM-E01,1984-04,ANFIS-T-no-current,2133,0393c977495376d49003ed5a668fc89fdbdebeae6f6588c5c8de52de74e36312
wqp,wqp:21FLSFWM-L004,1992-04,ANFIS-T-no-current,2133,0395e5909b684d038b2fd39011c8c53ad2eaa6b4d3b85f107825172fed0505be
wqp,wqp:USGS-0214157625,1993-06,ANFIS-T-no-current,2133,03976d626f1759166b3289c7dc00d97ca3540b6baeb3c03b9f1db616442ac544
wqp,wqp:21NC03WQ-CPF086C,2015-05,ANFIS-T-no-current,2133,0398550287d45e9ba0d37907d25348329a39a897f96422b03d9bf74183574d1e
wqp,wqp:21SC60WQ_WQX-SV-335,2007-04,ANFIS-T-no-current,2133,039a3614adb236c542a73161e148013c97cef5ae6c27a5bb90f998130f6e3a1b
wqp,wqp:21FLSFWM-POLE3S,2004-01,ANFIS-T-no-current,2133,039a78efb82dee2090dfa841e4a641ae07cc2f7548af169baa1cd81054bfb33b
wqp,wqp:CAPECRD_WQX-290,1986-12,ANFIS-T-no-current,2133,039b543bf458cf3e9c4b0c4f6710180f4ce7cf42baf2108f3768e8b9670ad625
wqp,wqp:21FLSFWM-A03,2004-09,ANFIS-T-no-current,2133,039c7f4256d16acc0ccdde0b1aa1a4a425f5f8f88fab72ea1440f49915c45b8f
wqp,wqp:21FLSFWM-PALMMID,1988-02,ANFIS-T-no-current,2133,039fdbd01ed06d5a2d04bedaa4ef3bbdfb211e289c37b393aeffcf084a168b40
wqp,wqp:21FLHILL_WQX-135,2017-11,ANFIS-T-no-current,2133,03a19631b44e94e0effe22cf6a65830fc70869f9ce11d1cce3ec2f77bcb47006
wqp,wqp:21FLCOLL_WQX-LKTRAF4,2016-09,ANFIS-T-no-current,2133,03a21eebdf2d1642ea99d8b4d7411bd68c9b53bd2352d36d15ebd40543d6e77b
wqp,wqp:21FLLCPC_WQX-GRIFFINTISH,2016-02,ANFIS-T-no-current,2133,03a381583b536e9a87ced6f0fdedac6da95bd9e443d56be9277dfade0a69c06e
wqp,wqp:MNPCA-02-0045-00-202,2009-09,ANFIS-T-no-current,2133,03a45353d85bf88d447ac2ec447e5c26c2915d8c1ec0b1f9683e9f5c50c6060d
wqp,wqp:USGS-07144790,2013-07,ANFIS-T-no-current,2133,03a502d24c093f31e45a4d238ba7ab61e8d5c70eb56c03ecf533313843b30e47
wqp,wqp:21FLSWFD_WQX-23588,2016-06,ANFIS-T-no-current,2133,03a89160bda269138791a2bc1e3fc64fe7e0fae6c6b31c163a7ac42c115b0b45
wqp,wqp:21DELAWQ_WQX-202021,2004-06,ANFIS-T-no-current,2133,03a8cd20c2c837f2b7df474818111ca3356eea5a97d840f9ba830062c14bad17
wqp,wqp:21FLSFWM-L006,1984-04,ANFIS-T-no-current,2133,03a950199a7eb1388e5d43dbc67b4728a93956be326dad03c66833372f5633c7
wqp,wqp:21FLSFWM-A03,2007-02,ANFIS-T-no-current,2133,03acd9babb6be936511ea34262fd48c85c60bff65d721bef8969bcaf669fcd73
wqp,wqp:MNPCA-62-0054-00-101,1991-05,ANFIS-T-no-current,2133,03afc69cb51489108cd6a974d2bea83f0b9bfd608dd87f494dd5b7f835a861a6
wqp,wqp:21NC03WQ-YADHRL051,2011-08,ANFIS-T-no-current,2133,03b052ff5e069e637595831e7a46f31e2803fca44538e09f671adb6d84e78dfc
wqp,wqp:21FLSJWM_WQX-442129,2017-03,ANFIS-T-no-current,2133,03b1962771f3d93a7e130acd1d49ef83e53f48fd53dcc310b7f055a7f2db170b
wqp,wqp:21SC60WQ_WQX-CL-019,2004-07,ANFIS-T-no-current,2133,03b2b55399bcec81943a34062e746dfab5c404df1112fc7f5ed5fd6b75609e64
wqp,wqp:21NC03WQ-NEU020D,2006-12,ANFIS-T-no-current,2133,03b541eaef13743b014634fdc68ba28ebddf3d7db79777b6d693fa1d78b06910
wqp,wqp:21NC03WQ-CPF055D,2018-02,ANFIS-T-no-current,2133,03b5c3234463afbbc033f972835b086e7b072cd6d63cd4e6fc124666d2b07ea1
wqp,wqp:21FLSFWM-PALMMID,1992-01,ANFIS-T-no-current,2133,03b60d8211e50e7457d8d0375ba0d5d481d9bba761084e3826ac3cad2012e779
wqp,wqp:21NC03WQ-NEU020D,2015-05,ANFIS-T-no-current,2133,03b60f6997b48f5ca59a33479e77c5bbd431a9948109ade557f4d85f3317516f
wqp,wqp:MNPCA-10-0048-00-201,1987-07,ANFIS-T-no-current,2133,03b900b7cb2e04bcec1636341a11e1d490353126e011b5807fde86151d366dfa
wqp,wqp:21FLCOLL_WQX-LKTRAF4,2000-07,ANFIS-T-no-current,2133,03ba088d3c3d265d2f0b5c4c3dc9f5d0a092f810224020682afa6cc6d2d3484e
wqp,wqp:CAPECRD_WQX-262,2001-09,ANFIS-T-no-current,2133,03bb63b27d500bd03547a4f5b17e3532855c31abaa6c2a14e71aade07652b7a2
wqp,wqp:21FLORAN_WQX-CC9E,2007-10,ANFIS-T-no-current,2133,03be5c20f9f17be1ade5bd131df0f5a31a0a24c349e8451dc16e32e0e9ed4b76
wqp,wqp:CAPECRD_WQX-290,2010-06,ANFIS-T-no-current,2133,03c14c989eeebb58e3c182b148ccde41701a6f055360961f8c39bb62f248b787
wqp,wqp:USGS-423659088354401,2014-05,ANFIS-T-no-current,2133,03c1dbd1ba584718878bc43354e8f860067885445d04b0e4f75c49f04111fd72
wqp,wqp:21FLSFWM-PALMOUT,1992-04,ANFIS-T-no-current,2133,03c5668734d855fc5d79058a29fb0455bae6fb50e68476f801e039eabe31fd0c
wqp,wqp:21FLSFWM-L008,1991-12,ANFIS-T-no-current,2133,03c89235f571110e060c4b4efabe563d5f6072cea3d2d572e502111452a268c3
wqp,wqp:USGS-07049690,2009-11,ANFIS-T-no-current,2133,03c93c30f85620c67510f120483348d6fc4add4e0e8e6d4098038eaf78e3ee54
wqp,wqp:AZDEQ_SW-32,2014-05,ANFIS-T-no-current,2133,03cb9a80821186d6cc18f12e61572977f5a5498aabdc1915b5e3ea50bf02ed2f
wqp,wqp:21FLSFWM-TIN8100,1998-10,ANFIS-T-no-current,2133,03cdfdc0437ae17420c265fd16a25e87d61dd555b89dbdf593b9d737f7b19856
wqp,wqp:21FLSFWM-RITAWEST,2009-02,ANFIS-T-no-current,2133,03cf4cabee0d348938e1c41c13c67e14195230f90ec8fd697c512393a0c09e17
wqp,wqp:21DELAWQ_WQX-108111,2004-08,ANFIS-T-no-current,2133,03d0c2a576c63b90898cb88c7b756b1aa07c385955616030c49e2ca51ce9fbfd
wqp,wqp:21FLSFWM-B09,1985-09,ANFIS-T-no-current,2133,03d27a558a93c4747a949161e941f11e17cf3dae534166c6fa0fc17a352f0c47
wqp,wqp:21DELAWQ_WQX-202021,2011-03,ANFIS-T-no-current,2133,03d4fbe705304804f7d7f2d33ee71dcdaf0238e82eefe2d8725d7e43a228a68b
wqp,wqp:21FLORAN_WQX-BC7,2009-10,ANFIS-T-no-current,2133,03d64274dc47e342241aad5f1a50e68f7f3c22788d24192adaa91d54b9fc994f
wqp,wqp:21SC60WQ_WQX-SV-098,2003-12,ANFIS-T-no-current,2133,03d71a5a23d955205b21d207610450b08401cf2e573574958f0eea1146299d14
wqp,wqp:KAWNATON_WQX-KN-KL-005,2018-03,ANFIS-T-no-current,2133,03d774c38d70fbd299932533b6640fed4da3e5008ac5388fda30fe5089ed0cfd
wqp,wqp:21VASWCB-5ASRN000.66,2010-03,ANFIS-T-no-current,2133,03da4fd636fc60eb93a3a287c35cac4406ad1a5a787776b7017f90f6a03042ed
wqp,wqp:USGS-072632972,2011-11,ANFIS-T-no-current,2133,03de31752ac7017fc17c12550b88739bac5c194ecb1e7071bacb8a12815ab85a
wqp,wqp:21FLSFWM-L005,1982-08,ANFIS-T-no-current,2133,03e2f0d456dbed59355e460df8d9a255c5fe95c2f48fd61aaeb8a74d16eefced
wqp,wqp:21DELAWQ_WQX-208211,2009-09,ANFIS-T-no-current,2133,03e423fc822d095331a17ca96040a9befa5eed29a4f0a5c2d2ff3dff5f812462
wqp,wqp:21FLSFWM-KISSR0.0,2002-10,ANFIS-T-no-current,2133,03e558560e386a40a6bbaf638658705748303b5d9503228d34f14ab86766ee51
wqp,wqp:21FLORAN_WQX-CC18,2012-02,ANFIS-T-no-current,2133,03e564d56aa8971d570305f2c2027768885ce5c7f1650d270924c67ec29f2409
wqp,wqp:CAPECRD_WQX-280,1994-06,ANFIS-T-no-current,2133,03e8ce01b7f977f6d7d70781bfca7f0090c29c76921d0277dcb6f5ac00b23a5d
wqp,wqp:21FLSFWM-TIN13700,2008-10,ANFIS-T-no-current,2133,03eb617f00fe4d6eef741668607d11f9598da6060b856b18d62e08c6e073d179
wqp,wqp:21FLSFWM-IPOUT,1993-04,ANFIS-T-no-current,2133,03f3168e50b1815db193deca466f374d38888e38e77ad7d96ee02769d70f3c52
wqp,wqp:21FLSFWM-TREEMID,1997-08,ANFIS-T-no-current,2133,03f476a88dd77c047d36af768b12d9bfd93e5767dc72c8927b23af935ea38a80
wqp,wqp:21DELAWQ_WQX-308071,1998-03,ANFIS-T-no-current,2133,03f78d0fc339b2e2f36e580f269c367003c864d1c9525f5a2287ec4b670e910d
wqp,wqp:MNPCA-62-0013-00-201,2012-04,ANFIS-T-no-current,2133,03f85b43c723f5667241fe3585bc9dd16554ac05e5dc4b70b1d5ac9e45f26464
wqp,wqp:USGS-423526088380101,1991-09,ANFIS-T-no-current,2133,03f8aedcc3b64661be592f38ffedaa95eb2c0f5effc53a1b2becbbf53c9c4005
wqp,wqp:21FLORAN_WQX-BC8,2005-07,ANFIS-T-no-current,2133,03faaf969dd7537cfbf7f533e16b7f083361001062809ab8634a351f3fe2528d
wqp,wqp:21FLSFWM-LZ30,2003-11,ANFIS-T-no-current,2133,03fb83d77f121abacc6f1adda9194e596135c30cdc4962fdd658f5fdb11ce68e
wqp,wqp:21FLSEM_WQX-SPR,2017-04,ANFIS-T-no-current,2133,03fc64b4129492f3ead824f6f7b71bdbde652d01baa1f28c78b33f6fea406008
wqp,wqp:21FLORAN_WQX-BC7,2012-07,ANFIS-T-no-current,2133,03fd73212bf581c1345b86feba3d9c781c7603125a62fd53f2a13beb2a2389e7
wqp,wqp:21FLSWFD_WQX-23389,2006-04,ANFIS-T-no-current,2133,03fd8fddf91c61de7b4aa4daf719d5bcfd8ee06f2e42508c5cf7d01a6232275d
wqp,wqp:21FLSFWM-STAKEMID,1996-09,ANFIS-T-no-current,2133,03fe453046d6f756329c9087fddbd5f9085109e97aaaa36a500861a516fb3e6a
wqp,wqp:MNPCA-86-0284-00-100,1987-09,ANFIS-T-no-current,2133,03fe8ebb2a3d5d658e36929e6a4c4919d9732c715d2a3b2d6979dcc76cae2910
wqp,wqp:21FLORAN_WQX-CC9E,2008-10,ANFIS-T-no-current,2133,03ff122ea6b1c6c600096cd1a785b10fadbabf6b8f03ee1849fc20d436f423e2
wqp,wqp:21FLSFWM-KISSR0.0,2005-05,ANFIS-T-no-current,2133,0402cf91abeb671b98f513849d012802b387019b262b5292e6190f7061283b5c
wqp,wqp:KAWNATON_WQX-KN-KL-004,2014-04,ANFIS-T-no-current,2133,04090013aa1729b8f88337ef471aebd3eda5f8d3e4af1db5477aa1b74dab9ce4
wqp,wqp:21FLSFWM-LZ40,2009-01,ANFIS-T-no-current,2133,040d8767d20da43c906a760eab07c36e22c09d24b35716df33e8d8af5174bdef
wqp,wqp:CAPECRD_WQX-280,2015-07,ANFIS-T-no-current,2133,040de4ef3155b48e88e4838a2ca01e7a1d54478792d1458e4abd12d16fc5cde2
wqp,wqp:21FLSFWM-A03,1999-11,ANFIS-T-no-current,2133,040e24606da99d36f8d0b9d75c0c47566b09db92813d610197ec65174c53229a
wqp,wqp:21GAEPD_WQX-LK_12_4048,2009-09,ANFIS-T-no-current,2133,040f4383179de81558d57144278b1f6c75c18b4eba8a42a0847db136461ca91a
wqp,wqp:21NC03WQ-CPF086C,2001-05,ANFIS-T-no-current,2133,0410b779b9a3005d884771d5f0263639d4afe0439b7e5a75d697bac1790dcba7
wqp,wqp:CAPECRD_WQX-280,2015-12,ANFIS-T-no-current,2133,04159bbe5ea7bdda34cf662bc55f41e6c6cfd0ce0be6df91516b3a5417b2d609
wqp,wqp:21FLORAN_WQX-CC4,2008-11,ANFIS-T-no-current,2133,0416c04766951afa4910ea1b4c89267a007f7bf8b91d1b07045882962bd96b83
wqp,wqp:21FLSFWM-L005,1980-07,ANFIS-T-no-current,2133,04236ae4e3ab8e1bf8c7f997d3e45a30416bd349ca5e536fb38b5669aa4fa9f7
wqp,wqp:21FLSFWM-OISLAND,2003-04,ANFIS-T-no-current,2133,042487106519e70bded190da4d9c6f7ea6ae94f2ae86873aa2407b79e7466439
wqp,wqp:KAWNATON_WQX-KN-KL-002,2014-11,ANFIS-T-no-current,2133,0426c0bfe3f74477bf3fd5206805aab7fbe9fe8fa51112567f56e0fa6483b963
wqp,wqp:21SC60WQ_WQX-B-345,2008-08,ANFIS-T-no-current,2133,04283ebff27600045b03ba9ffb21f25c07be63639ea6e7a5d0d08cae330247a6
wqp,wqp:21NC03WQ-CPF055D,2017-08,ANFIS-T-no-current,2133,042a46ebb74c6ffaef205c4f68b630358ea32bbab1e77e46f81a16d659baed46
wqp,wqp:MNPCA-86-0284-00-100,1999-07,ANFIS-T-no-current,2133,042bfeea3580557b15fa9c42cf0d1c14828b82c02ee6d1b27b96e7427a289587
wqp,wqp:USGS-0214196095,1993-01,ANFIS-T-no-current,2133,042c89c391ee627e08eca6e5307baa4e100981cfece557a8b38570c81fca7790
wqp,wqp:CAPECRD_WQX-290,2011-02,ANFIS-T-no-current,2133,042f62249b1a293d02a41b2925f3f330e753ab249ea701f950b71cb9f6d78178
wqp,wqp:21NC03WQ-YADHRL051,2008-07,ANFIS-T-no-current,2133,0432e60f07b140f03f118bbea87b85ba0f2c14b5c506912c11e46de5ec0efd3e
wqp,wqp:21FLSWFD_WQX-23113,2001-07,ANFIS-T-no-current,2133,0432ea397be824e196dca960ccb29b030d5a86987f22708a944c5b4d1034d47a
wqp,wqp:KAWNATON_WQX-KN-KL-001,2018-05,ANFIS-T-no-current,2133,043376416d7a0fb9da67c50fc859a620faf1ff3777428acf47a7ec5271b68403
wqp,wqp:MNPCA-86-0252-02-207,1981-03,ANFIS-T-no-current,2133,0433cab80325716edfef26b75eda9c8f71c66274bfe231a5ba757e1f21ce0d02
wqp,wqp:21FLSFWM-E04,1992-10,ANFIS-T-no-current,2133,0433ce77ada6909ab0b78cf8fbcdee050f6fb2e9dcfb6d7b629f9e92478527e3
wqp,wqp:21FLSFWM-ISTK5,1989-05,ANFIS-T-no-current,2133,0433f6170e1f2f3bbee8a9917e19b126fc32b9ec0d74178cf2f405857f05c6e1
wqp,wqp:MNPCA-62-0013-00-201,2011-01,ANFIS-T-no-current,2133,043559e7fd875a01aa1e5934449d040ed6e7925604bf01dc33d33fe9cf456c36
wqp,wqp:21FLSFWM-L004,2007-04,ANFIS-T-no-current,2133,04364b0d022adf1be80e1fefa41d19a059b267f141c89ece27c35c8c4ed143f4
wqp,wqp:USGS-423556088365001,2018-09,ANFIS-T-no-current,2133,043b05deb3ca97cbea04e10b8b3c7c84bfcdc7fc51fbf84f2eb556fa5012e257
wqp,wqp:21SC60WQ_WQX-SV-331,2011-01,ANFIS-T-no-current,2133,043b4b78135ba286cc9c049e52b904ba83f6ee3c21d765fa08888f31084f7c7b
wqp,wqp:21NC03WQ-NEU018C,2018-01,ANFIS-T-no-current,2133,043f9ebdecda58f00c49dbf69216047223891cd6a498d41f89929d1f5cf92de8
wqp,wqp:21FLORAN_WQX-CC9,2016-10,ANFIS-T-no-current,2133,043fa0e62f38a9afc8c25034938105289692cf22b8b5055244724f572b21dc82
wqp,wqp:21FLSWFD_WQX-23479,2007-08,ANFIS-T-no-current,2133,04418feb220e695ebc13eb22d5b30136aa049eee68bf45e3b566c86d707f7aa8
wqp,wqp:USGS-07144790,2016-02,ANFIS-T-no-current,2133,0445e6378b7040c88e38cb536f7a5538245784ba40693f28baf0a2045a665df6
wqp,wqp:21FLSFWM-KRAMMID,1988-03,ANFIS-T-no-current,2133,04483d3b008d68d2b550bd4beba5b5bb25d83481219a0b18f844b4bf196e701f
wqp,wqp:MNPCA-25-0001-00-215,1997-03,ANFIS-T-no-current,2133,04487fbfe0a8c6ea321199c346cbfd0dd11c480e295ea59073cc757fcc0f55a7
wqp,wqp:21NC03WQ-CPF086F,2005-11,ANFIS-T-no-current,2133,04498877f5a6e5908b02a5d27598e83cbe10df4092632eabafd39673bc2a742c
wqp,wqp:21DELAWQ_WQX-308071,2007-07,ANFIS-T-no-current,2133,044a7658c2072d3adc3a0915cf1eeaf75909ed2ec23bc5c994d8d5beccacd593
wqp,wqp:21FLSFWM-E02,1983-11,ANFIS-T-no-current,2133,044d9ae8b9af06d0dfe5749765334c38f33ef16cebe146f271c608039e4304f9
wqp,wqp:MNPCA-02-0075-02-203,1986-12,ANFIS-T-no-current,2133,0454cc05945990e8a412e45deb10c705c0d9d763ddadf45158c306de666a97ea
wqp,wqp:21AWIC-81,2013-05,ANFIS-T-no-current,2133,045565b3782b3cae05e0c088f7ff6c3f5d9e9e9e485dd1705d0693bd69ee2b51
wqp,wqp:MWRD_WQX-MILTON3P,2012-12,ANFIS-T-no-current,2133,0457ac4a0856719163088cb86589af77a95e7a75980d007f4b7e59086f2d226e
wqp,wqp:21FLSEM_WQX-SPR,2017-11,ANFIS-T-no-current,2133,045823638d316fd86fbd122fc77aa50561b9bbc854d0e203d65a803ade3a8abc
wqp,wqp:21DELAWQ_WQX-303331,2004-08,ANFIS-T-no-current,2133,045a2efed852033852d19ea0fd18207526c98e3ec309ab8bdd206d26ea7e2ed0
wqp,wqp:21FLCOLL_WQX-LKTRAF1,2004-03,ANFIS-T-no-current,2133,045de509eeda4ea1fb4a24e68701fac9a0122ef86612bb07be6c0a284cfef45a
wqp,wqp:MNPCA-02-0045-00-202,2008-07,ANFIS-T-no-current,2133,045e046ed9eaa21142569ee9c993f5cf00946190938275e970e448919a9ce779
wqp,wqp:21DELAWQ_WQX-304321,2006-09,ANFIS-T-no-current,2133,0460d6dda80969e631f067012dbcf64ea3cdca73c8c387343f23d49bad755389
wqp,wqp:21NC03WQ-CPF055D,2017-05,ANFIS-T-no-current,2133,0461bb9c6d6ecd0ad5d568bc9606d79b636523ea571a3a1dd1a8a4464c2fabe0
wqp,wqp:21FLSFWM-L005,1997-09,ANFIS-T-no-current,2133,0463f168d7c31434f682bc3ac2d3c9658c596678e4a45ea6a5f9ec5252122bbe
wqp,wqp:MNPCA-10-0042-00-401,2007-09,ANFIS-T-no-current,2133,046500b7dd347d17dbfb4ad9bc94b6862b345cbf77a5acb1c7553dba4b3e0ffa
wqp,wqp:USGS-421420121481700,2013-01,ANFIS-T-no-current,2133,046502d3dc6eff30f998f4e47eb87bcce0f85ee7ee6a2da2b114d7d2951ab2d2
wqp,wqp:USGS-423526088380101,1987-10,ANFIS-T-no-current,2133,04652b8069cc1b35eb08b7ceff904e006d2799b6182c9ff0f18d070398779f64
wqp,wqp:MNPCA-82-0046-00-203,2010-10,ANFIS-T-no-current,2133,0465e7903fe6babcb2312160e89323afd2c733d7459d67394a38e117fe3589ed
wqp,wqp:USGS-423526088380101,1995-04,ANFIS-T-no-current,2133,046aa370b647eb611becc400169128cbf2e83ff00e779fa61fd981c025129f26
wqp,wqp:21DELAWQ_WQX-110011,2014-07,ANFIS-T-no-current,2133,046aa5022468bb820485ca5510de4d39d1d70fb1b3ba32092f737780583bef25
wqp,wqp:21FLSFWM-LZ30,1978-05,ANFIS-T-no-current,2133,046bb6ecb9acefa564a05a6339f5871bba60a42e7b974c47ef6076431f47a928
wqp,wqp:21FLSFWM-B05,1983-03,ANFIS-T-no-current,2133,046cc741aeea49dc439032ccc0aa30ddf6c77ff4e4df5fbd063eb11614bb8244
wqp,wqp:21FLSWFD_WQX-23479,2010-02,ANFIS-T-no-current,2133,046dd59c7bf65fd49c587e636f4cef1edf242d9f8c2ca2092a219a746b7ffabc
wqp,wqp:21NC03WQ-CPF0880A,2017-04,ANFIS-T-no-current,2133,046ef3c8b14b308fbf8ef1f2f98b8b693153dfef4a774a4d8eec7084401de608
wqp,wqp:21NC03WQ-Q5360000,2014-06,ANFIS-T-no-current,2133,0472136d39081a7c53e7233ad04e678b9d610decf9d8cde1c73903e4c08222ac
wqp,wqp:USGS-07049690,1986-06,ANFIS-T-no-current,2133,047370af6b24ec8a7570c15390cc8a55435ae1ba9124d939964f05c68886e4fe
wqp,wqp:21FLSFWM-PELMID,2008-12,ANFIS-T-no-current,2133,0473d607c3ff8eeeb30f0215b61b9b233edc03b7bdb3a377f24f9facc975b4b4
wqp,wqp:21SC60WQ_WQX-B-327,2009-11,ANFIS-T-no-current,2133,0473fdf12d099ce8d369598dec58f87bc50054593e5cc75d2da35873105f5fc9
wqp,wqp:21FLSFWM-CLV10A,1999-08,ANFIS-T-no-current,2133,0475c2cf35b2410591169b51cc0ba565d5137482f2b91c8965cdf2ed1a4b8051
wqp,wqp:21DELAWQ_WQX-205211,2016-11,ANFIS-T-no-current,2133,047755e797c22b3c10f1a524cbb1004068d927459b6edaa0612aaa154bd0a411
wqp,wqp:21FLSFWM-TREEIN,1995-04,ANFIS-T-no-current,2133,0477f87ce8f8d18744c7ca6758197ee76729cccfc1b67d9ff9893fca3fbfac68
wqp,wqp:21NC03WQ-NEU020D,2017-01,ANFIS-T-no-current,2133,0477ffc7d7459c4761ffd830b658bb8648f85b601e0996ceff5ebbd47803ee25
wqp,wqp:21FLSWFD_WQX-23389,2011-06,ANFIS-T-no-current,2133,04797820e51109358f83fefdc495d36abd222bbd6982c850f03a4ab39d61b440
wqp,wqp:21NC03WQ-CPFMC02,2013-11,ANFIS-T-no-current,2133,04813d0be8ee443aa36cd5cfb5b66bf17ae7b4679c6543c30a6cc4f74a5b891a
wqp,wqp:21VASWCB-2-XDD000.40,2008-07,ANFIS-T-no-current,2133,0481c1ad72043e2d2b4d781750fa8c535ff859e15989ab3b3977a5454485b7af
wqp,wqp:MNPCA-86-0297-00-201,1981-08,ANFIS-T-no-current,2133,0482e8137a6777c94af892e60160f244954d2e024103fdc64cb0e3e7c1dffc1d
wqp,wqp:USGS-07144790,2012-07,ANFIS-T-no-current,2133,048ee4ceaedf6cf4a56f759f4ff1c5dc3a8f53de44f58be3a796c675bcb0c6d5
wqp,wqp:21NC03WQ-LI01,2017-02,ANFIS-T-no-current,2133,048fd8f69ce25cc2aa190281f7772d603be4669b3717e86bae04a269594e0056
wqp,wqp:MNPCA-10-0048-00-201,1999-07,ANFIS-T-no-current,2133,04909e9617e9065e490770b09b24c3bb8b1e2a2d8005384eb4654eb0069ab5b5
wqp,wqp:USGS-07263299,2009-07,ANFIS-T-no-current,2133,0494afe7a2ff45286d6711e6e8572e485bf5f770398485e318386aa578ce3462
wqp,wqp:LAKELAND_WQX-LH29,2011-11,ANFIS-T-no-current,2133,049b3d455f82d5970c696b5aefa5851485743ac23a8d939c57927a2604759d2d
wqp,wqp:21SCSANT_WQX-SC-042,2016-10,ANFIS-T-no-current,2133,049cd03bda365cb184d8e65eab74ae7d792007ea12ffac2865013a15bf4810bc
wqp,wqp:21SC60WQ_WQX-SV-339,2006-11,ANFIS-T-no-current,2133,049cef99ca3392d218bcadcee72b7bc4663b918a02c509241dd51fdcb3e19eb6
wqp,wqp:USGS-07049690,1985-06,ANFIS-T-no-current,2133,049d40483a33cccecbfcc92b2c213a9c3030f89d202664676ae64a10bed92d6c
wqp,wqp:21FLSFWM-POLESOUT,2007-11,ANFIS-T-no-current,2133,049d526f0fea76182d96224aeedd310ac29e951816c49ce9a459baca10892be3
wqp,wqp:21FLSFWM-E02,2002-02,ANFIS-T-no-current,2133,049e996f31f2a2ffbd4526fe1cfdf5d88582313b2d755200db0764b63cac775a
wqp,wqp:21FLSFWM-LZ30,1992-08,ANFIS-T-no-current,2133,049ffe62fe1aaa4bea6f84f2234a3586949f3d48e9fd77585fce411c55ddc97b
wqp,wqp:21NC03WQ-CPF081A1C,2005-05,ANFIS-T-no-current,2133,04a0aa71286c8e98618896ecdb97317a82dced693fc9ab5ffbb4ab973adbef4d
wqp,wqp:21FLSFWM-S1910.5,1987-06,ANFIS-T-no-current,2133,04a4773ff027d123e7da3affa4a23731ade438c99e9ec5347f6991acf7479dec
wqp,wqp:21FLSFWM-E04,1994-02,ANFIS-T-no-current,2133,04a6ca93b1aecfd9a00e1773f4bd353b4189ccc369bd30512841fe3467bdf7ed
wqp,wqp:21FLSFWM-ISTK3,1990-12,ANFIS-T-no-current,2133,04a781f9635529a868b6a643ff9ad8d342f5dd9876f4c20911004724e3e67a85
wqp,wqp:21SC60WQ_WQX-B-327,2014-07,ANFIS-T-no-current,2133,04a9d78a6d2c9e6057bab1a2c49fd53aa7e7d2952aba1cd3121dd8e7c616e816
wqp,wqp:21FLHILL_WQX-135,2014-06,ANFIS-T-no-current,2133,04af77804e8fcb8239f642dc4cc56d0ad395eb88a0d0527d2e8e12a81bc793df
wqp,wqp:21DELAWQ_WQX-308071,2006-05,ANFIS-T-no-current,2133,04afbcebe1b3017cbd63015a40f18a2ccc7ba227defbb50a91f59418258ed522
wqp,wqp:21SC60WQ_WQX-S-310,2018-01,ANFIS-T-no-current,2133,04b61a73af97230581b84a558bf7e08bf2ce606eaa9c132493ab78b242747494
wqp,wqp:21SC60WQ_WQX-CW-231,2016-12,ANFIS-T-no-current,2133,04babc9a5cffe2128e7fbfeffe983c74c633c281fd56421ea27b9bce172f1966
wqp,wqp:MNPCA-10-0042-00-401,2017-09,ANFIS-T-no-current,2133,04c29a6d322c3765f5f918d613a62061ddee4e84a670de6a6660c133b431b0e5
wqp,wqp:21FLORAN_WQX-CC22,2010-11,ANFIS-T-no-current,2133,04c4813f3b09e48fc132395c707c6d3a12fe0000bf568e49d104dc1eaeaf48b7
wqp,wqp:MNPCA-62-0054-00-101,2016-04,ANFIS-T-no-current,2133,04c49633e64eecdff50294b54a7d10f2bd8afb4f1e21f9eb309f288d78c54fc2
wqp,wqp:21FLSFWM-L008,1978-05,ANFIS-T-no-current,2133,04c4e561d849c9aa39e2726cdc8cc8b59dd1b5dc05c58f8ac8e6efc7b47cb2cc
wqp,wqp:21FLORAN_WQX-BC6,2005-06,ANFIS-T-no-current,2133,04c5fdd3a56e91a0d60008fc16c0fa9e0f486e78f6d26c92afb3ba7e5f196b3c
wqp,wqp:21FLCOLL_WQX-LKTRAF4,2015-08,ANFIS-T-no-current,2133,04c6007cca8b9b1508e5e4074d8222c235c48c3c63df08db6f68b690a9c5e077
wqp,wqp:21FLSFWM-ISTK6,1991-02,ANFIS-T-no-current,2133,04c95888322ff6a756d34303083e549c9319cd09582ecbac8e6284d83a517048
wqp,wqp:MNPCA-02-0075-02-203,2012-10,ANFIS-T-no-current,2133,04cb597dcc66f8d1361a2fabddb9c51d2ab20a44d7203ad2df05c02a5a61e0e3
wqp,wqp:21FLSFWM-B02,2005-08,ANFIS-T-no-current,2133,04cffec7569fb6ca725ce4a75d655255da36cdfbb0de82e56ff79b5bcf8fb124
wqp,wqp:21NC03WQ-NEU018E,2005-12,ANFIS-T-no-current,2133,04d0cabf824b467a6dd385a909149cac0736bc26c70b93921155ecd0243dddc4
wqp,wqp:21DELAWQ_WQX-110011,2009-07,ANFIS-T-no-current,2133,04d1480b37bf3f541be066303dab9c6e54cafd066bf620d64ed1e4fd0f4876d7
wqp,wqp:USGS-01201700,1975-04,ANFIS-T-no-current,2133,04d42ac3e401a9008ce84cc9da7c639999c7dd9037482543deaf88a3c70d89b3
wqp,wqp:21FLORAN_WQX-CC9E,2006-05,ANFIS-T-no-current,2133,04d5589bb665f8282af7edab5499eba9fb812bb19314b6852bc9d0de8e6a5fdf
wqp,wqp:21DELAWQ_WQX-110011,2016-10,ANFIS-T-no-current,2133,04d66c97a938f838b3eec33ee2a7929c38ebea116055ffc9f1836872f6ad1eea
wqp,wqp:USGS-423556088365001,1988-04,ANFIS-T-no-current,2133,04d974a453b6aa67db22bcc2ca3cae534ec0f0c37e5dd0d3c4868bef56889f36
wqp,wqp:21FLSFWM-PLN2IN,1996-01,ANFIS-T-no-current,2133,04d9b56ebdb67f9f9c2e14d6e67cafe957035a3300ec740caa9bdab801476ffc
wqp,wqp:21FLSFWM-PALMIN,1994-06,ANFIS-T-no-current,2133,04d9e838d3a3dfd1443f594805b9deedad4e9687ee0027e167b334788fd79778
wqp,wqp:21FLSFWM-RITAWEST,1997-10,ANFIS-T-no-current,2133,04daa10212fd9815032a01f4d1b1395581ddf202312621b11df5da740899d3b6
wqp,wqp:21NC03WQ-CPF086C,2013-11,ANFIS-T-no-current,2133,04dd27e5322064a8d0e66240a0309f9d3257a4c67d39053376fa8033a2e9559c
wqp,wqp:21FLORAN_WQX-BC8,2007-09,ANFIS-T-no-current,2133,04e108fed0795e4f221b86d8cd29f1e444a27848cf8e87bb15954759fe248aa5
wqp,wqp:21SC60WQ_WQX-CW-197,2011-09,ANFIS-T-no-current,2133,04e38086c989062439e2e8d5a54922a9b195bdce88f77ac7869f4b698a84f9bf
wqp,wqp:21FLSJWM_WQX-44673,2018-07,ANFIS-T-no-current,2133,04e4a79682e3adbc3addab6060879da41c39afaabb2cb7b9fd5524ec41cf7758
wqp,wqp:21FLSFWM-KISSR0.0,1990-09,ANFIS-T-no-current,2133,04e7f6a65ca15b7a06dfa3be77bd3b359a32db7df6ef6731027e461c7e48563d
wqp,wqp:21FLSFWM-PALMIN,1996-09,ANFIS-T-no-current,2133,04eb54e65f1e6d0a3d5b21cdaf01b9d0c8d91b08c3ec368c6b0e81ee9386714b
wqp,wqp:MNPCA-25-0001-00-246,1994-06,ANFIS-T-no-current,2133,04f1192879ba5d12769ea46c5af8602b26e94f2e855ba5c7d002288907234715
wqp,wqp:21FLSFWM-LZ40,2003-06,ANFIS-T-no-current,2133,04f177aaf613126a87fdc4846fbe0a9e2e1fe83a1ed8c0f2c0b3ec00b411f16d
wqp,wqp:21FLSWFD_WQX-23624,2009-10,ANFIS-T-no-current,2133,04f98326c3ed4ea95d4d0fa919a8866b953006a5e5c25cf7814be9ff9199ad85
wqp,wqp:21SC60WQ_WQX-CW-197,2014-04,ANFIS-T-no-current,2133,04fabfb33a5e72cf9fbd342c691bf12183cf147a346c62d61759a3699ee091b6
wqp,wqp:21FLSJWM_WQX-45399,2017-12,ANFIS-T-no-current,2133,04fc3432fdde84f3d8d5212305c483e593759b07fc906b8d9c072b32bc71502c
wqp,wqp:21FLORAN_WQX-CC4,2005-01,ANFIS-T-no-current,2133,04fc7d2be7a1db9b6b53107c2c85bbb85cf2c876227e1980ddf3cbfbe29d8bd8
wqp,wqp:MNPCA-25-0001-00-231,1991-10,ANFIS-T-no-current,2133,04ff79fb5a39216a8564a980a72a31504612f4753531d309932217344eaa8c22
wqp,wqp:21FLSWFD_WQX-23631,2008-08,ANFIS-T-no-current,2133,0501c1db3c231b1bbb2e6838ad39fb0c82c27d72100182aee14b96b876dfa0b2
wqp,wqp:21FLSFWM-CLV10A,2006-06,ANFIS-T-no-current,2133,05029fcbff7430b6f4fee7ca0c9621725e37e0675f61dd12f1535b9e3c8038d5
wqp,wqp:21FLSFWM-LZ2,1995-11,ANFIS-T-no-current,2133,0502c7c9d9530ae8ca38517a59c65c282d355de23a890cee5d7c9baacd689457
wqp,wqp:21NC03WQ-CPF055C1,2014-06,ANFIS-T-no-current,2133,050489ac7f4074b19740d00a2096e5ae02ae566b71818c6a8745a29e8320e40c
wqp,wqp:21FLCOLL_WQX-LKTRAF4,2004-12,ANFIS-T-no-current,2133,0507724a8d77e30a20d011711bd4a98aae28c03d77be80cf071e75e37f2579da
wqp,wqp:LAKELAND_WQX-LH31,2010-06,ANFIS-T-no-current,2133,0509159ed1b5cf695fc9b7d7daa0716f439a35271ae39d24dc086739e1d4fa12
wqp,wqp:21SC60WQ_WQX-S-310,2007-04,ANFIS-T-no-current,2133,050d1779879735f1268d5731e649007c5b572f92799256189931da9c215e1fae
wqp,wqp:21FLSFWM-LZ42,2000-10,ANFIS-T-no-current,2133,05131b77a8ae1e8c5a971694f8cbf29789ab2c79665ff81a0da6105c71cc3024
wqp,wqp:21SC60WQ_WQX-SV-268,2017-11,ANFIS-T-no-current,2133,0515a9f5e83b493e71f67fd7c4a79c2531a0bae0db7dd3e019ab0b4eaba8a973
wqp,wqp:21FLSFWM-L004,1986-08,ANFIS-T-no-current,2133,05162fefb88699c3c91a265ec42f66311ed938d05a38299bb1512b0f5ca94b70
wqp,wqp:MNPCA-62-0055-00-102,1986-09,ANFIS-T-no-current,2133,05182dd19b21f48d4a22650945983111cf79aa13ae130f7da1dce2fa2848bf53
wqp,wqp:CAPECRD_WQX-290,2004-06,ANFIS-T-no-current,2133,0518b456a57f87ff905b377d7716c133842e5243c8110d78f8f5035af3e88a0c
wqp,wqp:21SC60WQ_WQX-SV-338,2004-04,ANFIS-T-no-current,2133,05209fdb6a3374f1bb2c1e939aaa982c3c5bc6094bab30f28de9d6271a90553e
wqp,wqp:21FLSWFD_WQX-23113,2016-01,ANFIS-T-no-current,2133,052265044fc4b345863ca4b19ac4e5dc16c7742ade4329deb695791ec08b1d89
wqp,wqp:21DELAWQ_WQX-110011,2009-05,ANFIS-T-no-current,2133,052464019a9126fdf1a79a524cf18d29d667f311699ae16a97bf3abb1cb0eb7f
wqp,wqp:21FLCBA_WQX-WAL-CAMPBELL-2,2017-03,ANFIS-T-no-current,2133,0525cabe926b9452c0e7cf8d52cfc6fad25168a43dacda9639e871a46ff7497e
wqp,wqp:MNPCA-62-0007-00-203,2012-02,ANFIS-T-no-current,2133,0526129f5d26628320e92093a5550def67ced748ce7d5580c26244ac4dd78f45
wqp,wqp:KAWNATON_WQX-KN-KL-002,2007-01,ANFIS-T-no-current,2133,0526177a39f5e0f1a7a865344bc81e4c1c3b5ad3512d0a243a6880abe5254cd6
wqp,wqp:USGS-295554095093401,2014-01,ANFIS-T-no-current,2133,0528050a039018a8e6bef253eac682c9920001979cf7bbbe30f4674b416a8f55
wqp,wqp:21FLCOLL_WQX-LKTRAF1,2009-08,ANFIS-T-no-current,2133,052c4dccc980d0446214e080a522ca4f3d1bf489982ded2bcd6c3a04ef6b8225
wqp,wqp:21FLSFWM-L008,1981-10,ANFIS-T-no-current,2133,053170394a2a9ba9d91b1c2b25c0c0ce316d59b409718952630d5628fea1e2ea
wqp,wqp:21SC60WQ_WQX-SV-338,2004-01,ANFIS-T-no-current,2133,0533b6e6141e7504b580bc6db0a5afe8477af7815845896e8266f621b4ca2ef1
wqp,wqp:21SC60WQ_WQX-CL-019,2003-04,ANFIS-T-no-current,2133,053ac57bed02bc542ae81ec4f67191aa8ba6508f0f820b5a24ab56a62944a3dd
wqp,wqp:21FLSFWM-B02,2003-02,ANFIS-T-no-current,2133,053cb9901874e07208e41c24030a38038d91ebefffbedda236e82fea12fb9fc7
wqp,wqp:21FLSFWM-ISTK5,1990-11,ANFIS-T-no-current,2133,053cc1452ccf689a041d31609607a45980bd20134bb2064541b531019238c7f3
wqp,wqp:21FLSFWM-FEBIN,1998-12,ANFIS-T-no-current,2133,053ceae5e4c7b058bf7c6944f3698ce4294c34aa2edf2b2db873c4273a366f69
wqp,wqp:21NC03WQ-CPFMC02,2015-05,ANFIS-T-no-current,2133,053db555c5919e85652b24b23636953488f78f8a9ea22af178a9f98505fedc93
wqp,wqp:21FLSFWM-A03,2001-10,ANFIS-T-no-current,2133,0540640b565e84d4539531d0fdb1bff40ab37d86e7c4912d529d95600c602d17
wqp,wqp:21FLORAN_WQX-CC6,2017-08,ANFIS-T-no-current,2133,0542774c4f8f19cc6cd2e5216bff52101c6974920113d6b95936eb2d7dfb7850
wqp,wqp:MNPCA-82-0046-00-203,1996-08,ANFIS-T-no-current,2133,054299cadf260be08464b339bb0b6b05d911f97a2cb9d942efd40fcb6697ec80
wqp,wqp:21AWIC-81,2018-04,ANFIS-T-no-current,2133,0542e5adfb3887c71fa2b87af0a9dd8743230e7cf407896fdcf57ade8eaaba93
wqp,wqp:21FLSFWM-E02,2004-01,ANFIS-T-no-current,2133,05480db42ed4ccf497e5f657867a93dedd2f7ccccf61384563608778357fb30b
wqp,wqp:MNPCA-62-0055-00-201,1984-04,ANFIS-T-no-current,2133,0548e6cf9a04d954b30ff11b55e69d2547e8df2ba97553b3bffc05cb79112de9
wqp,wqp:21SC60WQ_WQX-SV-200,1999-06,ANFIS-T-no-current,2133,0549855547fcd26e31e10d03ab019a645c0ce6e14bf14d7a4e9d5ac179ce9f36
wqp,wqp:MNPCA-62-0055-00-102,1993-05,ANFIS-T-no-current,2133,054987eb53397082f22fea315cfffe9094a6652e3e1e70a938dd5faf93501ee7
wqp,wqp:21FLORAN_WQX-CC18,2008-12,ANFIS-T-no-current,2133,054c270b6e58e31557a3fc600987469057704784c0d5bdae8572210276608ec7
wqp,wqp:21FLSFWM-TREENOUT,1991-07,ANFIS-T-no-current,2133,054d34c78bb826ea7bb8239ff09a5da65af36e00f3b662972ed2e20aa31f5b80
wqp,wqp:MNPCA-25-0001-00-232,1996-03,ANFIS-T-no-current,2133,055474fc498de31c7efaee7ec6f39d338bda4e9cdf2c8977fd8bb8bad3c2f68e
wqp,wqp:21FLORAN_WQX-CC12,2009-05,ANFIS-T-no-current,2133,05554f3ee8d622a31413af89cdaaa0b5b872fb0366f2d66ed9ff1f9edadc6ca6
wqp,wqp:21FLORAN_WQX-BC9,2011-10,ANFIS-T-no-current,2133,0555e4aa046aea2269741202cc8701b43d3efa0fc6adb87728a57080bc800fd4
wqp,wqp:21NC03WQ-CPF055C4,2013-08,ANFIS-T-no-current,2133,05561001f415446c1626682978c13b88d64a0931517c7fa27eb6805b430fc9dd
wqp,wqp:21SC60WQ_WQX-SV-338,2007-01,ANFIS-T-no-current,2133,0556bc715cbeca77057214aa0761368f5b9ffd765ed292349786f15d76c25108
wqp,wqp:21SC60WQ_WQX-SV-361,2015-06,ANFIS-T-no-current,2133,0557694132c17bb01435f9dbf1c81fa1d5da6535ee1a790255ad3dc048ff2f14
wqp,wqp:21NC03WQ-CPF087B3,2017-03,ANFIS-T-no-current,2133,055a09089ddddddb24bdca6166c9315d4561e34fdfc0ca2a1a9b00244e4151b1
wqp,wqp:21FLCBA_WQX-WAL-DEER-1,2017-01,ANFIS-T-no-current,2133,055e5457c55724f23fc7906670f2dd1cefbc588183fa9ea36f21865b870f8598
wqp,wqp:21NC03WQ-YAD169B,2010-03,ANFIS-T-no-current,2133,055ef7a011ec32b82d4f213be51164bccf2157b06a80ef75f1179cc3a212d659
wqp,wqp:21SC60WQ_WQX-PD-327,2016-08,ANFIS-T-no-current,2133,055fb4aa96d1dc88167858d26212058d676f7ab91c5be84ba272b78f1b819705
wqp,wqp:21FLSFWM-L003,2006-01,ANFIS-T-no-current,2133,05620c839b28cec6128328f5b7251c077f1a97a49cb837d20caed4c58f4cc58a
wqp,wqp:CAPECRD_WQX-290,2002-07,ANFIS-T-no-current,2133,0562b6caaa29e9e3271253582178a96b8c9882f1134271b7580d5966963861ea
wqp,wqp:KAWNATON_WQX-KN-KL-005,2010-05,ANFIS-T-no-current,2133,056338a75993b36f45bd6307270ac14e771ce72192ad9ac1ece58bc8c54bea6a
wqp,wqp:21FLORAN_WQX-CC9E,2007-02,ANFIS-T-no-current,2133,05661a290090705ea2d625a91312621d2e1abad11f6493db49f58e49231e26f7
wqp,wqp:21FLSWFD_WQX-23479,2007-11,ANFIS-T-no-current,2133,05666f21a77c8bca1fa653b9c16c11cf174163b23ee9c351f9589a0f972d43c9
wqp,wqp:21DELAWQ_WQX-208181,2012-12,ANFIS-T-no-current,2133,0566d344afda48c6da533f8c93744716cb5dcb47604c4e178f0f11d3eca5acc5
wqp,wqp:21FLORAN_WQX-CC4,2008-07,ANFIS-T-no-current,2133,056771e5ad0135a9a1fc1103908813012cfe1139bd9abd9bd33af39e14755bee
wqp,wqp:21SC60WQ_WQX-SV-200,2009-04,ANFIS-T-no-current,2133,056b63c92af31c249dc6b6bfe1597441c15b7b868e8e82c66a62e717fcde2cf3
wqp,wqp:21NC03WQ-CPF081A1C,2011-12,ANFIS-T-no-current,2133,05704c9591eefb3aec35aa08654dba4f06f2ed2680d5c10ffee23a1917a85d16
wqp,wqp:21FLSFWM-PELMID,1999-05,ANFIS-T-no-current,2133,0570f0c3c888e1c515cf0617aff2f19d44f993f14c0fc538a24c5bba9317f35f
wqp,wqp:21FLSFWM-ISTK4,1990-12,ANFIS-T-no-current,2133,05711beb0733b9ab4dc042d438eee6628523531763ee1c46cd6cfc8743e1fa32
wqp,wqp:MNPCA-86-0281-00-201,1982-02,ANFIS-T-no-current,2133,05735f96bb1e69775129df14d899101ddb84fc6cb50fd065f4aa16bb8bc8e492
wqp,wqp:21FLSFWM-ISTK2,1994-04,ANFIS-T-no-current,2133,05774940049ba7c26b2ecded1d2efd68200c29602d567e3e5edd94f0dc4b92bd
wqp,wqp:KAWNATON_WQX-KN-KL-010,2014-11,ANFIS-T-no-current,2133,05785133bc2e000566eb42925a5c28d6b1d429a96deff1746026eef8dfe5c18f
wqp,wqp:21FLORAN_WQX-LE53,2018-06,ANFIS-T-no-current,2133,057860c9eccb448ed0844deb7291f33c6e74924785db2f70fde2991c2507aaf4
wqp,wqp:21FLSFWM-C03,1989-12,ANFIS-T-no-current,2133,0579e72ca84b2330bda1ad2020072b3856c0f8ee9c6d2885f45143bb518b31f7
wqp,wqp:21NC03WQ-NEU019L,2015-05,ANFIS-T-no-current,2133,057b1cd2efd0441723adf7c7298db6ec13ed6a4fa5321af83353a3657c296a8a
wqp,wqp:21NC03WQ-CPF086C,2015-07,ANFIS-T-no-current,2133,057b7b638e1fe44718db5c834f3b382154768031b96f98db3e70f0aacfe8efe3
wqp,wqp:21SC60WQ_WQX-B-327,2001-01,ANFIS-T-no-current,2133,057c25a85b74ddbaf29214e8aaa5003b9b85ed1a4d17ba576be5003109274656
wqp,wqp:KAWNATON_WQX-KN-KL-002,2010-05,ANFIS-T-no-current,2133,0584c6f18a6e4ff43ab76f27f81423f52c0c19f69539d4734a0e89b9178a217c
wqp,wqp:21DELAWQ_WQX-303331,2000-04,ANFIS-T-no-current,2133,058517db8d4ac269baf482c12271ed2abdf4413ac4604e7ab41fec24afd32a96
wqp,wqp:21SC60WQ_WQX-S-024,2009-01,ANFIS-T-no-current,2133,0585424a156c3cbf7dca1adf72170b74d2a8f33468a0d65bc2413232ae39cfcb
wqp,wqp:21SC60WQ_WQX-PD-327,2003-03,ANFIS-T-no-current,2133,0585da7274b92203922eadb3b70d2e8cfa1aa5870855f116705ffef7f5f1089d
wqp,wqp:21FLCBA_WQX-WAL-FULLER-3,2016-12,ANFIS-T-no-current,2133,05867c443158852367463e1e8eb61a6285715cfee0db91018e8723531edb21e2
wqp,wqp:21SC60WQ_WQX-SV-236,2014-05,ANFIS-T-no-current,2133,05872302163a69be9e9777343b3406f8a427f19f4e5f99cf07723812fd5da888
wqp,wqp:21FLSWFD_WQX-23479,2007-10,ANFIS-T-no-current,2133,0588758dc0333e38e8fa27ec395bec35d5028403785ca06875be03b731d65ab6
wqp,wqp:21FLSFWM-L008,1980-05,ANFIS-T-no-current,2133,0588818cbe99635f08ae8b63602fb5d94f4507d55c5ec16bfe001e0319370908
wqp,wqp:21FLORAN_WQX-CC11,2016-05,ANFIS-T-no-current,2133,0588c50f4aeeceb73ca4772646c5c1d233ca279eb7d564db694ac4f176f8e5c0
wqp,wqp:21FLCOLL_WQX-LKTRAF1,2006-11,ANFIS-T-no-current,2133,058a4dd4b9d95fa444baabd2e59b0829060caa4c0c278f0fa1e14a6a973c76b7
wqp,wqp:21FLCOLL_WQX-LKTRAF1,2010-08,ANFIS-T-no-current,2133,058a84f267a903b61cc381000c985b5b700c96243473c9aa12908928eb84c182
wqp,wqp:USGS-07049187,2017-04,ANFIS-T-no-current,2133,058d4aba0b9f8d225d50a42e465ec69c73689eaa4049711a123746cf6f2564a8
wqp,wqp:OKWRB-LAKES_WQX-520710020020-04,2002-10,ANFIS-T-no-current,2133,0590cedd8d859ad112dbb78b881025bd216df5eaac86abd098c46bbdc9936055
wqp,wqp:21SC60WQ_WQX-SV-363,2007-10,ANFIS-T-no-current,2133,059194d4afcf1af70139a677d185068bd40f4f4c21bf81065b8635bbf6edabb7
wqp,wqp:21FLSFWM-POLE3S,1999-03,ANFIS-T-no-current,2133,0595f243d3f434905d9fb67182987a63da79772f8be0674ae751c568bad5027b
wqp,wqp:21NC03WQ-YAD169E,2002-09,ANFIS-T-no-current,2133,0597e99e49fe14a69cd2a5d7084604fe6f31fc918abaf2996d8dec0302966d5c
wqp,wqp:21FLCOLL_WQX-LKTRAF1,2007-02,ANFIS-T-no-current,2133,059cdb15d8aa95e5a831e74a2d4bf648aec69ae658ed81a0b44f8d1d1c04dcd2
wqp,wqp:21FLSFWM-E02,1999-04,ANFIS-T-no-current,2133,059d2840630da9ddf09a7b39842ac7d85ebce4fe6f69fc51c12cd07c6834b627
wqp,wqp:21DELAWQ_WQX-304321,2014-11,ANFIS-T-no-current,2133,05a012b86f3dfcee8cfccdcc580e413acd99cc8dceb321c113b00fb82fd94414
wqp,wqp:21SC60WQ_WQX-CL-019,2001-04,ANFIS-T-no-current,2133,05a06c63cd4c106a0fd531b3d4f75275939ac22095fed51932b4822d590c6c1a
wqp,wqp:21FLSFWM-RITAWEST,1993-04,ANFIS-T-no-current,2133,05a180336541829e22174c9d9b47041b085cf6aa4eae97678921b134313ca04b
wqp,wqp:21FLSFWM-CLV10A,2005-01,ANFIS-T-no-current,2133,05a199fa163723386dfb4c92749a48cfd85ca5f5ab2b064f964a171921613a76
wqp,wqp:KAWNATON_WQX-KN-KL-001,2003-04,ANFIS-T-no-current,2133,05a7879ba558fad38bcb219a1a51175ca6c02855a4b4fbc2a6469f9f9ed8135e
wqp,wqp:21FLLCPC_WQX-GRIFFINTISH,2010-06,ANFIS-T-no-current,2133,05a854a983556cdf53db3c6d305e2bfea31519ae811123847734da1bd8563a3b
wqp,wqp:21FLSFWM-KISSR0.0,2001-01,ANFIS-T-no-current,2133,05a87f2f253965173a577cf2a7423ce9eff6c921e67b1ff0306adb218c22f87b
wqp,wqp:MNPCA-25-0001-00-247,1995-10,ANFIS-T-no-current,2133,05aa04add2d8400e1ba30f3dae995c305e6bc05184a16afa8a7619f74a485a7e
wqp,wqp:21SC60WQ_WQX-SV-335,2016-01,ANFIS-T-no-current,2133,05aa6ae591234a05e8529da90c2f9310583b343d722cb2362ae9a7128bcf5cc9
wqp,wqp:21NC03WQ-NEU019E,2011-03,ANFIS-T-no-current,2133,05aabf5678893643140639843a804c117d43dd3f3e743be061eb343ab9b8906e
wqp,wqp:21FLSFWM-LZ42N,2008-04,ANFIS-T-no-current,2133,05ae189eb9eb4d08f8e5392c5f2b9749827feb53a64db223a8f6dccc4e9cab2e
wqp,wqp:MWRD_WQX-BARR3P,2014-04,ANFIS-T-no-current,2133,05b1654c62a3df17744e63e41582f7b79c0c85df6765e7f4f8e13389babcefdb
wqp,wqp:21NC03WQ-YAD152A,2009-12,ANFIS-T-no-current,2133,05b2b2c8da5806869a074d397e7246220ad4f12fef556c41b52630f56a6b366c
wqp,wqp:USGS-423556088365001,1985-11,ANFIS-T-no-current,2133,05b55c0115fe9830605db1509bbb562206bc2ad07042a8a2ba2664d54ab01abe
wqp,wqp:21FLHILL_WQX-135,2007-11,ANFIS-T-no-current,2133,05b83ec62f1201a0d2972d162df26c7baee1907017e69cfb92eac47b283d9f30
wqp,wqp:MNPCA-86-0281-00-201,1985-07,ANFIS-T-no-current,2133,05b8cc63fe11e0ba528adcd1473341a8e74bec96b83bb83fed02688103ca5b16
wqp,wqp:21FLSFWM-CLV10A,2003-09,ANFIS-T-no-current,2133,05bd4e8c4bb7f545da5b1f225e531bd21bd044726b73fd2f80d2b05b5993a3ad
wqp,wqp:AZDEQ_SW-33,2013-11,ANFIS-T-no-current,2133,05bedddba0426059f00f0cb64f3e67b9e81f34734c7daa9c45f912e31adb4a77
wqp,wqp:21FLSFWM-LZ42N,2000-07,ANFIS-T-no-current,2133,05c4c8e0aad2a3c3a337bed966edf1909e778709af5223623c2fcdfbce359926
wqp,wqp:21DELAWQ_WQX-202021,2013-03,ANFIS-T-no-current,2133,05c7315dbbc545d7ea57f2db3b88b1bb274b47ec352dba96ff0c54bfc6b53869
wqp,wqp:21SC60WQ_WQX-SV-098,2004-07,ANFIS-T-no-current,2133,05c7c916b8bf3804c63bb108bfda721143f7bb5680eb0341b373028a2177e5f7
wqp,wqp:21FLSFWM-B02,1986-01,ANFIS-T-no-current,2133,05ca4b48877dc8541ecec206a2fd962769365ead4d24073bd5fc1e68a257d158
wqp,wqp:21FLSFWM-PALMMID,1996-04,ANFIS-T-no-current,2133,05cb5f3b4863f8c562961873118f7a1c48c2fe6f2bee9b2dd238c2310ff22da9
wqp,wqp:21FLSFWM-L005,1982-01,ANFIS-T-no-current,2133,05cb9ef0d773b4939d5a0f2595874655ebd75002e9a7eeaba8f25afd33fd7466
wqp,wqp:MNPCA-47-0042-00-201,1987-05,ANFIS-T-no-current,2133,05ccb36473bf4b1b3b5084752be5b591907fc26ab0a11c4ba25789baa24d1732
wqp,wqp:21FLSWFD_WQX-23641,2016-09,ANFIS-T-no-current,2133,05cd319384147fc955bcd163085424f79d6d27a49f1886195a44d7fd6c5fd03b
wqp,wqp:21FLORAN_WQX-CC18,2006-06,ANFIS-T-no-current,2133,05cd7c3155d29e57ebc80978a0ad5023d7f11945937399e0b3899f1da3aafe9d
wqp,wqp:21SC60WQ_WQX-SV-361,2002-04,ANFIS-T-no-current,2133,05cdab05e4ee1acd3e9565054993e06d00772cf14e8b3938c77500b375c655f6
wqp,wqp:CAPECRD_WQX-262,1999-10,ANFIS-T-no-current,2133,05cefd994f86c7111ccd93c632eeeadbc51858433064cf6089b95234580d4387
wqp,wqp:USGS-07049200,2017-06,ANFIS-T-no-current,2133,05d2947238e31f98b672f48e23fd22c09cf5e8095aa269623d3baa94d4893382
wqp,wqp:21DELAWQ_WQX-205181,2013-08,ANFIS-T-no-current,2133,05d5cdbcd45365ccf13ee2108869ed96b859984b6f55a82fde809ade523a1e40
wqp,wqp:21FLSFWM-C03,2002-01,ANFIS-T-no-current,2133,05d65fd93c91ab7231dd8358271bc4842aa9451a9fea9499badc5afb524a338a
wqp,wqp:MNPCA-86-0284-00-100,1991-04,ANFIS-T-no-current,2133,05d661f587c8bedbe665bb871b8f83e5c107ca6c218ec3bc59e6331166a59eb4
wqp,wqp:21FLSFWM-LZ40,2006-08,ANFIS-T-no-current,2133,05d70b4d329b6afd1df00c8d5b6dfac40db57a41b6859db68eaf124e09e03c9c
wqp,wqp:21FLSFWM-TREEMID,1992-12,ANFIS-T-no-current,2133,05dfe9b30fd7f0c9eb03fa34ba9c982f7620202d8367cc88e1977bad52642bbc
wqp,wqp:21FLSWFD_WQX-23389,2007-02,ANFIS-T-no-current,2133,05e026781fca1ef0cb2167d6f4d3628cd8c2ac3d511cabecc60f7b6d6c3eea14
wqp,wqp:MNPCA-10-0042-00-401,2011-05,ANFIS-T-no-current,2133,05e41192373a7e9256bd70093f46c48a7bcbfae9be44f9be7d23d2c26a7373f6
wqp,wqp:21SC60WQ_WQX-CW-033,2016-01,ANFIS-T-no-current,2133,05e4e5d6dfeaaeeede989feb12fe46dbd6a434358b1d41e965ecaf21f07ac1f3
wqp,wqp:21FLSJWM_WQX-44154,2016-12,ANFIS-T-no-current,2133,05e63ed7a7f053450436c8340a2e65e1646a6c9d737ba1820636be2da8faa51f
wqp,wqp:21FLSFWM-C02,1982-10,ANFIS-T-no-current,2133,05e825a893d703d2503b79e0f6892372d4be7becd1eca73bee100b2d31bd29bb
wqp,wqp:21FLORAN_WQX-CC18,2005-07,ANFIS-T-no-current,2133,05eab802182581e512bbf8c63e2bcf74bc70cae65845698bd8908599ce5f7f40
wqp,wqp:21FLCBA_WQX-WAL-DEER-3,2017-02,ANFIS-T-no-current,2133,05eef9a81cd49f2b1b6aa01d63abadc567f9f4dc833f3c4e9a77ddb8f4562023
wqp,wqp:21NC03WQ-CPF055C6,2013-10,ANFIS-T-no-current,2133,05f41a51e647c30ac351765043506bb95bd0ef1bf45b5c09d5f989ab00bdfcce
wqp,wqp:21SC60WQ_WQX-CW-207,2015-02,ANFIS-T-no-current,2133,05fab6b59dbe6f93a7930d4cbddde7eaeccc3242dd0fce953f5e28a3f0b270b0
wqp,wqp:21FLSFWM-B02,1987-10,ANFIS-T-no-current,2133,05fb040a2b5398bf365e2da1f80c8b16e22b8f045742e0d812745d8514904797
wqp,wqp:21SC60WQ_WQX-CL-089,2015-07,ANFIS-T-no-current,2133,05fb3ad6d96c36afd5e6d9a1a8d00ad320036ba35e4b239922fde842a3b83aad
wqp,wqp:21FLSFWM-ISTK3,1989-06,ANFIS-T-no-current,2133,05fb57ea223f47bd68cc863ebd0303d3b038490202c748b58b32865145b858e4
wqp,wqp:USGS-423556088365001,1990-10,ANFIS-T-no-current,2133,05fb96b060510e85844726232e869dcc530c2f972e3e839faa6e4b34910213f5
wqp,wqp:21NC03WQ-LI01,2011-12,ANFIS-T-no-current,2133,05fbde3835e2e60ca451f65b33791ed109a1d1b672f7097f76b1efc9a5427d5f
wqp,wqp:21FLHILL_WQX-135,1999-04,ANFIS-T-no-current,2133,05ffd8334b114acdc10d1b3a884c9d45d3e826cd8ada1c20414e35617cd05aa8
wqp,wqp:21SC60WQ_WQX-S-222,2015-02,ANFIS-T-no-current,2133,06013498d2b2609e63451117fa156c4ae952452aff237824319bbf1e5e420608
wqp,wqp:21FLSFWM-L001,1978-07,ANFIS-T-no-current,2133,0606e6284f373faf0a22163a1b4efc7f0f37041ae9ee5445dca37ced19f65427
wqp,wqp:21FLLCPC_WQX-YALE,2011-09,ANFIS-T-no-current,2133,060a0162df37395ad706e852695708534befa1eddd83e0c449a4dd5c0e6bac6b
wqp,wqp:21FLSFWM-L008,1998-09,ANFIS-T-no-current,2133,060b997d74092e3af3db34af891f92ac65a134d9020a60fda08efc2c3145ffd0
wqp,wqp:USGS-01657460,1973-11,ANFIS-T-no-current,2133,060dc03ce8b86e42add79d4826c94ef44a857e35f7fac97ab67a783121b0c867
wqp,wqp:21FLSFWM-L008,1978-06,ANFIS-T-no-current,2133,060eb885ab195171094beb3a944930da1f8ac5ba120f1a3fd285260854150f94
wqp,wqp:21VASWCB-5ASRN000.66,2008-10,ANFIS-T-no-current,2133,060f06755e199109b1e1db18bf309cec51c775c6e9377af738d748426b6c0e1d
wqp,wqp:21AWIC-23,1993-11,ANFIS-T-no-current,2133,061080b0bbaddbaf1c89863439617acb87399ce984531a3a088ede7965351089
wqp,wqp:21SC60WQ_WQX-CW-231,2003-12,ANFIS-T-no-current,2133,061142bd0db05dca8b21279ff0a77504f9624d266eeffae39a9d662789f71296
wqp,wqp:21FLSFWM-C03,1989-04,ANFIS-T-no-current,2133,06117437c557e1a41751f0b06b4f2ae8d89fafa4ee68585115c2ff5174040504
wqp,wqp:21SC60WQ_WQX-SV-098,2005-06,ANFIS-T-no-current,2133,061179d3900cebc5f802643c739e6e461890c8c41058551962060561da83e79d
wqp,wqp:21FLSFWM-B02,1983-05,ANFIS-T-no-current,2133,06125acaaa61b15423fda035cc4a6255f401362cdd58dc66841a16e713c5a8e1
wqp,wqp:21SC60WQ_WQX-B-327,2002-03,ANFIS-T-no-current,2133,06128692e024584806ba6a80e70f6c60f8faec0ec172bbca02f6f4b3765b57ad
wqp,wqp:MNPCA-62-0055-00-201,1991-05,ANFIS-T-no-current,2133,0613e995178d13ea74a604b3782fa09ef63b284d8a48b2da0f60bf7f6faf0d1b
wqp,wqp:21NC03WQ-CPF055D,2016-08,ANFIS-T-no-current,2133,061561bb151459ee6159d94d4051490f99e62eae31bad6b5f6c08d5fc4b6de89
wqp,wqp:21FLSFWM-ISTK2,1994-02,ANFIS-T-no-current,2133,061719756638d9c87073e62ab16149602c3be03d50644a886cd4186d48507f4d
wqp,wqp:CAPECRD_WQX-262,2012-07,ANFIS-T-no-current,2133,06184a6385489a1fb80d4312a954ac48890c9cf8bcf6773bdaf0eab05ff13c85
wqp,wqp:21FLCBA_WQX-WAL-DEER-3,2018-09,ANFIS-T-no-current,2133,0618e1eef64a7906acac555578ddbd69954e7314294d78933ba92677e06f8375
wqp,wqp:21FLORAN_WQX-BC6,2007-05,ANFIS-T-no-current,2133,0619f037e80cba5570bc3770606814eeeaa028718fdd0ac741bf44b7117dcd5b
wqp,wqp:21SC60WQ_WQX-SV-335,2011-06,ANFIS-T-no-current,2133,061b8de0cd842f9bb7f63b764a4dbb62228dab703af27470f22e847a23bd247f
wqp,wqp:21FLHILL_WQX-135,2018-01,ANFIS-T-no-current,2133,061ccfa089b6b542802c025e5a02678c56fd75b0d335123fb5b8f0f491c76120
wqp,wqp:CAPECRD_WQX-280,1997-09,ANFIS-T-no-current,2133,061d75cba09231940ad88add35ee51c38062b8961aa5aefc0bedc5f8b083ece9
wqp,wqp:21SC60WQ_WQX-CL-019,2018-07,ANFIS-T-no-current,2133,06206e2a28629355b6c5653ad0bdd59c6635edf98ad06cfc727edfc72203dd5a
wqp,wqp:21FLORAN_WQX-CC18,2008-04,ANFIS-T-no-current,2133,062107ec41401a62b21721dacbbddded76aa5e5f0b8be4d5239b23053f74cf6f
wqp,wqp:21NC03WQ-NEU018E,2007-01,ANFIS-T-no-current,2133,0623d2a11fbf6bc0aea690b761fd48f1a64c846e1e7011d3a3791de12e41d3e1
wqp,wqp:21FLSFWM-A01,1990-11,ANFIS-T-no-current,2133,0625f653a410daffc6f85bae73f3dd4043e90ad9a641a54acd915794ac839ea6
wqp,wqp:21AWIC-23,1995-04,ANFIS-T-no-current,2133,0626137b4e345547ba0678886537212c7d2c2376dc714c9b78a76854e253b859
wqp,wqp:21SC60WQ_WQX-PD-327,2004-05,ANFIS-T-no-current,2133,0627cd2486efc25a78bc2afc0cff7de61ab82607dcf136ae3d9178f3c32b2514
wqp,wqp:21FLSWFD_WQX-23438,2013-09,ANFIS-T-no-current,2133,06281e1a90ba62f8968d635dae74d088e4f495562aa034a93988e07283fc3db2
wqp,wqp:21FLSFWM-B09,2002-06,ANFIS-T-no-current,2133,0629b8ee97a3f24223f9b03d8bfbbf8e9baa183643a34dde73cb1501320704e9
wqp,wqp:21NC03WQ-B2450000,2010-03,ANFIS-T-no-current,2133,062c6bad6ff2e2dffe197fb9f56c8190a0abb0de19b78cb6a3e5197950b4f945
wqp,wqp:USGS-07049690,2007-10,ANFIS-T-no-current,2133,062f7ccd07e62b8894f4fa45d1dbf7f0e107c534bfb91e88b4674162b32e283b
wqp,wqp:11NPSWRD_WQX-SLBE_PL_01,1992-01,ANFIS-T-no-current,2133,06312adb346fa932953fde2538fb5361a0352b41ee4112062707a70954b6accf
wqp,wqp:21FLSFWM-L003,1988-03,ANFIS-T-no-current,2133,0632e02055df6976a32a5517db621c9cdd5dec1696b9efbccad1d972cf135fc6
wqp,wqp:21SC60WQ_WQX-SV-339,2004-07,ANFIS-T-no-current,2133,0633084f03b515e54e953866b9f22ff05db9f197e66b3ac459d6c54f5f447002
wqp,wqp:21FLSFWM-B09,2004-12,ANFIS-T-no-current,2133,06330a479d6cf6f4e24009e1ea58ee05d360f4b74bf3977c94f963b07e4def68
wqp,wqp:21DELAWQ_WQX-206461,2006-06,ANFIS-T-no-current,2133,06341222dd26146bd697fc8a8468b29e30d4c45689a66b8da8ad80074a816299
wqp,wqp:21FLSFWM-B05,1983-02,ANFIS-T-no-current,2133,063a772029280956f2677ffb99fa47de0f341f20f98b84363b00563f24a9421b
wqp,wqp:MNPCA-02-0075-01-204,1982-11,ANFIS-T-no-current,2133,063e902534a3caf9ecfcc163ad387c3c9f91aff1b1f80507cbfb4dba97996c96
wqp,wqp:MNPCA-62-0055-00-201,1998-06,ANFIS-T-no-current,2133,064126e9eb9206ca5db18854f22a9ba193a79e07bca3934e1f7ec90514d96fd5
wqp,wqp:21FLORAN_WQX-CC6,2005-12,ANFIS-T-no-current,2133,0641cdd11b8348b0cc75aa4b61159e67fd2d5366cab57e6a3dbde322a33588eb
wqp,wqp:21SC60WQ_WQX-CSTL-075,2008-07,ANFIS-T-no-current,2133,0641fed34659852cd2f59150e013b1bb09520138ea4dd6238ecee451d8fc4852
wqp,wqp:21FLSFWM-B02,1985-03,ANFIS-T-no-current,2133,06432a34c43c106969b6dd6a59fbb06acfb70a0d536ed9b53002a5b98ffd828a
wqp,wqp:21FLORAN_WQX-CC4,2006-01,ANFIS-T-no-current,2133,0645355b211dacf9aad9e718ba8a9f1fc713f101cb652c77d17ecaf50e5b8c64
wqp,wqp:21FLORAN_WQX-CC4,2009-01,ANFIS-T-no-current,2133,0647fbcade71cf57cc4b482556218cc7318a31f336a938a60627c3804c06d886
wqp,wqp:21FLSFWM-RITAWEST,1998-11,ANFIS-T-no-current,2133,064a8920be26567824b51ed3d493c9bffbbf37d4901e2ce73f6ac79ac32f4e2a
wqp,wqp:21FLSFWM-KISSR0.0,1994-05,ANFIS-T-no-current,2133,064b5334e2fac318c226ec3662baf6fccfea1e14c9649c158698562b674becad
wqp,wqp:21GAEPD_WQX-LK_12_4048,2005-10,ANFIS-T-no-current,2133,064f9ea5308742742578115170fbfecb425431833dd86aa5caa5d39d198f452f
wqp,wqp:21SC60WQ_WQX-SV-236,2017-10,ANFIS-T-no-current,2133,06516a416ef35b7f6b8cb28310562006dfbb1b1958d78b417de41b51db245c91
wqp,wqp:21FLSFWM-PELMID,2000-01,ANFIS-T-no-current,2133,0655e8e6123bf09a61c3c091e449dc1eb6109b4219c78ed20ab779a5b629aa20
wqp,wqp:MNPCA-62-0055-00-201,2012-05,ANFIS-T-no-current,2133,0656029d4e5cee26dd9bf09a14fc3ff0e6f55f6f17a5db41ffa8545d6ad0897c
wqp,wqp:21FLSFWM-C01,1984-09,ANFIS-T-no-current,2133,0656bcabdfa2aa8a826984d9f5edf029da80c36dd535ebd772c323217d90b94b
wqp,wqp:21FLLCPC_WQX-GRIFFINTISH,2010-08,ANFIS-T-no-current,2133,06591884ae36d8eb94284c17678bd4fadb18292d8209ac9bdbb099c2205e35d9
wqp,wqp:21FLSFWM-B03,1983-10,ANFIS-T-no-current,2133,065988ee62d68fa440963da8b29844e76bce3f1edf726d791950f92d36629437
wqp,wqp:USGS-423659088354401,1988-07,ANFIS-T-no-current,2133,0659cefca0d7835afa2e2b0e571654e5e3be43f7d5766a081b74b41ea38f178c
wqp,wqp:CAPECRD_WQX-290,1999-04,ANFIS-T-no-current,2133,065b1d638f241b4b3db07d86bd1a6f96e5888463fd0ab7b55b661ea10ff59482
wqp,wqp:CAPECRD_WQX-280,2010-07,ANFIS-T-no-current,2133,065ba729feb93b6f3a925a8b213d6314b8f9fbb11a17bc255377af4034bbe4e2
wqp,wqp:AZDEQ_SW-33,2016-01,ANFIS-T-no-current,2133,065cffabf010178913b816638270e4faddd8f5e42218f0ee45ad676f5d20e6b8
wqp,wqp:21SC60WQ_WQX-S-022,2013-10,ANFIS-T-no-current,2133,06605e264d2c300d9eb8926e68b9c1e73e0cc02511988da4154617d22a1f6b07
wqp,wqp:MNPCA-62-0013-00-201,2009-05,ANFIS-T-no-current,2133,0660d28c9fa7da51308be3811311c8193e9534532bb9391dad1241cdc1be9c34
wqp,wqp:21FLSFWM-TREEIN,1987-10,ANFIS-T-no-current,2133,0661b1899a42200edb6e0069bafe9b2ed6d7b5d5aa5c772768f95f83c8dd9751
wqp,wqp:21FLSFWM-A01,1983-07,ANFIS-T-no-current,2133,0662d226b8113429b5cf81d40d9158a69e08bdfbb5a55d9def742563f1a2aef0
wqp,wqp:21NC03WQ-Q5360000,2008-04,ANFIS-T-no-current,2133,0662d83d915fb83d832e9fd0ac5b7881c413bf9fe85e24b74965f01b868d6827
wqp,wqp:21NC03WQ-CPF08801A,2009-04,ANFIS-T-no-current,2133,06634fe0a566d2375da7fd537ae47601067e4ecada10233f454c3e126214bca5
wqp,wqp:USGS-07263299,2007-06,ANFIS-T-no-current,2133,0666dfd556e7d3f8bda1fc2a337030eef11d29e347318c1fe0c86ec259de5c79
wqp,wqp:21FLSFWM-POLESOUT,1995-07,ANFIS-T-no-current,2133,0667d88601ed3c234aabb5581fc5faa44a898398e248c7a81546ae8d3ffaf9e1
wqp,wqp:21NC03WQ-CPF087D,2017-07,ANFIS-T-no-current,2133,066c64a4dab1b72c72ca6cc534fad48e372a5ad97e32f65a9d5930dfefbc304b
wqp,wqp:21NC03WQ-NEU018E,2015-05,ANFIS-T-no-current,2133,066ce1efc24f0254256f03a3ad200be570f2fb1a3abd61644ca2249edc6d12de
wqp,wqp:21FLHILL_WQX-135,2012-02,ANFIS-T-no-current,2133,066da54f539108fb4401eb7ca9f114374b2c486795681e80763986d269dd2bdb
wqp,wqp:USGS-07144790,2006-04,ANFIS-T-no-current,2133,066fcf242bf475bfefdfc233fd77ed990880619cfa305aab1d12eab38a7706e5
wqp,wqp:21DELAWQ_WQX-109191,2009-04,ANFIS-T-no-current,2133,067002037293c7e4a058e386e3e46d092f62db35b6faad87222f89ea4c11e9af
wqp,wqp:21NC03WQ-CPF081A1C,2011-11,ANFIS-T-no-current,2133,0670c9360bca49237f6e26eada644e034425d3faa3f14a19257f9ad92cf41ee5
wqp,wqp:21NC03WQ-CPF086F,2001-10,ANFIS-T-no-current,2133,067202a5fc5aef5e2791d0e8c21b1edc67b4aca00d6d6a7e057a811240554271
wqp,wqp:21FLSWFD_WQX-23480,2018-06,ANFIS-T-no-current,2133,06725bc531b10db388a9f802f2e3a49bcba642d5443f9fc029fd822b66b1b385
wqp,wqp:21NC03WQ-CPF08801A,2007-04,ANFIS-T-no-current,2133,06759286813d78028bfa3f141949edc55456d02f18344a0d7903c347d18cef57
wqp,wqp:21SC60WQ_WQX-S-024,2006-01,ANFIS-T-no-current,2133,0679afd0b4fe6baafc9a72a1fe6276fe41b0b2d9c509fb00f36b8ad3e008c951
wqp,wqp:USGS-07048910,2006-08,ANFIS-T-no-current,2133,067afad659d95378a5a8e4e2779c4be5095b9a677aa07be3a244ca902b34112f
wqp,wqp:USGS-01201700,1979-01,ANFIS-T-no-current,2133,067e1bc386181e6bb8904f032df13a5d3031450e501d182048a940c34c952fa6
wqp,wqp:21SC60WQ_WQX-B-339,2003-01,ANFIS-T-no-current,2133,068120242756da1eda6e21e526a55a5989f8e3f3003761201de39e05601cdd14
wqp,wqp:21SC60WQ_WQX-ST-032,1999-06,ANFIS-T-no-current,2133,0681343a6b76b44c82348c8e60c485cb63c7d5980ecb34e6652befc3ece62402
wqp,wqp:21FLSWFD_WQX-23613,2014-03,ANFIS-T-no-current,2133,06822de1c1ada55bcdfafdcf84ca4a8bb03bee69101d0681e8a12cd3bffa873f
wqp,wqp:21DELAWQ_WQX-308071,2010-07,ANFIS-T-no-current,2133,0682e082964091fa1ed8bcb66af5ea9ec7edd991fd6f37996fe493e84c7516a4
wqp,wqp:21FLSFWM-C03,2004-11,ANFIS-T-no-current,2133,0684aaa884d1fc8a0d9a373465fb493477a246d3ba98e2c0abf600d413b4c807
wqp,wqp:21DELAWQ_WQX-208181,2005-06,ANFIS-T-no-current,2133,06887859d58429da43547fb4c763666e19632400770ac0460c81388ea6fa3e80
wqp,wqp:CAPECRD_WQX-280,2005-02,ANFIS-T-no-current,2133,0689050a964e7363476eef7bbb37cbb22d0deb496e25f1d10c6d43880589e433
wqp,wqp:21FLSFWM-POLESIN,1992-05,ANFIS-T-no-current,2133,06890c5d75d67f5434992691754819b7affef438def107a230e2fe4947908924
wqp,wqp:21FLSFWM-D04,1984-06,ANFIS-T-no-current,2133,068f863b16f5f45dedc2d203af2348520fcfff72d7ea508ffeae1b955164480e
wqp,wqp:21FLORAN_WQX-CC4,2010-02,ANFIS-T-no-current,2133,0692ba34ca9dc772df05bb219d393907038702e93911088cac9129b6b0142085
wqp,wqp:21NC03WQ-CPF0880A,2015-06,ANFIS-T-no-current,2133,06937d129ea286c6477d0b1c98167cbcf9e3961be83b78eab4f0dc3f4bef80c9
wqp,wqp:21NC03WQ-Q5360000,2016-04,ANFIS-T-no-current,2133,0694ffa0cbeb66788370929d833cbc0071baa2bef7414e7d0ccc644ee8c38b0a
wqp,wqp:21FLSFWM-KBAROUT,1995-02,ANFIS-T-no-current,2133,069885df417624fbad340e5bcb93c543e7185cff3e97b070b7f1f1fdb3721c51
wqp,wqp:21DELAWQ_WQX-206361,2013-12,ANFIS-T-no-current,2133,069e08fadb5d77e4cdf7f3ec0ce976b027970c754ab1d0ff8d8cbdce5fb39d62
wqp,wqp:21FLSUW-ALL020C1,1997-10,ANFIS-T-no-current,2133,069ff5adaf516cddea164728da466e68a5c95bf280924bb6bc4f1ea093c8e7d3
wqp,wqp:21FLSFWM-LZ40,1994-10,ANFIS-T-no-current,2133,069ffe92d2a066f8828d05db82051560df9da6e3840d8ef57249f0e83092359b
wqp,wqp:21NC03WQ-CPF086C,2013-12,ANFIS-T-no-current,2133,06a009fd02d4f3ffe36d427841f743be773131b9d1e256c1f8b8ec7b8ec234ce
wqp,wqp:USGS-02207414,2003-02,ANFIS-T-no-current,2133,06a13a185314b3fa44adca8db965c3b31cc869d58a5f34db9d66ff181fc6b6e4
wqp,wqp:21NC03WQ-CPF087B3,2008-05,ANFIS-T-no-current,2133,06a51e13a944d2ae6422df61d2add99c8ea36dc411e07fcb2e73616591237040
wqp,wqp:21SC60WQ_WQX-B-327,2016-12,ANFIS-T-no-current,2133,06a5cd24c46e997964ac2b81a671e63752b31e960884eae550579695e84d27f4
wqp,wqp:21NC03WQ-NEU019C,2007-06,ANFIS-T-no-current,2133,06a708b3a4e92cdcbbccd25d019329541d4529e52fe4fcc358dd9103bf74b9f4
wqp,wqp:MNPCA-02-0075-02-203,2003-08,ANFIS-T-no-current,2133,06a78bf33b3b1644378a92d1359b1d0610fe7ffc1da20fa027ecf92346e48e1f
wqp,wqp:21FLSFWM-PLN2IN,1988-07,ANFIS-T-no-current,2133,06a9b1e401132f229cff6f77e826938363d3d9b75ae8c40bf30817bc20ff8cdb
wqp,wqp:21SC60WQ_WQX-SV-363,2013-02,ANFIS-T-no-current,2133,06aa6b244046ec7bcd79390625c279011caa9aef87b769754e62d46f3034a888
wqp,wqp:21FLCOLL_WQX-LKTRAF1,2016-09,ANFIS-T-no-current,2133,06ad7ceda337b899f8f2afbd56ec1ef56b6991b07c8a0f64a0456289cf339855
wqp,wqp:21NC03WQ-CPF086F,2001-11,ANFIS-T-no-current,2133,06b315b89bf601ea1c7af340f1bd8d663bdf40c0110d100b1b357d241d85e5e3
wqp,wqp:21FLSFWM-MH32000,1996-07,ANFIS-T-no-current,2133,06b392d46c6c5d64e65fffec699ac49540afffeb608f0ff2645ad6f79e8537d1
wqp,wqp:21SC60WQ_WQX-CL-089,2005-10,ANFIS-T-no-current,2133,06b3b887f11d4adbba81c488249b42560afed21515077e6738fc015a36edaede
wqp,wqp:21FLSFWM-TREEMID,1988-02,ANFIS-T-no-current,2133,06b4c86a30dee294a16b669b85fd5a92ce4a36dae75d746df7c2b05e05a6cc99
wqp,wqp:21FLSFWM-MH16000,2005-10,ANFIS-T-no-current,2133,06b5aca440aa115c97b2445f4abb84f45c9076ef4a91f3c901d26d651fdde168
wqp,wqp:21FLSJWM_WQX-44678,2017-06,ANFIS-T-no-current,2133,06b80a1dcec42d71a6ac3b5adc70a1bc79534219ed5bb9921931a9a565f0e3d6
wqp,wqp:21SC60WQ_WQX-SV-335,2009-02,ANFIS-T-no-current,2133,06ba9482d894c1bd1c3b39d84699ac7bdf5cf277e0ca57b178b967413a4efe4a
wqp,wqp:21DELAWQ_WQX-202021,2007-04,ANFIS-T-no-current,2133,06bbd98c86291ffb2cc96256b3aa5c788a1b42978f69cfc21ac791c60ecf7f65
wqp,wqp:21SC60WQ_WQX-SV-339,2008-08,ANFIS-T-no-current,2133,06be2c8c7b6ddc264ab1255f65c171bb90da38e615f2eba9f867aa7f08821f21
wqp,wqp:MNPCA-62-0013-00-201,2013-05,ANFIS-T-no-current,2133,06c14ba741fbbc46de729244492206b633ed63636513e879521a3371e5ddae8d
wqp,wqp:CPNWATER-WW#3,2016-06,ANFIS-T-no-current,2133,06c209da76fff589ea2a46b75136fce78762ec09817994a583111db1400cd1fa
wqp,wqp:21FLORAN_WQX-BC6,2008-07,ANFIS-T-no-current,2133,06c440e9f1660849497e231666d554e4ff9212efb51d73542ffa3375d3ad4c3e
wqp,wqp:21VASWCB-5ASRN000.66,2015-10,ANFIS-T-no-current,2133,06c4cdb7ff48ed300fb2987ea28460ec8aac8f6cfa0a61bd5c90d77d4d91613b
wqp,wqp:MNPCA-62-0054-00-101,2006-01,ANFIS-T-no-current,2133,06c5694cc6a921ef468f0ff7dd7c10fa7639ec2ac6bd9683b9396f9f667ed22a
wqp,wqp:MNPCA-86-0252-02-207,1987-11,ANFIS-T-no-current,2133,06c8ae7721cf4209ad35e2d9e4635cd7686958dbc3003082c3511e6c750f903f
wqp,wqp:21FLSFWM-C01,1983-08,ANFIS-T-no-current,2133,06c91da95a31866bc13725ed8ab8d0480316a3cb54fd10c64713a5b14e6fa5d7
wqp,wqp:USGS-07144790,2010-01,ANFIS-T-no-current,2133,06c9a2d0a53ed58dd1bc215642f0fbd8f00581e41a2b1822d134cfd333fc0817
wqp,wqp:21FLSFWM-ISTK7,1992-05,ANFIS-T-no-current,2133,06cc6d63bc6e400a084691df7b5b3975f17b232aa42718e00e0767be65a3db9d
wqp,wqp:21SC60WQ_WQX-S-311,2004-08,ANFIS-T-no-current,2133,06ce5f074e14b6ada30788ea048d1a77e4e2585479e4f795a8df38e99de371cc
wqp,wqp:21SC60WQ_WQX-CW-016F,2000-04,ANFIS-T-no-current,2133,06cf5db79deee9ea44993e6e3500747525f00269bfe75084e8f350d10284ae29
wqp,wqp:21SC60WQ_WQX-SV-338,2005-04,ANFIS-T-no-current,2133,06d0002538eb5bb2b1ee45b9ea00fb57452528ad86a7b179ea7ec0fda2ec29a4
wqp,wqp:21DELAWQ_WQX-202021,2012-07,ANFIS-T-no-current,2133,06d106134361025257d7c32add8f0cd16c65f21365f41032559d6d1b9949f764
wqp,wqp:21FLSFWM-L004,1994-08,ANFIS-T-no-current,2133,06d5c461020a85c04229c8c84b4e49d0117b89773623e1aded5c8ea29f7368af
wqp,wqp:21DELAWQ_WQX-208181,2015-04,ANFIS-T-no-current,2133,06d7d50ddbfb4130ccdaa14a6e0a9dfe6007a395a083a4ae44f871f5b6f4e7d9
wqp,wqp:21FLSFWM-B03,1984-02,ANFIS-T-no-current,2133,06d9761f8cd8560a746c5ab7a7cddf81ae242404ca5ae926ea1bd61b3aed9258
wqp,wqp:21DELAWQ_WQX-308071,2006-12,ANFIS-T-no-current,2133,06dd6f17d2b06be91c48bf9e88afe53c58c92d739f40a950e5c19b6add2c31e5
wqp,wqp:21SC60WQ_WQX-S-308,2018-11,ANFIS-T-no-current,2133,06df48f246242056c2b642a9b90950bd4fbfbe79cef73337479a509fab2fad0a
wqp,wqp:21SC60WQ_WQX-SV-361,2005-07,ANFIS-T-no-current,2133,06dfdeda12d2d5f34326346ecbdb8e6422c5bbd703c13e9c5117f057088dd1fb
wqp,wqp:21FLSFWM-MH32000,2000-04,ANFIS-T-no-current,2133,06e548671cbcceb1ecc32f80e28b2306a3cdfd83e9d31db81f6dd78b28045ccb
wqp,wqp:21FLSFWM-E06,1982-10,ANFIS-T-no-current,2133,06e730424a9e219167401a46893a9cd2e23e1ead53c700dcafe38f2228e89682
wqp,wqp:21FLSFWM-FEBIN,1996-02,ANFIS-T-no-current,2133,06ec4bb1e7721293ae33c6512cd3947abce6f78f27a439840b5a824fe1daf1ec
wqp,wqp:21SC60WQ_WQX-SV-098,2016-01,ANFIS-T-no-current,2133,06ee3f4da626d8c3d8063aefcfb110474159955483eccb09cf482dab285c7004
wqp,wqp:MNPCA-86-0284-00-100,1986-05,ANFIS-T-no-current,2133,06eeeae8b64d21eca8aecdb856ffa648096079add868415ba0e1c49a8c8a001b
wqp,wqp:21NC03WQ-YAD169E,2009-11,ANFIS-T-no-current,2133,06f16fe610dc64bc7f209aa83ad8c8015d3251df019988b953ead27a663ffb19
wqp,wqp:21FLSFWM-PELMID,2006-07,ANFIS-T-no-current,2133,06f27ef7edec350361ee21320177464a4e596910a4d6b410253e52aa08483cc3
wqp,wqp:21FLSFWM-L003,1987-05,ANFIS-T-no-current,2133,06f36347024b89b074bf7200666922783298d8cba2d7ccb48c54c40b9a3ced66
wqp,wqp:21FLSWFD_WQX-23613,2005-08,ANFIS-T-no-current,2133,06f5819c079067005da19999db5d0dedfdda0ff348f7df903c24bf808e59e241
wqp,wqp:21FLSFWM-POLESOUT,2000-12,ANFIS-T-no-current,2133,06f847d4cb6b5345096d6d2808a1fdbc4273563545b85c6fd1abab72967c7311
wqp,wqp:USGS-423556088365001,2007-05,ANFIS-T-no-current,2133,06f85bf305e072f2799631d709fdb175271ed2a9a4121c7d3e6297dc2bea1818
wqp,wqp:MNPCA-82-0046-00-203,2005-10,ANFIS-T-no-current,2133,06faf440398620640764620a6c2546de5cec203978401d6021a566983d25eb53
wqp,wqp:21NC03WQ-NEU018E,2011-09,ANFIS-T-no-current,2133,06fc72ddef07bc8a9476e4f441c6bcc9c92e56799dc64423bfb4201d216e9435
wqp,wqp:21FLSFWM-L004,2003-11,ANFIS-T-no-current,2133,070113a69ab759dc46745c72f142b2e79da9a146b3b53e4c3c1e22c7e690d5d0
wqp,wqp:MNPCA-62-0013-00-201,2014-09,ANFIS-T-no-current,2133,07044ea3aaad9daa683cfbf7a986b985d3dd6635dbc7aff1edb0cb98f1c7c166
wqp,wqp:21FLLCPC_WQX-GRIFFINTISH,2009-12,ANFIS-T-no-current,2133,0707c1e8ac86027f3e06f7040f85cc7aa5dd153b9ad5e6e9e7d2eb93794bd97b
wqp,wqp:21FLSJWM_WQX-44592,2018-10,ANFIS-T-no-current,2133,070d062395666ec3efd351a5f661597a7566f5f624974180bfd0c2700468a201
wqp,wqp:21FLSFWM-POLE3S,1998-05,ANFIS-T-no-current,2133,070db9f6adf46f699f2205b110b125ffc64b25859fe9ea431a001a0a2fa78bd2
wqp,wqp:USGS-423556088365001,2013-05,ANFIS-T-no-current,2133,070eb0accd2cf44e2877c6eb4ce8f363dff83640c340328047c2f6d094fa4ae7
wqp,wqp:21SC60WQ_WQX-CL-089,2018-08,ANFIS-T-no-current,2133,071134e2c69110ea68568b0358bceba2491735ba124a15bf226ec40c1a30d9ba
wqp,wqp:21FLSWFD_WQX-23480,2006-12,ANFIS-T-no-current,2133,0712626a5044aeac830118cedcaba6d9230b38dc53c8037e30d579c1aa34a9fd
wqp,wqp:21SC60WQ_WQX-SV-340,2018-01,ANFIS-T-no-current,2133,071564330885407c9eff44216cadd5114140b66d19a2502caacf6a048d882df2
wqp,wqp:KAWNATON_WQX-KN-KL-005,2009-03,ANFIS-T-no-current,2133,071812de7e2f73d6572b7876b2d9b79a9ba8d8331de3f5a319fbe168ea09a3e9
wqp,wqp:21FLORAN_WQX-BC7,2007-08,ANFIS-T-no-current,2133,071980434c15612499eab5ddaf3e00d1690dcf65b26e9f07a5eb58e8497a6299
wqp,wqp:MNPCA-10-0042-00-401,1986-07,ANFIS-T-no-current,2133,071bc3ad06309f41a3502e0c49d8f3e2c0b952d30c606404a7c3b94d480576e1
wqp,wqp:21SC60WQ_WQX-ST-032,2005-07,ANFIS-T-no-current,2133,071bcdb6c43731e638feab41157688dfcc7097a7f7f46840561a4925fdb839ea
wqp,wqp:USGS-0726329710,2007-02,ANFIS-T-no-current,2133,071e357b3e66073eb2f22823b63cdd6736f6b664f6ca9ec8dcac3eee32042cb4
wqp,wqp:21NC03WQ-Q5360000,2008-11,ANFIS-T-no-current,2133,071f13226b833b673ee1b7d6fced1b01d8ba8378ebaff5b5eda82b8599a8d6d1
wqp,wqp:USGS-423526088380101,2007-08,ANFIS-T-no-current,2133,0721f616e384f5fdd219cfaf2f62f039f0c957db02ff0a2a0a19c137f11b5dc3
wqp,wqp:21FLORAN_WQX-CC9,2013-05,ANFIS-T-no-current,2133,07238de9bc9b5e333fee2b73089a48e24c4a3106ed7c43af6fc7404bf251f9d8
wqp,wqp:21FLSWFD_WQX-23624,2007-11,ANFIS-T-no-current,2133,072482ce8679f82699889dd98f4bae334a3ac3f53af14b7d73d7b2550f417656
wqp,wqp:21SC60WQ_WQX-SV-335,2006-09,ANFIS-T-no-current,2133,0726b51a9f79bc2c6ff595797bf78ac04eebd0e5805410a5e365046388a6aa52
wqp,wqp:21FLSFWM-L001,2008-04,ANFIS-T-no-current,2133,07274f470579c0022cd463ea3eb67b1e6492dcc0871e0901ec67d9f51ee4e57b
wqp,wqp:21FLSFWM-B09,1992-04,ANFIS-T-no-current,2133,07276333b46de867e3c63150b1aa982ebdbc16286eded36eef5d74c496b2b94f
wqp,wqp:21FLSFWM-L006,2002-06,ANFIS-T-no-current,2133,0728183e14a98fc7749ed429489a3bf6b0d288b6f9d8bd226b8923bb6df7c7f0
wqp,wqp:21FLSFWM-KBARMID,1997-02,ANFIS-T-no-current,2133,0728d956bc355feff919c775d5597a9a237bfef6e4a258888a19bc9521d07a0e
wqp,wqp:21FLSFWM-TINOUT,1994-01,ANFIS-T-no-current,2133,072acf9a440fb674067f7067149aa0ed1a90b33c2eb70115452c295bbcc6a3bf
wqp,wqp:21FLSFWM-LZ2,1995-01,ANFIS-T-no-current,2133,072dfdce0a4bafb22c9b3f4f0d67aa92a42451614ecb84f3de9ccfc3ce63783f
wqp,wqp:CAPECRD_WQX-262,2001-10,ANFIS-T-no-current,2133,07305513d63b49c6a8fd835ed4060b296ad177c16bb33dd60be5c0477c3481cd
wqp,wqp:21FLCBA_WQX-WAL-TRESCA-1,2017-01,ANFIS-T-no-current,2133,0731f0bdcc1f492f9c70084f06b2ca3bd1aa8d2fdd7d0ec56e05354482841e20
wqp,wqp:21DELAWQ_WQX-205211,2017-09,ANFIS-T-no-current,2133,07327e5c13b0d2103ff5c3d4922855d795457e1ccbf81eae2f82b3d5d0d6e591
wqp,wqp:21GAEPD_WQX-LK_12_4048,2003-11,ANFIS-T-no-current,2133,07327f7edac48c895f842a1e848d0863a4b2d96d6a608fee27f849441a1d2c13
wqp,wqp:21FLSFWM-KISSR0.0,1988-09,ANFIS-T-no-current,2133,0733d5d1dfe61e207f509767443a504ad47ba393b3dcc2c6a69791f0c838e3b2
wqp,wqp:21FLSFWM-POLESIN,1996-06,ANFIS-T-no-current,2133,073787b2c76c6792c7bd271657061b6227cfc75ec99a9eed15dcbd9cad8a4607
wqp,wqp:21DELAWQ_WQX-308071,2018-01,ANFIS-T-no-current,2133,07385982ef275b050c757e445f0048c98c6ca0ef5ed132d277d133f5429b10b4
wqp,wqp:MNPCA-25-0001-00-232,1997-01,ANFIS-T-no-current,2133,0739a43def4c86ad6fd910a981ec02c593d886b8647c2dd9ed14c56bb93f4194
wqp,wqp:21FLSFWM-LZ42N,1996-03,ANFIS-T-no-current,2133,0739f76e01d0a0b6891dcd0fc274f4dee16a3c3dda25f1e3718657d66164f5c1
wqp,wqp:21FLSFWM-L005,1990-11,ANFIS-T-no-current,2133,073a265ffa3685380837ae948411a8edae910cc3afeabd9f94456700f01e5461
wqp,wqp:21FLSFWM-PALMOUT,1995-04,ANFIS-T-no-current,2133,073a5a5c2c0d8e303f626b633c28322185a84b0813db297369f191d0a24e682c
wqp,wqp:21FLSFWM-L004,1987-10,ANFIS-T-no-current,2133,073e69328be60b7b3b1ab55204b3bf157f0ff917ec63ab1dfcbbcd6d4f66ff26
wqp,wqp:21FLHILL_WQX-135,2008-01,ANFIS-T-no-current,2133,073f7c72dd1a05807ca0d4a209904eafc96b7219d4cc4867b9f88d855c30927f
wqp,wqp:AZDEQ_SW-33,2015-07,ANFIS-T-no-current,2133,0740a7e6e71382de9fd6c26ba1af08a5b71e210e8297ed62566fa3f8f11dd919
wqp,wqp:21FLSWFD_WQX-23467,2008-01,ANFIS-T-no-current,2133,0741fa9f5802aedf38347f7322af7edfbcb9782a3efeb3df8f015ec4487a2d8e
wqp,wqp:21NC03WQ-CPF0880A,2012-06,ANFIS-T-no-current,2133,07442aadd02411eba0c3ef110204c188d83148a081e993d6f8b5507cfa56e2c5
wqp,wqp:21DELAWQ_WQX-108111,2017-07,ANFIS-T-no-current,2133,0748607fa111ced1b0469faad9dc1ad81fbcd04c499e264c274a34f6badde0e7
wqp,wqp:21FLSFWM-KISSR0.0,2007-04,ANFIS-T-no-current,2133,0748915646fbe8988b93cd1fee33ad0b6207f6879635679d0497fbf574f83dbc
wqp,wqp:21FLSFWM-KISSR0.0,1999-08,ANFIS-T-no-current,2133,074f6a32d059381855248b9abb0e1ed63fe443d88a22de07577254bfed2e8252
wqp,wqp:21SC60WQ_WQX-B-339,2006-10,ANFIS-T-no-current,2133,074ffddd32668dafeb1719eadf9b77a37da5478c093984fe19d91cdc36e57d16
wqp,wqp:KAWNATON_WQX-KN-KL-005,2018-04,ANFIS-T-no-current,2133,0750fe1cf6326c53e73c5f53e282cf29e26f9cc61caa7055950554103f29429c
wqp,wqp:21SC60WQ_WQX-SV-268,2014-09,ANFIS-T-no-current,2133,07524b5b8400993a4aa6b5d342489b5e281689aa06e8b735dba81d53412f42f5
wqp,wqp:KAWNATON_WQX-KN-KL-003,2008-05,ANFIS-T-no-current,2133,075395c84f7c0674b2479f31b39c8fd5fa2c4401d977c1d196c4bcc2716534c9
wqp,wqp:21FLSFWM-B07,1984-08,ANFIS-T-no-current,2133,0754a5adfe6bff01ab68c65a28e43c3183193af16c8ce924d441600b23bb3fe9
wqp,wqp:21SC60WQ_WQX-SV-098,2013-09,ANFIS-T-no-current,2133,075575a3905b6ba24be2f55edf22ccf3cb798f248b72f9b8bde174dc1c58e859
wqp,wqp:21AWIC-23,1994-06,ANFIS-T-no-current,2133,075669ee6d4521f71eb10f77aae8aeaab9cff502beaa227d060775705b8e59f3
wqp,wqp:MNPCA-62-0054-00-101,1993-06,ANFIS-T-no-current,2133,0756e4c6169b456fa369eb94ab2f7fc6d22e0e347fa499bd80223e6624908ab1
wqp,wqp:21DELAWQ_WQX-307171,2015-05,ANFIS-T-no-current,2133,075734d3413b4b0852820c3386bf8a9a7b2a27c40cf5126071eb37b8c05be102
wqp,wqp:21FLSFWM-KISSR0.0,1998-02,ANFIS-T-no-current,2133,07576ad2a6e2fd339d67f91d37280fbd1dae5b549ebffb0fc104c218ee08e47e
wqp,wqp:MWRD_WQX-BARR3P,2015-07,ANFIS-T-no-current,2133,07596a1dddd7764780d8b0d0e401ebfe2eca34563239c9c8bc47b3d94b2e2a6c
wqp,wqp:21FLSFWM-L008,1999-02,ANFIS-T-no-current,2133,07596e9912cc9c760e467d8f612a9bb83a88b4ea049fc19c21249d0b579f1804
wqp,wqp:21FLSFWM-C02,1985-01,ANFIS-T-no-current,2133,07599be9a7c5368db0241c345dee3f468d580e7034fd4973346fa40df4a9ca1a
wqp,wqp:21SC60WQ_WQX-S-024,2018-01,ANFIS-T-no-current,2133,075e558375b8411c1b4f92a2591ea08c77ea57eae563bb5d2125635e16353cce
wqp,wqp:MNPCA-02-0045-00-202,2004-07,ANFIS-T-no-current,2133,0761653e74e4ca15ccae03a3c6a960ca98850ba0ffa523ef36b5bb8402e740e4
wqp,wqp:21GAEPD_WQX-LK_12_4048,2004-02,ANFIS-T-no-current,2133,0762b6476e9c4b2c7b1145059ded5d352b013e772dae4a6a42eeb45ab42113ed
wqp,wqp:21FLORAN_WQX-CC12,2010-11,ANFIS-T-no-current,2133,0767a523c82a037fe87d3d84ca01769797b8d9375bb84819ac76b6a78218db09
wqp,wqp:21FLSFWM-C03,1994-12,ANFIS-T-no-current,2133,076b1f15334ddfaa61f0fe4dfb4c56d61035b2d1f14d6cc49bfab9963f570229
wqp,wqp:21SC60WQ_WQX-CL-094,2004-01,ANFIS-T-no-current,2133,0770dd95c1ca27808c44134270192d063ef5b442d8a0c29597e4da53cad7f672
wqp,wqp:21FLSFWM-LZ30,1992-06,ANFIS-T-no-current,2133,07746b03fdd9c25c95703b6c56f049743c3f96705cf3635c2d37d2cf503cbcd2
wqp,wqp:USGS-072632992,1992-04,ANFIS-T-no-current,2133,07749485bc742948005484257c8575944c1e3e9d1002e0dd2502f241c78148db
wqp,wqp:21SC60WQ_WQX-CW-033,2017-05,ANFIS-T-no-current,2133,07755c67dc25655479a82aabe0e1cbb378980abb6214fa01e6e0e1ac2e46128c
wqp,wqp:MNPCA-82-0046-00-203,1981-07,ANFIS-T-no-current,2133,07765ae39141da43d31d05fc8cefd3e3afc33936c1e071c4e817a3f278131d44
wqp,wqp:21FLSFWM-L004,1983-10,ANFIS-T-no-current,2133,0777bbadb31f2029156aad7689992f8d8f5b70bae702f7d35a3e49c46a3509c5
wqp,wqp:21SC60WQ_WQX-CL-019,2003-05,ANFIS-T-no-current,2133,0778c3aad08790617a8cdcb5a8d4c8355f08321b1a0de3a5ec850a8420583bba
wqp,wqp:21FLSFWM-LZ40,1994-01,ANFIS-T-no-current,2133,07798a80d37a743a4e254aa442e3e3771e26c4994f941d1bdfa135d1ee42ea20
wqp,wqp:MNPCA-62-0013-00-201,1981-04,ANFIS-T-no-current,2133,077a2fe619b4489246ad48e153acc75e960461cefe8876c3a4eced2d6f05ffe9
wqp,wqp:21FLSFWM-E04,1988-11,ANFIS-T-no-current,2133,077a53c6fd360da5eb1223d16d0fe0c6d48eb189cd5dc56bb3010b5f41a8854f
wqp,wqp:21FLSFWM-PALMOUT,1987-07,ANFIS-T-no-current,2133,077b50808357dd51000f89f4fe8ef7167dce5c971767888b75d102364c129fe5
wqp,wqp:21FLSFWM-B02,1994-12,ANFIS-T-no-current,2133,077e84bfd43a6d4d0c37640fd45da85de3d8874e108d3c20a19ff40708203e39
wqp,wqp:21FLSWFD_WQX-23438,2007-05,ANFIS-T-no-current,2133,07829d4ae14b3b11c643f6483e0f4d3b4444d84ba81640d381263a91b53a060f
wqp,wqp:USGS-072632965,2006-03,ANFIS-T-no-current,2133,0784ba025e3ac287237991513a742ff6bcaae8087c734facbbcfb270e09488a6
wqp,wqp:KAWNATON_WQX-KN-KL-001,2010-01,ANFIS-T-no-current,2133,07870d7e2712b89b1c18fc083686b8235b8a50c9068bf0bcd538bb267794a580
wqp,wqp:MNPCA-62-0055-00-201,2004-06,ANFIS-T-no-current,2133,07886aa9b770492a4d68b44a8a4b21c6acf79c27fa5e924f66676666de9d02e4
wqp,wqp:21FLSFWM-L005,1982-07,ANFIS-T-no-current,2133,078872e8f7e67ebd33f6949314c9b05595e8fb4a1de4834f08253fcb791c7e40
wqp,wqp:USGS-07049690,2003-03,ANFIS-T-no-current,2133,078b0a48fdd600dbfc2176826d2e5f0989bd0e7281465511171fb99e305048d1
wqp,wqp:21FLSFWM-POLESOUT,1993-07,ANFIS-T-no-current,2133,078e33096453b47a1c28cc0dc953c2ad9e753a3ffb8677576ad633e324a39e76
wqp,wqp:21NC03WQ-CPF081A1C,2017-07,ANFIS-T-no-current,2133,078faad744b7b42c90f34b90f2e63019a30354aec93ea41d0ff33f44f67c4c59
wqp,wqp:21NC03WQ-CPF087B3,2005-04,ANFIS-T-no-current,2133,07924942dbdfaa8cf997066d9501a492a4f98192f85778e6137b3e9f58734fea
wqp,wqp:21NC03WQ-B2450000,2010-09,ANFIS-T-no-current,2133,0792ac5ac2e6b9445723f207f2ed66ed4e1a6fc99040fc950af48ce7175e7144
wqp,wqp:21FLSFWM-A01,1982-02,ANFIS-T-no-current,2133,079300f3522c05a1cff5190e1c6574c0e38ab47b2ac4ad6991b193dd837ac59d
wqp,wqp:21FLSFWM-POLESOUT,2007-02,ANFIS-T-no-current,2133,07939646b65d85c27d482184890731e6dc9af1dd015477c5330d1632e3182a43
wqp,wqp:21FLSFWM-A01,1999-06,ANFIS-T-no-current,2133,0793f6976d7f339fae7bb8e0cef56a1435e5df85fd744b39291832ed0b2817b6
wqp,wqp:21NC03WQ-YAD169E,2009-04,ANFIS-T-no-current,2133,07959ae24e86d04decd039028a0852d0e38e7bee3447d3f6c4da0aaf0b78b362
wqp,wqp:21FLSFWM-A03,1996-10,ANFIS-T-no-current,2133,07959edd0e159ce08075b449dc71b2fc0a1586f8b14eb8837cd0b2863d8aa400
wqp,wqp:21FLSFWM-B06,1986-11,ANFIS-T-no-current,2133,07968e20f8435f825c02ce323cb0fc4274401480c3f64f32e3e6191a1d33b07e
wqp,wqp:21FLSFWM-ISTK3,1990-05,ANFIS-T-no-current,2133,0797f2b4b7273b540e4c6fc5a1f1473a71c83f96ba7ad9fa8d201dc7c067cc4e
wqp,wqp:21FLSFWM-LZ30,2005-05,ANFIS-T-no-current,2133,07993b9afd3ba5184de3dba379b822649b355617795c4486b4132e9f28081d34
wqp,wqp:21NC03WQ-CPF055C4,2014-09,ANFIS-T-no-current,2133,0799a878240d2258ee161050825a650845007d80fbaa2e900e52ea483753300d
wqp,wqp:CAPECRD_WQX-280,1994-07,ANFIS-T-no-current,2133,079a691335f5d0bc21dd12499d9b0740ffca6e5d54f919652b414aa39c420046
wqp,wqp:21FLSFWM-E06,1984-07,ANFIS-T-no-current,2133,079a81b5b0f150f5edeb1fef75679f1e3774ab50df6e2bf982da17cbff1ed972
wqp,wqp:21FLSFWM-ISTK3,1992-07,ANFIS-T-no-current,2133,079ce7ffac98276a5e42a736002db99c9377af4789cf826cd27ba50af471b4ee
wqp,wqp:USGS-423659088354401,1994-06,ANFIS-T-no-current,2133,079cf8e78b93717682f5ddf483cdadd421707f28360afd5965a4c725ab85df8a
wqp,wqp:21SC60WQ_WQX-ST-032,2008-04,ANFIS-T-no-current,2133,079d567c07d0589b01f8c8a28dd0a0efe54f391eedcedf5ce708648fa8226c34
wqp,wqp:21SC60WQ_WQX-SV-361,2010-08,ANFIS-T-no-current,2133,079e7bf198e434619e1406a4b6728cf9519f4d943e7608a6af9c02a53dd14174
wqp,wqp:MNPCA-86-0281-00-201,1994-08,ANFIS-T-no-current,2133,079f0f20d8fd321f2fa82d7310c1aed98b45a3dda7f2528bb938fbd218f6d7b4
wqp,wqp:21FLORAN_WQX-BC6,2008-06,ANFIS-T-no-current,2133,07a1cc0d25565a1ef01a2c5c2094d142e7f8cd08659edb47569f151ce56b93b1
wqp,wqp:21FLSFWM-D01,1984-03,ANFIS-T-no-current,2133,07a1e127fc159f5bc7cf19f5e3d7bda7266173fdbda38f232d0fcf2f728cb6ab
wqp,wqp:21SC60WQ_WQX-SV-339,2003-06,ANFIS-T-no-current,2133,07a1f97786142d1cb2646c71000ad1e5ad86fb998e11eff564611dc9f4c8ea55
wqp,wqp:21DELAWQ_WQX-303331,2003-10,ANFIS-T-no-current,2133,07a531f54de4b82c3a8d0f559179f5fa3832c94220da4be481b4005b4fd66276
wqp,wqp:USGS-07263299,1994-02,ANFIS-T-no-current,2133,07a56b579d5eeb4f798893001c1bf56316cffc2990813a602758e1f17c1fcc60
wqp,wqp:21NC03WQ-YAD169B,2006-09,ANFIS-T-no-current,2133,07a86b8a9396f4f5083707a1565eb2c2b06d6cc1b243688558a0ddb21b8368cc
wqp,wqp:21DELAWQ_WQX-205181,2005-08,ANFIS-T-no-current,2133,07a91c04b88576c54b317b1b55866011714e612836898d57e88e8d050d17cf3a
wqp,wqp:MNPCA-02-0075-02-203,1987-07,ANFIS-T-no-current,2133,07ab870cf3ba9a45db641ee59ee806652fa883e1516495935854d252664e9453
wqp,wqp:MNPCA-02-0045-00-202,1985-02,ANFIS-T-no-current,2133,07afb396fa6ae246572a4ef33e0303a9be16d3751685c14eed3e570db8028bdf
wqp,wqp:21FLSFWM-A01,1991-06,ANFIS-T-no-current,2133,07afb48486935cfd78cfdfc008a1681e5070ddf20d1db0573f74c05a789312d8
wqp,wqp:21FLSFWM-TIN8100,1996-10,ANFIS-T-no-current,2133,07b020ec91a204ffcf4d6c593c98a6dcd02dc0f5d20aabff5367ba1c9a24e33d
wqp,wqp:21FLSFWM-STAKEIN,1997-07,ANFIS-T-no-current,2133,07b21077d3cce6c7799f5ceb3c3e88492a4042865dd0bab68e14ef5278e9b858
wqp,wqp:21FLSWFD_WQX-23588,2010-02,ANFIS-T-no-current,2133,07b348afe89bf39fe883336be770bfb772193d56d6b8cd40685a46d9f2ac6994
wqp,wqp:21FLSFWM-STAKEIN,1995-11,ANFIS-T-no-current,2133,07b39b3f8c05965de619ccf4ec250cb6fbfe65fefec573342975524430020f10
wqp,wqp:21FLORAN_WQX-CC18,2006-12,ANFIS-T-no-current,2133,07b4ca55a47c18b31f33496c5c05cf8babff09bed64ab8d7bfb5ecd4414e3ec1
wqp,wqp:21FLSFWM-PELMID,2009-03,ANFIS-T-no-current,2133,07b6ed222f0982691588425f48b929583181035a93475958bb25cad992c3930f
wqp,wqp:21FLSFWM-A01,1983-02,ANFIS-T-no-current,2133,07b79fed413a6b9ee53c8ea7b8ac581d44fc8e53e6b709e89e830564b127d8ee
wqp,wqp:21DELAWQ_WQX-303331,2001-08,ANFIS-T-no-current,2133,07b979e3b315a3a16f51716d124b00ac6a9a1d53e6e00fdb251a1b687492dd2b
wqp,wqp:21FLSFWM-D02,1992-03,ANFIS-T-no-current,2133,07bc5e19efd53fb33b144e37959382002264d22b93b5c4f98cb8b79d15f5d7c1
wqp,wqp:MNPCA-62-0007-00-203,2009-05,ANFIS-T-no-current,2133,07bd07b66e5dcbe58656bb68bbc8778b1392afed3d12f455104f32aec04d2ced
wqp,wqp:21FLSFWM-LZ42,2002-07,ANFIS-T-no-current,2133,07c0c9cd1e41c00063a5570510fbbb38f67a711121ebea109b9047415140a8e9
wqp,wqp:21DELAWQ_WQX-208211,2013-06,ANFIS-T-no-current,2133,07c332c3adfcba3663d2b8621cb99688c4500617dc307cc02ac9b73e402f5a8b
wqp,wqp:21FLSFWM-RITAWEST,2006-05,ANFIS-T-no-current,2133,07c4b8cb57870cee97df0c6a56c6d201798bc6535efe51064b03f7ec87c1ce27
wqp,wqp:USGS-072632965,2008-09,ANFIS-T-no-current,2133,07c9e7bf2f21775bd493eb34b4b8fc347475f4081d2099eb6a2e1f85cfde84e9
wqp,wqp:21FLSFWM-ISTK3,1994-05,ANFIS-T-no-current,2133,07ca26365733b0c9ff3a3417de05d852de9d96e3fe4dd9213c1a47179798cc3d
wqp,wqp:21FLSFWM-PLN2IN,1990-02,ANFIS-T-no-current,2133,07ca966a9a78ea408f7f0c4a274467968a4d10ca8451679b9d9de1685e66a91a
wqp,wqp:21FLCBA_WQX-WAL-MORRIS-3,2017-09,ANFIS-T-no-current,2133,07cb2fe9fbb62e3da95c8962494888cae255e78c7c657095c8e0a999a7bf4437
wqp,wqp:21FLSFWM-PLN3OUT,1994-10,ANFIS-T-no-current,2133,07cc905137e9f637f6b06b043fd9045284db9adbac357e092cdc57f19e057362
wqp,wqp:21SC60WQ_WQX-CL-019,2012-10,ANFIS-T-no-current,2133,07cd60782cb2de37216b117bd572e99d714ec5b24412427b18f477cdc88a94a8
wqp,wqp:USGS-01201700,1979-07,ANFIS-T-no-current,2133,07d0f5f2ade592ab10b680f173ad5ad7f24cc049640003e340a5ed5b8bbffa85
wqp,wqp:21FLSFWM-ISTK3,1989-02,ANFIS-T-no-current,2133,07d1c2d959df6304c9b5fe7c9eead9594bd9db0af027cc0965b7452fa172c8bd
wqp,wqp:21DELAWQ_WQX-109191,2013-02,ANFIS-T-no-current,2133,07d3105fa42d2a963c04ecb30e3965e78cde62090ba615f463fbf26477db9f59
wqp,wqp:21FLORAN_WQX-BC6,2005-11,ANFIS-T-no-current,2133,07d485ca421b76844d020d23b6882f0574b9612a21584e0d1c041aedcfe31c00
wqp,wqp:21SC60WQ_WQX-ST-032,2006-05,ANFIS-T-no-current,2133,07d60d8ef2ffca428c54431b52234196f3dc351df4389d7f546bc1ee0c472dd0
wqp,wqp:21NC03WQ-Q5360000,2012-06,ANFIS-T-no-current,2133,07da3dda67035e77e2dfe5d8b7e2afee8a4c1f6fcc0e699766bce7c4c54f55cc
wqp,wqp:21FLSFWM-ISTK2,1988-02,ANFIS-T-no-current,2133,07db12d3d9600e173ba4ceaf6b7a83e2a7467f2f86da9f8bf166e8183f2aac79
wqp,wqp:21DELAWQ_WQX-303051,2018-12,ANFIS-T-no-current,2133,07dfe66def8e3c2593e9e897fbd2793953740a375c2549bf423d4a3ef50016f2
wqp,wqp:21VASWCB-2-XDD000.40,2007-09,ANFIS-T-no-current,2133,07e20a40500bd3ad201011be2c4befa7cba13375035d8ccf88a1dfcc5adaf882
wqp,wqp:21SC60WQ_WQX-CW-231,2018-10,ANFIS-T-no-current,2133,07e216670969f5b63208601266e86b85956d3608d670c2c5bb6ec45814eb788d
wqp,wqp:21FLSFWM-LZ30,2006-05,ANFIS-T-no-current,2133,07e77731845ad66273a4113fe7d8fc7445f9e63efff27047940fa317116884cd
wqp,wqp:21SC60WQ_WQX-B-339,2008-02,ANFIS-T-no-current,2133,07ea00f7efcb76210c7818eb134be9c98ae155a4bb6725d0d0ab8d01f7baee35
wqp,wqp:21FLSFWM-E02,1986-12,ANFIS-T-no-current,2133,07ea2df340987c88ce53a7ccf462e27cac509d4ad783290ec3cd4d995f8732d3
wqp,wqp:21FLSFWM-L008,1994-02,ANFIS-T-no-current,2133,07eac81d504b033e8480825473a468c05e3c6518ec208f3390402c8a294a5445
wqp,wqp:21FLHILL_WQX-135,2008-07,ANFIS-T-no-current,2133,07eb98ba6541cf38b6abd77eab3470169019b79a6e0d4863d2caac029856a9c5
wqp,wqp:21DELAWQ_WQX-303331,2017-08,ANFIS-T-no-current,2133,07ec455badfa9d19230eaa65639d8a3eab5a3260ac647f4204ab5c5c716cd8e4
wqp,wqp:21SC60WQ_WQX-CW-231,2018-02,ANFIS-T-no-current,2133,07f08929704133d3def0264bf58774e6fea5ccdb7c6cd8dcb34d8e1080afe982
wqp,wqp:21SC60WQ_WQX-CL-089,2010-12,ANFIS-T-no-current,2133,07f2438f86add29ca1d7c5e2772015cc28ab5dbaac7bc3f929068f83cd2b79e0
wqp,wqp:21SC60WQ_WQX-CW-197,2004-09,ANFIS-T-no-current,2133,07f2ce560fd9091fc7e2d20374b00cf5e2727fdd85807c29baa3ad32e4a40efb
wqp,wqp:21FLSFWM-LZ30,1996-08,ANFIS-T-no-current,2133,07f2e3b45a0b57dff3ace7fd1889ab45348c7347ce4e87198d66f0d051f86bf0
wqp,wqp:MWRD_WQX-MILTON3P,2011-05,ANFIS-T-no-current,2133,07f5bf0b9529d92268ec55d67afba0a0ed7509edc753b59d36bd1b1c41c1cc54
wqp,wqp:21NC03WQ-NEU018E,2012-03,ANFIS-T-no-current,2133,07f822b980bba61f3898464d3c6d98a8be6a168512cea83b7059020fda2902e8
wqp,wqp:21FLSFWM-IPOUT,1995-07,ANFIS-T-no-current,2133,07f949875fcf920eb72622d0d59c3345f8aafb052e9450183ec19ffbf0f00430
wqp,wqp:OKWRB-LAKES_WQX-520710020020-05,2014-12,ANFIS-T-no-current,2133,07fdbc4bc8155fa0e47009c4474c1a7a962591629cb5a07ef871fd534d9e48c3
wqp,wqp:21FLCBA_WQX-WAL-BIGREDF-1,2018-09,ANFIS-T-no-current,2133,07fe716017048e3229156195284ab3985d84bf4e43305df4199efeb695962b04
wqp,wqp:21FLSJWM_WQX-44592,2018-02,ANFIS-T-no-current,2133,0802e2328574fd88d4ff7fdda8f95523954b41ebba19ddfd68bfaf4887485e7b
wqp,wqp:21NC03WQ-CPF087B3,2011-11,ANFIS-T-no-current,2133,0803afae7446a9ff86e4991bdb1a480bdebb29d1f9224da8037bf499e4648e09
wqp,wqp:MNPCA-47-0042-00-201,1984-09,ANFIS-T-no-current,2133,08070216dacfda2569b4f55463d6ddeeb73f43d177d1ee80f6a42977f348c65b
wqp,wqp:21FLLCPC_WQX-YALE,2012-11,ANFIS-T-no-current,2133,08099dcd276be1477e9b2facd387cb88fe39ea1cd9d4c700c63184aac2a1f2e1
wqp,wqp:21FLSWFD_WQX-23631,2007-02,ANFIS-T-no-current,2133,080b9860c9d1a4f202a770ed54e7aa678d9495af969b3340634faf2aa0a65e1f
wqp,wqp:USGS-0690367690,1992-12,ANFIS-T-no-current,2133,0810753f91a5096430cfeaaac10826a2bdafee27d0efe722e397f4cc175bdb25
wqp,wqp:21FLSJWM_WQX-45399,2018-02,ANFIS-T-no-current,2133,081080dd19ee30c1d9edc50daff40da161ec0cf1fa78fb8fc63d5088a3c2b25c
wqp,wqp:21FLSFWM-PALMOUT,2001-11,ANFIS-T-no-current,2133,0810a17f303318b71c231dafe79a3777d9b81183df051f50b86bc7825c3a25aa
wqp,wqp:USGS-07049690,2016-07,ANFIS-T-no-current,2133,0810d8b941af0fd8f949288ec709748a5fb11436335017e3ff129e36ecb61adc
wqp,wqp:21FLSFWM-D02,1994-07,ANFIS-T-no-current,2133,08111363b61cb1feaf310ef6454efb90889215a1b714c3c3f287a2926cbe4521
wqp,wqp:21DELAWQ_WQX-307011,2005-05,ANFIS-T-no-current,2133,08111ba666cfadbcd20ffbb22019b3a753608b053328ddadd5e15d50acd6dd7e
wqp,wqp:MNPCA-86-0252-02-207,1984-10,ANFIS-T-no-current,2133,08127c7f49ea7d535c1e996ab5f421381d9d2c1ba363d3b64188854655d28ba8
wqp,wqp:21GAEPD_WQX-LK_12_4048,1991-07,ANFIS-T-no-current,2133,0813204d34496ed9f87b4cafe67f5bdfee6be411ef0221571b8384a038424614
wqp,wqp:21FLSFWM-B01,1983-02,ANFIS-T-no-current,2133,081550b4a8afbcf3e3eb5a05914046869f6a27f90a3db326bc36fbb1afffd9f3
wqp,wqp:CAPECRD_WQX-262,1993-06,ANFIS-T-no-current,2133,081703a97bdac4eadbf017cf9dbad8100ff92f83851e48a1a7b5cd3060df1460
wqp,wqp:21SC60WQ_WQX-S-223,2006-11,ANFIS-T-no-current,2133,0817118c880d547d015e60317769340c1687113dd789cda7992c2f372e8bf25c
wqp,wqp:USGS-07048910,1986-08,ANFIS-T-no-current,2133,08187f88ef34e9dad5a3f6c855400e2650b41197201518d9c6472cddeed32bbe
wqp,wqp:USGS-01201700,1979-08,ANFIS-T-no-current,2133,08188916978085e83d3736430cec56a3c9a5be5f614d05fc098e0aad2e1b6163
wqp,wqp:MNPCA-62-0013-00-201,1993-07,ANFIS-T-no-current,2133,0818e196451f765ff40cf11fd99c220d37a1064456c9ace56f126819879ac0c5
wqp,wqp:21FLSFWM-L001,1994-09,ANFIS-T-no-current,2133,081b3d2a7ce6094b6ddc7dacc74e43be518ae2e3feaceb9ceb2922b13048aaef
wqp,wqp:21SC60WQ_WQX-B-327,2002-05,ANFIS-T-no-current,2133,081d5a754e41a2124a961b989a622e35abd9956d187d7aa9bc69ad5617f02a90
wqp,wqp:21FLSFWM-TIN16100,2005-03,ANFIS-T-no-current,2133,081da144879c7c562bc73d62009426e44efe40616b8eb4d3a350743455a52867
wqp,wqp:21FLORAN_WQX-BC6,2016-12,ANFIS-T-no-current,2133,081dbbf30d5f4820a4d5a22608222a7d3d2de5fdffd6318e6121634dc28e3d18
wqp,wqp:USGS-07144790,2006-06,ANFIS-T-no-current,2133,081fac51f0b7a583a71906cb6c5491e8df708b4ac89ab9bc697ac49786c381aa
wqp,wqp:21FLSFWM-L006,1990-06,ANFIS-T-no-current,2133,0821b69c460ead496deecf4e328f31ca9d6981a8e5dafc34b7fe24ea3dc60c2a
wqp,wqp:21SC60WQ_WQX-SV-098,2010-07,ANFIS-T-no-current,2133,0824ed836a09da2ab01ebb0e671ad78721e852c129d36febbe26066c3e0c2238
wqp,wqp:21NC03WQ-CPF087D,2016-06,ANFIS-T-no-current,2133,0826d6cf23b6997433f841d0277a7282a4221f6d65e1aeca69ff14f96d26d54b
wqp,wqp:21FLSFWM-KBARMID,1996-10,ANFIS-T-no-current,2133,082768ed8b0a418bdcb6f071fec5445ad832382f2e9062606ee22b394c520a5f
wqp,wqp:21FLSFWM-L001,1985-01,ANFIS-T-no-current,2133,082875022f18e7a8f7a6a340d459adf61eedba9547082cca7ee811fc83ad51d8
wqp,wqp:USGS-07049690,2017-06,ANFIS-T-no-current,2133,082b5b09bae4661c935c7a4c49c8b8fdb77ba2ce050c1027489faf4d92c1cf14
wqp,wqp:21FLSFWM-MH32000,1996-10,ANFIS-T-no-current,2133,08300406d4095d11a45724a428b97b1939ea06fcc89aff6da53c19c25607df94
wqp,wqp:21FLSFWM-KBARMID,1989-10,ANFIS-T-no-current,2133,0832b844be120697f9d71e33674f4de9cabe455a2901e414132740f6448728ba
wqp,wqp:MNPCA-02-0045-00-202,2012-02,ANFIS-T-no-current,2133,083389399e519f01667c80b4f3f3a4095b6af44f581119f3c57b586462d8bf1c
wqp,wqp:21NC03WQ-NEU010,2006-12,ANFIS-T-no-current,2133,0833bf733388620a3395414ec5bf0ce420cd801718778491c11cb32331c891b1
wqp,wqp:USGS-07049187,2018-01,ANFIS-T-no-current,2133,0834e5aea0ffd0bfaa50ef15244b56cea9a2b1565106a65026407ba60ba35919
wqp,wqp:21FLSFWM-C02,1985-03,ANFIS-T-no-current,2133,08395ad04852f6b966dec424e92109a5819eba1e12ab35ce2fb99f7e54d25deb
wqp,wqp:21FLORAN_WQX-CC13,2005-07,ANFIS-T-no-current,2133,083e0249948140629129a68d1456c2b7d783177b27cc578fcf871282bd008a00
wqp,wqp:21FLORAN_WQX-BC14S,2006-01,ANFIS-T-no-current,2133,083fb3a77915f41b666bef799ffe2abc9947f39a2b63815d4ecdf7c95509cf99
wqp,wqp:21FLSFWM-L006,1992-12,ANFIS-T-no-current,2133,0842ef74f73c4f80ed11c051f60528e4e39cb8f3d70fbec7ee5e176910eac44c
wqp,wqp:21FLSWFD_WQX-23389,2014-02,ANFIS-T-no-current,2133,08430fcf99a1f6a95d542fe7f6422d77224452c8ddcdba4629ee8eb0a435f275
wqp,wqp:21FLSFWM-L005,1992-11,ANFIS-T-no-current,2133,0845434c18fde78b2af5a2833892b30b7c3c450737b4184004b4e982e9135b49
wqp,wqp:21NC03WQ-CPFMC02,2013-10,ANFIS-T-no-current,2133,0845dee2cfc053f0709f8b8591fb8899e9bb0d87d3677b7a0b05309b49196c4b
wqp,wqp:21NC03WQ-CPF055D,2011-04,ANFIS-T-no-current,2133,084659c1f85fd5e23920a18b334f6380c489da995179c9867eeea3280d4314e2
wqp,wqp:21FLSUW-ALL010C1,1990-06,ANFIS-T-no-current,2133,0848ca35acc133b68ca28bfe03601b36dabc3921c18617a689693301a20c4f0a
wqp,wqp:21SC60WQ_WQX-SV-361,2017-10,ANFIS-T-no-current,2133,0849959b51e595ea7af42c790a44a4322ca94bdd497aa7a221852c4ca1f65d8b
wqp,wqp:USGS-072632990,2008-11,ANFIS-T-no-current,2133,084a35643885a43239365b9aab74ab0e199c89f7d3f202b6b4bd4e8c451d0c5b
wqp,wqp:USGS-423659088354401,1994-08,ANFIS-T-no-current,2133,084b5868f98e0dd7230771dae5fc43c1476b168d6eee53b6bd95e8177e81d4da
wqp,wqp:21SC60WQ_WQX-SV-331,2003-02,ANFIS-T-no-current,2133,084cf42c7e91f9ba1269bd8d54e4c2353b3c47d7a499a4aa5ea40883f248beb6
wqp,wqp:21SC60WQ_WQX-S-311,2016-06,ANFIS-T-no-current,2133,084d0cbce9a9ecd648dd42da8f97a4b359e83f12c58d0ca7e4667660d39f95f1
wqp,wqp:21SC60WQ_WQX-PD-327,2005-02,ANFIS-T-no-current,2133,084e4dfcf0d7f41511ff3ef163502eba40a6e6465cb0ccce95871c28e33896b9
wqp,wqp:USGS-423526088380101,1992-06,ANFIS-T-no-current,2133,084ec3561545f8eb8daad287c6f063f90fa4ba13d8caf474ce051f8c7d31d891
wqp,wqp:21FLSFWM-C02,1984-02,ANFIS-T-no-current,2133,0850f5a5f22cd4703f92f8bbb259eb042064f581b71e800135a40872e85f0bcd
wqp,wqp:21FLSFWM-RITAWEST,1990-02,ANFIS-T-no-current,2133,0854867ecd0771217c560bc0d53670e9701471ece64dd4c63c8a8f27da5f7315
wqp,wqp:KAWNATON_WQX-KN-KL-002,2009-05,ANFIS-T-no-current,2133,0856eea23e52d06f5c1ad37c8b192f96be9a90501f62d7e162b13b4d7ebd59f7
wqp,wqp:USGS-07049690,1978-06,ANFIS-T-no-current,2133,0857118ef8a791e49dab500f11036a274789b468ef3febfe126c986d4183e44e
wqp,wqp:21FLCBA_WQX-WAL-DEER-1,2018-12,ANFIS-T-no-current,2133,08592b97b478df1ebdadff85f9c8b35852f2646130c7e290505a41a47e899853
wqp,wqp:21FLSFWM-LZ2,2006-07,ANFIS-T-no-current,2133,085ce4481a6b3a7ebfe3b352bf75ff646addc1e9277ad641a764e4d63c30b31d
wqp,wqp:MNPCA-86-0284-00-100,1989-04,ANFIS-T-no-current,2133,085ff02e02ae41e0070380993664320432c66610aaf4d9d6a2b4aef25fb9e5af
wqp,wqp:21AWIC-81,2013-07,ANFIS-T-no-current,2133,08618b40e5a2ab393df191914878e5e0f2829c0c5046f6cef721628d12f8879c
wqp,wqp:21FLSFWM-LZ2,1988-07,ANFIS-T-no-current,2133,0862de327659425e832d3e06ea7998bc685d6b127977bc6898bd8b18c2b8913a
wqp,wqp:21SC60WQ_WQX-SV-339,2003-02,ANFIS-T-no-current,2133,08648854c8cbb8484f66ea32d3eac85ccbdc2fff27296a0fd270d7346cc1201e
wqp,wqp:21FLSFWM-FEBIN,2006-12,ANFIS-T-no-current,2133,0868a26ad4e9d3aa150dcbd0df8a56690bf0e49a15d51b5a347e120565a3c3d0
wqp,wqp:21SC60WQ_WQX-CW-197,2004-07,ANFIS-T-no-current,2133,086a19b245936d62a89cf626b5d820dbb097a2e936490434a989d63586cb1628
wqp,wqp:21FLSFWM-MH16000,2006-03,ANFIS-T-no-current,2133,086db35e418b9702efb2202fac76b0018cbd74853dbeb38151013c9f37c9418c
wqp,wqp:21FLHILL_WQX-135,2013-02,ANFIS-T-no-current,2133,0872582cb03b3c5736018dff5c5e415e37ec03b259b29f8a0058aa1c17f3fcab
wqp,wqp:MWRD_WQX-MILTON3P,2017-02,ANFIS-T-no-current,2133,08784ffcf2f8de7234bd08e9ae48433cefb5a3b5917a9646fcb62f84f6388b99
wqp,wqp:21FLSFWM-KBARMID,1994-01,ANFIS-T-no-current,2133,087987e8eea43c03399f4a8783deacf99c86070b57bf01fe9fcf5b16cc234b78
wqp,wqp:USGS-295554095093401,2013-04,ANFIS-T-no-current,2133,0880f364aa8635240a1b2420766e1c4d9ab34e8667f8810e3345a62a267f85d0
wqp,wqp:21FLSWFD_WQX-23641,2011-12,ANFIS-T-no-current,2133,088182209eb5b29315928354f8629d66065a3909d8cf63b0fa5f5deaaa3bf483
wqp,wqp:21FLORAN_WQX-CC4,2005-12,ANFIS-T-no-current,2133,0883a7e495928e567bedfdfd1e387d862eafeb41762a29b20796b2db22776a47
wqp,wqp:21FLSFWM-L004,1989-09,ANFIS-T-no-current,2133,0884b88e452fe78db1407e34608bd54f9d785669f707837e5e3c6020cde008f6
wqp,wqp:21FLSFWM-PALMIN,1996-05,ANFIS-T-no-current,2133,08882e884ec186a0a792854bbde19ef873b5de293d1d1a65ccccec66095083a1
wqp,wqp:21FLORAN_WQX-CC9,2005-02,ANFIS-T-no-current,2133,088a700379564225f170ad78f08d475e82eb215c69b75392160f40f8d581b2d8
wqp,wqp:21FLSFWM-RITAWEST,1986-11,ANFIS-T-no-current,2133,088c0c5c69535a03e18adae7f33a2ae480b9a183639dc63e38f98b860b062b4e
wqp,wqp:21FLSFWM-C03,1986-06,ANFIS-T-no-current,2133,089292a5daceb2361f57df9f687f4989125572f9ec11623c027e6138eba06726
wqp,wqp:21AWIC-23,2018-05,ANFIS-T-no-current,2133,0898c5b05a3e41731fb9ba0e8ea7ef9a581cf0a91327da7d4abec47cfebdf009
wqp,wqp:21DELAWQ_WQX-109031,2001-03,ANFIS-T-no-current,2133,089ba1e6fbb1f0ecaa036be151d6ba9b5f2892e7c1b336cd6a002640e94b30e4
wqp,wqp:21FLORAN_WQX-CC13,2017-05,ANFIS-T-no-current,2133,08a128364e7abbdd84af34bd57a761a4b2996537ef414e631baf6e68aa696973
wqp,wqp:MNPCA-62-0054-00-101,1994-04,ANFIS-T-no-current,2133,08a3fed0b6e6c022107eb7169bbdc6c82c0cbfe22070bae5d5a73cd791c438af
wqp,wqp:MNPCA-62-0013-00-201,2002-07,ANFIS-T-no-current,2133,08a5f3a6f3d0bf034a2f50266be6f498609c05cfeda630efd54042895fd1886e
wqp,wqp:21FLSFWM-PELMID,1988-03,ANFIS-T-no-current,2133,08a73495a3af8737f7ed1e7421bd59bc7c806dd4a7629584d25190f103d176df
wqp,wqp:USGS-423526088380101,2006-08,ANFIS-T-no-current,2133,08aee11bd3ed8752b4d365cfb9b0dc63b62a6feb08f8e4a1a789880a3c10c22c
wqp,wqp:21FLCOLL_WQX-LKTRAF4,2006-09,ANFIS-T-no-current,2133,08afbf89365a87c156d49417dd5062774da0580ab78cc8f7e5bfa25a261e0750
wqp,wqp:21SC60WQ_WQX-B-339,2003-06,ANFIS-T-no-current,2133,08b1418bb374f26f038cec8b37a8fe9182ff57dd8e4edd105e9379951a6672ff
wqp,wqp:21FLSFWM-LZ40,1998-07,ANFIS-T-no-current,2133,08b1773e78c203113dba93c2fb2c16297ea30569eb28cc1c449c11c0b7e00e90
wqp,wqp:21FLSFWM-L005,1984-10,ANFIS-T-no-current,2133,08b5a47267b8a0e5ab25955ed3b33e24e39b8d43e73cb9e5b24d3d014b149033
wqp,wqp:21FLSFWM-E04,2003-03,ANFIS-T-no-current,2133,08b7c8014aa8a53a5df971285d5092db37bf143ee715a8339695e4653b444bfa
wqp,wqp:21SC60WQ_WQX-CL-089,2017-02,ANFIS-T-no-current,2133,08b92503258b2cade75aef04c9fa515591b40c2763e2b3f2ecc68b7297c377ab
wqp,wqp:USGS-07144790,2011-06,ANFIS-T-no-current,2133,08ba27d1a7c04721e3cbe3db7c8c58285f1cc41f5182a151d53187607128bf48
wqp,wqp:21SC60WQ_WQX-SV-200,2007-10,ANFIS-T-no-current,2133,08ba54bdef72e7321963ec93cb2c2ce09bd9983f121e51420457dacbc2cd3420
wqp,wqp:21FLSFWM-L003,1992-08,ANFIS-T-no-current,2133,08ba5e1913335fc5ab205573e3c6958c40c20212dbba518e69145fda94225954
wqp,wqp:21FLSWFD_WQX-23113,2009-02,ANFIS-T-no-current,2133,08bb1c09cf31cbe2a3376b768ba01e397dba0d66ad0b501c486dd3becacf27f5
wqp,wqp:21NC03WQ-CPF087B3,2005-10,ANFIS-T-no-current,2133,08bb874e264b8e6c3920a57c05e12c3bd79e3fbdeba9157f028cca5b1f87cfd2
wqp,wqp:21SC60WQ_WQX-SV-331,2000-10,ANFIS-T-no-current,2133,08bc113236a228653ff90c0643a0642552656612ad357a94a236f1445ca62c80
wqp,wqp:21DELAWQ_WQX-108111,2010-10,ANFIS-T-no-current,2133,08be339bb1a122e7733484f3f3317252d210a36dd8c4caae7c33780cdf5a3716
wqp,wqp:21FLSFWM-ISTK1,1989-02,ANFIS-T-no-current,2133,08c018534d67260ca0223afd07c68ead2964f6bada7126272d96d32e8fdc7126
wqp,wqp:21SC60WQ_WQX-SV-331,2003-11,ANFIS-T-no-current,2133,08c0890b79b0d2dec739012706888e5f50a62944b9aee1924b84e9356bb95718
wqp,wqp:21FLSFWM-TINOUT,1994-10,ANFIS-T-no-current,2133,08c0a34ca31958206fa0eda8ad7cfd61296dd5d3e8b2a2d96bd4a8f6a483f97b
wqp,wqp:21SC60WQ_WQX-B-345,2005-05,ANFIS-T-no-current,2133,08c11142f9609a1ae1d0c60d2a02a726a529dc6918f713230779805d69a48850
wqp,wqp:21SC60WQ_WQX-CW-016F,2007-12,ANFIS-T-no-current,2133,08c69325ec47b8c0f96f1b1418465e65e36cf283769f1df4658c30db037d490b
wqp,wqp:21VASWCB-5ASRN000.66,2009-10,ANFIS-T-no-current,2133,08c9a06bafcbdebb6b358efb0bff635f546940c175cde4205982ea2b7f203a6f
wqp,wqp:21DELAWQ_WQX-208181,1999-11,ANFIS-T-no-current,2133,08ca649295be276a02dfbc3b32814b19f644add52319eb554ec84fcd77a9c708
wqp,wqp:MNPCA-62-0054-00-101,1984-11,ANFIS-T-no-current,2133,08cb3931e51bbaff85229ce5896b720898a643c98c66540e3984e73ea9bcae3d
wqp,wqp:21FLSJWM_WQX-44055,2018-02,ANFIS-T-no-current,2133,08cb4ee4d332278ed19d10fa2d17b1275232d3c02432cc07c391b428c3b15fa8
wqp,wqp:21SC60WQ_WQX-CW-033,2011-10,ANFIS-T-no-current,2133,08cd7d97d556c4eec916b90e0e276c24c351dad2f32e22c3b407515f4b10ae63
wqp,wqp:21FLSFWM-L006,2002-05,ANFIS-T-no-current,2133,08cfd065fa05e39a6f8a556ee59fcd2d49647c07d6228690cf0d64e044406879
wqp,wqp:21FLSFWM-RITAWEST,1995-09,ANFIS-T-no-current,2133,08d1e63e3863f71fd17a204803f7283e834c9629f8b864714421fde7d7b61608
wqp,wqp:21FLSFWM-MH16000,1999-10,ANFIS-T-no-current,2133,08d47f6f9c52635dd4d04486bdc498dc5fa3b68b1333ae241879e69a6067e0bf
wqp,wqp:21FLSFWM-CPTOUT,1987-09,ANFIS-T-no-current,2133,08d5bfc86558e4b5bedd1708caf1e9f6a727fbf3001118c5027593881464d3ba
wqp,wqp:21SC60WQ_WQX-S-310,2006-09,ANFIS-T-no-current,2133,08db4d98d1eeefaf13c8ed043a8fff0f8ec8a9d6798bf2018b65e28a11a77082
wqp,wqp:21FLORAN_WQX-CC11,2008-10,ANFIS-T-no-current,2133,08dbcb581ce8e932355fd91ff80cf7c3147c1ec355b0c26141a5a2f3604f88ca
wqp,wqp:21GAEPD_WQX-LK_12_4048,2002-02,ANFIS-T-no-current,2133,08dccfe7c1d39ae6ef32f7f52c1f912f7a0d549ca2957ae701fbc88766a94d00
wqp,wqp:21SC60WQ_WQX-SV-340,2014-06,ANFIS-T-no-current,2133,08e0f04d7ed5e2c8785dbe69f7444890df37aad065bc6f0e25deddad3d581f45
wqp,wqp:21FLLCPC_WQX-GREENWSH,2011-11,ANFIS-T-no-current,2133,08e2c476a72254aa6cb2cd090473978e343a67f61a34ed808d74f8b71bff3534
wqp,wqp:MNPCA-62-0054-00-101,1994-07,ANFIS-T-no-current,2133,08e33204724a2b9427fb55c37d1e4359fc3da808a01ea1bb5f8a50772a93fabc
wqp,wqp:21FLSFWM-L006,1981-01,ANFIS-T-no-current,2133,08e3428963a924fa3e6cd83c6db6ccc475994b97fdefe6ddc4c5b9e66c9d9e46
wqp,wqp:21FLSFWM-ISTK3,2000-09,ANFIS-T-no-current,2133,08e57cd6595d5342cd35f5aa4085a1f189571658778383f88961547270a65bf6
wqp,wqp:CAPECRD_WQX-280,2006-03,ANFIS-T-no-current,2133,08e95ecc7d1ecb61c4c4c01cfc57610959569493d6b78de7a031379ea08e4459
wqp,wqp:USGS-07048910,2013-12,ANFIS-T-no-current,2133,08eb6ed458d47e9f899a3bf839e0a5a317d65d03c3f012c5c3d45d01783a7706
wqp,wqp:21FLORAN_WQX-BC14N,2018-06,ANFIS-T-no-current,2133,08ed8f3f50b56d3dee6286c9f90cd33e34edbb328f8c4c89e10d2d4a6c5311d5
wqp,wqp:21DELAWQ_WQX-303051,2017-09,ANFIS-T-no-current,2133,08edc444411fdb7044926dbfd656bff0f3180a040686bd5e86587cfa9188c165
wqp,wqp:MNPCA-25-0001-00-215,1991-02,ANFIS-T-no-current,2133,08ee45bb20ad5a7cf3b711bf900d1bdf9208632a55c1b6d60e825c245e4d6bf6
wqp,wqp:21FLSWFD_WQX-23389,2005-05,ANFIS-T-no-current,2133,08f0fcf7d19fa1c1f903a731385193b71cebfa19fa54923b69b319d31583f19b
wqp,wqp:21FLSFWM-A03,1982-08,ANFIS-T-no-current,2133,08f30af69a16189b5e487aaed4edf3700ccff64fef676bec0bf1dbade53479fa
wqp,wqp:21FLSFWM-D04,1985-03,ANFIS-T-no-current,2133,08f6a3a5f46b4bbc87fb7f02070b2c8217dceea4c77c0dd05a56a2846ff70903
wqp,wqp:21DELAWQ_WQX-208211,2004-04,ANFIS-T-no-current,2133,08f6cdf3fa7daf9a3bcd2ed337b85adefe6446ff6727440d373a0e6e35d0bb63
wqp,wqp:21FLSFWM-B09,1995-04,ANFIS-T-no-current,2133,08f77c39d7ad5dcce6baa10fafd26f98e544c8dc49dedc4c998c4ec482a801e8
wqp,wqp:21FLORAN_WQX-BC8,2009-10,ANFIS-T-no-current,2133,08f9254b5b27e6f5496312616dce0d89da3ffbf96ea9bdabd65bbf15d6dd8655
wqp,wqp:MNPCA-62-0055-00-201,2004-09,ANFIS-T-no-current,2133,08f9bc6fde9708c42bd61347442664e83cba4a04f26b3fd0557fa33b204e8aea
wqp,wqp:USGS-07048910,2013-01,ANFIS-T-no-current,2133,08fa88a0e0449fa21d9e4b7d0c7933eb1ff95ff82413e17a29527e284bc1a1a6
wqp,wqp:21FLCBA_WQX-WAL-BIGREDF-3,2018-05,ANFIS-T-no-current,2133,08fb15adab869521021c202f862d347e320392f448416f9097c2728c051af7b2
wqp,wqp:MNPCA-02-0075-02-203,1987-02,ANFIS-T-no-current,2133,08fd3a371dfca1398a791ba908c358859fbf6c7625a528a186cfc02e09d2eed8
wqp,wqp:USGS-07144790,2010-11,ANFIS-T-no-current,2133,08fec7f360531b8e5f42d09b2010c9789afa9ecc3f1e682fa7e9e7761998a744
wqp,wqp:CAPECRD_WQX-280,2002-09,ANFIS-T-no-current,2133,09021858492007a8606419155ed0fbb3a6f9a12fdd38df868ddc8f4b5e0f27f9
wqp,wqp:21FLSFWM-KISSR0.0,2008-06,ANFIS-T-no-current,2133,0903423c12afce2e331b749e5312be392a80bebfca86d11d8c66f8c27506c2ad
wqp,wqp:21AWIC-23,2000-02,ANFIS-T-no-current,2133,09059d80604e1511b1227969b8461461f9d9ffecd7f31e7dd44ed42fb3e0d41e
wqp,wqp:MWRD_WQX-MILTON3P,2015-01,ANFIS-T-no-current,2133,0905d6a34862b96d9c6052426953f6769692a5639f7f65b4c4d43db40518b220
wqp,wqp:21FLSFWM-ISTK5,1997-02,ANFIS-T-no-current,2133,09064ffef7d9f4b1cfb1e139231cbbeed02f3cf76a992a620ba4de896b54a6c2
wqp,wqp:21FLSFWM-C03,2003-04,ANFIS-T-no-current,2133,0907847bc294100e37a84b9ece0242e6ba782de9b0b70735adeede0e48c41573
wqp,wqp:21FLHILL_WQX-135,2000-03,ANFIS-T-no-current,2133,090db8e26b1cf6260c47a794b9dfe0a9bf4a5ea60566308a472d1a63f66c17ae
wqp,wqp:21FLSFWM-L003,1989-09,ANFIS-T-no-current,2133,091142e02a2ac7f771b4fafdddb81f098e10a171482f6b09c64f980f6ae843a3
wqp,wqp:21FLSFWM-D01,1985-04,ANFIS-T-no-current,2133,091277917828df320fecbf17575d78df60a6cc929230a5b81700b07fd3b5c7f0
wqp,wqp:21FLSFWM-B02,1991-09,ANFIS-T-no-current,2133,0914d024f8b05b41df50cbabb274130ab90dd1f00ffbf63ca30527da79b6fb52
wqp,wqp:21FLORAN_WQX-CC12,2009-03,ANFIS-T-no-current,2133,0914e0ea0ddc7397d55107daf5232a3b255359333394d36a1499d9e795299e0c
wqp,wqp:USGS-295554095093401,2007-11,ANFIS-T-no-current,2133,09155a40e5bd6d64ade4d3c006b998dba7388fef1bc23607c297c00ea014c418
wqp,wqp:21DELAWQ_WQX-109031,2008-02,ANFIS-T-no-current,2133,09163db1c95649be5d9c6b38ce703d711e3b1ed24d8611dd6f4a1a627ae1cf2c
wqp,wqp:21FLSWFD_WQX-23144,2007-01,ANFIS-T-no-current,2133,0917eb5f775114d089b89a291af3d7bcb7d1c1de64fc7b16392bc8554c2616eb
wqp,wqp:21NC03WQ-CPF087D,2007-02,ANFIS-T-no-current,2133,0918cbc37de0920c47504a1d730b0913e16d02b204f79f78bf96fc5145a04419
wqp,wqp:21FLSFWM-LZ42N,2001-12,ANFIS-T-no-current,2133,091bd7e7e4083b90ed47a64d9c8bc97f04267c5d91d210ffdfeb47ba974a71a3
wqp,wqp:21FLSFWM-RITAWEST,1998-01,ANFIS-T-no-current,2133,091d21fcec1cfcf2a9f2025c087cb08b759866eb1343ce6107c974bdc68c073e
wqp,wqp:USGS-07049690,1998-09,ANFIS-T-no-current,2133,091f114ac63c979108ee72ceb0691e9f27f13f8f5729eaa6e4af013c91b04d87
wqp,wqp:21FLHILL_WQX-135,2007-02,ANFIS-T-no-current,2133,091f5ad72c0f170ab9a949b3780f7060c61c54b9c6d2cfac4dde9659b2786feb
wqp,wqp:21FLSFWM-E04,1985-09,ANFIS-T-no-current,2133,091ff7c33f838e44633c376818f658322ed9fe6eb26d0d30fb981f1c88835265
wqp,wqp:21SC60WQ_WQX-S-310,2009-01,ANFIS-T-no-current,2133,092099bb238e0ca63e1c05c305f9039246dc4bb3044579ce92bffe049518e09e
wqp,wqp:21FLSJWM_WQX-44148,2017-08,ANFIS-T-no-current,2133,0924c164613684191d1761e4f70cb02c310c9ce1b157cff1c7ebce1f8d852c05
wqp,wqp:21FLSFWM-STAKEMID,1990-03,ANFIS-T-no-current,2133,092705e1830796477b49ae5024067753b42e5d601a0de00e3df2a903826a1dc8
wqp,wqp:MWRD_WQX-BARR3P,2018-06,ANFIS-T-no-current,2133,0927df0383d0dd173efbfd78ae989177822683da583b198386ca57e836f90565
wqp,wqp:21FLSFWM-POLE3S,2006-05,ANFIS-T-no-current,2133,09285f8105faf0c2369fbf3fd2096ad5b2dcc375c4a3396bb8b04ffc1a2d4cb5
wqp,wqp:MNPCA-62-0013-00-201,2011-07,ANFIS-T-no-current,2133,0928dc24f083c9705d24fe68573ceadd9092ebe9e75644d0c6eb736a7cb0e795
wqp,wqp:USGS-07263299,2006-08,ANFIS-T-no-current,2133,0928f66073cdbc519d666d0d4fe96c2cd32ec2934f35e184d6570c86a5fb0020
wqp,wqp:21NC03WQ-YAD169A,2006-06,ANFIS-T-no-current,2133,092d49b4f071539dece5eeead2ae45d50225f7cd2324344fc5695bb564051eba
wqp,wqp:21FLSFWM-D02,1986-10,ANFIS-T-no-current,2133,09316bb95cd255ec034ae96166bbbb1b13278162d2a28fc8085a324b07cf659f
wqp,wqp:MNPCA-47-0042-00-201,1983-10,ANFIS-T-no-current,2133,093192168b685cd935bf2725581538dabfdc9438f000a6b22591b5aaa720cff8
wqp,wqp:21SC60WQ_WQX-CW-197,2005-12,ANFIS-T-no-current,2133,09345f010b03254232ae228a7633bc818671487d8db31eadb237efad715ef7cd
wqp,wqp:21FLSFWM-L008,1999-10,ANFIS-T-no-current,2133,0937943697b5ffc96f4d6805252f50ab8214c8e4b12555a62b5e9e66e1a7cd4b
wqp,wqp:21FLORAN_WQX-HB53,2018-05,ANFIS-T-no-current,2133,093f704b93760a0c4edc92ae817e47b85e849ba06fe1fe66e0030c9131f0c76d
wqp,wqp:MNPCA-62-0054-00-101,1997-06,ANFIS-T-no-current,2133,094176ad69e62ff39637fb66d9629ff706923e99f1c1801401fb1c511cfa1610
wqp,wqp:21FLSFWM-S1910.5,1987-12,ANFIS-T-no-current,2133,0941ea895c0da9d8161dacd5f1c77954db10c2b20c002123702ed971471ebf5f
wqp,wqp:21FLSFWM-OISLAND,2005-09,ANFIS-T-no-current,2133,0942060271330e30fe3dd6bb3031e146aa2f198f3155a9f846f05d4b9558cc20
wqp,wqp:21FLSFWM-TIN16100,2006-06,ANFIS-T-no-current,2133,09428a79a420f9fcbdb4d5704cdbba28bb975598aeade2c6f68708e940b41b0d
wqp,wqp:21FLSFWM-L008,2001-04,ANFIS-T-no-current,2133,0944d655fefe335f196ebf031cb7c5400c19ba7618412d7b237703a6d0fa8a90
wqp,wqp:21FLSWFD_WQX-23389,2006-01,ANFIS-T-no-current,2133,094672458b63d583572e4e1ff32e8369826aa1c67ffb916fdf079925e6253238
wqp,wqp:21FLSUW-ALL010C1,1998-12,ANFIS-T-no-current,2133,0947a41c620ffc4d78315b8bcb428adbc8ebc2159fa019646edf316e8990867c
wqp,wqp:CPNWATER-WW#3,2017-05,ANFIS-T-no-current,2133,0947a4a0e617da4ed019c37478b0ae8154010b4ad3bca81f5a0c68a752fda6bd
wqp,wqp:KAWNATON_WQX-KN-KL-004,2018-06,ANFIS-T-no-current,2133,09484df7ad2f6d2dd37b2e59965baaaa8ed8901fbbdcd5bf45e23b3a9b628261
wqp,wqp:21FLSFWM-A01,1992-07,ANFIS-T-no-current,2133,0949766cf7aa5ae4c981d048c5613d34e755228d9e9a7ff8daf9aa246989b13e
wqp,wqp:21SC60WQ_WQX-S-024,2006-04,ANFIS-T-no-current,2133,0949ed5f4d12cc486433396de74b4352352f6619187aac6bd1a76764bc5fc566
wqp,wqp:21NC03WQ-YADHRL051,2008-11,ANFIS-T-no-current,2133,094b632e53c06dcacff814e9229798e760b00fc2b5a3625bae5b7fcf0a80fea3
wqp,wqp:21NC03WQ-NEU020D,2010-05,ANFIS-T-no-current,2133,094bd2e7f197116e5ba02b880b58aa60392643b4098d49cae935f918bc71f825
wqp,wqp:USGS-0726329710,2009-03,ANFIS-T-no-current,2133,09504567cd6ee36130b374e4d0138e9d0b9a6c89839775e4333a8c2f2c324bd1
wqp,wqp:21FLORAN_WQX-BC9,2015-05,ANFIS-T-no-current,2133,09542ae8dce05d0cb75252eee327d0897ec94b2839f36ec81a71c1ea23d426f0
wqp,wqp:21FLSWFD_WQX-23113,2004-12,ANFIS-T-no-current,2133,0954b402ddf3644812afe18c702280411ba8c680db578758458b7ea9bde658ca
wqp,wqp:21FLSFWM-RITAWEST,1993-06,ANFIS-T-no-current,2133,0956ec58ce3ad3ce42aed4866e02b6cc082672a53d07e5e58d234c5892370fe0
wqp,wqp:21SC60WQ_WQX-SV-361,2016-02,ANFIS-T-no-current,2133,095898827ab83de96ba362e34545ee45f5da0370c5fb50b06f5263e7ae495d9a
wqp,wqp:21FLSFWM-LZ2,1991-12,ANFIS-T-no-current,2133,095bb48643263f58e49a3da14994b8796fcff427e292bbdc72a2a90778c0e873
wqp,wqp:LAKELAND_WQX-LH29,2011-06,ANFIS-T-no-current,2133,095c656a4ad5a1d59833431a41cf5df11d9ff43668f3163fa27b76a52e811021
wqp,wqp:21FLORAN_WQX-BC11,2010-01,ANFIS-T-no-current,2133,095c7f7825d6c7f665bc32828536ce4109ed2a6fd01f2ceca4ab17bcb01c35dc
wqp,wqp:21FLSFWM-E06,1982-08,ANFIS-T-no-current,2133,095edfd7d1f1e7fa2953ba3decbd4e99fd35cb647ed9ae376e55ee2f712ea044
wqp,wqp:21FLSFWM-TIN8100,1996-04,ANFIS-T-no-current,2133,0961d5a4a1b462c9e20bd19c78671cc4cdf572c083c5061fbdead771e61b1f8a
wqp,wqp:21SC60WQ_WQX-SV-331,2002-04,ANFIS-T-no-current,2133,0963f6297764341073013395c737de6383b5711784af8128e6ae542b50eab429
wqp,wqp:21NC03WQ-LI01,2014-06,ANFIS-T-no-current,2133,09640173b2881404afe7e7200dc2b5d6705880e90d015703d3bcc63fc272219b
wqp,wqp:MNPCA-02-0045-00-202,1993-05,ANFIS-T-no-current,2133,09697d3611ed6b9f03517b465b8083b67a8652d707d07fe35ca495a040057c60
wqp,wqp:USGS-072632992,2009-10,ANFIS-T-no-current,2133,096d55cd0be9adb327ba874f5582d726f8cebda249807e492964ace233d4f229
wqp,wqp:LAKELAND_WQX-LH20,2009-10,ANFIS-T-no-current,2133,096e619f8bf6134a0200aba93396c4b1b005e417403b15a85ec4ccbef698748a
wqp,wqp:21SC60WQ_WQX-B-345,2016-05,ANFIS-T-no-current,2133,096edb4408b3c3c9cb1890022c65c67615e845a2fd5fe05bce6ebb702313eb3a
wqp,wqp:21FLSFWM-LZ30,1990-04,ANFIS-T-no-current,2133,096edf8d309055f4b63e0f13b79463d6c1a583448d4778d1c8529243f17a5cca
wqp,wqp:21DELAWQ_WQX-308071,2004-09,ANFIS-T-no-current,2133,09709c25ddef3d03938e46755f1155780e7d502460030874275497b487c49387
wqp,wqp:21FLSFWM-PLN1OUT,1989-07,ANFIS-T-no-current,2133,0971ae1480065f0fffdd56b2e0ac9ef93d259af03f6751b1e384b305cb832029
wqp,wqp:21FLSFWM-PALMOUT,1992-01,ANFIS-T-no-current,2133,09724a99151c43db6e442d3f454bbe3bbbc21d4ae39a4ca738abc185669328e0
wqp,wqp:21SC60WQ_WQX-SV-331,2000-03,ANFIS-T-no-current,2133,0973128e7fff55da8f07f09b049865b3769678e8640e03866ca7a7553cd311dd
wqp,wqp:21SC60WQ_WQX-ST-032,1999-12,ANFIS-T-no-current,2133,09735ee1d20c02c71d09b0e3a2557db51755cc67ea568caa16cfd19e568bb0b9
wqp,wqp:21DELAWQ_WQX-206461,1999-06,ANFIS-T-no-current,2133,0973f48298962a6066f4c3c259f6be8df9716b873fc34e90397e72f8fe868af9
wqp,wqp:MNPCA-62-0007-00-203,2011-09,ANFIS-T-no-current,2133,0976972f248ab6dd8687fd034624452113eea725b6023208c62df5bb113fedc3
wqp,wqp:21NC03WQ-CPF087B3,2016-10,ANFIS-T-no-current,2133,0979f835b00cbe20eca6ba5fba0ef48c043e70132a6d1228be6eab709e5a44da
wqp,wqp:21FLSFWM-KBARMID,1987-09,ANFIS-T-no-current,2133,097abc02a9660af8232c7fb0190c62216232b6fe19acc8eda776aaf8a5748a8a
wqp,wqp:MNPCA-62-0007-00-203,1984-09,ANFIS-T-no-current,2133,097ad1ce61d64902d2506658eccf8503f3ee790811a3117362e63578e0ce6a2d
wqp,wqp:21FLSFWM-ISTK5,1991-10,ANFIS-T-no-current,2133,097c143f34c1fc728cbfe3bbc5e115175a4beeb0b24d36bfbea2c95c8f38c0ad
wqp,wqp:LAKELAND_WQX-LH11,2010-02,ANFIS-T-no-current,2133,097c94517c3b178262a07c7d4324c9b42002f913f29aaf360a193b1bfd3ef088
wqp,wqp:21GAEPD_WQX-LK_12_4048,2010-09,ANFIS-T-no-current,2133,09804856bf2d58ac93b897dc12bf490cf352d510756be0de9ab469d2e50a6ffd
wqp,wqp:21FLSFWM-E04,2008-12,ANFIS-T-no-current,2133,09811dd21541480d6694ef38680726857665c1bfcd44c8e5801615b686693ccc
wqp,wqp:MNPCA-10-0048-00-201,2003-10,ANFIS-T-no-current,2133,0981d20b5ed3e398d1a2c2b2a10fd0922de8c1c92ecfd35f8e561d62f5b4e0fc
wqp,wqp:MNPCA-62-0007-00-203,1998-05,ANFIS-T-no-current,2133,0983c6d2374b3c3aace703af66d2a78f94121615defea032972cdeb8669d1fbb
wqp,wqp:21FLCBA_WQX-WAL-BIGREDF-1,2018-03,ANFIS-T-no-current,2133,098594f2e7a79e7f079409775dd68a332732a5028144dff19823efc03635586a
wqp,wqp:21FLSFWM-PELMID,2001-04,ANFIS-T-no-current,2133,09871f18d20e3ed5fa4fb52e36bb0471a645d6e8f1a8913ad7f8b47b0bbfef02
wqp,wqp:21FLSFWM-L005,1979-08,ANFIS-T-no-current,2133,0987ca06ba3e2e55acae78ed6f200b959d7eef999aea911be45c8b8e4ffc7d7e
wqp,wqp:21SC60WQ_WQX-ST-032,2006-09,ANFIS-T-no-current,2133,09890fe8abef1aa034a52d466f2e12256857a7fe7ddf0b8fedeec8c03133d3d4
wqp,wqp:MNPCA-86-0281-00-201,1983-12,ANFIS-T-no-current,2133,0989ad63944a20248c1bdeb09f8f2c2e32045a199831100a12a82bd361616298
wqp,wqp:21FLCOLL_WQX-LKTRAF4,2018-03,ANFIS-T-no-current,2133,098a8603b06283c5850d55cb5f0dedb2afda4af156cfe2d95d2969103edf249b
wqp,wqp:21FLSWFD_WQX-23477,2017-06,ANFIS-T-no-current,2133,098c2ea448ebac254f530180583778471a3705d928162f1ef7b526d023851b6c
wqp,wqp:21FLSFWM-STAKEOUT,2006-07,ANFIS-T-no-current,2133,098c89638386e4c251e4ce98459774b5216533269a48be0592b783e518ea73cc
wqp,wqp:21FLSFWM-B02,1989-03,ANFIS-T-no-current,2133,099450cec00f2491fbdb13d21497efe75c391e38ce119904314a606943644ebf
wqp,wqp:21FLSWFD_WQX-23477,2009-07,ANFIS-T-no-current,2133,099585c0ce3c39b206dc1dd55dded4536dfb89d6276a332c4eca3768aecaef7a
wqp,wqp:21FLSFWM-ISTK1,2003-09,ANFIS-T-no-current,2133,0995a46c7658036298d617b7065922a86ef2798c0b29ad3f924044cb19335437
wqp,wqp:21FLSFWM-L004,1995-04,ANFIS-T-no-current,2133,099629f4e8ff4270209c34c9a70b2cdd4be444ac17fdd79cad869db0f342d4c7
wqp,wqp:21DELAWQ_WQX-304321,2007-10,ANFIS-T-no-current,2133,099875ecf8d1370a51b8d3a54786a8babfaf5060be1fd76eeba36b53241f8d24
wqp,wqp:21FLSFWM-TIN8100,2002-01,ANFIS-T-no-current,2133,0999b1e9c33024ba5a409e2f6e376e64cec26578476e998dd26718fae09bf725
wqp,wqp:21SC60WQ_WQX-CSTL-075,2006-09,ANFIS-T-no-current,2133,099aa876ca0d372a92bd60ef57f5634348afa5c46af8ff08d32ec3427fbf43a3
wqp,wqp:21FLSFWM-L006,1985-12,ANFIS-T-no-current,2133,099b67d39f4e659904fb5155267027af16971ca6b5a640beaa7c5a905990ea63
wqp,wqp:21FLSFWM-B02,1995-02,ANFIS-T-no-current,2133,099baada022c33dfdc09c772f62ab56d3cc9e34c5429d19d1d7176f74f06a871
wqp,wqp:21SC60WQ_WQX-ST-032,1999-01,ANFIS-T-no-current,2133,099cfd3f409bb60dc4ee9cfe3cd657db993177b7103392e5ee1b837e853c90c6
wqp,wqp:21FLORAN_WQX-BC6,2008-03,ANFIS-T-no-current,2133,099d849693996929f3e6e4ef01edcec1463cbb3729e716e3b89c7ca2fcfd3af8
wqp,wqp:21GAEPD_WQX-LK_12_4048,2018-09,ANFIS-T-no-current,2133,099e891e60ed0656dbb49c51b1dd4c5e10ef52cbfa289ce33ecf8914d2ae6b77
wqp,wqp:21FLLCPC_WQX-GREENWSH,2009-04,ANFIS-T-no-current,2133,099f2a819a85845b33bd95778b992e1c995781ce94c78e5bb1762944e263d72d
wqp,wqp:21FLSWFD_WQX-23113,2015-10,ANFIS-T-no-current,2133,09a11642b4e32ad94591a1d3ccda9a84a8ac6d02684e32e75e678f36763dcf92
wqp,wqp:21SC60WQ_WQX-S-308,2016-03,ANFIS-T-no-current,2133,09a1bcd290ab8aeb5842cb1e869b6eaacc5e1cf666dc0d5a4dfeffffbec2d840
wqp,wqp:21FLSFWM-LZ2,1995-09,ANFIS-T-no-current,2133,09a275246da4b3220c469ce9f582e4bd9980aed92fcd649ccfc9e1513ada9738
wqp,wqp:CAPECRD_WQX-262,2018-12,ANFIS-T-no-current,2133,09a477bc14ce8b25984c297300c960906a3dbe7bd15ee74d4b41841c756d0bcd
wqp,wqp:21DELAWQ_WQX-108111,2007-03,ANFIS-T-no-current,2133,09a4842630bd6b6fe939fcbc287c8a3864e1bf94fcfda524474ed535a24523dd
wqp,wqp:11NPSWRD_WQX-SLBE_PL_01,1991-02,ANFIS-T-no-current,2133,09a8e088027d5fba0113a7698a32ad8a93e1447987359aa323f46e431a25d22f
wqp,wqp:21FLSFWM-PALMOUT,2006-06,ANFIS-T-no-current,2133,09aa9db72d0a4ffc6a1585dd2495e0745998e703f50ece34c6c8913bc2de0799
wqp,wqp:MWRD_WQX-MILTON3P,2009-09,ANFIS-T-no-current,2133,09aabcffd30eced3a2e0c013654f41746084b5a1af8a53f3e39227c67ae7fd56
wqp,wqp:21AWIC-81,2018-01,ANFIS-T-no-current,2133,09ab673580dfcd14efcaff25d6f588275a48e18e0ed2089df65a857e8333096c
wqp,wqp:21SC60WQ_WQX-CW-197,2017-11,ANFIS-T-no-current,2133,09ae8c9e775160ebf201b3dd554ffb3868baba0b5b4636b5f56490deb1d213f1
wqp,wqp:21FLSFWM-C03,1993-02,ANFIS-T-no-current,2133,09b31681709587c60a317a294b200ad3f9dd676d3871ebf857d1e8f4dce94926
wqp,wqp:21FLSFWM-PLN2MID,1988-12,ANFIS-T-no-current,2133,09b38c5056365e7ab82ccb8b6721dace3dabdb285db4368a4b877684830cb5a3
wqp,wqp:MWRD_WQX-BARR3P,2007-02,ANFIS-T-no-current,2133,09b393f4d49811ba99dba6853dee568a1477143e635f9d60d7d4de3c4407c02f
wqp,wqp:21FLORAN_WQX-BC14S,2005-02,ANFIS-T-no-current,2133,09b4512b366c0dfa9a09f8971d6c669d2c7a1717745944f76765518fccbf4741
wqp,wqp:21FLSFWM-OISLAND,2009-02,ANFIS-T-no-current,2133,09b518382dfb5c8b593391fa1b54e00d353246250bc2bcc52cadc37c562804a6
wqp,wqp:USGS-423659088354401,2014-06,ANFIS-T-no-current,2133,09b5650b7d430d6ebdbede1977bdb6cbd8fa512fd4d2759720a2fc47ce077805
wqp,wqp:21AWIC-81,2007-11,ANFIS-T-no-current,2133,09b5dc800b78820b870bb8b8659a575f1a6e3800b23fe4a8f0684d0968f15cb9
wqp,wqp:21FLSFWM-L006,1989-01,ANFIS-T-no-current,2133,09b7286f9cb882bc8d37568cc4221b63807d53db965ffde7571c5b1f87c7f51f
wqp,wqp:21SC60WQ_WQX-SV-340,1999-11,ANFIS-T-no-current,2133,09b96847c3a9aeab994f9eac42c5994247c67c4d42c1b83729b7a23f5de49ead
wqp,wqp:CAPECRD_WQX-262,2016-07,ANFIS-T-no-current,2133,09bfcbe546b6bf94cb97470076f377dd2722d5435e2c0b4d458f8505824bc555
wqp,wqp:21DELAWQ_WQX-307011,2003-07,ANFIS-T-no-current,2133,09c13fb68d49144c0754d959bd929fc26515ca7827ff711db7f662e0f512c50b
wqp,wqp:21NC03WQ-CPF0880A,2009-12,ANFIS-T-no-current,2133,09c29a47934b45992812a240b02c2164f55847311d9e5c2be8b27a2c6a150ce3
wqp,wqp:21FLSFWM-PALMOUT,2003-06,ANFIS-T-no-current,2133,09c2e07fd5640b8c079a76d9fcb35be0623cac3753d7ae5eb029021c122065fa
wqp,wqp:21SC60WQ_WQX-S-222,2003-09,ANFIS-T-no-current,2133,09c5d1a0c74e87a5af942b7cc7a88dc233b8bcfbeaa70670465c6309c4d19d00
wqp,wqp:21SC60WQ_WQX-SV-331,2012-03,ANFIS-T-no-current,2133,09cb054b65af293525e4dc93a4a2f997beaafc94316ed530333e0cdd84100934
wqp,wqp:MNPCA-62-0055-00-102,1985-03,ANFIS-T-no-current,2133,09cb6badba16336010be231229730bfa24e69156a178b3426d674b4f97518589
wqp,wqp:21DELAWQ_WQX-304321,2017-10,ANFIS-T-no-current,2133,09d148f592ce6ba98253a56493eb1017027f7e045e0aebde4148b0b280bce394
wqp,wqp:21FLSFWM-IPOUT,1994-01,ANFIS-T-no-current,2133,09d24b4d2076ac5f51446fd8e1a91f94fbcda72fabdf7225b1d6998abcb064ab
wqp,wqp:21NC03WQ-CPF081A1C,2010-06,ANFIS-T-no-current,2133,09d48ae5fc186bf8eacb643360946fdb07cb461f8de2b7bda75dc0d48570f963
wqp,wqp:21FLSJWM_WQX-44148,2018-06,ANFIS-T-no-current,2133,09d55a7e168cc9dc49a065124c3711ec41f5b621c501bb7b5930be4c4cdb90a0
wqp,wqp:21FLSFWM-A03,1983-05,ANFIS-T-no-current,2133,09d7e03ba255fd726b20f95965237784acb9cecd8bfd1bf5bd6f67d32274ae82
wqp,wqp:21FLSFWM-A03,1991-04,ANFIS-T-no-current,2133,09dad0211b83744c4fbe3b3a96bf284618dc8edbe2189f77321ff3f556cfa19f
wqp,wqp:21SC60WQ_WQX-S-022,2013-04,ANFIS-T-no-current,2133,09db35e19c94e64998ea48440114aa10868b5996eae2128deec3355aa442765b
wqp,wqp:21FLORAN_WQX-BC11,2008-10,ANFIS-T-no-current,2133,09ddd981228b262597d37449c479841e4c4606cf2e48bdb14b9c805fb2281396
wqp,wqp:21DELAWQ_WQX-208181,2012-07,ANFIS-T-no-current,2133,09e11c6e57b1d6d3eb574173ee194be5c4841c90ce0867a51aab4743356b64ce
wqp,wqp:21FLSFWM-L003,2002-07,ANFIS-T-no-current,2133,09e11ebdf6cf0cb855ea1efb2f44b9d583fc10ddfd5885608c925dd734356738
wqp,wqp:21SC60WQ_WQX-CW-016F,1999-09,ANFIS-T-no-current,2133,09e21f8e6d40020f41544a00f8758f01e854d1b735ab1d1f71014409447d2111
wqp,wqp:21FLSFWM-PALMMID,1987-08,ANFIS-T-no-current,2133,09e279f6d7a8b4c73352120fa345f5c54dd3b31ae9eb03a0c5de9c5c8ad06cea
wqp,wqp:21FLSFWM-KBAROUT,1990-07,ANFIS-T-no-current,2133,09e5679dbf2a18a119390770b788ce40bb0928dfb60bfbb582dc6c36f61d71d7
wqp,wqp:USGS-072632972,2010-11,ANFIS-T-no-current,2133,09e838cd3b8d2356efa67477126b7674707e61635dd4cad4a24285cd5d97bd0b
wqp,wqp:21SC60WQ_WQX-S-222,2014-02,ANFIS-T-no-current,2133,09ea3b8056d23bc7681895505694a8c3303d3d3c6712b5712faafbdd1865a128
wqp,wqp:21FLSFWM-PALMOUT,1997-05,ANFIS-T-no-current,2133,09ee84b61045756a415132e45593dcdcdad4a94e0e026f5a382c6b2398200a01
wqp,wqp:21FLSWFD_WQX-23389,2005-10,ANFIS-T-no-current,2133,09ef187c84d17f9b6db16f4a340435cf85ad20fa1766c5ea3739d360da21b291
wqp,wqp:USGS-0726329710,2007-06,ANFIS-T-no-current,2133,09f19a560e7e6cff2270172eae1487b1f9790644fc1bab0802706ad47a6db35e
wqp,wqp:21NC03WQ-NEU019P,2017-03,ANFIS-T-no-current,2133,09f54ddce6d37998ceba46ec577e18ec6fb138d4e8f5ef5f97da8a6c54f6210a
wqp,wqp:21SC60WQ_WQX-CW-207,2002-11,ANFIS-T-no-current,2133,09f6252fcfe063ad9fe8e6b6a5474b31b32f9d4cb82316a9e892ff4cf3f711a0
wqp,wqp:OKWRB-LAKES_WQX-520710020020-01,2013-08,ANFIS-T-no-current,2133,09f6fe2e784b2b4dfe3cde65834c4e955b2dcd6cd0341147a4e9a6d81f1abf8d
wqp,wqp:MNPCA-86-0281-00-201,1994-09,ANFIS-T-no-current,2133,09f7773ab73f2b09e4482127f3cb7a9bc74f2510d232faff594c826b34af335e
wqp,wqp:MNPCA-25-0001-00-225,1991-05,ANFIS-T-no-current,2133,09f817083c1cd73e81a27f847e8a4466878291d68f63e4a381c22ccf828a79a2
wqp,wqp:21SC60WQ_WQX-CL-019,2005-11,ANFIS-T-no-current,2133,09f911573d9e510e207a400a71220b34becff5d7ac19d9464c986c17de84bc6c
wqp,wqp:21FLSFWM-LZ42,1994-05,ANFIS-T-no-current,2133,09fbcce41df7bfc8994146e875900810a777464d0bac6aba91b5f6912aa51bef
wqp,wqp:21FLSWFD_WQX-23389,2006-03,ANFIS-T-no-current,2133,0a0118c4da846a47bdc1c0ef0b8a86cca57f55da9d0a133ca38e9fbb8b8f91c9
wqp,wqp:USGS-072632972,1991-10,ANFIS-T-no-current,2133,0a01bf83101eae01211b4bc0ff62e6cf7bd2dcfd2fce72f77218cd0304b666db
wqp,wqp:21FLSFWM-ISTK6,2007-03,ANFIS-T-no-current,2133,0a039cd21bf4e79b7ef1d1f4b123ba64a13a89a35dea0a983cb0a49765ec7219
wqp,wqp:CAPECRD_WQX-280,2001-11,ANFIS-T-no-current,2133,0a0827512e634c94d04c5efa3f1562c127a6d94f06c7b7d33e3de05dbd3cb24d
wqp,wqp:21FLSFWM-E02,2003-07,ANFIS-T-no-current,2133,0a0b5165c39cbcfa3a881e87c0d7da49e5b8e3b6331f96b8553fca26dd82cc51
wqp,wqp:CPNWATER-WW#3,2016-12,ANFIS-T-no-current,2133,0a0c6811e775bd213a972ea7774363752ae2b29bbba7be78fa057fd542ee1fd8
wqp,wqp:21FLSFWM-LZ42,2007-10,ANFIS-T-no-current,2133,0a0d0384284826f848b241c43848bdc169af402a50c03c79d7e56ad57a1929c9
wqp,wqp:21FLORAN_WQX-BC9,2012-07,ANFIS-T-no-current,2133,0a0e30a9591fce98fecc35d69c84b2e5dd54ddb0965d5f44756251d585f8153a
wqp,wqp:21NC03WQ-CPF055D,2016-09,ANFIS-T-no-current,2133,0a11e5bf97ee0e01ed82fb8230b387d1281fa7b2a798fc7c670d7fe75495a871
wqp,wqp:21FLSFWM-MH16000,1998-03,ANFIS-T-no-current,2133,0a13d1e68438eb5c2360ec8ae4e361bb0e9cf1c52938d209bebc28ba94465b83
wqp,wqp:21AWIC-23,2018-10,ANFIS-T-no-current,2133,0a13e132ae6634b0579cb19319024cff00f1646834f8a19e9aae4b9f1c0b88e1
wqp,wqp:KAWNATON_WQX-KN-KL-003,2011-03,ANFIS-T-no-current,2133,0a144764eaf1b4dbb7c6575a9736cc0b3ba36f3580b7820934d405c1075f3145
wqp,wqp:21FLSFWM-L006,2004-01,ANFIS-T-no-current,2133,0a17484aa56179147d6f4706b5f2f7aa40c4bf4f1f1c681caa8732588827dd37
wqp,wqp:21NC03WQ-YAD169A,2008-04,ANFIS-T-no-current,2133,0a1b9c860cb78b00660b613607c44e64cc8a3c159b878c15e53cb9439db3406d
wqp,wqp:21FLSFWM-TIN16100,2000-02,ANFIS-T-no-current,2133,0a1e38277e226788624da6f18947985c8348a1134c395668c66211f54fc88095
wqp,wqp:21FLSFWM-LZ2,1991-06,ANFIS-T-no-current,2133,0a1f2958886ea348c30ea2726c8260aef92ee6b1116b7748a1d8a45c4792d3fa
wqp,wqp:21FLSFWM-KBARMID,1991-06,ANFIS-T-no-current,2133,0a226e643fd9fb28ab9936e57c5d20ac6f0ee70526ae49f4a673ac67202957ae
wqp,wqp:USGS-01201700,1987-09,ANFIS-T-no-current,2133,0a260a07e91d6157c7a1c62e674518a697116b4986e1e21854ed51543d115005
wqp,wqp:21FLSFWM-STAKEOUT,1988-04,ANFIS-T-no-current,2133,0a27e0b46add7fceb83aa6faa1154870f00f33ef55ae42b84af579333a92e86c
wqp,wqp:21SC60WQ_WQX-SV-339,2006-08,ANFIS-T-no-current,2133,0a29376655387422b1b929390ec189fdf08bcffd7b75b28259afcba95bf5b23e
wqp,wqp:21NC03WQ-NEU018E,2006-01,ANFIS-T-no-current,2133,0a306abe35bc37b8bc30d08990b973b1047017431ac1e6b1c81e6544aa3ffc4f
wqp,wqp:MWRD_WQX-BARR3P,2014-11,ANFIS-T-no-current,2133,0a30dbe1b33b25b2fd6496a9e23c0d11127b5073a4971745ff3e5644424d423a
wqp,wqp:21FLSFWM-CLV10A,2001-08,ANFIS-T-no-current,2133,0a31cfd9e783e53840830432a750327d83c71d7686a384b17e3aacb249d84e16
wqp,wqp:21FLSFWM-PLN3OUT,1990-03,ANFIS-T-no-current,2133,0a351016201de433faa0164d372b13e50de0ba281c575f365b1632e90936c889
wqp,wqp:MNPCA-62-0055-00-201,2013-09,ANFIS-T-no-current,2133,0a3a5ef4701f7f1bf11a41c6a3b257ab9416d6736fbae3a6b5cfcf8fc3d21046
wqp,wqp:21FLSFWM-MH16000,1998-11,ANFIS-T-no-current,2133,0a3ddc19113eb53283fb55e687244045e41a338300493c94a992850bfe69c8dc
wqp,wqp:21NC03WQ-CPF087D,2015-05,ANFIS-T-no-current,2133,0a3e62e2f6c99cc07abd98c4d486de0c2875e927df1edc4bda18894361be5ff9
wqp,wqp:21SC60WQ_WQX-SV-098,2005-03,ANFIS-T-no-current,2133,0a405898ebbd9f5776cd04a81aba84d1303a9999a4e5ecc0f49dede3d2217ee7
wqp,wqp:21FLORAN_WQX-CC6,2010-02,ANFIS-T-no-current,2133,0a41b503c7a5e7cbebe1f31bdc775507ef773f8d63a4b2b694ad9d9de69b64b8
wqp,wqp:21FLHILL_WQX-135,2007-10,ANFIS-T-no-current,2133,0a4242ebd0cb7392d91dd3d7efdacbc23ead8edbb6466fdf822107eca0296722
wqp,wqp:21FLSFWM-TIN8100,2006-04,ANFIS-T-no-current,2133,0a4396e05a86a1c688481bb2258e7a1639b0fd9386e3f4715f1c8f1ea15648bf
wqp,wqp:21FLSFWM-ISTK2,1999-11,ANFIS-T-no-current,2133,0a4583fd3dc7ce0b7c3f1d63c8fa60a95b06f401a16ba1a4ee8a351c73fc67fd
wqp,wqp:MNPCA-25-0001-00-215,1998-06,ANFIS-T-no-current,2133,0a45bfb7349087630d3126cd33b93b367600d954a0194fbb9299123c56c6a923
wqp,wqp:21SC60WQ_WQX-S-222,2005-04,ANFIS-T-no-current,2133,0a475a23714a0ce5aa9da3e382a5c5a78e263a1c993fdcd09077690a23871fd2
wqp,wqp:21FLLCPC_WQX-LKSILVERSHR,2001-10,ANFIS-T-no-current,2133,0a4849c419dbeca076247a79feb679a1023d9976e5d319b075d30767bbb6a6f8
wqp,wqp:MWRD_WQX-MILTON3P,2017-03,ANFIS-T-no-current,2133,0a4b7ca59aef0838ea283ea93cfd04552b285da8003fb6813dba75a7c7ca4852
wqp,wqp:21DELAWQ_WQX-206361,2004-06,ANFIS-T-no-current,2133,0a4ef65bde235e97efd9d443024ea14ce5c97a36bebf158dbc32741617ba065a
wqp,wqp:21FLSFWM-PELMID,2002-08,ANFIS-T-no-current,2133,0a5173fff95ba314b4dabd8b48541a028640a95124ba33609c01b8a3fc03a671
wqp,wqp:MNPCA-62-0007-00-203,1997-09,ANFIS-T-no-current,2133,0a53a53906702ac741f1b99c2fbaca0767e512243edf416737cd69ee2462c1a8
wqp,wqp:21SC60WQ_WQX-CW-231,2001-06,ANFIS-T-no-current,2133,0a53ad349367086676ccde4ea43ab67ff53e0421b6a4c3b76e14c7e9cfec5495
wqp,wqp:21FLSFWM-LZ40,2005-02,ANFIS-T-no-current,2133,0a5453b639f524d1557b4cfe8890e84f620569ea8dccc44dcf042395e805c47d
wqp,wqp:21AWIC-81,2005-06,ANFIS-T-no-current,2133,0a54c3b7821a56b73a7a3e16f0ae703747e2ef4ab613d6ad49af94fa8018ebc4
wqp,wqp:USGS-423659088354401,2012-09,ANFIS-T-no-current,2133,0a573c0bd8978037f3b9dcb370c361d0d3013b605a0f65561d1702e34997efdc
wqp,wqp:21FLSFWM-B09,1994-09,ANFIS-T-no-current,2133,0a5a425c935915b77db85cffdfa68a644afca88e88013a6657a53e48df7a8d11
wqp,wqp:AZDEQ_SW-33,2012-07,ANFIS-T-no-current,2133,0a5a66b3377c60e00702a6145e4ddc7d063c4d9b65af28a26c4bb3f356dae4ae
wqp,wqp:21DELAWQ_WQX-307171,2004-08,ANFIS-T-no-current,2133,0a5cc57a27f44c6a10b9ea91ff22f3cb8fa381169766a3c59de82b107c4b3b86
wqp,wqp:21FLCOLL_WQX-LKTRAF4,1999-10,ANFIS-T-no-current,2133,0a5e3671e8596e6ac4e6b14d4f1a2a7cfe78bfa087a39f81f3fdcd3d0b177078
wqp,wqp:21FLORAN_WQX-CC6,2007-02,ANFIS-T-no-current,2133,0a5ebdc1992055c1b6f356535f66980b29211eebd6089bf69ea4ca5599cb1df1
wqp,wqp:21DELAWQ_WQX-208181,2014-01,ANFIS-T-no-current,2133,0a60cb57c347e6ac30be503ea68f58f3db68f771b4fc371552cf24c43d0338f6
wqp,wqp:21SC60WQ_WQX-SV-331,2006-08,ANFIS-T-no-current,2133,0a66b79a8530003d767124b0e2ce3278d098cb3452baf5b3c3c4839cb4499e4c
wqp,wqp:21FLSFWM-L005,2001-09,ANFIS-T-no-current,2133,0a67b6c1cc641b695788421cc1ac947698459742665ba5eef6c3cce71f442b58
wqp,wqp:USGS-07144790,2014-07,ANFIS-T-no-current,2133,0a6aa76467c7a344daecff81c94add4999eec0c65c2bdb1a86957f9fd5679235
wqp,wqp:21FLCOLL_WQX-LKTRAF1,1997-01,ANFIS-T-no-current,2133,0a6abc2b173bdf344aa9a6539f7df4ff99e449588b3ca10a455116c3df2d5432
wqp,wqp:21SC60WQ_WQX-SV-236,2000-01,ANFIS-T-no-current,2133,0a6e63768a1e97911700d50463e72d2ae284fdf9fa39224b58844bed497cfcbe
wqp,wqp:21SC60WQ_WQX-SV-338,2009-04,ANFIS-T-no-current,2133,0a70baab625c9eda3c4428f9cc2e82634756c4868b4b1783946d60aaa21d8c29
wqp,wqp:21FLORAN_WQX-BC9,2015-11,ANFIS-T-no-current,2133,0a723e05d5ffb20304efb5a1b16d617494b7d1eea00e79d2b90a486cd0bd3e83
wqp,wqp:21FLCBA_WQX-WAL-DEER-1,2017-03,ANFIS-T-no-current,2133,0a76976542ef6ce81f95474d9382ae8a44fecaa35864da7faeec1234643b3e9b
wqp,wqp:CPNWATER-WW#3,2014-04,ANFIS-T-no-current,2133,0a7746775959625fd1508a38a6c788abd46c11c8853681e4fc702255f7cca767
wqp,wqp:21FLSFWM-D02,1990-01,ANFIS-T-no-current,2133,0a796ca4fd1a7d15bb09c5ab0e393a6638876ea3696e9928b5261c514892bc0d
wqp,wqp:MNPCA-62-0054-00-101,2003-07,ANFIS-T-no-current,2133,0a7a89b5f77e0e404e180ebe5fc7d07d605437383741d7d1dd0cd6d68b4cd941
wqp,wqp:21FLSFWM-E02,2000-04,ANFIS-T-no-current,2133,0a7adde75fce7348d804699df22f4e8cf7a5c9ea25df7196739bb6427e07d6f6
wqp,wqp:MNPCA-82-0046-00-203,1993-07,ANFIS-T-no-current,2133,0a7c62d01f36eb236194a65318272dd6323f08c63723696f05fd4a9a795094cb
wqp,wqp:21FLSFWM-C01,1982-11,ANFIS-T-no-current,2133,0a7c90f2ef3b679993c3dd1d6e8b5c3c35d575beaa22e418f4440d2219ef506c
wqp,wqp:21SC60WQ_WQX-SV-363,2006-11,ANFIS-T-no-current,2133,0a7d4d0bf8e4079cc7282576597533d82d86fbe41dcad2792e347c85802f097f
wqp,wqp:MNPCA-10-0048-00-201,2017-05,ANFIS-T-no-current,2133,0a7e0ac4faf1a9bc499f73ce89f720a0378f6478624d7f196e60a6331e50b706
wqp,wqp:21DELAWQ_WQX-208181,2006-09,ANFIS-T-no-current,2133,0a7ee7158fabef15ea787b351b15e337f6a0878863c7d48b172aac21d399bc6f
wqp,wqp:21DELAWQ_WQX-205181,2003-10,ANFIS-T-no-current,2133,0a85f17dd0e04b757a77c9a367b2059a54966530f33f3dd745e210af526bf663
wqp,wqp:21FLORAN_WQX-CC9,2007-09,ANFIS-T-no-current,2133,0a861b6fe205eb783b8b1e56dd96e72c0f758b823e4e9b737c39f2d14e07d0fd
wqp,wqp:USGS-07049690,1982-10,ANFIS-T-no-current,2133,0a8707944b09209bd158563c40acea95130c3095e2a7f975b3f12b5bd5bca81d
wqp,wqp:21FLSJWM_WQX-44592,2017-04,ANFIS-T-no-current,2133,0a88088fd1da84997b22e7674c5460f1c8d15c95b4d3d53ac1ff2a60494fe47f
wqp,wqp:21NC03WQ-CPF086C,2009-11,ANFIS-T-no-current,2133,0a89a611fadb141734c77e7b7e730ca955d72710e0219afc82745075fabbbbe9
wqp,wqp:21DELAWQ_WQX-109191,2016-12,ANFIS-T-no-current,2133,0a8b2201efbcbfb1bc8efd7e4eef73afc70d5559ec4e09e57886eed88c5ea084
wqp,wqp:21DELAWQ_WQX-108111,2008-03,ANFIS-T-no-current,2133,0a8de51fdd975c7652ec49f1fa8a684e638a4d8dd9eb15bf9d0289e4c550d4b7
wqp,wqp:21FLSFWM-POLE3S,2009-02,ANFIS-T-no-current,2133,0a8e243d1f175901d605a9a72c85a63e96ebd960f4dd7ddca00db7bb783032c2
wqp,wqp:21GAEPD_WQX-LK_12_4048,1995-07,ANFIS-T-no-current,2133,0a8e9d50204af7d3fa84b6bb8b2201ce29d27ca9bc060f74a260a34615683e00
wqp,wqp:21NC03WQ-CPF081A1C,2017-10,ANFIS-T-no-current,2133,0a910d9275fc5ce8379b339d547061ac46ffe68051bad592ccf2b62bc52b4c4e
wqp,wqp:USGS-07049690,2001-04,ANFIS-T-no-current,2133,0a92a566b4e57b6d59139e4575c867569e0f8c4330184de1395e51c5d1d0460f
wqp,wqp:21FLORAN_WQX-CC13,2012-06,ANFIS-T-no-current,2133,0a92c486d052320bdb4a25425932f54653c28b0642da874a670ef4f31354f321
wqp,wqp:21FLSFWM-KISSR0.0,2003-10,ANFIS-T-no-current,2133,0a9390b6d61293d42ba95d977dcbcf9cffe5711468f63917b815a413a451e4c3
wqp,wqp:21FLORAN_WQX-CC13,2013-11,ANFIS-T-no-current,2133,0a93bd2491a20a90a3d4e623898f0395c8067dbe5f745ed9d25f8092d40af777
wqp,wqp:21SC60WQ_WQX-B-339,2011-11,ANFIS-T-no-current,2133,0a96313f09bb0ef32f8d5d7f3c1ca79763ac094dce0d81fa571954a8b347af1e
wqp,wqp:21FLSWFD_WQX-23588,2008-06,ANFIS-T-no-current,2133,0a96715c6d6a56c973a5260afed840dd3b2826849fba03b2ba899691211b44d9
wqp,wqp:21FLCOLL_WQX-LKTRAF4,1997-09,ANFIS-T-no-current,2133,0a9b2dbff8c1fae382344a07894ac5e283e061cc84f1afe22d97454460ba3f70
wqp,wqp:21FLSJWM_WQX-44494,2017-12,ANFIS-T-no-current,2133,0a9b7b664197e97302668358752f6dd4a4217b04172130c92e7d1573d89f2c06
wqp,wqp:USGS-07049200,2008-06,ANFIS-T-no-current,2133,0a9c81e162861ea429c86d12e743dfca29d136b50b191e762045430506c8876b
wqp,wqp:21NC03WQ-CPF086F,2017-02,ANFIS-T-no-current,2133,0a9cfef27ceefc8793b29ac617efec154612390abefc00598bcafabdf53c67b0
wqp,wqp:21FLCOLL_WQX-LKTRAF4,2014-03,ANFIS-T-no-current,2133,0a9dd2378bc16ef86f064e6c4dab5600a6784e736343cf2df418ebc873dcdd2c
wqp,wqp:MNPCA-62-0055-00-201,1984-03,ANFIS-T-no-current,2133,0aa33de7f390dfca315dbf65f79ce66087f6a63ae36a4e4440cc9b803edebf45
wqp,wqp:21SC60WQ_WQX-S-024,2014-10,ANFIS-T-no-current,2133,0aa39e6f520bb5b57cd9b4b5a4b73cd292d43139158cbfc77b61b9f733bf878d
wqp,wqp:21FLSEM_WQX-SPR,2016-04,ANFIS-T-no-current,2133,0aa4a6dd5a045609d8e93788bb0a409b82c50c81a445f2cd38b66c333475332a
wqp,wqp:21FLSFWM-L004,1996-04,ANFIS-T-no-current,2133,0aab9022df02e5ced8f1b4882bc3f252a50f13cd2929c0204dad0f50c7f32dc0
wqp,wqp:21FLSFWM-L001,1993-07,ANFIS-T-no-current,2133,0aac0237fc0b12a2310d539698d8f9ffbb1dde7c417b4db98c76c4cfd2fdea59
wqp,wqp:USGS-01201700,1974-09,ANFIS-T-no-current,2133,0aacfd25e9c3704a9edfa3e108b3bf419edfac0633df067d5d9d452e13421bd7
wqp,wqp:21FLSWFD_WQX-23438,2016-09,ANFIS-T-no-current,2133,0aad6b33f8e7535b31061185d8ec6b31543c47419b5e9f007c223d828a43d655
wqp,wqp:CPNWATER-WW#3,2017-08,ANFIS-T-no-current,2133,0aae7cc2a66580325f247546e7417d473830d3d9d2bf209378dd03cf6163597b
wqp,wqp:USGS-07049690,1986-07,ANFIS-T-no-current,2133,0ab0a91e05177c53f80e4578769adc0d6c3a1f5a5dc67675ea86aa4cf3afd8f2
wqp,wqp:21NC03WQ-CPF055D,2016-06,ANFIS-T-no-current,2133,0ab1586c4d26eca51cac48fa7c0646316bd1aa044b156be4c3f393e876a108e9
wqp,wqp:CAPECRD_WQX-290,2016-10,ANFIS-T-no-current,2133,0ab1d23bbe1f76b87e5c354e6bdaec3b7c3d665740b47e462ae38a48fd77ac9c
wqp,wqp:21DELAWQ_WQX-308071,2002-07,ANFIS-T-no-current,2133,0ab4aed53c736704af19022748d79f74eed3af195fcea3ae4725c8b9a4b2cdda
wqp,wqp:21FLSFWM-RITAWEST,2009-01,ANFIS-T-no-current,2133,0ab737c1558acaceb14d37ebc15d76e4fef176793630bc20f146e84080f0923b
wqp,wqp:21NC03WQ-CPF055D,2016-01,ANFIS-T-no-current,2133,0ab828a8efa226f6e147228b1f396ee908c3023b7a78bd53ee86ab5a402c78d2
wqp,wqp:21NC03WQ-NEU019E,2017-05,ANFIS-T-no-current,2133,0ab90286bf61a04b2dc447e30be43ef684cac998a2f89c145c13b7ca4158ffce
wqp,wqp:21FLSEM_WQX-SPR,2014-08,ANFIS-T-no-current,2133,0ab920c44d9697c5b30ae45e63aa5fa2bb24f6f4628c2ad8596c14878de965b0
wqp,wqp:CAPECRD_WQX-262,2004-08,ANFIS-T-no-current,2133,0ac36c038fa123131c3195afc84a992ee58ead779d8a5de5fc0a9f99a5180c8d
wqp,wqp:21DELAWQ_WQX-308071,2015-04,ANFIS-T-no-current,2133,0ac7cacf28e28d05f41734f9041d53ddd4c6ce0076e6bbeba6b67b000b361adf
wqp,wqp:21DELAWQ_WQX-109131,2011-02,ANFIS-T-no-current,2133,0acd41db461bf34055c04b1e2bf8be0a25f07a62e8a343ad233a208010ef7457
wqp,wqp:21SC60WQ_WQX-SV-236,2017-06,ANFIS-T-no-current,2133,0acdb68219315874419aa92fd94ab4aaf4db4c9621e8800cdb7c1f6d8662cabd
wqp,wqp:21FLSFWM-L003,2002-10,ANFIS-T-no-current,2133,0acf342ca553e7db8b5b571cc094dde325b1dc86f798215e54924f51f3512c29
wqp,wqp:CAPECRD_WQX-280,2004-11,ANFIS-T-no-current,2133,0acff30c66a258f1ccebec396b7eccd1c81276c859bccfdc6effc0470851240f
wqp,wqp:21FLSFWM-L001,1979-04,ANFIS-T-no-current,2133,0ad207e92835be3a9044c242bd4b25fa8de4fdc120d7719ac4f4a56a31d9ed4e
wqp,wqp:LAKELAND_WQX-LH8,2009-07,ANFIS-T-no-current,2133,0ad3bb7fc55b9e9bb122bcbe302644658294b641069c4ecb234fa7e1d8b97c67
wqp,wqp:21DELAWQ_WQX-307011,2009-03,ANFIS-T-no-current,2133,0ad5a251e9b1eb9c9bd4b6a8e8cbcaa7b5ebb735d0399444e3cf76e50e6fd928
wqp,wqp:AZDEQ_SW-32,2012-09,ANFIS-T-no-current,2133,0adbdb6c0af577e1e0743468b23e878baf91d591247b86238615c13f4be9a6fa
wqp,wqp:21FLSJWM_WQX-44645,2018-07,ANFIS-T-no-current,2133,0ae11baabff59c2beeccbe9d93cba78ee3635c25a1e695a4842e81ed5ee19fb2
wqp,wqp:21SC60WQ_WQX-S-022,2014-02,ANFIS-T-no-current,2133,0ae1dc987dd58af6fa9d01eaffb89e137deeb21cf9da5cf25bfb650690b1a0ec
wqp,wqp:21FLSFWM-POLESOUT,1991-07,ANFIS-T-no-current,2133,0aea0b7aca2918e7cc2fe8fe91d17b78b1c99b304c9b300cd488ea3fb2880178
wqp,wqp:LAKELAND_WQX-LH20,2009-05,ANFIS-T-no-current,2133,0aea5b8629959885fc133b5a335877fbd62fd4d8949af98e22bb180b94ab4204
wqp,wqp:21FLSFWM-E02,1997-12,ANFIS-T-no-current,2133,0aead49bcf2a386179c1b484689cdbc92d93503a48f5ae3f8819c98b8259e3a5
wqp,wqp:MNPCA-62-0054-00-101,1985-06,ANFIS-T-no-current,2133,0aeccf7e28db4fb9a960d73ba62e1a235dd02d469dfe13ea20597e62fae6a541
wqp,wqp:21SC60WQ_WQX-SV-268,2017-12,ANFIS-T-no-current,2133,0af68e3c3a0f59e25f742a5aacdfd001614375b65093adb8603074e3884edbc4
wqp,wqp:21DELAWQ_WQX-303331,2015-06,ANFIS-T-no-current,2133,0af789728904bc4fa94de670fd5a5f59f9e4dfc0fa7a03aa3b477e1ba5258b9c
wqp,wqp:21FLLCPC_WQX-YALE,2013-12,ANFIS-T-no-current,2133,0af8542277553bc2f40322772f65ab8e55851f421f8f6128f256bed46a500ad7
wqp,wqp:21SC60WQ_WQX-PD-327,2009-06,ANFIS-T-no-current,2133,0afd634d56296ac6c0c550afe34e9c770c48d53bc1ea9f9def5b75fe3faac258
wqp,wqp:21SC60WQ_WQX-CL-019,2004-12,ANFIS-T-no-current,2133,0afe6adacc906c9b90ccc60524e3654ce734e3db81fdfd98cd3382ad5d89edca
wqp,wqp:21FLSFWM-L001,1986-02,ANFIS-T-no-current,2133,0b0209933616305b983c56a85fb8cabcedbe92e6691a2a7c11cc112d41f9de74
wqp,wqp:USGS-423556088365001,1999-08,ANFIS-T-no-current,2133,0b03177139fc3bb7c238df6464dc00abc768289cf3cd584b13d035fb69b744c2
wqp,wqp:21FLSFWM-L003,1983-03,ANFIS-T-no-current,2133,0b054eb76add0d2174b0b4e46c4e2aa902300ed49011fd6fd80a686ae2639320
wqp,wqp:MNPCA-62-0054-00-101,2006-05,ANFIS-T-no-current,2133,0b063c359eb0148fa0c2503db51bc66743c94974bb1d7aedcddeece7f7cccef9
wqp,wqp:21SC60WQ_WQX-S-308,2016-08,ANFIS-T-no-current,2133,0b0a46d6bfb0f4aa2d15d72da0c1046d8fe3a29c5be21508629e1babf8e18a98
wqp,wqp:21FLSFWM-C03,1993-08,ANFIS-T-no-current,2133,0b0f209a773556eeecd8ee596e9d1ea47d1af3dd8a764c7aaf99b91fa9470de1
wqp,wqp:USGS-423556088365001,2000-05,ANFIS-T-no-current,2133,0b0f676ddbf2fc6f3fb32e06095626af7af9ebe018adf81ad3c94bb830cdb05c
wqp,wqp:21FLSFWM-POLESOUT,1990-04,ANFIS-T-no-current,2133,0b0f9787fb8053931cbf7598f3f41d7f34768de25315149d941994038c7ea1ac
wqp,wqp:21SC60WQ_WQX-CL-019,2003-10,ANFIS-T-no-current,2133,0b1219236388d45add0d382aee7cd96082b1ff792d401f7c83abe5a9e34cf4f3
wqp,wqp:MNPCA-86-0252-02-207,1993-06,ANFIS-T-no-current,2133,0b136876912da70aaa3fef55b4c0087bbb378ea29c34ae84e4d56d7162e2cd54
wqp,wqp:21FLSWFD_WQX-23477,2008-01,ANFIS-T-no-current,2133,0b14e297a96bdf36567d27c9bc30a0709c79e5670adfcee1efc5eeea8daf2a02
wqp,wqp:MNPCA-62-0054-00-101,1998-09,ANFIS-T-no-current,2133,0b15244dc2241458d7ec67764ab29b807b0c5891f2d1013649f432f9dad8b21a
wqp,wqp:MNPCA-62-0007-00-203,1993-05,ANFIS-T-no-current,2133,0b1a318dddda8366e87e5efab806c3ff96d628a12723bd9448a61dddf2cf6f26
wqp,wqp:CAPECRD_WQX-280,2015-09,ANFIS-T-no-current,2133,0b1aa6efdebaaebd8542fb17e990b125907b39acd59076d5bb56d208b6af2b74
wqp,wqp:21FLLCPC_WQX-GREENWSH,2013-05,ANFIS-T-no-current,2133,0b2297103457b55c02a582cba67f3b223724d736ab405b6eb0d591b134637a18
wqp,wqp:21SC60WQ_WQX-CL-019,2002-03,ANFIS-T-no-current,2133,0b234ee8b97c7c43089bbc1765b08fb1a24badb314464fd24b38f4944134290e
wqp,wqp:21DELAWQ_WQX-205181,2008-05,ANFIS-T-no-current,2133,0b243ec4c9e1051c9377350c4b3320d633754b1a00c1358745d4b57b0e13fa54
wqp,wqp:21FLSFWM-POLESIN,1989-04,ANFIS-T-no-current,2133,0b24ddd2ae103867404dc7e673a63c3da0a719ed1948a02a629339e140e40c00
wqp,wqp:21FLSFWM-ISTK4,1994-07,ANFIS-T-no-current,2133,0b2aea7a0d5ec546fa4823bcf647770d1446432223c5a10fffe6873b5fe37f4d
wqp,wqp:21NC03WQ-CPF086C,2016-11,ANFIS-T-no-current,2133,0b2bcf96bcb7db1b1b8b477356f7dd11e4a56c4feede6732d5cc81ef9a5dd622
wqp,wqp:21FLSFWM-TIN13700,2005-03,ANFIS-T-no-current,2133,0b2cc5a8555f548485a6d315f5e75e825afa393cb96d55542a88639f378f9807
wqp,wqp:KAWNATON_WQX-KN-KL-004,2018-11,ANFIS-T-no-current,2133,0b2dbf928cb28711a0a6a5178f52df3e9e60b51615614e5cced998ef742a8edd
wqp,wqp:21FLSFWM-E04,1987-05,ANFIS-T-no-current,2133,0b2e0e230efeaea2a68487e1156abab1bb70e16f8577780c02bf7f3cbaf79194
wqp,wqp:MWRD_WQX-MILTON3P,2016-06,ANFIS-T-no-current,2133,0b327cb8862d7ae3163fc7aa9e37a4475b51118e8a9e093992382f297161349c
wqp,wqp:21SC60WQ_WQX-PD-327,2017-08,ANFIS-T-no-current,2133,0b365fd649e236f5be653b88a857a1fd65c36a6d7a2ae0ba3d66995a1c77fa30
wqp,wqp:21FLSFWM-RITAWEST,1997-05,ANFIS-T-no-current,2133,0b38b7cc0534fdf30fadf1c409678adb83e9f093ec96efaeda0935f91ccaacb5
wqp,wqp:21SC60WQ_WQX-CL-094,2008-01,ANFIS-T-no-current,2133,0b3aac73885854c9e03dd7a3566d9f03d5ed5099d12240364d9d6cdab7c245e3
wqp,wqp:MNPCA-86-0284-00-100,1982-12,ANFIS-T-no-current,2133,0b3c2f08bc4081111ab4b736dd7dde62d30afcfce941df3b6e7b1fccd97467cf
wqp,wqp:21FLSFWM-B06,1989-11,ANFIS-T-no-current,2133,0b3d6115b24133ca4eaf60c81148a9d7c3e41d3f4874a6b0a397bf0959461308
wqp,wqp:21FLSJWM_WQX-442129,2016-09,ANFIS-T-no-current,2133,0b3e6aafc759fcaba781aaed2efd292da2f95ed3b98a46baf467302b91230ec9
wqp,wqp:21DELAWQ_WQX-208181,2014-06,ANFIS-T-no-current,2133,0b48c097e40c6e829773ab1c496eecbf6d896936909460df61b29f8e378116e1
wqp,wqp:21SC60WQ_WQX-CW-033,2014-01,ANFIS-T-no-current,2133,0b48cddaf87129a4722eedc5277fef2417abf8bab6a78bf67fc0cec6b1e18f01
wqp,wqp:21FLSFWM-STAKEIN,1995-04,ANFIS-T-no-current,2133,0b4a826120c0891803b53867b2da4334a6073fd93927881491f48d57166274f3
wqp,wqp:MNPCA-62-0055-00-102,1987-08,ANFIS-T-no-current,2133,0b4a9669cc456ad7614a32cec9f79b2244ff6f7c51846acd2dac24de5a10d2f7
wqp,wqp:MNPCA-82-0046-00-203,2005-04,ANFIS-T-no-current,2133,0b4c274861f130fe46dfdb16b2506401970432b5a749474609bb80b7f685ad8e
wqp,wqp:MNPCA-62-0013-00-201,1982-02,ANFIS-T-no-current,2133,0b4c448cd76951418dc71eec8571c4804cf6ceaa793f8fb01cddcf7a5930e1f2
wqp,wqp:21SC60WQ_WQX-SV-335,2014-07,ANFIS-T-no-current,2133,0b4e624bc0c5ee9b13a056b31a83c08a76e99ca527ab31ed8a7145dcb4b16cea
wqp,wqp:21FLSFWM-B07,1982-07,ANFIS-T-no-current,2133,0b552222ddc3827ec612a11c500508d44a54efb3043b1d0b0ad88e0383ac7976
wqp,wqp:21FLSWFD_WQX-23477,2012-03,ANFIS-T-no-current,2133,0b5a226311f36943f68f83ae8e69c3e8cca7d4a6253c95fadd3211a2a3074aad
wqp,wqp:21NC03WQ-YAD169A,2011-05,ANFIS-T-no-current,2133,0b5bf05b390d77d8d369f2e28bf03db8523e66e14aeecef32dc6ca1488a38e4b
wqp,wqp:21FLSFWM-PALMMID,1989-11,ANFIS-T-no-current,2133,0b5dcbf936f40206ea2b7bba8d98f8f0d741d39dfc3318cc9fd01a1fc6e72af8
wqp,wqp:21SC60WQ_WQX-SV-338,2005-05,ANFIS-T-no-current,2133,0b65c7e29d2b00d07f4dc684236add0588a8eb2384e57cd464ef735a100864af
wqp,wqp:21FLORAN_WQX-BC11,2008-07,ANFIS-T-no-current,2133,0b68431b10afaae0be344589d08e8dd0d04242a7df4f0b38e2af802b55d766c7
wqp,wqp:MTWTRSHD_WQX-GTOWN-LK-01,2011-01,ANFIS-T-no-current,2133,0b692ad5dbd6c23e045c502fb6a2fd12ed2a1aba66d2c61d6c6c34bececc862a
wqp,wqp:MNPCA-86-0284-00-100,1986-06,ANFIS-T-no-current,2133,0b6976576296934727037a30e756dd8742a37d1f67f19d33568fcc97b8cb603c
wqp,wqp:CAPECRD_WQX-290,2006-12,ANFIS-T-no-current,2133,0b69d5c42bac5fcc9db054e061463b05dd25184519d68b8bc63e9a770bc4ce7b
wqp,wqp:21FLSFWM-C03,1992-04,ANFIS-T-no-current,2133,0b6e8f4cbcf1a4d44c5cb07dc8995e50d9d4fb7bc6cf106ffaf82f4676291272
wqp,wqp:21SC60WQ_WQX-CL-019,2014-07,ANFIS-T-no-current,2133,0b6ef62c6a30be18ef961c51e4c6ec89bc0402077e3d51d5569f6349f19b0762
wqp,wqp:21SC60WQ_WQX-B-339,2004-11,ANFIS-T-no-current,2133,0b6f9fe3e244daa8dd0cc2119461a366ad24d9ee5377a3edf76273899e9e4dab
wqp,wqp:USGS-07049690,1976-02,ANFIS-T-no-current,2133,0b6fb51e84cb0f377db5d9a6c48286306573497f42430bb6623941b16b00aa31
wqp,wqp:21FLSFWM-MH32000,2006-01,ANFIS-T-no-current,2133,0b704cdb48bb42f7fa6a5b3fdc4201fec8a308125352838f9e391d1d5995d3ab
wqp,wqp:21SC60WQ_WQX-S-311,2017-09,ANFIS-T-no-current,2133,0b723b9e89f20d1e4c819a6ab64bda4341fb0b2c3e22a743fad081e407cb2a19
wqp,wqp:21NC03WQ-NEUELL10,2006-05,ANFIS-T-no-current,2133,0b72c2f9b5daf8da1825bb5defe4becb90fe51ed6d4459065e900bd0350ec84d
wqp,wqp:21FLSFWM-E04,1985-07,ANFIS-T-no-current,2133,0b748223718c7c2960a965dc2e62a1dd2bb245c593c49c9d6fac80de09224542
wqp,wqp:CAPECRD_WQX-262,1998-08,ANFIS-T-no-current,2133,0b74acb5a9dace14fbe55668332ec12c8aafa4ae461727f22e5f65b6c47b1e76
wqp,wqp:21FLSFWM-PALMIN,1995-08,ANFIS-T-no-current,2133,0b752362ff267cb974b18e36262d7637010d1724307bbe0ea42db045cb5a21aa
wqp,wqp:21FLSFWM-L006,1980-07,ANFIS-T-no-current,2133,0b76cd078f0266b940fd48e98e9c0a48a7422b2c6fe72813dc9b5a555843a4f8
wqp,wqp:21FLSFWM-PALMOUT,1998-10,ANFIS-T-no-current,2133,0b7d187b0f135e27e49d5c1f8b096d68370cc3ad6a5690a16f23290a01a99579
wqp,wqp:21SC60WQ_WQX-SV-339,2000-11,ANFIS-T-no-current,2133,0b7f109b9d684d8bb998383c7fd3968ef155bf75bd4fa5bc1bf89f7676d1bf56
wqp,wqp:MNPCA-86-0284-00-100,1983-09,ANFIS-T-no-current,2133,0b80f3fe869c06969e28967e9042a4b1d9505e22cef80ffe47f2b0beaea75978
wqp,wqp:21SC60WQ_WQX-CW-231,2017-01,ANFIS-T-no-current,2133,0b8258256a42600cf1af54ea1a3f6c186720dd40a4837b31dafc207338e4f3d2
wqp,wqp:AZDEQ_SW-32,2016-06,ANFIS-T-no-current,2133,0b85e0ae90f6e86941ce264354d0e3f3df38a1c5dd6dafd278e2ac111db49f79
wqp,wqp:USGS-07049690,2016-06,ANFIS-T-no-current,2133,0b8bc1f9fad788392213f43183f89ad0eb6fcb23a6b98f529d73b878dbbe1e42
wqp,wqp:21DELAWQ_WQX-109191,2011-06,ANFIS-T-no-current,2133,0b907ab80a0503d4216286280bf90fed2b2890b473b3057f56da3a5c22307f7c
wqp,wqp:MWRD_WQX-MILTON3P,2006-07,ANFIS-T-no-current,2133,0b916e427acf74f2275dec0a3c1ebcf471f2fc599fef5a41168ebe249b54c121
wqp,wqp:21FLORAN_WQX-CC22,2007-09,ANFIS-T-no-current,2133,0b92a536c57c65b9840d82c75449c9306cc87a566be6302f21f95a314c6bf054
wqp,wqp:21SC60WQ_WQX-SV-361,2006-06,ANFIS-T-no-current,2133,0b93c43043a6d1c5fce341f21749df1b26789e34339ad8278513b2e1e9c52466
wqp,wqp:21FLLCPC_WQX-IDAMERESSHDK,2014-03,ANFIS-T-no-current,2133,0b96cbc92098a271708432c755a86670dc32549eb75f2e007de30930d8619fef
wqp,wqp:USGS-07049690,1975-04,ANFIS-T-no-current,2133,0b9a124558223fab07e0741ccd770963b4981ba5d0f7ff33f87c93998bf535ef
wqp,wqp:21FLSFWM-B06,1984-01,ANFIS-T-no-current,2133,0b9d829e91b5e406784cf06d508d3224cb7d11f44bb1f5e17e9eb65cabba3f93
wqp,wqp:21FLORAN_WQX-CC22,2008-02,ANFIS-T-no-current,2133,0ba12c25ef6a6c6aab2d2e611f1cc8c4fc373067153cb1bfb3d8a8cc251d06a6
wqp,wqp:21NC03WQ-NEU019E,2015-12,ANFIS-T-no-current,2133,0ba230cae0df873c9cf3a3c53f722d26f9c31b82aa4018c147d8f8e9083639c2
wqp,wqp:21GAEPD_WQX-LK_12_4048,1993-10,ANFIS-T-no-current,2133,0ba4124626d6588458bf0baadf117cfa943fa70e592ffb6692142b357f08a6f9
wqp,wqp:MNPCA-62-0013-00-201,2005-05,ANFIS-T-no-current,2133,0ba89274fb9772f7635da6ff7baabab4831f314ab83bac9b6eabf22e2493bce3
wqp,wqp:21NC03WQ-CPF0880A,2006-02,ANFIS-T-no-current,2133,0ba895a75a61e5e27a6d0ea0361a244fb516d1439fb228ae2e069ea47777f5eb
wqp,wqp:KAWNATON_WQX-KN-KL-003,2014-09,ANFIS-T-no-current,2133,0baa8d6fedc3b96a5d049b99c5b838efba6b08f78097c85416b825a475fca001
wqp,wqp:21FLSFWM-LZ42,1994-10,ANFIS-T-no-current,2133,0babdb31beae215b0daed01c02177d4fe5b2827c8236d2ae10310c056a3656df
wqp,wqp:21FLSFWM-TIN13700,2005-12,ANFIS-T-no-current,2133,0bae537546285d0eae242384e75bfca4629b3fd68cb65200f277c8cd01d71488
wqp,wqp:USGS-072632992,2011-08,ANFIS-T-no-current,2133,0baf5e0e08087134c339d34f92608b9e23886e15cc473aaef8fe346c41e3f2ca
wqp,wqp:21FLSFWM-FEBIN,2006-04,ANFIS-T-no-current,2133,0bb113c7ed852ce118a03d1bf0279f4bd05f486ecaf400fb15723a99aa16649c
wqp,wqp:21FLSFWM-KBARMID,1996-06,ANFIS-T-no-current,2133,0bb47bafd68a76470910a02289a19cc6d47f04015ec4d67bb1b6ad8f7b9f24e0
wqp,wqp:21FLCOLL_WQX-LKTRAF1,2001-01,ANFIS-T-no-current,2133,0bb8b1119689e845ac4cefb5d1f0879ca194cb6d16d74c1572128b632119034b
wqp,wqp:CAPECRD_WQX-280,2018-04,ANFIS-T-no-current,2133,0bba7bc4163f5d4a108c5740614095d05cacd23f4aeac72377342d4573cb725c
wqp,wqp:21FLSFWM-L003,1983-12,ANFIS-T-no-current,2133,0bbb7564700d250faa07afb6727df26c6bc0c1948aa22523a900f98ccfce033e
wqp,wqp:21FLSFWM-MH16000,2003-04,ANFIS-T-no-current,2133,0bbe07af26c96b009a665d38ca11c652511aac653772e8fabe98e4105afaace3
wqp,wqp:21DELAWQ_WQX-206361,2018-01,ANFIS-T-no-current,2133,0bc054755e60dbce4f47f7d8114d90785508f5c74f206d4d09c5c384064cda52
wqp,wqp:21NC03WQ-CPF081A1C,2008-08,ANFIS-T-no-current,2133,0bc269b7214377993d6daedf3e02f25abba2978a99d20e9c6a599fff0583d780
wqp,wqp:21SC60WQ_WQX-SV-331,2018-10,ANFIS-T-no-current,2133,0bc38e0fa0ceec7e8e41e46e84d44e01673a32cd1f84931fcfaf965b678d8dc4
wqp,wqp:21SC60WQ_WQX-SV-236,2005-01,ANFIS-T-no-current,2133,0bc3db4d6ce57a8419305138f9a7cf4853fdc18afe40d2df87a36a6b5aab9154
wqp,wqp:21SC60WQ_WQX-CW-207,2000-07,ANFIS-T-no-current,2133,0bc41ee11c2516c4b5aa7e9e67f7efea91daee80000398fb1b070710d373f462
wqp,wqp:21NC03WQ-CPF086F,2011-01,ANFIS-T-no-current,2133,0bc92db6b0518d5bb79de55c7ffdbaa13b1e3848f044162330bc1015b7dff5a9
wqp,wqp:21DELAWQ_WQX-110011,2002-08,ANFIS-T-no-current,2133,0bcc3cbd77feb1557527c2d8bae95f73fbff5da56d9749c165dfcd4020efdf62
wqp,wqp:21FLSFWM-PLN2IN,1997-09,ANFIS-T-no-current,2133,0bccd3bdb8f5e1571fc0813c64b0d1808ccffac226005d6f9051ca62ed8340ef
wqp,wqp:21FLSFWM-L005,1983-09,ANFIS-T-no-current,2133,0bcd2178690ceb4a2e454ed901596b7e8303b218230bbe665bf32c5a8d1b12bb
wqp,wqp:21FLSFWM-L005,1994-04,ANFIS-T-no-current,2133,0bced1e6b359d1abf8a3b69a7e9860c3b927979a8eb495ac87ccf6d1a52b3461
wqp,wqp:21FLSFWM-LZ30,1991-07,ANFIS-T-no-current,2133,0bd0ec149f013d5b6091890e407f5f618a35cbc356e202e39a358b21697f7f63
wqp,wqp:21SC60WQ_WQX-S-310,2001-07,ANFIS-T-no-current,2133,0bd1fb9ec000bb841e9e2064744f69cc82835a99c251488f2c92878433eb0b4e
wqp,wqp:21FLSFWM-PALMIN,1994-01,ANFIS-T-no-current,2133,0bd205e1cc6049e9110be4588f3cb6652a347cb574a370083bce8e3c9e93314e
wqp,wqp:MNPCA-25-0001-00-215,1990-07,ANFIS-T-no-current,2133,0bd6a546d0ede4ebebf8a1e2a916964fb64d2a6ef01ab708f7604cfbeedd57a7
wqp,wqp:21FLSJWM_WQX-44645,2016-09,ANFIS-T-no-current,2133,0bd6bfd535fb3a1635ebccbfd36f0690eb3ddd2111c3aad286bc0429f0b68746
wqp,wqp:USGS-07049200,1990-01,ANFIS-T-no-current,2133,0bd6e56654c0ca4672f95c2b10a32b75551b94be63796dad91cd0e006f8c38b2
wqp,wqp:MNPCA-62-0055-00-102,1985-08,ANFIS-T-no-current,2133,0bd8f4ee293a7ef915a96efea2bcbfc9502161fe283e3b26e21eed4087e89372
wqp,wqp:21FLSFWM-TREENOUT,1994-10,ANFIS-T-no-current,2133,0bd9d4d3150e946ac56ad92bf9d08b95928a9e7d109dc571e2c39cb8a5c7580a
wqp,wqp:21FLSFWM-ISTK1,2006-11,ANFIS-T-no-current,2133,0bdd1878d27651ffe17e3d503b4f9dac06f75552f0eb55506c7c1f1dd9ac828a
wqp,wqp:21FLSFWM-LZ30,1988-11,ANFIS-T-no-current,2133,0bdd39f5f83ac4b25aaa7a8a43bb444c3eb36467982820cb1c42130f7b213026
wqp,wqp:21DELAWQ_WQX-303051,2006-08,ANFIS-T-no-current,2133,0bdd5d48c4ea801789657e2a194546d450f7d029e0c7b5025342c372193f14e1
wqp,wqp:CAPECRD_WQX-262,2007-03,ANFIS-T-no-current,2133,0bdd8556e4b6c2072b8680b99074dfb1632e7a8c0c6079d37e4209d35b55855c
wqp,wqp:MNPCA-82-0046-00-203,1984-07,ANFIS-T-no-current,2133,0bdd97562329df330ffae3706186acec613c49e640872b349b976435d3f1f0cd
wqp,wqp:MNPCA-02-0075-02-203,2000-08,ANFIS-T-no-current,2133,0bded00bd038267311fa0ba2b22dc6eed00c043b2259fd2305e368aa529bcb32
wqp,wqp:21FLSFWM-B09,1993-08,ANFIS-T-no-current,2133,0bdf96bcbae3369e100ac886bdb69ea1cfbcbd5306db1f66d1bf1b78a72c9775
wqp,wqp:21FLSFWM-B09,1996-04,ANFIS-T-no-current,2133,0bdfc154867639f4cbd3dbc55433691faa6b3336953645ee846ff3e4afc754f1
wqp,wqp:21SC60WQ_WQX-SV-331,2018-09,ANFIS-T-no-current,2133,0be03b6af5e3d58ebfabe6b4add69aed62ee7883ec88e687602a968ca1895dd1
wqp,wqp:USGS-423556088365001,2018-05,ANFIS-T-no-current,2133,0be19f82197c6b1fde74ddbfb6444fc9ca7c37cd78d61c4601a38a932b2721f9
wqp,wqp:CAPECRD_WQX-280,2005-09,ANFIS-T-no-current,2133,0be1c46f1880032983e252dea83975c04539da237784d4cadb0e82ee5e91952c
wqp,wqp:21FLSWFD_WQX-23477,2008-09,ANFIS-T-no-current,2133,0be466d112ff191f81b265236fe9573b259025aa30c28d6f8834b94dbbf918d7
wqp,wqp:21AWIC-23,2017-02,ANFIS-T-no-current,2133,0be4fa1d7a15705d0a3c02c45946a487350228d3ba22dc235938d98fcbb5eaa5
wqp,wqp:21FLSFWM-POLE3S,1996-03,ANFIS-T-no-current,2133,0be55360870e742414581202f5ad8989673ae171fbce7ff003d5f192ef042ecb
wqp,wqp:21FLCBA_WQX-WAL-CAMPBELL-2,2018-09,ANFIS-T-no-current,2133,0be5e695f41235a62adb3d9f99ec9ae4d341b9358711419e4c040f29d2b6a55f
wqp,wqp:21DELAWQ_WQX-205181,2016-08,ANFIS-T-no-current,2133,0be616ffec5daf00dcef3701cb15fd3ae92d3d5344b7bce8a9da2c57f46a1fcc
wqp,wqp:21SC60WQ_WQX-SV-357,2000-12,ANFIS-T-no-current,2133,0beb95c5099175e1017e188a14aba60172a35cbc3ca9c174128cc3755bf4ec64
wqp,wqp:21FLSFWM-TINMID,1989-07,ANFIS-T-no-current,2133,0bee58076649c597c24d9c6baeca8d4177c202a7ecbf18d8af9ef071edff924c
wqp,wqp:21SC60WQ_WQX-S-223,2005-03,ANFIS-T-no-current,2133,0bf0e6735416241afe07154804584ea6d6a0b3796141fe26f644f76bb1360ef1
wqp,wqp:MWRD_WQX-MILTON3P,2007-08,ANFIS-T-no-current,2133,0bf1235ba2ee6835d2f3df06b7ff6dd6840614d0feebf94ca03086f66cf2f0f2
wqp,wqp:21FLSFWM-PALMOUT,2006-11,ANFIS-T-no-current,2133,0bf18df371da48f9f13ce33309c28ec40db93714fee5f8151c950f22b34bd919
wqp,wqp:MNPCA-73-0014-00-100,1981-06,ANFIS-T-no-current,2133,0bf59c87412e6cc71cf99d758c68d1d307432cc37a1bdbfda72dc69085f9bed7
wqp,wqp:USGS-294643095035200,2018-09,ANFIS-T-no-current,2133,0bf5f41aa227da9136ca1e5ab1cecf36419123d7bb4c39197a0cdfea8a935a8d
wqp,wqp:21DELAWQ_WQX-303051,2006-07,ANFIS-T-no-current,2133,0bfb2ca4cfdd5d8141fcf6a7878ddc903419e9d0278be21612327108a478feaf
wqp,wqp:MNPCA-86-0297-00-201,2014-06,ANFIS-T-no-current,2133,0bfb4548809e0f0e68a858a881362e5f51cc3e5de3dbfcc4cdb381d88783266d
wqp,wqp:LAKELAND_WQX-LH29,2009-10,ANFIS-T-no-current,2133,0bfe0292616b2fcfcce6c84172065ee65d2e0268dcc7f1792187d4255c135018
wqp,wqp:21FLSFWM-STAKEMID,1994-07,ANFIS-T-no-current,2133,0bfe8437215f567b1cded2d70977d2b5c3f097b4ed26d17b9ab2dd82e87e5473
wqp,wqp:21FLSFWM-FEBIN,1999-02,ANFIS-T-no-current,2133,0bff87de998ba9ce65f17148cc9fb4edb59460adda5085a799e3c238ffb53def
wqp,wqp:21FLSFWM-E04,1988-01,ANFIS-T-no-current,2133,0c004678bf2f32fce36f855c737fc2531b7c49af8fbdd2d7e4c4d97ca6b042be
wqp,wqp:21FLSFWM-KBAROUT,1995-07,ANFIS-T-no-current,2133,0c04f91f823d402b9fddeb85fda8d9e847ff815194b6b9fe56a326b94da75446
wqp,wqp:21FLSFWM-L004,1988-11,ANFIS-T-no-current,2133,0c0506bd77f3f03224ee365492e2a53ae7dc8ca1c0c50b7d6bb4e80de22bcf29
wqp,wqp:21FLSFWM-A03,1992-12,ANFIS-T-no-current,2133,0c078dd5dd53abc5452a8dbec32d77ae73058b79a309616ab7fd53bd9f6a2235
wqp,wqp:21FLSFWM-B06,1993-06,ANFIS-T-no-current,2133,0c08917c9417faa664a5c7c642575dea8aa54c08373a9bb3f86fb9cc1d66ee63
wqp,wqp:21FLSFWM-KISSR0.0,1995-10,ANFIS-T-no-current,2133,0c089ee9a8725feb042caac3107656359ca00854a869a408bd659fdaa6a221b4
wqp,wqp:21FLSFWM-PALMOUT,1987-09,ANFIS-T-no-current,2133,0c08a7f9b80014d372c5ca16638439a4d80fb316847c6047f587e2e68b7b0e6f
wqp,wqp:MNPCA-86-0284-00-100,1988-04,ANFIS-T-no-current,2133,0c098bf038099f840274c9598a4615da3d13ecbdfd02e712d6f9f0d1804c6901
wqp,wqp:USGS-423526088380101,1991-08,ANFIS-T-no-current,2133,0c09b756c44cdf9e3222f08b70b33194ba469b691a40ecddf445a8b480670085
wqp,wqp:21FLORAN_WQX-CC17,2015-10,ANFIS-T-no-current,2133,0c0afa839acbed9f59359530fc422841a6a1426655b5077fa2e06c2e2957fec8
wqp,wqp:AZDEQ_SW-33,2016-04,ANFIS-T-no-current,2133,0c0d34a2ce598f187c975a27f27eaca571251fdd1aa86f771723bd8611fa7022
wqp,wqp:USGS-07049187,2011-06,ANFIS-T-no-current,2133,0c0e00f06e4b4c732ea526491d48ed87c88b67ba28b80d24896b6072433a730e
wqp,wqp:21FLCBA_WQX-WAL-CAMPBELL-1,2017-10,ANFIS-T-no-current,2133,0c133f3258f28042eb28cb11cb1fef3b37f0245fe691cbd8ee48725a8a1653dd
wqp,wqp:21SC60WQ_WQX-CL-089,2009-09,ANFIS-T-no-current,2133,0c1461ce34a70fac944cbb989ca3688adf0541a099e44f8ff02e61b66b7a3a87
wqp,wqp:21SC60WQ_WQX-SV-338,2004-06,ANFIS-T-no-current,2133,0c17ad1db21dc9ed8e094bf91e3eea7327ec27d6c2d73305a34f7f2518bc422d
wqp,wqp:21SC60WQ_WQX-ST-032,2000-01,ANFIS-T-no-current,2133,0c1892c5ff2f11308fa2689afba18e131a915ca726691ec466cfea5ab9371794
wqp,wqp:21FLSFWM-E04,1997-10,ANFIS-T-no-current,2133,0c191ba39406408639f7b51a3968c2c258aad989ab39082cbca6851feeeb460b
wqp,wqp:21DELAWQ_WQX-202021,2013-08,ANFIS-T-no-current,2133,0c19af48568ae19e460f3acbc1e087c6ebac6d9c325da05a70a0fc2752aafd54
wqp,wqp:21SC60WQ_WQX-SV-339,2001-06,ANFIS-T-no-current,2133,0c19cbbfdee27650fa2e9b05bc31556a93e5d0e3239cfaffd0a1bcf5332e264c
wqp,wqp:21SC60WQ_WQX-SV-361,2017-11,ANFIS-T-no-current,2133,0c1d04279101c50e9d6adf4e3a22d204dcdb66e3376495e89e1f43ff8ea5a5d7
wqp,wqp:MWRD_WQX-MILTON3P,2011-02,ANFIS-T-no-current,2133,0c1f618462fcd922f3bcd5fef78e5d9f999a70aea2c4d686e20cd935a90cd0be
wqp,wqp:MNPCA-10-0048-00-201,2016-04,ANFIS-T-no-current,2133,0c20137e6f55b6139d130178f283a77aaa63ba353edb9f423a57503b8c9a604f
wqp,wqp:21NC03WQ-CPF087B3,2016-09,ANFIS-T-no-current,2133,0c22da6f2b9a5b5f0da500a782541eab91cbb8eea505259060a950321e320866
wqp,wqp:21DELAWQ_WQX-206361,2004-08,ANFIS-T-no-current,2133,0c2599b7c3b7b131c9429cc2fe5345ab8e7da05d4e0ebadfc57edc08095d7a90
wqp,wqp:USGS-02207414,2003-01,ANFIS-T-no-current,2133,0c2669830b6fd98fda3fb1ebab9ba54b54b376bbafa83f26aec6ad6478db8315
wqp,wqp:MNPCA-62-0054-00-101,1988-03,ANFIS-T-no-current,2133,0c27fe29395e230a9e8661bfb37aa25625f30d465d23af046faf03b8b2336c02
wqp,wqp:MNPCA-10-0048-00-201,2014-09,ANFIS-T-no-current,2133,0c2df4fe8361bf4a3df63be0b7ee51270c8915a61b0e571fa0a964d8b9881c56
wqp,wqp:21FLSFWM-RITAWEST,1990-07,ANFIS-T-no-current,2133,0c2ec79241d078ef1ba6b69349ec9bebe09ca06e18931299d9c2e2bc18daa6da
wqp,wqp:USGS-02207414,2006-06,ANFIS-T-no-current,2133,0c2f4ef33a888e1b66f9a7d194d68cd6126d599ec895147300596bc2c3a202d7
wqp,wqp:USGS-07049690,2015-04,ANFIS-T-no-current,2133,0c2f52d51e43debf7e1ca0cccaff7b29e695c9753be84960abc7def7004ac808
wqp,wqp:21SC60WQ_WQX-B-327,2003-06,ANFIS-T-no-current,2133,0c2f5e7171dded766ea2a278dbd9ad5757ed89d86afd6abf9213c11cdebed33b
wqp,wqp:21FLSFWM-L001,1999-11,ANFIS-T-no-current,2133,0c316072a8ff8c25614889407d79b218a4df8f5e27c58f7804c3d41c08f7aede
wqp,wqp:MNPCA-73-0014-00-100,1982-01,ANFIS-T-no-current,2133,0c31ff41cc2f30ba1f5d6b7878aecf501fd6e6b6c535914f933282ec28ae8dbc
wqp,wqp:21FLSFWM-L003,1997-09,ANFIS-T-no-current,2133,0c32a9828970796abc98885d373cf34684e334ac67fc80c3700f0f95a5d35ccb
wqp,wqp:21FLSFWM-PALMOUT,2005-02,ANFIS-T-no-current,2133,0c33c80b3d4b10128e9c014b450d30a30e73f36b90bee2005e8a5f011d6c3c2d
wqp,wqp:CAPECRD_WQX-280,2017-10,ANFIS-T-no-current,2133,0c340ad6dc2c695cc5b8e1da53393424809e1046a86ef9d3a667c1ac334f0a28
wqp,wqp:21NC03WQ-CPF087D,2006-08,ANFIS-T-no-current,2133,0c35f335d8c4db0a3913717406e5ef269d78d7c14f3090229a63429df671a6ed
wqp,wqp:21SC60WQ_WQX-SV-357,2017-12,ANFIS-T-no-current,2133,0c38813d860d26b071aeac614f1e0badbb5884d1679ff9f6d44cbdc25065260e
wqp,wqp:21AWIC-81,2017-04,ANFIS-T-no-current,2133,0c38e5a11eb86d0e784846d0161055a5ce507c88e3c7e13d9dfdd33471516ced
wqp,wqp:CAPECRD_WQX-290,2006-10,ANFIS-T-no-current,2133,0c3abe99c908d42097bf74e8a913f6a1b305238e0c920e2bd2ea12ecda75acbf
wqp,wqp:21SC60WQ_WQX-PD-327,2005-09,ANFIS-T-no-current,2133,0c3bae7ea23ec4219e5b209eb02001a27f6d61f284ef831203d47890d5effd63
wqp,wqp:21DELAWQ_WQX-205211,2017-03,ANFIS-T-no-current,2133,0c3c92f34695a5e84db218296615ededb9c81cd3eecb24ef2637bde3c05e2c92
wqp,wqp:MNPCA-62-0054-00-101,2008-09,ANFIS-T-no-current,2133,0c3f7156b8ad97c53b63e8e4471063ba9912fdfbf0424c13fe02921fadfa407a
wqp,wqp:21FLSFWM-TREEIN,1987-03,ANFIS-T-no-current,2133,0c41523a71a353c5122d95cbcb1f1bf02661fc2b5010f0b42fc454f2d3645cdf
wqp,wqp:21SC60WQ_WQX-SV-268,2008-09,ANFIS-T-no-current,2133,0c45f71dd5ab407de58772ead9114b07e48167c292245e683349d2aff6854c3c
wqp,wqp:21DELAWQ_WQX-109031,2006-04,ANFIS-T-no-current,2133,0c47ed70fd2ba99af5f782c5fa31b5e5ef761a6d9241e13a7594c9b0ae9b1add
wqp,wqp:USGS-294607095042700,2018-02,ANFIS-T-no-current,2133,0c4ae5944103fd05ed4b5a4620d8ef28a959c6e971ea3630b7f9bd14e791c710
wqp,wqp:21FLSFWM-B08,1984-01,ANFIS-T-no-current,2133,0c4e4cddf3f6ce85b902e82f9b68174e4e849fb5c671794c7b6cb5484f013e79
wqp,wqp:CAPECRD_WQX-290,1998-10,ANFIS-T-no-current,2133,0c4f0fedb991e0592abfd858c1544a49e70474a6b362484ab867c9774f194377
wqp,wqp:LAKELAND_WQX-LH29,2009-08,ANFIS-T-no-current,2133,0c504ab5d5cf465c947ebf25be2dda26511531e9c93a0ba793aac0e061bbebea
wqp,wqp:21NC03WQ-CPF055C1,2015-11,ANFIS-T-no-current,2133,0c50c8de76ccb2c63966bcfc6419b875d7b0cf2eddcb60a9c54362cee8b1cb09
wqp,wqp:21FLSFWM-PALMMID,1992-03,ANFIS-T-no-current,2133,0c513d8b0e3cf25951b566288c04134f9bc0bc204974214edfecb6a2d80b52d3
wqp,wqp:21DELAWQ_WQX-202021,2008-08,ANFIS-T-no-current,2133,0c525447aafa3e6f8bbfed24c90b5b70e01b7e6062c742112365629df03799a2
wqp,wqp:21FLCBA_WQX-WAL-CAMPBELL-2,2018-05,ANFIS-T-no-current,2133,0c549dad5c7eb6a26342ae31450e82d85f90b81a04d3702e07f1159265dde88f
wqp,wqp:21NC03WQ-CPF081A1C,2013-11,ANFIS-T-no-current,2133,0c55bb8320c900c92d930cb8553225b29e1904009d8630df3ed0a748ea3c7e2a
wqp,wqp:KAWNATON_WQX-KN-KL-004,2017-10,ANFIS-T-no-current,2133,0c56278cbb98bc81842e081ef3bef693ed7298fca6e31ba319ce83aea244ff50
wqp,wqp:MNPCA-02-0075-01-204,1979-06,ANFIS-T-no-current,2133,0c56bcc9e746adbc2602313316ebf8ad512756eaeb610735a0e71af68cbf53b9
wqp,wqp:21FLORAN_WQX-BC7,2008-08,ANFIS-T-no-current,2133,0c570cf005dc4d2b25adffa056e2c44da4fc6b6630cab1ada29ddfbbffc5e3a6
wqp,wqp:21FLSFWM-L008,1994-04,ANFIS-T-no-current,2133,0c587615e096cbcd52b101fcf6abe52f792729500fea149d2659dcaeed252573
wqp,wqp:MNPCA-25-0001-00-261,1991-08,ANFIS-T-no-current,2133,0c58cced1b3f1ae60d2c15f6c45a58f6a4f2b8c5a3337d3338bc89b2b7feb508
wqp,wqp:MNPCA-47-0042-00-201,2001-07,ANFIS-T-no-current,2133,0c5997757d5bce7df7b7b82a74ac13997b6e4b399adff62ff3c975a1558879f4
wqp,wqp:21FLSFWM-PLN1OUT,1990-11,ANFIS-T-no-current,2133,0c5a425a6f4fe96b701d2dbe373759da1d8409a45200327fda5116d848a19f6d
wqp,wqp:21FLCBA_WQX-WAL-ALLEN-1,2017-02,ANFIS-T-no-current,2133,0c5d7028a10d849c6ccae43c9846ccf3d901cc573b5ce59b6cd26040977f2100
wqp,wqp:21FLSFWM-ISTK1,2008-11,ANFIS-T-no-current,2133,0c5de92affa7ae0b6e6afd4b5746af458035b19cdb168648ce030dbf82ca510b
wqp,wqp:KAWNATON_WQX-KN-KL-003,2009-12,ANFIS-T-no-current,2133,0c5fddea116c9215e63476ec7b15061bb78fb846e4e56e4d7ac3b1d3f4bd0b9c
wqp,wqp:21FLORAN_WQX-BC14S,2007-03,ANFIS-T-no-current,2133,0c612d6a8086928a3c4a4b9919220627700fd55f9d2b574a96ea55065c82d658
wqp,wqp:21SC60WQ_WQX-CL-019,2005-09,ANFIS-T-no-current,2133,0c6373a8e214f1cd24189afae42b34fbd93adfb17f3cf2f15f35b837fbd61510
wqp,wqp:21FLSFWM-PELMID,2008-09,ANFIS-T-no-current,2133,0c63f01b84520b436468278f84d58c3514b58015d6fa20707f7e558ce44fa278
wqp,wqp:21FLSWFD_WQX-23480,2008-05,ANFIS-T-no-current,2133,0c68d0b9dffc0f3c7e1ce46331fee2d383906da83fa3083b6635c42032dcde40
wqp,wqp:21DELAWQ_WQX-303331,2009-04,ANFIS-T-no-current,2133,0c6904203b071fcca46118fc444b70a44cbb140ddbc2ab8ae531d9b3a2b1205c
wqp,wqp:11NPSWRD_WQX-SLBE_PL_01,1994-11,ANFIS-T-no-current,2133,0c6bdb69b6de8aef93351b5166768f034086dcb7476e44c817201cac55f9f276
wqp,wqp:AZDEQ_SW-32,2013-02,ANFIS-T-no-current,2133,0c6c79c4b1e6f927b56e80e1c3875613a346a07af0139e2afb050b9218978b4a
wqp,wqp:21SC60WQ_WQX-CSTL-075,2008-08,ANFIS-T-no-current,2133,0c6e44d3d417766fc20a0b0d4a02146f72c138c16537ccbf06a8f2307f572cd4
wqp,wqp:21SC60WQ_WQX-CW-016F,2013-07,ANFIS-T-no-current,2133,0c6f04d24263de2346cc5888f84102088cb06b0ebeeefd51e0cd82549df417ae
wqp,wqp:21SC60WQ_WQX-CL-089,2015-10,ANFIS-T-no-current,2133,0c70d232012a5aa9ca2efac8957fff2f68d36f280f748339880f5d86ce6879a0
wqp,wqp:21FLSWFD_WQX-23113,2017-05,ANFIS-T-no-current,2133,0c71c04cdd10618a1f63b5923d00bf961d5d5559996dc4b51fd35976785a9c3a
wqp,wqp:MNPCA-47-0042-00-201,1997-08,ANFIS-T-no-current,2133,0c71db63377b11772c4ec55a80150e757dbe73685c7758f4693bc2fa86bd7487
wqp,wqp:21FLSFWM-L005,1985-07,ANFIS-T-no-current,2133,0c7328cf91b744c194d4e58da2a5998c061e36971d9958d8748adf40abd7d921
wqp,wqp:21FLSFWM-ISTK3,1996-07,ANFIS-T-no-current,2133,0c73ebb910b128e51b97205c67be86ae2f858c72bd9c9ddf2a9f74defae9bc60
wqp,wqp:21NC03WQ-CPF086F,2016-03,ANFIS-T-no-current,2133,0c74167793b2ba23254a9371b7908b5a909860890051546cd557596e4b112b54
wqp,wqp:21DELAWQ_WQX-208181,2007-09,ANFIS-T-no-current,2133,0c7929219057635d48f6b92224231889ce60eecb8f75a91b29b86b790aab0a81
wqp,wqp:21NC03WQ-LI01,2014-05,ANFIS-T-no-current,2133,0c7af730493d0fd8685fa24ba5bc0720793be5d964680d46fa657cdbab400a20
wqp,wqp:21NC03WQ-CPF087D,2005-12,ANFIS-T-no-current,2133,0c80fbb4a271be9bbdccbc364832231a50bfcedd70334420ffe3dc0fa8e08f57
wqp,wqp:21FLSFWM-E02,2002-04,ANFIS-T-no-current,2133,0c814ef301efeddaad99b51fc0f48c529cd3908806df2f1f5ad3bb81d7af3f59
wqp,wqp:21FLSFWM-TIN13700,2002-05,ANFIS-T-no-current,2133,0c8652f1581fb235a13c813d14e7731f29d91b8e8652eec43f6884c1f3c6a6c3
wqp,wqp:11NPSWRD_WQX-SLBE_PL_01,1991-06,ANFIS-T-no-current,2133,0c87a25f7532f51a6e8ce7664a4a9915a32466d8c34e4735671475d3e9dca39f
wqp,wqp:MNPCA-10-0048-00-201,2015-06,ANFIS-T-no-current,2133,0c8a98753a00d469129e1978e7049b7bb5911d708e6c177ae82b310df0b5ab9a
wqp,wqp:21FLSWFD_WQX-23479,2011-04,ANFIS-T-no-current,2133,0c8ae9cc7f32a53c0365285d728e6f477c7890718fe7d186228cd1c286bc3689
wqp,wqp:MNPCA-73-0014-00-100,1981-09,ANFIS-T-no-current,2133,0c922c1d6451a6c2eeeeb02c0e1710582c3f8e85a7d358a8f86605e8d941c807
wqp,wqp:OKWRB-LAKES_WQX-520710020020-01,2013-01,ANFIS-T-no-current,2133,0c92f40bccfbc1c1de0517acb1055b499985df87a3853978b246349e9a6c8919
wqp,wqp:21SC60WQ_WQX-SV-331,2003-09,ANFIS-T-no-current,2133,0c936c4e9f593336bbbbae22f19a25933ed0f5053f49b69a91c7e3a2e26829cb
wqp,wqp:MNPCA-86-0284-00-100,1983-07,ANFIS-T-no-current,2133,0c942af7597d06f5cc5eb7999ddaf7887c0a46f7ed0cdc9f5d79d360d6175e3f
wqp,wqp:CAPECRD_WQX-290,2008-06,ANFIS-T-no-current,2133,0c9922844f529dda8ea17abb7720edfe4195b20468982425a759fb93ca4649b3
wqp,wqp:21FLSFWM-B02,2008-03,ANFIS-T-no-current,2133,0c9b5ce56d4b69390d7957bc30f00469ef23c72e55c4a2d505a1af876ea34fb1
wqp,wqp:MNPCA-25-0001-00-215,1994-06,ANFIS-T-no-current,2133,0c9ba02c8bccf0e2977a8414fc210d876e05f0fa5904f7d8c9ad489e400ff85a
wqp,wqp:21FLSFWM-L001,1987-06,ANFIS-T-no-current,2133,0c9ce4c04c425d97fdb84e974a113339b34b14f41030f0649ce375922f55c221
wqp,wqp:21FLSFWM-L003,2003-05,ANFIS-T-no-current,2133,0c9e7ca180621cdf161c502a8a2afb02ba71e50eba0050262be7638b68d3b0e5
wqp,wqp:21SC60WQ_WQX-SV-338,2010-10,ANFIS-T-no-current,2133,0c9ea33c3189ef3e6209e01437c73121ebc444983511b929925254b4ac3292d7
wqp,wqp:21FLSFWM-L008,1978-01,ANFIS-T-no-current,2133,0ca2ed7cf21d0a80763887d119d39afda51ac03382e55cc0ee72578586bf697e
wqp,wqp:21FLORAN_WQX-CC13,2005-04,ANFIS-T-no-current,2133,0ca3d2af3662b55618e92e41658a85224301e964eedddee96914a547b2083442
wqp,wqp:USGS-07049690,2014-04,ANFIS-T-no-current,2133,0ca64b4be6ff404cbe6a30dada903c277f0f87fa2b1b1d4140e310e0c5ac7757
wqp,wqp:21SC60WQ_WQX-SV-268,2018-10,ANFIS-T-no-current,2133,0cac30b33768a9878ccd37935e32022809dcecf42a56a7d194fff41917c9b871
wqp,wqp:21FLSWFD_WQX-23389,2005-12,ANFIS-T-no-current,2133,0cad94b2878250fc614363d54ab2e539e094872e60d0dfe6f32a3175880a0df3
wqp,wqp:21FLSFWM-PELMID,2009-01,ANFIS-T-no-current,2133,0cb3ac5df9e025c514c24a246f55d18bc06db9d8772b772b92a50cf352aad839
wqp,wqp:MNPCA-62-0054-00-101,2018-05,ANFIS-T-no-current,2133,0cb48ac95bfd8abd36f8905d0c80b3de0951fd3ea92de380906026eebd6e2b97
wqp,wqp:21SC60WQ_WQX-SV-339,2000-01,ANFIS-T-no-current,2133,0cb77eed832d04ab595b345634f5ed00bb08be20739751914f41111d005ecdf1
wqp,wqp:21FLCOLL_WQX-LKTRAF1,2016-08,ANFIS-T-no-current,2133,0cbdce2ff8c41163c415db90035167ef2d705019ee974b3a7f4bc0d2b8d0a11f
wqp,wqp:21SC60WQ_WQX-SV-268,2016-08,ANFIS-T-no-current,2133,0cbfb3eccfb96b2cc87ef9d73bb227a40dea52afe1e09aae3938a1749593a1d3
wqp,wqp:21SC60WQ_WQX-CL-094,2003-02,ANFIS-T-no-current,2133,0cc0a803861253ffe0880503a31a90c15bbd439691608232cd3de2def7e0d539
wqp,wqp:21FLSFWM-D02,2004-04,ANFIS-T-no-current,2133,0cc4569f5d50a11dfc9c234e169e5f7688ea3347c27c9a69ddc8c90cf48bc6e1
wqp,wqp:21SC60WQ_WQX-SV-200,2004-02,ANFIS-T-no-current,2133,0cc55b21c2897c82f33c33dfdf21125d30497e20b4aceafa83e7beccd545ef1f
wqp,wqp:USGS-07263299,2013-01,ANFIS-T-no-current,2133,0cc8ae2f1574b399cede1d21b3cf02844707668d23322eb5badd8ff3063e47db
wqp,wqp:21SC60WQ_WQX-SV-098,2002-02,ANFIS-T-no-current,2133,0ccb7f98917b45d47434b96437ec94686a88b5fae5e5f9d6ba5689d038451cb0
wqp,wqp:21SC60WQ_WQX-PD-327,2007-05,ANFIS-T-no-current,2133,0cccfe9ad092353e504460a4f053a04a5e90fed2dd8615a96be8c069be935214
wqp,wqp:MNPCA-25-0001-00-225,1998-08,ANFIS-T-no-current,2133,0ccd90ae3a631472efb55e821fd93aa1008abd9cc77ef6a1a506ccc1f6aae2c9
wqp,wqp:21FLSFWM-D02,1987-06,ANFIS-T-no-current,2133,0cd1018b58b15c7cc1b10accf435a51b494a2894cfa1af812145ecc5fc323218
wqp,wqp:21FLSWFD_WQX-23479,2008-10,ANFIS-T-no-current,2133,0cd10887a689218433ddda5f97db61ee0cf3acdc7a97388cc4394c7f704ce04b
wqp,wqp:MNPCA-25-0001-00-247,1992-01,ANFIS-T-no-current,2133,0cd3804e74ac755f182e9705feefa61a0c4c04fe2f7c8ede1d03c45406fedfc0
wqp,wqp:CAPECRD_WQX-290,2000-02,ANFIS-T-no-current,2133,0cd90548e144ab52bdd79f90e6a924ff2eae99c786f938a84665c0ff7c633f09
wqp,wqp:KAWNATON_WQX-KN-KL-010,2018-10,ANFIS-T-no-current,2133,0cdc4f354dedd50d6fc5ede708c9bc57535e815384b2d792d99d3d41bc75e153
wqp,wqp:21FLSFWM-L006,2002-11,ANFIS-T-no-current,2133,0cdf7bed08d8e7f2f96a408a1af7003d994c778de32e362e948fd105599e187b
wqp,wqp:21FLSFWM-STAKEIN,1987-12,ANFIS-T-no-current,2133,0ce3512eba4d27699e2999bf8505684a755fb0ed55bc74329b7073ddd32e243a
wqp,wqp:21FLSWFD_WQX-23631,2012-12,ANFIS-T-no-current,2133,0ce63c0f848b179191de046d7ce21aeb1381ff4a2df8a5d998035358719623c6
wqp,wqp:MNPCA-47-0042-00-201,2015-09,ANFIS-T-no-current,2133,0ce70913c1b9c9971578ee536e2b9358eb572cf0f4d88ecfe2006ace26744a95
wqp,wqp:MWRD_WQX-BARR3P,2008-08,ANFIS-T-no-current,2133,0ce898c99c2e552ccec36dc50eb41b5c2dbd4e23911a73daaf1121ba40ce6c12
wqp,wqp:21DELAWQ_WQX-208211,2003-05,ANFIS-T-no-current,2133,0cea9b3c7a5640dee50fb89c73e5f7c060273f747977eb9cdb999941ee6f84a5
wqp,wqp:21FLSFWM-FEBIN,2006-03,ANFIS-T-no-current,2133,0ced355685a4d2685906dc2e20edefe5a719add547020bda7223b342400d99ff
wqp,wqp:MNPCA-62-0007-00-203,2018-06,ANFIS-T-no-current,2133,0cf0e3ede0ed6cd6303f313d3d1bb9968734ebaa2d27ad4e655c73968c1017f4
wqp,wqp:21FLSWFD_WQX-23113,2007-06,ANFIS-T-no-current,2133,0cf342988faa79cecad2c9579234f78e5eef93d194bb16502142851a431a0f74
wqp,wqp:MNPCA-10-0048-00-201,1983-08,ANFIS-T-no-current,2133,0cf45741bcd7c42def307752e8ec76d8c1b7c0f7e46c3f3a2f6d1393109a6a74
wqp,wqp:21SC60WQ_WQX-CL-089,2008-10,ANFIS-T-no-current,2133,0cf986283e6ae2991db8c800822ee33ea9dfb249e742e7b6623ff6828f96469f
wqp,wqp:AZDEQ_SW-33,2013-05,ANFIS-T-no-current,2133,0cff3bc3c899da288eb8669ebca38d55550bb1343a8beac0d300596d381f2049
wqp,wqp:21FLORAN_WQX-BC9,2014-04,ANFIS-T-no-current,2133,0d05639ce1e7c947d4298f6788888edf4802be6e138d758758f75db12381fa5a
wqp,wqp:21FLSFWM-E02,2002-06,ANFIS-T-no-current,2133,0d06dcf17dab31028482f048d7d1bbeb4776a6967bb0b0be1b8db58853a2fb60
wqp,wqp:21FLSFWM-KISSR0.0,2003-03,ANFIS-T-no-current,2133,0d0c48eff50f2812d75d77d7f38d4bccf1438815241691957b530901c19cfb69
wqp,wqp:21FLORAN_WQX-CC11,2005-02,ANFIS-T-no-current,2133,0d0d20b08996369831ce3a0074c4afc8468dcd4f829cff94d72bae72690c338b
wqp,wqp:21FLSFWM-ISTK4,1988-08,ANFIS-T-no-current,2133,0d0da7639771ce092821b44078dff5bacd44dd7b525d8120055c203d73c32b61
wqp,wqp:21FLSFWM-TREEIN,1989-11,ANFIS-T-no-current,2133,0d0e25cfb382f31ec6aaa198e6a8198b0fd3ebf5f8a8ec982e36b21891f2fd6e
wqp,wqp:USGS-07049187,2018-02,ANFIS-T-no-current,2133,0d11a0ccb6ac6ba6c8617786c4e81118d153fba132ca2ed674b578bf8cba1d43
wqp,wqp:21FLSFWM-B02,1993-03,ANFIS-T-no-current,2133,0d11a2fbd89c70a70eda1adee2b8df4b012e2fbfa1cca653100db774d6c8bb37
wqp,wqp:21NC03WQ-CPF055D,2016-04,ANFIS-T-no-current,2133,0d136facbf3eac0ab05c7a091499ff88e68210848a3776ca91e76fd85e43f790
wqp,wqp:21FLSFWM-PLN2MID,1995-08,ANFIS-T-no-current,2133,0d13c8b0c461c36f3959fdc093548a25a1ce1a09a339532cf3973eb570d8a166
wqp,wqp:21FLSFWM-KBAROUT,1988-07,ANFIS-T-no-current,2133,0d1a0e37f458d9dfcd9b4053287883a3c3958d8a941b272da67e5584db73e924
wqp,wqp:21DELAWQ_WQX-308071,2014-09,ANFIS-T-no-current,2133,0d1e2fe5fb9d452c43d27ed5fdbf82056be091a8d671145b958b5f5e7acb923b
wqp,wqp:USGS-07049187,2009-02,ANFIS-T-no-current,2133,0d1e9ef5eb8a81db5d5b77ef1760b18d35038755ed5f8fb3b1c1ea609b8a9b21
wqp,wqp:21FLSFWM-KISSR0.0,2000-08,ANFIS-T-no-current,2133,0d1ed61e2bbb1dc028e180585c414c9fa057681ec465c4da72f13ba184a11eb6
wqp,wqp:21SC60WQ_WQX-CSTL-075,2000-11,ANFIS-T-no-current,2133,0d1fc4deb19285747f5c638fc1d0329af6c4163359c6047c2ca9d2aeff47d7f0
wqp,wqp:21FLSFWM-D02,2006-10,ANFIS-T-no-current,2133,0d21e6c38b36cf078db01a2e22db59da4ecaaed4ef5df50d9ea0d55c541de8c3
wqp,wqp:21SC60WQ_WQX-SV-098,2005-10,ANFIS-T-no-current,2133,0d22184edd9a4b7db7d1daccf41cfecf449c2bf83391167f75f6a16aab157a78
wqp,wqp:21SC60WQ_WQX-CL-094,2001-12,ANFIS-T-no-current,2133,0d22593f0fc65d516a6d4aea16acc3c3e34d962ce368cdca080d1659883566da
wqp,wqp:21FLORAN_WQX-CC11,2006-11,ANFIS-T-no-current,2133,0d23b8ea2dc38926a64020a8c3717c1928ffabd7fe49c683320172d0eb9f7e56
wqp,wqp:21FLSFWM-E04,1985-10,ANFIS-T-no-current,2133,0d25e2a26c0973b1dbc83a6e49a84d5dc1f9e3a93e1501e0226f6907f578c616
wqp,wqp:21FLSWFD_WQX-23479,2008-06,ANFIS-T-no-current,2133,0d26365ba080ecef06688b2776a706a1723273d2821b7f5135806a73cfdb0cd5
wqp,wqp:21FLSFWM-L003,2009-01,ANFIS-T-no-current,2133,0d279d2969f95d99be6f01812010351defa930024e4fcdd8fdcbe7f3fba023bb
wqp,wqp:21FLSFWM-E02,1992-07,ANFIS-T-no-current,2133,0d2952822aed3cca4b1705523a8ddc605525fffa59cf966361a727ed881abb21
wqp,wqp:21FLSFWM-ISTK4,1992-09,ANFIS-T-no-current,2133,0d2ae9d5cd923239e0f20dd6564b7b4e6dd8029ba3e13856b33857937b57b35a
wqp,wqp:21FLSFWM-PLN4OUT,1997-04,ANFIS-T-no-current,2133,0d2b9eb65b362d6946a5447edc502da741f768a7a4fa32c21e1947dfa4f83bab
wqp,wqp:21SC60WQ_WQX-CW-016F,1999-08,ANFIS-T-no-current,2133,0d2bb793d83895346a0df7bfa9def955cda35342e149362efd4fb211cf451236
wqp,wqp:21FLSFWM-TREEIN,1989-12,ANFIS-T-no-current,2133,0d2bf6e3e9dfa37118850fe619351816842df5f963e36165733eb1ed959f2f34
wqp,wqp:21FLORAN_WQX-BC8,2007-04,ANFIS-T-no-current,2133,0d2c73540032432eefbb39b2e4596aaabaf24bb91cd13b86f041f4324be272d8
wqp,wqp:21FLSFWM-ISTK7,2007-01,ANFIS-T-no-current,2133,0d3007572d8066808e49fb2b16891192a452c01cd3e04fe1c787c976593c8bd7
wqp,wqp:21FLSFWM-ISTK7,1997-07,ANFIS-T-no-current,2133,0d30692971a49bb8fae720c0d3360e1bf10496911c56b9e95b3fc9b04101fb94
wqp,wqp:21FLSFWM-LZ42,2000-11,ANFIS-T-no-current,2133,0d315a1dbac59d88f248c1702f0c6797e067adf64cd03fce1c16188d57590875
wqp,wqp:21FLCBA_WQX-WAL-TRESCA-1,2017-02,ANFIS-T-no-current,2133,0d325d3dd4c4e709f1aaf8f07a7bd0e803cecc41a4455e074d179b1be4c606e8
wqp,wqp:CAPECRD_WQX-280,1999-09,ANFIS-T-no-current,2133,0d33711caf1c30a551a56deb6ac95b030f5c76ac77ecf4bc06f4258fc3b99152
wqp,wqp:21FLSFWM-KBARMID,1991-03,ANFIS-T-no-current,2133,0d3607737e6283a9d5cc1d01172a3cbe6b66c133a4e5125567180fe0afc99345
wqp,wqp:21FLSFWM-D02,1985-12,ANFIS-T-no-current,2133,0d392c4b019ac66743f4285949ad583dc8cd31060e65463d66d909d522c4f4f1
wqp,wqp:21SCSANT_WQX-SC-044,2016-06,ANFIS-T-no-current,2133,0d39eae9967a51d5504bc05266279ad7790452f92b36a69944b4aed9f28a43bb
wqp,wqp:21FLCBA_WQX-WAL-DEER-3,2018-06,ANFIS-T-no-current,2133,0d40ec5801b75f927edf095e601e10a85c8f4c8d926c0c78fa4f1686804eac5b
wqp,wqp:MNPCA-10-0042-00-401,2014-05,ANFIS-T-no-current,2133,0d42a3ec2b2be3b63a932d6e00edca5e0cc85d689e3003e4b09fc824dd2afabc
wqp,wqp:USGS-07049690,2013-01,ANFIS-T-no-current,2133,0d4312efc21c03e488447bd09ddcc31a01617ee112c57e04734e15ed2908ad29
wqp,wqp:MNPCA-25-0001-00-215,1996-12,ANFIS-T-no-current,2133,0d450c9cd6dc5abeec30a14c85bb8946eea3b613a685980bb82c06c1541a70fb
wqp,wqp:21DELAWQ_WQX-108111,2011-03,ANFIS-T-no-current,2133,0d49a2aa742d2f0578a0c954430f534d77adca457036bbe34325faa0cc6bd0a3
wqp,wqp:21SC60WQ_WQX-SV-268,2006-05,ANFIS-T-no-current,2133,0d4ed383ed826bea57f884176574738298c271d17e6855ef2d134d687c1fde31
wqp,wqp:21FLSFWM-L006,1987-09,ANFIS-T-no-current,2133,0d4f66e7577b4338a79165ff3dea5f2d4cf7c68bbd12e41c1d28486b1b83118e
wqp,wqp:21DELAWQ_WQX-307171,2009-12,ANFIS-T-no-current,2133,0d5136c295b303b212ac37087130963730e2049e475017815d3b9ecd35947871
wqp,wqp:21SC60WQ_WQX-PD-327,2000-09,ANFIS-T-no-current,2133,0d513b3cf394e5a1d2dd59cf514ca57ca1f03ce48fe12f3a9db5aa3db969357a
wqp,wqp:21SC60WQ_WQX-ST-032,1999-07,ANFIS-T-no-current,2133,0d51681d30c09ccd0693e511b5857f344cea7be92d19dc1f4c5c7ae9483adfe5
wqp,wqp:21FLORAN_WQX-CC13,2005-08,ANFIS-T-no-current,2133,0d557e0ed945d3daa46927dfefe081a542a29e40b35c2519542c833cc92c0e8a
wqp,wqp:21FLSWFD_WQX-23113,2008-02,ANFIS-T-no-current,2133,0d56126162dd5782f49d19d9dce2c1a7f297b7bf915bdd8670f6fc669354ac97
wqp,wqp:21FLCBA_WQX-WAL-BIGREDF-3,2017-07,ANFIS-T-no-current,2133,0d5919e837793a8110f78d47e82527b58c8ff49c170b413f0d79d7764a4090ed
wqp,wqp:21FLORAN_WQX-BC14S,2006-11,ANFIS-T-no-current,2133,0d59ce81bab1d284559f17097f233c1a9a6200ac279a19e36f01440e91323347
wqp,wqp:CAPECRD_WQX-290,2009-03,ANFIS-T-no-current,2133,0d5af49236d1602845f220c5f92f72703c5d3c4322a30a35afa50bee2f3a3a88
wqp,wqp:21FLSFWM-LZ30,2007-02,ANFIS-T-no-current,2133,0d5bc4972ddf0fb3ab3d5fd637df6b4226b9ce79698878176eb520ffc6e17790
wqp,wqp:21FLSFWM-D02,1989-05,ANFIS-T-no-current,2133,0d5c89614756e731cb6d779cc29a6ab5c956b15c5de7a20d27421b80d4847186
wqp,wqp:MNPCA-62-0055-00-201,1985-08,ANFIS-T-no-current,2133,0d5d5d6d2dd4f803c12116fb7a567cf821fa08d4c44b2d9f51531a92c477e169
wqp,wqp:USGS-07049690,1976-03,ANFIS-T-no-current,2133,0d5e40bd74e815e1fff95521bf0a92c07b032ebea407a523539935cc258eb757
wqp,wqp:USGS-423526088380101,2014-03,ANFIS-T-no-current,2133,0d623cca642f3dd9962b31b0b0749af89a85616eb79cd8335b7a27b79bcfbdc6
wqp,wqp:21SC60WQ_WQX-S-024,2002-04,ANFIS-T-no-current,2133,0d63a102fd70e9ae065f990de2e837cb34396f745ceb64a4868bf5cafc327aef
wqp,wqp:KAWNATON_WQX-KN-KL-004,2007-01,ANFIS-T-no-current,2133,0d64dfe50a2799ffa27b6677a08d0c20f246afa788e0e7e982d8a02c816c2aaa
wqp,wqp:21FLSFWM-L003,1998-05,ANFIS-T-no-current,2133,0d664d350ad27d910253bf97891d1225428c008e08c0fc24f2ea36592b761717
wqp,wqp:21FLSWFD_WQX-23631,2018-03,ANFIS-T-no-current,2133,0d6af4ae7b2dfb6702fb2565ddda190de41ac8b847f229837048b7b4c1347f18
wqp,wqp:21NC03WQ-CPF087D,2013-05,ANFIS-T-no-current,2133,0d7097e1daeb23173267edc59ac7c0d6cf8148bb81cff3adbc127b2fe5ea29e9
wqp,wqp:MNPCA-25-0001-00-215,1991-06,ANFIS-T-no-current,2133,0d73f92325ccf806cde797efe87f596798946de3947503339e57ffdc80f59478
wqp,wqp:21FLSFWM-ISTK3,1993-09,ANFIS-T-no-current,2133,0d74f4af845a4150790dfca80987a8c8639209ab6699470f48458fd484892188
wqp,wqp:MNPCA-62-0007-00-203,1991-06,ANFIS-T-no-current,2133,0d75aa9b57b404c969f04c17517bdbee9b1798f4f97a419fc6b9a7dcad2da0be
wqp,wqp:21SC60WQ_WQX-CW-174,2000-07,ANFIS-T-no-current,2133,0d78fb175f82d78686053b35e9420d9ef852e6c65c0df58dd44195e02ecfc49d
wqp,wqp:LAKELAND_WQX-LH20,2010-07,ANFIS-T-no-current,2133,0d796bd928928a8bc1e282ed933cc16c7dcc2d8b29bd1331d36837d700ae69a4
wqp,wqp:21FLSFWM-LZ42,1998-04,ANFIS-T-no-current,2133,0d799d8c5dbb7e5cbc66981cc340ba94e1813ed9b0041ba415992766aea072a3
wqp,wqp:21FLSFWM-D02,2001-03,ANFIS-T-no-current,2133,0d80f4343d1b5a8dbcdb7948fd9f17a50020309895460247a4be23e0fbe0e87e
wqp,wqp:11NPSWRD_WQX-SLBE_PL_01,1991-11,ANFIS-T-no-current,2133,0d82ac656630dbe54b7bee22ea2779ecb7dd170f6dc3a01ce37c9a2e7ea90ab0
wqp,wqp:21FLSWFD_WQX-23438,2008-01,ANFIS-T-no-current,2133,0d895e768fe172d0dfa9a933e7f9d241fe6e12d91b5adadd15709fd36463bd62
wqp,wqp:21FLSWFD_WQX-23641,2015-06,ANFIS-T-no-current,2133,0d8aa21ed193425a8ca65be1c39b9af449893f34b8c2dcf7558627c05b1d03f0
wqp,wqp:21DELAWQ_WQX-208211,2010-11,ANFIS-T-no-current,2133,0d8d474c8c75221ea61bf50be3776abe7b859ab82c6602d949fcebd99be9f35a
wqp,wqp:CAPECRD_WQX-290,1995-06,ANFIS-T-no-current,2133,0d8da26ac981ef8ef9c9d435a872fa081d6cfbece3618788288d9a0e32b0917e
wqp,wqp:21FLSFWM-STAKEOUT,1992-09,ANFIS-T-no-current,2133,0d8e75bda549072f6f7fcbc4e9bf329e68666eb769568a1b93c5221d964b09d8
wqp,wqp:21NC03WQ-CPF086C,2010-02,ANFIS-T-no-current,2133,0d95efdb88a860d3f7810cfabc1c3dd4b6cdff48f55fffb076834b7f660e7fcd
wqp,wqp:21FLSFWM-MH32000,1998-12,ANFIS-T-no-current,2133,0d97423cb3760b693a713ae6a691e6dfada440cb6c1927b340847cde69fd9a26
wqp,wqp:CAPECRD_WQX-262,2016-12,ANFIS-T-no-current,2133,0da01e7b8924d8fcc453e35f910261a8c2a0ad08ca4dab7f96af299d09ce309f
wqp,wqp:21SC60WQ_WQX-SV-335,2017-06,ANFIS-T-no-current,2133,0da2c754256535c4e367512809029e0de24b98ca62b4036dbadaf45f60c08b92
wqp,wqp:21DELAWQ_WQX-108111,2009-08,ANFIS-T-no-current,2133,0da464b2ce6bdeca1ec1fb438cf3cb70bf9e32033b0ace8c20f16d0b0dabe25d
wqp,wqp:21FLSFWM-L001,1981-02,ANFIS-T-no-current,2133,0da4f0905a0df9367caf6c8c55c7a7b738e08c17c3383a7dfbe01947d116a917
wqp,wqp:USGS-295826095082200,2017-11,ANFIS-T-no-current,2133,0da66f0e74892514f813ad15f571d9d013490526f7e11fd3d59a7f636cfa934d
wqp,wqp:21SC60WQ_WQX-SV-363,2009-06,ANFIS-T-no-current,2133,0da7c56ade0f0d09cfee55c3e4841ed83fb656a7a2e155fc0d14f55771ba84bd
wqp,wqp:USGS-07144790,2001-07,ANFIS-T-no-current,2133,0daad911aa8ab81b5bd3db0dc8817e09ffe4f067f46497d5f9e3638638c37c82
wqp,wqp:21FLSFWM-B02,2003-01,ANFIS-T-no-current,2133,0dac2193bec6330dd7787e9fb6eb8d2bb00e9d815c2612b36171cf70afdf51f9
wqp,wqp:21FLSFWM-KBAROUT,2003-08,ANFIS-T-no-current,2133,0daee2f6c7c2314e62aaf78f6a5818ec0bc571d43a114f666309b56adc92b4a4
wqp,wqp:21NC03WQ-NEU019L,2016-01,ANFIS-T-no-current,2133,0db0c262a95cc0fe7bd16fa26d605510cb5c639a877d52351d19ea9834e80d6f
wqp,wqp:21FLSFWM-LZ42,2002-06,ANFIS-T-no-current,2133,0db0ed8e1d35a748f418ac713b41a544a30ac19684d66da711d98b62c0a70999
wqp,wqp:MNPCA-25-0001-00-225,1991-09,ANFIS-T-no-current,2133,0db171ae67d8ceb21d8b210443bbf5b3aabe0f3dff66632a9f96ed345df1d347
wqp,wqp:21FLSFWM-CLV10A,2005-09,ANFIS-T-no-current,2133,0db17d5cd28e7fcc4f8d3435091c501d21cdd52dacf45d44ac44a3b5f07ab93d
wqp,wqp:KAWNATON_WQX-KN-KL-010,2015-09,ANFIS-T-no-current,2133,0db33e2dcf14740bc3f02fd5028e41d7c6c709d47fd94a8b59bf9f36326f1a04
wqp,wqp:21FLSFWM-LZ42,2004-12,ANFIS-T-no-current,2133,0dbc1687086760679b7094cbddec3f8967a54e7502de2bbc82964a8d4067d847
wqp,wqp:21SC60WQ_WQX-S-310,2012-04,ANFIS-T-no-current,2133,0dbd720cdacaa615e021a9ec3dfe1a5d291c5867966cafa6839d7a29406d0174
wqp,wqp:21FLORAN_WQX-CC6,2006-01,ANFIS-T-no-current,2133,0dbdc22e955c9af34ef076d65bb49d1347fea165eaefec2f62d6a34875e0d6c1
wqp,wqp:21FLSWFD_WQX-23113,2014-10,ANFIS-T-no-current,2133,0dbf56c359f0f4b9a5d2d538bf6fa6b05fee84f8fee6a9d8bc4d3e0b5d3f4bb4
wqp,wqp:21FLSWFD_WQX-23144,2002-07,ANFIS-T-no-current,2133,0dc0dbfe09f16366264af49f1c296bab382d16d5c5fddba0a3e770b5e5bb05c4
wqp,wqp:21SC60WQ_WQX-SV-339,2007-11,ANFIS-T-no-current,2133,0dc53f5cb896bc21d9d19abadabff1ee0ee4336cfe243cea6ae16ea84a932ddc
wqp,wqp:MNPCA-62-0055-00-102,1988-05,ANFIS-T-no-current,2133,0dc8c029f43064089c63cb18a244655c49a142c435aa68c52ed2ae28e299ab84
wqp,wqp:USGS-07049200,1983-08,ANFIS-T-no-current,2133,0dc8effed3164df4c308c9d8350d282c218c293054496db69babffb8be1c26cd
wqp,wqp:21FLLCPC_WQX-GREENWSH,2016-04,ANFIS-T-no-current,2133,0dcbe91990ca8bd44204d873dc4bdd9fdc5934ce208b448a15bbbc42bea33a68
wqp,wqp:21FLSFWM-E02,1988-06,ANFIS-T-no-current,2133,0dcc3cf2cb69928ef62f510f3847bda962169db0600168ac1828244598e62dc2
wqp,wqp:21NC03WQ-YAD169E,2009-12,ANFIS-T-no-current,2133,0dd1a57ec33ae3b93173769163f11775f597143a77d608c3833f92d7b2ce4038
wqp,wqp:USGS-07048910,2018-10,ANFIS-T-no-current,2133,0dd72624e45de2bc2f254ff02bae9f05bfb610a3bb5561642b363cf1e7456f83
wqp,wqp:21FLORAN_WQX-BC6,2010-04,ANFIS-T-no-current,2133,0dd8269602a93d03d8d1c406d69ae93c651a06729a6deec3dbaa9fe1b1e9c666
wqp,wqp:USGS-07144790,2011-12,ANFIS-T-no-current,2133,0dd912b194b62e4a023101ef4f643836ab661c550185b0ee0067909812690e81
wqp,wqp:21SC60WQ_WQX-CW-197,2000-07,ANFIS-T-no-current,2133,0dd92c83d07eec9924938b6659d57db79aa938ddb63682d99499c07ab4a0a1bb
wqp,wqp:21FLSFWM-PELMID,1990-06,ANFIS-T-no-current,2133,0ddc838e324082b84b6e23d81efba394fee406d35fe9187922619b0a9cd1f3cf
wqp,wqp:21FLSFWM-LZ42N,1998-12,ANFIS-T-no-current,2133,0ddf604a130d187f65d6c94f17622b9d6543b7de92a62a37c23fea1d0d6a7aa9
wqp,wqp:CAPECRD_WQX-290,2006-08,ANFIS-T-no-current,2133,0de229391624dcc3ce92392572f88bdcd9826a4ec1dfee2c82ef582f3a726d92
wqp,wqp:21AWIC-23,2015-05,ANFIS-T-no-current,2133,0de30fa5533ee68136f3ed38408b62b521eab2f38e20c307dd134f0d6cddad3c
wqp,wqp:21FLSFWM-KISSR0.0,2004-02,ANFIS-T-no-current,2133,0de401c545785a77a6610b6d1cad31a4f20820afa1e14dfe15b56990ab5b3dd8
wqp,wqp:21FLSWFD_WQX-23389,2004-12,ANFIS-T-no-current,2133,0de4ad6aa56dcc41e34d118c6277151bbd89bbfcdbc18e36754c811c5c6384d1
wqp,wqp:21FLSFWM-ISTK7,1988-03,ANFIS-T-no-current,2133,0de6f9defb31ac5766b39e6d9f75152bbc64e198021bf3d27769374f0bf1b573
wqp,wqp:21FLCOLL_WQX-LKTRAF4,2013-03,ANFIS-T-no-current,2133,0dea8fabe188e409f4cabd756aee51feb98ff9ba5f944b392867658eb44a5500
wqp,wqp:21SC60WQ_WQX-ST-032,2004-08,ANFIS-T-no-current,2133,0deadc762a53aa8a72646bb7780aeb7ea11959cd5df6b6e55f25dc6de547f52c
wqp,wqp:USGS-0690367690,1991-02,ANFIS-T-no-current,2133,0ded1d164dd2c12ce8807fb245d1778096adaef95930cb6a787fbbdd65c86e04
wqp,wqp:21FLSFWM-STAKEMID,1989-11,ANFIS-T-no-current,2133,0def49ad35d2e74eb46063bf87d081d317d16d23b2ca5aa13e8229e4685e3876
wqp,wqp:KAWNATON_WQX-KN-KL-001,2007-01,ANFIS-T-no-current,2133,0df073b1edb45afe122d0d6ea959b1b136202bd40f45cdff230b4ec6f1a91556
wqp,wqp:KAWNATON_WQX-KN-KL-010,2018-05,ANFIS-T-no-current,2133,0df33139f21744abe5b38d8541c2c0a431a435fe3d0e0104ea78730fa1ed9051
wqp,wqp:21FLSFWM-PLN2IN,1992-12,ANFIS-T-no-current,2133,0df42de278c5cd8dd61a91b883e9e0b85eface8bc3512c72759666939bed99f6
wqp,wqp:21FLSFWM-TREEMID,1987-05,ANFIS-T-no-current,2133,0df6972703056f351bca321037920722480eaba3622b11da6f46f4b23bb8c3a9
wqp,wqp:21FLSFWM-L008,1981-06,ANFIS-T-no-current,2133,0df6bded2a76eda13e3a8195fda71ac5124c9493b053e913bebb106ab93bde68
wqp,wqp:21FLSFWM-L008,1997-04,ANFIS-T-no-current,2133,0df7e659e53a1f41b5a7e7e5aaadd46268313afe2884263f58601e804d5250da
wqp,wqp:21NC03WQ-NEU010,2005-08,ANFIS-T-no-current,2133,0df892e89c1bb6d24b7629510ccc006148a34b2b92a3cb930a3c22cb9778fdfd
wqp,wqp:21FLSFWM-TREEMID,1992-04,ANFIS-T-no-current,2133,0dfc33c58b8d865bb1d208d76b2ddcee65921c64b80ec8964e9665dd9d737af0
wqp,wqp:21SC60WQ_WQX-S-223,2006-04,ANFIS-T-no-current,2133,0dfde05700a8e4e2ccd8f174215bb55fa49013aa0166b6917fc23f10fa23e897
wqp,wqp:21FLSFWM-E04,2006-04,ANFIS-T-no-current,2133,0dfea7ef1e6b5a008e03288be21a4b700ef5ec6ce3f2662664eeb9c1dcc9e55e
wqp,wqp:MNPCA-86-0252-02-207,1988-06,ANFIS-T-no-current,2133,0dff0b58359cad0b41c7269e6d448b66c0292b0c496df1e32c219b273a35dcdb
wqp,wqp:21FLLCPC_WQX-GRIFFINTISH,2012-10,ANFIS-T-no-current,2133,0dff995bc2bdbd3b1fa0321865c9dd53dba43b977cc3f768ad4fa5d4d58e0a2b
wqp,wqp:KAWNATON_WQX-KN-KL-003,2011-11,ANFIS-T-no-current,2133,0dffd31ad055ca72baf292bf7331c652e2c8a0796441d7e5fb09ffb03cac9a7f
wqp,wqp:21FLHILL_WQX-135,2000-12,ANFIS-T-no-current,2133,0e00dbc44736e53865ed41bdafe430add90a4dfe19f4b9a9275e7ff0abf74932
wqp,wqp:MNPCA-25-0001-00-246,1994-08,ANFIS-T-no-current,2133,0e0288a2c9d392b54455073d6b522a3e5693497246f156914b4c6bd290658364
wqp,wqp:21SC60WQ_WQX-CSTL-075,2008-03,ANFIS-T-no-current,2133,0e041e76166a4156272c55cbe90c40c03e6f4b4c329fbabe97ccb55e8bf6358d
wqp,wqp:21FLSWFD_WQX-23144,2015-04,ANFIS-T-no-current,2133,0e050823d606fa8ce4a51cec365f6bcbd4765094c1c86cd60caa8a00bfee8b45
wqp,wqp:21FLSFWM-ISTK5,2004-08,ANFIS-T-no-current,2133,0e062042f4fce16b62ef2264ce8c337cca909edf711b8871d104084f14383213
wqp,wqp:21FLSFWM-PLN2IN,1996-11,ANFIS-T-no-current,2133,0e0721a68e543e257e2b97f9d6d7e001cbbb80537ef6ca9dab7d44298d2b8e06
wqp,wqp:21DELAWQ_WQX-206361,2015-04,ANFIS-T-no-current,2133,0e07c22f5e467e08b4f76cf4aa73a95161c04d9143ae501a91e8a30ee1d66a18
wqp,wqp:21FLSFWM-ISTK1,2006-07,ANFIS-T-no-current,2133,0e08dc306a243021f03dac54646156a56d81514c07fccbee166c8b810142fd99
wqp,wqp:21FLSFWM-LZ30,2001-01,ANFIS-T-no-current,2133,0e0b078e73e531643734eebb21fe62f67ab17bc926bc08093209add4fc733764
wqp,wqp:21FLSFWM-L008,2001-02,ANFIS-T-no-current,2133,0e0c1c18d64955e148c6efa0b2c62dbb20a11d8bece5b0ac9828b10f686aec08
wqp,wqp:MNPCA-02-0045-00-202,2012-06,ANFIS-T-no-current,2133,0e0ff34860a96e5fff84a40a0afb041133c036d05de1f57f5a05997bfbd90ae8
wqp,wqp:MNPCA-62-0007-00-203,1987-07,ANFIS-T-no-current,2133,0e11409871f67657bc69d5c23a881cee67a5c34dc60355f37872c85cb4eca351
wqp,wqp:21DELAWQ_WQX-307171,1999-03,ANFIS-T-no-current,2133,0e127e4d149812d0026f968b532d6038f537a4d030f4ec0109f623682c235775
wqp,wqp:USGS-07049690,1986-08,ANFIS-T-no-current,2133,0e1367f232b4501a03dc9eed12c04695f0f2eb505e15a2f64a147cae822af03c
wqp,wqp:21DELAWQ_WQX-303051,2011-12,ANFIS-T-no-current,2133,0e15b34cf4b80b573fac59693f78a81293422b3097de31d151749521e951b0bd
wqp,wqp:21NC03WQ-NEU020D,2006-04,ANFIS-T-no-current,2133,0e193deeb6bfa7cc42f176740053a0ba4f0a4717d8abbbdf2501f2e36028a04a
wqp,wqp:21NC03WQ-CPF087B3,2000-05,ANFIS-T-no-current,2133,0e1adbb6b701914d471b55867f21210cc0783ba8a8e55a17560ad981273922ff
wqp,wqp:21FLCBA_WQX-WAL-BIGREDF-1,2018-11,ANFIS-T-no-current,2133,0e1bd80eb0a6c71a24365375725916f1e5d2536abb480090d6ace7ea3cd1620e
wqp,wqp:MNPCA-86-0297-00-201,1983-05,ANFIS-T-no-current,2133,0e1c1d3e990386a8de462d876273b9a4b69d54a8b51c9ddb1fed36e1be393a16
wqp,wqp:21FLSFWM-D02,2007-01,ANFIS-T-no-current,2133,0e1edcd38b77e9ba7c52cff65994ebda623d63d39f75d32a7b4d5c2d31b2c2a4
wqp,wqp:21NC03WQ-NEU019E,2016-10,ANFIS-T-no-current,2133,0e215fdae9d2ef91a0addc179318058bcb7a3f355f8f921e87806d3d53a9bf71
wqp,wqp:21SC60WQ_WQX-SV-361,2006-09,ANFIS-T-no-current,2133,0e21c2ac60896cb98c5ef95c0a786663b528ca87c7603d72b11ea2f432b0d0a3
wqp,wqp:21FLSFWM-ISTK2,1988-07,ANFIS-T-no-current,2133,0e2364b92ac721903477cac763f1612f25a999b66954bb0f27cf2a10ca7c065c
wqp,wqp:MTWTRSHD_WQX-GTOWN-LK-01,2010-12,ANFIS-T-no-current,2133,0e28ca0183b84b576c3ec4f5bc2b93afaa7ee00aa71849c2fad60f61d9d677d2
wqp,wqp:21FLSFWM-D02,2004-08,ANFIS-T-no-current,2133,0e2a782727e59af71d255223813c06b046056116bc236bd6ac908612956dc243
wqp,wqp:21SC60WQ_WQX-B-339,2004-08,ANFIS-T-no-current,2133,0e2bcf558dc327dbf5e5100fc30636df6a30986a3ceb6743df9eb75d1a961a96
wqp,wqp:21FLCOLL_WQX-LKTRAF4,2015-12,ANFIS-T-no-current,2133,0e2c53bcfb8440128deb00d488878ae58c58e7d1c321af62cd216de1d11359f1
wqp,wqp:21DELAWQ_WQX-109031,2008-05,ANFIS-T-no-current,2133,0e2c5cb1f9be67129cfaacb2d7a75234f3b9da7ffddab2e8d80d757a47d9f728
wqp,wqp:21SC60WQ_WQX-SV-363,2002-03,ANFIS-T-no-current,2133,0e2d405b9273e0447b115b8405ee3d4706dc1c4b738ec7f1405a0d7b6f9aa677
wqp,wqp:USGS-02207414,2011-12,ANFIS-T-no-current,2133,0e2f9c247bf11b0f32042fac0c0bea45f257ea6b17fc856f279ce41852e6998b
wqp,wqp:21SC60WQ_WQX-SV-338,2017-12,ANFIS-T-no-current,2133,0e30d3978f647f2bbd0a8cd29f8127dacba1a2fd974baa8cc93756e58dc05478
wqp,wqp:21FLSWFD_WQX-23588,2009-04,ANFIS-T-no-current,2133,0e3232720643082879603171c1b37bb00f2bfeb726814d3c561698c3bd995496
wqp,wqp:21FLSWFD_WQX-23641,2009-02,ANFIS-T-no-current,2133,0e32569a09f86f412d1e0992bb20954662860a2939e777935fbbedc8dd2ace93
wqp,wqp:21SC60WQ_WQX-B-345,2010-04,ANFIS-T-no-current,2133,0e32855c930d82126824b3b450f1bfacde6be12d26eac07ba41646dd12a610b5
wqp,wqp:21FLSFWM-MH32000,2002-07,ANFIS-T-no-current,2133,0e32db1787f8277cdac43a8af68d03f0b6b4ae418ae51ed5ae5723bd6adf197b
wqp,wqp:21FLSWFD_WQX-23631,2018-06,ANFIS-T-no-current,2133,0e32e262e1ed9194a17e79e3580ae77216c0126a0719e2f697a17a495e5c677b
wqp,wqp:21FLSJWM_WQX-44678,2018-04,ANFIS-T-no-current,2133,0e337081644ba62c6790320d91551ac24c2650416b9326a698234663b5b26e44
wqp,wqp:21GAEPD_WQX-LK_12_4048,2017-05,ANFIS-T-no-current,2133,0e3616469557aa4b5b9f0d54f7be87b00dcbea7fabffa2c05a77bbdd4d718e72
wqp,wqp:21FLSFWM-RITAWEST,1994-05,ANFIS-T-no-current,2133,0e368e23da09668575ff0e5d357ec1f4e997cea42f957b3ab8c91eb3bb715a4c
wqp,wqp:AZDEQ_SW-33,2017-06,ANFIS-T-no-current,2133,0e387f7b2c79532727a9c628fa6e0dc5a9fd9b55f485ac585d90ee55ae57cefc
wqp,wqp:21FLSFWM-LZ2,2003-05,ANFIS-T-no-current,2133,0e3930197a1bb41d79b653dd56937fb110fec6c90ebe3d0e1d07e2425c90484c
wqp,wqp:21SCSANT_WQX-SC-040,2017-07,ANFIS-T-no-current,2133,0e4251fa9eaa2136b90f123381ed7f39731cbbbcea2e4dab323580288ba876df
wqp,wqp:21FLSFWM-POLESOUT,1990-12,ANFIS-T-no-current,2133,0e4c12c9a628bd4b3ab57be4369f7e1682588c50561c96a63aa1ed6c3640b34b
wqp,wqp:21FLSFWM-L008,2002-01,ANFIS-T-no-current,2133,0e4d4cb1008341f79910cce01e7fda9b02bc7f090b9bb7cb73fab9e1be4f9b8c
wqp,wqp:21DELAWQ_WQX-206361,2018-09,ANFIS-T-no-current,2133,0e50362e083caeed10d2eec2c6a650a612cd6c69bb5a28a8bfe11d3ec7349a5b
wqp,wqp:21FLSFWM-CLV10A,2008-11,ANFIS-T-no-current,2133,0e550e244409795e6367355b7b660dfcaaacf21784ecb9a7c41fd01e05e1d9d3
wqp,wqp:21FLSFWM-KISSR0.0,1987-07,ANFIS-T-no-current,2133,0e5608278109d562dcc3acfd237ecab29dffd46cf2d93120c2c7a8c433aa0945
wqp,wqp:21FLSFWM-POLESOUT,1989-03,ANFIS-T-no-current,2133,0e5a8ee2f71fba5955a3bd431cb611c905c8cf2d2cb66868895792e2860e5630
wqp,wqp:21FLSFWM-D02,1987-10,ANFIS-T-no-current,2133,0e5b0112d8d51c3cb516d256caa5421a2f7b811ae4a10f2982a45302d1776061
wqp,wqp:21DELAWQ_WQX-202021,2015-11,ANFIS-T-no-current,2133,0e5b13b24b7a004c1d18e6640c3a4b5d473879109ba0ffb98c5e8c9c11c29807
wqp,wqp:USGS-07049187,2017-07,ANFIS-T-no-current,2133,0e5b2aba0a9f39226f576c6e35a46269568c5a5942a9ba01a4d56aa1b182e804
wqp,wqp:21NC03WQ-NEU019P,2012-03,ANFIS-T-no-current,2133,0e5b413ecceb3028518eac5b35862f1f8f22e198896fd25772a49c7b1a537e9a
wqp,wqp:21DELAWQ_WQX-308071,2012-11,ANFIS-T-no-current,2133,0e5d4b59cfbe363d1a77baafa63e4153bee22e4150d832dfea86496a21dc27f1
wqp,wqp:21FLSFWM-ISTK6,1996-08,ANFIS-T-no-current,2133,0e61a564007e90595fc8bc2b811d26cfb56c883cf9076b303cde72bad6427780
wqp,wqp:21FLSFWM-STAKEOUT,1987-10,ANFIS-T-no-current,2133,0e63c76807f3b1a48cb24aebf09e22ed9af79137a4d4401d6331c2d8d1be1439
wqp,wqp:21FLSFWM-B06,1986-06,ANFIS-T-no-current,2133,0e63df008532bc3c22d6da52cbc28fc528ac4b81aeafc94787eeb633c8f84da8
wqp,wqp:21FLSFWM-L001,1992-02,ANFIS-T-no-current,2133,0e645cbecafe9785df5e63c8329cc8a9466d86640395b069622cc1d952a4f2f0
wqp,wqp:21FLSWFD_WQX-23113,2003-09,ANFIS-T-no-current,2133,0e6476281acf95f1974d8931026d0b74122e587e4af21e48410d0482d0ffa69b
wqp,wqp:21FLSFWM-L008,2005-06,ANFIS-T-no-current,2133,0e65f053258399259e96e6182f47e701c34b2871051261742a89604f03206eb9
wqp,wqp:21FLSFWM-D02,2004-12,ANFIS-T-no-current,2133,0e673cfd4a088026264590f34f5aa39b2071d2b42f5954aa0d0f3de956ce1658
wqp,wqp:21DELAWQ_WQX-109191,2013-01,ANFIS-T-no-current,2133,0e68fb92cd6f6cdcdb12014307a38fc4e4be113f3d0621621c3e77093fa7a6d5
wqp,wqp:21DELAWQ_WQX-208211,2008-04,ANFIS-T-no-current,2133,0e6eb8ca407ab1f52de693ad06f5ed2f465bb12cfc803df22155c5f2bc98d50f
wqp,wqp:21NC03WQ-CPF081A1C,2007-02,ANFIS-T-no-current,2133,0e7048e082be167dbbba596a1d74c04779dbae5fbb4269e9032ed1cfc882b5b5
wqp,wqp:21NC03WQ-CPF086CUPS,2001-10,ANFIS-T-no-current,2133,0e71662e1b602ee1d5a7203586617f7b8e27049be4555e567b91d0198d9fca29
wqp,wqp:21FLSFWM-ISTK2,1991-10,ANFIS-T-no-current,2133,0e718cb716d42861b550496794156245257257bbe115260fd554733c8b25c7a4
wqp,wqp:21FLORAN_WQX-HB53,2018-03,ANFIS-T-no-current,2133,0e72dbda3fa54ac71ed3dfafba87b0966f84729abb1af4307dd38d52e63a016c
wqp,wqp:21FLSWFD_WQX-23613,2007-11,ANFIS-T-no-current,2133,0e7901c1a94005b42a83ee198aa06f99f48590d805d4e79cd72e973a339df42f
wqp,wqp:MNPCA-02-0075-02-203,1985-09,ANFIS-T-no-current,2133,0e835ebf0132e2ff7c62f79f513b3055c5b80d2d4a4967e127445a5891d305c6
wqp,wqp:21FLSFWM-POLE3S,1994-06,ANFIS-T-no-current,2133,0e84018dab506c7638924e252df599d34aceb0d10a26aa9827ce0c585bf5f18d
wqp,wqp:21FLORAN_WQX-BC7,2008-01,ANFIS-T-no-current,2133,0e8529a4e8fa4d41e3dacfe7f9e7d3046a239952cb64061ef09a0d43a8d07516
wqp,wqp:USGS-072632965,2005-03,ANFIS-T-no-current,2133,0e86fdb866a54f18ee7de0b0e9d897a323b6da8adf53560efa7dc2846bfc2060
wqp,wqp:USGS-421420121481700,2012-06,ANFIS-T-no-current,2133,0e87693767b23f65ef41ab63bf1bfed97b926927e5bf523d72c94352855c319c
wqp,wqp:21FLORAN_WQX-CC17,2015-01,ANFIS-T-no-current,2133,0e8949a145d738fdd1e50760871d5777b7374b6a76525f98540aa0b8eb52cc05
wqp,wqp:21FLSFWM-KBAROUT,2008-12,ANFIS-T-no-current,2133,0e8a1f6672607d7148aa9164dac25446a9006cd1c80f616ec5ddf76f44b0a9b5
wqp,wqp:21FLHILL_WQX-135,2016-03,ANFIS-T-no-current,2133,0e8b7ce4eff779d5b3ab60da4f93c7c558b8dfd32847811327b9db047bd06afa
wqp,wqp:21NC03WQ-CPF08801A,2001-01,ANFIS-T-no-current,2133,0e8c782f4ae3cee882166a9e7c6cadee38140eb9096e3cfd5df13c13bd83ecdd
wqp,wqp:USGS-423526088380101,2003-07,ANFIS-T-no-current,2133,0e8c7a998c80b1a8891376dc6b6a2a129f2673d7af2d141ca0a923e41c00ddc6
wqp,wqp:21DELAWQ_WQX-303051,2012-10,ANFIS-T-no-current,2133,0e8c85e9e4fc88f01ba8f0a27bbcfedff3ba09fb1805cc9a556a2e96f9414059
wqp,wqp:MTWTRSHD_WQX-GTOWN-LK-01,2011-04,ANFIS-T-no-current,2133,0e8cc5f8aa159e697d7ec7006bb4abe95a3548c69447cd8aa9658e2ea6e7e111
wqp,wqp:21FLSFWM-B09,1986-05,ANFIS-T-no-current,2133,0e8cd2e8c7350abf6c276ae42caf177dc6bd978d5c7a85a3b62b7500c623e70b
wqp,wqp:21SC60WQ_WQX-SV-335,2012-04,ANFIS-T-no-current,2133,0e8d96b99cfd2118ce5adc5fd56f33f15973bfcb21bc226b4272e6bd21ebc1ee
wqp,wqp:21FLSFWM-B06,1986-02,ANFIS-T-no-current,2133,0e91897f4a8eb2936af4cd2b68b568839b8f69060b75634b85444406a36318d5
wqp,wqp:21FLSFWM-LZ42N,1994-04,ANFIS-T-no-current,2133,0e92e0994592fe792b8fac69a303bedc266624bcf286a0ed851985035915c76b
wqp,wqp:21FLSFWM-LZ40,2001-11,ANFIS-T-no-current,2133,0e92f96564b4eedfc2c3d24777b1744ffe837c471fe79df6a2fe40bacb670eac
wqp,wqp:21NC03WQ-NEU018E,2005-07,ANFIS-T-no-current,2133,0e939ddddacb76f44e3b12573aac412876c40abf799e0b0f78f4ee46752b42d7
wqp,wqp:21FLSFWM-ISTK1,1994-05,ANFIS-T-no-current,2133,0e971f08ff0e37c00ab248ace735fa1922b0e36b34b301d58615334431d65eaa
wqp,wqp:21FLSFWM-B09,1990-10,ANFIS-T-no-current,2133,0e988b3bbb46b5d416d3f561af2389d55c76ca46695f2bff056722794683bab6
wqp,wqp:21SC60WQ_WQX-ST-032,2009-04,ANFIS-T-no-current,2133,0e989247d8ad91dfb637f9558668f7f84203f350961c36c02ea47e5e3d253aea
wqp,wqp:21SC60WQ_WQX-S-311,2016-04,ANFIS-T-no-current,2133,0e98fca8df75af3e268076a6acf516099e751bd2cbb8d267f61dee36c4027c0f
wqp,wqp:MNPCA-62-0055-00-201,1987-04,ANFIS-T-no-current,2133,0e9fa7b7009f06966cd920e612a220420934be4402e3d3311761612dfd6d82b3
wqp,wqp:21FLSFWM-ISTK6,1989-12,ANFIS-T-no-current,2133,0ea06e735cf6d02f188661520d7b85148cf8ab0714b1fb57b44aad70993a800e
wqp,wqp:21FLSFWM-POLESIN,1988-06,ANFIS-T-no-current,2133,0ea0c8d3d0bc4eeaf06b6b405bb0b0a402374f41ce2e92e3552642fa435a95dd
wqp,wqp:21FLSFWM-E01,1985-01,ANFIS-T-no-current,2133,0ea3e3bbb6a4213886da89b65c7f2d7209a8977186352e55ee445b9187e73e32
wqp,wqp:21SC60WQ_WQX-S-222,2010-02,ANFIS-T-no-current,2133,0ea870f5aaabc134743b833913bed76fdf65a73d6a3e079f6d386be698747b4f
wqp,wqp:21DELAWQ_WQX-206361,2006-04,ANFIS-T-no-current,2133,0ea90b260583734c207647673826ebbccea4f7bc20a141e77bd42ec3d6589f60
wqp,wqp:MNPCA-02-0075-02-203,2012-06,ANFIS-T-no-current,2133,0eaa5cad383cb90db6e6bbe0365a69e9448ea63cacfde5e623cd2e0961946aa4
wqp,wqp:21FLSFWM-LZ40,2008-06,ANFIS-T-no-current,2133,0eb0b78ac5d0241cd95215e295be16264939f606c3f70fb1905c760f11410001
wqp,wqp:KAWNATON_WQX-KN-KL-005,2017-08,ANFIS-T-no-current,2133,0eb145bf7dd9883c16809c527beef9e9e22e40a03f0935f6cd35f256e2cea41a
wqp,wqp:21FLORAN_WQX-CC22,2006-06,ANFIS-T-no-current,2133,0eb2ad1c8fb7e6dc3082f295a6998ba626e85d6006f0a5e26318cfa6bd70e886
wqp,wqp:MNPCA-25-0001-00-231,1991-12,ANFIS-T-no-current,2133,0eb2af34ba4a659654b7328dcb9ec2ee9a2b3991898048ad0aa8d63d85c11d4a
wqp,wqp:21SC60WQ_WQX-SV-335,2013-12,ANFIS-T-no-current,2133,0eb7441902e23b5b6bfe2f68825b5ac6e17f244152f1e7cbd9cc7002222f9a6b
wqp,wqp:21FLSFWM-LZ40,2007-11,ANFIS-T-no-current,2133,0eb95679971fe5459e70f8a9bd64e0095533ba4b17b81bae8a5452f8c76bfffa
wqp,wqp:21FLSWFD_WQX-23113,2007-07,ANFIS-T-no-current,2133,0eba11d9e87b67d72e75bf65bf8f9b4218b10fc5adbc232867b498e2dc46ed7d
wqp,wqp:21FLSJWM_WQX-409555,2018-02,ANFIS-T-no-current,2133,0ec36d188501280f82eaa5545a8db7f6737e62a5e0c468372e4770bc097ee599
wqp,wqp:21SC60WQ_WQX-PD-327,1999-05,ANFIS-T-no-current,2133,0ec3753bbee9e85a4721c5787c50e24e6162391b8e849778480ce0cd8b33de42
wqp,wqp:21FLSFWM-E04,1995-11,ANFIS-T-no-current,2133,0ec53e3d8eab56d9c94deeb23de6dffd70b4e7071350d5beff3b210e73ede54c
wqp,wqp:21FLSFWM-TIN16100,2004-08,ANFIS-T-no-current,2133,0ec6cd405b6d4c5ea80cc3aeeaa17cf33c169d70df7f3c94f42610d8e7c7a520
wqp,wqp:21FLSFWM-A03,1982-03,ANFIS-T-no-current,2133,0ecaa065b345f2c07c46ab6e89712b92985444bff3bbe7de8e9a7ac51f44f1e9
wqp,wqp:21SC60WQ_WQX-SV-200,2002-10,ANFIS-T-no-current,2133,0ecd9fc14d812a715521373e895564ad8686fdae7a8541bd72b3ce94b5a58ea1
wqp,wqp:MNPCA-02-0045-00-202,2014-09,ANFIS-T-no-current,2133,0ecec710806e5d85481b4a4a66ef3de20e7bc27aa96cb9980e556608c0dfdd63
wqp,wqp:21SC60WQ_WQX-B-345,2006-07,ANFIS-T-no-current,2133,0ecf6917a411f13f9032666c3a329f02ddfc2f1f5e3688cf65f9d3da9e233a0e
wqp,wqp:21FLSFWM-PELMID,1995-12,ANFIS-T-no-current,2133,0ed0ddc8341e408a2c194a1b09fd22ee892b72f2e77571ba4770c24de9b733b8
wqp,wqp:21FLSFWM-LZ2,1978-12,ANFIS-T-no-current,2133,0ed1ef58fbde3b7380dcf54bb693ab6f9704ef1b19415b3f0e01a3b59f9311dd
wqp,wqp:21FLSFWM-PLN4OUT,1994-04,ANFIS-T-no-current,2133,0ed40e02cddd2bab0b456b245b4fc80c76c5b2b255b33828cfa1aada68f004d6
wqp,wqp:21DELAWQ_WQX-304321,2014-12,ANFIS-T-no-current,2133,0ed7668885d682b820fe4f92953a97876a175665afef9e9769fb4e9a1b1d3a9d
wqp,wqp:21FLSFWM-L005,1989-02,ANFIS-T-no-current,2133,0ed95ac9f37029cfc32371947ef276b6a94523780691d456c4036a838913f35f
wqp,wqp:21SC60WQ_WQX-B-339,2011-01,ANFIS-T-no-current,2133,0ed9a4d695a2da2143837a77b74c643ed256b03e2cfe2dad07d2cfaa9824ffc9
wqp,wqp:21NC03WQ-NEU018E,2015-10,ANFIS-T-no-current,2133,0edb5e0f98d9870ea16f544f5c7f7ed579c07fe5fda6f568e8a4dc1bea01b09c
wqp,wqp:21SC60WQ_WQX-SV-357,2010-09,ANFIS-T-no-current,2133,0edcc7d94ffb43fc21209a0f362b0862e4175de4d1fb4f45cf9949de376a0314
wqp,wqp:21FLSFWM-OISLAND,2004-11,ANFIS-T-no-current,2133,0ee0d4497f6227d884e7285d5eedeb6d2baca400da2e3ca6f77f2fb2a5cdedcb
wqp,wqp:21SC60WQ_WQX-SV-268,2002-01,ANFIS-T-no-current,2133,0ee8c193c6e24f358a65ca6bf964cb44e532e2a02466e50bb9b2712938b93ba8
wqp,wqp:21NC03WQ-YAD169E,2006-02,ANFIS-T-no-current,2133,0ee9169cf8c91a6cd2c5dcb081b05a14ee1cdd8b45e2a77cd4ed821983ff7d9b
wqp,wqp:11NPSWRD_WQX-SLBE_PL_01,1992-06,ANFIS-T-no-current,2133,0eea9a7f111db1aab069fe0c63dd346815934589485f0a366770601cffd44f49
wqp,wqp:21FLLCPC_WQX-GREENWSH,2010-04,ANFIS-T-no-current,2133,0eeb7cc8a658c5961828080f31b44731b40716a0d2cb2e77e370af3db4307c7a
wqp,wqp:MNPCA-25-0001-00-232,1992-07,ANFIS-T-no-current,2133,0eecf49c22db460678cb923167f909e17bc9581b48da72e9cbbe18b71b871c0b
wqp,wqp:USGS-423659088354401,1990-04,ANFIS-T-no-current,2133,0eee1d1f228d168e5c432731db768c106aedf2b75b4971d7e149c81c83735516
wqp,wqp:21FLSWFD_WQX-23113,2013-01,ANFIS-T-no-current,2133,0eef842c92e69bdc68de0c4831f5d557ece54aea72bf6f52506dd381fc2efdf5
wqp,wqp:USGS-0690367690,1992-10,ANFIS-T-no-current,2133,0ef07a80621887ec097ea15ec35450bfbf363f66d2e46a5f88f2cf09641c442a
wqp,wqp:21FLSFWM-KBAROUT,1992-05,ANFIS-T-no-current,2133,0ef8c39319672a12cde2f5da428b08924b8bd0f742a7bc8a2be53133fcaedfdb
wqp,wqp:USGS-07049690,1988-01,ANFIS-T-no-current,2133,0ef9e7dae380e49f15467e854000691623f7c3ba38a8cf9ee15a3ec8201a6395
wqp,wqp:21DELAWQ_WQX-109191,2011-09,ANFIS-T-no-current,2133,0efb808d193d358d43138bb8590b8e0517b1e02d62d9f96502b9d9ef1378f0f5
wqp,wqp:21FLORAN_WQX-CC6,2010-08,ANFIS-T-no-current,2133,0efbd74838b4b0350710e96fae2fa5518fe1b21eada6f485254606b593eb02bc
wqp,wqp:USGS-07049690,1973-12,ANFIS-T-no-current,2133,0efee76e12111a522240920dd9d20bc7abc369e0e4cd631c0113785224b73f76
wqp,wqp:21AWIC-81,2013-10,ANFIS-T-no-current,2133,0f00c3fd5ea7e82ef4dfc663d1d9649d8a760cb2314dc8343239ee2c860c79f8
wqp,wqp:LAKELAND_WQX-LH20,2010-02,ANFIS-T-no-current,2133,0f00eccd40e9b7d1baceb6c91da24302244385aa2668d6cb6861f1b37422122e
wqp,wqp:21GAEPD_WQX-LK_12_4048,2007-01,ANFIS-T-no-current,2133,0f01aa96df37f8c66fb2e29b3687074b6d95fe2bd2c4bf33a4bd93ebd228bccd
wqp,wqp:USGS-01657480,1973-12,ANFIS-T-no-current,2133,0f0315a7934d4d5bd0fadb91b6aaad5de384aa63ffe2ebcbdd27977daeee04f7
wqp,wqp:11NPSWRD_WQX-SLBE_PL_01,1994-07,ANFIS-T-no-current,2133,0f05d926d77e6ba523d36933aa8a03310ac265310604b73145bcc6f6067c19ce
wqp,wqp:21FLSFWM-D02,2005-06,ANFIS-T-no-current,2133,0f05e8bf7173e8fbb969abed7cd96c006cb6ffffeb8f425fe7d04524bc4e10c2
wqp,wqp:MWRD_WQX-MILTON3P,2016-03,ANFIS-T-no-current,2133,0f0a2362e0c8b4ce960756118ffb1f06ad1c8481d7d2ca0db5663673eb5fb1fc
wqp,wqp:USGS-07049200,2002-01,ANFIS-T-no-current,2133,0f0c84b92e1c889fcafcd8a83d408345fe065610f91ca6fe6e085c5116da09a3
wqp,wqp:21FLSFWM-A03,1992-08,ANFIS-T-no-current,2133,0f0c9f0f0ab9072fa49d0b72497e93d1265bfc253cdb1e3734f43f805b4ad670
wqp,wqp:21FLSFWM-D02,1987-05,ANFIS-T-no-current,2133,0f0e538b1085dfe3708100930864203da66c24f90562e0f28c9515ef36e84e84
wqp,wqp:CAPECRD_WQX-280,2003-07,ANFIS-T-no-current,2133,0f0e9173856fd0124321b520400ce7e2eb049b96e02e52f40a798d049b65f871
wqp,wqp:21FLSFWM-ISTK2,1988-05,ANFIS-T-no-current,2133,0f10482f6bcff09409d8e57f98cb115f28bac105d817a22e8ef6c4df0079c5e8
wqp,wqp:21FLSFWM-B01,1982-07,ANFIS-T-no-current,2133,0f123b3cfb4e9dcd4006ffd91364a156a2723d2ae35807043dc53abbc3de048f
wqp,wqp:11NPSWRD_WQX-SLBE_PL_01,1996-10,ANFIS-T-no-current,2133,0f1362de1a01413a2626091dad2bae381746c41e1ba714a3ea35e22f88562a2e
wqp,wqp:21SC60WQ_WQX-SV-339,2002-09,ANFIS-T-no-current,2133,0f139e80726d05587e9a90832b548d75b5e569d5e79dc8b29ff909dc52e859ae
wqp,wqp:21FLSFWM-ISTK2,1992-01,ANFIS-T-no-current,2133,0f13d6ea1e5cc5dc2e5541251c964ed7c7d244670845543dcceb0f87185f68ad
wqp,wqp:21FLSJWM_WQX-44673,2017-04,ANFIS-T-no-current,2133,0f14f1b06b151bffe893b9ba14df60c46bb01096254834bba07af2e298688d82
wqp,wqp:USGS-423556088365001,1995-03,ANFIS-T-no-current,2133,0f1a4f732e98e77d5dd56a5efc15e5a98a1149892dc14048e2e1365be8d8a8a7
wqp,wqp:21SC60WQ_WQX-PD-327,2017-10,ANFIS-T-no-current,2133,0f20a3786ae60f9be978842d800b9d0e4a9a863d80a5dd7957c63a9b82cf32d7
wqp,wqp:MNPCA-73-0014-00-100,1981-02,ANFIS-T-no-current,2133,0f215dc750f60a6bd463ca6d98f6c7c0d7bbf1078dcbcc13a54fd5075707c73d
wqp,wqp:21FLCOLL_WQX-LKTRAF4,2008-07,ANFIS-T-no-current,2133,0f217a106fe1f6db094aa89756beba2b4bac6ec603e4f6be37f81b294b89e964
wqp,wqp:21FLSFWM-A01,1982-05,ANFIS-T-no-current,2133,0f22ee9a630da11593fec92fe9e8bd293ef5f76e1d96d2b6a33bd84a27ef9c58
wqp,wqp:21DELAWQ_WQX-202021,2011-10,ANFIS-T-no-current,2133,0f23119db857db0418ead100abc6683c7d4af61ba1805bb81ea8ebd064d8960a
wqp,wqp:21FLSFWM-PLN3OUT,1988-10,ANFIS-T-no-current,2133,0f25df256ed2ed6a344cc972d75fdc1da3cf235200fd5715e46de98b15423c49
wqp,wqp:21NC03WQ-CPF086C,2013-04,ANFIS-T-no-current,2133,0f27550e80036a0b54f902792702618949e10ea4dc476a809d65c6f51a1c6862
wqp,wqp:21FLLCPC_WQX-IDAMERESSHDK,2009-09,ANFIS-T-no-current,2133,0f28e72b82d0d19525337e91de6ade7a660e5dce947c7c352a79c870268b7e1d
wqp,wqp:CAPECRD_WQX-290,2003-09,ANFIS-T-no-current,2133,0f2a23a1481268aab4d0328e0e5516b598cb1d4cc3765fd1dc767d9de2f82794
wqp,wqp:21FLSFWM-B08,1983-08,ANFIS-T-no-current,2133,0f2c0e7a4f908d8d9eb489eab4e3d4a87117b3025bc8c94a0d08b46ab3d1794e
wqp,wqp:21NC03WQ-NEU019C,2010-05,ANFIS-T-no-current,2133,0f3147a256bf1733838cdf12817869f447b3a5e94a1fc2a867079bc4b99aa7a7
wqp,wqp:21FLSFWM-D02,1994-03,ANFIS-T-no-current,2133,0f317a3306d3ce1ce29c86e763e9e411ad8253a2a7bef399adb227a6d5e77b9e
wqp,wqp:21VASWCB-5ASRN000.66,2009-08,ANFIS-T-no-current,2133,0f32f3383fcf0965a5dc87839aed6192d0bbc0e3bcc5bf37a9e7e3ddcaa7e5f1
wqp,wqp:21FLSFWM-IPOUT,1992-01,ANFIS-T-no-current,2133,0f33596d59226a54f521897f8685d70f0354044849ce3e63b509168b9d089419
wqp,wqp:21FLSFWM-C02,1984-04,ANFIS-T-no-current,2133,0f348693610c575e215d788b5c9e1ea5af682caecf7fa0b3eb40171da946644d
wqp,wqp:21FLSFWM-L006,2008-01,ANFIS-T-no-current,2133,0f36a7947a195cbc21ad3a205257a633560b1faa4093518b6a5b7faa9792bf90
wqp,wqp:21FLSFWM-L003,1990-09,ANFIS-T-no-current,2133,0f377d73298282e6986a9ce1bca6e18c6b6b378845181a6f4e1c7e1392b209de
wqp,wqp:21DELAWQ_WQX-108111,2007-10,ANFIS-T-no-current,2133,0f3cb06e14e1958d671ab8bcfe5b36c02a93e44709e8d02189751451c9e1b727
wqp,wqp:21FLORAN_WQX-CC9,2016-05,ANFIS-T-no-current,2133,0f3ddf867fd66b4e2f7388f1e5d202a9fdef161e8348f00b3e986c127741a00f
wqp,wqp:USGS-423659088354401,2015-05,ANFIS-T-no-current,2133,0f40c892a4441370da35ecb3e6bf22c1935e3d540ab6c9ea029e3f98cbdda3c2
wqp,wqp:MNPCA-62-0013-00-201,1987-05,ANFIS-T-no-current,2133,0f42410dfcbf0acef4d16f4089fa4a237803df366ee0124fb3df48146dbbbb8c
wqp,wqp:21AWIC-23,2002-01,ANFIS-T-no-current,2133,0f45b0c5fb2fbc624802c2b2dd545c8a1ed0173495fbe80aa3518d920e3ad406
wqp,wqp:21SC60WQ_WQX-SV-098,2018-08,ANFIS-T-no-current,2133,0f45cda70e62f3c1e69cbb3e75663988a36043ca890fce07c9ef64e86055d845
wqp,wqp:21FLSFWM-PALMOUT,2003-12,ANFIS-T-no-current,2133,0f46d3951c9c10efb58c87f283cc7753fb97d1a3fe999f5007fbfdb9c1c07ea0
wqp,wqp:21FLSFWM-TREEMID,1991-12,ANFIS-T-no-current,2133,0f47651ca6ed5e8d7c6f329a1a5c0fa4b5f4162aa01e664d84d400bf435b621c
wqp,wqp:21DELAWQ_WQX-303051,2004-10,ANFIS-T-no-current,2133,0f48c608336cb65b8e38df1195f7988286418a4b7abe44da5bfd27213a740e6b
wqp,wqp:21FLSFWM-LZ40,2004-05,ANFIS-T-no-current,2133,0f4a1305c405bba425da47574d6dd07046c2bf10dadb7bbe17ba97cf93e9842f
wqp,wqp:MNPCA-62-0055-00-201,1989-07,ANFIS-T-no-current,2133,0f4a7fa260b5dee193dee059e7dcfd8dc2dd9c5f6adda9ac0c72167daf7c470e
wqp,wqp:21SC60WQ_WQX-SV-335,2005-09,ANFIS-T-no-current,2133,0f4b0f86a22ef97df4458823439bfa329fb770b9c90fae213972ec3a51dcf511
wqp,wqp:21FLSFWM-L005,1998-01,ANFIS-T-no-current,2133,0f4b6c99b92a92367d2d1378bc1ea22b1a0b233c0e42f1c218a25c11dcaa813f
wqp,wqp:21FLSFWM-POLESOUT,1997-07,ANFIS-T-no-current,2133,0f4c728a590dd8e40ecc53c57f7cdb86642f2063e300b1f7f9e0b8970904ac41
wqp,wqp:21FLCBA_WQX-WAL-MORRIS-1,2017-12,ANFIS-T-no-current,2133,0f4ddbc3dd3530103f7333c1b23cca953dc1c24022377576892eaa612012c6f4
wqp,wqp:MTWTRSHD_WQX-GTOWN-LK-01,2011-06,ANFIS-T-no-current,2133,0f506842bf1f289b3ed2a2eb905ce3e1f440a58d09da8fc7120a0f93e2ab0f51
wqp,wqp:21FLSFWM-L003,1982-01,ANFIS-T-no-current,2133,0f51043e927f35a123f4d97d0cb296b6ec2b9da6f8722cdab4674fd8ef34161d
wqp,wqp:21FLSFWM-LZ42,2005-02,ANFIS-T-no-current,2133,0f5308d73b1a76f2ac28c1770541011837c45881205b42663df9fff8f095bd3f
wqp,wqp:MNPCA-86-0284-00-100,1984-05,ANFIS-T-no-current,2133,0f5435750cfe182b3f0658cb766d88edde8f8d26a160c9f3a257fc0367c22589
wqp,wqp:21NC03WQ-NEU018E,2017-10,ANFIS-T-no-current,2133,0f54d22ad2087679b709b592192054b0207a0caef54936a2d58fa6dfb31c62df
wqp,wqp:21SC60WQ_WQX-PD-327,2009-03,ANFIS-T-no-current,2133,0f56f3ee81b200f65e43f1f38452328ae26cf20bf8813cd2508656a2bf278127
wqp,wqp:21NC03WQ-NEU018C,2015-01,ANFIS-T-no-current,2133,0f5ebea57abed6ac31c16e2f24755b351a6a0d836ce8c7e67419632192534b26
wqp,wqp:21FLSFWM-L001,1978-06,ANFIS-T-no-current,2133,0f618541d236f20beb112eae273a4c4c33cc066a90b40c76498dcf2cbaad1774
wqp,wqp:21NC03WQ-LI01,2012-10,ANFIS-T-no-current,2133,0f62d3730baa631eb95398d70cc781b66f3dffb3865c07f2cb1ebee3250f766f
wqp,wqp:MNPCA-86-0281-00-201,1983-09,ANFIS-T-no-current,2133,0f6417953bd44d3994fde2e3752de8b52eb4abea2dcbd3f88fc21d6968f0e8af
wqp,wqp:USGS-423526088380101,1994-06,ANFIS-T-no-current,2133,0f652bc2a6702612bde774122e3c5036cdbc5648ed48335f0300fd7f0c5fd274
wqp,wqp:21FLSFWM-OISLAND,2002-02,ANFIS-T-no-current,2133,0f6574274d5c4a6349282e6c7a14425c49909e05b683a815927d0c37c2156728
wqp,wqp:21FLSFWM-C03,1987-11,ANFIS-T-no-current,2133,0f67d880d2bdef9754d94d19d27b645f1ee423261dc1cc6f1305f92b4018d409
wqp,wqp:21SC60WQ_WQX-CSTL-075,2002-02,ANFIS-T-no-current,2133,0f6881537d0e4503bd29b164f027ab63c7c3aec98f8ae6ef99631def9a5fdc2f
wqp,wqp:KAWNATON_WQX-KN-KL-005,2010-12,ANFIS-T-no-current,2133,0f6e6b1252a51d336f9fc3c39597cb8047a1c9ce2e30d43cdaa1e92506b4404e
wqp,wqp:MNPCA-62-0013-00-201,1992-08,ANFIS-T-no-current,2133,0f6e6ed8a3cd0eb2bec90f174234e6fb17edd4252745bc62db3e6ae1a8eac3fb
wqp,wqp:21FLSFWM-PALMMID,1988-05,ANFIS-T-no-current,2133,0f6ecf8e25b440163de5c7e22f8c606b9537d7b5d89ebe4b12e7f09c2a22175b
wqp,wqp:21FLSFWM-L008,2003-08,ANFIS-T-no-current,2133,0f711aad7416c112725b60b5337244430f5ce6ab64882ecfd95855c5541b0044
wqp,wqp:21FLSJWM_WQX-44676,2018-03,ANFIS-T-no-current,2133,0f7492878322c0b80518863eb2ea72b27cbc67d5e90982031781a505e043ee37
wqp,wqp:21SC60WQ_WQX-B-339,2005-04,ANFIS-T-no-current,2133,0f74994827232e567938d4a2b5d664ef7f7427d0143c7dec776214a8197da769
wqp,wqp:USGS-07144790,2017-09,ANFIS-T-no-current,2133,0f76b9e8cc45e3e730e51aa983d0ac588629a764ee2b58b60401a83b88a72ab5
wqp,wqp:21DELAWQ_WQX-208211,2005-07,ANFIS-T-no-current,2133,0f792ba58b183dc100217bb27d3930e3068afbcd7e9fed51d96b9a5602fb63f3
wqp,wqp:21SC60WQ_WQX-SV-340,2002-12,ANFIS-T-no-current,2133,0f7bcdf17855bb89540f0c41f5ff80a45151ce9ef003beebd61aad634fdff2cb
wqp,wqp:21NC03WQ-NEU018C,2016-12,ANFIS-T-no-current,2133,0f7d1ee07228961537dc14c870464393cf086a1dadf7bca96c2600d63e812654
wqp,wqp:MNPCA-10-0048-00-201,2013-05,ANFIS-T-no-current,2133,0f7d53731cac73d59e27ba1995e79c933221d033cd5110a54f286f2f9bcbe861
wqp,wqp:21FLSFWM-KBAROUT,1990-12,ANFIS-T-no-current,2133,0f7dda37bb0d7671ce72af31549f7baa772a650bbb7781c68c579895ee5e3889
wqp,wqp:21FLSFWM-L001,2000-08,ANFIS-T-no-current,2133,0f7f3b2b090addffa4fb49e391543b89546cab50b85dec305f1da439c5604f21
wqp,wqp:MWRD_WQX-BARR3P,2007-12,ANFIS-T-no-current,2133,0f7fa852fb2aeb64a22fc70987de0bc363e45d08c08f61b11ef57c520d266960
wqp,wqp:21FLSFWM-B09,2008-04,ANFIS-T-no-current,2133,0f81065653f8127f09aa84a6b7218454682c859147698b0cd0da738de5741003
wqp,wqp:21SC60WQ_WQX-SV-340,2008-06,ANFIS-T-no-current,2133,0f84d59a0a0ff2a288d649857c190958a8ea51b6966c97853df0e2778f4e3131
wqp,wqp:21NC03WQ-CPF086C,2000-12,ANFIS-T-no-current,2133,0f85465fba05fb7d2f5db20e301113a23c3fed89df6c3e59318dcf83d85dcaa9
wqp,wqp:21SC60WQ_WQX-B-327,2007-10,ANFIS-T-no-current,2133,0f8971b38d97469933674f44641d17d0fd8787683d914e8cd8340c9769a4446a
wqp,wqp:USGS-423526088380101,2016-06,ANFIS-T-no-current,2133,0f8993d2012961cf76d0c76f0f9d8139c485a0821f3ff3ae814cabd7a21a91c3
wqp,wqp:21VASWCB-5ASRN000.66,2010-05,ANFIS-T-no-current,2133,0f8ec366bbb17dee44f5872f86a9c064e6f8a3cfd4b873201ab44d1a3f26ef2e
wqp,wqp:21FLSFWM-PALMOUT,1991-03,ANFIS-T-no-current,2133,0f8ecd13c160865479523992ef1bba2d269ccf4f8be4e5987f37a3c438f06f1b
wqp,wqp:21FLSFWM-ISTK5,1992-09,ANFIS-T-no-current,2133,0f8f8ba49dc0d1bac3decc8d671e9146bfae393767e0b38e2242b2294bd03a61
wqp,wqp:21DELAWQ_WQX-308071,2009-09,ANFIS-T-no-current,2133,0f92734674e7201172a8eea6ec69d2d23094a58b665d67d8a6970bcc72c101ce
wqp,wqp:21FLSWFD_WQX-23641,2009-12,ANFIS-T-no-current,2133,0f98c42b9121bcc20589e115838ca3e132b15ad17530e9ca1fcbe8f3d0c8f5aa
wqp,wqp:21DELAWQ_WQX-307011,2017-02,ANFIS-T-no-current,2133,0f9a2d97b855c3db2ba0a6109217219bf0bec1980bd7b527cf96b61125f5b035
wqp,wqp:21NC03WQ-NEU019L,2011-05,ANFIS-T-no-current,2133,0f9d692ffda3bd5090ba3e33aa388267a09d28da8d8a1aa79f2500b6c3f240a2
wqp,wqp:21FLSFWM-STAKEOUT,1996-02,ANFIS-T-no-current,2133,0f9ec94c5c901e21e75e5f3b7bfc7f6a6962487231ac8751ea67f668335c09f8
wqp,wqp:21FLHILL_WQX-135,2015-07,ANFIS-T-no-current,2133,0fa0fa5b9587a30b97319e176d5b7587e0001a67f14304c8d2e77bed6adb0cdb
wqp,wqp:MNPCA-82-0046-00-203,1997-06,ANFIS-T-no-current,2133,0fa19a6bdb5095cf1114bc2cca63e82eba7175d166cfc8c3479609a68e218863
wqp,wqp:21SC60WQ_WQX-S-308,2010-11,ANFIS-T-no-current,2133,0fa1c3f35e390ca503ea02567ecf2fd7d0788fb818ccca21ce1b7227800f6bac
wqp,wqp:21FLSFWM-A03,1982-02,ANFIS-T-no-current,2133,0fa42476a6cf46e66ef710c98c9345ad1fc65985da6c491ecb394155401911b9
wqp,wqp:21FLSFWM-L008,2006-09,ANFIS-T-no-current,2133,0fa6c74b182f4fc08405b8f7dd7df483883cb5edb8d60fb29f45b5db5977a1eb
wqp,wqp:21FLSFWM-POLE3S,2000-05,ANFIS-T-no-current,2133,0fa7dd83c02797f3151c1561d81ad8ca1a0ba45803c59a1b2e9bfca70db74bad
wqp,wqp:21FLSFWM-C03,1998-07,ANFIS-T-no-current,2133,0fab4bbeaaf8b62c6ec633d7286b1f453d348cc955d3c078a66ca029f04f2e1e
wqp,wqp:21FLSFWM-A03,1984-06,ANFIS-T-no-current,2133,0fad197c3429ffcbd752141c5d1302bbdc7cde0e2cbe62abd47cad32a578d98f
wqp,wqp:21FLSWFD_WQX-23113,2017-08,ANFIS-T-no-current,2133,0fadcddd6669d46fc3f959e36dc87f16b164642d4260cf22f3a444c7101762d3
wqp,wqp:21FLLCPC_WQX-TROUTDKEUS,2016-11,ANFIS-T-no-current,2133,0fae6a3f4a005eb290e0e841a379715e7346a6cdc2889b98de7afd05c3f70016
wqp,wqp:21SC60WQ_WQX-SV-268,2018-05,ANFIS-T-no-current,2133,0fb81093c43cc9d9108da5e6f2f12e2c45dcc68217e439a70707727659d75a71
wqp,wqp:21FLORAN_WQX-CC13,2006-01,ANFIS-T-no-current,2133,0fb87c61f5e8400f0ce37c979fc4189cbd869726142d48deb4e958564df25744
wqp,wqp:21FLSFWM-L008,1993-12,ANFIS-T-no-current,2133,0fbc11738bd3ab990ae4afdb3c700291e04fe79394e0d147b897624e6d1e240d
wqp,wqp:MNPCA-86-0252-02-207,1984-06,ANFIS-T-no-current,2133,0fbc39adfa2bff44abec9dfd221a9576fcf37e2d5385b8cc680e928b0fa29c98
wqp,wqp:21FLSFWM-CLV10A,2007-01,ANFIS-T-no-current,2133,0fbd0e3a5ce5668eb416d0c0122a53bb29377555c9816bd53fb7c721bdc2000e
wqp,wqp:21FLORAN_WQX-BC14N,2008-07,ANFIS-T-no-current,2133,0fbdad2e3ade9293f00abc9b61d1cf63932d5aee641d3ba45fb53b06b223e1e1
wqp,wqp:21SC60WQ_WQX-SV-340,2008-02,ANFIS-T-no-current,2133,0fbeca14a7a87dfbdac009de3bb9899fd1a934f3d2e012ffda366bb1d05dd204
wqp,wqp:21FLORAN_WQX-BC6,2005-09,ANFIS-T-no-current,2133,0fc107bdbb27a6df40715d1d2fc90671b3fc89a874205732a6a53cfba6c9a340
wqp,wqp:21FLSFWM-ISTK4,1995-12,ANFIS-T-no-current,2133,0fc19d6fcc5690c67951c3fe05182b573ff2be8e725d645362083500f4975978
wqp,wqp:21SC60WQ_WQX-CW-197,2008-10,ANFIS-T-no-current,2133,0fc27e630fb8d95326d60c912fc777a94c6b16aea535e0086def8c799443da54
wqp,wqp:21SC60WQ_WQX-CL-089,2012-03,ANFIS-T-no-current,2133,0fcbe24fa18ae5a3533601a11bfa21ca8a18c315587c82476ea399c077e5e391
wqp,wqp:21DELAWQ_WQX-110011,2018-08,ANFIS-T-no-current,2133,0fcc2d18067055b668967444c87c2cb9948d57a1c65873cc76a018e98a68968f
wqp,wqp:21FLHILL_WQX-135,2007-01,ANFIS-T-no-current,2133,0fccc40e232dffe4c934779abca4ffce87e22b87dcccbc551f4be28e67c24601
wqp,wqp:21FLSWFD_WQX-23609,2008-04,ANFIS-T-no-current,2133,0fcde24719400be458812bf3aa48f566b4cd9dfc769e5027acbda74493f1e649
wqp,wqp:21FLSWFD_WQX-23438,2007-03,ANFIS-T-no-current,2133,0fd3f319eb6d2795cad1d7c26cc12a743ae049a6349f4a8b1c726ff659db82ec
wqp,wqp:21FLCOLL_WQX-LKTRAF4,2015-03,ANFIS-T-no-current,2133,0fd8fc418c405eda95efd8d556232c7fa4d2b233a16dd334a7cda0823ec956f1
wqp,wqp:21DELAWQ_WQX-304321,2010-10,ANFIS-T-no-current,2133,0fda890066092b6e1b05f17872b95d513dffe00d346502e7768f9e5a62af71bb
wqp,wqp:MNPCA-10-0007-00-201,2017-08,ANFIS-T-no-current,2133,0fdd6ad0d56d71d639e3536ab30660d31e4ab7da4c735f35fa287550f85b3df5
wqp,wqp:21FLCBA_WQX-WAL-ALLIGATOR-1,2017-12,ANFIS-T-no-current,2133,0fdde1b955e911be79842699ddcc3b0cea63605b0eaa59abdc02a0c3c80ac7e9
wqp,wqp:21SC60WQ_WQX-S-022,2001-05,ANFIS-T-no-current,2133,0fe0939f0856b9f79e431809bbfceab0dcf102f1e188aba71451a1e86c288f71
wqp,wqp:21FLSFWM-D02,2003-07,ANFIS-T-no-current,2133,0fe4fe751c6ed44cfa2d2a3bb42cee743bd7bb9bb19b7f9e6b1631442a6455a2
wqp,wqp:21FLSFWM-MH32000,1998-03,ANFIS-T-no-current,2133,0fe8673f82d6f4c99712ab12bdc1cf298a8e8efb2e570a21957527c81a85e8a7
wqp,wqp:21NC03WQ-B2450000,2014-10,ANFIS-T-no-current,2133,0fe92dab2a4c2bda4799b882f096cfe2d397d0c5af998ee820af47046f85c41f
wqp,wqp:KAWNATON_WQX-KN-KL-005,2013-09,ANFIS-T-no-current,2133,0fea3cdc9ea1d89ec25d734db13452d88b0881144c9bb7574e67381a1b2e437c
wqp,wqp:21NC03WQ-CPF087D,2015-04,ANFIS-T-no-current,2133,0fedb84283e668f5a58b08da48affbed25cbddb77331bf86cb58fc0281e2e356
wqp,wqp:21FLSFWM-ISTK1,1997-11,ANFIS-T-no-current,2133,0fee1c7dcc684ba80449a1fe66719f40edfb74553c93f679e3e31f2f6301f138
wqp,wqp:21FLSFWM-RITAWEST,1991-01,ANFIS-T-no-current,2133,0fee28b228c731319269e0e4520574bcf78c31a46d8c50fe720ea3f5c815530b
wqp,wqp:21DELAWQ_WQX-308071,2017-01,ANFIS-T-no-current,2133,0fee87c51ed63258faca10a2f28a70058fc1e5c08ae1dcae07a4329511f63e3e
wqp,wqp:21NC03WQ-LI01,2017-06,ANFIS-T-no-current,2133,0ff06c4b4942c194b290ff74da5837112d801c16d48725110839703be20b154f
wqp,wqp:MWRD_WQX-BARR3P,2006-05,ANFIS-T-no-current,2133,0ff0aed6f975d308866a388b73b2e8d939618a452bee816532cfccf2c15792cb
wqp,wqp:21FLSFWM-LZ30,1986-07,ANFIS-T-no-current,2133,0ff264e20d5bcc43abb93307b9ca1e7a16f8773b79b554520c2673d8e9eb4711
wqp,wqp:21SC60WQ_WQX-ST-032,2009-07,ANFIS-T-no-current,2133,0ff2add0fa9866caa32bdc50999e9adea5b78d38e17ee7c36fafe6e5818c7e8e
wqp,wqp:21FLSFWM-TREEIN,1988-03,ANFIS-T-no-current,2133,0ffc26c52d7966a2b1ccf2c64deb4dc972e9ace0b0a87dd6fe94573169d51fa8
wqp,wqp:21VASWCB-5ASRN000.66,2007-02,ANFIS-T-no-current,2133,1002d3aa72290068c42720a3d324551014b350420f6fb1289c2a7307bd9f1d03
wqp,wqp:USGS-07263299,2003-09,ANFIS-T-no-current,2133,10088b1be02f87ec09332023b3ef3f9a318b15a4156184f965379372c6202adb
wqp,wqp:MNPCA-25-0001-00-215,1993-09,ANFIS-T-no-current,2133,1009e88bdffb9e5a0fd922e67214ce0bc67e7e23e9caa4ac349dc05de902c88b
wqp,wqp:21SC60WQ_WQX-SV-335,2012-12,ANFIS-T-no-current,2133,100a3fbd1b5e8c0c9478e5ba09d76b0198187bca47a07704d4e5fc8d730d56fe
wqp,wqp:21FLSFWM-OISLAND,2004-03,ANFIS-T-no-current,2133,100af04586df603eada8f1be369231997c9b0f0b5e05bffc4975902a8040003a
wqp,wqp:21FLHILL_WQX-135,2010-11,ANFIS-T-no-current,2133,100b9b96483b90990d5e4796d2b5cbc339da621c3dc79a1ea486f2024ecaa275
wqp,wqp:21FLCOLL_WQX-LKTRAF4,1998-04,ANFIS-T-no-current,2133,100e0fb16c83825bbe2ace7a06ebd68421046065379f0f56e299085577e98fca
wqp,wqp:21FLSFWM-L006,1994-02,ANFIS-T-no-current,2133,100e52ea6baea8f7cbe4b159f20ffb1800154df2b02aea03b594e5d16583e86a
wqp,wqp:21DELAWQ_WQX-208181,2018-03,ANFIS-T-no-current,2133,101247e50d80e76225023a2298c948801b501f6ccb53ba28135ca1a8337d9a8a
wqp,wqp:21FLSFWM-CLV10A,2000-10,ANFIS-T-no-current,2133,1013d78d31fe4da70f48e2306a4378048313d6b45b7dad28d6230872a4ab9ce4
wqp,wqp:21FLSFWM-L001,1978-08,ANFIS-T-no-current,2133,101643cded49c2a904bb9d10f4746ba57f55612a5aa87985e0a522ae9f4a594f
wqp,wqp:21FLSFWM-D02,2002-10,ANFIS-T-no-current,2133,101646df2d56cb5e1b7726dd3cf72611c8d819ac4c2a4d672cdf6f7b1cb7308a
wqp,wqp:21FLSFWM-D02,1987-11,ANFIS-T-no-current,2133,10183e720a2bbfe08709c34690696d45861c0074ad39868119b29c603e736cd4
wqp,wqp:21FLCOLL_WQX-LKTRAF1,2011-03,ANFIS-T-no-current,2133,1018cab6f1a99913d539ee73e9693ec5d3b8f033f0aa6810592bfa38f70f80ca
wqp,wqp:USGS-07048910,2017-07,ANFIS-T-no-current,2133,101a999984b74f423e669b3aecf0cb562fb5cab7e2430408f8ecd53c0fa70934
wqp,wqp:21NC03WQ-CPF055C6,2013-11,ANFIS-T-no-current,2133,101c33efa4d85d142c46b18e26400af9ff916b20d8614e2d7b9c50e2db3f1986
wqp,wqp:21FLSFWM-PALMOUT,1997-08,ANFIS-T-no-current,2133,101d0e9099585056d5529a8fa056e0bf12b7c9987a0b9ebd2211693e2fc36c15
wqp,wqp:MNPCA-02-0045-00-202,1996-04,ANFIS-T-no-current,2133,101d184f5477ff8e24f34da5fc0dc7b9188d8f39321e14522d499a1d81c7af4e
wqp,wqp:21SC60WQ_WQX-SV-339,2007-02,ANFIS-T-no-current,2133,101ecb545c7b7bb7b15ea2ad61ea61b1849d5cd208b44c0eef5991c266d5263d
wqp,wqp:USGS-07049690,2001-08,ANFIS-T-no-current,2133,101ef8fea74b1786611e19db2b843332b8b4e6a6e5f44d0d4ff1fa8d150561a1
wqp,wqp:21FLSFWM-PALMOUT,2008-09,ANFIS-T-no-current,2133,1020a18be81dc9e538a0282392b96ad09d823d7e4ac791bbdb294e91d876c481
wqp,wqp:AZDEQ_SW-32,2018-09,ANFIS-T-no-current,2133,10210d8f7efcfc5fa2ed81c2b5b676142323e93cc62a50ff38e604979ecc4639
wqp,wqp:21SC60WQ_WQX-S-024,2004-12,ANFIS-T-no-current,2133,102140988e3c5d040099617ec7f97dca5b98310960b3dea3e348b8b54175bd3c
wqp,wqp:21FLSWFD_WQX-23624,2011-08,ANFIS-T-no-current,2133,10232ef92399c27121cbe5b797ea4d0fb88b800a65812ef1402c99dcc778fcf6
wqp,wqp:21FLORAN_WQX-CC9,2014-09,ANFIS-T-no-current,2133,10265e3271e2e8cf17c9e857567d611c64263a3d66ba7cca897672207bb74e1e
wqp,wqp:21NC03WQ-CPF055D,2014-02,ANFIS-T-no-current,2133,10269bfa10be949fab6f2d9776f075a562c672bca2796671767ff57cd7e3a8f4
wqp,wqp:21FLSFWM-C03,2002-06,ANFIS-T-no-current,2133,10282db893d1833ce96571f563452c1766e4dad96bdc125ca6496177b58b99c4
wqp,wqp:21SC60WQ_WQX-SV-331,2018-08,ANFIS-T-no-current,2133,1028d22585e152ce194b506efcd25b05d3c3a3bef09079f9144789953c34a304
wqp,wqp:21FLSFWM-POLESOUT,1991-10,ANFIS-T-no-current,2133,1029eb4d186976dcc11cafb0202a75960deed396d00d2f6f415b7b3e10a27d49
wqp,wqp:21NC03WQ-B2450000,2010-12,ANFIS-T-no-current,2133,102c12823facc570380829e818f7fa2ac966a5992533142c275cc41c5562d53c
wqp,wqp:21DELAWQ_WQX-206361,2018-07,ANFIS-T-no-current,2133,103585f019d1a8a600dd63dd1ade8f5bf1936f17cca8c6f07b083ac85a6d076a
wqp,wqp:21SC60WQ_WQX-S-024,2013-10,ANFIS-T-no-current,2133,1037db90a87b58a9a7fabf9b515623ca702059c14a762f95636c736ee7564e63
wqp,wqp:KAWNATON_WQX-KN-KL-005,2015-05,ANFIS-T-no-current,2133,1037dc04a53383d3b67f7d29dc1c3e2bc7d636b6747d1271df8a63bf480d5c03
wqp,wqp:21FLSFWM-KISSR0.0,2007-02,ANFIS-T-no-current,2133,103839988d5d48fc9bea49df54ae42b2b71a4fef906d80d5a9268a774f6b414c
wqp,wqp:21FLSFWM-L001,1993-11,ANFIS-T-no-current,2133,1038db80472cc95627495f3504c0722201335d073bb3fc69e6341f0c3f2d1013
wqp,wqp:21AWIC-81,2016-02,ANFIS-T-no-current,2133,103926e4036452c1d4bad8c3b6ae6e79088ff182b792e7f111ffa6de4f0cb218
wqp,wqp:USGS-07048910,1987-01,ANFIS-T-no-current,2133,10398f198631f934b6bae228336203cb35bb2364a89bbcb404e83030ff834569
wqp,wqp:21NC03WQ-CPF087D,2012-01,ANFIS-T-no-current,2133,103d0249660aa38684af0ed3a64e3a664fb38351dca0a03bac64b1767561b538
wqp,wqp:USGS-423556088365001,2017-08,ANFIS-T-no-current,2133,103e1d89e2d0ee177a755f66a0f4d88f71eb7f32f22fdfdcada024832439405d
wqp,wqp:21SC60WQ_WQX-CW-033,2011-08,ANFIS-T-no-current,2133,103f7e54508d6a90e3057dff773a7dabc9caa1754c1d97cc7a08b87652e2c7f7
wqp,wqp:21FLSFWM-L008,1979-03,ANFIS-T-no-current,2133,10403013dcd54484a2a59cd05fbd6691a3efef4847c7976cdf963afa073ab81b
wqp,wqp:21FLSFWM-MH32000,2003-02,ANFIS-T-no-current,2133,1041533cce20efb142d76b2afe6aacb3f117a5763ae97151d80265b9d929f877
wqp,wqp:KAWNATON_WQX-KN-KL-005,2009-07,ANFIS-T-no-current,2133,1041d84800ec81b22f20f0356e009dffa60ce47291e4d2a7258932d83ed8ad8d
wqp,wqp:21FLSFWM-L004,1997-02,ANFIS-T-no-current,2133,10457dfdf07f8f309bc5a6d747a8beeac4c482c44cf6831fa91eda4626b07d0e
wqp,wqp:21FLSFWM-L004,1998-07,ANFIS-T-no-current,2133,10460f68a27a3ad25646521d6cc239213f5674c8f0c2437ad0ca360187534f14
wqp,wqp:USGS-072632972,1991-11,ANFIS-T-no-current,2133,1048fe1337383d7f414c5f741c44d058d1bbb0ef6e728de966a4a78f3558bed4
wqp,wqp:21SC60WQ_WQX-CW-231,2002-06,ANFIS-T-no-current,2133,1049488ca467723855e1232abf757c575fa0b6506304ebd9b30ca3a1a4216521
wqp,wqp:21SC60WQ_WQX-CW-231,2006-12,ANFIS-T-no-current,2133,1049c1e118e58c9a88bd5a33862ace76dc0f1e56bde2a268c7b0849b3fb2b65d
wqp,wqp:USGS-07263299,2010-12,ANFIS-T-no-current,2133,104a69a72531665d8d6d31ae55d7c2ec79cce622df34f162f431a99304dc26d4
wqp,wqp:21FLSFWM-POLE3S,2006-09,ANFIS-T-no-current,2133,104ec76490468c781d9c4390453925d143be194f136db4d2a1752db3a967c34a
wqp,wqp:21FLSFWM-C02,1985-04,ANFIS-T-no-current,2133,1050a1a9efaf5bf7af26e91a986a13d4f2a62cba46e97bce1a4e72763d133196
wqp,wqp:21FLSFWM-B08,1983-11,ANFIS-T-no-current,2133,10515012b1884116da6ec77db79df6e65d7d1bf8c74b73c43ca5109025da5811
wqp,wqp:USGS-07144790,2013-02,ANFIS-T-no-current,2133,10527ccab031bf485d1d6cba4a725dc23aed2112f960a1466291cf41781c11ef
wqp,wqp:21SC60WQ_WQX-CSTL-075,2000-07,ANFIS-T-no-current,2133,10570131f2c07ef96e7bdea4b0e06701e7f031ad21db9a0b92a81fb3a408b046
wqp,wqp:21DELAWQ_WQX-108111,2015-07,ANFIS-T-no-current,2133,10579206e2c619dfec456025e8c6462ce7df35e6dd5e67eead21478614d35b61
wqp,wqp:KAWNATON_WQX-KN-KL-005,2018-12,ANFIS-T-no-current,2133,10589861dd63241184609a075b3b461327314c4d3252e5e7623be1a4a783ddb9
wqp,wqp:MNPCA-25-0001-00-261,1991-03,ANFIS-T-no-current,2133,1058baa91936b791162ed2602632cc5e7c846efef984da11c8021f3c9c2aae43
wqp,wqp:21FLSFWM-E03,1983-08,ANFIS-T-no-current,2133,105b09f1e28d89573c0f7c1fb9a39d42962654d36b084392552ef9ff6b91ff87
wqp,wqp:MNPCA-25-0001-00-215,1998-08,ANFIS-T-no-current,2133,105bd71776566b413d5da9cb7b5d745c9a3b09984249040e8fa01a5600a6f6f4
wqp,wqp:21FLSWFD_WQX-23641,2011-02,ANFIS-T-no-current,2133,105d48f1bca4193c80b2c315594edb5189ed71829812a623358cc584d559a77c
wqp,wqp:21SC60WQ_WQX-SV-335,2009-04,ANFIS-T-no-current,2133,105e67ef44c7aa988e51b2b5fff442c4dc0246fb76c17884c433d53cd885961f
wqp,wqp:21VASWCB-2-XDD000.40,2009-09,ANFIS-T-no-current,2133,105fd5d5d84558b3d9c7a3dc09285b7b1a501f4e9348007417f518b107b61331
wqp,wqp:21NC03WQ-CPF086C,2014-06,ANFIS-T-no-current,2133,10636c6fa027db7acf6b39ca20c6b5737c20dd329c0938f2642bf7c78e94c206
wqp,wqp:21SC60WQ_WQX-SV-236,2018-03,ANFIS-T-no-current,2133,106400fbf9f0b3f185923aa383c8cc6a6b5fd409ea8789cd520d0c9bc64e01fb
wqp,wqp:21FLSFWM-FEBIN,1998-05,ANFIS-T-no-current,2133,1065da987c24080c9590eb37a7f319c51a8cce8848d65e542217cf73ae52dec8
wqp,wqp:21SC60WQ_WQX-CSTL-075,2007-03,ANFIS-T-no-current,2133,10677f106408b0ff821b81167bf9082abbf52add6057d927cff547a1bca55c8f
wqp,wqp:21FLSFWM-MH16000,1999-12,ANFIS-T-no-current,2133,106b4c4c782f1e3abd4ded44bf91fa649b9a1529c899ad23e2f6b45f30d83974
wqp,wqp:21DELAWQ_WQX-208211,2004-11,ANFIS-T-no-current,2133,106c941778c90cc25d15552636d5493ebaf3ece61cb2b9db31a28b1650fab240
wqp,wqp:21DELAWQ_WQX-208181,2006-08,ANFIS-T-no-current,2133,10710b5d5adaed9fd4e90f1c481451aa212c3788dd547e0032d369f56eb9b7a9
wqp,wqp:21NC03WQ-CPF087B3,2009-09,ANFIS-T-no-current,2133,10738d511d427fef12b77f923f4f6e028ca2286bb10bdee33afde219cb275d5e
wqp,wqp:21SC60WQ_WQX-CL-094,2009-06,ANFIS-T-no-current,2133,1073fba297e81376166e70774e1fb0217bd82321baec3fa20764b018a4d575de
wqp,wqp:21FLSFWM-ISTK5,1989-02,ANFIS-T-no-current,2133,1074c1151f2e4bfd3482ac2829f71db68ea266bc5a18ded1a5e5d68ee76c9d27
wqp,wqp:21FLORAN_WQX-HB53,2018-04,ANFIS-T-no-current,2133,10767eb9155c90cb6afb0c3c73ac2ff747a90a0056c6c496ac53ae4689b6feff
wqp,wqp:MNPCA-62-0007-00-203,1981-03,ANFIS-T-no-current,2133,1077ab2289e3b41dda68dcd6120e45cce058680b193d2b67dfae57c828594942
wqp,wqp:21FLSFWM-LZ2,1994-08,ANFIS-T-no-current,2133,107976e5a01c1c880244a5ba5c95e092e00132871150326aae7561de54699e09
wqp,wqp:21FLLCPC_WQX-GREENWSH,2014-08,ANFIS-T-no-current,2133,107aeb8258cfebf4a89fbe0bef4b1f20b094d1b00b3558e687f10423a7e873c8
wqp,wqp:USGS-07263299,2013-10,ANFIS-T-no-current,2133,107cba90b98070ba0b51609ad8e69fb31f2a67375c80fd3966919715c597326b
wqp,wqp:21FLORAN_WQX-BC6,2009-01,ANFIS-T-no-current,2133,107e17bf086cc551fccb500357aafb1051cf1b3948e86b5dfdc200c1f9f9c971
wqp,wqp:21FLSWFD_WQX-23389,2003-12,ANFIS-T-no-current,2133,107e86267f9cd22f6ea1d8fe462170e1c6cbf47c9bb7e1b7aa68f383ae88c8e8
wqp,wqp:MNPCA-02-0045-00-202,2001-10,ANFIS-T-no-current,2133,107f2f74eb8f667f4e75bf8337b7f915f4219390a0ef81194bc7ee09f32d1cc2
wqp,wqp:21NC03WQ-LI01,2015-06,ANFIS-T-no-current,2133,108acfa7b0503fc817da9cba60645c415f7412339c84db662ecb88f5b8eb1b71
wqp,wqp:MNPCA-82-0046-00-203,2011-09,ANFIS-T-no-current,2133,108bf8ae8c440f296f643bb36250ddba44665a4a62eb1c3da7ba92bfe184b3fd
wqp,wqp:21NC03WQ-NEU018C,2016-09,ANFIS-T-no-current,2133,108e3a09587bcaf281672bda12e047afc3f68d8e4385af0a891ac163b14ed550
wqp,wqp:21SC60WQ_WQX-CL-089,2009-05,ANFIS-T-no-current,2133,108f53d869317bbd80861a95b7efa76772dfedc3a28b63de6c47ecb4110b24cf
wqp,wqp:MNPCA-82-0046-00-203,1999-06,ANFIS-T-no-current,2133,1090c93e9793073596ad56c31f6937418de45faa6d12947fe27734987213beac
wqp,wqp:21SC60WQ_WQX-CW-197,2005-10,ANFIS-T-no-current,2133,10933f0b11bfcfc6d22c8e8e693a20ea6a27f428d633a18450a917cdf46b1409
wqp,wqp:21FLORAN_WQX-CC11,2008-11,ANFIS-T-no-current,2133,109353b978bb48211ca18146cd9f7713fa70ec249f6c2d4d40e5a1f1922b3010
wqp,wqp:MNPCA-02-0075-02-203,2002-05,ANFIS-T-no-current,2133,1094a6db0a5338657d4f903c4f14ede19b79ec1ef59ea3dd0178855b7e4a05a8
wqp,wqp:USGS-07048910,1993-01,ANFIS-T-no-current,2133,1094e853c1ca568b37ac1e7381f070b858c14f1e12bbf7934df249a1bb31a234
wqp,wqp:USGS-072632992,2009-12,ANFIS-T-no-current,2133,10961466be68bf41b9a3eb44e2649cd91b9771ac57271fbd81d0db5203dd6d03
wqp,wqp:CAPECRD_WQX-262,2018-06,ANFIS-T-no-current,2133,1097b892954be28f9f5dae9b7eb08a1ec7a41b1d9da182af4b689e4a350e4ea3
wqp,wqp:21FLSFWM-L001,1986-05,ANFIS-T-no-current,2133,10983d0a98930bb0927594fc8053b93d07c1a2fd8a372d62090dcd97848aa664
wqp,wqp:MWRD_WQX-MILTON3P,2010-06,ANFIS-T-no-current,2133,1098ac471823cf5175c28011acb761c48e58123e1f938519d3798a7076d55726
wqp,wqp:21FLSFWM-STAKEMID,1996-08,ANFIS-T-no-current,2133,1099eda4c2713e60f067d0b5590d646f9ce2e98b4db45e3b0d27d8861c8cb428
wqp,wqp:21SC60WQ_WQX-CW-174,2018-06,ANFIS-T-no-current,2133,109c607c8da9075b6f2a708bf2fc2d151691356a3dd6475c5f3c11717ccc879b
wqp,wqp:21FLSJWM_WQX-44494,2018-08,ANFIS-T-no-current,2133,109d7f6fc3f9134a185a43f3c0e1acd08d05558dac9b697f8027c1e4898c574b
wqp,wqp:21FLSFWM-LZ42,1995-10,ANFIS-T-no-current,2133,109f2c19356de5d0de1616162d71678cdfa57788a14e617d77ff39bf71cef372
wqp,wqp:21DELAWQ_WQX-303051,2012-02,ANFIS-T-no-current,2133,10a2a25d2c3b466071ed62ecb7b7a22ce5adf474791d7c87ab4a9ea524d366ff
wqp,wqp:21FLSFWM-ISTK3,1994-02,ANFIS-T-no-current,2133,10a374d0d54b9683f9b29a2cb63da4987fd9d8ef4a084b3c22307a1c34dec1f4
wqp,wqp:21NC03WQ-CPF086C,2007-08,ANFIS-T-no-current,2133,10a478613b369e8fc5d6f041f5123fc99c518afc4400d0bcef456c3d5967a370
wqp,wqp:21FLORAN_WQX-CC17,2018-08,ANFIS-T-no-current,2133,10aed147e1f7b2a19766c926330104f5e8acc5f8b2287de04dad86ec475b87c6
wqp,wqp:MNPCA-82-0046-00-203,1995-08,ANFIS-T-no-current,2133,10af48bb3d0840ff4022dc115a947f3bd475b73d4a0c7cdd2d6f83067977cc30
wqp,wqp:21FLORAN_WQX-CC13,2008-09,ANFIS-T-no-current,2133,10afb69c812368aa464bcc944ca653ccb3be9d6a8b4a80e8f9dd1d110d48d6c5
wqp,wqp:USGS-07263299,1990-01,ANFIS-T-no-current,2133,10b1157118965b26a955260f6403651a2adcb7183d908f22e6f5a8a8b83d297c
wqp,wqp:21FLSFWM-B02,2000-05,ANFIS-T-no-current,2133,10b2b40f72c34df845a652905fd9156f591356ebccc85b8f3fe550e8180b41f0
wqp,wqp:21FLSUW-ALL010C1,1997-07,ANFIS-T-no-current,2133,10b536442d192db376a8165ff9d9afc60290ad5572e12e158438d96061537f10
wqp,wqp:21SC60WQ_WQX-B-327,2014-01,ANFIS-T-no-current,2133,10b623704948c9f6e8d75854e0c247c3d3b6cc95642336aaa108a4ffc5884eda
wqp,wqp:21SC60WQ_WQX-CW-033,2015-11,ANFIS-T-no-current,2133,10b7290ddf7f4e3ef09073ecad847b1fb17a9a0948b541eb1f346940f2b582b2
wqp,wqp:21NC03WQ-CPF055D,2011-10,ANFIS-T-no-current,2133,10b9d1dd5b90e59f64393a9040a13037efa77d87e657787380a4c82938678752
wqp,wqp:21SC60WQ_WQX-CL-089,2008-08,ANFIS-T-no-current,2133,10ba58b595257708a8edb42f35d35454211919fd539364f501d4156d2dc1fb44
wqp,wqp:21FLSFWM-B06,1995-03,ANFIS-T-no-current,2133,10ba881501767d814357711084ed71630b6b196068534439cad795fc8cac7503
wqp,wqp:USGS-07049200,2017-09,ANFIS-T-no-current,2133,10bab9b151789de6f608d979e94cfab7eb3382d242d02b1bfed8831708754a36
wqp,wqp:21SC60WQ_WQX-CW-207,1999-01,ANFIS-T-no-current,2133,10bb8b2a4f855f2a9d4d8ca848ca32c175616b64912e18f24a66f66988cbe975
wqp,wqp:21FLSFWM-L006,1981-09,ANFIS-T-no-current,2133,10be6a8ffe28f024ebf36e65dc1ecbf7941ea54654b8408dfe3c0325c2114ca8
wqp,wqp:MNPCA-02-0045-00-202,2005-08,ANFIS-T-no-current,2133,10bf6213950aba19d3b7d12d01d115e07058e68c16d6aa633afa23ce48e018c0
wqp,wqp:21FLSFWM-L005,1996-08,ANFIS-T-no-current,2133,10c19f1438a8fae5b4a002a82c1d113cc7415d9a4ae3f5ab37cdb554106b9dac
wqp,wqp:21FLSFWM-LZ42,2008-04,ANFIS-T-no-current,2133,10c2068d84df98909d69d6c401e72e57ebd45b92395b3554003cad658b7bd4ab
wqp,wqp:21SC60WQ_WQX-SV-331,2005-03,ANFIS-T-no-current,2133,10c2ab634682dad4a3f561a00d4ebfe700bf56977578e175015e6b4414b00fa9
wqp,wqp:USGS-07049690,1983-11,ANFIS-T-no-current,2133,10c6ed112973a45b74dab21e7e802753c59797e77450e663e26599ea51714a59
wqp,wqp:KAWNATON_WQX-KN-KL-005,2017-10,ANFIS-T-no-current,2133,10c7924ea26b575ede2d075566bad3ae2a7b8def446588431ecaacee7753cb5d
wqp,wqp:MNPCA-62-0055-00-201,2011-08,ANFIS-T-no-current,2133,10c895c928c06e30cf56ced2a15868bb1c36a73fe6aeef5cb9cb457e250f0625
wqp,wqp:21SC60WQ_WQX-CL-089,2018-12,ANFIS-T-no-current,2133,10c89c79d9432100d9c9258e50ebb12317e89887d746eb345aa0e2254a216a12
wqp,wqp:21FLSFWM-KISSR0.0,2005-06,ANFIS-T-no-current,2133,10c9cc88bf06a7be1e206d0b6699b221365ec9297eba82724aacbf0b5906011d
wqp,wqp:21NC03WQ-YAD152A,2000-08,ANFIS-T-no-current,2133,10ca5af634b4b692441d5919b76659322918634e025e060d79f81bd79a71fcd5
wqp,wqp:21FLORAN_WQX-BC14S,2006-10,ANFIS-T-no-current,2133,10cbfd34800427a38e1a942a93b9eb828e3c6d71122bc6bf9c7a5c7e0abb9ef9
wqp,wqp:21DELAWQ_WQX-110011,2004-05,ANFIS-T-no-current,2133,10cc08598cd160833bd42c1a70525c78ccef3952ffa59a71ab61acd7578c90df
wqp,wqp:21FLSFWM-TREEIN,1997-04,ANFIS-T-no-current,2133,10d0643dab6fbb29f286ebdd4da214f0486d5048251414e2f33f623523c77279
wqp,wqp:21FLSFWM-KBAROUT,2006-12,ANFIS-T-no-current,2133,10d14c5ea40b404b13da331ee640b2f021d0a276ded679955b0242883b37fb46
wqp,wqp:MNPCA-25-0001-00-247,1996-08,ANFIS-T-no-current,2133,10d1662209fb9016cb210715e5817c3cfd3af453e74b9e9f5243b63831883dd2
wqp,wqp:21FLSFWM-LZ2,1979-09,ANFIS-T-no-current,2133,10d175a5518df2f7d55dbf9aebba667abb24473bf25bf09ecd7188044d128d1e
wqp,wqp:21SC60WQ_WQX-CW-033,2013-04,ANFIS-T-no-current,2133,10d29e326d07824fdee4e8aab786e363c68eedad651e14f5785593f7398fae5c
wqp,wqp:21FLSJWM_WQX-44678,2017-10,ANFIS-T-no-current,2133,10d47e6b7bea9c48f828e987a5b4065275766e1a73ebbc8fbd8ffdf40951d4d9
wqp,wqp:21DELAWQ_WQX-202021,2014-07,ANFIS-T-no-current,2133,10d5e60293a3662f59d90c085b7ac31973724c32b7722a7fdf93ac8cc6dece2d
wqp,wqp:21FLSWFD_WQX-23113,2006-02,ANFIS-T-no-current,2133,10d76fb21d08a4960c596402a1b10480dd59f0bc5f6d6457bcc611b95f4176d9
wqp,wqp:21SC60WQ_WQX-S-308,2004-07,ANFIS-T-no-current,2133,10d84f3d0aa82f25a20547111ac01ac618a7cfad6f00a6aec627195ba9f92528
wqp,wqp:MNPCA-86-0284-00-100,1987-08,ANFIS-T-no-current,2133,10db0fdde12af2cabd038bc53eeedc8e467e44bb31a04d35ed5311b2d2558f6e
wqp,wqp:21NC03WQ-CPF055C6,2014-01,ANFIS-T-no-current,2133,10dbe668860c920ef0ac7f0e4f10ea099e5970dbfafe5c682b14ddc4f104b0ec
wqp,wqp:21NC03WQ-Q5360000,2009-03,ANFIS-T-no-current,2133,10dc590e3c8007009e0cdb100082eff5dec4eee26a8dee16f6ab2ca87a439819
wqp,wqp:21SC60WQ_WQX-CL-094,2001-02,ANFIS-T-no-current,2133,10e11e7e9c32a3aea86ba0340917aceeecde4c65757f555e714c585ae3756222
wqp,wqp:21FLSEM_WQX-SPR,2011-09,ANFIS-T-no-current,2133,10e1f40cf2a98fca87d7193ac029e563a2a969b3505c9b3d70045cb4c6d3f140
wqp,wqp:21FLSFWM-L008,1987-01,ANFIS-T-no-current,2133,10e329877796ce6a1b957bca8a4c177bd09933a48c5db4d55660e90add50c395
wqp,wqp:CAPECRD_WQX-290,2000-11,ANFIS-T-no-current,2133,10ef3dce6978c43a8cab2c851fd0c03b6f628fbeb6ae14f531d79cff2828e797
wqp,wqp:21FLCBA_WQX-WAL-MORRIS-2,2017-08,ANFIS-T-no-current,2133,10f2db3abdef1a972a121b953123efac0cd53ae2cea143703dbf2c378b2c4d57
wqp,wqp:21SC60WQ_WQX-S-308,2016-06,ANFIS-T-no-current,2133,10f34c1c37ef4c9d3d811d40bcb306c5b0c17502542145776816a3f1280853d3
wqp,wqp:21SC60WQ_WQX-CW-207,2000-06,ANFIS-T-no-current,2133,10f40ac31f717c4bfc4f59036317a93081357f658856ea9abbe5dec4637e9950
wqp,wqp:CAPECRD_WQX-280,1997-05,ANFIS-T-no-current,2133,10f43418a50b3e4bba9def46f51808a96d8ce475574dac020127a4918f352c95
wqp,wqp:21FLSFWM-LZ40,2000-12,ANFIS-T-no-current,2133,10f88455ee41eb8436d49f7266050e8e1bfd2105c773fe4b60b2874424311b8d
wqp,wqp:21FLSWFD_WQX-23389,2003-09,ANFIS-T-no-current,2133,10f8c03232b16cd458a2de596a6b37940f11dc5ccd0902a10cfead9bc4dd35ec
wqp,wqp:KAWNATON_WQX-KN-KL-001,2014-03,ANFIS-T-no-current,2133,10fad0890de371f49da32e7ee5c6f4be4254787241ee2eb846d7767588824b9c
wqp,wqp:21FLSFWM-E04,1990-03,ANFIS-T-no-current,2133,10fb97c51dc7139e46f932ac227a8f145704ec89abb788296bebec0b20e3323a
wqp,wqp:21FLSFWM-STAKEOUT,1995-04,ANFIS-T-no-current,2133,10fec42c4f3867c0a442fab0124f04eed0fcb137fbbbb1ce18afe549214c6316
wqp,wqp:21SC60WQ_WQX-CW-197,2006-10,ANFIS-T-no-current,2133,11026593406f4c397a349c0ff3c6dc9d17e1de2611d2d70969284a08b3c97e4c
wqp,wqp:21FLSFWM-PLN1OUT,1990-04,ANFIS-T-no-current,2133,11050b8034f75a582865d62c0262a79e9f10dcf3b3e365b050dc3b9097a2b724
wqp,wqp:21FLSWFD_WQX-23480,2007-07,ANFIS-T-no-current,2133,1106da691df8c9618f5c4fc7575f99eef6b46b8f3d461dbec968e119ede37ea6
wqp,wqp:21FLSFWM-E06,1984-03,ANFIS-T-no-current,2133,110e1940b286f851f34ef6fd2548cdd5100df275aaae9deb9f3775a21bc4033c
wqp,wqp:21DELAWQ_WQX-110011,2011-04,ANFIS-T-no-current,2133,110e239e9380ded1c9e4f38d84e703cbcd95343addd4b8d45b32efe5c53f0df7
wqp,wqp:MNPCA-62-0013-00-201,2002-05,ANFIS-T-no-current,2133,110ed0a6e3e477ba4158b347a2916b676d2ea90170009b954b2871e47f073ec7
wqp,wqp:MNPCA-86-0252-02-207,1984-08,ANFIS-T-no-current,2133,110eea772ec5998e60a32766b0ba0737dcf1e462d4d1f19d4f1a080003d6fc51
wqp,wqp:21FLSWFD_WQX-23113,2004-07,ANFIS-T-no-current,2133,11136e54a66f4a3ee720f4eaf8faacf7665f89bf8a6b7acd8d39d63141245a29
wqp,wqp:21FLORAN_WQX-CC4,2009-05,ANFIS-T-no-current,2133,11137b7c6ac5396b41229dafd7c557504bfc18a4797cccdf16e5a5427da5b00b
wqp,wqp:21FLSFWM-KBAROUT,2002-12,ANFIS-T-no-current,2133,11140085daa2e49a51706cb49df851bd7c9299c1ca7d1d0a6380f49e0c38dfb0
wqp,wqp:21NC03WQ-NEU019P,2011-03,ANFIS-T-no-current,2133,1114f83939ad4616513c127d25250219fc0d399a57b592c9ab852c72a47bba22
wqp,wqp:MNPCA-25-0001-00-232,1992-08,ANFIS-T-no-current,2133,1114fde70b31a09edc7aef015b5721fb4b8b558cc88778c6f9a086f9c093a1c3
wqp,wqp:USGS-423659088354401,2013-04,ANFIS-T-no-current,2133,1115e837b04db5480fff3289f4e278435c26fd576c5ddb707c8a8a9e35248cda
wqp,wqp:21FLSFWM-D02,2008-06,ANFIS-T-no-current,2133,111778ec197b4899dcd07e38ed7f58412bc584e66f0e9382b6dce64f3e71ff84
wqp,wqp:MNPCA-10-0042-00-401,1991-09,ANFIS-T-no-current,2133,111824135be76d86ae18bbde796015e5f04a202556d8750482ebbd91a3cb2365
wqp,wqp:MNPCA-62-0055-00-201,2012-03,ANFIS-T-no-current,2133,1118466b41b276148a2ae467f91843f56b48f97ca3f739ffa9b54362d7ef210b
wqp,wqp:21DELAWQ_WQX-307171,2006-04,ANFIS-T-no-current,2133,1118e355e7c481f0cb329939b9b71caf223676483b519f4bc9609d429effb960
wqp,wqp:MNPCA-02-0075-02-203,1988-03,ANFIS-T-no-current,2133,1118f0988bf1b6ab57eb3cdef42492d7488264abae3c4f95bdac7674a8936aef
wqp,wqp:21FLORAN_WQX-BC14N,2009-07,ANFIS-T-no-current,2133,111c9769dc3c12f05afe2d51645cf0331f5887b41f1608727814e4bf283c1974
wqp,wqp:MNPCA-62-0054-00-101,1995-08,ANFIS-T-no-current,2133,111cbe0ea560a377af30057628035de472b365f2aaa966f3a9b1e22995a3af79
wqp,wqp:MNPCA-62-0055-00-201,1985-05,ANFIS-T-no-current,2133,111d989556b1c2386b7e05a5b6b400113543c0620f5e697c27281a7ae1f1ccfa
wqp,wqp:MWRD_WQX-BARR3P,2009-11,ANFIS-T-no-current,2133,11203a060e91a1d3d9a22b977d3ae9d32d62abb0ee1a64bd8b7e1d21e4ee19b3
wqp,wqp:21FLSFWM-LZ42N,1993-06,ANFIS-T-no-current,2133,1121dddd2d0864b1b5669c0450bce5a477474f646ec096ca2e1be921fb3f4b63
wqp,wqp:21FLSFWM-L008,1980-10,ANFIS-T-no-current,2133,11226f3f8fb5ab57691e43e19c97efbabd109189b21d6827405d851397d52bbe
wqp,wqp:21FLSFWM-PALMMID,1987-09,ANFIS-T-no-current,2133,11234bd8e85ee5e9a2239d00652698bd3fbdb87ce9fa217a01b8325d2cdce4b5
wqp,wqp:21SC60WQ_WQX-SV-331,2014-02,ANFIS-T-no-current,2133,1123678164807dbe522151dd0e512df259eedb91eb7a064226ed9163573e4f02
wqp,wqp:21FLLCPC_WQX-GREENWSH,2013-07,ANFIS-T-no-current,2133,112635fff1733fbee584681d3cba18e3da5511dd84beecb08ecc883f0f6f83a1
wqp,wqp:21FLSFWM-B01,1982-05,ANFIS-T-no-current,2133,11269d9de523a179b963fe6136c789e93176b869518af9bdb0b671e0759a4617
wqp,wqp:MNPCA-62-0007-00-203,1991-05,ANFIS-T-no-current,2133,112c33b354dbd1905960b527a53cf311e25f4ee60229b05b2142d84657625527
wqp,wqp:21FLSFWM-L008,1989-11,ANFIS-T-no-current,2133,112f4984f55655154358192930570df7065d6297d2f99ae921a075ff037d7a40
wqp,wqp:21FLSFWM-LZ2,2002-03,ANFIS-T-no-current,2133,1130a92391abdb9a416d5e7e437a0cae0087041c66360d785b9b71dace7c450c
wqp,wqp:21SC60WQ_WQX-SV-338,1999-04,ANFIS-T-no-current,2133,1136b9ef86ca2c98f8f143c1a598ee966d52ae7a468c7cb75bd23795b42d6a9e
wqp,wqp:21FLCOLL_WQX-LKTRAF1,2010-12,ANFIS-T-no-current,2133,1136f663b61a23995e7d7bc4d1c5ce96d574945ffe53116c4433ca17d15a2336
wqp,wqp:21DELAWQ_WQX-208211,2010-07,ANFIS-T-no-current,2133,113b56fe4835c29bdf6191660bc60f6a8721bdc5e43d2fe7f13df03dca54e492
wqp,wqp:USGS-07263299,1996-07,ANFIS-T-no-current,2133,113ccd12a019f15750eac98b89cd868d6a57b903d4a51e6fa3fb3c8dfd359c99
wqp,wqp:21FLORAN_WQX-CC17,2005-09,ANFIS-T-no-current,2133,113da1223b6d16dc70484da2cdcd19f08240fe498f28dda524a157c292aededf
wqp,wqp:21DELAWQ_WQX-307171,2008-06,ANFIS-T-no-current,2133,113f14dd46dda3d98cce371029300f692cffd6440f646e51d09cebb17999a95d
wqp,wqp:CHOCNATWQX-LNW-003,2018-10,ANFIS-T-no-current,2133,11402eda4e154f267592c758ee0f4f66ca953f06bf4a5d101286698fba31efb4
wqp,wqp:21FLSFWM-E03,1985-02,ANFIS-T-no-current,2133,11408c8523b2d123b4954de258f56030dc1bde2312dc9ae3120a4af63b895468
wqp,wqp:21NC03WQ-CPF086F,2013-09,ANFIS-T-no-current,2133,11440e5659adb4245993b5513247c602cd4a5db2c6661b1093b9dafc0cd4acbe
wqp,wqp:21NC03WQ-NEU010,2007-06,ANFIS-T-no-current,2133,11444d348041635b9065bc7de81aa87edd4d0b4cc0bf1c4f83c084f14765a922
wqp,wqp:21FLSFWM-D02,1990-08,ANFIS-T-no-current,2133,114757c561016aed65081169973c07c6b27de0b296b9113517e87d56a7890617
wqp,wqp:21NC03WQ-CPF055D,2009-10,ANFIS-T-no-current,2133,1149184e3ffecea5d9362108f04377e50dd8969d2624b80215455f3e605eb984
wqp,wqp:21FLCBA_WQX-WAL-FULLER-3,2018-12,ANFIS-T-no-current,2133,114ab1361b730901b7c6f918e96e8a7a392560d47b5452a5911d9a1a0946205d
wqp,wqp:21FLSFWM-ISTK6,1990-05,ANFIS-T-no-current,2133,114d62f04c1a7de34de6610b49e033a25d08eba95e71d618d628c97da204a30f
wqp,wqp:21NC03WQ-CPF08801A,2008-07,ANFIS-T-no-current,2133,114df737aadcb1ba4b99ca7c7638b9df063b573f48ad1a5c453c9c8c054cb5ab
wqp,wqp:21SC60WQ_WQX-CW-231,2001-10,ANFIS-T-no-current,2133,1153b9fbbbdfb848dd24326eaeb34c2a8746e751f0dd6f51bb50ced5ffe678d2
wqp,wqp:21FLLCPC_WQX-TROUTDKEUS,2016-03,ANFIS-T-no-current,2133,1154f6e28b1904a30bf04d475ae6e464ba79ee09fe81ea4e95dd9f7cd5bc5465
wqp,wqp:21FLSFWM-C03,1984-05,ANFIS-T-no-current,2133,1155d51dc2f3f2a73e6245ef5cc860e850d4abe3a157c75ad2c39b947f4d0acb
wqp,wqp:21FLORAN_WQX-CC9,2008-06,ANFIS-T-no-current,2133,11560ac03999dbc6dd6601e8235b9b53d920a4b9854e23d3cfb54256a49f5d86
wqp,wqp:MNPCA-86-0297-00-201,2009-06,ANFIS-T-no-current,2133,1159224a5688c3233d2b69b1c29388e911c23df9a7cb49d116f93f684b781f14
wqp,wqp:21SC60WQ_WQX-B-345,2006-01,ANFIS-T-no-current,2133,115a34a7ecefb189142a935b3c8388f24066facb542b1d67a2243479d6e4bcc2
wqp,wqp:21FLSFWM-L008,1984-02,ANFIS-T-no-current,2133,115ad00324cebc9278ef4d02a8c46940515f1edbb161ae4c295f7a152b7ebdc3
wqp,wqp:21FLORAN_WQX-CC9,2007-12,ANFIS-T-no-current,2133,11630742e63e20cddc3997bdc5f57b3911e58289151d9673c5888871851b1c94
wqp,wqp:21FLSFWM-E02,2001-01,ANFIS-T-no-current,2133,116730573f0ff62787177aada77ff87dd3dc2ad34ffaa392e66edec97b2765bb
wqp,wqp:21NC03WQ-CPF081A1C,2013-08,ANFIS-T-no-current,2133,11689c469a7399081b13d06a2eeab05c027acaa2bb0005e61259c1aeb024e487
wqp,wqp:21FLSFWM-B08,1983-04,ANFIS-T-no-current,2133,116dd42b1feff5bf0bb655953c928757700edb29915d5adb04cacfb934bf7fba
wqp,wqp:OKWRB-LAKES_WQX-520710020020-04,2012-10,ANFIS-T-no-current,2133,117284fd9a8877979910ed72b0ec0415664e59b1d949cb67946751afdd69b0f1
wqp,wqp:21AWIC-23,2013-10,ANFIS-T-no-current,2133,117333c38839b3ae9201c2bdf142963de3bfa06b2dfdb744751fe265da693728
wqp,wqp:USGS-423526088380101,2014-09,ANFIS-T-no-current,2133,1178dfa38301237ae833ffae6eccac407119ad612b10a0a5f9fcf11643bd817f
wqp,wqp:21FLSFWM-D02,1998-09,ANFIS-T-no-current,2133,117a4847abb4a8976efec7ef16d9c94f5ec674a3df902be3a8f6f3a5d05aecf7
wqp,wqp:21FLSWFD_WQX-23609,2007-04,ANFIS-T-no-current,2133,117a9f68319c7ec3a148632a1fedae7353614a7e3ed1a7162f4e7a4b9ff25bbe
wqp,wqp:21NC03WQ-Q5360000,2009-11,ANFIS-T-no-current,2133,117c65af273bd76e579305f5f6a41e91547738c23866cca1d99cb4589389de60
wqp,wqp:21FLSFWM-E02,1991-10,ANFIS-T-no-current,2133,117d64b1306b2aed060f4010c84769ab06f4c3ea43450e2e05e05860a49eb084
wqp,wqp:21SC60WQ_WQX-CL-094,2009-04,ANFIS-T-no-current,2133,118066958f6d4649c38a055bc197e33123c05813b6db4a60d67796fa3f3d3d52
wqp,wqp:21FLSFWM-D04,1983-01,ANFIS-T-no-current,2133,1181ad55508f20ce5d825dc11b9d016f85552ae146769804c009a021fc8576df
wqp,wqp:21FLSFWM-RITAWEST,1991-09,ANFIS-T-no-current,2133,11835f872dcf597796fe06da3fca058f061b864c0b31ae33a2d082b90a351c1d
wqp,wqp:21DELAWQ_WQX-205181,2014-10,ANFIS-T-no-current,2133,1183862a408d9a2b2287f00468946113c6c929b6f6e953c912a8d81d684c6284
wqp,wqp:USGS-07263299,2017-09,ANFIS-T-no-current,2133,1183d16630a056e9a6a3425958b80d38f33868c6a657d224907621ac000193d1
wqp,wqp:21DELAWQ_WQX-308071,2008-10,ANFIS-T-no-current,2133,1184a622367a3a49ce7ba517b1560cf14fcb2bbba3e7a2eb6a4c0e2d1d26a2c5
wqp,wqp:USGS-072632992,2011-03,ANFIS-T-no-current,2133,118526ef646ed1e0e556acc41e586052c9e5892b6e95ffa50112b272da275aff
wqp,wqp:MNPCA-25-0001-00-247,1996-02,ANFIS-T-no-current,2133,11878e0bb4140cd299646cc0464e8346d57ea15f2fb151e364224b494fcb8cf9
wqp,wqp:MNPCA-62-0007-00-203,1981-05,ANFIS-T-no-current,2133,1188744de5b5bbea9302ee41d1412e872c6da52fcb4aac2f5a897bee0f6a716b
wqp,wqp:MNPCA-86-0284-00-100,1987-11,ANFIS-T-no-current,2133,118e81db2b19dfe2d9930186c71bb212119486adb4d80a64578df429683e1913
wqp,wqp:21SC60WQ_WQX-B-327,2003-03,ANFIS-T-no-current,2133,118ebc0d4acc244191777cd87850acede0069e7fc2259f71495197d496ca0270
wqp,wqp:MNPCA-62-0055-00-201,2010-08,ANFIS-T-no-current,2133,118f2fef4d4e1c8efcf8666a63d535020324789bda0183f40eac29b213ddacaa
wqp,wqp:21FLSFWM-ISTK2,1997-07,ANFIS-T-no-current,2133,11904d38b578026bea7f2b5171d0d82af12ebcad1d120d38c4e1f92a6ad0571c
wqp,wqp:21NC03WQ-CPF087D,2013-03,ANFIS-T-no-current,2133,1193342ae216f9cfe10249b20b48752ae61a9cc1e832936286c45437ee3bae7e
wqp,wqp:USGS-12301600,1972-09,ANFIS-T-no-current,2133,1193a0983733ae6f18ae93936981cfd742766ae2ff5e30d5fa59c78980668b12
wqp,wqp:21DELAWQ_WQX-307171,2000-03,ANFIS-T-no-current,2133,1193f23039e0ac8dfc646f4d332abc47fdf881fc1a4cd32074b6375b0b2ac728
wqp,wqp:21FLSWFD_WQX-23458,2008-05,ANFIS-T-no-current,2133,119487d153a1b0682c20149873bb61a75f19411054b0dabe899500d7502fa4a0
wqp,wqp:21NC03WQ-CPF055C6,2016-01,ANFIS-T-no-current,2133,1197e76127fdde7369884c25df0b9c4f94da84bc06e45b200328e042fba40284
wqp,wqp:21DELAWQ_WQX-303051,2002-12,ANFIS-T-no-current,2133,1197f0464fffcc97b86a2b37cdf61662cf420a87726cbcdf2392cf2dd75227d2
wqp,wqp:21FLSFWM-STAKEOUT,2006-06,ANFIS-T-no-current,2133,119a5d63fe637de27003a95682a980c5fe7654c6d6325de897e3062ed50fae76
wqp,wqp:21FLLCPC_WQX-YALE,2013-02,ANFIS-T-no-current,2133,119cd031b1897972bd0e3d99cdca4e298cb8be806fbc270b9bb70424555acd87
wqp,wqp:21FLSWFD_WQX-23588,2011-02,ANFIS-T-no-current,2133,119d5ac8bafa348acf2633e7e3dbdbff33d00b973f98812b5b210f6dfdc737e8
wqp,wqp:21FLSFWM-LZ30,2006-09,ANFIS-T-no-current,2133,119f04d3d5e3d184076f457704d927f7c4cb5a628da42dc98694137dbf69ec91
wqp,wqp:21FLSFWM-KISSR0.0,1995-12,ANFIS-T-no-current,2133,11a1264d2fb8214787ed1e4fa48af3b12c38a4701815a149a9897556f1d42e50
wqp,wqp:21FLSFWM-PLN1OUT,1993-10,ANFIS-T-no-current,2133,11a73703a5321e46faec49a87fe1acfcaf317894402e31397edaef77bf4bf541
wqp,wqp:21SC60WQ_WQX-CW-033,2013-02,ANFIS-T-no-current,2133,11a81f691cab3c6cf7d75595239d838e416701a96d099a1ae73b2d425aef3c17
wqp,wqp:21FLSFWM-E04,1990-06,ANFIS-T-no-current,2133,11a826b1c025d6b75d82158410d10daf31abe152cbf46df87ad8384ff0f0950b
wqp,wqp:21FLORAN_WQX-CC12,2005-07,ANFIS-T-no-current,2133,11a94e797d203afac77aecb99e1383d16a84fb3bfbf3b9c4fa701dec9cd1f710
wqp,wqp:USGS-072632965,2007-06,ANFIS-T-no-current,2133,11ac48d1f1e052c73383b438e2259647803c5a12c813a4e8cbb5b57b5197e9ef
wqp,wqp:MNPCA-62-0007-00-203,1990-08,ANFIS-T-no-current,2133,11b1c6b19a529a65399cc22180c70d740373d34ab89b409e3e188f0a24a69433
wqp,wqp:MNPCA-10-0042-00-401,1984-05,ANFIS-T-no-current,2133,11b2ced9c119b108e1a50edb1867339d25b51749b42ebce3bf05eb48075615bc
wqp,wqp:21DELAWQ_WQX-308071,2004-05,ANFIS-T-no-current,2133,11b7cf20d59ca9bc0209982dce58d36bc00797f649ab467e4386f73bc7581e8a
wqp,wqp:21FLCBA_WQX-WAL-ALLEN-1,2017-05,ANFIS-T-no-current,2133,11b859d78c79bcd224bb0a47a41c09f2e6757feddf2fcc3cda46a1e80b79d2e7
wqp,wqp:KAWNATON_WQX-KN-KL-001,2014-10,ANFIS-T-no-current,2133,11b9d13261eb8becb80b0ee9da1d5e81cdd913390232a7145a7dbd6bfdadf8c4
wqp,wqp:LAKELAND_WQX-LH8,2011-07,ANFIS-T-no-current,2133,11bd372d87b918b79ba13a18302443c80ecf6e24abffcbd605084903d4b935ae
wqp,wqp:21FLSFWM-D02,1990-02,ANFIS-T-no-current,2133,11be8b323c82738c52acafc6515b909c893192c4d16d11bf30088e72dec1c4cd
wqp,wqp:21SC60WQ_WQX-S-308,2004-10,ANFIS-T-no-current,2133,11be9e8e829763e8e4e56eb49ad92384c16bbb133b5c1a50c9d386ad526d0e90
wqp,wqp:21SC60WQ_WQX-SV-363,2003-02,ANFIS-T-no-current,2133,11c00c4dacadcd4142c59704f666ab39023b4b57941300785fa298e03ce18231
wqp,wqp:21NC03WQ-B2450000,2016-06,ANFIS-T-no-current,2133,11c09bd31582cf62693e4862bd7992a058789845338cfa11ec9c79ff5b24a164
wqp,wqp:21DELAWQ_WQX-303331,2010-10,ANFIS-T-no-current,2133,11c0e2bb11c4f7df9aaf06b374f86a77007689405c9101a49b43d2440d27b718
wqp,wqp:21FLORAN_WQX-CC11,2007-04,ANFIS-T-no-current,2133,11c1e3d7cc387276ef2e51fe27731aa9ed271e9ed8b4a159eb2b14d6a60cab76
wqp,wqp:USGS-0690367690,1993-11,ANFIS-T-no-current,2133,11c392cd70f665b7fc7fc6e44154c5b630cd43fa09e60a78f9749736fbf56de2
wqp,wqp:21FLSFWM-LZ42,2005-04,ANFIS-T-no-current,2133,11c3a3fbb11bb226fa9e339e2aa9999170655aed2da32a009693aa1981aac83f
wqp,wqp:21FLSFWM-L008,2000-11,ANFIS-T-no-current,2133,11c721c9db63bccad5eb09e8717bb00fdd7be619814b585bdc9e55832c3d1739
wqp,wqp:21FLORAN_WQX-CC13,2006-04,ANFIS-T-no-current,2133,11c9aeed613ea4874959647a379d112a10b780be741c2f8bac5522f210ac7e43
wqp,wqp:LAKELAND_WQX-LH11,2011-09,ANFIS-T-no-current,2133,11cd1fd98bacaf987b0265b31d360157f07426c150636b96b8b338e341452a28
wqp,wqp:21FLSFWM-L003,2000-12,ANFIS-T-no-current,2133,11cdc33e211b59e8c9ee2ab76a5c92f2eeca3f8a8703f01532a066fff9d17666
wqp,wqp:21FLSFWM-STAKEOUT,1998-08,ANFIS-T-no-current,2133,11d3f12a9d45c411be80651b9aee9c56ecbf6563e5a852c1898bf29c55f86ab4
wqp,wqp:21DELAWQ_WQX-307171,2003-09,ANFIS-T-no-current,2133,11d679a34922f5b553ea87f3b5f404ea7876b2f606afcaab4c584f9a05893708
wqp,wqp:21FLSFWM-L006,1985-02,ANFIS-T-no-current,2133,11d88cad4bb8d7f50352667e30c4e834bec38c759556305d0e3084ad4af8bdda
wqp,wqp:MWRD_WQX-MILTON3P,2017-07,ANFIS-T-no-current,2133,11d95ab06e6fff6022c30caa03b1f4164117ae349ebc576b0737a8d9baa01125
wqp,wqp:MNPCA-02-0075-02-203,2002-06,ANFIS-T-no-current,2133,11db7582cf3383baa462765ceff8b8c7dfaed8e131acda1c3a4ebd7a5dbb52bb
wqp,wqp:21FLSWFD_WQX-23479,2007-03,ANFIS-T-no-current,2133,11ddf88d6c133a92531b9ebdeb5b154ce1b44e859e730ff387cd84a4cc5bce34
wqp,wqp:21DELAWQ_WQX-303051,2018-09,ANFIS-T-no-current,2133,11df2b9d97e6c5e4922b36f5218a1763e107016986dffaf62abc2717dfd83662
wqp,wqp:21GAEPD_WQX-LK_12_4048,1998-12,ANFIS-T-no-current,2133,11df67c32b4798fde979fe4ad5733f9614deeba9f20b849cc171475fdb1e55bb
wqp,wqp:21FLSFWM-KBAROUT,2006-07,ANFIS-T-no-current,2133,11e12eebec7ff6b973c505160710d531be04a537f9999201d509e1d082aa862f
wqp,wqp:21SC60WQ_WQX-SV-339,2005-01,ANFIS-T-no-current,2133,11e25733c8197f9e5114c2ad0bba9d24f681c9682c07b4486cbd12e468e41705
wqp,wqp:21SC60WQ_WQX-SV-331,2005-06,ANFIS-T-no-current,2133,11e301a582d4b36e24f4cc0c2863bf98c31f150108b707b7c6566899e20e3b5c
wqp,wqp:21FLORAN_WQX-BC11,2017-08,ANFIS-T-no-current,2133,11e997a7ec36138c08afb7a63ccf1ba5687616955cf497d5982f404729dfb410
wqp,wqp:21NC03WQ-NEU020D,2005-09,ANFIS-T-no-current,2133,11ea842c15ec8b0357faf90f3aee0af9c97394bf43d30425bc673ecb27609261
wqp,wqp:21FLSFWM-C03,2001-12,ANFIS-T-no-current,2133,11eaf2eb6175c67c38f3cc94ee43f485725c021067e04a2aaead89eecc207404
wqp,wqp:LAKELAND_WQX-LH31,2010-08,ANFIS-T-no-current,2133,11efc7f3a663f1e9852bbb4ef281d00e14c0a5580baab8631e98602a2cf8b3e3
wqp,wqp:21DELAWQ_WQX-109191,2005-03,ANFIS-T-no-current,2133,11f41a510777b15b5ed8f104d02eb2e4ec4ad3db920eefcd608660c420c29f5d
wqp,wqp:21NC03WQ-CPF0880A,2005-10,ANFIS-T-no-current,2133,11f466631b7c1f15c65b54fc0ea75cff3d35ec9430b2841c62c394076c8d69f7
wqp,wqp:21DELAWQ_WQX-307171,2004-03,ANFIS-T-no-current,2133,11f510500beba24700fb6885258c14a645bc2576700305ec97efa51b2105a663
wqp,wqp:21FLORAN_WQX-CC11,2005-05,ANFIS-T-no-current,2133,11f51b6e24de70bb576c65f80f497d7b68a22f90496049c64273b526ef3f440a
wqp,wqp:21FLSFWM-KBARMID,1995-12,ANFIS-T-no-current,2133,11f5eb7e24dea8b9d3c8217b48d4b084c3ff685cbd5053518d5252a5059a0457
wqp,wqp:USGS-423556088365001,1989-12,ANFIS-T-no-current,2133,11f70d2c7974d29bc2e524717f8aa465efb572b403560f9cf8a7aea3ab362723
wqp,wqp:USGS-423556088365001,1985-05,ANFIS-T-no-current,2133,11f7d1679178e0ab7b459efcbd1f663cc3924140a190e70a1331e34a8e3f0946
wqp,wqp:MNPCA-02-0075-02-203,1987-03,ANFIS-T-no-current,2133,11ff1fad5dd27d0752a0cfde3bc1934b84c08a531ec207706b3a1403c9caf79d
wqp,wqp:21FLSFWM-PLN4OUT,1991-08,ANFIS-T-no-current,2133,12008d62a4dc5f20c1868006aca18790dbb014de4abaaf326610b44f86ba1efa
wqp,wqp:21NC03WQ-YAD169E,2016-09,ANFIS-T-no-current,2133,12015c912428fdfef7b2630561f679937e9dd2c2116b76fdc59b2a5ec079abeb
wqp,wqp:USGS-07144790,2011-07,ANFIS-T-no-current,2133,1201705187c61bcc36b225e568a398a411876c9f6a8fa244478ad74e1ff68ff6
wqp,wqp:21SC60WQ_WQX-S-024,2006-06,ANFIS-T-no-current,2133,1203724af7cca38dbe3f3e6c4b0c9a6858ecefb9f98732a7df8f536aeca09055
wqp,wqp:21FLSEM_WQX-COVEMID,2016-08,ANFIS-T-no-current,2133,12052e4f73edb817ef6fee3de89a55f63bc0f56f41232fbf9bad567447132979
wqp,wqp:21SC60WQ_WQX-SV-236,2018-12,ANFIS-T-no-current,2133,12055e02ea6b40ac9b94dbb419327293eca5c4d03c73d6edb8bd6c78eb057877
wqp,wqp:21FLSWFD_WQX-23631,2007-01,ANFIS-T-no-current,2133,120565af9705d1054096a8c6c9204fd288f3f364e52127371d40e81f38e48064
wqp,wqp:21FLSFWM-B09,1989-04,ANFIS-T-no-current,2133,12076766bcf59b00e431566cf4796ad9537b840582a90d7cadee704df7415ba4
wqp,wqp:21FLSFWM-B09,2004-11,ANFIS-T-no-current,2133,1208443568a3c1f7da767d8b669e0f674d33f74a7f9ebe4f26108ec362471992
wqp,wqp:21FLSFWM-POLE3S,1996-11,ANFIS-T-no-current,2133,120a57570a41dafa9f9984ae8fbe81c99dbf8721f552ffd0416f92840f5a5c9f
wqp,wqp:21FLSJWM_WQX-442129,2017-08,ANFIS-T-no-current,2133,120bc81935790952dfbb173eb76bc0f71c25f34b6e1e0889de3713a45640973f
wqp,wqp:21SC60WQ_WQX-SV-200,2018-03,ANFIS-T-no-current,2133,120cc75273db8561ded918ce578167688d66909b01ca2f98e388d6b09a952bc2
wqp,wqp:21SC60WQ_WQX-SV-340,2017-02,ANFIS-T-no-current,2133,120f0bf06b6b07057cc30cbf3a20f1caff1d6e6d344fa9bc8338c077d4388f03
wqp,wqp:21SC60WQ_WQX-SV-268,2005-10,ANFIS-T-no-current,2133,120f6962751ccb26cb6b9ddb1e4df28e3a5be017493ddddd04827d7c56acc503
wqp,wqp:MWRD_WQX-MILTON3P,2012-03,ANFIS-T-no-current,2133,121106227b969326296bccf022a18dfab17b4b341578c06c9b281061b221b829
wqp,wqp:21FLCBA_WQX-WAL-MORRIS-1,2017-06,ANFIS-T-no-current,2133,121277c4750460d8963252aae7d10dcbd916b000c8b2be79cca1c02279261885
wqp,wqp:21SC60WQ_WQX-SV-268,2014-05,ANFIS-T-no-current,2133,12144f0a144b6eedf5495485eae2603b14607ae9038f68ab673ae5f2c157fe0a
wqp,wqp:21FLSFWM-L004,1981-10,ANFIS-T-no-current,2133,121792262e2440ec06426f389485f4179f1ec560af8b5ae532fbc27f96861428
wqp,wqp:21FLSFWM-LZ2,1999-02,ANFIS-T-no-current,2133,1217b4945c047be961464baeb66e151ae836599c4c62dda3e22998486850f715
wqp,wqp:CAPECRD_WQX-290,1993-03,ANFIS-T-no-current,2133,121868681e31a2bc870d1f310619a1712879a3328239a0e29ec8c6a935642c0e
wqp,wqp:21AWIC-23,1993-06,ANFIS-T-no-current,2133,121b9b071944cf3b828b01d68213d07a66def490378a4fd10de4e9303277eca0
wqp,wqp:USGS-072632992,2012-05,ANFIS-T-no-current,2133,121be1d1e2c54181fc64fba7507019d7a16ccd7926bf308d7fb7efb74486999a
wqp,wqp:21FLLCPC_WQX-IDAMERESSHDK,2013-01,ANFIS-T-no-current,2133,121c086a2fcf838f7251227065434a87a46a55aadd3bbcc1a7d35e97f200bbe7
wqp,wqp:21FLORAN_WQX-BC7,2015-08,ANFIS-T-no-current,2133,121ffd3631f6c1d2a53f3403c6d7b53392ebb3486f696e32ea27619d0f23484e
wqp,wqp:21FLSFWM-RITAWEST,2003-05,ANFIS-T-no-current,2133,12221dd175f51c4bb4cc7417eaaa2927360c1c8ff6ad33fe8b4d55536c3d7acd
wqp,wqp:21DELAWQ_WQX-205211,2016-10,ANFIS-T-no-current,2133,1223877d7ee883537169d2471c85da59b53e27dad711bb8c55c8abeca4558b40
wqp,wqp:21DELAWQ_WQX-202021,2017-12,ANFIS-T-no-current,2133,12248c61c884a0932ec1076c524576b7e44c06daded08a6d0a2edf7582d175a1
wqp,wqp:21FLHILL_WQX-135,2000-07,ANFIS-T-no-current,2133,12256156773013e9c997c5d6f69b5ff9d171b0b6fa3f8ec138216af24556c1eb
wqp,wqp:21DELAWQ_WQX-108111,2013-06,ANFIS-T-no-current,2133,1225c60438931f26ae8d02b6d34df8ae7d595328642d9f897f70acd1f6e0d9dc
wqp,wqp:USGS-423526088380101,2015-05,ANFIS-T-no-current,2133,122681bdace709621e38b86c11c9a974df0c304f4f88aa211f654351caaaeadc
wqp,wqp:21SC60WQ_WQX-CW-197,2003-08,ANFIS-T-no-current,2133,1226bcaebcb1e6837a3313134764d00188bfeb74e1ea9896a5540717cf8c7c8e
wqp,wqp:MNPCA-62-0055-00-201,2015-09,ANFIS-T-no-current,2133,122aebbb660d8a3ace9d523df6f316b7c33fa83e8a2df46c7dc5ca540eb95455
wqp,wqp:CAPECRD_WQX-290,2001-09,ANFIS-T-no-current,2133,122cb5dfd15d7ec54a339a2295e2da9ba0d7702d3d131843d28c3f0cc68a55ba
wqp,wqp:21FLSFWM-KBAROUT,1987-07,ANFIS-T-no-current,2133,122dea2b235b05969769f2f4969163fbd63a6bbc0151eb4be719814296a2e969
wqp,wqp:21NC03WQ-CPF086C,2006-05,ANFIS-T-no-current,2133,1234b51078bc5fa96cedfb71d8a94d0455dda5c0b8c356ce486b9ee1bb5a3e6b
wqp,wqp:21SC60WQ_WQX-CW-197,2018-06,ANFIS-T-no-current,2133,1235035f5c5b1c364ede5a18b19b5069652d2af5d5614668d1d9696b4b491ec5
wqp,wqp:21DELAWQ_WQX-307011,2010-07,ANFIS-T-no-current,2133,12358088175be7fe44b6265970f116e6303279e4d95fccb5a4b6bcca6b714640
wqp,wqp:21FLCBA_WQX-WAL-DEER-3,2017-05,ANFIS-T-no-current,2133,1235be4c17c187185c8d7bdf544c09aadaddab99211a5a4cf898f40872d6ce5b
wqp,wqp:21FLSFWM-A03,2003-08,ANFIS-T-no-current,2133,12379a918b4f6a8291d0161a5a0288a233d4cc9e708b44476a82e9a7aa80b20e
wqp,wqp:21FLSFWM-B06,1984-06,ANFIS-T-no-current,2133,1239ab17100b8da873b42642c3d8e4c486515289b007e282d022456266cc877b
wqp,wqp:21FLCOLL_WQX-LKTRAF1,2010-01,ANFIS-T-no-current,2133,1239e1d87ac795a894a5328eceb43dbbd35b7d6e897cbed6281a6550c7eecd0f
wqp,wqp:21FLSFWM-OISLAND,1998-12,ANFIS-T-no-current,2133,1239f820d27f0c59b3500ed336ce39acbd2f27536699a378a0e8d7c27c4c9196
wqp,wqp:21FLSFWM-TINMID,1988-10,ANFIS-T-no-current,2133,1239fbd2b9e235642360db39c29fac8214926df72b6d65e3f23e8387c0481c53
wqp,wqp:21FLSFWM-RITAWEST,1996-04,ANFIS-T-no-current,2133,123b8d17665b3e1ddad8d5e2b9f658f7355493da81d4d03ba062656943185442
wqp,wqp:21FLSFWM-FEBIN,2006-07,ANFIS-T-no-current,2133,123c26e23f82c340e4631805207f7cd2fbbc5aa5a0eaabac2cc285a879a6dc72
wqp,wqp:21SC60WQ_WQX-SV-361,2009-05,ANFIS-T-no-current,2133,1240eeab4d1aa396f301f816b64be30a906dfe952b2a83d8f9e7bd0c5ae3ceed
wqp,wqp:21SC60WQ_WQX-B-339,2017-05,ANFIS-T-no-current,2133,1241334251b2106dc6d4bbc7e49c64e4fbb22e48707e7f5627d56853c86a746a
wqp,wqp:21FLORAN_WQX-CC18,2006-07,ANFIS-T-no-current,2133,12423cf32ca0bf14549265ad6925671b42b9df40bb4477f611c526222faec99c
wqp,wqp:MNPCA-73-0014-00-100,1985-01,ANFIS-T-no-current,2133,12426a151aef78a120b5845d87664cced8d60cf78fb76408121066de81c29e31
wqp,wqp:21SC60WQ_WQX-CW-231,2002-12,ANFIS-T-no-current,2133,1243fbe83e70b1ad22a8cb13cd7b478bf66cd712936a9088a3412a8ddc6481aa
wqp,wqp:21SC60WQ_WQX-SV-340,2015-12,ANFIS-T-no-current,2133,12494b945b2fbfcc2b594081cb00989bc45701212e95b005ad21f9237141384a
wqp,wqp:MNPCA-62-0055-00-201,1992-08,ANFIS-T-no-current,2133,124b3b86ec3d20af39117818aa585a26f12df039981ae86166905858da774270
wqp,wqp:21DELAWQ_WQX-205181,2008-01,ANFIS-T-no-current,2133,124dc7b01f103cfbf0504e6139f454a5bd39931dab36df891b10c2541814131a
wqp,wqp:21FLSFWM-L003,1998-06,ANFIS-T-no-current,2133,124df46e01583809771bb8c306171e32af79fe9d92e6eb33b0b4d5fae8f2c42c
wqp,wqp:21FLSFWM-MH16000,2003-11,ANFIS-T-no-current,2133,124e6f6920ca759ac0c97e55217e61cc039b2122e3a11da989f8c22aaba1b1cc
wqp,wqp:21NC03WQ-NEU019E,2013-07,ANFIS-T-no-current,2133,124ec3182a9f2ec076f0d9007f9a757fe7fed94c33e9e2a988149abb17aa4d6a
wqp,wqp:21FLSFWM-L006,1982-02,ANFIS-T-no-current,2133,12505232e27881051c09711e3ad12dccacca08077fe1a5e49afb1a58dfcab8c0
wqp,wqp:21FLSFWM-TIN13700,2004-07,ANFIS-T-no-current,2133,1253ee332adabb74c6818879d802b9a2736b097f3873c119d37b872ef48dc05c
wqp,wqp:MNPCA-10-0042-00-401,1996-07,ANFIS-T-no-current,2133,1254435841ae9ea240ee25e127e6e183d1fba2cb2e4bfac2704a7e8ae5f65a44
wqp,wqp:21FLSFWM-B09,1982-04,ANFIS-T-no-current,2133,12546b65c25fdfbba72c31d75906b216e190e9662e6f2993b35615e931d48a2e
wqp,wqp:21FLSFWM-ISTK7,1994-11,ANFIS-T-no-current,2133,125647ad915e324f13fc7ee272c5edf26b86d692d8330cd0d41dabe753b90198
wqp,wqp:21FLSFWM-KBAROUT,2002-07,ANFIS-T-no-current,2133,125aa2b9769742c444f9607fae6dfa2b98fba6d30e6c5355249d3f2c63702a34
wqp,wqp:AZDEQ_SW-32,2015-02,ANFIS-T-no-current,2133,125c82662d0f925d8de06464d305baf3f163a8bca28b3c45e33925e01bccf2fd
wqp,wqp:MNPCA-25-0001-00-225,1990-06,ANFIS-T-no-current,2133,125d3e7cc7d7d42485c6a6771d2e779c7a974c304c1d9b19330b5e8e5d57c801
wqp,wqp:21FLSFWM-ISTK6,2007-05,ANFIS-T-no-current,2133,125d6df5ab4338a074702437d2bbac7fd5035e20e6d214b5b8c715fe166ad666
wqp,wqp:USGS-01201700,1976-11,ANFIS-T-no-current,2133,125e7d81b9e70b190e4262f7704dfe99c52f84c1a7daeabdcd742faffb8de906
wqp,wqp:21FLSFWM-C03,1990-01,ANFIS-T-no-current,2133,1261e12dd6e71d1f3192e5c77c9fa96d1ca40e10346457acf67a02f46512b746
wqp,wqp:MNPCA-82-0046-00-203,1993-08,ANFIS-T-no-current,2133,126262b3f4e54402e8ec2d8e3a54dbcaa174222bc968861183a7e863b5fc6a94
wqp,wqp:MNPCA-10-0042-00-401,2003-06,ANFIS-T-no-current,2133,1264a197fa680949e018914fe0b4e8736d9e9249e0198040a74db3df1b534ff0
wqp,wqp:21SCSANT_WQX-SC-042,2015-05,ANFIS-T-no-current,2133,1267dbb390d0622b37efc67b2e2f7ca0fd5d3b330afbfc52a991acddd52b0f5b
wqp,wqp:21SC60WQ_WQX-S-022,2001-06,ANFIS-T-no-current,2133,126d95a27a78551701a288737028d1f3b1067a1e4e82b8c506bbd7c56545782e
wqp,wqp:21DELAWQ_WQX-206461,2008-08,ANFIS-T-no-current,2133,126da4b0a91ba62949827e3df2d55aef0e898c6dbe9f729e34b0ebca2f25c525
wqp,wqp:21SC60WQ_WQX-SV-338,2008-02,ANFIS-T-no-current,2133,12732dca0078a155b924553ce83498c9e9023ecc9227ca34069d31a99c4f6218
wqp,wqp:21SC60WQ_WQX-CW-231,2009-07,ANFIS-T-no-current,2133,127480f8c53634f59cde4cd19b6abec5bf919631fd47e72e6e8f2e7316444fe9
wqp,wqp:21NC03WQ-CPF087D,2006-11,ANFIS-T-no-current,2133,12750ea87a1e2cbe89cc2444ddc6afaa121d2a29a099f089b27bab07598cf0e1
wqp,wqp:21FLSFWM-L005,2005-02,ANFIS-T-no-current,2133,12797a26a072449cf8e6fcd1348cab52e8121702938b0f1a02a0834e64622e20
wqp,wqp:USGS-072632972,2010-08,ANFIS-T-no-current,2133,12809456f6d3d3d9ab62123f47ea12ffb7b2349e0fb6fc0a03fccf207b27c9bb
wqp,wqp:21FLORAN_WQX-CC18,2008-10,ANFIS-T-no-current,2133,1282f1682f5db980811574eb18c3c73d02c72d6fce09a45edeaec35ef1216b91
wqp,wqp:21SC60WQ_WQX-B-339,2008-03,ANFIS-T-no-current,2133,12833b174ddd933b5e218a013710a8d9850e14d989f377e0ffe832c4b06820a5
wqp,wqp:21DELAWQ_WQX-304321,2015-08,ANFIS-T-no-current,2133,1286d61adb205e6e6dd4f5859dfc2593c45d8658393cc5839a63e7c699a7b377
wqp,wqp:21FLSFWM-C01,1984-07,ANFIS-T-no-current,2133,128705d04bb959f36b86e3473353429058effb2633d1ba2ca913140ec84a41cd
wqp,wqp:21NC03WQ-NEU019C,2007-03,ANFIS-T-no-current,2133,128817e865c517801a9e4038176d4f7bafa00405f7f8215eb297217427f915b6
wqp,wqp:21FLSFWM-PALMOUT,1995-08,ANFIS-T-no-current,2133,12887d3949b9000067dfa1e21af818e92478973ab4b0537f00f16c6c1bffc065
wqp,wqp:21NC03WQ-NEU019E,2015-06,ANFIS-T-no-current,2133,12887e5cbf0788da40caa184d37c21d84858fdd79477af35fa731880c11ab6f1
wqp,wqp:21FLLCPC_WQX-GRIFFINTISH,2018-02,ANFIS-T-no-current,2133,1289fb436c6402862dee930b01ac8593c7400c2d4cd51988c3c1c4d50075aea7
wqp,wqp:21FLSFWM-L006,1998-11,ANFIS-T-no-current,2133,128b5cc05b20c4e3cf718a45648e799ae99aeb8ffbbfce0d1f32715af3adfaa8
wqp,wqp:USGS-07049690,1996-08,ANFIS-T-no-current,2133,128e88fbc8b5def16cd9d7b738f4248b264940d16e04692e945ee76c9a62b5c1
wqp,wqp:21FLCBA_WQX-WAL-DEER-1,2018-09,ANFIS-T-no-current,2133,128efd4f458d7d1a5c1a0b4ba8c3a443dbba0068e6581a5a764b045be8753e9c
wqp,wqp:21FLSFWM-B06,1995-12,ANFIS-T-no-current,2133,1291a0517eb51744b2caec08a2607f676b31c523943b827ac0d8d149bf3be8e5
wqp,wqp:USGS-0726329710,2007-11,ANFIS-T-no-current,2133,129345172cebbbf9c538890dc3ddfbaecc37bf33c5ee404ceb00c680ab486a61
wqp,wqp:21SC60WQ_WQX-SV-361,2018-01,ANFIS-T-no-current,2133,1293d266746eb08ffd7e6e71a626897a4745cda19e35dc048b2bbe0b8e07a667
wqp,wqp:21FLORAN_WQX-BC8,2007-05,ANFIS-T-no-current,2133,12942eb5b5829e8c51c6a75601745fe0e8d3aa99ebc65a68d6fc1ecfadc69a3e
wqp,wqp:LAKELAND_WQX-LH11,2010-10,ANFIS-T-no-current,2133,1295a7fa8844419b1a39487bc63d7271a8fce957e86434fd6401146e7dae2e63
wqp,wqp:21FLSFWM-TIN13700,2005-02,ANFIS-T-no-current,2133,12963226a260b9f6758da59b1e9a3b8a7425a5b863df8fd6ff3c5ed08c92606b
wqp,wqp:21FLSFWM-RITAWEST,1996-06,ANFIS-T-no-current,2133,12965d1b3ceaf648d046b3a5111b1107a14596bb63dfd20cb0a6939b0d83b3c5
wqp,wqp:MNPCA-86-0297-00-201,1981-09,ANFIS-T-no-current,2133,129771b523b15f53b7f1612bc115860bbbb3465451640fbfcfd60990dfad42c6
wqp,wqp:21SC60WQ_WQX-B-345,2016-01,ANFIS-T-no-current,2133,129e241cced321d5405d9d2647eb92aecad7376cebba2dd5204f84501becba66
wqp,wqp:21SC60WQ_WQX-SV-357,2016-09,ANFIS-T-no-current,2133,129eaf6cdacb49ea1dbc25f054fd1c22748415714b2186665eb564d827cc3d49
wqp,wqp:KAWNATON_WQX-KN-KL-010,2014-08,ANFIS-T-no-current,2133,12a04979d92a5b48c4d9ffb7112439c88de8b937849a4b72285379f39fe1f3e4
wqp,wqp:CAPECRD_WQX-290,2016-09,ANFIS-T-no-current,2133,12a1369bbf9845ecdadc691793ab6081c0122ec0424b1ababf08dccd5a66cda9
wqp,wqp:21AWIC-81,2013-02,ANFIS-T-no-current,2133,12a2362f1d95fa6179f36ee2f3f158b5f865ea29803d7be05d7d96ff0853a315
wqp,wqp:21DELAWQ_WQX-208181,2007-01,ANFIS-T-no-current,2133,12a26b16f6b89ed7045aceb8d56e4c98e57fb9f500e83dbb21af77127fbf7343
wqp,wqp:21FLORAN_WQX-BC7,2005-06,ANFIS-T-no-current,2133,12a5a033ab9581adcb23e6c6ca5d5091ccf54120538e9956d04830f4b6265a23
wqp,wqp:MNPCA-02-0075-01-204,1978-08,ANFIS-T-no-current,2133,12a5b2340ee0f2a06e2265227e851f1d2deb2232f7bd9e979394321c0b48a353
wqp,wqp:21NC03WQ-CPF086F,2009-08,ANFIS-T-no-current,2133,12a92355ff518e7d5548d63b9f96a1023b5f6a221ec102e060d9fdd43100e0fd
wqp,wqp:MNPCA-25-0001-00-247,1997-09,ANFIS-T-no-current,2133,12aa21d0e4d66aef03778468a3e588ceeb5da7c486144a05ef2b7d0dcff09765
wqp,wqp:21NC03WQ-YAD169B,2009-01,ANFIS-T-no-current,2133,12abf4d9111320b56c98582443b54f0e6785307bb1f429aa24f2d5e8285a84b0
wqp,wqp:21FLSFWM-KBAROUT,2004-09,ANFIS-T-no-current,2133,12b14913e7e1067376a6c47552cad2386390b05c2bb945ef9746475bfdd42a5e
wqp,wqp:21FLSFWM-A01,1995-11,ANFIS-T-no-current,2133,12b3a31ae9559cc36e33d2f7940dfcdb2d501bb1b19630a712efff7a31d7a6fc
wqp,wqp:MNPCA-62-0055-00-201,1993-09,ANFIS-T-no-current,2133,12b4d1516e044bf26f327fb06716ee7fd4348d21001e2d2a203a012369ad126f
wqp,wqp:21FLSFWM-LZ40,2002-05,ANFIS-T-no-current,2133,12b4ddcd920b840a31a67673a368724a5110db4e6008e580e9b8d07139d3702e
wqp,wqp:21VASWCB-5ASRN000.66,2006-07,ANFIS-T-no-current,2133,12b5acdbe53e9dc93f852d98736215cc36f047bf0b5e792a6a46004aa04d522f
wqp,wqp:21FLSFWM-B09,1991-03,ANFIS-T-no-current,2133,12b7fd366980ae79f4ac6c26ddd69c13f947c513b61aabc2bca203f5162132bb
wqp,wqp:21FLSFWM-ISTK7,1991-01,ANFIS-T-no-current,2133,12bbd2402a7fd5e66669a744552e968abd1bdfa214656cfe4ee0fef57ceb62b1
wqp,wqp:21SC60WQ_WQX-CSTL-075,2000-12,ANFIS-T-no-current,2133,12beda9adea7fd9e069bf2f3ef3a7a7badfd4d103a706e3735a78740d1032201
wqp,wqp:21FLSFWM-LZ30,1995-12,ANFIS-T-no-current,2133,12c2083696bbf4ce9b02d64bee4a6dd3a2db42f6752ce15878a89f3eae45d00e
wqp,wqp:21FLSFWM-KBARMID,1993-07,ANFIS-T-no-current,2133,12c2218f214cabcd5b90f9d39f99280bd739ad30d334749b6492480f960ea154
wqp,wqp:21FLSWFD_WQX-23479,2007-01,ANFIS-T-no-current,2133,12c37994ebec15f11e2f22cb8cc59a139da69ff4fe9dd4178bbb1b9e932fdf29
wqp,wqp:USGS-07144790,2009-05,ANFIS-T-no-current,2133,12c45f47a5c0eec32f9b9fb14bf13857097534fbe55382d0648a3085522e12a6
wqp,wqp:21NC03WQ-CPF055C1,2015-01,ANFIS-T-no-current,2133,12c7e0171a5268e079be43dac50500051ca37bbef505fab5318b8565e6e67093
wqp,wqp:21FLSJWM_WQX-44494,2017-07,ANFIS-T-no-current,2133,12cd1eef37e211cc65957dbb023192bae73ecbcf2f329a2ef2d902b502b0ba98
wqp,wqp:MNPCA-47-0042-00-201,1985-07,ANFIS-T-no-current,2133,12d1e837ec53e1bc3e6509367b3b14445851fa26798cfa81a39ec95fec160d3a
wqp,wqp:21FLSFWM-KBARMID,1991-12,ANFIS-T-no-current,2133,12d2789a41d3a02e3ec7376ee7eea1095501badcc5f1b4d0e5129d5c01ef8cc8
wqp,wqp:21FLSFWM-L006,2005-07,ANFIS-T-no-current,2133,12d340a3fa8eb561bc278d2ca330a2242f3458ed0c1b25ed9d5c9f59d63be179
wqp,wqp:21NC03WQ-NEU019E,2013-04,ANFIS-T-no-current,2133,12d34a9da7681e21f512683997a69339f2ee57d83d69cfc9219fceed8658b292
wqp,wqp:21SC60WQ_WQX-SV-339,2018-10,ANFIS-T-no-current,2133,12d80d0783fc00c0ff30685dc7703d302e2498a30cb84f2fbddcad86a9e2608b
wqp,wqp:USGS-07049187,2012-07,ANFIS-T-no-current,2133,12d8c1b4dab728886e2b82fa546b8871be0e54899622dcb90d8d650b96575754
wqp,wqp:21FLSFWM-PALMOUT,1998-09,ANFIS-T-no-current,2133,12d9b81e6ce25aacc4a260308fe34d49012e05dedff8fe5e35de0e9247c059c6
wqp,wqp:21NC03WQ-CPF086F,2015-08,ANFIS-T-no-current,2133,12db738a9d2b99a0d3b885a63294f508ba7c4d58cc26a4f84986abb194797a62
wqp,wqp:21DELAWQ_WQX-206361,2015-06,ANFIS-T-no-current,2133,12df73560ad3f8f271d17bb992a34b65ebb492f0d58e73b5b1baea12eb30068b
wqp,wqp:21FLSFWM-LZ42,2003-08,ANFIS-T-no-current,2133,12e193e9eeec0de337de76236fad7fb63735685652c49f8f0c6f018ac4a5715a
wqp,wqp:21DELAWQ_WQX-308071,2013-08,ANFIS-T-no-current,2133,12e59893ef94828e53881c66fce5f8d468c3e9662de34df04672c7ad79809d02
wqp,wqp:21FLSFWM-KBARMID,1995-04,ANFIS-T-no-current,2133,12e87901d9a9d0f02b35a7a81febb184beb0bb618ac560b08b8566effe9dd2e5
wqp,wqp:21FLSFWM-L003,1991-09,ANFIS-T-no-current,2133,12e89aaf8bbe64c06d6e5d2747af3c538de4164458d7e6c0c7a70553bbf512f0
wqp,wqp:21DELAWQ_WQX-206361,2013-05,ANFIS-T-no-current,2133,12e9813c4a799d35153b09ff8eb94730b008b2a82c807f5625056d68d3fc0493
wqp,wqp:21FLSFWM-LZ42,1992-01,ANFIS-T-no-current,2133,12ed701c26d13ed736290807b2a18ad6b74cc6d649edff7767e9111d2f36cc02
wqp,wqp:21NC03WQ-YAD169A,2009-02,ANFIS-T-no-current,2133,12edb4129b4df77b54ebbd81fed613df5a06bf053870fa627fe628b8a90f4714
wqp,wqp:CAPECRD_WQX-280,2008-11,ANFIS-T-no-current,2133,12eec735b2db239b08aacd51147a123a0f5a8ccca1cbd2a4fad592097aae607b
wqp,wqp:21FLSFWM-KISSR0.0,1988-01,ANFIS-T-no-current,2133,12efdf571b4fa01c7bf35b74252a15afbdec7442f9cab830c026bd7c443962b6
wqp,wqp:21FLSFWM-RITAWEST,2009-03,ANFIS-T-no-current,2133,12f0b43cb5227c4bad906f41260be89a38b84e752b435f4d12e56dcd871a02b8
wqp,wqp:21SC60WQ_WQX-S-222,2005-05,ANFIS-T-no-current,2133,12f3fd16df1b57a588f9056816e8abab32460c0a7dbb77e25e8c7152e16742a9
wqp,wqp:21FLORAN_WQX-BC6,2010-01,ANFIS-T-no-current,2133,12f471b2d3e7bad164ba827406a413c87d9bb8ba2acb3d27f93b0af07c227518
wqp,wqp:21FLSFWM-A01,1996-11,ANFIS-T-no-current,2133,12f66b6b39d86e123061ddb8a88e82bd68d7d7a4e5eb3d414ff940d9079e700f
wqp,wqp:21SC60WQ_WQX-S-308,2002-09,ANFIS-T-no-current,2133,12f87895b9aea4292ccd682cc97dbe512d568d4b691cfae9d1ad0a81681bc6b9
wqp,wqp:USGS-12301600,1976-05,ANFIS-T-no-current,2133,12f9de263dcd9747d2af2f50ae76c0531f57720a8ea8558aebb065273cb88a88
wqp,wqp:21NC03WQ-B2450000,2009-09,ANFIS-T-no-current,2133,12feb4623c7a1df31f72f964f0f806406ba75a45bcffac6ff6aec3d6c692a65c
wqp,wqp:21FLSFWM-E02,1993-12,ANFIS-T-no-current,2133,12ff196d56dc9a6f5fced6d04c5c360315827f8d039f520c429c87418a0b22ea
wqp,wqp:21FLSFWM-L005,1986-05,ANFIS-T-no-current,2133,12ff1e74766f2302235f4ff3a1e75150b047793efc2a43adeddfb3a88d87c5b2
wqp,wqp:21NC03WQ-Q5360000,2016-05,ANFIS-T-no-current,2133,12ff8599c6b0ca257dc8b39a9fbd8bba69e5285bbd029d11533c0b3ad10fd90c
wqp,wqp:21FLSFWM-L008,2000-07,ANFIS-T-no-current,2133,12ffc15324c9a6394aefb8c26fd15adb460805c423d3d550f6c88a66d3c62bb7
wqp,wqp:MNPCA-62-0054-00-101,2001-06,ANFIS-T-no-current,2133,130109fb70d3a9ff19acd02eda22140e7eca2b8d7d982b0151551331d144afe2
wqp,wqp:21FLSFWM-E02,2008-08,ANFIS-T-no-current,2133,1303c20fefc07c427c9ee8e23b144bc2b7f251cea9bf7410d0ac5b0d0b36ea33
wqp,wqp:USGS-07048910,2007-07,ANFIS-T-no-current,2133,1305b17c7225de40fbdc2433295d1fe907e0bfcdd0b9ee6b8c9f8a92e05b4d88
wqp,wqp:CAPECRD_WQX-280,2017-11,ANFIS-T-no-current,2133,1306249db1bed89982a399c9eb0c4ea9b076a11b3acce4a848ca68098ffc6de2
wqp,wqp:21DELAWQ_WQX-208181,2013-12,ANFIS-T-no-current,2133,13078e56b819410bc356a0c597ff534742b14c70f1bfa1c8e6c3985a09578fae
wqp,wqp:KAWNATON_WQX-KN-KL-002,2017-08,ANFIS-T-no-current,2133,130ae9a66ec3da6f4682cfebd7e907d8bcb16049be3d1994d76717cc19d1de12
wqp,wqp:21FLORAN_WQX-HB67,2018-04,ANFIS-T-no-current,2133,130e45dae36ebe8cdd0f7cba49dd2f43bdabaf811ce57329d8880812cf0f2060
wqp,wqp:21FLSWFD_WQX-23113,2008-12,ANFIS-T-no-current,2133,130ed2818c4f4e6132544d46c0291c21c28bc5f7550c99a24f9eea33b5b8ff2d
wqp,wqp:21FLSFWM-B02,1995-06,ANFIS-T-no-current,2133,130f350d56fc23478c89cf3a977eb8c23133a425253229531efd83ecade287fd
wqp,wqp:21DELAWQ_WQX-109131,2015-10,ANFIS-T-no-current,2133,13109f8552b4e4ec9d13237c6562656e5ef47504e227f42f8657b763a033d2d3
wqp,wqp:21FLSFWM-STAKEOUT,1989-10,ANFIS-T-no-current,2133,131571d355e50561ee10421a898b079ecc55a9455302ec8f4a3c7346c89ce5c3
wqp,wqp:21FLSJWM_WQX-44592,2017-05,ANFIS-T-no-current,2133,1317a39a8d3155a6881021f6292081cdf0311c885d3160c0d79f2928c5ed0f4c
wqp,wqp:21FLSFWM-CLV10A,1998-10,ANFIS-T-no-current,2133,13181bacade924935d24f0349ab10e59bd3e6b8133e66b3788624d957099e7fe
wqp,wqp:21FLSFWM-L006,2002-03,ANFIS-T-no-current,2133,131ca84298a554318ce6eaf45c7cedde43b46b8f5ad29eab69aaa703efa737f9
wqp,wqp:21FLSFWM-TREEMID,1993-12,ANFIS-T-no-current,2133,131eccfed91304209509605db29477e6ec39ad854d7d0f2a53c15b6f7c659f4f
wqp,wqp:21SC60WQ_WQX-CL-019,2015-03,ANFIS-T-no-current,2133,131ee41a10f28afb4499d2a2c1066d6da2e30d7316cb40c965556e87f08fed1e
wqp,wqp:21FLSFWM-ISTK7,2003-09,ANFIS-T-no-current,2133,1320e988242b6eb9c5d83331b66e603710b57d5eb2b7c10ea339916ec6d9492f
wqp,wqp:21FLSFWM-L006,1994-01,ANFIS-T-no-current,2133,1322d31d36289a4e4e7efbe9541ee586bfefa38666d81526aca6767f4b1dc9ea
wqp,wqp:21SC60WQ_WQX-SV-331,2002-11,ANFIS-T-no-current,2133,132321c8af4d0e636593553c27dd866573bf31b6f823ee7ad667a1a2dbc1ef4c
wqp,wqp:USGS-01657665,1973-10,ANFIS-T-no-current,2133,13284ce2540b93863ebcc18e75d25cb6a3aa7797632be7832fd730ab54497cff
wqp,wqp:21FLSWFD_WQX-23641,2014-03,ANFIS-T-no-current,2133,132870277989665fb9f240271f048a62faf856aa9cf482db889527dd1d3b0aaf
wqp,wqp:21SC60WQ_WQX-SV-338,2009-03,ANFIS-T-no-current,2133,132aaad22eb0fcb90600363aef2d667bb9f46968c3e0299be9b16b68ddec3f58
wqp,wqp:21SC60WQ_WQX-CW-033,2016-10,ANFIS-T-no-current,2133,132b6183108d21c282c83d35d6d2a76c46caf64c67c42b226114b5ffc4ef0bea
wqp,wqp:21FLSFWM-RITAWEST,2006-03,ANFIS-T-no-current,2133,132c2941453e121b02d651dbc819471f41f4ea30aa753a47f20830876e81c4cd
wqp,wqp:21NC03WQ-YAD169B,2004-06,ANFIS-T-no-current,2133,132ed288385f9c32d858b105a900947874a4571e9128fd6aafb8b5f73dba88e9
wqp,wqp:21FLHILL_WQX-135,2002-09,ANFIS-T-no-current,2133,132f8377e52f4f700d6d396fa811c5f067158c6da3b3c07a00788edce74f33f4
wqp,wqp:21FLSWFD_WQX-23479,2007-06,ANFIS-T-no-current,2133,13326cdce5ae150fa13e55c61f3ea8c815ddf2816f80be0c4a9466070b7b3d9c
wqp,wqp:21FLSFWM-E02,2004-07,ANFIS-T-no-current,2133,13346826b1bb735f1cd6840f74c41e1f3bf0f9bcc568dc08c35a56afcb7e9cdd
wqp,wqp:21NC03WQ-CPF0880A,2006-01,ANFIS-T-no-current,2133,13352b20dce1b09508dbe6c161b7c516babfa854e1891a4d3b9de8a44b953aba
wqp,wqp:21SC60WQ_WQX-SV-331,2003-06,ANFIS-T-no-current,2133,1335c560ae8b61be713912e7204db0780777e746493f7951c82f3ed11cf11e1c
wqp,wqp:21FLSFWM-ISTK4,1989-04,ANFIS-T-no-current,2133,1335efb58535dd7fba8e51e9b77af735941993e78dc5ec4c30e350ea7c1fff32
wqp,wqp:21FLSFWM-L006,2007-11,ANFIS-T-no-current,2133,1337c0cb021a0728af27954115b00bf87dd0941a9bce21d0e8e675184203bb9b
wqp,wqp:21FLSFWM-L008,1979-07,ANFIS-T-no-current,2133,1338f7e06421a05f5b5b164525fdf4a563c6b36ea2e2d84d0738ede86a9e4ccc
wqp,wqp:21NC03WQ-NEU019P,2018-07,ANFIS-T-no-current,2133,133bf1e05ffa42b5dbed7211b1bc4185fda6389b083c856f7e1b685b3fde53fd
wqp,wqp:21DELAWQ_WQX-208181,2003-03,ANFIS-T-no-current,2133,133e07876ef60e2a23c724080a9d0b131dd3b1b3e3bcd63d2b31144dca966f60
wqp,wqp:21FLSFWM-D02,1986-04,ANFIS-T-no-current,2133,133f320628e9ea9e6df07d0dd509d75eb079d70936b2e47898f57e7ed39fd161
wqp,wqp:21GAEPD_WQX-LK_12_4048,1990-03,ANFIS-T-no-current,2133,1341a129267b3f97846ffcc01a4292112292683ce2f14a124d9d8b2bf17c46fa
wqp,wqp:21DELAWQ_WQX-208181,2008-08,ANFIS-T-no-current,2133,1341d017dd4982a2611ee2a271b2fa70318dbd2bf42dd3975e0f3dccd567b965
wqp,wqp:MNPCA-02-0075-01-204,1986-10,ANFIS-T-no-current,2133,134244cc7f33c5ea494217418aa928c9388f8adbc93ed770bd267d97ec698aaa
wqp,wqp:21SC60WQ_WQX-SV-331,2010-07,ANFIS-T-no-current,2133,1342abf821f4f357b00ad6ca45ab2f41a8a69a3a5418f57d131af90aa261c755
wqp,wqp:21DELAWQ_WQX-308071,2016-11,ANFIS-T-no-current,2133,13443b02fdcd15e3d175631289bacff1ee038fbda975fe956ab0e09312ac9be9
wqp,wqp:21FLSFWM-ISTK4,1988-09,ANFIS-T-no-current,2133,134452bec0a54b2f64df85560b0554ce7097288ef379df751dd5c9c8bbb1266a
wqp,wqp:21SC60WQ_WQX-B-327,2018-02,ANFIS-T-no-current,2133,1346f54d8918b4e16d06021cc431e47691544853903908181a2342e051960686
wqp,wqp:KAWNATON_WQX-KN-KL-005,2009-09,ANFIS-T-no-current,2133,1347554a740be8ab1d98d9cc75086327d6facc8ceb2a04242aae05ec8ba92fd1
wqp,wqp:21FLSFWM-D01,1984-05,ANFIS-T-no-current,2133,134a04186bb09c7eadd9d7310a00a4962f842d69db08b150d096c367dc1ea664
wqp,wqp:21FLSFWM-B09,1993-07,ANFIS-T-no-current,2133,134b0a2811906c7123ba8c22679142a5ba27f85d18f509e860f3224116818f71
wqp,wqp:21FLCOLL_WQX-LKTRAF4,1997-06,ANFIS-T-no-current,2133,134c321672d43e3f036e8b08b04e15f67342457cb5f81b7998c180b19552cc74
wqp,wqp:21DELAWQ_WQX-304321,2015-10,ANFIS-T-no-current,2133,134ce1b143f13cb4cd39e3d34b359126e99e1c776731efb1cb92d4e1668d147d
wqp,wqp:21FLCOLL_WQX-LKTRAF4,2013-08,ANFIS-T-no-current,2133,134decf798b06b80d3485a19521c7c1c38509cee54dd919ce355e0f0cfca0d10
wqp,wqp:21FLSJWM_WQX-44618,2018-11,ANFIS-T-no-current,2133,134e7087ffdda3d5a09a55e08fc2fcab741f3fccbcd6c2697821cd31ead648ac
wqp,wqp:21FLSFWM-PALMOUT,1996-04,ANFIS-T-no-current,2133,13529a043087b5210b137cd823d80fce17e842b5cba2773cade8a6a2502ac167
wqp,wqp:21FLSFWM-B02,2008-01,ANFIS-T-no-current,2133,1357249af729a541bd912b6203e5eec75c2d268dcbae1f2d3c6b98fa6e898a7c
wqp,wqp:MNPCA-82-0046-00-203,1996-07,ANFIS-T-no-current,2133,1357c8ac339b26846a036ca2839fa8a5be29863fd282ad3071c98ad40e488a8f
wqp,wqp:21FLSWFD_WQX-23113,2018-01,ANFIS-T-no-current,2133,135831586aa0cc59c6d1ce286dcee078fba8b1d060feb2a9af0a1149459bb16d
wqp,wqp:MNPCA-62-0007-00-203,1984-07,ANFIS-T-no-current,2133,135c6368480f08ea34957779081392adce266a9b00468d7fbe11003fa781f2bf
wqp,wqp:MNPCA-62-0007-00-203,1994-09,ANFIS-T-no-current,2133,135db332d32af81ca0e0d3c675ba04721c5ca64dd499dfc6cb26d9ee25edac3b
wqp,wqp:21FLORAN_WQX-CC22,2005-06,ANFIS-T-no-current,2133,135ed459c442546e2f89998c57839fd154f6911726bba9d774378a5cb85d36f4
wqp,wqp:21FLSFWM-MH16000,2002-03,ANFIS-T-no-current,2133,136036f074f3f483b05ace4bb30a2a9636710003c24c40f65b2d1fe5d776d0cf
wqp,wqp:21FLSFWM-L003,1985-01,ANFIS-T-no-current,2133,1361d872c72db638af8fa044ee3879898188a181bf26b2ca6442f0baa1a7a23f
wqp,wqp:21SC60WQ_WQX-SV-340,2008-12,ANFIS-T-no-current,2133,13650e634074e4de4d14d1abde86fd7f058a16c1fcfe8ffd4a6cc902c037a338
wqp,wqp:21SC60WQ_WQX-B-345,2002-06,ANFIS-T-no-current,2133,136799b4559b9959535ba3ea9f6c202691931a89c8eeabf17d6dfa855aca2019
wqp,wqp:21FLSFWM-LZ40,2000-03,ANFIS-T-no-current,2133,13680fa2c85758da613166824638129e3d46214ca7791b9ecf7522ccc1d0ff15
wqp,wqp:21SC60WQ_WQX-SV-340,2005-10,ANFIS-T-no-current,2133,1368189afbc10302dfc77782bc1c8d7559f6414abc0fe1601b8e9cb903d88bf7
wqp,wqp:MTWTRSHD_WQX-GTOWN-LK-01,2010-08,ANFIS-T-no-current,2133,1368887f97ef18ed9340f1c12c860e5c2775fd8bf9c6be7c87f2cf1761a7b19f
wqp,wqp:21SC60WQ_WQX-SV-335,2005-04,ANFIS-T-no-current,2133,136b5ac968a45dbbaa435a6415ddab6e82cdd88f1013c78b3c5edad1ac397b70
wqp,wqp:21FLSFWM-L003,1989-06,ANFIS-T-no-current,2133,136c5d68bdec8a8691b0ce86006a9b2d2abf6bfb2f156ba0e184d6db66a8c1fe
wqp,wqp:21DELAWQ_WQX-208181,2015-07,ANFIS-T-no-current,2133,136e54d3ba7f4c7f666109b150700d58c9ed062c4308ab7c326526fdf3d1edeb
wqp,wqp:21FLSWFD_WQX-23613,2008-05,ANFIS-T-no-current,2133,136f3835c90c5d49d4cadda0469f2cb71096245a76b1448b26540bd00c949d6b
wqp,wqp:21FLSFWM-RITAWEST,2004-11,ANFIS-T-no-current,2133,136f5356ac095bb3d466e484dc1fad99e3e7fd4135b4032685ff9794eb88a1df
wqp,wqp:21FLSFWM-CLV10A,2006-08,ANFIS-T-no-current,2133,1371bdaed34dfbbc04acd51943542304eeef19716575ba44aa0848c290c9bb16
wqp,wqp:21DELAWQ_WQX-206361,2018-02,ANFIS-T-no-current,2133,13737b844df2484d84142179d11c66086583843e0ceb82ecb761fc96eb21691f
wqp,wqp:USGS-07049200,2014-02,ANFIS-T-no-current,2133,1376fd345ef2f6ee5bac9bcc8b4218b5018629db5e54da4a3fff9ad8051efb93
wqp,wqp:21SC60WQ_WQX-S-024,2009-12,ANFIS-T-no-current,2133,13771611a3c142d6ee7780ae0047b6a6a369fb7952b387d872302274de4045e5
wqp,wqp:21FLSFWM-ISTK2,1992-07,ANFIS-T-no-current,2133,1378338143532fb0ff530d7b481039a3625a67a4a88a7b5977ed933e7cf702bd
wqp,wqp:21SC60WQ_WQX-CW-231,2006-11,ANFIS-T-no-current,2133,137898016b4515df0b6c62daaa5c9aeeab4ac1f261d8f14b50aa87f4108365ba
wqp,wqp:21FLSFWM-A03,1998-09,ANFIS-T-no-current,2133,137ad18e0521be1a8f4be433e6974fbd15cb1ed9e9416768b3f51c9c57f8cbe9
wqp,wqp:CAPECRD_WQX-290,1997-03,ANFIS-T-no-current,2133,137d530f58503cdbfb29dcf2a62614b7624dab2d7691053ad168d8e6b85446ea
wqp,wqp:21SC60WQ_WQX-SV-339,2010-05,ANFIS-T-no-current,2133,137da905dd32505d3f3d52c136cb324d0936fb20209040f88db67053158a02e0
wqp,wqp:USGS-07144790,2018-02,ANFIS-T-no-current,2133,137f27b608d528c4d1946220481ec788a9c577c1e6f84deaee1cb6b85334ccae
wqp,wqp:CAPECRD_WQX-262,2017-09,ANFIS-T-no-current,2133,1380b9318c5d123ac3cbb3a37c2f29a9057ffefa1ca4901cf30f096b8024636f
wqp,wqp:21SC60WQ_WQX-CL-019,2004-02,ANFIS-T-no-current,2133,1381eb8060b209ca3dfdbd951131ae2ebc93959c52f4b27b6d5c08b9f0f8c131
wqp,wqp:21FLSFWM-L001,1997-08,ANFIS-T-no-current,2133,13897c4f1f770805a1414851872a7c8ac8cfd709212c60f3fc679eaa73e548c2
wqp,wqp:21SC60WQ_WQX-SV-339,2005-06,ANFIS-T-no-current,2133,138c6e54871f35e26dc9685a24f20287e7bc7bce72fdc5adeb262e51932b1ecc
wqp,wqp:MNPCA-62-0055-00-201,2005-06,ANFIS-T-no-current,2133,1390968c6a1648c9a74446245066b357c1b175a812fece0d3364bb61a0b7fd10
wqp,wqp:USGS-295554095093401,2012-03,ANFIS-T-no-current,2133,1390da3041ff1857e48850743f8f916a4441c194ea11699f5b64865e82aad58c
wqp,wqp:21FLSFWM-LZ2,1992-05,ANFIS-T-no-current,2133,13946b4327f85ef9965d3888511ab4df1dcca2546337829f9c449ecb9a25f308
wqp,wqp:MNPCA-10-0048-00-201,2017-08,ANFIS-T-no-current,2133,1398fa05c1b9e65a8c81fe3ae10137ab40f907542b0ed42cd1572ba399660698
wqp,wqp:21FLSFWM-E04,2001-03,ANFIS-T-no-current,2133,1399e122ed0394902296284da46762c2c8cb466c5fd9231ac9d5bdcda0293fa9
wqp,wqp:21SC60WQ_WQX-S-223,2004-06,ANFIS-T-no-current,2133,139c3bc2d44fbb6168af8814d9b1513b619f0efe92f8df6286e1a16ac69c81a6
wqp,wqp:USGS-295826095082200,2012-02,ANFIS-T-no-current,2133,139d5c885974d54e0e11e6477f8e135ce00c667bf95c3af0bbd409be051308e1
wqp,wqp:21SC60WQ_WQX-S-311,2018-09,ANFIS-T-no-current,2133,13a05a0f0c037f34e1e865e125bc09ce78542dc5f9ced688376b1cd858afa419
wqp,wqp:21SC60WQ_WQX-SV-339,2002-10,ANFIS-T-no-current,2133,13a109a666e494bdddc5d797ad7156a2943f9bbce90d38ca75ec679c414f8384
wqp,wqp:21SC60WQ_WQX-SV-339,2002-04,ANFIS-T-no-current,2133,13a1aac82fb299e4b51294504c731c295a134113bd250e606f9898d1fe999346
wqp,wqp:21SC60WQ_WQX-SV-363,2006-05,ANFIS-T-no-current,2133,13a5633a0783dab3149b6ab6c86a21e95b550b018b4631e308dd0dc911f8c191
wqp,wqp:MNPCA-25-0001-00-247,1996-11,ANFIS-T-no-current,2133,13a5e5a7bc77fcd3d717bf355a79eafe4aeb98f85aeb8bd94ec3ed069806e35d
wqp,wqp:MNPCA-62-0055-00-102,1987-05,ANFIS-T-no-current,2133,13a770fac1f00804279f8d68a56152d2c67cb3440800a3fd2fb97dfa58f5331c
wqp,wqp:21SC60WQ_WQX-SV-339,2006-04,ANFIS-T-no-current,2133,13a900a0ff1cc92d488943ce998881700e2a9f2c45eca320e0d52e498264d342
wqp,wqp:21FLSFWM-TIN8100,2004-01,ANFIS-T-no-current,2133,13ac99836265dbb9ff9783d3d6e5aedaaf232f7493dfaa9864f382e09951a204
wqp,wqp:21FLSFWM-L005,1980-02,ANFIS-T-no-current,2133,13acb03cde8457a7475b3b12ee74af1140b3be8f33b517fe1e5768a90466b0a9
wqp,wqp:21SC60WQ_WQX-CW-197,2005-06,ANFIS-T-no-current,2133,13adf0241a281efd136df963f20f1c206c143f802f15bca737b90b8e15e317f3
wqp,wqp:CAPECRD_WQX-280,2008-10,ANFIS-T-no-current,2133,13aeeb011e1c079b8258f93f5980e9b240c189c5cc4d09cce27a26f6f6583859
wqp,wqp:21FLSFWM-L008,1993-03,ANFIS-T-no-current,2133,13b096a1a4088b49e3b6b0c9954a8264c6e661c97ac8977d5e6a2991df9d1bbc
wqp,wqp:21FLORAN_WQX-CC13,2008-06,ANFIS-T-no-current,2133,13b2acf1b70cb4c29e060702f7f1cf842b34b333d098e588e388f6352e84ff5d
wqp,wqp:21FLCBA_WQX-WAL-MORRIS-3,2017-12,ANFIS-T-no-current,2133,13b4adf3f094542ef3611eb919a3d8632843f4238e7cc5f8cedd65c9f344d221
wqp,wqp:MWRD_WQX-BARR3P,2007-06,ANFIS-T-no-current,2133,13b4e64f2a36fa12ff535a6fe53675511588db5e6ceeb0b82debede7de79a14a
wqp,wqp:21FLSFWM-CLV10A,2008-01,ANFIS-T-no-current,2133,13b4fe5662e217749f699cd4f0ce18034926d509f5169cceb73e1bf9c17f1420
wqp,wqp:21DELAWQ_WQX-109131,2009-02,ANFIS-T-no-current,2133,13b8356952768a7241d777f85b72579f04fbf6216c06a9e5efc8264175c8ac8a
wqp,wqp:21SC60WQ_WQX-SV-200,2001-10,ANFIS-T-no-current,2133,13b92838b15524b68effbd43fa611c237b1782ee7864529e3ea93a2c982e5542
wqp,wqp:MNPCA-62-0013-00-201,1981-05,ANFIS-T-no-current,2133,13bd248cc5c58404050bd6efe9a1525420a19c29ef382c77a37bdbb63157aa81
wqp,wqp:USGS-423526088380101,1989-06,ANFIS-T-no-current,2133,13bdfaa50a9effd9394d596d15f340d565f39887373671c8a40f43f3663a3b6f
wqp,wqp:21SC60WQ_WQX-S-223,2000-09,ANFIS-T-no-current,2133,13bfa6570f336fef5ac9cffa03f1306495c21eef953d87ba6de04c363d6e307a
wqp,wqp:USGS-072632965,2006-12,ANFIS-T-no-current,2133,13bfc38c11b0ba605018fe38e758873bc3fa7e7c15c04eaa2d2dbb052ada9031
wqp,wqp:21DELAWQ_WQX-308071,2010-12,ANFIS-T-no-current,2133,13c42c614c5ee4651b5f9b55653f9adff5814dad5098682d6a1583262fef23e2
wqp,wqp:21FLSFWM-LZ2,1991-05,ANFIS-T-no-current,2133,13c56fac91346aac038fa1f91387a971cde7d68117f65fb675d715bab457c195
wqp,wqp:MNPCA-10-0042-00-401,1999-10,ANFIS-T-no-current,2133,13c92712cbbae2571799c219243571cbc28b42f77108228583515d21afde4dfb
wqp,wqp:21SC60WQ_WQX-CL-089,2014-04,ANFIS-T-no-current,2133,13c9a885445b4751f79911820e699694f05f7b516b4f50019234a64826f802ca
wqp,wqp:USGS-07049690,2002-11,ANFIS-T-no-current,2133,13cb3b9bc94b5968c584846c8d239ae51429c57c3ffc412ebf74d853254ca877
wqp,wqp:21FLSFWM-L004,1983-09,ANFIS-T-no-current,2133,13cbbcb2d3f542ce40c3184bd6a60c2ef4ec134f1886a6d121ddf8e9e727466d
wqp,wqp:MNPCA-86-0252-02-207,1989-05,ANFIS-T-no-current,2133,13cc714d7c3f4e799247ca89e5355bbb3b144445442423c02012d11cd277d3fa
wqp,wqp:21FLSFWM-PALMMID,1993-06,ANFIS-T-no-current,2133,13cf4af913fe3b5acce5f09691e85945541b75f393e1eb2c02462713ef700d02
wqp,wqp:USGS-07049200,2012-05,ANFIS-T-no-current,2133,13d64e5a14cbb845b6110d6110c9881108ae7f8fa17fca02c508c60fe117cba1
wqp,wqp:21NC03WQ-CPF055C4,2013-10,ANFIS-T-no-current,2133,13d869a7f3576769d52a165f445589ea047653bb5568e418455dbad5c8e03db1
wqp,wqp:21SC60WQ_WQX-PD-327,2015-03,ANFIS-T-no-current,2133,13da81a8692012cbb9849eeaaa71ceb4735c6817da81634aad157a0650deafa2
wqp,wqp:MNPCA-25-0001-00-232,1996-05,ANFIS-T-no-current,2133,13dd2b2c1e2bc85655bb3ea0fc2f614ce415615599f419b215661f1220aed40e
wqp,wqp:USGS-01657460,1973-04,ANFIS-T-no-current,2133,13dd9ede9dc326a44a65e83f4dafdbac27306da25bbf9628256cc635d8689c04
wqp,wqp:21FLSFWM-B05,1983-10,ANFIS-T-no-current,2133,13df91df1da8a0ae4b749e177fd1749729e77b90ecb6b188e9ffe86bb2be182a
wqp,wqp:21SC60WQ_WQX-SV-200,2013-08,ANFIS-T-no-current,2133,13e1e2943c10c323b720190f0dd8b13e44df9fffa6af5e2413906b300328166d
wqp,wqp:21FLSFWM-PELMID,1991-09,ANFIS-T-no-current,2133,13e22c5fca0da23f3311b81e273c7dc683b4031353f410d3640a87dec3a6067c
wqp,wqp:USGS-01657480,1973-04,ANFIS-T-no-current,2133,13e345ee786ce16b45421b1aac3c884ef0a8515f6e21db44317d08f5032c9e6f
wqp,wqp:21SC60WQ_WQX-CW-231,2009-05,ANFIS-T-no-current,2133,13e5bfc93c4ff6634c8dd4f109cc67fb7da373d874c6bb161e6a5369dbca1f9b
wqp,wqp:USGS-423526088380101,1995-03,ANFIS-T-no-current,2133,13e67fec7dd11f3883ecee3faea95511f6a2f345a73f4861e3abe888e49d5d28
wqp,wqp:21DELAWQ_WQX-109031,2006-09,ANFIS-T-no-current,2133,13e756d44f90daa72951362c8e71bec3171a08f774cb2aee818facb9e9d07620
wqp,wqp:USGS-07048910,1991-08,ANFIS-T-no-current,2133,13eab248b5021f887f6b6f452ed99b37472ead84336e1b9b803ce433e055ebac
wqp,wqp:21SC60WQ_WQX-SV-335,1999-05,ANFIS-T-no-current,2133,13eebc9f305a75bd2788162a49d0a3950fd4b33345478bbff6ac83ed943356dc
wqp,wqp:21SC60WQ_WQX-SV-339,1999-12,ANFIS-T-no-current,2133,13f17f639434db1e1908887bf19026d3f28f6f967db21781faf8287f0213a8f9
wqp,wqp:21FLORAN_WQX-CC6,2006-04,ANFIS-T-no-current,2133,13f2f2118a444837425f9270dd734bba1d993fb8472b00a3660c7075556ff8a6
wqp,wqp:21FLSFWM-PALMIN,1994-05,ANFIS-T-no-current,2133,13f360e3055236cb63c2a121c174aeea43bd8cefea12759297cefc1e2854120c
wqp,wqp:21SC60WQ_WQX-SV-335,2007-01,ANFIS-T-no-current,2133,13f7472e2c56c554eddc6a10fb2e83d27c67bd3a5f19f3b6b33ee5e137ccb339
wqp,wqp:21SC60WQ_WQX-ST-032,2006-06,ANFIS-T-no-current,2133,13f78970e5ba9137813bda4b4d7e462027299118fc1853f3532ea290c1211fba
wqp,wqp:21FLSFWM-RITAWEST,1988-10,ANFIS-T-no-current,2133,13f842e941aa1d80e71ceed13c947ec4c359adce573d3430c5dfa4c6b4e0a389
wqp,wqp:21FLSFWM-LZ42N,2004-06,ANFIS-T-no-current,2133,13f9c0e9d17b3b434898db3ed82c7d2aab8cb9b9b597c5107f0e36e64e4e5bf4
wqp,wqp:21FLSFWM-D02,2007-03,ANFIS-T-no-current,2133,13fa017b2b60032d4fbc57a6ef90ca613ea1c7cb117c2bffd47a4b34345885da
wqp,wqp:KAWNATON_WQX-KN-KL-005,2014-05,ANFIS-T-no-current,2133,13fb2c94a6c2245259db03f5639d07e59405ee1210daf35d98a556d313c01ea2
wqp,wqp:21NC03WQ-CPF087B3,2014-11,ANFIS-T-no-current,2133,13ff6a1f74ec37c53f69bc20a127a98b9318839953587d5290ad43cb5e76e492
wqp,wqp:21FLSFWM-LZ30,1996-12,ANFIS-T-no-current,2133,13ff752e07d5aa888b40aa7b5be190db8e9e1348ed5c9ea6720389d7ef5128f1
wqp,wqp:21FLSWFD_WQX-23477,2018-03,ANFIS-T-no-current,2133,13ffae3c095211384e7e98f02f1e0b99cadf157da9d43ce31e2d52a71f916e2d
wqp,wqp:21FLSFWM-KISSR0.0,1993-02,ANFIS-T-no-current,2133,140131b67be244da6636d29ae945efbf94d2a99f29be2d25b949b0586f05a61a
wqp,wqp:21NC03WQ-CPF087B3,2017-12,ANFIS-T-no-current,2133,1401baa5aa413294a2fd95b3d27d2cdee7344f5a162cce4a38a990d052018e95
wqp,wqp:21FLSFWM-LZ42N,1992-11,ANFIS-T-no-current,2133,140591a8798857e3f2908740b564ad680eb1fadc52c4c6b09841a1e469cc9cd0
wqp,wqp:21FLSFWM-PLN4OUT,1992-01,ANFIS-T-no-current,2133,14066eced17e96c82805f166eac747c8f589abafeb13427fe8c176c5b87a05ad
wqp,wqp:21FLSFWM-ISTK7,1991-03,ANFIS-T-no-current,2133,140871473325c3994ad4614dc5dc0e50be76d7669f568d99a7cd52e9079403fd
wqp,wqp:21FLHILL_WQX-135,2008-09,ANFIS-T-no-current,2133,140a461974fd538ea355f44113fecbfb28050c3bf6504499fe49ad7cad7902c0
wqp,wqp:USGS-01201700,1974-10,ANFIS-T-no-current,2133,140fd2b150e5f6033c99ad7d7d6689e5a6852164ea86480886e423788e7fdab5
wqp,wqp:21FLSFWM-LZ30,1991-10,ANFIS-T-no-current,2133,14126fc5f1f535901b8ca4f6b24726251d0945acb8e9e25dfa206ab2b23a8008
wqp,wqp:21FLSFWM-B06,2000-04,ANFIS-T-no-current,2133,1413dea8dac668d21bae37645408986da3f277a6d51e9a5fb1e798b351e96c4c
wqp,wqp:MNPCA-62-0013-00-201,2005-08,ANFIS-T-no-current,2133,1415956d13daac5a49c87b213e5da6aafbe71c90ec6c295d4a687229e4c3f31c
wqp,wqp:21SC60WQ_WQX-SV-268,1999-04,ANFIS-T-no-current,2133,14194f2cd80b8c0485e5682324605b0e6fd7cfe3383668a59c389f85a11614a9
wqp,wqp:21FLSFWM-RITAWEST,1998-10,ANFIS-T-no-current,2133,141f7ef5593f41ff194e78122879f6414c28a987387bc84af0cdd78a9e296652
wqp,wqp:21FLSFWM-STAKEIN,1988-09,ANFIS-T-no-current,2133,142614d393e84ca763fa0ae70a96085d54e135d70cd34155c77d06103501d4c5
wqp,wqp:21FLSFWM-LZ30,2007-08,ANFIS-T-no-current,2133,1427027b509120e10092f0598b38043b6306225243d6401dcc4ffc692d011717
wqp,wqp:21FLSFWM-L004,1996-10,ANFIS-T-no-current,2133,1427dea8613f5c4eb6f9663dcf822965c096d92edfad7bb3a0bbe55ea5b5625f
wqp,wqp:AZDEQ_SW-33,2016-07,ANFIS-T-no-current,2133,142916911cedf45bb3354ac7df3892ef8a4e6e9a87f6f0eb333b64815b6b7070
wqp,wqp:21FLSWFD_WQX-23389,2014-08,ANFIS-T-no-current,2133,142b9d64ecffa7c13b1017c1fb3ad973fdd12fe0e9bd543f79a5fe1e77c0e8c0
wqp,wqp:MWRD_WQX-MILTON3P,2007-05,ANFIS-T-no-current,2133,142dbe14b70952734394c7c485040ffc49d7a8e0541cd3708b24ce138f2ffdb1
wqp,wqp:MNPCA-62-0013-00-201,2016-06,ANFIS-T-no-current,2133,14371bb19d91f71228c57153bdaecafd31e8d8860e4141cba8ecd2af5eb5dc66
wqp,wqp:21NC03WQ-CPF086C,2010-10,ANFIS-T-no-current,2133,143747d62eeef651ad97bba7235137ea1a4f8074cb8188b0b960513a3edd2588
wqp,wqp:CAPECRD_WQX-290,2013-03,ANFIS-T-no-current,2133,1437cb536da1a4f391088f7ead02b982feb76c28fe24d425b06d1187ec7c08b7
wqp,wqp:21FLCBA_WQX-WAL-FULLER-3,2018-11,ANFIS-T-no-current,2133,143f2123dc0c45cbcd9b33c0ce963f06f89ca86fb573398bf5b7bf2012be284b
wqp,wqp:21FLSWFD_WQX-23144,2006-09,ANFIS-T-no-current,2133,143f9434961dc1e7f4129888f4b9a945a842d463b2844803d43b0181fa36d554
wqp,wqp:21NC03WQ-CPF087B3,2008-01,ANFIS-T-no-current,2133,14400f5e581f0261e7cb6d31c5128547eed8f4e3b5b00fd1b801204dcca83a01
wqp,wqp:21SCSANT_WQX-SC-042,2016-06,ANFIS-T-no-current,2133,144329760d70fb4d0955e1e31c37f21e24b2c4af45a6a91a5a7a65517d4a38c2
wqp,wqp:21FLSWFD_WQX-23641,2018-06,ANFIS-T-no-current,2133,144444cd483aa6e7394945c6d63d5726a50b173b25ffe0e2a41a371bccd41361
wqp,wqp:21FLSFWM-PALMOUT,2002-03,ANFIS-T-no-current,2133,144a0b5b27def1d324b1752d45762c63eff98af06877a74ead39d83114bcc0ae
wqp,wqp:21DELAWQ_WQX-202021,2015-07,ANFIS-T-no-current,2133,144b4d3d56809a8098abcb8aa5526d2b7d94be0e7716f0bf45addd99877c6f44
wqp,wqp:KAWNATON_WQX-KN-KL-002,2016-12,ANFIS-T-no-current,2133,144bc15440cf36781e000c9050504211c4a8791f707d795196b9930b20e63ddf
wqp,wqp:21DELAWQ_WQX-208181,2009-07,ANFIS-T-no-current,2133,144cfc6caf399420773c3698eb819d10f71d0301e6b869556cc7b79d9fb93030
wqp,wqp:USGS-07048910,2007-09,ANFIS-T-no-current,2133,1450a8d8009d04c44d87add16957d9be198c1b905acc96481b2270ada9e0e5ca
wqp,wqp:21AWIC-23,1993-03,ANFIS-T-no-current,2133,1451f8fb5393fb9f38964eb70233e9942dc804b38a6f195ef0a398c93aca93ff
wqp,wqp:21SC60WQ_WQX-S-022,2012-02,ANFIS-T-no-current,2133,14535ecdd6d2ba3bc0b3ea0e3f852500d4622a80ad8ce9e9d8c82a83d8a43f0b
wqp,wqp:21FLSFWM-B02,2005-05,ANFIS-T-no-current,2133,145381b41f114fdee8cddd49e8626dc9d64f56abc18bd2d7b9c0aa143aee3c74
wqp,wqp:CAPECRD_WQX-262,2016-08,ANFIS-T-no-current,2133,14567b90582e8bbddb0fec02427623cb99686358cd8b016663c72dd01d9dc3bf
wqp,wqp:21FLSFWM-OISLAND,2004-05,ANFIS-T-no-current,2133,1456f03ba27a774e1675a614926afecd60fde927f6e8d2bc618643ecb74f953a
wqp,wqp:21SC60WQ_WQX-SV-339,2005-09,ANFIS-T-no-current,2133,14577d07cc2c3f5d892ae42a3c0afd1868c527d73fc158d9b4c2dceac4013649
wqp,wqp:21DELAWQ_WQX-202021,2016-05,ANFIS-T-no-current,2133,14578d45b2de007b015c0e283dc43406552942d07c1e819981e5ae9f244ed33d
wqp,wqp:21FLSFWM-LZ2,1989-07,ANFIS-T-no-current,2133,14599086929144cb52dcfebf2509f4324586445790d6b140748cefb44e59d9d7
wqp,wqp:21FLLCPC_WQX-GREENWSH,2018-10,ANFIS-T-no-current,2133,145a258ede6db183fa797bb2604f630853a2c0cf86ef2c6778243b496d88856b
wqp,wqp:21FLSFWM-STAKEOUT,1992-02,ANFIS-T-no-current,2133,145a6025faa48486a3089849283bf97f89f787fe064dd923f4c0e93e94bc8946
wqp,wqp:21FLSFWM-LZ30,1994-12,ANFIS-T-no-current,2133,145ab9091a8fc1b815c668749ec4beee7447c139c071b3a7fb552cf688f0d872
wqp,wqp:KAWNATON_WQX-KN-KL-005,2012-06,ANFIS-T-no-current,2133,145d5afeb5ea6d59181148a3f7acab011ce43aa5e50bd3fea5375961623b1e58
wqp,wqp:LAKELAND_WQX-LH31,2009-11,ANFIS-T-no-current,2133,145ffc11399e2b9fc97ccb348e74bccf5ef7aeb5d04cb30d90f26767453efe60
wqp,wqp:21FLSUW-ALL010C1,1999-10,ANFIS-T-no-current,2133,146197d5c5cb35a782d7bd399fb34ada0e5a4afea3dac4fc0a826786fbd22c0d
wqp,wqp:21FLSFWM-E03,1982-05,ANFIS-T-no-current,2133,146371b86e92e325fa4606a4ba08e394a792ded4723393f2258818bda83f348d
wqp,wqp:21FLSFWM-POLESOUT,2000-03,ANFIS-T-no-current,2133,14660bf284ccb9e1780c48ca7c78597cd5af637eec09364a1c134b2a0490f676
wqp,wqp:21FLORAN_WQX-BC9,2005-10,ANFIS-T-no-current,2133,146d9d9de24706f620cecf960f7ed46283d13f11d32776c1d16e648189f0e212
wqp,wqp:USGS-14211940,2011-10,ANFIS-T-no-current,2133,146e7f848f8b42f01a3d9f4fbd624f9bf1ad904132b1369040fa0a5ca7f5fa88
wqp,wqp:21FLSFWM-D02,2003-03,ANFIS-T-no-current,2133,1475581fff4c3712202c78b3ad92924454d003ebec98061634b4075183628162
wqp,wqp:21SC60WQ_WQX-S-311,2014-07,ANFIS-T-no-current,2133,14762956c30786982671b74e1efae730b12ab2cc1868d92de5a6bea5c32c2af4
wqp,wqp:21SC60WQ_WQX-S-223,2004-04,ANFIS-T-no-current,2133,14792f5340c0a23d343c8469f8d842c7f46728330c777842a45910cdde9afbae
wqp,wqp:MNPCA-73-0014-00-100,1983-02,ANFIS-T-no-current,2133,147a515df6e34cd374df695fc4c64bab6fe4f45414c5f58e436dceae979781f9
wqp,wqp:MNPCA-10-0007-00-201,1985-08,ANFIS-T-no-current,2133,147f3125cd69c3cc140304471e3ed59b9eb94f17daea3f1c308f9d06a3f1ffa0
wqp,wqp:21NC03WQ-CPF081A1C,2000-10,ANFIS-T-no-current,2133,14842bf852be38d252884dafbfb3930f0910e18b4131d25ef712eec944f5fa0e
wqp,wqp:MNPCA-62-0055-00-201,1998-05,ANFIS-T-no-current,2133,1485d37d207e3e5d3fa28eb1ec5f9dd21940ee613571b1ed3135f77d48314050
wqp,wqp:21DELAWQ_WQX-205181,2017-09,ANFIS-T-no-current,2133,14881582a0bc9baddd89c981a923d7969cc188de3e3f033e86f1255dc6b0365c
wqp,wqp:21SC60WQ_WQX-CW-207,2016-08,ANFIS-T-no-current,2133,14885ede49f65842d7a0b377781cce1fae4b3fbc258cb2dc20ce5d30a30101e6
wqp,wqp:USGS-14211940,2012-08,ANFIS-T-no-current,2133,148b2d89c078b0c80a76acc3ca53425dc2c36eca2ccd89eb8092cc9711072e29
wqp,wqp:21FLSFWM-LZ42,2005-05,ANFIS-T-no-current,2133,148f22728d48a1271e11e473d68e4ecead2804c118357ba0893cfa5f07c8660a
wqp,wqp:21FLSWFD_WQX-23144,2015-07,ANFIS-T-no-current,2133,148f29f11903cab9698db8ee5c932a64a4c66288bf18e527dea0a08692d80285
wqp,wqp:21FLSFWM-E02,1992-12,ANFIS-T-no-current,2133,1493e4a7770dcaeac89d71f47d98d2847f72b220f3f22f5e5db3668f4a632dcf
wqp,wqp:21FLORAN_WQX-BC8,2008-03,ANFIS-T-no-current,2133,1494b6fa441f843a9f981ce1293951b48520bd67c60e9f928ff5f57d2e066232
wqp,wqp:21FLSFWM-C03,1983-01,ANFIS-T-no-current,2133,1495d040264bc9b81aed29ecb7b521458e0c8198aedb4a4164f69bb128efc7e0
wqp,wqp:21FLSFWM-TIN16100,1996-08,ANFIS-T-no-current,2133,14975c9e05907c4eb92d0d932913a5ac69225b14091de96d6c49c002f0693d98
wqp,wqp:21SC60WQ_WQX-SV-268,2003-05,ANFIS-T-no-current,2133,1499cd55a96e900ad7c4643644c199d9ab95e5303d22b65f61777f3801743cce
wqp,wqp:USGS-072632992,2011-12,ANFIS-T-no-current,2133,149aca583d1259614f7c204eaae8447be6b4a9b4350e5292d8de6e87ba27c003
wqp,wqp:MNPCA-62-0054-00-101,2007-07,ANFIS-T-no-current,2133,149b44611389fdb4bf45e97c883db527cda21af266f68e4d7a5aa7319a52417a
wqp,wqp:21NC03WQ-CPFMC02,2013-07,ANFIS-T-no-current,2133,149de13c49b7409352ccc99d034dcca78d1f05bfccdc6a7e8c64077ce1eff84c
wqp,wqp:MNPCA-25-0001-00-261,1992-08,ANFIS-T-no-current,2133,14a13d33eccc35f4400abb7c95c7f561955541c0b91fb0186cc801160e8aab5c
wqp,wqp:CAPECRD_WQX-280,2017-05,ANFIS-T-no-current,2133,14a3ae10194affcee8c66d30d0a004316eeee192edb396f3afb26f487fa26950
wqp,wqp:21DELAWQ_WQX-109131,2017-06,ANFIS-T-no-current,2133,14a5089a64433fc5fb7d1fca309f275fc1bdd74d5b11a53fbf034916330fdf52
wqp,wqp:21FLSWFD_WQX-23144,2013-01,ANFIS-T-no-current,2133,14a661ecb5d67fac5328cd638c473fbc4e4edebdb13199d8e20d417dc4c9f96e
wqp,wqp:21SC60WQ_WQX-SV-363,2018-05,ANFIS-T-no-current,2133,14a6e0cbe59ce2385aa9f08186372ec76d4050eacb57e27cdfcba521a5b17bc3
wqp,wqp:21FLSFWM-TREEIN,1991-09,ANFIS-T-no-current,2133,14a81ddefed81fb226740fc915305b1a44d2e36a935ad6d4bdb2e45b09cdcc2d
wqp,wqp:21FLHILL_WQX-135,2018-10,ANFIS-T-no-current,2133,14aa367acff74a33052e962bcde2cbe70cc70b9d78615bf6ce7a82ffe6188e47
wqp,wqp:USGS-07048910,2002-11,ANFIS-T-no-current,2133,14aa3e1108fae73a073eb7624ae0c270cb5ba2483b2d7a355581c55e86ab8bc6
wqp,wqp:21FLSFWM-TREENOUT,1988-07,ANFIS-T-no-current,2133,14aa8e8fc47ab18fe4488602a4605b035618f29b37655502a362b2df360d391b
wqp,wqp:21SC60WQ_WQX-CL-094,2004-08,ANFIS-T-no-current,2133,14ac268972a77393463cc6cff3f35fd9a86dc5c09fed0e2ef2f30b3d014d1154
wqp,wqp:21FLLCPC_WQX-YALEMARSHPK,2016-12,ANFIS-T-no-current,2133,14ade0a8f7378143aa8c52536a111426950dc7dbf57a0fe612a0e9fff5f6e1fa
wqp,wqp:KAWNATON_WQX-KN-KL-004,2015-10,ANFIS-T-no-current,2133,14aefbf50afec19ff3123ff3ee00b1ccd7fe03b4afac746bdbcebe605dd41f7d
wqp,wqp:MNPCA-47-0042-00-201,2015-07,ANFIS-T-no-current,2133,14af4b45a01744024293ede1b35470b6be2e24d2dae5db011acfa1ad4fc7fd2a
wqp,wqp:AZDEQ_SW-33,2017-05,ANFIS-T-no-current,2133,14afed17b2c3f902e9ad54cfcefd58924adfa97791ea478cefa4395857666b78
wqp,wqp:21FLSFWM-PLN2IN,1996-08,ANFIS-T-no-current,2133,14b5cdc0569dd0135c95cd93dce3b28eb2935a640fe27aaa8c495c11a78d4cd0
wqp,wqp:LAKELAND_WQX-LH8,2010-09,ANFIS-T-no-current,2133,14baa6aca8b26264ab7b2b46c89f2ce1385da9071909f7a818b65ee60682e77c
wqp,wqp:21FLSFWM-E02,1990-03,ANFIS-T-no-current,2133,14bb72b225cbc794ca8f80c31e9d63fdacf7fa075c57c6bb2aa2a31a42cbd798
wqp,wqp:21FLORAN_WQX-CC18,2008-05,ANFIS-T-no-current,2133,14bda880c6fef756ef05721ec6ae241b5f1c8810c9a3abead83052275363a841
wqp,wqp:21FLSFWM-TREEMID,1987-06,ANFIS-T-no-current,2133,14c00bbc8c2c3500f28286b3d1a9e4fef81d5e8661e04fc524b26312c707cc44
wqp,wqp:21FLSFWM-TIN8100,2004-12,ANFIS-T-no-current,2133,14c00eb024ad5f9861d320022b06f47c8794d65a9f3c2878c2d715db670c8378
wqp,wqp:21DELAWQ_WQX-205211,2007-09,ANFIS-T-no-current,2133,14c0ecf2a7740ca1e0c075d9bfbcd3fa849d1eb6de54093d18bb1bd405e2d828
wqp,wqp:CAPECRD_WQX-290,1998-03,ANFIS-T-no-current,2133,14c12e59fb358c1fedf0fbe0e8d2edb026972be0f02c352a1022acb3cc62a927
wqp,wqp:USGS-07049200,2001-12,ANFIS-T-no-current,2133,14c617326572498f73640c2dc3ac9e0fe53d1fe4976f3c2e730de043701819d0
wqp,wqp:21FLSFWM-PALMIN,1995-01,ANFIS-T-no-current,2133,14c6efbc7b85262c8ddefc8c85d4ce3e32f0eda53020d687a0298f35f55e2349
wqp,wqp:MNPCA-62-0013-00-201,2012-11,ANFIS-T-no-current,2133,14c92d54bd3a56f49838fe205d39c5cf93af198726503c5c92fe42b2c1e5e402
wqp,wqp:21SC60WQ_WQX-SV-338,2001-09,ANFIS-T-no-current,2133,14c9f35534075c5fcf3a1b9e0398ca453e2531315963132de117718f13631cb0
wqp,wqp:21FLSFWM-B01,1982-01,ANFIS-T-no-current,2133,14cb2a418faf1c66c1b41513f48fb6adc8dc4f89b39617653e0b8a6048df647c
wqp,wqp:21SC60WQ_WQX-CL-019,2017-11,ANFIS-T-no-current,2133,14cb60bba34a6d316ba2ec15415fd2f4e115417986eadf7f13859ae8c7c1c0ee
wqp,wqp:21FLSFWM-B02,1984-07,ANFIS-T-no-current,2133,14cc36a1125d62d9006becd28cad0eabb3b60d6bceaf386a4a2cf3dc544d96bb
wqp,wqp:USGS-0214184000,1994-01,ANFIS-T-no-current,2133,14cc491355334b94251b7114d8e1a009ce4ec54c9f455a1f89805b57ca605fd6
wqp,wqp:21NC03WQ-YAD169B,2011-05,ANFIS-T-no-current,2133,14cffddbdf9c3db27bca58f6bf2f10f867649509aab5f0845ed91d1f0cbd6958
wqp,wqp:21DELAWQ_WQX-206361,2010-12,ANFIS-T-no-current,2133,14d5e3ab2eb2ed67ab8bcb615dedfc6712c7df7c49ab5454b3cd374b7bb917f7
wqp,wqp:21SC60WQ_WQX-SV-335,2009-06,ANFIS-T-no-current,2133,14d8e03b82ab0862d0e72cbd66abae57837a256fbe5615dc486a13da5cc4c2d8
wqp,wqp:LAKELAND_WQX-LH31,2010-09,ANFIS-T-no-current,2133,14d939731d6a547a4aea4766d3a20b1ac189a16a12c376de9c9fa2248f70fe1e
wqp,wqp:21FLSFWM-L005,1985-05,ANFIS-T-no-current,2133,14e0781894494ca16f12b0768df87648aeb4b0c2205ee9af0ee0a20c6f57ec67
wqp,wqp:21SC60WQ_WQX-SV-363,2005-05,ANFIS-T-no-current,2133,14e44ca0dee9f2794be3884525daa39d70d97da41e377454094234d48f768f51
wqp,wqp:21AWIC-23,1995-07,ANFIS-T-no-current,2133,14e74f8555319f646c702a6eb1a31250c77d35899a63a9d2270aa03dfd0d39d5
wqp,wqp:21DELAWQ_WQX-208181,2017-08,ANFIS-T-no-current,2133,14f7e171436ea1df0367a8ebcaff9bc8de6391797df1a9eaa358b4dbf1371d83
wqp,wqp:21FLSJWM_WQX-44618,2018-09,ANFIS-T-no-current,2133,14f836ca21f04f33aaacaec2b5a0f735c707e621ec3c596eef31919b7f7c6dfc
wqp,wqp:USGS-07048910,2007-10,ANFIS-T-no-current,2133,14f8b3f96ed24259b2c7fd55933608d0989a41eff0115f250e380572e6141c3d
wqp,wqp:21FLSFWM-E02,1986-01,ANFIS-T-no-current,2133,14fa27d9abd46ae6e3a0853d5c767d97c14ae0d4979b22a8bff8ae753f3fef52
wqp,wqp:21SC60WQ_WQX-SV-331,2003-10,ANFIS-T-no-current,2133,14fbee4d3343aa3774e71bf3ff6c1ff6f3b50202be324dd1e03389e53ee7647f
wqp,wqp:21FLCOLL_WQX-LKTRAF4,2010-09,ANFIS-T-no-current,2133,14fcd01dec0c99176402f442c40e87808dd5ea4401372ccdf342571e96627fbf
wqp,wqp:21FLSWFD_WQX-23458,2009-02,ANFIS-T-no-current,2133,14fd491dd4a7b2719e364926f6164a1f9f26a56285dc10e13763cba3a9aa59e8
wqp,wqp:21FLSFWM-STAKEOUT,2004-04,ANFIS-T-no-current,2133,150246c077f75252ecab69e5bd079a32ec30eb2a139a871098e32767da35e9cc
wqp,wqp:USGS-07049690,1983-03,ANFIS-T-no-current,2133,1503aaed1f8c17de5559df036e94e9a8dfc573003bbcb823d0ae6b9eb7fd042f
wqp,wqp:21FLSFWM-KISSR0.0,1996-07,ANFIS-T-no-current,2133,1503c498e44c155782cb10040b773ceda19145a48be8e5240a676d11bbbe6b80
wqp,wqp:21FLSFWM-B09,1982-08,ANFIS-T-no-current,2133,150409ac9af07e50090ee76f128c44acff1e2a8aa5bdb74cd60391645b04f3a0
wqp,wqp:MNPCA-82-0046-00-203,1997-10,ANFIS-T-no-current,2133,1507ddd83bcd9f1c7835eb5687a453a92c1e147ebfcb2543edb28b3a538cc4f6
wqp,wqp:21FLSFWM-TREEIN,1988-09,ANFIS-T-no-current,2133,1509834209304e6eb72e4e3f642defa5050c3049b4c35dfa316e4eadf07310a1
wqp,wqp:USGS-423659088354401,1984-06,ANFIS-T-no-current,2133,150b6fa7776d13b677bc673bc701aa3c7c2201eb85001dd3d65a1bcd08adfb85
wqp,wqp:21FLSFWM-L008,1986-05,ANFIS-T-no-current,2133,150c9f0db8ae4b82004ad8386e8509048cc31c9db28ed0a5c8eb72b824dcfd7a
wqp,wqp:21FLSWFD_WQX-23609,2008-07,ANFIS-T-no-current,2133,150db903553940535392e57c8abc9cb82c3e01658f0ffb974b85769226863c3b
wqp,wqp:MNPCA-86-0252-02-207,1993-08,ANFIS-T-no-current,2133,150de314fad1542c09b30ad2c5a4f5a56e19868908aaeca15faf3d17135e2ba0
wqp,wqp:21FLSFWM-L005,1992-06,ANFIS-T-no-current,2133,150fd7caa19d21459f45daad681f59a8959c4d66b548b8aa66524fd2d5474a20
wqp,wqp:MNPCA-62-0007-00-203,2016-05,ANFIS-T-no-current,2133,1514939897157731601ea4e3f1b1c752e8e9c9a4417a25dc86a6a683de7efdaf
wqp,wqp:21DELAWQ_WQX-109031,2009-02,ANFIS-T-no-current,2133,151626e0d144a2e0c3e4297b74b755c980700fcdf3e9cef407d04f7e06abfc13
wqp,wqp:MNPCA-86-0281-00-201,1982-06,ANFIS-T-no-current,2133,151b0898187abadad369d30ab8ede5096c95eb686d4628ebadf67d53136003e7
wqp,wqp:21NC03WQ-CPF055C1,2014-09,ANFIS-T-no-current,2133,151b2f2fb58af8567aeb447c50a4da8ac1cb1ae963c8dd04a43403563b634269
wqp,wqp:21FLSFWM-ISTK7,1993-11,ANFIS-T-no-current,2133,151bb6cfc044baf847c07a967b642838f87c75bf030643b18127305be38bb3a1
wqp,wqp:21FLSFWM-TIN16100,2004-09,ANFIS-T-no-current,2133,151f35813adc79114e4dcbb3c64d69ab55e2b50167e2c6124e8f1d4b29b2fd80
wqp,wqp:21FLSJWM_WQX-45399,2018-05,ANFIS-T-no-current,2133,1521d247bd340cbbbf7a098c8a979849b9aca17e7c82342fa8230d7e467935b5
wqp,wqp:21SC60WQ_WQX-S-310,2001-11,ANFIS-T-no-current,2133,1521f2ddf6038bf5ec59a775f347f21ba5bbf437c3e71073c738ec911e004660
wqp,wqp:21DELAWQ_WQX-202021,2018-03,ANFIS-T-no-current,2133,152fb2a31185ebb97d5499001c542708dac4b88f99e5f7b7692d8920064dd7f2
wqp,wqp:MNPCA-47-0042-00-201,1999-07,ANFIS-T-no-current,2133,152ffc09e3a531d7de8c547ed60173f5c17aa840aa2a493b86166039c36075b3
wqp,wqp:21NC03WQ-CPF086C,2011-04,ANFIS-T-no-current,2133,153577401f7194164159d941be2c565cc41882916ceafd80a76910d5e34cfd25
wqp,wqp:MNPCA-86-0284-00-100,1982-02,ANFIS-T-no-current,2133,1538d1a51cc3d1b46912e8693dcf014bfc1e998b731e8d3a78824baa83a7b4be
wqp,wqp:USGS-07049690,1979-11,ANFIS-T-no-current,2133,153b169dc039a5ef85585ca2b6de2da6ebb4b3320dd66a4d9631088bf940b6b7
wqp,wqp:21DELAWQ_WQX-208181,2017-05,ANFIS-T-no-current,2133,153ba9910d254eadadc1c5cda4c3b443f48ea3ffffcad54dab34ccd4f9870ea4
wqp,wqp:21FLSFWM-D02,1991-04,ANFIS-T-no-current,2133,153c2032f20a16827d839bc8ecec2f063e0e2137761bdf74aaebf09fd04e331c
wqp,wqp:21FLSFWM-STAKEOUT,1999-12,ANFIS-T-no-current,2133,153d193dbcee9b24fae2a4a9a9b7313ad4dc8c6ec8cfa721d34931f51de1d4a9
wqp,wqp:21DELAWQ_WQX-308071,2007-10,ANFIS-T-no-current,2133,153ef646b2fa633903d5e77b54e9427ee587793ecff8ec237a6835c67c836f00
wqp,wqp:21FLSFWM-LZ42,2003-02,ANFIS-T-no-current,2133,1540df4b4bb3276a6df5a019945dba8f1f021d7045eb059ca19f921428d5d31b
wqp,wqp:21FLSWFD_WQX-23641,2009-01,ANFIS-T-no-current,2133,154432b22d1d2cdc979641341582b12a0ca4d2bf027bd053319702d537a478d0
wqp,wqp:21FLSFWM-L004,1997-09,ANFIS-T-no-current,2133,15450924edbd2dac719885c9c9b888101d4c751a8e265c423f27779432facd7c
wqp,wqp:21FLSFWM-MH32000,2005-06,ANFIS-T-no-current,2133,15473ebe9fa5ee3d93a0605cca115f78a31db39e646d387f37c00599cce504bf
wqp,wqp:21FLSWFD_WQX-23438,2011-04,ANFIS-T-no-current,2133,154890377be1fabc78ae0ac926297ee84325ebd378c5ec5fc36163468a416d1b
wqp,wqp:21FLLCPC_WQX-LKSILVERSHR,2006-03,ANFIS-T-no-current,2133,1549122109172e0d83cacdc1a70395060ac8ec1946c33af01fdf5448e22a70ac
wqp,wqp:USGS-07263299,1989-08,ANFIS-T-no-current,2133,1549c82bc50ca23be4fa4f3bb37971bbf289b72a460d0ba7ac117139281ae828
wqp,wqp:21FLSFWM-D04,1984-12,ANFIS-T-no-current,2133,1549dc17328901872b31a1e4d3dacc662280fc79c7709e3c119be638a8062487
wqp,wqp:LAKELAND_WQX-LH31,2009-03,ANFIS-T-no-current,2133,154af71d3aa18a43318a822b2b14f14598dd827bd233009b2e3514a3607de48f
wqp,wqp:21FLSFWM-TIN8100,1998-04,ANFIS-T-no-current,2133,154cae6e9f0192f484b76efb800a8ff834b8bf594c70869c5418d168b79d264d
wqp,wqp:21FLORAN_WQX-BC14N,2007-02,ANFIS-T-no-current,2133,154f848973d22da188596f15684a41cf8994df64c6c2c3f36648e75a525acb11
wqp,wqp:21DELAWQ_WQX-303331,2016-08,ANFIS-T-no-current,2133,15503be6c73f06ea843a2ed716abf7ff5da88c81b64b11ca7f32a1d8425b0cb0
wqp,wqp:USGS-07048910,2010-11,ANFIS-T-no-current,2133,15521a7f7430201c71b9bd5b440b6cb302cbd60ca837e31f9c240d5985840b91
wqp,wqp:21FLCBA_WQX-WAL-MORRIS-2,2018-01,ANFIS-T-no-current,2133,155496d1e2431919a2c09254f3983dd6d887af763ef5e3f285f3550dbbd93c75
wqp,wqp:21FLSFWM-B09,1984-06,ANFIS-T-no-current,2133,1554c203648163415a7d651c87322f4ba83f12edce8bbe8ee999c98669e0eab5
wqp,wqp:21NC03WQ-NEU018E,2006-07,ANFIS-T-no-current,2133,1557a28b8071ebe207a5d9692b51800faaea27bc3bb5994dc290f9c5cedc50cf
wqp,wqp:21FLSWFD_WQX-23113,2002-01,ANFIS-T-no-current,2133,155924a6761180318c414d173ae1fb38c50f46e325c812e68eded9e5dc9baf3f
wqp,wqp:21AWIC-81,2010-02,ANFIS-T-no-current,2133,155db586cfd189719ba34f96f2b530b7cd4fbc24646044326b4fb064a48f2d1c
wqp,wqp:21SC60WQ_WQX-B-345,1999-06,ANFIS-T-no-current,2133,155e12b1d3049cef70a6de68380bc872b778f11196b11013b0e4814733dd5879
wqp,wqp:21FLSFWM-LZ42,1995-01,ANFIS-T-no-current,2133,155e4f65c8377f6d079f426b3cf77cd3aefa325fec06a3d45a09d348e4f5e527
wqp,wqp:21FLSFWM-TREEMID,1994-05,ANFIS-T-no-current,2133,15646dc73615f304787649905fd102f903d1be744668005fb5539de1e203b740
wqp,wqp:21FLSFWM-ISTK5,1997-05,ANFIS-T-no-current,2133,1564b711b8291cc622c87e22282e4c54fcb676f5c0ef111cbde9daead8cd5d93
wqp,wqp:MNPCA-02-0045-00-202,2003-08,ANFIS-T-no-current,2133,15652b04a3d87848d5add26cad910bfca8910f8dd0b078005d147d8c0ad77aa7
wqp,wqp:21FLSFWM-LZ2,2001-11,ANFIS-T-no-current,2133,1569bb7413545d0a0e4c3a038000b8eaedfef3f94bc06c7b29b9f1d7cdae179e
wqp,wqp:MNPCA-25-0001-00-247,1994-10,ANFIS-T-no-current,2133,156ac71b60773614365be5d17bf421f47757b3ccccabe7ea91eea00d57a43119
wqp,wqp:MNPCA-86-0297-00-201,1987-07,ANFIS-T-no-current,2133,156ed6ad57bbe4783a3f66001a6266ee77780f297e6eafd572387f435f27d33f
wqp,wqp:21NC03WQ-CPF086F,2006-04,ANFIS-T-no-current,2133,157196d20bc3c7c0b5fe670a8c9a70f58225fba9c5c59563fb0a6879e550a3a6
wqp,wqp:21FLORAN_WQX-HB70,2018-12,ANFIS-T-no-current,2133,1573824a68539a8126c8d38d5750db3a7c751c0d3d32de6a07cd2bfcd80eed78
wqp,wqp:KAWNATON_WQX-KN-KL-003,2014-11,ANFIS-T-no-current,2133,1573f48224a267a73266a2d3b054579cefdc3c4a6bc4c4f23c1fd6f508918474
wqp,wqp:21AWIC-23,2007-07,ANFIS-T-no-current,2133,15773423eaa65d2eba25ca5406d749db20a58ab417a5d2686dc522abbc5b30b2
wqp,wqp:21FLORAN_WQX-BC8,2005-08,ANFIS-T-no-current,2133,1577ce6e906390624a94f9c6ddd7622f3ec1defd762b78f0dbf9d9022c05789f
wqp,wqp:21NC03WQ-CPF08801A,2008-01,ANFIS-T-no-current,2133,15780b57520c6fcc4cfbc31a95176baa911e283bd5accd8d221eae2d4fa13534
wqp,wqp:USGS-0690367690,1994-01,ANFIS-T-no-current,2133,15783d70e610a5341a96de060f66d867419fc1249ad63ca7b54527d314962338
wqp,wqp:MNPCA-86-0297-00-201,2016-09,ANFIS-T-no-current,2133,1579a6ae71a5b9695ad46b16b05d957f2ded4b53994b78b926852a60b5c4cdc8
wqp,wqp:21DELAWQ_WQX-303051,2004-05,ANFIS-T-no-current,2133,157d02dc2ba013d27d013d5b492d3f7f607dc4a08f8adc23332465628022f2c7
wqp,wqp:21FLSFWM-TREEMID,1987-02,ANFIS-T-no-current,2133,157e76fd9a08b4f4adc98af66772fa1131ec984b9f4605c14dd61a6c5f428566
wqp,wqp:MNPCA-62-0054-00-101,1987-10,ANFIS-T-no-current,2133,157fc19d979825c5e4c9f0654cecfbafda7843a175aa5a4d6798d090960ea94f
wqp,wqp:21FLSFWM-IPOUT,1989-03,ANFIS-T-no-current,2133,1581187cc30571b1cb83d50ebf1f61cd70cdbe1160936138ac21f48c35bdcdf4
wqp,wqp:USGS-01201700,1988-05,ANFIS-T-no-current,2133,1584f7f7b6ba299de1a1dff105db2a69dbc688fa3d7c86955c197b5c3b69bc89
wqp,wqp:USGS-07049200,2010-09,ANFIS-T-no-current,2133,158598d58dd5a1d82a1655697ae53d39405340a81dc0b80adb8b77221f8033d3
wqp,wqp:USGS-423526088380101,2016-05,ANFIS-T-no-current,2133,1586256786484d72b22cb18a250064f77a3bae244703e337c08bc5bc34848231
wqp,wqp:21NC03WQ-YAD152A,2008-08,ANFIS-T-no-current,2133,1587a00fb37a705d88c304fd34a4a77298a32338b8479defe909677d66f0f8c6
wqp,wqp:CAPECRD_WQX-280,1992-05,ANFIS-T-no-current,2133,158ad6881c9eaa2e477a8be6c2bbf6524f82411267cf06f7fcf50eba98f155a0
wqp,wqp:21SC60WQ_WQX-SV-363,2003-10,ANFIS-T-no-current,2133,1591065c6e273eda51e6ca6e35e5c365be1103443ff74365471f5fa8f1252485
wqp,wqp:21SC60WQ_WQX-CW-197,2016-11,ANFIS-T-no-current,2133,1591bd981d84789071f40c4e2e28017df87058045d0af86f55b4fccafb017cdc
wqp,wqp:21FLSFWM-LZ30,1981-05,ANFIS-T-no-current,2133,1592eb7db01521d8bcc0c8bd85cfe37ec5af7657e8550f1f4a79a916069e6ed3
wqp,wqp:21FLHILL_WQX-135,2006-05,ANFIS-T-no-current,2133,15931c12adcb13c7b19957b6c9577e1f8c8335d1714baf5304c92ddca4f63f15
wqp,wqp:21FLSJWM_WQX-44592,2017-03,ANFIS-T-no-current,2133,15932a5652a82ee315780a32b94912ee856bdd1d5ec0da4b124fe88f5039363d
wqp,wqp:21SC60WQ_WQX-SV-098,2004-11,ANFIS-T-no-current,2133,15959d87ef8cbe01bf3e61f5b61ee29d5bf8ca83dbaf94d6d608890aa21348cb
wqp,wqp:MNPCA-25-0001-00-225,1993-07,ANFIS-T-no-current,2133,15977e28d695a89c8c9ae98de7b2d25e2b0112c937cb190d57cb2fcb27f52848
wqp,wqp:USGS-07049690,1988-08,ANFIS-T-no-current,2133,1598ccbef21ce2dd13074fd577fea293f3b55941511c20e7545229594ced2f8e
wqp,wqp:21SC60WQ_WQX-SV-357,2005-12,ANFIS-T-no-current,2133,159d61867c29ea2f1d66114524086eecec2ce2b70cd596346b1ae8ce3b5fd26d
wqp,wqp:21FLSFWM-L004,1996-09,ANFIS-T-no-current,2133,159f2309759c87e1616358c91ce42dddd18f1effdc9b56b8bfc038080909773b
wqp,wqp:21FLORAN_WQX-CC4,2006-05,ANFIS-T-no-current,2133,15a080dced34cdde8e62c434fab7eec208b5b3dd4cf313e9b09f07ea35a826ab
wqp,wqp:MNPCA-86-0252-02-207,1989-06,ANFIS-T-no-current,2133,15a08aacdd06de85395975dc5746bf482997ec7b89e891c11053027d6f46d6e5
wqp,wqp:21SC60WQ_WQX-SV-340,2009-04,ANFIS-T-no-current,2133,15a1ca370a3cca7176abfcdfe322c5c36eb2155f3d99eb3df0f0074764118e52
wqp,wqp:21FLSFWM-LZ42,1997-08,ANFIS-T-no-current,2133,15a36f4370ed6ef02385e1a257de4747467d86c33f166b334aca097808baf75a
wqp,wqp:21FLSFWM-D04,1984-07,ANFIS-T-no-current,2133,15a625c9982b192ab4462e9a5585bdd176a99d196a4ae1ace51f7a6455f48e43
wqp,wqp:21FLLCPC_WQX-YALE,2014-05,ANFIS-T-no-current,2133,15a89dd0924fb8224d9e894189036056ba6a63c8ccba4c9ff7bce20ff8031ffd
wqp,wqp:CAPECRD_WQX-262,2011-02,ANFIS-T-no-current,2133,15aa922d1e41debf49c8ad33c2e3094b7952e5c58db8510524db07674db73d00
wqp,wqp:21FLLCPC_WQX-YALE,2014-01,ANFIS-T-no-current,2133,15acb7b95f90e31e419b6a3ca020429654b391054007680b08ca8dbd2a72db65
wqp,wqp:21FLSFWM-OISLAND,1998-03,ANFIS-T-no-current,2133,15adfec16441bb97c9fd48e4c44c8e1067982db11b9f3d3badaf3df1f17a0a81
wqp,wqp:MNPCA-62-0007-00-203,1986-06,ANFIS-T-no-current,2133,15b20a53e73d2f8c56244aae8f55a605c42138ac2a31338336ea272ef7981a37
wqp,wqp:21NC03WQ-CPF087D,2005-06,ANFIS-T-no-current,2133,15b4ce3d8799fb14a96c35408e8aa870068dc9bf6d29eb1463b5bdf99b443b85
wqp,wqp:21FLSFWM-KBARMID,1988-03,ANFIS-T-no-current,2133,15b5e593a3718352e257adf867f20d40ebdbce0fbb12f332f988e5d1e355c4d5
wqp,wqp:21FLSFWM-PALMIN,1992-06,ANFIS-T-no-current,2133,15b6cf9acbba0d3a4489e1054c6a6ab13c764693c2b58176adcf66034a2e2ff9
wqp,wqp:KAWNATON_WQX-KN-KL-001,2014-02,ANFIS-T-no-current,2133,15ba2d55ceb6266c1c61b736e48ba1948ff408cc59cce29e818df8f3ad5a07b1
wqp,wqp:MNPCA-62-0055-00-201,1984-10,ANFIS-T-no-current,2133,15babb389e8b373fc4529c4dc582433c16453b0c93931b400f9176f4931448b1
wqp,wqp:21DELAWQ_WQX-205211,2002-11,ANFIS-T-no-current,2133,15bdde0f8b6ba4dd66cad81b6a382c83e81d6b7ddb1c2903f3f77c5622491ba4
wqp,wqp:21SC60WQ_WQX-PD-327,2011-03,ANFIS-T-no-current,2133,15be37eac492813da562d43eef38799bffe6abb883da65560f6608da17eeeba7
wqp,wqp:21FLSFWM-PALMOUT,1990-11,ANFIS-T-no-current,2133,15be4b836f4c918f2cbabded59a5bc933141e4f13ce89879714d58be0f9ee274
wqp,wqp:21FLSFWM-ISTK2,2003-04,ANFIS-T-no-current,2133,15be8a8bf3393c364031bad170fa98244779d181a3d4f02e93932a643d78af79
wqp,wqp:USGS-07049187,2011-08,ANFIS-T-no-current,2133,15bf5a1cab396c8c438da004381b7e3e2e554c564b047357f6ef3beb66c04a87
wqp,wqp:MNPCA-62-0055-00-102,1988-11,ANFIS-T-no-current,2133,15c049823f96a1a24c6070d0540af85e934e981cc429e5e9b6276f84cc46c7bf
wqp,wqp:21FLORAN_WQX-CC9,2008-08,ANFIS-T-no-current,2133,15c060922b29a1390973e1f608c75d2dff9b95d7f4b2370935ef8f62972c5406
wqp,wqp:21FLSFWM-L003,2004-02,ANFIS-T-no-current,2133,15c25c052fe50b4e98802ebd8d1c605e8298a78bcb1b9ec035163b802c60b39e
wqp,wqp:CAPECRD_WQX-280,2011-12,ANFIS-T-no-current,2133,15c3033e42ec96a390d08e26b2fc613bd785e36693564c44f0439fbe91a554ae
wqp,wqp:21FLSFWM-MH16000,2005-11,ANFIS-T-no-current,2133,15c4fae3230842a6e109b1214efba9286df174fbcddce6dae135f3965f824a1d
wqp,wqp:21SC60WQ_WQX-SV-098,2003-01,ANFIS-T-no-current,2133,15c500a0f6119ef1d372e5c36195b95bdba90312986d7e1cb7268a27f897a4d8
wqp,wqp:21FLSFWM-TIN16100,2002-08,ANFIS-T-no-current,2133,15c5481b2d63885bc11f0d2d35c609fb0105f89a35567f496902b4f6532458f1
wqp,wqp:21FLORAN_WQX-CC13,2006-12,ANFIS-T-no-current,2133,15c80f148bd46be52f2558c3563b0b35d7ea2d91c29af2f4f56b0cd368eb241e
wqp,wqp:MNPCA-02-0075-02-203,1987-11,ANFIS-T-no-current,2133,15c8d3031c4f6c9387d09b7388d8c0612721d153b89b5cf80e1ee69342beb668
wqp,wqp:21FLSFWM-ISTK4,2003-04,ANFIS-T-no-current,2133,15c95aa4375ecaa953c781b3d39be863bfc0c5698795d45babbb937d52e106fa
wqp,wqp:21NC03WQ-YAD169A,2005-05,ANFIS-T-no-current,2133,15cb5d064118f84e9862f4652586127a003fc92f8da8fe3cad011df0d7456931
wqp,wqp:21SC60WQ_WQX-SV-361,2018-10,ANFIS-T-no-current,2133,15cdee5c8051da1e341b3e07ded9586ac2e02d08dd3e76e15a9845f4c57068b8
wqp,wqp:21FLSFWM-L001,2007-06,ANFIS-T-no-current,2133,15d04b7d9dc01f8862baef3b53fd9f9688df61da0815f70f54bcd4f2fe0c589e
wqp,wqp:21FLSFWM-LZ40,2004-06,ANFIS-T-no-current,2133,15d18ba842cefb3553f34478451ef09d44ec353e93c263323515076346d00bc3
wqp,wqp:21FLORAN_WQX-BC7,2015-05,ANFIS-T-no-current,2133,15d555aa656c5fce20357ddf66fdf593aa78ee704f11c5376084a87d6aecefac
wqp,wqp:USGS-423556088365001,2008-03,ANFIS-T-no-current,2133,15d58e13b31c8749469f45638f31aae6621d94df227c0a2e7e4fb8539452db0d
wqp,wqp:21SC60WQ_WQX-B-327,2017-02,ANFIS-T-no-current,2133,15d6afbf0f27a0d884350430a5ddb29ad2ac6f79da15e940c725125bfa37ce11
wqp,wqp:USGS-423556088365001,1984-08,ANFIS-T-no-current,2133,15d84bcc5b36af998f110cb8492ded196db07ae8193ca9eb267c2d0674891693
wqp,wqp:USGS-07049200,2015-03,ANFIS-T-no-current,2133,15d98aafdc5bc3048d0903b85613e603badd5720f04986ea8aafb420e1bf8703
wqp,wqp:USGS-07263299,2005-03,ANFIS-T-no-current,2133,15deec347a0deec94845997d075306a98eaeb1b455771a43c54ca176ae221784
wqp,wqp:CAPECRD_WQX-262,1994-05,ANFIS-T-no-current,2133,15e34e31a7eead0ce77ef7fc702f6e979a727415bea63e43a42373033fa7508f
wqp,wqp:21FLSFWM-ISTK5,2001-12,ANFIS-T-no-current,2133,15e3da4e1964f05b989142775432dcb526acaed4eed7cbd9e988e921a6f53458
wqp,wqp:21FLSFWM-B06,1992-09,ANFIS-T-no-current,2133,15e4b7c9f4d0d40c0320400f609357ddf180a32d6bbc4df1f0c10ab8675d0bfe
wqp,wqp:21FLSFWM-POLESOUT,1996-12,ANFIS-T-no-current,2133,15e5eddf230f98f488cf5e558f42e138bd870b76bf26f5e6d4c74f28566d9f13
wqp,wqp:21FLCBA_WQX-WAL-DEER-1,2018-01,ANFIS-T-no-current,2133,15e8a717dabab4ce42a97b75f0ec73cae2dd7555dece24d05acc079d70d0fe9e
wqp,wqp:21FLLCPC_WQX-YALE,2015-06,ANFIS-T-no-current,2133,15e8f07e20ff68dd51fe253fe216720774dff157983286d29913311291fc464a
wqp,wqp:21FLORAN_WQX-BC11,2005-01,ANFIS-T-no-current,2133,15e9bf807a7bb2cee0c5747e8af82da50485020cc12b27ea70d52991536b66b1
wqp,wqp:21FLCBA_WQX-WAL-ALLIGATOR-3,2017-03,ANFIS-T-no-current,2133,15eb300e8f516e0bf50df5c15125b07352f4fef8ba7d9ace03999c3c8a46f7c1
wqp,wqp:21FLSWFD_WQX-23389,2005-02,ANFIS-T-no-current,2133,15ec94d101e39166a4fc4b9a2a5daae0884f2b8a9fb11c4bca0b4ec99c807c7a
wqp,wqp:USGS-072632990,2008-12,ANFIS-T-no-current,2133,15f11a3692b9ddcc36188e29c3cc73c7c852b15ca120eaf12f3ac70916622fbb
wqp,wqp:21SC60WQ_WQX-CW-231,2012-06,ANFIS-T-no-current,2133,15f5f4d83aadca410629a536d8f1a43aa8829ad0f389c5c03da66e2eb74f2f6b
wqp,wqp:21NC03WQ-YAD152A,2006-03,ANFIS-T-no-current,2133,15fa6a368fe7e133d11c5fbbd1aaeda13209e46f3f3985554927f1c8a5498d0b
wqp,wqp:21FLORAN_WQX-BC11,2005-12,ANFIS-T-no-current,2133,15fab5fb9dbe8fa898f686db1b4ebb4439fc9a68235cd343ff3e57787d71c798
wqp,wqp:21SC60WQ_WQX-CW-174,2000-06,ANFIS-T-no-current,2133,15fd4f7c7edb682149f8a6e33feeb92615bbecca0623467680e1f52d5af52e67
wqp,wqp:21FLLCPC_WQX-LKSILVERSHR,2003-10,ANFIS-T-no-current,2133,15fd58c2b500d35659c4b193574b0d6949a8eb77341df5f38eaba6c035212b04
wqp,wqp:21DELAWQ_WQX-202021,2012-03,ANFIS-T-no-current,2133,16007e1fdf6afe6cacbc8d98e3d2b7d0b5be5603686ae6093d4719784923d77c
wqp,wqp:USGS-07144790,2015-08,ANFIS-T-no-current,2133,16019acf4f79be090365d37d893ccfaabc20656971ebae312c6ca9c6af7852f4
wqp,wqp:21FLSFWM-D02,1983-05,ANFIS-T-no-current,2133,160300b7c51b1eeb0626595044b875569f96d756b4a66b3477ca29b6feac5ef3
wqp,wqp:21DELAWQ_WQX-108111,2018-10,ANFIS-T-no-current,2133,160513e4cd3500b6d2d2363c307c138085a1010f340c9eda2c236e03099ac879
wqp,wqp:21SC60WQ_WQX-S-223,2001-11,ANFIS-T-no-current,2133,160a30f37663e1f5ff7f7059d49ab7b9537932e49d54f1aaeb38c61ba465a42c
wqp,wqp:21FLSWFD_WQX-23467,2007-08,ANFIS-T-no-current,2133,160efaff3eb223cf503e992521a2272db742124a741409b65dee42c7a610e3d5
wqp,wqp:21FLSFWM-TREEMID,1988-11,ANFIS-T-no-current,2133,160f793be97dedf426124942ccd7f06a6d982755b090cffc1533e33527855431
wqp,wqp:CAPECRD_WQX-280,2016-09,ANFIS-T-no-current,2133,161491d727d4239adeef0dd0a9569e8aac3cd29fa7cec5424e1fc8a73284e502
wqp,wqp:21SC60WQ_WQX-SV-268,2002-06,ANFIS-T-no-current,2133,1619405ef30dab7e5bfd514de662f9ed4fc312e44a6391a03b2719593286a7cb
wqp,wqp:21SC60WQ_WQX-S-308,2017-11,ANFIS-T-no-current,2133,1619695612805098daf43f5d72f5583c32f39f8f6cbc0739d8dee722772b3ddc
wqp,wqp:MNPCA-02-0075-01-204,1983-11,ANFIS-T-no-current,2133,161c85efb21e558cb9623cde5fc7131201b3cf5ea1a45b9de8b8a14fad5a4058
wqp,wqp:21NC03WQ-CPF087D,2014-06,ANFIS-T-no-current,2133,161e670ae9f1c28ce5ad9f09a00328a15fe25325bf1239d72c76f7c95cecf611
wqp,wqp:21FLORAN_WQX-CC18,2007-06,ANFIS-T-no-current,2133,161f78c1e63207274f29d690aeeb4106cdf6763e8007799131feaad85f062c0d
wqp,wqp:MNPCA-25-0001-00-233,1990-07,ANFIS-T-no-current,2133,1623092212f987f301431982ef9771c156e1b42b16efacdc302e12870022213a
wqp,wqp:21FLORAN_WQX-BC9,2006-07,ANFIS-T-no-current,2133,1623438b846dc15ee49cae11d583b8397a4ed180b446bf92a070a002e0ea1503
wqp,wqp:21SC60WQ_WQX-CW-207,2017-12,ANFIS-T-no-current,2133,1627629f6b54c121817b045a3e6001f91044c842d22bf6de3f655a485345ed8f
wqp,wqp:21SC60WQ_WQX-SV-361,2014-04,ANFIS-T-no-current,2133,16278f81c10ca5cec5d1e1843a7b1750334cd7de2d21d1f594ec547c82ccca47
wqp,wqp:21SC60WQ_WQX-SV-200,2003-12,ANFIS-T-no-current,2133,1627cd36b750aee4ff49d78ad3ce777e8e9059e9591e71c1d049a9741486aa7e
wqp,wqp:21FLSFWM-KBAROUT,2008-10,ANFIS-T-no-current,2133,1629f4c695502a1c53288e565ca7a8eb512c2ae50513de41873d31cf6d42f77d
wqp,wqp:CAPECRD_WQX-262,2012-06,ANFIS-T-no-current,2133,1630c5ac74370ae954ffee613bf1fae4e0afc9d5aef2525671c660cb6b3ebcac
wqp,wqp:21SC60WQ_WQX-ST-032,2009-06,ANFIS-T-no-current,2133,1631764727aead3b16baf59fb4797ff740066fd507cb647a05aef593a1ea4530
wqp,wqp:MNPCA-86-0297-00-201,1984-05,ANFIS-T-no-current,2133,1634a38e325f805798fce3cd477ae46b816cf8a5311c3e537bff66c68f434073
wqp,wqp:21FLSFWM-L006,1992-01,ANFIS-T-no-current,2133,16393c3e682b35d27cebe90bcec453f6d132b21b81356d0d0bb11da25caf419d
wqp,wqp:MNPCA-86-0284-00-100,1982-05,ANFIS-T-no-current,2133,163ddad88fab703de08bfa93507ade7917c92f48ddadf2810eb24d3be56082b5
wqp,wqp:21FLSFWM-B09,1990-01,ANFIS-T-no-current,2133,1641701207f0b5a9f5ae01144ef17dac2954865e7fdbe39afafbe994848305b0
wqp,wqp:21FLSFWM-B02,2000-02,ANFIS-T-no-current,2133,1642652611876e82bd8524d340dd78f7edc19faa28295918fb80fce04b40202d
wqp,wqp:21FLLCPC_WQX-LKSILVERSHR,2005-06,ANFIS-T-no-current,2133,16435a31d86eaa806c2cfffbe485a60ba6ae3f87e8bb840ab373d5c2868a7333
wqp,wqp:21SC60WQ_WQX-ST-032,1999-02,ANFIS-T-no-current,2133,164591c17efe587323a66340cb556f593733a06d77a4bd227822623b567deb51
wqp,wqp:USGS-07049690,1996-03,ANFIS-T-no-current,2133,1645f613d9edecd91562bc19ee47703bfefa62b572a304d160fc67ed9d31719a
wqp,wqp:21FLSWFD_WQX-23438,2015-03,ANFIS-T-no-current,2133,1650e21ebd62fcc7682386b54af8ebb804bb2071e952f8d948c1ff3020265827
wqp,wqp:USGS-01201700,1987-01,ANFIS-T-no-current,2133,1651176c200bea58e343ddd737b74785d40b8d058a143dd4891f1db965eb842e
wqp,wqp:21FLSWFD_WQX-23624,2009-12,ANFIS-T-no-current,2133,16537c2eccf15c799cd0e53dd7225ccbf6a0bce85858cfb0258921ea8b4a9d96
wqp,wqp:USGS-07263299,2010-04,ANFIS-T-no-current,2133,165484a5121ef09903825d5c82d524771f015723ae6b1fdc752c4fe193cb1c5f
wqp,wqp:21NC03WQ-CPF087B3,2003-06,ANFIS-T-no-current,2133,16564fa66496b1ef0a1ff3fac76a1e12379bd66812d623c5d9804e7c461352fe
wqp,wqp:MNPCA-62-0013-00-201,1990-08,ANFIS-T-no-current,2133,165a56a513b1e68400e045c7304adbeb639f77dad4ad0d9f0c2be61dd46ab3c5
wqp,wqp:21SC60WQ_WQX-SV-236,1999-06,ANFIS-T-no-current,2133,1660d6508a3a9adb2f0f0f3bb19e66b23dadf7944587c58c2b34db05efe350d9
wqp,wqp:21FLORAN_WQX-CC9E,2006-01,ANFIS-T-no-current,2133,1663a86e043c7bca290813d14d46c06967957dfec0994898dc0eff1fe3738d0a
wqp,wqp:USGS-423556088365001,2003-10,ANFIS-T-no-current,2133,16646ea28a0e6b821551fb05c0a24aeeb6c202ba5e39c9a4c5b361760aa46928
wqp,wqp:21NC03WQ-CPF055C1,2014-02,ANFIS-T-no-current,2133,16653239dee9e920c75533b4e21348174341370b45dcdc8ad53f19ecb7bf31f2
wqp,wqp:USGS-423556088365001,1997-07,ANFIS-T-no-current,2133,1665bf6bdbbb8ca75f9615e79bfaa81a73b85340cf10a5730acdd1012e6d1faa
wqp,wqp:21SC60WQ_WQX-SV-339,2012-03,ANFIS-T-no-current,2133,1667129f5a534c1065a96f7fe4a0a0cce3b8c1c5458cf23e618ba5d74a4ff05c
wqp,wqp:USGS-423659088354401,2012-04,ANFIS-T-no-current,2133,166b14ad93b7e11f6292365d54a45a411877d10e13d4c2eed1ad46e6080ae30e
wqp,wqp:MNPCA-25-0001-00-231,1991-11,ANFIS-T-no-current,2133,166c662c31e19e64345f7b6b79f598d5f8884ba34854c69d04889afa3b8fab8c
wqp,wqp:21FLHILL_WQX-135,2006-02,ANFIS-T-no-current,2133,1673179aa88dc6feb7ddc3894342ba331a78d6383c58c702df4596816ed82665
wqp,wqp:21SC60WQ_WQX-CW-197,2004-10,ANFIS-T-no-current,2133,1677254f0489bda6f6001b100d1f9bee5cf82fe07c2de51f6be3867d9f1cbf8e
wqp,wqp:21FLSFWM-TIN13700,1999-02,ANFIS-T-no-current,2133,16790ea02d8d8b3e7ca9f484245e9385a0e1a0c6648d1dfeefd5249258dc32d5
wqp,wqp:21FLSFWM-ISTK2,1990-10,ANFIS-T-no-current,2133,167a3a987a1bace1d4a1d833d787a7b76deb0b17c2bf14898f26e412c5473327
wqp,wqp:21FLSFWM-ISTK1,1997-07,ANFIS-T-no-current,2133,167cc997072377b89c533ffbaab2cc1eabd76d10fb8f677dcb4c7b61e2c0637a
wqp,wqp:CAPECRD_WQX-280,1993-01,ANFIS-T-no-current,2133,167d616cf65bdb0e79decc5ba7cc24688c6e5d2beff2a2e977fe7df46d84815f
wqp,wqp:USGS-423556088365001,2018-04,ANFIS-T-no-current,2133,167d903a51df6c20f49c39f9940543ccc0e4cc50f92f1fa047041fd6c587e934
wqp,wqp:21FLSWFD_WQX-23113,2006-12,ANFIS-T-no-current,2133,167dd50e7650849980c89f68468cb147b3ce402619f7d051322850d5f7c1c860
wqp,wqp:21SC60WQ_WQX-B-339,2017-02,ANFIS-T-no-current,2133,16817fe9bef883a3f84d96673cbe857c23b5d538d5807be1bf9de71c8fbe9c0c
wqp,wqp:21SC60WQ_WQX-CSTL-075,1999-12,ANFIS-T-no-current,2133,16833206c331e413c1675d1f9711f4db1ea479ed9f43bd7ac48a2e4e0fec8e42
wqp,wqp:21FLSFWM-KRAMMID,1987-02,ANFIS-T-no-current,2133,1683a2e48c82479ec2090bad08317c676e3f1b30b9d3dcd8ea6d939cba556fb9
wqp,wqp:21FLSFWM-STAKEIN,1994-06,ANFIS-T-no-current,2133,1684ba688fb677bd15289da755f9ecf3cac6b802b771e1fac1e933cfe513f44b
wqp,wqp:21FLSFWM-MH32000,2004-09,ANFIS-T-no-current,2133,1685eaae5b1ff60f7f3c4a7fc70d5145a2f27441c98b5c8351047a2b49d29132
wqp,wqp:21FLSFWM-LZ30,2002-04,ANFIS-T-no-current,2133,16863abdd49ce4e388a7da0589f0662e45c3153b19cc6ec92bbdec9b381d7979
wqp,wqp:21FLSFWM-KBAROUT,2003-01,ANFIS-T-no-current,2133,16888491723373df325133478b2b96a732855c93b5aedd11774db1190fb5b261
wqp,wqp:21FLORAN_WQX-CC17,2006-11,ANFIS-T-no-current,2133,168f4cdca7fec50470bb873e973cc4185afb557b2c59d9af313de5a0cb749882
wqp,wqp:21FLORAN_WQX-CC4,2012-02,ANFIS-T-no-current,2133,168ff597ed1f4dbb5c59eaf4091975464932a58c18111db946d8b32a6a1ac2f9
wqp,wqp:21FLORAN_WQX-CC22,2005-10,ANFIS-T-no-current,2133,1690249b8b01aa2e2ce63b28e2c84c9cba2aaf874b697d0e1f4eca4900f24e5a
wqp,wqp:21AWIC-81,2013-01,ANFIS-T-no-current,2133,16944dc344c1f411b4e4f60bf7c7feadb68d9007fd4f40abc00f6b6b92ccaf10
wqp,wqp:CAPECRD_WQX-262,1994-12,ANFIS-T-no-current,2133,169682555322d8b69427b5b51370a450cb5ca3036ab35f1cb532271d5dc3e9a8
wqp,wqp:MNPCA-47-0042-00-201,2011-09,ANFIS-T-no-current,2133,169983b5b72ecdca9fed9ad35ed5959764706fb094adf2ba2a9ead8c2414604a
wqp,wqp:21DELAWQ_WQX-205211,2014-06,ANFIS-T-no-current,2133,169bbea749967dbd411821a322e49696f7fe3cbdf7ad49f1f0f152329a032360
wqp,wqp:21SC60WQ_WQX-CL-094,2007-04,ANFIS-T-no-current,2133,16a4c078d89761ad1bc84de88651ede303d3dc4e1aff08156535fe8a91059ed0
wqp,wqp:21FLSFWM-KISSR0.0,2006-04,ANFIS-T-no-current,2133,16a84da78faf348ede56f792b318143daa3f985ed60f8eb2fcefddde85127f24
wqp,wqp:21FLSFWM-PALMIN,1988-09,ANFIS-T-no-current,2133,16a9fe699b37c2386ec40e8cbbcf23bd396d90644ab09d80c02ef7d638c7d3c1
wqp,wqp:MNPCA-10-0042-00-401,2014-08,ANFIS-T-no-current,2133,16aa911fb885f4726e5bdc466c28c037cc288939379726053d56adb4a4c2dbcd
wqp,wqp:21FLSFWM-L004,1995-10,ANFIS-T-no-current,2133,16ac2b7cb35b030b224fe64571fa2eb9b1346f5ae6115a52e095131427f62486
wqp,wqp:21SC60WQ_WQX-S-222,2001-02,ANFIS-T-no-current,2133,16af37693fb99f59c0425747c1b1610362fa46f3934c1879c118de9dea82158d
wqp,wqp:21DELAWQ_WQX-303331,2009-08,ANFIS-T-no-current,2133,16afd929704a6e0c796d355f73a6c3c7a40c82bd7acdde159f0a935b576c023c
wqp,wqp:21DELAWQ_WQX-109191,2015-12,ANFIS-T-no-current,2133,16b13f1f3aff537854f90cf38c9d0caa9e94e1e8b85d6a9fd8776735c658c49e
wqp,wqp:21FLSFWM-CLV10A,2004-02,ANFIS-T-no-current,2133,16b5ff19ab817527b80db1d36eb9085dd478418997041c5765c55ab2dc973272
wqp,wqp:21FLSFWM-L003,1979-08,ANFIS-T-no-current,2133,16ba1edaf66fdd61a3da3e7aeefa7d778164be1b14d8dc9d85e5e891985099af
wqp,wqp:21VASWCB-2-XDD000.40,2006-07,ANFIS-T-no-current,2133,16bb794aac53c077f63e9dbd03442457045a21e4329cd84d0b2cdeade4431fa6
wqp,wqp:21FLSWFD_WQX-23588,2008-12,ANFIS-T-no-current,2133,16bc6c78ee52af7d0ed25078f15465755c5fe41181942a421c15a1a63c284765
wqp,wqp:21SC60WQ_WQX-SV-335,2007-11,ANFIS-T-no-current,2133,16bcd5327ddba25657cb82a73c09f2742cc31c191554b6c0a1a5c1965ca65fdf
wqp,wqp:21SCSANT_WQX-SC-005,2018-10,ANFIS-T-no-current,2133,16bd9ac0d41d026cc026b09f13bff0e6902795459f1e053e5735db28b7da9fe1
wqp,wqp:21FLSFWM-ISTK7,2006-07,ANFIS-T-no-current,2133,16be2618bae86b12bc1786888c065804a6438ee420aeee1ca79c65052aad018b
wqp,wqp:21FLSFWM-PELMID,2007-10,ANFIS-T-no-current,2133,16bf9f79495f9a8ba68366a39942c5a9081bbb3b67a79d90416e872d394f6b71
wqp,wqp:21FLSFWM-KISSR0.0,2001-12,ANFIS-T-no-current,2133,16c1bd3c4a24a0fca6aee88b8b07d583f720997ea4bb535a43a04576b67ba89e
wqp,wqp:21FLSFWM-L004,2001-12,ANFIS-T-no-current,2133,16c2ba752c5fd5b2178fdd52459e7ac449ddecb2b7cfbc200a1fde87ca97c6f4
wqp,wqp:21FLSFWM-B02,2003-11,ANFIS-T-no-current,2133,16c497ace3eff0fafe673b66738dc5e55e0945a20ce9477732567f1a2cdf2b9c
wqp,wqp:MNPCA-10-0007-00-201,2015-06,ANFIS-T-no-current,2133,16cc16aef30af082d3b809c4377c39acac777950ba9e5b1a540f0b8a5412bd44
wqp,wqp:MNPCA-62-0054-00-101,1987-06,ANFIS-T-no-current,2133,16ced4d493d9b1c9573768706dc2d96ba926fc5f9712ad330dd1f14ad8fbd96a
wqp,wqp:21FLSFWM-L001,2003-05,ANFIS-T-no-current,2133,16d39d2d919a214f1c3dd6a7eeca2541d62395387b76f2c9c314f5790d51f783
wqp,wqp:MNPCA-86-0284-00-100,1984-01,ANFIS-T-no-current,2133,16d3de9b2c9f31bd905c31dc4dcb0d0d06ce4238cf50f146be7794ea6e27d354
wqp,wqp:USGS-07049690,1978-05,ANFIS-T-no-current,2133,16d64cf17ed5806ac120f82c66c046e7c2ca0bad4aed0ab00f2b2de67b6829c0
wqp,wqp:21FLLCPC_WQX-YALEMARSHPK,2015-04,ANFIS-T-no-current,2133,16d83c9d987966c6a8e8794e760429f1f70c8799f5f510e007688ab6422c11c6
wqp,wqp:MNPCA-10-0048-00-201,2018-07,ANFIS-T-no-current,2133,16d88806d7fb4eeca7b1eadcf6387e64f99f7389e5578795aee05f3d261a9a91
wqp,wqp:LAKELAND_WQX-LH20,2009-03,ANFIS-T-no-current,2133,16da44d25344460e458c8b53ef29eacc850fcd732a224cac1a9065840fdf3eba
wqp,wqp:21DELAWQ_WQX-304321,2006-12,ANFIS-T-no-current,2133,16da7890a5c68b793727bfe8db3c399b83a609539902f7f5107b85a6efd8d88d
wqp,wqp:21FLORAN_WQX-CC17,2007-06,ANFIS-T-no-current,2133,16de7d058d96dce3a9bdcb4c73b7d1bd9a1ecd0d00c161fcfdd65ac21e4bfad7
wqp,wqp:USGS-294643095035200,2016-05,ANFIS-T-no-current,2133,16df6738f462e794c39edd1a68784e89ea9a9a936a61ad2e52bb7b7a42a059da
wqp,wqp:21SC60WQ_WQX-SV-361,2003-11,ANFIS-T-no-current,2133,16dff392b15f8ea00c649ff7ab2aaa5b6e8e37608f8c098a620c2b180c0a3499
wqp,wqp:21NC03WQ-B2450000,2013-07,ANFIS-T-no-current,2133,16e1069dc42c7878d24fae46e3588411aba7b7d3595c478bd95e091dff2db9ad
wqp,wqp:21DELAWQ_WQX-109191,1999-08,ANFIS-T-no-current,2133,16e222603acec7a879668920b8c1360f773d91cad86c69659fb0a03688aedee6
wqp,wqp:MNPCA-02-0045-00-202,2015-10,ANFIS-T-no-current,2133,16e3d3827e3e5f1f0073f520f370ad0cd56eb64153dddfaf75ad99193c9f6596
wqp,wqp:21FLSFWM-TREEIN,1988-01,ANFIS-T-no-current,2133,16e4d1c2678a43d7bc43b6b1e9bfba2f6e83ef65d25ef02f3ad2d3d8f60086f3
wqp,wqp:USGS-07263299,2015-08,ANFIS-T-no-current,2133,16e52170c40a0d8f17b675b6194f0afa1b40ea976ae38f4ffae8bd73a20accdb
wqp,wqp:21NC03WQ-YAD169A,2001-07,ANFIS-T-no-current,2133,16e5e4a885d612445f4c48ab56a2901a4eb0a3294eb1272ce2da2054285d0321
wqp,wqp:21FLSUW-ALL010C1,2003-04,ANFIS-T-no-current,2133,16e7edc2a47e8d79d149710bc35914f07a66c5a89f34395c7c54f433237da6c8
wqp,wqp:21FLHILL_WQX-135,1999-05,ANFIS-T-no-current,2133,16e8dbe0de3884fbbbbb5142416c4ac0451b77d319bda61adde9c53024880e09
wqp,wqp:21FLSFWM-TIN13700,2003-07,ANFIS-T-no-current,2133,16ed1b5c6d8db624e862ae8abed862534e4e4efe591692421fd1028440067872
wqp,wqp:21SC60WQ_WQX-S-308,2013-07,ANFIS-T-no-current,2133,16edb33f4983c1e3b1438571d8637eb57eca6fd5d1de58597dd22b59e99a2631
wqp,wqp:21DELAWQ_WQX-304321,2014-04,ANFIS-T-no-current,2133,16ee740035de7553307baf0e60507c1b182fbd017c53eb367e6d265de4bd2233
wqp,wqp:21DELAWQ_WQX-110011,2013-08,ANFIS-T-no-current,2133,16ef35a9c1e48078b1d8fafcd20effce599450b914b6af6bf15748a0e0dc31bf
wqp,wqp:21FLSWFD_WQX-23480,2010-04,ANFIS-T-no-current,2133,16f17a23b48955fda1daa5b1ba838cf364c289ed7fa52ad0ad751dd79ca39e2a
wqp,wqp:21FLSFWM-POLESIN,1994-07,ANFIS-T-no-current,2133,16f434ed2353e9528870ebc26b1979ab0151079fa0dc647da90016dedce998a4
wqp,wqp:21FLSFWM-ISTK2,1989-11,ANFIS-T-no-current,2133,16f5f2e85f93de6e4643a0bf30776f9937cd166dcbb3fa66386ebedc96b4aa0e
wqp,wqp:21FLSFWM-ISTK4,1997-05,ANFIS-T-no-current,2133,16f5f58636df9bc57974e343c12135a193bb6eb5d661c9d10876861b2a2ea0bd
wqp,wqp:21VASWCB-5ASRN000.66,2014-05,ANFIS-T-no-current,2133,16f67986a3302ac532db420731e5a7e13750e26ab0023f7a4634f531300929ba
wqp,wqp:OKWRB-LAKES_WQX-520710020020-05,2018-03,ANFIS-T-no-current,2133,16f8a0ce2f64b3b9c1ed9a2bb27735a6c6b03b5aa6a502e4f92ad316a0ffd6c6
wqp,wqp:21FLSFWM-ISTK7,2003-04,ANFIS-T-no-current,2133,16f8ad463a7be3d80878b22d777b8db291f0d5a687e8491d45e1452f774218c3
wqp,wqp:USGS-295554095093401,2016-11,ANFIS-T-no-current,2133,16f9bd298081bd09c44f9385cb2f4b291dc4212af6be2885053df2b7db11b29a
wqp,wqp:21FLSFWM-B02,1989-08,ANFIS-T-no-current,2133,16fda97f6d537b9c52b089cff3bf101bd5d5df04d2a0ca89cb5720f6c728ef65
wqp,wqp:21SC60WQ_WQX-S-022,2017-08,ANFIS-T-no-current,2133,16fddf59a3278418622d77b19410569137d4c13facda1d14cefa227e26c8b8dc
wqp,wqp:21FLSFWM-TIN16100,2006-04,ANFIS-T-no-current,2133,16fe696df3c3643c64ffca5745f121ccd62b5ceb5df4e6c5df8bf092f2624da3
wqp,wqp:CAPECRD_WQX-262,2003-02,ANFIS-T-no-current,2133,17015212a488aaa589ec91afcddf488836577318fd670dacd65d86aca00de31d
wqp,wqp:MNPCA-62-0013-00-201,2011-09,ANFIS-T-no-current,2133,1701ed34cc9c93afbf720dc4b0c60b1a9245acfc05b49fb8c2379b5a201ba2b8
wqp,wqp:21FLSFWM-PELMID,1998-06,ANFIS-T-no-current,2133,1701ee68725f11a9f8fdc1cd42f1f15a90505f21826450403b0ef7403b3d728f
wqp,wqp:LAKELAND_WQX-LH20,2010-03,ANFIS-T-no-current,2133,17022e396da9a8edbead51111d897133a542e63ff4e68387fda0baf188a4b0bc
wqp,wqp:21SC60WQ_WQX-B-327,2015-07,ANFIS-T-no-current,2133,1704091c0d3738f0988a845790b76e2c6cb9642c636da8ab090bc9322b8f6135
wqp,wqp:21DELAWQ_WQX-303331,2006-01,ANFIS-T-no-current,2133,17040ca1384ee3099dc60aceb75029a430ac4c8de469a6127818089cd4358426
wqp,wqp:21SC60WQ_WQX-SV-236,2016-11,ANFIS-T-no-current,2133,17045d2410b513aa3502de1139cbc307c5390ab59ded422bfa7d9a847e9efba7
wqp,wqp:21FLORAN_WQX-LE53,2018-08,ANFIS-T-no-current,2133,170663fdc37a80543b3c6990d8b1d315a032b310e023644572c3f45d3f8f4f4c
wqp,wqp:21FLSFWM-RITAWEST,1994-12,ANFIS-T-no-current,2133,17066db3c899e3e60dcf158a597a3a4ac4f59e39f0677b49ff226240b7fcce11
wqp,wqp:21FLSFWM-L008,2007-06,ANFIS-T-no-current,2133,170693e400263da977d45d2cf1fabfe80ec3cb36ee12447b8113ec8f99fd4178
wqp,wqp:21DELAWQ_WQX-108111,2017-01,ANFIS-T-no-current,2133,1706fc9f7718b3608034cc265cf4e0ebaf7b25d23273d657eb77e918c970315b
wqp,wqp:MNPCA-10-0042-00-401,1987-10,ANFIS-T-no-current,2133,170791d78c7b073c5616d356ce633c6167ba9889afb1141733be11087ea1c99d
wqp,wqp:21FLSFWM-L008,1992-01,ANFIS-T-no-current,2133,17095fc86e0df323949b32122192acae0c73a25397123c2bb2fbb2d6539323ce
wqp,wqp:21FLSFWM-L004,1998-01,ANFIS-T-no-current,2133,1709bfad9360ae81f5142c624e69ec24fb10524feab35874613c449477bf8f8a
wqp,wqp:21FLSFWM-A01,1992-06,ANFIS-T-no-current,2133,170c548c46f8ead0d9c917bb318837e5d5e2ff3ebefc5bd86e7d7a008c3fd333
wqp,wqp:21FLSFWM-C03,1993-12,ANFIS-T-no-current,2133,170c6217c54cd380473df73e4c1e7a1d3720de77e6fe06727623d5c53d97eb5e
wqp,wqp:21FLCBA_WQX-WAL-MORRIS-1,2017-10,ANFIS-T-no-current,2133,170f0b352c22af21ad2942512e9b1bda90cba299fa995a9e8b67217c5fe5ed16
wqp,wqp:21DELAWQ_WQX-307011,2008-01,ANFIS-T-no-current,2133,1714b2dae7687c8e4960d23ad40b961536afa8aa079458c07d67cc4c1292c2a2
wqp,wqp:21SC60WQ_WQX-S-024,2001-09,ANFIS-T-no-current,2133,1714e778160b2d334a04f8a05d1d9a403a5ec614e07ed49b1d784438fdf9e4b9
wqp,wqp:21DELAWQ_WQX-304321,2014-08,ANFIS-T-no-current,2133,17155dc00b2e25bfd5d24592b08df628a3b16488bdcf24aefe284134a0faa241
wqp,wqp:21FLSFWM-TIN13700,2006-08,ANFIS-T-no-current,2133,1716edbb86998c1456cd03a954f4a2e7aa12a5674bb7b6173b1125f9b58d6c49
wqp,wqp:USGS-07049690,2010-01,ANFIS-T-no-current,2133,1718807af7ad281ce04a6be6ffddb97218a7e254d1639a4c3f53f15adb8e8feb
wqp,wqp:21SC60WQ_WQX-SV-338,2005-07,ANFIS-T-no-current,2133,171d8aac4849760b1abeab4fba66351bcf2878a73e3f0510a34ab51b1fa8b415
wqp,wqp:21SCSANT_WQX-SC-040,2017-10,ANFIS-T-no-current,2133,171f466d2d537639b0de147f3c869eb3e2d885f8f1f18c8e2492f72fe615a42d
wqp,wqp:21AWIC-23,2003-10,ANFIS-T-no-current,2133,171f6667ce6a4b34fbc2be92aa71556d296c857c684593a922e7cf9999247d96
wqp,wqp:MNPCA-02-0075-02-203,1982-07,ANFIS-T-no-current,2133,17207e93f6f64ade061550b9c662b0b34a80d4d6428810aac119035c71a296f6
wqp,wqp:21FLSFWM-LZ30,1995-02,ANFIS-T-no-current,2133,1721dcfc33d9d0b3bf4dabf0580d574d165689592a73b1a5262be1b0ee64a690
wqp,wqp:21FLSWFD_WQX-23631,2008-05,ANFIS-T-no-current,2133,1724694639a27833e84cf96e64f30aefbdaae72e84c8803e54638137f99a7f34
wqp,wqp:USGS-07049690,2011-03,ANFIS-T-no-current,2133,1724ef4b1b33392f8d0fbe71452b1793fe902ed0344f1140b6f261859feadf9c
wqp,wqp:OKWRB-LAKES_WQX-520710020020-04,2018-01,ANFIS-T-no-current,2133,1724f7365ca1484d09e19e59e7d361dd44de6f2423c4e9755d0e038c063f9738
wqp,wqp:21FLSFWM-KISSR0.0,2005-07,ANFIS-T-no-current,2133,172535fb977d6a0e775450754cae8179b7da441041d1c01d9cdb299f224d55c5
wqp,wqp:21FLSFWM-B06,1988-10,ANFIS-T-no-current,2133,17262a6236069a9e2633273a6594d6eab411fadd452596c0f904dfeea31cd5a5
wqp,wqp:21FLSFWM-D02,1983-07,ANFIS-T-no-current,2133,17285ebd2b4c253594e20592e294533c889b60b04e8ea8fecc3aa9e42c2d5b47
wqp,wqp:USGS-423526088380101,1992-03,ANFIS-T-no-current,2133,172994dcf7a91161230a5fe91619fd2aa7d6059961373f6ec81a968610f956bf
wqp,wqp:21SC60WQ_WQX-CW-197,2006-08,ANFIS-T-no-current,2133,172b16f02f621a024bc51b0ba8c0ed7cbd2d5ffd99f9169a396d038523fea301
wqp,wqp:21FLCOLL_WQX-LKTRAF1,2018-10,ANFIS-T-no-current,2133,172fd522d4d8aceb909154e5fa062250fa773ef891e57e0cb4f3a8a066e2253b
wqp,wqp:21FLSFWM-ISTK1,2007-07,ANFIS-T-no-current,2133,173310f6e4282e60b40386725b52419d3720fa421b378533a7d6994427c72eaa
wqp,wqp:21VASWCB-5ASRN000.66,2015-05,ANFIS-T-no-current,2133,173618f59f702c1b44b0098c3bfafd18ef8dd063e34f21b57e12703edc5a5647
wqp,wqp:21FLSWFD_WQX-23113,2008-10,ANFIS-T-no-current,2133,173cad5ffe091d44f30f5d1a536249b62ea2b017396112a1ed75580a1373ea03
wqp,wqp:21SC60WQ_WQX-CW-207,2013-01,ANFIS-T-no-current,2133,1740c55cf2ee4be6ac40944643c6386f1f10f5bcffb5a84830f49977a1469387
wqp,wqp:21FLORAN_WQX-CC18,2014-06,ANFIS-T-no-current,2133,17425b2dc7e8a506a8bfdcabfa1f64a6f442a5665a732fb1bbdb67a89ba320b3
wqp,wqp:21FLORAN_WQX-HB66,2018-07,ANFIS-T-no-current,2133,1742a3e4e101719bf59286b1f7a7a90134985a85c05ecdb6bcf676d5d5016ae9
wqp,wqp:21NC03WQ-NEU019C,2006-08,ANFIS-T-no-current,2133,1742fe93fccd59deae0d5692ffcbac0d6c30756f384ecad7e14df55e1b38f85c
wqp,wqp:21FLCBA_WQX-WAL-CAMPBELL-2,2018-10,ANFIS-T-no-current,2133,1745588c22388518932c474c5dba0daf6b1c954c3fc07ff98fc3345da6105c26
wqp,wqp:21SC60WQ_WQX-SV-361,2014-08,ANFIS-T-no-current,2133,174798584d96806db84c824885b90b30cc7eace81ebeed93427fd7afc6031af8
wqp,wqp:21FLSFWM-ISTK4,1989-09,ANFIS-T-no-current,2133,174b09257813f562830817815f4eb3cffd706a51b75833c00f9f709c0447902f
wqp,wqp:21FLORAN_WQX-BC14N,2017-12,ANFIS-T-no-current,2133,174bb2a287d357020207eaa5dc65ec2b426f862bff4d314a5da8bdfb9c605eff
wqp,wqp:21SCSANT_WQX-SC-005,2016-09,ANFIS-T-no-current,2133,174c95eb662f53c5f3d4b4e0f1a14a3c859a9ce751a5f3a6bf668db83e296003
wqp,wqp:21SC60WQ_WQX-SV-268,2011-01,ANFIS-T-no-current,2133,174e87737767bed28edc42efa9520e05b9dd6b487e42621ea2c57148a90e68be
wqp,wqp:21FLSWFD_WQX-23389,2013-02,ANFIS-T-no-current,2133,174eb8ce06d52ed78ef042f75598061ca852f8593165422ea067145eb7d96770
wqp,wqp:21FLSFWM-L005,1985-06,ANFIS-T-no-current,2133,174fa4eb9f628f181225c8aa5f9336842de701bbe44e0977b6d64cf24e3b26b1
wqp,wqp:21DELAWQ_WQX-208181,2004-07,ANFIS-T-no-current,2133,174fc8a4b38a7f7f6b3e3e5baa41b93957eac304754960e7dbd883452b85f54f
wqp,wqp:21SCSANT_WQX-SC-005,2017-04,ANFIS-T-no-current,2133,1751eb33fca0e6e098bd593ff039a89eebfe023d0738c4fe58a77433240b1e31
wqp,wqp:21FLSFWM-STAKEOUT,1995-05,ANFIS-T-no-current,2133,17523d4b7bfca67d3f8994dd96cef36a67c8d6ecac21df8c2ed039f88e0441ee
wqp,wqp:MNPCA-02-0045-00-202,2002-04,ANFIS-T-no-current,2133,175363e8969088c60f4fc2d39998e76dec9d91ded633c17a07c368b3dc58339e
wqp,wqp:MWRD_WQX-MILTON3P,2007-04,ANFIS-T-no-current,2133,1757a8da3cf5b99b0560e689636fa7552e2438278efa7e892b76ed371a216565
wqp,wqp:MNPCA-62-0013-00-201,2002-06,ANFIS-T-no-current,2133,17589020714582e85ed6766fccbdf1ef7c19eed4011ee944868e7f77a62582b7
wqp,wqp:21SC60WQ_WQX-SV-361,2001-03,ANFIS-T-no-current,2133,175b3b1b6bfe16d6f48d44e24146d564029f7d1abe72584f75c66dcdb46b598c
wqp,wqp:USGS-423526088380101,1990-06,ANFIS-T-no-current,2133,175db71ad47a57e87c146b2b943b3b90834c3756d7273607e44cfc55bfa8cc11
wqp,wqp:21NC03WQ-YAD169B,2016-06,ANFIS-T-no-current,2133,175eb1ad0dc92b2bcd1308341bee9c06cd6a3961815bfdfc9a933f11ec12adee
wqp,wqp:21FLLCPC_WQX-GREENWSH,2015-08,ANFIS-T-no-current,2133,1761810291e7690fcd1ef1ee0545a032f053140a85a69f494c374f6a11c12cc5
wqp,wqp:USGS-12301600,1973-03,ANFIS-T-no-current,2133,1761e0d6072055d26568d6deb4ca4e9e01d7f54f90d36be1a5c8e138d1013741
wqp,wqp:21FLSFWM-LZ42,1998-01,ANFIS-T-no-current,2133,1761f713d9b1f31bf1cc29ad9af8481a3f1062d71bc3327ac84a1aa23dde06d9
wqp,wqp:21DELAWQ_WQX-109031,2006-11,ANFIS-T-no-current,2133,1762e9334e43a3450dc0add784c9fa326d796f2f331e0742152f3d8381421c54
wqp,wqp:21NC03WQ-CPF055D,2015-02,ANFIS-T-no-current,2133,17649c6f6ed6b1ebd23989372f39a741516693109b3b7a4016a89f500d7dfa8e
wqp,wqp:USGS-07049690,1984-05,ANFIS-T-no-current,2133,1764f8ec4a977f6b683b22bcf70ab48b9d58b8fc4522d435b1a719d7321c9119
wqp,wqp:MNPCA-02-0075-02-203,2005-08,ANFIS-T-no-current,2133,17656d5447828480e2b5d43e16557581fdecb4469b141a846de2d3def58de00c
wqp,wqp:21FLSFWM-C03,2004-01,ANFIS-T-no-current,2133,1765a9f7ffc0feb6f9f2238541e2e44a4e449b22e8540eb590d45535a7cf9ed1
wqp,wqp:21FLSFWM-TIN13700,1996-02,ANFIS-T-no-current,2133,1766277ff61b33c4bd37c6d045dd1994cf049988efe4c64b39aac2af3d93d911
wqp,wqp:21FLORAN_WQX-CC22,2014-12,ANFIS-T-no-current,2133,1769ea0807915009227f96d87108439c45dc1446a4fb70ddb1629474510c8475
wqp,wqp:MNPCA-25-0001-00-231,1991-03,ANFIS-T-no-current,2133,176a33a261ed436d9eddbed6b52dc0b9e703be622c6ff92de12a81e8e7e49644
wqp,wqp:21FLSFWM-PLN3OUT,1989-10,ANFIS-T-no-current,2133,176a437ba1c2320bf2b593943cd57784404fd25e1bf4a9ce6d2a92cccb16b2ab
wqp,wqp:21SC60WQ_WQX-CW-033,2016-12,ANFIS-T-no-current,2133,1771ff7ac9ad8fabf2b2717d699406821728cb630cb5d214cc3098a36e0f1e63
wqp,wqp:21FLSFWM-LZ30,1988-02,ANFIS-T-no-current,2133,17784d815617ac8efe9999eb6777bd71f8bbdbd179f9e5506e52ee83c5589947
wqp,wqp:21NC03WQ-Q5360000,2017-07,ANFIS-T-no-current,2133,177aa46c0b3676bbb329795a45babfe497a712dfd8e1393e848bc9dea1b91f2f
wqp,wqp:MNPCA-62-0007-00-203,1980-11,ANFIS-T-no-current,2133,177eb962610c1484d2ffbb910acc49095f4f927061e9109cb564c0215d8cae5c
wqp,wqp:21FLSFWM-TREENOUT,1988-12,ANFIS-T-no-current,2133,177f41ece9d7e563967e5927f791c04219f2980ca73e112ee60bd48517cf860a
wqp,wqp:21FLSFWM-KBARMID,1996-09,ANFIS-T-no-current,2133,1781e2496dc8dd7eddafcfa058a2102d9df7f92311638a5090604e4dbb43cadd
wqp,wqp:21DELAWQ_WQX-307011,2014-10,ANFIS-T-no-current,2133,178eaa6da0e69b1b82d7dbf868f98f74bccaeaeb38f0450f4189bba0ed78b9fe
wqp,wqp:21FLSFWM-LZ40,2006-05,ANFIS-T-no-current,2133,178ffe79b4ce00005a05ddebb56863c1122a59bd6045aa1a52172c7993f9f46b
wqp,wqp:21FLSFWM-E04,1986-05,ANFIS-T-no-current,2133,17912c14faac900a19594268f098aa9bc11bb729fcdf6c6eb68017932d565e79
wqp,wqp:21SC60WQ_WQX-SV-200,2010-07,ANFIS-T-no-current,2133,17951f3eb55157ebfb5edefad514f442a9945139b80b73eb50bcb4ae8d1f69b0
wqp,wqp:21FLSFWM-LZ30,1994-02,ANFIS-T-no-current,2133,179585f4e969346976c433a49e2a2e2cad00b10b25c845b474934fbf51e67c5b
wqp,wqp:21DELAWQ_WQX-307171,2009-10,ANFIS-T-no-current,2133,1797a1f43a76f8b2a4069c52a5285cc677058506e52489e08999fab789a91428
wqp,wqp:21DELAWQ_WQX-307171,2005-11,ANFIS-T-no-current,2133,1797b26b3672741d429a1b8b3d131ef65ff3901c149d15abe0f6be28aed74b35
wqp,wqp:KAWNATON_WQX-KN-KL-003,2016-08,ANFIS-T-no-current,2133,17987371c860bc505c11fecd2f7d88a17ff1c5fcbc05467a2d82b0a20e07d07a
wqp,wqp:21FLSFWM-L008,2003-02,ANFIS-T-no-current,2133,1799e2d8c077a4b961ebd5aa7c7d0152a94c10bf08e07464b95a3b39fb491b71
wqp,wqp:21NC03WQ-CPF086F,2018-02,ANFIS-T-no-current,2133,179c54404b4cebfad34f2237dc6e805b176344c33afcc8f53624bf7951ae1a18
wqp,wqp:21FLSFWM-PALMIN,1987-12,ANFIS-T-no-current,2133,179e3933b480d842d0c17d168a024a494807dbe151121eef2c7d991d718e4e60
wqp,wqp:21NC03WQ-NEU019E,2010-10,ANFIS-T-no-current,2133,17a09b8a35172c3336b34611c0382f4a482449b9bc4a36853ef4ea9865740e78
wqp,wqp:CAPECRD_WQX-280,1993-06,ANFIS-T-no-current,2133,17a1d9cd28d4c875a8711482871eb4d6f4a667b86dc3bc9f0d936753627d1ccf
wqp,wqp:21FLCOLL_WQX-LKTRAF4,2006-10,ANFIS-T-no-current,2133,17a6298cdef6e82a671e424596f8a8c18d2c48eb2eaed39504d994d46f89107f
wqp,wqp:21SC60WQ_WQX-SV-200,2017-01,ANFIS-T-no-current,2133,17a88ef58a7768b78410f74423943b8660f5a32bff07bc53947655495c95aa3b
wqp,wqp:21SC60WQ_WQX-CW-197,2014-08,ANFIS-T-no-current,2133,17a992391ccdbc66d4c879d7ea602d1c4f593dd1d5532ac52a01fdad46db3945
wqp,wqp:21FLSFWM-B06,1993-05,ANFIS-T-no-current,2133,17ab03fb69cceb14b1926852b25343eff21308d654009b5e9a24a7f050f89350
wqp,wqp:21NC03WQ-CPF081A1C,2000-07,ANFIS-T-no-current,2133,17ad001b2bc86f1e75c3606d1d9bc9842f9da4e474035b2e887768ae77b4078a
wqp,wqp:21FLSFWM-PELMID,2005-11,ANFIS-T-no-current,2133,17ae84aa289b17fabdd826f2b445843cc4aa46124d47c057007db4826496279f
wqp,wqp:CAPECRD_WQX-262,2010-05,ANFIS-T-no-current,2133,17af9a1f3703e3f5027e0c7736c75c4775357b340ea8b8d3de59c238b4e372b6
wqp,wqp:21DELAWQ_WQX-308071,2010-03,ANFIS-T-no-current,2133,17afda9f815561f6e4d53dccfb8eac122162634c02519f8c1ca6fde365ba82bc
wqp,wqp:21SCSANT_WQX-SC-005,2017-05,ANFIS-T-no-current,2133,17b00276c2cbeb9a4339b0de1dfac3338fc5955f06a4418acf5d0463f42a2a4a
wqp,wqp:21FLSFWM-ISTK4,1991-08,ANFIS-T-no-current,2133,17b24e066178943b724b98dc677a70980dff4339fffbcb7adfd2ebfa8f22ba34
wqp,wqp:21SC60WQ_WQX-SV-363,2001-11,ANFIS-T-no-current,2133,17b3e12f6f74aaac3ecc08b7dc569ba704c94ac478385e4df59732e378c54c76
wqp,wqp:21FLORAN_WQX-CC17,2017-05,ANFIS-T-no-current,2133,17b607e107b1bfaf4b1bebd3c497a6a9590d3767b97aabf5894adbdc49d578f7
wqp,wqp:21SC60WQ_WQX-SV-098,2001-01,ANFIS-T-no-current,2133,17b6119c32a3d5ee2963b6a611a142b2288a725890a7c6842f56b6a9170eadb4
wqp,wqp:21FLSFWM-STAKEOUT,1999-02,ANFIS-T-no-current,2133,17b671ffb0bd606bd16d2c1becfec5045b2a89c635da372297f643a867fbe367
wqp,wqp:21FLSFWM-STAKEMID,1988-11,ANFIS-T-no-current,2133,17b7d458c7606686bb84958c0177279d5cb57d323234e832ad3d88b31235a708
wqp,wqp:21SC60WQ_WQX-SV-339,2004-08,ANFIS-T-no-current,2133,17bbcded302c4d931a80b05a2800e58c23094c7fc4b2798fd6ddf4c68e18495f
wqp,wqp:21FLSFWM-PLN2IN,1993-07,ANFIS-T-no-current,2133,17bd32466a946a18ae35f1d0e8c2d4538c2073f963a5268044ae647fae1ac7c1
wqp,wqp:CAPECRD_WQX-262,1998-09,ANFIS-T-no-current,2133,17bd4d3d6628f96ef1505740df5e5440026811b90564e070caae21d18ea311c5
wqp,wqp:MNPCA-47-0042-00-201,1984-05,ANFIS-T-no-current,2133,17bd4f934a0b831bff7c596786d1ad19c3be56c445fc9ea1907e1f3a782400c0
wqp,wqp:21FLSFWM-PALMMID,1988-12,ANFIS-T-no-current,2133,17c004278799d2e238a77824fd417e9b66cdc0edf253b0ac7143e6cda400cc53
wqp,wqp:21NC03WQ-CPF087D,2001-08,ANFIS-T-no-current,2133,17c04e68799e1368ee5794dd51e5797e1fe38b3d181d7899b8d150e28341bedb
wqp,wqp:21FLSWFD_WQX-23113,2009-08,ANFIS-T-no-current,2133,17c4831c030fc204f5387849aebf68700db8582bb32165774f9100d74bf3ae57
wqp,wqp:21DELAWQ_WQX-109191,2007-10,ANFIS-T-no-current,2133,17c4cb4e689e1951a3d05177ddc50cc050cfbab4a48e55e31ce47db073d52172
wqp,wqp:21FLSJWM_WQX-442129,2017-04,ANFIS-T-no-current,2133,17c7b2fd23c174a70946ab2679628eda4950b8905524a429e0800f0ace291a69
wqp,wqp:21NC03WQ-CPF055D,2013-05,ANFIS-T-no-current,2133,17c94f0b3cce3c2e3e4e9d4ca4b7dcd810e1160d65bcf2d3d7e9cacfdc7db2df
wqp,wqp:21FLSFWM-CPTOUT,1987-05,ANFIS-T-no-current,2133,17c98279b782233d8cf76d7038ccd4906872c84aca54c0b0381bcfef108f2f34
wqp,wqp:MNPCA-62-0013-00-201,1982-01,ANFIS-T-no-current,2133,17cb25acbd8680824a012cc791bbb0edbd6e851c319c180d5baddc4d4ed4a982
wqp,wqp:21AWIC-23,2014-12,ANFIS-T-no-current,2133,17cdad24e8a7db353d931b252239bac89a6bd85b6dbfe6c3126096eda1c0ca45
wqp,wqp:MNPCA-25-0001-00-225,1993-09,ANFIS-T-no-current,2133,17d07b4e6b2b3c44a52415565345521da49ec73b36246ba1ce12e07238895193
wqp,wqp:CAPECRD_WQX-262,2018-05,ANFIS-T-no-current,2133,17d34835e2fd7b7af7e34f7e750b4fe83cb92cd761444acada83144579f5983f
wqp,wqp:21FLSFWM-LZ42,2007-01,ANFIS-T-no-current,2133,17d4104cdf05cd94ed869f9c755e4fc304aaf44d1d69c1c866be94a5f27b4d88
wqp,wqp:MNPCA-25-0001-00-231,1991-04,ANFIS-T-no-current,2133,17d450896b92b5d77b3e9a6b25a839c6f4e0e797f67f49fedef8a0090e8fa37c
wqp,wqp:USGS-01657460,1973-10,ANFIS-T-no-current,2133,17d46bc82cab656edc0055ef16e091cde92b92cde9cade7309cb26dca5dd6aeb
wqp,wqp:USGS-07048910,2004-03,ANFIS-T-no-current,2133,17d6ba4988dfec97784804188186880a4da0d618c9f7b1dfff7ecd312be51106
wqp,wqp:21FLORAN_WQX-CC9E,2007-05,ANFIS-T-no-current,2133,17d6ee683595f44022610a2769c26150f7173dd5a749eb35b429e4b63093297b
wqp,wqp:21FLSWFD_WQX-23389,2007-05,ANFIS-T-no-current,2133,17d720899825954a96fd54a0aab226296f5e80d3e8f14c466c27679c68f19a01
wqp,wqp:21SC60WQ_WQX-SV-335,2009-01,ANFIS-T-no-current,2133,17dc7c0ab3669786c9d509bccfa0ce221d537f8c5e442dfef137df740cbe86bb
wqp,wqp:21GAEPD_WQX-LK_12_4048,2013-10,ANFIS-T-no-current,2133,17dd0fa5cd3f1df55b37d844bc00e91e5542fe172e7fcdabb702ab12e1c6693b
wqp,wqp:21FLSFWM-L005,1999-02,ANFIS-T-no-current,2133,17dd354d02c80a9941b5b9a0cb7af38c4425ad6c5978ae2ae38e6f59c1d2ec8d
wqp,wqp:21SC60WQ_WQX-B-339,2002-02,ANFIS-T-no-current,2133,17dd7a92498fc5039843b22208f4fb7ad98069fdfd625081ddfe33de8590c49f
wqp,wqp:MNPCA-62-0013-00-201,1989-07,ANFIS-T-no-current,2133,17de793946f105b87d2b93c65847cf5b811c571c2ff8a6070b6718da2920e55d
wqp,wqp:21DELAWQ_WQX-208181,2018-11,ANFIS-T-no-current,2133,17df8ff650f84466e11f3133f6fd1a141e70a3046e35e2931a10a976e1936fed
wqp,wqp:21SC60WQ_WQX-SV-335,2009-08,ANFIS-T-no-current,2133,17dfc2b367aa8c04231cd70a7054157b5a0759c1522433cf7e349f80a5097cae
wqp,wqp:21FLORAN_WQX-CC11,2017-11,ANFIS-T-no-current,2133,17e0897e7fc8ae1e63b7274b95b79991d5287efccdaaa8483e398f9013cf12d9
wqp,wqp:21NC03WQ-CPF087B3,2010-01,ANFIS-T-no-current,2133,17e1be5040632b9b619bd1676aa701512677d103bcda6185591b99b0435492c5
wqp,wqp:21SC60WQ_WQX-SV-338,2012-12,ANFIS-T-no-current,2133,17e232a60b51e7e170084ef178d4fa744b23bd12e65471ba96203d632b62149f
wqp,wqp:21FLSFWM-L003,1991-06,ANFIS-T-no-current,2133,17e4b19563074a4d5f16514ba01a10a2f08a0c16a46ab8565f1c4626d03321e9
wqp,wqp:21SCSANT_WQX-SC-040,2015-12,ANFIS-T-no-current,2133,17e616afcc8d3e4cc8b85e23f81b477434eee5a37ad27e4f3fee953bbfff1f67
wqp,wqp:21FLCBA_WQX-WAL-ALLIGATOR-2,2017-09,ANFIS-T-no-current,2133,17e771a75f5190a7f0bccf3ffa1df5ce1fae986472ce5e8a833e9c93fe554b73
wqp,wqp:21FLSFWM-LZ30,1988-01,ANFIS-T-no-current,2133,17e7bf2ab6746763ce448ad910000fa172e10fdf996be0478ddc73ab63dd24d0
wqp,wqp:MNPCA-02-0075-02-203,2011-06,ANFIS-T-no-current,2133,17ecfccb96db20bcd6d526bc0a53541e935bb9438a0ca6bb595a5d40b0dd41db
wqp,wqp:MNPCA-02-0075-01-204,1985-07,ANFIS-T-no-current,2133,17edad476d8de2e941f327ec3c0e0d7edef12e37f0071fac74375a7b4ca72ba0
wqp,wqp:MNPCA-25-0001-00-247,1990-06,ANFIS-T-no-current,2133,17ef19331074f88ca45b196b40f2f352cfadcdd7240017949c50e310760954e2
wqp,wqp:21FLORAN_WQX-CC13,2011-05,ANFIS-T-no-current,2133,17f195f7bd38ce33d9fa3e49640ff2e9e92578b079c61185337939521aee8618
wqp,wqp:MNPCA-02-0075-02-203,1986-05,ANFIS-T-no-current,2133,17f3af3f8fde7d99879aa947c8389cad56e17379a853d062f0e2fe6d774a820c
wqp,wqp:21DELAWQ_WQX-206361,2009-01,ANFIS-T-no-current,2133,17f7635abc0e08be7004ce7d9e9e50e39a27fec04dfebb5eeda67e000a0d0971
wqp,wqp:21NC03WQ-CPF087B3,2016-06,ANFIS-T-no-current,2133,17f8bad24d1b9d144722ad8b027cb855247d730d5198e541b4f3a6c06214bc1b
wqp,wqp:21FLSUW-ALL020C1,1989-06,ANFIS-T-no-current,2133,17f9a9d008e871e0dacfa075840e7317a7377076ce6644120c9599858cfd22e7
wqp,wqp:MWRD_WQX-BARR3P,2014-05,ANFIS-T-no-current,2133,17fb2aa648299864f3fa5fd280e1798512da5758fd87e4baf5dc1b3993367990
wqp,wqp:21FLSFWM-C03,2002-07,ANFIS-T-no-current,2133,17fc10277e9bdf783b536887eab446e1c7bebe80d1483822dfa5621f134d4c67
wqp,wqp:21FLSFWM-MH32000,2000-01,ANFIS-T-no-current,2133,17fc8d4c0c0dca6e900e90024560e5f0d8721e80130e92cd25ea42e675c556e8
wqp,wqp:MNPCA-86-0284-00-100,1983-12,ANFIS-T-no-current,2133,17fcbaedfd5c3e691537a998a888c13bfd8386bc3e5da4a682a9e8da9141a1f6
wqp,wqp:21SC60WQ_WQX-CSTL-075,2003-09,ANFIS-T-no-current,2133,17fcc427446985f97898a6726a963b1ca86ac52d71f2dbb8ae806c2f7e89fa60
wqp,wqp:21SC60WQ_WQX-CL-019,2002-04,ANFIS-T-no-current,2133,18023ff39b91d1b5f38a359c1b9367259e9f62ac412de5da55fed752279a302b
wqp,wqp:USGS-07049200,2016-08,ANFIS-T-no-current,2133,18051c3e44c8649064d1054a5a4acbe97435e55c9ba8f55cc28c2d885d2dd017
wqp,wqp:21SC60WQ_WQX-SV-338,2007-10,ANFIS-T-no-current,2133,180a0f48b8756e43932edd076215adba670226385c3b34a9ef573d6adf7fe2c0
wqp,wqp:21SC60WQ_WQX-SV-372,2013-07,ANFIS-T-no-current,2133,180f84ed9acdec5a763bfd1eee93fdbef1a37623c3641b9f51ffbb5c3a47d42d
wqp,wqp:21FLLCPC_WQX-TROUTDKEUS,2015-02,ANFIS-T-no-current,2133,1811b6f5a70721b9f1643d2a8defb9454a2665842ffbabaaaf66cb34fd6c13e8
wqp,wqp:USGS-423659088354401,2012-05,ANFIS-T-no-current,2133,181210cc1d704f2e5633ff7272619ddda351ab3e4f52d945c045f1262812affd
wqp,wqp:21FLSWFD_WQX-23477,2009-01,ANFIS-T-no-current,2133,1815bfa0cb2ed89e3a624d28fd94641020f8629472e9e09745143b7dd3a97e0a
wqp,wqp:21FLSFWM-C03,1984-02,ANFIS-T-no-current,2133,1816cfe2406fc8034a2c6de2e7d807a50b1b4903ad602b1094f6d2200ae92883
wqp,wqp:MNPCA-73-0014-00-100,1984-07,ANFIS-T-no-current,2133,18175885c0542a7162bef6e6e54d9d601e2d006cb4182e6a74eb9939802ddccc
wqp,wqp:21FLSFWM-STAKEOUT,1987-11,ANFIS-T-no-current,2133,18181fde6ae9feec07bbff2bdc7678a9e93e501144e1b30879113cd3463debe3
wqp,wqp:21SC60WQ_WQX-SV-361,2014-02,ANFIS-T-no-current,2133,181ab87e08c81ab8ce1560d92af453ea327056b6f6e54cc250c7dfc9ec6e8b08
wqp,wqp:21SC60WQ_WQX-CL-094,2001-09,ANFIS-T-no-current,2133,181c0c2076e6917d81b586106bf972df02dc31ababa30ddb2bfdcfe48de81a19
wqp,wqp:21FLSJWM_WQX-45399,2017-03,ANFIS-T-no-current,2133,181f934880b65ac989be1a0cf78309ba68b8a3f22e3ca2f51f596071edf3c0ee
wqp,wqp:21FLSFWM-L005,1981-07,ANFIS-T-no-current,2133,1820fa10a16f9a7f67be810902776aaed480c36c9ddf73347c92225ccc951189
wqp,wqp:21FLSFWM-TIN16100,1997-07,ANFIS-T-no-current,2133,1821b3c737f54ab570465ac7f107d340d6ad370e40a675e6ed4e6a3d7da61456
wqp,wqp:21SC60WQ_WQX-SV-200,2016-10,ANFIS-T-no-current,2133,1823ad9efec5b30969a0e0db7a7f2c053a0a087d40d81dad6b6c3a7b07e9aeed
wqp,wqp:21SC60WQ_WQX-SV-339,2013-04,ANFIS-T-no-current,2133,1824b70fb93de3d9f33380bfdd6674d4b3f076251ffe1a90b129b7eaa97e7aac
wqp,wqp:MNPCA-02-0045-00-202,1984-10,ANFIS-T-no-current,2133,182596ca9882322b601a6af4b42bcd685c8141eb8dc7a40d91b5fb45ff288c38
wqp,wqp:21GAEPD_WQX-LK_12_4048,2006-02,ANFIS-T-no-current,2133,1826e31d46ab79b061e287bd6c606cc6e9635f57273c4e5cb37eadadd0258154
wqp,wqp:MNPCA-47-0042-00-201,1981-07,ANFIS-T-no-current,2133,18271920ed3abbcce68ed4de2e55c537b82439d26babfd97130bf0e10a382996
wqp,wqp:21SC60WQ_WQX-B-327,2001-03,ANFIS-T-no-current,2133,1829e679e5e037c931652fb93a93d6100543d575e67b7e0cf275b769c4bbac8b
wqp,wqp:21FLSFWM-PELMID,1992-12,ANFIS-T-no-current,2133,182c0ab3ce9bbe0ac40d48f2b07dbf32759b175b0eac102fec214420f30a6266
wqp,wqp:21FLSFWM-A01,2000-11,ANFIS-T-no-current,2133,182d5372691fe89374d8a5301ce40ad81d8a9d9f964502d360db99be6575fe63
wqp,wqp:MNPCA-62-0055-00-102,1989-05,ANFIS-T-no-current,2133,182db403360ea9cb7d4f92ed463847f10ebb3cf2dcf6cd4171b41826e63481ee
wqp,wqp:CAPECRD_WQX-280,2006-09,ANFIS-T-no-current,2133,182f64e2d2068c228d72fdb55f19a6cf034dac4a86f1293e11ee5d57e2f6a8c5
wqp,wqp:21VASWCB-2-XDD000.40,2011-07,ANFIS-T-no-current,2133,182fb2d4a60c9a22abe091877b779c45777fc56fb3dcca931346b86ce3e0328e
wqp,wqp:21FLSFWM-TIN8100,1999-04,ANFIS-T-no-current,2133,182ff044504ff857f448dc743ac264b2bef1b211a7ddaaefa3107d3216c4db30
wqp,wqp:21FLSFWM-KBAROUT,1993-02,ANFIS-T-no-current,2133,1831cefec1f9eccdb13d10be929d56cebf6d160f54a5e941d3aa904c79093c74
wqp,wqp:KAWNATON_WQX-KN-KL-002,2018-03,ANFIS-T-no-current,2133,183314e102f7b6341f9143e1f39286ffa01bd65d4959e08de4c6226709c6530b
wqp,wqp:21NC03WQ-CPF0880A,2006-05,ANFIS-T-no-current,2133,1833766adcc8f876684a711a8d3c591250257df1e5ad63e08061fc2940eab490
wqp,wqp:21FLSFWM-ISTK5,1998-08,ANFIS-T-no-current,2133,1836aa75911526c64586421f43b787d55aedc20b5c2a716c960d18eb98fccd3a
wqp,wqp:21SC60WQ_WQX-CL-094,2002-09,ANFIS-T-no-current,2133,1837ee8a60e8d1c775b244c4aea31949c7e8394c97ea945b50f64e61238185b1
wqp,wqp:21DELAWQ_WQX-206461,1998-03,ANFIS-T-no-current,2133,183f4e33f372a18852e3c740a4b5d5710821cdbf1bc5303a5f9f660ce39492d9
wqp,wqp:USGS-07049200,2009-11,ANFIS-T-no-current,2133,1840e9daa1eae7187dabb51858d179bbf5aa65c9294db781b80b5d7b0c247c24
wqp,wqp:21FLSFWM-L004,2005-09,ANFIS-T-no-current,2133,1842aff9cd172c5e678b8f7153a6eb0ec240eaa83c983b7090bdca0c0734ddff
wqp,wqp:21SC60WQ_WQX-CW-033,2015-10,ANFIS-T-no-current,2133,18442318fba4eca05251998515f6edb96777ab9872c22b210370f55281aa2d0a
wqp,wqp:21SC60WQ_WQX-B-339,2008-05,ANFIS-T-no-current,2133,18443a9d9af0f769e079b6be415a3d0f42c6e935b99b5dd3ffd13812c38facab
wqp,wqp:21FLSWFD_WQX-23624,2012-12,ANFIS-T-no-current,2133,1845b936a6bfc485cff5bd10e1866d537fdb20cbaf5970006c06a90ab32e549c
wqp,wqp:21FLSUW-ALL020C1,1997-03,ANFIS-T-no-current,2133,18465176ec64cf974614f0e022726570018922ce7359c6416b5fd6d05821c7cb
wqp,wqp:21FLSFWM-B06,1999-02,ANFIS-T-no-current,2133,184908d5a7755d64503449f33357e14e9acbf7c1745ee56ba322b3d21e811b01
wqp,wqp:21SC60WQ_WQX-B-327,2004-12,ANFIS-T-no-current,2133,184c03bb412ffe9e99ee682accc053513058624e63211496bb27e90d96ad2770
wqp,wqp:MNPCA-62-0007-00-203,2016-08,ANFIS-T-no-current,2133,184c8dcc5c8e6fc23ea48b44777a2c67f0e409d9e576ba047109bae5e8706b51
wqp,wqp:MNPCA-10-0048-00-201,1983-06,ANFIS-T-no-current,2133,184cf6e81988b1dbfadc9cca4b1366bbcadacff9b908b4ad008ebb888bbb4384
wqp,wqp:MNPCA-02-0045-00-202,1986-01,ANFIS-T-no-current,2133,184d8c6edf6a27d56ae5ab29af3a91c8eea47a3824c7ce6aa6d9dbc8ef54343c
wqp,wqp:USGS-07048910,1987-12,ANFIS-T-no-current,2133,185136989b56c451859793956f52f3bbf35131ae50b7fe7853cfa579b14c9e84
wqp,wqp:21FLSFWM-L004,2006-05,ANFIS-T-no-current,2133,185818e6b26fb75b4a283ed690778fc323dc7ecc4f9554c645894927588f43a6
wqp,wqp:21NC03WQ-YAD169E,2004-08,ANFIS-T-no-current,2133,1859bb3e56166d72ae788467fbb3d38f6ae3ad7035f9d63b0e99fb23a25d79fa
wqp,wqp:CAPECRD_WQX-290,2005-11,ANFIS-T-no-current,2133,185bb98cfe7ad683e63c07697c669af99d9fcda241cef37b671e7d7424392041
wqp,wqp:21SC60WQ_WQX-CL-019,2010-01,ANFIS-T-no-current,2133,185eda9b32ceea8dd855f9e33458b9388ba5d91aff67f012c3a52f1b833a9f76
wqp,wqp:21FLORAN_WQX-CC17,2007-02,ANFIS-T-no-current,2133,185fd88776ad80e0d16dbf48080ff8efb92dc9e92fe13804a6a980f315e22e4f
wqp,wqp:LAKELAND_WQX-LH29,2011-03,ANFIS-T-no-current,2133,18607ab3b82dffcbc4f5b85aa057934c3426a20b660484cbf57a11ac4b3ca78d
wqp,wqp:21FLSFWM-KISSR0.0,1990-12,ANFIS-T-no-current,2133,1862dc54c620ac16e7b513c3927fac1bb53a79542bc0a296661e81f41a3f9be7
wqp,wqp:21FLSFWM-L001,1998-01,ANFIS-T-no-current,2133,1863081a75e247e19c99c607cd505009d5cc5dbdccaa4b3d196610515507a9cb
wqp,wqp:KAWNATON_WQX-KN-KL-005,2009-08,ANFIS-T-no-current,2133,1863d2e72a30023ae959b0a08df136d47a3895a5a97d9d7874d4ad70ea802f4c
wqp,wqp:21FLCOLL_WQX-LKTRAF4,2018-08,ANFIS-T-no-current,2133,186a4be63f551af97d26f16b514adf80c3c3004630848fb35b3650ec237201e4
wqp,wqp:21SC60WQ_WQX-B-339,2014-08,ANFIS-T-no-current,2133,1870291c8531626a26263ac35870a1d4c11738b0902db62d513d64ba93caddf7
wqp,wqp:21NC03WQ-CPF086C,2008-04,ANFIS-T-no-current,2133,1874dc5049205e3e5452a26e8d406eb19aa86dfecb49d153ae7a2dda863fabb5
wqp,wqp:21FLHILL_WQX-135,2012-10,ANFIS-T-no-current,2133,1875f19b511307e61a789412eb3d7881b6e8f2e7cd15c9d458404ad54c7a7bbf
wqp,wqp:21FLSFWM-E04,1999-04,ANFIS-T-no-current,2133,187651bac03a6ad993701c1c2b259e5a9b2a116878d8f12b2badc86ac6d41378
wqp,wqp:MNPCA-62-0054-00-101,2011-09,ANFIS-T-no-current,2133,187a16689fdbd2e8aa1e2e5f767e6d64ecd8ec0773a01e142866965219aa950a
wqp,wqp:21SC60WQ_WQX-SV-363,2004-12,ANFIS-T-no-current,2133,187a5e5c150249a55b4c805e1d3ec42c3885515d393c52c1aefb7aa7a8cf6fa7
wqp,wqp:21FLSFWM-E04,2004-05,ANFIS-T-no-current,2133,187a9d4781e58af7877ec5059b7fa3299405f2b76210c198daf61e35c2156ed0
wqp,wqp:21FLSFWM-FEBIN,2000-02,ANFIS-T-no-current,2133,187d17805a6251dceb3e991c219c3c9c8afefb51853a527c29b51d519911fd75
wqp,wqp:MWRD_WQX-MILTON3P,2018-12,ANFIS-T-no-current,2133,187d3a5770ad8a58a69e5e1b0a8430cc0b907e4e16520ea4dafa61467d610954
wqp,wqp:21FLSFWM-ISTK1,2005-09,ANFIS-T-no-current,2133,187f9818d1697df7f62202015cc0e08924d4b04ec94193006fce8407e14d1b78
wqp,wqp:MNPCA-10-0042-00-401,2012-05,ANFIS-T-no-current,2133,187fdfd9501179780c9362f0fba5a4e1e394ad409032e663335e7a6ba76d29b9
wqp,wqp:21SC60WQ_WQX-CL-089,2006-04,ANFIS-T-no-current,2133,18829271caa06a05d233a34fb43a871396a12e09478f9e80cc818e01183ad932
wqp,wqp:21FLSFWM-B09,1995-06,ANFIS-T-no-current,2133,1884c9d01c7dda9b452b8598c67a31505e1eabe6eb19342a1646988e965ed4c1
wqp,wqp:21DELAWQ_WQX-202021,2010-01,ANFIS-T-no-current,2133,1886176baede600bd56150be05e6dd07e36668ff8e6c955603c704113b3a2948
wqp,wqp:21FLSFWM-ISTK1,2000-09,ANFIS-T-no-current,2133,188aab6391432a4da26f63802e11bfe006decfd1a0d9166cd04285ec7aa9f42d
wqp,wqp:21FLSFWM-POLE3S,1997-05,ANFIS-T-no-current,2133,188c5412b827ff78ad880d736f4eeda2c51b3bcf75f4acf8bcb5302a25a46055
wqp,wqp:21FLSFWM-LZ30,1999-02,ANFIS-T-no-current,2133,188c89d9a86b7da67d2139295886bc83241afb00fa4d1cf8c556664721deac9e
wqp,wqp:21NC03WQ-YAD169A,2006-04,ANFIS-T-no-current,2133,188d7a12a9fe54974d0380a3b8040ea9221bb47b4d0baa2a4fba80946e5fd422
wqp,wqp:21FLSFWM-L005,1986-02,ANFIS-T-no-current,2133,188e2d48b1eb4c28b2e46410334f9de225eb0f1aa0402eb7ff815da5e6222988
wqp,wqp:21NC03WQ-YAD169E,2005-03,ANFIS-T-no-current,2133,188e9d39a8a3bca7e659c7deb4b57f5e33631c50c8e759366ca698432fe8e080
wqp,wqp:21SC60WQ_WQX-SV-200,2017-10,ANFIS-T-no-current,2133,1890e8ad91b432c7d33ba3d03fd9c9a6f73d4f7a4bdaa4e442214f849bb14196
wqp,wqp:MNPCA-82-0046-00-203,2002-08,ANFIS-T-no-current,2133,189116cabc3a8efdb754c463d30c45f63be873df074fcd12c7d48b139a8f840f
wqp,wqp:21DELAWQ_WQX-304321,2011-08,ANFIS-T-no-current,2133,18938cdd960bc52e8b55473bb6da4517c5abc0b0f8fc449141f797fef205c39c
wqp,wqp:MWRD_WQX-BARR3P,2015-03,ANFIS-T-no-current,2133,189b067bbcee934a3763ef1d75f3cf7d58328fa36cbf32f4191bd5e33d6a92d9
wqp,wqp:21FLSWFD_WQX-23458,2010-12,ANFIS-T-no-current,2133,189bec000e305a15af06313a451fef2d093635b5776c2b6c6a10e62189cde6a2
wqp,wqp:MWRD_WQX-BARR3P,2017-03,ANFIS-T-no-current,2133,189c6ccc6ec233357588d3b9a7caf3b3c56fea8271f5ac7e369d0484b44a58b2
wqp,wqp:21NC03WQ-CPF087B3,2006-12,ANFIS-T-no-current,2133,189d80b22a3b152816ee9608b9e259ece0115d9d0e773209e555735bdc54eae9
wqp,wqp:21FLORAN_WQX-CC18,2007-09,ANFIS-T-no-current,2133,189dfd5044677c039ba96ca6726ee937ead1dc2759f8f5bd0959e9903de5c681
wqp,wqp:21SC60WQ_WQX-CW-174,2018-04,ANFIS-T-no-current,2133,18a11d8ddb9ce95d525e4c2b1f85ead566d4bf5ed9b1756b0bc0d42eba5b89ce
wqp,wqp:21FLSFWM-B09,2002-08,ANFIS-T-no-current,2133,18a43d53c3862cf3c3c7e0dd59933b3b33b9525c85e0d7370c8f2ee220698bc2
wqp,wqp:21FLSFWM-TREEIN,1988-08,ANFIS-T-no-current,2133,18a6e42e52fb68424e985e406e3ed1c189cc9c8cc9f42cac0aabe15d5bd0d085
wqp,wqp:21GAEPD_WQX-LK_12_4048,1991-04,ANFIS-T-no-current,2133,18aa251ee71e2cdba46f21787a4ec0557a4ffc3f2cefddcf4a379770315ce4a6
wqp,wqp:USGS-423659088354401,2014-09,ANFIS-T-no-current,2133,18aaa7b7b5450c8199fc338b89823445060a99aaa94cd37f29ac5897d26234eb
wqp,wqp:21FLSFWM-PELMID,2007-03,ANFIS-T-no-current,2133,18aae44d76fe19f0292a06213d58df38ca3e5b0e336116ffccee70058023a14c
wqp,wqp:21FLSFWM-KBAROUT,2005-02,ANFIS-T-no-current,2133,18ab51db11cc26fa5a600001fe8cea326a47bbab7fb652db8654b910c173f514
wqp,wqp:MNPCA-62-0007-00-203,2002-05,ANFIS-T-no-current,2133,18ab9c17ad6cc2de4af1450474709fdf6737bda086e0d752fb0bebf2e629d3a5
wqp,wqp:USGS-01201700,1980-08,ANFIS-T-no-current,2133,18ac0356942b6d0298412322092be0b21f01d054915843524393d3073be606f9
wqp,wqp:21SC60WQ_WQX-CL-019,2008-08,ANFIS-T-no-current,2133,18aeb750c17389237ed3bf2dee1f37dd34ebf5ff551ce7953cd79c4a62c9ddb9
wqp,wqp:CAPECRD_WQX-290,2014-04,ANFIS-T-no-current,2133,18b1e36c57fdd13ab1644ad98abd7d778a2da519405d7afe5507465391fdef60
wqp,wqp:MNPCA-86-0284-00-100,1989-01,ANFIS-T-no-current,2133,18b2b5bcb53e685cdea0940305b70ed70eb34b8e88c58bad34641b51e3823fbb
wqp,wqp:21FLSFWM-PALMOUT,2001-12,ANFIS-T-no-current,2133,18b99c0cb4ee4a0b1dfc6113d160711cc9ada00a5ec6446583d80342c3d895c3
wqp,wqp:21NC03WQ-CPF086F,2017-03,ANFIS-T-no-current,2133,18bdb88d1737dcaff99401628a0d9ab6309e35676530a24c378c392705f531e1
wqp,wqp:CAPECRD_WQX-262,2015-06,ANFIS-T-no-current,2133,18bf5ff2d06cb8adc93d329144180c487803bd9c2c8fc822b6ce53d55b8bccac
wqp,wqp:MNPCA-02-0075-02-203,1983-08,ANFIS-T-no-current,2133,18c07a7ebdabe04afdf4f2d44f7fbbe2bcf02a898e1011c5fb21ca60ee4ad58b
wqp,wqp:21FLSWFD_WQX-23389,2010-10,ANFIS-T-no-current,2133,18c37a2411d5a9468bd89649b34e2a3e5008560878e3a4a43c4e71a3fd08fe91
wqp,wqp:21SC60WQ_WQX-B-339,2017-04,ANFIS-T-no-current,2133,18c3c944576621f7ecb7583402705b75777f3513043aa397be35134fde83c594
wqp,wqp:21FLSFWM-KISSR0.0,2002-11,ANFIS-T-no-current,2133,18c45ee8ede788243209b8b0bd05007187b73c6cb35c6fdaf5c28fccda1622e0
wqp,wqp:CAPECRD_WQX-262,2004-10,ANFIS-T-no-current,2133,18c532673b51e7163df407e66ce548d32318f0c75ca1980eda99078dd0d41388
wqp,wqp:21FLSFWM-LZ42N,2006-03,ANFIS-T-no-current,2133,18c67279cf0b0906494e2412018ada1df20cfec99c9b3b9c99c1b75282c35dcb
wqp,wqp:21SC60WQ_WQX-CW-207,2002-12,ANFIS-T-no-current,2133,18cb74945b7b7dbf736837d9bb1c0e0a5f513cb66c97e8bdfc1802a246fc14bd
wqp,wqp:21FLSFWM-ISTK7,2006-01,ANFIS-T-no-current,2133,18cbbabb92633b53fb3e287398ba131cc3e1af7316871484f5a499b894086557
wqp,wqp:21DELAWQ_WQX-205211,2005-10,ANFIS-T-no-current,2133,18cd111014d461474c4c2d775b8eae711207c8c833209cd81f81bc9dd351b96e
wqp,wqp:MNPCA-62-0055-00-201,1986-11,ANFIS-T-no-current,2133,18d141a8ba46869aade2ead10d34030445b8c1f966e6ad939c7cf1f6515cea4d
wqp,wqp:MNPCA-86-0297-00-201,2015-07,ANFIS-T-no-current,2133,18d294a963b00b5a22bae854bea7eb8b0859cf086a73a5adbdaadf785d415afc
wqp,wqp:USGS-423526088380101,2013-11,ANFIS-T-no-current,2133,18d2d2f099dd629c39af5f7afacced0558cb0ffa64e00e1eb4b790e4888bdbbe
wqp,wqp:21FLSFWM-A03,2000-05,ANFIS-T-no-current,2133,18d36f3ba3355d760f724021cbb3d4fb15f0107a986983de155f6c744a28eb4c
wqp,wqp:21SC60WQ_WQX-SV-363,2004-06,ANFIS-T-no-current,2133,18d65999b999dbc1fddc5d5612915cf1e8546b380fc7f325e1a8f91693573001
wqp,wqp:21SC60WQ_WQX-CL-019,2001-09,ANFIS-T-no-current,2133,18d72202989268318266222eb99caeef26c0fd582f21f4930a5e621af34ce5d9
wqp,wqp:21FLSFWM-D02,2000-01,ANFIS-T-no-current,2133,18d889d7be20b404f6165be01d6b4ef4efe22af0bd7b1879ca3ecf98e212dc5d
wqp,wqp:21SC60WQ_WQX-SV-340,2003-09,ANFIS-T-no-current,2133,18d8a760c264f28e2c660f1f02cd0275c06df57e2d56b8b1bcad96931890f243
wqp,wqp:KAWNATON_WQX-KN-KL-010,2017-05,ANFIS-T-no-current,2133,18d8e9f4a8732f4f8893579d4fe871cb89256640156e532e68b9efd309371e87
wqp,wqp:21FLCBA_WQX-WAL-CAMPBELL-1,2017-05,ANFIS-T-no-current,2133,18d8fb6f1fc4d4204b3860ae052276f95e886beba404ec4f2f7257ba378ca9d5
wqp,wqp:21FLSFWM-E01,1983-05,ANFIS-T-no-current,2133,18e1584b80d98f453db5d0a346e0c9889e08e241b7f384f29433b1bebfd37a21
wqp,wqp:21FLORAN_WQX-BC6,2015-11,ANFIS-T-no-current,2133,18e2b42e818991df6bdfb8c9afdfaf3531a52702dce0b32811537f3d0bf4c70d
wqp,wqp:MWRD_WQX-BARR3P,2017-08,ANFIS-T-no-current,2133,18e57ae90da9d9496a0a8d0dabe76b996cda1c3e7173f4b884a4466db3091078
wqp,wqp:21FLCOLL_WQX-LKTRAF1,2002-01,ANFIS-T-no-current,2133,18e6852e207f93612ffa9d445eb2d540a6d2982e28cdbdb746813237f718dc98
wqp,wqp:CAPECRD_WQX-262,2007-09,ANFIS-T-no-current,2133,18e73f81d6427e6f0a7e950c838ddc2c9f847a4a2c2e37db3563cd0cb9238809
wqp,wqp:21FLCBA_WQX-WAL-BIGREDF-3,2018-02,ANFIS-T-no-current,2133,18e7557b9ecfc9d1e027b5b1655af40f3f3ac77ef9ff0d3966f0d13be8b677d9
wqp,wqp:21FLSFWM-OISLAND,1996-08,ANFIS-T-no-current,2133,18e897ec81a6a45c3d8300626ca3ec8d8b7bddd7430ef8a15556db0c14e3ed31
wqp,wqp:21FLORAN_WQX-CC12,2006-04,ANFIS-T-no-current,2133,18e8bae454efb7150229308de012957c454a6f005d37fd83a7af010306f5f0cd
wqp,wqp:USGS-423556088365001,2015-05,ANFIS-T-no-current,2133,18e9a79a9405668b44768b942493145f0c6439affb8e3d3fc597776011326e87
wqp,wqp:21FLSFWM-LZ42,1999-06,ANFIS-T-no-current,2133,18eac30893b10388c2451669850e0ce1fb8dad95f4a4835cc6a91c90ccea67ea
wqp,wqp:MNPCA-02-0075-02-203,1983-06,ANFIS-T-no-current,2133,18eb4708d89df6d16e0aa440ec8218238ae1ff680b34f5b7cf06f70ee53f09bf
wqp,wqp:CAPECRD_WQX-262,2014-11,ANFIS-T-no-current,2133,18ed061a90b1c52039bb76c87a4e22dac4dd0bd3d83787dbe5f75df34b39cbc9
wqp,wqp:21FLSFWM-ISTK7,1989-07,ANFIS-T-no-current,2133,18ede65e79f51c426d756abfc5d592adc54006074965324a50b011a83396350e
wqp,wqp:21FLORAN_WQX-CC9,2013-06,ANFIS-T-no-current,2133,18ef7c02c9dc2d9e79d4c40e233398b3a4bea5a111aac952246fa512f6bf847c
wqp,wqp:21NC03WQ-B2450000,2016-10,ANFIS-T-no-current,2133,18ef7febcf0dbfa200e3c6b60454c8c92741c9575ca100065268c2af2384ae6a
wqp,wqp:21NC03WQ-Q5360000,2009-05,ANFIS-T-no-current,2133,18f0f4e76e373555de4a9d5fdd8b9ddda476add449f96e10478604826ce6db36
wqp,wqp:21SC60WQ_WQX-SV-236,1999-09,ANFIS-T-no-current,2133,18f2a6aefda1d1a3a3361df074dffdde0e37a98febde82c20138fefc1744b227
wqp,wqp:21FLSFWM-D02,1983-06,ANFIS-T-no-current,2133,18f9a1d83b2d80f9bd45a3e3508557ab5665a1a2e5ea850d2474f99b433addbb
wqp,wqp:USGS-07049690,1988-05,ANFIS-T-no-current,2133,18fc943f7863d5e89996c87cccc134f02ab2dd7f07a5204b7adb03ea484659b4
wqp,wqp:MNPCA-47-0042-00-201,1995-10,ANFIS-T-no-current,2133,18fff22bfdcc5bc5c778fb3bc8429042e972360fb24864d1a0122dbdc1ef470d
wqp,wqp:21FLSWFD_WQX-23624,2014-12,ANFIS-T-no-current,2133,190007d7f5b8012ff5e64ed4ec3547749f4942b07fd566ff067f330c30de8299
wqp,wqp:21FLSFWM-E02,1983-04,ANFIS-T-no-current,2133,19037dbdaca7f2dfb5db6c28735891288b95e7ab42f78491e56c012c6e028bfc
wqp,wqp:MNPCA-86-0297-00-201,1994-09,ANFIS-T-no-current,2133,19045e0d97f386f5f74f98f6496745d306b95df95ab511c201ed7586c4cd6fe8
wqp,wqp:21NC03WQ-CPF087B3,2012-04,ANFIS-T-no-current,2133,19050a00bd6b0e1d6dd2958b5e1cecaca58ea9e8854093449a95977e8e277f6f
wqp,wqp:21NC03WQ-CPF081A1C,2016-07,ANFIS-T-no-current,2133,1905348c7aa25b84589904f7a23bdf219e5edaf73cc68aa5b22ad6d00e651601
wqp,wqp:21FLSFWM-PLN1OUT,1997-04,ANFIS-T-no-current,2133,19072608dcc015527d988d8a19d0d2b0739ea0705d533bebe59fb128d7544f25
wqp,wqp:21SC60WQ_WQX-ST-032,2000-11,ANFIS-T-no-current,2133,190744fe6bc2f26e19077ab65b289d28d7baa0ba63bee24b47945e69000d10b3
wqp,wqp:21FLCOLL_WQX-LKTRAF4,2008-06,ANFIS-T-no-current,2133,190bba80849f6903f926083b0f1db67f885b5cc08312e61a6965038e92144af5
wqp,wqp:21SC60WQ_WQX-S-024,2010-11,ANFIS-T-no-current,2133,190c142e2adeabc7c1e5d5bb60d3a061b1fa99e14b4f05dc087aa18f177832a4
wqp,wqp:USGS-07049690,1983-05,ANFIS-T-no-current,2133,190d04d3e196f45126d22cf620d7004b16b87d75f28ff1b03bce16849b884a3b
wqp,wqp:21FLSWFD_WQX-23389,2006-10,ANFIS-T-no-current,2133,1910e4ece405d99c8bd9cb4a64ec134e4a34956d16d9430be28b028d1fe46ade
wqp,wqp:LAKELAND_WQX-LH11,2010-04,ANFIS-T-no-current,2133,191124694c3a2f522ee19e4b2c39efcacb3b70fa9398436d42f85ef70091d183
wqp,wqp:USGS-423659088354401,2004-07,ANFIS-T-no-current,2133,1913a1bc672b22b052cd3f61dbf6ec7393935b8074cd58903859c5cf64e9efb7
wqp,wqp:USGS-072632965,2004-03,ANFIS-T-no-current,2133,191830270e6e2685116dbfb95e5f2d19fddb97ff930206f2c70c6bfe4bad074e
wqp,wqp:21SC60WQ_WQX-SV-338,2016-08,ANFIS-T-no-current,2133,191a6ffb6b2ff2474b1b244081744643b7b9d17dbebf29e1ec82751f4b9e0a3b
wqp,wqp:MNPCA-02-0075-01-204,1983-09,ANFIS-T-no-current,2133,191eac65000ca8b94935666bbd73d0800c0c265bf02a6bddaa67fab74e6a5b3e
wqp,wqp:MNPCA-62-0055-00-102,2018-11,ANFIS-T-no-current,2133,1920d30a7a914928e5ba6cb806369cc380cb777160f0d0ed2c17a38611d2a474
wqp,wqp:21FLSFWM-E04,1989-02,ANFIS-T-no-current,2133,19212b7520d28385da93dace266f2cfbd8f939d386c9781ce553dbcaf6a82d26
wqp,wqp:21SC60WQ_WQX-S-024,2016-03,ANFIS-T-no-current,2133,19226566672c9edfb0de95165f6618f58a4058bf0ce75a7cf4f0a629b8088490
wqp,wqp:21SCSANT_WQX-SC-044,2014-04,ANFIS-T-no-current,2133,19229e8312f9838210eebf394dc0a27304366c6fba6f53781195febea095a876
wqp,wqp:USGS-01657622,1974-02,ANFIS-T-no-current,2133,1923e221a645247621c9419ed41278c69efe0b995098fb803e9b4144a08de897
wqp,wqp:21FLSFWM-L006,1997-04,ANFIS-T-no-current,2133,19253a4ab6608e6d50e31b3759e02f0feea70b10249fe081eb350474cf34e8e1
wqp,wqp:21FLSFWM-D02,2000-10,ANFIS-T-no-current,2133,1925f783ec49ffa2558a2383895e37df6691a8f1f5a356a68192bb94f2161bee
wqp,wqp:21FLSFWM-L003,2003-10,ANFIS-T-no-current,2133,19274467d07440a16303fabbc130359b46eabfd284e2ef15972ba22b94a01ec8
wqp,wqp:21FLSFWM-L008,2004-03,ANFIS-T-no-current,2133,19296ee627962cd176f46ab83834b9dd731913c78c71fd0cf6d8934e5f4d662c
wqp,wqp:USGS-423526088380101,1985-09,ANFIS-T-no-current,2133,192ac330f90132a01ada1cd05456d0f9b244d22587041f927e9c88953f2a5163
wqp,wqp:21NC03WQ-YAD169A,2009-01,ANFIS-T-no-current,2133,192b1490e19479f6fa44978f79ab2563d3f793d8acbe667fb8e4bcac8b58a8a1
wqp,wqp:KAWNATON_WQX-KN-KL-010,2017-01,ANFIS-T-no-current,2133,192bb5c2fec8f536045f9772da58c20ddbcf55515005cfe4363247d3b5ba7c25
wqp,wqp:CAPECRD_WQX-290,2016-08,ANFIS-T-no-current,2133,192c83c46d3359ed47cfc2ca5a4441b15854fb2faf64de1754e31a88859d1624
wqp,wqp:21FLSFWM-B09,1988-04,ANFIS-T-no-current,2133,192d48e4d669967ab24991b908b290807711fc6e63d39f8ecd2de3d7e1bc5e40
wqp,wqp:21SC60WQ_WQX-SV-361,2015-02,ANFIS-T-no-current,2133,192f457045f5910ec75673738b3fbbcd0b674eae149394a1b6b1fa229961aec5
wqp,wqp:21FLSFWM-C03,1985-12,ANFIS-T-no-current,2133,192f6a669506e7682f53f3ffad1128975c063d5144fce4d3ddc70e4c788a211e
wqp,wqp:21NC03WQ-CPF087D,2011-07,ANFIS-T-no-current,2133,193062fbc42912519dea909c4fa26ee1527ed560cbf9d7943592d900ca944a2d
wqp,wqp:21SC60WQ_WQX-SV-339,1999-04,ANFIS-T-no-current,2133,193c4e278d821615281050161ca6498bbd711e555b467dfdbf599d2981e85ca1
wqp,wqp:21SC60WQ_WQX-SV-200,2008-11,ANFIS-T-no-current,2133,193d35258da6f864a7ec2d365a364e93e424c379882e4928b5fd7db82ed8b9b7
wqp,wqp:USGS-423556088365001,1992-06,ANFIS-T-no-current,2133,193f24af3a941c65dab9044b9888b201a5eaf5e6cb500da86cb4123ab79f3f98
wqp,wqp:21FLORAN_WQX-CC13,2014-06,ANFIS-T-no-current,2133,1940bc620504ba05173c447478b6ae578851cd05a1d17d58561a0dacb6ee5d3e
wqp,wqp:21FLSFWM-TIN8100,2003-06,ANFIS-T-no-current,2133,19462537504e00ebee0ac2e13d055c09ae5f64671521a240dc68ae4c99d47efd
wqp,wqp:21NC03WQ-NEU019P,2016-11,ANFIS-T-no-current,2133,194644f094027d3b3d0866e71077917fcec021e66078782b62cdfc0f1b92c99d
wqp,wqp:21FLORAN_WQX-BC8,2005-06,ANFIS-T-no-current,2133,194ae1e1403c53e918b63ae49d8b1f96f3339af433addcafc58e901324676fd8
wqp,wqp:KAWNATON_WQX-KN-KL-004,2016-07,ANFIS-T-no-current,2133,194bcd15d76efc39d3c2abf8e97b40c7696b5d0fb4a621882b0c4208e32b91b8
wqp,wqp:MNPCA-62-0007-00-203,1986-04,ANFIS-T-no-current,2133,194c5e91a7a05d56e4d1b2bc1a6df95b9e7dd76fe9cab8843bc2e864ba0af483
wqp,wqp:CPNWATER-WW#3,2014-09,ANFIS-T-no-current,2133,194d9efd78bd91d9aad8509a09417efdd582550a4a45e4ab287cd1a0923456b3
wqp,wqp:21FLSFWM-B02,1992-06,ANFIS-T-no-current,2133,19524aa4724a37e4c06ca37aa36e6ca2ec58fabee10a61273f50898dc50c5340
wqp,wqp:21GAEPD_WQX-LK_12_4048,2006-05,ANFIS-T-no-current,2133,1952511718b0a38ed3e08210c261b18963fdf74f71b5de6555fc6ea3b31f3a82
wqp,wqp:21NC03WQ-LI01,2011-09,ANFIS-T-no-current,2133,19532f42d11b0bdd7c6ffb6d382225572ef740a90e0cfccfa8a69296fc478830
wqp,wqp:21FLORAN_WQX-CC12,2018-08,ANFIS-T-no-current,2133,195405be1bfb20dd3eb48296ae70887548caf4f7a97bca432e45e3895741cd25
wqp,wqp:21NC03WQ-NEU019L,2005-05,ANFIS-T-no-current,2133,195520dd15a5978d0d52178dddea59b4b30db67730bd4ab8a73ff6d4f34eeaae
wqp,wqp:21FLSFWM-B09,2004-04,ANFIS-T-no-current,2133,19553f1fb890f4fe1946653e845e4dc5a72e48d3a1fb99ff6ccb73083ed819fd
wqp,wqp:21FLCBA_WQX-WAL-GRAYTON-1,2017-08,ANFIS-T-no-current,2133,19565b6de3a001db470c56ac2d4536ab9e39e4eef24e5ca189936d44ab06a76f
wqp,wqp:21FLSFWM-LZ42,1993-06,ANFIS-T-no-current,2133,19568910d16bd52406fdc94b9608f775796241f5d7d54548a80bd0ad39dbf979
wqp,wqp:21FLORAN_WQX-CC18,2010-02,ANFIS-T-no-current,2133,1956985fe694ff444c60380c0a77e987b84d81aeecab619c96f1ba8da6759609
wqp,wqp:21DELAWQ_WQX-205181,2009-10,ANFIS-T-no-current,2133,1957deb6ba610356ec222db957c3987fe28f98f954364694cbab4b29d96f521d
wqp,wqp:21FLSFWM-PELMID,1986-08,ANFIS-T-no-current,2133,1958acaa7905704d11f4866637a5d7d5d1ee207daa6be17b8f35176d2af6d116
wqp,wqp:21FLCOLL_WQX-LKTRAF4,1998-09,ANFIS-T-no-current,2133,1958cb3685b64f20f44a10c44690d0be9bd1e506680547f795db64451cfe92d3
wqp,wqp:USGS-07049690,1983-02,ANFIS-T-no-current,2133,19593f50c7200067591a2021a6ce2ce60f2545354f1528f2e4b47da823d07455
wqp,wqp:21FLSJWM_WQX-442129,2017-10,ANFIS-T-no-current,2133,195c4d403f9f3569bb51af42004ad127ba825994cf1910848bee54999d2cb14e
wqp,wqp:21SC60WQ_WQX-SV-098,1999-12,ANFIS-T-no-current,2133,195faecddc0d43023fda889ec6593be8175b8a0b08fb34041567c911e118b21c
wqp,wqp:21NC03WQ-NEU019E,2015-05,ANFIS-T-no-current,2133,19623754beca130d126bc035d9943bce4771e40316c75f2586233c0f0f8c0e68
wqp,wqp:21AWIC-23,2013-02,ANFIS-T-no-current,2133,1965d2aa54c751b5950195c1cf0785dc79947333008a1b1c3fd1bfdc98876f08
wqp,wqp:21SC60WQ_WQX-S-308,2009-07,ANFIS-T-no-current,2133,196ae88f9e9e75126250b673bdcdff2a0005f68cefe2868be7a1b1341901443f
wqp,wqp:21AWIC-23,2011-09,ANFIS-T-no-current,2133,196b43f0fb77009a12aa6dd24bf8567a1b1cccc38931fbbc634b4cd06235b4da
wqp,wqp:USGS-295826095082200,2016-10,ANFIS-T-no-current,2133,19706fb063cba660d9f66165d287ec64400d109337c6acd9d8d0ccfaf8f24c6d
wqp,wqp:21FLSFWM-CLV10A,2000-09,ANFIS-T-no-current,2133,197392cb721b5ba53e4faf6bea674e2cdb36e2d9d3398e4cbc9dd37e70258db4
wqp,wqp:21FLSFWM-LZ42,2002-01,ANFIS-T-no-current,2133,1973d79cae45cfd95ecfa91737e7465ce163e97deefc150a7aa909fea25798d4
wqp,wqp:21FLSFWM-PALMMID,1989-12,ANFIS-T-no-current,2133,1977df486accb244ef0e11b2997c89d2c102ad16207c8f1d42864944e265c061
wqp,wqp:KAWNATON_WQX-KN-KL-001,2016-09,ANFIS-T-no-current,2133,197afcbe00a6821dc3c41bbd63f80e0e956636b5172374ad8ae132301b1a2800
wqp,wqp:21NC03WQ-CPF0880A,2005-12,ANFIS-T-no-current,2133,197d1e78e6048b58b6fb4f5a08bf764ae1c6770fee32dd91d22888b640802d0f
wqp,wqp:21SC60WQ_WQX-CW-197,2003-05,ANFIS-T-no-current,2133,197dffb6f4e92faccd73fe2963570c58be397294c9841257d82845087708d61d
wqp,wqp:21FLSFWM-LZ40,1997-02,ANFIS-T-no-current,2133,197ec6d2a7fd1046b3288ae19336f84974c9d74b527b0cbcfc1ea979db4f1fc1
wqp,wqp:21FLSFWM-STAKEOUT,1988-08,ANFIS-T-no-current,2133,19803fd79da5b84c8f17996fea4f9da788845759034267469a8fe61953996ded
wqp,wqp:21DELAWQ_WQX-307171,2017-06,ANFIS-T-no-current,2133,19814eb3184e8feed847287a3aa157fa8927b2e31e4df920a439edf805a05772
wqp,wqp:21FLSFWM-POLE3S,2005-11,ANFIS-T-no-current,2133,1987550efb0667ab7b56a1f3f57876d739f61306cea11fd3bae628a5c2157477
wqp,wqp:MNPCA-02-0075-02-203,1982-01,ANFIS-T-no-current,2133,19879e65b02e6d776cc4ed9a1278d7d439f8185a6582294ea8cea384611f2a7b
wqp,wqp:21NC03WQ-NEU019L,2012-04,ANFIS-T-no-current,2133,198850286c5ef0bce9391beff48e5bdc06686f40927e1b8990d2d1fc04c085a2
wqp,wqp:MNPCA-62-0013-00-201,1981-01,ANFIS-T-no-current,2133,198c113e2a8c7a4da88d51b285b814e00ba1cce880950cd85e4d76611177244c
wqp,wqp:21FLORAN_WQX-HB66,2018-03,ANFIS-T-no-current,2133,198d03dfbf0e1f16230d6d68b17bd0b63849725049cfb44c378b5c4f3dcd1492
wqp,wqp:21NC03WQ-CPF087B3,2009-12,ANFIS-T-no-current,2133,19901b600164d699b10f45cba80fcba4376d1e2e048936dccdd9f898f1c0a706
wqp,wqp:21FLSFWM-ISTK6,2003-09,ANFIS-T-no-current,2133,1990560b103562413f6f62835de4a107276a5f0f810085f909ae25852fcf2b0c
wqp,wqp:USGS-07049690,1985-02,ANFIS-T-no-current,2133,199301ef2968192fa37f8fbc8bc19ccecd0af6d7972a8146e265419777b0569f
wqp,wqp:MNPCA-02-0075-01-204,1984-01,ANFIS-T-no-current,2133,1995a25c27f5c0e05577e788d3ee6128c234ad0411fac5ff105746f0317b3ff8
wqp,wqp:21DELAWQ_WQX-205211,2003-11,ANFIS-T-no-current,2133,1998d0834595af03a8e9be4c9af522e9c43bbc8ea9b0b111756091e2b081a11e
wqp,wqp:21SC60WQ_WQX-CW-197,2017-09,ANFIS-T-no-current,2133,1999749a0e5b02efdf675015f04555098728d83953fb524da95a936adf875638
wqp,wqp:CAPECRD_WQX-280,2015-08,ANFIS-T-no-current,2133,199b36e3ff48e5a7a9284f351e2894f487d38d12ef1440dd77074df0af4c7764
wqp,wqp:MNPCA-10-0007-00-201,2017-02,ANFIS-T-no-current,2133,199ba36618ad46d9205e50659db69b80702c69cfd4433e06b441e599888e1d5d
wqp,wqp:21FLSFWM-LZ2,1990-03,ANFIS-T-no-current,2133,199ba45735cb1ecbaa41dd9cb4bf950334eb27184a1242c9a5bbba7d8ab04528
wqp,wqp:USGS-423526088380101,1989-01,ANFIS-T-no-current,2133,199bf5255c415fdae341d282aa49e71c35c1cd46b564fff9cea41824930300e8
wqp,wqp:MNPCA-62-0055-00-201,2013-01,ANFIS-T-no-current,2133,199c49a8810a1cf3699bf422b19302becbf4cd2bdbf35e5718d946307b4746a2
wqp,wqp:21SC60WQ_WQX-SV-372,2010-09,ANFIS-T-no-current,2133,199e1add0a3b2633f78cded18e84038f530e3a291153049640f76a5aaa6a03cb
wqp,wqp:21NC03WQ-CPF087D,2006-06,ANFIS-T-no-current,2133,199fb68e69bf4f34088308ef3798d76e906ae988b20679fe47255a8dbbfddb50
wqp,wqp:21FLSFWM-L006,1984-08,ANFIS-T-no-current,2133,19a0c8aac234bc38dca82e062df8a731e13da84b44be7fe911a2fda5f6058c12
wqp,wqp:21SC60WQ_WQX-CW-207,2000-02,ANFIS-T-no-current,2133,19a79db51b8c1b083b8d53028bbc56ef3f2498180b92b009fb0d4687632b056f
wqp,wqp:USGS-294607095042700,2017-11,ANFIS-T-no-current,2133,19ac0ab039be5345abb2c10bd0b31b455fd989fa11074312dc0e3b65d0c7092a
wqp,wqp:MNPCA-25-0001-00-247,1997-11,ANFIS-T-no-current,2133,19b1a5e0f0fb1e8bfe6f1af6461045168bf7c658df2eb26cbf4a99e166ec2a4b
wqp,wqp:21SC60WQ_WQX-S-311,2017-12,ANFIS-T-no-current,2133,19b1d730a20fe8823de8d5cbedb6cb1fe244f35dd630aa4c7ddec99158f92e5d
wqp,wqp:21SC60WQ_WQX-SV-340,2006-05,ANFIS-T-no-current,2133,19ba3c4897d9269c83dd9f0c90f3de9c40630686f51940b0d72a1a85ebdaf1f8
wqp,wqp:21NC03WQ-NEU020D,2017-03,ANFIS-T-no-current,2133,19bcb8ce2cef9f87debfff493f7cfb07b93ebbaca218ff99e669c0874a4bcdf9
wqp,wqp:21FLSFWM-D04,1984-08,ANFIS-T-no-current,2133,19befc05a55f17edc5880cd7c5bf59243f96653d3bb01d60b5c9de20cf127297
wqp,wqp:21SC60WQ_WQX-CL-089,2014-08,ANFIS-T-no-current,2133,19bf5bca6b876f44b5508fd0d59d441255877cee82e78d1a21bddd5a0cffb4c0
wqp,wqp:21DELAWQ_WQX-109191,2003-05,ANFIS-T-no-current,2133,19bf6f89b57ec1a7a5b5e6b4bcd48a3eff1855c08aaeff4659aef4349cbe9b7a
wqp,wqp:21FLSFWM-PELMID,1998-08,ANFIS-T-no-current,2133,19c044651d128b795127a7634f279d2a09e7d3a1fc7b334d02a479a39e8f5f48
wqp,wqp:21FLSFWM-L005,2001-04,ANFIS-T-no-current,2133,19c1cd853f3e1e5185cc3d9fe2d8ccf81159db247b08ef969ee3b975db357c34
wqp,wqp:21FLSFWM-E02,1991-09,ANFIS-T-no-current,2133,19c4455fad712a01043bb4e16bc9ad49f2335c09730e60572b10be35afb553b0
wqp,wqp:21FLSFWM-B07,1982-10,ANFIS-T-no-current,2133,19c8a45e4d2c72cce63932ad5c30fb9eff86eca6bf59123c800e4af0989a0e9f
wqp,wqp:21FLSFWM-L003,1982-11,ANFIS-T-no-current,2133,19ca31b113abdf94423ae0245993f3482bc3bdafcb3c30a738abd504c6838e4a
wqp,wqp:MNPCA-62-0054-00-101,1985-07,ANFIS-T-no-current,2133,19ca5a7911c424bf3425d404537715650a186721ea30ff06261b1d4c90390890
wqp,wqp:21FLSFWM-STAKEMID,1988-10,ANFIS-T-no-current,2133,19cab18ee0742c9e81fb84614ed2be336e6da5b7b57bd108b1489e6aba0c0432
wqp,wqp:21FLSFWM-KBAROUT,1987-10,ANFIS-T-no-current,2133,19cb3f5ebfdecbb7b6a3e1835cbe23d46c4b6c9a77202dbd31748438febbf236
wqp,wqp:21FLSWFD_WQX-23613,2014-12,ANFIS-T-no-current,2133,19cb920bacb7b995fbacf453705330a69cbac038aed76106e7ddf5bbf5f58ebe
wqp,wqp:21FLSFWM-LZ42,1997-02,ANFIS-T-no-current,2133,19cc4a701feec5fba85bcd75436fafaf8e686979dfdba819263b92ab0411a273
wqp,wqp:21FLSFWM-TINOUT,1989-02,ANFIS-T-no-current,2133,19ccde7b1865425924738dd2301304054e05199e577024a089f7fb287293cb89
wqp,wqp:21AWIC-23,2002-04,ANFIS-T-no-current,2133,19cf12cc3e344449a5824bbfa9e3aff875bb53349a86eca1a3d47adf0e675482
wqp,wqp:21FLSFWM-E04,1982-09,ANFIS-T-no-current,2133,19d148d495a5f07110b231f390c6f7c7b58e3870206c34ae7f53636a655956c5
wqp,wqp:AZDEQ_SW-33,1998-05,ANFIS-T-no-current,2133,19d1eb633a056f7169438496ae7f07d8f074df92220c86b5323c37103c5c59d1
wqp,wqp:21FLSFWM-PALMOUT,2004-05,ANFIS-T-no-current,2133,19d2fef12beb00e986f0b1b2ec5e8b04c3792848a70667b06b0fbf6602738c51
wqp,wqp:21DELAWQ_WQX-205211,2017-12,ANFIS-T-no-current,2133,19d496bfea7abbd19ae863cd248f597c5166788813b6b75f21b0f3716f47607b
wqp,wqp:21FLLCPC_WQX-GRIFFINTISH,2011-09,ANFIS-T-no-current,2133,19d4fba67e700b1c977ab9f9a3b9a21a7dca51639431e635d044a14047ce77a7
wqp,wqp:21FLSFWM-B01,1983-10,ANFIS-T-no-current,2133,19d6b76d5a9b8c624a346dc2e4681adbf0c47564816cf047f4bf058adf970f3c
wqp,wqp:21FLSFWM-B02,1986-12,ANFIS-T-no-current,2133,19d7313f44488483fbb543a4b119486bb42078d1f111a17952173fa52bfa9784
wqp,wqp:21SC60WQ_WQX-SV-268,2005-09,ANFIS-T-no-current,2133,19d99337dac0c9fdb3b096babfbdc0921e9ead2f26a639e20c3af74600ae8d31
wqp,wqp:21DELAWQ_WQX-304321,2013-10,ANFIS-T-no-current,2133,19d9b6c4deeb5d7f804125cbee0dcb870e19a6f2840a5942aefcc1c86e0ff256
wqp,wqp:MWRD_WQX-BARR3P,2017-06,ANFIS-T-no-current,2133,19db9684cc82008676b8919dd034408b2700718b490ceb8d318d44a4570c5a5c
wqp,wqp:21FLSFWM-D02,1985-01,ANFIS-T-no-current,2133,19ddc8da9038194479d595ed5ebf7e4e35c8a5560d6aa4842b102ff4487d0dab
wqp,wqp:21FLSFWM-C02,1984-01,ANFIS-T-no-current,2133,19df1cacd2e1d49da1c98648d9182ec3bc54ace5376b231dd6f925126f894ff4
wqp,wqp:21FLSWFD_WQX-23588,2018-06,ANFIS-T-no-current,2133,19dfd4ae2006306e66b3058867ce966dd76829fffe009984fd07a437607243bc
wqp,wqp:21FLSFWM-L006,1994-08,ANFIS-T-no-current,2133,19e35c045fbbd732a58d06ab6a1f2e90653f97b7f2c2d1ddefc238cf449cc962
wqp,wqp:21FLSFWM-L003,1996-05,ANFIS-T-no-current,2133,19e3810ca59e9155f56d25b2295e6d3a4d855a9fc0acbc4f881672dea058dc20
wqp,wqp:21FLLCPC_WQX-YALE,2011-10,ANFIS-T-no-current,2133,19e8879e8c0d5c0e5153acc1d99d9196b331fb3d59141e8ed06df5b96bfffc57
wqp,wqp:21FLSFWM-POLE3S,2005-03,ANFIS-T-no-current,2133,19e9e1b6432780550f9ea6c1cce75c9b7967265005b6fbf2cb40937a02e2cd03
wqp,wqp:21FLSWFD_WQX-23480,2008-08,ANFIS-T-no-current,2133,19eca0211b8f99d331cdec8cad6d869f36c91d7f10ba6cc41939ee033a7c5da1
wqp,wqp:21NC03WQ-CPF086F,2000-09,ANFIS-T-no-current,2133,19ee8b12e85e058e3e51fa5b22703325809bbde29e398ab1df42a9f27278a7ea
wqp,wqp:21SC60WQ_WQX-SV-363,2013-10,ANFIS-T-no-current,2133,19f260800d5b9677939648533452273bc7e9cc997efea9ee0761435fc902789e
wqp,wqp:21FLSFWM-TIN8100,2008-12,ANFIS-T-no-current,2133,19f71589bb231c6c6ac268892e59d575ce5e7133f2f0ea2a6cdb1b59407efc3d
wqp,wqp:21FLSFWM-KBAROUT,1993-05,ANFIS-T-no-current,2133,19f7d762b19ef813540e32eedf29ebd9a855f6f5db9463bc40130bea19104ea7
wqp,wqp:21FLSFWM-ISTK4,1992-07,ANFIS-T-no-current,2133,19fa2e885d760b7994754a9574f980cf93575b69f9eb945d79ec8292ec48b40e
wqp,wqp:21SC60WQ_WQX-CW-231,2017-08,ANFIS-T-no-current,2133,19fa640d462e17e7b9cd496d9bb3bb36978b127e584aea2d5eac8d88ac4d2a03
wqp,wqp:21SC60WQ_WQX-SV-363,2018-07,ANFIS-T-no-current,2133,19fc933acc20c16ae16cfbe4c8328e16b6788d4be2e9faf8032dcc29349c1f93
wqp,wqp:21FLSFWM-ISTK5,1995-05,ANFIS-T-no-current,2133,19fcf6e8b7c7b1d0fb10db5edf20512e48b0aed2fdb7744432ec8b09149b7d76
wqp,wqp:21FLSFWM-A03,2002-07,ANFIS-T-no-current,2133,19fd1f1e5991e682773e601a76bd9bd78e6b1703d7ad7df139865ba4e50963d9
wqp,wqp:USGS-423556088365001,2001-04,ANFIS-T-no-current,2133,19fdb554c833729793131b3cdb26841548c5a2f87bde7d39a0abf6f55d42d31e
wqp,wqp:21FLSFWM-LZ42N,1999-04,ANFIS-T-no-current,2133,19fe828dd5b9af46b5ae861c1c7bce570a071a328e3243d0f4e7197f10a37fcc
wqp,wqp:21FLSFWM-LZ2,1993-10,ANFIS-T-no-current,2133,19ffbf5ce3a80be4c129ca4ca72a42f17b48f823c754c2992e0f4d5e5518891a
wqp,wqp:21FLSFWM-B02,2008-06,ANFIS-T-no-current,2133,1a015a92a408b210be89ca2ac1769aa258e38f8f3072c957d907ecc16141a7d0
wqp,wqp:21SC60WQ_WQX-S-223,2004-10,ANFIS-T-no-current,2133,1a02232ebc7a480aa11578a310cae7d79eb46df987cef516b75a7507c3862efb
wqp,wqp:21DELAWQ_WQX-110011,2011-01,ANFIS-T-no-current,2133,1a0346c1cd293d9826543ec2ac29630dc40355efa4bd5f686ab436ecd0414b1f
wqp,wqp:21FLSJWM_WQX-44494,2017-11,ANFIS-T-no-current,2133,1a04432cb88f3a17bd4c4bb61de2791923759c7749baa626a1de0e613113b33f
wqp,wqp:USGS-295554095093401,2016-12,ANFIS-T-no-current,2133,1a05fd2a5e8ee7c24a2cffc2864ac8c523f79284eadb082ede4023f28a456f7b
wqp,wqp:21FLORAN_WQX-CC17,2008-10,ANFIS-T-no-current,2133,1a08ac158c7771e628f11e7dbc02d14adcdb930ff368c29381a9db39730fe8a3
wqp,wqp:CAPECRD_WQX-280,2015-04,ANFIS-T-no-current,2133,1a08cf8947c1e4402f60ac75781154153641329275a1aa3c2641e67b423b3219
wqp,wqp:21FLCOLL_WQX-LKTRAF1,2015-06,ANFIS-T-no-current,2133,1a0ba1f9245f07eff562685da69a55a04cdc7355ede03123a63cc5efe3bc7f2d
wqp,wqp:21FLSFWM-RITAWEST,1995-01,ANFIS-T-no-current,2133,1a0ca3f24d217a8219af225c60b95c14374f78af87b56fc4ae3f8618a753f58f
wqp,wqp:USGS-295554095093401,2015-06,ANFIS-T-no-current,2133,1a10f37c060fb79a7ddc74ceeb1772c468e89fdc0654058016060317fd76a685
wqp,wqp:USGS-07049200,2002-11,ANFIS-T-no-current,2133,1a135030488a096ebe4a0e99742ba85e0670a91b7a74dda6275f449f9d07b8d2
wqp,wqp:21FLORAN_WQX-BC11,2005-10,ANFIS-T-no-current,2133,1a1767a9cc93129e28225a01926fba0de1e0bf25bd1e45cf0c3fd8e3d8895385
wqp,wqp:21SC60WQ_WQX-B-327,2016-08,ANFIS-T-no-current,2133,1a19e2c81ef701a5a4b4fe789a679462f7257cf39eaad189deda94b53cbdbbf3
wqp,wqp:21FLORAN_WQX-BC11,2006-07,ANFIS-T-no-current,2133,1a1b210e27e5acab50120bbc79e6f1da3c1321d214699c0863ec6d4591422298
wqp,wqp:21FLSFWM-STAKEIN,1987-04,ANFIS-T-no-current,2133,1a1e7eeb1104b3f83854ac039d06d3a4c6f56635f17715438f146efbf516090e
wqp,wqp:11NPSWRD_WQX-SLBE_PL_01,1991-03,ANFIS-T-no-current,2133,1a20cd3e2f09def01dc1e8fb4c93dcc4a786d4f1ca0dc31fda871d8d954f8b3c
wqp,wqp:21NC03WQ-NEU010,2006-02,ANFIS-T-no-current,2133,1a2650de9a01a59631edfc40f0d69e7a123d336e6611c628bfbf1982da5b03a4
wqp,wqp:21FLCBA_WQX-WAL-BIGREDF-1,2017-08,ANFIS-T-no-current,2133,1a26c306157160cc04f0cbf18ce7b32179bbac1490ff41adab8246893bdbaaff
wqp,wqp:21FLSFWM-POLESOUT,2007-04,ANFIS-T-no-current,2133,1a26c9acb15ea91789f69a6d975120a314b08751650c62d5f1cd68deeae1fcbb
wqp,wqp:21SC60WQ_WQX-SV-363,2017-01,ANFIS-T-no-current,2133,1a2721d32222f13df47a23aa985b9a6f5c47b68fb955d204cc6ff7dbff7a061b
wqp,wqp:21FLSFWM-B06,1998-10,ANFIS-T-no-current,2133,1a30fc43ede6cd039daf156cddfd668018375e5ddff519c6bef7a0cc5edba5de
wqp,wqp:21AWIC-23,2002-08,ANFIS-T-no-current,2133,1a323d7ed93d14741c98990ffc3b920fbe322ed93fc779b92261db73fc5ab82c
wqp,wqp:KAWNATON_WQX-KN-KL-004,2018-08,ANFIS-T-no-current,2133,1a32f3b3c7e4ba6ebe6135a6a5130b5042f30c0e708f68ba80148a2292622fe2
wqp,wqp:OKWRB-LAKES_WQX-520710020020-05,2018-10,ANFIS-T-no-current,2133,1a33e7daa621803e76e401d9959066353138bd7802454c16ffb24674db2efcd6
wqp,wqp:21DELAWQ_WQX-206361,2014-05,ANFIS-T-no-current,2133,1a3413ca562ad2b1c8ecd049823a36fb4fcdbbbd946884f9df48ced05ca167c9
wqp,wqp:MNPCA-62-0055-00-201,1988-02,ANFIS-T-no-current,2133,1a395601ac1e69d37caa115d8e70018c3c739d878f49fe05adf4be56de3a8317
wqp,wqp:21FLSFWM-TREEIN,1992-10,ANFIS-T-no-current,2133,1a39cc543c54b1deeb03c9771d00e9f1fca2b9475bd8591a10a38e00ab75fc15
wqp,wqp:21NC03WQ-YAD169A,2008-11,ANFIS-T-no-current,2133,1a3d5e6d17c1b60ab50adccf37ab359c5e24b54ee6297dde1b80186230f655d4
wqp,wqp:21NC03WQ-CPF086F,2010-05,ANFIS-T-no-current,2133,1a3dde5538cd1d8eaabc821bc6d31269ce5a8143bf8682a6e37af322929530ed
wqp,wqp:21FLSFWM-L005,2005-04,ANFIS-T-no-current,2133,1a3e35e2de252f4f03a581e3ecb70c6153b8c7d0b866c87178fc894e71b16d8e
wqp,wqp:21DELAWQ_WQX-303331,2014-10,ANFIS-T-no-current,2133,1a3ffd9fafdb09ce13a21dfac2457fc57455014f27934d637d51bd7330196344
wqp,wqp:21NC03WQ-NEU019L,2005-08,ANFIS-T-no-current,2133,1a4034b3bf15cb54e0c0f31db6e2ea358f6d5243f11ff000270f509bf8efd521
wqp,wqp:21DELAWQ_WQX-109131,2000-09,ANFIS-T-no-current,2133,1a460455b1c491859d51ca0babd19882a6ad042b5afad22b971f12269fbf8518
wqp,wqp:MNPCA-86-0252-02-207,1993-07,ANFIS-T-no-current,2133,1a479b432fa4ff73207dde5a3bac993faab5ca27e7a252db8326994006bf3df6
wqp,wqp:USGS-07049187,2014-02,ANFIS-T-no-current,2133,1a4bae34fecc4483d62e8fdeef4bfc55828d39bddca9ff41a8c175a43e5a3747
wqp,wqp:21FLSFWM-L008,1993-10,ANFIS-T-no-current,2133,1a4f46cce251abd46e6c2486cb7a5c7c0f1e902aa1577dc434996253a24cf078
wqp,wqp:21FLSFWM-PALMMID,1988-09,ANFIS-T-no-current,2133,1a5049c1322763c0625228fb821604747ff5adc9f712e45f3615750111fa87f9
wqp,wqp:USGS-072632972,2010-12,ANFIS-T-no-current,2133,1a519ba8915999f73689ef87b09e2b098f801ef74c5ac581ea71d17fc0cdbb67
wqp,wqp:21FLLCPC_WQX-IDAMERESSHDK,2009-05,ANFIS-T-no-current,2133,1a5352e8853fecec14420a679486e096439e6ffefedbaf887bf4ddb8ccfe33cc
wqp,wqp:21FLSFWM-C03,1984-11,ANFIS-T-no-current,2133,1a54475228e59b6fbfeab1045e95c63a1218801be201cb1770d494840fbdbfdc
wqp,wqp:21FLSFWM-ISTK6,1997-11,ANFIS-T-no-current,2133,1a55ea4c4b0a6ffb4b5957c0a9f0bf9c5a3e7319faf0ae96fa428174b4e53c8d
wqp,wqp:21SC60WQ_WQX-CL-019,2004-11,ANFIS-T-no-current,2133,1a570e994fb6b4514b7a6e046755ca74831ce834c067df416fee6bbbb0ef9328
wqp,wqp:USGS-07263299,2007-11,ANFIS-T-no-current,2133,1a57408984cfe9b1068e29376ee3747c4cab0be9896530fe80cc374559af4d97
wqp,wqp:21FLSFWM-D02,2004-07,ANFIS-T-no-current,2133,1a5a05243b9d1636e96d95bbf98c67a46cfdb091bfaa7960bddc21c6abd33aad
wqp,wqp:21DELAWQ_WQX-208181,2010-05,ANFIS-T-no-current,2133,1a60e7195b2c9cd0adc19d6a4d3c744d0db87d64bf60da23630acacd83b674ac
wqp,wqp:21FLSUW-ALL020C1,1990-02,ANFIS-T-no-current,2133,1a60ea18b377d25e24cb9c00415508938eebc49783a03bd60181b5f0e239acbf
wqp,wqp:USGS-01201700,1979-03,ANFIS-T-no-current,2133,1a629190e30bb2800b388d5179248ecc768acfbd94eed9d2acaf2ef79acc0555
wqp,wqp:21FLORAN_WQX-CC6,2017-03,ANFIS-T-no-current,2133,1a65f5ea22b1da7366284430d223b24c1e8776f4a16428505c689f2d45baa538
wqp,wqp:21FLSFWM-LZ42N,2007-02,ANFIS-T-no-current,2133,1a681d7f3c08e4f12b1affb4869c75df5bf8bd234235c3da2cf63822926c87fe
wqp,wqp:21FLORAN_WQX-BC8,2015-11,ANFIS-T-no-current,2133,1a69935164aedcd85e24e8273be63b91d02f872b074e5334242a2e08e7fb4baa
wqp,wqp:21FLSFWM-L005,1984-01,ANFIS-T-no-current,2133,1a6a12898ab003deece953297686fad67711aae51a9f837e8e909fb7dca98d2f
wqp,wqp:USGS-423556088365001,1998-02,ANFIS-T-no-current,2133,1a6bf65b1c9e44005a13078a5e65ee1ef3be302a5e867d9c9fbec8d2d9120dc2
wqp,wqp:21FLSFWM-LZ2,2004-05,ANFIS-T-no-current,2133,1a6ef518bac0ca9285311bfb943f973730b23f8ccebb536ace846b43cc915b2a
wqp,wqp:21FLSFWM-ISTK1,1997-02,ANFIS-T-no-current,2133,1a72e35ba7716ccb3a77592b0703274afbb7101341de06b4b67ffa5243176e44
wqp,wqp:USGS-01201700,1977-06,ANFIS-T-no-current,2133,1a7346a8f9b2b27acf156efa5cfacf4494265e7d8981b5edbd7960d9ba443f2d
wqp,wqp:21FLSFWM-B09,1999-08,ANFIS-T-no-current,2133,1a73f6c529415446d14ff366b0b7057a60052cf44e66017df7764c537fe19e8e
wqp,wqp:21SC60WQ_WQX-CSTL-075,2004-03,ANFIS-T-no-current,2133,1a78068b8dd5457bb4585e331e89289a39ab560dbb68a2eff3dd5087cc2a5f62
wqp,wqp:21FLSFWM-L008,2000-12,ANFIS-T-no-current,2133,1a7b213103aea962388fb5c39dd63aaf9e962e05895cfb72f25ee2b88ea2f0cf
wqp,wqp:CAPECRD_WQX-290,2002-05,ANFIS-T-no-current,2133,1a7f577ac2ce5292897fdddca3b2ba9f6f1e5b6e7ee11f85a979b01466d6b1af
wqp,wqp:21SC60WQ_WQX-CW-231,2005-02,ANFIS-T-no-current,2133,1a83669a23c37a176a6b5fd84fd75ce1eb24eda5c3c4f84d1f59b38bf9b9ae3b
wqp,wqp:21FLSFWM-B09,1988-10,ANFIS-T-no-current,2133,1a84d05d766f1d0737aa2a51ee7f921653ee48e879337d11019c09b48d6b25ef
wqp,wqp:21SC60WQ_WQX-CW-016F,2007-08,ANFIS-T-no-current,2133,1a85ef7cf0369aff5b70dcdf1f63023f8237ccf6861e2ab72a2b8e7a373d6dc7
wqp,wqp:21FLSFWM-PALMMID,1988-03,ANFIS-T-no-current,2133,1a881c78ca63d48d565b2b83dbe87b5f0c68273cde527a9337be49264ac37d5f
wqp,wqp:21FLSFWM-L008,2004-12,ANFIS-T-no-current,2133,1a89a30e877ebae8dc81bdd6493d9c895876c5156ef70ff71ae62e822e707d93
wqp,wqp:21FLSFWM-PALMIN,1991-09,ANFIS-T-no-current,2133,1a8b4f4a964be638bd10c67a1e6a80d33def73e18d95bcdf74127494803d5df6
wqp,wqp:21DELAWQ_WQX-303331,2002-06,ANFIS-T-no-current,2133,1a940eee77b1bf7ad364399bdad07c818707b20584c94454539ce5be3c19947f
wqp,wqp:21NC03WQ-Q5360000,2018-11,ANFIS-T-no-current,2133,1a98e26f7488c184eb61f0507988b0e6daeb1c5cf3d6a426c91839b6416ec483
wqp,wqp:21FLSFWM-PELMID,2005-04,ANFIS-T-no-current,2133,1a9b64690d1f701d126ba756478765d55bee43ee2f5e16f1882590fb1a6255e1
wqp,wqp:21FLORAN_WQX-BC14N,2018-03,ANFIS-T-no-current,2133,1a9d0b2d5a56a97f0900d833c8de8f72715475b6e11716430121236a58039833
wqp,wqp:CAPECRD_WQX-280,2008-08,ANFIS-T-no-current,2133,1a9dc9fe4fb5585976ba9349c2924b9d6b02574cda2e3678c1a4641ed1353c8a
wqp,wqp:USGS-07049690,1984-06,ANFIS-T-no-current,2133,1a9ee082ad4ae5ec75486da268a7894ad40d971326a2ae41a28fe28be0e2e8d0
wqp,wqp:21DELAWQ_WQX-110011,2012-01,ANFIS-T-no-current,2133,1a9f69a73a9cc66b1bfd4bfdfc8599f9430c923f5861fea4b079754f1004d22b
wqp,wqp:USGS-423556088365001,2016-05,ANFIS-T-no-current,2133,1a9fd7c2b98a240eca31529a80bf52105cc9de168c10fe79b63c30d140670e1e
wqp,wqp:USGS-07049200,1983-01,ANFIS-T-no-current,2133,1aa043c20633745ad52ed1563c2ce70f675c0f98c8f0339dcacfc5f1ea5e0a48
wqp,wqp:21FLSFWM-LZ42,2004-08,ANFIS-T-no-current,2133,1aa3aa1f511495aeaa2b72838af43b52f2980203b4e425e21c6e9377a150428d
wqp,wqp:21FLSFWM-CLV10A,2002-10,ANFIS-T-no-current,2133,1aa4e5faa71d6b87bdb1f6004fb6385097bb23930c5ba4db387022669734d054
wqp,wqp:21FLSFWM-PELMID,1992-09,ANFIS-T-no-current,2133,1aa54ffdeef094eba9af513c6fcbc1e445c971bc67c9e6c8710be5d3f2f0630c
wqp,wqp:21FLSFWM-LZ2,2006-11,ANFIS-T-no-current,2133,1aaa80512d3f17ba269f485bee79c87ef969999f19ee31c6343a0ff07a9c0352
wqp,wqp:21FLSFWM-KISSR0.0,2002-12,ANFIS-T-no-current,2133,1aadd6c84a1720bda5ef3ba90c9fe45a66916a2c60857ddabb8c2df932479ca4
wqp,wqp:21FLSFWM-ISTK5,1996-05,ANFIS-T-no-current,2133,1aaf4a7a77f257c1e8ae166c52788df8bdc7cf83cac866568a4b72ca03c9556c
wqp,wqp:MNPCA-25-0001-00-225,1990-09,ANFIS-T-no-current,2133,1ab0789be2692dfd1d98c7f12e0f132c8082651fb60a5c8c04668ef6b43de285
wqp,wqp:21FLSFWM-LZ2,1998-02,ANFIS-T-no-current,2133,1ab4b697b9ff51c999e2213c0fe575aaf02100d0d29e064ba40adc8baaec7111
wqp,wqp:21FLSFWM-KBAROUT,1992-11,ANFIS-T-no-current,2133,1ab74ccf374e5f0405805df84f1094b17e9f034d3abdf29b764a484686e2d79c
wqp,wqp:21FLSFWM-L004,1983-01,ANFIS-T-no-current,2133,1ab76371912b1b9d6dd1b29596aa0a71955f1ed805d17d65e65446d57346e25f
wqp,wqp:21DELAWQ_WQX-303051,2017-12,ANFIS-T-no-current,2133,1ab8516fc58c6c8e54ce6467eee0a329e1e4d6588c411c6ed5e239e8636751c8
wqp,wqp:21FLORAN_WQX-CC6,2016-11,ANFIS-T-no-current,2133,1ab8df83dc9f1c33c1028f1fc0face83f0394cd3e8c1cc05b5ff78a2cc7d3942
wqp,wqp:MTWTRSHD_WQX-GTOWN-LK-01,2010-03,ANFIS-T-no-current,2133,1abc4629d51d1926e95a7f2e9969c1d04d4495af6bc65d72fe4053d1d0d5910d
wqp,wqp:21FLSFWM-TREEMID,1992-03,ANFIS-T-no-current,2133,1abd9675e26099e129cc1764840782f7ae10849de9050ccf0c7aa2429d3299ec
wqp,wqp:21FLHILL_WQX-135,1999-07,ANFIS-T-no-current,2133,1abe21588fff619f177de3b8e2439ff7c2a8f305a7b3f29b8f3022c51b244479
wqp,wqp:21FLORAN_WQX-CC9E,2007-11,ANFIS-T-no-current,2133,1abeab5567e048d39f22fa2eec8d9bed467f18f1c49b36b082cdccf35b47cc7a
wqp,wqp:21FLORAN_WQX-BC14N,2008-10,ANFIS-T-no-current,2133,1abfc312b23c82ea2bd15dcfbb18382501fa9489c3b9de2c9545caab5474ce0c
wqp,wqp:21FLSUW-ALL020C1,1997-07,ANFIS-T-no-current,2133,1ac36f8a0260db263a7730e4f313c69cd14dd56030a0f46f2133b4a9f70ba873
wqp,wqp:21FLORAN_WQX-BC14N,2006-05,ANFIS-T-no-current,2133,1ac3b6ab31e70c5c4264c8f34ef32f241fb188e5e17d91885d0f7dde3747b6c0
wqp,wqp:USGS-423556088365001,1984-04,ANFIS-T-no-current,2133,1ac5917e4acc7055eb847bb168403496dd24b10dc0ef551f1c9e09830bd87e0d
wqp,wqp:MNPCA-86-0284-00-100,1986-07,ANFIS-T-no-current,2133,1ac74d3d5678a73a92b28d082d0b94d457226106842d316ca8dfd68fde8d2687
wqp,wqp:21FLORAN_WQX-HB68,2018-10,ANFIS-T-no-current,2133,1ac855cb9cc3ba200d3064db4c9a6abf27bd34cefaeebdd0d43d6131670a12f7
wqp,wqp:21FLSFWM-TREEMID,1997-06,ANFIS-T-no-current,2133,1ac862cd338ff3b7691faf94edd387df3baf23b2af8eb3cf30bb6cbddfc42a8c
wqp,wqp:MNPCA-62-0055-00-201,2002-08,ANFIS-T-no-current,2133,1ac90eda13eed61f4c12d9a947a3534323a6b2df7ea846573cd6c9bfd8687248
wqp,wqp:21SC60WQ_WQX-CW-174,2002-11,ANFIS-T-no-current,2133,1ac919c8eb8b82e6af861f7e8d8357ff036f528bcb88394f7be8d2f6ac3f3359
wqp,wqp:21DELAWQ_WQX-303051,2002-06,ANFIS-T-no-current,2133,1acc76abaf8f2959f1dabc2915e475eb89da3b808e765f229b493ace1e2d6e70
wqp,wqp:21DELAWQ_WQX-303051,2008-05,ANFIS-T-no-current,2133,1acd40d6764ed351223df395c8b653509a13fe9fe988a2388d1c570f8e0b0222
wqp,wqp:CAPECRD_WQX-290,2012-10,ANFIS-T-no-current,2133,1ace86351f18da981c76ca31fb4f382d8e814e8a9321b8d0f49b2463da28545c
wqp,wqp:USGS-07049200,2015-10,ANFIS-T-no-current,2133,1aceb91945d019868a377750b8a785e40744abcb2deb8f5de3f8186b87cf8dfb
wqp,wqp:CAPECRD_WQX-290,1987-10,ANFIS-T-no-current,2133,1ad13dbc10a79c6aaef6b7bbf4b074ef9b5b09eeb4cd051191fe1aa8d36e7ba2
wqp,wqp:21SC60WQ_WQX-SV-268,2014-11,ANFIS-T-no-current,2133,1ad2abc6d29becf4ef04a10c14766fe6b67eba7b64ee7e6b3cc20581e9510a91
wqp,wqp:USGS-072632992,2009-09,ANFIS-T-no-current,2133,1ad30820bbbbbfae93e58c799e1250d294d7ae6c713c30c2690e9bc3682069d5
wqp,wqp:21FLSWFD_WQX-23113,2007-11,ANFIS-T-no-current,2133,1ad405fb501c2f1d4b873796983e028f25c898a995722206e7541547265a39c1
wqp,wqp:USGS-07049690,2004-08,ANFIS-T-no-current,2133,1ad4323df4faee46f513e92edcdf80b31f89794bdf2abe99a440ac3506a6498d
wqp,wqp:21FLLCPC_WQX-EUSTISSSH,2013-10,ANFIS-T-no-current,2133,1ad49d422c97d7cbd260a4976bf245417c6e04b9b37cbec77639f0d20b653dd7
wqp,wqp:MNPCA-02-0075-02-203,1983-10,ANFIS-T-no-current,2133,1ad57ba1ad2e764e981d1c35e58b59ca980efdeb277fa8665121f84c823d436e
wqp,wqp:21FLORAN_WQX-CC22,2017-11,ANFIS-T-no-current,2133,1ad653e40398c2fbb5e0eae3c9965e74f06d352a08dc2e93dfe02e25f026a075
wqp,wqp:21FLSFWM-A03,1995-06,ANFIS-T-no-current,2133,1ad730fc094fb067597eaae66e9cbc1e5d17cd3cefb8eaa7e5caf8f45a96e40c
wqp,wqp:CAPECRD_WQX-262,1996-06,ANFIS-T-no-current,2133,1ad86290c3c4233492a97eb9e8cb048730a070b407797410421e96319d06958e
wqp,wqp:21NC03WQ-CPFMC02,2014-09,ANFIS-T-no-current,2133,1ad86dafd094e0c48d5c46964382ef3b0cb70cbeceb02b0cfc509bfe5ce69b28
wqp,wqp:21FLSFWM-L004,2001-04,ANFIS-T-no-current,2133,1ad8949455b30accfebc2e39b0d2847f087a3ce58f2ae3c146d7ed106907bcf6
wqp,wqp:21FLSFWM-L005,2006-01,ANFIS-T-no-current,2133,1adad0398a5b83ad3f1823e6e6d2315f3eda89be9a30cbb740f8dc3872a46131
wqp,wqp:21FLSFWM-LZ2,2004-11,ANFIS-T-no-current,2133,1adc86ba2d9cfb9153d9f360e601739fdb7e0a8584e51634204d2765f9c36da8
wqp,wqp:MNPCA-86-0284-00-100,1985-02,ANFIS-T-no-current,2133,1ade20fd3cf57f2962700d1812a523749b5310baa3e5c60c652f328255d6aa02
wqp,wqp:21NC03WQ-CPF087B3,2010-10,ANFIS-T-no-current,2133,1ae179d8ba0dc4ea3141bc79773e872293ef91b4728f423ccb7b979e25c81dc7
wqp,wqp:21FLSWFD_WQX-23477,2016-12,ANFIS-T-no-current,2133,1ae34aa9522f3d4cd94fc02231f89c78e8f703c72c59dcb0b1cad00c3dca6407
wqp,wqp:21FLCOLL_WQX-LKTRAF1,2016-02,ANFIS-T-no-current,2133,1ae4b43376869b605e72c59f62e92031e0919db8ec1284dbf097f6f18783b59d
wqp,wqp:USGS-423556088365001,1986-06,ANFIS-T-no-current,2133,1ae52d3e4d55386e770d9eafea27152f6437583378466ccca31d72ff71c0f3d5
wqp,wqp:MNPCA-02-0075-02-203,1983-11,ANFIS-T-no-current,2133,1ae93d13ea1b9621ca811649ab9c037413f98661ce4bce4ffe87ee9a024c12f3
wqp,wqp:21DELAWQ_WQX-110011,2010-02,ANFIS-T-no-current,2133,1aeccb6f378fb115720b09a81042779c17dd7e59924a371a8739e64f85c3d896
wqp,wqp:USGS-295554095093401,2017-05,ANFIS-T-no-current,2133,1af37bcdf8a446bb599c669e5c6d84cae4ef6eecb68b933b78515197f7956ba8
wqp,wqp:21FLSFWM-ISTK6,2008-11,ANFIS-T-no-current,2133,1af3ecb062a9c22a80493a68abea98e8d376e5f693e24595f884ee7621bf5f9f
wqp,wqp:21SC60WQ_WQX-S-024,2005-09,ANFIS-T-no-current,2133,1af48b457ced0069229fc48cecc2efd1feb743943ccd5367b5cc0b24d1a1a4aa
wqp,wqp:21FLSFWM-E02,1991-04,ANFIS-T-no-current,2133,1af53bad2e3709f3b6ad040e2cb809cd47d577cb52664432989e1b326b61d78b
wqp,wqp:KAWNATON_WQX-KN-KL-004,2018-03,ANFIS-T-no-current,2133,1af659323ebafc1cb0d9d5b12aef093ae0b488a1dd7e7778132cf4523394da32
wqp,wqp:OKWRB-LAKES_WQX-520710020020-05,1996-07,ANFIS-T-no-current,2133,1b03960dee116209b8e558bae2512fbb05cd78bc6a51fe767c04311545aaf0e3
wqp,wqp:21DELAWQ_WQX-303051,2012-07,ANFIS-T-no-current,2133,1b0445189b202aa06f463cfdf66bd0d3fa9fb736e3bcfa1f394e767307731f35
wqp,wqp:CAPECRD_WQX-262,2011-06,ANFIS-T-no-current,2133,1b04baebff6ee0bea5538243e1bfe4ac3ad06fe49fee320edf935873c7b3fb32
wqp,wqp:21FLSFWM-B09,1986-08,ANFIS-T-no-current,2133,1b084e1f0966fd19008328a0a366b973dae6ab1cd27004ef49ec4bd3e9b317fc
wqp,wqp:MNPCA-62-0054-00-101,2014-09,ANFIS-T-no-current,2133,1b0869bd9f8ff51b0e6bef8cb39ad8e4a98d92db6c66f240877817c1f8077ce5
wqp,wqp:21FLSFWM-ISTK7,2005-09,ANFIS-T-no-current,2133,1b09daa5327eef1822ced14050b74b40607e5ba59ff85be2259982aa1b5a8746
wqp,wqp:21FLSFWM-LZ42N,1992-05,ANFIS-T-no-current,2133,1b0bfbe4b20e367c5f9ece393cba850da1686ba5d410b59bc0c7f8a16fdb2c39
wqp,wqp:USGS-07049690,1998-11,ANFIS-T-no-current,2133,1b105d969e469bab9873a736280fa0b5f7dcb470449be528d5b965639193db58
wqp,wqp:21SC60WQ_WQX-SV-340,2017-08,ANFIS-T-no-current,2133,1b106065b3bd076faf88be997458f800beb78a5914bf1615dda9d6cb05690335
wqp,wqp:LAKELAND_WQX-LH31,2009-12,ANFIS-T-no-current,2133,1b1281a613f400579b30558080b93ecbf0dea970e9210fb86063731d78382913
wqp,wqp:21FLLCPC_WQX-GREENWSH,2011-05,ANFIS-T-no-current,2133,1b138c68d28f98b604abb3100c74884680a8ed192656e9dbf878317f0ab34f25
wqp,wqp:21SC60WQ_WQX-SV-200,2018-12,ANFIS-T-no-current,2133,1b1473eeed10c08246e540c2fea63bd825500de43eb88432c2e88a16b561779b
wqp,wqp:21SC60WQ_WQX-CW-207,2007-09,ANFIS-T-no-current,2133,1b1499c860f240fec742107380b26be41c72430dff71fe65431621ca11b4438c
wqp,wqp:21NC03WQ-CPF086F,2005-07,ANFIS-T-no-current,2133,1b150e76f6ac09b01fb54fd3f1095372d9a13e23199e6b7e97523fbb427aedbd
wqp,wqp:21FLSFWM-PALMMID,1990-10,ANFIS-T-no-current,2133,1b162dc507569002b129964746b16ceb7892aa53177b95ac8de78749267c4453
wqp,wqp:MNPCA-02-0045-00-202,2013-09,ANFIS-T-no-current,2133,1b195e189bdcf746b3ccc3074f3a85a6e0546105a758c2362b7a9f8dcb6e8c29
wqp,wqp:MNPCA-62-0054-00-101,2005-05,ANFIS-T-no-current,2133,1b1a96f8bec1e772d05d4a3c636e271814e859a847ecaf286cbcac1a175c3834
wqp,wqp:21AWIC-23,2014-03,ANFIS-T-no-current,2133,1b22ca01e106f22d7b30f3fe36bf1a38aab839c0706e485b4e62b8b478538407
wqp,wqp:MNPCA-82-0046-00-203,2000-10,ANFIS-T-no-current,2133,1b234335e5b2c375f0c50b48479411873d601098a678dfaadc0cf5a3a4bcbf3c
wqp,wqp:21SC60WQ_WQX-PD-327,2003-01,ANFIS-T-no-current,2133,1b23959bc3168bbaeb35b369f5f11d739d4c2ecca97cf025a8fe4491be43ccb6
wqp,wqp:21NC03WQ-CPFMC03,2016-06,ANFIS-T-no-current,2133,1b2473586e26694b0970d68fca789c408a83c34bfa4e8ec11c9e1d7d8777a283
wqp,wqp:21FLSJWM_WQX-44678,2016-09,ANFIS-T-no-current,2133,1b24bd23471a3287057a453d992eef569642216ece274133a9d16a404823dd8b
wqp,wqp:21FLLCPC_WQX-HARRISWSH,2014-03,ANFIS-T-no-current,2133,1b252eb40c73f9a96d2eaf7c2ca31f48da58c847646bd1e1db6ad57a5a7df436
wqp,wqp:MNPCA-62-0055-00-201,1991-04,ANFIS-T-no-current,2133,1b28e3f6d40e71a978aae641699aed2c315bfda0562ef9912b7b09f35da7a9cb
wqp,wqp:21SC60WQ_WQX-CL-089,2015-11,ANFIS-T-no-current,2133,1b296875f8c0d1bd9e0886cbccefa3f40f64fb2fea8339558b4e523dea5f31c2
wqp,wqp:21DELAWQ_WQX-202021,2013-12,ANFIS-T-no-current,2133,1b2b8941fca35f1c7c56d24d653f56878d8d55642e8848860d9ae7da8bd667cc
wqp,wqp:21FLSFWM-PLN3OUT,1997-04,ANFIS-T-no-current,2133,1b2c8e1dacb7bcf27e4d793349901f480091398e28eebe673b2fec25c26c54e6
wqp,wqp:21DELAWQ_WQX-205211,2017-02,ANFIS-T-no-current,2133,1b2d098e3daf221e176213582e8c9ef043344a533ff726ea2499abc75207c926
wqp,wqp:21FLSFWM-B06,1989-05,ANFIS-T-no-current,2133,1b2ef2a3276d725145df81e2e381df03104d7f5980f1b239345280d28701685d
wqp,wqp:21FLSFWM-PLN2MID,1989-01,ANFIS-T-no-current,2133,1b31a9c5f3463add4ce49b81cbbf816fb8f8fa4bbf34d658c80e339fb700f601
wqp,wqp:CAPECRD_WQX-262,2017-06,ANFIS-T-no-current,2133,1b33382afa72f3733409d2a4b6af61464d415994af117714027e5b0e6ae9cf1f
wqp,wqp:21SC60WQ_WQX-SV-340,2002-05,ANFIS-T-no-current,2133,1b34f921348dc480d937e90c0006cc3340dc1a756ca8499160122ce5e3e53261
wqp,wqp:21FLSFWM-KBARMID,1992-03,ANFIS-T-no-current,2133,1b380bbc90e3472ec93fe52f6a2a9c93bc565ae5c6e622d4edcccb9aade64cc2
wqp,wqp:CAPECRD_WQX-280,1996-04,ANFIS-T-no-current,2133,1b43f78f724242b13a7081c602e7c3f84490a3c40839c1f9fd8f35a5d0518a6d
wqp,wqp:USGS-01201700,1975-05,ANFIS-T-no-current,2133,1b4679df51c78a2cfd027ae599328a643c63c98afa7850e84e15c01915dea9ee
wqp,wqp:CAPECRD_WQX-262,1994-02,ANFIS-T-no-current,2133,1b46abe56fcaad0217e7a7c6777d606d5a7e4d06ee0a8c5ae6f3367311c6f5e4
wqp,wqp:21NC03WQ-YAD152A,2008-05,ANFIS-T-no-current,2133,1b47757f1e60b7f842be3e9819b8b6f84c7d4ffb2bc63ef5897835d6cd2bc575
wqp,wqp:LAKELAND_WQX-LH29,2009-02,ANFIS-T-no-current,2133,1b486820ae1319bfaa0e2a4eeb61518e596f2a6ce06a074ff0784c610283449a
wqp,wqp:21FLSFWM-KBAROUT,1997-09,ANFIS-T-no-current,2133,1b493845887c98bc4cbdd207eeec09e63f58259aebb18de4eb72e4a03fd54991
wqp,wqp:KAWNATON_WQX-KN-KL-001,2011-08,ANFIS-T-no-current,2133,1b49bebace7222f83ff437bbd207128371427cfc5849605039b56ca88b7c7c78
wqp,wqp:21NC03WQ-B2450000,2008-05,ANFIS-T-no-current,2133,1b49c5ac17082391117ca100cf36df3fd6d98fbfc55f0a95cccb222d97f319d9
wqp,wqp:21FLSFWM-LZ30,1990-06,ANFIS-T-no-current,2133,1b4ba84f301a1146307514136126e5e8a633c05b3ca7534718818226e318a396
wqp,wqp:MNPCA-25-0001-00-246,1991-09,ANFIS-T-no-current,2133,1b4bef7b2463ef6b44c2abc131259ac361a6fa574d1a72f3483c01625b9a73de
wqp,wqp:MNPCA-62-0007-00-203,2011-08,ANFIS-T-no-current,2133,1b4c3d7e27ca803bf59c8f35abdd2e6ac830ea575d34ace01e7709b66cecc61b
wqp,wqp:21SC60WQ_WQX-CW-197,1999-02,ANFIS-T-no-current,2133,1b4d032c9b30732a28871490733c87fe4daee6aa413121c2d175dc6e4f0a6bed
wqp,wqp:21SC60WQ_WQX-SV-331,1999-06,ANFIS-T-no-current,2133,1b503899fd55964e742838bfd5fb0676058401442168f65c8cd7431eafc4cbb9
wqp,wqp:21FLSWFD_WQX-23389,2018-12,ANFIS-T-no-current,2133,1b51943b61ec756016e870c5835ae0b3ecc67fa72e9d25a1d2a2055047f1cb30
wqp,wqp:21FLCOLL_WQX-LKTRAF1,1997-08,ANFIS-T-no-current,2133,1b526e0175a555072ff9e267bd7556914d61fe13ef23ca68136354bdf3825e41
wqp,wqp:MNPCA-02-0045-00-202,2008-10,ANFIS-T-no-current,2133,1b57517c32435fc807e27c7c889500a2c1e142e4361cf58ba7df1a440407202f
wqp,wqp:21NC03WQ-CPF055D,2014-01,ANFIS-T-no-current,2133,1b58015455d89e96b88dd788bf8c4793464ec95cb51b1b502e7ef2d2d4362cc3
wqp,wqp:21FLSFWM-B02,2004-03,ANFIS-T-no-current,2133,1b5897ac01b670d1396033a5d8b2dde4ace6fa216f79502336404dcbe325131e
wqp,wqp:21FLSWFD_WQX-23631,2007-12,ANFIS-T-no-current,2133,1b5cba7f51c1c489a26f6a51bb82dcf287971c01af08e69db95df9bcc92153d2
wqp,wqp:MNPCA-02-0075-01-204,1981-06,ANFIS-T-no-current,2133,1b5ed85770fb8becac5d43da64700a2222f5d6dc76bafb431b9fd3b7f0f1e394
wqp,wqp:21NC03WQ-NEU018E,2012-12,ANFIS-T-no-current,2133,1b60768638d3c7d2bd36db0e8c484bf4b5a64f5f335f1314b44629756a7175f3
wqp,wqp:KAWNATON_WQX-KN-KL-001,2017-05,ANFIS-T-no-current,2133,1b64657f8469b7fcdaa14a377591ae45f51fffce61d0eefa3bfee92758c27568
wqp,wqp:CAPECRD_WQX-290,2017-09,ANFIS-T-no-current,2133,1b651c33255edbd3b40f317b6dfb2cead4f24f67100f4ebdba0fd465c84b146e
wqp,wqp:KAWNATON_WQX-KN-KL-002,2016-01,ANFIS-T-no-current,2133,1b674c682c5d534bcad8ed8decac47276c2a8678c7358e6206ca17a1db63cb1c
wqp,wqp:21FLSFWM-B09,2008-11,ANFIS-T-no-current,2133,1b695290f661e1a75556b41f4b6024f0651614665634045686d577f4e429f527
wqp,wqp:USGS-12301600,1975-12,ANFIS-T-no-current,2133,1b6b1b859475a922ee38bea0cfb66fc9af476acfb63aa2f1e4e6875e2373217e
wqp,wqp:21SC60WQ_WQX-S-223,2006-12,ANFIS-T-no-current,2133,1b6bf0760eddff039552fcd16ab635aa2653d5435a507a6c2676ded0dc87c127
wqp,wqp:21FLSFWM-LZ30,1978-09,ANFIS-T-no-current,2133,1b6f4db082ebacaa00944b9b0f689ed46767dd0798e502a27e296492bce7b0b6
wqp,wqp:21SC60WQ_WQX-S-311,2011-09,ANFIS-T-no-current,2133,1b6fef48e2651461b2162166379f08141e529c58bda26e5ed63eca21d0cf0e3c
wqp,wqp:CAPECRD_WQX-280,2014-10,ANFIS-T-no-current,2133,1b723a438e0a79ac0fa2506cad2c8763bd6b1575a3b06122ecc7dfcf7662457c
wqp,wqp:USGS-294643095035200,2017-05,ANFIS-T-no-current,2133,1b74ab007774779ba32143893d66a2d01f7ab4933dafc68a528ce6c56b64b7bb
wqp,wqp:21FLSFWM-ISTK7,2003-06,ANFIS-T-no-current,2133,1b74fc88b348101dc3fabefa8a25b80adeec33e2882f75f02b01838c757d514f
wqp,wqp:USGS-07049690,2009-05,ANFIS-T-no-current,2133,1b7bf794bdcb1a89aaca9e7a38572697e6d30265ebbe60c94c2df8668d8814e1
wqp,wqp:21FLSWFD_WQX-23389,2002-03,ANFIS-T-no-current,2133,1b7fbe387a5d05304bdc2e7382f0a72f8df299935a4370d44c04fc07f2718a30
wqp,wqp:MNPCA-62-0055-00-201,2015-07,ANFIS-T-no-current,2133,1b80ceb1a501baafa985418c19e3115d18352d54b352afc724a0d56c5368cf28
wqp,wqp:MNPCA-25-0001-00-233,1991-02,ANFIS-T-no-current,2133,1b84a4adc9f67335b6d9bb3eb00490cd612f2e09d9b978c52e8242f0c12ae7a0
wqp,wqp:MNPCA-10-0048-00-201,2016-05,ANFIS-T-no-current,2133,1b89682d4241b2db80a557d1fade6c824ce3d7399c29e169fbad57d74cdc7635
wqp,wqp:USGS-07049690,1992-09,ANFIS-T-no-current,2133,1b8a85994cd9ec577a4754b40bb47c04058ecd1b71e3eeb4970230b22a8ce0d7
wqp,wqp:21FLORAN_WQX-CC11,2006-01,ANFIS-T-no-current,2133,1b8ae02067e55c66663543bfce2110c3025f9d6bebb53cf8d8dfcb35884e5d5d
wqp,wqp:21SC60WQ_WQX-S-024,2004-04,ANFIS-T-no-current,2133,1b8f0ce3842328fa7403332784437f5eba510524c025f693b24a6f52eca37291
wqp,wqp:21SC60WQ_WQX-SV-372,2015-02,ANFIS-T-no-current,2133,1b921cc8d5407f24cd073de76b649683beb91682c48f567b24100c6e521eae6b
wqp,wqp:21FLSWFD_WQX-23609,2007-05,ANFIS-T-no-current,2133,1b93994f8af31e5a635b3ac1c875c217f2b81b15cdd174e0970657f235f439cd
wqp,wqp:21FLSJWM_WQX-44645,2017-05,ANFIS-T-no-current,2133,1b94ea519097872d4b9a75f63cb96eb5b6ab5b1b3cd4e72f2cb5894200c404b8
wqp,wqp:21NC03WQ-CPF081A1C,2001-05,ANFIS-T-no-current,2133,1b96875271ab72a47f26dde1b48b053e411de23004a7d21a30d0291d1934028a
wqp,wqp:21FLLCPC_WQX-GREENWSH,2010-02,ANFIS-T-no-current,2133,1b9a3828344a5132db56ffc7a25a4facb4ab09ddfbc40cda9ebd071d91a4d574
wqp,wqp:21FLSFWM-E04,1997-12,ANFIS-T-no-current,2133,1b9a3db09e3f4f67d91061445e03f55cf4cc685bdcfdaed8a03e155b9502b654
wqp,wqp:21FLSWFD_WQX-23389,2017-06,ANFIS-T-no-current,2133,1b9e05ef5370cc97fe40ac50ba18d4eb9c812f7e88fc0b3db38d4e711789ea1a
wqp,wqp:21NC03WQ-YAD169E,2006-01,ANFIS-T-no-current,2133,1ba2d64fd6331e89e660b0265b0bb28385874ffa48fbe57b68d82ad88c6185c6
wqp,wqp:21SC60WQ_WQX-B-339,2007-01,ANFIS-T-no-current,2133,1ba7fbb2dc28d980089d987a12f0333f4feabedd61aac441361a3c8715b74a62
wqp,wqp:21FLORAN_WQX-CC6,2011-05,ANFIS-T-no-current,2133,1ba88773eaa86ddf5ad37ad1776727fe09331a3fb5a3ca6ae39fdd98a9fee73c
wqp,wqp:21AWIC-23,2008-02,ANFIS-T-no-current,2133,1ba9729d5ad6bd206c4f95ec52351654bfefb21c58d62f37b0b302174eb925a3
wqp,wqp:21FLSFWM-PALMOUT,1995-12,ANFIS-T-no-current,2133,1baa43ac0fb9151706be649a53fbdb89864da6afac073330762b419f5089af7e
wqp,wqp:21DELAWQ_WQX-108111,2017-05,ANFIS-T-no-current,2133,1baae5a6dc7da30dc639fb46f52ef7ea0902943e32df675667076843ddef80f5
wqp,wqp:21FLSUW-ALL020C1,1998-01,ANFIS-T-no-current,2133,1bacaa9a5512ffa7a02f92095f8beba420c6612b62440e86f40ce10e4992a4f9
wqp,wqp:21DELAWQ_WQX-205181,2007-01,ANFIS-T-no-current,2133,1bae269ebeacb477927712da6999cc1892b22d80852e371c265c21a680012389
wqp,wqp:MNPCA-86-0297-00-201,2014-08,ANFIS-T-no-current,2133,1bae63ca60a4a37bd677eb09c21d4f46dfa087575be8630e0918d1a8f8080b34
wqp,wqp:21FLSFWM-L008,2006-08,ANFIS-T-no-current,2133,1baea36624d1a782875ed2b7bd40944ab1d4c15fdcdee89ef1c159c70fce1b29
wqp,wqp:21FLSFWM-KISSR0.0,1988-06,ANFIS-T-no-current,2133,1baf80abe220ddb302b7033d2578d59859b36be59d0c6cdc3f27ed559664e9f8
wqp,wqp:MNPCA-62-0007-00-203,1983-04,ANFIS-T-no-current,2133,1bb5378ab6630b1472a21331f1d20ea742f6df7628a37f6f62316a78efeb417a
wqp,wqp:21FLCOLL_WQX-LKTRAF4,2018-04,ANFIS-T-no-current,2133,1bb9387855a653ed4e9a82ae21e1e4f978574fb7fdc0ba94037cc59e0aa5ce7b
wqp,wqp:MNPCA-62-0013-00-201,2012-05,ANFIS-T-no-current,2133,1bbbc2042aa8457a9a7badc1523f20ada7fa40a96921ab715f224695b1d93edd
wqp,wqp:21FLSFWM-L003,2001-01,ANFIS-T-no-current,2133,1bc0252bc1c6c009488e21677170f6df21e9a8b266face0d02d818da09149db3
wqp,wqp:21FLLCPC_WQX-LKSILVERSHR,2003-07,ANFIS-T-no-current,2133,1bc3a8c71a2ac5636777df3047851746c997a3bb98bf5c69e11b9c04fb17efe8
wqp,wqp:21FLSFWM-B09,1994-02,ANFIS-T-no-current,2133,1bc42518957ac25dd22966a3aea03c64c633708c6623b95651732b66e9fab2b1
wqp,wqp:21NC03WQ-NEU018C,2018-07,ANFIS-T-no-current,2133,1bc48b2fd2af2f9985dd42ae56e3c115ec74d9659e71a2e573fb01a053fd0eac
wqp,wqp:21SC60WQ_WQX-CW-033,2002-02,ANFIS-T-no-current,2133,1bc6668ee3e2f54b8da05ffe6c81e6e406f56e89117a72db0a51eeb23fe0039d
wqp,wqp:21FLSFWM-A03,1981-09,ANFIS-T-no-current,2133,1bc746ad5a292b77b3dbd566c1832318eefef67f59940f3e1d529810c10dcd7b
wqp,wqp:MNPCA-25-0001-00-233,1991-08,ANFIS-T-no-current,2133,1bc8eecb00b7c527079a5a8c637ae20cca409d5862b0ef57dadc86e389d3ed88
wqp,wqp:USGS-01657460,1974-03,ANFIS-T-no-current,2133,1bcac786afdd9c501eb28a9af53817eec45e9a63b6423dfa5a62731ecf1d0498
wqp,wqp:21FLSFWM-TINOUT,1989-11,ANFIS-T-no-current,2133,1bcc5ebf5cbd4fe49830a980cdf9c7ed476dda17a5276d6668312de59aecb834
wqp,wqp:21FLSFWM-PALMIN,1994-08,ANFIS-T-no-current,2133,1bcdb198d477b6988fb2449d9e5db73556cc180b7907c75385783e121321228c
wqp,wqp:21FLSFWM-L001,1984-10,ANFIS-T-no-current,2133,1bce5e3b4d59c3b8004f045d4b9a46fd2846add9825bd05aa75ba4296a425f48
wqp,wqp:MNPCA-62-0055-00-201,2010-09,ANFIS-T-no-current,2133,1bcf1bc4994080bc8b5655428a2008218f8f9074410b93f1740c9a40e0363da0
wqp,wqp:USGS-423526088380101,1985-05,ANFIS-T-no-current,2133,1bd1cae99601a967f80a8ff3ed66119144c7caf5003269d2435ac7448f6f59f6
wqp,wqp:21SC60WQ_WQX-SV-357,2010-07,ANFIS-T-no-current,2133,1bd26a9dce952ec4b63d9b8232235363f5ce51a32ee7370aefe3a84443188375
wqp,wqp:CAPECRD_WQX-290,1997-11,ANFIS-T-no-current,2133,1bd62ec46c7659990de7661bc1ce4580e00f52a97da686703f3699873fba393d
wqp,wqp:21SC60WQ_WQX-B-327,2007-06,ANFIS-T-no-current,2133,1bd9d50cc1743495ef776a2e89e115a932ff54048f3dfdcf36aec5729e2947ba
wqp,wqp:USGS-07048910,2015-01,ANFIS-T-no-current,2133,1bdb681623c8b5884dd8bfd237aec297e1ffff95210f49333fb67ccbfc49302a
wqp,wqp:21FLSFWM-TINOUT,1997-04,ANFIS-T-no-current,2133,1bded41abcc45814b054d0292dfdf05a916a928e203086c12db958df59b384c1
wqp,wqp:21FLSFWM-POLESOUT,1996-06,ANFIS-T-no-current,2133,1be10e71546b7a62409e5f0fb610e632375d718fc476d7a71ad82c046290e682
wqp,wqp:MNPCA-62-0013-00-201,2016-04,ANFIS-T-no-current,2133,1be2e095bb580aea8e2bba12f8ae59d7a4a80464ba51574bc9650d067688dfe3
wqp,wqp:CAPECRD_WQX-280,2011-07,ANFIS-T-no-current,2133,1be32eddfa8163257072b5986cb3757af048a31646f4baa675c251fa9c1c0c53
wqp,wqp:21DELAWQ_WQX-205211,2006-09,ANFIS-T-no-current,2133,1be7398f61b4999ff57664d3e36b2b450a8151b7398a7bd968328d527c785169
wqp,wqp:21SC60WQ_WQX-B-327,1999-08,ANFIS-T-no-current,2133,1be8f284db69cabb631c422858e5239a4fda3ae56a1b7b15e0becb8dedc4e5c0
wqp,wqp:CAPECRD_WQX-280,1996-12,ANFIS-T-no-current,2133,1beac45c6cab8fc2be69cef558be6caeb5aa7c8d93a7b5c5e13ebf7d8bd9a4ab
wqp,wqp:MNPCA-73-0014-00-100,1987-08,ANFIS-T-no-current,2133,1bef2b073090f2dc77a4d8597a1a757909c74c142b6625ef005552e96a89d42d
wqp,wqp:21DELAWQ_WQX-304321,2013-08,ANFIS-T-no-current,2133,1bf0e333e7157f6cf10185d54a43a116cb2cf13b511516568a05fb2851ffc76d
wqp,wqp:21FLSWFD_WQX-23113,2009-05,ANFIS-T-no-current,2133,1bf18136311407ad270646943b1fefe153fdce1325d88673665d9da68518864a
wqp,wqp:21DELAWQ_WQX-308071,2006-03,ANFIS-T-no-current,2133,1bf2eb06ee9a36382d7e17d9d31e68bb44df2a8a3d8ae66943751bd020ea66e1
wqp,wqp:MNPCA-86-0297-00-201,1981-04,ANFIS-T-no-current,2133,1bf374587b9293ac7f560f6595b05a06ab02cd3682a2209ba588fb897349129a
wqp,wqp:MNPCA-82-0046-00-203,1999-09,ANFIS-T-no-current,2133,1bf5470c61f0b4c479da4dbfc9e71e66f39360c11a40e9e323fd21f05f011a3d
wqp,wqp:21DELAWQ_WQX-308071,2011-11,ANFIS-T-no-current,2133,1bfac166edbf9dfde6b1b1f0ac64b7eb8bb2a0564fec3198eda7f4061e2f245b
wqp,wqp:USGS-423556088365001,2017-06,ANFIS-T-no-current,2133,1bfb533a24a7c2a2d16a50832ae514404a2345f02f31af4c77446c35cd0277bd
wqp,wqp:21SC60WQ_WQX-B-345,2005-01,ANFIS-T-no-current,2133,1bff626314914b32c308f73984398faf10b26f848ebb5a5565fd6e2e3e1cbc1c
wqp,wqp:USGS-07049690,2003-11,ANFIS-T-no-current,2133,1bffac6ebdbbe0b8e01e6a5664b2fc3aa7ded81514b19cc69332eea4b99c4e99
wqp,wqp:MNPCA-02-0075-01-204,1983-08,ANFIS-T-no-current,2133,1c006e3c3aae31201ce2721d333530f97cd1a29f188d13825226bc91b4470241
wqp,wqp:21FLSFWM-TIN16100,2008-09,ANFIS-T-no-current,2133,1c04268b76718acb44cd50f50fc6a03f8cb758ca73f43f429458d11234256218
wqp,wqp:USGS-07049200,2009-08,ANFIS-T-no-current,2133,1c0a8df8eaedc5fbb221839b3ea1772c9a0fba61dc242431771da2c1310bb22f
wqp,wqp:21FLSFWM-L001,1988-11,ANFIS-T-no-current,2133,1c0a9a0646a9c77195c03132295d1b1463387a3b9711ceed107463abfceef461
wqp,wqp:21FLSFWM-ISTK7,1990-05,ANFIS-T-no-current,2133,1c0ac6aab0b68dec26aed328450c47297bd66a6f44aa50e38e863637627cb983
wqp,wqp:21SC60WQ_WQX-B-339,2018-07,ANFIS-T-no-current,2133,1c0cb41c025da7299839d06e49363ca5dfa554bef12bfe1e7d84b8e30cc07d21
wqp,wqp:21FLORAN_WQX-CC18,2018-05,ANFIS-T-no-current,2133,1c0e3be10c174123aaeb9687ae4410a3925cfa25d73a5274bc82cf73cdfefe3e
wqp,wqp:21SC60WQ_WQX-SV-357,2010-03,ANFIS-T-no-current,2133,1c0f35f19db4bf64f0c712566aa05ce1816d92806ff126c0f12b628992261f4b
wqp,wqp:USGS-07048910,1995-08,ANFIS-T-no-current,2133,1c1369a36a16d371379296d84ec0beb4d10ea74c51e03e39324626293e17aace
wqp,wqp:21SC60WQ_WQX-ST-032,2008-07,ANFIS-T-no-current,2133,1c13d560749360aa0a7bb66a8883beb2ceeff88bd6eb5ac44dd171ca93be3b87
wqp,wqp:USGS-07263299,2017-12,ANFIS-T-no-current,2133,1c1540e62ceaf48c3660bc024e356c4ff626a491ea76e2a14800ce9a84615885
wqp,wqp:21FLSFWM-FEBIN,1997-02,ANFIS-T-no-current,2133,1c1577cc5642d3acec42511067457c783b30570784a3c5abbc4a5389e3edd22c
wqp,wqp:USGS-423556088365001,2003-05,ANFIS-T-no-current,2133,1c1583d8739f6cf0079192ff0c763eb2c2016400d51b3846b538c98d8de5a128
wqp,wqp:21FLSFWM-B06,1990-03,ANFIS-T-no-current,2133,1c1ba7819e2fd9b324089a4fbec9649e60c5627402070d1539d7229ec92d979b
wqp,wqp:21FLSWFD_WQX-23438,2007-04,ANFIS-T-no-current,2133,1c1c19768dcbf9e6e7b8e76a6957a5e5ce168b9650fbf1c3566ac9c0a1ac1d36
wqp,wqp:21FLSFWM-L005,2004-10,ANFIS-T-no-current,2133,1c1cccb3ec59f3a2bcf0f75b37e7c67a56d6b03d4ceacd9b730f17280a9ba45d
wqp,wqp:21DELAWQ_WQX-202021,2005-05,ANFIS-T-no-current,2133,1c1d531d398f2d0aab049013fcd10dab018f5d75b81644835426002f4cd0059e
wqp,wqp:21SC60WQ_WQX-S-022,2014-04,ANFIS-T-no-current,2133,1c1f9fd58134eb12244a357457b56e67ec8ee07972d6f2019d056986c1ad8053
wqp,wqp:21FLSFWM-LZ40,1998-11,ANFIS-T-no-current,2133,1c22aec88ff65bdd562346bf7ec39f41f25574b0681c7d0c07cf9eee33989840
wqp,wqp:21NC03WQ-CPF08801A,2001-10,ANFIS-T-no-current,2133,1c2e979d81af3800b453cdd9950e435c231958169a5c6c9142cba25d65750d54
wqp,wqp:21FLSWFD_WQX-23389,2009-09,ANFIS-T-no-current,2133,1c30003c3d90110c23bddbedc72ba79ebe27ce2b3ac004517ccf589f43e9a956
wqp,wqp:21SC60WQ_WQX-S-223,2005-08,ANFIS-T-no-current,2133,1c342b6929e53279d833764e2bf72a4505cb4cd8bf39400ade285a9449b133b5
wqp,wqp:21DELAWQ_WQX-303331,2013-08,ANFIS-T-no-current,2133,1c35eaedd04c8b9ea80e57f173b814beadd1eb34815af5ebaf0e99551632e570
wqp,wqp:AZDEQ_SW-33,1998-04,ANFIS-T-no-current,2133,1c384539da151e15395f0789dd013f0005c4212f91331ea5972632599b547fc0
wqp,wqp:21FLSFWM-IPOUT,1991-05,ANFIS-T-no-current,2133,1c390d4eac553864f96e72c7254df45b259592c4ff925862197f2e5a03c49b04
wqp,wqp:21SC60WQ_WQX-S-308,2008-08,ANFIS-T-no-current,2133,1c3c728bf2bedb7d7159916c33c030ee154f11ff52e0c296d03e952ca7bad52e
wqp,wqp:21FLCBA_WQX-WAL-MORRIS-2,2017-01,ANFIS-T-no-current,2133,1c3cdcc1707f673983ab3a76c722f77b4a3d5bb12d89f1b795b3f71495dfe1de
wqp,wqp:21NC03WQ-CPF081A1C,2013-12,ANFIS-T-no-current,2133,1c3fb668ef1519bb072f8c329ac36fa90ff0d4d71ac37b3262240f1af8f8de3b
wqp,wqp:21SC60WQ_WQX-S-223,2003-11,ANFIS-T-no-current,2133,1c40586ee5a6520a1cd99ac68088fd3b2e9eec2da4442e8527a194355024c674
wqp,wqp:21FLSFWM-STAKEMID,1995-04,ANFIS-T-no-current,2133,1c41d8931c1d4f323fd750049bbb74eba8f4b73ba1eca64d5122a999ac37fe4a
wqp,wqp:21FLSWFD_WQX-23631,2012-06,ANFIS-T-no-current,2133,1c42c155bd7528961a8a63b2fd0b62bbfdd2106439a10033a9339b5ea5ee268d
wqp,wqp:USGS-07048910,2001-07,ANFIS-T-no-current,2133,1c436363ec7826a8c67ed7838645f976c757a8238123b790e361a92e71313497
wqp,wqp:21FLSFWM-B02,1983-08,ANFIS-T-no-current,2133,1c4607967f276576dfc3f167c8ee26f9b9b0c5c78dbce925ad3310f007fbdcca
wqp,wqp:21NC03WQ-CPF086C,2017-10,ANFIS-T-no-current,2133,1c46aa6f06832954677d1265e86f374a57a5abae1bfb24473f1d2a962d1ddfcc
wqp,wqp:21NC03WQ-CPF0880A,2006-06,ANFIS-T-no-current,2133,1c4950617b1790db30fc2b4e06203100706c6f13e3a512483bf58bb15c0d9649
wqp,wqp:21FLSFWM-KBAROUT,2006-09,ANFIS-T-no-current,2133,1c49d3a5eda1acae26f96660225fa54a5fde7b8953e0ef184a6cd3bd5901e47c
wqp,wqp:MNPCA-25-0001-00-231,1990-12,ANFIS-T-no-current,2133,1c4aaa8661e2c85a030acd47726cd2663e7e212c3b9a229b0a002e8d8d18fe7c
wqp,wqp:21FLSFWM-E04,2005-08,ANFIS-T-no-current,2133,1c50ca6cee772fc69127d94509ebbd0ee15b78d783a66881c1926e7ba23735c8
wqp,wqp:USGS-01657665,1974-08,ANFIS-T-no-current,2133,1c56ab43d2cca4266b4ed89da769e78994bc8297154ecd29b35a9cb42041f77e
wqp,wqp:21FLSFWM-PELMID,2004-03,ANFIS-T-no-current,2133,1c5a16b0f4ab37f29a3686400328d2b315f3e0496fb02da08c72b58920f5fc82
wqp,wqp:21SC60WQ_WQX-SV-200,2004-03,ANFIS-T-no-current,2133,1c5b11b9a1e0df634a65d7a22c22e7ba25cfecb39f7ed0d37ab7a913824f7fa8
wqp,wqp:21SC60WQ_WQX-SV-331,2014-12,ANFIS-T-no-current,2133,1c5d531e287927aed8b4088b382d9874db5678b64634a2640a8f605036fe9438
wqp,wqp:21FLSWFD_WQX-23113,2002-06,ANFIS-T-no-current,2133,1c5ed1b0e4a299a7cd01a0d99aaef005351ddeba1a7e84d247405792d9a33e83
wqp,wqp:21NC03WQ-NEU018E,2015-08,ANFIS-T-no-current,2133,1c61d20cb2e3656395c6ca634bfccbc8554c9dea598464289c6bc7bb5a347db7
wqp,wqp:USGS-295826095082200,2016-11,ANFIS-T-no-current,2133,1c63c0ad05846c9ef1eb015fe659166cd5c8575d43dcc71baf00a720a4f25e1b
wqp,wqp:21FLSFWM-L003,1981-11,ANFIS-T-no-current,2133,1c6615414675e7b0a3b0b57b8a345d385b621c94aa9d320b7885964d0eb552a8
wqp,wqp:21FLSWFD_WQX-23609,2012-12,ANFIS-T-no-current,2133,1c66bccde77878170cd1975a86cb9e071bf03b2a9a41b7e042e5229830220c8e
wqp,wqp:USGS-07049690,2011-10,ANFIS-T-no-current,2133,1c6d3aafe673f59b11f834e000ba848410fa2bfbdc7665a34fa7e85a8247a1dd
wqp,wqp:21FLHILL_WQX-135,2011-02,ANFIS-T-no-current,2133,1c6f4e3dcab97abf02814e8939147d798e30cf340f11d12b5e3e97ae112c1907
wqp,wqp:21FLSFWM-E06,1983-07,ANFIS-T-no-current,2133,1c71aa9c9f72e416a28226fb5c5f14ebf53433c81a6af0d8133d429d3217ba37
wqp,wqp:21DELAWQ_WQX-108111,2002-05,ANFIS-T-no-current,2133,1c72734569e8e0e2441fc85b4b0571294ef39a4f399cbbeeb329d3c8a171c456
wqp,wqp:CAPECRD_WQX-262,2006-06,ANFIS-T-no-current,2133,1c732ec3d1af8a7902f863ae38b995e3b00d460b2bb369a4586b88502ba5b95b
wqp,wqp:21FLSFWM-CLV10A,2007-10,ANFIS-T-no-current,2133,1c73d922222d56c44317ffc6db700dc7c6ba183027b4dadae508ffb492ff0baf
wqp,wqp:21FLSFWM-STAKEOUT,1989-12,ANFIS-T-no-current,2133,1c74ea589d64b8762590c31008da184a516b8f2075a71df7115f0aee94b74972
wqp,wqp:21FLSFWM-E03,1985-05,ANFIS-T-no-current,2133,1c75b3076fb4ba9f4e0e817f61f64acb2b1b1b113adcae4d2cbe9edc20c4c444
wqp,wqp:MNPCA-02-0045-00-202,2001-04,ANFIS-T-no-current,2133,1c7739057daf1720581bd08301f7b6de59f32ee0cd4d4b8b3143a7ef53453b11
wqp,wqp:USGS-07049187,2011-05,ANFIS-T-no-current,2133,1c774768392f751c6555f62d23c04cd5af937b5f1fadb38c452c43a949611f25
wqp,wqp:21SC60WQ_WQX-B-345,2008-10,ANFIS-T-no-current,2133,1c78396de4e64293769e4e1daba85801e4eb485f1da31833d1e72fce4688ce1c
wqp,wqp:21FLSFWM-L006,2005-04,ANFIS-T-no-current,2133,1c78ae4edd79bb9988c780a326b09aeff155678cda8cf5e77dce534a254c7d1f
wqp,wqp:MWRD_WQX-MILTON3P,2008-02,ANFIS-T-no-current,2133,1c7a77b4b7b7e4664775e7f42f250cc0642008a10a10d54c0d653c996e37ca12
wqp,wqp:USGS-423556088365001,1986-04,ANFIS-T-no-current,2133,1c7a9f4b7fb89d4428c45b3b15c7a7b32f17a5f32392bae6c7e175709af907cd
wqp,wqp:MNPCA-62-0007-00-203,1981-09,ANFIS-T-no-current,2133,1c7b8c2a5a6b4b116d2509b39428499927973cd2a875323e04845ff0431c8397
wqp,wqp:21FLSFWM-A03,1991-06,ANFIS-T-no-current,2133,1c7bc4a1a38093955c2c605d24f2bd2d338a97f20b820cbe4286c86cb9a12416
wqp,wqp:21SC60WQ_WQX-CW-033,2018-02,ANFIS-T-no-current,2133,1c7d34275c01c798c4dab323cdddac1b48c03030dd31d37fb14e2f79d3056e97
wqp,wqp:21DELAWQ_WQX-308071,2000-06,ANFIS-T-no-current,2133,1c7d791d770e20788cdae2e1a71d0dbb65ddb586a3b3fc398403f3679bfed442
wqp,wqp:MNPCA-82-0046-00-203,2008-09,ANFIS-T-no-current,2133,1c81ea96850a49a90bcdac77ca53694705ec2aed1ba35af1cd3b40f8e399333f
wqp,wqp:21FLCOLL_WQX-LKTRAF4,2009-02,ANFIS-T-no-current,2133,1c8205604ed29a9f62b8997b4b4ff837919035bf5bb6f95130bab0c8d7cc7b95
wqp,wqp:21FLSFWM-B01,1984-01,ANFIS-T-no-current,2133,1c8328407d5ef0d442c9e6cd668d2eb1018f87be5b6c8e611dce2e7323e2e92e
wqp,wqp:21SC60WQ_WQX-CW-016F,2016-09,ANFIS-T-no-current,2133,1c8455e677f47ae0cd3a02d07444925e389995bef0ae5530319326c5e8d34864
wqp,wqp:USGS-423659088354401,2017-06,ANFIS-T-no-current,2133,1c84bac49c2acc885d9fed2226bbea96169066aa57d3efd4b515f5fe04f09b85
wqp,wqp:MNPCA-62-0054-00-101,1996-10,ANFIS-T-no-current,2133,1c86000a1f813a5c9087b10d56a415d8a7ec30cbefaac136531472f712be4359
wqp,wqp:CAPECRD_WQX-262,2007-04,ANFIS-T-no-current,2133,1c87704987d939ff94ed5955c5adc8aaa79157b423ad2711f205fb02ec35a394
wqp,wqp:21FLCOLL_WQX-LKTRAF4,2011-03,ANFIS-T-no-current,2133,1c8773d7f2fd90b1aa2a71add885c5fb669b2f54bbb7699adab3e315c977ab3e
wqp,wqp:21FLSFWM-L003,1987-11,ANFIS-T-no-current,2133,1c8927b87bd04e87b4f7673fe263ec11be1aa860a71aae827d8095a009b7d8ef
wqp,wqp:MNPCA-25-0001-00-215,1991-11,ANFIS-T-no-current,2133,1c8a9cd57dfa57b48bfa2e605e8d1a63495fc3590580e92c527609e85d35575f
wqp,wqp:21FLSFWM-LZ42N,2005-06,ANFIS-T-no-current,2133,1c8b32963e8a0a204174ede613d179162b14b9f23b2ec5aa7785d05255fd4d55
wqp,wqp:21NC03WQ-CPF087D,2009-08,ANFIS-T-no-current,2133,1c8ca3ae19a9b92fc5468de6cdc9b4957ac48e60cfbe2143371a72a86b06b945
wqp,wqp:21NC03WQ-NEU019L,2015-06,ANFIS-T-no-current,2133,1c953ef3423536cb68da279ac076af964df27e7cdb84ecbcd2d1e3384c571f07
wqp,wqp:21SC60WQ_WQX-CL-019,2005-10,ANFIS-T-no-current,2133,1c95c646868f53b4c8552ef91619eb943246b4246f31cedb09963c078feb03b9
wqp,wqp:21FLSFWM-B02,1984-08,ANFIS-T-no-current,2133,1c976b5350c5334a19d1278f75bb20ed60b3a12e3aed19c0e80cbe406a5a1529
wqp,wqp:USGS-0214126765,1993-02,ANFIS-T-no-current,2133,1c97b9a15b54b20a5766542b58b2d18a85f88c68b1bb302ae1509e43ce885728
wqp,wqp:21FLSUW-ALL020C1,1990-03,ANFIS-T-no-current,2133,1c98098763f1690b65d5901fb0bd1e44541e436d64c082549daa3253805e89e8
wqp,wqp:21FLSFWM-L001,1989-07,ANFIS-T-no-current,2133,1c98ff6a368471df4cf7c83716ded50b6b77a760a6887f40746194557ded6a9c
wqp,wqp:21FLSFWM-L003,1995-12,ANFIS-T-no-current,2133,1c9a66c37f7de039189626694a370aac570b452f4edb772ae10d35a05a357151
wqp,wqp:21FLCBA_WQX-WAL-BIGREDF-1,2018-12,ANFIS-T-no-current,2133,1c9d4627eddfa4120fdf8216738e8855cf5f48bb21497d0994c3b9a8f697fc38
wqp,wqp:USGS-0690367690,1992-05,ANFIS-T-no-current,2133,1ca45eb6be19a955e68a8fc566c48956d64e7a21e759f82e9adaa529cdbf24b4
wqp,wqp:21FLSFWM-L004,2001-01,ANFIS-T-no-current,2133,1ca5e905552b5b5e7d8d4120c21696eee4516278ddce30b253db1a35d8fb92b5
wqp,wqp:USGS-07049200,1983-12,ANFIS-T-no-current,2133,1ca657cbaaf1a2babe61784d2ef2563e0b9275c252e22415c129b975dd2ce429
wqp,wqp:21FLSFWM-L005,1978-06,ANFIS-T-no-current,2133,1ca6ea384cc11c4ef0a5c7dfe577bcb79c3ceda44caa9a5f31c36c69c22fda8d
wqp,wqp:21FLORAN_WQX-CC12,2007-02,ANFIS-T-no-current,2133,1ca866c0f455d62442a9d9a442dd1f415cec103c0108bb72fce968de122aecfb
wqp,wqp:CAPECRD_WQX-262,1990-05,ANFIS-T-no-current,2133,1caaa9a0d79013ec4a50024070dd7bb3228ddccfae918919fc9913d6da60a63e
wqp,wqp:21FLSFWM-STAKEMID,1996-12,ANFIS-T-no-current,2133,1cab56917067007b08e59714ac49f60a55603bb520bd397ef213c0e3ad290b3c
wqp,wqp:21FLSFWM-B09,1990-07,ANFIS-T-no-current,2133,1cabe13b6e97af977e7e96a93a96ccbdb693cdccbf3cbb86a7d0fee8dae95d67
wqp,wqp:21FLSFWM-LZ40,1979-06,ANFIS-T-no-current,2133,1cad4055855e0d9123e3fd66bd31dc49624905fe90e9afa5845c3b8487e5b327
wqp,wqp:21SC60WQ_WQX-SV-098,2001-09,ANFIS-T-no-current,2133,1cad932e5173f4e4d72046739fc89b288abf7f89de10a1b7d7c2af521bd166cc
wqp,wqp:21FLLCPC_WQX-YALEMARSHPK,2018-07,ANFIS-T-no-current,2133,1cae1b20f30b4fe8f6687ba186f362a9ff3329f64deb7da899136427d2b60dd6
wqp,wqp:MNPCA-86-0284-00-100,1988-01,ANFIS-T-no-current,2133,1cae74d452d7e10fe1f59578fe5f8f59d9b6efd935dd679cb31a9be26c60d926
wqp,wqp:USGS-07263299,2011-08,ANFIS-T-no-current,2133,1caf16b9e165f37386386c03acca2bacbcccad49358f1d2ec6ed3ac22ad1bc53
wqp,wqp:21FLSFWM-B06,1994-06,ANFIS-T-no-current,2133,1cb130ad22c8aa85785fab4d30b0dc0c539babcf3df578a7bcab0f29108b4ce5
wqp,wqp:21NC03WQ-YADHRL051,2009-08,ANFIS-T-no-current,2133,1cb1b0943bec18a93288efd589e848a69f405c0eeedc892df50a07a31d365773
wqp,wqp:21FLSUW-ALL020C1,2007-02,ANFIS-T-no-current,2133,1cb29e2a47a61096d82b447fec4b55d106e3d22c68f0b1c10ccd9e794d34854c
wqp,wqp:21NC03WQ-CPF086C,2014-04,ANFIS-T-no-current,2133,1cb3b6ae7402c0fece88f6f3048bfb66f68936794efef597936807f6a60fd6df
wqp,wqp:21FLSFWM-LZ42,1996-06,ANFIS-T-no-current,2133,1cb3d5d81ed172bdc1133306bbdbc340dbe916d54221fbf0f2c8dbc3fa1abddd
wqp,wqp:21FLSEM_WQX-SPR,2009-08,ANFIS-T-no-current,2133,1cb55da3b1a8f6cdb0eb8bcdd6bc5daa8bcfe38184858cc5f7b06fe69e29f1d2
wqp,wqp:21FLSFWM-KISSR0.0,1998-12,ANFIS-T-no-current,2133,1cba1047f3c2331477f009a11c72e694270826548202cc85c757008e5485ecfe
wqp,wqp:21FLLCPC_WQX-YALE,2016-10,ANFIS-T-no-current,2133,1cbab3f87329198cf81ec535688871e9af57da0d01d5ac22c6827de5a8faef7c
wqp,wqp:21FLSJWM_WQX-45399,2017-05,ANFIS-T-no-current,2133,1cbb4a22336f00dc32ad7f9eebd5f66a6ad9c0974d8e64c54869e4514f43d517
wqp,wqp:21NC03WQ-NEU020D,2015-08,ANFIS-T-no-current,2133,1cbc8434d0e97435c99ed691d8155927bda541cc33407312fd51c3d5f0980eb1
wqp,wqp:21SC60WQ_WQX-SV-339,2018-02,ANFIS-T-no-current,2133,1cc1c3fabc0db71c4910e12a8debb99acaafcd987aa1e99aa080f5914da30082
wqp,wqp:21FLSFWM-PELMID,2002-09,ANFIS-T-no-current,2133,1cc26856cf8b8383e0fdffa3b41d3fab68d4d412261deffabafc3bbf84dc5d27
wqp,wqp:21AWIC-23,2002-06,ANFIS-T-no-current,2133,1cc2d487389e73ef7020660b470fc70f132154565b068a70700d025f40f27f8a
wqp,wqp:CAPECRD_WQX-290,2015-12,ANFIS-T-no-current,2133,1cc7fd5e7231b982852857e28aef1ec8acdb824104b68490a1790b254812cd79
wqp,wqp:11NPSWRD_WQX-SLBE_PL_01,1991-05,ANFIS-T-no-current,2133,1cca8d000db136f14a5758aa760bb525fc791303396e53dee2935b0d548700b7
wqp,wqp:USGS-0690367690,1994-10,ANFIS-T-no-current,2133,1ccae76365aaf1ca923bdeb4a79432a2bd46449f203a8fe89bc41faf800c635b
wqp,wqp:21FLSFWM-E04,2002-03,ANFIS-T-no-current,2133,1ccbfd4142de53138562370b5d087c01e374a550861d3e57777880498749b78a
wqp,wqp:CAPECRD_WQX-290,1995-01,ANFIS-T-no-current,2133,1cd00abfb1da831447f56b47ed865cf872ed288976f0210e94d99cb1917e4ddc
wqp,wqp:21FLSFWM-E02,2008-11,ANFIS-T-no-current,2133,1cd1a95e9f0584d933e74968754cc6d91a2c385ea9f6cd4e4dce1270fdf4babe
wqp,wqp:MNPCA-86-0284-00-100,2001-07,ANFIS-T-no-current,2133,1cd57357254cdf715c08e163de3e2c49b2518db5fe74ddd4e8ba19dbcac17eda
wqp,wqp:MNPCA-86-0284-00-100,1991-06,ANFIS-T-no-current,2133,1cd642286593feb4a83ffafec23bec10d884c8cc3bf7e8a109f87cf4598a5c2d
wqp,wqp:21FLSFWM-PALMMID,1992-04,ANFIS-T-no-current,2133,1cd666ee77a5c57c196e9497a20721327a874fb2bd3bea1206f5881e12ccaed6
wqp,wqp:21FLSFWM-TREEMID,1989-07,ANFIS-T-no-current,2133,1cd8142e6290a1515f9a9a2c0be64dc1c350525b5cc123705c415b7005863615
wqp,wqp:21FLSWFD_WQX-23113,2017-11,ANFIS-T-no-current,2133,1cd81aa125b4ffb8b276e91c78888d8f086eda909bf1ff6bf9df310053a9315b
wqp,wqp:21FLORAN_WQX-CC17,2013-02,ANFIS-T-no-current,2133,1cd81f5da67efa2f64863c6abfcce60fc5bcdc080af0bfc1b67db91dde77a9e0
wqp,wqp:21FLSFWM-A01,1996-06,ANFIS-T-no-current,2133,1cd865667d3658165597b1d4f14d2604f828adc2d5ea5a2aae10d99f8ee50881
wqp,wqp:21FLSFWM-B09,1982-06,ANFIS-T-no-current,2133,1cd9397864639986ba5d3f86642e9ef663ac629e76e839c28eef5a0ac94af9ae
wqp,wqp:21DELAWQ_WQX-208211,2007-09,ANFIS-T-no-current,2133,1cd9ebe1bebf46b4faa81d7a2e53e9f95430c88696e4d6e21203d85b99de0245
wqp,wqp:21NC03WQ-CPF0880A,2011-01,ANFIS-T-no-current,2133,1cda1f0cb3cf368f5eefab14e3525fbd7a98a1d4fed52492659785194589ba75
wqp,wqp:21FLCBA_WQX-WAL-MORRIS-3,2018-06,ANFIS-T-no-current,2133,1cdc158944885b00780197887e9921768e7bcaab7195d19ddb1f4f69e81eb560
wqp,wqp:USGS-12301600,1973-11,ANFIS-T-no-current,2133,1cdea3e60afd66d762a2691768be5049018dc9d32ed2bfb20e04c23604656154
wqp,wqp:21FLSFWM-PELMID,1995-06,ANFIS-T-no-current,2133,1cdf50046dc61ee408f3fa1a70c28229ce28cbc8139c9aed9f36a4577fe056b6
wqp,wqp:21NC03WQ-NEU010,2005-07,ANFIS-T-no-current,2133,1ce5ea3c8e46a87c7f0b881f9eeaf81ad817d736e73211d138860728effaf8b8
wqp,wqp:21FLSFWM-POLESOUT,2000-08,ANFIS-T-no-current,2133,1ce6e16a874cdb245d884fbd65600d3eeb333990759135c2634f4490c064a77a
wqp,wqp:21SC60WQ_WQX-CW-207,2007-12,ANFIS-T-no-current,2133,1ce8c35e0bdd5113f278fd80c81a1ec3b4e4d4a44e1764dbebbce3dcac5fcf69
wqp,wqp:USGS-07049187,2016-11,ANFIS-T-no-current,2133,1cec1bfc6f311277a6c256a0e28dfe8c04c94fad8ef71b2cb86295c953a9468c
wqp,wqp:21FLSFWM-MH32000,1999-02,ANFIS-T-no-current,2133,1ceee18846239c313d9971f01783fe7f1f1a3661d30164b63013483652e6e4dc
wqp,wqp:21FLSFWM-L001,1999-09,ANFIS-T-no-current,2133,1cf09fad85dec7807686f420d96af2b8da13fbd3cdd72134d1c18192ec98f6a6
wqp,wqp:21SC60WQ_WQX-B-327,2001-12,ANFIS-T-no-current,2133,1cf13e39bb5b00c90f25ae471cf9584b6883bd6d870426962bb726f5c009cf56
wqp,wqp:21SC60WQ_WQX-CL-019,2005-03,ANFIS-T-no-current,2133,1cf1c6d6c563e71aebd96a171bd27c36a2c4e4dc5d55a112c938f008428f81b2
wqp,wqp:LAKELAND_WQX-LH11,2009-12,ANFIS-T-no-current,2133,1cf3af9eaed57ee3cb58337af4d38ba3485c4e798bdf64147a8d01037570ee69
wqp,wqp:21NC03WQ-CPF087D,2010-10,ANFIS-T-no-current,2133,1cf6b4fa9d998de60b9dcfe6fc79cf556da7db782593253a92773e7df6123e21
wqp,wqp:21FLSFWM-L005,1982-03,ANFIS-T-no-current,2133,1cf7b320a65840b112b59123be643cde3c8a300ace4ac9e07470b34c340229ec
wqp,wqp:21FLSFWM-B09,1991-04,ANFIS-T-no-current,2133,1cf7e2f046d7980dadb8a5704331a36c7b4a00946c20d17a3fe87854821b6f59
wqp,wqp:21FLSFWM-L006,2000-03,ANFIS-T-no-current,2133,1cf8e19f1057d1a986cd5b66ee556224e85dd5c3d73a14f48b1c769fe7ffbb75
wqp,wqp:21SC60WQ_WQX-SV-340,2008-11,ANFIS-T-no-current,2133,1cf906550ba49c804917c985dc075a94edfd2c5c0dfe55f99307257b61e286b9
wqp,wqp:KAWNATON_WQX-KN-KL-005,2007-06,ANFIS-T-no-current,2133,1cf92510ebe3a766f1035eacbf7d4926bb87b62c471df03fbb8a26a90c66c018
wqp,wqp:21DELAWQ_WQX-109131,2001-07,ANFIS-T-no-current,2133,1cf9e74de760b7808f748844737fd6d47bd7e6a902dfd3110118ef082a6c2515
wqp,wqp:CAPECRD_WQX-290,1992-09,ANFIS-T-no-current,2133,1cfaea0eb6baf5093247789625570309bb10d42f4134b56e32789c7bfd9abb95
wqp,wqp:21FLSFWM-PALMOUT,2006-03,ANFIS-T-no-current,2133,1d015668ccc523a32ed9eca2603df8f46fba7e388d5ce087a52178e972121b64
wqp,wqp:21SC60WQ_WQX-SV-098,2005-11,ANFIS-T-no-current,2133,1d02092e3b979a0aa3f9566ab3934c452bb709e15118a100d4bab4aa436eb98a
wqp,wqp:21FLSWFD_WQX-23113,2001-04,ANFIS-T-no-current,2133,1d046e2dbfdc77ea6f07283494ac6c5cbcc1ee922fe2c8aed0c2eb1557b97dcf
wqp,wqp:21SC60WQ_WQX-S-022,2016-07,ANFIS-T-no-current,2133,1d052cffa156ceaa352aff27d5a45ca8c17db465e94f15c697ebaffbfa387708
wqp,wqp:21DELAWQ_WQX-206361,2008-04,ANFIS-T-no-current,2133,1d06893477ec1060a91d39ada6a045209b261fe46fd0e958ec39fa8ae96384c0
wqp,wqp:21NC03WQ-YADHRL051,2006-05,ANFIS-T-no-current,2133,1d07774c6bc37f4ea07a7866da63e2beb18e774570a250a3c769657d5f01189f
wqp,wqp:21NC03WQ-CPF086F,2017-06,ANFIS-T-no-current,2133,1d08826a99d0cabd7f9a31c65cca321223b949455b27e4a664e4a2ac640b1357
wqp,wqp:21FLSFWM-D02,1986-09,ANFIS-T-no-current,2133,1d089049400a35cf145820df90023d04edb9cbe1cd91fd0def04f17f25f9d267
wqp,wqp:21DELAWQ_WQX-110011,2013-10,ANFIS-T-no-current,2133,1d0bc993090c53ba0fe26f88a6947af4a488a137f3d8f5dadfd1ae0f433b3952
wqp,wqp:CAPECRD_WQX-290,1999-09,ANFIS-T-no-current,2133,1d0ddbbfc31e753665653ac80729535bf252b3a549543d3ea97abd536d3f9ae3
wqp,wqp:21SC60WQ_WQX-SV-335,1999-03,ANFIS-T-no-current,2133,1d0fc7b1a3cc46f765ec05c24e9fac6e357635701dc1deec74bab8e9d1eec63e
wqp,wqp:21FLSFWM-STAKEOUT,1986-11,ANFIS-T-no-current,2133,1d1023879cd8a897d9711919b5ab2968a100c9d468aba93f4482757959b84b05
wqp,wqp:21SC60WQ_WQX-SV-340,2005-11,ANFIS-T-no-current,2133,1d144ab7cc68abb2df9ed683de96ad4cce8d75e4228d95c425095272f59f3cc9
wqp,wqp:21SC60WQ_WQX-CW-231,2009-06,ANFIS-T-no-current,2133,1d150d589f420fa273140246bab48daa8fa05a752fd20cb0d769aaa642ebf4d7
wqp,wqp:21VASWCB-2-XDD000.40,2016-09,ANFIS-T-no-current,2133,1d165431731259f14d812f0638b787277c7b383d39aa96490e0c51e1121dba83
wqp,wqp:21GAEPD_WQX-LK_12_4048,2000-11,ANFIS-T-no-current,2133,1d166c4cf901595cc47de655c365a7e1e8828f364ecdc7797f75b971322de004
wqp,wqp:21FLSFWM-KISSR0.0,1987-05,ANFIS-T-no-current,2133,1d1b65ec8092f658ac041215efa976c84f305804ceadcc3a8c47cdddab7dbbc6
wqp,wqp:21FLSFWM-E02,1990-08,ANFIS-T-no-current,2133,1d1d44fbe109e4568a0bfef7c80d9b0e31fde2347fa87e6a04f45b6397ebdb32
wqp,wqp:21FLSFWM-L006,1989-09,ANFIS-T-no-current,2133,1d1e131ebfa3efc1b6de511adbe352ed454f9709663d38beefd31ebfe74af524
wqp,wqp:21FLSFWM-ISTK7,1997-09,ANFIS-T-no-current,2133,1d1eccbe06504b6b3aa68e9c64b0c088dd6ddc3393b892eac1e6d801d7c5e865
wqp,wqp:USGS-07263299,2009-04,ANFIS-T-no-current,2133,1d274daed7c4fa84631ce70c9cf335c2c140875c34c20a19b7dec43717b5c4cf
wqp,wqp:21FLSFWM-L006,2000-02,ANFIS-T-no-current,2133,1d293bda423eae5f644b8acbd903e0c81de2571bcdfae830d430275b0d4f2d30
wqp,wqp:21FLSFWM-POLESOUT,2003-10,ANFIS-T-no-current,2133,1d2b9c75caf8a067b9a29a507062e1a25476091f6f9a93eb3e5e5ff213445171
wqp,wqp:21SC60WQ_WQX-ST-032,1999-10,ANFIS-T-no-current,2133,1d2ede6dc7b930b016bacb6289d20fac20d3fac9a10de19aa5370e51b4bfef1f
wqp,wqp:21FLSFWM-ISTK4,1989-12,ANFIS-T-no-current,2133,1d2fab84a88ba275ba3a1388efb9e817ec46a30e9a9c1a888a35aa80bb4f021e
wqp,wqp:21FLSFWM-TREEMID,1994-03,ANFIS-T-no-current,2133,1d3128d21dbcd2dd634a2e17e72142779e5ee017c76391c1543b62e4be7d3a76
wqp,wqp:21FLSFWM-B02,1995-10,ANFIS-T-no-current,2133,1d314ea029e3a130bdaec7314afc3608222800e79374d837137afadda229fc49
wqp,wqp:USGS-07144790,2015-06,ANFIS-T-no-current,2133,1d32e90db8f46e9f21fbc8e09ce07f73e9e8a91fbcc4e5677acabfc74486d5ba
wqp,wqp:21SC60WQ_WQX-SV-357,2016-03,ANFIS-T-no-current,2133,1d3589900989659edfdceb1f0da97b3a9f46898bbb244840ea68083ed933c688
wqp,wqp:21FLHILL_WQX-135,2018-11,ANFIS-T-no-current,2133,1d359174cb852e0cd37fccfb3d3ec8bbe34b5c45eb8d09528ccf8ffe83fd88c3
wqp,wqp:21FLSFWM-RITAWEST,2000-03,ANFIS-T-no-current,2133,1d38e8f1cb97eb0c89f7170c30b56a27f3789cf32b0e04e0990e28737e56dffe
wqp,wqp:21SC60WQ_WQX-SV-236,2017-01,ANFIS-T-no-current,2133,1d39505ebf19f5592097b56d221fcb56d282fe00aee1374aeb7411d7506fce04
wqp,wqp:21SC60WQ_WQX-SV-236,2005-02,ANFIS-T-no-current,2133,1d3b88b7288dbf312fb6f3c5f26aa6f38e00379a93d56f775fc57754375a2d32
wqp,wqp:21SC60WQ_WQX-SV-338,2008-10,ANFIS-T-no-current,2133,1d3d41535aae6a7a44bac6f0c5871d852b9ed615bd751d492b6619532beb7110
wqp,wqp:21FLSFWM-LZ42N,1994-06,ANFIS-T-no-current,2133,1d3da4bf6dc9bbde3d6bb2716118ffa4e4fe13b4b4c026c70d4e17933cfcd4a4
wqp,wqp:21FLSFWM-POLESOUT,1990-09,ANFIS-T-no-current,2133,1d3e72bc3bd02124a3f4b6411f7ae72a71fd0f2c1e09fbc85d5cbc37a4fcd04a
wqp,wqp:21FLSWFD_WQX-23477,2009-04,ANFIS-T-no-current,2133,1d4600ded5565a4cbf93bb82c119a9470f6b3055269b4f7ceb292a4c1b4b6ac5
wqp,wqp:MNPCA-82-0046-00-203,2007-07,ANFIS-T-no-current,2133,1d4670a89da25fca578c18f65add4e446dda9c08f12eb86b35a6ef616835cd0c
wqp,wqp:21FLSWFD_WQX-23389,2009-02,ANFIS-T-no-current,2133,1d46f5a4de01ad6c0f74ba30d2798a157ca934dbf3b837a7c1d0339e6de93374
wqp,wqp:21FLSWFD_WQX-23144,2001-02,ANFIS-T-no-current,2133,1d46f71dbc68dce5e1c021f16096871b2808c015a88942315413439bc0647901
wqp,wqp:21DELAWQ_WQX-308071,2013-04,ANFIS-T-no-current,2133,1d4a9083201785df7bbfe424fda9d62e6f751e54195786294546da311ce795a0
wqp,wqp:21SC60WQ_WQX-PD-327,2002-02,ANFIS-T-no-current,2133,1d5082ea09df58cdfd3923ca3daf4ecd8a53332d47f930dec676d2114ad74f16
wqp,wqp:21FLSFWM-KBAROUT,1991-10,ANFIS-T-no-current,2133,1d5294cfc75c5f3381280c845381de94b3c4828673d38f7f23e6772c1c22209c
wqp,wqp:MNPCA-47-0042-00-201,1982-03,ANFIS-T-no-current,2133,1d5390c01daadfe0d945360f888ebb3eb6aa5a0e54ccdab7b1a3fe9eb89a5228
wqp,wqp:21FLORAN_WQX-BC11,2017-11,ANFIS-T-no-current,2133,1d550cb5996cc8f3339c6eda762470d807edbc466baed5b8f80e13d85f35494d
wqp,wqp:MNPCA-10-0048-00-201,2003-04,ANFIS-T-no-current,2133,1d5577b99f20fd26789452a9edb2a209f297b4f07b24c3ce358ffd4ef9368e23
wqp,wqp:21SC60WQ_WQX-SV-339,2018-12,ANFIS-T-no-current,2133,1d57bf99b0301f7666823f9872ab707ae507c6e1c122f40c546b34cb1b001894
wqp,wqp:MNPCA-25-0001-00-215,1995-04,ANFIS-T-no-current,2133,1d5b3e66a5e78fcb0f49528f6cfd20d736e3c10560b5822f546a6c2e53624bfb
wqp,wqp:21FLSFWM-L006,1986-01,ANFIS-T-no-current,2133,1d5e7ac6fd945266916ea596ffc0bd80b6c6909ad3dd9bb214c0fde33ef7493c
wqp,wqp:21SC60WQ_WQX-CW-197,2010-09,ANFIS-T-no-current,2133,1d5f35b87b07a8c27ec2ce7a886b0ff1db6d574183b92b3ecc36401cde485c56
wqp,wqp:21DELAWQ_WQX-303051,2016-12,ANFIS-T-no-current,2133,1d5f48b6761c334f5325b1385612903fbbd29b2762bd2ac82d2a3466ec88bb05
wqp,wqp:21FLCBA_WQX-WAL-BIGREDF-3,2017-02,ANFIS-T-no-current,2133,1d6131be5bc99d76b9413c729064737a885af93c66f60207e26db24f257e7989
wqp,wqp:21NC03WQ-CPF081A1C,2011-01,ANFIS-T-no-current,2133,1d6263242af596dc1592c860c0ca6ffa081cc2969d7b407d0adb44aaea3e4991
wqp,wqp:21NC03WQ-CPF086CUPS,2001-09,ANFIS-T-no-current,2133,1d6499edf5157604fddae1e0e5afa1fc5f389d991922cdba2f971edf84f1c77f
wqp,wqp:CAPECRD_WQX-262,2018-02,ANFIS-T-no-current,2133,1d64fba6b26724f970bc0bd67a79f767d8ff32fa92efb70f6975328882db3f24
wqp,wqp:21NC03WQ-Q5360000,2014-09,ANFIS-T-no-current,2133,1d6beb7c0cca2d2f099eba2ed3654973ec7eabc0f490ff55a08aba8de7f86542
wqp,wqp:21FLSFWM-C03,2009-02,ANFIS-T-no-current,2133,1d6f3f388675ac0f07b309a97f06a439231e7f2e0b5701e32bafed71ed75770f
wqp,wqp:KAWNATON_WQX-KN-KL-001,2014-08,ANFIS-T-no-current,2133,1d7180159b9a58c2c16dfc1af424c0085e5bee9b30f12998a4e9cadf0c9b8a22
wqp,wqp:21FLSFWM-L006,1997-08,ANFIS-T-no-current,2133,1d72b735dab16f5d2ee7007ec57e00a55819ad166c0f7d821d27c22516b10bc8
wqp,wqp:21FLSFWM-TIN8100,2004-09,ANFIS-T-no-current,2133,1d75353bdb7ed56ecf397328200fe0fa8e6a821fe001491a824d1e4bbd86a51a
wqp,wqp:21SC60WQ_WQX-S-024,2005-05,ANFIS-T-no-current,2133,1d778ba573609ede5576e71a734a9a6a5a6a0d18093e875423427a4da12a24e7
wqp,wqp:21FLSWFD_WQX-23631,2007-07,ANFIS-T-no-current,2133,1d77c79ff47d7bd19c12cc637990f7d02aa467064150881ea60648728398120e
wqp,wqp:21SC60WQ_WQX-S-024,2001-05,ANFIS-T-no-current,2133,1d782da1df650a1a973fa7d784c2b0aaaeb6cdd4733a43f24263f482b8d4c06f
wqp,wqp:21FLSFWM-PELMID,2006-04,ANFIS-T-no-current,2133,1d7842ad3037494daa2eade2c9ece0bc9941c144f9125f5e591755413a473ee7
wqp,wqp:MNPCA-86-0284-00-100,1989-10,ANFIS-T-no-current,2133,1d78ec8463462b2185d46a4c62d0dcba80824118bb021dab5d7a3c6703eddd1c
wqp,wqp:21FLSFWM-POLESOUT,1996-09,ANFIS-T-no-current,2133,1d7bb934a0735147f8b09bcb33f15fb30c419d157f6cbceeeeb04271dbede40f
wqp,wqp:21NC03WQ-CPF086F,2009-09,ANFIS-T-no-current,2133,1d802e4558d802aa0e4b7c78cb70e8d260a8f77989cc42836eeb1f31875262f4
wqp,wqp:21SCSANT_WQX-SC-044,2017-02,ANFIS-T-no-current,2133,1d826db96e7a2120b520d838ec2b582e95c786097db8155d05ab086b715393ab
wqp,wqp:21FLSFWM-PALMOUT,1998-04,ANFIS-T-no-current,2133,1d83a0e9816bf041d290ea294ae7de3fcb9231bd7012b0c67de753ad15f9c450
wqp,wqp:21FLSFWM-KISSR0.0,2003-12,ANFIS-T-no-current,2133,1d849cea0b60d3e6e54e5bef1ece773cafce87a2ba6ae5d21670a4b646b083a0
wqp,wqp:21SC60WQ_WQX-CW-197,2001-09,ANFIS-T-no-current,2133,1d84a90532fb3f75edd8467650f5c2c8542021d1c34e61160028b6267e2f898f
wqp,wqp:21FLORAN_WQX-CC18,2008-08,ANFIS-T-no-current,2133,1d8a0cd86756e403f95f6ef7dbd9c0ad1d6a576fcab76d7e511f39cba095c2f8
wqp,wqp:21FLSFWM-LZ42N,1991-01,ANFIS-T-no-current,2133,1d8c952d614c4ae6e1e507b0c8128841364c513a908926b58d448cc479ab434f
wqp,wqp:21SC60WQ_WQX-CL-019,2014-05,ANFIS-T-no-current,2133,1d8d3794491370b7ca7d29293bb105277e08d44b9f2cb793170381078f2a2f50
wqp,wqp:MNPCA-47-0042-00-201,1981-08,ANFIS-T-no-current,2133,1d8e80c5aba24402eec9697f0cb02f72f18e0eabbe917433e048b4d3745416a0
wqp,wqp:21NC03WQ-NEU018E,2018-07,ANFIS-T-no-current,2133,1d8eae8a75a8adaa87471b395ea63b744a34099ef7aa0ade6d132af191aa8dc1
wqp,wqp:MNPCA-02-0075-02-203,1984-03,ANFIS-T-no-current,2133,1d8ec9c44cac61c9a22ea649c66dd3635a740aae26ce3190ef7c1d04b93105fb
wqp,wqp:21FLSFWM-E02,2002-08,ANFIS-T-no-current,2133,1d8f6af6674ee9ce00e9700be5b1e9fa3d29bd8701c7e4e820c9918f475ea079
wqp,wqp:21SC60WQ_WQX-SV-268,2013-05,ANFIS-T-no-current,2133,1d8fff04c5f5622b946509c07362e0b5ba35ec1f9fc9e5ee926f9103f551d092
wqp,wqp:AZDEQ_SW-32,1998-08,ANFIS-T-no-current,2133,1d910e477bd0fa9a018f4d3fc2d250c6cefd0f9c69d8e32b2ff5015f9346f61f
wqp,wqp:21SC60WQ_WQX-SV-338,2002-06,ANFIS-T-no-current,2133,1d966994771f1d7b1da98fc31da04a669090426467fa3e45f966a532b427ce9b
wqp,wqp:21SC60WQ_WQX-CW-016F,2018-10,ANFIS-T-no-current,2133,1d96bc786598870c9417fc376f95a6b732760a2c882ce14c9774e3a61a1d293d
wqp,wqp:21NC03WQ-CPF081A1C,2009-09,ANFIS-T-no-current,2133,1d977758353851ec4d09eaee47129707371cf80ffd2cb43df08753cd50846fb6
wqp,wqp:USGS-14211940,2012-04,ANFIS-T-no-current,2133,1d9924be494a1c0f2a24172168bce1403075d5bb483e096d9d1ead782d8297a9
wqp,wqp:21SC60WQ_WQX-SV-335,2007-09,ANFIS-T-no-current,2133,1d9bf03cf39eb6100ada5939dde15fe96ce7e02b3160c776204610298aafc112
wqp,wqp:21NC03WQ-CPF08801A,2007-10,ANFIS-T-no-current,2133,1d9ed5274b87023e1915e0bcfc8750c0d2a88c96561317d190f944e2ef672ef2
wqp,wqp:OKWRB-LAKES_WQX-520710020020-05,2018-04,ANFIS-T-no-current,2133,1da15f940c971a874cd4b860f894c58944119ad04e6ba086e3495f68d2196623
wqp,wqp:21SC60WQ_WQX-B-345,2012-12,ANFIS-T-no-current,2133,1da164d1961805b93fd5d1791ec3dca9bb5e2891d8fe3f1ce39b1669d165fff4
wqp,wqp:21SC60WQ_WQX-S-024,2018-03,ANFIS-T-no-current,2133,1da178767f2122554233bba304e1433c9a745b1444bbc32aa1b4ad9b2615a876
wqp,wqp:21DELAWQ_WQX-303331,2009-01,ANFIS-T-no-current,2133,1da1f74cf75717b416ffde48494b4d4d92748934d1d9e5b0046ef851ac221f7c
wqp,wqp:21FLSFWM-E04,1992-01,ANFIS-T-no-current,2133,1da3b2486873884f3719221b69214f848b11d58778ed2e180501d4438cdc74ef
wqp,wqp:USGS-07049200,1995-08,ANFIS-T-no-current,2133,1da4a0507bf0ab25cc5b158b9008cac48548c23ef2598d36375d1c45d39c4dc4
wqp,wqp:21FLSFWM-L006,1999-12,ANFIS-T-no-current,2133,1da5f285385bbe15f346af150ecff94915731760e6949367d1390eda919bf52d
wqp,wqp:21FLSFWM-B09,1989-12,ANFIS-T-no-current,2133,1da8519cc3bfc7d9364c3b570a38928406679d1aa60a5f27d60bcef73d3c6613
wqp,wqp:21FLSFWM-L004,1981-03,ANFIS-T-no-current,2133,1dacd0dc1c252669a7cd0ce98ff0405814bf02bd86aa5037e4ccaeacee103d7b
wqp,wqp:21FLSFWM-E02,1995-08,ANFIS-T-no-current,2133,1dae45639e2ab352c44505b56b17627ddbb9cf30de77fab2442cbd7b4fbb3ff5
wqp,wqp:21FLSFWM-KISSR0.0,2006-02,ANFIS-T-no-current,2133,1db1429ac92150441e945ccacd79d8721b05691d7abf96df3108533f79c842f7
wqp,wqp:21SC60WQ_WQX-PD-327,2017-07,ANFIS-T-no-current,2133,1db1b6c3db4586cc847aaba4e96a80594fe0ee0f6c31d02e5b0a28d1e8ccf70f
wqp,wqp:21DELAWQ_WQX-109191,2016-08,ANFIS-T-no-current,2133,1db3c6cb904dfc1f23bc9dec7d849d475436986de3d2546816dd51a16da6deba
wqp,wqp:21FLLCPC_WQX-GRIFFINTISH,2011-06,ANFIS-T-no-current,2133,1db6511ee2f0a1720878679c7b06de7245e87d99dcf3f7aeef898e1d177e566a
wqp,wqp:USGS-423659088354401,1983-10,ANFIS-T-no-current,2133,1db6893d3401c5628f25f5b06f1438b3b8b4f4c9b2dc6cc2e362caa300914161
wqp,wqp:21AWIC-23,2015-07,ANFIS-T-no-current,2133,1db8c7d394f28eabafdf8ca362f6005db77fcae8913d1890d40d28bf88358c17
wqp,wqp:21SC60WQ_WQX-SV-363,2015-04,ANFIS-T-no-current,2133,1db8e0efdf3a6108861a93f95f1926b3fbc1e3170ae2089c584ea9645ed10f81
wqp,wqp:21NC03WQ-B2450000,2015-09,ANFIS-T-no-current,2133,1db91db70b77446279ea18ec1fec92f42c4345244fbced6c1fba7be092415f70
wqp,wqp:21SC60WQ_WQX-B-327,2006-10,ANFIS-T-no-current,2133,1dba2744749360aea96e610b5ea47260c75dfaeda5632c37bdd7ada9b51ccaa8
wqp,wqp:21FLSFWM-POLESOUT,2003-04,ANFIS-T-no-current,2133,1dbafe672f86dcb0f72a15ccf6f7a39500e5a08ca0018bea96f68ea4eb95d7df
wqp,wqp:21FLSFWM-L001,1979-06,ANFIS-T-no-current,2133,1dbb21b944ccf8d10f71bb832058601fb5701f56692598325f3c06d4ffde038e
wqp,wqp:USGS-423556088365001,1995-05,ANFIS-T-no-current,2133,1dbc4169a38301ca7479283ffc96b36cc777fc1d72071998dffc7fed12015ba6
wqp,wqp:21SC60WQ_WQX-CW-174,2016-04,ANFIS-T-no-current,2133,1dbe05dc7201bf6bc26ddfa4fc8765cf79333dca98a77ea721ea9098741b41e6
wqp,wqp:11NPSWRD_WQX-SLBE_PL_01,1995-11,ANFIS-T-no-current,2133,1dbebddf1dae996aaf4c710f586a37c5665296d44d17ebc1ad89884cee73e813
wqp,wqp:21SC60WQ_WQX-SV-098,2007-07,ANFIS-T-no-current,2133,1dc1f1758e1fc7d5fd2ca0a3dd65bb66c44da3cd28cb8d788786db640bcdffdb
wqp,wqp:CAPECRD_WQX-262,2015-11,ANFIS-T-no-current,2133,1dc221f0a4a55bb8da4fcdebbf916ba56e96a8fbba218a19e59d3dd4fb79f3f6
wqp,wqp:21FLSFWM-OISLAND,2005-03,ANFIS-T-no-current,2133,1dc25ed8e57dee4d6dbbec399ecbf0a2d067fcc09d0330e94902c7b0995630d5
wqp,wqp:CAPECRD_WQX-290,1997-12,ANFIS-T-no-current,2133,1dc549bd0147af30bb9f0d3244ce5768e402bea4740e632b64bdf49c35406f06
wqp,wqp:21DELAWQ_WQX-206361,2017-09,ANFIS-T-no-current,2133,1dc7a7530657e9ab5ef21afe762c78836277fb990fa8ba14f9047d71a09430c3
wqp,wqp:21SC60WQ_WQX-SV-098,2002-03,ANFIS-T-no-current,2133,1dc7a841cdd9ab8923ba767bba5ed3bba600f1ec4a87aeeecfc29adbb4aede1e
wqp,wqp:21FLSFWM-PALMOUT,1994-07,ANFIS-T-no-current,2133,1dc8e4de646803f0cdc4c1606c59275fddd891b51eeaa36840d694dc5832148a
wqp,wqp:CAPECRD_WQX-290,1999-11,ANFIS-T-no-current,2133,1dcfab26e37fb907e5ab5cafa869233fc97ecd4a20ed68a2626ee8cb1e92fae5
wqp,wqp:21SC60WQ_WQX-CW-033,2007-04,ANFIS-T-no-current,2133,1dd01b0f7953c3200866d04aa09b7e2c55932523f4fcdb78138011c84aa2e9d1
wqp,wqp:MNPCA-62-0055-00-201,1993-08,ANFIS-T-no-current,2133,1dd3ddf56983c1442b019f1291e4d40f9e3bb7c7a9e324cfe997eeb553ab53fb
wqp,wqp:MWRD_WQX-BARR3P,2014-03,ANFIS-T-no-current,2133,1dd472b71b17c0e049d72e91662b89f552f021f7636b57ebf50efad032e8c565
wqp,wqp:21GAEPD_WQX-LK_12_4048,2000-12,ANFIS-T-no-current,2133,1dd78855cb9a21caff96dace07950658df536d17d8a4855e77fc783c0cfca274
wqp,wqp:MNPCA-62-0054-00-101,2007-09,ANFIS-T-no-current,2133,1dd79fbc6f09c70e2b96f130833f29064375bb83def86f7041c10b71e6b50014
wqp,wqp:MNPCA-62-0007-00-203,1984-04,ANFIS-T-no-current,2133,1dd8dd8ce7f58aa49123372b953dcb4abeeefb9268bcceb79e4a6a717778afae
wqp,wqp:21FLSFWM-IPOUT,1990-11,ANFIS-T-no-current,2133,1dd9d9e29e853bf2e001c2d8c85e14f97529afa122ad0a94617de4a5d5875443
wqp,wqp:21FLSWFD_WQX-23624,2009-04,ANFIS-T-no-current,2133,1de09535823993920d6961192fdbd6d9277a3d9b340f4545342791e4e5498818
wqp,wqp:MNPCA-62-0013-00-201,2018-06,ANFIS-T-no-current,2133,1de12c3bd182fb5671013cd1d14ba080b0aad949e3f3cda2407e0948e37e7dea
wqp,wqp:21FLSWFD_WQX-23479,2012-06,ANFIS-T-no-current,2133,1de18e46abe1ac09e92fa585c73672d9ffc6cbebd0cdcb1a3f1d85c12bccb9c7
wqp,wqp:21DELAWQ_WQX-308071,2008-12,ANFIS-T-no-current,2133,1de312c301e7fe7925dd874ffb26f5ff73053c08de6adcccde1423f8bf652a19
wqp,wqp:21AWIC-23,2009-03,ANFIS-T-no-current,2133,1de33a0aa2e03ba8012baa8fe56d8f62d61a95830da79ba945a5e2abab608e07
wqp,wqp:21FLSFWM-B09,2004-09,ANFIS-T-no-current,2133,1de375b31ca864b74850c8cd0257a121076cc8bf159dcbee81f777dd2b664b78
wqp,wqp:21FLSFWM-L001,1999-07,ANFIS-T-no-current,2133,1de3c1719f77fa93f37d2b7cc6001ac3014b90b8a328eb106ddce9541daef25d
wqp,wqp:21FLSFWM-TREEIN,1993-07,ANFIS-T-no-current,2133,1de42ae51a5ead093cb1d958c6608738e44535f1f7f62768e0adb2fe611e07ca
wqp,wqp:21FLLCPC_WQX-LKSILVERSHR,2002-04,ANFIS-T-no-current,2133,1de74180616faad19c8d78525f366365f0bccc51dc1aeea336782a628dd03d05
wqp,wqp:21SC60WQ_WQX-SV-339,2002-07,ANFIS-T-no-current,2133,1de8e2871ef0fa1fc258f686cb3747e7b9a8fb64775d2d1f911972bef83f2cdc
wqp,wqp:USGS-421420121481700,2012-07,ANFIS-T-no-current,2133,1ded3f70fbdc5aa534c292877aa29a10462a22696981aaf64730a70abe76bf23
wqp,wqp:21FLSWFD_WQX-23438,2008-02,ANFIS-T-no-current,2133,1ded80578abc48286093bbe254fc1746ff11debdf6b3839d0c65f0be1e5b9dd8
wqp,wqp:21SCSANT_WQX-SC-014,2014-01,ANFIS-T-no-current,2133,1def17e002bf6abf261fcf10b00ed48b4906077b1c9057ef8d6516f8e90036f2
wqp,wqp:21NC03WQ-NEU018E,2014-02,ANFIS-T-no-current,2133,1df4686f05d7b26be39b5550640d87ec4540b1952a918f5a27f348b499fd163c
wqp,wqp:21NC03WQ-CPF087B3,2005-06,ANFIS-T-no-current,2133,1df6a6004b6233ee507faa4f941ed2e7512cac1ad39f6e45602e56f165acd51a
wqp,wqp:USGS-072632990,2008-06,ANFIS-T-no-current,2133,1df8b3fab620bfec8c259eea7b059655351cf2763c246840b091ee8237b67bb3
wqp,wqp:21FLSFWM-PALMMID,1990-11,ANFIS-T-no-current,2133,1dfb55077e1e35fa8e49780fb87ecd1c2bece8e85d371e60cdf79418cecce2ef
wqp,wqp:21DELAWQ_WQX-110011,2018-01,ANFIS-T-no-current,2133,1dfcfd5b2f1bc27a3bd2db255f665f334ad63c53777a8bec2e9f9f13063234a6
wqp,wqp:CHOCNATWQX-LNW-003,2018-06,ANFIS-T-no-current,2133,1dfefaaa342b4a799cb9008438db9e8a3a2a8692ee8a065e257f839f7200dd97
wqp,wqp:21NC03WQ-CPFMC02,2014-10,ANFIS-T-no-current,2133,1dffcf061e878aea882beed5e342e108a193ca77de1bd4e49e094e13c85ead48
wqp,wqp:MNPCA-62-0055-00-201,2011-07,ANFIS-T-no-current,2133,1e00f2b2f1e85129659c1f83a265b2680df6dae7dd41017a8e3616be5690c9b6
wqp,wqp:21FLSFWM-PALMMID,1994-06,ANFIS-T-no-current,2133,1e02460f2b058c4a871abf77791619be5166bd55f243ba6059756742e9533d0f
wqp,wqp:21FLSFWM-L003,1982-04,ANFIS-T-no-current,2133,1e02700b08e9834918bda1ef66257d925229eb9c18fa92bb83886e5575d3fe5b
wqp,wqp:21DELAWQ_WQX-202021,2016-09,ANFIS-T-no-current,2133,1e0596c5aa0d845fc7c3edae7fad2801daffb66b43aac34032759db64890f7ae
wqp,wqp:21FLSFWM-L003,1981-05,ANFIS-T-no-current,2133,1e05f8128f07d986d4517ce6615f8baaa2f64dd94910f39fc10fdd1b2d6e3701
wqp,wqp:USGS-12301600,1975-08,ANFIS-T-no-current,2133,1e09f4ba4d4c68966772387d855778bcd7a9ddbe9a6ca106447a432aca0dada1
