source_id,site_id,split,origin_year_month,target_year_month,actual_yN,predicted_mu_yN,predicted_sigma_yN,actual_yF,predicted_mu_yF,predicted_sigma_yF,actual_yT,predicted_mu_yT,predicted_sigma_yT,actual_sigma_N,predicted_mu_sigma_N,predicted_sigma_sigma_N,actual_sigma_F,predicted_mu_sigma_F,predicted_sigma_sigma_F,actual_sigma_T,predicted_mu_sigma_T,predicted_sigma_sigma_T,actual_delta_yN,predicted_mu_delta_yN,predicted_sigma_delta_yN,actual_delta_yF,predicted_mu_delta_yF,predicted_sigma_delta_yF,actual_delta_yT,predicted_mu_delta_yT,predicted_sigma_delta_yT
wqp,wqp:11NPSWRD_WQX-MIDN_PETE_07,test,2023-06,2023-07,0.47728583216667175,0.485438734292984,0.04465757682919502,0.14189466834068298,0.1569315493106842,0.12340708076953888,0.7889714241027832,0.7978879809379578,0.1641143262386322,0.8113250732421875,0.8113250732421875,0.05015590414404869,0.468303918838501,0.468303918838501,0.03952714055776596,0.4222140908241272,0.4162294566631317,0.05381377786397934,0.0,-0.006764543242752552,0.07185714691877365,0.0,0.021653935313224792,0.18346133828163147,-0.016055703163146973,-0.06126385182142258,0.2636457681655884
wqp,wqp:11NPSWRD_WQX-MIDN_PETE_07,test,2023-07,2023-08,0.47728583216667175,0.4828187823295593,0.04292697459459305,0.14189466834068298,0.1605537384748459,0.12304800003767014,0.8050271272659302,0.7808642983436584,0.1618053913116455,0.8113250732421875,0.8113250732421875,0.04908863455057144,0.468303918838501,0.468303918838501,0.03872605785727501,0.4162294566631317,0.4222140908241272,0.052587468177080154,0.0,-0.008468234911561012,0.07102670520544052,0.0,0.0252381544560194,0.18559856712818146,0.016055703163146973,-0.0728834867477417,0.2577931582927704
wqp,wqp:11NPSWRD_WQX-MIDN_PETE_07,test,2023-08,2023-09,0.47728583216667175,0.48051977157592773,0.04205602407455444,0.14189466834068298,0.1695254147052765,0.12247533351182938,0.5170571208000183,0.7858565449714661,0.17051993310451508,0.8113250732421875,0.8113250732421875,0.048963762819767,0.468303918838501,0.468303918838501,0.038893923163414,0.5265063643455505,0.4162294566631317,0.05381302535533905,0.0,-0.00862725917249918,0.07153753936290741,0.0,0.031356438994407654,0.18583421409130096,-0.28797000646591187,-0.07113467901945114,0.2571731209754944
wqp,wqp:21AWIC-129,test,2022-12,2023-01,0.5410079956054688,0.6108054518699646,0.0460880845785141,0.7110365033149719,0.7227632999420166,0.12502780556678772,0.21006548404693604,0.19021739065647125,0.18159322440624237,0.6897610425949097,0.6796411275863647,0.052681874483823776,0.3729463517665863,0.3741016685962677,0.043155331164598465,0.24445326626300812,0.24445326626300812,0.05955972149968147,-0.09000599384307861,0.26905131340026855,0.07734543085098267,0.008160173892974854,-0.17754606902599335,0.18344618380069733,0.0,0.05708170309662819,0.27787595987319946
wqp,wqp:21AWIC-129,test,2024-02,2024-03,0.5513326525688171,0.6000171303749084,0.04419152811169624,0.4430583417415619,0.6375917196273804,0.12269119918346405,0.20320814847946167,0.22678105533123016,0.18764561414718628,0.6889572143554688,0.6845967173576355,0.05165261775255203,0.3485628664493561,0.2912307381629944,0.04160758852958679,0.2470734566450119,0.24445326626300812,0.05836363509297371,-0.048201560974121094,0.0006311899051070213,0.0768716037273407,-0.17097201943397522,-0.10009177029132843,0.1861516386270523,-0.006857335567474365,0.03964512050151825,0.2753686308860779
wqp,wqp:21AWIC-129,test,2024-03,2024-04,0.3903965353965759,0.5586338639259338,0.04611390084028244,0.8054599165916443,0.4761592149734497,0.12486167252063751,0.9061478972434998,0.22792504727840424,0.19828489422798157,0.6843924522399902,0.6889572143554688,0.05371018871665001,0.359563946723938,0.3485628664493561,0.042844757437705994,0.23047372698783875,0.2470734566450119,0.06102714315056801,-0.1609361171722412,-0.046669915318489075,0.0789756327867508,0.3624015748500824,-0.12349821627140045,0.18929168581962585,0.7029397487640381,0.02177770622074604,0.2796923816204071
wqp,wqp:21AWIC-129,test,2024-04,2024-05,0.35254183411598206,0.4077328145503998,0.04702579230070114,0.7620944380760193,0.7902138829231262,0.12358686327934265,0.6245521903038025,0.8607208728790283,0.1918649524450302,0.6657311916351318,0.6843924522399902,0.052473172545433044,0.355751633644104,0.359563946723938,0.043037958443164825,0.2532997727394104,0.23047372698783875,0.060442965477705,-0.03785470128059387,-0.15120607614517212,0.07856979966163635,-0.043365478515625,0.31319761276245117,0.18235108256340027,-0.28159570693969727,0.4282228350639343,0.2777665853500366
wqp,wqp:21AWIC-129,test,2024-05,2024-06,0.3402539789676666,0.36610689759254456,0.04809711501002312,0.8406456708908081,0.7614510655403137,0.1280461698770523,0.9169174432754517,0.6466183066368103,0.18038684129714966,0.6567624807357788,0.6657311916351318,0.054305680096149445,0.369879812002182,0.355751633644104,0.0427548885345459,0.156508669257164,0.2532997727394104,0.05932152271270752,-0.01228785514831543,-0.038803040981292725,0.07771901786327362,0.07855123281478882,-0.06215822696685791,0.18797567486763,0.29236525297164917,-0.20811066031455994,0.2771736681461334
wqp,wqp:21AWIC-129,test,2024-06,2024-07,0.4252663254737854,0.3492041528224945,0.04712904617190361,0.5230444073677063,0.8348919153213501,0.12772953510284424,0.9274830222129822,0.8908053040504456,0.16807159781455994,0.692755937576294,0.6567624807357788,0.05272941291332245,0.31737279891967773,0.369879812002182,0.04232870414853096,0.13061222434043884,0.156508669257164,0.056990236043930054,0.08501234650611877,-0.01744932308793068,0.076519675552845,-0.3176012635231018,0.06352753192186356,0.18916833400726318,0.010565578937530518,0.13111579418182373,0.26841169595718384
wqp,wqp:21AWIC-23,test,2022-12,2023-01,0.7506886720657349,0.728543221950531,0.04701181501150131,0.3303980231285095,0.3692188560962677,0.12630757689476013,0.21006548404693604,0.19107754528522491,0.18457292020320892,0.6236136555671692,0.6236136555671692,0.053981292992830276,0.2602318823337555,0.24482567608356476,0.044330380856990814,0.24445326626300812,0.24445326626300812,0.06073175370693207,0.0,0.2732703387737274,0.07815007865428925,0.0006514191627502441,-0.2249366194009781,0.1863628327846527,0.0,-0.000780149654019624,0.27932387590408325
wqp,wqp:21AWIC-23,test,2023-01,2023-02,0.7312657833099365,0.747758686542511,0.04537384584546089,0.37455129623413086,0.35121750831604004,0.123875193297863,0.21006548404693604,0.20597457885742188,0.18340009450912476,0.6382680535316467,0.6236136555671692,0.05217963457107544,0.3192863464355469,0.2602318823337555,0.042992569506168365,0.24445326626300812,0.24445326626300812,0.058767933398485184,-0.01942288875579834,-0.00952528603374958,0.07729341089725494,0.04415327310562134,0.01714683137834072,0.1845294088125229,0.0,0.01726730726659298,0.2775673568248749
wqp,wqp:21AWIC-23,test,2023-02,2023-03,0.6266381144523621,0.729009747505188,0.04462810605764389,0.7519129514694214,0.3899012506008148,0.12294439971446991,0.15650859475135803,0.22198264300823212,0.1901775449514389,0.6804892420768738,0.6382680535316467,0.05180320143699646,0.38636863231658936,0.3192863464355469,0.04213918745517731,0.2890303432941437,0.24445326626300812,0.058825451880693436,-0.10462766885757446,-0.02861446887254715,0.07748550176620483,0.3773616552352905,0.04573804885149002,0.1856662929058075,-0.053556889295578,0.03401894122362137,0.27666476368904114
wqp,wqp:21AWIC-23,test,2023-03,2023-04,0.3903965353965759,0.6306732892990112,0.04442448168992996,0.7756629586219788,0.7239944934844971,0.12180056422948837,0.1769256293773651,0.1857796609401703,0.1946668177843094,0.6843924522399902,0.6804892420768738,0.05084838718175888,0.3955877125263214,0.38636863231658936,0.040895912796258926,0.3445044457912445,0.2890303432941437,0.05843999236822128,-0.23624157905578613,-0.112486332654953,0.07756537199020386,0.023750007152557373,0.2716556191444397,0.18144862353801727,0.02041703462600708,0.054474785923957825,0.27783867716789246
wqp,wqp:21AWIC-23,test,2023-04,2023-05,0.5069505572319031,0.41635656356811523,0.04743458330631256,0.7972187399864197,0.7799093127250671,0.12583602964878082,0.7365587949752808,0.20582030713558197,0.19487875699996948,0.692596435546875,0.6843924522399902,0.05391443893313408,0.3742389380931854,0.3955877125263214,0.04278340935707092,0.2372434139251709,0.3445044457912445,0.060908906161785126,0.11655402183532715,-0.21303653717041016,0.07940201461315155,0.021555781364440918,0.00784091092646122,0.18645687401294708,0.5596331357955933,0.06380040943622589,0.28192248940467834
wqp,wqp:21AWIC-23,test,2023-05,2023-06,0.44560477137565613,0.5042791962623596,0.04783179983496666,0.7584893107414246,0.7979739904403687,0.12628979980945587,0.47995179891586304,0.7033852934837341,0.18081925809383392,0.6947148442268372,0.692596435546875,0.05333079770207405,0.3986295461654663,0.3742389380931854,0.04297221451997757,0.2544562518596649,0.2372434139251709,0.059238094836473465,-0.06134578585624695,0.0965295061469078,0.07789842784404755,-0.03872942924499512,0.02012663520872593,0.1871110200881958,-0.2566069960594177,0.3385981619358063,0.27441704273223877
wqp,wqp:21AWIC-23,test,2023-06,2023-07,0.4141893684864044,0.45925474166870117,0.04663453251123428,0.7998352646827698,0.7574642896652222,0.12784673273563385,0.9149464964866638,0.5042486190795898,0.16849620640277863,0.690851092338562,0.6947148442268372,0.05275489762425423,0.3832777440547943,0.3986295461654663,0.04146024212241173,0.1613805592060089,0.2544562518596649,0.05628314986824989,-0.03141540288925171,-0.06262695789337158,0.07588128745555878,0.041345953941345215,-0.055695779621601105,0.18939806520938873,0.4349946975708008,-0.16794118285179138,0.2698216438293457
wqp,wqp:21AWIC-23,test,2023-07,2023-08,0.7506886720657349,0.4219690263271332,0.04503588005900383,0.24975305795669556,0.8059257864952087,0.12649263441562653,0.7915894985198975,0.8757733702659607,0.16559790074825287,0.6236136555671692,0.690851092338562,0.051300399005413055,0.33293449878692627,0.3832777440547943,0.041378721594810486,0.23883908987045288,0.1613805592060089,0.055522724986076355,0.33649930357933044,-0.03497079387307167,0.07526867836713791,-0.5500822067260742,0.0513630136847496,0.19103531539440155,-0.12335699796676636,0.2165646255016327,0.26132529973983765
wqp,wqp:21AWIC-23,test,2023-08,2023-09,0.44560477137565613,0.7283491492271423,0.045046500861644745,0.72495436668396,0.31353044509887695,0.12919747829437256,0.7814879417419434,0.775079071521759,0.17788948118686676,0.6947148442268372,0.6236136555671692,0.05380172282457352,0.39197465777397156,0.33293449878692627,0.042578112334012985,0.23738522827625275,0.23883908987045288,0.058313921093940735,-0.30508390069007874,0.292324036359787,0.07609537988901138,0.4752013087272644,-0.4236406683921814,0.19985464215278625,-0.010101556777954102,-0.20127102732658386,0.26167747378349304
wqp,wqp:21AWIC-23,test,2023-09,2023-10,0.4252663254737854,0.46719610691070557,0.04426861181855202,0.7851740717887878,0.7109480500221252,0.12471050769090652,0.4495348632335663,0.7531978487968445,0.18701797723770142,0.692755937576294,0.6947148442268372,0.051098570227622986,0.3629666864871979,0.39197465777397156,0.04182218760251999,0.280383437871933,0.23738522827625275,0.05849207192659378,-0.020338445901870728,-0.28569215536117554,0.0766252726316452,0.06021970510482788,0.38239243626594543,0.1835751086473465,-0.3319530785083771,-0.07109668105840683,0.2682620584964752
wqp,wqp:21AWIC-23,test,2023-10,2023-11,0.4548850357532501,0.4310823976993561,0.04611336439847946,0.803396463394165,0.7914932370185852,0.12678757309913635,0.21006548404693604,0.4434894025325775,0.19334357976913452,0.6950363516807556,0.692755937576294,0.0534910224378109,0.4061000645160675,0.3629666864871979,0.043227504938840866,0.24445326626300812,0.280383437871933,0.06133921816945076,0.02961871027946472,-0.029287753626704216,0.07828260958194733,0.018222391605377197,0.01317780464887619,0.18445126712322235,-0.23946937918663025,-0.24195879697799683,0.2764873802661896
wqp,wqp:21AWIC-23,test,2023-11,2023-12,0.5005784630775452,0.45832374691963196,0.04675928130745888,0.8005552887916565,0.809644341468811,0.12614896893501282,0.21006548404693604,0.20422029495239258,0.18875367939472198,0.6931190490722656,0.6950363516807556,0.05335520580410957,0.41258758306503296,0.4061000645160675,0.04348224028944969,0.24445326626300812,0.24445326626300812,0.06111322343349457,0.045693427324295044,0.015472746454179287,0.07827017456293106,-0.002841174602508545,-0.021973658353090286,0.18157236278057098,0.0,-0.14023128151893616,0.28055307269096375
wqp,wqp:21AWIC-81,test,2022-12,2023-01,0.4636143147945404,0.41717517375946045,0.045693881809711456,0.7181283831596375,0.7449246644973755,0.12503819167613983,0.21006548404693604,0.22431039810180664,0.17937543988227844,0.6950628757476807,0.690851092338562,0.05242692679166794,0.4095008969306946,0.38348639011383057,0.0422959066927433,0.24445326626300812,0.24612151086330414,0.05868329852819443,0.049424946308135986,0.04434890300035477,0.07635274529457092,-0.021000444889068604,-0.09464378654956818,0.1808578073978424,0.006913989782333374,-0.3727681636810303,0.27917423844337463
wqp,wqp:21AWIC-81,test,2023-01,2023-02,0.3903965353965759,0.4631170630455017,0.043829962611198425,0.6350860595703125,0.7270634174346924,0.1218634843826294,0.21006548404693604,0.2130940854549408,0.17781133949756622,0.6843924522399902,0.6950628757476807,0.05030859261751175,0.37579554319381714,0.4095008969306946,0.04092073440551758,0.24445326626300812,0.24445326626300812,0.056728411465883255,-0.07321777939796448,0.036386121064424515,0.07526043057441711,-0.08304232358932495,-0.028122715651988983,0.18076470494270325,0.0,0.05284128710627556,0.27424079179763794
wqp,wqp:21AWIC-81,test,2023-02,2023-03,0.44560477137565613,0.4007301330566406,0.04384641349315643,0.5223767161369324,0.6561149954795837,0.12199848145246506,0.1713159680366516,0.2287321388721466,0.18620452284812927,0.6947148442268372,0.6843924522399902,0.050977710634469986,0.3325900137424469,0.37579554319381714,0.041014641523361206,0.23823416233062744,0.24445326626300812,0.057757437229156494,0.0552082359790802,-0.06922520697116852,0.07618614286184311,-0.11270934343338013,-0.061894018203020096,0.18416225910186768,-0.038749516010284424,0.041351839900016785,0.27464759349823
wqp,wqp:21AWIC-81,test,2023-03,2023-04,0.3903965353965759,0.44528084993362427,0.04569531977176666,0.8438605666160583,0.5436782836914062,0.12430601567029953,0.6387949585914612,0.200163334608078,0.19693562388420105,0.6843924522399902,0.6947148442268372,0.05304379388689995,0.37929749488830566,0.3325900137424469,0.04226496070623398,0.30002561211586,0.23823416233062744,0.06028905138373375,-0.0552082359790802,0.043811582028865814,0.07845819741487503,0.321483850479126,-0.09306637942790985,0.18803952634334564,0.46747899055480957,0.022884376347064972,0.27848753333091736
wqp,wqp:21AWIC-81,test,2023-04,2023-05,0.4357387125492096,0.3986174166202545,0.04623725637793541,0.7573767304420471,0.8225479125976562,0.12309148162603378,0.7232059836387634,0.6195892691612244,0.1907457411289215,0.6939959526062012,0.6843924522399902,0.05172942206263542,0.37696370482444763,0.37929749488830566,0.041942670941352844,0.2388070821762085,0.30002561211586,0.05931658670306206,0.04534217715263367,-0.06017397344112396,0.07770830392837524,-0.08648383617401123,0.25345349311828613,0.18152090907096863,0.08441102504730225,0.3099440336227417,0.2769574820995331
wqp,wqp:21AWIC-81,test,2023-05,2023-06,0.7300865054130554,0.4412909746170044,0.047373462468385696,0.5400499701499939,0.7636173963546753,0.12645810842514038,0.4280346632003784,0.7193009853363037,0.17901568114757538,0.6390725374221802,0.6939959526062012,0.05333353579044342,0.2990710735321045,0.37696370482444763,0.042276106774806976,0.24657627940177917,0.2388070821762085,0.05866681784391403,0.2943477928638458,0.03415935859084129,0.07680550217628479,-0.21732676029205322,-0.08131133019924164,0.18693283200263977,-0.295171320438385,0.012026377022266388,0.2742670178413391
wqp,wqp:21AWIC-81,test,2023-06,2023-07,0.3087659478187561,0.7122948169708252,0.046876776963472366,0.8280416131019592,0.5504616498947144,0.1288810670375824,0.9017599821090698,0.45283710956573486,0.17020851373672485,0.6233358383178711,0.6390725374221802,0.05346961319446564,0.36688512563705444,0.2990710735321045,0.041938070207834244,0.19083556532859802,0.24657627940177917,0.056781426072120667,-0.4213205575942993,0.24987906217575073,0.0762057676911354,0.28799164295196533,-0.2070113718509674,0.1930469274520874,0.4737253189086914,-0.1860046237707138,0.26910853385925293
wqp,wqp:21AWIC-81,test,2023-07,2023-08,0.49392274022102356,0.34693941473960876,0.045681364834308624,0.7795706391334534,0.8210789561271667,0.12689638137817383,0.819441020488739,0.8620960116386414,0.16710613667964935,0.693632960319519,0.6233358383178711,0.051527734845876694,0.3865238428115845,0.36688512563705444,0.04207883030176163,0.24360936880111694,0.19083556532859802,0.05615048483014107,0.18515679240226746,-0.37807002663612366,0.07633702456951141,-0.04847097396850586,0.26595866680145264,0.1895686537027359,-0.08231896162033081,0.24375876784324646,0.26419806480407715
wqp,wqp:21AWIC-81,test,2023-08,2023-09,0.5410079956054688,0.4826973080635071,0.04334092140197754,0.8600860238075256,0.7873768210411072,0.12591218948364258,0.8985548615455627,0.8054913282394409,0.17268423736095428,0.6897610425949097,0.693632960319519,0.050834640860557556,0.3737756013870239,0.3865238428115845,0.04042578488588333,0.1969248205423355,0.24360936880111694,0.05570455268025398,0.04708525538444519,0.1524566113948822,0.07456787675619125,0.08051538467407227,-0.05802048370242119,0.19100424647331238,0.07911384105682373,-0.11853089928627014,0.2598089575767517
wqp,wqp:21AWIC-81,test,2023-09,2023-10,0.5005784630775452,0.5377581715583801,0.04349920526146889,0.8396332859992981,0.8689898252487183,0.12430679053068161,0.851605236530304,0.8597949743270874,0.1840948462486267,0.6931190490722656,0.6897610425949097,0.050943873822689056,0.3702116906642914,0.3737756013870239,0.0412224717438221,0.24071291089057922,0.1969248205423355,0.05801082029938698,-0.040429532527923584,0.027163492515683174,0.07548854500055313,-0.02045273780822754,0.05425332859158516,0.18601414561271667,-0.04694962501525879,-0.04027111083269119,0.26420649886131287
wqp,wqp:21AWIC-81,test,2023-10,2023-11,0.377882182598114,0.5091225504875183,0.044792190194129944,0.8468671441078186,0.8603606224060059,0.12418847531080246,0.38665375113487244,0.8111534118652344,0.1886747181415558,0.6795026659965515,0.6931190490722656,0.05209631100296974,0.37229350209236145,0.3702116906642914,0.042309120297431946,0.26498550176620483,0.24071291089057922,0.0600864477455616,-0.12269628047943115,-0.047503117471933365,0.07612022012472153,0.007233858108520508,-0.02615838125348091,0.18195219337940216,-0.4649514853954315,-0.1356000304222107,0.27144816517829895
wqp,wqp:21AWIC-81,test,2023-11,2023-12,0.3087659478187561,0.3959273099899292,0.045890651643276215,0.8659971952438354,0.855503499507904,0.12501874566078186,0.1570340394973755,0.38804495334625244,0.18528278172016144,0.6233358383178711,0.6795026659965515,0.05265888199210167,0.37463897466659546,0.37229350209236145,0.042603373527526855,0.23930427432060242,0.26498550176620483,0.06002616509795189,-0.06911623477935791,-0.11894303560256958,0.0766863152384758,0.019130051136016846,-0.02863146737217903,0.17939238250255585,-0.22961971163749695,-0.3224008083343506,0.27874407172203064
wqp,wqp:21AWIC-81,test,2023-12,2024-01,0.5563757419586182,0.32249587774276733,0.04582511633634567,0.6249539256095886,0.8693185448646545,0.12466020882129669,0.20320814847946167,0.16191904246807098,0.17994970083236694,0.688568651676178,0.6233358383178711,0.05209421366453171,0.3042626976966858,0.37463897466659546,0.04252833500504494,0.2470734566450119,0.23930427432060242,0.05886317417025566,0.24760979413986206,-0.06715161353349686,0.0769970640540123,-0.24104326963424683,-0.012236062437295914,0.18021975457668304,0.04617410898208618,-0.11271480470895767,0.27919837832450867
wqp,wqp:21AWIC-81,test,2024-01,2024-02,0.5855022072792053,0.541332483291626,0.04444073140621185,0.49678581953048706,0.6522570848464966,0.12311485409736633,0.1550062894821167,0.20205818116664886,0.1794753223657608,0.6861151456832886,0.688568651676178,0.051459841430187225,0.3686670958995819,0.3042626976966858,0.04174777865409851,0.28009071946144104,0.2470734566450119,0.057634297758340836,0.029126465320587158,0.2148604691028595,0.07600772380828857,-0.12816810607910156,-0.2004372775554657,0.18458034098148346,-0.04820185899734497,0.06509667634963989,0.2742878794670105
wqp,wqp:21AWIC-81,test,2024-02,2024-03,0.4795961081981659,0.5848278403282166,0.04369797185063362,0.6003816723823547,0.5225973725318909,0.12189911305904388,0.16498731076717377,0.17639559507369995,0.18687312304973602,0.6945454478263855,0.6861151456832886,0.05098873749375343,0.2875247001647949,0.3686670958995819,0.04096795618534088,0.2365972399711609,0.28009071946144104,0.05765925347805023,-0.10590609908103943,0.018408019095659256,0.07597645372152328,0.10359585285186768,-0.09827028214931488,0.1847258359193802,0.009981021285057068,0.015985876321792603,0.274251252412796
wqp,wqp:21AWIC-81,test,2024-03,2024-04,0.5247095823287964,0.48878875374794006,0.04555361717939377,0.5236340761184692,0.6049637794494629,0.12359829992055893,0.45420485734939575,0.1911953240633011,0.19699601829051971,0.6910908818244934,0.6945454478263855,0.052533771842718124,0.5333812832832336,0.2875247001647949,0.04217841103672981,0.4404764473438263,0.2365972399711609,0.05998358875513077,0.04511347413063049,-0.10302437841892242,0.07861243933439255,-0.0767475962638855,0.08047410100698471,0.1859295517206192,0.2892175316810608,0.06510964035987854,0.2790595293045044
wqp,wqp:21AWIC-81,test,2024-04,2024-05,0.35254183411598206,0.5279601216316223,0.045850250869989395,0.8330680727958679,0.5412099361419678,0.12325811386108398,0.7814879417419434,0.4526495039463043,0.1908661425113678,0.6657311916351318,0.6910908818244934,0.052043113857507706,0.3768377900123596,0.5333812832832336,0.04141164571046829,0.23738522827625275,0.4404764473438263,0.059147629886865616,-0.17216774821281433,0.03480228781700134,0.07661032676696777,0.3094339966773987,-0.054555539041757584,0.18364623188972473,0.3272830843925476,0.19086307287216187,0.2761359214782715
wqp,wqp:21AWIC-81,test,2024-05,2024-06,0.4869430661201477,0.3730660378932953,0.04722876846790314,0.8393651843070984,0.8113740086555481,0.12505804002285004,0.7986143231391907,0.7612842321395874,0.17893657088279724,0.6941178441047668,0.6657311916351318,0.0522083155810833,0.370303213596344,0.3768377900123596,0.04217864200472832,0.24005632102489471,0.23738522827625275,0.05818573758006096,0.13440123200416565,-0.1609266996383667,0.07699214667081833,0.006297111511230469,0.2470548450946808,0.18273702263832092,0.017126381397247314,0.18004979193210602,0.27460238337516785
wqp,wqp:21AWIC-81,test,2024-06,2024-07,0.4548850357532501,0.4841379225254059,0.04554937034845352,0.7166593670845032,0.8305844664573669,0.12587185204029083,0.7986143231391907,0.792782187461853,0.1651735007762909,0.6950363516807556,0.6941178441047668,0.05135126784443855,0.35643622279167175,0.370303213596344,0.0406162291765213,0.24005632102489471,0.24005632102489471,0.055125437676906586,-0.03205803036689758,0.10787471383810043,0.07439962774515152,-0.12270581722259521,-0.02080332674086094,0.18697328865528107,0.0,-0.025550387799739838,0.2655104100704193
wqp,wqp:21AWIC-81,test,2024-07,2024-08,0.31804952025413513,0.46450695395469666,0.044263675808906555,0.8546301126480103,0.7324541807174683,0.1261257529258728,0.7311479449272156,0.7909489274024963,0.16384707391262054,0.6352501511573792,0.6950363516807556,0.05104730650782585,0.37309974431991577,0.35643622279167175,0.040367964655160904,0.23782017827033997,0.24005632102489471,0.05456748604774475,-0.136835515499115,-0.0365397110581398,0.07384904474020004,0.13797074556350708,-0.09562084078788757,0.1908695548772812,-0.0674663782119751,-0.06271098554134369,0.2605475187301636
wqp,wqp:21AWIC-81,test,2024-08,2024-09,0.3402539789676666,0.3329722583293915,0.04346553236246109,0.8670448064804077,0.8527944087982178,0.12560611963272095,0.7841016054153442,0.7232971787452698,0.17301493883132935,0.6567624807357788,0.6352501511573792,0.05053965374827385,0.373651385307312,0.37309974431991577,0.04046162590384483,0.23771847784519196,0.23782017827033997,0.05564780533313751,0.022204458713531494,-0.13086208701133728,0.0749197006225586,0.012414693832397461,0.10246232897043228,0.18891559541225433,0.05295366048812866,-0.09038364887237549,0.26130375266075134
wqp,wqp:21DELAWQ_WQX-108111,test,2023-02,2023-03,0.6059609651565552,0.4844748079776764,0.042405854910612106,0.7811267375946045,0.5071451663970947,0.12010300904512405,0.47238689661026,0.4659050405025482,0.1810026466846466,0.26939132809638977,0.8113250732421875,0.04966425895690918,0.35997092723846436,0.7212628126144409,0.03929111734032631,0.1339905858039856,0.6154367327690125,0.05604284629225731,0.12867513298988342,0.020602839067578316,0.07325775176286697,0.3104505240917206,-0.1884157359600067,0.18058991432189941,0.018950670957565308,-0.0023948494344949722,0.27201664447784424
wqp,wqp:21DELAWQ_WQX-108111,test,2023-03,2023-04,0.5872484445571899,0.5910642147064209,0.04620235785841942,0.7886573076248169,0.7538706660270691,0.1250702142715454,0.8164769411087036,0.47833842039108276,0.1983042061328888,0.2976386249065399,0.26939132809638977,0.052697792649269104,0.35094568133354187,0.35997092723846436,0.043178990483284,0.23320309817790985,0.1339905858039856,0.06097373738884926,-0.018712520599365234,0.09559015184640884,0.08021728694438934,0.007530570030212402,0.21401068568229675,0.18616646528244019,0.3440900444984436,0.03923414647579193,0.2791057527065277
wqp,wqp:21DELAWQ_WQX-108111,test,2023-04,2023-05,0.6511352062225342,0.591477632522583,0.04871545359492302,0.7615990042686462,0.794123113155365,0.12779979407787323,0.17459507286548615,0.7908241748809814,0.19661547243595123,0.3049832284450531,0.2976386249065399,0.05520494282245636,0.3746790885925293,0.35094568133354187,0.044995009899139404,0.2437058836221695,0.23320309817790985,0.06307064741849899,0.06388676166534424,-0.024512164294719696,0.081156425178051,-0.027058303356170654,0.0071358829736709595,0.18967056274414062,-0.6418818831443787,0.16034464538097382,0.2808628976345062
wqp,wqp:21DELAWQ_WQX-108111,test,2023-05,2023-06,0.6670570373535156,0.6508941054344177,0.05019490420818329,0.6081610321998596,0.7497335076332092,0.13255713880062103,0.8783935308456421,0.22931507229804993,0.18813179433345795,0.3481290936470032,0.3049832284450531,0.05672846734523773,0.3524019420146942,0.3746790885925293,0.04485755041241646,0.22537866234779358,0.2437058836221695,0.06189108267426491,0.015921831130981445,0.0465204119682312,0.08170844614505768,-0.15343797206878662,-0.08366753160953522,0.19375956058502197,0.7037984728813171,-0.3934721350669861,0.28341516852378845
wqp,wqp:21DELAWQ_WQX-108111,test,2023-06,2023-07,0.7029100060462952,0.6686396598815918,0.05014882609248161,0.4384652376174927,0.6339055895805359,0.13221266865730286,0.9274830222129822,0.8240516185760498,0.17647691071033478,0.25878116488456726,0.3481290936470032,0.05625693127512932,0.384456992149353,0.3524019420146942,0.04611073434352875,0.13061222434043884,0.22537866234779358,0.06110774353146553,0.03585296869277954,0.010211104527115822,0.08093447983264923,-0.16969579458236694,-0.08577673882246017,0.19783157110214233,0.04908949136734009,0.40007489919662476,0.27317917346954346
wqp,wqp:21DELAWQ_WQX-109131,test,2022-12,2023-01,0.6319524645805359,0.5200566649436951,0.04893255978822708,0.7779081463813782,0.8431224226951599,0.1292826235294342,0.47574976086616516,0.4443236291408539,0.18734392523765564,0.255381315946579,0.3390856683254242,0.05550356209278107,0.3684120178222656,0.3779246211051941,0.04645945876836777,0.13110940158367157,0.13110940158367157,0.06323902308940887,0.1157713532447815,0.00134603725746274,0.08166472613811493,-0.059406161308288574,0.0013897847384214401,0.1868993192911148,0.0,-0.03927722945809364,0.2841087579727173
wqp,wqp:21DELAWQ_WQX-109131,test,2023-01,2023-02,0.6468526124954224,0.6232021450996399,0.04722219705581665,0.7264987230300903,0.7871822714805603,0.12773223221302032,0.36343616247177124,0.45818233489990234,0.1859218180179596,0.30418890714645386,0.255381315946579,0.05430539324879646,0.36858847737312317,0.3684120178222656,0.045164912939071655,0.20683710277080536,0.13110940158367157,0.06145536154508591,0.014900147914886475,0.09501873701810837,0.08057638257741928,-0.05140942335128784,-0.062001366168260574,0.18903212249279022,-0.11231359839439392,-0.02311328984797001,0.2801288664340973
wqp,wqp:21DELAWQ_WQX-109131,test,2023-02,2023-03,0.6672085523605347,0.64482581615448,0.04619907587766647,0.8843997716903687,0.7377746105194092,0.1264558881521225,0.4649307429790497,0.37496212124824524,0.19262689352035522,0.2517598569393158,0.30418890714645386,0.0538339763879776,0.37396663427352905,0.36858847737312317,0.04398949071764946,0.1402587741613388,0.20683710277080536,0.06112884357571602,0.020355939865112305,0.0043391091749072075,0.08026373386383057,0.15790104866027832,-0.05420369654893875,0.18999353051185608,0.10149458050727844,-0.06337682902812958,0.27950814366340637
wqp,wqp:21DELAWQ_WQX-109131,test,2023-03,2023-04,0.6055216193199158,0.6621387004852295,0.047312699258327484,0.8440991044044495,0.8732753396034241,0.1270243227481842,0.46708327531814575,0.46660465002059937,0.20112140476703644,0.25779300928115845,0.2517598569393158,0.054381031543016434,0.37176263332366943,0.37396663427352905,0.044545453041791916,0.1384676694869995,0.1402587741613388,0.06275392323732376,-0.061686933040618896,0.0036290138959884644,0.08206161856651306,-0.04030066728591919,0.1019209772348404,0.189855694770813,0.0021525323390960693,0.0754299908876419,0.2816391587257385
wqp,wqp:21DELAWQ_WQX-109131,test,2023-04,2023-05,0.7330278754234314,0.6124351620674133,0.050318919122219086,0.8219625353813171,0.8491505980491638,0.1309913843870163,0.47574976086616516,0.4761405885219574,0.20197740197181702,0.24265806376934052,0.25779300928115845,0.057317133992910385,0.37195977568626404,0.37176263332366943,0.04641202837228775,0.13110940158367157,0.1384676694869995,0.0650666356086731,0.12750625610351562,-0.061661120504140854,0.08393709361553192,-0.022136569023132324,-0.05200958624482155,0.19406341016292572,0.00866648554801941,-0.014896636828780174,0.2859525680541992
wqp,wqp:21DELAWQ_WQX-109131,test,2023-05,2023-06,0.8492424488067627,0.72403484582901,0.051224853843450546,0.7870901226997375,0.8167086243629456,0.1331241875886917,0.9239504337310791,0.4791991114616394,0.1904112845659256,0.38572242856025696,0.24265806376934052,0.057486195117235184,0.3833387792110443,0.37195977568626404,0.04655803367495537,0.1307961791753769,0.13110940158367157,0.06357081979513168,0.1162145733833313,0.10300413519144058,0.08342278748750687,-0.03487241268157959,-0.05115179717540741,0.19583232700824738,0.44820067286491394,-0.0036754142493009567,0.2828502953052521
wqp,wqp:21DELAWQ_WQX-109191,test,2022-12,2023-01,0.7010396122932434,0.6240606904029846,0.04958581551909447,0.8019207715988159,0.7790432572364807,0.13040035963058472,0.47574976086616516,0.4423966407775879,0.18929482996463776,0.2448377013206482,0.25707927346229553,0.056506384164094925,0.3793167173862457,0.3545226454734802,0.047398678958415985,0.13110940158367157,0.13110940158367157,0.06429319083690643,0.08311718702316284,-0.03534168004989624,0.08255147933959961,0.04237920045852661,-0.07550686597824097,0.1892746090888977,0.0,-0.05740414932370186,0.2852345407009125
wqp,wqp:21DELAWQ_WQX-109191,test,2023-01,2023-02,0.6585522890090942,0.6925599575042725,0.04703390970826149,0.863673985004425,0.8026492595672607,0.12735667824745178,0.15732741355895996,0.45732975006103516,0.18589337170124054,0.2692908048629761,0.2448377013206482,0.05394700542092323,0.3813084363937378,0.3793167173862457,0.04502100870013237,0.24775315821170807,0.13110940158367157,0.06120888143777847,-0.04248732328414917,0.06302429735660553,0.08055131882429123,0.06175321340560913,0.016790563240647316,0.18793895840644836,-0.3184223473072052,-0.017772316932678223,0.2801869213581085
wqp,wqp:21DELAWQ_WQX-109191,test,2023-02,2023-03,0.6351150274276733,0.6598374843597412,0.04605262726545334,0.8733423948287964,0.8582619428634644,0.12658287584781647,0.33849191665649414,0.19071850180625916,0.1929733157157898,0.2727472186088562,0.2692908048629761,0.05360013246536255,0.373971551656723,0.3813084363937378,0.04364083334803581,0.21838049590587616,0.24775315821170807,0.06078316271305084,-0.0234372615814209,-0.05004867911338806,0.08058807998895645,0.009668409824371338,0.012659374624490738,0.1890573650598526,0.18116450309753418,-0.15351378917694092,0.28082361817359924
wqp,wqp:21DELAWQ_WQX-109191,test,2023-03,2023-04,0.5431503057479858,0.6367809772491455,0.04777288809418678,0.8616542220115662,0.8779581189155579,0.1277974545955658,0.17006251215934753,0.3431147336959839,0.20243914425373077,0.26590338349342346,0.2727472186088562,0.05514686554670334,0.37266501784324646,0.373971551656723,0.04500987008213997,0.25815296173095703,0.21838049590587616,0.06342016160488129,-0.0919647216796875,-0.029244448989629745,0.08274586498737335,-0.011688172817230225,-0.005296987481415272,0.19185151159763336,-0.1684294044971466,0.13714493811130524,0.28292521834373474
wqp,wqp:21DELAWQ_WQX-109191,test,2023-04,2023-05,0.8767690658569336,0.554061770439148,0.050661828368902206,0.6813338994979858,0.8604608178138733,0.1318308264017105,0.47574976086616516,0.20352928340435028,0.20359596610069275,0.3305734097957611,0.26590338349342346,0.05770352482795715,0.3838484287261963,0.37266501784324646,0.046460043638944626,0.13110940158367157,0.25815296173095703,0.06519640237092972,0.33361876010894775,-0.08634033799171448,0.08472266793251038,-0.18032032251358032,-0.04219261556863785,0.19453532993793488,0.3056872487068176,-0.06832005828619003,0.2883918285369873
wqp,wqp:21DELAWQ_WQX-109191,test,2023-05,2023-06,0.8357493281364441,0.849582850933075,0.051328107714653015,0.15918533504009247,0.693195104598999,0.13304226100444794,0.4899052381515503,0.4598618447780609,0.19144105911254883,0.2793232202529907,0.3305734097957611,0.05773621052503586,0.33133190870285034,0.3838484287261963,0.046863023191690445,0.2575126588344574,0.13110940158367157,0.06389348953962326,-0.0410197377204895,0.2862119674682617,0.08348222076892853,-0.5221485495567322,-0.16269230842590332,0.19785326719284058,0.014155477285385132,0.18082702159881592,0.2817152738571167
wqp,wqp:21DELAWQ_WQX-110011,test,2022-12,2023-01,0.6055216193199158,0.6132160425186157,0.047113046050071716,0.9100258350372314,0.9285997152328491,0.126687154173851,0.21006548404693604,0.4422360062599182,0.18351997435092926,0.25779300928115845,0.28270652890205383,0.05340177193284035,0.45476895570755005,0.45104190707206726,0.04459378123283386,0.24445326626300812,0.13110940158367157,0.06107846647500992,-0.016098201274871826,0.11707323789596558,0.07936862856149673,-0.017491936683654785,-0.031548503786325455,0.18362697958946228,-0.2656842768192291,-0.018181145191192627,0.2795165479183197
wqp,wqp:21DELAWQ_WQX-110011,test,2023-01,2023-02,0.6736696362495422,0.6086974740028381,0.04535677656531334,0.9203977584838867,0.910099446773529,0.12519800662994385,0.21006548404693604,0.2233177274465561,0.18211215734481812,0.25114426016807556,0.25779300928115845,0.05221325904130936,0.45759817957878113,0.45476895570755005,0.04286016523838043,0.24445326626300812,0.24445326626300812,0.05896669998764992,0.06814801692962646,-0.024268358945846558,0.07820078730583191,0.010371923446655273,-0.04907480627298355,0.18444202840328217,0.0,-0.1415272355079651,0.2779374122619629
wqp,wqp:21DELAWQ_WQX-110011,test,2023-02,2023-03,0.5522267818450928,0.6672648787498474,0.04469018056988716,0.921513557434082,0.9188331365585327,0.12412086874246597,0.17954173684120178,0.22287863492965698,0.1896163672208786,0.2894648611545563,0.25114426016807556,0.0517769381403923,0.45494595170021057,0.45759817957878113,0.04230497404932976,0.2573421597480774,0.24445326626300812,0.05920539051294327,-0.12144285440444946,0.048554327338933945,0.07873091101646423,0.0011157989501953125,-0.02234438806772232,0.18632355332374573,-0.030523747205734253,0.05224401503801346,0.2763172388076782
wqp,wqp:21DELAWQ_WQX-110011,test,2023-03,2023-04,0.777772068977356,0.5641425848007202,0.04640974849462509,0.9217601418495178,0.9244900941848755,0.12589898705482483,0.9024064540863037,0.20549315214157104,0.19921867549419403,0.18881022930145264,0.2894648611545563,0.05361378565430641,0.4558299779891968,0.45494595170021057,0.043293096125125885,0.17480747401714325,0.2573421597480774,0.06156731769442558,0.22554528713226318,-0.11581483483314514,0.08074769377708435,0.000246584415435791,-0.023065460845828056,0.18858826160430908,0.7228647470474243,0.028556790202856064,0.2808340787887573
wqp,wqp:21DELAWQ_WQX-110011,test,2023-04,2023-05,0.7348482608795166,0.759462833404541,0.04824230447411537,0.9129005074501038,0.9250375628471375,0.12689368426799774,0.4663090109825134,0.8477382063865662,0.1963762640953064,0.22880735993385315,0.18881022930145264,0.05435281619429588,0.4601859152317047,0.4558299779891968,0.04488249123096466,0.2879544198513031,0.17480747401714325,0.06280042976140976,-0.042923808097839355,0.18699923157691956,0.08118155598640442,-0.008859634399414062,-0.0011124316370114684,0.1892729550600052,-0.4360974431037903,0.42714035511016846,0.27798935770988464
wqp,wqp:21DELAWQ_WQX-110011,test,2023-05,2023-06,0.6611010432243347,0.742777943611145,0.04858100041747093,0.9217601418495178,0.9014884233474731,0.12968069314956665,0.9107152223587036,0.4977782070636749,0.1837805211544037,0.30894845724105835,0.22880735993385315,0.05483819916844368,0.4558299779891968,0.4601859152317047,0.04362195357680321,0.22092461585998535,0.2879544198513031,0.060315292328596115,-0.07374721765518188,-0.05049074813723564,0.07960685342550278,0.008859634399414062,-0.05946219339966774,0.18955233693122864,0.4444062113761902,-0.2910151481628418,0.2790735960006714
wqp,wqp:21DELAWQ_WQX-110011,test,2023-06,2023-07,0.7453580498695374,0.6713452339172363,0.04779000207781792,0.9111817479133606,0.9222356677055359,0.1289946585893631,0.9274830222129822,0.8712405562400818,0.17097266018390656,0.22120864689350128,0.30894845724105835,0.05351921170949936,0.46095582842826843,0.4558299779891968,0.04352452605962753,0.13061222434043884,0.22092461585998535,0.05829498916864395,0.08425700664520264,-0.07412882894277573,0.07824913412332535,-0.010578393936157227,0.011126206256449223,0.1913411021232605,0.016767799854278564,0.22114503383636475,0.26960489153862
wqp,wqp:21DELAWQ_WQX-110011,test,2023-07,2023-08,0.7348482608795166,0.7395880818367004,0.04581465199589729,0.9142440557479858,0.9082216620445251,0.1292622685432434,0.9274830222129822,0.9039501547813416,0.16833285987377167,0.22880735993385315,0.22120864689350128,0.05253591015934944,0.4712255001068115,0.46095582842826843,0.042470164597034454,0.13061222434043884,0.13061222434043884,0.056839898228645325,-0.010509788990020752,0.05930061638355255,0.07710350304841995,0.003062307834625244,-0.029479963704943657,0.19429877400398254,0.0,-0.07972639054059982,0.2629663348197937
wqp,wqp:21DELAWQ_WQX-110011,test,2023-08,2023-09,0.6550045609474182,0.7340512275695801,0.0448014922440052,0.8853257894515991,0.9213337898254395,0.12845775485038757,0.9032405614852905,0.8975507020950317,0.17720577120780945,0.3123158812522888,0.22880735993385315,0.052350711077451706,0.45226576924324036,0.4712255001068115,0.042539115995168686,0.1878717839717865,0.13061222434043884,0.0580708347260952,-0.07984369993209839,-0.024196423590183258,0.07749494165182114,-0.02891826629638672,-0.00993772130459547,0.19404444098472595,-0.02424246072769165,-0.1079377606511116,0.26261821389198303
wqp,wqp:21DELAWQ_WQX-110011,test,2023-09,2023-10,0.592918872833252,0.6621195673942566,0.04544660076498985,0.9275177717208862,0.905531644821167,0.12804293632507324,0.2418137788772583,0.8654053807258606,0.18963924050331116,0.3175346851348877,0.3123158812522888,0.05342871695756912,0.45104190707206726,0.45226576924324036,0.04360489919781685,0.3675481975078583,0.1878717839717865,0.06093452870845795,-0.06208568811416626,-0.08236068487167358,0.07871593534946442,0.04219198226928711,-0.02951718494296074,0.1911124736070633,-0.6614267826080322,-0.1397613286972046,0.26847749948501587
wqp,wqp:21DELAWQ_WQX-110011,test,2023-10,2023-11,0.611979603767395,0.6005308032035828,0.0467999242246151,0.9275177717208862,0.9258806109428406,0.12901227176189423,0.47574976086616516,0.2613687217235565,0.19634822010993958,0.32005444169044495,0.3175346851348877,0.05447136238217354,0.45104190707206726,0.45104190707206726,0.044039271771907806,0.13110940158367157,0.3675481975078583,0.06240486726164818,0.019060730934143066,-0.06910178065299988,0.08009914308786392,0.0,-0.027952268719673157,0.1864081621170044,0.23393598198890686,-0.43841552734375,0.2793937921524048
wqp,wqp:21DELAWQ_WQX-110011,test,2023-11,2023-12,0.6705855131149292,0.6136429309844971,0.04846357926726341,0.9275177717208862,0.9414623975753784,0.12826503813266754,0.21006548404693604,0.42519932985305786,0.1932831108570099,0.2513117492198944,0.32005444169044495,0.05490308627486229,0.45104190707206726,0.45104190707206726,0.04602940008044243,0.24445326626300812,0.13110940158367157,0.06388993561267853,0.05860590934753418,0.007078249007463455,0.08136428147554398,0.0,-0.014183848164975643,0.18517586588859558,-0.2656842768192291,0.10104736685752869,0.28178027272224426
wqp,wqp:21DELAWQ_WQX-110011,test,2023-12,2024-01,0.6364668607711792,0.6689632534980774,0.046919580549001694,0.882660448551178,0.9253354668617249,0.12695714831352234,0.21006548404693604,0.206014946103096,0.18395601212978363,0.2549575865268707,0.2513117492198944,0.0534081868827343,0.46236276626586914,0.45104190707206726,0.04420112818479538,0.24445326626300812,0.24445326626300812,0.0607086643576622,-0.03411865234375,0.039460718631744385,0.07932864129543304,-0.04485732316970825,-0.045464180409908295,0.18339189887046814,0.0,-0.15755429863929749,0.2810370624065399
wqp,wqp:21DELAWQ_WQX-110011,test,2024-01,2024-02,0.6318240165710449,0.6408456563949585,0.04556168615818024,0.8264757990837097,0.8899713754653931,0.12513653934001923,0.21006548404693604,0.20721688866615295,0.18303309381008148,0.308735191822052,0.2549575865268707,0.052295807749032974,0.44789841771125793,0.46236276626586914,0.04320978373289108,0.24445326626300812,0.24445326626300812,0.05933387205004692,-0.004642844200134277,-0.03759807348251343,0.07863666117191315,-0.05618464946746826,-0.05401196330785751,0.18499432504177094,0.0,0.025562947615981102,0.2779119908809662
wqp,wqp:21DELAWQ_WQX-110011,test,2024-02,2024-03,0.6703444123268127,0.6330404877662659,0.04495857283473015,0.7958484292030334,0.8365509510040283,0.12436382472515106,0.21006548404693604,0.22288751602172852,0.19022493064403534,0.2726646065711975,0.308735191822052,0.05221683159470558,0.45770907402038574,0.44789841771125793,0.04257567599415779,0.24445326626300812,0.24445326626300812,0.05954708531498909,0.03852039575576782,-0.012357207015156746,0.07882792502641678,-0.03062736988067627,-0.06096632778644562,0.18710771203041077,0.0,0.037245020270347595,0.27692610025405884
wqp,wqp:21DELAWQ_WQX-110011,test,2024-03,2024-04,0.6024172306060791,0.6675481200218201,0.046327363699674606,0.6149455904960632,0.8014096021652222,0.12579765915870667,0.19778810441493988,0.23000404238700867,0.19964885711669922,0.2580544054508209,0.2726646065711975,0.05354476347565651,0.4083429276943207,0.45770907402038574,0.043321393430233,0.2502671182155609,0.24445326626300812,0.061531100422143936,-0.06792718172073364,0.02398168481886387,0.0805516242980957,-0.18090283870697021,-0.04862256348133087,0.1890784502029419,-0.012277379631996155,0.040971118956804276,0.27983710169792175
wqp,wqp:21DELAWQ_WQX-110011,test,2024-04,2024-05,0.6722462177276611,0.6123364567756653,0.05028730258345604,0.9275177717208862,0.6386039853096008,0.13091757893562317,0.18896788358688354,0.21929359436035156,0.20344588160514832,0.2510780692100525,0.2580544054508209,0.05740530416369438,0.45104190707206726,0.4083429276943207,0.04626082256436348,0.3705630898475647,0.2502671182155609,0.06496861577033997,0.06982898712158203,-0.06123010069131851,0.08371445536613464,0.312572181224823,-0.15008330345153809,0.19492080807685852,-0.008820220828056335,0.0029632290825247765,0.28621459007263184
wqp,wqp:21DELAWQ_WQX-110011,test,2024-05,2024-06,0.6495429277420044,0.6678217053413391,0.04939065873622894,0.9275177717208862,0.8880877494812012,0.13001157343387604,0.9274830222129822,0.20821520686149597,0.18740558624267578,0.3034774363040924,0.2510780692100525,0.05465324968099594,0.45104190707206726,0.45104190707206726,0.04431694746017456,0.13061222434043884,0.3705630898475647,0.060808658599853516,-0.02270328998565674,0.048181165009737015,0.08157403767108917,0.0,0.19829514622688293,0.18878862261772156,0.7385151386260986,0.0690661370754242,0.28128549456596375
wqp,wqp:21DELAWQ_WQX-110011,test,2024-06,2024-07,0.7152350544929504,0.6542227864265442,0.049283452332019806,0.8226074576377869,0.9308235049247742,0.1307855099439621,0.5388120412826538,0.8685300350189209,0.17450588941574097,0.4403188228607178,0.3034774363040924,0.05491878464818001,0.4473196268081665,0.45104190707206726,0.045253362506628036,0.2580183446407318,0.13061222434043884,0.06018026918172836,0.06569212675094604,-0.027616960927844048,0.08043614774942398,-0.10491031408309937,0.01539038959890604,0.19466532766819,-0.38867098093032837,0.4283052086830139,0.2715546488761902
wqp,wqp:21DELAWQ_WQX-205181,test,2022-12,2023-01,0.8665705919265747,0.8532219529151917,0.048125382512807846,0.7909647226333618,0.7966070175170898,0.1283765733242035,0.1612328439950943,0.19419996440410614,0.1876169741153717,0.3164523243904114,0.31845444440841675,0.05491410940885544,0.3503985106945038,0.3503985106945038,0.045727621763944626,0.25371015071868896,0.24434837698936462,0.06234673783183098,0.013333439826965332,-0.019978534430265427,0.08107397705316544,0.0,-0.024742435663938522,0.18627336621284485,-0.04667571187019348,-0.085610032081604,0.28397440910339355
wqp,wqp:21DELAWQ_WQX-205181,test,2023-01,2023-02,0.8470613956451416,0.8626959919929504,0.046297598630189896,0.7055695056915283,0.7952558398246765,0.12623508274555206,0.4239974915981293,0.16048014163970947,0.18577760457992554,0.3193605840206146,0.3164523243904114,0.053357481956481934,0.3376370370388031,0.3503985106945038,0.04417269304394722,0.17118091881275177,0.25371015071868896,0.06028998643159866,-0.019509196281433105,-1.9116327166557312e-05,0.07990045100450516,-0.0853952169418335,-0.02036173641681671,0.18711845576763153,0.2627646327018738,0.0033966898918151855,0.2801564335823059
wqp,wqp:21DELAWQ_WQX-205181,test,2023-02,2023-03,0.8588768243789673,0.8456336259841919,0.0463172048330307,0.7886573076248169,0.7277520895004272,0.12595731019973755,0.1699015349149704,0.4074462950229645,0.19379088282585144,0.3176228702068329,0.3193605840206146,0.05393175408244133,0.35094568133354187,0.3376370370388031,0.04453539848327637,0.23730136454105377,0.17118091881275177,0.06160402670502663,0.011815428733825684,-0.026031184941530228,0.08075974881649017,0.08308780193328857,-0.05599713325500488,0.19078271090984344,-0.25409597158432007,0.150264173746109,0.2789311110973358
wqp,wqp:21DELAWQ_WQX-205181,test,2023-03,2023-04,0.7575898766517639,0.8535013794898987,0.046937450766563416,0.7955724596977234,0.7812738418579102,0.12692497670650482,0.42666876316070557,0.20417578518390656,0.2017902284860611,0.30020156502723694,0.3176228702068329,0.054503437131643295,0.35578057169914246,0.35094568133354187,0.0440068393945694,0.3091426491737366,0.23730136454105377,0.06224513053894043,-0.10128694772720337,-0.005504269152879715,0.08167120814323425,0.006915152072906494,0.026992764323949814,0.19034028053283691,0.256767213344574,-0.11346478760242462,0.2825656831264496
wqp,wqp:21DELAWQ_WQX-205181,test,2023-04,2023-05,0.777772068977356,0.7665061354637146,0.04953855648636818,0.5055664777755737,0.8014417290687561,0.12920533120632172,0.21006548404693604,0.42294126749038696,0.2009621262550354,0.18881022930145264,0.30020156502723694,0.0563259981572628,0.3478507101535797,0.35578057169914246,0.04580284655094147,0.24445326626300812,0.3091426491737366,0.06412814557552338,0.02018219232559204,-0.09716901183128357,0.08308948576450348,-0.29000598192214966,0.00047438638284802437,0.19191327691078186,-0.21660327911376953,0.16077767312526703,0.2846653163433075
wqp,wqp:21DELAWQ_WQX-205181,test,2023-05,2023-06,0.7195533514022827,0.7810705900192261,0.052852317690849304,0.7909647226333618,0.5317491292953491,0.13594478368759155,0.821341335773468,0.23640671372413635,0.19528044760227203,0.2375241219997406,0.18881022930145264,0.05999254435300827,0.3503985106945038,0.3478507101535797,0.048164959996938705,0.2438511997461319,0.24445326626300812,0.06562669575214386,-0.05821871757507324,0.017048083245754242,0.08520908653736115,0.2853982448577881,-0.24729666113853455,0.20122990012168884,0.611275851726532,-0.1468423753976822,0.28703463077545166
wqp,wqp:21DELAWQ_WQX-205211,test,2022-12,2023-01,0.8302962779998779,0.6947286128997803,0.04937579110264778,0.7909647226333618,0.7991529107093811,0.12999948859214783,0.1586778312921524,0.33979859948158264,0.1894741803407669,0.32164791226387024,0.2900344133377075,0.05609923601150513,0.3503985106945038,0.3503985106945038,0.04711352661252022,0.250445693731308,0.2026243954896927,0.06390687823295593,0.13462555408477783,0.017168331891298294,0.08259189128875732,0.0,-0.01483897678554058,0.1884378343820572,-0.213009312748909,0.009938828647136688,0.2854129672050476
wqp,wqp:21DELAWQ_WQX-205211,test,2023-01,2023-02,0.8067842125892639,0.8171347379684448,0.04664444923400879,0.7611479163169861,0.7895925045013428,0.12719233334064484,0.18277223408222198,0.16777317225933075,0.1862219274044037,0.3233325779438019,0.32164791226387024,0.05384859815239906,0.35575035214424133,0.3503985106945038,0.04440692439675331,0.2563292682170868,0.250445693731308,0.06060318276286125,-0.023512065410614014,0.10598214715719223,0.08027388155460358,-0.029816806316375732,-0.03659797087311745,0.18810901045799255,0.02409440279006958,-0.09626375138759613,0.28098148107528687
wqp,wqp:21DELAWQ_WQX-205211,test,2023-02,2023-03,0.8374057412147522,0.8054811358451843,0.04621359333395958,0.7881984114646912,0.7713348865509033,0.1262854039669037,0.2523668110370636,0.19370412826538086,0.19408105313777924,0.32854264974594116,0.3233325779438019,0.05382535234093666,0.35124126076698303,0.35575035214424133,0.044110413640737534,0.24329960346221924,0.2563292682170868,0.06124251335859299,0.03062152862548828,-0.031246231868863106,0.08085881918668747,0.027050495147705078,-0.03504891321063042,0.19028428196907043,0.06959457695484161,0.0547347366809845,0.2803780734539032
wqp,wqp:21DELAWQ_WQX-205211,test,2023-03,2023-04,0.6849529147148132,0.8314884901046753,0.04723598062992096,0.8109145760536194,0.7900534272193909,0.127016082406044,0.4989182651042938,0.2649620473384857,0.2022688388824463,0.24891385436058044,0.32854264974594116,0.05471299961209297,0.35882318019866943,0.35124126076698303,0.04449634999036789,0.16436021029949188,0.24329960346221924,0.06276369839906693,-0.15245282649993896,0.014047587290406227,0.08208450675010681,0.022716164588928223,0.0010111704468727112,0.19119243323802948,0.24655145406723022,0.07986804097890854,0.2822999358177185
wqp,wqp:21DELAWQ_WQX-205211,test,2023-04,2023-05,0.777772068977356,0.6979579329490662,0.05064797401428223,0.7011714577674866,0.817560613155365,0.1307745724916458,0.21006548404693604,0.49072226881980896,0.203325554728508,0.18881022930145264,0.24891385436058044,0.057467419654130936,0.3711945116519928,0.35882318019866943,0.047008853405714035,0.24445326626300812,0.16436021029949188,0.06556762009859085,0.09281915426254272,-0.14160752296447754,0.08458013832569122,-0.10974311828613281,0.01752704568207264,0.193945974111557,-0.2888527810573578,0.12975576519966125,0.2865149974822998
wqp,wqp:21DELAWQ_WQX-205211,test,2023-05,2023-06,0.6602072715759277,0.7735488414764404,0.05202697217464447,0.7909647226333618,0.7022131085395813,0.13491438329219818,0.8832912445068359,0.24105453491210938,0.1932394951581955,0.25259461998939514,0.18881022930145264,0.05875945836305618,0.3503985106945038,0.3711945116519928,0.04720393568277359,0.21992972493171692,0.24445326626300812,0.06446292251348495,-0.11756479740142822,0.07585204392671585,0.08455219864845276,0.08979326486587524,-0.12926672399044037,0.19832611083984375,0.6732257604598999,-0.16749095916748047,0.28596630692481995
wqp,wqp:21DELAWQ_WQX-206361,test,2023-06,2023-07,0.777772068977356,0.7292228937149048,0.04947512969374657,0.7398457527160645,0.7893267273902893,0.1318087875843048,0.9274830222129822,0.9038404226303101,0.1749294251203537,0.18881022930145264,0.23370066285133362,0.05518365278840065,0.38741233944892883,0.36537474393844604,0.04520118236541748,0.13061222434043884,0.13061222434043884,0.05995696783065796,0.05093109607696533,-0.049130719155073166,0.08058983087539673,-0.07537627220153809,0.20654192566871643,0.193325012922287,0.0,-0.03436731547117233,0.2739168107509613
wqp,wqp:21DELAWQ_WQX-206361,test,2023-07,2023-08,0.777772068977356,0.7733521461486816,0.04802225902676582,0.7766610980033875,0.7478500008583069,0.13283969461917877,0.9274830222129822,0.9031121134757996,0.1732717901468277,0.18881022930145264,0.18881022930145264,0.05527234822511673,0.3633067309856415,0.38741233944892883,0.04488154873251915,0.13061222434043884,0.13061222434043884,0.059539761394262314,0.0,0.03262258321046829,0.0799279510974884,0.036815345287323,-0.06846188008785248,0.19989947974681854,0.0,-0.10634787380695343,0.2675667405128479
wqp,wqp:21DELAWQ_WQX-206361,test,2023-08,2023-09,0.7639662027359009,0.7737200260162354,0.04693586751818657,0.7422506809234619,0.7847139835357666,0.13184836506843567,0.9274830222129822,0.8949081301689148,0.1824936717748642,0.20426909625530243,0.18881022930145264,0.05485841631889343,0.38196223974227905,0.3633067309856415,0.044947318732738495,0.13061222434043884,0.13061222434043884,0.06068003922700882,-0.013805866241455078,-0.013988129794597626,0.08048050105571747,-0.03441041707992554,0.024930516257882118,0.19895248115062714,0.0,-0.11568596959114075,0.2671581506729126
wqp,wqp:21DELAWQ_WQX-206361,test,2023-09,2023-10,0.7526072859764099,0.7620823383331299,0.04778314009308815,0.7833890318870544,0.7662451267242432,0.1318134218454361,0.6113482713699341,0.882438600063324,0.19605566561222076,0.2717258334159851,0.20426909625530243,0.05618637427687645,0.36610373854637146,0.38196223974227905,0.04634870961308479,0.2383846789598465,0.13061222434043884,0.06406202167272568,-0.011358916759490967,-0.02452666312456131,0.08208613097667694,0.04113835096359253,-0.02713373303413391,0.19687339663505554,-0.3161347508430481,-0.14193640649318695,0.2728763520717621
wqp,wqp:21DELAWQ_WQX-206361,test,2023-10,2023-11,0.8378355503082275,0.7521825432777405,0.04874273017048836,0.5124804973602295,0.7932959198951721,0.1312984675168991,0.4381583333015442,0.5886020660400391,0.20090323686599731,0.3703552484512329,0.2717258334159851,0.05666894465684891,0.3161241412162781,0.36610373854637146,0.04671153798699379,0.16115723550319672,0.2383846789598465,0.06532149761915207,0.08522826433181763,-0.02483956143260002,0.0826331377029419,-0.27090853452682495,0.0010775476694107056,0.19076494872570038,-0.1731899380683899,-0.2813001275062561,0.2813027501106262
wqp,wqp:21DELAWQ_WQX-206361,test,2023-11,2023-12,0.827897310256958,0.8330114483833313,0.050679415464401245,0.5124804973602295,0.5549179315567017,0.13241279125213623,0.15630772709846497,0.4081065356731415,0.1990775316953659,0.3719477951526642,0.3703552484512329,0.05855860188603401,0.3161241412162781,0.3161241412162781,0.04849441349506378,0.24372918903827667,0.16115723550319672,0.0668792724609375,-0.009938240051269531,0.06774114817380905,0.08363382518291473,0.0,-0.22184491157531738,0.19266285002231598,-0.2818506062030792,-0.1893261820077896,0.28689008951187134
wqp,wqp:21DELAWQ_WQX-206361,test,2023-12,2024-01,0.812843382358551,0.8274973630905151,0.04928473383188248,0.3935001492500305,0.5258755087852478,0.13010208308696747,0.21006548404693604,0.1527518332004547,0.1905997395515442,0.32314708828926086,0.3719477951526642,0.05629447475075722,0.30447348952293396,0.3161241412162781,0.04682507365942001,0.24445326626300812,0.24372918903827667,0.06359295547008514,-0.015053927898406982,-0.019653115421533585,0.08215812593698502,-0.11898034811019897,-0.01435296144336462,0.1885453462600708,0.05375775694847107,-0.17713963985443115,0.2869448959827423
wqp,wqp:21DELAWQ_WQX-206361,test,2024-01,2024-02,0.7541722059249878,0.8120232820510864,0.04852740094065666,0.4750240445137024,0.4233521521091461,0.1292680948972702,0.21006548404693604,0.1989201009273529,0.19125591218471527,0.31638970971107483,0.32314708828926086,0.055962614715099335,0.3303179442882538,0.30447348952293396,0.04665355011820793,0.24445326626300812,0.24445326626300812,0.06307144463062286,-0.05867117643356323,-0.017563560977578163,0.08227040618658066,0.08152389526367188,-0.07672657072544098,0.19227781891822815,0.0,0.030409611761569977,0.28424137830734253
wqp,wqp:21DELAWQ_WQX-206361,test,2024-02,2024-03,0.7280852794647217,0.754237711429596,0.04756607487797737,0.4959346652030945,0.4845823347568512,0.12791435420513153,0.17773345112800598,0.21795828640460968,0.1979389488697052,0.23420391976833344,0.31638970971107483,0.05508219078183174,0.32701241970062256,0.3303179442882538,0.045525211840867996,0.25777706503868103,0.24445326626300812,0.06271054595708847,-0.026086926460266113,-0.06103123351931572,0.08237089216709137,0.02091062068939209,0.07078468799591064,0.1918565034866333,-0.032332032918930054,0.022850776091217995,0.28333523869514465
wqp,wqp:21DELAWQ_WQX-206361,test,2024-03,2024-04,0.86153244972229,0.7271207571029663,0.049731604754924774,0.4893023371696472,0.5062069296836853,0.13073298335075378,0.17995280027389526,0.19709792733192444,0.20908667147159576,0.31722691655158997,0.23420391976833344,0.05747809261083603,0.32268038392066956,0.32701241970062256,0.04703022167086601,0.3763674795627594,0.25777706503868103,0.06575170159339905,0.13344717025756836,-0.030543005093932152,0.08519746363162994,-0.006632328033447266,0.011840320192277431,0.19605807960033417,0.0022193491458892822,0.005928996950387955,0.28781306743621826
wqp,wqp:21DELAWQ_WQX-206361,test,2024-04,2024-05,0.8689704537391663,0.8486538529396057,0.05105117708444595,0.7289387583732605,0.49256038665771484,0.13200721144676208,0.9053083658218384,0.19813668727874756,0.2063349187374115,0.3160638213157654,0.31722691655158997,0.05815891548991203,0.3622327446937561,0.32268038392066956,0.04712977632880211,0.16970227658748627,0.3763674795627594,0.06572678685188293,0.007438004016876221,0.10971735417842865,0.08502157777547836,0.23963642120361328,-0.025884246453642845,0.1960005909204483,0.7253555655479431,0.03929681330919266,0.28855210542678833
wqp,wqp:21DELAWQ_WQX-206361,test,2024-05,2024-06,0.777772068977356,0.864048182964325,0.05142330750823021,0.7219858765602112,0.7165851593017578,0.13127504289150238,0.9274830222129822,0.8472643494606018,0.19049356877803802,0.18881022930145264,0.3160638213157654,0.0568489246070385,0.3763708472251892,0.3622327446937561,0.047368086874485016,0.13061222434043884,0.16970227658748627,0.06393801420927048,-0.0911983847618103,-0.006551510654389858,0.08353579789400101,-0.006952881813049316,0.2047291398048401,0.19303403794765472,0.0221746563911438,0.42773401737213135,0.2817264497280121
wqp,wqp:21DELAWQ_WQX-206451,test,2023-06,2023-07,0.92962247133255,0.7489911913871765,0.0502539724111557,0.5461665987968445,0.7545360922813416,0.13298165798187256,0.9274830222129822,0.9013456106185913,0.1766742765903473,0.284833699464798,0.2188325822353363,0.056051600724458694,0.2958378791809082,0.3537699282169342,0.04604670777916908,0.13061222434043884,0.13061222434043884,0.06089043989777565,0.18132352828979492,-0.040872834622859955,0.08164465427398682,-0.2332499623298645,0.20776855945587158,0.19502240419387817,0.0,-0.017642244696617126,0.2754890024662018
wqp,wqp:21DELAWQ_WQX-206451,test,2023-07,2023-08,0.9156360626220703,0.9133852124214172,0.04879472777247429,0.6003816723823547,0.5709976553916931,0.1341596245765686,0.9274830222129822,0.9011304378509521,0.175300732254982,0.302929550409317,0.284833699464798,0.05665162578225136,0.2875247001647949,0.2958378791809082,0.04583439603447914,0.13061222434043884,0.13061222434043884,0.060574837028980255,-0.013986408710479736,0.1482330560684204,0.08064574003219604,0.054215073585510254,-0.18554341793060303,0.20369625091552734,0.0,-0.11898457258939743,0.2686126232147217
wqp,wqp:21DELAWQ_WQX-206451,test,2023-08,2023-09,0.9326937198638916,0.9094720482826233,0.04734717309474945,0.6154715418815613,0.6134547591209412,0.13218748569488525,0.9274830222129822,0.8935444951057434,0.18401621282100677,0.274804949760437,0.302929550409317,0.055477727204561234,0.2926606237888336,0.2875247001647949,0.04548933357000351,0.13061222434043884,0.13061222434043884,0.061165086925029755,0.01705765724182129,-0.028141552582383156,0.08082535862922668,0.015089869499206543,0.05159693583846092,0.20005111396312714,0.0,-0.12140998989343643,0.2683497965335846
wqp,wqp:21DELAWQ_WQX-206451,test,2023-09,2023-10,0.8483977913856506,0.9241702556610107,0.04818519577383995,0.5842692255973816,0.6382223963737488,0.13222253322601318,0.8921230435371399,0.8804911375045776,0.1977452039718628,0.29820916056632996,0.274804949760437,0.056737758219242096,0.37344735860824585,0.2926606237888336,0.0469154417514801,0.1568983793258667,0.13061222434043884,0.06455675512552261,-0.08429592847824097,-0.00047227926552295685,0.08260886371135712,-0.031202316284179688,0.016795668751001358,0.1979103982448578,-0.035359978675842285,-0.14270584285259247,0.2739567160606384
wqp,wqp:21DELAWQ_WQX-206451,test,2023-10,2023-11,0.7348482608795166,0.853087306022644,0.049606259912252426,0.49920257925987244,0.6161168813705444,0.13177888095378876,0.406291663646698,0.8382541537284851,0.20269103348255157,0.22880735993385315,0.29820916056632996,0.057697732001543045,0.3082466423511505,0.37344735860824585,0.04802683740854263,0.2033492475748062,0.1568983793258667,0.06681687384843826,-0.11354953050613403,-0.08724059909582138,0.0832858607172966,-0.08506664633750916,-0.016518279910087585,0.19265320897102356,-0.4858313798904419,-0.17583009600639343,0.2814808785915375
wqp,wqp:21DELAWQ_WQX-206451,test,2023-11,2023-12,0.7179255485534668,0.745903730392456,0.05183330923318863,0.5012173652648926,0.5254697799682617,0.13438917696475983,0.19050271809101105,0.3951839804649353,0.2015291154384613,0.25249823927879333,0.22880735993385315,0.05964293330907822,0.3076994717121124,0.3082466423511505,0.04954981431365013,0.25307193398475647,0.2033492475748062,0.06807005405426025,-0.016922712326049805,-0.10871285200119019,0.08521026372909546,0.0020147860050201416,-0.08207062631845474,0.19291464984416962,-0.21578894555568695,-0.3854333460330963,0.29086560010910034
wqp,wqp:21DELAWQ_WQX-206451,test,2023-12,2024-01,0.7427685856819153,0.7197148203849792,0.050913337618112564,0.439698189496994,0.5148847699165344,0.1325831264257431,0.21006548404693604,0.1810844987630844,0.1939333826303482,0.2506880462169647,0.25249823927879333,0.05797464773058891,0.31178584694862366,0.3076994717121124,0.048568885773420334,0.24445326626300812,0.25307193398475647,0.06558101624250412,0.024843037128448486,-0.02166047692298889,0.08440675586462021,-0.06151917576789856,-0.008369939401745796,0.19153109192848206,0.019562765955924988,-0.14220620691776276,0.28991031646728516
wqp,wqp:21DELAWQ_WQX-206451,test,2024-01,2024-02,0.8324152231216431,0.7389214038848877,0.04948702082037926,0.5012173652648926,0.4606740176677704,0.13092362880706787,0.21006548404693604,0.20050454139709473,0.19324654340744019,0.32138878107070923,0.2506880462169647,0.05690142884850502,0.3076994717121124,0.31178584694862366,0.047614388167858124,0.24445326626300812,0.24445326626300812,0.06415890157222748,0.08964663743972778,0.017853200435638428,0.08374994993209839,0.06151917576789856,-0.04050295799970627,0.1938118189573288,0.0,0.015346044674515724,0.28631898760795593
wqp,wqp:21DELAWQ_WQX-206451,test,2024-02,2024-03,0.7294951677322388,0.8191253542900085,0.04785190895199776,0.49321791529655457,0.5072078704833984,0.12862227857112885,0.21006548404693604,0.2171715497970581,0.19872859120368958,0.24008983373641968,0.32138878107070923,0.05551978945732117,0.30991896986961365,0.3076994717121124,0.045872438699007034,0.24445326626300812,0.24445326626300812,0.0630987361073494,-0.1029200553894043,0.06799355894327164,0.08292309194803238,-0.007999449968338013,0.042994581162929535,0.19322927296161652,0.0,0.03148198127746582,0.2837160527706146
wqp,wqp:21DELAWQ_WQX-206451,test,2024-03,2024-04,0.7665704488754272,0.7347457408905029,0.0503537692129612,0.5063795447349548,0.5092531442642212,0.1315782368183136,0.170354425907135,0.2263599932193756,0.21038873493671417,0.2826956510543823,0.24008983373641968,0.05828762426972389,0.31179648637771606,0.30991896986961365,0.047763314098119736,0.36684685945510864,0.24445326626300812,0.06663314998149872,0.03707528114318848,-0.09728291630744934,0.08600746095180511,0.013161629438400269,-0.0019085905514657497,0.19745813310146332,-0.039711058139801025,0.013237036764621735,0.2892444133758545
wqp,wqp:21DELAWQ_WQX-206451,test,2024-04,2024-05,0.8655880093574524,0.7625959515571594,0.05213118717074394,0.7425124645233154,0.5097616314888,0.13358749449253082,0.7814879417419434,0.19196784496307373,0.20853523910045624,0.31977880001068115,0.2826956510543823,0.059340622276067734,0.3587974011898041,0.31179648637771606,0.04818948358297348,0.23738522827625275,0.36684685945510864,0.06700091809034348,0.09901756048202515,0.026960132643580437,0.08648765087127686,0.2361329197883606,-0.006210280582308769,0.19767449796199799,0.6111335158348083,0.008727118372917175,0.291203111410141
wqp,wqp:21DELAWQ_WQX-206451,test,2024-05,2024-06,0.876171350479126,0.8536166548728943,0.051500726491212845,0.5235411524772644,0.7248529195785522,0.1318252682685852,0.9274830222129822,0.7352048754692078,0.1909179389476776,0.32088637351989746,0.31977880001068115,0.057019416242837906,0.3135676681995392,0.3587974011898041,0.04727820307016373,0.13061222434043884,0.23738522827625275,0.06389359384775162,0.010583341121673584,0.07435720413923264,0.08379099518060684,-0.21897131204605103,0.1869247853755951,0.1935129463672638,0.14599508047103882,0.36509209871292114,0.2825155258178711
wqp,wqp:21DELAWQ_WQX-208181,test,2023-06,2023-07,0.7010396122932434,0.6991183161735535,0.05262141674757004,0.4392150044441223,0.4749733805656433,0.13534221053123474,0.908854603767395,0.8148194551467896,0.1822025179862976,0.2448377013206482,0.27340418100357056,0.05883686989545822,0.3275752663612366,0.34698858857154846,0.04884812980890274,0.17579421401023865,0.22617606818675995,0.06401070207357407,0.01754218339920044,-0.15383483469486237,0.08416017144918442,-0.00978270173072815,0.013815425336360931,0.20145900547504425,0.036913394927978516,0.3804618716239929,0.278662770986557
wqp,wqp:21DELAWQ_WQX-208181,test,2023-07,2023-08,0.8470613956451416,0.699472963809967,0.05013470724225044,0.5012173652648926,0.4520499110221863,0.13545860350131989,0.7473753094673157,0.879952609539032,0.17807993292808533,0.3193605840206146,0.2448377013206482,0.05746807903051376,0.3076994717121124,0.3275752663612366,0.04710382595658302,0.23639006912708282,0.17579421401023865,0.061776742339134216,0.1460217833518982,0.007708223536610603,0.08228050917387009,0.062002360820770264,0.007554953917860985,0.20335492491722107,-0.16147929430007935,-0.09651456773281097,0.27185478806495667
wqp,wqp:21DELAWQ_WQX-208181,test,2023-08,2023-09,0.8135697841644287,0.8294147253036499,0.04780946299433708,0.5012173652648926,0.5070112943649292,0.13330243527889252,0.5008941292762756,0.7305866479873657,0.1855049580335617,0.3660971224308014,0.3193605840206146,0.05596793815493584,0.3076994717121124,0.3076994717121124,0.04566202685236931,0.2562968134880066,0.23639006912708282,0.061422888189554214,-0.03349161148071289,0.11490584164857864,0.08137567341327667,0.0,0.039746955037117004,0.2010836899280548,-0.24648118019104004,-0.1856832206249237,0.26988154649734497
wqp,wqp:21DELAWQ_WQX-208181,test,2023-09,2023-10,0.7541722059249878,0.8109034299850464,0.04883623123168945,0.5012173652648926,0.5221178531646729,0.13362152874469757,0.16008932888507843,0.4897453784942627,0.20045508444309235,0.31638970971107483,0.3660971224308014,0.05752115324139595,0.3076994717121124,0.3076994717121124,0.0470435656607151,0.2524413466453552,0.2562968134880066,0.0649338811635971,-0.05939757823944092,-0.041582025587558746,0.08349854499101639,0.0,-0.006231504958122969,0.19927087426185608,-0.3408048152923584,-0.22474078834056854,0.27769649028778076
wqp,wqp:21DELAWQ_WQX-208181,test,2023-10,2023-11,0.8757705688476562,0.7559338808059692,0.051817793399095535,0.5012173652648926,0.5214188694953918,0.13587458431720734,0.17411845922470093,0.15698787569999695,0.21074633300304413,0.31483301520347595,0.31638970971107483,0.060115277767181396,0.3076994717121124,0.3076994717121124,0.04972868040204048,0.2582906186580658,0.2524413466453552,0.0690000131726265,0.12159836292266846,-0.06223256513476372,0.08699515461921692,0.0,-0.018445013090968132,0.19772948324680328,0.014029130339622498,-0.24180510640144348,0.2893354296684265
wqp,wqp:21DELAWQ_WQX-208181,test,2023-11,2023-12,0.8114864230155945,0.8629833459854126,0.05243556573987007,0.519641637802124,0.5184745192527771,0.13451963663101196,0.21006548404693604,0.1425442397594452,0.20506590604782104,0.3748728334903717,0.31483301520347595,0.0597006119787693,0.3204561769962311,0.3076994717121124,0.05030951276421547,0.24445326626300812,0.2582906186580658,0.06876211613416672,-0.06428414583206177,0.09679514914751053,0.08679564297199249,0.018424272537231445,-0.013425733894109726,0.19417236745357513,0.03594702482223511,-0.006031828001141548,0.29174667596817017
wqp,wqp:21DELAWQ_WQX-208181,test,2023-12,2024-01,0.8401926755905151,0.814951479434967,0.05097370222210884,0.5012173652648926,0.5355459451675415,0.13201400637626648,0.21006548404693604,0.1838027983903885,0.19458125531673431,0.3203486204147339,0.3748728334903717,0.05794178694486618,0.3076994717121124,0.3204561769962311,0.04883171245455742,0.24445326626300812,0.24445326626300812,0.06585463881492615,0.028706252574920654,-0.06413358449935913,0.08460813015699387,-0.018424272537231445,0.017744246870279312,0.19148747622966766,0.0,0.008529169484972954,0.2900222837924957
wqp,wqp:21DELAWQ_WQX-208181,test,2024-01,2024-02,0.6464996933937073,0.8344761729240417,0.04904428496956825,0.48639535903930664,0.5157106518745422,0.1301453411579132,0.19013209640979767,0.20088769495487213,0.19242703914642334,0.26351991295814514,0.3203486204147339,0.05647154524922371,0.31095534563064575,0.3076994717121124,0.04721042141318321,0.2532452940940857,0.24445326626300812,0.0636875256896019,-0.19369298219680786,0.018105996772646904,0.08328980952501297,-0.014822006225585938,-0.013734402135014534,0.1928282380104065,-0.019933387637138367,0.005306784063577652,0.28585147857666016
wqp,wqp:21DELAWQ_WQX-208181,test,2024-02,2024-03,0.8324152231216431,0.6605260372161865,0.04940955340862274,0.5012173652648926,0.5074349641799927,0.1307990401983261,0.15807826817035675,0.20072712004184723,0.20188488066196442,0.32138878107070923,0.26351991295814514,0.057416390627622604,0.3076994717121124,0.31095534563064575,0.047532688826322556,0.24938525259494781,0.2532452940940857,0.06514068692922592,0.1859155297279358,-0.17380163073539734,0.0848943293094635,0.014822006225585938,0.004974238574504852,0.19613653421401978,-0.03205382823944092,-0.005122393369674683,0.28763535618782043
wqp,wqp:21DELAWQ_WQX-208181,test,2024-03,2024-04,0.803529679775238,0.812780499458313,0.0498572438955307,0.5012173652648926,0.5058404207229614,0.13112661242485046,0.17298051714897156,0.17729219794273376,0.2096516489982605,0.32335054874420166,0.32138878107070923,0.05775732919573784,0.3076994717121124,0.3076994717121124,0.04716910794377327,0.38872167468070984,0.24938525259494781,0.06588488817214966,-0.02888554334640503,0.15448527038097382,0.08551713824272156,0.0,-0.007576342672109604,0.19718526303768158,0.014902248978614807,0.022051233798265457,0.28798097372055054
wqp,wqp:21DELAWQ_WQX-208181,test,2024-04,2024-05,0.8632331490516663,0.8041936755180359,0.05210163816809654,0.5012173652648926,0.5083045363426208,0.13335449993610382,0.5001175403594971,0.19215181469917297,0.2084740549325943,0.36047983169555664,0.32335054874420166,0.059369925409555435,0.3076994717121124,0.3076994717121124,0.048229265958070755,0.25624164938926697,0.38872167468070984,0.06704156845808029,0.05970346927642822,-0.03130791336297989,0.08641752600669861,0.0,-0.009374642744660378,0.1976134181022644,0.3271370232105255,0.04049208015203476,0.2914625406265259
wqp,wqp:21DELAWQ_WQX-208181,test,2024-05,2024-06,0.73101806640625,0.8565655946731567,0.05308906361460686,0.6356722712516785,0.5083538293838501,0.13473744690418243,0.9274830222129822,0.4816291928291321,0.19532281160354614,0.23559905588626862,0.36047983169555664,0.05946360528469086,0.35057544708251953,0.3076994717121124,0.04871582239866257,0.13061222434043884,0.25624164938926697,0.06579283624887466,-0.13221508264541626,0.046042513102293015,0.08554381132125854,0.1344549059867859,0.00495239719748497,0.19893649220466614,0.4273654818534851,0.18254750967025757,0.28674694895744324
wqp,wqp:21DELAWQ_WQX-208211,test,2023-06,2023-07,0.6972353458404541,0.657546877861023,0.050627607852220535,0.7663931250572205,0.6507877707481384,0.13319168984889984,0.8996612429618835,0.8706845045089722,0.1773553341627121,0.2508549392223358,0.25376519560813904,0.056556832045316696,0.35920971632003784,0.3430492579936981,0.04646505042910576,0.19487352669239044,0.18885311484336853,0.06135864555835724,0.04828774929046631,-0.08548101037740707,0.08175907284021378,0.10899215936660767,0.1259365826845169,0.19627687335014343,-0.003094315528869629,0.06104212999343872,0.2757541537284851
wqp,wqp:21DELAWQ_WQX-208211,test,2023-07,2023-08,0.7118778824806213,0.6928037405014038,0.047865282744169235,0.7711527347564697,0.7568666934967041,0.13227175176143646,0.9274830222129822,0.8777005672454834,0.17280887067317963,0.2409489005804062,0.2508549392223358,0.05473831295967102,0.35695475339889526,0.35920971632003784,0.04458487406373024,0.13061222434043884,0.19487352669239044,0.059037838131189346,0.014642536640167236,0.029795262962579727,0.0797838419675827,0.004759609699249268,0.07261799275875092,0.19778761267662048,0.027821779251098633,-0.08668985217809677,0.26791149377822876
wqp,wqp:21DELAWQ_WQX-208211,test,2023-08,2023-09,0.6753415465354919,0.70797199010849,0.047173403203487396,0.7576532363891602,0.7818816900253296,0.13217228651046753,0.9274830222129822,0.8940025568008423,0.1826910674571991,0.2554297149181366,0.2409489005804062,0.05515441298484802,0.36742961406707764,0.35695475339889526,0.045135535299777985,0.13061222434043884,0.13061222434043884,0.06093348562717438,-0.036536335945129395,0.000999663956463337,0.08067552745342255,-0.01349949836730957,0.0012397323735058308,0.19963033497333527,0.0,-0.09861794114112854,0.2675457000732422
wqp,wqp:21DELAWQ_WQX-208211,test,2023-09,2023-10,0.8364338874816895,0.6764735579490662,0.04799685999751091,0.5124804973602295,0.7799187898635864,0.13205498456954956,0.3886510133743286,0.8836220502853394,0.1961333453655243,0.3208661675453186,0.2554297149181366,0.05638525262475014,0.3161241412162781,0.36742961406707764,0.046489086002111435,0.19334019720554352,0.13061222434043884,0.06422688066959381,0.1610923409461975,-0.04300130531191826,0.08228327333927155,-0.24517273902893066,-0.009648794308304787,0.1969715654850006,-0.5388320088386536,-0.13925601541996002,0.27350130677223206
wqp,wqp:21DELAWQ_WQX-208211,test,2023-10,2023-11,0.8588768243789673,0.8232003450393677,0.05027149245142937,0.5012173652648926,0.5460983514785767,0.13445089757442474,0.45958295464515686,0.3866364657878876,0.20572729408740997,0.3176228702068329,0.3208661675453186,0.05915309116244316,0.3076994717121124,0.3161241412162781,0.04823794588446617,0.14463947713375092,0.19334019720554352,0.06737297028303146,0.022442936897277832,0.13221003115177155,0.08438890427350998,-0.011263132095336914,-0.2273169755935669,0.19726811349391937,0.07093194127082825,-0.4133054316043854,0.28445181250572205
wqp,wqp:21DELAWQ_WQX-208211,test,2023-11,2023-12,0.8502247929573059,0.8539904356002808,0.05148005485534668,0.5063795447349548,0.526943564414978,0.1327635496854782,0.16281172633171082,0.4132087826728821,0.20169697701931,0.3188971281051636,0.3176228702068329,0.05866362899541855,0.31179648637771606,0.3076994717121124,0.049516987055540085,0.2551029920578003,0.14463947713375092,0.06776140630245209,-0.008652031421661377,0.00856939796358347,0.08508158475160599,0.005162179470062256,-0.004179635085165501,0.1919795572757721,-0.29677122831344604,-0.02429412305355072,0.28861045837402344
wqp,wqp:21DELAWQ_WQX-208211,test,2023-12,2024-01,0.8280970454216003,0.8490995168685913,0.05002806708216667,0.3506753742694855,0.5182051062583923,0.13134144246578217,0.21006548404693604,0.1582997739315033,0.19240719079971313,0.32190269231796265,0.3188971281051636,0.05713248625397682,0.2893945276737213,0.31179648637771606,0.047683291137218475,0.24445326626300812,0.2551029920578003,0.064569853246212,-0.022127747535705566,-0.018591752275824547,0.08325260877609253,-0.15570417046546936,-0.012587746605277061,0.19009003043174744,0.04725375771522522,-0.19226205348968506,0.2885548770427704
wqp,wqp:21DELAWQ_WQX-208211,test,2024-01,2024-02,0.6976832747459412,0.8279510140419006,0.049307696521282196,0.41637536883354187,0.38511478900909424,0.1304895281791687,0.19274626672267914,0.1985686719417572,0.19310186803340912,0.2940009832382202,0.32190269231796265,0.05697109177708626,0.3133406639099121,0.2893945276737213,0.04753655567765236,0.25200361013412476,0.24445326626300812,0.0640958920121193,-0.13041377067565918,-0.022541973739862442,0.08329573273658752,0.0656999945640564,-0.10217856615781784,0.19425375759601593,-0.017319217324256897,0.019380750134587288,0.28595274686813354
wqp,wqp:21DELAWQ_WQX-208211,test,2024-02,2024-03,0.8001106381416321,0.7044966816902161,0.04875218868255615,0.5124804973602295,0.4309599697589874,0.12968149781227112,0.21006548404693604,0.20222146809101105,0.20076309144496918,0.32330605387687683,0.2940009832382202,0.056474827229976654,0.3161241412162781,0.3133406639099121,0.04679170250892639,0.24445326626300812,0.25200361013412476,0.06418411433696747,0.10242736339569092,-0.12124532461166382,0.08394668251276016,0.09610512852668762,0.06714455038309097,0.1942463219165802,0.017319217324256897,0.004900248721241951,0.2861791253089905
wqp,wqp:21DELAWQ_WQX-208211,test,2024-03,2024-04,0.8280970454216003,0.7865249514579773,0.04942787438631058,0.5012173652648926,0.512566089630127,0.1301860809326172,0.3090839684009552,0.2245248258113861,0.20842374861240387,0.32190269231796265,0.32330605387687683,0.057035185396671295,0.3076994717121124,0.3161241412162781,0.04670349508523941,0.3188503086566925,0.24445326626300812,0.06527877599000931,0.02798640727996826,0.0793173611164093,0.08487427979707718,-0.011263132095336914,0.0623464435338974,0.19523538649082184,0.09901848435401917,0.0476432666182518,0.28714457154273987
wqp,wqp:21DELAWQ_WQX-208211,test,2024-04,2024-05,0.856115996837616,0.8235787749290466,0.051690809428691864,0.8004226684570312,0.5098113417625427,0.13261012732982635,0.9265592694282532,0.3161333501338959,0.20718200504779816,0.3180307447910309,0.32190269231796265,0.058867037296295166,0.35449549555778503,0.3076994717121124,0.04792821407318115,0.1327451467514038,0.3188503086566925,0.0666433796286583,0.028018951416015625,0.0174518171697855,0.08572793006896973,0.29920530319213867,-0.015285306610167027,0.19696220755577087,0.6174752712249756,0.06947768479585648,0.28955402970314026
wqp,wqp:21DELAWQ_WQX-208211,test,2024-05,2024-06,0.7010396122932434,0.8492264151573181,0.05141989886760712,0.7829027771949768,0.7787002921104431,0.1314743459224701,0.9134150147438049,0.8734281063079834,0.19018058478832245,0.2448377013206482,0.3180307447910309,0.05683457478880882,0.3526179790496826,0.35449549555778503,0.0472981296479702,0.16510862112045288,0.1327451467514038,0.06387461721897125,-0.15507638454437256,0.009818410500884056,0.08362987637519836,-0.017519891262054443,0.23975300788879395,0.19273759424686432,-0.013144254684448242,0.3495975136756897,0.2820191979408264
wqp,wqp:21DELAWQ_WQX-301021,test,2023-06,2023-07,0.5589052438735962,0.6272590756416321,0.05074475705623627,0.5012173652648926,0.791172981262207,0.13340149819850922,0.878302812576294,0.8786888122558594,0.17713402211666107,0.303935706615448,0.3127892017364502,0.05686814710497856,0.3076994717121124,0.35168349742889404,0.04665098339319229,0.21922510862350464,0.14213323593139648,0.061704423278570175,-0.06323766708374023,-0.027059156447649002,0.08206619322299957,-0.28475892543792725,0.00970401894301176,0.19795754551887512,-0.0443684458732605,0.22337907552719116,0.2752566635608673
wqp,wqp:21DELAWQ_WQX-301021,test,2023-07,2023-08,0.4813254773616791,0.5703872442245483,0.049706749618053436,0.41925355792045593,0.538104236125946,0.1353142261505127,0.4161856770515442,0.8603740930557251,0.176028311252594,0.3615712523460388,0.303935706615448,0.05763436481356621,0.43480026721954346,0.3076994717121124,0.046516094356775284,0.24398161470890045,0.21922510862350464,0.06137391924858093,-0.07757976651191711,-0.05722634494304657,0.08133864402770996,-0.08196380734443665,-0.2053358554840088,0.2044767141342163,-0.46211713552474976,-0.1555185317993164,0.27108481526374817
wqp,wqp:21DELAWQ_WQX-301021,test,2023-08,2023-09,0.488586962223053,0.48966512084007263,0.048514075577259064,0.6776591539382935,0.4417482912540436,0.13498741388320923,0.41554975509643555,0.43706196546554565,0.1870226413011551,0.3162151277065277,0.3615712523460388,0.05689673498272896,0.4705907106399536,0.43480026721954346,0.04570367559790611,0.2439560890197754,0.24398161470890045,0.06194193661212921,0.007261484861373901,-0.073236383497715,0.08196814358234406,0.2584055960178375,-0.06862456351518631,0.20258496701717377,-0.0006359219551086426,-0.339511513710022,0.27324947714805603
wqp,wqp:21DELAWQ_WQX-301021,test,2023-09,2023-10,0.5594847798347473,0.48467710614204407,0.048456866294145584,0.7879498600959778,0.6727001667022705,0.13259175419807434,0.18642660975456238,0.39667433500289917,0.19943906366825104,0.19935619831085205,0.3162151277065277,0.055930282920598984,0.4774992763996124,0.4705907106399536,0.04626580700278282,0.2933530807495117,0.2439560890197754,0.06401537358760834,0.07089781761169434,-0.004527837969362736,0.08347541093826294,0.11029070615768433,0.18950790166854858,0.1953023374080658,-0.22912314534187317,-0.020293526351451874,0.27692994475364685
wqp,wqp:21DELAWQ_WQX-301021,test,2023-10,2023-11,0.6131078004837036,0.55329430103302,0.05024195462465286,0.8481327295303345,0.7856471538543701,0.13374324142932892,0.20904438197612762,0.17765024304389954,0.206184983253479,0.23952901363372803,0.19935619831085205,0.05766719952225685,0.3704776465892792,0.4774992763996124,0.04785802215337753,0.24479258060455322,0.2933530807495117,0.06686984747648239,0.0536230206489563,0.05091917887330055,0.0852850154042244,0.06018286943435669,0.0418769046664238,0.19310534000396729,0.022617772221565247,-0.14507551491260529,0.28550583124160767
wqp,wqp:21DELAWQ_WQX-301021,test,2023-11,2023-12,0.7210003733634949,0.6100165247917175,0.051277656108140945,0.9428293108940125,0.8506525754928589,0.13302044570446014,0.15738941729068756,0.17948713898658752,0.2009500414133072,0.3048463761806488,0.23952901363372803,0.05808220058679581,0.3748239576816559,0.3704776465892792,0.04891512170433998,0.24790608882904053,0.24479258060455322,0.06722386181354523,0.10789257287979126,0.03811325132846832,0.08553532510995865,0.09469658136367798,0.01636936515569687,0.19083692133426666,-0.051654964685440063,0.008909893222153187,0.2893425226211548
wqp,wqp:21DELAWQ_WQX-301021,test,2023-12,2024-01,0.6294499039649963,0.7121986746788025,0.04886481165885925,0.5560364127159119,0.9320452809333801,0.1295909434556961,0.21006548404693604,0.14179670810699463,0.18900886178016663,0.2516055107116699,0.3048463761806488,0.05538335070014,0.3606850504875183,0.3748239576816559,0.04638958349823952,0.24445326626300812,0.24790608882904053,0.0631123036146164,-0.09155046939849854,0.08287552744150162,0.08241477608680725,-0.3867928981781006,0.032206565141677856,0.18714189529418945,0.052676066756248474,-0.002265423536300659,0.28559911251068115
wqp,wqp:21DELAWQ_WQX-301021,test,2024-01,2024-02,0.6294499039649963,0.6419225335121155,0.04934797063469887,0.8332741856575012,0.6068167090415955,0.13099268078804016,0.21006548404693604,0.20090675354003906,0.19193843007087708,0.2516055107116699,0.2516055107116699,0.05735208839178085,0.36774688959121704,0.3606850504875183,0.04752611741423607,0.24445326626300812,0.24445326626300812,0.06438564509153366,0.0,-0.07593115419149399,0.08328143507242203,0.27723777294158936,-0.28764569759368896,0.19567540287971497,0.0,0.0060057565569877625,0.28547203540802
wqp,wqp:21DELAWQ_WQX-301021,test,2024-02,2024-03,0.6464996933937073,0.6252573132514954,0.0469687357544899,0.8349347710609436,0.812312126159668,0.12720076739788055,0.21006548404693604,0.22000640630722046,0.19573815166950226,0.26351991295814514,0.2516055107116699,0.053974397480487823,0.3671717047691345,0.36774688959121704,0.044776469469070435,0.24445326626300812,0.24445326626300812,0.06177427992224693,0.017049789428710938,-0.012697715312242508,0.08219899982213974,0.0016605854034423828,0.19542893767356873,0.18912923336029053,0.0,0.05570254102349281,0.28239089250564575
wqp,wqp:21DELAWQ_WQX-301021,test,2024-03,2024-04,0.7653694748878479,0.6444167494773865,0.048560384660959244,0.7812508940696716,0.8359367847442627,0.12929266691207886,0.344550222158432,0.22966064512729645,0.20497488975524902,0.3191207945346832,0.26351991295814514,0.056180670857429504,0.3610517680644989,0.3671717047691345,0.04573487117886543,0.34451568126678467,0.24445326626300812,0.0643368810415268,0.11886978149414062,0.0067245811223983765,0.08392580598592758,-0.05368387699127197,-0.025088947266340256,0.19385994970798492,0.13448473811149597,0.0401475690305233,0.2852826714515686
wqp,wqp:21DELAWQ_WQX-301021,test,2024-04,2024-05,0.705706775188446,0.7566420435905457,0.04995138570666313,0.8004226684570312,0.783656120300293,0.13042393326759338,0.5274448990821838,0.35103318095207214,0.20204795897006989,0.2979668378829956,0.3191207945346832,0.05695496127009392,0.35449549555778503,0.3610517680644989,0.04610203951597214,0.2575942873954773,0.34451568126678467,0.06455167382955551,-0.059662699699401855,0.09722425043582916,0.08366353809833527,0.01917177438735962,-0.0677240788936615,0.19383753836154938,0.18289467692375183,0.10474111884832382,0.28558966517448425
wqp,wqp:21DELAWQ_WQX-301021,test,2024-05,2024-06,0.6730343699455261,0.7126954197883606,0.05141238495707512,0.7909647226333618,0.7987115979194641,0.13269759714603424,0.41554975509643555,0.5200731754302979,0.19042153656482697,0.32959359884262085,0.2979668378829956,0.057602494955062866,0.3503985106945038,0.35449549555778503,0.04686512053012848,0.2439560890197754,0.2575942873954773,0.06377898901700974,-0.03267240524291992,-0.05940886586904526,0.0835452601313591,-0.009457945823669434,0.0036292262375354767,0.19499678909778595,-0.11189514398574829,0.09348931908607483,0.28386586904525757
wqp,wqp:21DELAWQ_WQX-303051,test,2024-01,2024-02,0.8091808557510376,0.6492165923118591,0.048802267760038376,0.6983449459075928,0.5013195276260376,0.13023942708969116,0.2747802436351776,0.3881046772003174,0.19002768397331238,0.36851370334625244,0.2640646994113922,0.056735605001449585,0.3589925169944763,0.35478663444519043,0.04691905528306961,0.23931172490119934,0.18739451467990875,0.06361973285675049,0.16651105880737305,-0.025828830897808075,0.0820942148566246,0.24500548839569092,-0.25041088461875916,0.19411420822143555,-0.12398993968963623,-0.10283659398555756,0.2837149500846863
wqp,wqp:21DELAWQ_WQX-303051,test,2024-02,2024-03,0.7010396122932434,0.7886859178543091,0.04557028040289879,0.5475886464118958,0.6790845394134521,0.12522399425506592,0.4177028238773346,0.28872519731521606,0.19242386519908905,0.2448377013206482,0.36851370334625244,0.05263669043779373,0.3540157079696655,0.3589925169944763,0.043249454349279404,0.17541854083538055,0.23931172490119934,0.06000097095966339,-0.10814124345779419,0.12869223952293396,0.07984092831611633,-0.15075629949569702,0.16210472583770752,0.18694859743118286,0.14292258024215698,-0.024469509720802307,0.27904650568962097
wqp,wqp:21DELAWQ_WQX-303051,test,2024-03,2024-04,0.6540418863296509,0.7092194557189941,0.04917535185813904,0.8087132573127747,0.5791653394699097,0.12976093590259552,0.8698921203613281,0.4176888167858124,0.20625467598438263,0.26129060983657837,0.2448377013206482,0.05709328129887581,0.36794325709342957,0.3540157079696655,0.046674732118844986,0.18147528171539307,0.17541854083538055,0.06544436514377594,-0.04699772596359253,-0.09998758882284164,0.08401640504598618,0.2611246109008789,-0.10204239934682846,0.1958475112915039,0.45218929648399353,0.060389742255210876,0.2853078544139862
wqp,wqp:21DELAWQ_WQX-303051,test,2024-04,2024-05,0.9055970311164856,0.6567444801330566,0.05000070109963417,0.8001306653022766,0.7947031855583191,0.12917478382587433,0.9220678210258484,0.8325684666633606,0.20038233697414398,0.3100976347923279,0.26129060983657837,0.05613236129283905,0.36219459772109985,0.36794325709342957,0.04646213725209236,0.14363043010234833,0.18147528171539307,0.06457243859767914,0.2515551447868347,-0.05315763130784035,0.08338981121778488,-0.008582592010498047,0.20969167351722717,0.19021378457546234,0.052175700664520264,0.23560164868831635,0.28396719694137573
wqp,wqp:21DELAWQ_WQX-303051,test,2024-05,2024-06,0.7085882425308228,0.8847278952598572,0.049638863652944565,0.7538366913795471,0.7919081449508667,0.1305612325668335,0.9274830222129822,0.9012375473976135,0.1853928565979004,0.297005832195282,0.3100976347923279,0.055919159203767776,0.37138545513153076,0.36219459772109985,0.04522774741053581,0.13061222434043884,0.14363043010234833,0.061873968690633774,-0.19700878858566284,0.20677749812602997,0.08075672388076782,-0.04629397392272949,-0.04123472422361374,0.19251972436904907,0.005415201187133789,-0.04351021349430084,0.2781609296798706
wqp,wqp:21DELAWQ_WQX-303331,test,2023-06,2023-07,0.6114369630813599,0.7480672001838684,0.049091022461652756,0.6187904477119446,0.893022894859314,0.13238386809825897,0.9274830222129822,0.4607962369918823,0.17505675554275513,0.2572754919528961,0.31266212463378906,0.05549095571041107,0.37668201327323914,0.3680708408355713,0.044390346854925156,0.13061222434043884,0.24845550954341888,0.059451304376125336,-0.13036590814590454,-0.04646163433790207,0.08037890493869781,-0.29017698764801025,-0.006447482854127884,0.1950281709432602,0.48954811692237854,-0.20678797364234924,0.27552756667137146
wqp,wqp:21DELAWQ_WQX-303331,test,2023-07,2023-08,0.5928258299827576,0.626705527305603,0.04954923689365387,0.8875942230224609,0.663322389125824,0.13417454063892365,0.8530632853507996,0.8763921856880188,0.17627529799938202,0.26244452595710754,0.2572754919528961,0.05702148377895355,0.3726816177368164,0.37668201327323914,0.0467207171022892,0.2417793869972229,0.13061222434043884,0.06156429275870323,-0.018611133098602295,-0.1161738932132721,0.08163592964410782,0.26880377531051636,-0.18542593717575073,0.2039201408624649,-0.07441973686218262,0.2043461799621582,0.2694796919822693
wqp,wqp:21DELAWQ_WQX-303331,test,2023-08,2023-09,0.6997259259223938,0.5923359990119934,0.04621199890971184,0.9244463443756104,0.870125412940979,0.13046497106552124,0.726358950138092,0.8307589292526245,0.18042905628681183,0.3477210998535156,0.26244452595710754,0.0535738542675972,0.3639078736305237,0.3726816177368164,0.04387091472744942,0.23839762806892395,0.2417793869972229,0.05930093675851822,0.10690009593963623,-0.030283339321613312,0.07960110157728195,0.036852121353149414,0.19386613368988037,0.1948547214269638,-0.12670433521270752,-0.12472973763942719,0.2667498290538788
wqp,wqp:21DELAWQ_WQX-303331,test,2023-09,2023-10,0.7599136829376221,0.6890665292739868,0.0463634617626667,0.8875942230224609,0.9281826615333557,0.12993650138378143,0.16498251259326935,0.7015706300735474,0.1925048828125,0.31786906719207764,0.3477210998535156,0.05451140180230141,0.3726816177368164,0.3639078736305237,0.04445095732808113,0.25650614500045776,0.23839762806892395,0.061869703233242035,0.06018775701522827,0.08022433519363403,0.08040466904640198,-0.036852121353149414,-0.0039008595049381256,0.19359079003334045,-0.5613764524459839,-0.15620993077754974,0.271176815032959
wqp,wqp:21DELAWQ_WQX-303331,test,2023-10,2023-11,0.7801281213760376,0.7540695667266846,0.048506926745176315,0.8749890327453613,0.8918913006782532,0.13179540634155273,0.21006548404693604,0.17868079245090485,0.20166277885437012,0.32171934843063354,0.31786906719207764,0.05662956088781357,0.37342438101768494,0.3726816177368164,0.04607498645782471,0.24445326626300812,0.25650614500045776,0.0648307353258133,0.020214438438415527,0.03821222484111786,0.08284128457307816,-0.01260519027709961,-0.09125576168298721,0.19178348779678345,0.04508297145366669,-0.3652716875076294,0.28264135122299194
wqp,wqp:21DELAWQ_WQX-303331,test,2023-11,2023-12,0.8001106381416321,0.7784970998764038,0.04945499822497368,0.8875942230224609,0.8863071203231812,0.13027966022491455,0.21006548404693604,0.180623859167099,0.19700467586517334,0.32330605387687683,0.32171934843063354,0.056356437504291534,0.3726816177368164,0.37342438101768494,0.047080907970666885,0.24445326626300812,0.24445326626300812,0.06511317193508148,0.019982516765594482,0.006120683625340462,0.08310192823410034,0.01260519027709961,-0.03646543249487877,0.1880842000246048,0.0,0.02351217158138752,0.2856869101524353
wqp,wqp:21DELAWQ_WQX-308071,test,2022-12,2023-01,0.6724786758422852,0.7642403841018677,0.048088036477565765,0.7729519605636597,0.9005305171012878,0.12829919159412384,0.21006548404693604,0.18381476402282715,0.1871553659439087,0.2800576388835907,0.31852206587791443,0.05468747764825821,0.36350446939468384,0.3565361499786377,0.045617371797561646,0.24445326626300812,0.24338674545288086,0.06224260479211807,-0.09019804000854492,-0.027367226779460907,0.0811774954199791,-0.1282472014427185,0.004032760858535767,0.1857832670211792,0.010206282138824463,-0.02504844218492508,0.2839348614215851
wqp,wqp:21DELAWQ_WQX-308071,test,2023-01,2023-02,0.7946484684944153,0.6816213130950928,0.04717809334397316,0.8481327295303345,0.7931163907051086,0.12758681178092957,0.21006548404693604,0.2051141858100891,0.1869746744632721,0.3230978548526764,0.2800576388835907,0.05444588512182236,0.3704776465892792,0.36350446939468384,0.04507966712117195,0.24445326626300812,0.24445326626300812,0.06145017594099045,0.12216979265213013,-0.08361505717039108,0.08078998327255249,0.0751807689666748,-0.10524248331785202,0.18930856883525848,0.0,0.013201605528593063,0.2815398871898651
wqp,wqp:21DELAWQ_WQX-308071,test,2023-02,2023-03,0.7317361235618591,0.7811360359191895,0.04532824829220772,0.8616542220115662,0.8417786359786987,0.12495753914117813,0.17579850554466248,0.22049735486507416,0.1917659193277359,0.3091121315956116,0.3230978548526764,0.05257997289299965,0.37266501784324646,0.3704776465892792,0.04309473931789398,0.23857180774211884,0.24445326626300812,0.05995948612689972,-0.06291234493255615,0.09374618530273438,0.07974877208471298,0.01352149248123169,0.02942042425274849,0.18777130544185638,-0.03426697850227356,0.053094781935214996,0.27798008918762207
wqp,wqp:21DELAWQ_WQX-308071,test,2023-03,2023-04,0.713762104511261,0.735224723815918,0.04704899713397026,0.5063795447349548,0.8633778691291809,0.1268676072359085,0.17565970122814178,0.19957441091537476,0.20159009099006653,0.3906902074813843,0.3091121315956116,0.05451424792408943,0.31179648637771606,0.37266501784324646,0.044150225818157196,0.38598471879959106,0.23857180774211884,0.062473226338624954,-0.017974019050598145,-0.06709132343530655,0.08183220773935318,-0.35527467727661133,-0.014391783624887466,0.19061996042728424,-0.00013880431652069092,0.024739813059568405,0.2823095917701721
wqp,wqp:21DELAWQ_WQX-308071,test,2023-04,2023-05,0.6597576141357422,0.7213220596313477,0.05054694414138794,0.7396721839904785,0.5472285747528076,0.13143377006053925,0.4970010221004486,0.1986786127090454,0.20390652120113373,0.25264468789100647,0.3906902074813843,0.05834769085049629,0.36539945006370544,0.31179648637771606,0.04663214087486267,0.2676839828491211,0.38598471879959106,0.06540440022945404,-0.0540044903755188,-0.013694200664758682,0.08378234505653381,0.23329263925552368,-0.27969253063201904,0.19725684821605682,0.321341335773468,0.007449884433299303,0.28697049617767334
wqp,wqp:21DELAWQ_WQX-308071,test,2023-05,2023-06,0.7483736276626587,0.6646774411201477,0.051236286759376526,0.7909647226333618,0.7228749394416809,0.13181985914707184,0.9080671668052673,0.48149099946022034,0.19080711901187897,0.3746895492076874,0.25264468789100647,0.05671573802828789,0.3503985106945038,0.36539945006370544,0.04665958881378174,0.17756491899490356,0.2676839828491211,0.0632915273308754,0.0886160135269165,-0.05602388456463814,0.08350927382707596,0.0512925386428833,0.17918342351913452,0.19263166189193726,0.4110661447048187,0.20084911584854126,0.28324541449546814
wqp,wqp:21DELAWQ_WQX-308071,test,2023-06,2023-07,0.6272224187850952,0.7421974539756775,0.049399882555007935,0.7514909505844116,0.7864317893981934,0.13141223788261414,0.9274830222129822,0.8663685917854309,0.17485220730304718,0.2558239698410034,0.3746895492076874,0.055366333574056625,0.3744716942310333,0.3503985106945038,0.045276448130607605,0.13061222434043884,0.17756491899490356,0.06009626016020775,-0.12115120887756348,0.06780791282653809,0.08036595582962036,-0.039473772048950195,0.039779357612133026,0.1952122002840042,0.019415855407714844,0.19412901997566223,0.2725454270839691
wqp,wqp:21DELAWQ_WQX-308071,test,2023-07,2023-08,0.618372917175293,0.6391127109527588,0.0482684001326561,0.8598816394805908,0.7611842155456543,0.13277114927768707,0.9263202548027039,0.9033236503601074,0.1732979416847229,0.29855024814605713,0.2558239698410034,0.05544251203536987,0.37321221828460693,0.3744716942310333,0.04508451372385025,0.13330453634262085,0.13061222434043884,0.05972122773528099,-0.008849501609802246,-0.11570638418197632,0.08005739003419876,0.1083906888961792,-0.026838447898626328,0.19940747320652008,-0.0011627674102783203,-0.10208825021982193,0.268498033285141
wqp,wqp:21DELAWQ_WQX-308071,test,2023-08,2023-09,0.6689066290855408,0.6174510717391968,0.04652028530836105,0.19224311411380768,0.8593961596488953,0.1309983730316162,0.8584069609642029,0.8965328335762024,0.1808256208896637,0.25153884291648865,0.29855024814605713,0.05420934408903122,0.26142990589141846,0.37321221828460693,0.044299330562353134,0.3375411331653595,0.13330453634262085,0.059944819658994675,0.0505337119102478,-0.019877977669239044,0.07981915771961212,-0.6676385402679443,0.07645754516124725,0.19705241918563843,-0.06791329383850098,-0.10386412590742111,0.2666078209877014
wqp,wqp:21DELAWQ_WQX-308071,test,2023-09,2023-10,0.747379720211029,0.6728038787841797,0.05045824870467186,0.7007579207420349,0.28499478101730347,0.13652104139328003,0.1562698632478714,0.819836437702179,0.20170581340789795,0.323853462934494,0.25153884291648865,0.060683004558086395,0.35716304183006287,0.26142990589141846,0.049325160682201385,0.24322906136512756,0.3375411331653595,0.06772201508283615,0.07847309112548828,0.050106681883335114,0.08423811942338943,0.5085148215293884,-0.4883456230163574,0.2077028602361679,-0.7021371126174927,-0.23489832878112793,0.27689146995544434
wqp,wqp:21DELAWQ_WQX-308071,test,2023-10,2023-11,0.7541722059249878,0.7324155569076538,0.049612678587436676,0.5124804973602295,0.6625311970710754,0.13286937773227692,0.21006548404693604,0.1742338389158249,0.2052045464515686,0.31638970971107483,0.323853462934494,0.0567919984459877,0.3161241412162781,0.35716304183006287,0.046934135258197784,0.24445326626300812,0.24322906136512756,0.0653846487402916,0.00679248571395874,0.04407988488674164,0.08447318524122238,-0.18827742338180542,0.3401336967945099,0.1895516812801361,0.053795620799064636,-0.4407208263874054,0.28636854887008667
wqp,wqp:21DELAWQ_WQX-308071,test,2023-11,2023-12,0.6818649172782898,0.7541686296463013,0.05248584598302841,0.6932936310768127,0.5499969720840454,0.13472552597522736,0.18594388663768768,0.17754316329956055,0.2042810171842575,0.2495100349187851,0.31638970971107483,0.06006774306297302,0.35674047470092773,0.3161241412162781,0.05031931400299072,0.25510337948799133,0.24445326626300812,0.06899037212133408,-0.072307288646698,0.0016484959051012993,0.08652333170175552,0.18081313371658325,-0.14849179983139038,0.19534169137477875,-0.024121597409248352,-0.002629674971103668,0.29137906432151794
wqp,wqp:21FLCBA_WQX-WAL-ALLEN-1,test,2022-12,2023-01,0.23469871282577515,0.26996973156929016,0.05522686243057251,0.8179468512535095,0.5310184955596924,0.13886286318302155,0.21006548404693604,0.13999028503894806,0.2017715573310852,0.2968648672103882,0.2834694981575012,0.06245388090610504,0.36152687668800354,0.3188278079032898,0.05288790166378021,0.24445326626300812,0.3301171064376831,0.07058091461658478,-0.02972272038459778,0.02259667217731476,0.089925117790699,0.30115777254104614,-0.012145591899752617,0.19910866022109985,0.0550432950258255,-0.03437594324350357,0.2987682521343231
wqp,wqp:21FLCBA_WQX-WAL-ALLEN-1,test,2023-01,2023-02,0.36404678225517273,0.2384948432445526,0.05156123638153076,0.5336776971817017,0.7943227291107178,0.13396133482456207,0.7038788199424744,0.20399390161037445,0.1958092749118805,0.34293413162231445,0.2968648672103882,0.05825347825884819,0.3338620066642761,0.36152687668800354,0.04932139441370964,0.3834143877029419,0.24445326626300812,0.06609948724508286,0.12934806942939758,-0.027223071083426476,0.08706449717283249,-0.28426915407180786,0.22220444679260254,0.1941613107919693,0.49381333589553833,0.07956552505493164,0.2922927439212799
wqp,wqp:21FLCBA_WQX-WAL-ALLEN-1,test,2023-02,2023-03,0.24057550728321075,0.36085888743400574,0.050460729748010635,0.5853881239891052,0.5764949917793274,0.1322741061449051,0.5399150252342224,0.6652580499649048,0.19993573427200317,0.308779239654541,0.34293413162231445,0.05871181935071945,0.3678334355354309,0.3338620066642761,0.04883171245455742,0.2579357624053955,0.3834143877029419,0.06656995415687561,-0.12347127497196198,0.12406845390796661,0.08527633547782898,0.051710426807403564,-0.18791452050209045,0.1994849145412445,-0.16396379470825195,0.2588680386543274,0.2865331768989563
wqp,wqp:21FLCBA_WQX-WAL-ALLEN-1,test,2023-03,2023-04,0.25557002425193787,0.25494280457496643,0.0514075793325901,0.5379666090011597,0.5924021005630493,0.13330776989459991,0.43543389439582825,0.5560689568519592,0.20867246389389038,0.2953069508075714,0.308779239654541,0.05928908661007881,0.32794082164764404,0.3678334355354309,0.048437610268592834,0.24799762666225433,0.2579357624053955,0.06749589741230011,0.014994516968727112,-0.10854203999042511,0.08644773811101913,-0.04742151498794556,0.041572488844394684,0.1974085569381714,-0.10448113083839417,-0.13489583134651184,0.29149115085601807
wqp,wqp:21FLCBA_WQX-WAL-ALLEN-1,test,2023-04,2023-05,0.40023916959762573,0.2605167627334595,0.054749589413404465,0.8290151953697205,0.5472912192344666,0.1375698447227478,0.9117671847343445,0.4536140263080597,0.21082866191864014,0.3321518898010254,0.2953069508075714,0.062174562364816666,0.3653647303581238,0.32794082164764404,0.050540100783109665,0.16904820501804352,0.24799762666225433,0.06992087513208389,0.14466914534568787,0.017659306526184082,0.08904828876256943,0.2910485863685608,-0.045576244592666626,0.2020074427127838,0.47633329033851624,-0.08032085001468658,0.29570096731185913
wqp,wqp:21FLCBA_WQX-WAL-ALLEN-2,test,2022-12,2023-01,0.25487810373306274,0.281540185213089,0.05653788894414902,0.7232095003128052,0.5390351414680481,0.140802800655365,0.21006548404693604,0.12843161821365356,0.20461100339889526,0.27510082721710205,0.28903457522392273,0.06386754661798477,0.3606043756008148,0.32500237226486206,0.05424154922366142,0.24445326626300812,0.29220643639564514,0.07222238183021545,-0.021717935800552368,0.012073483318090439,0.09178662300109863,0.19397598505020142,0.008388299494981766,0.2014365941286087,0.06721542775630951,-0.03974135220050812,0.301816463470459
wqp,wqp:21FLCBA_WQX-WAL-ALLEN-2,test,2023-01,2023-02,0.23469871282577515,0.25848719477653503,0.053077396005392075,0.41633760929107666,0.7115235924720764,0.13630864024162292,0.2660733163356781,0.20217980444431305,0.19919206202030182,0.2968648672103882,0.27510082721710205,0.060176264494657516,0.4329932928085327,0.3606043756008148,0.05100857838988304,0.3893488645553589,0.24445326626300812,0.06811130046844482,-0.020179390907287598,-0.01700211875140667,0.08898120373487473,-0.3068718910217285,0.14479200541973114,0.19802537560462952,0.056007832288742065,0.0736159086227417,0.2952924966812134
wqp,wqp:21FLCBA_WQX-WAL-ALLEN-2,test,2023-02,2023-03,0.27572378516197205,0.24517378211021423,0.052397336810827255,0.5167890787124634,0.46045443415641785,0.1359633356332779,0.6554047465324402,0.27348941564559937,0.2060675472021103,0.3124983012676239,0.2968648672103882,0.06107081100344658,0.3188278079032898,0.4329932928085327,0.0503314808011055,0.3020707368850708,0.3893488645553589,0.0687575414776802,0.0410250723361969,-0.004556081257760525,0.08810590952634811,0.10045146942138672,-0.22025969624519348,0.20343440771102905,0.3893314301967621,0.024315528571605682,0.2932985723018646
wqp,wqp:21FLCBA_WQX-WAL-ALLEN-2,test,2023-03,2023-04,0.2448630928993225,0.27581411600112915,0.05295782908797264,0.5542797446250916,0.5246115326881409,0.134682297706604,0.41554975509643555,0.6322135329246521,0.21245749294757843,0.2879369854927063,0.3124983012676239,0.060572151094675064,0.3305935263633728,0.3188278079032898,0.0504726879298687,0.2439560890197754,0.3020707368850708,0.0694829672574997,-0.030860692262649536,0.03976823762059212,0.08874338865280151,0.037490665912628174,0.1044420376420021,0.2000887542963028,-0.23985499143600464,0.21056465804576874,0.2931418716907501
wqp,wqp:21FLCBA_WQX-WAL-ALLEN-2,test,2023-04,2023-05,0.3979426920413971,0.25234344601631165,0.05569108948111534,0.8290151953697205,0.5538910031318665,0.1390114277601242,0.9117671847343445,0.44113558530807495,0.2129315733909607,0.33349183201789856,0.2879369854927063,0.06315134465694427,0.3653647303581238,0.3305935263633728,0.05142345279455185,0.16904820501804352,0.2439560890197754,0.0709633156657219,0.15307959914207458,-0.02466355636715889,0.09036996215581894,0.2747354507446289,0.013265000656247139,0.20303112268447876,0.49621742963790894,-0.16518907248973846,0.29843324422836304
wqp,wqp:21FLCBA_WQX-WAL-ALLEN-3,test,2022-12,2023-01,0.23509159684181213,0.2825688123703003,0.055699557065963745,0.5292335152626038,0.5384993553161621,0.13951992988586426,0.21006548404693604,0.15340785682201385,0.2026563435792923,0.28043821454048157,0.30852749943733215,0.06293271481990814,0.32500237226486206,0.32500237226486206,0.05335978418588638,0.24445326626300812,0.35404303669929504,0.07116356492042542,-0.043975383043289185,0.034619711339473724,0.0905732810497284,0.0,0.00829529669135809,0.19973336160182953,0.0399649441242218,-0.022431030869483948,0.3000023663043976
wqp,wqp:21FLCBA_WQX-WAL-ALLEN-3,test,2023-01,2023-02,0.26134631037712097,0.2429688572883606,0.054098449647426605,0.41633760929107666,0.5421354174613953,0.13780318200588226,0.4163062274456024,0.2026684284210205,0.2013976275920868,0.32594141364097595,0.28043821454048157,0.06173049658536911,0.4329932928085327,0.32500237226486206,0.0521777905523777,0.24398896098136902,0.24445326626300812,0.069480299949646,0.026254713535308838,-0.03076208010315895,0.08981550484895706,-0.1128959059715271,0.010363901033997536,0.20144401490688324,0.20624074339866638,0.0297987200319767,0.2967715263366699
wqp,wqp:21FLCBA_WQX-WAL-ALLEN-3,test,2023-02,2023-03,0.2898349165916443,0.26388004422187805,0.052338555455207825,0.41633760929107666,0.4453938901424408,0.13524022698402405,0.5830891132354736,0.40555843710899353,0.20603428781032562,0.33336782455444336,0.32594141364097595,0.06046246737241745,0.4329932928085327,0.4329932928085327,0.050395648926496506,0.25678375363349915,0.24398896098136902,0.06861760467290878,0.028488606214523315,0.03170127421617508,0.0881272554397583,0.0,-0.06211361289024353,0.20177745819091797,0.16678288578987122,0.1049075573682785,0.29246339201927185
wqp,wqp:21FLCBA_WQX-WAL-ALLEN-3,test,2023-03,2023-04,0.3012726604938507,0.2911076247692108,0.05277097597718239,0.5542797446250916,0.4332594871520996,0.13487479090690613,0.43543389439582825,0.5758302807807922,0.21242643892765045,0.32153037190437317,0.33336782455444336,0.06061252951622009,0.3305935263633728,0.4329932928085327,0.05003286525607109,0.24799762666225433,0.25678375363349915,0.06934333592653275,0.011437743902206421,0.02863360196352005,0.08817557245492935,0.1379421353340149,0.01934238336980343,0.20043954253196716,-0.14765521883964539,0.06365519016981125,0.29330572485923767
wqp,wqp:21FLCBA_WQX-WAL-ALLEN-3,test,2023-04,2023-05,0.32845833897590637,0.30306532979011536,0.05505746603012085,0.6808174252510071,0.5447908639907837,0.13779491186141968,0.9080671668052673,0.4549432098865509,0.21181607246398926,0.32474300265312195,0.32153037190437317,0.06217903643846512,0.35766732692718506,0.3305935263633728,0.05080075189471245,0.17756491899490356,0.24799762666225433,0.07011530548334122,0.027185678482055664,0.00946918036788702,0.0896344780921936,0.12653768062591553,0.09168322384357452,0.20107489824295044,0.4726332724094391,-0.09546434134244919,0.29722943902015686
wqp,wqp:21FLCBA_WQX-WAL-ALLIGATOR-1,test,2022-12,2023-01,0.16197553277015686,0.18789027631282806,0.04933839291334152,0.4706762135028839,0.48191729187965393,0.12979477643966675,0.4534362256526947,0.4241504371166229,0.187405526638031,0.19608205556869507,0.13983826339244843,0.055298853665590286,0.7212628126144409,0.7212628126144409,0.04635341838002205,0.6154367327690125,0.6154367327690125,0.06333085149526596,-0.011506378650665283,-0.009948340244591236,0.08108225464820862,0.0,-0.001091376063413918,0.18484964966773987,0.0,-0.04204922914505005,0.2857893705368042
wqp,wqp:21FLCBA_WQX-WAL-ALLIGATOR-1,test,2023-01,2023-02,0.16574786603450775,0.17426693439483643,0.046351850032806396,0.8067352175712585,0.47995683550834656,0.12595582008361816,0.41554975509643555,0.44219762086868286,0.1823657751083374,0.1697852462530136,0.19608205556869507,0.05254524201154709,0.3562241792678833,0.7212628126144409,0.04347182437777519,0.2439560890197754,0.6154367327690125,0.05971447378396988,0.003772333264350891,-0.004275006707757711,0.07811354845762253,0.33605900406837463,0.0020212794188410044,0.18316501379013062,-0.037886470556259155,-0.014195454306900501,0.2797020673751831
wqp,wqp:21FLCBA_WQX-WAL-ALLIGATOR-1,test,2023-02,2023-03,0.18599097430706024,0.16740837693214417,0.047424789518117905,0.8524650931358337,0.7771623730659485,0.1276652216911316,0.41726773977279663,0.4219556748867035,0.19411636888980865,0.1305820494890213,0.1697852462530136,0.053990431129932404,0.38249462842941284,0.3562241792678833,0.04488011449575424,0.254581481218338,0.2439560890197754,0.061840638518333435,0.02024310827255249,-0.00216417433694005,0.08197852224111557,0.045729875564575195,0.24154306948184967,0.18815867602825165,0.001717984676361084,0.002633921802043915,0.28245115280151367
wqp,wqp:21FLCBA_WQX-WAL-ALLIGATOR-1,test,2023-03,2023-04,0.17813336849212646,0.18961599469184875,0.049668215215206146,0.857158899307251,0.8466803431510925,0.13093042373657227,0.41554975509643555,0.43052780628204346,0.20487715303897858,0.14820384979248047,0.1305820494890213,0.05697109177708626,0.37208542227745056,0.38249462842941284,0.04659074917435646,0.2439560890197754,0.254581481218338,0.06533699482679367,-0.007857605814933777,0.01682390831410885,0.08477532118558884,0.004693806171417236,0.010654021054506302,0.19441236555576324,-0.001717984676361084,0.010811512358486652,0.28656336665153503
wqp,wqp:21FLCBA_WQX-WAL-ALLIGATOR-1,test,2024-06,2024-07,0.1796284168958664,0.2509784400463104,0.054841093719005585,0.5119231343269348,0.5124348998069763,0.1402212679386139,0.16047252714633942,0.7102384567260742,0.1842447817325592,0.27713513374328613,0.2833925783634186,0.06137450411915779,0.30850207805633545,0.31294822692871094,0.05025743693113327,0.3060664236545563,0.5115612745285034,0.06570609658956528,-0.06921112537384033,0.08487322926521301,0.08674299716949463,0.002413332462310791,0.010070141404867172,0.20514516532421112,-0.5679009556770325,0.10088133811950684,0.285097599029541
wqp,wqp:21FLCBA_WQX-WAL-ALLIGATOR-1,test,2024-07,2024-08,0.47728583216667175,0.1921892762184143,0.054278936237096786,0.33022254705429077,0.5113401412963867,0.14355948567390442,0.5385928153991699,0.20722264051437378,0.18669046461582184,0.8113250732421875,0.27713513374328613,0.062136415392160416,0.2934702932834625,0.30850207805633545,0.05010153725743294,0.2587895393371582,0.3060664236545563,0.06559497117996216,0.29765743017196655,-0.05935722589492798,0.08819325268268585,-0.18170058727264404,-0.020261989906430244,0.21169310808181763,0.3781203031539917,-0.3549968898296356,0.2849045395851135
wqp,wqp:21FLCBA_WQX-WAL-ALLIGATOR-2,test,2022-12,2023-01,0.17619644105434418,0.18563604354858398,0.049732379615306854,0.4706762135028839,0.4820333421230316,0.1303965151309967,0.4534362256526947,0.4241471588611603,0.18823443353176117,0.13663332164287567,0.15520983934402466,0.055759601294994354,0.7212628126144409,0.7212628126144409,0.04675893858075142,0.6154367327690125,0.6154367327690125,0.06381870061159134,0.005175098776817322,-0.011676019988954067,0.08162164688110352,0.0,-0.0006795540102757514,0.1856272667646408,0.0,-0.042482439428567886,0.2867988049983978
wqp,wqp:21FLCBA_WQX-WAL-ALLIGATOR-2,test,2023-01,2023-02,0.19169588387012482,0.1867489516735077,0.04687189683318138,0.7050343751907349,0.4791366457939148,0.12685468792915344,0.41554975509643555,0.4413047134876251,0.18368346989154816,0.12412755936384201,0.13663332164287567,0.053112052381038666,0.3628665506839752,0.7212628126144409,0.04407181218266487,0.2439560890197754,0.6154367327690125,0.06039852648973465,0.01549944281578064,0.010615812614560127,0.0789298489689827,0.23435816168785095,0.0006002613226883113,0.18432505428791046,-0.037886470556259155,-0.01580578275024891,0.2807896137237549
wqp,wqp:21FLCBA_WQX-WAL-ALLIGATOR-2,test,2023-02,2023-03,0.18149501085281372,0.19283567368984222,0.0482630729675293,0.8290151953697205,0.6875226497650146,0.1290639340877533,0.41554975509643555,0.4206274449825287,0.19632217288017273,0.13863304257392883,0.12412755936384201,0.0551079586148262,0.3653647303581238,0.3628665506839752,0.045850712805986404,0.2439560890197754,0.2439560890197754,0.06301309913396835,-0.010200873017311096,0.011079635471105576,0.08301934599876404,0.1239808201789856,0.16882167756557465,0.19070670008659363,0.0,-0.011725014075636864,0.2839784026145935
wqp,wqp:21FLCBA_WQX-WAL-ALLIGATOR-2,test,2023-03,2023-04,0.17813336849212646,0.1863904893398285,0.050212930887937546,0.8111841678619385,0.8178715705871582,0.13158760964870453,0.41554975509643555,0.42849788069725037,0.2063526213169098,0.14820384979248047,0.13863304257392883,0.05745536461472511,0.37234872579574585,0.3653647303581238,0.04715435579419136,0.2439560890197754,0.2439560890197754,0.06592220067977905,-0.003361642360687256,-0.01071033626794815,0.08559054881334305,-0.017831027507781982,0.07461225986480713,0.19484946131706238,0.0,0.011979887261986732,0.2880803942680359
wqp,wqp:21FLCBA_WQX-WAL-ALLIGATOR-2,test,2024-06,2024-07,0.18184389173984528,0.21754194796085358,0.05537256598472595,0.45514118671417236,0.5102328062057495,0.1421947330236435,0.17062482237815857,0.403609961271286,0.18628597259521484,0.24808287620544434,0.30512502789497375,0.06229214742779732,0.31690096855163574,0.31149429082870483,0.050175949931144714,0.36849936842918396,0.32344192266464233,0.06598338484764099,-0.0292368084192276,0.03695995360612869,0.0876135602593422,-0.059812068939208984,-0.015659043565392494,0.20699888467788696,-0.1980556845664978,-0.28070980310440063,0.2885068655014038
wqp,wqp:21FLCBA_WQX-WAL-ALLIGATOR-2,test,2024-07,2024-08,0.47728583216667175,0.1910974532365799,0.05427147075533867,0.3768554925918579,0.4648963510990143,0.14303463697433472,0.6181250810623169,0.19721226394176483,0.18709337711334229,0.8113250732421875,0.24808287620544434,0.06192920729517937,0.29780104756355286,0.31690096855163574,0.05033188685774803,0.25434988737106323,0.36849936842918396,0.06576745957136154,0.2954419255256653,-0.020495854318141937,0.08825051039457321,-0.07828569412231445,-0.05038188025355339,0.21199847757816315,0.4475002586841583,-0.10486093908548355,0.2837342917919159
wqp,wqp:21FLCBA_WQX-WAL-ALLIGATOR-3,test,2022-12,2023-01,0.16744296252727509,0.2042533904314041,0.04959452524781227,0.4706762135028839,0.4812609851360321,0.1302301287651062,0.4534362256526947,0.4237004518508911,0.18804514408111572,0.1546553075313568,0.12412755936384201,0.055588822811841965,0.7212628126144409,0.7212628126144409,0.04664671793580055,0.6154367327690125,0.6154367327690125,0.06366775929927826,-0.02425292134284973,0.005871852859854698,0.0814794972538948,0.0,-0.0025611836463212967,0.18543578684329987,0.0,-0.042010657489299774,0.2863389551639557
wqp,wqp:21FLCBA_WQX-WAL-ALLIGATOR-3,test,2023-01,2023-02,0.19169588387012482,0.1805393248796463,0.046724915504455566,0.5273723602294922,0.48006728291511536,0.126577228307724,0.41554975509643555,0.44164764881134033,0.18330338597297668,0.12412755936384201,0.1546553075313568,0.052956391125917435,0.3495011329650879,0.7212628126144409,0.043904367834329605,0.2439560890197754,0.6154367327690125,0.06020977720618248,0.02425292134284973,-0.015192047692835331,0.0786898285150528,0.056696146726608276,0.002662808634340763,0.18394577503204346,-0.037886470556259155,-0.016922956332564354,0.2805403470993042
wqp,wqp:21FLCBA_WQX-WAL-ALLIGATOR-3,test,2023-02,2023-03,0.19169588387012482,0.19404850900173187,0.04899899661540985,0.8290151953697205,0.5318256616592407,0.1302264928817749,0.41554975509643555,0.4196673631668091,0.19814512133598328,0.12412755936384201,0.12412755936384201,0.05626003444194794,0.3653647303581238,0.3495011329650879,0.04669984430074692,0.2439560890197754,0.2439560890197754,0.06406282633543015,0.0,0.023954059928655624,0.08361894637346268,0.30164283514022827,0.0445881262421608,0.1935582160949707,0.0,-0.033898960798978806,0.28495216369628906
wqp,wqp:21FLCBA_WQX-WAL-ALLIGATOR-3,test,2023-03,2023-04,0.17458921670913696,0.19330163300037384,0.049972053617239,0.8124557733535767,0.801385760307312,0.13100090622901917,0.41554975509643555,0.42744243144989014,0.20617876946926117,0.1947457492351532,0.12412755936384201,0.05679820477962494,0.3701382279396057,0.3653647303581238,0.046859994530677795,0.2439560890197754,0.2439560890197754,0.06541803479194641,-0.017106667160987854,-0.00579155795276165,0.08543451875448227,-0.0165594220161438,0.21017460525035858,0.19292320311069489,0.0,0.025739075616002083,0.28785836696624756
wqp,wqp:21FLCBA_WQX-WAL-ALLIGATOR-3,test,2024-06,2024-07,0.21516761183738708,0.17532150447368622,0.05733133479952812,0.45113566517829895,0.5123355388641357,0.1451505571603775,0.34169360995292664,0.33848094940185547,0.19046585261821747,0.34978893399238586,0.1542147994041443,0.06430475413799286,0.31679946184158325,0.31116026639938354,0.05228498578071594,0.552695631980896,0.3688659965991974,0.06828375160694122,0.04899114370346069,0.011525142937898636,0.09044475108385086,-0.06512758135795593,-0.014925554394721985,0.21070614457130432,0.035536497831344604,-0.22083432972431183,0.292194128036499
wqp,wqp:21FLCBA_WQX-WAL-ALLIGATOR-3,test,2024-07,2024-08,0.47728583216667175,0.21929258108139038,0.05330323800444603,0.20223231613636017,0.462124228477478,0.14113707840442657,0.41648295521736145,0.3488326072692871,0.1842261105775833,0.8113250732421875,0.34978893399238586,0.06086965277791023,0.2863541543483734,0.31679946184158325,0.0494709312915802,0.2566620111465454,0.552695631980896,0.06466032564640045,0.26211822032928467,0.04993322864174843,0.08668876439332962,-0.24890334904193878,-0.04511395841836929,0.20959226787090302,0.07478934526443481,0.02956780232489109,0.2813009023666382
wqp,wqp:21FLCBA_WQX-WAL-ALLIGATOR-4,test,2022-12,2023-01,0.2408600151538849,0.1882164627313614,0.05005444586277008,0.4706762135028839,0.4817616939544678,0.1309240311384201,0.4534362256526947,0.42397964000701904,0.1889505237340927,0.22180917859077454,0.1422819048166275,0.05612170696258545,0.7212628126144409,0.7212628126144409,0.04710165411233902,0.6154367327690125,0.6154367327690125,0.0642264112830162,0.06685088574886322,-0.00894427765160799,0.08208712935447693,0.0,-0.001044964767061174,0.1862884759902954,0.0,-0.04271015152335167,0.28752994537353516
wqp,wqp:21FLCBA_WQX-WAL-ALLIGATOR-4,test,2023-01,2023-02,0.17919935286045074,0.24548901617527008,0.04640074446797371,0.23750387132167816,0.47777387499809265,0.1261265128850937,0.41554975509643555,0.4416893720626831,0.18265116214752197,0.13409678637981415,0.22180917859077454,0.05266247317194939,0.31980350613594055,0.7212628126144409,0.04354366660118103,0.2439560890197754,0.6154367327690125,0.05980249494314194,-0.06166066229343414,0.06288392096757889,0.07826431840658188,-0.23317234218120575,-0.0037977988831698895,0.18358385562896729,-0.037886470556259155,-0.008727392181754112,0.27988705039024353
wqp,wqp:21FLCBA_WQX-WAL-ALLIGATOR-4,test,2023-02,2023-03,0.17584195733070374,0.19220219552516937,0.050763946026563644,0.8013842105865479,0.28083986043930054,0.13288052380084991,0.43543389439582825,0.4184941053390503,0.20227129757404327,0.15904510021209717,0.13409678637981415,0.05885506793856621,0.35490384697914124,0.31980350613594055,0.048712991178035736,0.24799762666225433,0.2439560890197754,0.06651677191257477,-0.0033573955297470093,-0.04263662174344063,0.08532461524009705,0.5638803243637085,-0.15067893266677856,0.19922015070915222,0.0198841392993927,-0.07657719403505325,0.2881164252758026
wqp,wqp:21FLCBA_WQX-WAL-ALLIGATOR-4,test,2023-03,2023-04,0.2160903811454773,0.17484961450099945,0.0501851849257946,0.5626689195632935,0.7517178058624268,0.13088570535182953,0.41554975509643555,0.44441381096839905,0.20697838068008423,0.35070860385894775,0.15904510021209717,0.05651531741023064,0.3732932507991791,0.35490384697914124,0.04698468744754791,0.2439560890197754,0.24799762666225433,0.06533437967300415,0.04024842381477356,-0.01313432864844799,0.08589049428701401,-0.2387152910232544,0.4178999066352844,0.19111424684524536,-0.0198841392993927,0.05390552803874016,0.28899770975112915
wqp,wqp:21FLCBA_WQX-WAL-ALLIGATOR-4,test,2024-06,2024-07,0.17023934423923492,0.21670091152191162,0.05606731399893761,0.34941741824150085,0.4210740327835083,0.14262467622756958,0.2038153111934662,0.47961583733558655,0.1875126212835312,0.1659778505563736,0.2811318635940552,0.062470607459545135,0.2984934151172638,0.3185879588127136,0.050859857350587845,0.2458454668521881,0.4416630268096924,0.06652402132749557,-0.038320139050483704,-0.017426330596208572,0.08848168700933456,-0.09446343779563904,0.1829327791929245,0.20561420917510986,-0.24990540742874146,-0.22375473380088806,0.2904813587665558
wqp,wqp:21FLCBA_WQX-WAL-ALLIGATOR-4,test,2024-07,2024-08,0.47728583216667175,0.17922388017177582,0.0570865161716938,0.1921282261610031,0.3644082546234131,0.14736071228981018,0.3827304542064667,0.22863952815532684,0.19273626804351807,0.8113250732421875,0.1659778505563736,0.06514079868793488,0.25928616523742676,0.2984934151172638,0.05330704152584076,0.308521568775177,0.2458454668521881,0.06912284344434738,0.30704647302627563,-0.027183441445231438,0.09184592217206955,-0.15728919208049774,-0.073447585105896,0.21817046403884888,0.1789151430130005,-0.16256213188171387,0.28865450620651245
wqp,wqp:21FLCBA_WQX-WAL-BIGREDF-1,test,2023-05,2023-06,0.16073821485042572,0.1840500682592392,0.058467768132686615,0.6580526232719421,0.6854381561279297,0.14369076490402222,0.14349006116390228,0.4254094660282135,0.2036832571029663,0.18540924787521362,0.15904510021209717,0.06506319344043732,0.3279617726802826,0.4039706587791443,0.0534638985991478,0.29572877287864685,0.2439560890197754,0.07158152759075165,-0.015103742480278015,0.0022418340668082237,0.09247074276208878,-0.03113311529159546,-0.001857571303844452,0.20764178037643433,-0.27205967903137207,-0.009881220757961273,0.2985439598560333
wqp,wqp:21FLCBA_WQX-WAL-BIGREDF-1,test,2023-06,2023-07,0.16849364340305328,0.17103029787540436,0.05801337584853172,0.44524604082107544,0.6535418629646301,0.14621339738368988,0.17550349235534668,0.1785181611776352,0.19247400760650635,0.18634609878063202,0.18540924787521362,0.06505254656076431,0.3103841245174408,0.3279617726802826,0.0529630072414875,0.3016816973686218,0.29572877287864685,0.0691802054643631,0.0077554285526275635,-0.006205596961081028,0.0918702781200409,-0.2128065824508667,-0.05026865005493164,0.21270668506622314,0.0320134311914444,-0.14400732517242432,0.2938932776451111
wqp,wqp:21FLCBA_WQX-WAL-BIGREDF-1,test,2023-07,2023-08,0.19169588387012482,0.17571036517620087,0.05716196820139885,0.5629101991653442,0.47149330377578735,0.1472594439983368,0.15265747904777527,0.18592312932014465,0.1930401474237442,0.12412755936384201,0.18634609878063202,0.06535135954618454,0.3339323401451111,0.3103841245174408,0.05367827042937279,0.27671754360198975,0.3016816973686218,0.06946589052677155,0.023202240467071533,0.01774512603878975,0.09222964942455292,0.1176641583442688,-0.15700003504753113,0.2193950116634369,-0.02284601330757141,0.018108971416950226,0.287982702255249
wqp,wqp:21FLCBA_WQX-WAL-BIGREDF-1,test,2023-08,2023-09,0.19169588387012482,0.19060920178890228,0.055544961243867874,0.6163516640663147,0.5632889866828918,0.1456623524427414,0.41554975509643555,0.1567344069480896,0.20321941375732422,0.12412755936384201,0.12412755936384201,0.06391586363315582,0.3547249138355255,0.3339323401451111,0.053288258612155914,0.2439560890197754,0.27671754360198975,0.0701952874660492,0.0,0.023718364536762238,0.09290899336338043,0.05344146490097046,0.08907841145992279,0.21591196954250336,0.2628922760486603,-0.003947222605347633,0.28713542222976685
wqp,wqp:21FLCBA_WQX-WAL-BIGREDF-1,test,2023-09,2023-10,0.18149501085281372,0.19311316311359406,0.056546613574028015,0.9171228408813477,0.6355928778648376,0.14491234719753265,0.41554975509643555,0.3772934377193451,0.21714265644550323,0.13863304257392883,0.12412755936384201,0.06527288258075714,0.3677809536457062,0.3547249138355255,0.05532345920801163,0.2439560890197754,0.2439560890197754,0.07444429397583008,-0.010200873017311096,0.005097611341625452,0.09468051791191101,0.30077117681503296,0.05650142580270767,0.2132474184036255,0.0,0.10618367791175842,0.29164955019950867
wqp,wqp:21FLCBA_WQX-WAL-BIGREDF-2,test,2023-05,2023-06,0.19522725045681,0.18594099581241608,0.05789889395236969,0.6230640411376953,0.6472581624984741,0.1430310308933258,0.14205937087535858,0.42586272954940796,0.20235738158226013,0.2568429410457611,0.1707548350095749,0.06496571749448776,0.313284695148468,0.36441266536712646,0.05298936739563942,0.2729884386062622,0.2439560890197754,0.07113950699567795,0.02067713439464569,0.0051821935921907425,0.09135232120752335,-0.005617976188659668,-0.16905111074447632,0.20861147344112396,-0.27349036931991577,-0.029218878597021103,0.2965952157974243
wqp,wqp:21FLCBA_WQX-WAL-BIGREDF-2,test,2023-06,2023-07,0.18149501085281372,0.2021443098783493,0.056603722274303436,0.5162632465362549,0.6177458167076111,0.14394594728946686,0.15325190126895905,0.1771582067012787,0.1900034248828888,0.13863304257392883,0.2568429410457611,0.06345903128385544,0.31116026639938354,0.313284695148468,0.05150613188743591,0.31369462609291077,0.2729884386062622,0.0674966499209404,-0.013732239603996277,0.02337409183382988,0.08992244303226471,-0.10680079460144043,-0.029269671067595482,0.20994071662425995,0.011192530393600464,-0.1408071517944336,0.29099908471107483
wqp,wqp:21FLCBA_WQX-WAL-BIGREDF-2,test,2023-07,2023-08,0.19169588387012482,0.18911580741405487,0.056058574467897415,0.6018195748329163,0.5306926369667053,0.14554308354854584,0.15043841302394867,0.16602486371994019,0.19115598499774933,0.12412755936384201,0.13863304257392883,0.06384095549583435,0.3412206172943115,0.31116026639938354,0.052522074431180954,0.272676020860672,0.31369462609291077,0.06811083108186722,0.010200873017311096,-0.004035928286612034,0.0910378098487854,0.08555632829666138,-0.0805760994553566,0.21624791622161865,-0.002813488245010376,0.018937133252620697,0.2861454486846924
wqp,wqp:21FLCBA_WQX-WAL-BIGREDF-2,test,2023-08,2023-09,0.16904528439044952,0.19228611886501312,0.054833535104990005,0.5862961411476135,0.604495108127594,0.144581139087677,0.41554975509643555,0.15389271080493927,0.2016770839691162,0.15425509214401245,0.12412755936384201,0.06314805150032043,0.33399856090545654,0.3412206172943115,0.05254136025905609,0.2439560890197754,0.272676020860672,0.0693991407752037,-0.022650599479675293,0.012294760905206203,0.09196143597364426,-0.015523433685302734,0.06321631371974945,0.21472808718681335,0.2651113271713257,0.00783202238380909,0.2856013774871826
wqp,wqp:21FLCBA_WQX-WAL-BIGREDF-2,test,2023-09,2023-10,0.17813336849212646,0.17387297749519348,0.05626356229186058,0.8583948016166687,0.6140254139900208,0.1444348692893982,0.41554975509643555,0.377557635307312,0.21635520458221436,0.14820384979248047,0.15425509214401245,0.06511551886796951,0.35618531703948975,0.33399856090545654,0.05502945929765701,0.2439560890197754,0.2439560890197754,0.07411616295576096,0.009088084101676941,-0.01306862011551857,0.09408515691757202,0.2720986604690552,0.008751733228564262,0.21321991086006165,0.0,0.10066334903240204,0.29085540771484375
wqp,wqp:21FLCBA_WQX-WAL-BIGREDF-3,test,2023-05,2023-06,0.16911128163337708,0.2003917545080185,0.057158973067998886,0.5853463411331177,0.8861653804779053,0.14210844039916992,0.14205937087535858,0.42670854926109314,0.2006765753030777,0.19826050102710724,0.12412755936384201,0.06378151476383209,0.323210746049881,0.36595579981803894,0.05222467705607414,0.2729884386062622,0.2439560890197754,0.07016697525978088,-0.02258460223674774,0.005770948715507984,0.09113369137048721,-0.30809688568115234,-0.0407865047454834,0.20586222410202026,-0.27349036931991577,-0.003279890399426222,0.29581326246261597
wqp,wqp:21FLCBA_WQX-WAL-BIGREDF-3,test,2023-06,2023-07,0.18149501085281372,0.18345783650875092,0.05791324004530907,0.5162632465362549,0.6088316440582275,0.1463680863380432,0.2092568576335907,0.17734704911708832,0.19218897819519043,0.13863304257392883,0.19826050102710724,0.06560089439153671,0.31116026639938354,0.323210746049881,0.0529710128903389,0.3818744122982025,0.2729884386062622,0.06937652826309204,0.012383729219436646,-0.008174924179911613,0.09134908020496368,-0.06908309459686279,-0.25822314620018005,0.21506349742412567,0.06719748675823212,-0.16823641955852509,0.2928399443626404
wqp,wqp:21FLCBA_WQX-WAL-BIGREDF-3,test,2023-07,2023-08,0.19169588387012482,0.18744578957557678,0.05568867176771164,0.6436036825180054,0.528018057346344,0.1448640674352646,0.147736057639122,0.2166319191455841,0.19016772508621216,0.12412755936384201,0.13863304257392883,0.06335022300481796,0.3613564074039459,0.31116026639938354,0.052192024886608124,0.2689655125141144,0.3818744122982025,0.06762604415416718,0.010200873017311096,0.019268278032541275,0.09052472561597824,0.1273404359817505,-0.04762113466858864,0.214971125125885,-0.06152079999446869,0.052293188869953156,0.28529810905456543
wqp,wqp:21FLCBA_WQX-WAL-BIGREDF-3,test,2023-08,2023-09,0.19169588387012482,0.19201937317848206,0.054475944489240646,0.6870971918106079,0.6403916478157043,0.1441648006439209,0.41554975509643555,0.15504884719848633,0.20086577534675598,0.12412755936384201,0.12412755936384201,0.0626928061246872,0.3697648346424103,0.3613564074039459,0.05208883434534073,0.2439560890197754,0.2689655125141144,0.0689072236418724,0.0,0.01100920420140028,0.09157219529151917,0.04349350929260254,0.08945965021848679,0.21363629400730133,0.26781368255615234,-0.023380529135465622,0.28523752093315125
wqp,wqp:21FLCBA_WQX-WAL-BIGREDF-3,test,2023-09,2023-10,0.19169588387012482,0.1937440037727356,0.05549981817603111,0.8716205954551697,0.7052459716796875,0.14342759549617767,0.41554975509643555,0.3779006004333496,0.2147083431482315,0.12412755936384201,0.12412755936384201,0.06409356743097305,0.3541395962238312,0.3697648346424103,0.05417974293231964,0.2439560890197754,0.2439560890197754,0.07316111028194427,0.0,0.004507754929363728,0.0933537632226944,0.18452340364456177,0.044343434274196625,0.2112787514925003,0.0,0.11306837201118469,0.28960585594177246
wqp,wqp:21FLCBA_WQX-WAL-CAMPBELL-1,test,2022-12,2023-01,0.19169588387012482,0.19922694563865662,0.057932768017053604,0.6727747917175293,0.6729277968406677,0.14245550334453583,0.1990283727645874,0.3648192882537842,0.20624342560768127,0.12412755936384201,0.12412755936384201,0.06525597721338272,0.31775638461112976,0.3273930251598358,0.05622135102748871,0.24890877306461334,0.2716831564903259,0.07429380714893341,0.0,0.01145770214498043,0.09382594376802444,0.01510995626449585,-0.008767293766140938,0.20389755070209503,-0.2101331651210785,0.10724243521690369,0.3025031089782715
wqp,wqp:21FLCBA_WQX-WAL-CAMPBELL-1,test,2023-01,2023-02,0.19169588387012482,0.1966090202331543,0.055311091244220734,0.5405229926109314,0.6754686832427979,0.14047791063785553,0.14464929699897766,0.20623143017292023,0.20356640219688416,0.12412755936384201,0.12412755936384201,0.06326227635145187,0.4354168772697449,0.31775638461112976,0.05346611887216568,0.2679339349269867,0.24890877306461334,0.0709414929151535,0.0,0.00725910859182477,0.09188054502010345,-0.1322517991065979,-0.0014652404934167862,0.20406430959701538,-0.05437907576560974,-0.12431931495666504,0.29965895414352417
wqp,wqp:21FLCBA_WQX-WAL-CAMPBELL-1,test,2023-02,2023-03,0.47728583216667175,0.1967547982931137,0.05470866709947586,0.683094322681427,0.5629860758781433,0.13981644809246063,0.1421128362417221,0.16217967867851257,0.21224239468574524,0.8113250732421875,0.12412755936384201,0.06330366432666779,0.30604541301727295,0.4354168772697449,0.05276975780725479,0.2869628965854645,0.2679339349269867,0.07151123881340027,0.28558993339538574,0.010741629637777805,0.09219425171613693,0.1425713300704956,-0.10127757489681244,0.2072133719921112,-0.002536460757255554,-0.013795126229524612,0.29876965284347534
wqp,wqp:21FLCBA_WQX-WAL-CAMPBELL-1,test,2023-03,2023-04,0.19169588387012482,0.4529886841773987,0.050784528255462646,0.683094322681427,0.6681119799613953,0.1324552595615387,0.4189315438270569,0.16993604600429535,0.20914703607559204,0.12412755936384201,0.8113250732421875,0.058644723147153854,0.30604541301727295,0.30604541301727295,0.04742562398314476,0.2486439198255539,0.2869628965854645,0.06627735495567322,-0.28558993339538574,0.24518495798110962,0.08643805235624313,0.0,0.07908817380666733,0.1974952220916748,0.2768186926841736,0.09111573547124863,0.2923678159713745
wqp,wqp:21FLCBA_WQX-WAL-CAMPBELL-1,test,2023-04,2023-05,0.19169588387012482,0.22066156566143036,0.05787558853626251,0.683094322681427,0.6963582634925842,0.1412152647972107,0.41554975509643555,0.41565704345703125,0.2178962230682373,0.12412755936384201,0.12412755936384201,0.0652429610490799,0.30604541301727295,0.30604541301727295,0.05425623059272766,0.2439560890197754,0.2486439198255539,0.0741007924079895,0.0,-0.2427760511636734,0.09388203918933868,0.0,0.021345658227801323,0.2067556232213974,-0.003381788730621338,0.14706480503082275,0.30212631821632385
wqp,wqp:21FLCBA_WQX-WAL-CAMPBELL-1,test,2023-05,2023-06,0.19169588387012482,0.19988960027694702,0.059007640928030014,0.683094322681427,0.6802352070808411,0.14439381659030914,0.41554975509643555,0.4238312244415283,0.20486730337142944,0.12412755936384201,0.12412755936384201,0.06577901542186737,0.30604541301727295,0.30604541301727295,0.05418837442994118,0.2439560890197754,0.2439560890197754,0.07226250320672989,0.0,0.008292168378829956,0.09322834014892578,0.0,-0.013590877875685692,0.2091216892004013,0.0,-0.021138489246368408,0.29912394285202026
wqp,wqp:21FLCBA_WQX-WAL-CAMPBELL-1,test,2023-06,2023-07,0.19169588387012482,0.19941090047359467,0.05803690850734711,0.9590988159179688,0.6789459586143494,0.14559520781040192,0.4145476222038269,0.42111870646476746,0.19189108908176422,0.12412755936384201,0.12412755936384201,0.06487656384706497,0.3561720848083496,0.30604541301727295,0.05344175174832344,0.2611895799636841,0.2439560890197754,0.06948187202215195,0.0,0.006809446960687637,0.09184703975915909,0.27600449323654175,-0.011088934727013111,0.21227550506591797,-0.0010021328926086426,-0.016212819144129753,0.2920035421848297
wqp,wqp:21FLCBA_WQX-WAL-CAMPBELL-1,test,2023-07,2023-08,0.19169588387012482,0.19502650201320648,0.053996674716472626,0.683094322681427,0.9260267019271851,0.1423458456993103,0.1520238220691681,0.4177565574645996,0.18557584285736084,0.12412755936384201,0.12412755936384201,0.06091025844216347,0.30604541301727295,0.3561720848083496,0.050388213247060776,0.27587541937828064,0.2611895799636841,0.06561200320720673,0.0,-0.0013505672104656696,0.08907155692577362,-0.27600449323654175,0.18907304108142853,0.20876523852348328,-0.2625238001346588,0.012807471677660942,0.282634437084198
wqp,wqp:21FLCBA_WQX-WAL-CAMPBELL-1,test,2023-08,2023-09,0.19169588387012482,0.19858360290527344,0.055158451199531555,0.6559239625930786,0.7118006348609924,0.14627523720264435,0.41554975509643555,0.17308899760246277,0.2011168748140335,0.12412755936384201,0.12412755936384201,0.06470053642988205,0.41637298464775085,0.30604541301727295,0.05285435914993286,0.2439560890197754,0.27587541937828064,0.07015582174062729,0.0,0.008128187619149685,0.09208595007658005,-0.02717036008834839,-0.23229406774044037,0.21915100514888763,0.26352593302726746,-0.17923399806022644,0.28625404834747314
wqp,wqp:21FLCBA_WQX-WAL-CAMPBELL-1,test,2023-09,2023-10,0.19169588387012482,0.19492053985595703,0.05558675527572632,0.6791603565216064,0.6827071309089661,0.14373789727687836,0.41554975509643555,0.3788122534751892,0.2147899866104126,0.12412755936384201,0.12412755936384201,0.06435192376375198,0.3108598589897156,0.41637298464775085,0.05424702167510986,0.2439560890197754,0.2439560890197754,0.07335195690393448,0.0,0.005907722748816013,0.09337366372346878,0.023236393928527832,-0.005710937082767487,0.21197164058685303,0.0,0.10673381388187408,0.28976982831954956
wqp,wqp:21FLCBA_WQX-WAL-CAMPBELL-1,test,2023-10,2023-11,0.19169588387012482,0.19617873430252075,0.057880304753780365,0.6791603565216064,0.6971846222877502,0.14458021521568298,0.1428210288286209,0.38098958134651184,0.22158969938755035,0.12412755936384201,0.12412755936384201,0.06636995822191238,0.3108598589897156,0.3108598589897156,0.05642072483897209,0.2701922059059143,0.2439560890197754,0.07665479928255081,0.0,0.004442016128450632,0.09524798393249512,0.0,0.013580347411334515,0.20803014934062958,-0.27272874116897583,-0.07160468399524689,0.2991204261779785
wqp,wqp:21FLCBA_WQX-WAL-CAMPBELL-1,test,2023-11,2023-12,0.19169588387012482,0.19858784973621368,0.059006765484809875,0.9575774073600769,0.6887746453285217,0.14507347345352173,0.21006548404693604,0.13249918818473816,0.2165730893611908,0.12412755936384201,0.12412755936384201,0.06689929217100143,0.35369575023651123,0.3108598589897156,0.056856609880924225,0.24445326626300812,0.2701922059059143,0.07657512277364731,0.0,0.005277575459331274,0.09550036489963531,0.27841705083847046,-0.025232229381799698,0.20538336038589478,0.06724445521831512,-0.1909174621105194,0.30567240715026855
wqp,wqp:21FLCBA_WQX-WAL-CAMPBELL-1,test,2023-12,2024-01,0.47728583216667175,0.19574867188930511,0.0559273362159729,0.6826242208480835,0.9328198432922363,0.1399446427822113,0.21006548404693604,0.18620890378952026,0.20282311737537384,0.8113250732421875,0.12412755936384201,0.06245645508170128,0.30663684010505676,0.35369575023651123,0.053750500082969666,0.24445326626300812,0.24445326626300812,0.0714578852057457,0.28558993339538574,0.0015451076906174421,0.09216893464326859,-0.2749531865119934,0.19201195240020752,0.1982397437095642,0.0,0.06699249148368835,0.3005180060863495
wqp,wqp:21FLCBA_WQX-WAL-CAMPBELL-1,test,2024-01,2024-02,0.1880403757095337,0.4596533179283142,0.05011844262480736,0.6207820773124695,0.7091845273971558,0.1323891431093216,0.20282648503780365,0.21052367985248566,0.19177499413490295,0.12565964460372925,0.8113250732421875,0.05834251269698143,0.32095226645469666,0.30663684010505676,0.04770122095942497,0.24627026915550232,0.24445326626300812,0.06469797343015671,-0.28924545645713806,0.2551271915435791,0.08409377932548523,-0.061842143535614014,-0.233598992228508,0.1971851885318756,-0.007238999009132385,0.02993794158101082,0.28870338201522827
wqp,wqp:21FLCBA_WQX-WAL-CAMPBELL-1,test,2024-02,2024-03,0.15909121930599213,0.2162608802318573,0.0530385859310627,0.6207820773124695,0.6445590257644653,0.13661623001098633,0.1421128362417221,0.2161587029695511,0.20823869109153748,0.1948280930519104,0.12565964460372925,0.061327699571847916,0.32095226645469666,0.32095226645469666,0.051251351833343506,0.2869628965854645,0.24627026915550232,0.06955631077289581,-0.028949156403541565,-0.24593742191791534,0.08985123038291931,0.0,-0.02618953213095665,0.20294082164764404,-0.06071364879608154,-0.0037521671038120985,0.29549694061279297
wqp,wqp:21FLCBA_WQX-WAL-CAMPBELL-1,test,2024-03,2024-04,0.19169588387012482,0.16670121252536774,0.05499442666769028,0.6207820773124695,0.628521740436554,0.1390322744846344,0.41554975509643555,0.16977600753307343,0.21890684962272644,0.12412755936384201,0.1948280930519104,0.06326466053724289,0.32095226645469666,0.32095226645469666,0.052159633487463,0.2439560890197754,0.2869628965854645,0.07187753915786743,0.03260466456413269,-0.017834948375821114,0.09237062186002731,0.0,-0.006194294895976782,0.20578891038894653,0.27343690395355225,-0.001982603222131729,0.2995322048664093
wqp,wqp:21FLCBA_WQX-WAL-CAMPBELL-1,test,2024-04,2024-05,0.1853008270263672,0.19451025128364563,0.05824904516339302,0.6576648354530334,0.6278012990951538,0.14213533699512482,0.41554975509643555,0.4101312756538391,0.2190728783607483,0.12720495462417603,0.12412755936384201,0.06557870656251907,0.3273930251598358,0.32095226645469666,0.05454576388001442,0.2439560890197754,0.2439560890197754,0.07433020323514938,-0.006395056843757629,0.03762374073266983,0.09443547576665878,0.036882758140563965,0.005031166132539511,0.2081490159034729,0.0,0.1587098389863968,0.3016412854194641
wqp,wqp:21FLCBA_WQX-WAL-CAMPBELL-1,test,2024-05,2024-06,0.19169588387012482,0.1928534209728241,0.05940895155072212,0.6655899286270142,0.6524708271026611,0.14488911628723145,0.8020631670951843,0.42340177297592163,0.20580117404460907,0.12412755936384201,0.12720495462417603,0.06609216332435608,0.32363536953926086,0.3273930251598358,0.05456725135445595,0.4162857234477997,0.2439560890197754,0.07267667353153229,0.006395056843757629,0.002010902389883995,0.0937289297580719,0.007925093173980713,0.016290348023176193,0.20944181084632874,0.3865134119987488,-0.016429495066404343,0.2999785840511322
wqp,wqp:21FLCBA_WQX-WAL-CAMPBELL-1,test,2024-06,2024-07,0.19169588387012482,0.20016521215438843,0.05676691606640816,0.5265244245529175,0.666104257106781,0.14282506704330444,0.17683658003807068,0.7691327929496765,0.1878058761358261,0.12412755936384201,0.12412755936384201,0.06327994167804718,0.44302159547805786,0.32363536953926086,0.05254191532731056,0.3614826798439026,0.4162857234477997,0.06821753829717636,0.0,0.014609305188059807,0.08965904265642166,-0.13906550407409668,0.020578086376190186,0.20861585438251495,-0.625226616859436,0.18334726989269257,0.2878172695636749
wqp,wqp:21FLCBA_WQX-WAL-CAMPBELL-2,test,2022-12,2023-01,0.19169588387012482,0.19920924305915833,0.0581539086997509,0.6625012755393982,0.6728394031524658,0.14278428256511688,0.19956599175930023,0.3648693561553955,0.20667606592178345,0.12412755936384201,0.12412755936384201,0.06551028043031693,0.3254513740539551,0.3273930251598358,0.05645766109228134,0.2484106719493866,0.2716831564903259,0.07456845790147781,0.0,0.01158530730754137,0.0941297858953476,0.004836440086364746,-0.008790850639343262,0.2043079435825348,-0.20959554612636566,0.10648739337921143,0.302992045879364
wqp,wqp:21FLCBA_WQX-WAL-CAMPBELL-2,test,2023-01,2023-02,0.19169588387012482,0.19674097001552582,0.05539173632860184,0.4450383484363556,0.6664393544197083,0.1406051367521286,0.15592634677886963,0.20665372908115387,0.20374073088169098,0.12412755936384201,0.12412755936384201,0.06336711347103119,0.4410237669944763,0.3254513740539551,0.05354689434170723,0.28696709871292114,0.2484106719493866,0.07105260342359543,0.0,0.007534671109169722,0.0919618159532547,-0.2174629271030426,-0.008742239326238632,0.2042725384235382,-0.0436396449804306,-0.12524673342704773,0.29981371760368347
wqp,wqp:21FLCBA_WQX-WAL-CAMPBELL-2,test,2023-02,2023-03,0.19169588387012482,0.19800345599651337,0.0551689974963665,0.6791603565216064,0.47855767607688904,0.14049489796161652,0.14798957109451294,0.1719270646572113,0.21323253214359283,0.12412755936384201,0.12412755936384201,0.06399024277925491,0.3108598589897156,0.4410237669944763,0.053297050297260284,0.31271278858184814,0.28696709871292114,0.0721515417098999,0.0,0.01340542547404766,0.09255345910787582,0.23412200808525085,-0.15936730802059174,0.20868825912475586,-0.00793677568435669,-0.019584733992815018,0.2994287312030792
wqp,wqp:21FLCBA_WQX-WAL-CAMPBELL-2,test,2023-03,2023-04,0.19169588387012482,0.19259271025657654,0.056091904640197754,0.683094322681427,0.6620088815689087,0.14044775068759918,0.4191060960292816,0.17132461071014404,0.22180159389972687,0.12412755936384201,0.12412755936384201,0.06395602226257324,0.30604541301727295,0.3108598589897156,0.05333678796887398,0.24682244658470154,0.31271278858184814,0.07301325350999832,0.0,0.002584646688774228,0.09440411627292633,0.003933966159820557,0.16815273463726044,0.20602869987487793,0.2711165249347687,0.05258845537900925,0.30245181918144226
wqp,wqp:21FLCBA_WQX-WAL-CAMPBELL-2,test,2023-04,2023-05,0.19169588387012482,0.19661825895309448,0.05957204848527908,0.683094322681427,0.6874874830245972,0.14407005906105042,0.41554975509643555,0.4141823947429657,0.2215936779975891,0.12412755936384201,0.12412755936384201,0.06712867319583893,0.30604541301727295,0.30604541301727295,0.05592753365635872,0.2439560890197754,0.24682244658470154,0.07597828656435013,0.0,0.009266008622944355,0.0963457003235817,0.0,0.004830748774111271,0.210571750998497,-0.0035563409328460693,0.15666913986206055,0.30476173758506775
wqp,wqp:21FLCBA_WQX-WAL-CAMPBELL-2,test,2023-05,2023-06,0.19169588387012482,0.19883571565151215,0.06053895875811577,0.683094322681427,0.6797506809234619,0.14661526679992676,0.41554975509643555,0.42371952533721924,0.2078419178724289,0.12412755936384201,0.12412755936384201,0.06750355660915375,0.30604541301727295,0.30604541301727295,0.05576277896761894,0.2439560890197754,0.2439560890197754,0.07406839728355408,0.0,0.008741538971662521,0.0952582061290741,0.0,-0.014091512188315392,0.2119617909193039,0.0,-0.021293293684720993,0.30229640007019043
wqp,wqp:21FLCBA_WQX-WAL-CAMPBELL-2,test,2023-06,2023-07,0.19169588387012482,0.19890664517879486,0.05912589281797409,0.9656739830970764,0.6787235736846924,0.14722144603729248,0.4145476222038269,0.4209563732147217,0.19389790296554565,0.12412755936384201,0.12412755936384201,0.06611435860395432,0.3487444221973419,0.30604541301727295,0.05457065999507904,0.2611895799636841,0.2439560890197754,0.07075297087430954,0.0,0.007346038240939379,0.09329964965581894,0.2825796604156494,-0.011126411147415638,0.21436263620853424,-0.0010021328926086426,-0.016767103224992752,0.2942710220813751
wqp,wqp:21FLCBA_WQX-WAL-CAMPBELL-2,test,2023-07,2023-08,0.19169588387012482,0.19462710618972778,0.054871078580617905,0.683094322681427,0.9316807389259338,0.14372508227825165,0.1489095240831375,0.4176328778266907,0.18724273145198822,0.12412755936384201,0.12412755936384201,0.061913855373859406,0.30604541301727295,0.3487444221973419,0.05131352320313454,0.27029848098754883,0.2611895799636841,0.06663940846920013,0.0,-0.0008447609143331647,0.0903148353099823,-0.2825796604156494,0.19396203756332397,0.21052032709121704,-0.2656381130218506,0.012783699668943882,0.28454455733299255
wqp,wqp:21FLCBA_WQX-WAL-CAMPBELL-2,test,2023-08,2023-09,0.19169588387012482,0.19840119779109955,0.055969204753637314,0.6727747917175293,0.7123178839683533,0.14758820831775665,0.41554975509643555,0.1700870394706726,0.2027725726366043,0.12412755936384201,0.12412755936384201,0.06568081676959991,0.31775638461112976,0.30604541301727295,0.053722020238637924,0.2439560890197754,0.27029848098754883,0.07115833461284637,0.0,0.008702319115400314,0.0932328924536705,-0.010319530963897705,-0.2374008595943451,0.22092783451080322,0.26664024591445923,-0.18221688270568848,0.2879723906517029
wqp,wqp:21FLCBA_WQX-WAL-CAMPBELL-2,test,2023-09,2023-10,0.19169588387012482,0.19420984387397766,0.05692267790436745,0.683094322681427,0.6977094411849976,0.14569392800331116,0.41554975509643555,0.37839826941490173,0.21761180460453033,0.12412755936384201,0.12412755936384201,0.0659734308719635,0.30604541301727295,0.31775638461112976,0.05581188574433327,0.2439560890197754,0.2439560890197754,0.07499407976865768,0.0,0.0066936747170984745,0.09532681852579117,0.010319530963897705,0.008227704092860222,0.21481582522392273,0.0,0.1090257316827774,0.29239487648010254
wqp,wqp:21FLCBA_WQX-WAL-CAMPBELL-2,test,2023-10,2023-11,0.19169588387012482,0.19605599343776703,0.05885444954037666,0.7634314298629761,0.7021611928939819,0.1460769772529602,0.14348116517066956,0.38074296712875366,0.22363905608654022,0.12412755936384201,0.12412755936384201,0.06754773110151291,0.3373853862285614,0.30604541301727295,0.0574880987405777,0.2689489424228668,0.2439560890197754,0.0779256597161293,0.0,0.00520908972248435,0.09661250561475754,0.08033710718154907,0.003933857195079327,0.2100367695093155,-0.272068589925766,-0.07348346710205078,0.30110180377960205
wqp,wqp:21FLCBA_WQX-WAL-CAMPBELL-2,test,2023-11,2023-12,0.19169588387012482,0.1975892037153244,0.05917007103562355,0.7067832350730896,0.7630805969238281,0.14537298679351807,0.21006548404693604,0.1334829181432724,0.21682041883468628,0.12412755936384201,0.12412755936384201,0.06691653281450272,0.3158460259437561,0.3373853862285614,0.05697636306285858,0.24445326626300812,0.2689489424228668,0.07673293352127075,0.0,0.0033015278168022633,0.09599047154188156,-0.056648194789886475,0.030800189822912216,0.2050124704837799,0.06658431887626648,-0.18086159229278564,0.3064788579940796
wqp,wqp:21FLCBA_WQX-WAL-CAMPBELL-2,test,2023-12,2024-01,0.47728583216667175,0.1989871710538864,0.05822790041565895,0.7190211415290833,0.7204106450080872,0.14341555535793304,0.21006548404693604,0.1847345530986786,0.20758669078350067,0.8113250732421875,0.12412755936384201,0.06577859073877335,0.3216709792613983,0.3158460259437561,0.05637747049331665,0.24445326626300812,0.24445326626300812,0.07458805292844772,0.28558993339538574,0.010808411985635757,0.09454669803380966,0.012237906455993652,-0.04836973547935486,0.20523764193058014,0.0,0.028148137032985687,0.30408185720443726
wqp,wqp:21FLCBA_WQX-WAL-CAMPBELL-2,test,2024-01,2024-02,0.1682765781879425,0.4558373987674713,0.050161898136138916,0.6207820773124695,0.7185100317001343,0.13217058777809143,0.20227915048599243,0.20997588336467743,0.1922561228275299,0.19971589744091034,0.8113250732421875,0.057806096971035004,0.32095226645469666,0.3216709792613983,0.04768231138586998,0.24654297530651093,0.24445326626300812,0.06446707248687744,-0.30900925397872925,0.24942104518413544,0.08450747281312943,-0.09823906421661377,-0.01467086374759674,0.19490522146224976,-0.0077863335609436035,0.05351000279188156,0.2897186279296875
wqp,wqp:21FLCBA_WQX-WAL-CAMPBELL-2,test,2024-02,2024-03,0.1815139353275299,0.19881649315357208,0.05332022160291672,0.6309500932693481,0.6481578946113586,0.137033149600029,0.15105052292346954,0.21680064499378204,0.20855830609798431,0.13017882406711578,0.19971589744091034,0.06177967041730881,0.32314687967300415,0.32095226645469666,0.051484569907188416,0.321096271276474,0.24654297530651093,0.06990475207567215,0.013237357139587402,-0.26213517785072327,0.09012240916490555,0.010168015956878662,-0.05341983214020729,0.2037154883146286,-0.05122862756252289,-0.0052721621468663216,0.2964170575141907
wqp,wqp:21FLCBA_WQX-WAL-CAMPBELL-2,test,2024-03,2024-04,0.19169588387012482,0.1854425072669983,0.05492736026644707,0.6207820773124695,0.6355627179145813,0.1390419602394104,0.41554975509643555,0.17725300788879395,0.21882840991020203,0.12412755936384201,0.13017882406711578,0.0631321370601654,0.32095226645469666,0.32314687967300415,0.05214964970946312,0.2439560890197754,0.321096271276474,0.07182701677083969,0.01018194854259491,0.018674472346901894,0.09238225221633911,-0.010168015956878662,-0.002323916181921959,0.20565484464168549,0.2644992470741272,0.006031867116689682,0.2991977334022522
wqp,wqp:21FLCBA_WQX-WAL-CAMPBELL-2,test,2024-04,2024-05,0.18768884241580963,0.19645991921424866,0.05835016444325447,0.6207820773124695,0.629140317440033,0.1422913521528244,0.41554975509643555,0.4107605814933777,0.21924032270908356,0.12583601474761963,0.12412755936384201,0.06573411822319031,0.32095226645469666,0.32095226645469666,0.05465095490217209,0.2439560890197754,0.2439560890197754,0.07447130978107452,-0.0040070414543151855,0.018116295337677002,0.09455300867557526,0.0,-0.0018190732225775719,0.2083827406167984,0.0,0.15067023038864136,0.30193448066711426
wqp,wqp:21FLCBA_WQX-WAL-CAMPBELL-2,test,2024-05,2024-06,0.19169588387012482,0.19536985456943512,0.05973869934678078,0.6576648354530334,0.6199941039085388,0.14537140727043152,0.41625604033470154,0.4231622815132141,0.20647984743118286,0.12412755936384201,0.12583601474761963,0.06654573231935501,0.3273930251598358,0.32095226645469666,0.05492626503109932,0.24398578703403473,0.2439560890197754,0.07309596985578537,0.0040070414543151855,0.0051451679319143295,0.09406629204750061,0.036882758140563965,-0.009684917517006397,0.21037815511226654,0.0007062852382659912,-0.021133502945303917,0.3004862070083618
wqp,wqp:21FLCBA_WQX-WAL-CAMPBELL-2,test,2024-06,2024-07,0.19169588387012482,0.19831760227680206,0.05832973122596741,0.577977180480957,0.650810956954956,0.14595603942871094,0.18361416459083557,0.4213707149028778,0.19255827367305756,0.12412755936384201,0.12412755936384201,0.06508056819438934,0.29545268416404724,0.3273930251598358,0.0537085235118866,0.3675965368747711,0.24398578703403473,0.06978098303079605,0.0,0.009856769815087318,0.09221689403057098,-0.07968765497207642,0.018123824149370193,0.21242615580558777,-0.23264187574386597,-0.01380044687539339,0.29267627000808716
wqp,wqp:21FLCBA_WQX-WAL-CAMPBELL-3,test,2022-12,2023-01,0.19169588387012482,0.1992465853691101,0.057731375098228455,0.6576648354530334,0.6855883598327637,0.14220860600471497,0.1990283727645874,0.34986457228660583,0.20582759380340576,0.12412755936384201,0.12412755936384201,0.06502564251422882,0.3273930251598358,0.31775638461112976,0.05597982928156853,0.24890877306461334,0.2970165014266968,0.07400351762771606,0.0,0.011017453856766224,0.09359726309776306,-0.01510995626449585,0.00038481131196022034,0.2034245878458023,-0.19315677881240845,0.10140634328126907,0.3022972643375397
wqp,wqp:21FLCBA_WQX-WAL-CAMPBELL-3,test,2023-01,2023-02,0.19169588387012482,0.19702187180519104,0.055286556482315063,0.46939322352409363,0.6637332439422607,0.14043360948562622,0.16760525107383728,0.20516976714134216,0.2035246193408966,0.12412755936384201,0.12412755936384201,0.06327050924301147,0.4366987943649292,0.3273930251598358,0.05344253033399582,0.34888437390327454,0.24890877306461334,0.07094824314117432,0.0,0.007988689467310905,0.09179145842790604,-0.18827161192893982,-0.023073017597198486,0.20421698689460754,-0.03142312169075012,-0.11618992686271667,0.2994718551635742
wqp,wqp:21FLCBA_WQX-WAL-CAMPBELL-3,test,2023-02,2023-03,0.19169588387012482,0.1982528269290924,0.054531436413526535,0.683094322681427,0.4991268515586853,0.13951940834522247,0.14798957109451294,0.18304504454135895,0.21163411438465118,0.12412755936384201,0.12412755936384201,0.06320904195308685,0.30604541301727295,0.4366987943649292,0.0526081845164299,0.31271278858184814,0.34888437390327454,0.07130148261785507,0.0,0.012812446802854538,0.09168631583452225,0.21370109915733337,-0.13830816745758057,0.2070513516664505,-0.01961567997932434,-0.007338125258684158,0.2982447147369385
wqp,wqp:21FLCBA_WQX-WAL-CAMPBELL-3,test,2023-03,2023-04,0.19169588387012482,0.19296498596668243,0.0558757409453392,0.6576648354530334,0.6675044894218445,0.1401725560426712,0.41906505823135376,0.1720469743013382,0.22125183045864105,0.12412755936384201,0.12412755936384201,0.06376740336418152,0.3273930251598358,0.30604541301727295,0.053107038140296936,0.24762959778308868,0.31271278858184814,0.07275991886854172,0.0,0.0027692331932485104,0.09407804906368256,-0.025429487228393555,0.15160192549228668,0.20580971240997314,0.2710754871368408,0.04360157251358032,0.30193156003952026
wqp,wqp:21FLCBA_WQX-WAL-CAMPBELL-3,test,2023-04,2023-05,0.19169588387012482,0.19705507159233093,0.059381112456321716,0.683094322681427,0.6656579375267029,0.14382503926753998,0.41554975509643555,0.41407060623168945,0.2212194949388504,0.12412755936384201,0.12412755936384201,0.06695523113012314,0.30604541301727295,0.3273930251598358,0.055712416768074036,0.2439560890197754,0.24762959778308868,0.07577808946371078,0.0,0.009773517958819866,0.09600532799959183,0.025429487228393555,-0.016109850257635117,0.2103886604309082,-0.003515303134918213,0.1534961313009262,0.3042897582054138
wqp,wqp:21FLCBA_WQX-WAL-CAMPBELL-3,test,2023-05,2023-06,0.19169588387012482,0.19856594502925873,0.06043335422873497,0.683094322681427,0.6775115132331848,0.14642299711704254,0.41554975509643555,0.4236798882484436,0.20767341554164886,0.12412755936384201,0.12412755936384201,0.06732219457626343,0.30604541301727295,0.30604541301727295,0.0556441955268383,0.2439560890197754,0.2439560890197754,0.07390642911195755,0.0,0.008285323157906532,0.0951472818851471,0.0,0.00554216094315052,0.2115340530872345,0.0,-0.019243620336055756,0.30215492844581604
wqp,wqp:21FLCBA_WQX-WAL-CAMPBELL-3,test,2023-06,2023-07,0.17011559009552002,0.198878213763237,0.059164416044950485,0.9656739830970764,0.6786212921142578,0.14728160202503204,0.41773393750190735,0.42097949981689453,0.19396346807479858,0.16156987845897675,0.12412755936384201,0.06615875661373138,0.3487444221973419,0.30604541301727295,0.05460820719599724,0.2532283663749695,0.2439560890197754,0.07079586386680603,-0.021580293774604797,0.00738123431801796,0.09335340559482574,0.2825796604156494,-0.011283242143690586,0.21443714201450348,0.0021841824054718018,-0.01679571531713009,0.29436108469963074
wqp,wqp:21FLCBA_WQX-WAL-CAMPBELL-3,test,2023-07,2023-08,0.19169588387012482,0.17512281239032745,0.054739709943532944,0.9594568610191345,0.9325037598609924,0.14344339072704315,0.1481703668832779,0.42105910181999207,0.1868608593940735,0.12412755936384201,0.16156987845897675,0.06177401542663574,0.3565576672554016,0.3487444221973419,0.051135461777448654,0.26940691471099854,0.2532283663749695,0.06645992398262024,0.021580293774604797,-0.019487377256155014,0.09006529301404953,-0.0062171220779418945,0.19579994678497314,0.21015208959579468,-0.26956355571746826,0.01410168968141079,0.2843863368034363
wqp,wqp:21FLCBA_WQX-WAL-CAMPBELL-3,test,2023-08,2023-09,0.19169588387012482,0.193729430437088,0.053983174264431,0.9472290873527527,0.9540797472000122,0.14450018107891083,0.41554975509643555,0.17136143147945404,0.1984795480966568,0.12412755936384201,0.12412755936384201,0.0627932995557785,0.3595329523086548,0.3565576672554016,0.051453426480293274,0.2439560890197754,0.26940691471099854,0.06853342056274414,0.0,0.020672036334872246,0.09124228358268738,-0.012227773666381836,-0.046221014112234116,0.2144126296043396,0.26737940311431885,-0.14870846271514893,0.28503766655921936
wqp,wqp:21FLCBA_WQX-WAL-CAMPBELL-3,test,2023-09,2023-10,0.19169588387012482,0.1951194852590561,0.05496450141072273,0.683094322681427,0.962735116481781,0.1431398242712021,0.41554975509643555,0.38112255930900574,0.21267732977867126,0.12412755936384201,0.12412755936384201,0.06378357857465744,0.30604541301727295,0.3595329523086548,0.053633444011211395,0.2439560890197754,0.2439560890197754,0.0726565346121788,0.0,0.004389102570712566,0.0931081622838974,-0.2641347646713257,-0.013688983395695686,0.2111070156097412,0.0,0.12389989197254181,0.2889648675918579
wqp,wqp:21FLCBA_WQX-WAL-CAMPBELL-3,test,2023-10,2023-11,0.19169588387012482,0.2001623511314392,0.05839784815907478,0.9656739830970764,0.7275598645210266,0.14581145346164703,0.14423897862434387,0.3816758990287781,0.22217957675457,0.12412755936384201,0.12412755936384201,0.06772521138191223,0.3487444221973419,0.30604541301727295,0.05712393298745155,0.26816338300704956,0.2439560890197754,0.07770906388759613,0.0,0.010176616720855236,0.09573264420032501,0.2825796604156494,-0.20435717701911926,0.21167512238025665,-0.2713107764720917,-0.09508790075778961,0.29946455359458923
wqp,wqp:21FLCBA_WQX-WAL-CAMPBELL-3,test,2023-11,2023-12,0.47728583216667175,0.1959848403930664,0.0572805255651474,0.9656739830970764,0.9420291781425476,0.1426006704568863,0.21006548404693604,0.13558942079544067,0.21269604563713074,0.8113250732421875,0.12412755936384201,0.06439123302698135,0.3487444221973419,0.3487444221973419,0.05491058900952339,0.24445326626300812,0.26816338300704956,0.07417847961187363,0.28558993339538574,-0.0025976961478590965,0.09400425851345062,0.0,0.17602577805519104,0.1999650001525879,0.06582650542259216,-0.15617309510707855,0.303366482257843
wqp,wqp:21FLCBA_WQX-WAL-CAMPBELL-3,test,2023-12,2024-01,0.47728583216667175,0.4581914246082306,0.05073821172118187,0.683094322681427,0.9611522555351257,0.13242368400096893,0.21006548404693604,0.19243866205215454,0.19104336202144623,0.8113250732421875,0.8113250732421875,0.05784294754266739,0.30604541301727295,0.3487444221973419,0.047900158911943436,0.24445326626300812,0.24445326626300812,0.06510590761899948,0.0,0.24759238958358765,0.0844072550535202,-0.2825796604156494,-0.0413474440574646,0.19163790345191956,0.0,0.08908507227897644,0.29045993089675903
wqp,wqp:21FLCBA_WQX-WAL-CAMPBELL-3,test,2024-01,2024-02,0.17867662012577057,0.4832476079463959,0.048699114471673965,0.9228981733322144,0.719606339931488,0.12983958423137665,0.20337526500225067,0.2126265913248062,0.18862448632717133,0.13338376581668854,0.8113250732421875,0.0567442886531353,0.3641950786113739,0.30604541301727295,0.046292275190353394,0.24602441489696503,0.24445326626300812,0.0630977675318718,-0.29860919713974,0.0032649359200149775,0.0820087268948555,0.23980385065078735,-0.21850700676441193,0.19365625083446503,-0.006690219044685364,0.01576283574104309,0.28625547885894775
wqp,wqp:21FLCBA_WQX-WAL-CAMPBELL-3,test,2024-02,2024-03,0.1710876226425171,0.2053949385881424,0.05007217079401016,0.6309500932693481,0.9093738794326782,0.13206057250499725,0.1494162678718567,0.21878299117088318,0.20129652321338654,0.1438327133655548,0.13338376581668854,0.05731843411922455,0.32314687967300415,0.3641950786113739,0.04790470376610756,0.316816508769989,0.24602441489696503,0.06558308750391006,-0.007588997483253479,-0.2632859945297241,0.08641365170478821,-0.2919480800628662,0.1840086728334427,0.19453924894332886,-0.05395899713039398,0.035785239189863205,0.28999751806259155
wqp,wqp:21FLCBA_WQX-WAL-CAMPBELL-3,test,2024-03,2024-04,0.19169588387012482,0.18163278698921204,0.05363733321428299,0.5949473977088928,0.6646443605422974,0.1374875158071518,0.41554975509643555,0.1773850917816162,0.21534910798072815,0.12412755936384201,0.1438327133655548,0.06232225522398949,0.32472991943359375,0.32314687967300415,0.050875477492809296,0.2439560890197754,0.316816508769989,0.07056153565645218,0.020608261227607727,0.005902058444917202,0.09023049473762512,-0.03600269556045532,-0.23184970021247864,0.20569801330566406,0.26613348722457886,-0.018965817987918854,0.2954428493976593
wqp,wqp:21FLCBA_WQX-WAL-CAMPBELL-3,test,2024-04,2024-05,0.18664969503879547,0.19668500125408173,0.05682922154664993,0.9445844292640686,0.6076788306236267,0.14010243117809296,0.8050271272659302,0.4106188416481018,0.21609266102313995,0.1263931393623352,0.12412755936384201,0.06405586749315262,0.37849095463752747,0.32472991943359375,0.05309541895985603,0.4162294566631317,0.2439560890197754,0.07260924577713013,-0.005046188831329346,0.027158090844750404,0.09241952002048492,0.3496370315551758,-0.018729450181126595,0.20576068758964539,0.38947737216949463,0.15016299486160278,0.2984039783477783
wqp,wqp:21FLCBA_WQX-WAL-CAMPBELL-3,test,2024-05,2024-06,0.19169588387012482,0.19433391094207764,0.0547775961458683,0.5136192440986633,0.9081677198410034,0.13725218176841736,0.41554975509643555,0.7760778069496155,0.1945962905883789,0.12412755936384201,0.1263931393623352,0.06015394628047943,0.31695011258125305,0.37849095463752747,0.05010417476296425,0.2439560890197754,0.4162294566631317,0.06714081019163132,0.005046188831329346,-0.0035054769832640886,0.0878976508975029,-0.4309651851654053,0.264130562543869,0.19711844623088837,-0.38947737216949463,0.21872606873512268,0.2899710237979889
wqp,wqp:21FLCBA_WQX-WAL-CAMPBELL-3,test,2024-06,2024-07,0.19169588387012482,0.20595607161521912,0.05721420422196388,0.6036916375160217,0.5477880239486694,0.14553172886371613,0.5389806628227234,0.4432678520679474,0.1896349936723709,0.12412755936384201,0.12412755936384201,0.06520950794219971,0.30120816826820374,0.31695011258125305,0.05244959518313408,0.5398699045181274,0.2439560890197754,0.06882847845554352,0.0,0.01619470864534378,0.08978572487831116,0.0900723934173584,-0.35434162616729736,0.2146134227514267,0.12343090772628784,-0.3047603964805603,0.2899574041366577
wqp,wqp:21FLCBA_WQX-WAL-CAMPCREE-1,test,2024-02,2024-03,0.1880403757095337,0.17761215567588806,0.05130322650074959,0.8774817585945129,0.8059870004653931,0.13457991182804108,0.40562498569488525,0.22343188524246216,0.20395752787590027,0.12565964460372925,0.13338755071163177,0.05903202295303345,0.3733952045440674,0.4809674620628357,0.04905760660767555,0.27767419815063477,0.24445326626300812,0.0672176256775856,0.015353679656982422,0.0016091428697109222,0.08778014034032822,0.07400894165039062,-0.015925530344247818,0.19915194809436798,0.19555950164794922,0.03275027498602867,0.2914494276046753
wqp,wqp:21FLCBA_WQX-WAL-CAMPCREE-1,test,2024-03,2024-04,0.1846422404050827,0.19154010713100433,0.05261525884270668,0.8426183462142944,0.8725714087486267,0.13524895906448364,0.4177716076374054,0.4074331521987915,0.2120918333530426,0.12764228880405426,0.12565964460372925,0.06020931527018547,0.4861704707145691,0.3733952045440674,0.04991292953491211,0.24424225091934204,0.27767419815063477,0.06913046538829803,-0.0033981353044509888,0.016361666843295097,0.08929861336946487,-0.034863412380218506,0.04533540457487106,0.20016586780548096,0.012146621942520142,0.13522063195705414,0.2932838797569275
wqp,wqp:21FLCBA_WQX-WAL-CAMPCREE-1,test,2024-04,2024-05,0.1741691678762436,0.19269408285617828,0.05482148006558418,0.8766795992851257,0.8427765369415283,0.13801270723342896,0.41554975509643555,0.4303106963634491,0.21077778935432434,0.18283137679100037,0.12764228880405426,0.061943650245666504,0.47791412472724915,0.4861704707145691,0.05066541209816933,0.2439560890197754,0.24424225091934204,0.07023826241493225,-0.010473072528839111,0.001487446017563343,0.08990392088890076,0.0340612530708313,-0.050425924360752106,0.20163458585739136,-0.0022218525409698486,0.0009064897894859314,0.2958020269870758
wqp,wqp:21FLCBA_WQX-WAL-CAMPCREE-1,test,2024-05,2024-06,0.17242088913917542,0.18414033949375153,0.055400483310222626,0.8089183568954468,0.8657520413398743,0.13934339582920074,0.41554975509643555,0.4273972511291504,0.19717998802661896,0.19326138496398926,0.18283137679100037,0.06159739941358566,0.37296104431152344,0.47791412472724915,0.050242990255355835,0.2439560890197754,0.2439560890197754,0.06800653040409088,-0.0017482787370681763,-0.0052836500108242035,0.08866000175476074,-0.06776124238967896,-0.000798102468252182,0.20154696702957153,0.0,0.0005709889810532331,0.29260632395744324
wqp,wqp:21FLCBA_WQX-WAL-CAMPCREE-1,test,2024-06,2024-07,0.19169588387012482,0.18251025676727295,0.055165670812129974,0.8127516508102417,0.8078205585479736,0.1414737105369568,0.14966616034507751,0.4241604208946228,0.18593060970306396,0.12412755936384201,0.19326138496398926,0.061802301555871964,0.48241308331489563,0.37296104431152344,0.050367239862680435,0.271386981010437,0.2439560890197754,0.0662287175655365,0.019274994730949402,0.004187215585261583,0.0880478248000145,0.003833293914794922,-0.07124568521976471,0.20708055794239044,-0.26588359475135803,-0.009156151674687862,0.28654658794403076
wqp,wqp:21FLCBA_WQX-WAL-CAMPCREE-1,test,2024-07,2024-08,0.16211220622062683,0.19736716151237488,0.05255820229649544,0.8367987871170044,0.8039789199829102,0.14092695713043213,0.16567003726959229,0.18044671416282654,0.1836899071931839,0.16802309453487396,0.12412755936384201,0.059788938611745834,0.3677014112472534,0.48241308331489563,0.04852775111794472,0.33610406517982483,0.271386981010437,0.0639747753739357,-0.029583677649497986,0.017653750255703926,0.08674121648073196,0.024047136306762695,-0.03189966082572937,0.2080891877412796,0.01600387692451477,-0.13592961430549622,0.2803364396095276
wqp,wqp:21FLCBA_WQX-WAL-CAMPCREE-2,test,2024-02,2024-03,0.1880403757095337,0.18602964282035828,0.05151304602622986,0.9079260230064392,0.8938866853713989,0.1349209100008011,0.4186781048774719,0.1901278793811798,0.20431159436702728,0.12565964460372925,0.1279807686805725,0.05915038287639618,0.3508204221725464,0.3695211708545685,0.04930076375603676,0.24991242587566376,0.37423011660575867,0.06721150130033493,0.006277799606323242,-0.0070785218849778175,0.08848153799772263,-0.0034519433975219727,0.1049356460571289,0.19850757718086243,0.24705705046653748,0.036413535475730896,0.2928720712661743
wqp,wqp:21FLCBA_WQX-WAL-CAMPCREE-2,test,2024-03,2024-04,0.17400912940502167,0.19293585419654846,0.05366189405322075,0.6399074196815491,0.9104052782058716,0.136885404586792,0.41842716932296753,0.4168069064617157,0.2142660915851593,0.1422819048166275,0.12565964460372925,0.06159951537847519,0.46718645095825195,0.3508204221725464,0.05110456421971321,0.24463224411010742,0.24991242587566376,0.07057938724756241,-0.014031246304512024,0.010701213032007217,0.09083319455385208,-0.26801860332489014,-0.01131470687687397,0.203053817152977,-0.00025093555450439453,0.15770107507705688,0.2952301502227783
wqp,wqp:21FLCBA_WQX-WAL-CAMPCREE-2,test,2024-04,2024-05,0.17584195733070374,0.18548859655857086,0.05678394436836243,0.7667105197906494,0.6684564352035522,0.14100110530853271,0.41554975509643555,0.4308365285396576,0.21503126621246338,0.15904510021209717,0.1422819048166275,0.06471137702465057,0.46816501021385193,0.46718645095825195,0.05278874561190605,0.2439560890197754,0.24463224411010742,0.07286018878221512,0.0018328279256820679,-0.0006843814626336098,0.09199606627225876,0.12680310010910034,-0.21370229125022888,0.20730869472026825,-0.0028774142265319824,-0.037421997636556625,0.2991913855075836
wqp,wqp:21FLCBA_WQX-WAL-CAMPCREE-2,test,2024-05,2024-06,0.16915194690227509,0.18309286236763,0.05674824118614197,0.7928891777992249,0.7507774829864502,0.14111658930778503,0.41554975509643555,0.42585432529449463,0.20032212138175964,0.175888329744339,0.15904510021209717,0.06285485625267029,0.36606472730636597,0.46816501021385193,0.05161699280142784,0.2439560890197754,0.2439560890197754,0.06945151090621948,-0.00669001042842865,0.005553988739848137,0.09042627364397049,0.02617865800857544,0.07782909274101257,0.2032822221517563,0.0,0.0012182812206447124,0.29541587829589844
wqp,wqp:21FLCBA_WQX-WAL-CAMPCREE-2,test,2024-06,2024-07,0.19169588387012482,0.17811232805252075,0.055895619094371796,0.6650235056877136,0.7835553288459778,0.14245159924030304,0.16051246225833893,0.42344292998313904,0.187504842877388,0.12412755936384201,0.175888329744339,0.062396030873060226,0.3652402460575104,0.36606472730636597,0.051100850105285645,0.30200839042663574,0.2439560890197754,0.0669727772474289,0.02254393696784973,-0.0010377862490713596,0.08911744505167007,-0.12786567211151123,0.0018023848533630371,0.20769347250461578,-0.2550373077392578,-0.004266156814992428,0.2882043719291687
wqp,wqp:21FLCBA_WQX-WAL-CAMPCREE-2,test,2024-07,2024-08,0.19169588387012482,0.19807279109954834,0.05449610948562622,0.8367987871170044,0.6720983982086182,0.14392253756523132,0.17432479560375214,0.18931302428245544,0.1874808520078659,0.12412755936384201,0.12412755936384201,0.06234949827194214,0.3677014112472534,0.3652402460575104,0.050692129880189896,0.38494423031806946,0.30200839042663574,0.06629649549722672,0.0,0.025077156722545624,0.08902449160814285,0.17177528142929077,-0.12277718633413315,0.21348191797733307,0.013812333345413208,-0.14643844962120056,0.2837023138999939
wqp,wqp:21FLCBA_WQX-WAL-CAMPCREE-2,test,2024-08,2024-09,0.1745833456516266,0.1940283626317978,0.05241134390234947,0.5969366431236267,0.8241624236106873,0.14098253846168518,0.41554975509643555,0.17970792949199677,0.19578033685684204,0.23619601130485535,0.12412755936384201,0.06027877703309059,0.3170623481273651,0.3677014112472534,0.049894776195287704,0.2439560890197754,0.38494423031806946,0.0664067417383194,-0.01711253821849823,0.0005373319145292044,0.0889928936958313,-0.23986214399337769,0.11502427607774734,0.20879127085208893,0.2412249594926834,0.042322490364313126,0.28152409195899963
wqp,wqp:21FLCBA_WQX-WAL-CAMPCREE-3,test,2024-02,2024-03,0.1682765781879425,0.19498008489608765,0.05214693769812584,0.7094075679779053,0.8726105093955994,0.13599370419979095,0.41878974437713623,0.18209175765514374,0.20583152770996094,0.19971589744091034,0.12412755936384201,0.0600312314927578,0.35189056396484375,0.3674798905849457,0.049985408782958984,0.24511848390102386,0.32159423828125,0.06813932210206985,-0.023419305682182312,0.0028170421719551086,0.08929000794887543,-0.1731405258178711,0.035974424332380295,0.2006741613149643,0.25546085834503174,0.02297818660736084,0.29392102360725403
wqp,wqp:21FLCBA_WQX-WAL-CAMPCREE-3,test,2024-03,2024-04,0.1846422404050827,0.17774085700511932,0.05450185015797615,0.5445753931999207,0.735639750957489,0.13798727095127106,0.41554975509643555,0.41628098487854004,0.21611157059669495,0.12764228880405426,0.19971589744091034,0.06291186064481735,0.32171887159347534,0.35189056396484375,0.05198175460100174,0.2439560890197754,0.24511848390102386,0.07174110412597656,0.016365662217140198,-0.01039600744843483,0.09134776890277863,-0.16483217477798462,-0.12407195568084717,0.2058580219745636,-0.0032399892807006836,0.14058798551559448,0.2965918481349945
wqp,wqp:21FLCBA_WQX-WAL-CAMPCREE-3,test,2024-04,2024-05,0.19169588387012482,0.19136908650398254,0.058233603835105896,0.4720861315727234,0.5658881664276123,0.1427534967660904,0.41554975509643555,0.4264582693576813,0.21855467557907104,0.12412755936384201,0.12764228880405426,0.06619081646203995,0.4429593086242676,0.32171887159347534,0.05442298203706741,0.2439560890197754,0.2439560890197754,0.0744294747710228,0.007053643465042114,0.025450406596064568,0.0939149484038353,-0.07248926162719727,-0.1284598857164383,0.20960643887519836,0.0,-0.03566010668873787,0.30184489488601685
wqp,wqp:21FLCBA_WQX-WAL-CAMPCREE-3,test,2024-05,2024-06,0.16382268071174622,0.1991761028766632,0.059141285717487335,0.5061836242675781,0.4825325608253479,0.14455881714820862,0.41554975509643555,0.4229736328125,0.2056284099817276,0.1417311578989029,0.12412755936384201,0.06587516516447067,0.30453726649284363,0.4429593086242676,0.054183490574359894,0.2439560890197754,0.2439560890197754,0.07245984673500061,-0.0278732031583786,0.015831515192985535,0.09290426969528198,0.034097492694854736,-0.05781960114836693,0.20942024886608124,0.0,-0.028383789584040642,0.29914039373397827
wqp,wqp:21FLCBA_WQX-WAL-CAMPCREE-3,test,2024-06,2024-07,0.1757001131772995,0.17305076122283936,0.05871343985199928,0.4823475778102875,0.5054486989974976,0.14621445536613464,0.4306604862213135,0.42025670409202576,0.19348984956741333,0.13828255236148834,0.1417311578989029,0.06543907523155212,0.31844085454940796,0.30453726649284363,0.05407959595322609,0.4874825179576874,0.2439560890197754,0.070114366710186,0.011877432465553284,-0.016704972833395004,0.09235546737909317,-0.02383604645729065,0.028282854706048965,0.21291755139827728,0.01511073112487793,-0.02160249464213848,0.29326972365379333
wqp,wqp:21FLCBA_WQX-WAL-CAMPCREE-3,test,2024-07,2024-08,0.20116141438484192,0.18231290578842163,0.05518365278840065,0.5290561318397522,0.48887622356414795,0.14399291574954987,0.18106719851493835,0.43118050694465637,0.18787239491939545,0.27032768726348877,0.13828255236148834,0.06279954314231873,0.3173348307609558,0.31844085454940796,0.05167035385966301,0.3491145670413971,0.4874825179576874,0.06700950115919113,0.02546130120754242,0.01817038655281067,0.08934500068426132,0.04670855402946472,-0.013179921545088291,0.21294881403446198,-0.24959328770637512,-0.013238510116934776,0.28411221504211426
wqp,wqp:21FLCBA_WQX-WAL-CAMPCREE-3,test,2024-08,2024-09,0.21735890209674835,0.20206224918365479,0.054068028926849365,0.19691938161849976,0.5327463150024414,0.14376947283744812,0.41554975509643555,0.1999325156211853,0.1991434395313263,0.24366416037082672,0.27032768726348877,0.06269761919975281,0.2722991406917572,0.3173348307609558,0.051415976136922836,0.2439560890197754,0.3491145670413971,0.0682564228773117,0.016197487711906433,0.02515920251607895,0.09033814817667007,-0.33213675022125244,0.024191593751311302,0.21345315873622894,0.2344825565814972,-0.14866416156291962,0.2851608097553253
wqp,wqp:21FLCBA_WQX-WAL-DEER-1,test,2022-12,2023-01,0.19169588387012482,0.19689755141735077,0.05510976165533066,0.8959102034568787,0.9225866794586182,0.13913202285766602,0.19956599175930023,0.18957994878292084,0.20071753859519958,0.12412755936384201,0.12412755936384201,0.0621698722243309,0.371359258890152,0.3641950786113739,0.05290582403540611,0.2484106719493866,0.24445326626300812,0.07072531431913376,0.0,0.03190010040998459,0.0906338095664978,-0.026987969875335693,-0.02167828194797039,0.1989784836769104,-0.010499492287635803,0.01647350564599037,0.2980174124240875
wqp,wqp:21FLCBA_WQX-WAL-DEER-1,test,2023-01,2023-02,0.18599097430706024,0.19782471656799316,0.05283510684967041,0.8774817585945129,0.8982075452804565,0.1367151290178299,0.17658483982086182,0.19758504629135132,0.19802719354629517,0.1305820494890213,0.12412755936384201,0.060366999357938766,0.3733952045440674,0.371359258890152,0.05087607353925705,0.3844085931777954,0.2484106719493866,0.06809400767087936,-0.005704909563064575,0.006872783415019512,0.0888318121433258,-0.018428444862365723,-0.0391632579267025,0.1995369791984558,-0.022981151938438416,0.013413310050964355,0.29392436146736145
wqp,wqp:21FLCBA_WQX-WAL-DEER-1,test,2023-02,2023-03,0.18599097430706024,0.19241879880428314,0.051405299454927444,0.9111284017562866,0.8792111873626709,0.1348993331193924,0.41554975509643555,0.1943097859621048,0.2038823664188385,0.1305820494890213,0.1305820494890213,0.05940845608711243,0.3674289286136627,0.3733952045440674,0.049291808158159256,0.2439560890197754,0.3844085931777954,0.06729571521282196,0.0,0.0008913548663258553,0.088080033659935,0.03364664316177368,-0.0333443246781826,0.19978804886341095,0.23896491527557373,0.030535783618688583,0.2920198440551758
wqp,wqp:21FLCBA_WQX-WAL-DEER-1,test,2023-03,2023-04,0.17494899034500122,0.19120007753372192,0.053183749318122864,0.9318533539772034,0.9111063480377197,0.13610874116420746,0.41554975509643555,0.4141097068786621,0.213326096534729,0.14214777946472168,0.1305820494890213,0.06095702201128006,0.363651305437088,0.3674289286136627,0.05059555917978287,0.2439560890197754,0.2439560890197754,0.06994213163852692,-0.011041983962059021,0.004385217558592558,0.09019717574119568,0.020724952220916748,0.017983397468924522,0.20172633230686188,0.0,0.15549951791763306,0.2942962944507599
wqp,wqp:21FLCBA_WQX-WAL-DEER-1,test,2023-04,2023-05,0.2084120213985443,0.1829691380262375,0.05567454546689987,0.8753480911254883,0.9248495697975159,0.13924141228199005,0.33005762100219727,0.4292639195919037,0.21240469813346863,0.24636311829090118,0.14214777946472168,0.06296852231025696,0.37430787086486816,0.363651305437088,0.05166243761777878,0.3549240827560425,0.2439560890197754,0.07119297236204147,0.03346303105354309,-0.005350954830646515,0.09133317321538925,-0.05650526285171509,-0.010743461549282074,0.2032531350851059,-0.08549213409423828,0.00018880328570958227,0.29774945974349976
wqp,wqp:21FLCBA_WQX-WAL-DEER-1,test,2023-05,2023-06,0.19169588387012482,0.21593040227890015,0.055897101759910583,0.875032365322113,0.8696067333221436,0.14047318696975708,0.3603380024433136,0.3518233001232147,0.19808457791805267,0.12412755936384201,0.24636311829090118,0.06262814253568649,0.35143083333969116,0.37430787086486816,0.05075841769576073,0.33131033182144165,0.3549240827560425,0.0685567781329155,-0.016716137528419495,0.03564294055104256,0.08933524042367935,-0.00031572580337524414,-0.07728263735771179,0.2037864476442337,0.030280381441116333,-0.03624993562698364,0.2941974401473999
wqp,wqp:21FLCBA_WQX-WAL-DEER-1,test,2023-06,2023-07,0.17024342715740204,0.20233331620693207,0.055344752967357635,0.5290561318397522,0.8658269047737122,0.14182907342910767,0.1465976983308792,0.36987796425819397,0.186519056558609,0.25687989592552185,0.12412755936384201,0.06186259910464287,0.3173348307609558,0.35143083333969116,0.050610966980457306,0.2722049355506897,0.33131033182144165,0.06638961285352707,-0.02145245671272278,-0.009580332785844803,0.08867593854665756,-0.34597623348236084,-0.02165282890200615,0.2069290578365326,-0.2137403041124344,0.028315331786870956,0.2873445153236389
wqp,wqp:21FLCBA_WQX-WAL-DEER-1,test,2023-07,2023-08,0.1738838106393814,0.18304811418056488,0.05530640855431557,0.6495655179023743,0.5631807446479797,0.14507745206356049,0.19686999917030334,0.17409218847751617,0.18892373144626617,0.13651536405086517,0.25687989592552185,0.06381875276565552,0.3655586838722229,0.3173348307609558,0.05157383903861046,0.3771961033344269,0.2722049355506897,0.06736037135124207,0.00364038348197937,-0.008294826373457909,0.08960965275764465,0.12050938606262207,-0.27484452724456787,0.21706831455230713,0.05027230083942413,-0.14082872867584229,0.28495028614997864
wqp,wqp:21FLCBA_WQX-WAL-DEER-1,test,2023-08,2023-09,0.1745501160621643,0.17641238868236542,0.05327203869819641,0.5290561318397522,0.6489207148551941,0.14208801090717316,0.8149981498718262,0.1975148469209671,0.1978640854358673,0.1707548350095749,0.13651536405086517,0.061285339295864105,0.3173348307609558,0.3655586838722229,0.05087067559361458,0.2437313050031662,0.3771961033344269,0.06744590401649475,0.000666305422782898,0.006591576151549816,0.08980108797550201,-0.12050938606262207,0.09180769324302673,0.21079666912555695,0.6181281805038452,0.047312166541814804,0.28272274136543274
wqp,wqp:21FLCBA_WQX-WAL-DEER-1,test,2023-09,2023-10,0.8756519556045532,0.18035784363746643,0.05555514246225357,0.8774817585945129,0.5774745941162109,0.14244991540908813,0.41554975509643555,0.7407439351081848,0.212900310754776,0.3719500005245209,0.1707548350095749,0.06436944752931595,0.3733952045440674,0.3173348307609558,0.05478861927986145,0.2439560890197754,0.2437313050031662,0.07357534021139145,0.7011018395423889,0.010751067660748959,0.09238947182893753,0.34842562675476074,-0.03913824260234833,0.2119925171136856,-0.3994483947753906,0.2923482060432434,0.2868005037307739
wqp,wqp:21FLCBA_WQX-WAL-DEER-1,test,2023-10,2023-11,0.17867662012577057,0.81132572889328,0.05050047114491463,0.928550124168396,0.833246111869812,0.1348886489868164,0.20447714626789093,0.40010949969291687,0.2062642127275467,0.13338376581668854,0.3719500005245209,0.05805966258049011,0.36349356174468994,0.3733952045440674,0.04828404262661934,0.2456037849187851,0.2439560890197754,0.06693761050701141,-0.6969753503799438,0.5943554639816284,0.08596285432577133,0.05106836557388306,0.18041042983531952,0.194064199924469,-0.21107260882854462,-0.24543504416942596,0.2854878902435303
wqp,wqp:21FLCBA_WQX-WAL-DEER-1,test,2023-11,2023-12,0.19169588387012482,0.24106653034687042,0.0562184676527977,0.7671043872833252,0.9463191032409668,0.14029556512832642,0.16700536012649536,0.19325445592403412,0.20992369949817657,0.12412755936384201,0.13338376581668854,0.06375329196453094,0.3637121915817261,0.36349356174468994,0.05399424210190773,0.34488171339035034,0.2456037849187851,0.07352398335933685,0.013019263744354248,-0.6100225448608398,0.09185834228992462,-0.1614457368850708,0.04553412273526192,0.19829727709293365,-0.03747178614139557,-0.18439093232154846,0.30230459570884705
wqp,wqp:21FLCBA_WQX-WAL-DEER-1,test,2023-12,2024-01,0.17027324438095093,0.2023875117301941,0.05488298460841179,0.8179468512535095,0.7867377400398254,0.138949453830719,0.21006548404693604,0.15186108648777008,0.2002674639225006,0.1725066900253296,0.12412755936384201,0.062333520501852036,0.36152687668800354,0.3637121915817261,0.052591755986213684,0.24445326626300812,0.34488171339035034,0.07045070081949234,-0.02142263948917389,0.023188067600131035,0.08991697430610657,0.050842463970184326,-0.1400819718837738,0.19960682094097137,0.043060123920440674,-0.030260801315307617,0.29750725626945496
wqp,wqp:21FLCBA_WQX-WAL-DEER-1,test,2024-01,2024-02,0.47728583216667175,0.17812186479568481,0.05245766043663025,0.8367987871170044,0.817848801612854,0.13572894036769867,0.17162105441093445,0.20425595343112946,0.19736821949481964,0.8113250732421875,0.1725066900253296,0.059714362025260925,0.3677014112472534,0.36152687668800354,0.050407521426677704,0.37423011660575867,0.24445326626300812,0.0674421489238739,0.3070125877857208,-0.011844685301184654,0.08819060772657394,0.018851935863494873,0.03151566535234451,0.1978829950094223,-0.03844442963600159,0.047916993498802185,0.2931179702281952
wqp,wqp:21FLCBA_WQX-WAL-DEER-1,test,2024-02,2024-03,0.2581842839717865,0.454885333776474,0.046424735337495804,0.8367987871170044,0.8294553756713867,0.12680920958518982,0.16937044262886047,0.1944047510623932,0.1921224296092987,0.35068437457084656,0.8113250732421875,0.05408154055476189,0.3677014112472534,0.3677014112472534,0.043610721826553345,0.3605926036834717,0.37423011660575867,0.06074752286076546,-0.21910154819488525,0.2643485367298126,0.08051776885986328,0.0,-0.025090154260396957,0.19010676443576813,-0.0022506117820739746,0.0656575933098793,0.28209778666496277
wqp,wqp:21FLCBA_WQX-WAL-DEER-1,test,2024-03,2024-04,0.17011289298534393,0.2815314829349518,0.04998398199677467,0.8367987871170044,0.8437190055847168,0.13124588131904602,0.41554975509643555,0.19768589735031128,0.20650553703308105,0.13974913954734802,0.35068437457084656,0.057656820863485336,0.3677014112472534,0.3677014112472534,0.046868350356817245,0.2439560890197754,0.3605926036834717,0.06578782945871353,-0.08807139098644257,-0.19220013916492462,0.08537526428699493,0.0,-0.007360874675214291,0.19528892636299133,0.24617931246757507,0.04504316672682762,0.28987544775009155
wqp,wqp:21FLCBA_WQX-WAL-DEER-1,test,2024-04,2024-05,0.19169588387012482,0.18561019003391266,0.05437220260500908,0.5290561318397522,0.8407214283943176,0.1366203874349594,0.41554975509643555,0.41473838686943054,0.21001216769218445,0.12412755936384201,0.13974913954734802,0.061264943331480026,0.3173348307609558,0.3677014112472534,0.050446171313524246,0.2439560890197754,0.2439560890197754,0.06968013197183609,0.021582990884780884,-0.07143566012382507,0.08940798044204712,-0.3077426552772522,-0.0026973020285367966,0.2004735767841339,0.0,0.14683860540390015,0.2941930294036865
wqp,wqp:21FLCBA_WQX-WAL-DEER-1,test,2024-05,2024-06,0.17400039732456207,0.202162966132164,0.05794819816946983,0.8426225781440735,0.5592309832572937,0.14312158524990082,0.17566902935504913,0.423549622297287,0.2027982920408249,0.13913804292678833,0.12412755936384201,0.06524166464805603,0.35086187720298767,0.3173348307609558,0.05321551114320755,0.3859788179397583,0.2439560890197754,0.07130709290504456,-0.017695486545562744,0.03265618532896042,0.09124132990837097,0.3135664463043213,-0.2411973923444748,0.20979182422161102,-0.2398807257413864,-0.04668033868074417,0.2956676483154297
wqp,wqp:21FLCBA_WQX-WAL-DEER-1,test,2024-06,2024-07,0.16783198714256287,0.18230311572551727,0.054873328655958176,0.7312724590301514,0.8032016158103943,0.14115497469902039,0.16308093070983887,0.2079189419746399,0.18646550178527832,0.15059523284435272,0.13913804292678833,0.06079185754060745,0.35124486684799194,0.35086187720298767,0.0497271865606308,0.3201436996459961,0.3859788179397583,0.06525158882141113,-0.0061684101819992065,-0.01635289192199707,0.08832181990146637,-0.11135011911392212,0.20893150568008423,0.2034347504377365,-0.012588098645210266,-0.09480051696300507,0.28823426365852356
wqp,wqp:21FLCBA_WQX-WAL-DEER-1,test,2024-07,2024-08,0.18599097430706024,0.17627878487110138,0.05411187931895256,0.5247817039489746,0.7385442852973938,0.14285443723201752,0.26763755083084106,0.17870697379112244,0.1867656707763672,0.1305820494890213,0.15059523284435272,0.061702094972133636,0.3151552379131317,0.35124486684799194,0.050394557416439056,0.38318273425102234,0.3201436996459961,0.06589603424072266,0.018158987164497375,0.0009463620372116566,0.08872411400079727,-0.20649075508117676,-0.10123216360807419,0.21236909925937653,0.1045566201210022,0.013272726908326149,0.2824929654598236
wqp,wqp:21FLCBA_WQX-WAL-DEER-2,test,2022-12,2023-01,0.18599097430706024,0.1933375746011734,0.05525173991918564,0.8959102034568787,0.9138811826705933,0.13938921689987183,0.21006548404693604,0.1908564269542694,0.2009498029947281,0.1305820494890213,0.1305820494890213,0.0624113567173481,0.371359258890152,0.3674289286136627,0.05304865166544914,0.24445326626300812,0.24445326626300812,0.0709206610918045,0.0,0.013364700600504875,0.09076281636953354,-0.015218198299407959,-0.039457108825445175,0.19940227270126343,0.0,0.00037563586374744773,0.2983955144882202
wqp,wqp:21FLCBA_WQX-WAL-DEER-2,test,2023-01,2023-02,0.19169588387012482,0.19208285212516785,0.05286507308483124,0.8489180207252502,0.8974208831787109,0.13672339916229248,0.18248173594474792,0.20708270370960236,0.19804172217845917,0.12412755936384201,0.1305820494890213,0.060372523963451385,0.3706398606300354,0.371359258890152,0.0509057492017746,0.33277907967567444,0.24445326626300812,0.0681157037615776,0.005704909563064575,0.006894706282764673,0.08887025713920593,-0.04699218273162842,-0.029125865548849106,0.1994762122631073,-0.02758374810218811,0.01941538229584694,0.29398491978645325
wqp,wqp:21FLCBA_WQX-WAL-DEER-2,test,2023-02,2023-03,0.19169588387012482,0.1969125121831894,0.0518316924571991,0.9111284017562866,0.8542441725730896,0.1355641633272171,0.4172961413860321,0.19941997528076172,0.20497852563858032,0.12412755936384201,0.12412755936384201,0.059944432228803635,0.3674289286136627,0.3706398606300354,0.049777526408433914,0.2441098392009735,0.33277907967567444,0.06788267940282822,0.0,0.011437559500336647,0.08864511549472809,0.06221038103103638,-0.05370957404375076,0.20101593434810638,0.23481440544128418,0.02079986035823822,0.29266825318336487
wqp,wqp:21FLCBA_WQX-WAL-DEER-2,test,2023-03,2023-04,0.17809757590293884,0.19631913304328918,0.05329502001404762,0.9441649317741394,0.9083698987960815,0.13626164197921753,0.41554975509643555,0.41586774587631226,0.21365709602832794,0.14016515016555786,0.12412755936384201,0.061030227690935135,0.36954015493392944,0.3674289286136627,0.050717517733573914,0.2439560890197754,0.2441098392009735,0.0700608417391777,-0.013598307967185974,0.0037494865246117115,0.09039387851953506,0.03303653001785278,0.039499253034591675,0.20172543823719025,-0.0017463862895965576,0.15475325286388397,0.29462140798568726
wqp,wqp:21FLCBA_WQX-WAL-DEER-2,test,2023-04,2023-05,0.19169588387012482,0.18609249591827393,0.05571746081113815,0.8367987871170044,0.93558269739151,0.13931728899478912,0.41648295521736145,0.42942413687705994,0.21249745786190033,0.12412755936384201,0.14016515016555786,0.0629926398396492,0.3677014112472534,0.36954015493392944,0.05169852450489998,0.2566620111465454,0.2439560890197754,0.07124345749616623,0.013598307967185974,-0.00797226931899786,0.0914313942193985,-0.10736614465713501,-0.002315126359462738,0.20322789251804352,0.0009332001209259033,0.0005718248430639505,0.2979362905025482
wqp,wqp:21FLCBA_WQX-WAL-DEER-2,test,2023-05,2023-06,0.1745501160621643,0.20042429864406586,0.05742752179503441,0.9047693610191345,0.8391958475112915,0.1425597369670868,0.41648295521736145,0.4271617531776428,0.20124366879463196,0.1707548350095749,0.12412755936384201,0.0642804354429245,0.35022997856140137,0.3677014112472534,0.05255616828799248,0.2566620111465454,0.2566620111465454,0.07057786732912064,-0.01714576780796051,0.02017970010638237,0.09132416546344757,0.06797057390213013,-0.10662472993135452,0.2071075588464737,0.0,-0.012162337079644203,0.2960214912891388
wqp,wqp:21FLCBA_WQX-WAL-DEER-2,test,2023-06,2023-07,0.17458921670913696,0.18432143330574036,0.05561739206314087,0.5673975944519043,0.8894155621528625,0.14214695990085602,0.1547027826309204,0.42500874400138855,0.1867978423833847,0.1947457492351532,0.1707548350095749,0.06208280846476555,0.33233094215393066,0.35022997856140137,0.0508577860891819,0.3260136544704437,0.2566620111465454,0.06664855778217316,3.910064697265625e-05,-0.011340118944644928,0.08903283625841141,-0.3373717665672302,0.02986404299736023,0.20694343745708466,-0.26178017258644104,0.0032649750355631113,0.2879124879837036
wqp,wqp:21FLCBA_WQX-WAL-DEER-2,test,2023-07,2023-08,0.19169588387012482,0.1859123557806015,0.05523374676704407,0.7004760503768921,0.5974381566047668,0.14522437751293182,0.23857629299163818,0.18486884236335754,0.188627228140831,0.12412755936384201,0.1947457492351532,0.06374046951532364,0.36238768696784973,0.33233094215393066,0.051492758095264435,0.3903477191925049,0.3260136544704437,0.06728984415531158,0.017106667160987854,0.010230999439954758,0.08959580212831497,0.1330784559249878,-0.2754405736923218,0.21682459115982056,0.08387351036071777,-0.16771012544631958,0.2849191129207611
wqp,wqp:21FLCBA_WQX-WAL-DEER-2,test,2023-08,2023-09,0.16602641344070435,0.19292937219142914,0.053039051592350006,0.6954577565193176,0.6973101496696472,0.1417386680841446,0.6918603181838989,0.23567301034927368,0.19713620841503143,0.18888264894485474,0.12412755936384201,0.06100715324282646,0.33668291568756104,0.36238768696784973,0.05067760497331619,0.2436033934354782,0.3903477191925049,0.06720487028360367,-0.02566947042942047,0.01777370274066925,0.08956746757030487,-0.005018293857574463,0.09956607222557068,0.21024706959724426,0.45328402519226074,0.06642598658800125,0.2821553349494934
wqp,wqp:21FLCBA_WQX-WAL-DEER-2,test,2023-09,2023-10,0.1623317152261734,0.1727685183286667,0.05452610179781914,0.8774817585945129,0.724432647228241,0.14137689769268036,0.41554975509643555,0.6329259872436523,0.21092383563518524,0.23008811473846436,0.18888264894485474,0.06308251619338989,0.3733952045440674,0.33668291568756104,0.05339933931827545,0.2439560890197754,0.2436033934354782,0.07209524512290955,-0.003694698214530945,-0.015922294929623604,0.09150754660367966,0.1820240020751953,0.02685581147670746,0.20923073589801788,-0.2763105630874634,0.196536123752594,0.28634244203567505
wqp,wqp:21FLCBA_WQX-WAL-DEER-2,test,2023-10,2023-11,0.18246863782405853,0.1668083220720291,0.05484025180339813,0.9389047622680664,0.8700401782989502,0.14064882695674896,0.19023525714874268,0.4002242684364319,0.2140377014875412,0.13211414217948914,0.23008811473846436,0.06283700466156006,0.3658458888530731,0.3733952045440674,0.05271325632929802,0.26972612738609314,0.2439560890197754,0.07247838377952576,0.020136922597885132,-0.0057794516906142235,0.0912463366985321,0.06142300367355347,0.10630182921886444,0.20086805522441864,-0.22531449794769287,-0.21803516149520874,0.29474174976348877
wqp,wqp:21FLCBA_WQX-WAL-DEER-2,test,2023-11,2023-12,0.19169588387012482,0.18794898688793182,0.05605461820960045,0.8774817585945129,0.9346957206726074,0.1409619301557541,0.1927400380373001,0.17840945720672607,0.20952099561691284,0.12412755936384201,0.13211414217948914,0.06342066079378128,0.3733952045440674,0.3658458888530731,0.05362441763281822,0.2603486180305481,0.26972612738609314,0.07291308790445328,0.009227246046066284,0.018757380545139313,0.09192058444023132,-0.06142300367355347,0.005258224904537201,0.19938622415065765,0.002504780888557434,-0.1449470818042755,0.299960196018219
wqp,wqp:21FLCBA_WQX-WAL-DEER-2,test,2023-12,2024-01,0.18599097430706024,0.19936326146125793,0.05500679090619087,0.857158899307251,0.8851421475410461,0.13909101486206055,0.18081966042518616,0.17435482144355774,0.2005302459001541,0.1305820494890213,0.12412755936384201,0.06219016760587692,0.37208542227745056,0.3733952045440674,0.052777621895074844,0.3519137501716614,0.2603486180305481,0.07061456143856049,-0.005704909563064575,0.015412488020956516,0.09037672728300095,-0.020322859287261963,-0.06845110654830933,0.19923625886440277,-0.011920377612113953,0.0023855306208133698,0.29783278703689575
wqp,wqp:21FLCBA_WQX-WAL-DEER-2,test,2024-01,2024-02,0.47728583216667175,0.1934993416070938,0.05221831053495407,0.8367987871170044,0.8596861958503723,0.1357830911874771,0.17471668124198914,0.18081915378570557,0.19662746787071228,0.8113250732421875,0.1305820494890213,0.05965057387948036,0.3677014112472534,0.37208542227745056,0.05016188696026802,0.38561540842056274,0.3519137501716614,0.06721720844507217,0.2912948727607727,0.0024903863668441772,0.08787621557712555,-0.020360112190246582,-0.031530678272247314,0.19800840318202972,-0.0061029791831970215,0.020343117415905,0.2929370701313019
wqp,wqp:21FLCBA_WQX-WAL-DEER-2,test,2024-02,2024-03,0.1745501160621643,0.4566882252693176,0.046497054398059845,0.857158899307251,0.8340508341789246,0.12694241106510162,0.41886523365974426,0.19589604437351227,0.19221557676792145,0.1707548350095749,0.8113250732421875,0.054219894111156464,0.37208542227745056,0.3677014112472534,0.04371756315231323,0.24528293311595917,0.38561540842056274,0.060885950922966,-0.30273571610450745,0.2516821622848511,0.08060489594936371,0.020360112190246582,-0.05173439532518387,0.19053560495376587,0.24414855241775513,0.08305291086435318,0.28226086497306824
wqp,wqp:21FLCBA_WQX-WAL-DEER-2,test,2024-03,2024-04,0.1745501160621643,0.205620676279068,0.051588188856840134,0.8367987871170044,0.8689340949058533,0.1331900656223297,0.41554975509643555,0.4189285635948181,0.2095264345407486,0.1707548350095749,0.1707548350095749,0.05916242673993111,0.3677014112472534,0.37208542227745056,0.048935115337371826,0.2439560890197754,0.24528293311595917,0.06807289272546768,0.0,-0.2621675431728363,0.08760959655046463,-0.020360112190246582,0.03188719227910042,0.1978328824043274,-0.003315478563308716,0.14131328463554382,0.2916003465652466
wqp,wqp:21FLCBA_WQX-WAL-DEER-2,test,2024-04,2024-05,0.19169588387012482,0.18305960297584534,0.054351311177015305,0.7117132544517517,0.8365237712860107,0.13719499111175537,0.8050271272659302,0.42920923233032227,0.20963160693645477,0.12412755936384201,0.1707548350095749,0.06152244657278061,0.37255895137786865,0.3677014112472534,0.05026007071137428,0.4162294566631317,0.2439560890197754,0.0695604532957077,0.01714576780796051,0.005026763305068016,0.08925537765026093,-0.12508553266525269,-0.03679512441158295,0.2009502500295639,0.38947737216949463,-0.00781664252281189,0.29461222887039185
wqp,wqp:21FLCBA_WQX-WAL-DEER-2,test,2024-05,2024-06,0.16241659224033356,0.20232492685317993,0.055306632071733475,0.8022239804267883,0.7253270745277405,0.1384453922510147,0.1553231179714203,0.776146411895752,0.19544538855552673,0.16690286993980408,0.12412755936384201,0.06174103543162346,0.36235371232032776,0.37255895137786865,0.05078935623168945,0.2849445641040802,0.4162294566631317,0.06821645051240921,-0.02927929162979126,0.025265783071517944,0.08775366842746735,0.09051072597503662,-0.0866544097661972,0.20203013718128204,-0.6497039794921875,0.1809288114309311,0.2895844280719757
wqp,wqp:21FLCBA_WQX-WAL-DEER-2,test,2024-06,2024-07,0.19169588387012482,0.17494042217731476,0.05486184358596802,0.8092520236968994,0.7801493406295776,0.1420835703611374,0.15448500216007233,0.21023057401180267,0.18581080436706543,0.12412755936384201,0.16690286993980408,0.061548251658678055,0.357035756111145,0.36235371232032776,0.0494745634496212,0.28232482075691223,0.2849445641040802,0.0653204545378685,0.02927929162979126,-0.025697408244013786,0.08778520673513412,0.007028043270111084,0.020178236067295074,0.20556285977363586,-0.0008381158113479614,-0.39900389313697815,0.2886098325252533
wqp,wqp:21FLCBA_WQX-WAL-DEER-2,test,2024-07,2024-08,0.19169588387012482,0.19525127112865448,0.053485117852687836,0.5162632465362549,0.8034330606460571,0.1419038623571396,0.4097693860530853,0.17055796086788177,0.1857190728187561,0.12412755936384201,0.12412755936384201,0.06071538105607033,0.31116026639938354,0.357035756111145,0.04971613362431526,0.27059629559516907,0.28232482075691223,0.06507687270641327,0.0,0.02882222831249237,0.08821943402290344,-0.29298877716064453,-0.016006765887141228,0.2102852612733841,0.2552843689918518,0.03989328816533089,0.2814827561378479
wqp,wqp:21FLCBA_WQX-WAL-DEER-3,test,2022-12,2023-01,0.17867662012577057,0.19731590151786804,0.054780587553977966,0.7424432039260864,0.9436604380607605,0.13865099847316742,0.19122709333896637,0.19094647467136383,0.20003323256969452,0.13338376581668854,0.12412755936384201,0.061691801995038986,0.37058690190315247,0.3709341585636139,0.052511993795633316,0.26554083824157715,0.24445326626300812,0.07024899870157242,-0.013019263744354248,0.018832985311746597,0.09027481824159622,-0.20741552114486694,0.02231111004948616,0.19785843789577484,-0.018838390707969666,0.009742798283696175,0.2975897789001465
wqp,wqp:21FLCBA_WQX-WAL-DEER-3,test,2023-01,2023-02,0.19169588387012482,0.18828703463077545,0.0535174123942852,0.9228981733322144,0.7664616107940674,0.13780543208122253,0.15236985683441162,0.18978697061538696,0.19948048889636993,0.12412755936384201,0.13338376581668854,0.06150273606181145,0.3641950786113739,0.37058690190315247,0.051624596118927,0.2766723334789276,0.26554083824157715,0.06905011087656021,0.013019263744354248,0.0004907362163066864,0.08931323885917664,0.18045496940612793,-0.16685128211975098,0.20218110084533691,-0.03885723650455475,-0.01079448964446783,0.2948848605155945
wqp,wqp:21FLCBA_WQX-WAL-DEER-3,test,2023-02,2023-03,0.19169588387012482,0.19295524060726166,0.05166973918676376,0.8730477690696716,0.9049788117408752,0.1351129561662674,0.41554975509643555,0.1705515831708908,0.20510709285736084,0.12412755936384201,0.12412755936384201,0.05928018316626549,0.3603072166442871,0.3641950786113739,0.04952087253332138,0.2439560890197754,0.2766723334789276,0.06744381040334702,0.0,0.01226933766156435,0.08883572369813919,-0.049850404262542725,0.11464795470237732,0.19902323186397552,0.2631798982620239,0.03713332861661911,0.2928716540336609
wqp,wqp:21FLCBA_WQX-WAL-DEER-3,test,2023-03,2023-04,0.16904528439044952,0.1973939687013626,0.05376600846648216,0.8823143243789673,0.8821092844009399,0.13702091574668884,0.41554975509643555,0.41249221563339233,0.21466636657714844,0.15425509214401245,0.12412755936384201,0.06178782135248184,0.3632475733757019,0.3603072166442871,0.05127580836415291,0.2439560890197754,0.2439560890197754,0.07079203426837921,-0.022650599479675293,0.006427370011806488,0.09089168161153793,0.009266555309295654,-0.042366981506347656,0.2036079317331314,0.0,0.16232997179031372,0.29520708322525024
wqp,wqp:21FLCBA_WQX-WAL-DEER-3,test,2023-04,2023-05,0.2084120213985443,0.1780741810798645,0.0560576394200325,0.9111284017562866,0.8784219622612,0.1397288292646408,0.41849586367607117,0.4290264844894409,0.21330147981643677,0.24636311829090118,0.15425509214401245,0.06342113018035889,0.3674289286136627,0.3632475733757019,0.05205542594194412,0.25065892934799194,0.2439560890197754,0.0716601237654686,0.03936673700809479,-0.014736616984009743,0.09172873198986053,0.028814077377319336,-0.015149910002946854,0.20399686694145203,0.00294610857963562,-0.0038067353889346123,0.29852086305618286
wqp,wqp:21FLCBA_WQX-WAL-DEER-3,test,2023-05,2023-06,0.20034994184970856,0.21355824172496796,0.056243643164634705,0.6824447512626648,0.8987539410591125,0.14064782857894897,0.41902410984039307,0.4301315248012543,0.19872444868087769,0.291460782289505,0.24636311829090118,0.06275022774934769,0.3356836438179016,0.3674289286136627,0.05120990797877312,0.24800801277160645,0.25065892934799194,0.06898237764835358,-0.008062079548835754,0.038808126002550125,0.08989429473876953,-0.22868365049362183,-0.007757976651191711,0.20379987359046936,0.0005282461643218994,0.008465247228741646,0.29434290528297424
wqp,wqp:21FLCBA_WQX-WAL-DEER-3,test,2023-06,2023-07,0.18599097430706024,0.21196629106998444,0.05594471096992493,0.5290561318397522,0.7006629109382629,0.14269396662712097,0.4174647629261017,0.4274838864803314,0.18736599385738373,0.1305820494890213,0.291460782289505,0.06315498799085617,0.3173348307609558,0.3356836438179016,0.05121996998786926,0.24414831399917603,0.24800801277160645,0.06726321578025818,-0.014358967542648315,0.0017077671363949776,0.08867228031158447,-0.1533886194229126,-0.18548116087913513,0.21014292538166046,-0.0015593469142913818,-0.024988802149891853,0.28790223598480225
wqp,wqp:21FLCBA_WQX-WAL-DEER-3,test,2023-07,2023-08,0.1565016359090805,0.1947098672389984,0.05543077364563942,0.7500453591346741,0.549640417098999,0.14454147219657898,0.2059091180562973,0.4182989001274109,0.18869991600513458,0.2488892674446106,0.1305820494890213,0.06334179639816284,0.358436644077301,0.3173348307609558,0.05208318307995796,0.38201478123664856,0.24414831399917603,0.06758654117584229,-0.029489338397979736,-0.0047603268176317215,0.0898069366812706,0.22098922729492188,-0.11079864203929901,0.2151990830898285,-0.21155564486980438,-0.04189209267497063,0.28382331132888794
wqp,wqp:21FLCBA_WQX-WAL-DEER-3,test,2023-08,2023-09,0.47728583216667175,0.1613176167011261,0.052205514162778854,0.5119231343269348,0.7340896129608154,0.14078305661678314,0.7918115258216858,0.22389152646064758,0.19485600292682648,0.8113250732421875,0.2488892674446106,0.0601796954870224,0.30850207805633545,0.358436644077301,0.04943499341607094,0.41919785737991333,0.38201478123664856,0.06590864062309265,0.32078421115875244,-0.02647612988948822,0.08825652301311493,-0.23812222480773926,0.15102285146713257,0.20779047906398773,0.5859023928642273,-0.10495642572641373,0.2819536328315735
wqp,wqp:21FLCBA_WQX-WAL-DEER-3,test,2023-09,2023-10,0.15989640355110168,0.4555664360523224,0.049623068422079086,0.5801586508750916,0.5618025064468384,0.13373033702373505,0.41554975509643555,0.7268869876861572,0.19897471368312836,0.2129141390323639,0.8113250732421875,0.05833081901073456,0.32099267840385437,0.30850207805633545,0.047895681113004684,0.2439560890197754,0.41919785737991333,0.06579391658306122,-0.31738942861557007,0.2848562002182007,0.08366471529006958,0.06823551654815674,-0.15294794738292694,0.2019643485546112,-0.37626177072525024,0.3014277219772339,0.27651447057724
wqp,wqp:21FLCBA_WQX-WAL-DEER-3,test,2023-10,2023-11,0.18599097430706024,0.19068199396133423,0.055029891431331635,0.8967627882957458,0.5998386144638062,0.14046084880828857,0.1620875746011734,0.4057811498641968,0.21470433473587036,0.1305820494890213,0.2129141390323639,0.06331037729978561,0.34759020805358887,0.32099267840385437,0.052993547171354294,0.3145231604576111,0.2439560890197754,0.07281969487667084,0.026094570755958557,-0.27834588289260864,0.09062014520168304,0.3166041374206543,0.055024728178977966,0.2013690322637558,-0.25346219539642334,-0.3209753930568695,0.2954614758491516
wqp,wqp:21FLCBA_WQX-WAL-DEER-3,test,2023-11,2023-12,0.17494899034500122,0.18863245844841003,0.05495527759194374,0.8774817585945129,0.8702009916305542,0.1390114724636078,0.21006548404693604,0.15279735624790192,0.2075502872467041,0.14214777946472168,0.1305820494890213,0.061591994017362595,0.3733952045440674,0.34759020805358887,0.05228020250797272,0.24445326626300812,0.3145231604576111,0.07109656184911728,-0.011041983962059021,0.01865893229842186,0.09053817391395569,-0.01928102970123291,0.20297786593437195,0.19514743983745575,0.047977909445762634,-0.138710618019104,0.2983364760875702
wqp,wqp:21FLCBA_WQX-WAL-DEER-3,test,2023-12,2024-01,0.16577309370040894,0.18390445411205292,0.05440888926386833,0.9111284017562866,0.8817728161811829,0.13801667094230652,0.18638090789318085,0.18847990036010742,0.19921855628490448,0.15528461337089539,0.14214777946472168,0.061352018266916275,0.3674289286136627,0.3733952045440674,0.052073944360017776,0.2571713328361511,0.24445326626300812,0.06980517506599426,-0.009175896644592285,-0.003350652288645506,0.08951728045940399,0.03364664316177368,-0.03419865295290947,0.19763071835041046,-0.023684576153755188,0.030960282310843468,0.29643601179122925
wqp,wqp:21FLCBA_WQX-WAL-DEER-3,test,2024-01,2024-02,0.47728583216667175,0.17263120412826538,0.05185297504067421,0.9111284017562866,0.9073081612586975,0.13515429198741913,0.17790073156356812,0.1866014301776886,0.19582608342170715,0.8113250732421875,0.15528461337089539,0.059110965579748154,0.3674289286136627,0.3674289286136627,0.049703456461429596,0.3785112202167511,0.2571713328361511,0.0667259618639946,0.3115127384662628,-0.0028951899148523808,0.08744777739048004,0.0,0.0056978799402713776,0.19700291752815247,-0.008480176329612732,0.014839064329862595,0.2920055687427521
wqp,wqp:21FLCBA_WQX-WAL-DEER-3,test,2024-02,2024-03,0.18149501085281372,0.454854279756546,0.04593880847096443,0.857158899307251,0.9032688736915588,0.12611889839172363,0.41705214977264404,0.1996074616909027,0.19072231650352478,0.13863304257392883,0.8113250732421875,0.053545478731393814,0.37208542227745056,0.3674289286136627,0.04311015456914902,0.24406614899635315,0.3785112202167511,0.060186367481946945,-0.29579082131385803,0.2677243947982788,0.07989397644996643,-0.053969502449035645,-0.04334539175033569,0.18928202986717224,0.23915141820907593,0.08811597526073456,0.28085339069366455
wqp,wqp:21FLCBA_WQX-WAL-DEER-3,test,2024-03,2024-04,0.17813336849212646,0.2128089964389801,0.05141565576195717,0.857158899307251,0.8756253123283386,0.13307209312915802,0.41554975509643555,0.41737544536590576,0.20908373594284058,0.14820384979248047,0.13863304257392883,0.0591098926961422,0.37208542227745056,0.37208542227745056,0.04879989102482796,0.2439560890197754,0.24406614899635315,0.06797134876251221,-0.003361642360687256,-0.25520625710487366,0.08730962127447128,0.0,-0.02575813978910446,0.19817158579826355,-0.001502394676208496,0.13261055946350098,0.29081422090530396
wqp,wqp:21FLCBA_WQX-WAL-DEER-3,test,2024-04,2024-05,0.19169588387012482,0.1867523193359375,0.05397319793701172,0.8439711928367615,0.8547368049621582,0.13664020597934723,0.41554975509643555,0.4289259910583496,0.20886832475662231,0.12412755936384201,0.14820384979248047,0.06103815883398056,0.3758494257926941,0.37208542227745056,0.04988383501768112,0.2439560890197754,0.2439560890197754,0.06909898668527603,0.013562515377998352,0.0011501987464725971,0.08880364894866943,-0.013187706470489502,-0.022228924557566643,0.200057253241539,0.0,-0.004593495279550552,0.2937103509902954
wqp,wqp:21FLCBA_WQX-WAL-DEER-3,test,2024-05,2024-06,0.17712628841400146,0.1998307853937149,0.05578260496258736,0.6058603525161743,0.8380260467529297,0.13998092710971832,0.1489095240831375,0.42603856325149536,0.19814297556877136,0.13567788898944855,0.12412755936384201,0.06218176335096359,0.31487584114074707,0.3758494257926941,0.050822049379348755,0.27029848098754883,0.2439560890197754,0.0685105174779892,-0.014569595456123352,0.017179857939481735,0.08920134603977203,-0.23811084032058716,-0.03516634553670883,0.20314985513687134,-0.26664024591445923,-0.004671655595302582,0.2926007807254791
wqp,wqp:21FLCBA_WQX-WAL-DEER-3,test,2024-06,2024-07,0.16225755214691162,0.19002750515937805,0.056866589933633804,0.7310791015625,0.6223994493484497,0.1446991264820099,0.2904515266418457,0.18270930647850037,0.19044974446296692,0.1732000857591629,0.13567788898944855,0.06419385969638824,0.3719138205051422,0.31487584114074707,0.05196265131235123,0.5573568344116211,0.27029848098754883,0.06813384592533112,-0.014868736267089844,-0.003021557815372944,0.09012340009212494,0.12521874904632568,-0.20593924820423126,0.2124594897031784,0.1415420025587082,-0.1604974865913391,0.2904396057128906
wqp,wqp:21FLCBA_WQX-WAL-DEER-3,test,2024-07,2024-08,0.166091650724411,0.1710289716720581,0.052174732089042664,0.5358381867408752,0.7193203568458557,0.1392289698123932,0.4171804189682007,0.2935791611671448,0.18236005306243896,0.16629143059253693,0.1732000857591629,0.05897956341505051,0.3204291760921478,0.3719138205051422,0.0484161339700222,0.25482356548309326,0.5573568344116211,0.06336107105016708,0.0038340985774993896,-0.008761243894696236,0.08604803681373596,-0.19524091482162476,0.09254628419876099,0.20542801916599274,0.12672889232635498,0.12085041403770447,0.2790645956993103
wqp,wqp:21FLCBA_WQX-WAL-DRAPER-1,test,2022-12,2023-01,0.19169588387012482,0.19967342913150787,0.055298469960689545,0.9228981733322144,0.934245228767395,0.13949774205684662,0.19223254919052124,0.19045184552669525,0.20107907056808472,0.12412755936384201,0.12412755936384201,0.062474124133586884,0.3641950786113739,0.363651305437088,0.053124137222766876,0.2619446814060211,0.24445326626300812,0.07098309695720673,0.0,0.006292543839663267,0.09090729057788849,-0.008955180644989014,-0.037414416670799255,0.19951492547988892,-0.017832934856414795,-0.0013312684604898095,0.29851076006889343
wqp,wqp:21FLCBA_WQX-WAL-DRAPER-1,test,2023-01,2023-02,0.19169588387012482,0.19785718619823456,0.05274486541748047,0.7673002481460571,0.9226966500282288,0.1366235315799713,0.4181111454963684,0.19128794968128204,0.19781522452831268,0.12412755936384201,0.12412755936384201,0.060257136821746826,0.36065569519996643,0.3641950786113739,0.050773486495018005,0.24439965188503265,0.2619446814060211,0.06794886291027069,0.0,0.006570274010300636,0.08879142999649048,-0.15559792518615723,-0.0269718486815691,0.19925078749656677,0.22587859630584717,0.013188356533646584,0.293883740901947
wqp,wqp:21FLCBA_WQX-WAL-DRAPER-1,test,2023-02,2023-03,0.19169588387012482,0.198458731174469,0.05241804197430611,0.8685116767883301,0.7910556793212891,0.13592498004436493,0.2150484174489975,0.40762877464294434,0.20553728938102722,0.12412755936384201,0.12412755936384201,0.06067008525133133,0.48084455728530884,0.36065569519996643,0.050740618258714676,0.3836284279823303,0.24439965188503265,0.0689125657081604,0.0,0.010531826876103878,0.08904283493757248,0.10121142864227295,-0.11132471263408661,0.2027742713689804,-0.2030627280473709,0.12254677712917328,0.2920554280281067
wqp,wqp:21FLCBA_WQX-WAL-DRAPER-1,test,2023-03,2023-04,0.19169588387012482,0.19681812822818756,0.05187270790338516,0.818104088306427,0.8555998802185059,0.13497059047222137,0.41554975509643555,0.24920356273651123,0.21089014410972595,0.12412755936384201,0.12412755936384201,0.059537630528211594,0.3649708330631256,0.48084455728530884,0.04870957136154175,0.2439560890197754,0.3836284279823303,0.06797324866056442,0.0,0.00035450601717457175,0.08832060545682907,-0.050407588481903076,0.04333191365003586,0.198389932513237,0.20050133764743805,-0.08045406639575958,0.29367125034332275
wqp,wqp:21FLCBA_WQX-WAL-DRAPER-1,test,2023-04,2023-05,0.19169588387012482,0.19892790913581848,0.05600485950708389,0.6330006122589111,0.8236969709396362,0.13933846354484558,0.41554975509643555,0.4171908497810364,0.21357692778110504,0.12412755936384201,0.12412755936384201,0.063259057700634,0.3154793083667755,0.3649708330631256,0.05213218182325363,0.2439560890197754,0.2439560890197754,0.07169609516859055,0.0,0.007280863355845213,0.09164188802242279,-0.18510347604751587,-0.048594050109386444,0.20433953404426575,0.0,0.11947683244943619,0.2975919246673584
wqp,wqp:21FLCBA_WQX-WAL-DRAPER-1,test,2023-05,2023-06,0.19169588387012482,0.201841339468956,0.05862685665488243,0.7085199356079102,0.649410605430603,0.14406143128871918,0.41554975509643555,0.42433857917785645,0.20403330028057098,0.12412755936384201,0.12412755936384201,0.06576043367385864,0.3452078700065613,0.3154793083667755,0.053871557116508484,0.2439560890197754,0.2439560890197754,0.07199953496456146,0.0,0.011356501840054989,0.09246108680963516,0.07551932334899902,-0.15160515904426575,0.21002493798732758,0.0,-0.03237710893154144,0.29779109358787537
wqp,wqp:21FLCBA_WQX-WAL-DRAPER-1,test,2023-06,2023-07,0.17809757590293884,0.19880610704421997,0.05703547224402428,0.5549365282058716,0.6978026628494263,0.14405180513858795,0.40750181674957275,0.4214174151420593,0.19012069702148438,0.14016515016555786,0.12412755936384201,0.06354221701622009,0.32292595505714417,0.3452078700065613,0.05236038565635681,0.2745603621006012,0.2439560890197754,0.06824219971895218,-0.013598307967185974,0.004923027940094471,0.09065301716327667,-0.15358340740203857,0.046456873416900635,0.2095729410648346,-0.008047938346862793,-0.007804071065038443,0.2902963161468506
wqp,wqp:21FLCBA_WQX-WAL-DRAPER-1,test,2023-07,2023-08,0.19169588387012482,0.18689797818660736,0.05571265518665314,0.8393387198448181,0.5735989212989807,0.14503781497478485,0.33005762100219727,0.4094531834125519,0.18912671506404877,0.12412755936384201,0.14016515016555786,0.0636858120560646,0.3637031316757202,0.32292595505714417,0.05231734737753868,0.3549240827560425,0.2745603621006012,0.06789291650056839,0.013598307967185974,-0.0037083635106682777,0.09021864086389542,0.28440219163894653,-0.11514053493738174,0.21572577953338623,-0.07744419574737549,-0.04230713099241257,0.28457969427108765
wqp,wqp:21FLCBA_WQX-WAL-DRAPER-1,test,2023-08,2023-09,0.18149501085281372,0.19162024557590485,0.05255350098013878,0.6228222250938416,0.8157562017440796,0.14118340611457825,0.41554975509643555,0.3327595889568329,0.19541813433170319,0.13863304257392883,0.12412755936384201,0.06034207344055176,0.33998510241508484,0.3637031316757202,0.05005355179309845,0.2439560890197754,0.3549240827560425,0.06650588661432266,-0.010200873017311096,0.010134872049093246,0.08904561400413513,-0.21651649475097656,0.19933956861495972,0.20806454122066498,0.08549213409423828,-0.03554834797978401,0.2817460298538208
wqp,wqp:21FLCBA_WQX-WAL-DRAPER-1,test,2023-09,2023-10,0.19169588387012482,0.18800464272499084,0.05574410408735275,0.7561917901039124,0.6639238595962524,0.14449335634708405,0.41554975509643555,0.38954344391822815,0.21451961994171143,0.12412755936384201,0.13863304257392883,0.06517373025417328,0.4650171101093292,0.33998510241508484,0.0543903186917305,0.2439560890197754,0.2439560890197754,0.07365908473730087,0.010200873017311096,-0.0002167755737900734,0.09321244806051254,0.1333695650100708,-0.1584303081035614,0.2142837792634964,0.0,-0.025721348822116852,0.2899562418460846
wqp,wqp:21FLCBA_WQX-WAL-DRAPER-1,test,2023-10,2023-11,0.19169588387012482,0.19467954337596893,0.05596337467432022,0.8839683532714844,0.7612003087997437,0.14183974266052246,0.16579219698905945,0.38213667273521423,0.21742241084575653,0.12412755936384201,0.12412755936384201,0.06379790604114532,0.35703733563423157,0.4650171101093292,0.05410232022404671,0.3368956744670868,0.2439560890197754,0.07414154708385468,0.0,0.009309005923569202,0.0928289070725441,0.12777656316757202,0.08924664556980133,0.20303957164287567,-0.2497575581073761,-0.05421626567840576,0.29596376419067383
wqp,wqp:21FLCBA_WQX-WAL-DRAPER-1,test,2023-11,2023-12,0.19169588387012482,0.19822387397289276,0.05643434077501297,0.9175816774368286,0.8751804232597351,0.14139916002750397,0.17372488975524902,0.15576177835464478,0.21059967577457428,0.12412755936384201,0.12412755936384201,0.06372086703777313,0.3675343096256256,0.35703733563423157,0.0540078803896904,0.38340356945991516,0.3368956744670868,0.07325764745473862,0.0,0.0005471182521432638,0.0924178957939148,0.03361332416534424,0.05931669473648071,0.1993928849697113,0.007932692766189575,-0.15561306476593018,0.30120378732681274
wqp,wqp:21FLCBA_WQX-WAL-DRAPER-1,test,2023-12,2024-01,0.19169588387012482,0.20001572370529175,0.05456690117716789,0.9111284017562866,0.9141442179679871,0.13838261365890503,0.20010533928871155,0.1570250540971756,0.19949853420257568,0.12412755936384201,0.12412755936384201,0.061531614512205124,0.3674289286136627,0.3675343096256256,0.05224580690264702,0.24795906245708466,0.38340356945991516,0.0699140727519989,0.0,0.006063551642000675,0.08990998566150665,-0.006453275680541992,0.0009609237313270569,0.19742704927921295,0.026380449533462524,0.0229400172829628,0.29764166474342346
wqp,wqp:21FLCBA_WQX-WAL-DRAPER-1,test,2024-01,2024-02,0.19169588387012482,0.19777806103229523,0.05274982005357742,0.9209321737289429,0.9113571047782898,0.13650983572006226,0.2842746675014496,0.19590795040130615,0.19786003232002258,0.12412755936384201,0.12412755936384201,0.060190945863723755,0.3654358386993408,0.3674289286136627,0.050777141004800797,0.3782568871974945,0.24795906245708466,0.06795190274715424,0.0,0.006808165460824966,0.08880095928907394,0.00980377197265625,-0.022590743377804756,0.19919155538082123,0.08416932821273804,0.03853248804807663,0.29376810789108276
wqp,wqp:21FLCBA_WQX-WAL-DRAPER-1,test,2024-02,2024-03,0.1588737964630127,0.1975681334733963,0.05102963745594025,0.8820990920066833,0.9201817512512207,0.13411633670330048,0.4179943799972534,0.2906872034072876,0.20256924629211426,0.1901273876428604,0.12412755936384201,0.05887121707201004,0.47889643907546997,0.3654358386993408,0.04900391772389412,0.252415269613266,0.3782568871974945,0.06687162071466446,-0.03282208740711212,0.005474747158586979,0.08756302297115326,-0.03883308172225952,-0.00759672187268734,0.19867807626724243,0.13371971249580383,0.08327578753232956,0.29070860147476196
wqp,wqp:21FLCBA_WQX-WAL-DRAPER-1,test,2024-03,2024-04,0.17809757590293884,0.16872873902320862,0.05215108022093773,0.6112707257270813,0.8891788125038147,0.13478201627731323,0.41554975509643555,0.4239378869533539,0.21056462824344635,0.14016515016555786,0.1901273876428604,0.05994138866662979,0.3138284683227539,0.47889643907546997,0.04928355664014816,0.2439560890197754,0.252415269613266,0.06867258250713348,0.019223779439926147,-0.023856833577156067,0.08842489868402481,-0.27082836627960205,-0.039996594190597534,0.1997806280851364,-0.002444624900817871,0.0829763412475586,0.292561799287796
wqp,wqp:21FLCBA_WQX-WAL-DRAPER-1,test,2024-04,2024-05,0.17178669571876526,0.18666920065879822,0.057101789861917496,0.6315374970436096,0.6407169699668884,0.14132548868656158,0.8050271272659302,0.42798951268196106,0.21576032042503357,0.1721150428056717,0.14016515016555786,0.06518625468015671,0.33212220668792725,0.3138284683227539,0.05329543724656105,0.4162294566631317,0.2439560890197754,0.07316692918539047,-0.006310880184173584,0.02964855171740055,0.09241200983524323,0.02026677131652832,-0.21330556273460388,0.2084776759147644,0.38947737216949463,-0.037719424813985825,0.2993575930595398
wqp,wqp:21FLCBA_WQX-WAL-DRAPER-1,test,2024-05,2024-06,0.19169588387012482,0.18223319947719574,0.056608594954013824,0.5969366431236267,0.635718047618866,0.13994184136390686,0.14168010652065277,0.7756757736206055,0.19827809929847717,0.12412755936384201,0.1721150428056717,0.062897689640522,0.3170623481273651,0.33212220668792725,0.05208370462059975,0.28165560960769653,0.4162294566631317,0.06951086968183517,0.019909188151359558,0.004185840487480164,0.08941847085952759,-0.03460085391998291,0.0338020846247673,0.20317886769771576,-0.6633470058441162,0.18656456470489502,0.2927398681640625
wqp,wqp:21FLCBA_WQX-WAL-DRAPER-1,test,2024-06,2024-07,0.16561423242092133,0.20039990544319153,0.05719234049320221,0.5445753931999207,0.5895624756813049,0.14570629596710205,0.45178818702697754,0.19571463763713837,0.19076062738895416,0.16693143546581268,0.12412755936384201,0.06439864635467529,0.32171887159347534,0.3170623481273651,0.05195276439189911,0.4464436173439026,0.28165560960769653,0.06809958070516586,-0.02608165144920349,0.021643534302711487,0.09054341167211533,-0.052361249923706055,-0.0691625326871872,0.21147270500659943,0.3101080656051636,-0.4208431839942932,0.2926689386367798
wqp,wqp:21FLCBA_WQX-WAL-DRAPER-1,test,2024-07,2024-08,0.17237167060375214,0.1750592738389969,0.05452961474657059,0.6642284989356995,0.5582273602485657,0.14251820743083954,0.41889330744743347,0.4358435571193695,0.18665969371795654,0.16075359284877777,0.16693143546581268,0.06189505383372307,0.34554558992385864,0.32171887159347534,0.05114733427762985,0.2453545778989792,0.4464436173439026,0.06638915091753006,0.0067574381828308105,-0.01386943832039833,0.08868830651044846,0.11965310573577881,-0.01990172266960144,0.21172909438610077,-0.03289487957954407,0.17610855400562286,0.2821880280971527
wqp,wqp:21FLCBA_WQX-WAL-DRAPER-2,test,2022-12,2023-01,0.18599097430706024,0.19988329708576202,0.05571552366018295,0.9230042695999146,0.9086583852767944,0.14011171460151672,0.17372488975524902,0.19020791351795197,0.2019495815038681,0.1305820494890213,0.12412755936384201,0.06301101297140121,0.36720043420791626,0.3561030924320221,0.05358228459954262,0.38340356945991516,0.24445326626300812,0.07152338325977325,-0.005704909563064575,0.007267320994287729,0.09140384197235107,0.0200880765914917,-0.05796408653259277,0.20054712891578674,-0.03634059429168701,-0.005132714752107859,0.29929012060165405
wqp,wqp:21FLCBA_WQX-WAL-DRAPER-2,test,2023-01,2023-02,0.19169588387012482,0.19336067140102386,0.052258241921663284,0.6426172852516174,0.9189822673797607,0.13593031466007233,0.41592878103256226,0.17600663006305695,0.19657263159751892,0.12412755936384201,0.1305820494890213,0.0596880279481411,0.32146182656288147,0.36720043420791626,0.050184063613414764,0.24396899342536926,0.38340356945991516,0.06723541766405106,0.005704909563064575,0.0014769374392926693,0.08807843923568726,-0.2803869843482971,-0.006552631035447121,0.1978127807378769,0.24220389127731323,0.012773551046848297,0.29338449239730835
wqp,wqp:21FLCBA_WQX-WAL-DRAPER-2,test,2023-02,2023-03,0.19169588387012482,0.1994173228740692,0.05346405506134033,0.8971704244613647,0.6821724772453308,0.13746137917041779,0.4175363779067993,0.4036693572998047,0.20790709555149078,0.12412755936384201,0.12412755936384201,0.06213445961475372,0.3508814871311188,0.32146182656288147,0.051946040242910385,0.24416719377040863,0.24396899342536926,0.07029897719621658,0.0,0.01947522535920143,0.09020065516233444,0.2545531392097473,-0.1972564160823822,0.20595674216747284,0.0016075968742370605,0.11705595254898071,0.29374104738235474
wqp,wqp:21FLCBA_WQX-WAL-DRAPER-2,test,2023-03,2023-04,0.19169588387012482,0.19367724657058716,0.05314268171787262,0.6998839378356934,0.8740198612213135,0.1361517459154129,0.41554975509643555,0.42875081300735474,0.21344520151615143,0.12412755936384201,0.12412755936384201,0.06064830720424652,0.3417367935180664,0.3508814871311188,0.050375793129205704,0.2439560890197754,0.24416719377040863,0.06954828649759293,0.0,-0.001576224691234529,0.09022141247987747,-0.1972864866256714,0.17597085237503052,0.19993320107460022,-0.0019866228103637695,0.020520402118563652,0.2952417731285095
wqp,wqp:21FLCBA_WQX-WAL-DRAPER-2,test,2023-04,2023-05,0.19169588387012482,0.20014680922031403,0.05727478861808777,0.7877698540687561,0.7194708585739136,0.14166097342967987,0.41554975509643555,0.42826762795448303,0.2161252200603485,0.12412755936384201,0.12412755936384201,0.0652308538556099,0.3631201684474945,0.3417367935180664,0.05341702699661255,0.2439560890197754,0.2439560890197754,0.07337002456188202,0.0,0.010321804322302341,0.09291858226060867,0.08788591623306274,-0.1638803780078888,0.20819160342216492,0.0,-0.027598785236477852,0.3001536428928375
wqp,wqp:21FLCBA_WQX-WAL-DRAPER-2,test,2023-05,2023-06,0.19169588387012482,0.19866575300693512,0.05794275179505348,0.7151690125465393,0.7747353911399841,0.14295287430286407,0.41554975509643555,0.42523810267448425,0.2026781290769577,0.12412755936384201,0.12412755936384201,0.06437176465988159,0.3471453785896301,0.3631201684474945,0.05300149694085121,0.2439560890197754,0.2439560890197754,0.07092458754777908,0.0,0.005146690644323826,0.09211506694555283,-0.0726008415222168,0.04780968651175499,0.20632290840148926,0.0,-0.0010140729136765003,0.2975034713745117
wqp,wqp:21FLCBA_WQX-WAL-DRAPER-2,test,2023-06,2023-07,0.18149501085281372,0.20026840269565582,0.057476162910461426,0.4820218086242676,0.716852605342865,0.14498205482959747,0.3183564245700836,0.42200082540512085,0.19069431722164154,0.13863304257392883,0.12412755936384201,0.06438902020454407,0.3285706639289856,0.3471453785896301,0.05283903703093529,0.3729075491428375,0.2439560890197754,0.06893374770879745,-0.010200873017311096,0.007258676458150148,0.09110599756240845,-0.23314720392227173,-0.0694270059466362,0.21177904307842255,-0.09719333052635193,-0.017777301371097565,0.2909032106399536
wqp,wqp:21FLCBA_WQX-WAL-DRAPER-2,test,2023-07,2023-08,0.17011289298534393,0.1918286830186844,0.05586162209510803,0.9318533539772034,0.5078102350234985,0.14559027552604675,0.14276115596294403,0.3302266001701355,0.18957284092903137,0.13974913954734802,0.13863304257392883,0.06409795582294464,0.363651305437088,0.3285706639289856,0.05235821381211281,0.2703429162502289,0.3729075491428375,0.06801366060972214,-0.011382117867469788,0.001061929389834404,0.09025982022285461,0.4498315453529358,-0.1783210039138794,0.21665813028812408,-0.1755952686071396,-0.0874318778514862,0.2854025959968567
wqp,wqp:21FLCBA_WQX-WAL-DRAPER-2,test,2023-08,2023-09,0.19169588387012482,0.16960932314395905,0.05304388329386711,0.8377610445022583,0.8899551033973694,0.14204435050487518,0.41554975509643555,0.15972845256328583,0.19737601280212402,0.12412755936384201,0.13974913954734802,0.06057407334446907,0.3508492708206177,0.363651305437088,0.050328757613897324,0.2439560890197754,0.2703429162502289,0.06682992726564407,0.021582990884780884,-0.015445102006196976,0.090311199426651,-0.09409230947494507,0.316950261592865,0.20805083215236664,0.2727885842323303,-0.055207207798957825,0.2839772403240204
wqp,wqp:21FLCBA_WQX-WAL-DRAPER-2,test,2023-09,2023-10,0.19169588387012482,0.1938953548669815,0.055134426802396774,0.9377337694168091,0.8628698587417603,0.14334094524383545,0.41554975509643555,0.379647821187973,0.21319490671157837,0.12412755936384201,0.12412755936384201,0.0640760138630867,0.3667585551738739,0.3508492708206177,0.0538138821721077,0.2439560890197754,0.2439560890197754,0.07290828973054886,0.0,0.024922529235482216,0.09303653240203857,0.09997272491455078,-0.07215835154056549,0.21212142705917358,0.0,0.11616705358028412,0.2887492775917053
wqp,wqp:21FLCBA_WQX-WAL-DRAPER-2,test,2023-10,2023-11,0.19169588387012482,0.1960947960615158,0.056113507598638535,0.7228135466575623,0.9401766657829285,0.14227014780044556,0.14568667113780975,0.3831779360771179,0.21724897623062134,0.12412755936384201,0.12412755936384201,0.06424260884523392,0.34445929527282715,0.3667585551738739,0.05443129688501358,0.30507591366767883,0.2439560890197754,0.07444553822278976,0.0,0.000584419525694102,0.09338746219873428,-0.21492022275924683,0.053849540650844574,0.20411282777786255,-0.2698630690574646,-0.05198579281568527,0.2962641716003418
wqp,wqp:21FLCBA_WQX-WAL-DRAPER-2,test,2023-11,2023-12,0.19169588387012482,0.20209957659244537,0.05809482932090759,0.9177325963973999,0.750251829624176,0.14416033029556274,0.16146621108055115,0.1366664618253708,0.2141757309436798,0.12412755936384201,0.12412755936384201,0.06641275435686111,0.36835598945617676,0.34445929527282715,0.05593305453658104,0.31116750836372375,0.30507591366767883,0.07573042809963226,0.0,0.00910242274403572,0.09413737803697586,0.19491904973983765,-0.19292394816875458,0.2054620385169983,0.015779539942741394,-0.2015647441148758,0.3035140931606293
wqp,wqp:21FLCBA_WQX-WAL-DRAPER-2,test,2023-12,2024-01,0.17401818931102753,0.19753819704055786,0.05518915131688118,0.9389047622680664,0.9013305902481079,0.1390540599822998,0.20173333585262299,0.14356786012649536,0.20130451023578644,0.2969534397125244,0.12412755936384201,0.06184982508420944,0.3658458888530731,0.36835598945617676,0.05291777104139328,0.24684520065784454,0.31116750836372375,0.07054124772548676,-0.01767769455909729,0.003244086168706417,0.09101632982492447,0.021172165870666504,0.12798169255256653,0.19741347432136536,0.04026712477207184,0.03789125382900238,0.29917848110198975
wqp,wqp:21FLCBA_WQX-WAL-DRAPER-2,test,2024-01,2024-02,0.16610406339168549,0.18158254027366638,0.052266351878643036,0.9129182696342468,0.9371196031570435,0.13561411201953888,0.41692906618118286,0.19883623719215393,0.19647730886936188,0.17680610716342926,0.2969534397125244,0.05969470366835594,0.3655683994293213,0.3658458888530731,0.050128526985645294,0.24404841661453247,0.24684520065784454,0.06725707650184631,-0.007914125919342041,-0.00930809136480093,0.08802494406700134,-0.02598649263381958,-0.0007764138281345367,0.19793885946273804,0.21519573032855988,0.0557468980550766,0.2934085726737976
wqp,wqp:21FLCBA_WQX-WAL-DRAPER-2,test,2024-02,2024-03,0.17181970179080963,0.17271491885185242,0.05146680027246475,0.8048883676528931,0.9195845723152161,0.13443511724472046,0.4177716076374054,0.40893447399139404,0.2030641734600067,0.15171858668327332,0.17680610716342926,0.05934906750917435,0.45623302459716797,0.3655683994293213,0.04959782585501671,0.24424225091934204,0.24404841661453247,0.06758127361536026,0.0057156383991241455,2.5357119739055634e-05,0.0879826471209526,-0.10802990198135376,-0.022821325808763504,0.19978350400924683,0.0008425414562225342,0.13482308387756348,0.2907469570636749
wqp,wqp:21FLCBA_WQX-WAL-DRAPER-2,test,2024-03,2024-04,0.1745501160621643,0.1786416620016098,0.05267918482422829,0.6230640411376953,0.8178601264953613,0.1358814835548401,0.41554975509643555,0.43052950501441956,0.21184682846069336,0.1707548350095749,0.15171858668327332,0.06077542528510094,0.313284695148468,0.45623302459716797,0.049870122224092484,0.2439560890197754,0.24424225091934204,0.0693943053483963,0.0027304142713546753,0.010991321876645088,0.08895806223154068,-0.18182432651519775,-0.09671273827552795,0.20164865255355835,-0.0022218525409698486,-0.009433243423700333,0.293472558259964
wqp,wqp:21FLCBA_WQX-WAL-DRAPER-2,test,2024-04,2024-05,0.1682671308517456,0.18318749964237213,0.05688432604074478,0.5801586508750916,0.6446762084960938,0.14088016748428345,0.7985354065895081,0.42852532863616943,0.2153184562921524,0.1551409810781479,0.1707548350095749,0.06474839895963669,0.32099267840385437,0.313284695148468,0.0530066154897213,0.4165242612361908,0.2439560890197754,0.07277314364910126,-0.006282985210418701,0.013248523697257042,0.09217748790979385,-0.04290539026260376,-0.14453047513961792,0.2072467803955078,0.3829856514930725,-0.02784768119454384,0.2993323802947998
wqp,wqp:21FLCBA_WQX-WAL-DRAPER-2,test,2024-05,2024-06,0.16658082604408264,0.17912247776985168,0.05725583806633949,0.5969366431236267,0.5913374423980713,0.14094455540180206,0.14237667620182037,0.7695114612579346,0.19959542155265808,0.16568006575107574,0.1551409810781479,0.06373938918113708,0.3170623481273651,0.32099267840385437,0.05277574807405472,0.27153804898262024,0.4165242612361908,0.07033255696296692,-0.0016863048076629639,0.005841057747602463,0.09013242274522781,0.016777992248535156,-0.012011518701910973,0.20494842529296875,-0.6561587452888489,0.17654556035995483,0.29381614923477173
wqp,wqp:21FLCBA_WQX-WAL-DRAPER-2,test,2024-06,2024-07,0.19169588387012482,0.17655110359191895,0.05729655921459198,0.5621113777160645,0.5861177444458008,0.14570778608322144,0.15960462391376495,0.19639067351818085,0.19087113440036774,0.12412755936384201,0.16568006575107574,0.06439738720655441,0.3230286240577698,0.3170623481273651,0.05198686197400093,0.3018832206726074,0.27153804898262024,0.06812114268541336,0.025115057826042175,0.002126954961568117,0.0906546339392662,-0.034825265407562256,-0.026903744786977768,0.21110296249389648,0.01722794771194458,-0.4130060076713562,0.2931395173072815
wqp,wqp:21FLCBA_WQX-WAL-DRAPER-2,test,2024-07,2024-08,0.1648242026567459,0.19488386809825897,0.05584998056292534,0.5969366431236267,0.5676199793815613,0.1453106552362442,0.4156154692173004,0.1723107099533081,0.19074268639087677,0.16539201140403748,0.12412755936384201,0.06342810392379761,0.3170623481273651,0.3230286240577698,0.05223793908953667,0.25877347588539124,0.3018832206726074,0.06779990345239639,-0.026871681213378906,0.028339792042970657,0.09097098559141159,0.034825265407562256,-0.03106050379574299,0.2153230458498001,0.25601083040237427,0.0350409671664238,0.2859073281288147
wqp,wqp:21FLCBA_WQX-WAL-DRAPER-3,test,2022-12,2023-01,0.19169588387012482,0.18722693622112274,0.05512329563498497,0.8811705708503723,0.9193775057792664,0.13919228315353394,0.16579219698905945,0.18476852774620056,0.2006860375404358,0.12412755936384201,0.14016515016555786,0.062234651297330856,0.35005563497543335,0.3682325482368469,0.05287434905767441,0.3368956744670868,0.24602441489696503,0.07071179151535034,0.013598307967185974,-0.005796022713184357,0.09060625731945038,-0.0362401008605957,-0.026680223643779755,0.1989888846874237,-0.03758306801319122,-0.0035497399512678385,0.2982577085494995
wqp,wqp:21FLCBA_WQX-WAL-DRAPER-3,test,2023-01,2023-02,0.19169588387012482,0.1976037323474884,0.05247305706143379,0.6112707257270813,0.8834052681922913,0.13626864552497864,0.41554975509643555,0.16776540875434875,0.19719745218753815,0.12412755936384201,0.12412755936384201,0.060020726174116135,0.3138284683227539,0.35005563497543335,0.050446171313524246,0.2439560890197754,0.3368956744670868,0.06755188852548599,0.0,0.019362876191735268,0.08828919380903244,-0.269899845123291,-0.048171889036893845,0.19885505735874176,0.2497575581073761,0.006115291267633438,0.2934033274650574
wqp,wqp:21FLCBA_WQX-WAL-DRAPER-3,test,2023-02,2023-03,0.1745501160621643,0.19964173436164856,0.053387995809316635,0.9173541069030762,0.6513065695762634,0.1372653841972351,0.418219655752182,0.4025449752807617,0.20785872638225555,0.1707548350095749,0.12412755936384201,0.062003906816244125,0.3676583468914032,0.3138284683227539,0.05187622457742691,0.24446740746498108,0.2439560890197754,0.07018125057220459,-0.01714576780796051,0.014297498390078545,0.09003302454948425,0.3060833811759949,-0.1861332356929779,0.20568223297595978,0.00266990065574646,0.12119024991989136,0.2934733033180237
wqp,wqp:21FLCBA_WQX-WAL-DRAPER-3,test,2023-03,2023-04,0.16326215863227844,0.17777082324028015,0.05255404859781265,0.7043408155441284,0.8894974589347839,0.13516350090503693,0.41554975509643555,0.42998379468917847,0.21199946105480194,0.20347945392131805,0.1707548350095749,0.059868864715099335,0.34547942876815796,0.3676583468914032,0.049666423350572586,0.2439560890197754,0.24446740746498108,0.06872507184743881,-0.011287957429885864,-0.018071001395583153,0.089377760887146,-0.21301329135894775,0.21527299284934998,0.19820331037044525,-0.00266990065574646,0.027227777987718582,0.2942543923854828
wqp,wqp:21FLCBA_WQX-WAL-DRAPER-3,test,2023-04,2023-05,0.19169588387012482,0.17356254160404205,0.05671041086316109,0.7796605229377747,0.7257814407348633,0.14077359437942505,0.41554975509643555,0.42955121397972107,0.21459470689296722,0.12412755936384201,0.20347945392131805,0.06464993953704834,0.36204811930656433,0.34547942876815796,0.052733901888132095,0.2439560890197754,0.2439560890197754,0.07262934744358063,0.028433725237846375,0.000735539011657238,0.0919995978474617,0.07531970739364624,-0.1751781851053238,0.2071184515953064,0.0,-0.026437152177095413,0.2991969585418701
wqp,wqp:21FLCBA_WQX-WAL-DRAPER-3,test,2023-05,2023-06,0.19169588387012482,0.1965673714876175,0.05768069252371788,0.7169784903526306,0.7671557068824768,0.1426064670085907,0.41554975509643555,0.4252334237098694,0.2021445482969284,0.12412755936384201,0.12412755936384201,0.06408768892288208,0.34945565462112427,0.36204811930656433,0.05272955074906349,0.2439560890197754,0.2439560890197754,0.07061868906021118,0.0,0.030064603313803673,0.09172705560922623,-0.06268203258514404,0.03677753731608391,0.2059989720582962,0.0,-2.232380211353302e-05,0.296821653842926
wqp,wqp:21FLCBA_WQX-WAL-DRAPER-3,test,2023-06,2023-07,0.16382090747356415,0.20014353096485138,0.05716755613684654,0.5593848824501038,0.7176989316940308,0.1445109248161316,0.20084291696548462,0.4220724105834961,0.19012536108493805,0.251965194940567,0.12412755936384201,0.06400605291128159,0.332011878490448,0.34945565462112427,0.05251503735780716,0.3145058751106262,0.2439560890197754,0.06856633722782135,-0.02787497639656067,0.006745666731148958,0.09069404751062393,-0.15759360790252686,-0.062028516083955765,0.21108776330947876,-0.21470683813095093,-0.016466578468680382,0.2902890741825104
wqp,wqp:21FLCBA_WQX-WAL-DRAPER-3,test,2023-07,2023-08,0.17011289298534393,0.17479288578033447,0.05521228909492493,0.9228981733322144,0.5753598213195801,0.14471307396888733,0.14276115596294403,0.22630362212657928,0.18855559825897217,0.13974913954734802,0.251965194940567,0.06330553442239761,0.3641950786113739,0.332011878490448,0.051412127912044525,0.2703429162502289,0.3145058751106262,0.06706735491752625,0.006291985511779785,-0.016977760940790176,0.08958956599235535,0.3635132908821106,-0.13101084530353546,0.21493688225746155,-0.05808176100254059,-0.13230189681053162,0.28528329730033875
wqp,wqp:21FLCBA_WQX-WAL-DRAPER-3,test,2023-08,2023-09,0.19169588387012482,0.1690201312303543,0.05297014117240906,0.8193374872207642,0.8898681402206421,0.14182759821414948,0.41681531071662903,0.1531958132982254,0.19726982712745667,0.12412755936384201,0.13974913954734802,0.06055514141917229,0.3536442518234253,0.3641950786113739,0.05035463348031044,0.24403414130210876,0.2703429162502289,0.06689233332872391,0.021582990884780884,0.002118028700351715,0.0901680588722229,-0.1035606861114502,0.2541772723197937,0.2086307406425476,0.2740541696548462,0.01630144566297531,0.2832615375518799
wqp,wqp:21FLCBA_WQX-WAL-DRAPER-3,test,2023-09,2023-10,0.18599097430706024,0.19410444796085358,0.05502257123589516,0.896579921245575,0.8460931777954102,0.14314664900302887,0.41554975509643555,0.3804820775985718,0.21300815045833588,0.1305820494890213,0.12412755936384201,0.06395278126001358,0.3546749949455261,0.3536442518234253,0.05371783301234245,0.2439560890197754,0.24403414130210876,0.07278195768594742,-0.005704909563064575,0.02500797249376774,0.09282250702381134,0.07724243402481079,-0.07759283483028412,0.2119515836238861,-0.0012655556201934814,0.11433076858520508,0.2884146571159363
wqp,wqp:21FLCBA_WQX-WAL-DRAPER-3,test,2023-10,2023-11,0.19169588387012482,0.19115160405635834,0.05628783255815506,0.8063340187072754,0.9026723504066467,0.14247825741767883,0.14477764070034027,0.3830103874206543,0.21767020225524902,0.12412755936384201,0.1305820494890213,0.06448880583047867,0.3674074113368988,0.3546749949455261,0.05464114248752594,0.3015555143356323,0.2439560890197754,0.07467102259397507,0.005704909563064575,-0.003518066368997097,0.0935075506567955,-0.09024590253829956,0.039978399872779846,0.2046099752187729,-0.2707720994949341,-0.05721122398972511,0.29647910594940186
wqp,wqp:21FLCBA_WQX-WAL-DRAPER-3,test,2023-11,2023-12,0.19169588387012482,0.20019251108169556,0.05736473575234413,0.7493382692337036,0.8197358250617981,0.14304119348526,0.14464929699897766,0.1362210065126419,0.21265259385108948,0.12412755936384201,0.12412755936384201,0.06528332084417343,0.3570444881916046,0.3674074113368988,0.05508561432361603,0.2679339349269867,0.3015555143356323,0.07469455152750015,0.0,0.010698923841118813,0.09341202676296234,-0.05699574947357178,-0.10368159413337708,0.20303721725940704,-0.00012834370136260986,-0.18822908401489258,0.30246177315711975
wqp,wqp:21FLCBA_WQX-WAL-DRAPER-3,test,2023-12,2024-01,0.17584195733070374,0.19979706406593323,0.056376878172159195,0.9185763001441956,0.7610518932342529,0.1409217119216919,0.19956599175930023,0.1271633505821228,0.20394235849380493,0.15904510021209717,0.12412755936384201,0.06369975209236145,0.3652424216270447,0.3570444881916046,0.05427013337612152,0.2484106719493866,0.2679339349269867,0.07224331051111221,-0.01585392653942108,0.009296839125454426,0.09212521463632584,0.16923803091049194,-0.055637482553720474,0.20173394680023193,0.05491669476032257,0.0009821690618991852,0.30073970556259155
wqp,wqp:21FLCBA_WQX-WAL-DRAPER-3,test,2024-01,2024-02,0.16974970698356628,0.18107502162456512,0.05300576612353325,0.799201250076294,0.9036293625831604,0.1365981549024582,0.41554975509643555,0.1936882883310318,0.19864514470100403,0.16255983710289001,0.15904510021209717,0.060104645788669586,0.35735955834388733,0.3652424216270447,0.05101994052529335,0.2439560890197754,0.2484106719493866,0.06808196753263474,-0.006092250347137451,-0.009645028039813042,0.08932971954345703,-0.11937505006790161,0.11502470821142197,0.19817429780960083,0.21598376333713531,0.07029490917921066,0.294869601726532
wqp,wqp:21FLCBA_WQX-WAL-DRAPER-3,test,2024-02,2024-03,0.1668335348367691,0.17682546377182007,0.05248431861400604,0.7669447660446167,0.8180354833602905,0.13597850501537323,0.41554975509643555,0.4063672721385956,0.20551764965057373,0.2575414478778839,0.16255983710289001,0.06069207563996315,0.3628126382827759,0.35735955834388733,0.050748035311698914,0.2439560890197754,0.2439560890197754,0.0689321979880333,-0.00291617214679718,0.004688953049480915,0.08916696161031723,-0.032256484031677246,-0.08687254786491394,0.2025711089372635,0.0,0.121107317507267,0.29252785444259644
wqp,wqp:21FLCBA_WQX-WAL-DRAPER-3,test,2024-03,2024-04,0.17813336849212646,0.17319495975971222,0.05322525277733803,0.6860088109970093,0.7748562693595886,0.13637825846672058,0.41554975509643555,0.42879772186279297,0.21306325495243073,0.14820384979248047,0.2575414478778839,0.061381470412015915,0.34438350796699524,0.3628126382827759,0.05042652413249016,0.2439560890197754,0.2439560890197754,0.06987486034631729,0.01129983365535736,0.002724616788327694,0.08962909132242203,-0.08093595504760742,-0.03390348330140114,0.2022751420736313,0.0,-0.003722187364473939,0.2950250506401062
wqp,wqp:21FLCBA_WQX-WAL-DRAPER-3,test,2024-04,2024-05,0.18149501085281372,0.18456526100635529,0.05685891583561897,0.800574541091919,0.6954972743988037,0.14083541929721832,0.41648295521736145,0.4282049238681793,0.21533596515655518,0.13863304257392883,0.14820384979248047,0.06445637345314026,0.35936784744262695,0.34438350796699524,0.05291811004281044,0.2566620111465454,0.2439560890197754,0.07267232239246368,0.003361642360687256,0.0181141160428524,0.0923810601234436,0.11456573009490967,-0.07343143969774246,0.20630000531673431,0.0009332001209259033,-0.01541703287512064,0.29963669180870056
wqp,wqp:21FLCBA_WQX-WAL-DRAPER-3,test,2024-05,2024-06,0.162464439868927,0.18812038004398346,0.05759982019662857,0.6974776387214661,0.7842779159545898,0.14242443442344666,0.4642828106880188,0.42654070258140564,0.2018895298242569,0.2046632021665573,0.13863304257392883,0.0639210194349289,0.3565753996372223,0.35936784744262695,0.052618708461523056,0.4680021405220032,0.2566620111465454,0.07046627253293991,-0.01903057098388672,0.007490362040698528,0.09165532886981964,-0.10309690237045288,0.06696878373622894,0.20541901886463165,0.04779985547065735,0.003829437540844083,0.2969473600387573
wqp,wqp:21FLCBA_WQX-WAL-DRAPER-3,test,2024-06,2024-07,0.17090757191181183,0.1755644679069519,0.05553477630019188,0.5549365282058716,0.702157199382782,0.1419910490512848,0.15960462391376495,0.4691559672355652,0.1861165314912796,0.17264430224895477,0.2046632021665573,0.062352921813726425,0.32292595505714417,0.3565753996372223,0.05075721815228462,0.3018832206726074,0.4680021405220032,0.0665912851691246,0.008443132042884827,-0.0077423639595508575,0.08817416429519653,-0.14254111051559448,-0.08842732012271881,0.20754073560237885,-0.30467820167541504,0.014806501567363739,0.28754323720932007
wqp,wqp:21FLCBA_WQX-WAL-DRAPER-3,test,2024-07,2024-08,0.1537507325410843,0.17898344993591309,0.0551508367061615,0.5827215909957886,0.5669358968734741,0.14484576880931854,0.401629239320755,0.19088245928287506,0.18869419395923615,0.22280026972293854,0.17264430224895477,0.06318152695894241,0.32208025455474854,0.32292595505714417,0.051311690360307693,0.2839016318321228,0.3018832206726074,0.06694037467241287,-0.01715683937072754,0.014008776284754276,0.089617520570755,0.027785062789916992,-0.12681156396865845,0.2149045467376709,0.24202461540699005,-0.18470773100852966,0.28512221574783325
wqp,wqp:21FLCBA_WQX-WAL-EASTERN-1,test,2023-12,2024-01,0.18599097430706024,0.18149632215499878,0.055021073669195175,0.9111284017562866,0.862822413444519,0.13902226090431213,0.1897447556257248,0.16816170513629913,0.20038560032844543,0.1305820494890213,0.18257738649845123,0.062310609966516495,0.3674289286136627,0.3747924566268921,0.05272335186600685,0.2720578908920288,0.2897559702396393,0.0706188902258873,0.015045121312141418,-0.00028610602021217346,0.0902220830321312,0.0611688494682312,-0.09345147013664246,0.19940276443958282,0.002857297658920288,0.017421428114175797,0.297980934381485
wqp,wqp:21FLCBA_WQX-WAL-EASTERN-1,test,2024-01,2024-02,0.1846422404050827,0.1903315633535385,0.05246692895889282,0.8959102034568787,0.9045754075050354,0.1360667496919632,0.15479934215545654,0.187710240483284,0.19730138778686523,0.12764228880405426,0.1305820494890213,0.059743598103523254,0.371359258890152,0.3674289286136627,0.05042373761534691,0.32965338230133057,0.2720578908920288,0.06749416142702103,-0.001348733901977539,0.018444083631038666,0.08843079954385757,-0.015218198299407959,0.027471225708723068,0.1980588138103485,-0.03494541347026825,0.03379751369357109,0.29339632391929626
wqp,wqp:21FLCBA_WQX-WAL-EASTERN-1,test,2024-02,2024-03,0.47728583216667175,0.1901906579732895,0.05150642246007919,0.7659168839454651,0.8965693712234497,0.13508863747119904,0.3697992265224457,0.17376463115215302,0.20429421961307526,0.8113250732421875,0.12764228880405426,0.0594981387257576,0.3604621887207031,0.371359258890152,0.049377214163541794,0.3223346769809723,0.32965338230133057,0.06742662191390991,0.29264360666275024,0.00405590794980526,0.08831293880939484,-0.12999331951141357,-0.03334257751703262,0.20013149082660675,0.21499988436698914,0.025346364825963974,0.29216450452804565
wqp,wqp:21FLCBA_WQX-WAL-EASTERN-1,test,2024-03,2024-04,0.18149501085281372,0.4577631652355194,0.04848620668053627,0.8248642683029175,0.778087854385376,0.12894956767559052,0.41554975509643555,0.37665072083473206,0.20208315551280975,0.13863304257392883,0.8113250732421875,0.05640660598874092,0.35812458395957947,0.3604621887207031,0.04529257491230965,0.2439560890197754,0.3223346769809723,0.0638565868139267,-0.29579082131385803,0.255773663520813,0.08277009427547455,0.05894738435745239,-0.11914753913879395,0.19445379078388214,0.04575052857398987,0.17546066641807556,0.28527018427848816
wqp,wqp:21FLCBA_WQX-WAL-EASTERN-1,test,2024-04,2024-05,0.1699948012828827,0.2120998054742813,0.054669108241796494,0.735572338104248,0.8266636729240417,0.13705766201019287,0.8050271272659302,0.42738592624664307,0.21051166951656342,0.233433336019516,0.13863304257392883,0.06167402118444443,0.35451921820640564,0.35812458395957947,0.05071268230676651,0.4162294566631317,0.2439560890197754,0.07004746794700623,-0.01150020956993103,-0.2566543519496918,0.08966574817895889,-0.08929193019866943,0.046614404767751694,0.20021621882915497,0.38947737216949463,0.012535877525806427,0.29624655842781067
wqp,wqp:21FLCBA_WQX-WAL-EASTERN-1,test,2024-05,2024-06,0.17214006185531616,0.18367193639278412,0.05474654585123062,0.7358835935592651,0.746455192565918,0.13744617998600006,0.7750853896141052,0.7774193286895752,0.19401517510414124,0.20808999240398407,0.233433336019516,0.06112613528966904,0.35840895771980286,0.35451921820640564,0.0501200407743454,0.4468337297439575,0.4162294566631317,0.06745000183582306,0.0021452605724334717,-2.9363669455051422e-05,0.08694414049386978,0.00031125545501708984,-0.05764220282435417,0.20056778192520142,-0.02994173765182495,0.1846712827682495,0.2889305651187897
wqp,wqp:21FLCBA_WQX-WAL-EASTERN-1,test,2024-06,2024-07,0.19169588387012482,0.18437421321868896,0.052762724459171295,0.8821782469749451,0.7306389808654785,0.13761411607265472,0.42273005843162537,0.7701536417007446,0.17933286726474762,0.12412755936384201,0.20808999240398407,0.0591704398393631,0.35072141885757446,0.35840895771980286,0.04801565408706665,0.49756625294685364,0.4468337297439575,0.06334564834833145,0.019555822014808655,0.006386502645909786,0.08413785696029663,0.14629465341567993,-0.009634901769459248,0.20082607865333557,-0.35235533118247986,-0.0781085342168808,0.28108182549476624
wqp,wqp:21FLCBA_WQX-WAL-EASTERN-2,test,2023-12,2024-01,0.1670815348625183,0.19522149860858917,0.054921429604291916,0.9389047622680664,0.8189564943313599,0.13889934122562408,0.19742652773857117,0.1632634401321411,0.20033176243305206,0.16509637236595154,0.12764228880405426,0.062236640602350235,0.3658458888530731,0.36601051688194275,0.052692316472530365,0.25072532892227173,0.3279626667499542,0.07052586227655411,-0.017560705542564392,0.003747786395251751,0.09001664817333221,0.13738924264907837,-0.11917582899332047,0.19947662949562073,0.014522865414619446,0.019839953631162643,0.2974339425563812
wqp,wqp:21FLCBA_WQX-WAL-EASTERN-2,test,2024-01,2024-02,0.19169588387012482,0.17343509197235107,0.052030980587005615,0.7804627418518066,0.9260488152503967,0.1352328062057495,0.15502218902111053,0.19467350840568542,0.19633984565734863,0.12412755936384201,0.16509637236595154,0.059089984744787216,0.45116186141967773,0.3658458888530731,0.049911219626665115,0.3301171064376831,0.25072532892227173,0.0668635219335556,0.024614349007606506,-0.011775490827858448,0.08787477016448975,-0.15844202041625977,0.08761376142501831,0.19649791717529297,-0.04240433871746063,0.04502423107624054,0.29266127943992615
wqp,wqp:21FLCBA_WQX-WAL-EASTERN-2,test,2024-02,2024-03,0.47728583216667175,0.1969575732946396,0.05127926915884018,0.6502578854560852,0.7971017360687256,0.13488125801086426,0.2842746675014496,0.17386165261268616,0.2038627713918686,0.8113250732421875,0.12412755936384201,0.05942738056182861,0.3205675184726715,0.45116186141967773,0.049090322107076645,0.3782568871974945,0.3301171064376831,0.06728722900152206,0.28558993339538574,0.0297405868768692,0.08763102442026138,-0.13020485639572144,-0.13882018625736237,0.20057959854602814,0.12925247848033905,0.0063219740986824036,0.29118967056274414
wqp,wqp:21FLCBA_WQX-WAL-EASTERN-2,test,2024-03,2024-04,0.1970510482788086,0.4585298001766205,0.04859592020511627,0.8047555088996887,0.6644517183303833,0.12911203503608704,0.41554975509643555,0.2997521460056305,0.20284239947795868,0.3146246075630188,0.8113250732421875,0.056580800563097,0.3674255609512329,0.3205675184726715,0.04535819590091705,0.2439560890197754,0.3782568871974945,0.06387251615524292,-0.28023478388786316,0.2505502998828888,0.08278337866067886,0.15449762344360352,-0.11708532273769379,0.1947009265422821,0.13127508759498596,0.1329789161682129,0.2858240008354187
wqp,wqp:21FLCBA_WQX-WAL-EASTERN-2,test,2024-04,2024-05,0.19169588387012482,0.2253229022026062,0.053413026034832,0.7080917954444885,0.7996089458465576,0.13477562367916107,0.41554975509643555,0.4236053228378296,0.2077753245830536,0.12412755936384201,0.3146246075630188,0.06006618216633797,0.34322914481163025,0.3674255609512329,0.049275029450654984,0.2439560890197754,0.2439560890197754,0.0683058649301529,-0.005355164408683777,-0.24566681683063507,0.08785836398601532,-0.0966637134552002,0.12429505586624146,0.19691264629364014,0.0,0.08084732294082642,0.294059157371521
wqp,wqp:21FLCBA_WQX-WAL-EASTERN-2,test,2024-05,2024-06,0.1671350747346878,0.20223021507263184,0.05639631673693657,0.8985145092010498,0.7138165831565857,0.14074663817882538,0.18361416459083557,0.42495983839035034,0.19953694939613342,0.2498011738061905,0.12412755936384201,0.0630178153514862,0.37605687975883484,0.34322914481163025,0.051506608724594116,0.3675965368747711,0.2439560890197754,0.069306381046772,-0.02456080913543701,0.0033253422006964684,0.08967378735542297,0.19042271375656128,-0.08987883478403091,0.2049507200717926,-0.23193559050559998,-0.021146846935153008,0.2935032844543457
wqp,wqp:21FLCBA_WQX-WAL-EASTERN-2,test,2024-06,2024-07,0.19169588387012482,0.1778232902288437,0.05367822200059891,0.6655788421630859,0.8684464693069458,0.13947468996047974,0.453270822763443,0.21720030903816223,0.1836407631635666,0.12412755936384201,0.2498011738061905,0.05978484824299812,0.3159678280353546,0.37605687975883484,0.04843428358435631,0.4400583803653717,0.3675965368747711,0.06400663405656815,0.02456080913543701,-0.02159678004682064,0.08654429018497467,-0.23293566703796387,0.10949081927537918,0.20207050442695618,0.2696566581726074,-0.09296540915966034,0.2858728766441345
wqp,wqp:21FLCBA_WQX-WAL-EASTERN-3,test,2023-12,2024-01,0.18599097430706024,0.1922658085823059,0.055261410772800446,0.857158899307251,0.8518099784851074,0.13930776715278625,0.21006548404693604,0.18691031634807587,0.20108956098556519,0.1305820494890213,0.13211414217948914,0.06252402812242508,0.37208542227745056,0.3677014112472534,0.05310187488794327,0.24445326626300812,0.24445326626300812,0.07099474221467972,0.003522336483001709,0.001006019301712513,0.09059502929449081,0.020360112190246582,-0.09596402943134308,0.20001021027565002,0.0,0.03252929449081421,0.2979356348514557
wqp,wqp:21FLCBA_WQX-WAL-EASTERN-3,test,2024-01,2024-02,0.19169588387012482,0.1914278119802475,0.052689723670482635,0.9111284017562866,0.856911838054657,0.1363699585199356,0.143372043967247,0.20658211410045624,0.1978357881307602,0.12412755936384201,0.1305820494890213,0.06006526201963425,0.3674289286136627,0.37208542227745056,0.05070080980658531,0.2951217293739319,0.24445326626300812,0.06782378256320953,0.005704909563064575,0.009384121745824814,0.08859062939882278,0.053969502449035645,0.0012162178754806519,0.19877691566944122,-0.06669344007968903,0.02037838101387024,0.29358747601509094
wqp,wqp:21FLCBA_WQX-WAL-EASTERN-3,test,2024-02,2024-03,0.47728583216667175,0.19528481364250183,0.05154503509402275,0.8157020211219788,0.9046568870544434,0.13512732088565826,0.22267132997512817,0.16416305303573608,0.20461851358413696,0.8113250732421875,0.12412755936384201,0.05941655859351158,0.3620576858520508,0.3674289286136627,0.04939764365553856,0.3852848708629608,0.2951217293739319,0.06741081923246384,0.28558993339538574,0.008227811194956303,0.08849276602268219,-0.09542638063430786,0.016678810119628906,0.19978250563144684,0.07929928600788116,0.011635422706604004,0.2924114763736725
wqp,wqp:21FLCBA_WQX-WAL-EASTERN-3,test,2024-03,2024-04,0.16556017100811005,0.4583199620246887,0.048214420676231384,0.8485665321350098,0.8198512196540833,0.1288231909275055,0.41554975509643555,0.24517887830734253,0.20185351371765137,0.28619658946990967,0.8113250732421875,0.05612059682607651,0.46271610260009766,0.3620576858520508,0.04485096409916878,0.2439560890197754,0.3852848708629608,0.063392773270607,-0.3117256760597229,0.24835684895515442,0.08261178433895111,0.032864511013031006,-0.10695755481719971,0.19375841319561005,0.19287842512130737,0.12446587532758713,0.2856605052947998
wqp,wqp:21FLCBA_WQX-WAL-EASTERN-3,test,2024-04,2024-05,0.1781214475631714,0.198928564786911,0.05328381061553955,0.9260736703872681,0.8550432324409485,0.13475017249584198,0.41554975509643555,0.42101818323135376,0.20722413063049316,0.247722327709198,0.28619658946990967,0.06005174666643143,0.3571225702762604,0.46271610260009766,0.0491383858025074,0.2439560890197754,0.2439560890197754,0.06837070733308792,0.01256127655506134,-0.2704232931137085,0.08766207844018936,0.0775071382522583,0.03318803757429123,0.19728100299835205,0.0,0.11076585203409195,0.2935936748981476
wqp,wqp:21FLCBA_WQX-WAL-EASTERN-3,test,2024-05,2024-06,0.17210856080055237,0.1866571605205536,0.054433684796094894,0.8306105136871338,0.9097902774810791,0.1377699226140976,0.7591184973716736,0.4275839030742645,0.1950182467699051,0.23156654834747314,0.247722327709198,0.0605730339884758,0.3565085232257843,0.3571225702762604,0.04934123903512955,0.4739189147949219,0.2439560890197754,0.06676217913627625,-0.0060128867626190186,0.014050676487386227,0.08746204525232315,-0.09546315670013428,0.03068077564239502,0.19976726174354553,0.34356874227523804,0.008114666678011417,0.2905072569847107
wqp,wqp:21FLCBA_WQX-WAL-EASTERN-3,test,2024-06,2024-07,0.1745501160621643,0.1855812519788742,0.05259304866194725,0.6119221448898315,0.8357190489768982,0.13691866397857666,0.14966616034507751,0.7349690794944763,0.17916521430015564,0.1707548350095749,0.23156654834747314,0.05893730744719505,0.3140963912010193,0.3565085232257843,0.04808127135038376,0.271386981010437,0.4739189147949219,0.06340335309505463,0.0024415552616119385,0.002390531823039055,0.0841667503118515,-0.21868836879730225,-0.07101406902074814,0.2012285590171814,-0.6094523668289185,0.16894760727882385,0.27990850806236267
wqp,wqp:21FLCBA_WQX-WAL-ERN NORTH-1,test,2022-12,2023-01,0.17524895071983337,0.18517279624938965,0.0547419935464859,0.7965643405914307,0.8356292247772217,0.1385534554719925,0.14552396535873413,0.38803866505622864,0.19890783727169037,0.24367915093898773,0.15904510021209717,0.06184526905417442,0.3708760142326355,0.4867730736732483,0.05243483930826187,0.26778897643089294,0.2558424472808838,0.07040174305438995,-0.0005930066108703613,0.004667875822633505,0.08949713408946991,-0.030756354331970215,-0.05552405118942261,0.19786778092384338,-0.2712770998477936,-0.038593895733356476,0.29695925116539
wqp,wqp:21FLCBA_WQX-WAL-ERN NORTH-1,test,2023-01,2023-02,0.19169588387012482,0.1821293830871582,0.05241136997938156,0.6384222507476807,0.7991467118263245,0.1363297402858734,0.15353719890117645,0.16293790936470032,0.1968759447336197,0.12412755936384201,0.24367915093898773,0.06013193354010582,0.31742167472839355,0.3708760142326355,0.05009482428431511,0.27962443232536316,0.26778897643089294,0.0673258826136589,0.016446933150291443,0.004790418315678835,0.0878165066242218,-0.15814208984375,-0.04959151893854141,0.1986549198627472,0.008013233542442322,-0.1429716795682907,0.2942165732383728
wqp,wqp:21FLCBA_WQX-WAL-ERN NORTH-1,test,2023-02,2023-03,0.17809757590293884,0.19629719853401184,0.05326562374830246,0.6284594535827637,0.6611785888671875,0.1375584453344345,0.41554975509643555,0.16852737963199615,0.2086969017982483,0.14016515016555786,0.12412755936384201,0.061741650104522705,0.46085524559020996,0.31742167472839355,0.05137605592608452,0.2439560890197754,0.27962443232536316,0.06971916556358337,-0.013598307967185974,0.02491825260221958,0.09028327465057373,-0.009962797164916992,-0.12303087115287781,0.20495328307151794,0.2620125412940979,0.030173566192388535,0.29509010910987854
wqp,wqp:21FLCBA_WQX-WAL-ERN NORTH-1,test,2023-03,2023-04,0.1620517522096634,0.18436075747013092,0.0539231151342392,0.9157395362854004,0.642307698726654,0.13694894313812256,0.41554975509643555,0.41090068221092224,0.21564556658267975,0.2743073105812073,0.14016515016555786,0.0616905651986599,0.3539693355560303,0.46085524559020996,0.05128544196486473,0.2439560890197754,0.2439560890197754,0.07085827738046646,-0.01604582369327545,-0.0050495704635977745,0.09063620865345001,0.2872800827026367,0.004526874981820583,0.20293527841567993,0.0,0.15339484810829163,0.29559779167175293
wqp,wqp:21FLCBA_WQX-WAL-ERN NORTH-1,test,2023-04,2023-05,0.19169588387012482,0.16738250851631165,0.05498117208480835,0.604249119758606,0.8849375247955322,0.13768388330936432,0.41554975509643555,0.42970606684684753,0.21101996302604675,0.12412755936384201,0.2743073105812073,0.061636727303266525,0.32015669345855713,0.3539693355560303,0.0507027693092823,0.2439560890197754,0.2439560890197754,0.06989778578281403,0.029644131660461426,-0.015496503561735153,0.090403251349926,-0.31149041652679443,0.19491392374038696,0.19952617585659027,0.0,0.02475176751613617,0.29734891653060913
wqp,wqp:21FLCBA_WQX-WAL-ERN NORTH-1,test,2023-05,2023-06,0.19169588387012482,0.20047549903392792,0.0591302327811718,0.7754799127578735,0.6308402419090271,0.14500971138477325,0.418672651052475,0.42485231161117554,0.204825296998024,0.12412755936384201,0.12412755936384201,0.06660334765911102,0.36447444558143616,0.32015669345855713,0.05437968671321869,0.24491997063159943,0.2439560890197754,0.07275766879320145,0.0,0.039428457617759705,0.09290880709886551,0.17123079299926758,-0.2513698935508728,0.212154820561409,0.0031228959560394287,-0.03950275108218193,0.2984391450881958
wqp,wqp:21FLCBA_WQX-WAL-ERN NORTH-1,test,2023-06,2023-07,0.15211264789104462,0.19783981144428253,0.056501131504774094,0.6627336144447327,0.7540638446807861,0.14321163296699524,0.1520238220691681,0.42473581433296204,0.1890447586774826,0.20367901027202606,0.12412755936384201,0.06272895634174347,0.32989585399627686,0.36447444558143616,0.051750242710113525,0.27587541937828064,0.24491997063159943,0.06755262613296509,-0.0395832359790802,0.0023570258636027575,0.09011944383382797,-0.11274629831314087,0.11596732586622238,0.2076849341392517,-0.2666488289833069,0.005094519816339016,0.28956469893455505
wqp,wqp:21FLCBA_WQX-WAL-ERN NORTH-1,test,2023-07,2023-08,0.1745501160621643,0.16330192983150482,0.05536495894193649,0.5621113777160645,0.6704420447349548,0.14512509107589722,0.1483989655971527,0.18254774808883667,0.18898262083530426,0.1707548350095749,0.20367901027202606,0.0633840337395668,0.3230286240577698,0.32989585399627686,0.05153067409992218,0.27193936705589294,0.27587541937828064,0.06723468005657196,0.02243746817111969,-0.02871989831328392,0.09011654555797577,-0.10062223672866821,-0.10676915943622589,0.21506959199905396,-0.003624856472015381,-0.1544358730316162,0.2858513295650482
wqp,wqp:21FLCBA_WQX-WAL-ERN NORTH-1,test,2023-08,2023-09,0.24849875271320343,0.17683996260166168,0.05512010306119919,0.34884265065193176,0.5832408666610718,0.14525283873081207,0.7915138602256775,0.15348903834819794,0.20185355842113495,0.25781887769699097,0.1707548350095749,0.06393428146839142,0.3984983265399933,0.3230286240577698,0.05285167321562767,0.374824583530426,0.27193936705589294,0.06989023834466934,0.07394863665103912,0.026838598772883415,0.09204843640327454,-0.2132687270641327,-0.07634779810905457,0.21705733239650726,0.6431149244308472,-0.0032489579170942307,0.28583839535713196
wqp,wqp:21FLCBA_WQX-WAL-ERN NORTH-1,test,2023-09,2023-10,0.1741691678762436,0.24895213544368744,0.05504769831895828,0.8768086433410645,0.40915772318840027,0.14174389839172363,0.41554975509643555,0.7172974348068237,0.21204723417758942,0.18283137679100037,0.25781887769699097,0.06396913528442383,0.3596349358558655,0.3984983265399933,0.054116446524858475,0.2439560890197754,0.374824583530426,0.07293045520782471,-0.07432958483695984,0.07564624398946762,0.09122177958488464,0.5279660224914551,-0.10409914702177048,0.21149161458015442,-0.37596410512924194,0.31377333402633667,0.286024272441864
wqp,wqp:21FLCBA_WQX-WAL-ERN NORTH-1,test,2023-10,2023-11,0.175681471824646,0.17959406971931458,0.055033594369888306,0.9389047622680664,0.8391178250312805,0.1405632048845291,0.15105052292346954,0.40435516834259033,0.2149735987186432,0.20601487159729004,0.18283137679100037,0.062325023114681244,0.3658458888530731,0.3596349358558655,0.052783332765102386,0.321096271276474,0.2439560890197754,0.07228639721870422,0.0015123039484024048,-0.07564783841371536,0.09176672995090485,0.06209611892700195,0.37450337409973145,0.19819040596485138,-0.2644992470741272,-0.2637326717376709,0.2962455749511719
wqp,wqp:21FLCBA_WQX-WAL-ERN NORTH-1,test,2023-11,2023-12,0.21883711218833923,0.182959645986557,0.05587374046444893,0.6687784790992737,0.9331032633781433,0.14075998961925507,0.19956599175930023,0.144760400056839,0.20896826684474945,0.26602888107299805,0.20601487159729004,0.06329052895307541,0.35496973991394043,0.3658458888530731,0.0532449409365654,0.2484106719493866,0.321096271276474,0.07257664203643799,0.04315564036369324,0.0023182362783700228,0.09157313406467438,-0.2701262831687927,0.0019172616302967072,0.1989467442035675,0.04851546883583069,-0.15946495532989502,0.30028849840164185
wqp,wqp:21FLCBA_WQX-WAL-ERN NORTH-1,test,2023-12,2024-01,0.16631421446800232,0.225727841258049,0.05563447251915932,0.8045079708099365,0.7021837830543518,0.13985371589660645,0.1522766649723053,0.17806895077228546,0.20181284844875336,0.16166433691978455,0.26602888107299805,0.06338876485824585,0.3579786717891693,0.35496973991394043,0.053411077708005905,0.2588874399662018,0.2484106719493866,0.07149560749530792,-0.052522897720336914,0.05004963278770447,0.09054449945688248,0.13572949171066284,-0.21466279029846191,0.20214104652404785,-0.047289326786994934,0.01070469617843628,0.29857972264289856
wqp,wqp:21FLCBA_WQX-WAL-ERN NORTH-1,test,2024-01,2024-02,0.17813336849212646,0.17493239045143127,0.05299821123480797,0.7783063054084778,0.7959650754928589,0.136623352766037,0.14348116517066956,0.15439999103546143,0.19883610308170319,0.14820384979248047,0.16166433691978455,0.06020007282495499,0.3660518527030945,0.3579786717891693,0.050917234271764755,0.2689489424228668,0.2588874399662018,0.0680035799741745,0.011819154024124146,-0.04157884791493416,0.08902158588171005,-0.02620166540145874,0.09371311962604523,0.19831044971942902,-0.008795499801635742,0.004812408238649368,0.29508447647094727
wqp,wqp:21FLCBA_WQX-WAL-ERN NORTH-1,test,2024-02,2024-03,0.18149501085281372,0.18184122443199158,0.05240104719996452,0.6330006122589111,0.7838369011878967,0.13625933229923248,0.41554975509643555,0.1601112186908722,0.20672833919525146,0.13863304257392883,0.14820384979248047,0.06047416105866432,0.3154793083667755,0.3660518527030945,0.05032983422279358,0.2439560890197754,0.2689489424228668,0.06853163987398148,0.003361642360687256,0.01689600944519043,0.0894051268696785,-0.14530569314956665,-0.033819105476140976,0.20206664502620697,0.272068589925766,0.03567611053586006,0.29379594326019287
wqp,wqp:21FLCBA_WQX-WAL-ERN NORTH-1,test,2024-03,2024-04,0.1745501160621643,0.18773451447486877,0.05508946254849434,0.7489769458770752,0.6591799259185791,0.13873587548732758,0.41554975509643555,0.41024091839790344,0.21798455715179443,0.1707548350095749,0.13863304257392883,0.06346816569566727,0.46792712807655334,0.3154793083667755,0.05275294929742813,0.2439560890197754,0.2439560890197754,0.07244934141635895,-0.006944894790649414,0.01360328309237957,0.09217628091573715,0.11597633361816406,-0.09700973331928253,0.20691193640232086,0.0,0.14822028577327728,0.2973274290561676
wqp,wqp:21FLCBA_WQX-WAL-ERN NORTH-1,test,2024-04,2024-05,0.2125231772661209,0.1805955469608307,0.05594393610954285,0.5256871581077576,0.7387338280677795,0.13932982087135315,0.41554975509643555,0.4275934100151062,0.21360626816749573,0.25930458307266235,0.1707548350095749,0.06289935111999512,0.327009379863739,0.46792712807655334,0.05175634101033211,0.2439560890197754,0.2439560890197754,0.07136068493127823,0.037973061203956604,-0.0029863128438591957,0.09139194339513779,-0.22328978776931763,0.07210616767406464,0.20243486762046814,0.0,-0.0001218114048242569,0.29859063029289246
wqp,wqp:21FLCBA_WQX-WAL-ERN NORTH-2,test,2022-12,2023-01,0.1619202345609665,0.18581300973892212,0.054198309779167175,0.8367987871170044,0.8604007363319397,0.13771027326583862,0.1783270537853241,0.3902204632759094,0.19779391586780548,0.20139454305171967,0.14820384979248047,0.061103302985429764,0.3677014112472534,0.4816868305206299,0.05183599144220352,0.37567469477653503,0.24618308246135712,0.06967328488826752,-0.016213133931159973,0.014402767643332481,0.08884888142347336,-0.02132624387741089,-0.019291305914521217,0.19647689163684845,-0.24074897170066833,-0.031189989298582077,0.2957988977432251
wqp,wqp:21FLCBA_WQX-WAL-ERN NORTH-2,test,2023-01,2023-02,0.19169588387012482,0.17109723389148712,0.05163498595356941,0.6921619772911072,0.8369268178939819,0.13517288863658905,0.15412820875644684,0.19366607069969177,0.19477935135364532,0.12412755936384201,0.20139454305171967,0.05921168997883797,0.3393822908401489,0.3677014112472534,0.049291692674160004,0.28127607703208923,0.37567469477653503,0.06634388118982315,0.029775649309158325,-0.008749149739742279,0.08672783523797989,-0.14463680982589722,-0.04307679086923599,0.19675777852535248,-0.02419884502887726,-0.12214589864015579,0.29252856969833374
wqp,wqp:21FLCBA_WQX-WAL-ERN NORTH-2,test,2023-02,2023-03,0.17813336849212646,0.19542820751667023,0.0524144172668457,0.5174856781959534,0.7109358310699463,0.13639095425605774,0.41554975509643555,0.17140880227088928,0.20662899315357208,0.14820384979248047,0.12412755936384201,0.06074213609099388,0.42554372549057007,0.3393822908401489,0.050388153642416,0.2439560890197754,0.28127607703208923,0.06862761825323105,-0.013562515377998352,0.03515150398015976,0.0891527384519577,-0.1746762990951538,-0.11957705020904541,0.20313094556331635,0.2614215612411499,0.014765173196792603,0.29335105419158936
wqp,wqp:21FLCBA_WQX-WAL-ERN NORTH-2,test,2023-03,2023-04,0.1620517522096634,0.18642601370811462,0.05431418493390083,0.8473550081253052,0.5507027506828308,0.1375812292098999,0.41554975509643555,0.41063830256462097,0.21645179390907288,0.2743073105812073,0.14820384979248047,0.06250600516796112,0.35568496584892273,0.42554372549057007,0.05178026109933853,0.2439560890197754,0.2439560890197754,0.07148154824972153,-0.016081616282463074,-0.001020016148686409,0.09079958498477936,0.3298693299293518,-0.11253494769334793,0.20513533055782318,0.0,0.1352102905511856,0.2957412600517273
wqp,wqp:21FLCBA_WQX-WAL-ERN NORTH-2,test,2023-04,2023-05,0.18599097430706024,0.16677556931972504,0.05483025312423706,0.5937758684158325,0.8153327107429504,0.13731257617473602,0.41554975509643555,0.42894139885902405,0.21096226572990417,0.1305820494890213,0.2743073105812073,0.0613427460193634,0.3177180886268616,0.35568496584892273,0.05052783340215683,0.2439560890197754,0.2439560890197754,0.06962785869836807,0.02393922209739685,-0.01614624261856079,0.09011020511388779,-0.25357913970947266,0.23262867331504822,0.1988113969564438,0.0,0.024890022352337837,0.296934574842453
wqp,wqp:21FLCBA_WQX-WAL-ERN NORTH-2,test,2023-05,2023-06,0.1911708414554596,0.19455501437187195,0.058727119117975235,0.7983492016792297,0.6156356334686279,0.14430096745491028,0.4190914034843445,0.4246404469013214,0.20414307713508606,0.33605411648750305,0.1305820494890213,0.06599322706460953,0.36305734515190125,0.3177180886268616,0.05392853915691376,0.24635933339595795,0.2439560890197754,0.07219346612691879,0.005179867148399353,0.03323550522327423,0.0923881083726883,0.20457333326339722,-0.20610132813453674,0.21084275841712952,0.0035416483879089355,-0.035387951880693436,0.2976875901222229
wqp,wqp:21FLCBA_WQX-WAL-ERN NORTH-2,test,2023-06,2023-07,0.16744865477085114,0.19698767364025116,0.05479897931218147,0.6298613548278809,0.7740129828453064,0.1404583752155304,0.14481869339942932,0.4275447428226471,0.18541568517684937,0.18638955056667328,0.33605411648750305,0.06090960651636124,0.31608426570892334,0.36305734515190125,0.04981717839837074,0.26787179708480835,0.24635933339595795,0.0654575303196907,-0.02372218668460846,0.005004245787858963,0.08767984807491302,-0.16848784685134888,0.1405879557132721,0.2040724903345108,-0.27427271008491516,0.017413251101970673,0.28680282831192017
wqp,wqp:21FLCBA_WQX-WAL-ERN NORTH-2,test,2023-07,2023-08,0.15337523818016052,0.17770320177078247,0.05520635098218918,0.5621113777160645,0.642745852470398,0.14494098722934723,0.15157970786094666,0.17581719160079956,0.18877220153808594,0.2320365458726883,0.18638955056667328,0.06330728530883789,0.3230286240577698,0.31608426570892334,0.05141043663024902,0.2764036953449249,0.26787179708480835,0.06712909042835236,-0.014073416590690613,-0.014485280960798264,0.08981078863143921,-0.0677499771118164,-0.14957791566848755,0.2153693288564682,0.006761014461517334,-0.1629192978143692,0.28524157404899597
wqp,wqp:21FLCBA_WQX-WAL-ERN NORTH-2,test,2023-08,2023-09,0.4696117043495178,0.15872621536254883,0.05451427400112152,0.35511037707328796,0.5816900134086609,0.14414142072200775,0.8834669589996338,0.15693418681621552,0.20044857263565063,0.31877803802490234,0.2320365458726883,0.06317806243896484,0.3971374034881592,0.3230286240577698,0.05213996395468712,0.2107890397310257,0.2764036953449249,0.06908001005649567,0.3162364661693573,-0.005696924403309822,0.09112654626369476,-0.2070010006427765,-0.04783092439174652,0.21532520651817322,0.7318872213363647,0.006325161084532738,0.28491950035095215
wqp,wqp:21FLCBA_WQX-WAL-ERN NORTH-2,test,2023-09,2023-10,0.1745501160621643,0.4442625641822815,0.054017819464206696,0.8090811967849731,0.4116893708705902,0.14020778238773346,0.41554975509643555,0.7989717721939087,0.2104812115430832,0.1707548350095749,0.31877803802490234,0.06276465207338333,0.3614312410354614,0.3971374034881592,0.05320173129439354,0.2439560890197754,0.2107890397310257,0.07181689143180847,-0.2950615882873535,0.28140556812286377,0.08999606966972351,0.4539708197116852,-0.10877631604671478,0.21060582995414734,-0.46791720390319824,0.3798973262310028,0.2828122675418854
wqp,wqp:21FLCBA_WQX-WAL-ERN NORTH-2,test,2023-10,2023-11,0.1745501160621643,0.19808745384216309,0.055171288549900055,0.9479081630706787,0.7849271893501282,0.14070990681648254,0.16007676720619202,0.4102621078491211,0.21524158120155334,0.1707548350095749,0.1707548350095749,0.0627199113368988,0.3704477548599243,0.3614312410354614,0.05296606197953224,0.339592307806015,0.2439560890197754,0.07260559499263763,0.0,-0.26824408769607544,0.09160739183425903,0.13882696628570557,0.329531729221344,0.19857603311538696,-0.25547298789024353,-0.34468916058540344,0.2970779538154602
wqp,wqp:21FLCBA_WQX-WAL-ERN NORTH-2,test,2023-11,2023-12,0.15965117514133453,0.1815893054008484,0.05565061792731285,0.7354302406311035,0.9352787733078003,0.14033299684524536,0.1705123335123062,0.15265995264053345,0.20855453610420227,0.18311834335327148,0.1707548350095749,0.06283644586801529,0.3709663450717926,0.3704477548599243,0.05299672111868858,0.3678164482116699,0.339592307806015,0.07220713049173355,-0.014898940920829773,-8.08127224445343e-05,0.09136087447404861,-0.2124779224395752,0.061423249542713165,0.19780614972114563,0.010435566306114197,-0.1490308791399002,0.2998853325843811
wqp,wqp:21FLCBA_WQX-WAL-ERN NORTH-2,test,2023-12,2024-01,0.1637684851884842,0.17251957952976227,0.05523991212248802,0.6293787956237793,0.760896623134613,0.13940578699111938,0.14737948775291443,0.15392352640628815,0.2007262259721756,0.16270631551742554,0.18311834335327148,0.06279147416353226,0.3428308963775635,0.3709663450717926,0.05291089415550232,0.3048732280731201,0.3678164482116699,0.07088730484247208,0.004117310047149658,-0.0005212211981415749,0.09015098959207535,-0.10605144500732422,-0.17479261755943298,0.20049715042114258,-0.023132845759391785,-0.0006568925455212593,0.2983134984970093
wqp,wqp:21FLCBA_WQX-WAL-ERN NORTH-2,test,2024-01,2024-02,0.19169588387012482,0.17127206921577454,0.05368833243846893,0.8888721466064453,0.6469699144363403,0.1377737671136856,0.16332890093326569,0.14771121740341187,0.2002275288105011,0.12412755936384201,0.16270631551742554,0.06144082546234131,0.37252169847488403,0.3428308963775635,0.05170399695634842,0.32159423828125,0.3048732280731201,0.06897763907909393,0.027927398681640625,0.014996219426393509,0.08944286406040192,0.259493350982666,-0.08269111067056656,0.2015547752380371,0.015949413180351257,-0.00021930411458015442,0.29560187458992004
wqp,wqp:21FLCBA_WQX-WAL-ERN NORTH-2,test,2024-02,2024-03,0.17809757590293884,0.19102896749973297,0.05138592794537544,0.8959102034568787,0.8639369010925293,0.13447245955467224,0.41554975509643555,0.17755834758281708,0.20454566180706024,0.14016515016555786,0.12412755936384201,0.05871456116437912,0.371359258890152,0.37252169847488403,0.049182403832674026,0.2439560890197754,0.32159423828125,0.06696190685033798,-0.013598307967185974,0.02418522536754608,0.08842257410287857,0.00703805685043335,0.17779479920864105,0.1976042091846466,0.25222086906433105,0.07757110893726349,0.29232680797576904
wqp,wqp:21FLCBA_WQX-WAL-ERN NORTH-2,test,2024-03,2024-04,0.1741691678762436,0.18452221155166626,0.053252048790454865,0.708175003528595,0.898423969745636,0.13617730140686035,0.41554975509643555,0.4133352041244507,0.2134244292974472,0.18283137679100037,0.14016515016555786,0.06106492504477501,0.3724178671836853,0.371359258890152,0.05064470320940018,0.2439560890197754,0.2439560890197754,0.07005736976861954,-0.0039284080266952515,-0.007176841609179974,0.09019330143928528,-0.1877351999282837,-0.0017522433772683144,0.2020014077425003,0.0,0.16042301058769226,0.29434943199157715
wqp,wqp:21FLCBA_WQX-WAL-ERN NORTH-2,test,2024-04,2024-05,0.19436964392662048,0.1837889701128006,0.056533295661211014,0.5290561318397522,0.7271327376365662,0.14048060774803162,0.41554975509643555,0.4284982979297638,0.21437150239944458,0.26848211884498596,0.18283137679100037,0.06436282396316528,0.3173348307609558,0.3724178671836853,0.052572425454854965,0.2439560890197754,0.2439560890197754,0.07241760194301605,0.020200476050376892,0.006406757049262524,0.0918203741312027,-0.17911887168884277,-0.15607261657714844,0.20649035274982452,0.0,-0.02597259171307087,0.29881975054740906
wqp,wqp:21FLCBA_WQX-WAL-ERN NORTH-3,test,2022-12,2023-01,0.18599097430706024,0.18788982927799225,0.056027788668870926,0.6497160196304321,0.5904337763786316,0.14029578864574432,0.14423897862434387,0.38761723041534424,0.20196911692619324,0.1305820494890213,0.14016515016555786,0.06357817351818085,0.3657417893409729,0.4745907783508301,0.05389583855867386,0.26816338300704956,0.2481081336736679,0.07210459560155869,0.007893398404121399,0.022471047937870026,0.0905911773443222,0.09157329797744751,-0.1722346842288971,0.20153863728046417,-0.27477240562438965,-0.0644938200712204,0.29860058426856995
wqp,wqp:21FLCBA_WQX-WAL-ERN NORTH-3,test,2023-01,2023-02,0.17011289298534393,0.18976463377475739,0.053553126752376556,0.6186177730560303,0.6449783444404602,0.13780051469802856,0.14552396535873413,0.15873287618160248,0.2001010626554489,0.13974913954734802,0.1305820494890213,0.061040107160806656,0.31312698125839233,0.3657417893409729,0.05139322951436043,0.26778897643089294,0.26816338300704956,0.06860969215631485,-0.01587808132171631,0.0110818762332201,0.0893934965133667,-0.031098246574401855,0.05277349427342415,0.19979606568813324,0.0012849867343902588,-0.14738373458385468,0.29641133546829224
wqp,wqp:21FLCBA_WQX-WAL-ERN NORTH-3,test,2023-02,2023-03,0.18149501085281372,0.17538245022296906,0.0537666380405426,0.598118245601654,0.6304042339324951,0.13806289434432983,0.41554975509643555,0.16070419549942017,0.2100488245487213,0.13863304257392883,0.13974913954734802,0.062033023685216904,0.47903531789779663,0.31312698125839233,0.051837436854839325,0.2439560890197754,0.26778897643089294,0.0701746866106987,0.011382117867469788,-0.0054494887590408325,0.09104684740304947,-0.02049952745437622,-0.024360449984669685,0.2047530859708786,0.2700257897377014,0.03351534530520439,0.29659131169319153
wqp,wqp:21FLCBA_WQX-WAL-ERN NORTH-3,test,2023-03,2023-04,0.1745501160621643,0.18540993332862854,0.05449458584189415,0.6740628480911255,0.6125062704086304,0.13779550790786743,0.41554975509643555,0.40998369455337524,0.2169913500547409,0.1707548350095749,0.13863304257392883,0.06233188882470131,0.33620163798332214,0.47903531789779663,0.051860034465789795,0.2439560890197754,0.2439560890197754,0.07159200310707092,-0.006944894790649414,0.01733584515750408,0.0913749486207962,0.07594460248947144,-0.004462305456399918,0.20411492884159088,0.0,0.1573328971862793,0.29677537083625793
wqp,wqp:21FLCBA_WQX-WAL-ERN NORTH-3,test,2023-04,2023-05,0.19169588387012482,0.18028393387794495,0.057594913989305496,0.5714682936668396,0.6690992116928101,0.14156317710876465,0.41554975509643555,0.4271807372570038,0.21712765097618103,0.12412755936384201,0.1707548350095749,0.06493335962295532,0.32319334149360657,0.33620163798332214,0.0535932332277298,0.2439560890197754,0.2439560890197754,0.07335241138935089,0.01714576780796051,-0.0005419142544269562,0.09345316886901855,-0.10259455442428589,0.047021858394145966,0.20620204508304596,0.0,-0.008021282963454723,0.3016912639141083
wqp,wqp:21FLCBA_WQX-WAL-ERN NORTH-3,test,2023-05,2023-06,0.19169588387012482,0.19851718842983246,0.05993825942277908,0.6985771656036377,0.5804725289344788,0.14578649401664734,0.41849586367607117,0.4237600862979889,0.2067803293466568,0.12412755936384201,0.12412755936384201,0.06698542833328247,0.3605945110321045,0.32319334149360657,0.05512775108218193,0.25065892934799194,0.2439560890197754,0.07343419641256332,0.0,0.025533519685268402,0.09411046653985977,0.1271088719367981,-0.08755125105381012,0.2116638422012329,0.00294610857963562,-0.026703407987952232,0.3006298840045929
wqp,wqp:21FLCBA_WQX-WAL-ERN NORTH-3,test,2023-06,2023-07,0.17458921670913696,0.19776779413223267,0.057684458792209625,0.6112707257270813,0.6825201511383057,0.14493964612483978,0.14161524176597595,0.4239131808280945,0.19134782254695892,0.1947457492351532,0.12412755936384201,0.064126156270504,0.3138284683227539,0.3605945110321045,0.05296359956264496,0.27902495861053467,0.25065892934799194,0.06894642114639282,-0.017106667160987854,0.004069886635988951,0.09149795025587082,-0.0873064398765564,0.08520770817995071,0.2102675586938858,-0.2768806219100952,-0.002546981442719698,0.29180672764778137
wqp,wqp:21FLCBA_WQX-WAL-ERN NORTH-3,test,2023-07,2023-08,0.16602641344070435,0.1829921305179596,0.05630667880177498,0.5445753931999207,0.6170681118965149,0.1465323269367218,0.1585797816514969,0.17222101986408234,0.19102296233177185,0.18888264894485474,0.1947457492351532,0.06441783905029297,0.32171887159347534,0.3138284683227539,0.052519090473651886,0.2864166498184204,0.27902495861053467,0.06829400360584259,-0.008562803268432617,-0.00909965019673109,0.09136807173490524,-0.06669533252716064,-0.08643519878387451,0.21686604619026184,0.016964539885520935,-0.15983691811561584,0.2877714931964874
wqp,wqp:21FLCBA_WQX-WAL-ERN NORTH-3,test,2023-08,2023-09,0.3872652053833008,0.17039340734481812,0.05573994666337967,0.35511037707328796,0.5640183091163635,0.14604780077934265,0.8600583076477051,0.16204242408275604,0.20306378602981567,0.36219024658203125,0.18888264894485474,0.06458035111427307,0.3971374034881592,0.32171887159347534,0.05349447578191757,0.19296392798423767,0.2864166498184204,0.0705980509519577,0.22123879194259644,-0.00019674934446811676,0.09285792708396912,-0.1894650161266327,-0.046339001506567,0.21783553063869476,0.7014785408973694,0.00860651396214962,0.2873079478740692
wqp,wqp:21FLCBA_WQX-WAL-ERN NORTH-3,test,2023-09,2023-10,0.1741691678762436,0.37102437019348145,0.05512924864888191,0.7889321446418762,0.412259966135025,0.14174294471740723,0.41554975509643555,0.778547465801239,0.21265649795532227,0.18283137679100037,0.36219024658203125,0.06404577195644379,0.3633200228214264,0.3971374034881592,0.05429520457983017,0.2439560890197754,0.19296392798423767,0.07314187288284302,-0.2130960375070572,0.20022501051425934,0.09142908453941345,0.43382176756858826,-0.09014010429382324,0.21232739090919495,-0.44450855255126953,0.3552693724632263,0.2855788469314575
wqp,wqp:21FLCBA_WQX-WAL-ERN NORTH-3,test,2023-10,2023-11,0.17813336849212646,0.19126750528812408,0.055880215018987656,0.928550124168396,0.7650250196456909,0.14182761311531067,0.2011052966117859,0.40849027037620544,0.21680548787117004,0.14820384979248047,0.18283137679100037,0.06354857236146927,0.36349356174468994,0.3633200228214264,0.053708966821432114,0.37859079241752625,0.2439560890197754,0.07350314408540726,0.0039642006158828735,-0.1951911449432373,0.09257358312606812,0.13961797952651978,0.3111008405685425,0.2002342790365219,-0.21444445848464966,-0.32703879475593567,0.2983124256134033
wqp,wqp:21FLCBA_WQX-WAL-ERN NORTH-3,test,2023-11,2023-12,0.1644526571035385,0.1847795695066452,0.056194666773080826,0.5581325888633728,0.916462242603302,0.14106257259845734,0.15010561048984528,0.18925362825393677,0.2095445841550827,0.21926553547382355,0.14820384979248047,0.06343201547861099,0.36276528239250183,0.36349356174468994,0.05364839732646942,0.27209874987602234,0.37859079241752625,0.07292404025793076,-0.013680711388587952,0.004103679209947586,0.09205164760351181,-0.3704175353050232,0.06538200378417969,0.19871346652507782,-0.05099968612194061,-0.12878762185573578,0.3008674383163452
wqp,wqp:21FLCBA_WQX-WAL-ERN NORTH-3,test,2023-12,2024-01,0.16905641555786133,0.17822691798210144,0.056984830647706985,0.5255414843559265,0.6034558415412903,0.14203335344791412,0.16236229240894318,0.1360653042793274,0.20466218888759613,0.14873643219470978,0.21926553547382355,0.06513958424329758,0.33276796340942383,0.36276528239250183,0.054778337478637695,0.345064640045166,0.27209874987602234,0.07316810637712479,0.004603758454322815,0.004214135929942131,0.09206724911928177,-0.03259110450744629,-0.28756728768348694,0.20526959002017975,0.0122566819190979,-0.06133059412240982,0.3014233410358429
wqp,wqp:21FLCBA_WQX-WAL-ERN NORTH-3,test,2024-01,2024-02,0.19169588387012482,0.17534545063972473,0.05443510040640831,0.7624353766441345,0.5399008989334106,0.13863374292850494,0.1589861661195755,0.1590527445077896,0.20208898186683655,0.12412755936384201,0.14873643219470978,0.06208719313144684,0.3973797559738159,0.33276796340942383,0.0525478720664978,0.2990584671497345,0.345064640045166,0.06979867815971375,0.02263946831226349,0.015466831624507904,0.09037312120199203,0.236893892288208,-0.017266705632209778,0.20222745835781097,-0.0033761262893676758,0.021889233961701393,0.29724472761154175
wqp,wqp:21FLCBA_WQX-WAL-ERN NORTH-3,test,2024-02,2024-03,0.17809757590293884,0.19100730121135712,0.0522899255156517,0.8770972490310669,0.7432031035423279,0.13577397167682648,0.41554975509643555,0.17326778173446655,0.20691467821598053,0.14016515016555786,0.12412755936384201,0.059738654643297195,0.3735527992248535,0.3973797559738159,0.05011856183409691,0.2439560890197754,0.2990584671497345,0.0680941715836525,-0.013598307967185974,0.020842865109443665,0.08948124200105667,0.11466187238693237,0.16705533862113953,0.1994541734457016,0.25656360387802124,0.05614472180604935,0.2942439615726471
wqp,wqp:21FLCBA_WQX-WAL-ERN NORTH-3,test,2024-03,2024-04,0.16974970698356628,0.18284475803375244,0.05374225974082947,0.5943285822868347,0.8696262836456299,0.13673736155033112,0.41554975509643555,0.4125857651233673,0.21475911140441895,0.16255983710289001,0.14016515016555786,0.06137552857398987,0.3452073037624359,0.3735527992248535,0.051116492599248886,0.2439560890197754,0.2439560890197754,0.07054242491722107,-0.008347868919372559,-0.008872299455106258,0.09096083790063858,-0.2827686667442322,0.08082854002714157,0.20200446248054504,0.0,0.17047294974327087,0.2957673966884613
wqp,wqp:21FLCBA_WQX-WAL-ERN NORTH-3,test,2024-04,2024-05,0.19673776626586914,0.180439293384552,0.05797620862722397,0.4825890362262726,0.6251855492591858,0.14255394041538239,0.41554975509643555,0.4275880455970764,0.21755476295948029,0.2596859931945801,0.16255983710289001,0.06619839370250702,0.3295321464538574,0.3452073037624359,0.054134976118803024,0.2439560890197754,0.2439560890197754,0.07427799701690674,0.026988059282302856,0.005828964523971081,0.09347683936357498,-0.11173954606056213,-0.2215195745229721,0.21004579961299896,0.0,-0.04111706092953682,0.3013429045677185
wqp,wqp:21FLCBA_WQX-WAL-GRAYTON-1,test,2024-02,2024-03,0.16320380568504333,0.1715010702610016,0.051210738718509674,0.9318533539772034,0.8756742477416992,0.1345287412405014,0.16007676720619202,0.17939524352550507,0.2035055011510849,0.24188052117824554,0.1971333771944046,0.059150535613298416,0.363651305437088,0.37627676129341125,0.04897480830550194,0.339592307806015,0.2990584671497345,0.06699630618095398,-0.001454964280128479,-0.009991264902055264,0.08775734901428223,0.057205021381378174,-0.019830087199807167,0.199331134557724,0.0010906010866165161,0.015664204955101013,0.29171469807624817
wqp,wqp:21FLCBA_WQX-WAL-GRAYTON-1,test,2024-03,2024-04,0.19169588387012482,0.169083833694458,0.052078936249017715,0.5621113777160645,0.9241113066673279,0.13489273190498352,0.41554975509643555,0.18705035746097565,0.21133872866630554,0.12412755936384201,0.24188052117824554,0.059834543615579605,0.3230286240577698,0.363651305437088,0.049011871218681335,0.2439560890197754,0.339592307806015,0.06822869181632996,0.028492078185081482,0.0012551727704703808,0.08875026553869247,-0.3697419762611389,0.01690586656332016,0.1995653212070465,0.25547298789024353,0.0634203627705574,0.2937564253807068
wqp,wqp:21FLCBA_WQX-WAL-GRAYTON-1,test,2024-04,2024-05,0.19169588387012482,0.19994096457958221,0.05790804699063301,0.5463877320289612,0.6059211492538452,0.142140194773674,0.41554975509643555,0.41207605600357056,0.2178262323141098,0.12412755936384201,0.12412755936384201,0.06607335805892944,0.3255119323730469,0.3230286240577698,0.05433913320302963,0.2439560890197754,0.2439560890197754,0.07436630874872208,0.0,0.04067619889974594,0.09346406906843185,-0.01572364568710327,-0.2734750807285309,0.21077664196491241,0.0,0.1160559356212616,0.29990148544311523
wqp,wqp:21FLCBA_WQX-WAL-GRAYTON-1,test,2024-05,2024-06,0.18599097430706024,0.19944551587104797,0.0590493269264698,0.7719986438751221,0.5506808161735535,0.14431431889533997,0.41554975509643555,0.422709584236145,0.20537568628787994,0.1305820494890213,0.12412755936384201,0.06577710062265396,0.36268505454063416,0.3255119323730469,0.054261211305856705,0.2439560890197754,0.2439560890197754,0.07226724922657013,-0.005704909563064575,0.009020430035889149,0.09302473813295364,0.2256109118461609,-0.014899966306984425,0.2091824859380722,0.0,-0.02496824413537979,0.29886630177497864
