source_id,site_id,year_month,module,module_seed,rank_sha256
wqp,wqp:21FLSFWM-ISTK6,1998-08,ANFIS-F,314361,0000b3ad61a64317f61ddc4ba30bbfc906fd45a660106ff7a6ab59e00df33f77
wqp,wqp:21FLSFWM-L005,1990-04,ANFIS-F,314361,00037cd4dd6608f09cde171a50c41f249ae7f6cf26460ed2dcc8a5cd5e4b05d4
wqp,wqp:21SC60WQ_WQX-S-310,2007-01,ANFIS-F,314361,00062f5bd8695ffaacb9695add6ffaa0ed0efb599bb62a0d685f83b5df4e2692
wqp,wqp:21SC60WQ_WQX-SV-361,2007-09,ANFIS-F,314361,0008452d169386aeb887f739cd07040db8123b76a39bb1814197a850d0d667ef
wqp,wqp:21FLCBA_WQX-WAL-BIGREDF-3,2017-08,ANFIS-F,314361,0008c41afd491a1eaf05f0285d80bdb75e58c3b0b7a819db5ce4b6de5b1c2ad6
wqp,wqp:21SC60WQ_WQX-S-022,2015-08,ANFIS-F,314361,000cb2d59314c5a3925bc1ca880523b8eda2eceb8f3003da347093e1dc55360f
wqp,wqp:CAPECRD_WQX-262,2000-07,ANFIS-F,314361,000f8332c3be34ef6d6a1617e0a9d384d17383d8c963b74834b8cb45ad179330
wqp,wqp:21FLSFWM-ISTK3,2004-01,ANFIS-F,314361,001115f86a60e4e17d0216a64729554d9d7d91085fbe484ee83dd927597cf802
wqp,wqp:21FLSFWM-C03,2004-09,ANFIS-F,314361,0012d6b291201819b69557daa832cf35d9243a6bacf75a05576847a6b03ba7ac
wqp,wqp:MNPCA-62-0054-00-101,2012-07,ANFIS-F,314361,001625fbdd576e144258f69cd2f4d2dc9d2836b0fa8f1ea8b1b40f145c84c5ee
wqp,wqp:21FLSFWM-CLV10A,2001-04,ANFIS-F,314361,00188a10d9cf28cad812c641c8bb2acd4b80d41ad3a453b4bde39549dd8a20fe
wqp,wqp:USGS-07263299,1991-09,ANFIS-F,314361,001c006f7925828cefdcfa3f3479f77ffc0c8a7e8c74765cfe760f1cfbc20352
wqp,wqp:USGS-07049200,1985-05,ANFIS-F,314361,001c34eee700071ae115542aea327faadbd13c95dd6e98c4238fef481a7baed1
wqp,wqp:21FLORAN_WQX-CC11,2008-02,ANFIS-F,314361,001c3814b5669578722df60af3e04a0968e9866aeff37699a6fbc0ce1b118874
wqp,wqp:USGS-295554095093401,2014-11,ANFIS-F,314361,001cd059b2e0bf3a7fa60a7df5f8997a6f262aa68ec4b1ceb304bb003fa5593f
wqp,wqp:21FLSFWM-PLN2IN,1988-12,ANFIS-F,314361,001e9eb23d57c8d2f3dbf84a4cf76ea6348bbb5f0dbb4ea56565682599c179fc
wqp,wqp:USGS-423659088354401,1990-01,ANFIS-F,314361,002381b6df58ebdb7806c9164557f1818935f8d3c14060029e4f3bbaf939e810
wqp,wqp:MNPCA-02-0075-02-203,1999-05,ANFIS-F,314361,0028ab40f5b110245874dfde74f013d23cd8adc4a14dc23f20933e5629b498d3
wqp,wqp:MNPCA-62-0007-00-203,2013-06,ANFIS-F,314361,002b96d0dbec6cf5ab650a23dedc00158ac2e5651c595be67ba663dced21e37c
wqp,wqp:USGS-07049690,2005-12,ANFIS-F,314361,002bcf0dbe246db2d58e9eb67f309aeae4bd8c7d17ae240014f2cd9f5082d720
wqp,wqp:21SC60WQ_WQX-SV-098,2003-01,ANFIS-F,314361,002c5e284da6a884ceef52017b02d9daffd407ff068fe69818bf7a573bbface8
wqp,wqp:21FLSFWM-PELMID,1996-01,ANFIS-F,314361,002d290549a23c9355e2beb3b2ada8290e19e733fd881aa6a3d77a32c3c36648
wqp,wqp:MNPCA-62-0007-00-203,2011-10,ANFIS-F,314361,002e7c55c2af9003b47e22771ee836ec4a6a442e2b9e0eb5948c91d3d9636580
wqp,wqp:21FLSFWM-L006,1994-06,ANFIS-F,314361,002e995ea48e002ae362fc5dfd0ef2a9268a7c4b1843dd68fed70689c93de0b3
wqp,wqp:21NC03WQ-CPF087B3,2000-10,ANFIS-F,314361,003264dfc7bc94628dfe5d7ff42a58336918ec1e039d2d2470179729c49e76fa
wqp,wqp:21FLSFWM-B02,2009-02,ANFIS-F,314361,0035ccd8253bbc8477e5861f340178debbb1c6f903fb265937a3995a4934177d
wqp,wqp:21NC03WQ-CPF086C,2005-03,ANFIS-F,314361,003966f763cd49c6132a33faef0138141826683eab0f8a751551f32eb381eb88
wqp,wqp:21FLSFWM-RITAWEST,1987-07,ANFIS-F,314361,00399200db682ac662dd40f9573b0e6d195eb76e8ff16e7eee9817081d6aac79
wqp,wqp:21DELAWQ_WQX-208181,2006-02,ANFIS-F,314361,003aa3767f998ce30fcef9c0eb1821bf5b23f16f9dcbc552292cd586b4d89bb7
wqp,wqp:21FLSFWM-L003,1996-06,ANFIS-F,314361,003d5fb6b769a3c857f07aebe4788d8f2ac1cccff5c59b9d7e52e0916212c3f5
wqp,wqp:21SC60WQ_WQX-SV-331,2002-09,ANFIS-F,314361,0040b559ea2462b2ad222555d7c8e48aad6684736f3f7ad0b015abcd74e72a2b
wqp,wqp:21FLSFWM-PELMID,2002-10,ANFIS-F,314361,00429dc9e15651abe5796877081445fcd9f3562548525f45299961162f1785d6
wqp,wqp:21NC03WQ-CPF081A1C,2014-06,ANFIS-F,314361,0045eaaf9b1938e30af8f1aac2095d9b24e3769a8b846d1f07d93733ced09f3e
wqp,wqp:21DELAWQ_WQX-308071,2018-09,ANFIS-F,314361,00471d34a1a617fdb56821766622526585b888031a7cda9254fffa23841234a3
wqp,wqp:21FLSWFD_WQX-23477,2013-12,ANFIS-F,314361,0047b6bcd66bdf3b64d3a5cd9ba4ec0feb331fb3f45550b0badc63c0becdb687
wqp,wqp:21NC03WQ-CPFMC03,2014-08,ANFIS-F,314361,0047d5c5bc1375cffa9410289d4e45ee14977732cabf3b1826fcbffde17d698a
wqp,wqp:21FLSFWM-L005,1993-04,ANFIS-F,314361,0049c91246bd767e6a2bd728b9bab600466b3b6bcce0e50b8a60d3a1f874c946
wqp,wqp:21FLCOLL_WQX-LKTRAF1,2011-03,ANFIS-F,314361,004d8411e6cd9cd0873816a7807bdc527e6c928589ad0315a17dd3bd7dbdf95f
wqp,wqp:21FLSWFD_WQX-23144,2004-06,ANFIS-F,314361,00518671c09f8d18cb4438ccf7d2a635580fa3a89807d927e8e88311e384b396
wqp,wqp:21DELAWQ_WQX-205211,2008-06,ANFIS-F,314361,005450f88fbb2b0f27459d52242df17313f8c484ea972a473a198ea8d523fb45
wqp,wqp:KAWNATON_WQX-KN-KL-003,2012-05,ANFIS-F,314361,0054a87eabe5a5be7c5d7b4536c4170aae59d28f24b4e4fc4d45ddad1f6cccb4
wqp,wqp:21FLSFWM-E01,1983-12,ANFIS-F,314361,00558883bfab37aaa3f72a792bbb975f4cf6b65eb9aa327e184fed7d59154fd4
wqp,wqp:21FLSFWM-MH16000,2004-01,ANFIS-F,314361,00600c72ee0c36c55e0fb26d84f83001d4a8313ed2ad56ab8e7695c673ab2895
wqp,wqp:MNPCA-62-0054-00-101,1996-06,ANFIS-F,314361,0060c420536020301edd5485747b44668b47e0ca96b1bde83082cec252e4acdc
wqp,wqp:MNPCA-10-0007-00-201,2015-08,ANFIS-F,314361,006587ec88fb51377568c44e10915fa2963ab92016bf3ae9483354a38eaf0172
wqp,wqp:21FLSFWM-A03,1998-02,ANFIS-F,314361,0067f275c66139bab363278d444dcf46b60fadd333c9b4b1c6db098fcc1cdddf
wqp,wqp:21NC03WQ-CPF086C,2011-03,ANFIS-F,314361,0068476fe84ae47b500abe8a130cc2a1e37caa5b559e14e7ee266a6727f53ff1
wqp,wqp:21SC60WQ_WQX-S-310,2015-06,ANFIS-F,314361,0069b150e4682bd0afb0f5c033d9c2945a935aed92dad14f6e8521c2bd4784d3
wqp,wqp:21FLSFWM-L006,1982-03,ANFIS-F,314361,006b12522fa2f622083b09ebb3aff588602687b11b9923a57b1a67f0baf7ff93
wqp,wqp:21FLSFWM-A03,1995-08,ANFIS-F,314361,006d5ed2f3f9463a2dbd0e32071a04c6025c2455bb631d7bc94eb944fbe15ecd
wqp,wqp:21FLCBA_WQX-WAL-FULLER-1,2017-02,ANFIS-F,314361,006e0a35d949833332075916175632607b1386209efa9f6381c6cfe5bec8fd95
wqp,wqp:21SC60WQ_WQX-CSTL-075,2001-03,ANFIS-F,314361,00702d10d3a533222d12e42392275a6d0678e4b9d183309e70567ac27a0ad277
wqp,wqp:MWRD_WQX-BARR3P,2008-07,ANFIS-F,314361,00705112d8fd1ac8b0306c98f3f7bc73b905e6800edc8991af7c801393c1cae0
wqp,wqp:OKWRB-LAKES_WQX-520710020020-04,2018-08,ANFIS-F,314361,007168ccd3997fe98b50f6db4b686ea83e2b3c3ce0e8a6ffdb285403dd16f0b6
wqp,wqp:21VASWCB-5ASRN000.66,2016-05,ANFIS-F,314361,0071b89f49f7d7ebee059c5fbb2ce36ade8ba8f5924fe331b85f20469b3000fe
wqp,wqp:21DELAWQ_WQX-109131,2016-04,ANFIS-F,314361,0072f61c66672f00ae95dd82ed14a65de851da3e54f95db237d3d6bbd09e9313
wqp,wqp:21FLSFWM-TINMID,1989-02,ANFIS-F,314361,00747d354c2f44fe071a12b319e8ce3028db4b23bf0a53e24844045eb92259ed
wqp,wqp:21FLORAN_WQX-BC14S,2005-10,ANFIS-F,314361,0074828b54a64525a36746c27ccad473f61014eabbe8ea75cedc06754de6c408
wqp,wqp:21FLSFWM-OISLAND,1996-01,ANFIS-F,314361,0074f668d3f466af11f5553306f34fd3dca5348f7bd6922d3e3c14dfb35fe7b2
wqp,wqp:MNPCA-10-0042-00-401,2018-05,ANFIS-F,314361,007638f0f0fe622363c2f30eb5770c97265338de9a5686ae32d1b959bf664469
wqp,wqp:USGS-07144790,2015-05,ANFIS-F,314361,0077ac9d0288133335c83b16985aadec5c89e63f887094df0891d1984f046675
wqp,wqp:21DELAWQ_WQX-307011,2002-07,ANFIS-F,314361,0079c9bda5c72348e3da4e12263ade841510a71fa390313d1203f5cf552de21c
wqp,wqp:21SC60WQ_WQX-SV-361,2008-09,ANFIS-F,314361,007b2566fb0137b4ebe701c3d2619d2f4330da9e6e2ced3eb1a28fb107c11237
wqp,wqp:21GAEPD_WQX-LK_12_4048,2001-11,ANFIS-F,314361,007b81ac2f0a8c980e98d7b23646554eb7e6232e794097891cc2458723f55728
wqp,wqp:21NC03WQ-CPF0880A,2017-06,ANFIS-F,314361,007ea1bcb5dae533f5ee2d8a4faa162d113231a2ec5719e46de9d6e28c99013e
wqp,wqp:21FLSWFD_WQX-23389,2002-09,ANFIS-F,314361,0083aa7faa3f8f259c57da362425df5a3c63c5e065e73390230fafcdb9d7df5a
wqp,wqp:21FLCBA_WQX-WAL-DEER-3,2018-06,ANFIS-F,314361,0084245ae2ee285a60082e7f5b11f4bf0e2e09f90b5d7c6f04f52be2787339dc
wqp,wqp:21NC03WQ-CPF087B3,2010-04,ANFIS-F,314361,00855b98895b64dd5f4430c4012b862c36bcc8e5c5680c8f12c974455ff8f81d
wqp,wqp:21FLSFWM-A03,1995-09,ANFIS-F,314361,00893911227d3b7dfad36d00b9b646564b60c864873246391c5af02e95c95361
wqp,wqp:MNPCA-62-0007-00-203,1994-06,ANFIS-F,314361,00893969e486dd54424ac74d2cb8d3152f04f7e50ce50fb51474279c6cc69d63
wqp,wqp:21FLORAN_WQX-CC6,2011-08,ANFIS-F,314361,008a22465713a96c045fd8cc9a7b842eec35520e24052cb9048b2b0a247453b2
wqp,wqp:21FLSFWM-RITAWEST,2002-12,ANFIS-F,314361,008b066cd08ef489f7ff96282f52b429f35bba263a84189f0f7c290a0bea7b78
wqp,wqp:21AWIC-23,1992-05,ANFIS-F,314361,008d14c77bccaf5b22a929b3b5b1de250747ecafd7373702c040e9a5b4fca7bc
wqp,wqp:21NC03WQ-CPF08801A,2007-11,ANFIS-F,314361,008d842220652f05a0aafa3a104e32ab8189a716e5c9d7b752587c015c7581dc
wqp,wqp:USGS-07144790,2004-09,ANFIS-F,314361,008e371692c5cfccf6a0ed248381c7d3146f0fffdc0d17599714978f1b1a4987
wqp,wqp:21NC03WQ-NEU020D,2012-03,ANFIS-F,314361,0090972ce1a17e6bc4d093f24aa6972f3f4b3472cca6bb57f7bec80e141f6e23
wqp,wqp:21FLSFWM-PLN2MID,1991-12,ANFIS-F,314361,00919185b9a95cf67b076b6d961b1a8f8de4b36096bce48304f4b6d4db9e4ea8
wqp,wqp:21FLSFWM-POLESOUT,2003-03,ANFIS-F,314361,0094e596b01edb69dc1b57be957df3662bead470abd2599e21a42cb3cb7ace12
wqp,wqp:21FLSFWM-B08,1982-11,ANFIS-F,314361,009abb997f935c1d89b0e4cc97ea88d1399f748c96bb92d0281285a2c2eb94ec
wqp,wqp:21AWIC-23,2001-09,ANFIS-F,314361,009af0a106e13bd7c2eb9f4c3de0ef3c4d20e995d2ead4784be988a30d4a104d
wqp,wqp:21FLSUW-ALL020C1,1998-09,ANFIS-F,314361,009b392f3ed4e7c1af807769b4403708e6c655a8a5980c0d3f9bee7348a45d2c
wqp,wqp:MNPCA-62-0007-00-203,2011-01,ANFIS-F,314361,009b40c59c1a6c1a0425c49ba8703cd024a18110cfff59d0720bd63ae0b03d6e
wqp,wqp:MWRD_WQX-MILTON3P,2006-12,ANFIS-F,314361,009c10c12e0eaf4dad3f36b1de3c1addfd4345507b4adb48a45fdb88189088ed
wqp,wqp:21DELAWQ_WQX-307171,2007-09,ANFIS-F,314361,009f3e45e36ca6acf9178c3a74a3dd1e5064c8b40b5cd1185b6465193c3f1789
wqp,wqp:21FLSUW-ALL010C1,1998-09,ANFIS-F,314361,009fcbe595665c48d924a4be91a617f56befdc18938cd84df06b97a93234b6c5
wqp,wqp:USGS-01657480,1974-02,ANFIS-F,314361,00a6bc74d9316b29413decfb07f614d31a640f446dd6f48633f272365cae2afe
wqp,wqp:21FLGTM_WQX-GTMMKNUT,2017-09,ANFIS-F,314361,00a7764bae72e4c85a2e366264d8299a75903492380cc0b980c0300572cc297a
wqp,wqp:21AWIC-81,2009-07,ANFIS-F,314361,00a9b7db52f0e23e82ba15d6b5cd4fb088d5c9e8c9f3019d047933c6d91aaec9
wqp,wqp:MNPCA-47-0042-00-201,2001-07,ANFIS-F,314361,00aa6a0b66e227b7fea3307e8dc0d3bbce7f5e9989a575ae0bdd6a8599f4f452
wqp,wqp:21FLSFWM-A03,2003-05,ANFIS-F,314361,00b2f2fe22490315ff8b28f339a371a43f4b29795250558fd904ee41c4e4dc1b
wqp,wqp:21NC03WQ-LI01,2011-12,ANFIS-F,314361,00b6d612fb6a74a7efb2726381ecec6f458976b76f9742200577879689faf17e
wqp,wqp:21DELAWQ_WQX-109031,2006-10,ANFIS-F,314361,00b71947d118f681dadea4fda1f75c79b2b9181ae73ab939533e458ca3ab3048
wqp,wqp:MNPCA-62-0055-00-201,1986-02,ANFIS-F,314361,00b88209eafb55e313969ed45ae67d8dabf007172c0e3a7952785cb9b94cf385
wqp,wqp:21NC03WQ-CPF086F,2007-09,ANFIS-F,314361,00b908e547e9027f28cc3d477277079cd8e786b58bf2d81394375c7b9419b156
wqp,wqp:21DELAWQ_WQX-206361,2007-01,ANFIS-F,314361,00b9197fc2a2c3c229f722feb2494fbb47b787f2420a5290ff16a354be16e090
wqp,wqp:21NC03WQ-CPF086F,2013-01,ANFIS-F,314361,00ba1c9c645a815b1aea089c4324c7eb2e4f6870d31b11b06c55d07b60d88c64
wqp,wqp:21FLORAN_WQX-BC6,2006-06,ANFIS-F,314361,00bc3a4e4ea18ca42d9fabe240c1498bef14ec57c6f30790d99239b61f035318
wqp,wqp:USGS-07049200,2013-05,ANFIS-F,314361,00c3a1d3752e4d1f91faca722f089af52600c6778d801af8a0c142a62ea1992d
wqp,wqp:21GAEPD_WQX-LK_12_4048,2016-06,ANFIS-F,314361,00c55a303d9dc0f0207fb05f8d3d15e5bb74bb22bf4d291aefd5569bfec28e59
wqp,wqp:MNPCA-82-0046-00-203,1999-03,ANFIS-F,314361,00c5b88f6fe409813a72c3b0818faeb598d816c238a2f06d8902b31fe3c0c320
wqp,wqp:21FLSFWM-ISTK4,1988-07,ANFIS-F,314361,00c639f6bb78da161b5de537cc462ecd88638692471c354cd00b7c61dcd41d8a
wqp,wqp:USGS-07048910,2003-12,ANFIS-F,314361,00c7c8e990903fda4b15041a8bd0095cac07de3e22df77e540d5d197f07cfe7f
wqp,wqp:USGS-02207414,2011-08,ANFIS-F,314361,00c7fbeb8dc50ff778d7db11f41b4af0f2818e11b0fe8525d4c45ba921824513
wqp,wqp:21FLSFWM-D02,1999-10,ANFIS-F,314361,00c919ffd76d2533b4e1f66cc8e073679064bab3c61344c0b45c32831a4b72db
wqp,wqp:CAPECRD_WQX-262,2003-06,ANFIS-F,314361,00ccea7573efeb396f08fa44d1910d11cd6eee88de6da7adf22d20a04b9a0307
wqp,wqp:21FLSFWM-L006,1992-02,ANFIS-F,314361,00cebe639dd4ee8b1abbcf1883a4091ea725cbe0433fce12f0ffda6d037fe987
wqp,wqp:21NC03WQ-NEU019L,2006-09,ANFIS-F,314361,00d018d2588798ee6944a165a4bdf3d0b13e16deec8f8a036987e8533fa889fc
wqp,wqp:21FLSFWM-KISSR0.0,1987-07,ANFIS-F,314361,00d059af6bc10e6f45ed205bcc5525ffb3aaf1cf5930cc3b6daa2c8b2778d5f8
wqp,wqp:MNPCA-02-0075-02-203,2014-08,ANFIS-F,314361,00d29f32c61742e1d7c09ebdb96e05f5a272ac62914e49959e71299456f95b5d
wqp,wqp:21FLSFWM-LZ40,1997-03,ANFIS-F,314361,00da5164840497955829086e6d8d09ea577026685471552f368984fe8495397a
wqp,wqp:21DELAWQ_WQX-208211,2003-07,ANFIS-F,314361,00df58b4df42dbf4cbf11feeafd364444ff9551ea5561048eadf9d2a5315a7ea
wqp,wqp:21FLCBA_WQX-WAL-ALLIGATOR-1,2018-09,ANFIS-F,314361,00e0adc6b5daa5a32e20f25ccffb289113b2c72a454a58b17ac6ab5ccba1283a
wqp,wqp:21FLSFWM-MH16000,2004-09,ANFIS-F,314361,00e28cb18c704574b7a7b84d3235ef025bd6b5e5069b9536c29e103b161eb8e6
wqp,wqp:21DELAWQ_WQX-109031,2007-09,ANFIS-F,314361,00e2f49b55f7bbd7259325ef9edf0f0ba3098ca56a573ff64678d26296746d42
wqp,wqp:MNPCA-86-0297-00-201,2011-08,ANFIS-F,314361,00eafc9828e2b529160d7d8cef77f7bed9a626445b7eb9ce840aebfe55877166
wqp,wqp:21SC60WQ_WQX-SV-268,2017-02,ANFIS-F,314361,00ef7f3afdd37f8d47dac89d11a44ab4b56d1235c81cc4df601d0dc27b2323c1
wqp,wqp:21SC60WQ_WQX-S-311,2018-07,ANFIS-F,314361,00f094d41d94762fd720e2274e4180d96cf5298f4cf9b0ddf5c342f882c6deea
wqp,wqp:21FLSFWM-LZ40,2001-12,ANFIS-F,314361,00f57a519accf3d1b8001ce7f1ff506334941caf10b036bbfc27a3538b4f49a2
wqp,wqp:21SC60WQ_WQX-SV-339,2012-03,ANFIS-F,314361,00f5917c922bf9ce62eb7eefe9e0f40d2ec5e3ad71c4b22c20c053931f6d2e7c
wqp,wqp:21FLSFWM-KISSR0.0,1989-02,ANFIS-F,314361,00f69a03df849bc9fbbf3dd43ca41d219b54c889b0a5ad92601c663360fabc7b
wqp,wqp:21FLSFWM-B06,1986-12,ANFIS-F,314361,00f6ac31b4aba3ed6679c768f178d69e4be1dfc4bb1ea5e625bd30d937dfff37
wqp,wqp:21DELAWQ_WQX-208211,2017-11,ANFIS-F,314361,00f9f6289ad87d9ff192a78c10bfa913c66ea7c0b27fc9a520178466a91e3f3b
wqp,wqp:21DELAWQ_WQX-206461,2008-11,ANFIS-F,314361,00fc74ed05f48c70b925b0431953e21d31c1711725c499db8547eb5e635ac873
wqp,wqp:21FLSFWM-LZ30,2006-07,ANFIS-F,314361,01012d9af344df535cd3dc4cf62f161da163554a5a6255add84b3c5dbe0e5d76
wqp,wqp:21FLSFWM-ISTK6,1989-11,ANFIS-F,314361,01038dea3ce359107687580a38e35aef92f8e6a2f57b1fb114e5636cb3101ae9
wqp,wqp:21SC60WQ_WQX-CL-089,2018-01,ANFIS-F,314361,0109bdd20c364932e48b1adecb7221257de714182302380e3d8b0617452f24aa
wqp,wqp:21SCSANT_WQX-SC-040,2014-06,ANFIS-F,314361,010b5b281487e8ee4e8a41f20bc6d9fa76d09247e3638c5aa3ca0a380e047347
wqp,wqp:21NC03WQ-CPF087D,2010-10,ANFIS-F,314361,010daf8e7e289dfb328b477ec2b3988becb4e4f7e64928bcbd51589df7ce809a
wqp,wqp:21FLSFWM-PLN2IN,1993-01,ANFIS-F,314361,010ffe4d0b8a660d65625302626f202e8cd646f14c773c1b80351b994c6f4469
wqp,wqp:USGS-07263299,2013-10,ANFIS-F,314361,0110217f21b490c059d843342e1c36c2ab9c1bf01ffcfdc4c24f6eeb92199026
wqp,wqp:21FLSFWM-A03,1992-03,ANFIS-F,314361,011235352d994991117a7e3ce281f044e7758a604b7c69d8014fc643df831074
wqp,wqp:21DELAWQ_WQX-109191,2015-12,ANFIS-F,314361,01138acb09f6ef4cbb902d04b7026ef22c1133df2e92d498152f68d2c6033fb9
wqp,wqp:21FLSFWM-KBARMID,1994-09,ANFIS-F,314361,0113c540f2f99d39d385e60ee1da8128a8e40e7220a84d7bbb2d62b733be0cb1
wqp,wqp:21FLSJWM_WQX-44645,2018-11,ANFIS-F,314361,01144cd7b91414436a3abcb47e8a31f2611fd1593ea57eba67bdc40f751ec467
wqp,wqp:21NC03WQ-B2450000,2012-03,ANFIS-F,314361,01145ec30f04b21655bd0849093b2f201b32133ca66d4fd38634d966b86b1397
wqp,wqp:21GAEPD_WQX-LK_12_4048,2007-12,ANFIS-F,314361,011a42d588e4d298b51359d59cb08f33f75467fdcae9f5f2ab7da395d39d2e1f
wqp,wqp:21DELAWQ_WQX-208211,2018-12,ANFIS-F,314361,011c29d68bdb1f16373789010bd309095553f80c33b834dac3a2dcf9873d1565
wqp,wqp:USGS-423659088354401,2018-05,ANFIS-F,314361,011f47c7180b588a1e5f5e628f9d544ed3d6f2321485d0e8033bb396f7842543
wqp,wqp:21FLSFWM-ISTK3,1998-11,ANFIS-F,314361,0122b1cb7f17a4340e59ca291bf8c12d02e91d5fd54f5adf2cff944f86441a3c
wqp,wqp:21FLSFWM-TIN8100,2005-05,ANFIS-F,314361,0122cdc78f916881e58726f428d8aab5e65f1ec7a11408982574511e2c068b1a
wqp,wqp:21FLCOLL_WQX-LKTRAF4,2014-03,ANFIS-F,314361,0122d079eba216e71533180f083ca65a7343fb4dfbd249a2e0986ce5139b0b59
wqp,wqp:21FLSFWM-TIN13700,1997-01,ANFIS-F,314361,012339bb5f769bdecb96e80b4b87ae9123e7930c79a84a16819ba55b7752bceb
wqp,wqp:21FLSFWM-D01,1982-12,ANFIS-F,314361,012a44adf5fa8a6fa535d2067917bd5c888c9ed74ace3e4660ec03463d62b152
wqp,wqp:21FLSFWM-TIN16100,2006-02,ANFIS-F,314361,012dac81a4fabde2a4b6fdb6209a65da9c639835c6300e27697eed93f81a8483
wqp,wqp:21FLSFWM-C01,1984-02,ANFIS-F,314361,0135df795834a670457328033c1f044ec0e5faa07a8f745355804dec3ccdbb28
wqp,wqp:CPNWATER-WW#3,2013-09,ANFIS-F,314361,0135fd9cf7dcdeaca17d52d3b9a2d116de1363e3a11aef17fbcda79986e1f1ac
wqp,wqp:21NC03WQ-NEU019E,2000-09,ANFIS-F,314361,013631d90b79f6810507e68ad5bff36e6fd82ecb6fd0aff384071b4158b74cd4
wqp,wqp:21FLSFWM-TREEMID,1990-03,ANFIS-F,314361,013890f1edbfb27b454829b9b82dc47e1a6266f602a454fddef0705c848e6a75
wqp,wqp:21SC60WQ_WQX-SV-335,2013-12,ANFIS-F,314361,013cafed2b8b2a7afceef76e1b6ee3996f335d5e0c8f6b1dbe3b1754a93c4c52
wqp,wqp:21FLSFWM-D02,1983-03,ANFIS-F,314361,01456067401f5af9491841ed139b076b25eed33c8bfa1f01de72319cd8363cb2
wqp,wqp:21FLSFWM-L005,1992-06,ANFIS-F,314361,0145d32c0520f6a71f7ea8a6276d2d26d9d449af5a6bf18ee9a4321ce9f003ec
wqp,wqp:21FLSFWM-LZ2,2005-06,ANFIS-F,314361,01473ff99dd44ef167c40a8847e9d9eb678bbdd36441172ada36352e539f7ea4
wqp,wqp:MNPCA-82-0046-00-203,2003-10,ANFIS-F,314361,014bccd72ecb46511d6d3e2dbb2484bfb311266efd235ff6f99e414d4edeca19
wqp,wqp:21FLSFWM-STAKEOUT,1990-08,ANFIS-F,314361,014ccadcb5651550423bc1d57593b640f0e8b95026a2dcfb998a527a5a10e6b5
wqp,wqp:21FLSFWM-L004,1991-04,ANFIS-F,314361,014f04e884b5c0435012c699c0e34bd0480d18486d5ef440347ef19771343df8
wqp,wqp:21NC03WQ-CPF087B3,2000-12,ANFIS-F,314361,015071497579a9b9b0603fc1281a7c3ac1d6c3136cd71b56db3da3c2acfaec53
wqp,wqp:21SC60WQ_WQX-SV-098,2002-03,ANFIS-F,314361,0154dd1be0086ebed476a1eefa28a7af6e9f44feaf04589e013a755e77d2aa29
wqp,wqp:21NC03WQ-CPF0880A,2007-07,ANFIS-F,314361,015cd680e5623fa58f719f088aadd141a9a03d09d053d32335492e875a2e41b6
wqp,wqp:21FLSFWM-TIN16100,2008-09,ANFIS-F,314361,015f1ca9bcffdf1e30562872fd350588f3cee5b86b2c1efc35d60f72080ae04b
wqp,wqp:21FLSWFD_WQX-23624,2011-12,ANFIS-F,314361,0162fb2a95150aea7568b05c020b95bb4266230cf61b36eb9c2adf605319474a
wqp,wqp:21FLCBA_WQX-WAL-GRAYTON-1,2018-11,ANFIS-F,314361,016507e859d4d48f30b5323469dda745ab85d16759611f52ddce972e81d726b3
wqp,wqp:USGS-423556088365001,1985-10,ANFIS-F,314361,0165bb4de717298cbf690ff75328b584ec35f609b2bb739a0a3c60e855ce9607
wqp,wqp:MNPCA-62-0007-00-203,1994-09,ANFIS-F,314361,01692bbaab14a9e83641e4fe97cb16d12a55f560f04eab823785e218048199de
wqp,wqp:21VASWCB-5ASRN000.66,2009-06,ANFIS-F,314361,0169e401c05a934acd7144ed9e0d8b37a0fffd7cf63132b05d08dc7d327ad8ba
wqp,wqp:21FLSFWM-RITAWEST,2003-01,ANFIS-F,314361,016a80030bd5990743af3192413e02b8f1280dffe2d5557ff65b440cd9cd2b86
wqp,wqp:MNPCA-62-0054-00-101,1987-10,ANFIS-F,314361,016b5e40c44fb7c15127dee0c9f6404bdd3303080ea96383e4eddf02d42d3692
wqp,wqp:AZDEQ_SW-32,1998-10,ANFIS-F,314361,0171510dc49f75068e5c7b646daa2ca3aa3c60e8749f167398efebe7ede32061
wqp,wqp:21FLSFWM-PELMID,1999-05,ANFIS-F,314361,017156c4ea8015b9770c0b535d5d657cdef3711ac3e1440674b7a87384823e9d
wqp,wqp:21DELAWQ_WQX-206461,2009-05,ANFIS-F,314361,0171a956c93078b06a4251547112b6fd12d719b67257c0857e4170571196ffbe
wqp,wqp:21FLSFWM-B02,1994-12,ANFIS-F,314361,0171b737cf0311c127fc7c08cd5293bf053ac7832eb669a2b800ef68830b7bc3
wqp,wqp:21FLSFWM-L003,1998-07,ANFIS-F,314361,017214cac2b4739971117ef02f2c367df6f36910a4a16203408a01c1e697bb56
wqp,wqp:21FLSFWM-PALMOUT,1997-04,ANFIS-F,314361,0172c75e680bf76a9ad39c3b0784e995dc31b20e3cc5eadba49a649c69a1bc8d
wqp,wqp:21FLLCPC_WQX-YALEMARSHPK,2016-08,ANFIS-F,314361,0172d29afe2f8abdabd6bf23e8ab0a2a633bcdef3e84eb38435d794c9339e52e
wqp,wqp:CAPECRD_WQX-290,2000-11,ANFIS-F,314361,0174efb1576fc7141482b1b474b7fbe6f0f9ee695ff7bd63cb34ac0a29c0811b
wqp,wqp:21NC03WQ-YAD169E,2009-05,ANFIS-F,314361,0177a75f35043fdf4494e42398fe02be6fa9037039186977fed58c982edd36ec
wqp,wqp:21GAEPD_WQX-LK_12_4048,2011-07,ANFIS-F,314361,0177c1c7e22f3e25f9812ee48540bdf6a08df5f0c10c9ccda7ebcb5e04e000c7
wqp,wqp:21FLCBA_WQX-WAL-CAMPBELL-1,2018-12,ANFIS-F,314361,017802ee962f1505704f2d469a2b934f278655c44081e32cd67897a8aac52698
wqp,wqp:21DELAWQ_WQX-208211,2009-02,ANFIS-F,314361,017cb906560d1fce732c85ab4e02d4e5095761aefcfadf9cd9169f64ae0db4fb
wqp,wqp:21FLSFWM-L005,1983-12,ANFIS-F,314361,017e064ded188ac56e0efbcb44f83c13e2de3ca4c3fe5e554013b601842e9f7d
wqp,wqp:21FLSFWM-B09,2006-05,ANFIS-F,314361,017f6e0ffc1cffa16a8ee4c81e4b03fd66c8d42c85598f7d3cd01c08b17300e4
wqp,wqp:LAKELAND_WQX-LH8,2009-07,ANFIS-F,314361,0180e6927498b35fb689f7b67a9afa901e1952581379585efdbbfd050596d729
wqp,wqp:USGS-01657665,1973-06,ANFIS-F,314361,01823e3a496ffb6165ebd5c78966dc695ba769ce66965dfc550989937dd2fdd7
wqp,wqp:21FLLCPC_WQX-TROUTDKEUS,2018-01,ANFIS-F,314361,0182761479bc37524a521163e62437ff01eb726280b87ebd64bc298ac6770385
wqp,wqp:21FLSJWM_WQX-44055,2018-12,ANFIS-F,314361,0182a16f8fcf384f93074e20efc20c21d7ebf5b3afca25a9b321489fa90a2a92
wqp,wqp:21FLSFWM-B07,1983-08,ANFIS-F,314361,0182c9cc797ea923d9dc0603453182323d281f524a5ac48e78d3dedd3d0cb411
wqp,wqp:21NC03WQ-CPF081A1C,2006-05,ANFIS-F,314361,0182ec6fbf633133fdb78b8aba286c63ccea6b4d038503c6df80511149e90b3d
wqp,wqp:21SC60WQ_WQX-CW-016F,2012-05,ANFIS-F,314361,0183b598ab10ff76608703adf009408998b9fa09aa167db7fe3c8c386795d922
wqp,wqp:21FLSFWM-POLESOUT,1998-01,ANFIS-F,314361,0187e74dbb7996c40dc756055b8be17afb4123c21dd7bac0d6363090622bc09d
wqp,wqp:21NC03WQ-NEU019L,2014-04,ANFIS-F,314361,018a599ac2676c32e1c0f5331c0612459df1c2d64065540e16289723b0595776
wqp,wqp:21FLCBA_WQX-WAL-ALLIGATOR-2,2018-09,ANFIS-F,314361,018dd3a3cc9becc965412d1ea3e7d3de5cf51f82c56b4e007503b160de34c0be
wqp,wqp:21SC60WQ_WQX-SV-338,2017-04,ANFIS-F,314361,018ff18c5465e7d979a287f6e6a3801caf8109061c16d2c39841bd7ede1c3f8d
wqp,wqp:21SC60WQ_WQX-SV-335,2011-02,ANFIS-F,314361,0192dd56ed82c6cfbc09ebd63d2d69ce4f8e5ebc7f39a93fed0739a9bd8a251c
wqp,wqp:21FLSFWM-POLESOUT,1998-08,ANFIS-F,314361,01957a23f48bdbda63ec535af788e2145999b6625e2a8cf8d9202cd6b019ff7c
wqp,wqp:21FLSFWM-KBARMID,1991-10,ANFIS-F,314361,01987d358143d06a266862b4fb8cfc5b8cd07e7086fa04b0f11b757f059bc6c7
wqp,wqp:21SC60WQ_WQX-CL-089,2006-09,ANFIS-F,314361,019b90ca3b4979245fd713ddb0212b92272f6288792a229710b9fc57a5f3911c
wqp,wqp:21DELAWQ_WQX-109191,2005-03,ANFIS-F,314361,01a0229e7e3cc6b35d756d8f541c367e636d8b2f7765f75f7cbc8e92070ff208
wqp,wqp:21FLSJWM_WQX-44592,2017-05,ANFIS-F,314361,01a38e29991127fb1ad4357a3ef9f7c76c710c015bac4ba4d1e18db572ed93f8
wqp,wqp:CAPECRD_WQX-262,2014-07,ANFIS-F,314361,01a408d4f0400b4fce7eb194d90ceec3184bb5c146b70268033145ac239a5c5a
wqp,wqp:21FLSFWM-L004,1988-11,ANFIS-F,314361,01a4915128095e22e8abaaba56663bd59638808547b45e4966ebad30b748caa7
wqp,wqp:21FLSWFD_WQX-23477,2007-10,ANFIS-F,314361,01a4b3792f74d7ab62b90a4947bb187e6d3cb3a5829af97aa633a9cc8964e278
wqp,wqp:21FLSFWM-C03,1996-05,ANFIS-F,314361,01a80dcc64ae324ad7495c43be617144664b324034e0cd926c343e07aae9c47a
wqp,wqp:21SCSANT_WQX-SC-005,2015-07,ANFIS-F,314361,01a85b03f7159aeb84f07f6d1495922332e910cfbe595380064ff58dafcad4f8
wqp,wqp:21FLSFWM-TIN8100,2002-08,ANFIS-F,314361,01aa0635cd51dd65705d676a9b487913bb153ece9aed1b0883fa6f0cb67ac098
wqp,wqp:USGS-423526088380101,1987-05,ANFIS-F,314361,01ad1773c4313b3c3418c9d4ba4769e23f5dd766b36fc9fefd920e4ffed474da
wqp,wqp:21FLSWFD_WQX-23588,2006-12,ANFIS-F,314361,01b018394baf27ee9c051f76a0308a43417396e2ef809dc67d3e66af64a3ffee
wqp,wqp:21NC03WQ-CPF081A1C,2017-09,ANFIS-F,314361,01b187e1f8214b5934d616b839b199c4a280bb5fabc8437bfe48e4638d7aaf87
wqp,wqp:21NC03WQ-YAD169E,2002-06,ANFIS-F,314361,01b330011f48b369aaf0392e47533b6ffad8f505883f9f3a46b7971232aa7a0c
wqp,wqp:21FLSFWM-POLE3S,1994-06,ANFIS-F,314361,01b3a6e29876983ed068a8bde4c8d56db3756cfc217efb4344d0a4efa0347e09
wqp,wqp:21FLSFWM-ISTK3,1992-11,ANFIS-F,314361,01b7a6593f8562a848bd71ade103841a205a0c787bb689c181a495ae3c7e65ef
wqp,wqp:21SC60WQ_WQX-SV-357,2005-01,ANFIS-F,314361,01bb5bcf59e15e122f0b98c32f485c7bec52bbc6081bfd610b976911fcc1692f
wqp,wqp:21FLSFWM-LZ40,1978-09,ANFIS-F,314361,01c1dadb175b374f9ebf21c4cf8fb44f1446a4c4fa74da61a6ab89a8d9860d39
wqp,wqp:21SC60WQ_WQX-S-308,2008-10,ANFIS-F,314361,01c1ed05f7964471966ca5c8b129f676ec5edc8a281ebf0f2ebdc3aa7c807cd7
wqp,wqp:21FLSFWM-PLN2IN,1993-10,ANFIS-F,314361,01c3ac68633465c7e5a5983ae1a49fecb14469c185a8d3d4c1f4204663f72a56
wqp,wqp:MNPCA-62-0055-00-201,1993-05,ANFIS-F,314361,01c473174b6b6d67c791faf698ffa3fa92bf77662faef7ae007e13c1edddab93
wqp,wqp:MNPCA-10-0048-00-201,2002-09,ANFIS-F,314361,01c60af51db7b8a29d0742c6f704c293cbc4524841d3d6ff81b262cf7c44fcb2
wqp,wqp:21DELAWQ_WQX-109191,2008-06,ANFIS-F,314361,01c612cdae4707a5cf6aaa9adbb0c4ad3e00d12e012c6cad4ad9fac000cd9334
wqp,wqp:21FLSFWM-PLN1OUT,1992-04,ANFIS-F,314361,01c7539246e83470f539cdb2979cce0e8a7957d414a7c93043fad751c9fc325a
wqp,wqp:21SC60WQ_WQX-CW-197,2004-08,ANFIS-F,314361,01ca7eadf5919b93830d1cf63fa9def31ad1e8338589d9c7c038a387a7c197f4
wqp,wqp:21FLSFWM-ISTK2,1993-01,ANFIS-F,314361,01caa3b4e6e71423a57e3b63a04b4cc34e68f625c3f6bf059745d25887c41535
wqp,wqp:MNPCA-62-0007-00-203,1984-05,ANFIS-F,314361,01d21d072d613b3f26da67d82ed5f3b353b9ad755efc9f336c824d1094790022
wqp,wqp:21SC60WQ_WQX-SV-357,2005-07,ANFIS-F,314361,01d27505b5bb2953e24dbef15d7278f8a72e95b7c932b5733d5f0258d82bf0c8
wqp,wqp:MNPCA-62-0055-00-201,2001-05,ANFIS-F,314361,01d3c1e2afc5b608e88dba49ad87f04918e13f9211305e053d588d3e89a7b9a9
wqp,wqp:MNPCA-82-0046-00-203,2001-10,ANFIS-F,314361,01d4a8003731636280686133219032c72e7c4e39b390a33bbb4550a51ded89e5
wqp,wqp:21FLSFWM-L005,2004-11,ANFIS-F,314361,01d500fa1f4bc0adebc79714e5709c3406f066f969bcf5dc0c3db9755f239ae2
wqp,wqp:21NC03WQ-NEU019L,2012-04,ANFIS-F,314361,01df616359f23657c68d0baff09510125e9c8a01e22423d61320ee9a3530edee
wqp,wqp:21FLSFWM-B09,2003-12,ANFIS-F,314361,01e0d68473655cda54265cd878f8c9aaa34bd0462029f84ac15b5cb9e18ae03f
wqp,wqp:21FLLCPC_WQX-TROUTDKEUS,2017-11,ANFIS-F,314361,01e4a132dda2d08f1b33e092277eb43fea3003461cabf1a550f257fb488200fc
wqp,wqp:21FLSFWM-PALMIN,1991-12,ANFIS-F,314361,01e5b06c393b9f5310bb9071ff4c2f120b7326433a849a5090667f7828623e93
wqp,wqp:21SC60WQ_WQX-SV-361,2017-12,ANFIS-F,314361,01e97eb3288b0b847e644a2b81f501006eb893b9a6cc3d8cd097829f2337c7da
wqp,wqp:21FLSFWM-PELMID,1996-10,ANFIS-F,314361,01ec84c31f0481c461f816333e357292bf35518550480b0b4cc2b58883658c32
wqp,wqp:21FLSFWM-ISTK4,1997-09,ANFIS-F,314361,01ecccd4ed60f5b9ee1b2a456494ffbe7ff8cd1226511c87b95e546bd2cac411
wqp,wqp:21DELAWQ_WQX-206361,2014-05,ANFIS-F,314361,01ed1ff9b9798b3497f5f2ac6342822fb33002875cece1008f9cbb6c113f84f6
wqp,wqp:21FLSFWM-ISTK7,1999-08,ANFIS-F,314361,01ed879877b3e5d51689f5353afc5c00b901980313ea559e8b2b4dbbc3350335
wqp,wqp:21FLSFWM-B05,1983-09,ANFIS-F,314361,01edf1d82918f1a20c193ca5ac3f2717e330784d9a379f9a8ef5746448185a5f
wqp,wqp:21FLSFWM-B06,1990-11,ANFIS-F,314361,01eeb2e0fee3b177793258f069e7b29d46c8462bd7ad987eafe4c928bf790ba4
wqp,wqp:21FLSFWM-LZ30,2000-03,ANFIS-F,314361,01f0e368dfdeae9b814ad90a87613dcd9217ceb8625cb174667157da6d42e681
wqp,wqp:21FLSFWM-L008,1998-02,ANFIS-F,314361,01f83c446d9dc6883bef439db3bdca886ce3498c2571f0f51c722586c900fff5
wqp,wqp:21FLSFWM-E02,2007-03,ANFIS-F,314361,01f873708c093c0a513ebfb1c62fb9eb0fa91ae38c764088c2628172af06acc2
wqp,wqp:USGS-423556088365001,2002-08,ANFIS-F,314361,01f98e50624caa41f64673c59d247b6a1ed049b0617309686edff8774a406980
wqp,wqp:21FLSFWM-L006,1986-05,ANFIS-F,314361,01fa581df1fb92326ff9742b3046e926d64aae67cba96531dfe9e01b6dfdfde7
wqp,wqp:21FLSFWM-E02,1995-02,ANFIS-F,314361,01fd40f6a4356908ddab097b265693c109b332b6104c679d2b9932db77df3902
wqp,wqp:21FLSFWM-ISTK1,1988-02,ANFIS-F,314361,01fd80e89f274e84fa503786b98f973a8806082414df2a90f0f14ae9d48870d2
wqp,wqp:21FLSFWM-A01,2000-11,ANFIS-F,314361,02031982affbd014e2a4fb998e5233d9c4a160ee38e129f4bbffb9f22d81cd4b
wqp,wqp:21NC03WQ-CPF055D,2013-12,ANFIS-F,314361,0208bf5296e669d60ce76807cea4bc67b884f49e36176a51121547c9a4cb2d94
wqp,wqp:21SC60WQ_WQX-CL-019,2017-03,ANFIS-F,314361,0209da56bd2281a11827f57e86cf6cfb5ba68cf6b54bea5ef18adbd6e7655e34
wqp,wqp:21FLLCPC_WQX-LKSILVERSHR,2003-07,ANFIS-F,314361,020ab095a97389431d140861a95269a52340dbdf6e296d311cc15cd357edc834
wqp,wqp:21FLSFWM-B02,1988-12,ANFIS-F,314361,020f06f0a69f81e8dcee057e70f28da313d21def6518586951331bb26a6a7b20
wqp,wqp:21FLSFWM-C03,1990-02,ANFIS-F,314361,0211b8ff1e4871ddfe4e0badb7a97d62cfd15182b1e7c544ed156d6a9a1a5ad7
wqp,wqp:21SC60WQ_WQX-S-308,2012-04,ANFIS-F,314361,02150d9ef523a28211d256efbe4f82d4ad4b8341789ac3bd5c1d3ddc95360383
wqp,wqp:21SC60WQ_WQX-B-327,2000-11,ANFIS-F,314361,0216adef86724540bb57a9efd0359aa22b05327ef5d19387650ca16cb7b03106
wqp,wqp:21FLORAN_WQX-CC18,2016-08,ANFIS-F,314361,02174f58039d022c494c46075f6d83aafdf8eb01d4d10b6ea0f211b14cd38d93
wqp,wqp:USGS-07049690,1995-12,ANFIS-F,314361,02190683ef06b77457fe06da73fe17090f49f4cc53b06acbb94bf2ccd5d8aace
wqp,wqp:21FLCOLL_WQX-LKTRAF1,2006-01,ANFIS-F,314361,021c19425528c43446727b95c6081444204d4a365bd999ad78bb2b3b0d82dfc7
wqp,wqp:21FLSFWM-B06,1987-10,ANFIS-F,314361,021e07076ffe35e3303bf6aef9b9e443c2ec509cfb91f55140e872713844ec0c
wqp,wqp:21FLSFWM-FEBIN,2003-12,ANFIS-F,314361,0224a02dc81c730c6a53a2ad3b38773b7c9cd52f540e19a1fe7b5a84ccd12ff3
wqp,wqp:CAPECRD_WQX-290,1998-02,ANFIS-F,314361,022680efe650758b7637a9784634418ff90a616fe40d5fac28702f58a6dcd56d
wqp,wqp:21FLSFWM-L005,1995-09,ANFIS-F,314361,02297862e7f3ec2586fb3f98c04a4eef81fb71b7cd43fa34f57d3018f269e4e6
wqp,wqp:21SC60WQ_WQX-SV-357,2010-01,ANFIS-F,314361,022c81ceb1f1def99eb958158a508b5f942e5673f90144430c91a80a9b4cebac
wqp,wqp:21NC03WQ-NEU019E,2012-11,ANFIS-F,314361,022cbce7ce87551928357da611660490731b89cbec66d2974b7c66ae5ec7f436
wqp,wqp:21FLSFWM-LZ2,2006-03,ANFIS-F,314361,022d502e61dc502c43aaeb725fb227c3a1d9459a843d7693173b03fcb4b60fad
wqp,wqp:21SC60WQ_WQX-CL-089,2008-06,ANFIS-F,314361,0232fded654285ec1dbcdcb7f2001c3b6d59b55f99eeae8f1d026c89f0bd5c88
wqp,wqp:KAWNATON_WQX-KN-KL-001,2017-05,ANFIS-F,314361,023321427ec5e4732d2f0727837f208ade5632670c8a17cd73fda294dc0cf3db
wqp,wqp:21FLSEM_WQX-COVEMID,2016-06,ANFIS-F,314361,0237c118a5cea69df149fb10026feb3709e78764194158375984c6a42dab0cd1
wqp,wqp:MNPCA-62-0055-00-201,1984-06,ANFIS-F,314361,023a6b16d8e35b76e29e991036308f88e1dae814a44567a734df6f45388105b9
wqp,wqp:KAWNATON_WQX-KN-KL-005,2013-12,ANFIS-F,314361,023c263c7c187712014bcdf3eb1c323eaff299988df9eb92302d492d4881beb2
wqp,wqp:21FLORAN_WQX-BC9,2015-05,ANFIS-F,314361,023eb0fa600c11a848d73120311c7cb3693e93d68ad4416f5e79b5aca9c6f3bc
wqp,wqp:USGS-07144790,2010-10,ANFIS-F,314361,02415cee3a6352e6d9ed2b4fc9302148d3fb695a25a8c208cd5d7c7309c606ad
wqp,wqp:21FLORAN_WQX-CC6,2005-03,ANFIS-F,314361,0241c8bedc3de188fa92c5acb2e83eec6aff1c3b349c2655b34dba48a3c7914f
wqp,wqp:21VASWCB-5ASRN000.66,2004-11,ANFIS-F,314361,0242e4be336f645552408e75f0eb003ca6a64445034ea64ad586335489b71c0b
wqp,wqp:21FLORAN_WQX-BC7,2007-12,ANFIS-F,314361,02436684f8ad8fa72358e55a644b3cd6bef6ff02faa427745b363092c4608664
wqp,wqp:21DELAWQ_WQX-202021,2017-09,ANFIS-F,314361,0246a7dbafff5d29db06abfe3e760806d713bd748d120c954f973f5bb6d95428
wqp,wqp:21DELAWQ_WQX-109031,2003-03,ANFIS-F,314361,0249c61fc84dc0b924e76ca41677a1c856b677f7fd445ec93a70826ce9c06dce
wqp,wqp:USGS-07049690,1988-03,ANFIS-F,314361,024abf69f3cd94ee8abc0817f14d736432c75397bd5a5ea886a95620486c4f01
wqp,wqp:21DELAWQ_WQX-303331,2009-10,ANFIS-F,314361,024c2eae8aa260cbd3df224908eed73ebbd29e3e85db1f99b5197dc1960d85de
wqp,wqp:21FLSFWM-L005,2006-11,ANFIS-F,314361,024e58fb9913f13efab5405750798b3aa2c83355f48d572e097c759cb964a065
wqp,wqp:USGS-423526088380101,2015-10,ANFIS-F,314361,0250428f03a0a9c90d9447b268c880840f61ebd734879e5686c811515237f3d0
wqp,wqp:21DELAWQ_WQX-108111,2002-11,ANFIS-F,314361,025096ef6a39f8e96c8ae1a9709b5dc461af00c54923d1b69f82810f3decbc3a
wqp,wqp:CAPECRD_WQX-262,2000-04,ANFIS-F,314361,025154523697e0ba7385d012751a3cc668dfe9aad56c2bd7c16464ec236511e8
wqp,wqp:21FLSFWM-KISSR0.0,1990-08,ANFIS-F,314361,02515ffa83b44fd491860e39c385d734cbf54968846a1ad6bc64994e2e9a0230
wqp,wqp:21FLSFWM-KBARMID,1989-01,ANFIS-F,314361,02523af10384bc7582d769d6f87e60aa7bc3ec86ea79f6ed001028c4ccd62302
wqp,wqp:21SC60WQ_WQX-SV-363,2013-04,ANFIS-F,314361,02598d140161f51c67dca4e91de3f05920694244a2c27cbe6bef49b2ffe8e802
wqp,wqp:MNPCA-25-0001-00-246,1990-11,ANFIS-F,314361,025a043f9397abfab5d1ead028aa99cdb6e8b45fe717c80fdb30793b5765b53f
wqp,wqp:21FLLCPC_WQX-YALEMARSHPK,2018-08,ANFIS-F,314361,025e56ded19ec845a47c56716bed9fca688d8f16670c7126a4a221cdd0a1fc0c
wqp,wqp:21NC03WQ-YAD169B,2006-07,ANFIS-F,314361,0263e3b09af163b7b9b555d71a868bd0297b6c342e26f4e48220fdb3f19611ff
wqp,wqp:21NC03WQ-CPF086F,2016-04,ANFIS-F,314361,0264fa5b1e7d6b45261c2d479211ee4d45d8405eb6c633cafc7d4793c1f68887
wqp,wqp:21SC60WQ_WQX-B-339,2013-01,ANFIS-F,314361,02653207492a83c5d7c0ca75560d628f4e04a7b43ffebbdf758a30d1c5576e19
wqp,wqp:21FLSFWM-LZ2,1991-04,ANFIS-F,314361,02666e3396480dc13b558dcd1c578db01fdf4739ce66ab78faa98cf27452f6b3
wqp,wqp:21SC60WQ_WQX-SV-098,2005-11,ANFIS-F,314361,0266a50dc365d85ccba953d229e7bc0b064f2078da85d61c1831aaa51e62f61b
wqp,wqp:21FLSFWM-POLESOUT,1993-03,ANFIS-F,314361,0266c9ab5360e7fed37fb5b994d770dc7f0fdd46f055f7fbe31cbb876cc702cd
wqp,wqp:MNPCA-62-0054-00-101,2013-05,ANFIS-F,314361,0267033d414fbb7e8d4fbbf60d95343b5d63fa743e7a32d4f2ba627b06f7424b
wqp,wqp:21SC60WQ_WQX-CW-016F,1999-02,ANFIS-F,314361,02675fe95ef28ab6e5aa9fbcc8692be6eaf8f400b3332635ad64b4a93ab96375
wqp,wqp:CAPECRD_WQX-280,2015-02,ANFIS-F,314361,0269d9837a5bb9a895e4ff31b888e3111998d3eb0a7950ae7cfa81aae32a4b37
wqp,wqp:21NC03WQ-CPF055C4,2015-02,ANFIS-F,314361,026cd367939b2ab44a7687c8d3f17fc69bd894afc7e720b4985b7f6ba75f1692
wqp,wqp:USGS-072632990,2007-11,ANFIS-F,314361,026d19be128da882ffea83ce51ea889adcfba78955d9b3d036ddfb92d091b52d
wqp,wqp:21FLSFWM-PLN2IN,1995-05,ANFIS-F,314361,026e115dd5a62032b45f2beb484f5b50533160b2a5740e1ac66e7980b04d0aee
wqp,wqp:21FLSFWM-L005,1985-02,ANFIS-F,314361,027281e6c5f8c18e0dc4a17c4c49c53c1122b39d3867a12f616f139441fc7a4a
wqp,wqp:21DELAWQ_WQX-108111,2011-11,ANFIS-F,314361,0276c5974cb54d887c11c4b6eed3b6b3f0e3f2d043dedd38f04bc2c7ffd384a8
wqp,wqp:21FLSFWM-TIN13700,1999-02,ANFIS-F,314361,0276fffd97cebfd76814ea05f07ec509156e8c2f9ad5a0f0e30be1ae83bf9e8a
wqp,wqp:21FLSFWM-B06,1998-07,ANFIS-F,314361,027b47e67d669d3770b145f292eb52890b45dffedf5b2c5abce1da383c847b9f
wqp,wqp:21FLORAN_WQX-BC9,2017-08,ANFIS-F,314361,027bd0eb1b155df78f7c769a2bb6d16d141a7eddd0b27cf99d6a1dc171c4689e
wqp,wqp:21SC60WQ_WQX-SV-340,2006-09,ANFIS-F,314361,027cd10b713a53b7161c986a999c7edcd0c214d97f0c8df6318a72725f12a2b5
wqp,wqp:LAKELAND_WQX-LH8,2009-08,ANFIS-F,314361,027d48c63c05ee9e0ad58961b707c7bc0034b4ac37e452dff9fb8535b48e4a0d
wqp,wqp:AZDEQ_SW-32,2016-10,ANFIS-F,314361,027e687063e9ec46ec6548058121cfbe7742efd15030090acf959c80a28b2ccd
wqp,wqp:21FLSFWM-TIN16100,2000-01,ANFIS-F,314361,0280d69946595d01f5b508b53e93a40ae5aa7478ed3175596a5b06a1ba5550e2
wqp,wqp:21SC60WQ_WQX-SV-331,2004-06,ANFIS-F,314361,0285647aac886b5fadbb355bb16d4bfcc336662c3726ab4cb7c2b0222ea132b4
wqp,wqp:21NC03WQ-CPF08801A,2001-02,ANFIS-F,314361,02895b8afed68159e80f43173ff1ff54040772bb6a8a76012136e719250df78f
wqp,wqp:21FLLCPC_WQX-GREENWSH,2008-11,ANFIS-F,314361,0289c93b08573076b24edce4c79a95d9e315544c0cb4b3deb24aa02e80f9657a
wqp,wqp:21FLSFWM-ISTK6,1990-03,ANFIS-F,314361,028a70886464fb853d53d226d16547a3baaf1f0103f3c58a73c06226351df7ba
wqp,wqp:21FLSFWM-E04,1983-12,ANFIS-F,314361,028d255e6d0639b25397fc0a189a7da5026078b660afdfe49b92cd410ea10735
wqp,wqp:USGS-07049690,1977-06,ANFIS-F,314361,028ef0f5d13f3c0ea5769319124335d8d16de95b7690718dea91fe1c9c0ee2ad
wqp,wqp:21SC60WQ_WQX-CW-207,2011-05,ANFIS-F,314361,029033c497bc621cba021db4111f58c76ebfbf2e82b801802dcf2fa51d10c290
wqp,wqp:21FLSFWM-LZ40,2001-10,ANFIS-F,314361,0290aa2c75a6fb672e07735c894580626c0889ff21528800da37f87aac125da9
wqp,wqp:21FLSFWM-STAKEMID,1997-02,ANFIS-F,314361,02918186d88415d461e0217ea72e10c186e365664643590957b21f037d4cb607
wqp,wqp:21FLSFWM-B09,1992-06,ANFIS-F,314361,0293f7efda3590a913b5d3ea80e4f93b920d060e3f3371b8b1215567d7f1cec2
wqp,wqp:21FLSFWM-PALMOUT,2000-02,ANFIS-F,314361,0294595bbf303a8dbde3a2145ae2c62326ebfdaddb05de6f9da051f8ff2a2f6b
wqp,wqp:21FLSFWM-L003,1978-04,ANFIS-F,314361,02952302ea654b3eee6ea84c9438feead52d99a0d6f54d007da2e25457b4377f
wqp,wqp:21NC03WQ-NEU019L,2015-01,ANFIS-F,314361,0296aec282dd6a8a395595b1148e6020e6904946555777caa074224808bb8e57
wqp,wqp:21FLSFWM-LZ40,2007-10,ANFIS-F,314361,029c01194f4ba683c5a9bf9c049bb1899ed10b697d4647923e3a12f04d197f40
wqp,wqp:MNPCA-62-0055-00-201,1995-06,ANFIS-F,314361,029e6f8f620151c599821496eb632d9b74be781e295504af87278102d441719a
wqp,wqp:21NC03WQ-CPF086CUPS,2015-06,ANFIS-F,314361,02a58c6dba0864004712b38fc6a1b61a0958a6562eb17a31be71c049568c42b7
wqp,wqp:21DELAWQ_WQX-208211,2002-06,ANFIS-F,314361,02a5e749b4067214b497558f1488f23c029de448aead7b6487dbc1660f0fe69a
wqp,wqp:21FLSFWM-TINOUT,1991-07,ANFIS-F,314361,02a72c33e4377ec710ddd9ac7dc942339c5c5e553c174e656dfc74e1b31e2155
wqp,wqp:21SC60WQ_WQX-CW-016F,2010-05,ANFIS-F,314361,02a78e7c0d090e57a1f25e0617f993f9d325c60451fb6c4bb6d6a937ef5fa8b8
wqp,wqp:21SC60WQ_WQX-SV-339,2003-04,ANFIS-F,314361,02a85f162de7958bc516e6ec0d2be01de8b8197a2885218b569fab073dca75a6
wqp,wqp:21SC60WQ_WQX-SV-268,2005-05,ANFIS-F,314361,02a9d516e96e8d559efc4f8d439807ace4c6100831522af845679bbd4ae45142
wqp,wqp:21AWIC-23,2001-11,ANFIS-F,314361,02aa6f1af66b355bc370324f5bcd4a09598d46e4fbc6f55541f018429cc50580
wqp,wqp:21DELAWQ_WQX-208211,2001-09,ANFIS-F,314361,02ac65dc398a73b21709e41b1767696a256815b53a3d958e1080232d5f88dba5
wqp,wqp:21SC60WQ_WQX-SV-335,2016-05,ANFIS-F,314361,02af910f16ecaaa1411d02fb901fa9dca85ec7895fe9fa5257035b6c6031df8f
wqp,wqp:21SC60WQ_WQX-CW-016F,2011-06,ANFIS-F,314361,02b089eb71584e580ecfa56d2db02fe523dff47f6dec4459be6738503a476a3f
wqp,wqp:CAPECRD_WQX-290,2018-03,ANFIS-F,314361,02b32dcaafa24871ff21e7296af8c40ed2fab1a7a28b775a37c7fae189ce5496
wqp,wqp:21FLSJWM_WQX-409555,2017-10,ANFIS-F,314361,02b46070dd5db827ac6e01c9cabfbdc6d64643294ac4dd3cca26568c535daee3
wqp,wqp:21SC60WQ_WQX-S-222,2006-07,ANFIS-F,314361,02b5c554260392ac6b9b343181787d24ff23f7d4103c12c0621d81a3fd8dc466
wqp,wqp:21FLSWFD_WQX-23113,2009-10,ANFIS-F,314361,02bdbdda4def49c22d7149931b25e2dd63c69696cf7080ba45e4c932f3eb32bf
wqp,wqp:21FLSFWM-LZ2,1993-08,ANFIS-F,314361,02be90143984a1e6e2febe201ee37020ce35ecc6a929f39253615ecd52ef875d
wqp,wqp:21FLSFWM-D02,1993-05,ANFIS-F,314361,02c272a8af465b43f6c2933ab9eaf4b956c28618035fddd3af4061d2441610b8
wqp,wqp:21FLSFWM-L003,1980-02,ANFIS-F,314361,02c700a84a04447dcbbabb035ea7bf18505494b41ad8192111507eff54c5705b
wqp,wqp:21SC60WQ_WQX-CL-019,2005-10,ANFIS-F,314361,02c7636b835e864d2df7f04ce426a16fd95d9d2700734c054aff76ef98f7e94a
wqp,wqp:21SC60WQ_WQX-SV-363,2015-04,ANFIS-F,314361,02c9cb26e54fbdf4f40df5903b57288f5b73765ddc79bae78099c5e7e93ece68
wqp,wqp:21FLLCPC_WQX-LKSILVERSHR,2005-10,ANFIS-F,314361,02c9ce43ba7eb02e71c00d271fc1221dacabcc5f85c766b4141eaee5e6792427
wqp,wqp:21FLSFWM-PLN1OUT,1992-01,ANFIS-F,314361,02cad1dbeaee281bd91be15175bc83d5e7d6664f5b3554412c2e3b47cccaf02d
wqp,wqp:AZDEQ_SW-33,2014-05,ANFIS-F,314361,02cc976222c5d09e3d1df1edb3756fa0e00b956c148dd056494c715ad618707a
wqp,wqp:21FLSFWM-STAKEOUT,1992-06,ANFIS-F,314361,02ceafbe16b3c1b8dc13b71622967e9692301164dde890c396b4f9d5b1d967cf
wqp,wqp:21SC60WQ_WQX-SV-331,2018-10,ANFIS-F,314361,02cf08938311578d8c047af1e6dd4cefc80504267ca0675f48bf60e158432279
wqp,wqp:21FLSFWM-PLN3OUT,1990-10,ANFIS-F,314361,02cfac42eb1928cdc49d0a62d58d1dc13f80576838c8d1d0ed54228058a377c3
wqp,wqp:21FLSWFD_WQX-23631,2006-02,ANFIS-F,314361,02d0113ab13c5e5cc10bd44829f04149046554029f9ecf14ef0ea9e0b09986a7
wqp,wqp:21NC03WQ-NEU010,2005-11,ANFIS-F,314361,02d28dc89263a61168808c3b9222300b2ebd98738bfdcec7e4b6d855ee04b661
wqp,wqp:21SC60WQ_WQX-S-311,2017-08,ANFIS-F,314361,02d3654148ada753c6318ae95111640d0c33202ec82bafad3b3a29819ff45cbb
wqp,wqp:USGS-423556088365001,1984-08,ANFIS-F,314361,02d866bf61d3080d200093127322ca8322ec373f55a9a149731eb25ffd87d990
wqp,wqp:21FLSFWM-E04,1989-08,ANFIS-F,314361,02d99bf943dbe694e54f0496162456bdd002d61ed8f5e7fd78be6dd85c4f3a9c
wqp,wqp:21DELAWQ_WQX-206361,2008-07,ANFIS-F,314361,02dc828f2d3afd727b1bc38b4148ed545af0ac4b2ed9eaefec8b3ef2b201bc87
wqp,wqp:21FLSFWM-B06,1985-04,ANFIS-F,314361,02dcf8c3572c8b3829d27efc67987b656896603736056b0ea7b8e54d9611ce2b
wqp,wqp:21DELAWQ_WQX-109031,1999-06,ANFIS-F,314361,02df5df1ba50f1cf2e0f258c1b946a226eb03d3b5b5d9aca8d6a4b6542258e1e
wqp,wqp:KAWNATON_WQX-KN-KL-005,2013-01,ANFIS-F,314361,02e1f0ecaabdfafa9404d3ebe75b71d3075f1d5a65b9fa93a862fcb044976e2b
wqp,wqp:21FLSFWM-B09,1992-09,ANFIS-F,314361,02e5047284fd9a04036d4f6a846eaf5a352ab4ec76b4f993556d03f0ee8fd947
wqp,wqp:21SC60WQ_WQX-SV-335,2018-06,ANFIS-F,314361,02e956fb22cacb741b1ee71597b74c7124b94175fc05aca3c638d8fff6201fb5
wqp,wqp:21SC60WQ_WQX-S-223,2004-03,ANFIS-F,314361,02e974b64f237157e8880f21895975fa385a4484e0c06f750494853ca347337e
wqp,wqp:21SC60WQ_WQX-B-345,1999-06,ANFIS-F,314361,02ecf833b731eb3e80af59cfd080fbfb13ad7d47627dd2f494a59f41b97ab846
wqp,wqp:21FLSFWM-TIN13700,2005-05,ANFIS-F,314361,02ed18551319c6f70c1d930a7ba8d3d2a2a599516ccdbdc69680214662924068
wqp,wqp:21FLSFWM-ISTK4,1994-11,ANFIS-F,314361,02ef5c52c411cfdd89cd58854b7792c974545194a0b7e1299fec4cc799271983
wqp,wqp:21FLSFWM-TREEMID,1996-09,ANFIS-F,314361,02f1723e1b73b4c89ad379199c899a9a02b4564e4d5cf69fa8c5c73ed9c22d63
wqp,wqp:21FLSFWM-TINOUT,1997-03,ANFIS-F,314361,02f36fd4dc5306901b0a2d8dfbb5deeb1023fd22af2a42782ffafeaa8443bb04
wqp,wqp:21FLORAN_WQX-BC9,2009-04,ANFIS-F,314361,02f4b59d2280a987a41827621a15c1e3a8081140ce98f9836e0599ec8bb1a310
wqp,wqp:21DELAWQ_WQX-110011,2002-04,ANFIS-F,314361,02f66a57ae2df55aa224ea7d87240c0df13f643ebab19e703e6901d565bec587
wqp,wqp:21DELAWQ_WQX-109191,2001-03,ANFIS-F,314361,02f88060935719d3afc6817fe2df8266326fff272cc6144b0eedd62db9fd52b7
wqp,wqp:USGS-423526088380101,2015-03,ANFIS-F,314361,02f98579f112748031722e02ec59d1a6d98886070cb485c231de528d222d8b37
wqp,wqp:21FLSWFD_WQX-23477,2009-05,ANFIS-F,314361,02fa88b2dcf22d8a79882532506b503a8581734468334832d810fa398e25660a
wqp,wqp:21NC03WQ-CPF086F,2009-09,ANFIS-F,314361,02fc75776635b377d74ea4f70b9c60244164f8efc3b1994801945a49ce9b7d13
wqp,wqp:21FLSFWM-L001,1982-06,ANFIS-F,314361,03022f0792cb95d5b672b6a8effa9b28e69ee69b2dc0c2afa5cf93bd9f04ab8a
wqp,wqp:21FLSWFD_WQX-23458,2010-04,ANFIS-F,314361,03099ebb8869fd64ca67c63cf8349cccc84c96a9201a7c217a5cae7bf64f5535
wqp,wqp:21FLORAN_WQX-CC13,2008-09,ANFIS-F,314361,030d7cc7c15eb20f523e8a343de2531d6c794a923f897923dcb5963d17626ad2
wqp,wqp:21SC60WQ_WQX-SV-331,2005-09,ANFIS-F,314361,030ec8ca9a3aa6154f63759aa29a0830cd6eb53731b9bd2f0a7c47360f3d51c6
wqp,wqp:21SC60WQ_WQX-CL-089,2009-06,ANFIS-F,314361,03120714c1db63c14f81ed38c706f840dc550ee694c3b0a46620605d892e43ad
wqp,wqp:21FLSWFD_WQX-23144,2018-07,ANFIS-F,314361,0312fc977f9460ebcbd890186515fb7cd29fba741f945ce4b3536ecda7adfd17
wqp,wqp:21SC60WQ_WQX-SV-363,2002-08,ANFIS-F,314361,03146dcaa04455f79441109c4af735b7fe778f0e1d13b422c5dabab63581015e
wqp,wqp:21NC03WQ-CPF086C,2010-11,ANFIS-F,314361,03149bc8835ddb86e647941953320f7ccb57c20268b3143c033ca2abef049eff
wqp,wqp:21FLLCPC_WQX-LKSILVERSHR,2002-08,ANFIS-F,314361,0317916dc9254803e27df2a6004def6a8f4af3362f5b2f8db35420a13555d291
wqp,wqp:21FLSFWM-ISTK5,1999-05,ANFIS-F,314361,0319dccbd27a053d2f908e66a84b2740aff926133c044409aaa59e1fabd25908
wqp,wqp:21FLSFWM-A01,1990-10,ANFIS-F,314361,031ab4465fd9847d326a1fbdf9bf269f949ef01cc527581f2c158b0a2caf209e
wqp,wqp:21SC60WQ_WQX-S-022,2017-12,ANFIS-F,314361,031ac5dac7c7e49fea5509aa07f11f87a2f0ed47f363c5e058d4a820c3dff821
wqp,wqp:CPNWATER-WW#3,2014-10,ANFIS-F,314361,031eadb11c1a7da439002e85aedde4838cbf7c52cca5d744251bed7e7c4927e5
wqp,wqp:21DELAWQ_WQX-307011,2016-01,ANFIS-F,314361,0320c4c2ea692e120482c6e45268fc310e5aa9c267510ea2bc6cd9f87a9d11d1
wqp,wqp:21FLSFWM-FEBIN,2001-12,ANFIS-F,314361,032303821d1b892b99af5ae35afd984498908a1d7413698a6b39b6d22e781cd5
wqp,wqp:MNPCA-25-0001-00-246,1991-11,ANFIS-F,314361,032837027eabc0effca0c4786129b0e39b0ffd1aafbfed1448f96469a6375485
wqp,wqp:21DELAWQ_WQX-109191,2017-12,ANFIS-F,314361,0328d11a404612875660b646c92475b178e222f3e9dbdee48394a31fa6e03372
wqp,wqp:21FLSJWM_WQX-44678,2018-02,ANFIS-F,314361,032adc96c30fe171c865185e12ef33ec888821e4656771aeb1240a59d16ddb00
wqp,wqp:21DELAWQ_WQX-307171,2012-02,ANFIS-F,314361,032df41779d3d8a42a147c8c2e4c3536793717f7d5992a669b347d2eb3d1cab7
wqp,wqp:21FLSFWM-TIN8100,1996-02,ANFIS-F,314361,032f445fa835e3e60fb0dafff64cdb272eb0e86c01e25511a79f748bd5ff2210
wqp,wqp:21FLHILL_WQX-135,2015-04,ANFIS-F,314361,03309ed939b95e0d27bbc6da2e740d1fca4061f1024f2c7400e2579863a42842
wqp,wqp:21SC60WQ_WQX-SV-339,2016-05,ANFIS-F,314361,0330a42be20fbd0d2ebe332418d797ad4b076d4b9a026c62bdeba87356a61b07
wqp,wqp:21FLSFWM-L006,1988-11,ANFIS-F,314361,0333f2aa4d4b4627aba71ceff11623ebf905458a5051aebb964358ff77e65893
wqp,wqp:21FLLCPC_WQX-EUSTISSSH,2014-05,ANFIS-F,314361,0335774daafa95a6295864ad649bf8805a96d50172ca4cd48b211520b5b4ec35
wqp,wqp:21FLSFWM-LZ2,2009-02,ANFIS-F,314361,0336dbed59bf2fa8ae7c5ce56c82cb136081d1290f14aaba0d0632e4c9f25f74
wqp,wqp:USGS-295554095093401,2017-01,ANFIS-F,314361,033792ed110db3e51a19297ca578583279282048849ed2ade1cfed20f892b3e9
wqp,wqp:21FLCBA_WQX-WAL-MORRIS-3,2018-09,ANFIS-F,314361,03395fe387f36451767ddf3232e45ac92b207411c02e1a375d85dc156c618c77
wqp,wqp:21FLLCPC_WQX-IDAMERESSHDK,2012-04,ANFIS-F,314361,03396ac6508b7828353edc436e203327f258b62cc489b49f44fcb86ad844709c
wqp,wqp:21FLSFWM-L008,2002-10,ANFIS-F,314361,033b51086bd7ed1f21e1b15947e629a50a1341925fae1879d92945d68fe25e1c
wqp,wqp:MWRD_WQX-MILTON3P,2013-08,ANFIS-F,314361,033cd9e44307946a9150bc40cd9e5a86e79eae7f9f7cdd1b34faaf95bb8ec0c6
wqp,wqp:21FLSFWM-A03,2003-06,ANFIS-F,314361,033e5b976ac1b4fc1e54a76416ab7e43b5022a1b3a50888a48e6958ee8bfc5df
wqp,wqp:21FLSFWM-B02,1986-07,ANFIS-F,314361,033ed6e30a3c7491aa1607796f7c6960d297beb57e7ea9118603f7f488045998
wqp,wqp:21DELAWQ_WQX-205211,2015-10,ANFIS-F,314361,033fe940aca21c9a120bd37b7f2a75c76019b56143b06ca3221ef4ca34134064
wqp,wqp:MNPCA-62-0055-00-201,1984-03,ANFIS-F,314361,0341b45377bc39c96f3053d9393d9f737170414b1c294824b2f06caee63cf209
wqp,wqp:21FLSFWM-A03,1996-05,ANFIS-F,314361,034204b35914cf6c8131ebc34bc114e4226d2aa42ea83fddd79b9daf06ca310e
wqp,wqp:21DELAWQ_WQX-108111,2005-03,ANFIS-F,314361,0342406c794a623efe4bfaeb05f4ad0adb6cb5956d0f0a63b5f389d8170958ad
wqp,wqp:21DELAWQ_WQX-202021,2000-05,ANFIS-F,314361,03436e6a017d353d8320136d982dad16bb6708e15a7c0fd2292257c059146a1a
wqp,wqp:21FLSFWM-LZ2,1991-06,ANFIS-F,314361,0344d19ff875f486e746deaf17a65ee563f1abc77608de6f568d814489922d69
wqp,wqp:21FLSJWM_WQX-44673,2018-06,ANFIS-F,314361,0349305d2b8f0f6d9a2304eb7b9d7aac437c5ad22ca67afe72712367650758c3
wqp,wqp:21FLSWFD_WQX-23113,2000-09,ANFIS-F,314361,0349792c0bf1ffeaa6ed0d439d2384ef8dd0916455ff85a42c7aca96f3498957
wqp,wqp:KAWNATON_WQX-KN-KL-004,2015-09,ANFIS-F,314361,034ca737efb41210abb8903261b522cc54cfc08c81a6f6ac6b189cad58f90ea9
wqp,wqp:USGS-07048910,2016-06,ANFIS-F,314361,035169205be6b4dd625680a17302d1b64704b162145f1995c80c401bb314af12
wqp,wqp:21DELAWQ_WQX-205211,2007-04,ANFIS-F,314361,0352cbb69f2f5569f225d7dd537df1660b5ccedcd2f4f02ed1086f55a4a5fe14
wqp,wqp:21FLSFWM-STAKEIN,1992-01,ANFIS-F,314361,0352d9888c5143d7a7105cbb2e05be04cc3bd4f7f4531efc0bdefa713c4f9ec4
wqp,wqp:21FLSFWM-STAKEIN,1988-06,ANFIS-F,314361,0352f6199cb8bfc8c813320dce9752d8e062491ff0dab33f6d5c8bb3177fada7
wqp,wqp:KAWNATON_WQX-KN-KL-001,2018-09,ANFIS-F,314361,03562f74d503ade5d984c7e10fc2adf3911df78ad3e413149353cdc1b5f42bc8
wqp,wqp:21FLORAN_WQX-BC6,2014-01,ANFIS-F,314361,03583a874bb70769fc6aaff4a9e722d57f615d0dfcfb12b8bac6e11c536fe4ab
wqp,wqp:21FLSFWM-B02,1986-01,ANFIS-F,314361,035852384d81d451c480c2ea5bb355abe3b5cb42064dfc854ad9e0cb10e9f08c
wqp,wqp:21FLORAN_WQX-CC9,2009-03,ANFIS-F,314361,035d4e36de1d96697d8f4e17efd2fa2f59af144bc344846b453272daf261a40e
wqp,wqp:21FLCOLL_WQX-LKTRAF4,2014-12,ANFIS-F,314361,035ef5d7b770118ab01fb278536c12dc6e61e1090e77651179dbe923eacb3950
wqp,wqp:21DELAWQ_WQX-206461,2003-05,ANFIS-F,314361,035efaec9ef9be43463e90a5aed00dcb5c3d3257f33bac4e43e73c113fee8a02
wqp,wqp:KAWNATON_WQX-KN-KL-002,2013-08,ANFIS-F,314361,0361081e4480055122b08a049b2e7487cb9dede7b97da0e9f9e198dae616be79
wqp,wqp:MNPCA-86-0284-00-100,1986-09,ANFIS-F,314361,0361c508dda3e14268c775b15b3fc9abc98578d11d597f9621638144653f3833
wqp,wqp:21FLORAN_WQX-BC6,2007-08,ANFIS-F,314361,0362ace234cdcb0018b71265229e2bab9a65b41e820019d182efda51edc80d37
wqp,wqp:21FLSWFD_WQX-23624,2009-08,ANFIS-F,314361,0362c2a4cf8e85484031ac539732516459c7d405736fd9f2b21d39dd72c198aa
wqp,wqp:21FLSFWM-L005,1997-09,ANFIS-F,314361,0363e128e6ca54246f273cee2ada3f13d9a34abcfcbd88251802c5b405363232
wqp,wqp:KAWNATON_WQX-KN-KL-010,2014-12,ANFIS-F,314361,036446560088d8adde52045ea72ae6c5974b2ac8bf5fa664432c58f1a6cefde1
wqp,wqp:21FLSFWM-LZ30,2007-04,ANFIS-F,314361,0364595d0ef4de55fb19b6c870d27900c20d33b4f7797e888089755ddedc1efd
wqp,wqp:21FLCOLL_WQX-LKTRAF1,2011-01,ANFIS-F,314361,036549d5fe433dcc3fb35046047ec53615062b973182d59f13f83aeddfffd89d
wqp,wqp:21FLCOLL_WQX-LKTRAF1,2008-11,ANFIS-F,314361,03656d682bd268e14f6e7cfa89e476d245e7dc44fbc0f044e1127248b6b1fc9b
wqp,wqp:21FLSWFD_WQX-23438,2005-04,ANFIS-F,314361,03658cfd32544daa33b92a47f340cfc7371b4d79e9e2ac082706ec14204b58d0
wqp,wqp:21FLSFWM-KISSR0.0,1990-05,ANFIS-F,314361,0366ffb3ec47dd1cdf157376dcdee9698bfc77cf9e4cd0fb59785c3c091d51fa
wqp,wqp:21SC60WQ_WQX-SV-363,2008-04,ANFIS-F,314361,03682590f6c62c8729ead8ffe6464004a3de74d94a39add5f4c66e7e5c319825
wqp,wqp:21FLSFWM-FEBIN,2005-02,ANFIS-F,314361,036a2e58009d6dcfa968e7a5b0b2df1a127acceb17f929521d1c849e8efc14c8
wqp,wqp:MNPCA-82-0046-00-203,2002-08,ANFIS-F,314361,036cd66c38cad459f9bba45a121198bdebbc86654ff0d9eb65f1e7b9bd26ba96
wqp,wqp:21FLSFWM-TREEIN,1997-08,ANFIS-F,314361,0373c2f6c9c10b43cb13ddb121aed7a867d2e46fedefd806c7010ac962b34142
wqp,wqp:21DELAWQ_WQX-304321,2012-06,ANFIS-F,314361,0375cbee696b12c7ea49c302f0dcd43afc99088fd372c802172521090c32d6e9
wqp,wqp:21SC60WQ_WQX-SV-200,2011-08,ANFIS-F,314361,03776486315a846a24f8d7a05af772a068e117376824896aaa47b8e223523658
wqp,wqp:21DELAWQ_WQX-304321,2001-06,ANFIS-F,314361,03776c106ddba827e088aab39f9a708af838f90a7e688612484ec36e1526af0b
wqp,wqp:CAPECRD_WQX-280,2012-05,ANFIS-F,314361,0377ccc1dce09adfba1ac2050c84a9ca90065cb61dea2c2191a0954013996959
wqp,wqp:MNPCA-62-0007-00-203,2009-07,ANFIS-F,314361,0377e2ecee34bcffdc6c4fcad993ba43868cd9e0e3dfcc7d58c0cede241f62dd
wqp,wqp:21NC03WQ-NEU019E,2006-12,ANFIS-F,314361,03782de9a89499d246f3ccd76a5b905ad0186c418ce2ea6c538a6e5728863bf1
wqp,wqp:USGS-07049690,1996-10,ANFIS-F,314361,037bbfeba6766852c52c29be64416d40da56ebc584090116d89428bfaa0bc6bb
wqp,wqp:CAPECRD_WQX-262,2007-02,ANFIS-F,314361,037bcbb9a969af255826a57f2b9f316cc6df7fc3ca7de79003d67713bc82d30d
wqp,wqp:21SC60WQ_WQX-S-223,2005-10,ANFIS-F,314361,037d5568e6615e4a1b4582482bd8b751efa5a4a255e6770912e423c845199593
wqp,wqp:21DELAWQ_WQX-109031,2007-05,ANFIS-F,314361,037d65b37e68b834fffa3b437d4ada7131596c831ff8eb20ed0974333d633aa4
wqp,wqp:21SC60WQ_WQX-S-310,2002-08,ANFIS-F,314361,037e7c94dadc3eb700fe0b45791361891849ab6f63c0a8ac1e4b0eba9df60bff
wqp,wqp:21SC60WQ_WQX-S-024,2016-09,ANFIS-F,314361,03805d257e899d63d80d18b4b7c686dc2e9638c4aa627bbc7c91d18f340c7ffc
wqp,wqp:21DELAWQ_WQX-307171,2014-11,ANFIS-F,314361,038649bbb4701cbbd8402eae5c060e9d868808ee3ac0252c631f48bbd7473b7f
wqp,wqp:21FLORAN_WQX-CC17,2013-11,ANFIS-F,314361,0387e42f45cf55ec2be9733d2d61434085fe512173e86e6a9b61634fa460d1bd
wqp,wqp:OKWRB-LAKES_WQX-520710020020-05,2007-01,ANFIS-F,314361,038aca9913fc29b6ccf538ca786d53d3a9b7eda51fe6fbf6f1487615313a4495
wqp,wqp:MNPCA-25-0001-00-225,1995-07,ANFIS-F,314361,038bc0877d186082bc6417e6803787a2798da76f21625434a14f037435de4d3d
wqp,wqp:21FLSFWM-L008,2002-03,ANFIS-F,314361,038c053571260fbbc25e0265bc6a8c2d0ac1050bae5a7d8e671d40b83f2474d9
wqp,wqp:21AWIC-81,2016-06,ANFIS-F,314361,038da270768ef816e751a777d0cb4def04203d157b33f033b27760f46d05ad50
wqp,wqp:21AWIC-81,2018-09,ANFIS-F,314361,038f8723ff6211d1fc9c8d0ed78e1af76806732c8dba66ff7fda50733def8156
wqp,wqp:21FLSFWM-B02,2008-10,ANFIS-F,314361,0391c99c17715429990ff206b8cc362d8665a674a083ab959d898cead61317ce
wqp,wqp:21FLSFWM-L004,1998-09,ANFIS-F,314361,03986456c08282d7954103e68c3aa68ae7bdc7e706f00e7a77244d7bce2fd0a0
wqp,wqp:21FLSFWM-L003,1988-11,ANFIS-F,314361,039ae0f32a6a4685d5207526d307b324e2c8871d536a86cc380e898fabfb33e0
wqp,wqp:21FLSFWM-L006,2003-04,ANFIS-F,314361,039d4fe47fa20508fe0269a8290fec2ceb12642eb9e888a1eb0d48f6eb5cbfb1
wqp,wqp:21FLSWFD_WQX-23613,2008-08,ANFIS-F,314361,039e5ce7df6dd2a25686269b9fa569bbdd46e540b4cdc6823458b34e3786b808
wqp,wqp:21AWIC-23,2017-05,ANFIS-F,314361,039fda25a6759f752c0a350324ffaa55b9b1e4e4c8c6120ab2210b08ef98a7e6
wqp,wqp:21FLSFWM-B09,1994-10,ANFIS-F,314361,03a1092c0ab2c531e90b2ea0cc750fd23617edef90a88a42d2cfe76b8657b794
wqp,wqp:21NC03WQ-NEU018E,2007-05,ANFIS-F,314361,03a36034a22bb3b84c124f0ef756664040c1a4619f55274c5ed7c62c2789596b
wqp,wqp:MNPCA-62-0007-00-203,1998-09,ANFIS-F,314361,03a5ca82833dd01e9cd42a155139afd3cd94a383cfd21f7a9cafd7cefd94fb71
wqp,wqp:21FLLCPC_WQX-IDAMERESSHDK,2014-01,ANFIS-F,314361,03a6a2f1e0e095fa1beae42555c795b0a82dfba62fe224792a9c13d92a27f558
wqp,wqp:21FLSFWM-ISTK6,1993-05,ANFIS-F,314361,03a71eac1edb0c6ea89ac783cadd2ae17a5cd29323c2694af675c1c256d709c0
wqp,wqp:21DELAWQ_WQX-303331,2017-02,ANFIS-F,314361,03a9bfb28d03505d93421956c14ee056a1830f09fca25f158fab83316c0c8fae
wqp,wqp:21FLSFWM-KISSR0.0,1995-12,ANFIS-F,314361,03ac24765630534a23b84387799245010bcc621e86dc331eb8d63acfbee76066
wqp,wqp:21FLSFWM-L006,1980-11,ANFIS-F,314361,03ad2153e2a183bb1659845647a7fad43ec63a78ee9e4eeb2d80fa29a7ce1b15
wqp,wqp:MNPCA-62-0055-00-201,2003-07,ANFIS-F,314361,03ad32dc9ed6d99ba5aeb36218e46cf453af4e4dfc6e8c2f577336c04ed4eb5d
wqp,wqp:21FLSFWM-L006,2008-10,ANFIS-F,314361,03ae08a37301de7984532cb2e0b3893a8a4d3c0dd2512611fcc8a70715fb5ad8
wqp,wqp:21FLLCPC_WQX-IDAMERESSHDK,2012-07,ANFIS-F,314361,03ae999f2e9131945848067ba7d2a171402c5c2dd232e640073155cd8ee77eeb
wqp,wqp:21FLSFWM-PELMID,2005-04,ANFIS-F,314361,03afff228c5f07ded2b9bbd01554410dbf483aad13bd0e57712b184e44830ab9
wqp,wqp:21FLSFWM-E04,1984-08,ANFIS-F,314361,03b0cd375cddf28c0d8ee738ed20a9ba7b80948c804b100afd8c0627aeeb68e6
wqp,wqp:21SC60WQ_WQX-S-022,2015-06,ANFIS-F,314361,03b11ae03b7be4ddab448fb5a4982d31dd1c92428f959cc0c76cd262786e2a25
wqp,wqp:21NC03WQ-CPF081A1C,2008-06,ANFIS-F,314361,03b2a04395d9370b8938919a9df23cfbaa674a9c120ecb8170716b7a1936346b
wqp,wqp:21FLSFWM-D02,2001-01,ANFIS-F,314361,03b2ceda66a6ffd6bf7ee4bc0072c75946a727153c39b5cdc80b001e0eaa180b
wqp,wqp:21SC60WQ_WQX-CW-197,2017-10,ANFIS-F,314361,03b7d5d30b55639fad70a0f71ce84865d09eda15daa1c262170338f1e886cf9b
wqp,wqp:21FLSFWM-L004,1987-10,ANFIS-F,314361,03b7dfdb74c5fdd4142d67d88936b8a1678656f0fee3c817d64bb49818092a07
wqp,wqp:21FLSFWM-CLV10A,2001-10,ANFIS-F,314361,03b8a37e4c85b1435de11150fd604359bd64e27080020350d22f0a6f32542e98
wqp,wqp:21FLSFWM-PELMID,1993-03,ANFIS-F,314361,03b985017690a8ba59454fd2a935e956e040430eca9d1b82be53a95d9faa1cfc
wqp,wqp:21FLSJWM_WQX-105729,2018-10,ANFIS-F,314361,03c00b0f421d7e3bad046018d258e2ee86799880e8e3d6b01c85ccd01fe71467
wqp,wqp:21FLSFWM-L003,1995-11,ANFIS-F,314361,03c150dd3c95c4f3553b7906f67d011a7add880aadaa8558647f5acf3512e66a
wqp,wqp:KAWNATON_WQX-KN-KL-002,2015-10,ANFIS-F,314361,03c1bfb87c311e8d1147a4f5879d769f9ee3b60a02f13ef2932c2342376fdba5
wqp,wqp:MNPCA-86-0284-00-100,1995-08,ANFIS-F,314361,03c202f870a0b48a95e21146de01309156df1bff5b7e9fd269d8336550002b29
wqp,wqp:21FLSFWM-LZ42N,2009-03,ANFIS-F,314361,03c24973919b664f5e56bf87dfac902222f12bb272eccc5509c826afa066d6df
wqp,wqp:21FLSWFD_WQX-23113,2004-11,ANFIS-F,314361,03c5083881a1a3e23d6de5f0f9c5bccdecbad3e08fa1e5e113011b177cc05116
wqp,wqp:MNPCA-62-0013-00-201,2013-08,ANFIS-F,314361,03ca74b28c7946b7ef9b1dbb5ffb6ac3785f927513620447439545c9869d7ac3
wqp,wqp:21FLCBA_WQX-WAL-FULLER-1,2018-12,ANFIS-F,314361,03d042bf1797111cda0849a119f629141d1fab4ba15889c1d10585ad8f77c85f
wqp,wqp:CAPECRD_WQX-280,1997-03,ANFIS-F,314361,03d055967400d5a8466f5b18c3d928122fa0042ef4f0efe763d5a243a6a5ea93
wqp,wqp:21SC60WQ_WQX-SV-098,2016-11,ANFIS-F,314361,03d0621b54bff342d34c0d3800cdd77c6d22a9c335f3145e282943b8ef6b5873
wqp,wqp:21FLSWFD_WQX-23144,2002-03,ANFIS-F,314361,03d07c8016da40e9ea2a805ae170c087acf3474e60ade94e1cb774c5e6b0004c
wqp,wqp:21FLSFWM-D02,2009-01,ANFIS-F,314361,03d0bf76500e3d9949da01bfd8be9f595fa0fe17371a48d56ec339a14561cade
wqp,wqp:21DELAWQ_WQX-307171,2016-06,ANFIS-F,314361,03d1fe29941006673d2ea97a11a34010d157f15716eef32695875d10e13da5fd
wqp,wqp:21FLSFWM-POLESIN,1997-05,ANFIS-F,314361,03d21b2e98bf59db86fff539187efa1ce37d3fb1ae39988a33aaac3f15b7b4e1
wqp,wqp:21FLSWFD_WQX-23613,2015-12,ANFIS-F,314361,03d73ed6beaf80c2e947ec8b35dc9aea9ae7f94c7191036bdb3f36b83e744b31
wqp,wqp:21FLSFWM-E04,1998-09,ANFIS-F,314361,03d8e98032ed50e7c6476815f480c031fab5e6c235541296a277e0a37b47c0c4
wqp,wqp:21SC60WQ_WQX-SV-098,2006-11,ANFIS-F,314361,03da31cc3b425e5c16eda480a212cae13a204d337f0166cb0b3c0857b3ee6395
wqp,wqp:21FLSFWM-L006,1993-08,ANFIS-F,314361,03da3a9e76a4af71fed902321f46236cf663ff417c1383456bf84a10098a479f
wqp,wqp:21FLSFWM-POLESIN,1994-03,ANFIS-F,314361,03da59ebc483fdfb5565a26c4fdf074d20ac45769fd379b3aa7a88ee00e45528
wqp,wqp:21SC60WQ_WQX-SV-331,2000-02,ANFIS-F,314361,03dcd0919d0318ac01d6ba111c75217f41f21c72bb22835c8ba6a5f70be1febb
wqp,wqp:21FLSFWM-L005,2004-07,ANFIS-F,314361,03e0dc0c6d5c136493bf188167d62545530c8aa707ebdf0f7efaeedfb182176c
wqp,wqp:21NC03WQ-B2450000,2018-06,ANFIS-F,314361,03e2cfc6c9d43e6c9d9a20de599a571bcf11b31be477281c406fa205e1bba785
wqp,wqp:21FLORAN_WQX-BC7,2018-01,ANFIS-F,314361,03e35cc0c6c5da6bae771e64295d9d3dac3ad6fccb2f0d061bddd11f0adac8fb
wqp,wqp:21FLLCPC_WQX-GREENWSH,2014-05,ANFIS-F,314361,03e4344b4ce05d991d9af14a640d3ddca07c25da798357c01b5204dd80b7c9fd
wqp,wqp:21AWIC-23,2014-07,ANFIS-F,314361,03e949e96105fe63693b2a3126ef69f417c18efb6362838cadad7480f5270c1f
wqp,wqp:USGS-423526088380101,1984-03,ANFIS-F,314361,03e9ca86d43eb006dd7b2e4f3330008da362f0c962e3f91b803fbc13290d8261
wqp,wqp:21FLORAN_WQX-BC11,2006-03,ANFIS-F,314361,03ec5cfc9a22b91f79aec7c1724029dc3b4fe62030d1e95d859dd0c28d4d7685
wqp,wqp:21NC03WQ-NEU019L,2007-02,ANFIS-F,314361,03edcc0d7e153ffb78418c1d6465b98dfcfec41074982e36e181f24eb326ed14
wqp,wqp:21FLSFWM-PALMOUT,1992-09,ANFIS-F,314361,03ee9e77f24de8dadbf8ecfea9be3f12dee93b03d2f41e25ef6fe9e535828f24
wqp,wqp:21FLORAN_WQX-BC11,2015-02,ANFIS-F,314361,03f17be242b9ec8c8792b11c9a01689667bf2913c496753f5fe081b88b4891cb
wqp,wqp:21FLSFWM-KISSR0.0,2005-07,ANFIS-F,314361,03fc3fcdb0061a1cb3363c6cee76cde350430b3b85c2062761ab84b3b4ffd1a1
wqp,wqp:MNPCA-47-0042-00-201,1983-07,ANFIS-F,314361,03ffd6d71986b565c02ed903efa073a5927507512509f5caf903c3b50be2d5c2
wqp,wqp:21SC60WQ_WQX-CW-231,2014-11,ANFIS-F,314361,0401c251124cfd69d16a6a49583d4a4fa3eb44e12a3effcbf31f15b1d4a1cc35
wqp,wqp:MWRD_WQX-MILTON3P,2007-11,ANFIS-F,314361,04034e8446086be98d14bb952c825165f0f358312d557c3a8655f19a5137169f
wqp,wqp:21FLSFWM-STAKEIN,1988-10,ANFIS-F,314361,0404c3f2ef005f568e3fd31fb5cebf45cad67e37f674c66bcdcab93a8e62cd49
wqp,wqp:USGS-423659088354401,2012-11,ANFIS-F,314361,040567ffe348582d3b0ea4af8e53c62cbf546c0b9fb80343c2aa325b2db4247d
wqp,wqp:USGS-07144790,2008-07,ANFIS-F,314361,040634eb3bb47a2feb45a108d5e510abb36294e8f2f7d98db70c1770d352f75f
wqp,wqp:21FLORAN_WQX-CC6,2009-01,ANFIS-F,314361,04089f2d153b1021e7a93c91374fbce101fcf11d12ab145e3cdeca8522b83268
wqp,wqp:21DELAWQ_WQX-108111,2015-05,ANFIS-F,314361,040c93eb6f1c972dfe0ab49fffd5ac46cd680ef63efb867d6d99ae7d7ff0dc37
wqp,wqp:MNPCA-47-0042-00-201,1984-10,ANFIS-F,314361,040d2b89d43ed903f1267c6692254cdc0d5e8586482a5eb8389ca0c2eda05172
wqp,wqp:21SC60WQ_WQX-SV-339,2006-07,ANFIS-F,314361,0413dfaeead8737548f4840d1c2cd842376bb456018264d246ece0305fea45b2
wqp,wqp:USGS-07049200,2011-11,ANFIS-F,314361,04150546f5aff1e2562d5c0a678967759eed91e7cb4d2462efe00f78295f91aa
wqp,wqp:21FLSEM_WQX-COVEMID,2017-02,ANFIS-F,314361,041c409c6b3236f1d93425783ca51215c32319d5318b32919b9e9c5170c4d0e3
wqp,wqp:21DELAWQ_WQX-202021,2016-01,ANFIS-F,314361,041e7016639e3922164f3727dfa06b44c25219960f6f05b2a3cd8ac5c74235e9
wqp,wqp:21NC03WQ-NEU020D,2016-05,ANFIS-F,314361,0426227b99008acc8d8314fba32f1b7fb9de182c86b6ccfce14d79faece8b40c
wqp,wqp:21FLHILL_WQX-135,2015-08,ANFIS-F,314361,042634d3398a3541d172674e33fbaa537940fbc4947e0b734b8bc74f9e1bceed
wqp,wqp:21SC60WQ_WQX-S-310,2007-09,ANFIS-F,314361,04289f5bca6aa73b200225a2378c477a9ba2192c067d5d5bcd46feb9b7494d65
wqp,wqp:21FLSWFD_WQX-23609,2007-04,ANFIS-F,314361,042bca82c2e7773eec87800118d47b1359e252dc768e52df93cd3c4cb2311214
wqp,wqp:21FLSWFD_WQX-23613,2007-08,ANFIS-F,314361,042c4a919c127e60a43425ea1bfcbaa42c8c4e12cdba13164526a53a9085a15d
wqp,wqp:USGS-07048910,2003-02,ANFIS-F,314361,042e85e40be6eda1435120b6bda2a93efe450914a359036ee02f19e4bb6fe695
wqp,wqp:21FLSFWM-A03,1983-02,ANFIS-F,314361,042fde002222244d9cd97f8a3a6eee969facda594c9e2e29455eaccf694d93bf
wqp,wqp:21FLSFWM-C03,2002-01,ANFIS-F,314361,043862f496784b15cf67eae88d13b3c51e28f4750407b00ddeadc0f808b2779a
wqp,wqp:21DELAWQ_WQX-109131,1999-06,ANFIS-F,314361,0438738a792882602e3fdfb73ed170335d384be57e654f72533033b523c6f90f
wqp,wqp:USGS-07049690,2001-03,ANFIS-F,314361,043931616aa877084845961e3429b27eb8625fe79e10dca10be9fd3e77a0ee7c
wqp,wqp:21FLSFWM-TREENOUT,1989-03,ANFIS-F,314361,043fe8352f6ad66b57b2c2fc110ad2955a6ce0df325fedc2d1cd8663c7200c9a
wqp,wqp:21SC60WQ_WQX-PD-327,2002-01,ANFIS-F,314361,044097237d9ee64d66e52a1c55945b4884a179256d222441f7fe64aa4e686873
wqp,wqp:21FLSFWM-L008,1981-01,ANFIS-F,314361,0440c619900eea929805c755fe81692e8dc46c65d6d018a49ea5d0e22305e06d
wqp,wqp:21DELAWQ_WQX-109191,2005-09,ANFIS-F,314361,0441e28cee37e0bd8846b7b350ede64a491cbe6c96e0805b835ac1e80989e9eb
wqp,wqp:21FLSFWM-IPOUT,1990-09,ANFIS-F,314361,044635b3eb68fda288ae93bea44549669e4718164b1a2d811acac14a666ab817
wqp,wqp:21DELAWQ_WQX-109131,2001-09,ANFIS-F,314361,0446e5e60cce08458fbd85399dac19563b3cd9a97b2a7739845811f32bd8a844
wqp,wqp:21FLSFWM-L005,1982-01,ANFIS-F,314361,04481ab609e0f51597a02152e5decd7bd356e36f1be56a4844eee2cad119dd78
wqp,wqp:21FLSFWM-L004,1994-03,ANFIS-F,314361,0448b6c01b11692d4f3afa852767616d26641852c719790a08af3da2fda0f3ea
wqp,wqp:21FLORAN_WQX-CC22,2005-07,ANFIS-F,314361,0448cb1e03eccc7e16762db9e94e8d2dfa4e3f973a6afaa90047a259c9658fc7
wqp,wqp:21DELAWQ_WQX-206361,1998-03,ANFIS-F,314361,044b36d7e392be4e7abdc4f6666609b50811ca140f54939eb60f20b0b8abcd91
wqp,wqp:21FLSFWM-L005,1978-06,ANFIS-F,314361,045247c71855fd9b71edd235f23f37754727a624a35cf188f49949b41da5ce5b
wqp,wqp:USGS-072632965,2004-03,ANFIS-F,314361,0454a5b69414465b69763871d1845fc2b393a8073ade0b30b7a0dce44743c135
wqp,wqp:MNPCA-86-0297-00-201,1994-08,ANFIS-F,314361,04550a316cf5165ae779afbf7278caccd55fb5d7b45d22df89cda6758a3ed4a3
wqp,wqp:USGS-07049187,2008-12,ANFIS-F,314361,04585da3b51c8cbec62bfea737e8b61f99de871223f75d40334e1719263a0def
wqp,wqp:21SC60WQ_WQX-CSTL-075,2009-12,ANFIS-F,314361,045abcbe96833e8f6668c65204a276def74d8a161c22a3dffa0b3535177350e3
wqp,wqp:21FLLCPC_WQX-TROUTDKEUS,2015-03,ANFIS-F,314361,045c6ed1d8b0e16a43fc4efc782549e48dbd4b85541f8629bf2233eb032b9525
wqp,wqp:21SC60WQ_WQX-SV-098,1999-07,ANFIS-F,314361,045e3af2ee49e126154d486310275bf866546a6c42a53158e6138eade9e96ae1
wqp,wqp:21FLSFWM-LZ30,1989-11,ANFIS-F,314361,0464f35ef43f16a050c31c63284bf7fd81a28c2bd5adbb244668b9b19fe89b64
wqp,wqp:21FLCOLL_WQX-LKTRAF4,2006-01,ANFIS-F,314361,0465a3dbc930f9f34391012702b61552e6ac7a07eb2aeae3190308dc9b39f0fb
wqp,wqp:21SC60WQ_WQX-CW-231,2007-08,ANFIS-F,314361,0465c2c57145236263f4b452984c833f1722b1f70ecf79dfb8da0b806ec48fe5
wqp,wqp:USGS-423556088365001,1989-04,ANFIS-F,314361,0465d6bb2d3189f34446352979cbf2f425adad5af4146770a0c69eea54ca0fc4
wqp,wqp:21FLSFWM-STAKEIN,1997-05,ANFIS-F,314361,04667e9fc470215b1ebce1d9662eaa118cd32a852e6a8851168a8997dd4adf23
wqp,wqp:21FLSFWM-L005,1979-11,ANFIS-F,314361,046839fabde2b24a25160601855c6f7e037d1f02fd1fee54cc22e2bdb7309fee
wqp,wqp:21FLSFWM-L005,1982-11,ANFIS-F,314361,04691acc6124780d682bbc059c54e36935e88589ab468ab7a91c26d1280885d8
wqp,wqp:USGS-07049690,2005-11,ANFIS-F,314361,046bbd1ff02467e7d6bf31a19712be8a86600c17394cb70e611ad6a31ecf8ec2
wqp,wqp:21FLSFWM-LZ42,2001-02,ANFIS-F,314361,046bccaf92b02fc6080364f62d6a0b3e5a734fb4a10f6c7fdbb2ac074ecd96aa
wqp,wqp:MNPCA-82-0046-00-203,2004-10,ANFIS-F,314361,046fff4aea1579ca67b14a45fe3c58ea2cad5a212b5962746f7de766a669b43e
wqp,wqp:21FLLCPC_WQX-EUSTISSSH,2013-08,ANFIS-F,314361,047243c9360366e2b5b674482487ce91791d288251c9a584ff0666fdde7d7ade
wqp,wqp:21FLORAN_WQX-CC17,2008-02,ANFIS-F,314361,04732b756ea0de193c254b1a8165a8a6a4323705898d7af2c8abaee0155a1242
wqp,wqp:21FLSFWM-LZ40,2003-02,ANFIS-F,314361,0474b0a3019313eaff5fce2e0f4b816d192a25a31da687c5da85b5f04066f58c
wqp,wqp:21DELAWQ_WQX-307011,2009-03,ANFIS-F,314361,04761be8e18faa295c51c2610b4bfc34b1c28d4672ab5cb233e126a49c2d29a4
wqp,wqp:OKWRB-LAKES_WQX-520710020020-05,2013-03,ANFIS-F,314361,047a0b58095393212425b5f03ef35c560aca8d15ba39280acc38d3a352f694a6
wqp,wqp:21FLSFWM-LZ42,1993-01,ANFIS-F,314361,047a3630b312a502fe455a5b2d0ec66d6c8da3bb00d2f8eb5654b4bbc89c3d99
wqp,wqp:21SC60WQ_WQX-S-311,2002-07,ANFIS-F,314361,047bbec11033c4833469cf1cfcb889966fd579ec57ec28ca33fea0f098a3481c
wqp,wqp:MNPCA-10-0042-00-401,2009-04,ANFIS-F,314361,047d4b2c30391b54eafd1ffcd780f45ec68e3875709aafaad312b024ad043954
wqp,wqp:21SC60WQ_WQX-B-327,2018-06,ANFIS-F,314361,047ed899f4273fabca30b7b0899d327dfc5fed732fa6a423682949a2c7669b58
wqp,wqp:MNPCA-10-0042-00-401,2003-07,ANFIS-F,314361,047f4f04bce17f42b60ba65f77bbe709d825f61bc24251d01d0c78aee1020a3f
wqp,wqp:USGS-07144790,2012-05,ANFIS-F,314361,047f6749f64db772620314febd9dc7a99227cea06c2f06eb481d3efa7eb879e6
wqp,wqp:USGS-421420121481700,2013-12,ANFIS-F,314361,04810b938af81721c3d6f8cddf87f7104b2152ebb84f196d26636080cc6cda74
wqp,wqp:21FLSWFD_WQX-23613,2011-02,ANFIS-F,314361,0488df83398bfb269a593c4ae349ee82bff0214ae1636d46bdea7431f851fd6f
wqp,wqp:21FLSFWM-E02,1993-12,ANFIS-F,314361,048b1eaf263e0a7535a45c441922ce0911d37e6923712ac8a515cb9ec034da22
wqp,wqp:21FLSFWM-E06,1983-12,ANFIS-F,314361,048baffbfe9f148cec8f7a52a2f5098691392f6f7bfa6d131c37e7fa92d6876c
wqp,wqp:21FLSFWM-PELMID,2000-02,ANFIS-F,314361,048e34f02a0df598a9499886cb904bd32eee6be39cbed33fdf6efb98a98d9320
wqp,wqp:LAKELAND_WQX-LH11,2009-08,ANFIS-F,314361,048e90b46859063814184bd0b17fcee0a18ea625fbdb81af40b4429b6a381b1b
wqp,wqp:21FLSJWM_WQX-105729,2017-10,ANFIS-F,314361,04925a98249aa735ce79f31d3474440700bd2ea418aa7f3091ba810118af4dea
wqp,wqp:21FLCBA_WQX-WAL-CAMPBELL-1,2017-01,ANFIS-F,314361,0496243dd2254791c3e5c7c16decae2164fc2b4456ec25f7fa4cfae02ac8c50c
wqp,wqp:21FLSFWM-POLE3S,1999-10,ANFIS-F,314361,049797be74bc1bbdf269f13bca92e7ccf8c030f77d0bba760d0c9e132f77d19e
wqp,wqp:21SC60WQ_WQX-CW-016F,1999-05,ANFIS-F,314361,0497a50d4c4a1cb03595383868f54b546e5710afa352dc09548f573301ff4575
wqp,wqp:USGS-01657460,1974-04,ANFIS-F,314361,04997d2f542b4a592e84390a92a1ec55178b9cb5731b94fdcf01d1078b28dc7c
wqp,wqp:21FLSFWM-L006,1985-06,ANFIS-F,314361,049c4892c88dd9580e062e9513b0bb42460d299a64d4500f645cbda67bf29fc5
wqp,wqp:21FLORAN_WQX-BC11,2010-01,ANFIS-F,314361,04a0cbd2e0d78a939a36e27b183a65c1e523d9a3ad1b42848ee8ad0fcf69ed7f
wqp,wqp:21FLSFWM-L001,1982-12,ANFIS-F,314361,04a32270076e914f003293d513ab2589004698711165caa3cc7b5ce0cad16780
wqp,wqp:USGS-423556088365001,1997-02,ANFIS-F,314361,04a5eb66162601a91b793ac26db6764e1ca7af3d452e23f92c8617ad56b2b77e
wqp,wqp:21NC03WQ-CPF087B3,2014-06,ANFIS-F,314361,04a7bdcf24804c3d2fd457deeb968b1170f74cd5535cea4af23eb3b4f0711abc
wqp,wqp:21FLSFWM-D04,1983-07,ANFIS-F,314361,04a82d5cd25072ec81eedb5419ccfe9fc9922a6d603570169360d285ed4b7ebf
wqp,wqp:21FLORAN_WQX-BC9,2007-06,ANFIS-F,314361,04ad12f49e0931e26d2326e22a1df60bd4e6fc72ea5600703aabb8c5ed646e3f
wqp,wqp:AZDEQ_SW-33,2016-10,ANFIS-F,314361,04aeae6ebda1f3e7cca0fb31cb1bd1c56b3b0a9924d9965d563a839e97643166
wqp,wqp:21FLSFWM-E04,1997-03,ANFIS-F,314361,04af206cf4340a1e550ee90d95590c99dc17420fadaac72e9a449aaff8b9ad8c
wqp,wqp:21FLSFWM-PELMID,2007-01,ANFIS-F,314361,04b31704b959e2b6d0f0d3b4609e866694e9c638aa32d82e333190d8ea6a2372
wqp,wqp:21FLSFWM-L005,1981-01,ANFIS-F,314361,04b40958af3cfed968b4fc7db04b97cf0d38c8e7625862c3e822488623d3ddb3
wqp,wqp:21FLSFWM-LZ40,2003-10,ANFIS-F,314361,04b53b699c8f5944b32562d60f652aea9acb62bb6b0211620b793fdadb92e0ab
wqp,wqp:21SCSANT_WQX-SC-044,2016-02,ANFIS-F,314361,04b5ef98ff5dbcf2a9af28e4ad8a3ab5c83d774dee86f455e0c92d08f84b4ee5
wqp,wqp:21FLCOLL_WQX-LKTRAF1,2003-02,ANFIS-F,314361,04b6668a45b36f4790ae1b341e2769308adc25077e81e5142e904f160b158347
wqp,wqp:21FLSFWM-B06,1990-04,ANFIS-F,314361,04b865d3a1c87b65c27f348c8d087707c105d0d55b6eb603dedf2b103c2f18c6
wqp,wqp:21SC60WQ_WQX-CW-197,2018-04,ANFIS-F,314361,04b9277f9894d45a9fd6e019c7597cc43de4d0d53f529166fb5e4de998d3a30b
wqp,wqp:MNPCA-25-0001-00-232,1996-11,ANFIS-F,314361,04bb07cf01567366c498bb4fa692a7c5ee3e59f422af2ee9339e0d193dd41c73
wqp,wqp:21FLSFWM-ISTK1,1990-04,ANFIS-F,314361,04bbdef07838b105f1fcb038dccd151e63225b9b1739e71ac6cca4e45f4db993
wqp,wqp:21FLSFWM-D02,1998-09,ANFIS-F,314361,04bd9a0cdd11a6f7919667f6dc36a648669063741fd753f993b406f5a4af91ad
wqp,wqp:21SC60WQ_WQX-CW-197,2008-01,ANFIS-F,314361,04be44db5ce74ca9d8939b02f9ed545d629d3e7a7ab641158ca838e7fc534355
wqp,wqp:CPNWATER-WW#3,2013-08,ANFIS-F,314361,04bfb102349b4137941a6485b8f20666d182cc818ba4cce339d8dafbf7339705
wqp,wqp:21NC03WQ-NEU019E,2006-10,ANFIS-F,314361,04c06117cc1a057a515271cd80f8129d23e349f641d1ce3e31e6a583bebd3ef2
wqp,wqp:21FLSFWM-B06,1991-02,ANFIS-F,314361,04c0d8cc5985609cf3c6345ecd5f944a1b52cde31a8ca2237c52a8b789f78b58
wqp,wqp:21FLSFWM-LZ40,2003-11,ANFIS-F,314361,04c17f4dfe7fcc750daed226769d82e519e2d084c8ab0ce9d8d9864c2aecfb91
wqp,wqp:MNPCA-86-0297-00-201,1982-09,ANFIS-F,314361,04c1cc6b4252a9727117e8c019382f226c55f1ff008c7b0e478220fc5ee091af
wqp,wqp:21FLSFWM-L006,1982-07,ANFIS-F,314361,04c33e0652a2c67e6ca2149ce733733312f7257772a5c4ad78a3d2c1542c0b4c
wqp,wqp:21SC60WQ_WQX-CW-174,2016-06,ANFIS-F,314361,04c40384954b20fbe1b15fa62680dbeb9bd03ea89d65652d02618307b0efed32
wqp,wqp:21FLSFWM-PALMIN,1993-12,ANFIS-F,314361,04c8ab4901253dc9d8f88468b635d2146aae14f26252b2bf1c65be3f16d16e81
wqp,wqp:21FLSFWM-TREEIN,1992-07,ANFIS-F,314361,04c969a535bc7eec0d147835a2bbee2d817535da731a1d278a542dca822e5272
wqp,wqp:21FLSFWM-L003,1995-01,ANFIS-F,314361,04c9aa111683e91fdb3e5274d4d7150e084c5e32d68edd59a7ea12e5e25e4ab1
wqp,wqp:21FLSFWM-E02,1984-05,ANFIS-F,314361,04ca346d06115e17d5b8df2665ce6b2aac4674dd6838a94e713c45c6c59c9b10
wqp,wqp:21GAEPD_WQX-LK_12_4048,2017-10,ANFIS-F,314361,04cb243af757cf2a5ac70ccfeccde1d978d5045ce05108bf59e936929ffb1198
wqp,wqp:21NC03WQ-NEU020D,2013-04,ANFIS-F,314361,04ceb4a67a3e7d6f06f9385de67074cb9e0639a68c8ca11642fae6573307f1b3
wqp,wqp:21FLSFWM-CLV10A,2002-03,ANFIS-F,314361,04d0c4b1463f34abb392bd61fcdcb20aa8401432747d76bc394b1fe290347f64
wqp,wqp:21FLCBA_WQX-WAL-ALLIGATOR-1,2017-02,ANFIS-F,314361,04d4ffb37cb2815deaefdd86777628fb8b9480bbc7dbdd94b2f460ac67df3abd
wqp,wqp:KAWNATON_WQX-KN-KL-005,2014-05,ANFIS-F,314361,04d5d528408d74a1c7c4b0c4213876635cd173e231f9d518d534095e73156ab0
wqp,wqp:USGS-01657460,1973-08,ANFIS-F,314361,04d6465c478e3a11eccb2d518aaeee51f49c1f7848e7c7ed293c9e7e7263840e
wqp,wqp:USGS-295554095093401,2018-07,ANFIS-F,314361,04d6b04c912360b8b065df73487627f18f37268495f4000701603a07f9a6b80f
wqp,wqp:21DELAWQ_WQX-304321,2006-04,ANFIS-F,314361,04d8aee939594b5391dc09930d44443b02fb46129557f4fb3fcb5ba66082751d
wqp,wqp:21FLSFWM-B02,1985-05,ANFIS-F,314361,04dae4d67a4fb1ea25c6a64aa2fe7a0a1be2cd07717528c2798dc190105adf4e
wqp,wqp:21NC03WQ-CPF0880A,2008-07,ANFIS-F,314361,04dc71470c96c45d98f90467895fabf7e5d6f8e76d4529d0efa888ffb8f40196
wqp,wqp:21SC60WQ_WQX-B-339,2013-03,ANFIS-F,314361,04dcbb5b9ed0453adb675bf6c09eaf8535f77ad12da0cf738538bd6c80ef2cf8
wqp,wqp:CAPECRD_WQX-290,2002-08,ANFIS-F,314361,04df69bdcd77f961a403d8e16a78e39d0760c222be8b8eb0474221c2220209f2
wqp,wqp:21FLSFWM-RITAWEST,1996-03,ANFIS-F,314361,04e0a2f7f9d85c813d114080c559546d75ed67591a5f249f3a5cbbd3fdc6c5ee
wqp,wqp:21SC60WQ_WQX-CL-094,2001-03,ANFIS-F,314361,04e0bb0ba0046fa96733414e703292b5802c594d9f8e7c5df4ce69b702ba8e0c
wqp,wqp:21SC60WQ_WQX-CSTL-075,2009-10,ANFIS-F,314361,04e0d62b735d8e6533c2ddf6c8927a3167d42fafa8312ff5b08c642e25721c8d
wqp,wqp:USGS-423659088354401,1990-02,ANFIS-F,314361,04e15ebad0fef63290a2e2f765097900523fc7496704a4a5a1cf643be75bae0f
wqp,wqp:21SC60WQ_WQX-CSTL-075,2001-10,ANFIS-F,314361,04e23123a41fe8e27f826fa5d3d27cd91f4d657f7258d634aec315e9971a331f
wqp,wqp:USGS-07049690,1988-08,ANFIS-F,314361,04e578dde13a02d5f39ce16a76632e27c7d557db65b3ac694240bf3304c6ab1f
wqp,wqp:21FLSFWM-ISTK4,1996-02,ANFIS-F,314361,04e5f1420eea5250cf18fd3d323e2cd19b2f90654be043734992af246156d466
wqp,wqp:21FLORAN_WQX-CC4,2007-12,ANFIS-F,314361,04e9a949af3da9274ceb69319b52ac9f31a2f77793a393a8b5cfc1138480b903
wqp,wqp:21FLORAN_WQX-CC9,2017-08,ANFIS-F,314361,04f43e1754b8ac4615605087b05db3af79df2fd44e62b4be004d61cb416c9b98
wqp,wqp:21FLSFWM-STAKEIN,1989-12,ANFIS-F,314361,04f5be066249a1c33664fbed02be582e9acc7840c8709cb49d0a9a119380c649
wqp,wqp:21FLSWFD_WQX-23113,2002-11,ANFIS-F,314361,04f6796d9b163a36452934dee33a2ca5c89ebc61cde8e5b6873663cda1169c4d
wqp,wqp:21SC60WQ_WQX-SV-361,2012-10,ANFIS-F,314361,04f783555e5923999a58cba0227361f00d3c753ec5bca1c3100bad44e0eb569b
wqp,wqp:21FLSFWM-D02,1990-01,ANFIS-F,314361,04faef5dadd9c4f65888368744a7f4e87288523f59077458a34372105272f9ec
wqp,wqp:MNPCA-02-0045-00-202,1978-05,ANFIS-F,314361,04fe8451907bfe618e0a207436f32b31345c80468f9be83ac4d6206370a51478
wqp,wqp:21SC60WQ_WQX-ST-032,2001-08,ANFIS-F,314361,04ff3728bfde0fed947d9b13e0fa840d9774793a8b2c26d2adc0cc4e364c228d
wqp,wqp:21FLORAN_WQX-CC13,2007-08,ANFIS-F,314361,04ff561b9cc9fc81b978699da0b107031ffd3f09505714e853e7ed816692a7e0
wqp,wqp:21DELAWQ_WQX-109191,2018-07,ANFIS-F,314361,0508d672d7d151bdd827fcd1e0d6b4ae0e26a20a16be7f46ddc482e42cd6aa12
wqp,wqp:21NC03WQ-NEU019L,2017-01,ANFIS-F,314361,050aa12702c85998917e282c466883436fc2629d1ae196cd9d0ec174989110b0
wqp,wqp:21FLSFWM-PALMOUT,1998-02,ANFIS-F,314361,050b68e55fc787aad356f9c85621a1ad00e6c5187b1e9172dd631269562761ad
wqp,wqp:21FLSFWM-MH32000,1998-10,ANFIS-F,314361,050e0bbf3a92f576aebd5d19b2ad973b96db96f349e4af4bdc57e9bcef39f6c8
wqp,wqp:21FLSFWM-TIN8100,2008-09,ANFIS-F,314361,0510bf4f6df18640bf57dc94a7499e37361485491b1a48f92203985e832eccb3
wqp,wqp:21FLORAN_WQX-CC13,2007-01,ANFIS-F,314361,0511f566b4fecf9c066c419fde4792f18b6f4b6ad1fe40033e6cd50d76b0e88e
wqp,wqp:21FLSFWM-LZ2,2006-08,ANFIS-F,314361,05129155dd38812f3ff0fbd3daeb0409fcabcb6750678f487f40a69d2b0741e9
wqp,wqp:21FLSFWM-CLV10A,2008-02,ANFIS-F,314361,0512b769449399f40f9eeb087303a77e71c86d025d95b0221984b84bba0a5d58
wqp,wqp:CAPECRD_WQX-290,1986-06,ANFIS-F,314361,0514c0fc6cc99302a51a6d6c9079658a8f6085820b8b6a232d2765dee14e051c
wqp,wqp:21SC60WQ_WQX-SV-331,2006-08,ANFIS-F,314361,0517de5855f1d68b9c9882ec5c5b0f8dccbd04d34098a9b58bf5b4561321b97f
wqp,wqp:21FLSFWM-ISTK4,1994-07,ANFIS-F,314361,051a60387a89e44c3bfc0475d5f40bd77dcfc3d9634a0858c10ff14267988507
wqp,wqp:21VASWCB-5ASRN000.66,2008-09,ANFIS-F,314361,051e2a472a9dc379a4bbf0c221ba749b8251dc76c836cf19bc83a9af156aa59a
wqp,wqp:21FLORAN_WQX-CC12,2018-08,ANFIS-F,314361,0521788db184c3906014cc6dcaace07841ee3c6d49b13482689f711fd0e979d4
wqp,wqp:21SC60WQ_WQX-CW-033,2007-12,ANFIS-F,314361,0521f34fa7eef1394ce99f969f61683f7c94a82dd7960af1b5069aef35294252
wqp,wqp:21SC60WQ_WQX-CW-197,2014-04,ANFIS-F,314361,05244f56788d13d5a0c51abe5c68e2a90630fbbda28661155712d303aa90605c
wqp,wqp:21SC60WQ_WQX-PD-327,1999-05,ANFIS-F,314361,0528d8dff22d3af917ebd79f3b3203fdb076116fcc8bd6bbc5d3409a7592b13f
wqp,wqp:USGS-072632990,2008-11,ANFIS-F,314361,052925f1e851858c6379d45ef117bcc6e510e81cd71baa1fe9b89e56ef27adf9
wqp,wqp:21FLORAN_WQX-BC8,2006-11,ANFIS-F,314361,0529c1df80bf2cbbbff88fe7d2cb193e7b8330bfc3c5ed6d72c76c482ab1fa21
wqp,wqp:21SC60WQ_WQX-SV-200,2003-12,ANFIS-F,314361,052b30644e274480041149f7b3dce1ca2f82ca12ef1bb1738e1fabbbd6f8d40a
wqp,wqp:USGS-423526088380101,1994-04,ANFIS-F,314361,052c67d9f22a2cc11eb2229707e189e56efe88c2fe90cf591f88a48db73664ca
wqp,wqp:21SC60WQ_WQX-B-339,2018-07,ANFIS-F,314361,052ed2de945ed8b0b756218e18c0987eed8cdfb8d1623fa0ac613b7a50df61d1
wqp,wqp:21NC03WQ-NEU018E,2005-09,ANFIS-F,314361,052fd03ba522f07a326bc4fc330cd80bc9b43c78492cc3afa09e69b9e4358605
wqp,wqp:21SC60WQ_WQX-SV-340,2008-09,ANFIS-F,314361,05309dcc42e068fc65957587864c69180ec834277b83485f1fbfb3a52f1f8437
wqp,wqp:21FLSFWM-L001,1984-01,ANFIS-F,314361,0531b57aeb07d9da24ee57e752cb65009ddbe5510f3fd6f9630b164a2fbb14fa
wqp,wqp:21NC03WQ-YAD169B,2009-10,ANFIS-F,314361,0533af40ab1327d12c29985cd0cdae964cfbf55240a374c01d5349b1182ef7fc
wqp,wqp:21FLSFWM-L006,1979-05,ANFIS-F,314361,05351a48f3893cd0e842ae6eda4a8f2574a23f0361311eeed95e0f1c96b4568a
wqp,wqp:KAWNATON_WQX-KN-KL-003,2011-04,ANFIS-F,314361,05359e3ca1340efcd09d85699139c6026fcbb6023a85384b89bb06841dfb922a
wqp,wqp:21DELAWQ_WQX-208211,2008-09,ANFIS-F,314361,05369e5715f0677a5819a65e9174d24e22c53c2513c2f631beebc694c4f86c96
wqp,wqp:21SC60WQ_WQX-CW-231,2013-12,ANFIS-F,314361,0538ca34bb49eaf24b713a8a5517dc0903f9940fb6a66bc1111681fb5dd06190
wqp,wqp:21FLSFWM-L001,1998-08,ANFIS-F,314361,05397db94c24853bc40c67d7e04b2aa8aefb6ae38338a3183c5eebc1237e080c
wqp,wqp:CAPECRD_WQX-262,2002-06,ANFIS-F,314361,053b84c189bcd16138a63e3f12b1dd6ff91c641a5fbfab4e8d72ea8db8683bc1
wqp,wqp:21FLSJWM_WQX-44618,2018-10,ANFIS-F,314361,053fc8ffcd0dd5ebf7483e2fbd81ab9d3422009d3d23d7826266091018b931d5
wqp,wqp:21SC60WQ_WQX-CL-089,2009-07,ANFIS-F,314361,0541b4397898dc964d2d9d18efb478beb8ad95864fc566d4d43480f4c0c35446
wqp,wqp:MWRD_WQX-MILTON3P,2015-05,ANFIS-F,314361,0545210ede156c0b535c235470fe2eb9a0b184332837d80de7a718ad2e758cff
wqp,wqp:21FLSFWM-E01,1984-07,ANFIS-F,314361,0545e10511cc8c13ddb0c6db4e1ff2179e266dc0a6e60480e5797899aef8719d
wqp,wqp:21FLSFWM-LZ42N,2002-07,ANFIS-F,314361,05461924242adbced1281e4ac1cdfafba3dff3b3406dace96bacb04c10fbace8
wqp,wqp:21FLSUW-ALL010C1,1998-05,ANFIS-F,314361,0547abcbaff7fb24343b530832d7823ac5c27a51a45ccb7a5335433af4f110b1
wqp,wqp:21FLSFWM-ISTK4,1989-06,ANFIS-F,314361,054aa1f9d73660f54c5b6feb22b572bca9d75a804598ab66788a1ed738528ea5
wqp,wqp:21FLORAN_WQX-BC14S,2007-12,ANFIS-F,314361,054c01aa957e5198a3fe7534e9b603bbec70a4454e77a889c13e063bd5985797
wqp,wqp:21FLSFWM-POLESIN,1995-11,ANFIS-F,314361,054d79a0db97a27624432649081ae7426a09da4b8157892e6471e5d9bc829752
wqp,wqp:21FLORAN_WQX-CC22,2011-02,ANFIS-F,314361,054d7ca7300c040d46259aa8aed2e4116631d07154310aa28aef7e890cb4bd66
wqp,wqp:21NC03WQ-YADHRL051,2006-09,ANFIS-F,314361,054ef5139d5ccdc70aa1a5c316c4a2f40d5546980a37d8e432fdfe19551e26b9
wqp,wqp:21FLSFWM-TIN13700,2000-03,ANFIS-F,314361,054ef66263526f4600611e44e450484b9e46e91e75d1a7059eb3a5463027b1d9
wqp,wqp:USGS-07049187,2009-04,ANFIS-F,314361,054f0816aac8a314906bd5fba9263cd96ead48a9831880bbfe8e6c6a18e550d1
wqp,wqp:21FLSWFD_WQX-23641,2003-02,ANFIS-F,314361,054f67bd506f52045e7aa42c77eb8cdc0635caa9cee9adc48a2208f2ab7882cd
wqp,wqp:21SC60WQ_WQX-CW-016F,2011-04,ANFIS-F,314361,055047fe3f00bad82811d32eb35f4e440fa28ae05f7c165b3abef2d48a3e15d4
wqp,wqp:21SC60WQ_WQX-S-022,2017-03,ANFIS-F,314361,05508aa3abf667e386ffa4da93d4936a5e5f0c5665336c8f74b10de5137121d4
wqp,wqp:MNPCA-10-0048-00-201,1987-07,ANFIS-F,314361,055098b83daafa6dd3bfdfa6d866fecbf27bde371278536ddcf52d9f75f72300
wqp,wqp:USGS-07049200,2004-11,ANFIS-F,314361,05565e1e28c770ad276220faecf672f602604507491563fffcab6ff1c3f28cd2
wqp,wqp:21SC60WQ_WQX-SV-363,2016-04,ANFIS-F,314361,0556652a8cba7318103d7d85e5b33abf561338d37c048b646fe09e73e38d678b
wqp,wqp:21FLORAN_WQX-BC11,2007-03,ANFIS-F,314361,055ab7788fe85d43547b65a321a53fea4ac8b0174d414f742223c7c0081e7ba9
wqp,wqp:21GAEPD_WQX-LK_12_4048,2002-10,ANFIS-F,314361,055ce420e9b6305e6a345351f01c16c1e87578777ddae98a936e26ce6adcff38
wqp,wqp:21DELAWQ_WQX-108111,2009-06,ANFIS-F,314361,055ce914f6b01f3f1fe803e728d5d7fe7cbbc05cfb52a6133f62b657b1b232f3
wqp,wqp:21DELAWQ_WQX-205211,2017-09,ANFIS-F,314361,055d84be4e6a9a20a55b375af3c03d150aec7eb440bd5aad594ccd78eb415ff7
wqp,wqp:21FLSFWM-ISTK5,1988-03,ANFIS-F,314361,055da4c5ed43fad2fda7a00b81a47bd5fa33198fd2e08a4c403b620c5cfaaed8
wqp,wqp:21FLCOLL_WQX-LKTRAF4,1999-09,ANFIS-F,314361,055def7faaae12ac6a9946c22cdff6d786807adab814d9dc71ea10117151bff7
wqp,wqp:21FLHILL_WQX-135,2017-04,ANFIS-F,314361,055f300290e431f0f0f17b284c620152ed7a8d2d46e6dfb217ef5ec25b2ff07a
wqp,wqp:21FLSFWM-TIN8100,1999-04,ANFIS-F,314361,0561021da94da051ffeeeca55961b00cd404f618b48503759ed4c517b26b168f
wqp,wqp:21NC03WQ-NEU019E,2010-10,ANFIS-F,314361,0561b16e3b116029b89315fd578a72038dd8cb1b7501a8c2e1802419bb7e9c5a
wqp,wqp:21FLSFWM-A03,1991-04,ANFIS-F,314361,05646cba3ecf43c6e6124ea6976639d83278e3c9a87d70687184a4d0bccb4483
wqp,wqp:21FLHILL_WQX-135,2009-02,ANFIS-F,314361,0564c617f95ed8c2139057399e8daa83ced871dabf9754d83c06e295f1981b37
wqp,wqp:21FLSFWM-B02,1999-01,ANFIS-F,314361,0567552b762beb235968f3e973105f574b6fb778cce1d845f9447d51bc01779b
wqp,wqp:MNPCA-25-0001-00-261,1991-06,ANFIS-F,314361,056c4738262033fc4dc58d7f656df56f6fd77d504c0fca56b79ed89648b1d787
wqp,wqp:21FLSFWM-C03,1985-11,ANFIS-F,314361,056da41482ca4e9b6e2cea70d75b83ada7b64420b7326ef540e7794758b1c5a8
wqp,wqp:21FLSFWM-D02,1985-09,ANFIS-F,314361,056f58b50951e1eac50480ec5f26a9423393a56033c77c32f191e5b4c8358efc
wqp,wqp:21SC60WQ_WQX-CL-089,2011-01,ANFIS-F,314361,0570e7cf84f222128372c07aa43378ab678097b370cd19c2722a51baa94abce3
wqp,wqp:21FLSWFD_WQX-23144,2007-06,ANFIS-F,314361,05761e2756b4751e80083f97556c45e37b8472959ace028a60f06be650fdd1f3
wqp,wqp:21FLSFWM-B09,2008-03,ANFIS-F,314361,0578b6d28008955aa7c2f1130f2e99b6453509ae2d74f74431f9b6b3a3b02d1f
wqp,wqp:21FLSFWM-LZ42,1993-02,ANFIS-F,314361,057967a1053cbc505eab69e37e8236b79c18a0103cb226dcedc38ce0afd70a8b
wqp,wqp:21VASWCB-5ASRN000.66,2009-01,ANFIS-F,314361,0579e4a445fff385ba27c7c2453fe485b88ebf8dc8028e2ede3296ec0a53c385
wqp,wqp:21FLSWFD_WQX-23609,2006-11,ANFIS-F,314361,057cc44ab6de6877cb09609f717a4d29be2b596825152ee63321a3dac2fdd849
wqp,wqp:21FLORAN_WQX-BC7,2007-10,ANFIS-F,314361,057e1ced25ce8ab9bd2f5c9e18395783ef90e784c4da89dfcd9e97b4adde248c
wqp,wqp:21FLSFWM-D02,1994-11,ANFIS-F,314361,05818b30f25d964664df169cd3de096bd74baec4f3f3c908bf32759048640ff2
wqp,wqp:21FLSFWM-L001,1999-02,ANFIS-F,314361,05828aa1adf4930fefb9694cad4ba67c705cb156ab4bea736f41b38a789ee845
wqp,wqp:21DELAWQ_WQX-202021,2001-04,ANFIS-F,314361,05842ecb10f7856e9479acfb8324317778b147558d000c45905b91167bad8cd9
wqp,wqp:21FLSFWM-RITAWEST,1986-09,ANFIS-F,314361,05851921f75ba144414166d57aa7321403752a4d7613617a77f27366b19f42f4
wqp,wqp:21SC60WQ_WQX-SV-098,2000-05,ANFIS-F,314361,058d0f18d32f904287edbeff718dab1b98ae5890a24e632b766f61f18e4fe7f4
wqp,wqp:21NC03WQ-CPF0880A,2013-11,ANFIS-F,314361,05900d77ed3120bffe8c6ef50d91af0ec56ce4f70dd9fbf8e05b367c7e1ab752
wqp,wqp:21FLSFWM-L004,1978-05,ANFIS-F,314361,0591d3252e9458f50d2273a00481f3847b1872cff3160d87e0b4de9fe1c30566
wqp,wqp:21DELAWQ_WQX-308071,2014-01,ANFIS-F,314361,05951b32525a1a970da14a4f127dbb0ee0a9e71678ca08fa35aa18e763400ef9
wqp,wqp:21FLSFWM-B07,1983-04,ANFIS-F,314361,0596c410e99395615345c680fb4411f39c43d046d1eaac438418110c8caf26f4
wqp,wqp:USGS-423556088365001,1997-06,ANFIS-F,314361,05977902de6dd91e19f9272fcc02e4d24a125ad96d51aedb624f11930ff8b2aa
wqp,wqp:USGS-07049690,2012-11,ANFIS-F,314361,05987796eedcbece647502858d77815f288507eeabbc233bfc75bbfac82fb0f5
wqp,wqp:21SC60WQ_WQX-S-222,2016-06,ANFIS-F,314361,059cffb050aa4636b2f4c1d1363469a1a26ee68f2a210f20dd71dff33118142e
wqp,wqp:KAWNATON_WQX-KN-KL-003,2013-05,ANFIS-F,314361,05a401a9362f6fa6c1093996ae46eec55239fa521ee5507bf8214f5b175d8485
wqp,wqp:21FLSFWM-TIN8100,2003-04,ANFIS-F,314361,05a52da9527e2ac83a4c244c28bcee60597c9b5b4805803c5156df4d6eb87836
wqp,wqp:USGS-423526088380101,1992-06,ANFIS-F,314361,05a5e2df7e6f2e90a666af956669a181ee63acafa44ce07735f204e374a6b2e3
wqp,wqp:21SC60WQ_WQX-PD-327,2003-01,ANFIS-F,314361,05a61bcb3e2199d6a2ee5248b1c7601579f77172c9d03e11e043aa943b29b1ed
wqp,wqp:MNPCA-62-0055-00-102,1988-12,ANFIS-F,314361,05a76f2a1c96ddd99719db266f34d2bc3b84313e6bb5d3cef4d74d841d631b32
wqp,wqp:21NC03WQ-CPF087B3,2014-09,ANFIS-F,314361,05a7e8b11855104516a159667c0659859050bd911327fce274f965fc552bad1a
wqp,wqp:21FLORAN_WQX-BC8,2011-10,ANFIS-F,314361,05aa2f2e53a6c58c8802628509277353ac893d7548638b2380ddb35640d41c83
wqp,wqp:21NC03WQ-NEU019L,2005-10,ANFIS-F,314361,05ac869fd5366629485b025988c8baaacc6192d5b00fac110b7098f68efaf32a
wqp,wqp:USGS-07263299,2012-02,ANFIS-F,314361,05b40e69a7ea41eb048cb91286123091c88205d8c4359767ce9528976314e84e
wqp,wqp:21SC60WQ_WQX-CW-207,2017-05,ANFIS-F,314361,05b463ba3bc0abbb127429305bc80a07d31043284b56f0fa20114bf6bbff6e80
wqp,wqp:MNPCA-62-0055-00-201,1987-01,ANFIS-F,314361,05b930f8af050f5c2390469503572dac09a565f0d42e114840b74ca951b5dba6
wqp,wqp:21SC60WQ_WQX-SV-236,2005-08,ANFIS-F,314361,05bd0a01ff085d4a7b96bf3808d833d7ac6d96a9892b4d37c0b07e9998ec0c3d
wqp,wqp:21FLSFWM-RITAWEST,2007-03,ANFIS-F,314361,05c026eb22a811479955f47b314bd7e7f19ca309b02140c7157d2a0e370cb0f7
wqp,wqp:21FLSFWM-LZ2,1997-08,ANFIS-F,314361,05c69f5eebed3326d89b1b0d17597ef77a971659e3e87b2a2d9f22653f1d10b3
wqp,wqp:USGS-423659088354401,2012-09,ANFIS-F,314361,05c6d6974d08b73b0325eb901f746db3f4e7861d2992ae18f389e428c577b799
wqp,wqp:MNPCA-25-0001-00-247,1998-07,ANFIS-F,314361,05c9b4873caa6c0ce081e71b6f3b81270643282e9ebe6663c432b7925bfe3071
wqp,wqp:21FLLCPC_WQX-IDAMERESSHDK,2010-10,ANFIS-F,314361,05cbb908993777cb1d539bd550b35e0a370e0522f6cf1b021eda17da1637d88f
wqp,wqp:21DELAWQ_WQX-110011,2018-06,ANFIS-F,314361,05cd58014442a43b6fe6058bf5dab4736fd6d725468b71bcda5c6edcc7ae1732
wqp,wqp:21SC60WQ_WQX-B-345,2005-02,ANFIS-F,314361,05d0bbd18aea8f40b3051c152e234a5bd338dc511a1e435f5590338363a9efaa
wqp,wqp:21FLSFWM-A01,2000-05,ANFIS-F,314361,05d1cc34d36cadd2059d00a2fd67b237a866ab7971184ac086579fb70b10e903
wqp,wqp:21FLSFWM-STAKEIN,1996-02,ANFIS-F,314361,05d35d05fd1aac1761904538c283b5b89239cc2707ad00f88725d07ca7bc086a
wqp,wqp:21SC60WQ_WQX-CW-016F,2002-02,ANFIS-F,314361,05d3acc4b6f47023f878e4d76d5cef082da6e2634ab59182c3716fabf1b945e4
wqp,wqp:21FLSFWM-PLN2MID,1993-11,ANFIS-F,314361,05d3fe3ff59d5e8db8dcc85e0b9707daeadcc315337879cbca34ecd60c1c36bf
wqp,wqp:21DELAWQ_WQX-205181,2011-04,ANFIS-F,314361,05d5415fe51308e08daab6165fc1124ce0c52e9483df18c5c1d1da17c06d6609
wqp,wqp:21FLSFWM-L001,1980-04,ANFIS-F,314361,05d7a72fca75321ed37f82f70dea8caecf58baf5876b7148f2e9c367766a8921
wqp,wqp:21DELAWQ_WQX-205211,2006-11,ANFIS-F,314361,05da3e430c3585c94201020544110ecd79cc22fb9c8333cd308638bf687a92e8
wqp,wqp:21SC60WQ_WQX-S-223,2000-09,ANFIS-F,314361,05da57f9aca91d8b3e532160790052fd927075eaafefc6182fe35dc0478af460
wqp,wqp:21SC60WQ_WQX-ST-032,2008-04,ANFIS-F,314361,05dd842321323435a1d30e5c3bfec3a6c8c49ccf62ce199d43ad42e56f0f42a1
wqp,wqp:21FLSWFD_WQX-23389,2009-12,ANFIS-F,314361,05ddaf2be6eb3938009c975acb1b3b6e4763d178bf7e58fc7da1e231cadafba9
wqp,wqp:21DELAWQ_WQX-206361,2001-03,ANFIS-F,314361,05e11c18be94dd01c9afad869e082767b2a51e37733ab979aeb4d7bdec5e3da0
wqp,wqp:MNPCA-10-0007-00-201,2012-09,ANFIS-F,314361,05e83f6c83221771ba3a9f646d92144f58f2c7765c6eb3c99a3b30fbd18903e2
wqp,wqp:CAPECRD_WQX-290,2013-07,ANFIS-F,314361,05e99ee65e4a86ac795c6fa675634f028eef8525e912ba86ff1d27bc44048d58
wqp,wqp:21FLSFWM-L008,2002-07,ANFIS-F,314361,05ea6153ee37c936b5ef93ad42390af166137d20a7975058306fedaadaab6e03
wqp,wqp:21FLSFWM-RITAWEST,1997-06,ANFIS-F,314361,05eada39c2f8fb260c1cc5553f3a5722043c4357192decf10c7728e6860e0cfd
wqp,wqp:21FLSWFD_WQX-23609,2012-06,ANFIS-F,314361,05ef6e541d80bd0f0e27d5318372697cf266a9c2f0120ef2f0b3e6e01d1af290
wqp,wqp:21NC03WQ-CPF087B3,2001-05,ANFIS-F,314361,05f44b852c67241014ecfbf5c3923cb8057fbd6e42c3a144a4a0e9a4b1f33355
wqp,wqp:21FLSFWM-TIN13700,2002-10,ANFIS-F,314361,05f5d16fc1c3ab52552b9048bb658ceed64e9045107df3b603ae6cefcb88e874
wqp,wqp:21NC03WQ-NEU019C,2005-09,ANFIS-F,314361,05f6def44d871e9e472480ee53bdba974f70abae1efff73e6e8c4f976b30a487
wqp,wqp:21FLSFWM-ISTK2,1994-11,ANFIS-F,314361,05f73b380ba9bb13b6f9bcc9df03d1d00215d7cfe62b610444a71ceee946e093
wqp,wqp:21SC60WQ_WQX-ST-032,2004-09,ANFIS-F,314361,05f802d5f44a22fe5fcb17d87fd8faec648ddf305b259db1c54b11a1d2570346
wqp,wqp:KAWNATON_WQX-KN-KL-010,2017-05,ANFIS-F,314361,05faf8bddff6a43bb662dc0f0ad22fe6159ccef0214061cb800ab137732ade1e
wqp,wqp:21DELAWQ_WQX-307171,1999-10,ANFIS-F,314361,05fcc0a83be482da13fe5ee1a1696d6197fbf069a3e58ac770489b3a1c1b02e1
wqp,wqp:21DELAWQ_WQX-208211,2018-07,ANFIS-F,314361,05fdf9a127a5f20d1520ed57f9a4f346344496b8641925f8c7862917475c3942
wqp,wqp:21FLSFWM-L003,1987-12,ANFIS-F,314361,05ffe1a0e90bd56047cb2df5b94195d65c73b15199642fbb83199c3de8db9fa6
wqp,wqp:21FLSWFD_WQX-23144,2002-09,ANFIS-F,314361,0601d69897c44a0d1b60c8c9d1a4d223d47157e0d4d84ac11f64c31c1eb338ee
wqp,wqp:21DELAWQ_WQX-303331,2006-01,ANFIS-F,314361,060742420de60d0b99ef290f9c4ac864a43fbdd7805a83576639b2954a723105
wqp,wqp:21NC03WQ-Q5360000,2017-07,ANFIS-F,314361,0607434256976f13b1ad47811a1856c50e7ea76840d544ecebcf10a7ca4056d8
wqp,wqp:21FLSFWM-PALMOUT,1996-11,ANFIS-F,314361,06078f5787f05ae59c437bc47a644db1c53d4626a617c90bd2e7e0de6a563c34
wqp,wqp:21FLSFWM-L008,1999-10,ANFIS-F,314361,0607e3f17ec699bcbc915ea06eb90da2f1f2e0186c6d2c24460b5d9175497dcb
wqp,wqp:21FLSFWM-LZ2,2008-11,ANFIS-F,314361,06088becef0456c7453410608ac0f168f6d4a75fc89615aeb53de7cd868f5d48
wqp,wqp:USGS-294643095035200,2018-07,ANFIS-F,314361,0608ab7e56ee26842d3944df319339005120ed4de05d4b1477688f8e27e9328d
wqp,wqp:21FLSFWM-B06,1983-10,ANFIS-F,314361,06094e73b2a17cb89f9016bff381ac9966889ee7bd9f896658e908d7ba96ac61
wqp,wqp:MNPCA-10-0007-00-201,2011-07,ANFIS-F,314361,060b73e2978867f668a57ef7a16354fe5c50030a46cb71797a935656b9c97e1d
wqp,wqp:USGS-07049690,2016-10,ANFIS-F,314361,060dd2ebf93b000c3986dc2705a0872fa0b5b7b748dbd489b78f8d780a386147
wqp,wqp:21FLSFWM-STAKEOUT,1989-11,ANFIS-F,314361,0610b70b80dc836ad996d21a69f71c4428155c5349f2ad69e8bce1b133f1c17f
wqp,wqp:21FLSFWM-E02,2008-04,ANFIS-F,314361,0611e0ae550e034e7e3a6679fe76f9f3a348d1a29800ef4c547ba8e87d54772d
wqp,wqp:21FLSFWM-PALMOUT,2004-05,ANFIS-F,314361,0612b31d3c06658ddd476282b43f9549920f392b7ecc5a8149e80a5b915be909
wqp,wqp:21FLLCPC_WQX-LKSILVERSHR,2002-01,ANFIS-F,314361,06130f943f7156174ee65c27275651b13b7c094aa026d1394803ae07c42fc441
wqp,wqp:21FLSFWM-LZ30,1999-03,ANFIS-F,314361,0613510650079a44b4f21434eb5c13590e0e1590640c867144867baafae25229
wqp,wqp:21DELAWQ_WQX-109191,2015-03,ANFIS-F,314361,0618f8b075f487918be4ff789a3faf004c18643b7f3c4d30303249aacdf98414
wqp,wqp:USGS-072632992,2009-08,ANFIS-F,314361,061b46817cbb29743911aacf8560da3b6fb8896bc43dc0da5f330718cf4914c8
wqp,wqp:21VASWCB-5ASRN000.66,2005-01,ANFIS-F,314361,061b9d9e76d9fc822f2a0c320787644b961591b5aba77a53bf607b50df865222
wqp,wqp:21SC60WQ_WQX-SV-363,2002-04,ANFIS-F,314361,061ca9a97377f0854685865e0a89b9d2676e76c4fd9251f8eafafe44f439a8ef
wqp,wqp:21NC03WQ-NEU019E,2014-08,ANFIS-F,314361,061cc77281b1bf27cded49895df4e5772c2b02eb01ffed86e42904a2ffc8ca0e
wqp,wqp:21FLSFWM-B02,1982-02,ANFIS-F,314361,061ccae00702732cb50c051edb52b53bf28fd044a367dfb4d448171f7fb59e8d
wqp,wqp:21FLSFWM-L005,1980-08,ANFIS-F,314361,061d39263a5e020df0798e51529e7fb28213c067c90ffd35428cb5da455e2b7c
wqp,wqp:21FLSFWM-FEBIN,2003-04,ANFIS-F,314361,0621223f0dcf0ccfcb2dd84ef7b1872b4f60584657691a9cd29860a20ac79b7a
wqp,wqp:21SC60WQ_WQX-PD-327,2008-02,ANFIS-F,314361,0626c448f66b91b7d7726a05c6c169e3596b12dffd32a689d02f2a776354fdde
wqp,wqp:USGS-07049690,1980-04,ANFIS-F,314361,0626cc74fe27f694079cc2ee794843a5a97de9bbb5254fa07066142ae63f8ac8
wqp,wqp:KAWNATON_WQX-KN-KL-001,2014-05,ANFIS-F,314361,06283518e54608f1a4fcedbf1437974750bcdbe84a35a3e8ce9f0393f7b18bb4
wqp,wqp:21FLSFWM-TINOUT,1994-04,ANFIS-F,314361,062955a288fed8db1f67baa6cf1c983e3da77c172ed98dc3c5e913a3725b4d13
wqp,wqp:21NC03WQ-CPF055C6,2014-07,ANFIS-F,314361,062a6c523e33c446ca1f5ac281c559a29949ffddf1213511f731b2f1f7bb8df7
wqp,wqp:CAPECRD_WQX-262,2012-11,ANFIS-F,314361,062c0ee89cacade28a52372b153aea817ab9280b88958e75812f4c7b1bbfaf90
wqp,wqp:21DELAWQ_WQX-205181,2003-10,ANFIS-F,314361,062ee6ecec80d36c4540ade7c88c891d08e206fd86ef879c043b1d97d56d231b
wqp,wqp:21NC03WQ-CPF086C,2012-12,ANFIS-F,314361,062fcb7492482d2f61c5da6e44af4ad0a682ebde124bb78da0f5f21596361cb7
wqp,wqp:21DELAWQ_WQX-108111,2001-11,ANFIS-F,314361,062fd9c08df57d5737d38369e94b65d12dbbda49344ebb803ed8320f98a224f0
wqp,wqp:21FLSJWM_WQX-44494,2017-07,ANFIS-F,314361,062fdfd2c655c3e7b1a96990986facc6ef666d2dbdaea89365f806e60463d0d1
wqp,wqp:21FLCOLL_WQX-LKTRAF4,1999-11,ANFIS-F,314361,06308969ae3c2949069ee70fc51978420da91b273346ff80f4081034c7cbb049
wqp,wqp:21FLSFWM-PALMOUT,2003-10,ANFIS-F,314361,06326dacc660bc196edc560b54b32090e4c07627ed540242985f10ef22c4c54d
wqp,wqp:CAPECRD_WQX-280,2018-09,ANFIS-F,314361,0632d33af35a1defe80568fbc53e88f59c28904cf54477ff2767db29a82ae8c7
wqp,wqp:21FLORAN_WQX-BC11,2016-06,ANFIS-F,314361,063519bc96738bfa33cffe64e573d86a20d7e99b15e9c3f44088d80d99d4d377
wqp,wqp:MNPCA-25-0001-00-246,1990-09,ANFIS-F,314361,06354fe594b1730eb815b9dca87d87f1c651dadc1cdd6a4bf3e2835599cc6af2
wqp,wqp:21FLSFWM-PALMOUT,1993-06,ANFIS-F,314361,063628d565278215228fd50154eb9276c02fd891fdf585f411b73edfb178e39c
wqp,wqp:21FLCOLL_WQX-LKTRAF1,2011-05,ANFIS-F,314361,0637203a342c316745d6962af0db0cb540e52c558e5aaddc92b6086dabd2a337
wqp,wqp:MNPCA-25-0001-00-247,1994-08,ANFIS-F,314361,0639f7727d32d3f226e6a66baba87e1f983febd18e64e8c6ad7905fccdbe8a13
wqp,wqp:21FLSFWM-B09,1990-09,ANFIS-F,314361,063ca6df5d9a2aec07e17ac90a5d6dba3c0d6269d787e3bfe45c23f654a1acae
wqp,wqp:21FLSWFD_WQX-23479,2011-12,ANFIS-F,314361,063f28855813627a32b72d92cf81b6c8239d0ba3fa47e8949b6f5161a629d3eb
wqp,wqp:21DELAWQ_WQX-303051,2017-11,ANFIS-F,314361,06420fa87a7eb2cb3d47d3dc6b8be3bb73dd9ae6c7d3e31ffca1aa20d5d3227f
wqp,wqp:CAPECRD_WQX-290,2002-10,ANFIS-F,314361,0642b268163b1422656d9259bbbc4ce0f81435458b2d1dbb52cc08fa0c48dcd7
wqp,wqp:21FLSFWM-LZ30,1990-06,ANFIS-F,314361,0642f0071143ae058582cbe9834550e58532d4f8637762a02672508ec7dbbd32
wqp,wqp:USGS-072632965,2008-06,ANFIS-F,314361,0643e5ff483573a1dda1cf2610ca0125e00c4b190fa653a287e626e2bbaaec61
wqp,wqp:21SC60WQ_WQX-S-308,2004-08,ANFIS-F,314361,06442948fb66f91c1df9da32e01a8991522e54000cc06705215a01b08ed18fe5
wqp,wqp:21FLSFWM-TREEMID,1992-11,ANFIS-F,314361,06467541e19ce5843d6372051bbbd599d431b757a71c72f51b2ff4c36b672674
wqp,wqp:21FLSFWM-LZ2,2006-07,ANFIS-F,314361,0646ea789d765a75e41e4e118fc674ffe95bd10573dc2436c59a60ee261a50e8
wqp,wqp:21FLORAN_WQX-BC8,2008-02,ANFIS-F,314361,06471f321dfc58b3624261c961c468c7846f0472bd2ea971a9da5f7b4bbf2cc7
wqp,wqp:21FLLCPC_WQX-LKSILVERSHR,2007-08,ANFIS-F,314361,0647cfe740852a19a8439182acba3dcf92c28fd41cfd5b8b99832724ae7eb76e
wqp,wqp:21FLCBA_WQX-WAL-DEER-1,2017-12,ANFIS-F,314361,0647f7a4f008c8c21733a9d01142f673dab42fc19f3eeea0d053fb584bc1682c
wqp,wqp:USGS-295554095093401,2008-10,ANFIS-F,314361,064902c6b06d321db176975cadc7619f08d118c96326cba1c27f67abc8d7e2ef
wqp,wqp:MNPCA-62-0055-00-201,2005-06,ANFIS-F,314361,064d2186c9b82a275074adae8a110cf18418a4beb398fe9853d6d9e0d12dc32f
wqp,wqp:21SC60WQ_WQX-CW-174,2018-01,ANFIS-F,314361,06502113da23501d1601d569e158d280394c72a886a49be798042aeee80be0d3
wqp,wqp:21FLSFWM-PALMMID,1989-07,ANFIS-F,314361,065729d5cbc9345cf27b2e4bf4a8a40b7fa425e18d16c73b34e321dee812f4b0
wqp,wqp:21FLSFWM-C03,2002-06,ANFIS-F,314361,0659113ff382dc47ef4b6cc4e7dd15c4e68517cbc0edcb0808ccdd15549a9783
wqp,wqp:21FLSFWM-D02,1983-12,ANFIS-F,314361,065df2b6d4565f6a6fedff6155aff86981df876b0eeec88af793c40689c78474
wqp,wqp:21SC60WQ_WQX-SV-335,2008-01,ANFIS-F,314361,065e1935b2b3d86d9a0bef731639f149be6d3228f95f540600d90953452d4dad
wqp,wqp:USGS-01201700,1982-04,ANFIS-F,314361,065e26bcfe145cdba8ebde037a41b814bfe62272f922f4edf0932f66a6c5a009
wqp,wqp:21DELAWQ_WQX-307011,2013-04,ANFIS-F,314361,0661de32ddc857a26e70f1eb81f7870685618dacfbfa02c6fa0badd3c92d14fc
wqp,wqp:21SC60WQ_WQX-B-339,2007-08,ANFIS-F,314361,0662cc6b0f93d8fcf41c4979c441d3f236ac9ea2db1cdd215d8db83a4264c552
wqp,wqp:21FLSFWM-LZ2,1995-01,ANFIS-F,314361,0663314d840b1c790677e8aca30b0624597a6d9fc0c7e22e8ec161d7b5f880d4
wqp,wqp:21SC60WQ_WQX-S-311,2015-11,ANFIS-F,314361,0664476eeced62c1e4aa3828e77e9d9897dcc3ab8f79bf78f6740dd300950324
wqp,wqp:MNPCA-62-0055-00-102,1992-09,ANFIS-F,314361,0665e4cc15302b835602a69fe92faef327164e9a115cc8e2406f5e6fef9067ef
wqp,wqp:21FLSFWM-ISTK5,1998-11,ANFIS-F,314361,06661ab3f9ab4b9080e0e7b0ba37f268628e256e0ba644714f6e2c3ce7a88767
wqp,wqp:21FLSFWM-L004,1997-05,ANFIS-F,314361,06685129252b774ee1e8ff682cef934de01e65d72b9e32d09d8e3b0233bb4421
wqp,wqp:21FLSFWM-L008,1986-05,ANFIS-F,314361,0669993d862ebbfdca7030f94e84f5deb088fc0d094d01ec86d3f11b74af4f38
wqp,wqp:21FLSFWM-C03,1989-02,ANFIS-F,314361,0669f688bf288387fcd4bf9d105eace1e21f14a1771ad5cf37e7b556fa85d831
wqp,wqp:21SC60WQ_WQX-S-024,2001-09,ANFIS-F,314361,066bb448f9cf7bfa4bce6b67754944de6677a5bece61b23a46ac1a379c5dea14
wqp,wqp:OKWRB-LAKES_WQX-520710020020-05,2003-07,ANFIS-F,314361,066e330e25922199d02faac75b7b7a5658c7659623c2b3157b4374819248bd7f
wqp,wqp:CAPECRD_WQX-290,2006-05,ANFIS-F,314361,0671f92c2853ba3b3792f39544b6719f18dea02936f906264fc7a4119c1d2817
wqp,wqp:MNPCA-62-0054-00-101,2000-06,ANFIS-F,314361,0672e4b2c10221f2ccac4f448e696e138a7be3a37ae019a6999419dfe5d2252b
wqp,wqp:21NC03WQ-CPF081A1C,2009-09,ANFIS-F,314361,067395ba1d587764338f1cdcaeb16d6ef4fd549aabe018b99c6f5ccd184baff8
wqp,wqp:21FLSFWM-POLE3S,2000-09,ANFIS-F,314361,0673b5e87232bbf9083503911260130103600d36fd7baf7c277ffd9f75ff71da
wqp,wqp:MNPCA-86-0252-02-207,1994-07,ANFIS-F,314361,067745d86599dc79d828e9507bc6ebfdd4b4b16ff8b03fbb51eb1214a655fb4e
wqp,wqp:21FLSWFD_WQX-23438,2007-12,ANFIS-F,314361,0679115dffe30d366270565f7f740d105db0a8def5026411385b9e825121f666
wqp,wqp:21SC60WQ_WQX-SV-335,2017-09,ANFIS-F,314361,06823224b7e3e02e5d17efe0587118924d2a1879296c5a9cdb7ba0cfb9a80833
wqp,wqp:21FLORAN_WQX-CC6,2009-05,ANFIS-F,314361,068327dfc71e9896def3355cd806c1f55954675eb066a1a07bd91e07cf0cfa87
wqp,wqp:21SC60WQ_WQX-SV-236,2013-02,ANFIS-F,314361,0685139a25f577333fcfe9c79b691549984b89a5e9eef1e67b2f9c6587694d0c
wqp,wqp:MWRD_WQX-MILTON3P,2014-09,ANFIS-F,314361,068b9510ff0d78e12eba6fa647311c591e569f0ef7744a742ba83469e97e6868
wqp,wqp:21SC60WQ_WQX-S-310,2008-04,ANFIS-F,314361,068c542578fb5899d10a3518f92289f0a44a1b3cd2700311ad20be726b0bb877
wqp,wqp:21DELAWQ_WQX-307171,2002-03,ANFIS-F,314361,068cb25a96c52e08eb53d4b338776d044646a1c02ed9fc39a6ae66ca959c7767
wqp,wqp:CPNWATER-WW#3,2016-07,ANFIS-F,314361,068d1379d57aa709c9e8377033f8875f4ad5c0a1dbef1a304548c9472f23a432
wqp,wqp:21FLSFWM-D02,1997-09,ANFIS-F,314361,068d784969570c5d2caa7b9412fc958844b3aa807284a3dc56108a975dd19677
wqp,wqp:21AWIC-23,2000-01,ANFIS-F,314361,068ead1bd7979a4876ceca5178abf64abbea361fb3c85fe0f915da606aa8b327
wqp,wqp:USGS-14211940,2012-03,ANFIS-F,314361,068fc2e74f98c1abc5f11579ba4d5976313fea0ac9560add0d22406c3ca79336
wqp,wqp:MNPCA-25-0001-00-225,1997-03,ANFIS-F,314361,069003d102607c8be5c472c30412d27e8ded93610d286da49ab0046c3f5ccba6
wqp,wqp:21NC03WQ-CPF087B3,2001-09,ANFIS-F,314361,06957e9841ac6e9e3326bf1b24172cb9d643d5a8da25d9cc4b7cc4af5c43fc85
wqp,wqp:USGS-072632965,2003-02,ANFIS-F,314361,0695e4399089a9d43bf7d11ac653a572368f34be577b4c9a7101081ba8b981db
wqp,wqp:KAWNATON_WQX-KN-KL-001,2011-01,ANFIS-F,314361,06961b1cc9b164b06362acb775bbe79a4f6fb47d6aea42cf00ff43d257de1478
wqp,wqp:21SC60WQ_WQX-S-311,2008-07,ANFIS-F,314361,069682751c142e91b11409586961c4e8334d3760f7be35b7ccd53e9f904defa5
wqp,wqp:21FLSFWM-OISLAND,2005-11,ANFIS-F,314361,06989279063715d7d2598029ab048b771dbbc1f5a5d61c3e8273dcf781345920
wqp,wqp:MNPCA-62-0054-00-101,2001-10,ANFIS-F,314361,069a7204608b6233620ed181b3ff826e74c40da513911ecde2b71b88beb9eca1
wqp,wqp:21SC60WQ_WQX-CW-231,2018-03,ANFIS-F,314361,06a03e488895ab99b809a15e68f255471a75f55ee4ca221f329d48780064d4c9
wqp,wqp:21DELAWQ_WQX-208211,2012-02,ANFIS-F,314361,06a062dffbc6176558e601e2c1fb2381e7fd2783e5f17cd5117b2b512e14b215
wqp,wqp:USGS-01201700,1985-07,ANFIS-F,314361,06a1b60bc6773b8d28d04b6f7e684e0761395d78c201bc9242cf6301ff5ac657
wqp,wqp:21NC03WQ-CPF081A1C,2015-12,ANFIS-F,314361,06a2f6da51ab251a3e211e82cff5de87a3046325b6d86b2a40a908f38178e612
wqp,wqp:21FLSFWM-B03,1983-08,ANFIS-F,314361,06a3a23cb8e0476b5ff62a4ef6bb4fcb5aac6f77a9cb132dee11e49771df868f
wqp,wqp:21NC03WQ-NEU020D,2016-06,ANFIS-F,314361,06a561052de6338ce3df4bd1af551a30837d061c794e81fced3a64b4413eeab8
wqp,wqp:21FLSWFD_WQX-23588,2013-12,ANFIS-F,314361,06a648b2e55aa6e5c7605255e9114f0f6309a9ca2e41879dfb0bbced687abc28
wqp,wqp:CAPECRD_WQX-262,2015-04,ANFIS-F,314361,06a69d905b7e0d4e048d5614da403582e9b6aac0f1d51f87c1cdb5a9c9e92c4e
wqp,wqp:21FLORAN_WQX-CC18,2012-02,ANFIS-F,314361,06a7b61cfdae1091418d33ad62e5f45d2d86879b63b8c21c8af60147f0aedbcf
wqp,wqp:21FLSFWM-E01,1983-04,ANFIS-F,314361,06a8565c5e6da790cfbcab1318d6610f5bda870bc0d9fa641f282ca52d1509e2
wqp,wqp:USGS-07049187,2016-12,ANFIS-F,314361,06a87c01ed43b612750256d8be666e738d88e404a5ef7fafeeb69e68f92a5f49
wqp,wqp:21VASWCB-2-XDD000.40,2010-05,ANFIS-F,314361,06aac51e4ff9f8c40fa8fc8c22fa43a5fad07ee3f2eccd1e8e5074a3ef1eb1be
wqp,wqp:OKWRB-LAKES_WQX-520710020020-04,2004-12,ANFIS-F,314361,06ada4b2783819d52f621a269295c457c4a69f6c99d3d6e2bb3d8508f17cd212
wqp,wqp:21FLSFWM-PALMMID,1992-06,ANFIS-F,314361,06adbb0d8a74becc671199e84690a02670469a66f6715e26c4103ff6318d6617
wqp,wqp:21FLSFWM-B09,2008-02,ANFIS-F,314361,06af427a5bc79554454a6e74a5fd69d7459596d8f74a0fc9c3addfb6e26c487b
wqp,wqp:21SC60WQ_WQX-PD-327,2008-07,ANFIS-F,314361,06afe19e8f51fd425e14d26ea5a7b275fb67f86f5590cf525ad7943c3ba404d8
wqp,wqp:21FLSFWM-TINMID,1988-08,ANFIS-F,314361,06b2d159d0c52112a62cb28cc83b5b0ebcf9dce9fa4493793580d32fc91d1112
wqp,wqp:21FLSFWM-B02,1984-11,ANFIS-F,314361,06b424999629350915317d96f4c2c96c02d29a0483c51981e90cba33ca7c1b68
wqp,wqp:21FLSFWM-L003,1983-12,ANFIS-F,314361,06b5f5014cd712d054d0c6a08e7b12929fdf7d17f738af07f0471acf100f61d4
wqp,wqp:21FLSFWM-KBAROUT,2008-10,ANFIS-F,314361,06b621e32890fb4825f63603c61491f57143e79357fb5df1a699cd9852a87caa
wqp,wqp:21FLSFWM-TREEMID,1992-07,ANFIS-F,314361,06b923a360c2b5b6a9795a0d535795bfb2c9f893fde6d38a588fdff11e0ca2b3
wqp,wqp:21FLSFWM-LZ42N,2004-02,ANFIS-F,314361,06bc10a55039be29e7eeb5d690e71e543ed8cb006942129f54489b409eb188bb
wqp,wqp:21FLSFWM-B06,1986-07,ANFIS-F,314361,06bf1a479dbb91cff844567fba0ec7a10bea4f8bdb9276bcdeeeda5ecda75e89
wqp,wqp:MNPCA-25-0001-00-246,1990-12,ANFIS-F,314361,06bfd7772cfe557df2fd5f6de86ccd2f808bff2bef71c0f6726d356738e0d3ea
wqp,wqp:21SC60WQ_WQX-SV-361,2004-07,ANFIS-F,314361,06c0580058898b4b8f1d6e14a97eada86d9d165a1c06e86c80de30853b3fe4cf
wqp,wqp:21SC60WQ_WQX-S-311,2016-07,ANFIS-F,314361,06c27aef520bbbc4dcef333f2918db8eb650728a01594226c0ff8de81b60891f
wqp,wqp:USGS-07048910,2010-03,ANFIS-F,314361,06c30673750a88ddf6fee176c401be2b82522d6ce334b0f050a5884e8824fddd
wqp,wqp:21DELAWQ_WQX-109131,2014-09,ANFIS-F,314361,06c404608ecdfe717352a4b090f56a8e6aac390720fbbfa03f00e7423afafe31
wqp,wqp:21DELAWQ_WQX-109191,2002-07,ANFIS-F,314361,06c4cba8dfdef261f9f58516434708d26f568b3a4f8df1fa1ec6c2d8a6ebaf45
wqp,wqp:21SC60WQ_WQX-S-310,2014-08,ANFIS-F,314361,06c796802da539160f10e2a16e5782b3ee6a62fe40b6903773e8e5f5f8689476
wqp,wqp:MNPCA-62-0055-00-201,1985-06,ANFIS-F,314361,06c916c255dfe78b744ba8ea38c4df7ca51c99d227906a192a53be460ed491e2
wqp,wqp:CAPECRD_WQX-262,2001-12,ANFIS-F,314361,06c9ebff5b0f8b2499a61760f06a91eb0cb11612e427ffe02731d6faeb4d4621
wqp,wqp:USGS-07048910,2013-03,ANFIS-F,314361,06c9ee34828795d4c2840cfa0ec1698ec41b941f55aad2fe774eab0bf9dafc66
wqp,wqp:21FLSFWM-ISTK1,1997-09,ANFIS-F,314361,06cd18f284e72c5f25d79f664c78f816af4fe0cf15fccf5c9e6557ead6572eac
wqp,wqp:21FLORAN_WQX-CC13,2009-03,ANFIS-F,314361,06d02374565708f77ce33aae430b121742e8656a5bf18c356eae8acb1cba3a89
wqp,wqp:21FLSFWM-LZ2,1995-06,ANFIS-F,314361,06d2155080bb7a14ec85ae0b8b937b0f89febc7ca883743b945c7f28a5d2f497
wqp,wqp:21SC60WQ_WQX-CW-174,2017-05,ANFIS-F,314361,06dbed61f698cc612d338fb791465dfe25f06e9c943d222c51c13f15aaf909b9
wqp,wqp:21NC03WQ-YAD169A,2008-05,ANFIS-F,314361,06dca6ef948fa5537f8368aa790b6d42e5b2fd63a8fbec473deeeb582f1a3f23
wqp,wqp:21FLLCPC_WQX-HARRISWSH,2014-04,ANFIS-F,314361,06de3c6ae23ad68f75d02c5af0dd8585ddb12be82f072e949e9b8703abd67dce
wqp,wqp:21FLSFWM-ISTK6,1988-07,ANFIS-F,314361,06e03dea90a5ef1d988e84afa7ac5baf3cec3db250495f72f87e08c1d63c23d6
wqp,wqp:21FLSFWM-L003,2008-01,ANFIS-F,314361,06e1b08aab90a3bf305f5be20ff28c6726b8c916cc20a37527ec132b880897fa
wqp,wqp:21FLSWFD_WQX-23438,2016-12,ANFIS-F,314361,06e4990304ae9a0e9fe0ca03eafa84be7abf187f4218c3240efed66e68d400f8
wqp,wqp:21FLSWFD_WQX-23609,2016-06,ANFIS-F,314361,06e4ca7260c3de9527cff7b9f44eb9fcdfac37c451dc4e2415bb8919033f2cdb
wqp,wqp:MWRD_WQX-MILTON3P,2009-01,ANFIS-F,314361,06e54133d03ed533a13b97676a9821cdf82e525629ab1b63968367ee534ccf16
wqp,wqp:21FLSFWM-ISTK3,2002-09,ANFIS-F,314361,06e5a003303869710a8a483ff1ca103b350cf10b1c315ffbb07b6520f3f803a3
wqp,wqp:21FLSFWM-A03,2002-08,ANFIS-F,314361,06e637ec8602a929da9b10d48d31e177154821869a72f3b48c9d898caeb6afe8
wqp,wqp:21NC03WQ-Q5360000,2010-05,ANFIS-F,314361,06e9ae7067d1ddc38187d51a3d72c802b469af82a2f4f84dd890c513f59c821a
wqp,wqp:21FLSJWM_WQX-44154,2016-11,ANFIS-F,314361,06ea8860602227497ff714d40960c383917234317428be8db0e5f1d4999d8053
wqp,wqp:21FLSFWM-E04,1991-01,ANFIS-F,314361,06ed4a04ea0e8852ee9ad6c04106d053834cc64c2d9aad98b9a7bb6cad18de43
wqp,wqp:21FLSFWM-MH32000,2004-03,ANFIS-F,314361,06ed9c8d29cb1f50e94ffacfc65867cc2e5a04f4b93d2154e8dd5a7adc6ed267
wqp,wqp:MNPCA-62-0007-00-203,1991-07,ANFIS-F,314361,06ef5cf8c7a6fbc593bab674687bb20a5e7d135d87fc0aaaecfe434bd74d9768
wqp,wqp:21SC60WQ_WQX-SV-098,1999-06,ANFIS-F,314361,06ef5da57eaa0148c82268dbed0e386a7da057e446427853f6d916f9e9f1b43b
wqp,wqp:21SC60WQ_WQX-S-311,2006-08,ANFIS-F,314361,06ef89bbff2140e6f929d61a7a418a17e9a1d7bd9fb37bdabde3593d6075447a
wqp,wqp:MNPCA-25-0001-00-232,1993-06,ANFIS-F,314361,06f2d2dad5ca0f05dcb2c2833a1adcddc180b40f34393d6d96795632ca5aadcc
wqp,wqp:USGS-072632965,1992-10,ANFIS-F,314361,06f77e6c27e6b5321a4c7c53ccb28e801b0f736d0b7cc74e99c69c4331a03324
wqp,wqp:21FLSFWM-STAKEOUT,1994-01,ANFIS-F,314361,06f8614688e1389e9d0ccbdfdf4a801c2fc8ad2d30287f59a23186affd53bb70
wqp,wqp:21FLSWFD_WQX-23467,2009-07,ANFIS-F,314361,06fc4befac80a1f74b32546945c25b08673bd31b12f7977271ef768426e98145
wqp,wqp:21FLSFWM-LZ40,2003-05,ANFIS-F,314361,06fc8f614c2efa3eab509c08b373e6c1febb5565d3e3b080d5877a908146c456
wqp,wqp:21DELAWQ_WQX-308071,2015-07,ANFIS-F,314361,06fd8c385c65ae08b3be99ec32ba712fb0fe58ebf36562509b1b99297cbb97e7
wqp,wqp:21DELAWQ_WQX-109131,2015-10,ANFIS-F,314361,06ff838efce79a14514801de03ed8642b37d0ed184f364fc4189972408bc4d76
wqp,wqp:21FLSFWM-B09,1982-07,ANFIS-F,314361,0702f5c3eb2d3e0e545c351556ac7dc0e840db192c9097b723255e14dbd1b0f2
wqp,wqp:21DELAWQ_WQX-307171,2008-11,ANFIS-F,314361,07047e40f4d48c08ab439429a6e72596997a77748b53c3ffa8e9dc440a5f6740
wqp,wqp:21FLSFWM-ISTK7,1995-01,ANFIS-F,314361,07099eed317611b375ca138156f5146de65c4101e24126143cadfefeca0d6a08
wqp,wqp:21FLSFWM-STAKEOUT,1999-06,ANFIS-F,314361,07114e92982dbd7b26a4e62573260183f62b57d84184b08d5bccbd7981593995
wqp,wqp:21DELAWQ_WQX-303331,2017-11,ANFIS-F,314361,0712c912c9077debdf76fa75643ca18c8eb7eb83c8d5554b34c0da0bbf75267c
wqp,wqp:21SCSANT_WQX-SC-040,2016-10,ANFIS-F,314361,0713528d10b34df4d852cb944244c57a7a11b7068c3b71a107a5318bca9d219f
wqp,wqp:21FLORAN_WQX-BC7,2010-01,ANFIS-F,314361,071599d82d10515a0a4ff68979adbbbd4b8abb511f937bc82845549292b6e560
wqp,wqp:21NC03WQ-CPF086C,2018-05,ANFIS-F,314361,071757612f4d5ec3efea070bc7a5527ffc8a508bf14109dd9cc872499a242744
wqp,wqp:21FLSWFD_WQX-23479,2015-09,ANFIS-F,314361,0717c639c65117304771d393ea3c0e68f6768d67ad01836023e4b50c7a4eeb99
wqp,wqp:21FLSFWM-STAKEOUT,1988-02,ANFIS-F,314361,0718115dd92f68004e574eb7c6477ca793b9c280e9dec216a0a38ff84f4a4fe6
wqp,wqp:MNPCA-02-0045-00-202,1993-08,ANFIS-F,314361,0718e96d55d6f9df076c65eb783f9c5d0f5cc835f006c1684ae6391c13bf78b1
wqp,wqp:21FLSFWM-ISTK4,1990-03,ANFIS-F,314361,071b68f2d81290089c6bc14cc30629511478f200f32dd704c23fc3a57fbba379
wqp,wqp:21FLORAN_WQX-BC7,2017-08,ANFIS-F,314361,071e3b6a3b2eba47d374240b3ac4cdd73d8c8e7a0c7551c86de38ef098b1554b
wqp,wqp:21FLSFWM-ISTK3,1997-09,ANFIS-F,314361,0720777e0ccca4ffc9205839afa5c1c438c6190ff39d92df37b0285ed012fd9b
wqp,wqp:LAKELAND_WQX-LH11,2011-08,ANFIS-F,314361,0720c1dd21eb02467f4b22d10a991628b6a29238d90b023c2fbc24d4f48017a8
wqp,wqp:21SC60WQ_WQX-SV-338,2018-05,ANFIS-F,314361,07216c0ac9c9b6c645a1dbd47e34de995d5b110e5eede75ad7d1f5134a953311
wqp,wqp:21FLCBA_WQX-WAL-FULLER-1,2018-11,ANFIS-F,314361,0723b6c9249860a29e8f5d347ddf0d8d028e2ebcee14399ba90979337715edea
wqp,wqp:21FLSFWM-TREEIN,1987-03,ANFIS-F,314361,07247a103baa0ef2f1ab13cdf41db7b4079c5ed4b45fe6e6e38a2131be5255dc
wqp,wqp:21SC60WQ_WQX-SV-361,2017-03,ANFIS-F,314361,0728cb598979614b311f7e49ac679e49b1434757e8b255a6a24a9654fe19981c
wqp,wqp:21SC60WQ_WQX-CW-197,2007-10,ANFIS-F,314361,072e9bdbe31a1d3af37333c18d3d12553ccf696a215d29eff35dd583c03f08b3
wqp,wqp:21DELAWQ_WQX-109191,2017-10,ANFIS-F,314361,072ff95a70a364d52839a68de1e929fe12d0d9fc81b2b534f2b5d3b4f7eb4249
wqp,wqp:21AWIC-81,2008-09,ANFIS-F,314361,07306ca3a4b8d290dc0cf53d490112fcb8552f90fc1cea1b3ad8e6ed27cc6c36
wqp,wqp:21SC60WQ_WQX-CL-019,2003-11,ANFIS-F,314361,07325da8e49e849e1207e0c39d181ef065d2c944fb4fa5c915921eff1500c050
wqp,wqp:21FLLCPC_WQX-EUSTISSSH,2015-03,ANFIS-F,314361,0732dcc0ea2c51323cd33775c9a05b1ae8e43c0a2f2ac789e44cb4199a5c05ab
wqp,wqp:USGS-07048910,2001-08,ANFIS-F,314361,07335c72b3c33464d6749bc25ef707f78b41e954193dfd9b052fd5af63f04cc1
wqp,wqp:21NC03WQ-YAD152A,2005-05,ANFIS-F,314361,0735a2ca9f11a183b1332090a28343fb2fd9c88d0e452788636f85a2ee71c9ff
wqp,wqp:21SC60WQ_WQX-SV-357,2018-09,ANFIS-F,314361,073b6acab6b72c3d94cc5d9e2552df22df23aa1c6590c5fcad6b3619000da256
wqp,wqp:21FLSFWM-TIN16100,2002-07,ANFIS-F,314361,073fb0367de13c01bfe8607680169277a1e996ec1614df691deb0c4f6d3d1678
wqp,wqp:CAPECRD_WQX-280,2010-04,ANFIS-F,314361,07437fbe52e9e3104a1fbd2d21064f2d759a5f1ff830e709bbac8fd55778dcfd
wqp,wqp:21SC60WQ_WQX-SV-338,2017-07,ANFIS-F,314361,07473514e554f4d45414a3a7929e4b02f907cc56a4fb42bc9d73ce7940b9efda
wqp,wqp:21AWIC-81,2016-02,ANFIS-F,314361,074a4111ff8bd50eacd313e198df0ea9ad9e4ada8264ba1d8e3781a4fd80eb54
wqp,wqp:21FLSWFD_WQX-23588,2007-05,ANFIS-F,314361,074b8f96c46f931f445fd09feea3534ad5cf1ed4d4bbea35d8903098758f1824
wqp,wqp:21SC60WQ_WQX-S-022,2017-06,ANFIS-F,314361,074c922b978a157751bb9f0328372476f71c76c8c969e90b2e27e645bf7691d7
wqp,wqp:21FLSFWM-L004,1982-08,ANFIS-F,314361,074fb6d3b048139f260db285f8b4fc64bfa2b30b153e896ef2fd7fc4d41889f7
wqp,wqp:21FLSFWM-IPOUT,1996-01,ANFIS-F,314361,0754ed531c32d44430bc97789b5e2a82e3ec71ba354d682aa9064a1d02f2bcf6
wqp,wqp:21SC60WQ_WQX-SV-098,2003-03,ANFIS-F,314361,075797068f8cf16fad3278309e00904ae7e896f665cf537edf53e19d0163705e
wqp,wqp:21FLSFWM-L001,1983-08,ANFIS-F,314361,075930f5a7e4fdd265658cb2a0d3322a082f30d0dcae095f2db630a3c5ce1ef6
wqp,wqp:MNPCA-10-0048-00-201,1986-12,ANFIS-F,314361,075b31e96ae7ca6de99a5268ce7d3fca2db9fb7a6561d15d146a8739a3151d4b
wqp,wqp:21FLSFWM-KBAROUT,1992-06,ANFIS-F,314361,075e71658ad571d568b252159f3d7a0a1ac519643ae010b529188467548a9075
wqp,wqp:21NC03WQ-NEU019E,2011-10,ANFIS-F,314361,075fe916f4f0237ab237147a6c9239fe12cde81edb117c867be73259bc2fba21
wqp,wqp:21SC60WQ_WQX-ST-032,2009-01,ANFIS-F,314361,0764dee0ec8fdfee40d5fd29b4cd07b0053a34331668418647138caa99c8a059
wqp,wqp:MNPCA-62-0054-00-101,2009-07,ANFIS-F,314361,0765c8108d11dfd162fa7dc3a055b41142260610a9e0096e1ed0ac5b70406a22
wqp,wqp:21FLSFWM-A01,1981-08,ANFIS-F,314361,076805726df099e1ed8563946179e96d46978cb967bde080f991b2ab315f4ed5
wqp,wqp:21FLSFWM-KISSR0.0,1995-11,ANFIS-F,314361,0768826c396c169db67c5fdd4315be327ae14aa8269e1feb9d393b14cbae859b
wqp,wqp:21SC60WQ_WQX-B-345,2013-02,ANFIS-F,314361,0768f100e0b90970fe36032bdcd49d1910da25fadb199d1b4c8b0a1eede23494
wqp,wqp:21AWIC-23,2017-09,ANFIS-F,314361,076a0bc236a12688650495a35e4aed927081eb4be7e79c58f32e3e3c9a952c04
wqp,wqp:21FLSFWM-ISTK5,1995-08,ANFIS-F,314361,076acd83b40466b245c503144f41d57ffda1af6d8737a03bd830e8d83ac2fad6
wqp,wqp:21SC60WQ_WQX-B-327,1999-08,ANFIS-F,314361,076b61ba86869767c62edc3da1e1e0e73d9415c3861bd59e416170f0bdbe1302
wqp,wqp:21FLSWFD_WQX-23438,2008-07,ANFIS-F,314361,076d858e9a931c583cfed5a244f0e011b640b923fe4e6485349f53a5da3e593c
wqp,wqp:21NC03WQ-LI01,2011-08,ANFIS-F,314361,077153afc000b05ed650af96d390d3a4548b797d6b859965b3004c43f8478a73
wqp,wqp:CAPECRD_WQX-290,1988-09,ANFIS-F,314361,07721959cf6320f9a5530811b1e8cf40862d7028939d719a4673181dbb4ac1c0
wqp,wqp:21SC60WQ_WQX-SV-331,2017-10,ANFIS-F,314361,0774003ef9adb0ffb775b2918efd7c96fec787a98314817faf8546d16dc926c8
wqp,wqp:21FLSFWM-L006,1996-08,ANFIS-F,314361,0778afd3d02f29236bd1930c6452f8e863714b4fe4cbad58a64b424d56d7ad08
wqp,wqp:21FLSFWM-TIN16100,2004-03,ANFIS-F,314361,077a24724fb19e40136d047c54ec993b5f2c05252d0af9ec8be4effde5c617e8
wqp,wqp:21FLSFWM-L004,2002-03,ANFIS-F,314361,077afe7922f47b38e64029333d93eaa132508cb82b3fada3cadd4d8d4616f7cf
wqp,wqp:21FLSFWM-LZ42N,2000-10,ANFIS-F,314361,077c130113d5d1fc8f3a116822b800444bf63f620f13c4278e0eb8e5c8b263c4
wqp,wqp:21FLSFWM-L001,1997-09,ANFIS-F,314361,077d3fc57e20e2dc6a1266b638fba728aaeac0099ab0450161a49eb9753da2e2
wqp,wqp:21SC60WQ_WQX-CW-231,2005-05,ANFIS-F,314361,077dfb0027e5549e9567552fa086c8e57e0a6fbbeb4364588e4c2220f2a38039
wqp,wqp:21FLSFWM-ISTK6,1996-05,ANFIS-F,314361,077fa1a2414e86528e25c31788512459e66b9a8fa8cf3896ffe6f55b5c9791a0
wqp,wqp:MNPCA-25-0001-00-233,1990-08,ANFIS-F,314361,07813858895cf2fa2b02266a84c23e7756d89b40f45c74f72fddc0b889b3e795
wqp,wqp:21FLSFWM-A03,1994-06,ANFIS-F,314361,07845dc241466212b859d101b6c88118a6dd8bfe755b877b71e5325a859e1619
wqp,wqp:21FLSFWM-LZ30,1996-11,ANFIS-F,314361,07851c6852e79ac9f839cfc75feeca9f349bba8faa027e7543de9de9a6152386
wqp,wqp:21FLSFWM-ISTK6,1997-11,ANFIS-F,314361,07851eb1049d72df81ee875ccc28affe7116a21541a65a359eb16038892d3ad7
wqp,wqp:21NC03WQ-CPF08801A,2000-10,ANFIS-F,314361,07856612efce4e30eba6732c8ded5264f3138e72afa53cefa71de56ed684f7e6
wqp,wqp:21FLSFWM-E03,1982-05,ANFIS-F,314361,07861fca964b6594571b404ee8b230cd2c021aa96616d43dc9647df6fbfca67e
wqp,wqp:21DELAWQ_WQX-202021,2013-08,ANFIS-F,314361,07895a623e50d192bc899fe68747a2bebb16c57267ad4a30cb8e401abe2f9b5b
wqp,wqp:21FLSFWM-L006,1988-05,ANFIS-F,314361,0789a91978c6d33e566bba8b4e288b71f8e9bc354f272d946550bc7fc98259a1
wqp,wqp:21FLSFWM-L003,2001-02,ANFIS-F,314361,078aba9ee2da5a23fff12e40992300603862a4da678dd7c989ea91d7c47c449d
wqp,wqp:21FLLCPC_WQX-TROUTDKEUS,2015-10,ANFIS-F,314361,078c8fe0c944c96b4c238b85686aca1c45361ee45379093a04d8110ac325f8f2
wqp,wqp:21FLSFWM-KBAROUT,1987-08,ANFIS-F,314361,0793f43bd4242515b82ab58d561582070036d06c2ddb05bf777258bd9ed7cf6d
wqp,wqp:21FLSFWM-D02,1997-12,ANFIS-F,314361,0794501baedd631e84ef4438ec786cc8adb2f4e79b92078b1f148a7181bb52ef
wqp,wqp:KAWNATON_WQX-KN-KL-002,2009-06,ANFIS-F,314361,079536595b4a108bce9c4fc2933b68be8fa177eada96928f3211c0b34b3e2f15
wqp,wqp:21SC60WQ_WQX-SV-361,2014-10,ANFIS-F,314361,07977d96a90a88bb310d9d620fb6b80253698bf9ef4ed88e1485d947ed1168be
wqp,wqp:CAPECRD_WQX-290,2009-04,ANFIS-F,314361,07980f0806d8768e5ff6b637e80f08b345774180f2bc0fd689f3834e79a07c07
wqp,wqp:21FLORAN_WQX-CC22,2017-05,ANFIS-F,314361,079866df73d5f60e56001eb5688bca2c9e2fbfe485b284afe8790bc603d7bf81
wqp,wqp:21FLSFWM-LZ2,2004-11,ANFIS-F,314361,079c4ff7bba69c182dfb9d4f8addf323ff9205946fb4cccb2aa2a97a0b2506d6
wqp,wqp:21FLSFWM-B09,2004-02,ANFIS-F,314361,079ca44cb1691831f9f473110b02e7730fc3d2ee54bcd854b1a4422d72290625
wqp,wqp:USGS-01657622,1973-04,ANFIS-F,314361,079fa40a197ce623d93c2039717d7eb3a9044bd91569231f8b5baa28416c0674
wqp,wqp:MNPCA-47-0042-00-201,1982-09,ANFIS-F,314361,07a2057c9f906fa552183676dcf288505aaa0804e9005b788e477282514d2c21
wqp,wqp:21NC03WQ-Q5360000,2008-09,ANFIS-F,314361,07a207a67b6ced8a199acb8ea9f5420ef35d6ca971aaf06ad91a32096d479b34
wqp,wqp:21SC60WQ_WQX-CW-231,2002-10,ANFIS-F,314361,07a3101d30482f12d41e4e54e297799b4ac826d7b64312a5440e2b5289d3a2f9
wqp,wqp:21SC60WQ_WQX-SV-340,2014-02,ANFIS-F,314361,07a377598ebed05492e034186d0b3ce77e6288ebd6d053cbde314f197c8782a2
wqp,wqp:21FLSFWM-L008,1986-12,ANFIS-F,314361,07a46bbd0cc9a80ed2522e8f4942e5d02dcd4041d9af5ef76ce1c97ee1603b1d
wqp,wqp:21FLORAN_WQX-CC6,2007-06,ANFIS-F,314361,07a53b92d2182f03514ea467158d859ddbf495fc9692638d20a64fbd285b58be
wqp,wqp:21FLSFWM-STAKEMID,1994-04,ANFIS-F,314361,07a54dbc5c20e2a28bc2c7bb53bd47d07ecc7f89cb4b7c19d321ad6254c0c3ed
wqp,wqp:21FLORAN_WQX-BC7,2011-01,ANFIS-F,314361,07a9615f5fa5bc9eaa93566df9f1bfc663e19ebeef3e12388b9d5d1175f64023
wqp,wqp:21FLVEMD_WQX-SJ17,2017-04,ANFIS-F,314361,07a9be480390666ccafd885bc82abfd7dfe0dd2190bb443cf5dbd77168738aaa
wqp,wqp:21NC03WQ-YAD169A,2005-06,ANFIS-F,314361,07abd1f9365c468661b058f3b5e9e8ae782e7a869ac24558094231999fd52919
wqp,wqp:21FLSFWM-PLN3OUT,1997-07,ANFIS-F,314361,07b133c721b0c50507aa930ae4b35f1d4546debc2268b81570f44650edf2551a
wqp,wqp:MNPCA-10-0042-00-401,2011-05,ANFIS-F,314361,07b13e8b156cb0975ba208c45bd5362eb5be17b65b281cfc07d35884099e9136
wqp,wqp:21DELAWQ_WQX-206361,2000-04,ANFIS-F,314361,07b44515d5d6b784a6d3f60e7ad616a624066c826ed4143a384b30c8c5d99617
wqp,wqp:21NC03WQ-CPF087B3,2005-05,ANFIS-F,314361,07bce4f7ce06811e82f1d04028be28afd29ad01e3a399b5704dd29e33645711e
wqp,wqp:21NC03WQ-B2450000,2016-09,ANFIS-F,314361,07c0683d77ec5707f8f3771c43d1e5d1e7e6f51b33fe1e14f71d3b487173da90
wqp,wqp:21FLLCPC_WQX-GRIFFINTISH,2013-05,ANFIS-F,314361,07c11cf379382e81ecafe3bae1675752f0690bdb764010ed424293e486f5ca1d
wqp,wqp:21FLSFWM-PLN4OUT,1989-09,ANFIS-F,314361,07c138c202d0ffb9f22356fdbc0af12fe73b637ef26b66a025a249e079c4f39e
wqp,wqp:USGS-423659088354401,2012-07,ANFIS-F,314361,07c29d4c2a39eebe0dfecf30bd2f987093941b8cf18488fdfed2479b6cabe59d
wqp,wqp:21NC03WQ-NEU018C,2017-02,ANFIS-F,314361,07c57296c154062261809b01c7827aa47f8f6dbbba2307b69eccefba3fa381e7
wqp,wqp:21SC60WQ_WQX-B-339,2006-11,ANFIS-F,314361,07c710118e3e9488df784c12b398893043198a251c23f72492f3238578a47728
wqp,wqp:21DELAWQ_WQX-208181,2008-08,ANFIS-F,314361,07cb22da950dddcf9a78651ea3f7a6a36940c318376cf5f38d2329091a6e7a3d
wqp,wqp:21FLSFWM-L006,2007-06,ANFIS-F,314361,07ccf061d5122b1011f22ce1e016c7c2504c4e819dec930140dd1df164e1a5da
wqp,wqp:21FLSWFD_WQX-23613,2006-02,ANFIS-F,314361,07cf0448308c80bf24e8d820e48ae1f15e8092223c0bc4481d8d26f729059f31
wqp,wqp:KAWNATON_WQX-KN-KL-002,2007-02,ANFIS-F,314361,07cf7ffa0b801a86c7448e5611358edc27bd271568b3b3ba43a29e52b996bf84
wqp,wqp:21FLSFWM-D02,1991-10,ANFIS-F,314361,07d518dddeab4ea6c163a840a778123e5deb61b7ba3521444a2e214807b8c4e3
wqp,wqp:21FLSWFD_WQX-23458,2011-08,ANFIS-F,314361,07db1883540d7ad276ca905705b44ca403a1a5b5994bd6d8f45e7db8d7aa53db
wqp,wqp:21NC03WQ-Q5360000,2018-12,ANFIS-F,314361,07dd9722a79fc2e7b1e811570e4486bd50bd5b4fbc54fc309547831d7a6957ca
wqp,wqp:21NC03WQ-YAD169A,2005-03,ANFIS-F,314361,07e2bfc9cdb914fdce9e6ed8edbb1424ffbd5f16c1c739b34693742e58ba05dd
wqp,wqp:21FLSFWM-PLN4OUT,1992-10,ANFIS-F,314361,07e3579ca113aad7246910bc95ab844c420764d123396bd301ee080a5f04a3d0
wqp,wqp:21FLSFWM-L004,2003-09,ANFIS-F,314361,07e4016217edd94156597c963063c92163dc0ec53a701cd17df84bf08c25f765
wqp,wqp:21FLSWFD_WQX-23641,2007-02,ANFIS-F,314361,07e40f30f6bea47edb094d3c183facdb113e440bc133ca990291436092aa5521
wqp,wqp:21FLSFWM-B02,1983-04,ANFIS-F,314361,07f0a5d6cad4ce14edf5837c5da047ff1718e4f7916879f778a86ef6182a16bc
wqp,wqp:21SC60WQ_WQX-PD-327,2017-06,ANFIS-F,314361,07f1f8e8f24e4ae94b9c04bdf199e7b1da3f98fa125f8091e515cb31e2494ceb
wqp,wqp:USGS-295554095093401,2015-11,ANFIS-F,314361,07f4377095bbb141babc39f27bb2577d6ada3118bfc61ed644808f16ed49398d
wqp,wqp:21SC60WQ_WQX-CL-089,2010-04,ANFIS-F,314361,07f4d009b8d3b3b2d06d0c07c82d6c3a1c35e1dc2435fb3d4cd32999096d20a4
wqp,wqp:21SC60WQ_WQX-S-311,2014-02,ANFIS-F,314361,07f55dde52a90b8c12e701bab208201543f883762162cbad22b66045463812e5
wqp,wqp:21AWIC-23,2011-02,ANFIS-F,314361,07f67df419d092c5a52221ad4676179bb4da38ac0659b1c0d55c43e14b44b12a
wqp,wqp:21FLSFWM-LZ40,2006-07,ANFIS-F,314361,07f99f0e769715343c30a73762de41450d78192346a5b9ce5368a07c46019cd4
wqp,wqp:21FLSFWM-ISTK6,1996-08,ANFIS-F,314361,07fce686f46abc5604c89742d79fe79488f260044cc88b0a75350fac5bbded6c
wqp,wqp:MNPCA-25-0001-00-215,1998-08,ANFIS-F,314361,07ff4232c327826984dc6e7ca4e84131974daae0834479d5935e2722cd78c913
wqp,wqp:21FLCBA_WQX-WAL-MORRIS-2,2018-11,ANFIS-F,314361,07ffd98edd6f5479ab0c759bad5d983d488b6f440372025954c9af16c1bd0525
wqp,wqp:21NC03WQ-CPF087D,2013-09,ANFIS-F,314361,080413ee7091b4179b7094b27b7f2066ce24363f3047dbe170632c10b1219c67
wqp,wqp:21FLSFWM-POLE3S,2000-08,ANFIS-F,314361,08057c224d99166afd47756cfa2437adabd2262b7b151ffda2d75e5be680b880
wqp,wqp:21AWIC-81,2008-02,ANFIS-F,314361,08059c37ec352625dd4a1f479641faf4339efdf95addc1ce3809251a105cea2e
wqp,wqp:21NC03WQ-CPF086F,2012-08,ANFIS-F,314361,0809973bbf04265a873bb4731a4f9d6a67048ae10e7b6b802850dc8f122c6be5
wqp,wqp:21NC03WQ-CPF086F,2015-05,ANFIS-F,314361,080af0f015c00f69a66fd92b73b6aeb6f86d3a81e5a4aa9126a1f98802f8ba9f
wqp,wqp:21AWIC-23,1992-09,ANFIS-F,314361,080c0a36998bec3fd56ffec62d43cafd55489ed210aac5865d583d199b7bd051
wqp,wqp:USGS-07263299,2016-04,ANFIS-F,314361,080dbd3488808532f83ed2976d187b75637bead29691b9e10bd5e170ff770c0c
wqp,wqp:21FLORAN_WQX-CC6,2014-12,ANFIS-F,314361,08139ed2e8c3a07b6ef16aa9d39553d662e9458fc4670e7fdd95afc09df3a8b7
wqp,wqp:MNPCA-02-0075-01-204,1977-06,ANFIS-F,314361,0814736b30fef7061571d1e56e7db3459cce1c0a16e0460a1d20e5fb41f18851
wqp,wqp:21FLSFWM-LZ42,1997-05,ANFIS-F,314361,0814d2f4dac7aeb59a65ec7fe21c8e1ad1f52777c91e7e0e55ad9609a3d8db8a
wqp,wqp:USGS-07049187,2018-07,ANFIS-F,314361,0816976642c409795e0d4d2650c23a18328898c9ebad0e784df7681a7968f328
wqp,wqp:21FLSJWM_WQX-44618,2017-01,ANFIS-F,314361,081734b161b7ba017445a04b2ccb915a8853006d77aaab13edfe5a4ef682d28d
wqp,wqp:MNPCA-62-0007-00-203,2016-03,ANFIS-F,314361,081a4de140513e523eb692ccad75cb6a39fe3c2d7c3e47b5c5fb829cf23cee16
wqp,wqp:21FLSWFD_WQX-23479,2008-01,ANFIS-F,314361,081b2c46252b2c9975e40b6c7e4cb6988518eef3e65007283fa785764520f061
wqp,wqp:21FLSFWM-L001,2004-11,ANFIS-F,314361,081ca3421d71768d62d87be965f7bff6b8e074eae4765cadfae71d4b757f328a
wqp,wqp:MNPCA-82-0046-00-203,2008-06,ANFIS-F,314361,081efa6fc0e61cb131769135d3ba39d9d1d6a6d9c0fa29f7275fb029bc235e2a
wqp,wqp:21SC60WQ_WQX-SV-331,2007-08,ANFIS-F,314361,082253fe2b382d9321d63adea2cf01bc8dcaf8d61944de74d57481cd1a4fd956
wqp,wqp:MWRD_WQX-MILTON3P,2017-07,ANFIS-F,314361,0823a8ffc92d14862de86b5c085923771b8452d0576aafc082b312cfafa81164
wqp,wqp:21FLSFWM-B09,1987-09,ANFIS-F,314361,0824b7e945a4381f4fb0d43ae7f50943e7dd0c38d97a8144c7d9b5f87398fa50
wqp,wqp:21SC60WQ_WQX-CW-197,2009-03,ANFIS-F,314361,08275ada12a7eb41e254a653dfbd13e6e8579bf3570dfa68bcb46326188e628f
wqp,wqp:21NC03WQ-CPF087D,2005-02,ANFIS-F,314361,0828385e1c8455593c23768a43ee9cf95ebcfb029f2f596b9ae7eab4559812b0
wqp,wqp:21SC60WQ_WQX-S-310,2006-01,ANFIS-F,314361,08290f3529a0c6a5d75ff8d80b37b70007442536752d3f3f876a5975a8675609
wqp,wqp:21SC60WQ_WQX-SV-200,2006-10,ANFIS-F,314361,0829a5c17585c93a19a8a0b8ac1f29d64f9d6640ab47a4de1e8f545d31348b9d
wqp,wqp:21FLORAN_WQX-CC17,2011-02,ANFIS-F,314361,082ca70552efefaea7ca8ac930247ca1e8f51ecd880ec7b40574dba9552c6fca
wqp,wqp:MNPCA-86-0252-02-207,1991-07,ANFIS-F,314361,082d62a985eedc33e722519ceaa6462dcfef2388646409d9b6ba22a99da3bb5a
wqp,wqp:21FLLCPC_WQX-IDAMERESSHDK,2013-11,ANFIS-F,314361,082d7d5d61391b528e6d50cf77d8f0538e7afcc34168cac026dbd8f03e6d8af2
wqp,wqp:MNPCA-62-0054-00-101,1990-04,ANFIS-F,314361,082e176c719dced33e368ca0cb634784cf51a9e39f0303fc11d2dcf04dfc4db6
wqp,wqp:21NC03WQ-CPF086C,2007-03,ANFIS-F,314361,082f9d13ca21bfb6c55b7cf2605081e8168caae7b4011b880b1d30f1b808533e
wqp,wqp:MNPCA-86-0281-00-201,1982-06,ANFIS-F,314361,082fe0d3597ad2223c40523127fe77f548743c86c38150684ce422ca859e954b
wqp,wqp:21AWIC-23,2014-11,ANFIS-F,314361,08313a7432a14ac9d150b7297cddbb4bd8816f0a5bd8cce9fb5b133ec5d84d14
wqp,wqp:MNPCA-62-0055-00-201,1990-09,ANFIS-F,314361,08324e23066f15bb1f294a969d5e353346658b44bfd275037ad3baa1c63cbd4e
wqp,wqp:21NC03WQ-NEU019P,2010-06,ANFIS-F,314361,0833cd91892614f5c9d7aef0bb7b0e798ab5bf1d5b801bfaab279086b1fe02f9
wqp,wqp:21FLSFWM-D01,1984-03,ANFIS-F,314361,0834dbd7aeca8bb8cceddfd7791dba5cb974bc2948613101fba971d8bc32dfaf
wqp,wqp:USGS-423659088354401,1984-11,ANFIS-F,314361,083a88efd0133737a6446794baf1b25036ad374dd704ce47f0f73a4743651f16
wqp,wqp:21SC60WQ_WQX-S-024,2018-02,ANFIS-F,314361,083df84ce00979737bb0225252344a3bdab1c9e7f2152ccc7a73f5263d1c9aa4
wqp,wqp:21FLSFWM-L005,1984-05,ANFIS-F,314361,083e1835cc263496746f01f350ff3678d25c90796dcc6b8c40042a43910bfe71
wqp,wqp:MNPCA-02-0075-01-204,1978-08,ANFIS-F,314361,083f4708d05da64abe15254477e92d3aaa2bce914019ed56b8be2f532e257cef
wqp,wqp:21FLSFWM-E06,1983-05,ANFIS-F,314361,084040fbda8d0ab250769f0858204b09108f6511cb32fd9eaab92fdb41680209
wqp,wqp:21NC03WQ-CPF055D,2015-02,ANFIS-F,314361,084161d33df85d16e676b6d690b7ca1ccacf21f74cbda5ba7b95b47305eb4ec0
wqp,wqp:21FLSFWM-OISLAND,1999-01,ANFIS-F,314361,084192931a94e47200108d8abfa4541e0a247c8e31dea38b929133ea1139e2cd
wqp,wqp:21FLSFWM-L005,1992-12,ANFIS-F,314361,0841934c6ba0e7b458f2d4a2e4d469d1f0821e4d6449436d31eba7d13f715c40
wqp,wqp:USGS-07049187,2016-06,ANFIS-F,314361,08425b5412e23c054635e684f0e1071d09f6a3bde7cd217c60c88deb12dba7f1
wqp,wqp:21FLSFWM-RITAWEST,1996-10,ANFIS-F,314361,08434167373cdde79cc1e0c0165bca0c739413aaaba592831f94b5307b52c6cf
wqp,wqp:21FLSFWM-C03,2005-03,ANFIS-F,314361,084374298f5681b09a1db8e3c4f5307306cfe9e6b8d90b1eec28cdc21888827f
wqp,wqp:21SC60WQ_WQX-CW-197,2001-04,ANFIS-F,314361,0844a9d1cd6bf7e22f1e669c74f06fcc857f33f40db296d766df9cf18a1c4512
wqp,wqp:MNPCA-62-0054-00-101,2010-09,ANFIS-F,314361,084b51329f583c7f469960e759defb55243c09298c2c500f5fe5f97a515a0588
wqp,wqp:21DELAWQ_WQX-303331,2017-04,ANFIS-F,314361,084da08393427d6d71090c112812230cd0e5dd89242a39a3ee208613f17c03c2
wqp,wqp:21FLCBA_WQX-WAL-ALLIGATOR-2,2018-01,ANFIS-F,314361,0852ea0ea0a3646cb4bf8eec8a891ff60475ffad25f809da07080e751a777ca0
wqp,wqp:21FLSFWM-ISTK6,1997-04,ANFIS-F,314361,0853efcab0e8d1df8612390fe6fd4b052d58df4c3d064b4529b5f7733b15a773
wqp,wqp:21AWIC-23,2011-12,ANFIS-F,314361,0853f0d5c007c5facd6d039d8db25cf8e0a038f8085d77dfa7b086423c33083b
wqp,wqp:21FLSWFD_WQX-23113,2011-07,ANFIS-F,314361,085d35831cfe528c293b3a7233e040c0ba44f7bd7c5844692df5ad81d70de5a3
wqp,wqp:USGS-295554095093401,2017-03,ANFIS-F,314361,085d7d914c594e71e0b66093258fa8552ea771d44c176ef8554e2724a2dcb1be
wqp,wqp:USGS-07263299,1993-05,ANFIS-F,314361,08609c55e34a748e71af8e803cdc042812aac9ec66c15d509d2e934824ff6639
wqp,wqp:21SC60WQ_WQX-S-310,2002-07,ANFIS-F,314361,08654f0ab8b1344a774b36de623a95943d1eaceb67353e204dc0bc0f54555ab3
wqp,wqp:21FLSFWM-TINOUT,1995-07,ANFIS-F,314361,0866bf0ac203900a700de2c5731281404c50cd9ee42a2bd4f855dc606da0e6c1
wqp,wqp:21FLSFWM-B03,1983-09,ANFIS-F,314361,0867d96551db4b4972141be142a97299f418ecf27e537bda5eb7e13a0a7be693
wqp,wqp:21FLSFWM-L003,1979-10,ANFIS-F,314361,086abe792172f8856395fc8103a9dc76e6fd01df2590546efbe36f1c5d7b91a9
wqp,wqp:21SC60WQ_WQX-ST-032,2009-05,ANFIS-F,314361,086b3b1e2708a57e24baa72af93a4da34e09716742e182f07f9ed1fe15e3adc6
wqp,wqp:CAPECRD_WQX-262,2008-09,ANFIS-F,314361,086ba30e5ae83771240c05d498ebb68ad375f6000e75b221929431f6e08ba76b
wqp,wqp:21SC60WQ_WQX-B-345,2007-10,ANFIS-F,314361,086cb44aca6bf469e0145870effe84d2daeb79fffd243c7c897ba06d66fe4050
wqp,wqp:21DELAWQ_WQX-202021,2007-09,ANFIS-F,314361,086dd53ed3760eb7a9c11e706e51ac01e3581f4be7097b336ed5499718d0f7bd
wqp,wqp:21FLSFWM-B09,1986-09,ANFIS-F,314361,086f6661de960cf18b421d0b27a9ded77f967dae841835906e083a64e2abeec7
wqp,wqp:21FLSFWM-POLE3S,2005-03,ANFIS-F,314361,087645465ed226b15d7ebf3f619ecc53baadb238df2aad5845eed5b870107cb2
wqp,wqp:21SC60WQ_WQX-B-345,2004-11,ANFIS-F,314361,0877be1b23f53703a8c5b58fcf6d5130f015947737f3215e1cc5d2a86fd1cf97
wqp,wqp:21FLSFWM-L005,1998-07,ANFIS-F,314361,08784f28e47b98a32e56cff35bd86a5d7de8e5422633d8e29000ee4e2d6ae23b
wqp,wqp:21NC03WQ-NEU019E,2011-05,ANFIS-F,314361,087b625d86deb91ea67df7058d0f1e872478fba47c2bcb19ccadb611d59654d5
wqp,wqp:21NC03WQ-CPF0880A,2011-08,ANFIS-F,314361,087e3653f77ef5373b042adc44af85ff042f4f3d60eac0e02dda27be3a76f41e
wqp,wqp:21FLCOLL_WQX-LKTRAF1,2010-09,ANFIS-F,314361,088067f9d244d6d75e6f0679a478b1e3a26d3ba50c3fd9812f5cbad6d3c045c0
wqp,wqp:21FLSFWM-S1910.5,1987-06,ANFIS-F,314361,0882accb6d1a24c604bd2667470a096f09273c8564a52e598796e0ae736b4a8f
wqp,wqp:21DELAWQ_WQX-110011,2008-07,ANFIS-F,314361,08842d2f62bd7ffeb4729ddaff1f4c7a67cf2ab810a58326103f884f45a4a58d
wqp,wqp:21NC03WQ-CPF086C,2018-04,ANFIS-F,314361,088a31fe963801268d8b20b151dafc5df19cf4163749cb2a5b7d78a41ce77c73
wqp,wqp:21FLSWFD_WQX-23631,2014-03,ANFIS-F,314361,088da7090145966f26ac49404a0e48431bb751b208f8cdf0eaa5467db9941b7d
wqp,wqp:21DELAWQ_WQX-205181,2007-02,ANFIS-F,314361,0892b34faaa1f6b7ee286a8bc59df73dd25fd5cad2e943186b52e6dc6f5d90cb
wqp,wqp:21NC03WQ-CPF081A1C,2012-07,ANFIS-F,314361,0892f9a69b57d1ba1b532987c0041216dcafa77780d0cc6f8c16b531e8ba5fa9
wqp,wqp:21FLSFWM-ISTK6,2004-10,ANFIS-F,314361,089402778e17abf6ef4d9f7add9dda32d61e1b1182b43ef7fc2bebbd47512fdc
wqp,wqp:21SC60WQ_WQX-S-223,1999-09,ANFIS-F,314361,08940495b75dad010c1070eafc16c3e0276fb6137d26bc2823b223226782574b
wqp,wqp:21FLSFWM-E04,2002-05,ANFIS-F,314361,08979b7a0d79939f69c231994697e508a989c7b450c4591c211b84ecc6ca2826
wqp,wqp:KAWNATON_WQX-KN-KL-002,2009-12,ANFIS-F,314361,089a1641873a9a31dea02e248100a7a39dfb97c3d44e8505a2de74e9cd0a5dd0
wqp,wqp:21SC60WQ_WQX-SV-340,2005-06,ANFIS-F,314361,089f9ab5d15a59e1e116ed942c0af5d98382339ebb73390b5f547551a5d807bb
wqp,wqp:USGS-072632972,1995-06,ANFIS-F,314361,08a582d21eb6ce17f582f4ffab799e0aa1f9064456cdcb1a9e9e59feb2f3f769
wqp,wqp:CAPECRD_WQX-262,2004-02,ANFIS-F,314361,08a7a988a08c360aeb6d948db654a234f41a3b0e5cd430f50d7313106fcb1450
wqp,wqp:21FLSWFD_WQX-23613,2018-03,ANFIS-F,314361,08a7e7979576ade970fd45837199bd66c578f361fe5c16da16f7770c5675dee7
wqp,wqp:21FLSFWM-STAKEMID,1996-09,ANFIS-F,314361,08a91d50d2447291f6fb2cd36193e10d66eb409b8eed8bc6db924ef4e6a011e7
wqp,wqp:21NC03WQ-CPF086C,2006-06,ANFIS-F,314361,08afc2c695d2e9fd277fabdb9f4dfaa477523c09a2f3c6f59bef67824e63d009
wqp,wqp:21FLSFWM-E03,1982-09,ANFIS-F,314361,08b0b49a21023e5ce782638e8fcc402a1f02dc3938c2b843079827eee1f95bcb
wqp,wqp:CPNWATER-WW#3,2013-02,ANFIS-F,314361,08b2c04ffad908d0765b788d4092ddd642f427f36e8ab5d77eba1884b7bb639a
wqp,wqp:USGS-07049690,1981-09,ANFIS-F,314361,08b32740247e7c5240ec668a1277b512b46ea601e2b4ee8c77669a333696b1be
wqp,wqp:21FLSWFD_WQX-23113,2002-02,ANFIS-F,314361,08b47486446eb11b3b12ebcad786e7f27e9267c7db1e8af03f1c8d81d82fbf3d
wqp,wqp:21FLSFWM-STAKEOUT,1994-08,ANFIS-F,314361,08b4c7267fa139410d990684aa1bd3e641af50c5e4cd44407e965ee36a1ed5b5
wqp,wqp:KAWNATON_WQX-KN-KL-005,2006-04,ANFIS-F,314361,08b94243e1fef9fdb78eb766efb1fa49bc56c3a52ff97c66948aaaaa1af6cb07
wqp,wqp:MNPCA-02-0075-01-204,1979-01,ANFIS-F,314361,08b9bc1282b00245416f467a6e090c4fed67bfd30e4511d5fe750ed828fd33e0
wqp,wqp:21NC03WQ-NEU019E,2007-02,ANFIS-F,314361,08ba14df9c16dd6e571448700abfff5ea17ad6653272327b24f9f36dc88e01b6
wqp,wqp:21FLSWFD_WQX-23389,2007-09,ANFIS-F,314361,08ba22375dfe1413e8faafbecb247fb051d0230ad113bb9b72e2effb0023cf46
wqp,wqp:21GAEPD_WQX-LK_12_4048,2006-09,ANFIS-F,314361,08be56c06110c90c94cbc0181d74e8ddf528c7c2d548256cc03956b5d36522e2
wqp,wqp:21FLSWFD_WQX-23113,2000-12,ANFIS-F,314361,08bf1a0cdcf4f1f3085562959fd37e62dc0b4a34ab253a264f613264da96f5d9
wqp,wqp:21FLSFWM-C03,1993-03,ANFIS-F,314361,08c23e62f9c3d467e2038c90ff4ac3ccb4092fa3bef94c4ac23eace0c3c2e374
wqp,wqp:21FLSFWM-L001,2008-07,ANFIS-F,314361,08c396cc8adf52158965fadca42a8081902c8783a7ec36459c7761267c818071
wqp,wqp:21FLSFWM-PLN1OUT,1990-11,ANFIS-F,314361,08c61a14808e7c50da672d0c14efe24ffb6de5acae4bc0071a3946245e157250
wqp,wqp:21NC03WQ-CPF0880A,2015-12,ANFIS-F,314361,08c771e0478914a9a7a76e248d694d506e6eaaf2b0754ae6a2a7adb86edf5203
wqp,wqp:21SC60WQ_WQX-SV-339,2005-11,ANFIS-F,314361,08caf88273344935bdb74ab3a78fd5f980e972f2344c381dac38661afda4791b
wqp,wqp:21DELAWQ_WQX-109131,2000-06,ANFIS-F,314361,08cb5fc92ff8fa158ea5b82b9779cba6252c4a13d2c37913d5c02f59049d82d4
wqp,wqp:21SC60WQ_WQX-B-339,2017-12,ANFIS-F,314361,08cecb0790f52921d7e25f54510687c3850459d46adfd5422c6d2d2dd3ee62a7
wqp,wqp:21FLSWFD_WQX-23479,2009-05,ANFIS-F,314361,08cef9300b2de02fa5f3490fdc82d783271fc35c8f85c090efd2dc24f4c0ac99
wqp,wqp:21FLORAN_WQX-CC9E,2006-10,ANFIS-F,314361,08d3731bd0ee876c035855ae716be44124dbb20b99509ab3f2d0663b682c39f9
wqp,wqp:21DELAWQ_WQX-109131,2000-09,ANFIS-F,314361,08d5ee9e2499bb1039c3d3e8eaa677cfceee535d8a01f5461640a0a38e8ad546
wqp,wqp:21FLSFWM-B09,1994-06,ANFIS-F,314361,08dc2f2f08eedb2243d4054d5e18516cd6185c2dd7103323aee1a50ec87299dc
wqp,wqp:21SC60WQ_WQX-SV-339,2003-01,ANFIS-F,314361,08dd3733cb1d3b25905c3d389106408ef72d87aff9b4cfecb685b4a5f9095a29
wqp,wqp:21FLSFWM-B09,1990-03,ANFIS-F,314361,08de6a3913beacd4f45e2cdb503508378c31afedd572db204b27f66358ed6163
wqp,wqp:USGS-295826095082200,2017-09,ANFIS-F,314361,08e08572329aff47df1ffe6ae45a5b2aac00cbda45a946a42ac19fa3f4495fc0
wqp,wqp:USGS-07049200,2009-05,ANFIS-F,314361,08e1eb92d327ea99985a07383203962a2df3c0bdd97af1922593eb6b0d43420b
wqp,wqp:21NC03WQ-CPF081A1C,2009-08,ANFIS-F,314361,08e48f56e3cca3eb1cec4fa0e91b9941e782c3c0b68276025e2b5617a0a96d1b
wqp,wqp:MNPCA-86-0284-00-100,1985-05,ANFIS-F,314361,08e56d6608e91d2275d6d9410ebcb50e6aa6fa1fc791411c21baf9acbb02cf52
wqp,wqp:MNPCA-62-0055-00-201,1988-12,ANFIS-F,314361,08e626ea11ee968a1a04f78b9ef9cd293f904e96e2f9bc53530da94cf782812f
wqp,wqp:21FLSFWM-TIN16100,2003-04,ANFIS-F,314361,08e69ffbca71a041d063ebc29433c185c577ed13698f15c0b6e9fa46a954bf08
wqp,wqp:21SC60WQ_WQX-CL-019,2015-01,ANFIS-F,314361,08e7dc84f5dbfa2de12d9162ebe036fc1662d292cd5f4b199a060df440f43911
wqp,wqp:21DELAWQ_WQX-307171,2004-08,ANFIS-F,314361,08e9a0bd0ea95c127649b1c1fad9cf50a98b80bcf0bbb88ab665029d9c163449
wqp,wqp:MWRD_WQX-MILTON3P,2006-11,ANFIS-F,314361,08eb49ba85ba8020970b9c63e3865ca64ebc5bc9d5b3d40cc9551a157de0ed83
wqp,wqp:21NC03WQ-NEU020D,2017-08,ANFIS-F,314361,08ef4516017c5c7f653dcffa473a90a20903e9f2fb81c77ae88ab73013b45c93
wqp,wqp:21FLSFWM-A03,2003-07,ANFIS-F,314361,08f367f269e89fe44336176250852947c84f249d37c87a5be55213c534da90b6
wqp,wqp:21DELAWQ_WQX-307011,2011-03,ANFIS-F,314361,08f4771bc42d948a55cfeb40e3a49aee19c14cc659404cba8b3ced460afe5555
wqp,wqp:21FLSFWM-L003,1990-02,ANFIS-F,314361,08f4a9d50835a8688329ed6d07ab8844c75ee77d947e8ddb3c5c76c55504280a
wqp,wqp:USGS-01657665,1974-11,ANFIS-F,314361,08f679beb03de7304caa5f507d408f0522424132b2a6f96e3f2871e8086cdad4
wqp,wqp:21FLCBA_WQX-WAL-MORRIS-3,2018-05,ANFIS-F,314361,08f71507df79757bd7f202c93bdfb81b8030d98dc055dd75a705754e3da3d952
wqp,wqp:MNPCA-02-0075-02-203,1982-10,ANFIS-F,314361,08f9bda187d744a9bc7d17582d286efc0bbbbef2db01e28639e53e2b35e12851
wqp,wqp:21FLORAN_WQX-CC4,2011-08,ANFIS-F,314361,08f9de748300b167bbbbdb7be4ccd88566b7712e790a6a1414b6ae259a07cfe2
wqp,wqp:21DELAWQ_WQX-202021,2016-05,ANFIS-F,314361,08fa2d2e91823fd969bc0886dcf29e174493b61675c28b797a5b7aa1b9de7a68
wqp,wqp:21FLSWFD_WQX-23144,2009-02,ANFIS-F,314361,08fae05d3461e2e64248b41c59421dad4a1c92e2d07e3b1e8d9d260164e325fa
wqp,wqp:21FLSFWM-L003,2001-10,ANFIS-F,314361,08fc11ec07be03fcda85d2d2449adb98a1ad5e1425d5f3d2316244683c5ad849
wqp,wqp:21FLSFWM-KBARMID,1994-07,ANFIS-F,314361,08fdeb525f00163a9b793080c028db57f1657ba514cb71adaf050e56d921e930
wqp,wqp:21FLSFWM-PLN4OUT,1993-04,ANFIS-F,314361,08fecf7f127bd6dc4c5f3eae8a9411794f948b61b0b0ca36e8b4881ef22606f4
wqp,wqp:21NC03WQ-CPF055C1,2015-08,ANFIS-F,314361,08ff808a0bf0e5afecbb85f6898473c2379933e5db2d120dc429e0ea65cae003
wqp,wqp:21SC60WQ_WQX-S-022,2001-03,ANFIS-F,314361,090083f07e482d219152c261862696da42d27a59d764fcc4c172b16b064eeb93
wqp,wqp:21SC60WQ_WQX-SV-357,2010-05,ANFIS-F,314361,090513cf940b5488aba4e78e704e74d8435121fb93e2968587a26d53230382fc
wqp,wqp:21SC60WQ_WQX-SV-335,2016-11,ANFIS-F,314361,0907073ed8ecd30f3100e01d6403a017830d58d396e0b3af4b46a462eaca1150
wqp,wqp:21FLSFWM-B02,1988-11,ANFIS-F,314361,090766f52700974b2a48c4bdbebd2dc142346f19e91a542c34a0aa983d663ca9
wqp,wqp:21NC03WQ-CPF086F,2013-03,ANFIS-F,314361,090796675d19bc84c33eaea3439f78f38a0acd964a687bd57e755dd999b4f24d
wqp,wqp:21FLCBA_WQX-WAL-ALLIGATOR-1,2018-02,ANFIS-F,314361,09093b2a7a923d4dee8a4b099a5397af25ae345e393ab06862d8a89bab3a3ccb
wqp,wqp:USGS-07049200,2012-03,ANFIS-F,314361,090a1d9e34cceecf70c1d78174d1b0f4edcb2d3a29dd35a8ede60f5c40232baf
wqp,wqp:USGS-07049690,2016-02,ANFIS-F,314361,090a51256ff96542b0dcc3ff79669989335e9d24e1fdc55e801c0fb029a547b6
wqp,wqp:MNPCA-47-0042-00-201,2016-07,ANFIS-F,314361,090bfe5fc1b6ccee10a43b182b6841bb973dd7fe8af1e2f8a79b8ffe8d904882
wqp,wqp:21SC60WQ_WQX-SV-236,2017-05,ANFIS-F,314361,090d97bd439029e89a7f45dbb61e2c8db7282dee643d99ce0f5f2a332468ffc9
wqp,wqp:21FLSFWM-LZ30,2000-01,ANFIS-F,314361,09137e5f81fed3b7afd8818c2553e7ca8054e0c5dcd6aa836d065d29ccb9ed92
wqp,wqp:USGS-07049200,2002-11,ANFIS-F,314361,0915610287e25c14a8ce67bca533fc21337efb7fbf37b6704677c7d0543b3764
wqp,wqp:21FLORAN_WQX-BC14N,2008-07,ANFIS-F,314361,091b3e1eb1f7148c965a9ff17c60e9063012725a23dbaa76ae7d251e591474d0
wqp,wqp:21NC03WQ-NEU019L,2012-05,ANFIS-F,314361,091bd03e14b24f94fa2f68eb28ea75e39bbb53e7d8e7aa0be54f9509faf62944
wqp,wqp:21SC60WQ_WQX-B-345,2018-06,ANFIS-F,314361,091cde182d3af4c5504865ac3e1abe4740f48b1912fc8d02d9e4bf5859f114fa
wqp,wqp:USGS-07049200,2014-12,ANFIS-F,314361,091e132d4987e62dad9a687d7d2654a40cbbdc518cd6fb35c2b9fbe095004bcc
wqp,wqp:21NC03WQ-CPF081A1C,2007-05,ANFIS-F,314361,091e2e444e9df1c99c0d228d8a2892c3bad80984c8ed9f8adde0fbb1a56442e9
wqp,wqp:21FLORAN_WQX-BC14S,2010-04,ANFIS-F,314361,091e4ff7261cf5e438e3451ae5159d21b092286c4658f3e77dbc69772579c9d2
wqp,wqp:21FLSFWM-LZ42,1990-08,ANFIS-F,314361,091ead2fc6f60dbc07548536e875fb0283bc6da137db538b30eb9478390d1148
wqp,wqp:21DELAWQ_WQX-308071,2009-06,ANFIS-F,314361,09201044ff281c41eb9d0f1f36921665e2d2af85cc12b15df067b2ff6774653a
wqp,wqp:CAPECRD_WQX-262,1996-01,ANFIS-F,314361,092022bb5057b5e61ec37e57fb24db29c54fe421adf4f13b89e109578ea8cbcd
wqp,wqp:21SC60WQ_WQX-CW-207,2000-08,ANFIS-F,314361,09256eebaa34be5f89164ba9a6f0ecefbb78e6b0da23d93e16f46556383e1321
wqp,wqp:21FLCBA_WQX-WAL-GRAYTON-1,2018-04,ANFIS-F,314361,092576973ed03744bfe2880038c938977c050ba0bdec25e8a63c3366c2d6b5a6
wqp,wqp:21FLSFWM-PLN2MID,1992-10,ANFIS-F,314361,0929cd8ff057572123e3c4c0b160f69e7c0a93cbb954c7389584a72e9c51b9bc
wqp,wqp:21FLSFWM-ISTK6,2007-09,ANFIS-F,314361,092b567e8bd732d5c17fab1706c72fc254cd8aaa3bfe33b231948f022705bc0b
wqp,wqp:MNPCA-82-0046-00-203,1980-07,ANFIS-F,314361,092c500dec9bdb52ef27f8c54300fcb79835c025bed37bec0be051253045b66e
wqp,wqp:CAPECRD_WQX-290,1987-09,ANFIS-F,314361,092d63603a9afadd5c8c04a4ff0eba51259b7af7028aba4a9254d1c9806877c9
wqp,wqp:21FLSWFD_WQX-23389,2007-06,ANFIS-F,314361,092df63b862798fe7ec6b2e684b01a6dd8f0526539c20b0644b3247f7c2babe4
wqp,wqp:21FLSFWM-POLE3S,1998-04,ANFIS-F,314361,09314487c43bb09b6e58a31d788acf52804817fd3da5e71afc00a75b48940905
wqp,wqp:21FLSFWM-L005,2005-11,ANFIS-F,314361,09317e175b18334f0552027d446d8500e7e9e0d7bf751d7066ef453aca51aa7d
wqp,wqp:21NC03WQ-CPF087B3,2006-10,ANFIS-F,314361,0933b39e916c860f330c75b3d18eef4624a259fd7620b512a689b16ce36e82ac
wqp,wqp:21FLSFWM-B02,1996-01,ANFIS-F,314361,0933c4cc38d1632a94d4331c4b4d16003e485c000a38bfa25cc99e2686cf5821
wqp,wqp:21SC60WQ_WQX-SV-372,2010-09,ANFIS-F,314361,0936e41f364c94267c0c74d70016f59d1862f0638d3ae0e79d3cad2caaeeb40c
wqp,wqp:MNPCA-02-0075-02-203,1985-02,ANFIS-F,314361,0938ef8c4dd1576afd3ef18b45b3258b0696a95218d19b57986d2da4ec7c3ecd
wqp,wqp:MWRD_WQX-BARR3P,2012-02,ANFIS-F,314361,093a218b6d486b6d33a05ab47a8453f93b460abb5b2883dc75ea762584bc8e2c
wqp,wqp:MNPCA-02-0075-01-204,1978-05,ANFIS-F,314361,093b81996f43cc5e583eb0caf078fef067ced35ac84eab73e9c5402ae8ead0ab
wqp,wqp:21SC60WQ_WQX-CW-197,2013-11,ANFIS-F,314361,093d6be28b873d2f0cd0dc8cb29653e27b97419bbb96a9ccd18f1ba4f03f70d1
wqp,wqp:21FLSFWM-PELMID,1988-05,ANFIS-F,314361,093e1c965a0eff219e85fc088c52ecc4bb45e3fb9cf2bbbf844352a33e7ce859
wqp,wqp:21FLSFWM-POLESOUT,1999-10,ANFIS-F,314361,09429c947b0a826d113b4a3cbdc5f3402243d99606bc5c9556e224691e05dd9a
wqp,wqp:MNPCA-62-0055-00-102,1973-08,ANFIS-F,314361,0943974654b7877abfd4f5e0982a7f7b23c5378b7b91a8d259dcdf67b51cb5c4
wqp,wqp:21VASWCB-2-XDD000.40,2015-08,ANFIS-F,314361,0944b809d69c5697c09badde1802581a6714ad65360b5ccb0998684d927cbcfe
wqp,wqp:LAKELAND_WQX-LH20,2009-05,ANFIS-F,314361,094687071ff662a04b6b7044458ae2083506bc1dfd2aeac67bd330ebd106c9d4
wqp,wqp:21VASWCB-2-XDD000.40,2016-09,ANFIS-F,314361,094e2aa7c9a5fd4fb4c94b4b07c412dfc9d0481ce3cc5039c6f41d7156322edb
wqp,wqp:21FLSWFD_WQX-23144,2006-11,ANFIS-F,314361,094eef0781f4bfa9437757efed811ef6b14d7ceb1437ea0b8f4a51b149ba857b
wqp,wqp:21DELAWQ_WQX-303051,2013-10,ANFIS-F,314361,094ef72d1b25294ee29dab8af718321da7c009edd29ccd7a88b14019e64cd993
wqp,wqp:21FLCOLL_WQX-LKTRAF4,2008-11,ANFIS-F,314361,094f87c819f03b9d44af9d879d11b322c31b41618f3acfe96f25657a9ce015ae
wqp,wqp:21FLSFWM-PELMID,1991-07,ANFIS-F,314361,09503d6429c9f9b7c2ab589202b492515e12931cfc8c3d6d2759d238923373a7
wqp,wqp:21NC03WQ-CPF055C4,2015-07,ANFIS-F,314361,095287fcaa5a7379c6d3b889f5876a6f2c386a82a70807cc3eb99236b0f5c1ee
wqp,wqp:21FLSFWM-C03,2004-05,ANFIS-F,314361,09561263826f9e848d00cf2f4a21f3ce274f32793bda01f6b6ea29ea80b4d62b
wqp,wqp:21DELAWQ_WQX-208181,2015-06,ANFIS-F,314361,0959f892d5abfe612fb843d6ecb0545bb19b4df10315f2e29122ab12be6a2fe0
wqp,wqp:MNPCA-82-0046-00-203,2010-10,ANFIS-F,314361,095cc0ffdb620c0d3fd5c4250dcfcbfa0f70f3aacbe9ccff623e42f274042cfa
wqp,wqp:21FLSFWM-L006,1992-06,ANFIS-F,314361,09623005b52e6e5b4478c899d89cd9e923faf96b76df9c2289c0ccb1d17d0925
wqp,wqp:21FLSFWM-KBAROUT,2003-01,ANFIS-F,314361,09661bb0976735a1122c9547aad3a7c79c77aa4bb34b0aba45fbe1cc11bbb23c
wqp,wqp:21FLSFWM-B02,1989-04,ANFIS-F,314361,0969becb995585cedf2190e24bc266d8fb9c33758ae2c1a84c7e728d6d82f855
wqp,wqp:21NC03WQ-CPF087D,2016-08,ANFIS-F,314361,096a9a28dd3622bc7202c597320b62583f5e5b3cb6b18f431001fd7db0b3dd9c
wqp,wqp:21NC03WQ-YADHRL051,2005-07,ANFIS-F,314361,096fbaf9e0f3d8bd1a32d3ccfb730e8115659e6b0b1624110bd30d2fad291e57
wqp,wqp:21FLSFWM-E01,1985-05,ANFIS-F,314361,096fea1003197c0949fc2f32fccef7a64e318adc4cf6d67d522f63c398495077
wqp,wqp:21FLORAN_WQX-CC12,2013-09,ANFIS-F,314361,0972cbd3c5f41d6e011e823ea987df113830d573e8e8ea07663ce0ef409dc8c0
wqp,wqp:21VASWCB-2-XDD000.40,2008-08,ANFIS-F,314361,09734fe6cdaee829bf6165eee8a08ac2805f9aee36c2e5ea8753b641955094f8
wqp,wqp:CAPECRD_WQX-290,2013-12,ANFIS-F,314361,0975954b72a62c20b8bd780a91f36cc015f270e752abd97467cec9ac247d4dec
wqp,wqp:21FLSFWM-L003,1998-11,ANFIS-F,314361,0975ec831bfba828b7d50f0208228e404116cd055616b189b256621715c3d23e
wqp,wqp:21DELAWQ_WQX-205181,2006-09,ANFIS-F,314361,09760f665f35e6a7e28c623d51d6e37fd50f15f0ac162e996f80d75bb6759a2f
wqp,wqp:21FLSFWM-L001,1998-05,ANFIS-F,314361,09771c555b5df8a462d4cc89b634e9d69ad20eb45e5ffd3e5d97c2747ad2a3bb
wqp,wqp:21SC60WQ_WQX-SV-361,2007-08,ANFIS-F,314361,097911b9bef2da9f17aa88724aef4697e14971720ef83b78f9746bf2adcc14c1
wqp,wqp:21FLORAN_WQX-BC7,2005-11,ANFIS-F,314361,09791defab59c830482ce035c4ce531ec247bbbfb085072b3be39939a3dd7b7b
wqp,wqp:21FLSFWM-S1910.5,1986-11,ANFIS-F,314361,097a44ab85ee414fd9ac500cd17d9714f01669aac4be1dbfd582aefc29db3405
wqp,wqp:21SC60WQ_WQX-SV-331,2006-09,ANFIS-F,314361,097abec4b896202f44d903edab5e844bac8c9c3185b1dce606b03f1c8fc550c4
wqp,wqp:21FLSFWM-A01,2000-08,ANFIS-F,314361,097b9b3e7d011f2394b9185f9de84d1087628f8faadd7f421ad0247194e785cc
wqp,wqp:MNPCA-02-0075-01-204,1985-11,ANFIS-F,314361,097c65bd9582496e4f1bd0a6584311fc5f28f44832db15606e7a3e6417de0695
wqp,wqp:21SC60WQ_WQX-CL-019,2008-04,ANFIS-F,314361,097ccbbf7ca6bcca57ff483e2cd0ff1038d691512c73121334a41f35a2299dc2
wqp,wqp:USGS-0214184000,1993-06,ANFIS-F,314361,097cdcc008b4e1681faa0a6598dcb4c00dd5180855a9ccd89f5e0502b755eedc
wqp,wqp:21FLSFWM-ISTK1,2005-09,ANFIS-F,314361,097d5940eb4df3e551fc51d457fc2e19e47147fe2c45ef2adb71d03adfdf03f5
wqp,wqp:21FLORAN_WQX-HB53,2018-12,ANFIS-F,314361,098010b8496c94c5bc1e9a7c9922b89d8535e826b53dcb97f6e714dbf0fd2ae8
wqp,wqp:MNPCA-82-0046-00-203,1998-12,ANFIS-F,314361,098023332039abedb92b0415c5fd50a90808ab0887f066f7f4ba9aca643b6a5d
wqp,wqp:21FLSFWM-ISTK6,1989-08,ANFIS-F,314361,09825626968b0f68e46e3aa461cc7ffa14007bfc0b7ba36d6ff0e10d6ca0313e
wqp,wqp:MWRD_WQX-MILTON3P,2016-08,ANFIS-F,314361,098609b163db7580d86ed28cb58249613d580a98b9bff2327147b8b9bc50918e
wqp,wqp:21NC03WQ-CPF086CUPS,2015-08,ANFIS-F,314361,0986740ae11292741b0dd940aa4f4a8544c457aba354e1421e4ce2fdc72fa929
wqp,wqp:21FLLCPC_WQX-IDAMERESSHDK,2009-10,ANFIS-F,314361,098864d59dfa1315182f459407afe6fb5fe97b0cb00e02d52e65bb6fe5ecfbf9
wqp,wqp:21SC60WQ_WQX-ST-032,2005-09,ANFIS-F,314361,0989b64a4acd582dc9a59c12cb9acfa723249d5d68071c990a6530bda8fc38b5
wqp,wqp:21DELAWQ_WQX-206461,2009-02,ANFIS-F,314361,098dd7ada0dc7f56a603361be5a494e1c645c6300c1ea9e7ad29496dbd07b6b3
wqp,wqp:21NC03WQ-NEU018E,2014-06,ANFIS-F,314361,098eaeb1ca0ea4aee149b40d609833a07404e873217ae53293d1923bdea7be21
wqp,wqp:CAPECRD_WQX-280,1994-06,ANFIS-F,314361,09904ed0ae6d35e3018ccdabd8084141def96b95ff1533b86cec4ef06cbd18ed
wqp,wqp:21FLORAN_WQX-BC9,2007-09,ANFIS-F,314361,09918fa8ff5257fb2127f483693f6180a2b670404639478d74b1aa918aa868b6
wqp,wqp:21FLSFWM-TIN13700,1999-01,ANFIS-F,314361,0992671093df049f141abdefaa7a7b8d9999dd427b148f5dfc20f6f0f2095e7a
wqp,wqp:21NC03WQ-CPF08801A,2005-07,ANFIS-F,314361,0992e6c378df116125f1558f0e114840d52772582dac17ee9b97ec5904b3ecda
wqp,wqp:21FLORAN_WQX-CC9,2010-04,ANFIS-F,314361,09949fc856ce728ce234df7c12ed923e0683ce3d7e9ecd4910abb6bce7e46a75
wqp,wqp:21AWIC-23,2000-09,ANFIS-F,314361,0994d673fd49b1dae36950fb072611739918b0a8ab8bf88b54a6538c3a48b3a1
wqp,wqp:21FLORAN_WQX-CC18,2008-08,ANFIS-F,314361,09960fce9f8be1d85a371dc77f57afc6325acd50803489b1794eac1a6e791a66
wqp,wqp:21NC03WQ-B2450000,2017-02,ANFIS-F,314361,0997b0b062fff74ded7b3327f1b8cf79697506917611323a342c394cc67b5254
wqp,wqp:21FLSFWM-ISTK4,1994-04,ANFIS-F,314361,099ae57d8d9ef917dc23b90f2d72a2245fa72b07769522c07efb33ed01fc2476
wqp,wqp:21FLSWFD_WQX-23624,2008-01,ANFIS-F,314361,099c6dec5bc1d45df3b69f473e4b2df23ba75d5073085d86f08e0a3721d3ae86
wqp,wqp:21FLSWFD_WQX-23631,2009-02,ANFIS-F,314361,099ce41f19463282de3bc9232b1ce89b19f57553c6e81c9b0d76b82fcdb221e5
wqp,wqp:21DELAWQ_WQX-303051,2012-12,ANFIS-F,314361,099ec52b405d389530b8e8376077cdf243d1210568153ad8ad56884d336da1f3
wqp,wqp:21NC03WQ-NEU020D,2017-01,ANFIS-F,314361,09a42dab8f9c61bda3801e5fd82cab71c3955348eaee37beb3d82f95168b6259
wqp,wqp:21SCSANT_WQX-SC-042,2015-05,ANFIS-F,314361,09a76ae222ad0b2dd99de2a246466c70fa1fe050cf428db07a49d15b46059085
wqp,wqp:21FLSFWM-KISSR0.0,1992-08,ANFIS-F,314361,09ab0d7d92770bc6d9dabcd30e09b3b57f8652c9692db235991a5b8a8f2c57b5
wqp,wqp:USGS-072632965,1991-09,ANFIS-F,314361,09afb69c0afab496b1be7667c1c0c225ed39b6b1d6c0ec44cbad2dd390f0700d
wqp,wqp:21SC60WQ_WQX-SV-098,2012-03,ANFIS-F,314361,09afea8354cff7c1fed662a4906f7ea2514c737f085df6417270c62e45aa53af
wqp,wqp:21DELAWQ_WQX-109131,2011-11,ANFIS-F,314361,09b26d30c11da7fbaaf7b8729e26f406ffac550559c81c2d8341993232e51cc5
wqp,wqp:21FLLCPC_WQX-GREENWSH,2011-10,ANFIS-F,314361,09b3bbc3e47444befadd1e715ad64ff269d9ac002af7f84381f03dfff05c2d6b
wqp,wqp:21DELAWQ_WQX-303331,2006-08,ANFIS-F,314361,09b7472495f5b7865d668bde06dc22075178720b7cd6a8dd7fc4dcafb805c4ff
wqp,wqp:MNPCA-02-0075-02-203,1984-10,ANFIS-F,314361,09b83a8b60352fbe23046027a1e6a1be0c85aa39d28e8750dfbeb5b55b25e3cf
wqp,wqp:21FLSFWM-LZ2,1995-08,ANFIS-F,314361,09be1e7cce0a2ea9c5b69575625d40c993524a7c626a58d560b15b3ccf3bd0d1
wqp,wqp:CAPECRD_WQX-290,2003-06,ANFIS-F,314361,09c3226967d1d5a41941af4b89776283f296ddfa600e362e9d8f78c5a4247d81
wqp,wqp:21NC03WQ-CPF086C,2003-07,ANFIS-F,314361,09c3df939d89e43f6314d06226476314fd6b99f95d77bdae9de7a2501ac77b9f
wqp,wqp:21NC03WQ-CPF086CUPS,2013-10,ANFIS-F,314361,09c42c6d4f560252bbc1f32b6571152f55bdeb4815c14898613f89937c980173
wqp,wqp:21SC60WQ_WQX-B-327,2000-04,ANFIS-F,314361,09c73072c3d4cb1c81f8c93a03d9303015c76677082c57bb14c5363d153b1b3f
wqp,wqp:MNPCA-02-0045-00-202,1984-11,ANFIS-F,314361,09c80ef5aca7e8045fba69849908e6450d5e0dd58b6210a8e058a47ef1a051f0
wqp,wqp:21FLSUW-ALL010C1,2002-04,ANFIS-F,314361,09ca3eba6cb8323cee4f7ba039b33edd67488a36f74c9647af05960bd2253dcd
wqp,wqp:USGS-07049187,2012-05,ANFIS-F,314361,09ca89786b38b829fcee45c83a95317765969b3df6275862cf517c0e5379e035
wqp,wqp:21AWIC-23,1999-06,ANFIS-F,314361,09cd2b291e424ac63698e474d609672b56828f6cc67453081f332f8b0af4588d
wqp,wqp:21NC03WQ-CPF081A1C,2006-09,ANFIS-F,314361,09ce223f00731ce315e0c16d9d3220e136487b116a72ecca6806ac6581384edb
wqp,wqp:21FLSFWM-C03,2005-06,ANFIS-F,314361,09cfdbed55000994f566e5dd9df3555a49c1262bd611e6bdd2c2a79fa0210755
wqp,wqp:21FLLCPC_WQX-YALE,2015-07,ANFIS-F,314361,09d11c2f2d2b31e86cbe1ee9e38f399caf7145877c447b8662797b95a352cc18
wqp,wqp:KAWNATON_WQX-KN-KL-002,2016-03,ANFIS-F,314361,09d42330ebdd2f7636cc51ed44efa5784ca48b84ad0977066e389712acf89ecd
wqp,wqp:21FLSFWM-PLN3OUT,1990-01,ANFIS-F,314361,09d448f2be4713c393a49e82f849924d53408d60397158193a57d130316a35e1
wqp,wqp:21FLSFWM-POLE3S,1996-02,ANFIS-F,314361,09d59c4e9a79f0d3ce0e6dced09e3c946e5e161ede8b098098adc57b1dad9396
wqp,wqp:LAKELAND_WQX-LH20,2011-09,ANFIS-F,314361,09d7c8d7df07c4c0c425457cbcccb4f1e9740f58bf5a6faaa81274aeb119f130
wqp,wqp:21FLSFWM-B07,1982-08,ANFIS-F,314361,09d92ff0cdb717884e0b6f25b527980eb4e51dc7540c274fc161bdabd6055ad1
wqp,wqp:MNPCA-86-0297-00-201,1983-11,ANFIS-F,314361,09dbd7e0f0141ef913b292e35986f9108a957b9a067554629c190b6b183fd4a4
wqp,wqp:USGS-423659088354401,2014-03,ANFIS-F,314361,09dd2fc744bd9c6540d4329c8d87ceaf27d3eb2c28d8cef22d32e6cf146a38df
wqp,wqp:USGS-02207414,2004-01,ANFIS-F,314361,09df24a7d014976611803041cd0d10689dbf0df78808fe85356b8a6fa0ccba96
wqp,wqp:21FLSFWM-B05,1984-06,ANFIS-F,314361,09e110683420e1ba8304698fc57dc3fddfbcf14231f10058513eb618f87cec80
wqp,wqp:21FLSFWM-LZ40,1979-04,ANFIS-F,314361,09e33037046b592aa62033d3853b8e402554f4ed2b7fe1d78d13815984b2f679
wqp,wqp:21SC60WQ_WQX-SV-361,2009-02,ANFIS-F,314361,09e3788e9f51d39dc9cb71fe8c8142a907e0b456a148ddb7e4bd0f8d9a5355cb
wqp,wqp:21FLSFWM-LZ30,2008-10,ANFIS-F,314361,09e68f9b74b5131d829836a9844f54085be4e8364d77b12d802dd5a588eb8b40
wqp,wqp:21FLSFWM-FEBIN,2003-03,ANFIS-F,314361,09e72bd1f8556ae08d72bdcd925503c5fbd0422332c08b65cdb6d4cab5b2bdec
wqp,wqp:21SC60WQ_WQX-CW-231,2004-09,ANFIS-F,314361,09e88616ce92cbf33535c3b1955a79b87e0da57dd4c04a2f0d8373f82a86eb15
wqp,wqp:CAPECRD_WQX-280,2004-11,ANFIS-F,314361,09ed079108b117d798179e5a1e054628cfecbf900ace81ab13ecae1691533f87
wqp,wqp:21SC60WQ_WQX-S-022,2001-10,ANFIS-F,314361,09ed519b25997e99ca9bd3321fe16154b71893cb0164be3d89554511a3f883a5
wqp,wqp:21FLSFWM-D01,1984-01,ANFIS-F,314361,09ef19db526dc695a31cf96581ee2ff986dd852590b812eaf98b4e23183e0c98
wqp,wqp:21SC60WQ_WQX-S-311,2005-08,ANFIS-F,314361,09f3e9548b043ea8b8d6113784a8ef3dd6010ec2ec5cecc5adf97b2f86b8329f
wqp,wqp:21SC60WQ_WQX-SV-331,2001-03,ANFIS-F,314361,09f4a7645315444f7c07ade490b61bfa0d924cff6d998217bccd1f4d1b0265ee
wqp,wqp:CAPECRD_WQX-290,2011-08,ANFIS-F,314361,09f526d28884031a5c3b62e5e9bc03ab7e3aecd67637bde05904462345010cb6
wqp,wqp:21DELAWQ_WQX-205181,2010-04,ANFIS-F,314361,09f5b75bc9db37d30c5f043b0f3e42ac83485925f4fde537d4acc34f32e8350b
wqp,wqp:21FLCBA_WQX-WAL-FULLER-1,2017-03,ANFIS-F,314361,09f66345b12644b57f1a57196fc677cfc753b3e5d2e72b2d0ed778435a552b05
wqp,wqp:21NC03WQ-CPF087D,2001-02,ANFIS-F,314361,09f7a3b5f3d5c54d8386f8f2ab8be6576a07f35c0173a58890d2157d24f9c5f1
wqp,wqp:21SC60WQ_WQX-SV-331,2002-01,ANFIS-F,314361,09f916f9e0b224725b01588ab149f1b89fc1d854ce09445f3bb6524357eb722a
wqp,wqp:MNPCA-62-0013-00-201,1984-09,ANFIS-F,314361,09fb5a1d30409278d97e7467529205c076e3860ea86946c98624335d60f9eb42
wqp,wqp:21DELAWQ_WQX-202021,2014-02,ANFIS-F,314361,09fe0e0b083e8d9726ed7281790b4239ec94e160f16eb74ef64e60873a1cd611
wqp,wqp:MNPCA-62-0054-00-101,1994-04,ANFIS-F,314361,09fe2061a049a98b2ea57dbe83771341ad459d332a8ecd1b38adb53916db0479
wqp,wqp:MNPCA-82-0046-00-203,1981-08,ANFIS-F,314361,09fe7c1ed52bd321736e3813bad690292d64a4e5753298cc166efff40b9ca58e
wqp,wqp:21FLSFWM-TIN16100,1997-11,ANFIS-F,314361,09fecacb86e3782e96104312e0daca229a775dfd89381d62fd4be04a5fe2208e
wqp,wqp:USGS-423659088354401,1991-02,ANFIS-F,314361,0a02fd7b3edd9d163d3b76e3ce9a80da3894f08f164b63c28a293d11bf4f8eae
wqp,wqp:21FLCOLL_WQX-LKTRAF4,2011-04,ANFIS-F,314361,0a03a04718bcc54fc6ac9145149d6ba5d83b1ca8eb6891c4d6021fe9b09106d5
wqp,wqp:21FLSFWM-LZ2,1998-12,ANFIS-F,314361,0a0494d66e0b845935f792bbd2b0998ac451877e8b395008f61ac16afd755025
wqp,wqp:USGS-07049690,2001-10,ANFIS-F,314361,0a0886a76f48a417ce4d930ae380323f31c98fdaf6ccfc8fb225ad71a92296ad
wqp,wqp:21FLSFWM-A03,1992-10,ANFIS-F,314361,0a09418f76f4b0679c6946ff67ca48c39dbafb1feb3e5c228e1374975763d84d
wqp,wqp:21FLSWFD_WQX-23438,2008-04,ANFIS-F,314361,0a0a58832720c0ce1e4e4f9ba312be53afc2b5fce33bcdddb0e958dff33a1447
wqp,wqp:21FLSFWM-STAKEOUT,2004-12,ANFIS-F,314361,0a0adcdedf8d0966ba619920b751cfca45e0d0b81502bd6459e60e2b1418e0d9
wqp,wqp:21FLSFWM-A03,1993-04,ANFIS-F,314361,0a0c3735458cf87a572f505700dae29f2753183427271d7f17a3213f885ff98f
wqp,wqp:21SC60WQ_WQX-CL-019,2017-05,ANFIS-F,314361,0a10abfc6d8520f31a5f7daa04e0a0c99111c6f1ddada8e7a7036acd31ef3e7a
wqp,wqp:21FLLCPC_WQX-GREENWSH,2012-12,ANFIS-F,314361,0a156759ab08eb0b4ee0916dcf73ddb411e7ed0ff01f71a1a6b19bb55c734a12
wqp,wqp:21FLSFWM-LZ42,1993-05,ANFIS-F,314361,0a1587d4dd28c7e93d9f33559e9ee5ca46689e998f2c9a98421c2f25f520ff2e
wqp,wqp:21SC60WQ_WQX-SV-338,2008-08,ANFIS-F,314361,0a168765341459e37f78526e5cbac59c11367a81791db7b10e41472cdca30824
wqp,wqp:USGS-07263299,2004-12,ANFIS-F,314361,0a17720c4c28b5ae73b60a2751094e98ad12de81d5c31946b4c041aa998336e9
wqp,wqp:USGS-423526088380101,1983-10,ANFIS-F,314361,0a1800d6c93cc6c84a39143c4175490ffae804aeb1eccf4aee8581f4e0625296
wqp,wqp:21FLSFWM-PALMOUT,1998-04,ANFIS-F,314361,0a180332f0bec5c5af0dcc77faf844fd7efe9d91d932e268ae11f4553932bdb9
wqp,wqp:21SC60WQ_WQX-SV-338,2014-04,ANFIS-F,314361,0a1abf2f967a49015608b5463e67874fe8b8eba678eaec4f42ac999cae3c44c7
wqp,wqp:MNPCA-62-0055-00-201,1986-09,ANFIS-F,314361,0a1c591d0e4eeab0e97c061b8cbcc563f073a3319c4f65f1f1dd4d765a627d0a
wqp,wqp:MNPCA-62-0055-00-102,1993-07,ANFIS-F,314361,0a1d09a3cd87f502cf3009bec07994b91c7709cb7fee87e6250f7fae4c83f6db
wqp,wqp:21FLSFWM-LZ2,1997-02,ANFIS-F,314361,0a1de94a94210493ae40361d8de0ea0e1af3700dc02c32f173249af059917977
wqp,wqp:21FLSFWM-TIN8100,1996-07,ANFIS-F,314361,0a1e010e99950ff77d443f9361003e2c745859b78187ead62c4ff7e7d0f48dec
wqp,wqp:21DELAWQ_WQX-307171,2016-01,ANFIS-F,314361,0a217697cd1cf9b981094cfff24f2ab740ed60cab74be02409d9aeaa11e401ce
wqp,wqp:CAPECRD_WQX-262,2007-04,ANFIS-F,314361,0a248005b736343524d28de4fe437341e05528fe22706cf54eef9e587dae6d97
wqp,wqp:21FLSFWM-C01,1982-11,ANFIS-F,314361,0a265114b2f16f8ad14385a83fa40bfa539c1f58b235eb7f85b0eaec764a8b6d
wqp,wqp:21SC60WQ_WQX-CSTL-075,2004-04,ANFIS-F,314361,0a280ca5468d9c0f8ea6520959f0a6a3c6643ef6385024a4c5aa52752f28bfda
wqp,wqp:21DELAWQ_WQX-110011,2015-06,ANFIS-F,314361,0a2878d623fd86f2918635a7fdb51399a12181e8318ea859b595209b5953f627
wqp,wqp:MNPCA-10-0007-00-201,2012-01,ANFIS-F,314361,0a28f9805469fce5a873ea47b2c2dbe9187502a00f293eaf52f20caf488e41b9
wqp,wqp:21FLSFWM-ISTK4,2004-01,ANFIS-F,314361,0a29017493beef69a4ea343058406543a4fdc391bc947f61aa192c02d3aff6dc
wqp,wqp:21FLSFWM-B06,1997-07,ANFIS-F,314361,0a2da8b17f80457b38214e371e70438ec0882dcf7e23f7f0354eb33f10c80c87
wqp,wqp:21FLLCPC_WQX-IDAMERESSHDK,2013-12,ANFIS-F,314361,0a2f516b3eb1ac0b08da5f7657336e046a3bcf887874cdc8357770ed55824577
wqp,wqp:21FLORAN_WQX-CC9,2008-02,ANFIS-F,314361,0a3307c360073becc46c24a169249c145885afcefaf83f3fb0c3a17ef83c8bcc
wqp,wqp:21FLORAN_WQX-BC14N,2007-11,ANFIS-F,314361,0a354d235835599e94e0fbb50a3fe5edc584f2b2b1929235024a5c9cfa64afbe
wqp,wqp:21SC60WQ_WQX-CSTL-075,2003-03,ANFIS-F,314361,0a390942f0b4febe3a5be17227d22b2f9d34e2bb2f1888cac5769a5ff19c2e78
wqp,wqp:USGS-01657622,1973-07,ANFIS-F,314361,0a3a01607c60eadd255163c0a646a8593b4a49011598d37f6e0b3cb5a4bb118d
wqp,wqp:21SC60WQ_WQX-S-024,2002-03,ANFIS-F,314361,0a3ade0f28902d5bea2b2deac79e028764262ffb8219954ca3b40836779dd999
wqp,wqp:CAPECRD_WQX-290,2006-03,ANFIS-F,314361,0a3ca1b5c8b8be1a7614232560d6e45de29c506a8c8fc0e1331f8f909f112907
wqp,wqp:21FLLCPC_WQX-GRIFFINTISH,2015-02,ANFIS-F,314361,0a41da7a8be7f45147d3cbabb680f7c80ad046a448d18ad3dabadb0c34aff045
wqp,wqp:21DELAWQ_WQX-208211,2009-04,ANFIS-F,314361,0a4317c08014f316202dce1d71dba3cbc6914d4b7d0eb94896a4e068c254b68b
wqp,wqp:21FLSFWM-TIN8100,1996-11,ANFIS-F,314361,0a44b1d43b4ba3bf6e6b54e720ea7268c3a0a8eff0e7df923b2b85332ffe6274
wqp,wqp:21FLSFWM-KBAROUT,1986-12,ANFIS-F,314361,0a450be2850982c60a4872221a24b8fd8b3fe24e0b8cd7f8022535895b1ea34a
wqp,wqp:21SC60WQ_WQX-SV-361,2007-07,ANFIS-F,314361,0a4555e5e41fcc3ba64986d9d5bc962bb081609ac058cc4cd3f8a2b152240113
wqp,wqp:USGS-423556088365001,1992-02,ANFIS-F,314361,0a458f72a7e2795e1407482e2209cf68b885cbcb7321316f88c99c0808f942f2
wqp,wqp:MNPCA-62-0055-00-201,2003-06,ANFIS-F,314361,0a46d7a939ee044e6103a2699f82d9bc41f137c43a16683f9d2d4b5c60598dc1
wqp,wqp:21FLSFWM-L005,1991-01,ANFIS-F,314361,0a47584069c407116089b6adcad002eaaefdd75fc172e0ebf0884f788b80da0d
wqp,wqp:21FLSWFD_WQX-23477,2007-11,ANFIS-F,314361,0a4b6e0b1b971d056d391aa0b50188904e6cdaca4ba2b20eb884731820d06943
wqp,wqp:21FLSFWM-LZ30,1996-07,ANFIS-F,314361,0a4cd4d5dbdfa9fcb2e8139eeb07d3461561c34062af7041ac28a92abf25a844
wqp,wqp:21FLSFWM-E04,1988-04,ANFIS-F,314361,0a4e869b3dace7a622ca6b58824a15d8dfd6717de8176c9fd0937ac5296dd876
wqp,wqp:USGS-07049690,2005-09,ANFIS-F,314361,0a4f595137d9ad65ae520b3e74239abbcbd911343df540892d0e463494e4fd95
wqp,wqp:USGS-072632972,2012-06,ANFIS-F,314361,0a4f97ed1a5d1292d2b966e6dfeaf12967ea41c0f3011896debbfa6f6d0aa66a
wqp,wqp:USGS-01201700,1979-04,ANFIS-F,314361,0a572f2a5db6e6e00c6b73ba72cda60a3699558471d274df74a8781c1f4ca9e9
wqp,wqp:21DELAWQ_WQX-307171,2016-12,ANFIS-F,314361,0a5762417f11c11fed3182520f2338626709f2710b78f0a2a32676efc959d191
wqp,wqp:21FLSFWM-LZ40,2002-06,ANFIS-F,314361,0a57fafdb38fc803b39df29c23b816f87d3ca22d3a2f7a4b5fc3db7d8d3441de
wqp,wqp:MNPCA-62-0007-00-203,1982-06,ANFIS-F,314361,0a58935d1d2c80c0d8d855d14491bbb51f205ebf7d095112382a1ef46d4df8ee
wqp,wqp:21SC60WQ_WQX-SV-339,2007-04,ANFIS-F,314361,0a59402939a558f6d7ee148dde04d04d60e83e6d892f005197027b55eff1b754
wqp,wqp:21FLORAN_WQX-CC11,2015-10,ANFIS-F,314361,0a59a19057a2ffe9cff8de99b752f93e660457a952277d87159c3a6850afdc3a
wqp,wqp:21DELAWQ_WQX-109031,2004-09,ANFIS-F,314361,0a5e0b38984384e0bb6f836a395cb2f40f3f9a3eaf002aaba6d210295e42066a
wqp,wqp:21FLSFWM-L004,1981-09,ANFIS-F,314361,0a5f0a8f868e6f1523ac065e105b50e04bd4584b88025b4b60785c919c67d4d0
wqp,wqp:CAPECRD_WQX-280,2018-04,ANFIS-F,314361,0a5f423b780fa63e6d7dba8ac450390843a3c1872f3c8d94d2ac84934e3daee2
wqp,wqp:MNPCA-02-0075-01-204,1983-11,ANFIS-F,314361,0a5f9e385b838464405c248cdc1e4384a7a465631d974d4bfb8869f9ff8608ab
wqp,wqp:21AWIC-23,1993-01,ANFIS-F,314361,0a6016e8433feb7a13862c3f4812d9b7678c9fad7b64fcd847f3815b3bda739d
wqp,wqp:21FLSFWM-KBAROUT,1997-07,ANFIS-F,314361,0a606399fbf7e0d2fb98d23e13367c33e455481f6b76b89878590fea7f112e27
wqp,wqp:21FLSFWM-PLN1OUT,1995-04,ANFIS-F,314361,0a62075fc24d23e7c83ae278a291f394ddcf3408656a5a2d772d0477bad9a1e2
wqp,wqp:21FLSFWM-PALMIN,1994-04,ANFIS-F,314361,0a62824ac32399d6c932b9f147221d3bd95ff280a64476120966d457e5436c1f
wqp,wqp:21FLSFWM-B06,1992-03,ANFIS-F,314361,0a6432ed5ca5cc4610e2339887024775b2254578723987c9dbd3febcbac3be30
wqp,wqp:CAPECRD_WQX-262,1996-03,ANFIS-F,314361,0a650afbe4a39fdb86b1cc7f5da405940612ac98442f1b424008f6020a609703
wqp,wqp:21SC60WQ_WQX-CSTL-075,2000-10,ANFIS-F,314361,0a68edfe4e4e5ad83f907f99846d0f098c2e75f9fa22a978d525adde76b8046e
wqp,wqp:21FLHILL_WQX-135,2002-01,ANFIS-F,314361,0a6b88d48ea80e6fcc03a228fb6a01551fc3e875f5419394485da787d9042108
wqp,wqp:MNPCA-82-0046-00-203,1989-06,ANFIS-F,314361,0a6c1519406650754b84a42b9ae5c5e7052d48f9766953e29e1c8564e7c422c9
wqp,wqp:21FLSWFD_WQX-23389,2011-01,ANFIS-F,314361,0a6f0431f05bd1cfb8136f50991926d84c9e63ae41ca63a1c9149da62778378e
wqp,wqp:21FLSFWM-E04,2003-09,ANFIS-F,314361,0a714a1eb1b8fcb98fa3c9eb9ea8614240f1f72db3979f6484e27af137d91b69
wqp,wqp:21FLSFWM-B09,1983-05,ANFIS-F,314361,0a7345dd82ccec47ed0b5f562e0f136456bb9ec29107bb5afa10dce7d2a441f4
wqp,wqp:21SC60WQ_WQX-SV-338,2018-12,ANFIS-F,314361,0a74fea668cce92ce6f5d296ce6b64eefeaa9d5835fba39bfdfae85d7e1b3a62
wqp,wqp:USGS-07049187,2011-11,ANFIS-F,314361,0a75dd0283cf5d096e9e7033fe934da9aeec5f7059e559379d9f0ae9ae54e809
wqp,wqp:21FLSFWM-KBAROUT,1993-05,ANFIS-F,314361,0a77628924b086c4704807e5fd9e8cc9bec2f09ebad222971bee2ff0d00bcc65
wqp,wqp:21DELAWQ_WQX-110011,2009-04,ANFIS-F,314361,0a785fc267c214aa4e741c1b943e5a40e3c4f1016573aebdb15e13571dbda87d
wqp,wqp:OKWRB-LAKES_WQX-520710020020-05,2018-05,ANFIS-F,314361,0a790d96b5f2c90619ffd71d943cb7a4059fda6175decc23af385ebe05769f38
wqp,wqp:MNPCA-02-0045-00-202,2015-06,ANFIS-F,314361,0a79ad3e95d7496c16298265bbb3daf9da8205d0cacc50a781f3de65aee300da
wqp,wqp:21FLCOLL_WQX-LKTRAF1,2003-03,ANFIS-F,314361,0a7a090cda855a6fc0a43fa14f60abce6a2e14fa0e24896a58ebe97499f4433e
wqp,wqp:21SC60WQ_WQX-SV-200,2009-03,ANFIS-F,314361,0a7a42360dc5fadb8dd92fd8bb75d183d606e48041cf1c80ed802e92fb6f918c
wqp,wqp:21FLSWFD_WQX-23144,2010-04,ANFIS-F,314361,0a7f7ee2493f139ef356c045a2b7c04c989d2a82eb86e8701065596ea4370740
wqp,wqp:21DELAWQ_WQX-307011,2001-06,ANFIS-F,314361,0a7f82fae38f397163933f2e7cc90d5808c125b8897cbf8e0617106844f66596
wqp,wqp:21FLSFWM-L003,1986-08,ANFIS-F,314361,0a81863b6c2cafe4c9766d146ec490d2bed9c0a8e77163aed87effd08d7fde1c
wqp,wqp:21FLSFWM-POLESOUT,1998-05,ANFIS-F,314361,0a81949d643a8c8529b6e975ed8ee40137d2b91cd9eec0e1cd013cd0effe8b3a
wqp,wqp:21FLCBA_WQX-WAL-DEER-1,2017-03,ANFIS-F,314361,0a83e16b479035ec57392c57c5ca3929a78d0fe9f0663759db3c41b4b2c2f86e
wqp,wqp:USGS-295554095093401,2007-08,ANFIS-F,314361,0a83fb30d06970d5eb2219558a78b24c0656ea279ac867ec5a21042a73e7b4bf
wqp,wqp:21NC03WQ-CPF086F,2016-11,ANFIS-F,314361,0a86fca148378500308d8572d0c13139e46a6428556dddc221f61af1a6ef0232
wqp,wqp:21FLSFWM-STAKEOUT,2000-07,ANFIS-F,314361,0a87ab09ea33f94127bc7d6e77816e81eb7c9fcb4f6d8bd05a955cac75476cdd
wqp,wqp:21FLSFWM-KBARMID,1994-03,ANFIS-F,314361,0a8bf86bf03602cf10fa5f59a9a10dffe530b8c7752d555b871dc529a277158a
wqp,wqp:21NC03WQ-LI01,2016-09,ANFIS-F,314361,0a9071a0f035be16eadc966915a96ec8e533517552b0453a12524464e4be96b2
wqp,wqp:21FLCOLL_WQX-LKTRAF4,2011-02,ANFIS-F,314361,0a94a0e74d6c47cd75561ddf2345adb719203ce574f479dd3bf7c199254e86ee
wqp,wqp:21FLSFWM-D02,1999-11,ANFIS-F,314361,0a9676ff095f592061698628b98d1e73b0111de58a2578cbdf6fbd55ecb47e7f
wqp,wqp:21FLSFWM-KBAROUT,2003-05,ANFIS-F,314361,0a97e823b26e9ea236c4d28aacef30a3f1f71ca62b987cc6ba4cbc1cdf91ea12
wqp,wqp:21FLSFWM-L004,1989-11,ANFIS-F,314361,0a9b2f895bd75a95e7d47a4833221ef454d9db57acd931feb290ab2621b49818
wqp,wqp:21NC03WQ-CPF087B3,2012-12,ANFIS-F,314361,0a9befd9b2071e92096a79db4a4ce4a0d86e60beb07e3fca7832f60374c9955f
wqp,wqp:USGS-423556088365001,2012-06,ANFIS-F,314361,0a9e44b743bff6a5894690a510c696ead6cd374d06761299abb64f3bacc48193
wqp,wqp:21FLORAN_WQX-BC14N,2006-05,ANFIS-F,314361,0aa0d11121b7a371ac4c0dee3bc887f0c8ff6a2a058b01de9b9c433a07e70bdd
wqp,wqp:OKWRB-LAKES_WQX-520710020020-01,2018-03,ANFIS-F,314361,0aa17a4a5fc8946e17708fbabc971659c2c6b2ae13df7f0810134716a780a6bb
wqp,wqp:USGS-01201700,1977-01,ANFIS-F,314361,0aa300fb5ce79e90c5225580c0bad9a18254b5235e82849bfa41460250fc7bf0
wqp,wqp:21FLSWFD_WQX-23113,2008-02,ANFIS-F,314361,0aa360356dec7735a55b856101c9e0f37b7c0ff6d193c030b1544f9b3aead4cb
wqp,wqp:USGS-07049690,1978-01,ANFIS-F,314361,0aa4080105d6e78f146182cc2a6ea6f2b2685556811380f6e76f71963ebac6ee
wqp,wqp:21FLORAN_WQX-CC17,2011-05,ANFIS-F,314361,0aaa4110fbcf4716e739bff49796abdc2fc93cc2740473c7f90df323302e54ee
wqp,wqp:21SC60WQ_WQX-CW-231,2002-02,ANFIS-F,314361,0aabdf4a707d32946308e81c5f9cc86a156863894feed7ba8a092d89771418fe
wqp,wqp:21SC60WQ_WQX-CW-197,2013-03,ANFIS-F,314361,0aae24dd22f51b2493631764d812ecbd995cf61f689c7bb127eb90c40a5951a5
wqp,wqp:21FLSFWM-PALMMID,1993-10,ANFIS-F,314361,0aae6ac63994b84da78aa9b4607b32ba038001b35d30d93c42aab23dc9f78cdf
wqp,wqp:21FLLCPC_WQX-EUSTISSSH,2015-04,ANFIS-F,314361,0aaeafc5983e68e48cdd3185f4e5b0f5929aec27f74b39da616481be77180838
wqp,wqp:21SC60WQ_WQX-CW-197,2015-03,ANFIS-F,314361,0aafe0b555e32b6de36c3b1df08e212209b2f720c4dc4aa639686ba6145c2a07
wqp,wqp:21FLSFWM-L005,1980-01,ANFIS-F,314361,0ab4df8d7ae07d14130620d260c790263ca3115226abb911a6b8f14103dd4b68
wqp,wqp:21SC60WQ_WQX-B-345,2006-12,ANFIS-F,314361,0ab577293ae1c9e3c1804eeba052042a7b8722dedc607139e12fa82f26ccea6c
wqp,wqp:21FLSFWM-PELMID,1994-10,ANFIS-F,314361,0ab668995cb0ce57752a000df292a26c3a221a121277bd400b331b618e5e38c3
wqp,wqp:21SCSANT_WQX-SC-044,2017-04,ANFIS-F,314361,0ab71c690f91d9b114ebffe92e9e5bf8bbfb7d2bea137a5740500fdc3b8f247d
wqp,wqp:USGS-423526088380101,1991-10,ANFIS-F,314361,0ab8777d001353dd839dde042ce4afa54bc0644c55a63bae8f10f5f25537bad9
wqp,wqp:21FLSFWM-B09,2003-02,ANFIS-F,314361,0ab91def519bc512745eda3ce22d22e1d09ad6b2db5bb6c367253511487d0456
wqp,wqp:21FLSFWM-E02,2008-06,ANFIS-F,314361,0aba1987ae18059dea279ae9765648cd72e235897640aa1762d7668f769a0c2b
wqp,wqp:21NC03WQ-CPF081A1C,2010-05,ANFIS-F,314361,0abaa3cc80d82c9bec3dae8129d92956379a34b9f7eb459e6c6f3cf3d5571ca8
wqp,wqp:AZDEQ_SW-32,2013-03,ANFIS-F,314361,0abab5d3c2121bc37cc12721d2bd8a0c9b260178abd1b9d1c1dcf534ce2dbf85
wqp,wqp:21NC03WQ-CPF087B3,2017-01,ANFIS-F,314361,0abd5299db41eebfb2a7cdfd2fbea700005eadcd3c17f19dbbd510ccc8a09fdd
wqp,wqp:USGS-07049690,1976-08,ANFIS-F,314361,0abeb937888ab527e1daa4717c15867396cc0dd8a4d0c07305540346e8db6130
wqp,wqp:KAWNATON_WQX-KN-KL-003,2009-12,ANFIS-F,314361,0abfd6a44c2cea4d5e5bde6eab92eb9fd7b86c3dbbfc5b2951e0b5d2c2d15904
wqp,wqp:21SC60WQ_WQX-S-308,2017-02,ANFIS-F,314361,0ac2517d4fdbcddf9b2f55e55f90e7f4d6218500c25193712b7c1fee0751d214
wqp,wqp:21NC03WQ-CPFMC03,2014-03,ANFIS-F,314361,0ac32d0f0cb73c66c6ce236488297ca0310c328dc57274323c741b247e225a1d
wqp,wqp:21FLORAN_WQX-BC8,2005-05,ANFIS-F,314361,0ac52bc7067163ccfb82be46275dc099c9535517799f79f51041f3fcc87f6acd
wqp,wqp:KAWNATON_WQX-KN-KL-003,2010-02,ANFIS-F,314361,0ac7bf8664a3f1efc5f95d4b06d98308154ab4f7d31da27bda6e2139e6adcdf3
wqp,wqp:21SC60WQ_WQX-SV-340,2015-06,ANFIS-F,314361,0aca7f12b066c4a9f4e96bb5aa35f550f535060a8b519da44134cae63d358152
wqp,wqp:21FLSFWM-TIN8100,2003-02,ANFIS-F,314361,0acb0ad784eae4930527c39246752374e4c767feffbea5e2d82a55edd4aea83c
wqp,wqp:USGS-0214184000,1993-01,ANFIS-F,314361,0acc83afac65693d2e483a5107c673d1c3cc5ec71f709f791d5fc04630e2c4c2
wqp,wqp:21SC60WQ_WQX-SV-236,2013-04,ANFIS-F,314361,0accaf61001edd75b84f9f6d606ad496093319b86b063bc8840dbfe4f7a12ee9
wqp,wqp:21SC60WQ_WQX-CL-089,2015-11,ANFIS-F,314361,0accc922872fe891d253188f0b22064508ff127c6fb8b13cfa43b336876949bc
wqp,wqp:21SC60WQ_WQX-SV-268,2000-02,ANFIS-F,314361,0accd5eedf79d4be02b8bd110f652ac23f9e34d097fc56cbdb86124bcb000163
wqp,wqp:21DELAWQ_WQX-108111,2016-07,ANFIS-F,314361,0ace58e744327cf96bf1dbee7f344f8c7644beaf8587937693e7ff0cf91f9641
wqp,wqp:CAPECRD_WQX-290,2014-03,ANFIS-F,314361,0acf0dfe8d37c4cea4c2bdb9faa999ad4b1a1af724309989fc30ea4dbd5a2c40
wqp,wqp:21SC60WQ_WQX-CL-019,2017-11,ANFIS-F,314361,0ad2cfa95be104289779088fb72df6c6752413ad61de56d719693abcfbe43a70
wqp,wqp:21FLSFWM-PALMIN,1989-03,ANFIS-F,314361,0ad660bfdecf400f21e8bab13c7f26215bf000542bac22436a7908ed41b773ff
wqp,wqp:MNPCA-10-0048-00-201,1986-07,ANFIS-F,314361,0ad9dd2bb04eeb18740d95de0a157f524dcdfed54d787bebd5709bd2657be4c9
wqp,wqp:21SC60WQ_WQX-SV-331,2009-11,ANFIS-F,314361,0addffeeb5f92295c84c9b7fa8dcb8848073d073f870d143bc9275416cbfff97
wqp,wqp:21FLLCPC_WQX-TROUTDKEUS,2017-02,ANFIS-F,314361,0adfc5976af4f973ce42507d822ba0488d36d01bcaea463cef6616c38d5fdaf6
wqp,wqp:21DELAWQ_WQX-109131,2004-05,ANFIS-F,314361,0ae06934c912c2d0e1543eba33b66b6c59956820b2d14c91f3e5db376bd4088a
wqp,wqp:MNPCA-62-0013-00-201,2008-08,ANFIS-F,314361,0ae0ef8281bdfd841dbe2c20ada9d57db05dd6dd05985499e9a6d5c565b55dab
wqp,wqp:21FLCOLL_WQX-LKTRAF4,2014-08,ANFIS-F,314361,0ae13bf7d7633bbf4dc33fc65c1c87b7da54fdc19434d73c1632d8c9e9793189
wqp,wqp:21FLSFWM-POLE3S,2002-11,ANFIS-F,314361,0ae67be459604433ebc49cb23d49ebf7047bd4029d10c3660cdd014e8e247248
wqp,wqp:21FLORAN_WQX-CC4,2008-11,ANFIS-F,314361,0ae9e07f554b2df0098983fb110e7d0efdc4f56a309e67eb0f193019d094a394
wqp,wqp:21SC60WQ_WQX-CW-033,2013-02,ANFIS-F,314361,0aea82f0eab575aaa1e423fd31c45b4e48192580d09cc24408909a35693d7e8a
wqp,wqp:MNPCA-10-0007-00-201,2016-02,ANFIS-F,314361,0af069edb4366b8d409a4baa73f32e7750dc086f16c25e06b4f3adb2fe88c8b1
wqp,wqp:21SC60WQ_WQX-SV-339,2004-11,ANFIS-F,314361,0af4c69c05d95708cec68c7f5b085d5f04298fb37ea2491d3c30b649de44d038
wqp,wqp:MNPCA-86-0297-00-201,1983-09,ANFIS-F,314361,0af7bdd505aad2d1c5234b42927b7fe6f4a3645a60334663d8fa1aca3f4553d4
wqp,wqp:21FLSFWM-LZ42N,2001-04,ANFIS-F,314361,0af9618ea1e0559695fc21bc49b5ab3d2b7abb5b571030b15158166136672a57
wqp,wqp:21FLORAN_WQX-BC7,2018-04,ANFIS-F,314361,0afa57b51a15bb847d7acb1f69fd8dcaafd33b1423e9b797bbb409c1cecf417e
wqp,wqp:MNPCA-82-0046-00-203,1981-07,ANFIS-F,314361,0afbd359a5479fc497ce608a5770625feeaa5fd3ad13ac6bf54a87e8c31db91e
wqp,wqp:21SC60WQ_WQX-S-310,2006-04,ANFIS-F,314361,0afce1bdb22ef4625afecc660a5f65fd075525d112fa780503a128fb1f52eb10
wqp,wqp:21DELAWQ_WQX-307171,2011-04,ANFIS-F,314361,0afd19244e05eb8596217d97a423eac54cffd688084ef0d86976bec76c308419
wqp,wqp:21FLSFWM-PALMIN,1994-09,ANFIS-F,314361,0afe0cbdab90418b4183bec1c79cf5a57659bc54d17a165d1d480fdf7516adea
wqp,wqp:21FLORAN_WQX-BC14N,2008-04,ANFIS-F,314361,0aff08de48b8049c8ee636bcdd231f353301aadd1e3ab3b11118dbbe1a83f0d7
wqp,wqp:21FLSWFD_WQX-23389,2005-01,ANFIS-F,314361,0aff83f661dbfd80a6e6164d8ecb198981079288d47410a69979b396d16d7ab5
wqp,wqp:21FLSFWM-KISSR0.0,2001-10,ANFIS-F,314361,0affa17beea9d145271c5093a0c07d94cb581f5ef7d25d93900190adc3e4f145
wqp,wqp:21FLSFWM-TINMID,1988-11,ANFIS-F,314361,0b039f42f0a8524a1291cd0abca09aa71309c7831937be9591f6b751d6ab0900
wqp,wqp:21FLSFWM-MH32000,2004-12,ANFIS-F,314361,0b042f4a7ebbd214597cfa632849dc9aab6214ae9c0d7cbe22d904ae984b80d1
wqp,wqp:21FLSWFD_WQX-23438,2007-02,ANFIS-F,314361,0b0bb1f5d1fa1754777d912f98a46b75e6619f5b92b83dab043206a8228ac6d9
wqp,wqp:21FLORAN_WQX-CC17,2012-02,ANFIS-F,314361,0b12dbfe2545316162e0e8d990e1230928d6698e12b2a5907787ca2b90d5a0eb
wqp,wqp:21NC03WQ-NEU019L,2017-06,ANFIS-F,314361,0b15ccab6c280102dbbe7bc1c13c69612a8358a47998d6cdaa365cc55590060a
wqp,wqp:21FLSFWM-B09,2000-02,ANFIS-F,314361,0b1792ea3e504aab3eb736f257eee58c5939a13e9d7554186db770fdef670bac
wqp,wqp:21FLORAN_WQX-CC9,2007-07,ANFIS-F,314361,0b1a3495968fca80d08d462116d85885ef3c8c9c945c71e61635429247d62d51
wqp,wqp:21FLSFWM-KBAROUT,1993-12,ANFIS-F,314361,0b1a9c28e98d454d8d0fda683ab5fd9378d26807497b08c1defa52020424f182
wqp,wqp:MNPCA-62-0055-00-201,1988-11,ANFIS-F,314361,0b1e7c1f6d7f515e7a1bb2f86c3cfff4e3607e3802b88fe520e3f6f9ebc9272c
wqp,wqp:MNPCA-86-0281-00-201,1984-04,ANFIS-F,314361,0b1f59b697d7deda121acb93651700c06fb2377fb481ecf9d9cbc6ced3527638
wqp,wqp:21FLHILL_WQX-135,2017-02,ANFIS-F,314361,0b1fe12b38357641e2e48c79574d13c2b721bf5392dab093b7cd13d65cb590ca
wqp,wqp:21FLSFWM-TIN8100,1999-03,ANFIS-F,314361,0b20442666d1952ad377ec8b8f06936fbd03214790a23b29f88a32a7e43e6200
wqp,wqp:21FLSFWM-LZ42,1994-02,ANFIS-F,314361,0b247c9364d2d88816169f7049a8fdaa55dc0025e89bb1661072b901566413cb
wqp,wqp:USGS-423556088365001,1992-03,ANFIS-F,314361,0b277a8bd5c76c7529f1f727be30c28e58f2f86fb62f07303a564f9557344274
wqp,wqp:21NC03WQ-YAD169E,2004-06,ANFIS-F,314361,0b2bddea8a98922c9c03e3218262f9c69da641a26e68cad4c5f244265e67f3f8
wqp,wqp:21FLSFWM-L003,2004-10,ANFIS-F,314361,0b333cdfd56971ffcb3c2271db617fc3e544dd9a42a86735f15c64ee35f514d4
wqp,wqp:USGS-423526088380101,1985-07,ANFIS-F,314361,0b34c841ccbe6321235f64db8e8c69810aa7dadbb14d9e7a35745d4a23a929d0
wqp,wqp:USGS-423526088380101,2016-04,ANFIS-F,314361,0b37674764c5ec4d39f7149b38fa03c5b8576a6b923024ce7e36e66626d77645
wqp,wqp:21NC03WQ-Q5360000,2010-06,ANFIS-F,314361,0b397eb94825e3eec186d2f005c3a55df651a19110e9c31a7943806a64db9a7f
wqp,wqp:21FLSJWM_WQX-44678,2018-08,ANFIS-F,314361,0b3a94b3092e614f9ca58ccf45cb30474f2cc10048808155406b858c2df77756
wqp,wqp:21FLSFWM-POLESIN,1994-12,ANFIS-F,314361,0b3bfd1d78b14fd29d29ce790a8016be0127f0109183483b48bbf255dc790dbe
wqp,wqp:21FLSFWM-STAKEOUT,1997-02,ANFIS-F,314361,0b3e28638c7263cd2179c2941fa67fb1204ceef1db687c635c10c0bd009d2872
wqp,wqp:21FLSFWM-E04,1995-03,ANFIS-F,314361,0b3f02287460e1008fab0cf0640c91fc104b55f993dd35ac11d13355d657528e
wqp,wqp:21FLSFWM-L008,2002-04,ANFIS-F,314361,0b42bbd9f1e87091affdd4e55991e4d9798bd963eeef6f1815cc8824e67367ac
wqp,wqp:USGS-07049187,2012-03,ANFIS-F,314361,0b46b2da1ee92a1a3b3a573effaa62cfa4ef347b871642bc39ab0f23fd950f1f
wqp,wqp:21DELAWQ_WQX-307171,2018-08,ANFIS-F,314361,0b46e3c333b3a13d4207fd14b7d33ec39f55ef005a782b10d02441719e8bf711
wqp,wqp:21SC60WQ_WQX-S-024,2018-12,ANFIS-F,314361,0b47e28cffa6fc5f2dba8e017c9dc10f778bf6632ea548ad6011c1ef661e597a
wqp,wqp:MNPCA-82-0046-00-203,2007-08,ANFIS-F,314361,0b48e0c02c1f19349595ee0c22941b3e8e8915baf279715136a080032fc2dae8
wqp,wqp:21FLSFWM-E04,1988-09,ANFIS-F,314361,0b492a2148b6214e3aa41454c6833cc57ccbde79f1aadb3cfcdfeb28eadb0e37
wqp,wqp:21FLSFWM-PALMOUT,2006-02,ANFIS-F,314361,0b4c0fd598ab542ec6e9f14e066ac419c55a609a42e96de720016cbd5b281292
wqp,wqp:21VASWCB-5ASRN000.66,2007-10,ANFIS-F,314361,0b4fe0a0cddc69e46dce075ce509b15143243fc48122ef614d0ee1bb51ea41eb
wqp,wqp:21FLSFWM-KBAROUT,1990-10,ANFIS-F,314361,0b500f34273b4c96793bde83c35cad01fac8f1a0fadffdb3276fe580c4cbbc93
wqp,wqp:MNPCA-62-0007-00-203,1995-06,ANFIS-F,314361,0b549c2124d1350f7bddc18792b959516a8abe6061e4c815ca25c02b05c8b127
wqp,wqp:21FLSFWM-KBAROUT,1989-08,ANFIS-F,314361,0b59238ff0ffd9449afb9286e89003a1ccc895bac0f84f75032fd36a4f5e549e
wqp,wqp:USGS-423556088365001,1996-08,ANFIS-F,314361,0b5a3c4e3bf66feb350c321adc39ab176e090d29e43abd115dd8645080a2d536
wqp,wqp:21FLSFWM-STAKEOUT,1986-11,ANFIS-F,314361,0b5a9d8783e6230234130f89da3d4a818e0b71e1bff36c2ba262885d820a7cc6
wqp,wqp:21DELAWQ_WQX-304321,2014-06,ANFIS-F,314361,0b5cfe4b795c82743fb722ec193b085d6c05317bc1a261774f6c0f666db72e25
wqp,wqp:21FLCBA_WQX-WAL-CAMPBELL-2,2017-10,ANFIS-F,314361,0b5f0874bb167bf19eb2580a002e3d4ebc6d0413b725fcc5ae7d970b49183dd6
wqp,wqp:MWRD_WQX-BARR3P,2017-05,ANFIS-F,314361,0b603ce066db1bc26fd440800ec3411db3951e499edf6ac5fc4dac83d3e3d81b
wqp,wqp:21DELAWQ_WQX-208211,2009-06,ANFIS-F,314361,0b6474dedaf1fe3311023a8c6b6a019566fdb1db66def690ee4354d57eb853de
wqp,wqp:21FLSFWM-KISSR0.0,1990-04,ANFIS-F,314361,0b66bdbe13538fec40bec3343fee7e70ccb2a993bb8047411e00ebaf2a288c97
wqp,wqp:21SC60WQ_WQX-S-222,2005-02,ANFIS-F,314361,0b67909d788397830aa5cc93e39ae3ab0796e899fcb4cdd8a57982b87f54f48c
wqp,wqp:21SC60WQ_WQX-PD-327,2000-03,ANFIS-F,314361,0b67ad554b47ac05579a288cedadd7577a2d2011d0ff3d7679cd96661523649f
wqp,wqp:21DELAWQ_WQX-307171,2009-12,ANFIS-F,314361,0b6abd7ef4c2428e1e05b43c98fd3c22e9b43ec843595393ffa32755f9f890f4
wqp,wqp:KAWNATON_WQX-KN-KL-002,2008-03,ANFIS-F,314361,0b6b5835164c5706f5ee37e50b9383818be13904a7d56e12e3f5f90990b63710
wqp,wqp:21FLSFWM-TREEMID,1993-01,ANFIS-F,314361,0b6cf7dddd158271fbb71df7089390f36ab53651427e4149cba5dc2a61ec1f71
wqp,wqp:21FLSFWM-LZ30,2001-02,ANFIS-F,314361,0b6f555f737dc2923a1df2c67f60ecddda1935c6aee43de42c06aaa378602bda
wqp,wqp:USGS-07049187,2015-05,ANFIS-F,314361,0b6f5d2500cdeef737b3653b175b8675adf6c6f093d9cb5e24fa56193bf74044
wqp,wqp:21SC60WQ_WQX-CW-033,2017-04,ANFIS-F,314361,0b716e0d562ada8e2c72065b36e1f58c05051fff28e0931bd2b9938443a8be57
wqp,wqp:MNPCA-02-0045-00-202,1979-06,ANFIS-F,314361,0b73821f10a4e9f16dad24a6291ee2f649d4bcc851dbf8664da4104b8eb5b156
wqp,wqp:21SC60WQ_WQX-SV-357,2005-09,ANFIS-F,314361,0b8285b15a3fedd5b92b00ce1cf2216e2dab4b1cbeff295de8226fb567d54cd1
wqp,wqp:21FLORAN_WQX-CC9,2009-05,ANFIS-F,314361,0b85b679b9e5ef6b7420c4f2b540edd8e876d4bcf8df1b1c3a162b96d92c3aec
wqp,wqp:21FLORAN_WQX-CC11,2007-03,ANFIS-F,314361,0b88831a0a3d39659b77962db3abc98868989e03261d10d0420f6b607fc97bf1
wqp,wqp:CAPECRD_WQX-262,2014-11,ANFIS-F,314361,0b8f0050087c6cfcdb9bc8e3d7fb0593f60d39d0c8cc0de02c0857d4f39c0a4d
wqp,wqp:MNPCA-62-0007-00-203,2009-06,ANFIS-F,314361,0b9342886eea56bae0be243ba03983cace884b895e8787e8596ef6217c5f03ed
wqp,wqp:21AWIC-81,2017-04,ANFIS-F,314361,0b939f6f684e5ccab93a207b6b8fae2ba3d6dd290870829975c089cd6cb64991
wqp,wqp:21FLSFWM-ISTK6,1993-07,ANFIS-F,314361,0b970c2c7605fd01d9ec705a465f199724612b4a5df5f5c030fb8de04161a80a
wqp,wqp:21FLSWFD_WQX-23479,2011-08,ANFIS-F,314361,0b97d1cd60d5dddf5d2e695b6a3d034eabb9faa0454c4223969bb07d7f752aff
wqp,wqp:21NC03WQ-CPF087B3,2013-11,ANFIS-F,314361,0b988e2780669cd48858dee89665bba0d2107382524bffacfd8065a65fc555d8
wqp,wqp:CAPECRD_WQX-280,2008-02,ANFIS-F,314361,0b9896d46feaa5abe4f3aedbef616226095ea534096f11b8a5abe65abad58700
wqp,wqp:21FLSFWM-L001,2007-03,ANFIS-F,314361,0b9be917db4f95c6844f8a4e980307ca5c6c5e9b54f3f619774cedf1ffa7cd18
wqp,wqp:MNPCA-25-0001-00-232,1990-06,ANFIS-F,314361,0b9c1e8284efa3819904c510bfdb856387fc71083c511748f2e63325605d499b
wqp,wqp:CAPECRD_WQX-262,2009-02,ANFIS-F,314361,0b9eff5c3ea71d19a7fa2824b932968bf3a0e834d227d577051ba2706dea4a11
wqp,wqp:21FLSFWM-KBARMID,1993-11,ANFIS-F,314361,0ba0ea9d8dfd31be3773aebd475fc49725109ab4b15f42784b539598ee60a40c
wqp,wqp:MWRD_WQX-MILTON3P,2015-08,ANFIS-F,314361,0ba15cc81b541abb538b149f1275a291d0b9ea9d01475a205bb9e6432240ed6e
wqp,wqp:21FLORAN_WQX-CC6,2007-09,ANFIS-F,314361,0ba25396c60f32c2be77a16ca73a7c5c351a28e8aa8de70588f576bfb34c48e3
wqp,wqp:MNPCA-25-0001-00-225,1993-09,ANFIS-F,314361,0ba4c3362de57dfd3ab6733a52ec295f5149048788b362008437a6a5193438fe
wqp,wqp:21SC60WQ_WQX-SV-098,2006-04,ANFIS-F,314361,0ba5bbf2d931250afd001309da66805cd2d23389fa2b161c6f849ac64d45432a
wqp,wqp:21DELAWQ_WQX-206361,2012-07,ANFIS-F,314361,0ba8039bb66a6decc157d63c5ae4749ca4daaade5b8f3359665fca6bdd30c889
wqp,wqp:21FLSFWM-L006,2000-06,ANFIS-F,314361,0baafc3d06d413568bbf7c80bdb702cd227800f2fd766faccd0861e752f66c88
wqp,wqp:KAWNATON_WQX-KN-KL-005,2010-02,ANFIS-F,314361,0bae760e0057ede2725f04392b3396d9699c1f70f62f3cb8cdafefa1230c5a73
wqp,wqp:21FLSFWM-MH32000,2003-06,ANFIS-F,314361,0bb5ad833390114be2230dbf30d818d05639f4f6a53b99e5a3ed72775b1aea2e
wqp,wqp:21FLSFWM-E06,1984-03,ANFIS-F,314361,0bb66523f0ea79f03835e209d4337b84449c3a9651c0a8ec10c12cce3531a26f
wqp,wqp:21FLSFWM-L001,1984-04,ANFIS-F,314361,0bb8907841bf41208a575e1b95528969b314917cb8f62c4d27bc858965de09de
wqp,wqp:KAWNATON_WQX-KN-KL-002,2017-08,ANFIS-F,314361,0bb9d437cc599743afc88aaa88a1a4cc82ffebd726efbdc9311ff10cc2817b68
wqp,wqp:USGS-07049200,2008-05,ANFIS-F,314361,0bbb70759e8343f44cfe8082aa9df4c6a713e80bfe60f4d66d43e211b0e1e83f
wqp,wqp:KAWNATON_WQX-KN-KL-010,2017-01,ANFIS-F,314361,0bbd8af0975db3184344eb42a5dcbff92e90ec5fd56483488af51cc3b4424c22
wqp,wqp:21FLSFWM-KRAMMID,1987-03,ANFIS-F,314361,0bc538f773f96dd5ec5e6a226b479a74f2c29a23943c9f55f66afddc11e662c8
wqp,wqp:21FLORAN_WQX-CC18,2006-08,ANFIS-F,314361,0bc5d04fcff5e958a7bb0b9555b84b32cea393ec52a1e6feafb147f129e62494
wqp,wqp:21FLCBA_WQX-WAL-CAMPBELL-1,2017-12,ANFIS-F,314361,0bc64d7a59da5c4833e6722c4bd5fa1e650404c48afcf2c70ad4c120e2d6ed30
wqp,wqp:21FLSFWM-LZ42,2004-05,ANFIS-F,314361,0bc683e677c0f5488e1098781384d1d16800a72daa29496991cd544aa3924dd6
wqp,wqp:21SC60WQ_WQX-S-311,2017-12,ANFIS-F,314361,0bca223345b1dfafab254d4f7ee4abacf05f4a222672689876a3dbbebe7a1af2
wqp,wqp:MNPCA-47-0042-00-201,1987-09,ANFIS-F,314361,0bca39dad2c62b3e8edb68dcf8407419935682a2d3b228c24a035db19001dd8f
wqp,wqp:21FLSFWM-ISTK6,2001-12,ANFIS-F,314361,0bca6ec00422b1db51cefb03296dd96e217706c84bb7d0edbde8d406f81560c2
wqp,wqp:USGS-423659088354401,1986-05,ANFIS-F,314361,0bd041129cdbcc4d51d086dbdecda17fd2f66b595fb270d364a86ec3189c8e6a
wqp,wqp:21FLLCPC_WQX-LKSILVERSHR,2005-08,ANFIS-F,314361,0bd526f2171199f7f702eb4711b718c5a022b59359d808ec7a10fa4db687b5d1
wqp,wqp:21DELAWQ_WQX-307171,2015-04,ANFIS-F,314361,0bd6290233aa8358ce1e3437e8a67e9f6577e6ffcc3cc7eaf64aa475a723e3f5
wqp,wqp:21SC60WQ_WQX-SV-200,2015-08,ANFIS-F,314361,0bd645d00ec02d311cbae1ab700c64d69fd31eded6e569c48764a7e050c951ea
wqp,wqp:MNPCA-25-0001-00-231,1992-07,ANFIS-F,314361,0bd968f3fd985fa435181a533f38d1d9a1354bd55c32174c055ea4333da9669b
wqp,wqp:MNPCA-86-0284-00-100,1983-11,ANFIS-F,314361,0bdb999a8d8e104dffbb4ec14ea025f9161c4583559bf391d756611bb37300e3
wqp,wqp:21FLSFWM-A01,1992-07,ANFIS-F,314361,0bdc221e5fbab8c1a5aa075105ae2f034d0d40965a5b8d94908e53659467121e
wqp,wqp:21FLORAN_WQX-CC4,2008-10,ANFIS-F,314361,0bdcfcb9bdadd7a18f8a4f5da8dfe8af0d297acffa61fdea4cda68eb0245f928
wqp,wqp:21DELAWQ_WQX-208181,2018-10,ANFIS-F,314361,0bddaed178f99b89186298efd2fda690acab7c4ab61c9dee31012d182d42152d
wqp,wqp:MNPCA-62-0007-00-203,1983-02,ANFIS-F,314361,0bde34cadba1c874a5631e79a32b7e1ec706a4352f0c7f829db803738e896db2
wqp,wqp:21FLSFWM-A03,2005-09,ANFIS-F,314361,0bdeaa37a38dac7d8de63a743604ad0a8540c9a383cae6490a2e599300e21c36
wqp,wqp:21FLSFWM-B09,2000-05,ANFIS-F,314361,0bdee4546745508d816c9592550e52331d310f3436cc9f526b4890f1e5146a4a
wqp,wqp:MNPCA-62-0054-00-101,1999-07,ANFIS-F,314361,0be1ea133fb1741deba11d453fb6d8a34c022d4f8dc2428a9af671b05a0296a8
wqp,wqp:21NC03WQ-NEU019E,2005-07,ANFIS-F,314361,0be28e55b8ffb28918a14ecb756a9d4e28d6d6f8a454cf63f58d399b77126164
wqp,wqp:21FLSFWM-L008,1983-03,ANFIS-F,314361,0be40080bf8ab1bd8b6026f87d9defe07e3bd266ff3f1ab9c960edce666f9d98
wqp,wqp:21DELAWQ_WQX-308071,2011-01,ANFIS-F,314361,0be7d3a81a8d1742becab3f648c68e48665d0391e5d4977772e883ec5b25fbf7
wqp,wqp:21FLSFWM-L008,1995-05,ANFIS-F,314361,0be9c2399e7b9066ceb334b1ed9a224f869a7ed676fb6076d825e2dc90e05992
wqp,wqp:21FLORAN_WQX-CC6,2008-01,ANFIS-F,314361,0beb796cff219e225cc09da9d67e7047555f447f0a9dbdee306d62874871f6f6
wqp,wqp:21NC03WQ-NEU019P,2010-11,ANFIS-F,314361,0bef6c2907e2e93d1f153e2a7c06e4c99194533485d225476f6fb28a087caa1a
wqp,wqp:21FLSFWM-L001,1995-05,ANFIS-F,314361,0bf3d999bec8f4a6bc1ead7c33bb172b5a776d85dfcb5c96cbfa36aac78737c7
wqp,wqp:MNPCA-25-0001-00-233,1990-05,ANFIS-F,314361,0bf3f3f0651ebe59fa194685967d0f70fb4943b3dccf4f876039112047ac117a
wqp,wqp:21FLSFWM-E02,1984-07,ANFIS-F,314361,0bf55644d49e5584cd516472a8efe002e449b172580558fb327b89e3e87f62f5
wqp,wqp:21FLSFWM-L005,1999-10,ANFIS-F,314361,0bf6a7e5ecbf62282d0265dc6c194842b0992fc0c81199777f248ab6aae982c5
wqp,wqp:21SC60WQ_WQX-SV-340,2001-08,ANFIS-F,314361,0bf8a384a30e73c22e0c2b1d08f9581bc46d0b14c284742572cbb38454ad7d5c
wqp,wqp:21DELAWQ_WQX-307171,2015-05,ANFIS-F,314361,0bf910481159cb98a43a8fb6d2150ed349cecccc2c0897ca61eebbfad594622f
wqp,wqp:21FLSFWM-C03,1987-06,ANFIS-F,314361,0bfb62ce6b8daa8cd017441a8a35850abc4bf3b5eaba70ac82ec626fbb42f879
wqp,wqp:21FLSFWM-POLESOUT,2004-08,ANFIS-F,314361,0bfbbce5faffeedd60e426b4ed05787c8622e57bda590018eb0685d14d7bdc53
wqp,wqp:21NC03WQ-Q5360000,2016-11,ANFIS-F,314361,0bfd61cadb86b389c7f4a05949d21c28ee848230a47ec1d8aa79ee17fc46ad3c
wqp,wqp:21FLSWFD_WQX-23641,2007-01,ANFIS-F,314361,0c02991899daebf4b34924d1bf38d12819e7d1579b14632ebf5c994e2831e76a
wqp,wqp:MNPCA-86-0252-02-207,1989-10,ANFIS-F,314361,0c03afded0d0d6f1636bc70133a070f68f2f9dbfd21b0ce102b7035c4dc2f7be
wqp,wqp:21FLSFWM-POLESOUT,2003-02,ANFIS-F,314361,0c044e2f41b80666fb3eb5a0f7123fe8a4bfd8d4567246e154c591ac16f0cfbf
wqp,wqp:21SC60WQ_WQX-SV-338,2005-09,ANFIS-F,314361,0c05734e86be838630ee8006116455f072265a4afc80321a73c8b739f3665a3a
wqp,wqp:21FLORAN_WQX-CC6,2005-12,ANFIS-F,314361,0c0a82894de867b60744ebd2cf7ce85c6db8ea81cf8cef7857d862dd8474afd0
wqp,wqp:21FLSFWM-LZ2,2000-05,ANFIS-F,314361,0c0b45e06c0335a01502b656d12bb5519eba3d1f3501c797b08160bdcc353bea
wqp,wqp:21FLSFWM-PALMIN,1989-07,ANFIS-F,314361,0c0d8a9788f3cdf2251aa5fc26b7d0bd4e47ec70305632488726587848658f7d
wqp,wqp:21DELAWQ_WQX-206361,2017-06,ANFIS-F,314361,0c0da25acfd530e7051b7585706f1f4b90b85a7464c0c75f9d554b8bfaa03579
wqp,wqp:21FLSWFD_WQX-23480,2009-05,ANFIS-F,314361,0c0dd267ed9da62bd598023ca4a71592786441fe1ed0c11261f12435cf0f1b37
wqp,wqp:21FLSFWM-E02,1999-11,ANFIS-F,314361,0c100f176df979cf28cbca6d97f53258b015fc7e43e68966f952deead9d1019c
wqp,wqp:21FLCBA_WQX-WAL-MORRIS-2,2018-10,ANFIS-F,314361,0c14b9efbed6c8de38e471da7c9d7d8d1a58ef466565b7f7a567819dc5b17520
wqp,wqp:21FLSFWM-POLE3S,2005-02,ANFIS-F,314361,0c15580213c106b442f6ee9dbb97764d0680bffb1267af5dcd2e9028384e64f4
wqp,wqp:21FLLCPC_WQX-YALEMARSHPK,2016-12,ANFIS-F,314361,0c175cb97d19ad2ca47c90e27d9477c8a1bbf2055258e640b7fecd8d3f52c055
wqp,wqp:21SC60WQ_WQX-CW-207,2007-12,ANFIS-F,314361,0c17a0177def83017a99f090142ec3195e7cf7aaf2c1f9c625c2ca0a2f73643a
wqp,wqp:21FLSFWM-TREENOUT,1988-12,ANFIS-F,314361,0c191b55eb86eee5c9bc0793891e0c5c2f7c00058aac1349ccacb93a39a13bba
wqp,wqp:21FLSFWM-L005,1988-02,ANFIS-F,314361,0c1b303aa65fa9bb5d90ffa9cf5d628f9585a8ee15dec6eae9b84228e59ce096
wqp,wqp:21NC03WQ-LI01,2013-01,ANFIS-F,314361,0c1f2e08bad306b6f4a8fb86fe8dd8bd940d98f3414ad570ec797addf46af521
wqp,wqp:21FLCOLL_WQX-LKTRAF1,1998-03,ANFIS-F,314361,0c1f40c7feee6928fd39f46bebf3ca7841de7883dd7fa221b52245940bff47cb
wqp,wqp:21SC60WQ_WQX-SV-339,2007-08,ANFIS-F,314361,0c1fa7bbb0058644518be6b6bb55e2c07a393963914baf836530f622e5d88428
wqp,wqp:21FLSWFD_WQX-23389,2015-12,ANFIS-F,314361,0c208a3d8461d3bc53ad2ef8d4ae35b9df4d472f1647636a458dc1c8fc3a3840
wqp,wqp:USGS-07049690,1994-08,ANFIS-F,314361,0c2414a3cf4ba38653b059111ae53f4713cecc1e2bbf3360a0cb18e9f1aaf2da
wqp,wqp:21FLSFWM-PLN4OUT,1989-11,ANFIS-F,314361,0c288548ff6faf9fa6c6b3772062e0b73282afc6bdc9bf0d839d907d7cf9625c
wqp,wqp:21SC60WQ_WQX-S-308,2014-07,ANFIS-F,314361,0c2a240fd4283e89a0522a54f984dcae2eb76ea7af2b3257efa228b33070b95f
wqp,wqp:21NC03WQ-CPF087D,2011-07,ANFIS-F,314361,0c2fd62b70fd986fd5569782f21446c63ca00de402ac504547b1cbd7638e7894
wqp,wqp:21NC03WQ-CPF087B3,2010-09,ANFIS-F,314361,0c300a86d5a5451d990ab873d38cd33960d16fe3b3ab01f6bf5c3742ef6ce218
wqp,wqp:21DELAWQ_WQX-108111,2007-11,ANFIS-F,314361,0c30e75ff326de5ccb6281da796c75412cd9e83259cb27448136cd803789e205
wqp,wqp:21NC03WQ-CPF086C,2013-10,ANFIS-F,314361,0c32e5be91da16053a8ed21839984207046e8ce0c4a85101d70c58040d56a554
wqp,wqp:21FLSFWM-MH16000,2006-04,ANFIS-F,314361,0c35b056f964d209e4d0a87d00c1a05b01d49f27bf02b21d0037f9437779ecc8
wqp,wqp:21SC60WQ_WQX-SV-361,2006-07,ANFIS-F,314361,0c35cdf71cd922c875326a170f8a0af7237591de2c030259d4a2c13a3e1b8eb0
wqp,wqp:21FLSFWM-KBAROUT,1996-07,ANFIS-F,314361,0c36cf91ad433ce03c322e0bfed4f5e38af4c6a4e691f4ba14728d869e0a5c6b
wqp,wqp:21FLSFWM-C03,1983-09,ANFIS-F,314361,0c3765680b2d3747277f8f23afdd59dab8caec923b44ad9965cf585db73fe16e
wqp,wqp:21FLLCPC_WQX-LKSILVERSHR,2006-02,ANFIS-F,314361,0c39449ea92dd2d768d5c48dd193efb6e5aba0f113e1a8ed07262e844d858aa0
wqp,wqp:MNPCA-02-0075-02-203,1987-08,ANFIS-F,314361,0c3998ff4011cf38e225243c1674289588fe4f218de222ba834078aa29624b6e
wqp,wqp:MNPCA-25-0001-00-247,1991-05,ANFIS-F,314361,0c3a14344bdab5d8d613bffba1625993cb64a9e6e4938d147e688a98a613dd82
wqp,wqp:21FLSFWM-CLV10A,2002-07,ANFIS-F,314361,0c3a5883243a5ca105120892fb4548f966fdbfbbe79c904f0f7d9de317e0b777
wqp,wqp:21FLSFWM-ISTK4,1997-08,ANFIS-F,314361,0c3a771739861dcccb3558c7b4f3ed5a2452a55d2911df2e596a5ae689ca343f
wqp,wqp:21SC60WQ_WQX-SV-339,1999-08,ANFIS-F,314361,0c3b4705bf0980db25f1114512c509b976b901b250c48934f4fbb4f5dc7e406a
wqp,wqp:21AWIC-81,2006-09,ANFIS-F,314361,0c3bcb6a8f1b560211a5237f465caf0a94f80e18e0725a38a0675a2a06478b30
wqp,wqp:21SC60WQ_WQX-SV-331,2014-12,ANFIS-F,314361,0c3e1a6a0f31a9db3627a39ed87861bf02f5a5633997b6e6acc4593870d9b3c0
wqp,wqp:21SC60WQ_WQX-SV-339,2005-12,ANFIS-F,314361,0c424d96d9e134bdd3e6efea432ca768d52dd86b2cbfa874d5c47abbcdc36533
wqp,wqp:21FLCBA_WQX-WAL-BIGREDF-3,2017-12,ANFIS-F,314361,0c46db905923b8b7fe716e8cda000eb4b7cbb7f2f31f9d002178f4d27004f164
wqp,wqp:21FLORAN_WQX-BC7,2005-08,ANFIS-F,314361,0c486eeca92260e71743030e3d7ec0fdf24afaca79d414ec70ba7c539fe629a0
wqp,wqp:21FLSFWM-C03,1995-03,ANFIS-F,314361,0c4910eb6543f720c7c1122e15ec7f207f873ee833415b1e1a803ecc2e8e210b
wqp,wqp:21FLORAN_WQX-HB53,2018-04,ANFIS-F,314361,0c4a8320024cd54e6a03269040162ee027d1674ec988e735d156fe7f441fc243
wqp,wqp:21SC60WQ_WQX-S-310,2012-02,ANFIS-F,314361,0c4c76cf31f1af5c4c1deda671bc3f410dedba41f0038f7fb3a65426901b87aa
wqp,wqp:MNPCA-73-0014-00-100,1983-06,ANFIS-F,314361,0c4dae793c541cec6ea6a575cf310219be5479043a5a35f47013a5e41e3c11b0
wqp,wqp:21FLSFWM-D02,1988-03,ANFIS-F,314361,0c50fc409dea3a2879867734f5e87be76b7c3a65d6f50693f4e64dbe6ed4e195
wqp,wqp:21FLORAN_WQX-CC13,2014-12,ANFIS-F,314361,0c55d8df46151dec332a29b11afa0a6dc5de92b30e7e64da068d5d5a0f1d67c0
wqp,wqp:21FLCBA_WQX-WAL-ALLIGATOR-3,2017-05,ANFIS-F,314361,0c55e7e609ac57a3c811c73995e115767ba8c4ea180d407bd5bb6202cb6ed54d
wqp,wqp:21FLHILL_WQX-135,2010-01,ANFIS-F,314361,0c57fe63058092d74a9d9307beaa96c0de4e74fad5e1f728901878f2e5eb664e
wqp,wqp:21FLSFWM-A03,2001-08,ANFIS-F,314361,0c5b2c0d2afb673e135bf9822b24cf7af0aa6e3ff9c59cc3002cb6c9903253db
wqp,wqp:21SC60WQ_WQX-B-327,2006-11,ANFIS-F,314361,0c5b678a37338388194096c1685a4bedcc0fdaddc9f56b6b97f24be3256ca017
wqp,wqp:21GAEPD_WQX-LK_12_4048,2009-05,ANFIS-F,314361,0c5b7731ef25172b8250879b23dce4b63a668c3cbc09901b79c59367486a14b6
wqp,wqp:21FLSFWM-E04,1991-09,ANFIS-F,314361,0c5d43c2cd18ab0e30f836d794baf543f43cb6b9fd73abd77cd0c26279b1220c
wqp,wqp:21FLSFWM-TIN8100,2002-10,ANFIS-F,314361,0c5f729b48c8e39a7f48fd1e4f268106c36da2c2a533a37d869d429864ab9c6e
wqp,wqp:MNPCA-82-0046-00-203,2011-06,ANFIS-F,314361,0c631ed823afdd04ab9b8180f721b3df673a6651d18c159203a0c64f0464355f
wqp,wqp:21DELAWQ_WQX-109131,2007-07,ANFIS-F,314361,0c6496bc5b9b6d7037aeb57dd78b9ef71306ccdc369f896b2d555863efa24c0a
wqp,wqp:21SC60WQ_WQX-SV-268,2017-10,ANFIS-F,314361,0c6670d149f565be8b53874636d9039ca5d024d0793ee6a99bbe86bcf3bdbb5c
wqp,wqp:AZDEQ_SW-32,1998-05,ANFIS-F,314361,0c689dff740d125623a55bc88d0f166940a71e5b07c7d76f413591bb68521732
wqp,wqp:21SC60WQ_WQX-B-345,2005-12,ANFIS-F,314361,0c68ac7e086f8e085184243783a70e7d0c05fca3103a6ea2c32f2dc60dbc144f
wqp,wqp:21FLSFWM-B09,1990-02,ANFIS-F,314361,0c6b3b0ace95d17be4b956c36bfa7eea1194a1a2b67c3fde37a25e4718373046
wqp,wqp:21SC60WQ_WQX-SV-268,2001-01,ANFIS-F,314361,0c6bd6da0be1f3409f13070a8b6ad14889a1ef36c03646ccb7a85e54cbe4f835
wqp,wqp:21FLORAN_WQX-BC6,2006-07,ANFIS-F,314361,0c6bfa3f546a8de2a58bcaf5227aa958a02d0624208f40b77d7d23a932f2b05b
wqp,wqp:21FLSJWM_WQX-45399,2017-06,ANFIS-F,314361,0c6d08cea8e1023fad8f095f796ffcedc5344e01a140fbf1d13ce6bbdc02aeea
wqp,wqp:21FLSFWM-LZ42,1994-10,ANFIS-F,314361,0c6d1e925cf1e0c83db5bb9ab9ad380774f54468f98fbb58df0bffd9c5107c0a
wqp,wqp:USGS-07049187,2017-07,ANFIS-F,314361,0c6e4eec417f87e945733975dc405fcb947c506fbd82c612f9fa2f9f6840d9bd
wqp,wqp:21FLCOLL_WQX-LKTRAF4,2004-05,ANFIS-F,314361,0c6fdb5aa8d14cdb2aadc123aee4c120ea16b7253aa127421cc81a268d628b53
wqp,wqp:21FLSFWM-B09,2008-11,ANFIS-F,314361,0c70f4bb546e4fc64cd64ad3a68e05b02ec29605b2497472288c1a9804fb89e0
wqp,wqp:21AWIC-23,2013-05,ANFIS-F,314361,0c73cbe975a4db3927027ef52e15958d5f7f846639a7558b27d41e675056080c
wqp,wqp:21FLSFWM-MH32000,2004-04,ANFIS-F,314361,0c7719590b9e60a934ece7962f786adaf3e7881c88f50fc8c508dec81406df7a
wqp,wqp:21NC03WQ-CPF087D,2009-08,ANFIS-F,314361,0c77d1ed455ddedff6f052fa7d00eff58aa0ef591d6b6485e6170ef0614286c6
wqp,wqp:MNPCA-25-0001-00-247,1990-08,ANFIS-F,314361,0c79df2472c3d275dc7f19760cdcb4365fce58124353e5f421ec84f983fc2428
wqp,wqp:USGS-423659088354401,2017-09,ANFIS-F,314361,0c7bd3ba9d319d52ac8cd1ace1d0ffaf2960f96ac3135bc25f5d2c48230915f1
wqp,wqp:21DELAWQ_WQX-208181,2012-06,ANFIS-F,314361,0c7c979e6936afc052079d981d080da19b075a590fed4913d89d7f70c6063497
wqp,wqp:21FLORAN_WQX-BC11,2007-05,ANFIS-F,314361,0c7cea34f284ce3e1c5f182d897c0d545b141ff16d42d4b01c90a5949d2ff3d6
wqp,wqp:21FLSFWM-L005,2007-08,ANFIS-F,314361,0c7e33e4e84b650e70ba8b0d1eac68272b1fa254b99665f19e44c72d51fb3d4d
wqp,wqp:21FLORAN_WQX-CC12,2014-03,ANFIS-F,314361,0c801d67452fc5e1ecd3bb672b37e6148c749247071659fca4df8c1321d4916c
wqp,wqp:21DELAWQ_WQX-206361,2011-04,ANFIS-F,314361,0c8099ce4d1b805f1a639ded489a20112dfdbce1b64bb0d1884e3d8ac31fb729
wqp,wqp:21DELAWQ_WQX-205181,2011-06,ANFIS-F,314361,0c837f3dcdbe626a7a08e2de9e8349538cb8bbe5915420796102f61187409ef1
wqp,wqp:21DELAWQ_WQX-202021,2004-09,ANFIS-F,314361,0c855cd8a285a940e34b178a642b50619b0a81af233ad729d7be9c35b237a1c1
wqp,wqp:21FLSFWM-LZ2,1996-07,ANFIS-F,314361,0c862acc1c48f3267482b2d71c03ab8b96ed5c2424a26c335344917038ba9c67
wqp,wqp:21FLHILL_WQX-135,2010-04,ANFIS-F,314361,0c8ab69bad6d6d07ee11d3303abb8794e080fe50264daf4cbdfefbf4cd338c8b
wqp,wqp:21FLSFWM-E02,2003-05,ANFIS-F,314361,0c8afba5e279d6a882b98114b97c4786986b25c906feae998c17c2e65fd55795
wqp,wqp:21FLSWFD_WQX-23480,2012-03,ANFIS-F,314361,0c8df85d37dd503fb88c5816d564eeb2cdbbcccbe7f16cf4377760c5deed46cc
wqp,wqp:21SC60WQ_WQX-CW-033,2012-02,ANFIS-F,314361,0c914a1c2a667b3469b8c432b295b9d706564d9f1b4482719a2048556283f9f6
wqp,wqp:21FLSFWM-L001,1984-11,ANFIS-F,314361,0c938919e4b0ff4cd5d9ce15192f47faa0e9c287a6239e017ada3fec5fef80d4
wqp,wqp:21NC03WQ-CPF0880A,2012-10,ANFIS-F,314361,0c938c61ea45a9319561fad44f9aeea829c53be9d6b4b30622f7536e201327a6
wqp,wqp:CAPECRD_WQX-262,2017-02,ANFIS-F,314361,0c9775d6021ea1b84690fe5efc66034c87a2ec16ad6a4a4d11fde3baefd02bea
wqp,wqp:USGS-01201700,1987-05,ANFIS-F,314361,0c98011d986f66a78a1b02308e574c46e76c891cff9aa684c08c3d7cef8e7039
wqp,wqp:21SC60WQ_WQX-SV-363,2003-05,ANFIS-F,314361,0c9816642e6b2d76c9f0725bf3828bb5263b9f216ebca0b9f1a35709ba9358d1
wqp,wqp:21SC60WQ_WQX-S-024,2007-09,ANFIS-F,314361,0c987ceef13b7616273b1a7bb112266156431b09ee42105763026bd3f91abac4
wqp,wqp:21SC60WQ_WQX-B-327,2008-02,ANFIS-F,314361,0c98ffe7f0b1464075b799baf4d0a6409668a7d7d562ad4fd3457b6ce084e6c5
wqp,wqp:21SC60WQ_WQX-SV-363,2006-04,ANFIS-F,314361,0c99220c5d9a4112a3fc6631b47ff8b2f1d65f96fc25ca9867751d8cdc6ba89a
wqp,wqp:21FLSFWM-L004,1983-04,ANFIS-F,314361,0c9b37a16c636742c812b01a8abd0e4621651863b564a59db11d89dd1d36b538
wqp,wqp:21FLSFWM-RITAWEST,1990-07,ANFIS-F,314361,0c9b41c010e3bd3ed0868ff03f3d6d34664b59aa26efd9e7508b5d67066ddf44
wqp,wqp:21NC03WQ-NEU019P,2007-04,ANFIS-F,314361,0c9bd0b534975e63d4cfc370e30bc0b96cd8bc14b18abb8094c895cdcee8142c
wqp,wqp:21FLSFWM-OISLAND,1998-12,ANFIS-F,314361,0c9c4837e19d6152ab585bd3584974b597639e11e9b6b4e43a9d2eed91e8a827
wqp,wqp:21SC60WQ_WQX-S-310,2014-02,ANFIS-F,314361,0c9ce0415538ba9e40d68cdaa96f0dae5aecc7b43644f474d247de57177ec3a9
wqp,wqp:21FLSFWM-E02,1984-02,ANFIS-F,314361,0c9f44be2ab0357c59640825d355085f998ac18e932c23e953e972b7141bbf54
wqp,wqp:USGS-423556088365001,1988-08,ANFIS-F,314361,0c9fcfa1c4328e09be48fe34e807d0ba086127954cbe3be112ebd71b88f1187f
wqp,wqp:MNPCA-62-0055-00-102,1988-02,ANFIS-F,314361,0ca1dee2e5ec8391fa02704e6cb437a8287f008424220f60ff1e0904cd68db4b
wqp,wqp:21FLSFWM-E02,1990-10,ANFIS-F,314361,0ca24d084930d2b7405a61174846ba95dccc8f56984af3d0d771c9f243182a89
wqp,wqp:CAPECRD_WQX-290,1992-02,ANFIS-F,314361,0ca34aa24298bf81088ba9a4cd907544d74cd13908a4ec9cf3159b5aec26bae8
wqp,wqp:MNPCA-25-0001-00-225,1995-02,ANFIS-F,314361,0ca3c3d56cfe03333560636d6b899e8f4279291d7966f83ec467bf41e8b111cd
wqp,wqp:MNPCA-02-0075-01-204,1980-10,ANFIS-F,314361,0ca5ebf89738438225091d1bd04307e65346f7aa905ebf8bc92050cffaa437b4
wqp,wqp:21FLSFWM-L008,1986-07,ANFIS-F,314361,0ca6c4680d1880800d834e7d450dbadef1f770254295c5c56d32e18f1990d9b9
wqp,wqp:21SCSANT_WQX-SC-040,2017-03,ANFIS-F,314361,0cae973358baacffb7ab221fbd6baf0cdddaf9c6dfb68f81ce9602c1fc994f72
wqp,wqp:USGS-07049690,2001-08,ANFIS-F,314361,0caf8cabfae1602ef7756d1fb6dc65c9da54ffd691f4b39983aff32b139da448
wqp,wqp:21FLSFWM-LZ30,1995-08,ANFIS-F,314361,0cb10824eb66619d2fee4e3d0aa4693df6d4ab79838193992a8912fc11c2a89b
wqp,wqp:21FLSFWM-ISTK6,1996-12,ANFIS-F,314361,0cb4a94e1e3c0584dcdf83e4869c651452fea8f3cff582cf5e45f57793201547
wqp,wqp:USGS-07144790,2018-09,ANFIS-F,314361,0cb6759300605d650d40735cff097f6f662f8b0adf9da0178302d4246613ca0e
wqp,wqp:21NC03WQ-YAD152A,2011-09,ANFIS-F,314361,0cb6adadd9a92186f3fdff21c3a2f001b3cea0b032bba660eb1abc4c00f8b6aa
wqp,wqp:21DELAWQ_WQX-208211,2010-07,ANFIS-F,314361,0cba0035570870e04c7dfebf6738e696488c1f54d28fe17c7278e72338894449
wqp,wqp:21FLCOLL_WQX-LKTRAF1,2005-04,ANFIS-F,314361,0cbb3d2785be082d042fde93fbee5c59bf6bd3663f23c5361ee98d9fec11157b
wqp,wqp:21FLSWFD_WQX-23467,2010-04,ANFIS-F,314361,0cbdb75c705a285a7381121ca3f5fc90363239ef4500997d58ce3dc125815174
wqp,wqp:21SC60WQ_WQX-B-339,2008-03,ANFIS-F,314361,0cbe0db177560cfae27ad951ca0c50c74ba5fb9c30dec1f81ab5bcd43bfd07f8
wqp,wqp:21FLORAN_WQX-CC17,2005-09,ANFIS-F,314361,0cbf792f9692563ecaf409a547383c92af9fd67b21c949e0b4ad42cce60661b6
wqp,wqp:21FLSFWM-C03,1988-11,ANFIS-F,314361,0cc18fe8cab92bf591fbadfdc4b3bc58f42960ed1b2638883e3e56b5c7de876e
wqp,wqp:21FLSFWM-L004,2004-04,ANFIS-F,314361,0cc350320e6b36c2b8b8dcb4fae70bcbc51d1a1f487ecd205bd00bba0a361f0f
wqp,wqp:21AWIC-81,2005-10,ANFIS-F,314361,0cc68ea7807ca0bb450039be11784e7b3ab7585683921a291a0db4b10914d2e5
wqp,wqp:USGS-07049200,2012-05,ANFIS-F,314361,0cc7dec604f53e8783c7e6c31ce1d829455c098b83ea0206714e08fc7a3a7e1d
wqp,wqp:USGS-072632990,2006-12,ANFIS-F,314361,0cc7f20dee286f3c5c3942d76cd4b73f7b50bd440d71531d2b1a2397257150cf
wqp,wqp:21FLSFWM-TIN13700,2008-09,ANFIS-F,314361,0cca1f35be05b6b232dd1c54153e3e758696d5fa3bde65d58a74169028833922
wqp,wqp:21FLSWFD_WQX-23624,2008-03,ANFIS-F,314361,0cca2a4a5a34c01afb71f5b327f50acf1930d3e04183eb370a0b253a34598e3d
wqp,wqp:21FLSFWM-B02,1988-04,ANFIS-F,314361,0ccb76e0b8f401ad456a8094d1058759989bc344cec505735ec71506f3d7292c
wqp,wqp:21SCSANT_WQX-SC-014,2018-12,ANFIS-F,314361,0ccc3147d2516eab8549f90a8677ce8ac4e0c2ae1d5147b68273b23b6a152900
wqp,wqp:21FLORAN_WQX-BC11,2011-10,ANFIS-F,314361,0ccfe0b0f699434b6ee018a896b1cc7c5a626c5e5cb5905abb257f5e9a3f65e8
wqp,wqp:MWRD_WQX-BARR3P,2013-01,ANFIS-F,314361,0cd2748193f5122cb8ef9169365f97868fc69310c58e89b02a7e8e9a2f02437b
wqp,wqp:21FLSFWM-KBAROUT,1995-04,ANFIS-F,314361,0cd362a8f45b1de908d6f306ebe3e3a93e9ae40756baa36cde7adae82a1b5182
wqp,wqp:21SC60WQ_WQX-SV-236,2010-11,ANFIS-F,314361,0cd74c67408ca0657cbd1525b208bf9a65a96a08a1c943dceebca7592178ad90
wqp,wqp:21SC60WQ_WQX-CSTL-075,2006-12,ANFIS-F,314361,0cd7c1318accd9f1a05caf9d95f5b61feb770afee2b0946d9d3b13cd7a74ab7d
wqp,wqp:21FLSFWM-POLESIN,1996-01,ANFIS-F,314361,0cd89a43513e7e2d0caf150f9c651582e4bd944931de33e08d87e3336021ffbf
wqp,wqp:21SC60WQ_WQX-SV-339,2003-08,ANFIS-F,314361,0cd8a72697a611510f5f0e65049a5ae7471caf97c840ef7f0a6e8fbb8a823039
wqp,wqp:MNPCA-62-0013-00-201,2006-06,ANFIS-F,314361,0cd9b7fcf3d7b66101d8c4b5131eea0cde758f8a90ac791396a0780c21438173
wqp,wqp:21NC03WQ-CPF055D,2013-10,ANFIS-F,314361,0cdca2039edc61fbd7ec9ebebefdcac65e901c6268e1f73bad5a33c520b08e65
wqp,wqp:21DELAWQ_WQX-307171,2000-03,ANFIS-F,314361,0cdcef20dba8eaf3f53ca278ee10969263567cf055b3619a24be913471c6906e
wqp,wqp:21FLSFWM-POLESOUT,2000-02,ANFIS-F,314361,0cdd98db8eb4b364530e243fb0a367d746279665c864bdb4b3d7722f2864ad87
wqp,wqp:21FLSWFD_WQX-23631,2015-03,ANFIS-F,314361,0cdddad5382cda7c448485e1c143b886003e02432eef65819ff6c4d055ec54a8
wqp,wqp:21FLSFWM-L004,1982-09,ANFIS-F,314361,0ce33a829678aad07b7ff9de4edbd13bb36bccd20c1f5f3c6943b7843ec5736d
wqp,wqp:MNPCA-62-0007-00-203,1985-06,ANFIS-F,314361,0ce423f8c72382d6836b13ed1f6a238a56dbc00a1fd8bcf87c755e927d97483c
wqp,wqp:21FLSFWM-B06,1984-01,ANFIS-F,314361,0ce4eb2f3e2007c0739a51ae1f69f2e9ac30d0c59eef2281bd0f151634833ae8
wqp,wqp:MNPCA-02-0075-01-204,1986-06,ANFIS-F,314361,0ce58599b03525cc56c6fd04e9268f69981c9de0c0ba7c2c41c370c586bfb564
wqp,wqp:21SCSANT_WQX-SC-005,2016-09,ANFIS-F,314361,0ce5b1c22eb2523f622cd1fbf0602b3f25db3181cef83e9e08e151e32aecf3dd
wqp,wqp:21SC60WQ_WQX-S-222,2016-12,ANFIS-F,314361,0ce5fbd45141808bd3f38d722596789c82883f87963496480b53e4939ded1f9d
wqp,wqp:21FLVEMD_WQX-SJ17,2014-04,ANFIS-F,314361,0ce61f29192cd146c547ef8e2de3ea0cc69185e25bac376f9b121236078afbf5
wqp,wqp:CAPECRD_WQX-280,1991-12,ANFIS-F,314361,0ce7493da9f4cd8d45bc8d716bc5a885494f98e922e67977c34cf2e0d7c802b3
wqp,wqp:21GAEPD_WQX-LK_12_4048,2010-02,ANFIS-F,314361,0ce763366202605915d071e6b99fc54df55946a401f93236e1199279781727e5
wqp,wqp:21FLSFWM-PLN1OUT,1993-07,ANFIS-F,314361,0ce8deb6a26d24c88d65f4ed854f6c36acfb0f4b1ecba110047922ddd464c011
wqp,wqp:21FLSFWM-TINOUT,1993-04,ANFIS-F,314361,0ce938d92f8777113277b57a9c14b66df15d3a8aa9b02db5a993f5bea2bb5cb2
wqp,wqp:21SC60WQ_WQX-CW-207,1999-01,ANFIS-F,314361,0ceb5276dd97ae716484ecb37f0ef979851716ab366b7b12d6e446eb1126f9ff
wqp,wqp:21FLSFWM-CLV10A,2009-02,ANFIS-F,314361,0ced7aa3ebc14b5c426b1a80606068bfbbce7736796e9c8facffe7631594df67
wqp,wqp:21FLSFWM-ISTK2,1988-03,ANFIS-F,314361,0cf0ac09dab30f5b7a71c6f146750b75111811b991121a165e1801e8567d7775
wqp,wqp:USGS-0690367690,1992-05,ANFIS-F,314361,0cf2d3d66417c8e24386d2ee11faacf30c087292ce42e52ce1d5d20ebe8c02f0
wqp,wqp:21FLORAN_WQX-BC14N,2005-02,ANFIS-F,314361,0cf7b7426dc71c20f07c917cf4e3fc886b588703de2157096540c0dfe95f07bb
wqp,wqp:21FLSFWM-KISSR0.0,1987-02,ANFIS-F,314361,0cf9448a3710daf6cd019e1066ee4d0b111d584aa4abbd6f216126ae1dd4c36d
wqp,wqp:21FLSFWM-ISTK1,2007-05,ANFIS-F,314361,0cfb7bf07e67da12d194fe5a219387a6f1567de7c7587a7ffa77ac478db5da3e
wqp,wqp:21FLORAN_WQX-BC11,2007-06,ANFIS-F,314361,0cfc0bc26a0a3ec18c0284ddcf35abd5990fdc96b7590770915d5cfbe908be02
wqp,wqp:USGS-07048910,2011-09,ANFIS-F,314361,0cfcb6b19342d61c59ac76ed6099e6add98560588816331598bfc65e8a7a782f
wqp,wqp:21FLSWFD_WQX-23641,2016-09,ANFIS-F,314361,0cfd239ec6184939c0f1592384a9f33b5afbee275f7b04e0947b3be855e954cd
wqp,wqp:21NC03WQ-CPF087D,2018-04,ANFIS-F,314361,0cfe4a6d9aaf7efee66dabda311f33dce0b980cb2371ebf0c7512cdd603350ea
wqp,wqp:21FLSFWM-L004,1991-07,ANFIS-F,314361,0cffcae153097f984490411ee292c90b7c2b8246dc7815fece84bccd6bdd2d67
wqp,wqp:21FLSFWM-POLE3S,2003-11,ANFIS-F,314361,0d009632015c872dd2dfb27b596050ab998bfb49b05e89cdec05f6dee79acbf4
wqp,wqp:MNPCA-25-0001-00-247,1995-06,ANFIS-F,314361,0d0231bb9e03de051ae977f40eecf13b5c9bd51e907b450bd771a664bf15ce6c
wqp,wqp:21FLCOLL_WQX-LKTRAF1,2008-06,ANFIS-F,314361,0d024f2fdc20a0caec059634177b0d5664f841ffccf080ac68af55831e09e2eb
wqp,wqp:21SC60WQ_WQX-CSTL-075,2001-11,ANFIS-F,314361,0d0331c6ce0ca7eb1e5ff689ff6967133df1f17519405e0f90e1e13cbe50f8cb
wqp,wqp:21DELAWQ_WQX-307011,2018-06,ANFIS-F,314361,0d03cb7acdeffa0b7b8cb51c1788a99ec162e22e477b0f70aa4afe1373bdbeba
wqp,wqp:21SC60WQ_WQX-SV-340,2000-11,ANFIS-F,314361,0d03f5bb1cfcbd04df5f79d99b0fb3ea0c0b091f570ba3ce86b3ca17742f1b1f
wqp,wqp:21FLORAN_WQX-CC11,2018-10,ANFIS-F,314361,0d044f2566720112eef52c19496e0b8f87bae5f776904b5333cdece6721890b0
wqp,wqp:CAPECRD_WQX-262,2010-10,ANFIS-F,314361,0d04ba66bbbb5515dfb16ba547c4e32d67d1562228bf1e80f75d8442cd322513
wqp,wqp:21FLSFWM-LZ30,1992-09,ANFIS-F,314361,0d04f0f957aed1c2c70055fdaaa575a0528a8e11df0ef120c15c846b7401144f
wqp,wqp:MNPCA-62-0013-00-201,1994-05,ANFIS-F,314361,0d05628bdc9c516c388464660dedc76fc450e60281e4b2592a38413d79471660
wqp,wqp:USGS-07144790,2014-03,ANFIS-F,314361,0d075ede30dccc86f2a228f2c2e26982f9d735a8dd69d66aae7676b122b1d5bb
wqp,wqp:MNPCA-62-0007-00-203,2003-07,ANFIS-F,314361,0d076e42a269625056ce8e5c27a216c2cff6092470b6d25670c9419b368e8685
wqp,wqp:21DELAWQ_WQX-205181,1999-11,ANFIS-F,314361,0d08345ecbacafa5508b02cda482f44c6d70c903161842f5f4b6bda9d09d6d84
wqp,wqp:21FLCOLL_WQX-LKTRAF4,1998-02,ANFIS-F,314361,0d0d322f8b75839d5f23a76cb5f4872ca8df1813cc03423868a9b202e604ae18
wqp,wqp:21FLSFWM-B01,1982-07,ANFIS-F,314361,0d0d86f3a11507c12e70dfb98914049d967482d8be0fba58d51edbeb94b73d0a
wqp,wqp:21VASWCB-5ASRN000.66,2007-11,ANFIS-F,314361,0d10d55a9faca20dc7f26a3da56a24631b5ae84af08b2e939e68896def3f76c8
wqp,wqp:21FLSFWM-D02,1985-06,ANFIS-F,314361,0d1240e4061aa30ffce11267c581d996d31845abbd65caf93bb68b49f3449642
wqp,wqp:21GAEPD_WQX-LK_12_4048,2016-07,ANFIS-F,314361,0d12d9bd72e708f15bcd6d6455c431ac97ee05bb2b09270e7dc97012ccdae678
wqp,wqp:21SC60WQ_WQX-CW-231,2003-09,ANFIS-F,314361,0d15b3cbbef3a7336390a2fc93c4f71995f044b18bda8b7a3c438725b503233b
wqp,wqp:21SC60WQ_WQX-SV-200,2006-07,ANFIS-F,314361,0d162becdc0591636389b2c4a755cdd7e4dda903a147ae82c039d5fba16cb3ff
wqp,wqp:USGS-01201700,1975-05,ANFIS-F,314361,0d166672e0ca81d419c62030108d77844b3be3ea216b677f77404508519cc6f1
wqp,wqp:21FLSFWM-KBAROUT,1987-09,ANFIS-F,314361,0d17897ca058e64d055a7f8c9ca8e9dafb8882a144099af878ca8fb0f8693125
wqp,wqp:MNPCA-62-0054-00-101,1989-08,ANFIS-F,314361,0d1a51880d0efe08e12298f5f5cedc7beff8fbd66c3c9afeb98f2fb4d3000567
wqp,wqp:21NC03WQ-NEU020D,2012-01,ANFIS-F,314361,0d1b6011c83bb39741961eb266c80cd1c0c6c8b46921cafd1678460d65c9dcad
wqp,wqp:21DELAWQ_WQX-208211,2008-01,ANFIS-F,314361,0d1bb68292a27e1ed35e8fb998831aafe58a2c3b3255a738c7f07636fcb3de9e
wqp,wqp:21DELAWQ_WQX-307011,2011-06,ANFIS-F,314361,0d1d0b7d041f6d705e75aec3ef4e0bb4aa48f326624b6e272153248e4bfe721c
wqp,wqp:21FLSFWM-E04,2003-07,ANFIS-F,314361,0d1de9ea4f75bcb8cef6b496fd100e8b4499d02c3e4b73fde5ee83c08949ba73
wqp,wqp:21NC03WQ-CPF086F,2012-07,ANFIS-F,314361,0d1ee9f5d9717ac395ea8273bfd951c0665d7b2b0d1b79d94deb01c52f96ab8d
wqp,wqp:21NC03WQ-CPF055D,2018-04,ANFIS-F,314361,0d224d81808f440edca06e6ba8bf6c534bde171401e9e9d0762e9716d514bd2f
wqp,wqp:21FLSFWM-L008,2007-11,ANFIS-F,314361,0d24da379c01f6f4ca8d273275c5e67e8829b19bb989edc6890efa8ba73294b3
wqp,wqp:CAPECRD_WQX-262,1994-12,ANFIS-F,314361,0d2526db7b00a3033d372d871b9169876b3067637911dff839e79968783091e1
wqp,wqp:21FLSFWM-ISTK1,1991-06,ANFIS-F,314361,0d25cc4e8a6c3636ec517be41f3863d5dcd60ec61513e8ec4922271a60910563
wqp,wqp:21FLSFWM-A03,2008-03,ANFIS-F,314361,0d2a44241f4f5d4778090913f27ced4512a7da03ea1d4dc56ff3f1c4a1c2412f
wqp,wqp:21SC60WQ_WQX-SV-339,2016-03,ANFIS-F,314361,0d2df36c4f17d39d05f0dd9060251ee0c082e53490ac583bf16e52a9a6fde981
wqp,wqp:21SC60WQ_WQX-CW-197,1999-02,ANFIS-F,314361,0d30159a2467069b7c507247d0d64a232d119805938d131c0aecd059f45bdfdb
wqp,wqp:21FLSFWM-LZ42N,2006-01,ANFIS-F,314361,0d310d091eb98a2b181e2a3475d01802fe5dd357f7057dda10eb8a9a9127127c
wqp,wqp:CAPECRD_WQX-290,1997-01,ANFIS-F,314361,0d3208f36c8462bf9fc777252900daa25e6e96cc52e1f35cfc6931ad1a12e3fd
wqp,wqp:21FLSFWM-L008,1994-10,ANFIS-F,314361,0d32c6efa5ab2dd194f44edbfec6d6e5f03f381bdb778432c500a16a05aeaa7f
wqp,wqp:21FLSFWM-KBARMID,1997-04,ANFIS-F,314361,0d330f8dab8ee63c304908d94356e7e6bbe1319b8056274da2c9329f9938219b
wqp,wqp:21FLSFWM-ISTK7,1992-07,ANFIS-F,314361,0d3766c8c68dd88e6dab71279501d9682a9f46b81700988e4dc0207a2d7cbe1d
wqp,wqp:21NC03WQ-NEU019L,2005-03,ANFIS-F,314361,0d39510ff57433a3726f9c57532d9524f307ff0c90298dc35bd8b8747327df07
wqp,wqp:21FLSFWM-L001,1995-10,ANFIS-F,314361,0d3a4a34e4ce7915bf2b669dd4c116939c6cc8f9fc72caa8412532835eb802f2
wqp,wqp:21SC60WQ_WQX-PD-327,2004-07,ANFIS-F,314361,0d3b727e0fabfc1fe7ee3e6f1f3703c795bc280640347f087aff88188bb18873
wqp,wqp:KAWNATON_WQX-KN-KL-003,2015-10,ANFIS-F,314361,0d3fb0651c6b0d13b76216aedf4a46bb51b170147fb8b31117f8b17449bcced1
wqp,wqp:MNPCA-10-0042-00-401,2006-10,ANFIS-F,314361,0d414c07353043348a6d3be69421e71a3b3822776e201a42d537f5b05af7f6f1
wqp,wqp:21NC03WQ-CPF055D,2010-10,ANFIS-F,314361,0d438afd0822208098430dae47abb8939e6ec6f10c7916ec8176d7e0ac983734
wqp,wqp:MNPCA-10-0048-00-201,2003-04,ANFIS-F,314361,0d43e511fe0e434dec4af9783a89e9880b93a5b31f385e8852c0958f0ce7a2f7
wqp,wqp:MWRD_WQX-BARR3P,2007-07,ANFIS-F,314361,0d442a9181fc0df3a156072d372df7f24cc12c47e9a7e2c8d408e386b09b8483
wqp,wqp:21FLSFWM-C02,1985-04,ANFIS-F,314361,0d445544d070b9fd18fcbabae125de243c89454a2186aed1b698fdba7b5a97ec
wqp,wqp:21SC60WQ_WQX-B-327,2002-08,ANFIS-F,314361,0d463a2662e44ce70557afb7869f8071039c415219c5740250f175fea755750a
wqp,wqp:21FLSFWM-PLN4OUT,1989-02,ANFIS-F,314361,0d471fb52022a3c16f96c10df056bfddc2b020893534e4b6b17d9c7b838f19b2
wqp,wqp:21SC60WQ_WQX-SV-335,2005-10,ANFIS-F,314361,0d4772f6ecfcd6c28af8c4fb70af23cc2ae09ae1e46b972a9f82582e6b4974e7
wqp,wqp:21FLSFWM-LZ30,1987-04,ANFIS-F,314361,0d499f4c7667d9063c3d4325a7cc6f3e8c110b198f6a43701070f4e0c069ac9b
wqp,wqp:21DELAWQ_WQX-108111,2005-08,ANFIS-F,314361,0d4c7b0adbf7c976eaab382e2812b70c25199ac1f2fe8f77feb3a45e480b125c
wqp,wqp:21FLSFWM-L003,1999-03,ANFIS-F,314361,0d505b9d6a55fa9a3f7503966904188c1c0f9244f436066f1e6a32d72fd3cd04
wqp,wqp:21FLSFWM-TREEIN,1993-09,ANFIS-F,314361,0d53b4b811d63de27afd0364b1feab9390e7f27ae6a619031ea729c18d423514
wqp,wqp:21SC60WQ_WQX-SV-339,2012-11,ANFIS-F,314361,0d5702d264b47018fea6b8bbf6d0471476c65e3e26d5837bf7db4fbb02df9813
wqp,wqp:USGS-07049200,1988-05,ANFIS-F,314361,0d572f9f6192d985f2a8a5a8b8eb884e443101dcadcde5170e11029578fdf569
wqp,wqp:LAKELAND_WQX-LH29,2009-02,ANFIS-F,314361,0d578476ec3544199881e4afea24e53fabd0a3c675dbc4e0c45dfad2e9036ffc
wqp,wqp:21NC03WQ-NEU018E,2000-08,ANFIS-F,314361,0d57c9352b2cfea805d9f40a8379ba346df45d0ef3e35964ce32f116bfa8b9e6
wqp,wqp:21FLSFWM-L004,2000-03,ANFIS-F,314361,0d5824064bd55822cc1ff93d107aee0b7aadeef216f6b1cacf49c6f9951fa6c6
wqp,wqp:21SC60WQ_WQX-B-327,2010-11,ANFIS-F,314361,0d5af5bcce491f70594fcad19b1325d0b9eb1f4f8429429874b4bb8ac80b3205
wqp,wqp:21FLSFWM-E02,1983-08,ANFIS-F,314361,0d5eaa0d053851466706996dd80725b3bad2fbe278a3bb3c9769b6970b562aff
wqp,wqp:CAPECRD_WQX-290,2006-04,ANFIS-F,314361,0d5fb6ea39ace28623ab10c64727f678183d99d5c5263c6a9bb491ab4ae3acf3
wqp,wqp:MNPCA-10-0007-00-201,2014-07,ANFIS-F,314361,0d6cd528282fbc23c635f4fe8ce7ed0ba0784e1f460d6984f5d387e5cda81155
wqp,wqp:21SC60WQ_WQX-CW-231,2009-05,ANFIS-F,314361,0d6e62f0bda21e8582f37f83f78994d5d4ec67e5f4b0917adf09f47d415f4f66
wqp,wqp:21SC60WQ_WQX-SV-357,2011-09,ANFIS-F,314361,0d6f625d897c4d9d0756e065608fbfea1752a5474e62000ff859ee47a245209e
wqp,wqp:21FLCBA_WQX-WAL-GRAYTON-1,2017-08,ANFIS-F,314361,0d7046ca8ad57619130a2a2868088d83270e096d563cc8021b233649e02168ed
wqp,wqp:21FLSFWM-RITAWEST,1998-10,ANFIS-F,314361,0d7360c7746a017a5d7f49040a93871d291ba7ea7c2a763006ef6ac55df85fc3
wqp,wqp:MNPCA-86-0284-00-100,1982-07,ANFIS-F,314361,0d74b26b6586d2eff68f7ea536e48e823ac8156ae89cdfe03cd0d5a17aa608bb
wqp,wqp:21FLLCPC_WQX-GREENWSH,2011-04,ANFIS-F,314361,0d753c5e4c22616b402af89fd04d33ac3e47db5fc2c21c3c62bafec5a992b3d3
wqp,wqp:LAKELAND_WQX-LH8,2010-06,ANFIS-F,314361,0d763231f5e7d1eca2cae13838070d9c6da006759e4d3ba1d9504f68a874abc5
wqp,wqp:MNPCA-86-0281-00-201,1994-07,ANFIS-F,314361,0d767d1530d26780dea6de9bd6b76c7d6474e3026b9719ba217004f642769c1a
wqp,wqp:21FLSFWM-MH16000,2005-08,ANFIS-F,314361,0d76e76b2f0f03d7e66d0d8022dd5d9cf12ad20b1719f4ba9dfda285067952b3
wqp,wqp:21AWIC-23,1992-01,ANFIS-F,314361,0d79b1a239397502805d43f62360a4fff4ff07cb397e53cf1759b80c35f7304f
wqp,wqp:21SC60WQ_WQX-S-022,2013-04,ANFIS-F,314361,0d79c121aacdeaee8b6f2a551fe959c15b5e3d1d9af7d1738b1b57ca8e289d1f
wqp,wqp:21FLSFWM-PLN3OUT,1989-03,ANFIS-F,314361,0d79cb0bf4a4bf34085f20abe4a8a44c93a1c28d2fcdc766fc64b3905ca17d6b
wqp,wqp:21FLSFWM-FEBIN,2004-04,ANFIS-F,314361,0d79fa4d359e01b7608b0a29be626c1431fb87aa4c82949c3b39e0925ddcc447
wqp,wqp:21NC03WQ-CPF087D,2012-05,ANFIS-F,314361,0d7f07d6458f2ff5425319acac42dd18647f76f08a36c371be80faed7f33cf68
wqp,wqp:21FLCBA_WQX-WAL-GRAYTON-1,2018-05,ANFIS-F,314361,0d8633c68d8e4aa35f94970f4dbdc61c9760093edfeab0b557671d8035ae1825
wqp,wqp:21FLSFWM-PLN2IN,1995-02,ANFIS-F,314361,0d89ca214dd0c9ed2df21d14a5eb457253de28bcbecf3f62dead2fc586f9dead
wqp,wqp:21FLSFWM-ISTK4,1999-05,ANFIS-F,314361,0d8f4674406db611de4624070ab75e57d4ea10c66abadd0282fc304f70b07636
wqp,wqp:21FLSFWM-D02,1983-11,ANFIS-F,314361,0d8f701dc749abcc24a19d64359d13534796749f5de96db4cac5389f10d5367c
wqp,wqp:21FLORAN_WQX-BC14S,2006-10,ANFIS-F,314361,0d8f8f9dc344ec2eeb76deb825f932eaab9739d71ad04559ca7506fe269c8e1f
wqp,wqp:21SCSANT_WQX-SC-040,2016-07,ANFIS-F,314361,0d9119478aad5e3a6775ef1e28a44c9da0b46e6b8577489fdb2f1ae6e21a5a0c
wqp,wqp:MNPCA-10-0048-00-201,2018-07,ANFIS-F,314361,0d94004f3e92353aadef7afdc39f64c05e8c90c6c71ac824eb1e00549c8c0080
wqp,wqp:21FLSWFD_WQX-23479,2010-04,ANFIS-F,314361,0d96fc056b85ee3e6e5f4a8b63857dafb6ca8a07fbe5fb853f53dcc8ad5168ed
wqp,wqp:21FLSWFD_WQX-23477,2006-10,ANFIS-F,314361,0d97f658e1d8327be041054ab40852862ef7fb64d094447616d478983440485a
wqp,wqp:21FLCBA_WQX-WAL-FULLER-1,2017-11,ANFIS-F,314361,0d98f6080e61285d3e738cbff678032e2e80e978ea8f5ee89c1855c29cd5f971
wqp,wqp:USGS-01657622,1974-12,ANFIS-F,314361,0d9987d28878fa1dc1ab72b26058e96fdb6e73dfd51f4dbe6de1148547fb6eb1
wqp,wqp:21FLSFWM-C02,1984-11,ANFIS-F,314361,0d99dedcfc16205d1d4b8fb09df974c92d3a779497b17e1998e73a15778a635d
wqp,wqp:21NC03WQ-CPF08801A,2005-08,ANFIS-F,314361,0d9a4127952adbf0df76cf770347bc86ba3b1cff6c65f39618e23073b271c1ef
wqp,wqp:21FLSFWM-E04,2004-02,ANFIS-F,314361,0d9e1d29d99c75e3f4a185033f661ac00a5b7634ec6e188f53f5f347c4bca6b5
wqp,wqp:MNPCA-62-0013-00-201,1984-08,ANFIS-F,314361,0da182133bc0283dac5946a4c3217453d26ffea3f3a04128917626edaba327c2
wqp,wqp:21SC60WQ_WQX-B-345,2010-12,ANFIS-F,314361,0da1a2ee1d5237cfb7b148735038774ad4e8e7aa228ee27b290e6f80992baee0
wqp,wqp:21FLSFWM-L006,1986-09,ANFIS-F,314361,0da263d9ecdb7b21a30123286b9df0070876e2d668cfc9240fc64bb25569969f
wqp,wqp:21FLSFWM-TIN16100,2003-08,ANFIS-F,314361,0da2d829a2a17d2e9872dafd5808d9a28c0f3c1e4ec263712c7a5af4570d8681
wqp,wqp:MNPCA-02-0075-01-204,1981-09,ANFIS-F,314361,0da633fbbe71335693a3484e087c6351c171670d4de13a7dbb78e02112f384a8
wqp,wqp:MNPCA-86-0252-02-207,1984-05,ANFIS-F,314361,0da76889ed154ae7c0bce550461bcb90bcc264cecfc28cfcc99d344802adcd8b
wqp,wqp:21DELAWQ_WQX-208181,2018-06,ANFIS-F,314361,0daa9af8a4827b5ce1bb89fc917395e4042c985f2d7505b3756048aba3a71506
wqp,wqp:21NC03WQ-NEU018E,2017-10,ANFIS-F,314361,0dabd6d758f7922a8e7db81ba682278f83a350a01b205e5de6779f5fd9264b56
wqp,wqp:21SC60WQ_WQX-SV-338,2006-10,ANFIS-F,314361,0dadc80317daf8c7afcf5b0eacc80680915a2cdb9bca9b0005a39aa8da15c5c8
wqp,wqp:21FLHILL_WQX-135,2000-08,ANFIS-F,314361,0dae5f9fe4ac44e635d3c64549e00dfe247260e1b35753a64a930a3d2212d940
wqp,wqp:USGS-423556088365001,1995-08,ANFIS-F,314361,0db125af5d7a77e0ec60ab62c281e7b3e63b29287ba67099fd1e652c81693417
wqp,wqp:USGS-072632990,2007-06,ANFIS-F,314361,0db3113015d505d7bc9bf5819e898b46e5bcf9897f03f46eb329e1edee08f5ac
wqp,wqp:21SC60WQ_WQX-B-339,2014-12,ANFIS-F,314361,0db58faf9618f80ade9ab2c97c99dbc55a90efbfdeb0a6d9bbd824e775cd6b96
wqp,wqp:21FLSFWM-L004,2004-01,ANFIS-F,314361,0db81792b0359f46677b47fde654335659a10dff90a41ce0d6cc6db38c87ff6d
wqp,wqp:21NC03WQ-CPF086F,2011-02,ANFIS-F,314361,0db867635c8dda4b2fac53e9a1bd1f3f5425ccc1d3aa261a93127cc21c24e366
wqp,wqp:21FLSFWM-C03,1988-12,ANFIS-F,314361,0db9abb081f53b8090ffe9018516c578d0fa912add3c685c436a592ad70f7a1c
wqp,wqp:USGS-072632990,2009-04,ANFIS-F,314361,0dba6a3dc1b960f54fa11079922bea64234a5940b8bfcad23ae99052ae8b78a0
wqp,wqp:21GAEPD_WQX-LK_12_4048,2013-05,ANFIS-F,314361,0dbb5717b6af17213cdd2e80be9289bbb306ed049821b6adfc7ae91068392b06
wqp,wqp:21DELAWQ_WQX-108111,2007-07,ANFIS-F,314361,0dbbc8f21321af24c5d3492699122d720bc01b28267b73ccd50db54b19293e54
wqp,wqp:21NC03WQ-NEU019E,2016-08,ANFIS-F,314361,0dbd0e4ce5a1471afbd6562e510ed4a7d379757bd6b770c826060fef15b420f5
wqp,wqp:21DELAWQ_WQX-110011,2010-06,ANFIS-F,314361,0dbe05eec09eb453e7df4de80566f5b8b7e7900756c4d2991cb05f5bbcb2822b
wqp,wqp:21NC03WQ-CPF081A1C,2007-07,ANFIS-F,314361,0dbf19e37bea0e595bb0bbd011abe8e12aefe487f953a27b2f8f61b459bd38af
wqp,wqp:21FLSWFD_WQX-23477,2016-09,ANFIS-F,314361,0dc811a89baddae1ff7701f9007ea405fa4a4823a0d8c20bed4a69ba14338564
wqp,wqp:21FLSFWM-KISSR0.0,2002-11,ANFIS-F,314361,0dc97e1ec710d655f5001d69953fc91edb3f4ac1f0fe35c2ae2a60ace8484345
wqp,wqp:21FLSWFD_WQX-23624,2008-11,ANFIS-F,314361,0dcb10f158784ecbc2ecd96971958f4ddefa6a88605b685af18092347acfa2b5
wqp,wqp:21FLORAN_WQX-BC9,2008-08,ANFIS-F,314361,0dcc17cd77fcbe4f09d867de23d62af9a61f0e8b594cde781c3e63994f84c520
wqp,wqp:21FLORAN_WQX-CC4,2013-06,ANFIS-F,314361,0dce174fa0eabb2405067ba12e9b4530a5fe55556575cfde6d71f48c38e6d408
wqp,wqp:21FLSFWM-MH32000,2005-03,ANFIS-F,314361,0dd24524bf201df5fbb1ef387f56d02943b9b1f7f343fb40ef9dc49ae653189c
wqp,wqp:21SC60WQ_WQX-SV-357,2017-08,ANFIS-F,314361,0dd466c09014db9924144d69ea34141f701e6c365264f1d7c10af5049630ac09
wqp,wqp:21FLSFWM-L001,2006-04,ANFIS-F,314361,0dda0af40a02c14b84a680303f14480c62afb4d9459be447f2d0e51be8408495
wqp,wqp:21SC60WQ_WQX-S-308,2002-05,ANFIS-F,314361,0ddcacaf0d7d97f87d393d5e8ce63d1349ee9852122836b2bc427c6c02c0680a
wqp,wqp:21FLSFWM-L006,1978-03,ANFIS-F,314361,0de022e8937875c281b52edc99bef8547648d714e984f6453bc4538ef87ad581
wqp,wqp:21FLSFWM-PELMID,2006-04,ANFIS-F,314361,0de0daae60b8b9d41000faf92e9663661d243d3846f60c4ac98f751f224a41a0
wqp,wqp:21SC60WQ_WQX-S-223,2000-04,ANFIS-F,314361,0de1371d7b48970d7bb8cf18b0d1b59f47c1bff0cafea9925183b237bd987062
wqp,wqp:21FLSFWM-LZ42,2004-03,ANFIS-F,314361,0de7995bb07fbeeb057eb918e59cea3c4bdf21311791d61522ec64f6440e8708
wqp,wqp:21SC60WQ_WQX-CW-174,2007-10,ANFIS-F,314361,0deb63d7171c11a8ef2f6a05e073d23ad87801e8669a9308862156e6e72898d6
wqp,wqp:MNPCA-47-0042-00-201,1981-07,ANFIS-F,314361,0deba314d556ba734b3998656b7ffbac4dece087cf7b443a3d13286a67638c15
wqp,wqp:21FLSFWM-C03,1985-05,ANFIS-F,314361,0debc87ef95e9e1b6da24de506ce71632d1092a24f1d973a55210875e921f58f
wqp,wqp:21FLSFWM-LZ42N,2005-02,ANFIS-F,314361,0dee57db0cf62685a1879823a86057ff18f9b074a4ff7a2aee5bac55e7b42864
wqp,wqp:USGS-0690367690,1992-11,ANFIS-F,314361,0df0465272eb58e047efe350df4c7b04a504b44b4f1686a533011639d0228b5c
wqp,wqp:21FLSFWM-L004,1980-05,ANFIS-F,314361,0df21aaa98d0f41211b0cdf866cb4ada29f445c54b9f5266743d90af586e8cac
wqp,wqp:21FLSFWM-C03,2000-05,ANFIS-F,314361,0df2608afcfd4659f74041b152dfa4afcc2588948b4da216b3289d5c480dae95
wqp,wqp:USGS-0690367690,1993-11,ANFIS-F,314361,0df4f1a1fe5f74f1514d9060d3bcc605ec545b297547fe80b837918ca55f5dbd
wqp,wqp:21SC60WQ_WQX-S-311,2016-08,ANFIS-F,314361,0df7784b8d64ada0d21fb46a869e29a4f5402685a9c14bbbd0cc8308d150d5fd
wqp,wqp:21SC60WQ_WQX-SV-363,2002-02,ANFIS-F,314361,0df8739ddb92c5277102faee4c8f66216f16b17e039b39522effcd4bbc735db6
wqp,wqp:21FLSFWM-L001,2006-08,ANFIS-F,314361,0dfa6a10d8c89c1c57d7c24d82bcdb23c6941d063dc93a2a71a0cc3b75f2fb26
wqp,wqp:21FLSFWM-L003,1980-09,ANFIS-F,314361,0dfb16c516c05519967e020cace7ea902c61f86e1ac8963d300a440dbfa7eb78
wqp,wqp:21SC60WQ_WQX-SV-268,2003-07,ANFIS-F,314361,0dfb337181fac7bf746a6a9f3d1c1218fd32480bf91b209e11de5566e9e3ae7b
wqp,wqp:MNPCA-86-0281-00-201,1983-08,ANFIS-F,314361,0dfb604be6513ec90c1d5e5e914c8edcc05e271738477b8fbedadae335ac7f04
wqp,wqp:21FLSFWM-ISTK7,1990-01,ANFIS-F,314361,0dfe5742749a2caef9a2c7ca51f78da73c2dfbd14864972a2d8f12c82705606f
wqp,wqp:21DELAWQ_WQX-109131,2010-08,ANFIS-F,314361,0dff2ea99c4fb936b180434a7d692b0dcca1abe9aed5063d09255c30135546e8
wqp,wqp:21FLSFWM-STAKEOUT,2007-03,ANFIS-F,314361,0e020a87fcd2d23ae1dc6c21874867c9a5ebd1a5f43f109a7cad2e71459c70f3
wqp,wqp:21SC60WQ_WQX-CL-019,2004-12,ANFIS-F,314361,0e0340f03237673c7ad60daa560fbafea44fb3064820898613a2a49c80306e20
wqp,wqp:MWRD_WQX-BARR3P,2016-12,ANFIS-F,314361,0e0412eb14091072691150194e1dcb336d6c0d5409a3565c8d3ed20b657879e8
wqp,wqp:21DELAWQ_WQX-109191,2007-10,ANFIS-F,314361,0e054e0815bd5db2a56f443943e80e183e77052490f39c03d592f4d0884f4652
wqp,wqp:21DELAWQ_WQX-308071,2008-11,ANFIS-F,314361,0e08170dccde7846a9f57cedbaee4c1ca07b3bebe4e7080c4c8c19b654ae800a
wqp,wqp:21FLSFWM-L004,2008-10,ANFIS-F,314361,0e08859f59e010f8af07cd5a8557aaaadf5d1707efa6862f66e717f98b5f13b7
wqp,wqp:CAPECRD_WQX-280,1998-08,ANFIS-F,314361,0e08bc2720c1293aeeb30c6a827f82f0b7a6f8c285e8e7c9f156289517ab8bbc
wqp,wqp:21SC60WQ_WQX-S-310,2006-11,ANFIS-F,314361,0e0a355fceaa89608ae41233a0c7fbec2242fe649d659a7c0975aaddfb1eec4b
wqp,wqp:MNPCA-62-0007-00-203,1985-07,ANFIS-F,314361,0e0a9c15080b4192a8049911763c79cc85be6357293ddbd8dfba71c8db453974
wqp,wqp:21NC03WQ-NEU019P,2012-12,ANFIS-F,314361,0e0aba3573594490e882b39a18d1dc8435400d9fcd09639c2effc06832b227e4
wqp,wqp:21FLCOLL_WQX-LKTRAF1,2018-07,ANFIS-F,314361,0e0b30067b24b0ec545bd06276315b4179508cb26a1be64b688be3622341795e
wqp,wqp:USGS-423556088365001,1998-05,ANFIS-F,314361,0e0b8e54ab2b4571a36ffc1eebeeeb3615635b39396daba2a6b7db6841aaa0ea
wqp,wqp:21NC03WQ-NEU019L,2014-05,ANFIS-F,314361,0e0c6bdee32e05f22e4846a0c484bd04a05ad8cbc0e51bb55906de507cf3bc2d
wqp,wqp:21FLSFWM-LZ42,2007-03,ANFIS-F,314361,0e12d0be23d7923b652dd78d6052f185d0ea396fd2c3dacc0a252fba18db0e49
wqp,wqp:21FLSFWM-PELMID,2005-03,ANFIS-F,314361,0e137548e8285e37c746e8e4dc0ab2971fef975cea5afab2c6c868842186e1ac
wqp,wqp:21DELAWQ_WQX-206461,2009-04,ANFIS-F,314361,0e13e7724ac13a117874b485600501761b2a972d1b8c0ef9eb0e123d2ea8b5b7
wqp,wqp:21FLSFWM-KBARMID,1995-05,ANFIS-F,314361,0e14bb8e9b3b0e57d7031ac63807c2147f67d0290ec4246833a08ff37c91b2f4
wqp,wqp:21NC03WQ-CPF086CUPS,2001-08,ANFIS-F,314361,0e16804c6e9e02b185e215130c01a653aedb376e7795ddf6261c2845f3786c2b
wqp,wqp:21DELAWQ_WQX-206361,2009-08,ANFIS-F,314361,0e18f3911e0e27a8cde06e1594d5d3ce1e89cab09323fda03df6e3bc955649dd
wqp,wqp:21FLSFWM-B09,1997-07,ANFIS-F,314361,0e1cdd720203915deef1c4b6800d0b20dcb2832d12b547c23f43cc67b98083cf
wqp,wqp:21FLSWFD_WQX-23467,2014-03,ANFIS-F,314361,0e1d9d44c77900fee617baab3d7559e19b4188fd32f2b23abc10be94c34d8cde
wqp,wqp:21FLSFWM-OISLAND,2008-09,ANFIS-F,314361,0e1f659472b90e75c685250407ee5e19ca05d5a74a5213f4698477c54511dbb0
wqp,wqp:USGS-07049200,2011-01,ANFIS-F,314361,0e209361f782d3cb505022ea320311d5de70bc8e58fefce77e985c987a931933
wqp,wqp:21FLSFWM-A03,2002-12,ANFIS-F,314361,0e2105abd5f5323709d489b28cbf1de6b2603a413146ba788e01001a2dd3f7f4
wqp,wqp:MNPCA-47-0042-00-201,1983-02,ANFIS-F,314361,0e2803621f724b05c1dd95115e17e94f35ee09996d5c8379cebb1f67f010b964
wqp,wqp:AZDEQ_SW-33,1998-08,ANFIS-F,314361,0e2959952b8461c1667d393449a7c48d9fa202438e00bf2ea117e4c817bf9a94
wqp,wqp:21DELAWQ_WQX-206461,2000-06,ANFIS-F,314361,0e2aeed931756568e7fb8d2ac5dfea69c8f400dc323aea5609f7e6ccc5f32ad9
wqp,wqp:21NC03WQ-CPF055C1,2015-06,ANFIS-F,314361,0e2bc801d113199733a3a5d32b0c0dc94ec7875c02f25af2da34e02e0ddf00bc
wqp,wqp:USGS-07049200,1977-09,ANFIS-F,314361,0e2c26c8d8bcfddf86faed03e87b0539ac8c68845dfecdb2a87c1361654f4944
wqp,wqp:21FLSFWM-KISSR0.0,2006-03,ANFIS-F,314361,0e2cb79391ba699d1bbaebae5d32bdae78d5c0fdc01377c834fc3299cb5ac1f1
wqp,wqp:21FLSFWM-D02,1987-03,ANFIS-F,314361,0e30ae2ceb9b4987c367a1ef2b88dad13726443d71d8dc3e39099ba6b2f2d3cb
wqp,wqp:21NC03WQ-NEU020D,2013-07,ANFIS-F,314361,0e31860a331c841d71f0c65fa2a0e2f3c05cb2fff547bc6075e11d67172f1de6
wqp,wqp:21FLSWFD_WQX-23480,2009-08,ANFIS-F,314361,0e341bf594a4d8f60b8866b07f25cd35b2f406601842d5536c1a03de7e4707f8
wqp,wqp:21VASWCB-5ASRN000.66,2015-12,ANFIS-F,314361,0e364935e79d27fd2d9a30fe3deb110d2d4671d4f5893a5a63b3b3c0b541e384
wqp,wqp:21DELAWQ_WQX-205211,2007-07,ANFIS-F,314361,0e37357464154c31d49eba576ff44cabffeb5f4f4d9673cbc9682cdd9f0b44c8
wqp,wqp:21FLSFWM-TREEIN,1993-08,ANFIS-F,314361,0e37945ba666afd65775618160747bf3577e34ffdf14a48f7eb12ef86003f742
wqp,wqp:MNPCA-02-0045-00-202,1980-07,ANFIS-F,314361,0e3803ef745674b1228e1a74ffe9e1e444742d9d04193bd50f2d677cb867bf1a
wqp,wqp:21FLSWFD_WQX-23613,2009-10,ANFIS-F,314361,0e39feaab08783f68e3d82e93468c1ba72e9c7f426d3bd8b5f783a008c0c31fc
wqp,wqp:KAWNATON_WQX-KN-KL-001,2016-05,ANFIS-F,314361,0e3c32f3d16ecf65dcab5ef38a6dce431ac29a1978cefa0148fad55fcdb9bff7
wqp,wqp:21FLSFWM-D02,1988-04,ANFIS-F,314361,0e3ded12e52673bc9e84545b0785ebc948cadb2705bc5b7e02c6bd6b58993d6c
wqp,wqp:21SC60WQ_WQX-CW-174,2017-06,ANFIS-F,314361,0e403b45cdff9c65dac96e93e9cfbfa17926e37e88d980529442c2c2155f6900
wqp,wqp:CAPECRD_WQX-290,2002-05,ANFIS-F,314361,0e423295538d558d57badb7ee10b3b3f97380d2153a23e27952e5a6c8e639fe6
wqp,wqp:21FLSFWM-L003,1985-12,ANFIS-F,314361,0e487b69105d051a5499aeba0703af7f46ef1a78ef33c99fede53080b99a17c6
wqp,wqp:21FLCOLL_WQX-LKTRAF1,2000-02,ANFIS-F,314361,0e4a9ba8c59305b4dab07ae62d97e435aca7a074c89ec506ece0244ddf3b9951
wqp,wqp:21SCSANT_WQX-SC-042,2016-09,ANFIS-F,314361,0e4c85045338d4a86f1f68a650e6eaa108cb2cb8694caf1929439e1d7a8bd3fd
wqp,wqp:21FLSFWM-L001,1997-10,ANFIS-F,314361,0e4d37b4bf6481b73483d99384663c74acbe73202bfaf49c0e2f89fa4e200de3
wqp,wqp:21FLSFWM-OISLAND,1996-07,ANFIS-F,314361,0e5386e5496d9d89bbb6dbbecaebb9deceb894d583c7b0ec13c81f9e890e2952
wqp,wqp:21FLSFWM-D04,1984-04,ANFIS-F,314361,0e541724b2aaa393bdf6b2d7d5d33c73d2885d3b4aba250662d1492dcedf4fc9
wqp,wqp:21FLSFWM-LZ30,1995-10,ANFIS-F,314361,0e55285603a2c22ae73303a977a1245bfe3181450eb2122c0f636cc56d4efe4b
wqp,wqp:21SC60WQ_WQX-B-327,2013-09,ANFIS-F,314361,0e579139bb3dfb53e1d16cc3e1ae0bd0fa8044fcf3fff79b62939dea899fb83e
wqp,wqp:21FLSFWM-L005,1982-07,ANFIS-F,314361,0e5938b1e68d9589e92ee8ae5f369bca10adbaf714a02e845ae72b75fd92fb62
wqp,wqp:21FLORAN_WQX-BC9,2005-01,ANFIS-F,314361,0e5c2930c9b1e18ecc9bb543e3524e8f63644f65c92252e970903f176779191f
wqp,wqp:21FLSFWM-C01,1983-02,ANFIS-F,314361,0e5c9fa9a8bb970a10bd06a3586a0ad1ecdb51511b2047ae18117d845b5e2364
wqp,wqp:21SC60WQ_WQX-SV-268,2014-03,ANFIS-F,314361,0e5cf7217c6aff76d8a508c4ac7ace0cffabbfbbe571399ac96ba2677dad9ee2
wqp,wqp:21NC03WQ-CPF087D,2015-02,ANFIS-F,314361,0e5d2c1ab128dc262247a25313363aa1bd5973c4e90d5e7f6a97b386ee8ff727
wqp,wqp:21FLSWFD_WQX-23389,2016-04,ANFIS-F,314361,0e5fa71c01c447d0d4e9cdfeab703156802c4509a7c5507b3abc80f614f91c48
wqp,wqp:CAPECRD_WQX-280,2017-06,ANFIS-F,314361,0e5fe46292f6aa168d5f7e9c5b8f47e40401914f34dba51e0764145a1feb7d4a
wqp,wqp:21FLCBA_WQX-WAL-TRESCA-1,2018-07,ANFIS-F,314361,0e62eaafe80d4c690efc5a06126f22d756c520b00e7cedcc5c5bd5f2151ebbaf
wqp,wqp:21FLSWFD_WQX-23438,2010-06,ANFIS-F,314361,0e6439f8ecd382e5baf8aec7a6abf8681bb5dc08e8f72bb3b0401a811341daba
wqp,wqp:21NC03WQ-CPF086F,2015-12,ANFIS-F,314361,0e6654d0216b6537d1ea4b9eb04b3d22b68d691b57b4ecfe25cbdf122a01b985
wqp,wqp:21FLSFWM-KISSR0.0,1987-08,ANFIS-F,314361,0e6aa7881fe456dfdcd06653600567847fb68a6bda84b3b84a9bb56936d13f0e
wqp,wqp:21FLLCPC_WQX-YALEMARSHPK,2017-02,ANFIS-F,314361,0e6c1501e6f031953c2c1cf0951afc5da35fc8f8b7a7f867732cf03d5cffbdb8
wqp,wqp:21SC60WQ_WQX-SV-357,2011-03,ANFIS-F,314361,0e6ddc785d0028f5ec0ff1724432a1f7d40f2b587e771b442dd5a13e0d3f59e8
wqp,wqp:21FLSFWM-TIN8100,2004-04,ANFIS-F,314361,0e72122f00c857052c1db915ea02092b548d4cfe844a736a2bc867ee05409181
wqp,wqp:USGS-01201700,1983-03,ANFIS-F,314361,0e72193ef7370450d11093983ab4baf6252f9b37966ef6b76686dc1216b10b9f
wqp,wqp:21FLSFWM-LZ42N,2006-06,ANFIS-F,314361,0e73b583db4dcd9ad0c92c4c773554f01c1bd890d47e98db1d42b8a36dbcf1c3
wqp,wqp:21NC03WQ-NEU020D,2013-06,ANFIS-F,314361,0e73ec08a1f11f039d3c313c377895ac88c38c84a559d95e6accb4493a1cab1e
wqp,wqp:USGS-072632992,2011-03,ANFIS-F,314361,0e75f844a2a2a60ac8d82785aaca6365de600642dc14977d7ba8cff00e9a877c
wqp,wqp:21FLSFWM-KISSR0.0,2006-02,ANFIS-F,314361,0e76024ebb1360cc134e2e38d98f4fa618b2feefadb2f439420b111f75fdece7
wqp,wqp:MNPCA-86-0281-00-201,1983-12,ANFIS-F,314361,0e7a195a8c90500f0e46e3dbfb29600bea28f1d5f7cf84810994b6ae2fc2cc0d
wqp,wqp:21SC60WQ_WQX-S-022,2006-08,ANFIS-F,314361,0e7c113ffe11c41dc454a199340c6fcd662dac03f903883f417281443de626c7
wqp,wqp:21FLSFWM-B02,2006-06,ANFIS-F,314361,0e807cf62b01302249e241cb13a8748af7b2e91db3cf2e0584df9b5fa17574bc
wqp,wqp:21SC60WQ_WQX-B-345,2018-11,ANFIS-F,314361,0e831ed861cb4b339cfdc58a916644f080581a286736eb82c0f8fbe8bb18477f
wqp,wqp:MNPCA-02-0075-01-204,1988-03,ANFIS-F,314361,0e840bbe592c37048b2e1e044c4834925553b849deb78a1ebf6f6272e9747530
wqp,wqp:MWRD_WQX-BARR3P,2007-10,ANFIS-F,314361,0e8421654eff1dfc192c9ffb52ac1007d0868252bbe49db8a5e285d16260822d
wqp,wqp:21FLHILL_WQX-135,2003-08,ANFIS-F,314361,0e8643156409a50a9dac4f24d88623d7cca30b8bcd135bc0760067a3f7dcc186
wqp,wqp:KAWNATON_WQX-KN-KL-002,2008-05,ANFIS-F,314361,0e88b5a56f2ea115895e3c517fe3c3aba4857d03551140e3e84e7d548e4d5c5c
wqp,wqp:21FLSFWM-STAKEOUT,1994-12,ANFIS-F,314361,0e88df3b58bf76b15b7a99836f8884210b16c03e8867f7a62999ea650c32a427
wqp,wqp:21NC03WQ-CPF055D,2012-04,ANFIS-F,314361,0e8ac9c2988d89ee0b1d9f5992c5848059b0b2eb19600b5fc8e7b292aec0a177
wqp,wqp:MNPCA-10-0042-00-401,2003-08,ANFIS-F,314361,0e8d812392639fff2f8d48b584cb22ba0eee80bf88736ef9b2f0bb07c681adf2
wqp,wqp:21FLSFWM-ISTK6,2008-05,ANFIS-F,314361,0e902d9d1ec01293b62f21f4e9251bd271df9c5ec3c008f5b31a48c74ad04ae6
wqp,wqp:21SC60WQ_WQX-SV-335,2006-04,ANFIS-F,314361,0e9070062d13b805dfbc146a965e5a0f5c1c30f9773f90c89935e4fd7eca8b1a
wqp,wqp:21FLSFWM-KISSR0.0,2001-09,ANFIS-F,314361,0e917764bffb22a2fb63f420cfaff4e2a7a41426bd7cd144adb93af75cf65732
wqp,wqp:21FLSFWM-POLESIN,1992-03,ANFIS-F,314361,0e922b957473662ef9c90510fc3e3e0b50ebcc5baae60bc27dbf254e162bd7dc
wqp,wqp:21NC03WQ-LI01,2015-03,ANFIS-F,314361,0e935e59a4224eb9db1e1155758a136524befee1e013ee499af2e275ffb4d101
wqp,wqp:21SC60WQ_WQX-B-327,2003-04,ANFIS-F,314361,0e95806ae4de1e9607c16f7b514c4a983e2429f972621d232a9aafd50ddf8ccc
wqp,wqp:21DELAWQ_WQX-208211,2013-10,ANFIS-F,314361,0e95e555df97179fa2413121580e09fb14005f5691afc0f869276f02c5d660be
wqp,wqp:21FLORAN_WQX-CC6,2006-11,ANFIS-F,314361,0e9704f482a7b8a577a11c558b0ae69fd12d2aa2ea0318a653aab9d4b52a274b
wqp,wqp:21NC03WQ-CPF0880A,2015-05,ANFIS-F,314361,0e972c99a90607a1b19ca44b75f12a5d182a0a077c6580998d54200fa40c0d14
wqp,wqp:21FLSWFD_WQX-23609,2008-05,ANFIS-F,314361,0e97f002cb9ea0adaf352613df14648b660a5f6736d7af94d997a87888b94e3c
wqp,wqp:21FLSFWM-L001,1978-04,ANFIS-F,314361,0e98802278fa2e50b25cd797d312ec1d58d4b712a075bd83d08af71d4779016b
wqp,wqp:21SC60WQ_WQX-S-222,2017-09,ANFIS-F,314361,0e99115b56085d8e9140bb05dfbfd586406079eda1deb46cc4ba5a1090bbee81
wqp,wqp:CAPECRD_WQX-262,2015-05,ANFIS-F,314361,0e9aa87f2c29398d47bc33aa7d2e175da787d13617ca26b3ce543dfac4da0926
wqp,wqp:21FLSFWM-E04,2003-04,ANFIS-F,314361,0e9fac3908cea6edd4d6f61f6a48618895f360e52b5275e474a181d35e98d945
wqp,wqp:21SC60WQ_WQX-SV-236,2014-09,ANFIS-F,314361,0ea7c89859de3672fd02c41c2b4229f17a163f98eeb022267affde6ad849bbcb
wqp,wqp:21FLSFWM-STAKEOUT,1989-04,ANFIS-F,314361,0ea92a2cfdbfb3fde727996211d433535780f77bb8d7fff4302e07d8e87289fa
wqp,wqp:CAPECRD_WQX-262,2006-03,ANFIS-F,314361,0eaa55a7d5a9053018d115c582c8b341655e0ae9b686fdf089e85d106f1db1ef
wqp,wqp:21FLSFWM-L006,2004-03,ANFIS-F,314361,0eab56fc004d690f2cc59be6b138b44d65a5583868f5b94cd81714a664750873
wqp,wqp:21FLSFWM-E01,1984-02,ANFIS-F,314361,0eb1d4c5cde4a3b2e7e4b9c87480eb151a6fc452c616ce2aacab608bda45cd8c
wqp,wqp:21FLSFWM-C03,2008-09,ANFIS-F,314361,0eb225a5fc023c02258bfd2d30cbbec667eb641b96f0b9bb6eb3e35850f05d46
wqp,wqp:21SC60WQ_WQX-SV-357,2016-05,ANFIS-F,314361,0eb456b285f9eb1616d7faf2e9967e57861736605a5a549f8cf9cc6b1bdf871d
wqp,wqp:21DELAWQ_WQX-303051,2005-10,ANFIS-F,314361,0eb49db98a542e326ad050b9446fdc08dbc34055b9de97b0e55266da1934955e
wqp,wqp:21FLSFWM-E04,2002-02,ANFIS-F,314361,0eb7587e537f3c67604ecfeb72532484a2d0fb71df40e3242bfe0eb3ddc394e3
wqp,wqp:21FLSFWM-ISTK1,1994-02,ANFIS-F,314361,0eb7fe5ed6845a3688869d39fbc4fc8fbd9482aa505e935f728f30f60518f973
wqp,wqp:USGS-07049690,2015-06,ANFIS-F,314361,0eb921c57beedc4b225aa03ef6796f862410abf177634b80fc3fafffff7e1df7
wqp,wqp:21DELAWQ_WQX-307171,2008-02,ANFIS-F,314361,0ebc1cfbe6478a64ec940aa6dd2c1fa83a7e5c8dbdd06ddf1a7c4b792f9443a9
wqp,wqp:21DELAWQ_WQX-205211,2010-10,ANFIS-F,314361,0ebfe89a5172bda754aba47350be97b399a7ed3b85f0e75686de1b0e4d79a30c
wqp,wqp:21FLLCPC_WQX-GRIFFINTISH,2017-10,ANFIS-F,314361,0ec011651e4d4b35ecbb9379f2baeecfda722f6bc776a12e8aae103766935a4f
wqp,wqp:21FLSFWM-RITAWEST,1990-05,ANFIS-F,314361,0ec04b6451e279f72973e4a4cc4744acda50c74b97e95ae9e8bc5d3a578980f1
wqp,wqp:21FLSFWM-MH32000,2003-02,ANFIS-F,314361,0ec184735f65cf01b7bfdf031fd6d4f10b42f519bdc7f712f862490eff7ea050
wqp,wqp:21NC03WQ-CPFMC02,2014-10,ANFIS-F,314361,0ec3b737ede8f3b4ae9e40c15cafda8046648f6f57ef82596949ff72831b3c60
wqp,wqp:21FLSFWM-L001,1996-11,ANFIS-F,314361,0ec5dbdbe46f29ae739828b5f544b02ba5db0ab7dd13b26db9ea01309f27bcbd
wqp,wqp:MNPCA-62-0013-00-201,1986-07,ANFIS-F,314361,0ec71e6814c65175053914e64ec8f3b0a302a6ac03aff8388e9954423fa6cf85
wqp,wqp:21AWIC-81,2006-08,ANFIS-F,314361,0ecefa287b056d679d4e95a3cfdbdd3297817d26b28689e1c22ab998e9c58e15
wqp,wqp:21NC03WQ-YAD169A,2008-06,ANFIS-F,314361,0ecfda02e071620670a513f842cf789090a7371e03e43be417c76e5204f30c20
wqp,wqp:21NC03WQ-NEU018E,2018-03,ANFIS-F,314361,0ed294e519f1c5c9d56c724c531986e9f45d7d572892406ef2217c46b0dea9db
wqp,wqp:21FLSFWM-TREEMID,1994-10,ANFIS-F,314361,0ed39ef99d387af1b8c8a5f36a18df81a2b426bbd5541f79a22246fd48abc4d6
wqp,wqp:MNPCA-10-0007-00-201,2016-10,ANFIS-F,314361,0ed3fa74c2fb8fe3f0a297509a3ad09b4c2dbab0036dab782b5cc7bdb0db6de6
wqp,wqp:21FLSFWM-ISTK7,1990-04,ANFIS-F,314361,0ed4a9c64beeab37d0f23fb87ba4590f18d69754ce33339cd37709291238772e
wqp,wqp:21NC03WQ-NEU020D,2010-05,ANFIS-F,314361,0ed657b05dfe7d7fbb4734ed6110ae1b22ddb9064a7832ff87fc9fe21d431afb
wqp,wqp:21FLSFWM-ISTK3,1990-09,ANFIS-F,314361,0ed6bee46694f304d20b8f846575a49e60897ed2eb456c62323578e70683b710
wqp,wqp:21FLSFWM-ISTK2,1996-08,ANFIS-F,314361,0edbd9a1444be555ecff3143238fdec3546ea41a6f6a1de9fedc7d1028ab5268
wqp,wqp:21FLSWFD_WQX-23641,2011-08,ANFIS-F,314361,0edc03ebc9edf603ff4c4321c443e84c8c96bdf816f3f3e80eace81a3b76a3d9
wqp,wqp:21FLSFWM-POLESOUT,1991-11,ANFIS-F,314361,0edfe9316d4dca78069a107e8f5a2d83d6e88a6a7176ea935fe3e2c4970bd71e
wqp,wqp:21FLSFWM-STAKEOUT,2009-01,ANFIS-F,314361,0ee10b7d0d43bae3300b8622fe1680668d7f9b2caa2381bb32d877ebb8234c89
wqp,wqp:11NPSWRD_WQX-SLBE_PL_01,1994-09,ANFIS-F,314361,0ee42602ba94f098c7d6e2854deb4f43be77ebd854086d6f3b4085dc406812a9
wqp,wqp:21DELAWQ_WQX-307011,2001-07,ANFIS-F,314361,0ee454331f96b08ab4009ceadbe953b2416825f64752ab40935d8b178c961d41
wqp,wqp:MNPCA-86-0252-02-207,1982-10,ANFIS-F,314361,0ee470780bee0ee66900f07799f2a7dd82e13c071a478a1a72358e2ae91683e2
wqp,wqp:21FLLCPC_WQX-GREENWSH,2018-06,ANFIS-F,314361,0ee4e6e8eb0f272db4cfd7dbd314062c6b7664758a268f5f68b5a9495acf3c50
wqp,wqp:USGS-423526088380101,2002-06,ANFIS-F,314361,0ee580b45353d1d07abaf531cedf5cb53c7a68e0292c82db1898caa79ca80d5e
wqp,wqp:MWRD_WQX-MILTON3P,2015-04,ANFIS-F,314361,0ee6b65883869208edd5e978dd491602219cb41d755fbebc290682e6796cbe54
wqp,wqp:MNPCA-86-0297-00-201,1985-01,ANFIS-F,314361,0ee78a9cf0c04ae7125704f2f847f3a725a30a9114a511a5c521afc22c49436f
wqp,wqp:21SC60WQ_WQX-CW-033,2017-11,ANFIS-F,314361,0ee81e1eb8c249890c2aebb697d80303f3b12b34ec1bfc17a1c9c11650a8d375
wqp,wqp:21FLSFWM-TREEMID,1989-03,ANFIS-F,314361,0eeb6b9ad21cd077cd9bfdd57b10763f48225231d31ee095d72df478432cec7f
wqp,wqp:21DELAWQ_WQX-205181,2002-11,ANFIS-F,314361,0eec410fd553e5419bda6d2947302b7a9ee681400a1a48f4cb0323205aad1009
wqp,wqp:21NC03WQ-YAD169E,2009-02,ANFIS-F,314361,0ef043955ae6e7313f8c87e65a356260825dc178d4d3f1fb3612461c17a80dae
wqp,wqp:21SC60WQ_WQX-CW-207,2018-08,ANFIS-F,314361,0ef1659973845fb7f03733d04f3301b66d06db5b4d1f01ded441e147e73bb79d
wqp,wqp:21FLCOLL_WQX-LKTRAF1,1999-12,ANFIS-F,314361,0ef4356a608438359a60aa5e1ced35253df60a6ad3d81703208d873ad0f337b4
wqp,wqp:21FLSFWM-RITAWEST,1992-07,ANFIS-F,314361,0ef94102d3dac94bdb444f35b37bc76bb390c4d207f348e287cdbf7aa877d478
wqp,wqp:21NC03WQ-CPF055D,2015-01,ANFIS-F,314361,0efa7ff0d48a303384878b41a4b012aaa18f8bbc6f1332784e54c35dc79d27d2
wqp,wqp:MWRD_WQX-MILTON3P,2017-06,ANFIS-F,314361,0efb03359f7b5a253aa9033ee95d9ba6db1db1b77644fc9029abf060d7413692
wqp,wqp:21SC60WQ_WQX-B-327,2002-05,ANFIS-F,314361,0efc092a783b927d5528d4b418634aa023ee1f29d0aa8ce3035f8aa126edad43
wqp,wqp:21FLSFWM-LZ30,1990-05,ANFIS-F,314361,0efcbe8119c4e582030ca9ab0fdd22f046897d4372010847951ea43930b41596
wqp,wqp:MNPCA-10-0007-00-201,2012-06,ANFIS-F,314361,0f014378a91c4be2015afbfae8ca4c6a5b51e5053706c03f559fcd7f9aa9f65a
wqp,wqp:21SC60WQ_WQX-SV-335,1999-05,ANFIS-F,314361,0f01eca9671489071673d7cfb3a42b90bed6b71a421d8a383425dfebe991a213
wqp,wqp:21FLCOLL_WQX-LKTRAF4,2009-03,ANFIS-F,314361,0f023c38b9fa1991b3795cfc109ac0ecf4b96137ac94f22883454c7de80ea5c9
wqp,wqp:21FLSFWM-E04,2008-08,ANFIS-F,314361,0f07e8c01e1b0d693ad98c4848973abc3efba36376227312b0ff91e61b46e059
wqp,wqp:21FLSFWM-L004,2001-05,ANFIS-F,314361,0f09846aeba81215ec8bf38130e81b0c5d90dd2b83f6566dd6cc067ae4a7566f
wqp,wqp:21FLSFWM-PELMID,2003-03,ANFIS-F,314361,0f099f2591545722efce37d508651c075a43c7e6d7afb222d319ecd4fa2390c8
wqp,wqp:MNPCA-62-0055-00-201,1999-07,ANFIS-F,314361,0f0e1f39c6457d03771704f73be711615d728475a19dd9cf7874fc400a034aef
wqp,wqp:21NC03WQ-YAD169A,2005-07,ANFIS-F,314361,0f0ec11380023cbc5ec069a5668b4e664e4e958f4d8a41594eca6bbe4c0cfe8d
wqp,wqp:21FLSFWM-E03,1985-03,ANFIS-F,314361,0f1019dacb6de0b3451bcd681ae46a29363b88f9197f430808f60fe8b7494dcb
wqp,wqp:21FLSFWM-B05,1982-05,ANFIS-F,314361,0f129eaf6e1c977f15e8e852ad6966089caf93b2e53b262400632ea0788bbd19
wqp,wqp:AZDEQ_SW-33,2017-05,ANFIS-F,314361,0f1357184308c4ddf2ec8047cfb9a0c8c29f5f68ed151ee77afdaad6acfebf08
wqp,wqp:21SC60WQ_WQX-SV-098,2000-08,ANFIS-F,314361,0f149e93dd3278a8c45d92d3b2e9ddfd87cef9b777796611fdfe783a5c0eb675
wqp,wqp:MNPCA-62-0013-00-201,1981-07,ANFIS-F,314361,0f161e4755bb856365d42758347b66ba7ba4868c924654e4e07e1015a4882947
wqp,wqp:21FLSWFD_WQX-23631,2010-06,ANFIS-F,314361,0f18e271c552ebd3bd8186760e0cef78b855b9d731737173eda37b160cce6a18
wqp,wqp:21FLSFWM-C03,1988-04,ANFIS-F,314361,0f1953fd35eb664e848f959cab0a8bf178b1af624b7a34f549a0d12a6cc06154
wqp,wqp:21FLORAN_WQX-HB68,2018-04,ANFIS-F,314361,0f197b2e82debcd89c1f3c77973bcfa3846cfceb3df4f53dfcc2b047ee033eab
wqp,wqp:21FLLCPC_WQX-GRIFFINTISH,2011-11,ANFIS-F,314361,0f1a048ea68ab7ed9f50c9acfd3c1341c2597f48e7fa19933a7aad2fd6f825e2
wqp,wqp:21NC03WQ-NEU019E,2010-09,ANFIS-F,314361,0f1c6a8cffce53471c745aa5295bf8cfb8f62d066b38a9ebb635eec426b1891c
wqp,wqp:21SC60WQ_WQX-PD-327,2009-01,ANFIS-F,314361,0f1d367cbcea35fba7ea4750d23798648197c72cb10e1ac4c0d3e18a77094c13
wqp,wqp:21SC60WQ_WQX-CL-089,2015-04,ANFIS-F,314361,0f20afd3c33b7e2fc08ea547d85d17d5952610639490bd922aa547498758acdd
wqp,wqp:21FLSFWM-LZ42N,2005-04,ANFIS-F,314361,0f2162d01bc53789da51eddab9c783e8b8fd30d213b97d9134307be974e8eed0
wqp,wqp:USGS-07263299,1992-04,ANFIS-F,314361,0f2323c938f7e6b4ab1bb5d8f1fda0cb3ac6142a910049f99e0e42994ba49203
wqp,wqp:21SC60WQ_WQX-SV-098,2012-11,ANFIS-F,314361,0f270bad214f2a44673f91e9e426f814579692466aefa1a531743f92037859ea
wqp,wqp:21SCSANT_WQX-SC-014,2015-11,ANFIS-F,314361,0f279285bedc86dc7b24cdb65cf4d3e5ba9d5ec52579e061f9b33cd00d7c5020
wqp,wqp:21FLHILL_WQX-135,2001-09,ANFIS-F,314361,0f27a102762f09956d72fa70d184482eb90235c9eecfb5bd53db239d9fe625cf
wqp,wqp:MWRD_WQX-MILTON3P,2016-10,ANFIS-F,314361,0f27f2deabea6ed8ffdf0a04f1bfb989a6fe737d01543fd91ab778298d6eae4a
wqp,wqp:21NC03WQ-CPF055C4,2016-01,ANFIS-F,314361,0f289b64d6cdd42ba555d09024b8aabc917b4ba3c670431822f6836405dd0414
wqp,wqp:21GAEPD_WQX-LK_12_4048,1993-10,ANFIS-F,314361,0f2c7b83720b894b92055fbed9df46c2b6baee82a82634ed8043b2919a9f2185
wqp,wqp:USGS-12301600,1976-05,ANFIS-F,314361,0f2d12b5cdbdf08d108fa10bf0fd532286f5119d821ef68001da861e1f384cd8
wqp,wqp:21NC03WQ-Q5360000,2017-10,ANFIS-F,314361,0f2dc8d1221ebef2f12cebf776140bdc1fa9d2cecb8fe7910ad474f41b452bba
wqp,wqp:KAWNATON_WQX-KN-KL-001,2011-02,ANFIS-F,314361,0f2e8fb046269df40b424213c4a39f27571dba68defe993f5edc9c4c0b2491eb
wqp,wqp:21SCSANT_WQX-SC-042,2016-02,ANFIS-F,314361,0f35cc6c9576e2f69b3088ff814a31f68f0da478e6271c8c2de618b97aee3f48
wqp,wqp:USGS-423556088365001,2009-02,ANFIS-F,314361,0f36d7c095530dd6d1b7f1b963a5ba81ed3547117e557780f3e2a8dbd07ed8e9
wqp,wqp:21FLSFWM-LZ2,1989-11,ANFIS-F,314361,0f3849b95eb0073e082e666de3bd4e8123fdf65e14200be176a4e0eb44c44ab3
wqp,wqp:21DELAWQ_WQX-108111,2009-07,ANFIS-F,314361,0f385f2929fbc355cdbb68013388813b436da58f8a39c9517d071ef6ae20fb97
wqp,wqp:USGS-072632992,2012-05,ANFIS-F,314361,0f39050befa217a6b4ee2ff6c9464b2068cb86077ffd78bb10b7e1350841faa1
wqp,wqp:21FLHILL_WQX-135,2009-06,ANFIS-F,314361,0f399e27f899408624fc203d3ee80b8c2690236dd36b9955d723e24f5c646bff
wqp,wqp:21SC60WQ_WQX-B-345,2003-10,ANFIS-F,314361,0f3d99e8bfb337fe9b11ecb1dff2ee8c83ddc7de651c16682f0119e38ea99e9d
wqp,wqp:KAWNATON_WQX-KN-KL-010,2014-01,ANFIS-F,314361,0f3ec56d3cb4762b03e87d48bc19a47effa3e1f9229c02bf10598ddd8e98beb5
wqp,wqp:21FLSJWM_WQX-44676,2017-11,ANFIS-F,314361,0f42b541ad7713a04228351add49e7575ad5219d85f39c3a1b5b2fe0f59c481f
wqp,wqp:21NC03WQ-CPF087D,2005-01,ANFIS-F,314361,0f47262937d9f418f1c6d8dfad4898c5b7c7ed710eaf849212f271bf6c448a39
wqp,wqp:MWRD_WQX-MILTON3P,2011-03,ANFIS-F,314361,0f47a84aa11dc875b04388a51827492e3596b1ab5f93c9c9178fc362efe137ad
wqp,wqp:21FLSWFD_WQX-23438,2014-03,ANFIS-F,314361,0f491027f3066495649235cc7723b07c7483f6ebe36a4b1c8a0c004eb0bf8a71
wqp,wqp:CPNWATER-WW#3,2014-08,ANFIS-F,314361,0f4abf25ccd4604c9f1b9443152b7913e32cdafefcbfef6263a6e0704a38fc95
wqp,wqp:21NC03WQ-CPF055C1,2016-03,ANFIS-F,314361,0f4b72141fa5d11fe5b2aa25f7ea8bd585821deb6559aa170f9750611063213d
wqp,wqp:21DELAWQ_WQX-307171,2013-02,ANFIS-F,314361,0f4d4dc8e37ce172f7677c955dc44c787178ff9a43403fa66f8ba5a02641601f
wqp,wqp:21SC60WQ_WQX-SV-268,2002-10,ANFIS-F,314361,0f5093967de49e8a21126a0311751e89bad3253e20f752385fb2de75a6c93a51
wqp,wqp:21FLLCPC_WQX-IDAMERESSHDK,2009-06,ANFIS-F,314361,0f52cbbfd9ecc1c68e80e72f1d4852c7196a7738f55c8db22687b4e0e164bb88
wqp,wqp:21FLSFWM-D02,2005-06,ANFIS-F,314361,0f541ade7a7284e46c7ccc29c4d06f172d871aae2d91426327054a4a48263c29
wqp,wqp:21FLSWFD_WQX-23144,2004-07,ANFIS-F,314361,0f551dc59095b1b89611e734f9f622cfeb0207a3b6777ea3e6d5c3355e754703
wqp,wqp:OKWRB-LAKES_WQX-520710020020-05,2018-01,ANFIS-F,314361,0f55a5ff3cfa2fcb80384bdf3d150bf0e75611d925b4b1b123a7315eaf7fa4ef
wqp,wqp:USGS-07144790,2006-05,ANFIS-F,314361,0f58963254f59e30329be5c43e7b65af701928f8b350254b4a77db875ffc2af1
wqp,wqp:21NC03WQ-NEU020D,2011-11,ANFIS-F,314361,0f58b05181e592e65022643fd622fc882bafb86ecb89124b86dec007ed3b75fe
wqp,wqp:21NC03WQ-LI01,2012-06,ANFIS-F,314361,0f590a97238aa374e30bf0964564f9d037bf77fa7bda05c99a5361c9076b9fdd
wqp,wqp:21FLORAN_WQX-BC8,2014-07,ANFIS-F,314361,0f5abdfd15a2d7efa3cfcca2f83dc71861e7aaad0da5c6d3da6b7f2bc765a9e6
wqp,wqp:21DELAWQ_WQX-206361,2007-06,ANFIS-F,314361,0f5e2b5fd9472b30b70e8cc28692d1ccedbd7987eb09becfb59faed9183ebec4
wqp,wqp:21FLSFWM-IPOUT,1996-04,ANFIS-F,314361,0f5e45f4153fca5b0fe20ba53689a3df799d1c3620b200b778e5d9e5ac09e1c9
wqp,wqp:MNPCA-62-0055-00-201,2014-07,ANFIS-F,314361,0f5f93600f43d650db37ff8ef6293860c78ff221073f2da90ced2500cb3add59
wqp,wqp:21FLSFWM-B01,1983-06,ANFIS-F,314361,0f5fa9a3f56430c70eaa6d3c06560e9fe2f011f610d958dd02a373e2f6f75897
wqp,wqp:21FLSFWM-KRAMMID,1987-05,ANFIS-F,314361,0f62268ebe06cac80ff5772172e7ba0fe17d8eb54623e050b9ead34e604b0e64
wqp,wqp:MNPCA-62-0054-00-101,2014-06,ANFIS-F,314361,0f643005e10f5217969dad65d975de4fe99515e2e0852dfd7b25fd2297539b09
wqp,wqp:OKWRB-LAKES_WQX-520710020020-05,2003-04,ANFIS-F,314361,0f68dc51c794f5596c077d7d604beb7f6ce7fb903a1a1dcf25f10cf018bd88a4
wqp,wqp:21SC60WQ_WQX-SV-200,2003-03,ANFIS-F,314361,0f69a434cebee1c393dde67c74737fa4e474cd2c29af3fb1b516ab58770353f0
wqp,wqp:21NC03WQ-CPFMC02,2015-08,ANFIS-F,314361,0f6f72d7fedec02c31144d7736dc87ac395b3655b0c584cb063a382fcad272b5
wqp,wqp:USGS-072632972,1995-08,ANFIS-F,314361,0f712d54fe3e09dbb912333bf2f3efae527584298394a8208e7f1afd404a53ec
wqp,wqp:USGS-295554095093401,2013-07,ANFIS-F,314361,0f724a9fbf97a4d55c1fad07962caba6efbff27fc751c44932c50f823d2cf196
wqp,wqp:21FLSUW-ALL010C1,2007-11,ANFIS-F,314361,0f72b42e22147486ac2ae4ce9217cee97ebb9537b68fe9f44bfadf67cc34ed48
wqp,wqp:USGS-07049187,2012-02,ANFIS-F,314361,0f782dbfe2c5047d31e8ec8326340bbce405bcf58e318d8199fa8abc6f9a9323
wqp,wqp:21FLSFWM-PELMID,2004-06,ANFIS-F,314361,0f79ceb61f583970c137d70cb934ced57978a6b1677f47e4efb69344d209bdd4
wqp,wqp:21NC03WQ-NEU019L,2011-06,ANFIS-F,314361,0f7e43b4e4c640933390444898b1a01d07857f071b21063db6f0b735287086a8
wqp,wqp:21FLSEM_WQX-SPR,2017-10,ANFIS-F,314361,0f7e6e05b6391463ebbcb0e089da3d729efe500cdbd4546c80f73edba13d0fd5
wqp,wqp:MNPCA-62-0055-00-201,2008-05,ANFIS-F,314361,0f7f4077fb67cc13b07be9387b570310c56f6f7f1cc15e74e167dfdac268c3b7
wqp,wqp:21DELAWQ_WQX-303331,2012-02,ANFIS-F,314361,0f805529622b26258b5ac064324568a830aa595b014f8fa7d03bdf5e71dd1571
wqp,wqp:21FLSFWM-PALMOUT,1987-04,ANFIS-F,314361,0f82080eb7ff76fa824f4dec26a98fee05a44e8971a80501c1be78c14aa259f0
wqp,wqp:21FLORAN_WQX-BC6,2007-01,ANFIS-F,314361,0f83d62244ba141a6f1b57cefa36b41a5e0bccf958fd81c9ff669e1bdfeac31b
wqp,wqp:KAWNATON_WQX-KN-KL-002,2007-03,ANFIS-F,314361,0f869446aff4955fe7d67b93fcf75550ae445bebfa7746ba44c351755e54729c
wqp,wqp:MNPCA-82-0046-00-203,2000-10,ANFIS-F,314361,0f8b33305103ae27c473ec3a4f239345757c91dba33545909ca673dfd2b9cbd3
wqp,wqp:21FLSJWM_WQX-44645,2018-05,ANFIS-F,314361,0f8ef1f268e9488dd9e39d0c464b6891b7334874e0a93f3df25fa8cfe7920443
wqp,wqp:21DELAWQ_WQX-202021,2017-06,ANFIS-F,314361,0f91f67a59da7c9092fe41b09b87277e09b7dc9de68a26625d1d8ebb712347c1
wqp,wqp:MNPCA-86-0252-02-207,1984-07,ANFIS-F,314361,0f9403561d261d0c4766077a2b1ef4cba7ce478a66f4dd3f140e4925326daedd
wqp,wqp:21SC60WQ_WQX-SV-200,2001-06,ANFIS-F,314361,0f95053a671c6938eea8213f83c65b81e2c792b821c72636cf399dfcdc90b14e
wqp,wqp:21FLLCPC_WQX-GREENWSH,2015-01,ANFIS-F,314361,0f96501146e9613e39bd5b549c0404b3218848da539adea3be3a87733b8cc5f3
wqp,wqp:21FLSWFD_WQX-23479,2008-04,ANFIS-F,314361,0f975eb99f3dad0b404ef8c099a0393003176072a8bcd09bc4438d769015a12b
wqp,wqp:21FLSFWM-B05,1984-08,ANFIS-F,314361,0f98b56f5d070fd80631878cb7d20d689854bb6cb58870788fd11f6b91e38175
wqp,wqp:21FLSFWM-LZ40,2001-01,ANFIS-F,314361,0f99e35a305ce44c8a3331dc7403e27d807bd439c463ddb2c8a820f7c48930e0
wqp,wqp:21SC60WQ_WQX-CW-174,2018-12,ANFIS-F,314361,0f9b37844de289b891c6be5d95efea528a3893cbe3f7d6beaf4fde377c21970e
wqp,wqp:21SC60WQ_WQX-SV-098,2003-10,ANFIS-F,314361,0f9bf42169431f767ad87b929f7d9e54ceda76b5ff7747b29eb274cd536f91cd
wqp,wqp:21SC60WQ_WQX-SV-236,2005-04,ANFIS-F,314361,0f9cf6746aef2b2f129060ffc3d9804b802afa2e49c79408d8f6bad1b6c73fb0
wqp,wqp:MWRD_WQX-BARR3P,2018-05,ANFIS-F,314361,0f9fadbb26194e138cd15c123567869bc48eb4dbbe09172bb579bdd20710451c
wqp,wqp:21FLSFWM-FEBIN,2006-12,ANFIS-F,314361,0fa03640ee3dc4c6586a94555608771504a55160baa9992962199bce49d57bd6
wqp,wqp:CAPECRD_WQX-262,2011-10,ANFIS-F,314361,0fa379a646d03ab452ad8bc51f0c1fbaedd80a5573ab923d694d07a743a024da
wqp,wqp:21SC60WQ_WQX-CW-197,2008-08,ANFIS-F,314361,0fa4ce18573c4bc228a0fa975842b9b81913105f23e52a64f2fa15b335cd2db5
wqp,wqp:21SC60WQ_WQX-CL-089,2017-03,ANFIS-F,314361,0fa539b4dd3ce1a23ee9bbeb6f22357026d8ca121d048e797a0cb023bb579cf9
wqp,wqp:21NC03WQ-CPF087B3,2008-09,ANFIS-F,314361,0fac06628fb42a585853eb3a580098df0aba3ebd05e549853d4a5364795f0a6a
wqp,wqp:MWRD_WQX-MILTON3P,2012-07,ANFIS-F,314361,0fad3dca4300b275e293c7e046d441b22cd99d022ce6657bae753d0b3bf0a458
wqp,wqp:CAPECRD_WQX-280,2015-09,ANFIS-F,314361,0fb2833ae284a5e7c1901fb400d9497b32dfe047fbe4ebd2148c064ce6e79012
wqp,wqp:CAPECRD_WQX-262,2005-08,ANFIS-F,314361,0fb399f929fc8a67780ff44ccaad2b21a87a8ba1fe7f0310f393a9cff97e962f
wqp,wqp:21FLORAN_WQX-BC11,2007-09,ANFIS-F,314361,0fb5e3a5ca38a691b76a6922134ef4fb9beb793c670de2d9bf17d460984944a2
wqp,wqp:21NC03WQ-CPF055C1,2015-03,ANFIS-F,314361,0fc15591d81440227e3f9271d6ef912cdad42d5dc92c58b2c9440db35fd1a917
wqp,wqp:21DELAWQ_WQX-208211,2013-12,ANFIS-F,314361,0fc1feeac732dfb2806f9e5afa807fecb889bfc13fdcee48f307420bb9684920
wqp,wqp:21DELAWQ_WQX-109191,2007-07,ANFIS-F,314361,0fc335abf4b37d76d3eb0d47aca409957610ca73de846dcca05b1b70296e3b70
wqp,wqp:21FLSFWM-D02,2003-08,ANFIS-F,314361,0fc35453b0d4ea3b9bf292cbdc1965822c14130798b8200cdc5765bfde52f496
wqp,wqp:21DELAWQ_WQX-109131,2011-08,ANFIS-F,314361,0fc4901bb8e43167996c606fd090f2383015a5ab3fd33bceb12e975b944fc752
wqp,wqp:21SC60WQ_WQX-SV-372,2014-01,ANFIS-F,314361,0fc95a02bb628f7b97968e015e6b38a485823bbce20c4d4ebf5b04c9f7d74ea0
wqp,wqp:21FLSFWM-C03,1992-10,ANFIS-F,314361,0fcc72187827c2bf7597314775b522d9e7b217e8a3983a549eb981dbe7808bcd
wqp,wqp:OKWRB-LAKES_WQX-520710020020-04,1996-07,ANFIS-F,314361,0fccfb04ee782f8cdcb9291f63306bfc32c680ae01dd2831c98d6926400f34b5
wqp,wqp:21FLSFWM-A01,2000-12,ANFIS-F,314361,0fd253994df459858b8e7b459bd280cde068dc77c07c771251a52fdaae6649c1
wqp,wqp:21SC60WQ_WQX-CL-089,2004-05,ANFIS-F,314361,0fd3a24b694d9d55717af0ca7116ecf3556a6307b4546baf71a1be408336611c
wqp,wqp:21FLSFWM-IPOUT,1994-07,ANFIS-F,314361,0fd5abd698a52dca7bfcb70eae68e61226ecb76484208f5f6811a59bac203dbe
wqp,wqp:CAPECRD_WQX-262,2013-02,ANFIS-F,314361,0fd5c00adf7517070a04186ec0b4fdc02dce7f5ee10f79cb479f321a20702e04
wqp,wqp:21FLSFWM-KISSR0.0,1988-07,ANFIS-F,314361,0fd70d75f2745fbecce90e9948a942c3f6452b642b713fa236155e521b349981
wqp,wqp:21FLSWFD_WQX-23588,2010-04,ANFIS-F,314361,0fd71538f75a2b549d8385db764915f5bc016972747919564cf1864783d5d243
wqp,wqp:21NC03WQ-YAD169A,2008-04,ANFIS-F,314361,0fd7323630e3c135bf68bfffc30e30438ef160f4c6cac80ba182535817fcd785
wqp,wqp:21FLSFWM-LZ30,1987-05,ANFIS-F,314361,0fda7852728a64d0f795e23357217f95d083cc426e62eeccc789233c3c9139c4
wqp,wqp:21AWIC-23,2014-09,ANFIS-F,314361,0fdaf61fb5d848921b768e44da159bfe8fb1eec27ec31daeb6dfaddab522c247
wqp,wqp:21FLSFWM-LZ42N,1990-07,ANFIS-F,314361,0fdcd6e1e7aed1e905843b629cc500621860194c6267a698dd55a56d986e684f
wqp,wqp:USGS-07263299,1999-05,ANFIS-F,314361,0fdf18f1bedcbf03af3ff8c7fa63aab35e64cf65d2d01272eb0926fb248c7e99
wqp,wqp:21FLSFWM-PLN4OUT,1992-01,ANFIS-F,314361,0fe0c318de3babe72f1e7f3ea91d5d280e0296fb63b59845a208986cdb707215
wqp,wqp:21FLSFWM-PALMIN,1989-10,ANFIS-F,314361,0fe71e376325663e8ff02a4bc48216c2493c8bc45a308972d45b0f873d10d9e2
wqp,wqp:21SC60WQ_WQX-B-327,2002-07,ANFIS-F,314361,0fe7364b76756bfe02318f8104908bb7e3c470772ecd7a31bc605382faa4d897
wqp,wqp:21FLORAN_WQX-CC12,2007-06,ANFIS-F,314361,0fe8d8985477a93246b013723e61aa3ff4b2644bd5c61eaa65222210a9ccb918
wqp,wqp:21FLSFWM-L005,1991-06,ANFIS-F,314361,0fe9b50c672747aac49359c7808460ff7ad05ffb6c015b449199f6ab198032ee
wqp,wqp:USGS-423526088380101,1984-09,ANFIS-F,314361,0feed7d3d32b3414070b80b68fd570164920f78b055061ea69ea45febce0716f
wqp,wqp:21NC03WQ-NEU018E,2015-09,ANFIS-F,314361,0fef7ed98316197bc65cb1ccb1c0c4087ea0d4d84bcacc5665bd779fc7829630
wqp,wqp:MWRD_WQX-MILTON3P,2016-04,ANFIS-F,314361,0ff281054a0ee2c16e58b066516f78a0ffa68bcf0fe088d066e293bf25581435
wqp,wqp:21FLSFWM-L001,1998-02,ANFIS-F,314361,0ff38310022e70eb0330af7e352c4bc8656d24677fcce31143b9c631cc09d9bc
wqp,wqp:CAPECRD_WQX-262,2018-10,ANFIS-F,314361,0ff5af6902362382f47a563cd23bb3adc70d6eafb06e5d025f8bf454dd22dc89
wqp,wqp:21FLSFWM-LZ42N,1992-07,ANFIS-F,314361,0ff62e3a04bcead245a896f71672843722bba2f3a2efa570aa40b5aae77c2989
wqp,wqp:21FLSFWM-L006,2004-02,ANFIS-F,314361,0ffa3e723868c842344c358e30b22aebf2aa1a3081040e763c38635c9b2c71df
wqp,wqp:21FLSFWM-L001,1989-02,ANFIS-F,314361,0fface1df89f3fa7c5d770994a23c1268028b4f6a151524337364661337f06c7
wqp,wqp:21FLSFWM-PALMOUT,1993-03,ANFIS-F,314361,0ffb2a03983e76ad7b199fdabd110323c5423cfd7b4a959b63181d8e822038f0
wqp,wqp:21DELAWQ_WQX-303051,2006-01,ANFIS-F,314361,0ffd086cde1ee1776ee4e6c4f50c570f3b9668211a04b7ea80058205c0c5bcb2
wqp,wqp:21FLSFWM-C03,1984-02,ANFIS-F,314361,1002d4ee63650e4121ea188178745b0386d45a64e27c22f558e9326f114241ab
wqp,wqp:21FLSFWM-LZ30,2005-07,ANFIS-F,314361,100d36ff95783fa0b20d27f113d1fc5de3e1c27736f8db7076a408daa59b4b2a
wqp,wqp:21NC03WQ-NEU020D,2005-08,ANFIS-F,314361,101191031191206210834b436ca0e024b97ec6501918c1ff223c28f4b87646c2
wqp,wqp:21FLSFWM-TIN8100,2003-12,ANFIS-F,314361,10122b0476354cf2f97cece39cdcd77abde9023a54babc2756e86b7c6083f127
wqp,wqp:21NC03WQ-LI01,2014-09,ANFIS-F,314361,101479dd714d00a6cce7b089943aadbfa60935aa6f1c886e51b47da27bc32697
wqp,wqp:KAWNATON_WQX-KN-KL-003,2007-02,ANFIS-F,314361,10154ccc1e599bf02aa0080388a5b882405c8fd737b9286e5c84dcf8f944f7dd
wqp,wqp:USGS-295554095093401,2007-11,ANFIS-F,314361,1017511efc331c0dadc4ce2bd11846a5762e3d20acc5f64f1a214b2bfe6f49f6
wqp,wqp:21FLCOLL_WQX-LKTRAF4,2005-02,ANFIS-F,314361,10181252b32c8f3c25611a0c0b367c63f20884b7d21a22e0bf914ee7db448126
wqp,wqp:21FLSWFD_WQX-23467,2016-09,ANFIS-F,314361,101cc93b1d236ff09bd040bf7ccdb35e7ac1e86c339ad8e2784fbd72abf6ef12
wqp,wqp:CAPECRD_WQX-280,2017-08,ANFIS-F,314361,101d5a204f9e4378aa16572f3b45c13c78d206459508ceeda4c56a672d353714
wqp,wqp:21SC60WQ_WQX-CSTL-075,2001-04,ANFIS-F,314361,101d79bb8f2014ff11242a058e40d41d7ebd0405977e9d5de9c2fbbd6a272e7a
wqp,wqp:AZDEQ_SW-33,2014-03,ANFIS-F,314361,101f2d11fc564ef962b0ca8d186008cdcf8d8bfa422fc04ea5e1308eccde32fa
wqp,wqp:21DELAWQ_WQX-205181,1999-09,ANFIS-F,314361,102175ec8187eaf90b12c7d7488ae2744599aa89e723fd43c2e939cbdb4d2d9d
wqp,wqp:21FLSFWM-LZ42N,1995-01,ANFIS-F,314361,102216b62e099709fcc6a4875cacf6cb9ebf99a1f287a3eda582b0a62e4d3ecf
wqp,wqp:MNPCA-62-0007-00-203,1981-08,ANFIS-F,314361,1023293244e9e5b63c10bf457142b2dd1e1b0243fa663bed8574a31a643513df
wqp,wqp:21FLSWFD_WQX-23479,2007-09,ANFIS-F,314361,102391b7855ccf548b761e131ab6e24592a6098c310cdb6bcbb96f8eb438514c
wqp,wqp:21FLSFWM-E04,2005-08,ANFIS-F,314361,1029db3376f5190ee396c26cb0db69ff16cabd9e73e11609f191db86fd49e0f6
wqp,wqp:USGS-01201700,1975-11,ANFIS-F,314361,102c20b54b71964676506f3c4dc4613d0069bf904dfd18237b355e9813f2adb9
wqp,wqp:21SC60WQ_WQX-B-339,2003-10,ANFIS-F,314361,102edbf911c5642008e13fe782373110db383e0499856953c3a7955eba0de684
wqp,wqp:21FLSFWM-KBAROUT,1996-02,ANFIS-F,314361,10305972168712e8f55a572ee108471821bba4f7f33c665fc7aa472d407c6496
wqp,wqp:21SC60WQ_WQX-SV-268,1999-02,ANFIS-F,314361,1032a357ee3ab8a26e5b00a33f437c749ef801f1f89397599e2f59e6081762f6
wqp,wqp:21FLSFWM-D02,1998-06,ANFIS-F,314361,103397b14aa8a916f716a56d7435661de32febdcd13636d8b4d964f6358dd0c1
wqp,wqp:21FLSFWM-E04,2006-06,ANFIS-F,314361,10347fb953e4193eb430b1a3445c587c59cafb1549dadb8073f6ac2f7c3ecad8
wqp,wqp:21FLSFWM-POLESOUT,2005-01,ANFIS-F,314361,1038d4d0df61ab3879bd55150b40413b92312befbdc6620cb3e32a140fbb7e23
wqp,wqp:21SC60WQ_WQX-SV-339,2000-09,ANFIS-F,314361,103a0bb6195481587c9be6f8ee5630034d41cf0eb416c98db5856bd0cc910441
wqp,wqp:USGS-07049200,2014-02,ANFIS-F,314361,103c12372bf4a3fea0515be12b824056f6976b865693f2126027303a31ac20cf
wqp,wqp:MNPCA-82-0046-00-203,2007-10,ANFIS-F,314361,103ce6d393566e953db3cf71040bac53518d5af563e33547b785d21666356f1e
wqp,wqp:21SC60WQ_WQX-S-308,2002-06,ANFIS-F,314361,103d98b503f46a22e18c4ff5ea1bb2770efa221436b6b29824cb21f4d8480b24
wqp,wqp:USGS-01201700,1988-05,ANFIS-F,314361,103ee8cf57f2ea3c916055a2566e15ec7e21d9dc3c0f16c341c890d1a4b9c8a5
wqp,wqp:21FLSWFD_WQX-23389,2006-11,ANFIS-F,314361,103ef5863a6cff8c4f45206adbbd25022f10c92d890143f7666f4b40283d7235
wqp,wqp:21SC60WQ_WQX-SV-268,2015-05,ANFIS-F,314361,1041e235d97a7ac4d979ed0391b1ca29e921b9d00a9fd97842eb34c1ee9c7826
wqp,wqp:MNPCA-10-0042-00-401,1996-09,ANFIS-F,314361,1047f8fda4756d0fbcdf9c02ddd4998009cec43854ec46a93ba2fccf7095e4a6
wqp,wqp:21FLSFWM-LZ30,1995-07,ANFIS-F,314361,104ace1b4edbad66d552253f3a63c60bc2b3e531852c21af69c6e4daccf77b1d
wqp,wqp:21NC03WQ-YADHRL051,2009-09,ANFIS-F,314361,104f4f1bde41efd1b6f2250f21c704cd8ce9e0b520ccf2095e995c9e8925ba37
wqp,wqp:USGS-072632992,1992-07,ANFIS-F,314361,1050f59853529e85f7a8aeb66bbaef6ab9c87fbb02ea9de6b54445beea1985de
wqp,wqp:USGS-07049200,2014-06,ANFIS-F,314361,10523e3eb978a7e92f7baef98116170d98ca175a6a7ae38ad54638ded83135b3
wqp,wqp:21FLSUW-ALL020C1,1997-03,ANFIS-F,314361,1052d001e336d109200db82b3227e516600110f4ef4155fb799f2848d4001aa3
wqp,wqp:21FLORAN_WQX-CC12,2006-07,ANFIS-F,314361,10545fa503536f6efa5f5e9d4962ed0c93d771151e0fefab7769d266fa5a17ac
wqp,wqp:USGS-07049690,1992-01,ANFIS-F,314361,1054818dc6bc72b0d43cdaa7c6b280992dea934c00889f48294626da693c5c1f
wqp,wqp:21FLSFWM-B09,1984-06,ANFIS-F,314361,10559e85ce467d802290952dded2f4e4d1780fa43da941a670a642745938b408
wqp,wqp:21FLSFWM-PLN2IN,1993-08,ANFIS-F,314361,105902adee59bb955253cc06a30afd50421f583a86b1c123a0b87a6472ffaee9
wqp,wqp:MNPCA-62-0007-00-203,2000-09,ANFIS-F,314361,105c443d456b2946c48601b2a3ca56621e20d2c3eb72b1a8854a27a166efb7e7
wqp,wqp:21FLORAN_WQX-HB66,2018-09,ANFIS-F,314361,105fff88f5ea41b252333d057a8790275f0f73c2b6683442eeb28c59ff894990
wqp,wqp:21FLSJWM_WQX-409555,2017-01,ANFIS-F,314361,1061058e11b2b5e13ff5b8133b8c3d3652c01277534e0b611695bceeee696f8c
wqp,wqp:21FLSFWM-ISTK2,1999-02,ANFIS-F,314361,1065fe0a34d3cd5b629225cb74e3451971bbaae412a9326f2fb1bc6f33d44072
wqp,wqp:21FLSFWM-ISTK1,1996-12,ANFIS-F,314361,1069e187561fa6a95c4e7060438d6ddddd69169ad2a81d3e9a57ea768c705a99
wqp,wqp:USGS-295554095093401,2008-06,ANFIS-F,314361,106a11a767946a90ed916c7fa3e8f3d01e52439386bc6298937c2e1a1798e0a4
wqp,wqp:21NC03WQ-B2450000,2013-08,ANFIS-F,314361,107554815fe1023eb4de4d37bc6fa661d11acc57cf950544ce65b7c39bd2773e
wqp,wqp:21FLSJWM_WQX-44148,2018-06,ANFIS-F,314361,10757cdec299e5aeaa020cd5ac59a2c811330e5a20b9f778cd1747ec2efe2e4c
wqp,wqp:21NC03WQ-YAD152A,2005-12,ANFIS-F,314361,1076600c7beeab0d9f1c8f670769c63e080dfa3241f300b6bc81579dc0153ee2
wqp,wqp:USGS-07049187,2010-01,ANFIS-F,314361,1076baad7a91ed277d64bda952f072246a045dd1e9bb0b1c9674dc5409034490
wqp,wqp:MNPCA-25-0001-00-247,1996-05,ANFIS-F,314361,10772e4cd450072385c53579ad4aff1c0afe1f352296ffedce30f72a3822eb69
wqp,wqp:21FLORAN_WQX-CC6,2008-03,ANFIS-F,314361,107b1a02e2fbe1f3df59d17840653d494938d6afa917eff83f0d11bf888c92b8
wqp,wqp:21SC60WQ_WQX-S-310,2011-06,ANFIS-F,314361,107eee5bf2e4b0bb7f8e619b66a1f2e1eb3d5f25964855a2f0c1cbb3ad69e3e6
wqp,wqp:USGS-423556088365001,1998-09,ANFIS-F,314361,10837a4bdd5b9df1d91a3c12f8503a35e945c71b08ba2771c52a70eadc9bee88
wqp,wqp:21FLSFWM-POLESOUT,2002-10,ANFIS-F,314361,1084113bf92d29d0f32d80fb0119fea28f1382a592962b89e1e88b83668aef18
wqp,wqp:21FLORAN_WQX-CC13,2010-04,ANFIS-F,314361,1086531c7c141abf54d742fbd4e739753a25bb0431b8054833bb090c82bd434b
wqp,wqp:21NC03WQ-NEU019E,2012-10,ANFIS-F,314361,10895231a3f679c98115015133ba784fe37b8ef2895b5f05702b47e4af5e45ff
wqp,wqp:MNPCA-86-0252-02-207,1992-07,ANFIS-F,314361,108bb461a56be449800f0f9c6b56650fd6ae2fb366ed062118f7c9d783566a7b
wqp,wqp:21FLSFWM-PELMID,2007-10,ANFIS-F,314361,108c97ce08efdcfe73df24f6dfcb0823247c0c1d0543a6650f2fb2bb486a29fe
wqp,wqp:21FLSFWM-KBARMID,1997-08,ANFIS-F,314361,10908bbc8bc995e7a5a79ac58b30f36c8c6fef6d29257a279befcbd6aca86a83
wqp,wqp:21FLSFWM-LZ42N,1992-02,ANFIS-F,314361,1090c10ac70357702af9f4fbf6d1cb34035f98391265f5168f4a6b57493d0d52
wqp,wqp:21DELAWQ_WQX-110011,2016-11,ANFIS-F,314361,1090fc91ab2e65b3b25a29d493f3e783ddb48a7d88f0fd2837f64859ad1919fa
wqp,wqp:21SCSANT_WQX-SC-040,2018-04,ANFIS-F,314361,1091f113b021d846af9622e892fb01f69602d07fc008ef031ec926d569db9715
wqp,wqp:21FLSUW-ALL020C1,2002-08,ANFIS-F,314361,10935fd7c3b69922fc504bdeae2602160c2ae06389b6a4f5483510b1cb7ec396
wqp,wqp:21NC03WQ-CPF055C6,2014-11,ANFIS-F,314361,1093b21a54a341b94ecb123e66afdbfd4f53466a98daf3dc08d57d6dbed1f297
wqp,wqp:21FLSFWM-POLESIN,1995-08,ANFIS-F,314361,109405bcae127a2e5113322d9e9c8bd0ee2da10eed3ceae899e9ce177a7e8ed2
wqp,wqp:MNPCA-02-0045-00-202,1979-03,ANFIS-F,314361,109754bc23b8c15a71c979226904226dc6f3c668fc830d8aa9a2a0857b56d0b7
wqp,wqp:21DELAWQ_WQX-202021,2012-01,ANFIS-F,314361,109ab243b58f232a62867e8fcd0949d0c7a02086bac913293c2e13b29e9fb922
wqp,wqp:21FLSFWM-STAKEOUT,1992-01,ANFIS-F,314361,109bb80dc89a46ee375ea96e3729c56a4b2e966867436136f471001eecb9aca1
wqp,wqp:21FLSFWM-KISSR0.0,1994-02,ANFIS-F,314361,10a3b894ef0db46d4412aaafa3876ac01a4ba57f898b88a7805d88388526ea11
wqp,wqp:21SC60WQ_WQX-CSTL-075,2008-10,ANFIS-F,314361,10a3c32eced29fe91daa759e1b52378eda968171e5b4ff1496e2badc3f3f116d
wqp,wqp:21FLSFWM-KISSR0.0,2006-04,ANFIS-F,314361,10a5910fbbcc7c59f192d95de488089620ea12d9fb61bf1554e3136ddbfa5a0a
wqp,wqp:21SC60WQ_WQX-B-345,2007-09,ANFIS-F,314361,10aa379598c42932af04fa01d039a2a1f2a7fe00c59cfc4c2241f3626453aa6b
wqp,wqp:21FLORAN_WQX-CC12,2007-02,ANFIS-F,314361,10ab2928c2f1e7ab2e38dbb6e6e05ed0935132834b13f821513802184fdf5487
wqp,wqp:21FLSFWM-B02,2001-10,ANFIS-F,314361,10adc801d1f96ddab10faf537673e0b455a416124fcbd14505dc51c59ea3b515
wqp,wqp:21FLSFWM-A01,1997-04,ANFIS-F,314361,10ae4a4ec5a941a15f92aef70c0e8fa47bc4b3f0a4f1b50c356b6702e49f31af
wqp,wqp:USGS-07048910,2003-05,ANFIS-F,314361,10ae685324b7ed6b33a8e81c15d5557147b98b502751ffd4df4846ce0df0bba6
wqp,wqp:21SC60WQ_WQX-CL-019,2002-07,ANFIS-F,314361,10afb565ec4baeb34bf303fecf3973c2382720ea46507d86c4df82992b15b536
wqp,wqp:21SC60WQ_WQX-B-345,2002-03,ANFIS-F,314361,10afb98173eec04f46059ecae1a20961d36748225fc44a3b53ff33618bb9b559
wqp,wqp:USGS-07048910,1993-08,ANFIS-F,314361,10b251312f977f3b87c8516635cd9234630874ce679302b9451675f800af841d
wqp,wqp:21FLSWFD_WQX-23479,2014-12,ANFIS-F,314361,10b4756f45edec12912a5a5ea96c87a24d410b5becd1244ad6403aa764239587
wqp,wqp:21FLSFWM-TIN16100,1999-10,ANFIS-F,314361,10b51275b259f7d7255dd9ac3afda6d745c8c30576496b9c6e244b3fe814ab20
wqp,wqp:21NC03WQ-NEU019L,2014-07,ANFIS-F,314361,10b692009482aae659d96011e2655eebcdfe282d2c4bcacf45aba55846ad2c28
wqp,wqp:21FLLCPC_WQX-GRIFFINTISH,2012-07,ANFIS-F,314361,10bab1285a7ac704e145dc824cd8dd9e0233ac07a8f5bddf227ee5b3e79c2b43
wqp,wqp:21AWIC-23,1999-09,ANFIS-F,314361,10bc82d1e45ca5f62d49ff38b9658a4269419f301aa337263b06a5ea3d3ec95e
wqp,wqp:21SC60WQ_WQX-S-222,2004-10,ANFIS-F,314361,10c0fdca0574b9c2ed9d5074aa3cbeb3af3296345c9d8ede7c520c4b2012b6a4
wqp,wqp:21FLSFWM-L004,1985-04,ANFIS-F,314361,10c238b7a0fa9a44a984f2f4e8d1bfbc47107daa6d46b7de2e20d9e67894c68f
wqp,wqp:21NC03WQ-CPF087B3,2018-06,ANFIS-F,314361,10c29347580bd0c41e8f58fc44c6ac14f047ada31f6c77c54476ab22bf9ec9a7
wqp,wqp:21DELAWQ_WQX-205211,2013-10,ANFIS-F,314361,10c52dd26ddca2534203a78a367306d83f6016b9ecafb1c58659e32ab17a28c9
wqp,wqp:21FLSFWM-PALMOUT,1990-03,ANFIS-F,314361,10c8335f56820455cc56d39e775547c4c869328b3d15b829f41b2a2396bacf9f
wqp,wqp:21DELAWQ_WQX-109031,2005-07,ANFIS-F,314361,10c86c1aff1c206c409c9b45175ad516fa822cdf3ed7422ab93b07b8e55e38e0
wqp,wqp:21FLSWFD_WQX-23641,2014-09,ANFIS-F,314361,10c8b4e234fce054f063fcd1dfbf1153ec1bfea2580706475ddde84f1fd03ea3
wqp,wqp:21FLSFWM-TIN13700,2006-01,ANFIS-F,314361,10cabc39ef6e7aba4c990a360ba36c8b6bd20751403a80e4ac4fe1c3cd71c3de
wqp,wqp:21DELAWQ_WQX-303331,2014-02,ANFIS-F,314361,10caf6cff595b997c670929bb550ff3dc53b8b70cbd8bd8b7629156122d825b2
wqp,wqp:21FLORAN_WQX-CC4,2009-10,ANFIS-F,314361,10cddb7d17e5262523cb3aeb9ab4ee6ad65f1fde52fc65213a01067b65f1df12
wqp,wqp:21SC60WQ_WQX-S-024,2001-08,ANFIS-F,314361,10d000e1430f9899a4f5b62d6a48f38356a6c4821f1f272bb687f97b4d4a68c8
wqp,wqp:21FLSFWM-CLV10A,2000-04,ANFIS-F,314361,10d19d869c9dd4517c4d01370e2f5b3e12f97043df7be0cfc0c6c2defbf41faa
wqp,wqp:MWRD_WQX-BARR3P,2017-10,ANFIS-F,314361,10d32f70d2ccdaef368b25f23c734d75582e1377ce577c91e0b0ed359abca271
wqp,wqp:21FLSFWM-L004,1979-01,ANFIS-F,314361,10d3d3f0ed486ea0fc8769cc1ebeed16363284d83b5f27c428951c0ba4884a2c
wqp,wqp:21DELAWQ_WQX-307171,2006-11,ANFIS-F,314361,10d590c6901d5932321dc419aa1dfb6148764cacf8cabbc171e114a045409f24
wqp,wqp:21SCSANT_WQX-SC-005,2015-09,ANFIS-F,314361,10d69cd6d109a3108c220ef52029a5dcd1f97f1610bacc26a4db9ee312259b99
wqp,wqp:21SC60WQ_WQX-CL-089,2009-12,ANFIS-F,314361,10d73a5f07557b8f8ebc5ab4fe199bdfe69289a0b6875842c16e0e9b0c01d0fe
wqp,wqp:21FLCBA_WQX-WAL-BIGREDF-3,2017-02,ANFIS-F,314361,10d8c45c211e9f7eeb47888087913850c0903bb98770cf300a711def23a7d3ef
wqp,wqp:KAWNATON_WQX-KN-KL-003,2011-03,ANFIS-F,314361,10d8f2bba5432d434fed489bbff8104e3d05740f3d863128d91e2a341ba61749
wqp,wqp:21DELAWQ_WQX-202021,2009-04,ANFIS-F,314361,10dc6d98c574467565bc4eb60fe891a9607fdb02bcb161c371aef8df08c0be92
wqp,wqp:21NC03WQ-CPF087B3,2005-08,ANFIS-F,314361,10dd4454bcd22f64106f5da534381042e0ae0d9228b08aa85a5f5d97607f0db6
wqp,wqp:21DELAWQ_WQX-109131,2016-10,ANFIS-F,314361,10df11ac9beeb18ad349010d59446d98522c3260e40633c135f4d0a0e33e8aa4
wqp,wqp:21FLSFWM-B03,1984-04,ANFIS-F,314361,10e046a5db6a331b7d894300bb1e4da028d0ab6d30faa012a5f4fca8b77e2c09
wqp,wqp:21FLCOLL_WQX-LKTRAF1,2015-11,ANFIS-F,314361,10e3d368c167a839f5659e64134585a9cb9332cf1f6e362e715dad5bfff2deb2
wqp,wqp:21FLSFWM-LZ2,2001-09,ANFIS-F,314361,10e4359bcb0ce7e6988dfa8a9d49ebc51fe5d1282ddc5344b614bf1dedaf01f8
wqp,wqp:21NC03WQ-NEU018E,2013-05,ANFIS-F,314361,10e4566fb495dff467c8869a1bc575834ed2b9e71430ca80ca5af506ea5f9631
wqp,wqp:21DELAWQ_WQX-109131,2018-12,ANFIS-F,314361,10e568be703e3041e708987676fa83750e7f09cc55ee3305577e7f01852ca66a
wqp,wqp:LAKELAND_WQX-LH8,2009-03,ANFIS-F,314361,10ebb51d79f7a6a1dee5ffd3d33da09cc69b8697cbe171169f7d6255c6efe3d3
wqp,wqp:21SC60WQ_WQX-SV-331,2015-06,ANFIS-F,314361,10ec9131f991cd7382a9bb837a990d2131c5f81d08a702c0e0ff9a1c153751b0
wqp,wqp:21FLSFWM-PELMID,1991-06,ANFIS-F,314361,10f0a99abd20a831c47f49151f29040e36352a0308db9738f8ed2c9c9f003b63
wqp,wqp:CAPECRD_WQX-290,2013-09,ANFIS-F,314361,10f173d202783ce78d85b464c4db69add7bdfe32193e461b96558937f49dfec2
wqp,wqp:21NC03WQ-CPF086C,2016-09,ANFIS-F,314361,10f3d8b4c136a82ba7b6d6f775b9ad907de6d94adc1dff7e4c584c298a712ed4
wqp,wqp:21FLSFWM-C01,1984-04,ANFIS-F,314361,10f578d83ee7c2029ea0605ffbc410910776ba41767bc3148c3315ded29facb8
wqp,wqp:USGS-07049690,1988-07,ANFIS-F,314361,10f76aee744860afd2a6eb18e167694c57aefd4149e28eba7d6eb7155577740a
wqp,wqp:21FLSFWM-LZ40,1998-04,ANFIS-F,314361,10f7cf234fd8bb76edd8d0272755c2c47b8bbdeb87b83bd3d9ed91489e5b8d8e
wqp,wqp:21FLORAN_WQX-CC11,2006-03,ANFIS-F,314361,10fb297c332e4ca8142e222a2bedfeec257d4a9ed3e71a0c55726a395abea4a9
wqp,wqp:21FLORAN_WQX-CC11,2009-05,ANFIS-F,314361,1100c30373a4ec7916e6c402c984955a32a4b7251b13308eab941ff13d1ecad1
wqp,wqp:21DELAWQ_WQX-202021,2011-12,ANFIS-F,314361,11018dd2c049f17d567dbae37e5560a335ecb7e5ca59f2ae965c7171e0210d60
wqp,wqp:USGS-07049690,2018-03,ANFIS-F,314361,110270b650cc669a57c3946bde4602897380fe6250cfd9ada33f7777be7fec53
wqp,wqp:21SC60WQ_WQX-B-345,2006-04,ANFIS-F,314361,1103b13d8905f9151692c743ae122794a4817e466dabcad2c0d9473a8766a770
wqp,wqp:USGS-0214157625,1993-08,ANFIS-F,314361,11072208f5d7f20e8cabe1dde88712b846d6d516ca40b0e5a6d04e10c3ddb031
wqp,wqp:CAPECRD_WQX-290,1998-06,ANFIS-F,314361,110b3347a98d7a10d2d343157920500cba21ebda354b3821e632456bfefbeb62
wqp,wqp:USGS-01201700,1981-11,ANFIS-F,314361,110bb8b54752388f88cd60ecc5f827334bdd7123ef664b55f360320e2c0956b4
wqp,wqp:USGS-01201700,1976-09,ANFIS-F,314361,110ce0bd080453d0afd1b8d3261b3cec235e1ea3dbb7d6db98dfa756ba003698
wqp,wqp:21SC60WQ_WQX-S-222,2017-06,ANFIS-F,314361,110d876855e9ca350c40c211e86238e3fca7bf5b4254086a8a7e85f2baaa9c43
wqp,wqp:21FLSFWM-OISLAND,1997-10,ANFIS-F,314361,110de37a6d448676df31f52cde9b02e466615058f05460034e5694fa5efd8775
wqp,wqp:CAPECRD_WQX-262,2018-02,ANFIS-F,314361,11132c18dbd8f9752c4c2341d8a7c8444db117a924b7e067dde0dd96004aee52
wqp,wqp:21SC60WQ_WQX-B-327,2005-03,ANFIS-F,314361,1115790cf1974691e9ee80f8e8898a3bdbbfb91317bd721d056f3cc514145328
wqp,wqp:21FLSFWM-MH32000,2005-02,ANFIS-F,314361,111c3f647c14a72d6bd16a84a46f3e2ebdc73da708a7ae4cb1b199a017295093
wqp,wqp:21FLSFWM-LZ2,1979-05,ANFIS-F,314361,111c9e27948179f99a2e01770531b4f6a42eeeb8b4f53c707d1916c9b45c483d
wqp,wqp:USGS-295554095093401,2018-03,ANFIS-F,314361,111d69ebd57b670647185e1eb7a991013ce12d53453f94f5c78e5beb167dbdbd
wqp,wqp:21FLSWFD_WQX-23113,2007-10,ANFIS-F,314361,111eec1dd22d49f177d30fef63a9210389e56830c2f29e32edb15a1b7de29414
wqp,wqp:21FLSFWM-TIN13700,1998-11,ANFIS-F,314361,1122070685f84f10905c60a65f1ea0fea2d8d1059fe331769eac7e1e519da03b
wqp,wqp:USGS-07144790,2018-06,ANFIS-F,314361,1124939871193c49f02dbbb07ebc6a8c528b4e1edc443c7377f5b80c6a1b452d
wqp,wqp:21AWIC-23,2009-10,ANFIS-F,314361,1126ec121e9c5f01a6f035e5114b1caba7d1498a852a8089fcbdf3da0eaa226f
wqp,wqp:21NC03WQ-NEU018E,2006-07,ANFIS-F,314361,1127cda70d9f0a62dd753a235af1bb39e235b0ae14875ebe9e35723612909c7c
wqp,wqp:21VASWCB-2-XDD000.40,2009-05,ANFIS-F,314361,11284c3122a104a525f1e4e9f332d63e43d3ee9bb7021e4ee5a47dcfec88f535
wqp,wqp:USGS-423556088365001,2017-08,ANFIS-F,314361,1129e2df1aef3df988d9b4a8d68431c1f117e0530bc1985e2ffab3e0da735bba
wqp,wqp:21FLSFWM-B06,1983-09,ANFIS-F,314361,112a2292b02a5d114ee8d0cc2c341b7ae0f6bd599cc3535e42c78ec9d3b8764b
wqp,wqp:CAPECRD_WQX-280,2007-12,ANFIS-F,314361,112b26a24f2120dff6a306ece907fff20381fb61ed6767d43bdb0a39770eca15
wqp,wqp:21VASWCB-2-XDD000.40,2003-09,ANFIS-F,314361,112de2b61c728e727a348000bd2c4c13d7ea2848777db6cbe8bc4f3dcda8133b
wqp,wqp:21SC60WQ_WQX-B-345,2015-01,ANFIS-F,314361,112ed84aa4843ae2276e3db0addfa3bde5ec828660dbba94c60f35ce14cfbf18
wqp,wqp:21FLCBA_WQX-WAL-DEER-3,2018-11,ANFIS-F,314361,1130b97f617b379cb34b6cb6a06641b644a2df9550c2d8f4372159a8353f4bc6
wqp,wqp:21FLSJWM_WQX-442129,2017-03,ANFIS-F,314361,1130d074e4077e2fc02c50e7b22f8ea5278d20d1f856709a639c1f5d8eb24f3c
wqp,wqp:21FLCOLL_WQX-LKTRAF1,2008-04,ANFIS-F,314361,11356416e309a00b35271fb4e280191aa8ce7628e40f0e74c33952afa805127b
wqp,wqp:21DELAWQ_WQX-308071,2013-01,ANFIS-F,314361,11367cecfd88dc25f96dc7fb5704d1d563411be3e36f94422cb0f8b5a83b09db
wqp,wqp:21FLSFWM-L005,1994-07,ANFIS-F,314361,1136c67656162e535695545cf91398f043230143cee7a75e382b7dc9edb3ba5f
wqp,wqp:21SC60WQ_WQX-SV-361,2006-03,ANFIS-F,314361,1137bd3b6c32310a2a6f248616cfde5511519611f15d5de9fa36476e8c6f859a
wqp,wqp:21DELAWQ_WQX-109131,2015-03,ANFIS-F,314361,11397cfaf61b07b73f4322fbe7c2671fe83ff873b5b51831edf540df5cc4ad4c
wqp,wqp:21FLLCPC_WQX-LKSILVERSHR,2005-12,ANFIS-F,314361,113ba3c98e6a420923bc83df96c51620a9227628bbdefd94e916013978114180
wqp,wqp:21FLSFWM-MH16000,1998-06,ANFIS-F,314361,113d9c41c63204495b5accaee1c0cb562df349980e9d29b0589c38290593457a
wqp,wqp:21DELAWQ_WQX-205211,2015-04,ANFIS-F,314361,113e4cb932b35c90ccb3672abc6334f2110b251af09a723a99665b1b0cfb94e6
wqp,wqp:21FLSFWM-L001,2002-07,ANFIS-F,314361,113e5722040a742eaa29272799a79ccb0021e810e08089a5b2fa9275ba3e41af
wqp,wqp:21SC60WQ_WQX-SV-268,2000-01,ANFIS-F,314361,113ea9a3278cf85cf126451ecabf1dfe8219167263d3d7ec06593922297f6e5c
wqp,wqp:21FLORAN_WQX-CC11,2011-08,ANFIS-F,314361,11431bb8cd0c405cf7c83bb6f74c205951cb47cb26a99eedd359119ca8cedb2e
wqp,wqp:21SC60WQ_WQX-B-345,2008-08,ANFIS-F,314361,11442b04cc8a079456581e6481eadefdafc42c13d4cae0935d453305abc07ac7
wqp,wqp:21FLSFWM-L003,1987-06,ANFIS-F,314361,1147e2588aac8441116635d92f06163260e95d4d9233570c1d772b516f0b3342
wqp,wqp:21FLSFWM-STAKEOUT,1998-09,ANFIS-F,314361,11481256a68376e783c16a5410b98b613e4645d75bc63d73260ef707ba6e83c6
wqp,wqp:21FLSFWM-POLE3S,2008-09,ANFIS-F,314361,1149e47c88b97563f75e557ce16634d1ebe700a9cea2a83f626fd4331ff41c13
wqp,wqp:21NC03WQ-NEU019E,2016-12,ANFIS-F,314361,114ae8bbe831da61d2ed0a49b3f050b4a9b726acbbe0bec53b23afdb69401ba5
wqp,wqp:MNPCA-82-0046-00-203,1984-07,ANFIS-F,314361,114b41a39c6bc665c00740d02466bea24c55eb60e0b7e11d1fc877b84bb0babc
wqp,wqp:21SC60WQ_WQX-CSTL-075,2004-11,ANFIS-F,314361,114b4258f65f1a8d132598db4d8789a0950b3edcd77b0b2bc8118edd15781edf
wqp,wqp:CAPECRD_WQX-262,2000-12,ANFIS-F,314361,114be04f91e334d62a9429fc18500c4c1be040fb075c593bb81a437559dc7d8e
wqp,wqp:MNPCA-86-0252-02-207,1982-03,ANFIS-F,314361,114c4eba3c741d6b6830650208d9f1f06edd4dd48abc538145c5a1455cbfeb07
wqp,wqp:21FLHILL_WQX-135,2015-11,ANFIS-F,314361,114c84b1f1f0d226bb1df3353e817434da6824c7d27c533a3327bf4dbf6429ca
wqp,wqp:21FLLCPC_WQX-GRIFFINTISH,2013-11,ANFIS-F,314361,114dced7cb499352c19f5ef14d537fbab7a18c38c747a9a1def93754a26cece6
wqp,wqp:21SC60WQ_WQX-SV-363,2010-11,ANFIS-F,314361,114e0d43a654e2e8790b13ddd0d92c4ce17f67fdb6829d9e14fb95f10471934a
wqp,wqp:21SC60WQ_WQX-CW-033,2018-06,ANFIS-F,314361,114f1e6d87908615299355bfec0276fc06e911ead1578390566ebe5f4a511eb0
wqp,wqp:21DELAWQ_WQX-308071,2003-07,ANFIS-F,314361,11529cca6192447c0c5f004b113ac97e9381fc3399541466c491589155aba352
wqp,wqp:MNPCA-62-0055-00-201,1995-05,ANFIS-F,314361,11548ab14e1f30c629f789ab1c1de7e747d7b0f7362c47bc24b18879c115993b
wqp,wqp:USGS-072632990,2007-07,ANFIS-F,314361,115864483a7b3227dc56d0de5ee0266890de636900754427ae9abc505f899258
wqp,wqp:21FLSJWM_WQX-44645,2018-03,ANFIS-F,314361,1159787e4f4753e505399deabc4b05f489de4ec12d0f89efd5917ce1574e96ab
wqp,wqp:21SC60WQ_WQX-SV-200,2000-11,ANFIS-F,314361,115ade236909b6ae613ce83a727aed8942564c9f41461f8311529f06c45e4f18
wqp,wqp:MNPCA-86-0281-00-201,1986-04,ANFIS-F,314361,115b8ec950b8c580c2dff5b2e82cd6f40bb0e0051de8a8d0cf879a7ab1937ee3
wqp,wqp:21FLSFWM-PELMID,1990-10,ANFIS-F,314361,1160671889da1f978687c2437f4e237d4fa6beeeac197275b910db710f0b3ced
wqp,wqp:21VASWCB-5ASRN000.66,2007-03,ANFIS-F,314361,1163009135a16d99f6f353693a56b2789231fc48b7f8290eacb2742bc3959491
wqp,wqp:21DELAWQ_WQX-307011,2011-05,ANFIS-F,314361,11631ad82cb6dfd037786ea071e63d254238b6f89b0a987c80ef3b072cfffe97
wqp,wqp:21NC03WQ-NEU019P,2015-11,ANFIS-F,314361,11636bc26ccd1e111f5dbff2243e6bb10f63f433edb0347d42a93e0fd6d69959
wqp,wqp:MNPCA-62-0055-00-102,1986-02,ANFIS-F,314361,1167d98e8bc1f80c586ee7c571ed029c34e5200d53b0586f9cb50b9001a2a162
wqp,wqp:CAPECRD_WQX-262,1997-10,ANFIS-F,314361,116898806ce914357a6aee9d993651c50b17be7c54f0b0530444f12f1917e693
wqp,wqp:USGS-294607095042700,2017-11,ANFIS-F,314361,1168fc3b5d71ae5ef4605ac3e647abc469b02db292263a095ac83b3c6045e7ee
wqp,wqp:LAKELAND_WQX-LH20,2011-06,ANFIS-F,314361,116a97c49c86ba065bc3e55f7ab7ae59e5e9bdbb962941e90e3cffa2dc6d1ed6
wqp,wqp:21FLSWFD_WQX-23477,2007-05,ANFIS-F,314361,116bd0e0ac9a39e7542a66f7dbe7cbe1e4ee7f1b495e4d2e1111cbbb263c172e
wqp,wqp:21FLHILL_WQX-135,2011-01,ANFIS-F,314361,116d60a4e4b037d4f19fc8bbe80d8c6bd9a7d75ee66d9bccb52e44b4fb8cd30d
wqp,wqp:21SC60WQ_WQX-SV-339,2006-10,ANFIS-F,314361,116db710c898a53bd25d56c39f5a2ad9f3a3cfc71d7a7e457b81d1d52b19b0ec
wqp,wqp:21FLSFWM-LZ42N,1991-08,ANFIS-F,314361,116dcf339df2214ef012ec932e3cee7604957870369cadfe6ce4a3c885446309
wqp,wqp:MNPCA-10-0048-00-201,1987-02,ANFIS-F,314361,116f71a8bc710c821f182fddc184eb6d3c1da9465d6bfce0664eac6bb18c8c76
wqp,wqp:21FLORAN_WQX-BC11,2009-01,ANFIS-F,314361,1172861fefe8dc4ba6d3579819e9e8918dcbf4ee8daabca0e61ceffb5acca184
wqp,wqp:21NC03WQ-CPF086F,2009-10,ANFIS-F,314361,1177cad329f1874b1defaabd7b052c236cc09c1d12b1fee055cdf775fa169ced
wqp,wqp:21FLLCPC_WQX-TROUTDKEUS,2016-06,ANFIS-F,314361,1179589b8542040b93cf7b0b40bfef5b70c383ce8d2c52f16902e6d214f973de
wqp,wqp:USGS-07049690,1990-05,ANFIS-F,314361,117df699e791ed2cb43d05a4059218db2315ef9a27d0054690a3e2cc313300ae
wqp,wqp:21SC60WQ_WQX-B-327,2001-07,ANFIS-F,314361,11860fe178e0b109ebe7271736ce50b5d7171ecad049574515564140ba8b5c4b
wqp,wqp:21FLSFWM-PALMOUT,1999-11,ANFIS-F,314361,1187533904137072d342e42daa09ca842d3eabf64af726e4efdb1d499d4a13cd
wqp,wqp:21DELAWQ_WQX-108111,2017-08,ANFIS-F,314361,1187f26b335813d6015ed393178f14d2e53d674f2db335d6beccde30d02024a9
wqp,wqp:21NC03WQ-YAD169B,2011-05,ANFIS-F,314361,11881d974d7a9a955a1d5d013df00ae2a00a1d0c3e6c8e6d994a5381460b8c8b
wqp,wqp:USGS-072632972,2011-01,ANFIS-F,314361,11890cffafb729de268944eca630d4fad15bd30caa1e86cc3365315eb5fc3a9d
wqp,wqp:21SC60WQ_WQX-S-024,2003-07,ANFIS-F,314361,118e71ae794d4df4b14c6a819180aef2277cfed972f0a5dd28d27febd0384420
wqp,wqp:21FLCOLL_WQX-LKTRAF1,2018-03,ANFIS-F,314361,1190b9d066ccf28aa59654a54bb598f63d95707ad661046b3e48713949a70d99
wqp,wqp:MNPCA-86-0297-00-201,1981-03,ANFIS-F,314361,119164460f234d7f65968793edc6163498d7a41e13032d026ce776aeb6f67e1c
wqp,wqp:21DELAWQ_WQX-202021,2005-09,ANFIS-F,314361,11933d2ba7c434e3c22b4b3dcb665a6c02a01fc5a4e0f1bdaaaf9e5d4918cf2d
wqp,wqp:21FLSFWM-B09,1994-03,ANFIS-F,314361,1193a04a59dcbd79c565a8bf751f2b32e7f44a6f282b0b3a4bad84146f3f216c
wqp,wqp:21DELAWQ_WQX-307171,2007-05,ANFIS-F,314361,1194188c1facf5f3f3718e67fa5ea76df82ee914354af8cd72392c77da6cc862
wqp,wqp:21FLSFWM-POLESIN,1989-03,ANFIS-F,314361,1195130edbe556828822bca24200d61af1260cd10b50534322c2b5aa88afe052
wqp,wqp:21SC60WQ_WQX-SV-338,2003-08,ANFIS-F,314361,119b06e78b0277f65e8db5773d47440c0e40eb651b6d967902073a95cae91394
wqp,wqp:LAKELAND_WQX-LH11,2008-11,ANFIS-F,314361,119c1d0c219d38f9c886b194355e838240b20601c2badbf4c30570a911788dc4
wqp,wqp:21FLSFWM-KBAROUT,1993-10,ANFIS-F,314361,119f7874469ee1603b2489aa4c7a6a7685531c212c0933a8bb46932f76a66cd4
wqp,wqp:21FLSWFD_WQX-23113,2007-02,ANFIS-F,314361,11a00888f0ad2f48fc97ae68530e4f2654061df8c24243c2b848cd8ad3994109
wqp,wqp:21SC60WQ_WQX-S-311,2013-03,ANFIS-F,314361,11a073469f355584c12f2b7ef6bb05ad88f935f4b0e5d5bbff996b3b40711100
wqp,wqp:21SC60WQ_WQX-CL-094,2005-06,ANFIS-F,314361,11a76ec4ccc5a693f694178bbfe07c712099abf76564ddea494d2494f2e25fb1
wqp,wqp:USGS-294607095042700,2018-05,ANFIS-F,314361,11a7f731be00b1fac705490d1bb96a08ee9eee8e7368b42c7b0f04452ac9281d
wqp,wqp:21FLORAN_WQX-BC6,2011-04,ANFIS-F,314361,11a8b9b3f153ed768d0b8253d50145c37c551a74b1e47937cf39211f9156464e
wqp,wqp:21FLSFWM-POLE3S,2007-02,ANFIS-F,314361,11a9595e82e6825a60cd0a86bb4ff49a13a6e0ce35ebb93a715f5115e3afa9cb
wqp,wqp:USGS-07049690,1980-09,ANFIS-F,314361,11aa2c1fbf1c436baca3b847a68f20797fbca333b5e39f8c2940ebee6d26750b
wqp,wqp:MNPCA-25-0001-00-215,1997-03,ANFIS-F,314361,11aa8018c1fa8da9647b4ec4265fcaf1e09adb5ab973d53164b6b2033901404a
wqp,wqp:21SC60WQ_WQX-SV-340,2004-02,ANFIS-F,314361,11aa91e8a7168c3873f6b2f442c1715bc86dffe318181637712faaf04985934b
wqp,wqp:21NC03WQ-NEU019P,2010-12,ANFIS-F,314361,11abbae5971d6a82c747d09af71a05096744610efb0071a0a1b8c63396255192
wqp,wqp:21NC03WQ-CPF086F,2009-12,ANFIS-F,314361,11b05251c0dce25f82b4a89fdb9bb52b723c910c425709cfee4b759343b341d8
wqp,wqp:21FLLCPC_WQX-GREENWSH,2014-06,ANFIS-F,314361,11b43c087d4e473b3ec250fd7996ad965e48af57856dec5f8eeacbfe603e4e7c
wqp,wqp:21FLSFWM-IPOUT,1989-07,ANFIS-F,314361,11b481dbcfff8f55c8a2b86f059914b294313edb9a2fcdc85842db2497d067c1
wqp,wqp:21FLSFWM-L004,1988-04,ANFIS-F,314361,11b744f4997a63c40c05598b3a7299cea8a6491c70bf7233e4007699e2bfa70e
wqp,wqp:21FLSFWM-D02,1985-07,ANFIS-F,314361,11b7b3868a0bcccb6a8c51ca97a385a57ddfebcd86e05a9314ad54af5aada1c9
wqp,wqp:21FLSFWM-E02,1994-06,ANFIS-F,314361,11b7d6a2091fd9543d086528c6e59c37e5c8b3604726783f8f58526f3cd5695e
wqp,wqp:21NC03WQ-CPF086C,2006-07,ANFIS-F,314361,11b9d0dde8cf66a76967653bb3f5d2762943a0fed579d715d1d1dea1c825454f
wqp,wqp:21DELAWQ_WQX-303051,2000-11,ANFIS-F,314361,11ba18b78a78b09c2d539dbae182897e9636c306ea05431f7ea4ec41d9ff40aa
wqp,wqp:21DELAWQ_WQX-304321,2007-09,ANFIS-F,314361,11bbff724cb6380593233fccdf8062bd25d9007a77a47d3390988af8dd6a81c1
wqp,wqp:21FLSFWM-KBAROUT,1996-09,ANFIS-F,314361,11bf54c3682773ce3245a9676f77216a05cea4fb8ae0f181af88df3f6bab5c73
wqp,wqp:21SC60WQ_WQX-SV-335,2015-05,ANFIS-F,314361,11c479885a1a69b70f4674bf61ca446247426c667dd77c7f61af658d2fc1d905
wqp,wqp:21FLSFWM-LZ40,1997-08,ANFIS-F,314361,11c9a9d1cbee69c98f637333501e76a36b0746bcd1ea128ddd0dba762a32555a
wqp,wqp:USGS-295554095093401,2017-05,ANFIS-F,314361,11cced9047d4968232abd8d8ab19d0178f1e5a1951190bcfb34bca6d6e23f6f1
wqp,wqp:21FLCOLL_WQX-LKTRAF1,2011-10,ANFIS-F,314361,11cdef42fef63376dc4eddd7a0a10eab16f95d8e465cbc6d9e261d22e7c1bf6b
wqp,wqp:21FLSWFD_WQX-23144,2002-12,ANFIS-F,314361,11cef0be0f087c87b7f2e4f3d8d0bc1539a86c5c6e566f8ecef5126c42fe3792
wqp,wqp:21FLSFWM-E02,1995-12,ANFIS-F,314361,11cf32385db075774d9465ca02a1f8a2d590f47e796171b8adfbac94c7c70e01
wqp,wqp:21NC03WQ-CPF086F,2018-03,ANFIS-F,314361,11cf685128436d53224e9e0bce7234d1f526e8d248b76f58e1ce603b4411c4db
wqp,wqp:21SC60WQ_WQX-SV-363,2008-03,ANFIS-F,314361,11d1a9b8d1777cfd76eceb5cfe743eff9d018599e22e342b8c846c10fae0e29f
wqp,wqp:USGS-072632972,1991-10,ANFIS-F,314361,11d2a963078f8dfc35202e3ddaec814de2f9440f1e08560113b5af49f5afd1be
wqp,wqp:21FLSFWM-STAKEOUT,1991-06,ANFIS-F,314361,11d548286a83e5eabeb4f49d7bf44c20d53137271690760906d8b0ddf2b87caa
wqp,wqp:21AWIC-81,2015-07,ANFIS-F,314361,11d76857db3ce7088517fc20737d44a3a53bca737d8683269aba439c816dc051
wqp,wqp:21GAEPD_WQX-LK_12_4048,2001-10,ANFIS-F,314361,11d84f32263201de0075005b59a84d3cc460d4d3a236c2532404fb26622281aa
wqp,wqp:USGS-07049690,2006-03,ANFIS-F,314361,11d8cf9f9160de0ff9a9393cadd5779274082cb4d55f82a6d9f8b8ba70a01bf3
wqp,wqp:MNPCA-25-0001-00-225,1990-05,ANFIS-F,314361,11dc5f4359016ad28dcbf7852180f2e05019f64acda65d07193bdc7d463e0c30
wqp,wqp:CAPECRD_WQX-290,2016-09,ANFIS-F,314361,11df575650b316926024e8c805eabde3a5f2af1b6350987bca266157c89cc9da
wqp,wqp:21FLSFWM-B01,1983-09,ANFIS-F,314361,11dfa2a22c3ac0f86e865ea7d0e063c5e13e41fe2fa0e402ec70a68cba882f89
wqp,wqp:21FLORAN_WQX-CC17,2014-09,ANFIS-F,314361,11e1d2535dcc461a595ee50716f20a9e1d9fb0531189b71c1e2fe34562fdadee
wqp,wqp:21FLCOLL_WQX-LKTRAF4,2001-10,ANFIS-F,314361,11e84baac41815ec7982aa168381c318d6bf34ea310a746e8d5ccce078d5bf19
wqp,wqp:21FLSWFD_WQX-23144,2002-08,ANFIS-F,314361,11ef646b99c9334e79504004b01b7ca4ca18622de0ed5aee55aa11eec1e40758
wqp,wqp:21FLSFWM-B02,2002-07,ANFIS-F,314361,11f53a69de7e3dcd53b1102343a5b75c661a9fced617b0169023128c1adee708
wqp,wqp:21FLSFWM-L008,1984-11,ANFIS-F,314361,11f93c363f528f3d2e8b7f30247a18062930ad9f9932a7f558e9de0d27f0242a
wqp,wqp:21FLSWFD_WQX-23113,2004-12,ANFIS-F,314361,11f9ddcbb6ca5de7ddb6de6dc7bdfda10e775ceb54225c46a2ca06086d5cd8c1
wqp,wqp:21NC03WQ-CPF086C,2016-05,ANFIS-F,314361,11fca1017a0a9c503ebe7d4e5257cd7704ff8060208b4c6eaaf9ee0b348fb716
wqp,wqp:21FLSFWM-L005,2003-02,ANFIS-F,314361,1203d87ccc6f09efc8fd84619f206ff10c681144abde0f6701c470b3f2198698
wqp,wqp:MNPCA-86-0252-02-207,1995-10,ANFIS-F,314361,120bfb9322314621c542e4159818c3156a163969951f3f5a5608f03098d271aa
wqp,wqp:MNPCA-25-0001-00-215,1990-05,ANFIS-F,314361,120d6b569c9802a5a9b0618e3e8885cf94bffdce74fe981f743321c3ee306cdc
wqp,wqp:21FLSFWM-L004,1996-01,ANFIS-F,314361,120de06394f36494accb3e4e27413236093e9a785fd44e3b6e5f0aabc8a6eed9
wqp,wqp:21FLSFWM-ISTK3,1991-01,ANFIS-F,314361,120fc97bbd9901cd06291ce2e28f132f47e97be5f3af9b16795776d2d1e538db
wqp,wqp:USGS-01201700,1979-12,ANFIS-F,314361,12130869aa5eae4f2d5fc1be63518797cd124066c1deb6c99f080cba8dc5910b
wqp,wqp:MNPCA-82-0046-00-203,1999-07,ANFIS-F,314361,12156f31a4c042924160f41e55add149184ad0704b350c60fdfd14bdbe8fbca9
wqp,wqp:21FLSFWM-TINOUT,1993-01,ANFIS-F,314361,121684a80871cf1b84a52c2bebab962a37c0d8ecd0f9e4d20ab16c28fbeaa8f0
wqp,wqp:21FLSFWM-D02,1993-01,ANFIS-F,314361,12185ae8749a1c10922792ac442cca3bfcd64d3acfb6fcdf02eb549a6cfd6935
wqp,wqp:21GAEPD_WQX-LK_12_4048,2008-06,ANFIS-F,314361,12189972f4c38d6b18d7a5ca386cfd035658c2733bdeabcb0a666998d96469b3
wqp,wqp:MNPCA-62-0055-00-201,1992-06,ANFIS-F,314361,121fb010982ab26a397c4c954c0295f7ca8e419530e3b9bb0b13b72deababb24
wqp,wqp:21FLSFWM-STAKEMID,1988-11,ANFIS-F,314361,121fcbf060943f69ec06f0b464a6cfa864a3d2e4ce814f0bce45e010f34a5133
wqp,wqp:21FLSFWM-STAKEOUT,1995-05,ANFIS-F,314361,122009cc48450e155a6c20b8869f8aa16545688277989626ecd91a042fe14508
wqp,wqp:21FLCOLL_WQX-LKTRAF4,2001-09,ANFIS-F,314361,12231137d7d8b63197a7cf4fca7c7b22a7ccc7e86a26b28a35c58d48dee729eb
wqp,wqp:21FLSFWM-L001,2005-01,ANFIS-F,314361,12233479c262e2f85a1ac6580de196be870401e951ce5c7083ee95869c4c8451
wqp,wqp:21DELAWQ_WQX-206461,2006-11,ANFIS-F,314361,1223f05264882522f94edc4c5f713ae09a912d8336e0e15a5c144a8e180450a1
wqp,wqp:KAWNATON_WQX-KN-KL-005,2011-07,ANFIS-F,314361,1227371490d81c7d1a0ef9dd6253ffb93bae6c1f84958e084ee18663849ece1b
wqp,wqp:21FLSFWM-TIN8100,2001-11,ANFIS-F,314361,122795b1100624332c2ff3ba21a064768b815fcb31f78e3236e70feebf19dfa1
wqp,wqp:21FLSFWM-KISSR0.0,2008-04,ANFIS-F,314361,122c0dbc95d1af5861fbc20fe03c3d7e9aed52084fc32e901c54a1fa41347dc0
wqp,wqp:21FLCBA_WQX-WAL-MORRIS-2,2017-08,ANFIS-F,314361,122d96f8a0a34e39bd6b9c87c666895f106b45c41aee24e4ba5ad844798ef6f7
wqp,wqp:21SC60WQ_WQX-CSTL-075,2005-06,ANFIS-F,314361,12320b6552f68f53b285f076e70446aabbe5d7ddd5303388007fe049d4492214
wqp,wqp:21FLSFWM-B06,1985-03,ANFIS-F,314361,1232fc731efdc49f8ea676d1b8e9b11b4feea27a85cee9773e54a7fd01820d86
wqp,wqp:21SC60WQ_WQX-SV-331,2011-07,ANFIS-F,314361,12345c38c1dbefa9bf1c32bbf255397ae251d66a7871ba7466a3aa42def6936c
wqp,wqp:21FLSFWM-D02,1992-07,ANFIS-F,314361,1236b857831fc7950455ae5bd45d0b96596c82468963a4a20fd24b5e41e89d2e
wqp,wqp:21GAEPD_WQX-LK_12_4048,2000-02,ANFIS-F,314361,123a499a9e6ff693b4d4449c5e2fb99b05c9b0cd0fa9afd79a99033898073afa
wqp,wqp:21FLSFWM-STAKEOUT,1999-07,ANFIS-F,314361,123d2422d7dd1c179f0b4505b1bc867e9fe7c9bf25227dd6d30d3d02723e7945
wqp,wqp:21FLSFWM-PALMIN,1987-06,ANFIS-F,314361,123dfef2fdbe1d285f955b2316b342d295598de90f63c370ac855d713b03330c
wqp,wqp:CPNWATER-WW#3,2014-09,ANFIS-F,314361,1240fbc099a8f7fc0d3bf043e74f150cccc3e6e48a01f361d82ae2a01254f2f8
wqp,wqp:21SC60WQ_WQX-SV-268,2005-10,ANFIS-F,314361,1244f56938f13f0c5a140d55e249d491536b54c25e6f6cffc1c83638b5450baf
wqp,wqp:21FLSFWM-POLESIN,1997-04,ANFIS-F,314361,12462a707da24747a64f9939ae80e22c36dedf5ace64cc021d1b2ff26a91d1c6
wqp,wqp:21NC03WQ-CPFMC03,2014-05,ANFIS-F,314361,124babe80a59ea05879fbcf27d1361080585635c94b8649da5f5cadc7d333de7
wqp,wqp:KAWNATON_WQX-KN-KL-001,2017-11,ANFIS-F,314361,124d64a4b331582dddeb2db81f15e91aaea9225dea8ca963f27260345d0ae757
wqp,wqp:USGS-07049200,2016-04,ANFIS-F,314361,1251efed98b589f80f829e9dd81fe5d93cfa0d31c2f72129f9e8469c2da49bfe
wqp,wqp:21FLSWFD_WQX-23477,2013-09,ANFIS-F,314361,1252d2136a3cf0db962683b7f49ba9c4f4eaf4e234bc448a64c88337039b6114
wqp,wqp:21FLSFWM-OISLAND,2003-10,ANFIS-F,314361,1257c88dac4b577f8c1513089c9eaa5f0b9d7928dd660c2ac2791e3aac0121d9
wqp,wqp:21SC60WQ_WQX-SV-335,2007-12,ANFIS-F,314361,1258516014cc1dc0f37f6c56f142b9e808746df4f69b671667d4069a2ac3210a
wqp,wqp:CAPECRD_WQX-290,1993-08,ANFIS-F,314361,125b6b108b621113948a5457a5f287b306b7d99c0ea58ea9a903ddcdbd6f513d
wqp,wqp:21FLSFWM-KBAROUT,1990-09,ANFIS-F,314361,125da2f838bd8db3fa73bd15e620936e9fa34039662c48d9a031ab2d976ca02a
wqp,wqp:21SC60WQ_WQX-SV-340,2007-06,ANFIS-F,314361,125ef89d0ddb7c12d96bc279f7cf3d8ff6a1acdcbf0b801f17fe7fc78d0917ea
wqp,wqp:21SC60WQ_WQX-S-311,2000-07,ANFIS-F,314361,12600683a8b09aafbed6e57dd7f33fbfb63a16a26cb47b8cdecd3c1f83e7bb3c
wqp,wqp:21FLSFWM-LZ2,2001-12,ANFIS-F,314361,12640a3e046a6a4e6c2133bad3c6bfb7d5703ca5393affe653a2211df6bb1ff7
wqp,wqp:21SC60WQ_WQX-SV-331,2017-05,ANFIS-F,314361,1265774f99d4298bfba6c0bf8d7f863ef12b23f2e10fe19c6c4fde7ac2d41a0a
wqp,wqp:21NC03WQ-CPF055D,2011-10,ANFIS-F,314361,12658250755ad431cf45a72040241163bbc61b77a0c7db315e1fdad04311082e
wqp,wqp:21FLCBA_WQX-WAL-ALLIGATOR-2,2018-12,ANFIS-F,314361,1265899e283899d86ddb3974a92403eb4d6f71ce676d953c63bce29e344a7c2e
wqp,wqp:USGS-07049200,2018-10,ANFIS-F,314361,12670985836fb4f3a21a57bbe53a83aaaafbd63062fb7014be7ba18d4e656686
wqp,wqp:21FLSFWM-TIN13700,2006-04,ANFIS-F,314361,1267ccad1d89aa40ca50558e4f9f3175e9d1d72025c6aa576e7b2102b793a2d5
wqp,wqp:MNPCA-10-0042-00-401,2006-05,ANFIS-F,314361,1268ff22daef033a059842c667f96c0ec49e2476e35d240086f111b4afb241d7
wqp,wqp:MNPCA-86-0252-02-207,1982-09,ANFIS-F,314361,126b0e3d469ac9ff8f1d00ca9d0980d38139c06a233512090894c117c6f6cfcd
wqp,wqp:21FLSFWM-L001,1992-03,ANFIS-F,314361,126c68845ac9678a36b1f55e40c1753374a7063aa9c961424528223c561e9e54
wqp,wqp:21FLSFWM-LZ2,2003-01,ANFIS-F,314361,126cc9f4efad84137351b2debf66889c932c475a010e746f1f4ff8c33d89ea56
wqp,wqp:21NC03WQ-CPF086CUPS,2013-11,ANFIS-F,314361,126f83452de4e9b8563f3c4272df577c1acff6e905badcf3683f3b5c3e92fcd8
wqp,wqp:MNPCA-86-0252-02-207,1981-09,ANFIS-F,314361,12714562cb472846c90ada9fea7bab021bc1c1d2955f011fc13947766e811cf9
wqp,wqp:21SC60WQ_WQX-SV-200,2018-06,ANFIS-F,314361,12722766ac36ba7249875a38d55cb7e84c55dc17b5e47117838629bec2918af3
wqp,wqp:21FLSFWM-A03,1982-06,ANFIS-F,314361,12722df5b50e428b0caf55db1a2516ed5125108456f36cfdb3b8a71e971eb0ff
wqp,wqp:21FLCBA_WQX-WAL-BIGREDF-3,2017-05,ANFIS-F,314361,127343136c10698935252b5d463631f925a2b85189f6b1f87b88b6f3188c4581
wqp,wqp:MNPCA-62-0055-00-201,1984-12,ANFIS-F,314361,1273ba0cc59fca7f39a0cab06edfb449568dab1fdfe4b73884c4c0be570ce5ce
wqp,wqp:KAWNATON_WQX-KN-KL-001,2007-12,ANFIS-F,314361,1275bd6ef878dad340fc442bfc1cf5d6678ccc13b2859fba98585a0c68455922
wqp,wqp:21SC60WQ_WQX-SV-338,2007-02,ANFIS-F,314361,1279b92283cc3862d7a037b63e4c48a1a1bb02ddb5956d5866e03f27922e815b
wqp,wqp:21FLSFWM-PELMID,1988-06,ANFIS-F,314361,127b0402b629b4b4d128a80a56b69a427166ae0e1f0fd6f688d13c5ad6dedf8f
wqp,wqp:21FLSFWM-A01,2000-06,ANFIS-F,314361,127f1f8bddc0e07c0e17c01a9ea81ee734f3a30a247c1d8143801b8ac502e6b5
wqp,wqp:21FLSFWM-IPOUT,1989-05,ANFIS-F,314361,1282dfdae9bad9193e904777c545e2d0fa01e41d2e93c952f0bd2911c56a0e41
wqp,wqp:21FLSFWM-B09,1992-04,ANFIS-F,314361,12835bad5360329338829bf756012e38706d49c0843c365bf7e6cd999b42a106
wqp,wqp:USGS-423526088380101,1990-08,ANFIS-F,314361,12866d8db7ad505c3c703fd46bd693627f1772e5c15a67dd002687c65b994f11
wqp,wqp:21FLSJWM_WQX-44678,2017-12,ANFIS-F,314361,128877cae59877ee537094ce717fa8747672ab2031cc30f89a8edb059d262dac
wqp,wqp:21DELAWQ_WQX-208181,2012-12,ANFIS-F,314361,128d5e2b5a5a8b7cbab8d26095a0dca5863c83d7d1bb439d983ddc142b5630ce
wqp,wqp:USGS-072632972,1995-07,ANFIS-F,314361,1290ceb333f2ebea8b46b05f611ebf7078d5c5a1ac58cd8860ff6b6304c7e899
wqp,wqp:21FLSWFD_WQX-23113,2017-07,ANFIS-F,314361,129235e664e869a86c2f7f2e912e0d3cb47eee4e0aed3ef49209df6563d75cd7
wqp,wqp:21FLSFWM-LZ2,1987-04,ANFIS-F,314361,1296770aa7be742574a9ee62061fdab5513004c73af07cae45dcde333d34c897
wqp,wqp:21FLORAN_WQX-HB68,2018-10,ANFIS-F,314361,12975d7fc8bc344a24511e6b6356f990063ac680c5a4a069092736720abe66ca
wqp,wqp:21FLSFWM-TIN13700,1997-06,ANFIS-F,314361,129b2516f346310612ff398b5b40b41b812b371c72e8c774fee861a92651fd23
wqp,wqp:21FLSFWM-POLE3S,2006-06,ANFIS-F,314361,129ee93a18f4f223e4ae1a82491fde18e1cec7af73b2ce5dc3b6b7015af1711a
wqp,wqp:USGS-423556088365001,1986-01,ANFIS-F,314361,12a07f667002614c049f30b9ea227298a2457b96e7e2253cd4b35cc45d98ee45
wqp,wqp:21FLSFWM-POLESIN,1994-07,ANFIS-F,314361,12a5042fc9a6749d01094b2d21653594f8bdc6e0fbe829aa8301e712f425f0b4
wqp,wqp:21FLSFWM-E04,1993-05,ANFIS-F,314361,12a65c3abd99d2d95b4560bb869db2391624792e0b386cfcc14b942dd01e77c1
wqp,wqp:21FLSJWM_WQX-44158,2018-12,ANFIS-F,314361,12a689641e09b5cf8be4f7bee24d9682d4d606952ae03795bf2aa8bb1462c4ad
wqp,wqp:MNPCA-25-0001-00-231,1991-10,ANFIS-F,314361,12a6c7907a964ba4c89b3f55ee2ebb08cbd653c621e49e13bbea6c4d12242cb6
wqp,wqp:MNPCA-25-0001-00-225,1996-04,ANFIS-F,314361,12a7d81e39f2cd05597fa81ebda5628494d0f6467f00415fa100594cc591ed77
wqp,wqp:21FLSFWM-ISTK2,1989-01,ANFIS-F,314361,12aa4e6981cdc8f2fda86c51f1054dfe2e97c1cf0ae3c1150cc0db5eb00dbdcd
wqp,wqp:21AWIC-23,2018-09,ANFIS-F,314361,12abed24327bc5c777376d76a20bf02fdf24a91448f1de42bee92437916e4b98
wqp,wqp:21NC03WQ-CPF086F,2008-01,ANFIS-F,314361,12ac3253a8760d150f5fca35632e3ab0d0908a26e099add4bd80278525a6efcd
wqp,wqp:21DELAWQ_WQX-108111,2007-05,ANFIS-F,314361,12acc1a371bb37038fa29f98cff54ef397d3c4bbd3bacea177e6459ccbac50bb
wqp,wqp:21SC60WQ_WQX-S-311,2006-06,ANFIS-F,314361,12adb4dc49cf8a8613a8d6d69779e69d0aab92439ee2ea067bf5f978b6ffdb42
wqp,wqp:USGS-01201700,1982-03,ANFIS-F,314361,12adc00f64f9e325f336cdd27f517a52467114159a4aa1b3b1955087083f5124
wqp,wqp:21FLORAN_WQX-CC17,2015-04,ANFIS-F,314361,12ae52252f6d56d90ec4b1981b972c335bae11d3d8f2c5a3d1ef2a184f62ab95
wqp,wqp:21SC60WQ_WQX-PD-327,2002-06,ANFIS-F,314361,12afbf5f50b4779695f41436f2ac4c161835e11c69070d9d7b2853d51776080d
wqp,wqp:21SC60WQ_WQX-SV-331,2009-01,ANFIS-F,314361,12b295ff67c28b4f39a820327ce5c8bfe703de10529b3051a61fe0ba8bbf77e8
wqp,wqp:21FLSFWM-ISTK2,1995-01,ANFIS-F,314361,12b578ef308ff46530f048540f09bf45015e2aaaf373ff71d1f18cf5f98b8204
wqp,wqp:21DELAWQ_WQX-206361,2014-02,ANFIS-F,314361,12b6327a66ad20d7a9a3579c2904f4bb94c2f8bb2811d564098c7fc9b8d30d21
wqp,wqp:21FLSFWM-A03,1999-08,ANFIS-F,314361,12b677421ed3e845b7b15e6ad66671d0b354979f814e0c777fead22d93f7cd23
wqp,wqp:21FLSFWM-B02,1990-10,ANFIS-F,314361,12b74b56d3830709103e00b286ce92689765d12c4bbc75e53852ee41f6a7eb71
wqp,wqp:21SC60WQ_WQX-SV-357,2011-11,ANFIS-F,314361,12b9da99504df6c63874a7270336d08d7285ea7b1448f677abed3e136fece927
wqp,wqp:21NC03WQ-NEU019E,2006-04,ANFIS-F,314361,12bb011ce883718ecb64cdf6bf4324465689ab76beaae7fac8cabaf7bb85df92
wqp,wqp:MNPCA-02-0045-00-202,1985-06,ANFIS-F,314361,12bb2972e7be60182fbf4090eb3e7f293752b2cb6486102e26df98757dd3976d
wqp,wqp:21FLSWFD_WQX-23588,2007-10,ANFIS-F,314361,12bb2a789e2c09e201fb7565d764de381d6e962714e4ea5e30083d1151d6cac2
wqp,wqp:MNPCA-10-0042-00-401,1996-05,ANFIS-F,314361,12c001a84104b4ebbb6acad91a4723d94daf66131495eb0d994939a0b4b6da9c
wqp,wqp:MNPCA-62-0055-00-201,1989-01,ANFIS-F,314361,12c0da1d88f429d68576edbadc0a95cd1dab467a0c8d5118e9f2f01e524974a7
wqp,wqp:21FLSFWM-A03,2005-08,ANFIS-F,314361,12c33bbdc536ee3057aa40987dbceb5c3e77fb79e355e884c7589246fb0f53dd
wqp,wqp:21SC60WQ_WQX-S-310,2006-12,ANFIS-F,314361,12c40d1373c19b3cbdf9a3ffaf289bf953c4a6de49aa6dcd6929bce65cd38c95
wqp,wqp:21SC60WQ_WQX-B-339,2011-11,ANFIS-F,314361,12c5368c5cd17801ee67538c0a3c75378a970093e8c6c5ce27ad2694f9d865d8
wqp,wqp:21FLSFWM-PALMMID,1993-01,ANFIS-F,314361,12cab1fd1669d78bd2bee1d9d3073fa9c88bed2e8debd0084689cddfb0b3a474
wqp,wqp:USGS-07049690,1996-03,ANFIS-F,314361,12cbc6c13b4a586871d8d0b7dee66620e076ea1438adaa30756b1e4731d492e4
wqp,wqp:21SC60WQ_WQX-SV-098,2004-04,ANFIS-F,314361,12ce77143ec9f890690d4ab029fd30062b58059741e875fd0cd2fa94d5836ece
wqp,wqp:21SC60WQ_WQX-B-327,2014-11,ANFIS-F,314361,12cfc75b0af620c684061627fa54a63b374706473b943f93fbf712b5aa2b40fc
wqp,wqp:MNPCA-10-0042-00-401,2008-08,ANFIS-F,314361,12d25dabeaebd8f93f0e5f516ca8e739ecb7649fb0b5835bdcb37991371745bd
wqp,wqp:MNPCA-02-0045-00-202,2012-06,ANFIS-F,314361,12d405ccd41cdbff9a5db3402d602d789844058d3b9d705624092dc8ce929158
wqp,wqp:21SC60WQ_WQX-CL-089,2003-08,ANFIS-F,314361,12d422bd651f7c7d56f418c9006866333f1bf9e315b41dd627297199f205a6f4
wqp,wqp:21SC60WQ_WQX-SV-331,2013-12,ANFIS-F,314361,12d494f85b6033ca24f51619bf5e22c536d4b215195180032f6fe0a7cbaff951
wqp,wqp:21FLSFWM-A03,1999-02,ANFIS-F,314361,12d51a04e63f7b383caa6558ddb71cad1f027a22007319ac9ce5b9ff341c112d
wqp,wqp:USGS-294607095042700,2018-11,ANFIS-F,314361,12d87a5aa435cee55b421a1fb09876ff6166607414ecdbfaa44ea09544558938
wqp,wqp:21FLSFWM-ISTK6,1994-04,ANFIS-F,314361,12d9669e538581052e8a744f39b178e571ef006ff165bbfab5124c616eb71a23
wqp,wqp:USGS-01201700,1976-03,ANFIS-F,314361,12da5b6ef7d2df9bffaba9ef688ac3ff3ce31068bcb58d91570d8a8e5c40bc69
wqp,wqp:21FLSFWM-E04,1998-06,ANFIS-F,314361,12df9b543117baa10538d4c0cffb00e50e6b58cb88ec93b75fd53f345e405001
wqp,wqp:CAPECRD_WQX-290,2001-07,ANFIS-F,314361,12e02696f30a02d7783ff03766213d237086e038c36713e14798cfe7c7d9e38e
wqp,wqp:21FLCOLL_WQX-LKTRAF4,2011-09,ANFIS-F,314361,12e30bff6ae4f2835f76377645509512bf0b9a70accdecbeb846b1fde4e9d289
wqp,wqp:21FLCOLL_WQX-LKTRAF1,2001-10,ANFIS-F,314361,12e53289939ba88ea7ca7df9ce8271f07b3791fd9b8dacfe600f673250b09ed3
wqp,wqp:21FLSFWM-POLE3S,2005-12,ANFIS-F,314361,12e576c0dd6cc913448a513081e561e9d876556541584928cc34f047a73ca82c
wqp,wqp:21FLORAN_WQX-CC9E,2008-10,ANFIS-F,314361,12e82934f6c15da4fa1cabb9d1011e0f82fd16acd1ad9fe6a476e18920226cb5
wqp,wqp:MNPCA-02-0075-02-203,1982-04,ANFIS-F,314361,12ec6f7c4a12e2001c29d8f50330e1ff631020a7e7e82797d9a7d407aabe2b37
wqp,wqp:MNPCA-25-0001-00-215,1992-06,ANFIS-F,314361,12ed320770f7d2e74e8f6b4d34f07e99ad7382d970606e28caa52cb7bb0ff628
wqp,wqp:USGS-421420121481700,2013-05,ANFIS-F,314361,12f1445171748761f92b6ad4f70690ed1ef22f7298d2c245a62c85a4fe882552
wqp,wqp:21FLSFWM-PLN4OUT,1991-05,ANFIS-F,314361,12f19f5576a6cbac360aa3f6b4b6c4403879a23da40ccaff5973db420a3d67b4
wqp,wqp:MNPCA-25-0001-00-232,1993-05,ANFIS-F,314361,12f2e20ade5a109707469a42d8f36abe4c2e241a3014460a7e415b6452b180c1
wqp,wqp:21FLSFWM-L008,1984-08,ANFIS-F,314361,12f425f7169cd425eee3261ffa82109645cfa7c408d8af13319e2344daa42016
wqp,wqp:21AWIC-23,2003-07,ANFIS-F,314361,12f4e627cea12dc56c057a14e160c4a0385767eef6f0d2b3ae53ae5e942aad90
wqp,wqp:USGS-07049200,2013-12,ANFIS-F,314361,12f5be8ab008ad633da762df53d9c5244dd7d3bae72fda1fe07b06ef92d032f2
wqp,wqp:21FLSFWM-L008,1993-11,ANFIS-F,314361,12f6c7a090b917ac9b0d011bf11e1ac7600316013ebb48080e6e38dd92ce2da9
wqp,wqp:USGS-072632972,1991-06,ANFIS-F,314361,12f87b108bed2a19aae5dccf0ba2f2dab0f4bd0e8c4c737595802ea21753b179
wqp,wqp:MWRD_WQX-MILTON3P,2016-01,ANFIS-F,314361,12fbd414d4c3393c4329729aa857917ceebb8f37c6364f135b713e5dc3c31a77
wqp,wqp:CAPECRD_WQX-280,1994-09,ANFIS-F,314361,12fc4de29b4efe3b5b1f19b10d9e6005e4e9d397b856d3077c3a2e60b5da77cf
wqp,wqp:21FLSFWM-KISSR0.0,1998-04,ANFIS-F,314361,12fddc893c41179dd4fd52b58c00824b15edbb07e8e9d5b808184e8a396aa48c
wqp,wqp:21FLSFWM-L001,1989-08,ANFIS-F,314361,12fef35f7a26e31ece9445655dcf0f269d6441a72d607bc7105c2cf15cfc1a7d
wqp,wqp:21FLSWFD_WQX-23467,2018-06,ANFIS-F,314361,12ff894f8af5f175f5904c5c73726b98606950f5932b1d4373e56f67e460df68
wqp,wqp:21FLSFWM-LZ2,2001-03,ANFIS-F,314361,1301ff43ea72aa36f21ef72e709f482a8f1014849967d8db83984150c915db16
wqp,wqp:21FLCBA_WQX-WAL-ALLIGATOR-2,2017-02,ANFIS-F,314361,130284d4f1003541d8deb3f03d88f8a2acf541a941ff66c77c56fe5b29cd15b8
wqp,wqp:MNPCA-82-0046-00-203,2004-08,ANFIS-F,314361,13030aa6acd74020bb88301b93dcf24ed6a244dd6cd48f49cbc078a78b1980f5
wqp,wqp:21FLSJWM_WQX-44618,2018-05,ANFIS-F,314361,13062a110b8580f7f6f1804003aca44b390b8f4f7cb3e45854c70225704f1954
wqp,wqp:21SC60WQ_WQX-CW-207,2000-10,ANFIS-F,314361,1308b253024b60b823bb2e9b8ce56b0d67be9aca03d7144ec1e32da8b19b685a
wqp,wqp:CAPECRD_WQX-290,2000-10,ANFIS-F,314361,130a531ec0f64ed02ab9d056f38edf69644bf61faa0fc0ea8a91e47b98834f9e
wqp,wqp:21SC60WQ_WQX-B-345,2007-11,ANFIS-F,314361,130b1e94349898e3b98e4dc363e78bf01a6eec721cd972bf9c6013939c93cfd9
wqp,wqp:21FLSFWM-L006,1982-08,ANFIS-F,314361,130fa42e1a89c2fe4798a3eb407d6ccc4d02075bf003d44087ca0bfcdbc9cd02
wqp,wqp:21FLSFWM-E02,2000-03,ANFIS-F,314361,13118781c07927c022cdeb36e77e2067d5cb5bf48375e3488632f85d615a6326
wqp,wqp:21FLLCPC_WQX-TROUTDKEUS,2016-07,ANFIS-F,314361,1314e7a11d9a50b90c9121a2ee8e12bf9b12274d6cd508207785f20bf9c98024
wqp,wqp:MNPCA-10-0048-00-201,2010-05,ANFIS-F,314361,1315b9ea4e931f18767ab02e3dce4d08cc0ca9aff67dcdd0b102357f7fd2ecb0
wqp,wqp:KAWNATON_WQX-KN-KL-005,2010-01,ANFIS-F,314361,131790e9eafcf18eac42fcf1dbdd84a1d0e73c6f5bb464a74daf5d3b0617ca92
wqp,wqp:21FLSFWM-B06,1984-11,ANFIS-F,314361,131825f9455ebd15f241c8a2adfc28dd65560d393f8d2801c3d8dfad2a7099f6
wqp,wqp:21AWIC-81,2015-02,ANFIS-F,314361,131f13fad36a59b4b603fd397ee4253bc17c48609280c5ff72baa0306ba34db4
wqp,wqp:21SC60WQ_WQX-SV-363,2016-06,ANFIS-F,314361,13208837bda199d0e1617b71ca2eef841a22df169f16aeedcaebd7b81ccf2196
wqp,wqp:21NC03WQ-NEU019E,2005-03,ANFIS-F,314361,1320c78d3ae5e5ede8f294e05089a469d4da8b64e9923c2b4594611ab717bcbd
wqp,wqp:21FLSFWM-E02,2002-02,ANFIS-F,314361,1321de4caf7e4dac3983c2fa15210704f3f2bc29638ad55f7e15ca4f23ca5011
wqp,wqp:21NC03WQ-CPF086C,2008-09,ANFIS-F,314361,13238452989e787ebb9ed2ddc6e67813718c61e9bf30bdb2e1784d2e714a342c
wqp,wqp:MNPCA-62-0007-00-203,2003-08,ANFIS-F,314361,13241146fb02af93e9e26ddb15456e850b57feb841d85eca3c12595c79d48a2e
wqp,wqp:21FLSFWM-LZ42,1997-08,ANFIS-F,314361,132552a4ca72392e823f82224c84225f1014da9f196e0bf0b713d638e2a7f70e
wqp,wqp:21NC03WQ-CPF055C4,2015-10,ANFIS-F,314361,1327aedd7094fb24866d401b2e21d50d3f63b4f486ded5a5aa4ab4a358330a0c
wqp,wqp:21SC60WQ_WQX-S-311,2018-05,ANFIS-F,314361,1328568eaf3d29969f90883315af1f81539990e093d6f1f740dfe11048eb6617
wqp,wqp:21FLORAN_WQX-BC6,2011-01,ANFIS-F,314361,1328c52732d6e8a14bc6479b21b5565bfe4c7103297b0172a822321cfbb95b7c
wqp,wqp:21FLSJWM_WQX-44158,2018-09,ANFIS-F,314361,132bd119236cd010ac5b959dbc4e3920db5edf48e40afb30a21c466609f1a08d
wqp,wqp:21SC60WQ_WQX-CL-019,2002-10,ANFIS-F,314361,132c8b1853ccc4c3998e538d1d901e188ae6b5990192541e3baf3a732cb71f59
wqp,wqp:21FLSJWM_WQX-44494,2018-10,ANFIS-F,314361,132d178ab2f27cf4c74e78efe5481aede6b0a14d4ee731ce26a0ce4da3ff4c65
wqp,wqp:MNPCA-62-0054-00-101,1992-09,ANFIS-F,314361,132f42c0aa25b0cbd6b0e24c2ba6c72164a06923c563a15843689f2849b06d75
wqp,wqp:21DELAWQ_WQX-308071,2012-06,ANFIS-F,314361,1332e320c2b81679a7e75cf15554c8b1ec85748a24f95f46a6c729a104e0aaf6
wqp,wqp:21FLSWFD_WQX-23477,2008-02,ANFIS-F,314361,1335d9ffa6440ed052a4183228bd07932a4cbba2e07c8315d0b98dd2fc32ec43
wqp,wqp:21FLCBA_WQX-WAL-BIGREDF-3,2017-09,ANFIS-F,314361,13366435c5541b806d2c76931aca5f5a0f1896587729e06d71cabd13463ff486
wqp,wqp:21FLSFWM-L006,1985-10,ANFIS-F,314361,13368011807aaeaebc346ec7853b175c1d4b1fe0439a08952a7e6d0780cd895b
wqp,wqp:21FLSFWM-L005,1984-04,ANFIS-F,314361,1336c7c6dac57c7790c67dafb09196bac213c93fa370542a39cc5bb52fd820ce
wqp,wqp:21SC60WQ_WQX-CW-231,2008-06,ANFIS-F,314361,1339ca4f068702041f24660a42d205776bb815f23cfbd23a49e0775940665d29
wqp,wqp:21DELAWQ_WQX-206361,2011-06,ANFIS-F,314361,133b5ae6f3ee324c53f0cff3297dc01b4aa8f610be4d530046545cc43bee81e3
wqp,wqp:USGS-14211940,2010-12,ANFIS-F,314361,133b6ad9f8f571482e297ee7a72b380d3c5c7b82e052d989c47fd895139ebc05
wqp,wqp:21FLCOLL_WQX-LKTRAF4,2008-06,ANFIS-F,314361,133d1e59d661e56fe7a51efb3a6c3b76ecd9f4fe327b085fcbfe007f6b7062eb
wqp,wqp:CAPECRD_WQX-262,2002-12,ANFIS-F,314361,133d2cecefcba27f682f1779f106dcb1f4b4582c09178ed36d53260d2597b519
wqp,wqp:MNPCA-62-0013-00-201,1997-05,ANFIS-F,314361,133e91bd7f1622eba7c72c44cf50b98a0f6b3056023a4da46d1f068502dd4b77
wqp,wqp:USGS-423659088354401,1987-08,ANFIS-F,314361,1340ed1f6b116ea0abe6fbbcae4c434b327ce5a9129b05cf965c51204ec5d516
wqp,wqp:21FLSFWM-L001,1985-12,ANFIS-F,314361,1340f0fc9fb707bc43534e929bde53ba1e2ad4f88df8b13dbd74c7c837b6a92a
wqp,wqp:21NC03WQ-CPF055C1,2015-02,ANFIS-F,314361,13422feb702dfbad1cb38370161fa8ea246db2b2c12f5e6061be16547e4c74e3
wqp,wqp:21FLSFWM-MH16000,2002-12,ANFIS-F,314361,1344dd5407bc58acbedf4afe1bca39d99e40e4db8e02927453d2e3dde503b9da
wqp,wqp:USGS-07144790,2005-05,ANFIS-F,314361,1346b8d52f38e123df4f2cd0b14593fc11b9aba063bde65e088ac516c9d39a2a
wqp,wqp:21FLLCPC_WQX-GRIFFINTISH,2016-04,ANFIS-F,314361,13481104e1492ca36dd4f14b06894048ee5424a5a0dd67b7002b9f4c89fa11ec
wqp,wqp:21SC60WQ_WQX-ST-032,2003-11,ANFIS-F,314361,13482577b9717a0909a4c668251e06dd2a11a9fa3de5393e6ac16340734cefd8
wqp,wqp:MNPCA-25-0001-00-232,1997-09,ANFIS-F,314361,134a6afa7845cfa567f385b13418ae1f57361735b165aad685e996afbacb8173
wqp,wqp:21NC03WQ-CPF055C6,2013-10,ANFIS-F,314361,134d263b8b02ade284b407e835e8b8820a05ec23c4fdbce436b44e17c11a1998
wqp,wqp:21FLSFWM-STAKEOUT,1999-12,ANFIS-F,314361,134e1a4d8f0ed0f17c871dc4d28bc8cffab75f811ca250e7979eecee4ee21f19
wqp,wqp:21FLCOLL_WQX-LKTRAF4,2018-03,ANFIS-F,314361,134f3511395337a0e95c61acdd611a7ed64fd77ba615ccdc4b648ea9ba940788
wqp,wqp:21FLSFWM-KISSR0.0,1996-07,ANFIS-F,314361,13509b406a2bfa53d0be0cca7dc91301cea050f073fd950c2d9d67be48f371a5
wqp,wqp:MNPCA-86-0297-00-201,1981-07,ANFIS-F,314361,13520e8f3b5f34b7f5752ee0c46d0ee7f1b55aec2040920424230d1e854069d0
wqp,wqp:21NC03WQ-LI01,2012-04,ANFIS-F,314361,13537745f5c83d13d8ae6b0c9366feb042092f31766a7eb7e94eb07811cfe37a
wqp,wqp:21FLSFWM-L006,1980-05,ANFIS-F,314361,13542600b589a288193a5f09f6e188217968221597171220535d8148e5b0c30d
wqp,wqp:21SC60WQ_WQX-SV-363,2007-03,ANFIS-F,314361,1354b5826fde70ef68c4831f5031aa4a425f0d2f11ff2720821e26381c96591d
wqp,wqp:21FLVEMD_WQX-SJ17,2016-07,ANFIS-F,314361,1355b757f02d9cee625b553017f3f3e19b5e7a0f215de68c5b00503373ac61e5
wqp,wqp:21FLSFWM-A03,2001-03,ANFIS-F,314361,1355c8d1e281783e5e4af514415bbeb740ef4a81a1000db60d27090330d92a51
wqp,wqp:21SC60WQ_WQX-CW-174,2016-02,ANFIS-F,314361,135815adb9fd21b86e6b16131727920623c39b09d848dc62dfe1adcf9f499dbd
wqp,wqp:21FLORAN_WQX-CC13,2016-08,ANFIS-F,314361,1358d6c21c1328a3dc8074cf437f9ae9feb20387d7e2800126a504868f7345aa
wqp,wqp:21DELAWQ_WQX-208181,2013-12,ANFIS-F,314361,13592a40eb9952734288acd11e93acd38106422514ed66f4103dbdc3ad2e34e7
wqp,wqp:21FLSFWM-TIN16100,2006-05,ANFIS-F,314361,13594b9b71d1ad2f410b03f8091fe1da469be526208cbeff9463736e6ae7e980
wqp,wqp:21FLSFWM-ISTK2,1996-12,ANFIS-F,314361,13599f8e8f1e800d73a8f59d5473048231ad77b1791459019b081b36dd46c275
wqp,wqp:21FLSFWM-LZ2,1978-08,ANFIS-F,314361,1359d9814644d04e7fb2b2a2f1a1145dcd9c6e60c122d5baba2304619c209ad8
wqp,wqp:21FLSFWM-PALMIN,1988-04,ANFIS-F,314361,135c908427e870a5a7ba06476e2b16234775831f19f5e8d1857c9d359ebb9988
wqp,wqp:21FLORAN_WQX-CC22,2014-12,ANFIS-F,314361,135d6a4e21958712db98e5580fc412926e2c12fcb31146ac6ed375129289d2fa
wqp,wqp:21AWIC-23,2000-07,ANFIS-F,314361,135e3cd8f0f757229b2f5ff9475bc2400983d45ff88815c1c17086c5ab93dc1b
wqp,wqp:21SC60WQ_WQX-SV-340,2004-12,ANFIS-F,314361,135f47fc5a9179a12edc40342744e7fcd4349835def23565091a01f89cd9e593
wqp,wqp:KAWNATON_WQX-KN-KL-002,2007-07,ANFIS-F,314361,135fa629ac66e84eb15dce55c4e2481ea0bac14900ab2256fb848a3685e24506
wqp,wqp:21FLSFWM-STAKEOUT,1996-11,ANFIS-F,314361,1363393b637bbc05daded0eda673946f2d7c3ae5df1927d7a78d14b07e524a31
wqp,wqp:21FLSFWM-A03,1994-07,ANFIS-F,314361,13645d71950d777bf60b6382100c2e2cf612b30685599e417af3e73ea13484d7
wqp,wqp:21FLSFWM-D02,1988-11,ANFIS-F,314361,13658f6480fdfae3e123a9626eaf5c39deb200268c5ceea2c451e75870e1da01
wqp,wqp:21SC60WQ_WQX-SV-268,1999-03,ANFIS-F,314361,136599754b579f50cc8c42d53177b99d73c50b3496832da28656db52c1149281
wqp,wqp:21FLORAN_WQX-CC13,2006-04,ANFIS-F,314361,1365d137b8910c2edf37afd50b758848fb255627b5afd3ba1ca9b278527cbdd2
wqp,wqp:MNPCA-62-0054-00-101,2002-06,ANFIS-F,314361,13666b686146545c5b4dfb5fd9933ca96b9df52fe0ea44b8f40e7bc2ec5a9394
wqp,wqp:21FLSFWM-KBAROUT,1986-07,ANFIS-F,314361,13677eade36ed3962c236ac76d6eeac3eba35bad0779c29e122ed856f4156b98
wqp,wqp:21FLCOLL_WQX-LKTRAF4,2016-03,ANFIS-F,314361,137357afa8c9996ffe453831cd9d6e13646b232e9ebffebd6cdf80ed6e98ee3d
wqp,wqp:USGS-07049690,1995-11,ANFIS-F,314361,13736ea7d057363444e2ea087946457a4bb410b976ac8335114c25de46b122bc
wqp,wqp:21FLSFWM-POLE3S,1995-01,ANFIS-F,314361,1373893ece99144cd54d49073ce072ea50b13eb84d1c7d74a1744f067728545c
wqp,wqp:21SC60WQ_WQX-B-339,2011-05,ANFIS-F,314361,137590f580e1e4f227217eac6af1448ea5859e85aa3803c9c31d125f74dc8a04
wqp,wqp:21FLORAN_WQX-BC9,2005-03,ANFIS-F,314361,137ac8e51474cc6e586faf932825e4e0654b726557c671c84c5510f49cc8ec71
wqp,wqp:21FLSFWM-RITAWEST,1988-12,ANFIS-F,314361,137d37a97f303c3668ff980b84eebf2da67f2d800bba4eb30cbd0d34ab4e521e
wqp,wqp:21NC03WQ-CPF086C,2015-09,ANFIS-F,314361,137d8635e8119b57b3c57359be4b50ffe41cced552a51563a97a7da9efe7fb4c
wqp,wqp:21SC60WQ_WQX-PD-327,2014-03,ANFIS-F,314361,137ec1f858c8a0428418b578a2ecb49748335315ceeda0f2d433685bb82bec69
wqp,wqp:21FLHILL_WQX-135,1999-12,ANFIS-F,314361,13808a6388d24c926b195834ada3c20b3a1642d1367efdbaac983871ca387f4d
wqp,wqp:21SC60WQ_WQX-SV-357,1999-12,ANFIS-F,314361,13810ca25b943a098373127b733447e9b46033d599c49f3ab78041b960f359df
wqp,wqp:21FLSFWM-POLESOUT,1996-02,ANFIS-F,314361,1381dbf49b557024ffe0fb699d4041870cac6799c4858c76ea9bb379b5f13bc2
wqp,wqp:USGS-0690367690,1993-01,ANFIS-F,314361,1383b39c5bfd7a1d182c10121a823aeb55f6ddf0389c7ccd470bb212b330a129
wqp,wqp:21FLSWFD_WQX-23389,2014-06,ANFIS-F,314361,13880812e038e0ce9b89db892b8d28bb3628d9e9745b8abfeccc15762370a5ff
wqp,wqp:21FLSWFD_WQX-23588,2005-08,ANFIS-F,314361,1388b71026a4faa545ef34bb034392c460fee31f29034716b29fc43e444dcdb1
wqp,wqp:21FLCOLL_WQX-LKTRAF4,2013-04,ANFIS-F,314361,138a28242d8e7c0d7e43ae4a2a483b9a413cf5c64b44a22cfbe90f520bc94cb9
wqp,wqp:21FLSFWM-TREEMID,1987-07,ANFIS-F,314361,138a66408c6e1cb9330a4a626ae6fb9cba99bc67a89b6440cfc38f55f26a9470
wqp,wqp:21FLSWFD_WQX-23113,2004-02,ANFIS-F,314361,138b42b6fcf938b67cb6a1667966dde446d11fb4f0a72e1ad29d7bb4eead2216
wqp,wqp:21FLCOLL_WQX-LKTRAF1,2010-07,ANFIS-F,314361,138b85f25c4a4f1f0d460c74697d3d9c11c83b923cbd42897fbbc9d86c0bb384
wqp,wqp:21FLSFWM-STAKEOUT,2008-09,ANFIS-F,314361,138bc1d1b17136c75b718c4d01da83edffe25eeb94df2e37009320fd793b21c3
wqp,wqp:21FLSFWM-ISTK7,1990-08,ANFIS-F,314361,138f31b1856b7f0e53b9b6404aeb3f1f85dae71532dd5a850a58dbcfb7add578
wqp,wqp:21DELAWQ_WQX-308071,2017-04,ANFIS-F,314361,1390547c3df6689bb729fa774c3c418c39103b2b1e005af10faa37e6a97ced9a
wqp,wqp:21NC03WQ-CPF086F,2000-06,ANFIS-F,314361,1394984bf6c59dd7948522282c947c5133963ffb91b9c78b84519d57a9a382fd
wqp,wqp:USGS-07144790,2008-04,ANFIS-F,314361,13950887bab644522d0cb75e49f803135da266fafae3afae015b1c9bd455bfa1
wqp,wqp:21FLCOLL_WQX-LKTRAF1,2005-09,ANFIS-F,314361,13956538898a15ead46ac4a070a0bbf712c57fba15ec26db10b00d1350e0970d
wqp,wqp:USGS-423556088365001,1987-08,ANFIS-F,314361,13956d5afa6bae06002b9763cff361194fd4c129263ea6bd89691804945e65fb
wqp,wqp:21FLSFWM-TIN16100,2005-01,ANFIS-F,314361,1395b893eb4008d482b4c9c3e75cec4fea494294562d838fa6b5009506bc5c9e
wqp,wqp:21DELAWQ_WQX-206361,2002-06,ANFIS-F,314361,1396e45f15f024117fd7e12d2fd8f4005cd6d7c6a54300296b63b06a44c072d1
wqp,wqp:21SC60WQ_WQX-SV-236,2010-05,ANFIS-F,314361,13992af3cc96a228942404f984c064be5293b9ee4975ca76c860b7373c3256a6
wqp,wqp:21SC60WQ_WQX-ST-032,2006-06,ANFIS-F,314361,139972421a590021f6bedf97b0445edf0afe2167d91665c64e7058215d1a8e22
wqp,wqp:MNPCA-86-0284-00-100,1992-09,ANFIS-F,314361,139ae53d021842cf4e060a6d54a693f770a2660593b08c271efddcbf474508d7
wqp,wqp:21DELAWQ_WQX-307011,2005-07,ANFIS-F,314361,13a115e696ab70d5c019d98b301b77a1301c5cd4d3fc3ccdf80b9e7d6fb55564
wqp,wqp:21FLORAN_WQX-CC22,2015-10,ANFIS-F,314361,13a3a2c2004b7b4fd0a5d476be39d97369a3c02cb30ae74e7258fa92713caec3
wqp,wqp:CAPECRD_WQX-290,1997-02,ANFIS-F,314361,13a65879bae8f939f746eee674b6dadf3f11d4297cca6c71f4400b849a460e8c
wqp,wqp:21FLORAN_WQX-CC4,2007-09,ANFIS-F,314361,13a672b9aaeb29e87553a0252ae77bdff6588d02754f018dfbf0c65bc29c5a6c
wqp,wqp:USGS-07049200,2009-06,ANFIS-F,314361,13a8b60c4b79bce53f9fff19afbdce60ab521e4cc910b7ba3f651900cc0942e3
wqp,wqp:21FLSFWM-PELMID,1998-10,ANFIS-F,314361,13ae41f23496cd326a31869dece654a7fe73f1f357cb494c522ccf694e377247
wqp,wqp:USGS-07049690,1979-01,ANFIS-F,314361,13ae8d20908f03d8cc2ad0b9c934c60bd9386732f1cb30dd36f8fea5b69d010c
wqp,wqp:21NC03WQ-CPFMC02,2014-11,ANFIS-F,314361,13afc67bd1b6b3dcf1405c6f70a51efcca8b232462432f32f5d247045df3ee13
wqp,wqp:KAWNATON_WQX-KN-KL-005,2008-10,ANFIS-F,314361,13afe99e8502f53a7846a8ec35f7181bf185428a5be82c9217ef7c5f147472de
wqp,wqp:21FLSFWM-L003,2006-02,ANFIS-F,314361,13b13bc4e444584b0b63f0ef48012f9966db1e53c3289d5fa0ec017f31def858
wqp,wqp:USGS-07049187,2009-08,ANFIS-F,314361,13b41faba16d3fe1106b52dbb452775c5dd1d8d02b1f0cd39eeb8909d103c470
wqp,wqp:21NC03WQ-CPF086C,2005-01,ANFIS-F,314361,13b461efd52722372169eb132e1786b7ed4628fa1ef860066c15380f2a4806da
wqp,wqp:21FLORAN_WQX-CC18,2007-12,ANFIS-F,314361,13b4be3382976a87f23e6721b5134b0d72cc6ea785c7f497e7fc2d6c67e53dc4
wqp,wqp:21FLSFWM-L003,1996-09,ANFIS-F,314361,13b4f2f8928ca40e0464fa07d7ad662124b04755443114096ddc3e6b1cec39b4
wqp,wqp:21FLSFWM-POLESOUT,1992-05,ANFIS-F,314361,13b74ffb37d84a6808b5937067422d94e69554488f87f6f6f6554dce8a3e2c2e
wqp,wqp:21SC60WQ_WQX-SV-200,2008-07,ANFIS-F,314361,13b827a90bdd2ef23454e50890758cc9aa855e4a210052b5b8585980c285b788
wqp,wqp:21NC03WQ-NEU019E,2012-05,ANFIS-F,314361,13b8def3eed29b07108f9e78df62521fe278949eae38e9882adbbb4df947ff3b
wqp,wqp:21FLSUW-ALL020C1,1998-08,ANFIS-F,314361,13ba90196b41bbb78317dff3907810bb0e84bc050c6b4e468d6d0f40b85011a8
wqp,wqp:21FLSFWM-LZ42,1994-06,ANFIS-F,314361,13bd895481f8637b6af08145f3aeba7b0a4c3d99b3e8c7ea40a93d0593cc62c5
wqp,wqp:21SC60WQ_WQX-CL-019,2002-05,ANFIS-F,314361,13be06d3f6969ed00ee18b76071d91320d28be388449b4261aa61cbbae5a4034
wqp,wqp:21SC60WQ_WQX-S-308,2001-05,ANFIS-F,314361,13be713cabd25e99a90513753df77d1111a354590d2b880b18689cc68d007698
wqp,wqp:21SC60WQ_WQX-SV-098,2013-07,ANFIS-F,314361,13be983c77da0dc30e6a08ac23493b19bc75d2384d1bc0645a14a9464a31d1a0
wqp,wqp:MNPCA-62-0055-00-201,2011-10,ANFIS-F,314361,13bffb2a425bb96777616d0ee54cc100992a0ac78ef56d540cfa50736f47deb6
wqp,wqp:USGS-421420121481700,2013-11,ANFIS-F,314361,13c4244b037010839b5e07f2d0e0c436f39908f59b8152ab6ea4b50be21813bd
wqp,wqp:21SC60WQ_WQX-SV-372,2018-10,ANFIS-F,314361,13c511688072017a3316ae26347612ebdb79ba869a116562e2142c363eed6777
wqp,wqp:21DELAWQ_WQX-303051,2018-08,ANFIS-F,314361,13c75520e1b27ce4792553a823fc964428f476afc4146eb6f1db24619cf2601f
wqp,wqp:21FLSFWM-L001,2008-02,ANFIS-F,314361,13c961f4c449f8280adeb959fa7b83de32813b7d2492fc1d798e26f3eccb7ae7
wqp,wqp:21FLSFWM-STAKEIN,1995-07,ANFIS-F,314361,13cc2b7805de8a779db2d26d0528fe68681affa7302c403397bfbe1983dc350b
wqp,wqp:21FLSFWM-PELMID,1989-08,ANFIS-F,314361,13ce03e0572ac198f063c213f63183b48774560e3fa1e54ae82ea3823afa0dce
wqp,wqp:MNPCA-25-0001-00-215,1996-02,ANFIS-F,314361,13ce7936a81d6c0ccf6a15ffcb61c53d31a4c0095d0c6f19b275b081eae44df0
wqp,wqp:21SC60WQ_WQX-CL-019,2008-01,ANFIS-F,314361,13d29f714b3c588d60cf4b495e45505ad27b0cebb61c051a5b71959d1a12e8d4
wqp,wqp:USGS-421420121481700,2012-11,ANFIS-F,314361,13d306fa37cd9bacaf8299256c10b14a43f62969c483654c1a4308a42e074c45
wqp,wqp:21FLSFWM-LZ42N,2008-11,ANFIS-F,314361,13d3b3b3fda2d74beeea0325d0823500cfca64d69e2f58889f4df5402a809908
wqp,wqp:21SC60WQ_WQX-S-308,2001-06,ANFIS-F,314361,13d3db21d70f5c34a2d902eff75b0b43656a6b36b276299e3b1c80b0dbe1b399
wqp,wqp:21SC60WQ_WQX-SV-331,2013-08,ANFIS-F,314361,13d3dda657a8b411458723bf931c23dc30566fff6e7342486bb1b0f0eb0dcb7b
wqp,wqp:21FLORAN_WQX-CC6,2005-08,ANFIS-F,314361,13d4bbce13dbb6559fbabc3bd3f81b48079839f140e244fed26098f1c7398d76
wqp,wqp:MNPCA-86-0284-00-100,1984-07,ANFIS-F,314361,13d8adfed3a81e1a4376f46f3b279dcdbe9cbc5fd9d08a0321c7fa33001df0c9
wqp,wqp:MWRD_WQX-BARR3P,2006-02,ANFIS-F,314361,13db74de784227767e72733efb62cdeab22c14f096b4e7a3645a0b93f7eb8645
wqp,wqp:USGS-07144790,2014-11,ANFIS-F,314361,13dc7d62937ebdd2bbadb651fd879c8302051115e31f490dd1d8cb2b34eb3977
wqp,wqp:MNPCA-02-0045-00-202,1991-04,ANFIS-F,314361,13dcd505ce02ad5da1f63e4488da57de53d5a4d847b0bbd7e558263db1c8eb61
wqp,wqp:21FLCOLL_WQX-LKTRAF4,2013-10,ANFIS-F,314361,13e76e2e4efc5fce6de24d7785ad16200a88286193056a30543fe84ea335669f
wqp,wqp:21SC60WQ_WQX-ST-032,2008-07,ANFIS-F,314361,13e90a3131b5d9bb2e7b06b4ee7b4de3436c8f68f65fd7cbc1af56e7dec5bd94
wqp,wqp:21FLHILL_WQX-135,2003-09,ANFIS-F,314361,13ec2089d3b8d57339514c0c40e7949e6e7f41233720530108de1a7b0817e2b0
wqp,wqp:21FLSFWM-B05,1983-08,ANFIS-F,314361,13eed37aa8ff3fa7ebb74d36e6e8be30619f30a91ec1fc11e30549621469b5f7
wqp,wqp:21SC60WQ_WQX-SV-331,2006-02,ANFIS-F,314361,13effd42edf6f37b115a3099fe10a8a32a5fc8bbc6de922a7ce2426528f67ec9
wqp,wqp:21DELAWQ_WQX-208181,2008-02,ANFIS-F,314361,13f0208e303e483c32d3e1c6438489edeccb4cffcb6e9f2c25997ad50b731f0f
wqp,wqp:USGS-07049690,2010-08,ANFIS-F,314361,13f2ff93d4730dfc9635cca7830eaf4d26cd7b72e851505e597fc492e4bf5bcc
wqp,wqp:21FLSFWM-D02,2008-06,ANFIS-F,314361,13f9b39a1d9168fdc7bfb6635d5f5af072491c7148ccfc96b6a2f80878a8f78d
wqp,wqp:21SC60WQ_WQX-SV-098,2000-10,ANFIS-F,314361,13fd8bb3d444906d6702cb60ce4aa0eee899d0466410ab454b8d6f026f146568
wqp,wqp:21SC60WQ_WQX-CL-019,2001-02,ANFIS-F,314361,14045f64d5cb6dd045cf005ee105aa892369b3e2c6b42701ed5c83f6a9e0939d
wqp,wqp:MNPCA-62-0054-00-101,2008-09,ANFIS-F,314361,140573dfd3c2984ae9dd91da6ffe2682e024af3f5f583fa786796c86138b3851
wqp,wqp:21NC03WQ-NEU019P,2011-06,ANFIS-F,314361,140831f7eb7116e2ac093012d50906d646a4c7c53c35fef97a68e739d05f11cb
wqp,wqp:USGS-07144790,2011-06,ANFIS-F,314361,140a065cc558c6f34c5f2da42737a368a0a7fc778501d5cc2a7731e838024406
wqp,wqp:21FLSFWM-L008,2000-08,ANFIS-F,314361,140c18e5363de2a0859f3784923e58e88f20f4e032f08052457e209d4ddba0cf
wqp,wqp:21GAEPD_WQX-LK_12_4048,2002-09,ANFIS-F,314361,14127804a880f5bd602aa6976d56a3af81d09ada72a911bd95e21a52bb37c216
wqp,wqp:21FLSFWM-B09,1995-10,ANFIS-F,314361,1413325a82f9bc96d44eb92cf1247f623e030f4f6bf256a7b9deacc8d72206da
wqp,wqp:21FLSFWM-L006,1979-11,ANFIS-F,314361,14144df6cc4fa2fad1b85a3c500db2bf1a86b9f821b6f2c84bce21921115b24c
wqp,wqp:LAKELAND_WQX-LH8,2009-12,ANFIS-F,314361,1418f6be69bd5b195319c84ddb90ab8dcf3b1378cf786b209c9f0364f53eb6c9
wqp,wqp:21SC60WQ_WQX-CW-231,2005-11,ANFIS-F,314361,141901675f48f3f13519669a8641e1d7ab23dcf9ce2d89c3a996380a6574f3d7
wqp,wqp:21DELAWQ_WQX-206361,2016-02,ANFIS-F,314361,141c4a775aac8837870e5dd2c634d68d8958ab6ac16c3c2dd2a8bd3523b74238
wqp,wqp:21FLSFWM-MH32000,1996-07,ANFIS-F,314361,141d148d8173044690ee32d8262d20abc19775525c6d2b63eb79e6061040e002
wqp,wqp:21FLSFWM-D02,2007-03,ANFIS-F,314361,141d4ffaabfdad8dc9fced49b18deadb13a4a773a09d0b4624c2aef16a7da5d8
wqp,wqp:21DELAWQ_WQX-208211,2007-08,ANFIS-F,314361,141d901d45b34d46941a6d0f11734ed801fde40d1f0a0ae1e8db3cb9a41aa9c6
wqp,wqp:21FLSJWM_WQX-45399,2017-10,ANFIS-F,314361,14240913eb38c214688ab00a8e0ea7cb2a894c4799b9a858194b942bceae6433
wqp,wqp:MNPCA-62-0007-00-203,2018-07,ANFIS-F,314361,14251d2903970da58b785e55258ddf28caa89646812d58ff48f5c39ccd9eb4c5
wqp,wqp:21FLSFWM-PALMOUT,1990-07,ANFIS-F,314361,14271d8b78ceb52e440c293b3b329a99dabaa29bf390ef1a07454403a0633d17
wqp,wqp:MNPCA-10-0048-00-201,2018-06,ANFIS-F,314361,1427429027f79dd3071eaaaefca237a941820168b784a406db81f43e78c3e460
wqp,wqp:21FLORAN_WQX-BC7,2016-03,ANFIS-F,314361,14284a84a581b8b1c23b1215e5910d8619455cc39fa34137a1ef571ad3f35b5d
wqp,wqp:21FLORAN_WQX-CC6,2013-09,ANFIS-F,314361,1428c616e0e83293d227834bc5ac25325f042720cc95149479f96010da9d5653
wqp,wqp:21NC03WQ-CPF081A1C,2010-09,ANFIS-F,314361,1429c6c0523e7dffb90a6be41acd63c389c1b9bb8ca5abf980e543467ed609dc
wqp,wqp:21SCSANT_WQX-SC-044,2014-04,ANFIS-F,314361,142aefc5b806848ca83c81ca920d25e143306dbee6459668cba46e80b78b870f
wqp,wqp:21FLSFWM-L008,1981-03,ANFIS-F,314361,142b5936c2fd69e4b6c69b0a0b9febc14d27e7739d92daf8e463b483037ad4ee
wqp,wqp:21FLSFWM-E04,1990-12,ANFIS-F,314361,142b64fa0e885a883afd59c5144165e6789b9ae9cb363535c73a58f802f2f5d2
wqp,wqp:21FLSFWM-PELMID,2003-05,ANFIS-F,314361,142d4acb3e369d544bf7090e3cde05024c5a41bd6c05d93b7d69782a190dc10e
wqp,wqp:21FLCOLL_WQX-LKTRAF1,2013-04,ANFIS-F,314361,14330c1066e32692fe309146292e6bb8b457483f293cfb6e68db9d6c29bf5916
wqp,wqp:21SC60WQ_WQX-SV-357,2005-08,ANFIS-F,314361,143376f1ec4a092ff4a6e85f3d3eff408e577a08606bfcd367b14b8bbf953d62
wqp,wqp:21AWIC-23,2013-01,ANFIS-F,314361,14337a77c562ed2d851854f33a6e9eb9737cd2788bbfe590c655f85521cdf39e
wqp,wqp:USGS-02207414,2011-12,ANFIS-F,314361,14348daf9d8fd8db5249efa6a1936c56607d0599271382d36e35e6319798c066
wqp,wqp:21NC03WQ-NEU019E,2006-01,ANFIS-F,314361,143582a1751f7fa8d47e83aec613f5b65fe4e8da916f434130c104b4423b2d5c
wqp,wqp:21SC60WQ_WQX-SV-331,2000-09,ANFIS-F,314361,1437c684eb2e55768432b433eb01d650aef08d8314f3808fd9de2819507c69c9
wqp,wqp:21FLSFWM-D02,2001-08,ANFIS-F,314361,143a7550d73809efcb8992f08ab5f7a14cacc89e434276b2ba7f3b769c25ce28
wqp,wqp:CAPECRD_WQX-290,2012-11,ANFIS-F,314361,143aedf625138b087df972aec356ca54567982e6d8d9c30ba4b5cb5d5d7c66af
wqp,wqp:21DELAWQ_WQX-110011,2008-12,ANFIS-F,314361,143b92843ae9efb9e8e5f89c26d9fd989dca7918911c076aadfd42a61eb8f8b5
wqp,wqp:USGS-072632990,2008-06,ANFIS-F,314361,143cbc977cc40dcc70db81870dd4fa3dcfddc841b614c309492b10a3d55b9858
wqp,wqp:21NC03WQ-CPF08801A,2005-05,ANFIS-F,314361,143def6cc694d3d777f894ad162b29c9be04f2e89113d2f13e387804d33efdb6
wqp,wqp:21FLSFWM-POLESOUT,1993-12,ANFIS-F,314361,143fa9b56f3504b12134ccab78deaa395090d9babfedd1402e6882860305a277
wqp,wqp:21FLSFWM-B07,1981-09,ANFIS-F,314361,1440d461b52113cebd4ca7b422c3267bd804f445a3e4acebd761ecb78c0cb422
wqp,wqp:21FLSJWM_WQX-44618,2017-07,ANFIS-F,314361,1443133fbdea719429c731115ee44350e9444f3c2f03345795187b150210931b
wqp,wqp:21SC60WQ_WQX-SV-268,2007-08,ANFIS-F,314361,144463b45a0e764baba36dbd402ebc6e3ef0df723b6300306b4b2aac71cccc07
wqp,wqp:CAPECRD_WQX-290,2000-06,ANFIS-F,314361,14468e4e6e14c97c91c7c3114f9402ec1e5733d0fedc1be63a8bd28967897429
wqp,wqp:21FLSFWM-RITAWEST,1993-01,ANFIS-F,314361,14470798ca17bef5c1c07ae3da1c79bc1ebac8a125819335937522c7fdc1e869
wqp,wqp:21DELAWQ_WQX-303051,2007-08,ANFIS-F,314361,144a7806316befeb611421fa2b0d328bdc4db3d1e55a30dcd1d1abd02887a9ce
wqp,wqp:21DELAWQ_WQX-109191,2008-05,ANFIS-F,314361,144a824bf3cdf92cfcbe1b81bc63f71b82859946e3f13c30ca1fbbce7652f2ff
wqp,wqp:LAKELAND_WQX-LH11,2010-06,ANFIS-F,314361,144a978e257ad575bab197a6fa78a085fcab3f885c8003e58af40e9a02c7b35c
wqp,wqp:21NC03WQ-CPF055C4,2014-04,ANFIS-F,314361,144b59f51d9343a764b9c7727dfad82938cbd96167c0b54fcf0ed82065fb0e90
wqp,wqp:21FLSFWM-B09,2008-10,ANFIS-F,314361,144bb91442aba1d19863b5f83b59b9e531b62bd09fd51b918e48b69638291a0c
wqp,wqp:21NC03WQ-CPF0880A,2007-08,ANFIS-F,314361,144d2a5291078f3c8c9a38d4d6ece2891d570ebfd10112883a6a5becd14fbe13
wqp,wqp:21VASWCB-2-XDD000.40,2005-09,ANFIS-F,314361,14500f14dd680f2014e462d1768fe99568a1f4d4ddae9034990a9bc423d88331
wqp,wqp:AZDEQ_SW-33,2016-02,ANFIS-F,314361,145310ccbfb4149275bc8dd94e6c7aeb5841256cc094455bb85c7df1885554eb
wqp,wqp:21SC60WQ_WQX-CW-197,2013-05,ANFIS-F,314361,1453c694960b824c9ff591510ffc834e8367e819e468247c18c69ba3242eac4a
wqp,wqp:21FLSFWM-POLE3S,2002-08,ANFIS-F,314361,145523ed6ce3ff7febc7f2a0411c0233587f7768b11318f2edbae5006963f711
wqp,wqp:21SC60WQ_WQX-SV-363,2016-02,ANFIS-F,314361,1455977917d75dab5f9fdca27b8a593ed9f121c38a384c495728bcde05960bb5
wqp,wqp:MTWTRSHD_WQX-GTOWN-LK-01,2010-01,ANFIS-F,314361,145745f3ee45990932ea504520b115024e2f07ca44e5e07282e7393b8ad92341
wqp,wqp:USGS-07144790,2011-04,ANFIS-F,314361,1459592c37ffee43e48b500f0f331ac8a086826b121db2d727c5019d862bfbcc
wqp,wqp:21DELAWQ_WQX-303051,2013-04,ANFIS-F,314361,145ac11e6b775b363f8c447267cb4af372681272c55179a458d75aac5fa183ed
wqp,wqp:CAPECRD_WQX-280,2006-09,ANFIS-F,314361,145db5ccf011d56e4de32b9afb10377085db0c68cfb2176fbbb7a26c58ec8746
wqp,wqp:21DELAWQ_WQX-205211,2007-11,ANFIS-F,314361,145efb477730df5d139bda6c4546b3dad723121fa46b27ef0cdab0dc0bbd5671
wqp,wqp:21SC60WQ_WQX-B-345,2009-07,ANFIS-F,314361,1460edea1822ad1c3014fcb883d8dff2ad506a34a3b5b3fcb8b8a048fd4c1a30
wqp,wqp:21FLSFWM-TIN8100,2005-06,ANFIS-F,314361,1464da95ea1c51c1a645d2a42943c6c9a3c33213cc330c2dfa0ca8d873089b9d
wqp,wqp:21FLSFWM-E02,1994-04,ANFIS-F,314361,1465c70a1bb04ba06e1c2eed113829fb6ab4c8e450fe125609281a9cb91b2b31
wqp,wqp:21NC03WQ-NEU019L,2005-04,ANFIS-F,314361,1466d578752306d40334c8b30126c1281ef2be167253c2f8dc7c87758827ca78
wqp,wqp:21NC03WQ-CPF0880A,2011-06,ANFIS-F,314361,1469b75ff85b2beef8373b41b118fe8758746d3299b3da56bc08df0b1cba9706
wqp,wqp:21GAEPD_WQX-LK_12_4048,2001-03,ANFIS-F,314361,146a018003ddf44915a52898ad63f3ddd996fcf09fdf625e497a376ee73b5dda
wqp,wqp:21FLSFWM-L001,2001-08,ANFIS-F,314361,146ac64e17a4ab78814ce4742e28d1d4812d2eb75d20c75a2d828195eb4c9f25
wqp,wqp:21FLSFWM-B08,1983-11,ANFIS-F,314361,146f2856ba629e0337549db1bf27aa371b77ccd1cc0b357f24b3efc456b3d57c
wqp,wqp:MNPCA-10-0048-00-201,2002-04,ANFIS-F,314361,14724348bc017ef4840c6596c4601ed7e7415d2697a81167fb08243f5213913e
wqp,wqp:21FLSFWM-PALMOUT,1988-11,ANFIS-F,314361,14730012c5bf0e4854dc56b955d7d2ea1384fac4e81e0ac4a9ed2507f65ef66f
wqp,wqp:21NC03WQ-CPF087D,2001-01,ANFIS-F,314361,14738259df8b5b5f32b5cf9b5be1c9df9b3139d666d0b12ea27aa1f069f8b64d
wqp,wqp:21FLORAN_WQX-BC9,2005-08,ANFIS-F,314361,1473a45dc9bdace5279dc547c4de3a1fd0410207649b2aa750cb1af8916479e3
wqp,wqp:21FLHILL_WQX-135,2012-01,ANFIS-F,314361,14740358cb6a14dcbe85b0897cfacc326714e929006f173aab70408b7e723752
wqp,wqp:21DELAWQ_WQX-308071,2014-08,ANFIS-F,314361,14766eb21c3bb7ce99fcfc2c36e14efaf1626a6766faf2ad4f59c0081c390719
wqp,wqp:21AWIC-23,2016-06,ANFIS-F,314361,1478bb4e7f0ff3fe643eda0fb021fa23d1fdcdae24b739b45dcc14277a5accc5
wqp,wqp:21NC03WQ-YADHRL051,2006-05,ANFIS-F,314361,147a6d833c79956124834f899bbdd82b3d9183a32b6fccfdfa79d83661427781
wqp,wqp:21FLORAN_WQX-HB55,2018-10,ANFIS-F,314361,147b1630eb5aaf056a4adf76056ecc826d053ba9d03721dfb5f88a9cd3bff158
wqp,wqp:USGS-07049200,2002-03,ANFIS-F,314361,147bf878d187d2519838d0b59b481352f75e7ef9acf93c778f769d84b1a997c8
wqp,wqp:21FLSFWM-L004,1991-03,ANFIS-F,314361,147d575dbdcfe5d7e2ef6ca73509b7ccbd925420d51f35ae2b163c1f348d4cdd
wqp,wqp:21FLSFWM-B02,1991-02,ANFIS-F,314361,1481f312cc4276d4257e30dde3e4144abcff3b392fb8f8ab9e9567ae64c1d11b
wqp,wqp:21FLSFWM-LZ2,2001-05,ANFIS-F,314361,14821791da274ac10b418fdaf892f07aa46916f7bb68d08ff28ff90d692d58dc
wqp,wqp:21FLSFWM-L003,1988-04,ANFIS-F,314361,1482a4b06fca3e5434db495191fb8d2320f1fe27a591495ea5497c609ca042b2
wqp,wqp:21FLSWFD_WQX-23588,2011-08,ANFIS-F,314361,1484017f3f6c0b27302adb074210d2b39a9d23976dee39483709c07ad348797d
wqp,wqp:21FLORAN_WQX-CC9E,2007-12,ANFIS-F,314361,148534ba45f7ffafbbd08845f27f454041567d75553965d177baa9a9900b6217
wqp,wqp:MNPCA-62-0055-00-102,1984-11,ANFIS-F,314361,1485e9d1fd4dd16f9e7128f78b65ee96fc80308c68c888beb93e996126b06ea8
wqp,wqp:MNPCA-62-0007-00-203,1999-07,ANFIS-F,314361,14867ded7e2e6778683328eac860ce5fc1d3559e999cf89ffe4a962e9cb8d74f
wqp,wqp:21FLSFWM-E02,1989-12,ANFIS-F,314361,1487fa0bc28df5b9504fdb44bc83abe742b8aeee8c54ac391bd0e6d547827574
wqp,wqp:21FLSWFD_WQX-23641,2009-10,ANFIS-F,314361,148828d2a6711957394a07136cb5c7a50d5857f6e4484a7cef0b6d8ad11abdbc
wqp,wqp:CHOCNATWQX-LNW-001,2018-11,ANFIS-F,314361,148a12316fcaecc3d642559bc2162afccb2adcdad614b1da494855f672451d45
wqp,wqp:MNPCA-62-0054-00-101,2004-08,ANFIS-F,314361,148ae95632f2365d2195dce1c1cf29dd4a847582deac5cc2d205a0321f6dc9ed
wqp,wqp:21DELAWQ_WQX-109131,2013-01,ANFIS-F,314361,148d2cb30211c99fecb9f344ab5ecfee5016cc5b5d3b9c5e67cb73d3bcdb8d1e
wqp,wqp:21FLSFWM-ISTK5,1999-11,ANFIS-F,314361,148d68a4d28ae5c2ec2e60cae3ccce331c3e892c8d30cd57ba7d35d19a902166
wqp,wqp:21FLSFWM-ISTK3,2004-04,ANFIS-F,314361,148d72e319eacfac10e401f290baf3406e5e028080967759a304861cfc70b0c5
wqp,wqp:USGS-07049200,2005-12,ANFIS-F,314361,148df763e294d4b0a11037e4738f5dec6c0458184305cde152c747340a6714a0
wqp,wqp:CAPECRD_WQX-290,1999-05,ANFIS-F,314361,14901d075c92b7bfc5e98aae3f0618bf9a8739276aa526b020008a84d622e5ab
wqp,wqp:21GAEPD_WQX-LK_12_4048,2004-07,ANFIS-F,314361,14927742f45c28b45001b986dc8bcb5c50856ba8aaa30a4c15f1337a6bf530e5
wqp,wqp:21SC60WQ_WQX-SV-363,2007-05,ANFIS-F,314361,14932ee4148f460db80798b1db2cc0152e2df5b6442c9bf1a10209b45d1571d0
wqp,wqp:21FLCBA_WQX-WAL-ALLEN-1,2017-07,ANFIS-F,314361,1498951ddaae717cf077da551de4b1bf8e3607fd769fbba69643a73cb6045a59
wqp,wqp:21FLSFWM-A03,2002-10,ANFIS-F,314361,1499db40c133b6c9ae8cbb30f4adaa0cc24e2c838c0ebffec5855036f36f2de0
wqp,wqp:21FLSFWM-E02,2000-11,ANFIS-F,314361,149a318a9c53ad4d1f85867b752528318d8bae4a7ce59693c41142fa0a693244
wqp,wqp:USGS-02207414,2011-11,ANFIS-F,314361,149d364623515043ba4858855bb0dcacd5c3d6e53aad910e4b263ad3502e3c7d
wqp,wqp:CAPECRD_WQX-280,2009-07,ANFIS-F,314361,149d7f7c8204c1641111bf84329fc671bb55841f0578d073ccf57b81b2cb073e
wqp,wqp:CAPECRD_WQX-290,2013-06,ANFIS-F,314361,14a178a13a680d6b3f619b9e6c81c2d6023d342161a6b93f21e25c57e5ad63af
wqp,wqp:21NC03WQ-CPF055C6,2015-09,ANFIS-F,314361,14a2032f27bbb9c7a343296fea601b9ecd32f9c44047cc8e9fe08991a7a6919b
wqp,wqp:21FLSFWM-KISSR0.0,1993-05,ANFIS-F,314361,14a236ae09b2e298ce60e433b5c1084aa55b98e6cdb106749a2d675c230f100d
wqp,wqp:21SC60WQ_WQX-ST-032,2000-09,ANFIS-F,314361,14a2737d44abf5135e6ba0f8924868a6ffde77e965e3184462760bbdc8c8ffe5
wqp,wqp:21DELAWQ_WQX-205211,2013-03,ANFIS-F,314361,14a2e991e4ca1809a8cae8eb4a8864c8c07f9c22da05d0b49e5a4663307f9fc8
wqp,wqp:USGS-07263299,2018-02,ANFIS-F,314361,14a35be31bd14d0f20a1d84e40bfbd31f1cba7cb8c9dcfd2d490fb12832c547a
wqp,wqp:21NC03WQ-NEU018C,2018-02,ANFIS-F,314361,14a47e61b215634f075fd35720e9683217c263743ec3bddccbc0e83fb3bf824e
wqp,wqp:21SC60WQ_WQX-CW-231,2015-06,ANFIS-F,314361,14a5a0dc6dbfeba850fe3add128e11bd5f9f26d4bb3826dc57abeb1d1f5ec93c
wqp,wqp:AZDEQ_SW-32,1998-04,ANFIS-F,314361,14a99bd9bdab9edd75336dfafeba4af5dae49797987ec76596fa9b508040596c
wqp,wqp:USGS-07049690,2017-12,ANFIS-F,314361,14aa5620f34093326dbb08af41a5977162418dca18a3199ca05a1364f9d24015
wqp,wqp:21FLSFWM-L008,2001-09,ANFIS-F,314361,14ab47b9fba3507b4f5ec9faf18bede8189c069dfaba6268820c8d867da7d68f
wqp,wqp:21SC60WQ_WQX-PD-327,2005-11,ANFIS-F,314361,14ac180b0a8bcdced041869a517edc1dfba2bfb0f71b7ec03c74f3614aa9d1bd
wqp,wqp:21DELAWQ_WQX-303051,2006-08,ANFIS-F,314361,14ad0c3d0f18527a04f90190fa4e1b2d04b427776609560fd029f1cc5b8ec09c
wqp,wqp:21FLORAN_WQX-CC13,2015-04,ANFIS-F,314361,14ad42d0ab6dbb0a54841f2ff8e678d2aafa6be569b3f8f6f2662ecf42406507
wqp,wqp:21SC60WQ_WQX-B-327,2007-10,ANFIS-F,314361,14af8cd50a8bced79ebfcf74bec502f3400ae8b413a185f72655d22afa9985be
wqp,wqp:21FLSFWM-C01,1984-12,ANFIS-F,314361,14b1bedffc1b80b11937f01e4a6a25fb568a769b8aab308ca2d869524b19b144
wqp,wqp:21FLSFWM-KISSR0.0,1990-09,ANFIS-F,314361,14b2adccd11b5d5719af244376e619ebe751fa6439b5f871dec491c0f44b3f43
wqp,wqp:21FLSWFD_WQX-23641,2011-06,ANFIS-F,314361,14b35651c8a2d683eae5038c9549988bb6dadc01ef97fad33a75133a91856a43
wqp,wqp:21FLSFWM-E04,1992-08,ANFIS-F,314361,14b4bcd097b81331305b176d31b5b4b55b71aa258bd5d5e942697fab36300de0
wqp,wqp:21SC60WQ_WQX-SV-339,2014-07,ANFIS-F,314361,14b5a3170a82009e3f8ed708562cdda9d1a221c0386cb31fb4a5353180c7d666
wqp,wqp:21NC03WQ-Q5360000,2008-02,ANFIS-F,314361,14b74679cdd715c25a8635858073efd9cc43e0498d2e418d5305783c376914b6
wqp,wqp:21FLSFWM-STAKEOUT,1995-02,ANFIS-F,314361,14c1ac47b633e48a6cda3b33b86b02d6a99c132a8dd50262d9a77f9a0f00a04b
wqp,wqp:21AWIC-81,2011-12,ANFIS-F,314361,14c22f853a0a6d7b90d647dc49fb864412cac0941502656b9b862910e1b62d7b
wqp,wqp:21FLSFWM-E02,1985-01,ANFIS-F,314361,14c286fe39945f8e5cfe69c765c4e0df05df2661d296152efe21a5813dccb14b
wqp,wqp:21FLSFWM-KBAROUT,1999-02,ANFIS-F,314361,14c2db690665a8cf628b7abf2877f535048c00c152e55d34a04554408ffa9e11
wqp,wqp:21FLSFWM-L003,2007-01,ANFIS-F,314361,14c5e7452071dab935a06da9ed49835dc59a3f966b22f340407b3bc863eafe80
wqp,wqp:21FLSJWM_WQX-44148,2017-01,ANFIS-F,314361,14c84b38d5c4c5c90ac3be43ff6e9688e2b3a98077a1f7f59826b493a19e19d3
wqp,wqp:21FLSFWM-TIN16100,2003-06,ANFIS-F,314361,14c8f2dab6e4e74b0f81776aa2843b1714cf76266a5e122f014cd1b5716cda2c
wqp,wqp:USGS-423526088380101,2015-05,ANFIS-F,314361,14c9255d69bd0ee6b123d49ec18187adef5acd9c12dc446b62ac1ffe326bfc81
wqp,wqp:21FLHILL_WQX-135,2002-03,ANFIS-F,314361,14c9f4f1b32f8e7654d20b341d8842dc3e1d1f342e0b2ab231a4563e73bbd74a
wqp,wqp:21FLSFWM-KISSR0.0,1991-02,ANFIS-F,314361,14ca05a68596e3d6ff93883f775fa7e793f0bc8ad32a6151d375437e2f7ed49c
wqp,wqp:21SC60WQ_WQX-CW-197,2000-08,ANFIS-F,314361,14cafd060c94b2e706c90025bcace99d9eba4945e66f7dfbf101db6c24e84188
wqp,wqp:USGS-07049187,2018-08,ANFIS-F,314361,14cbc836d821587123fd76cd59066212bbf36ba45e26f13d937c2af57b80cf6e
wqp,wqp:21FLSWFD_WQX-23458,2009-08,ANFIS-F,314361,14cd4d19f50bc8fab21d435f0a2e016321246b664c7d11f4f26486b2b37c1acb
wqp,wqp:CAPECRD_WQX-262,1996-12,ANFIS-F,314361,14cf520f81aed24aa167d363ab9a8f1c4ae878df3c2023172c0655a0c7c6776b
wqp,wqp:21FLSFWM-ISTK3,1991-03,ANFIS-F,314361,14cf8aca19eb681b9d0316a9eb523238d931237e5c7dd6cffa0b8a75944a2609
wqp,wqp:21FLCBA_WQX-WAL-DEER-1,2018-11,ANFIS-F,314361,14d036fcb6ae11946a3e1c83292d351575c385ecfc194ee6e1bc44ddabe51121
wqp,wqp:USGS-423556088365001,1983-11,ANFIS-F,314361,14d188b808559a7687ae31b043179039d30f29f30a2034de1c86ef697b72833d
wqp,wqp:21FLSFWM-D02,2003-01,ANFIS-F,314361,14d2d1c9d429f7c42b6e91f3d4e12023bbb8c0a8be6598007751154dd3de6c74
wqp,wqp:21DELAWQ_WQX-208211,2011-08,ANFIS-F,314361,14d4423fd15eea40a31b45a372d3f51fd8e519c1779daf3088a38a0281bb41f0
wqp,wqp:21SC60WQ_WQX-B-339,2003-07,ANFIS-F,314361,14d542dc36296731134a13240f95edbc9ef4185115ef3393de7ed38ac4f29730
wqp,wqp:21SC60WQ_WQX-SV-338,2006-09,ANFIS-F,314361,14d9b01a937d4361867b0edd27bdc2b4232adaa7f89b853650308ce52ca668dd
wqp,wqp:MWRD_WQX-BARR3P,2014-04,ANFIS-F,314361,14da7b05b86070a4d8c57a37259ae9b447112b687285aee258ec13021656a043
wqp,wqp:21NC03WQ-NEU019P,2011-03,ANFIS-F,314361,14db04ecc452a894545bc1990cb5bc434eb2ee6d0689cfb5344985b5a788bebf
wqp,wqp:21FLSFWM-TIN13700,2005-04,ANFIS-F,314361,14dbfac176bfbaa767c016727a550c5b58f36fae22193b4535be32e623286c6f
wqp,wqp:21FLORAN_WQX-CC17,2014-03,ANFIS-F,314361,14dc83ffeef239b57cd881330ce2f87f669c6ab93cbcc30bcb08e575be73be24
wqp,wqp:AZDEQ_SW-33,2014-04,ANFIS-F,314361,14de8848a4b4cb65a82cd4f063585fb5624439908352a2d38dc493a65749ad70
wqp,wqp:21FLSFWM-KBARMID,1996-04,ANFIS-F,314361,14e07b5f8ee0dc94a564c2d10f960691bd3cd967c83d7469e1f148270736b34f
wqp,wqp:LAKELAND_WQX-LH31,2011-12,ANFIS-F,314361,14e1d88dd5d34ecda709ef520dc57182857870a1212fc5269a5896706ab3a9d5
wqp,wqp:21DELAWQ_WQX-109131,2006-03,ANFIS-F,314361,14e43508b485621de914ca6382af224d6a80288a0730fa3985820a4f0a4ddd18
wqp,wqp:USGS-07048910,2018-07,ANFIS-F,314361,14e4b1b0e6ec8d9f16ce47b64b5ae641589ebe70488f337f203cc1645610ebb4
wqp,wqp:21SC60WQ_WQX-SV-363,2002-10,ANFIS-F,314361,14e6ed554d0158c24f34ac4f7df5f140bdfa07f9e357d12c313f10c5a98fb001
wqp,wqp:21FLSFWM-LZ42N,1997-02,ANFIS-F,314361,14e94fec6d348311c76eb966b946656c5a2378dba71e3b2f43c1ac891a8ecdf9
wqp,wqp:MNPCA-62-0054-00-101,1999-10,ANFIS-F,314361,14e996932ee0a3cc5dfaa37d740256f00e70bc641ba4475eebd622509cd2c483
wqp,wqp:MWRD_WQX-BARR3P,2015-10,ANFIS-F,314361,14ed2365bf7d98f385c6552a7655c546c79448e6c8c9a3838e6b7224b2b98407
wqp,wqp:MNPCA-86-0297-00-201,1983-08,ANFIS-F,314361,14ed4d3eccb981a9e3f3d0f86dfb468c9389e978c935d157183deaca04ddc906
wqp,wqp:USGS-294643095035200,2016-12,ANFIS-F,314361,14eea8cf8c44f1e0f0d1f61c67b9de579223ba9dae60e25bef6a9d5eaa9236dc
wqp,wqp:21FLSFWM-B09,2004-04,ANFIS-F,314361,14f1a528de3807e5b3a6510667b27109b85c6e3d792c6e805fd6db4b7a0b402f
wqp,wqp:21SC60WQ_WQX-CW-016F,2007-11,ANFIS-F,314361,14f2f5bdb2667859182be9605b7bfcdd306bb1f8d35947c0b1ccde727eae1575
wqp,wqp:21NC03WQ-NEU019P,2016-09,ANFIS-F,314361,14f5e0a7b32a01cabab9606f08a32ca1154a140a09f44f60ae3f2dfad98e2647
wqp,wqp:21NC03WQ-CPF087B3,2016-07,ANFIS-F,314361,14f6c7e84332716ef4efb9f14029c0ce93d630f5a8941ddb5b609def59e4f599
wqp,wqp:MNPCA-25-0001-00-247,1996-09,ANFIS-F,314361,14f8a083c3c886ca1a9692a5d7ec66d3b39a9b58b8b821850779aca72959c6cb
wqp,wqp:21FLSWFD_WQX-23477,2010-08,ANFIS-F,314361,14f8a3f85e709bc53259153c9bc2b9a6bcb62fba47169ee31b459f3d879ea773
wqp,wqp:21FLSFWM-FEBIN,1997-07,ANFIS-F,314361,14f9a5c107c0e56c59f8cd7eec4b076a5df25555d9efca48c48ec36dc45f0f65
wqp,wqp:21SCSANT_WQX-SC-040,2018-08,ANFIS-F,314361,14fa89c34549f313a5649eeb2ef7725ba69db02632341aef782d3e13e7cd527f
wqp,wqp:MNPCA-10-0042-00-401,2011-07,ANFIS-F,314361,14fbaba659dfc928ab73d6f57a4903479d51b92623a76f4f829bcbd8ce2d42e8
wqp,wqp:21DELAWQ_WQX-304321,2007-02,ANFIS-F,314361,15013a9b20571660dafaf85765d24caa6c587aa6af42455dd75fdd8f9efddc58
wqp,wqp:USGS-295554095093401,2008-01,ANFIS-F,314361,15016d9933c3dd4bfb93ed508673e236d426641df203947c356dbbec19e156e3
wqp,wqp:USGS-01201700,1983-09,ANFIS-F,314361,1502530c46f44454683b47b3d683796622de576ad508f2ceeee650a964174a47
wqp,wqp:21SC60WQ_WQX-SV-098,2004-06,ANFIS-F,314361,150349083978f9aaf93d92c332111b366c52fabd364203aeb6d4800639b1199a
wqp,wqp:CAPECRD_WQX-280,2005-01,ANFIS-F,314361,1505e26b7a2718f2be47c696990b2d08d3ca0826b3a6b9c91cdee391a3a5b195
wqp,wqp:21FLVEMD_WQX-SJ17,2018-02,ANFIS-F,314361,1505eda26bf04acc2b0788773fb13b1bfa7a26c1045f71a580280e8ecd0663f0
wqp,wqp:KAWNATON_WQX-KN-KL-002,2010-03,ANFIS-F,314361,150662b135fb8fd04b54e6852ba9909a86a940967e158493c4248bb30a03c8ee
wqp,wqp:21FLSWFD_WQX-23479,2013-12,ANFIS-F,314361,1507b7a029967c827492d7342bfc2fe08ddd18f9f3c51d9dc72e68c92d4e8753
wqp,wqp:21SC60WQ_WQX-CW-197,2018-03,ANFIS-F,314361,150985a25e2adf5021e45a2d0d9f682ea3b49e231c769d4683d123be5df9071c
wqp,wqp:21SC60WQ_WQX-SV-339,2013-08,ANFIS-F,314361,1509e87190f13c6f98a1d9ad21dbb3d64acab667343f95fb9de9e58476f7ddbb
wqp,wqp:21NC03WQ-CPF087B3,2016-03,ANFIS-F,314361,150a6f1431560f733d7a262951a6719cb49b5d404834b4efa5be60b55c93b5a2
wqp,wqp:21FLORAN_WQX-CC12,2008-04,ANFIS-F,314361,150b4198256237105b32261838f254900cfac7c7f7e93d0260233198b930989f
wqp,wqp:USGS-07049690,2001-06,ANFIS-F,314361,150c3029a2ef2f71d18a81edd18a7e43f551cbb37d4e8f1b78aba5e316924b30
wqp,wqp:21FLSFWM-L001,2000-10,ANFIS-F,314361,150de27ab17a9848dd2c38269c51efb6a594f83c83e632ed671904287dd3aee4
wqp,wqp:USGS-07049200,2001-09,ANFIS-F,314361,150f2cf186df39e57b5a47e1f3b45319c0db49b0c7d8cb7306185ff67780f378
wqp,wqp:MNPCA-86-0297-00-201,2017-06,ANFIS-F,314361,1510a22e0a19f663041b07a136fdbed11d7d71d37afb3faffbc59069168e3ff4
wqp,wqp:21FLSFWM-L005,1980-09,ANFIS-F,314361,1513b9eaf2a77309282f242684cd3c9daac7e661d4c5a71df902fd08011dc278
wqp,wqp:21DELAWQ_WQX-303331,2014-10,ANFIS-F,314361,1514d8c47e0bafff699ab4643c43b39df669e0009dd20a9b88899b39fc66808d
wqp,wqp:21SC60WQ_WQX-PD-327,1999-09,ANFIS-F,314361,15180fa7f34400920c5e0c6deca1b1307dbbe17cfa37bb30e80df6329028b75b
wqp,wqp:MNPCA-86-0281-00-201,1981-02,ANFIS-F,314361,1518c47da60a14f9906da13d003979a1f4c91d38bf99ec9a153cd36e29b40410
wqp,wqp:OKWRB-LAKES_WQX-520710020020-01,2018-01,ANFIS-F,314361,1519f7ffe55c8d55dd1dc950b56fea52a63ba117cbf33b8c57d2004f9da3a7e1
wqp,wqp:21FLSFWM-E04,2001-10,ANFIS-F,314361,151bcadefb810779e34ba5f5e7edfe133314d1c5b8a329d081d0656c2ff91ecb
wqp,wqp:21DELAWQ_WQX-205211,2016-07,ANFIS-F,314361,151ce3ddb497e6eace65de2a7327f5477419bde361a6f0c03f1e64afbcca8bf7
wqp,wqp:21FLSUW-ALL020C1,1998-12,ANFIS-F,314361,151cee67d61fbd2ae352a0cb866fe49e23f69b595a8861b6c5790d22d4852fa5
wqp,wqp:21FLSFWM-L001,1990-04,ANFIS-F,314361,15206088940e45481f380bed5b39d0fa446813a61caa32be78945ed5a59af6c0
wqp,wqp:21FLSFWM-E02,1990-02,ANFIS-F,314361,1525b29b504acf7da41772d4a91d92b3e1ca051946e828b239804036468eca84
wqp,wqp:21FLCBA_WQX-WAL-ALLEN-1,2017-02,ANFIS-F,314361,15265f66f839ccb1c144d81a4eb20edeeb5225802f37a3c606fbd3158c13d952
wqp,wqp:21FLSFWM-A01,1984-08,ANFIS-F,314361,1528640d3aed8006cd7c8a4b8972b3af061fc1598802b2a7738c64d98306453d
wqp,wqp:21FLORAN_WQX-CC6,2007-03,ANFIS-F,314361,1529aa3d138105a3dac8935effb10d08ec1e8e553f07f9bf0be07fcefb75d3cf
wqp,wqp:21FLSFWM-E04,2002-03,ANFIS-F,314361,152b691c95ec964c82ec8b35e76f7b5fef57c02adcd8fce7bf5f12f1cd410a51
wqp,wqp:21DELAWQ_WQX-208211,2007-10,ANFIS-F,314361,152e05600b7889485cd85fa934f06044f8e52abebc88426acaf30c74c033c77d
wqp,wqp:MNPCA-25-0001-00-215,1998-01,ANFIS-F,314361,152ebd1e8af73cb40f13ec44305e01cf1cc0a7e82ca2c4566093b31566da9017
wqp,wqp:21FLSFWM-L008,1985-12,ANFIS-F,314361,1534ccf072d066851a72b9a686c212e695ae99c4c6ebe2df634264db5812d743
wqp,wqp:KAWNATON_WQX-KN-KL-003,2016-04,ANFIS-F,314361,1536f8acc48dc76ba8fdcd3d08f05206e3ac0b59ec348637ea992636ee6edd63
wqp,wqp:21SCSANT_WQX-SC-005,2017-12,ANFIS-F,314361,15370b310b5364fc8c3361ae10e34c99bf1c03dd09fa91a9954d5ad2f35c52bf
wqp,wqp:21SC60WQ_WQX-SV-200,2006-09,ANFIS-F,314361,153786e42dea891a7c44c7ffb505c2c24c4462fc8ed0dcc692188f44d6c8afe0
wqp,wqp:21NC03WQ-Q5360000,2010-03,ANFIS-F,314361,153aaf81887b21dd94e7635dfe26e164e501d9c3b5a2f8cc8ecb6ab65ef0fbfa
wqp,wqp:21FLSFWM-PALMOUT,1994-08,ANFIS-F,314361,153d2aa3201d307a38fbcd4a42b46e1e74991b594e42512129faea38411a303a
wqp,wqp:21SC60WQ_WQX-S-024,2009-01,ANFIS-F,314361,153e56feced1ae048c7ab1a6be45828c6c20c6d81c573a80b06b495fb8ec3438
wqp,wqp:21FLLCPC_WQX-GREENWSH,2013-07,ANFIS-F,314361,154332b04367aaeed3b0797d2b68b65ccb2a894ffcc173f8b9ce93dfe4a600ec
wqp,wqp:21FLSFWM-MH32000,2008-10,ANFIS-F,314361,154550abfa83a48fb4198bfc76d3e264ba14e04a2f3a06702ce22bbf4f87a434
wqp,wqp:21FLSWFD_WQX-23624,2015-09,ANFIS-F,314361,15463c12cf5cd0f35a8397a5a8c0ace6f0d9d2940dbead329db415fa005c4688
wqp,wqp:21NC03WQ-Q5360000,2013-11,ANFIS-F,314361,1547617fe28cc49f395a97c2b6d52a7879807a34e712e3960af980a4a4f49b04
wqp,wqp:21SC60WQ_WQX-SV-236,2011-10,ANFIS-F,314361,15483a587f11b7a8e382e6ae58edc18e028fb4d48b268eac02576e1c8141a79a
wqp,wqp:21FLSFWM-L003,1996-12,ANFIS-F,314361,15486d0e552f36aeaa3a2ee8fc40f023a877dfd9d1b84bd1a2ae45dc4c23605d
wqp,wqp:21SC60WQ_WQX-ST-032,2003-02,ANFIS-F,314361,154889b67ead14e0caa3c2eb5060a08a7a18507f7c2f2738f970d045f36c72cd
wqp,wqp:21SC60WQ_WQX-PD-327,1999-01,ANFIS-F,314361,154d65d283a41cc6f1b1581a21e9dafe61556f8856a2d7e28b6be446c28ed453
wqp,wqp:21SC60WQ_WQX-CSTL-075,2005-03,ANFIS-F,314361,15509ce3406594fd144d48b269a263456e7f2fa910cd5aba59102e218cbf27d6
wqp,wqp:CAPECRD_WQX-290,1988-07,ANFIS-F,314361,155198e00bccd40549f21c65e8225a1e67f877bd291737148c10528e45566ee6
wqp,wqp:21FLSFWM-E04,2000-05,ANFIS-F,314361,15547f5ee4bab90a3940a1329da068eb33b743a4794b17d23c5a0a076f294dc5
wqp,wqp:11NPSWRD_WQX-SLBE_PL_01,1995-09,ANFIS-F,314361,155616f55522735b7b5309de59d3a907529f53d8f9d823b569aff25efe6a4f76
wqp,wqp:21FLSFWM-KRAMMID,1987-08,ANFIS-F,314361,15581bf4831d87afd558a6b7882b4dd826a4df8c5217f43af6c4a55c5854dee0
wqp,wqp:21SC60WQ_WQX-SV-361,2018-06,ANFIS-F,314361,1558f632a1267c3e7f035dbaac5ea8d48eb98b26821b4942cecfe1bd9caeea53
wqp,wqp:21SC60WQ_WQX-S-222,2001-02,ANFIS-F,314361,155928e7d6478dc1f0311b13d09589ae613d90cbc3eb118828ddcecabc0cf4ec
wqp,wqp:21FLSFWM-TINOUT,1993-06,ANFIS-F,314361,1559505728a0d84cd58330cf15e0989ea79cd6334b8e08ce841e48f0ee70c4ff
wqp,wqp:21FLSFWM-TREEMID,1991-02,ANFIS-F,314361,155e436ca9a0524799e54237e9925141e51cf05694d30c5360b4b9ed77e99094
wqp,wqp:21NC03WQ-CPF086F,2018-01,ANFIS-F,314361,155fb8b20fa18ffa194007892c14befcf0908d4be720f5571f07b2a31f238b0a
wqp,wqp:21FLSFWM-CLV10A,2003-01,ANFIS-F,314361,155fd7239b1a023e0b6856bab2b1deaa57c4f4dff345cdb6bc38dbcaf18b41fa
wqp,wqp:21FLSFWM-MH16000,2002-03,ANFIS-F,314361,156a33cef51fcba3e3fc4bf0c481bdbc7a7a9ac2f24fde96cfd0ac5a0dad02a7
wqp,wqp:21FLSFWM-L006,2000-04,ANFIS-F,314361,156b2c9ea6b0c5abfe4655cbdb00ccfea7dc3f9737a6ca922153d5da39477e83
wqp,wqp:MNPCA-47-0042-00-201,1982-11,ANFIS-F,314361,156e4e2d90e4a86515d88aab5c26d862819ee9fa4f7ce041430ffea17a43b7cb
wqp,wqp:21NC03WQ-NEU018C,2016-01,ANFIS-F,314361,156e6521a8a8c87d1c0ced904f0bb3f89dbaf5470b8fb65ecdebb6b1e4e56fb4
wqp,wqp:21FLSFWM-L005,2003-09,ANFIS-F,314361,156fd445d8bf401235c1f0f14a3fe5f18809c1ccffe4972f65aa4b2e3f32461c
wqp,wqp:21SC60WQ_WQX-SV-331,2006-01,ANFIS-F,314361,15703937b1df6e581c9f49dd5ddd9044c797c29548dc8c046e3bb1dce70081f1
wqp,wqp:USGS-295554095093401,2014-07,ANFIS-F,314361,1571441520a1161dd690bfd57d50864a0523530e00de101d8c79c1930d24e3b9
wqp,wqp:MNPCA-25-0001-00-247,1992-02,ANFIS-F,314361,1572d8a019adfc57179f60d1b4a9f95b27dc261aebd19a19e488a851d7d29c0d
wqp,wqp:21FLSWFD_WQX-23631,2007-01,ANFIS-F,314361,1572f8eb539a9dde53bf946cdb5616b95406559585ca35b606038ada6dae3798
wqp,wqp:CAPECRD_WQX-262,2017-08,ANFIS-F,314361,15752776a499b391381cbc62cfc0ee6d4e83b240631a1c2eb5ca678be52ad05f
wqp,wqp:21FLSFWM-L004,1982-12,ANFIS-F,314361,15752f6a0315b5982078b7ffc957ede281a9ffc2216a36365332b4db3a455dd4
wqp,wqp:21NC03WQ-CPF086C,2008-08,ANFIS-F,314361,1575962e52c808384cc00c76a7c6af98383ca9e7e09e65029f5937ad1d3fced4
wqp,wqp:21SC60WQ_WQX-SV-361,2017-11,ANFIS-F,314361,157746030b8bf9950a41b456379b53ddfb756a709a9d28b0c85f75d02741289d
wqp,wqp:21DELAWQ_WQX-303331,2014-04,ANFIS-F,314361,157a98db961208633f966845425c15f0cd4ae8873146815de4d00629a5a5b85d
wqp,wqp:21FLORAN_WQX-CC17,2009-05,ANFIS-F,314361,157c41d11db058d67087f9630c27bad544192ab582ef3e126f0dff1d8f040428
wqp,wqp:MWRD_WQX-BARR3P,2011-12,ANFIS-F,314361,157df40c787e9a9acfb64b2e2a134466176abbf32202e2761ae90dafb9fe3153
wqp,wqp:21FLORAN_WQX-BC9,2006-07,ANFIS-F,314361,157f9eb3698586db030cd5c40832993a3ad6f16e40fb54da4e7c80fb92d89873
wqp,wqp:21SC60WQ_WQX-SV-357,2000-03,ANFIS-F,314361,157fba96cdebf5be9c08344368f7092132a0e6bd27e6a09e970a4c3ae0e41546
wqp,wqp:21SC60WQ_WQX-SV-363,2008-01,ANFIS-F,314361,1580307d8a784e8fed1d2d61cc363c5204a86927ce8f844adb8b37bf3b82183d
wqp,wqp:21SC60WQ_WQX-S-222,2005-10,ANFIS-F,314361,1583681d4b437f6b041cfb3407545c4f0a0833b39bc55700b3722432bf172116
wqp,wqp:21FLSFWM-POLESOUT,2008-01,ANFIS-F,314361,158cef2a38b17511e30bf8ab756ce799f8ac8ae17b5f8d3c9dc420768691082f
wqp,wqp:CAPECRD_WQX-290,2011-01,ANFIS-F,314361,158e7db6373cf9af2a8f719b1ca1873b1d99e0902612fae33093c46b11346ed5
wqp,wqp:21FLSFWM-LZ30,1978-08,ANFIS-F,314361,158f83f08c6b12467cc0dc8a6228119720fdb4635c51afc17b8f99944fef0937
wqp,wqp:21FLCOLL_WQX-LKTRAF4,2014-09,ANFIS-F,314361,1590d685fa7b944fbd67537574a50774d55be5b4b7c6d18a04ba62ff104d1884
wqp,wqp:21FLSFWM-FEBIN,2006-09,ANFIS-F,314361,159350738273f5119fb694f4f6f7f99e44ad988d650e46972890ced0a3199804
wqp,wqp:21NC03WQ-B2450000,2011-09,ANFIS-F,314361,159425513ecc2aaf8ba6bcf6855fd763a0bae0db24f4e67bce7f9c47521fbccb
wqp,wqp:21FLSFWM-POLESOUT,2008-07,ANFIS-F,314361,15969753e5b9f77c11f2842b98891ef58b6c281533b9e822ab9450940e37ff6b
wqp,wqp:21FLSFWM-LZ42N,2002-05,ANFIS-F,314361,15978b233fd0cb45b1161695950e3c4e9ae81492b30b84e40ba134c6573064d2
wqp,wqp:21FLSFWM-PLN4OUT,1992-04,ANFIS-F,314361,1597c22cec399d68712ee6c6a15fc07f3a32288fb718c18e8508256c8b2b349f
wqp,wqp:CAPECRD_WQX-280,2014-08,ANFIS-F,314361,159a1dc14b9658cadb0645fcc33557156d14d5b44a0041943c1411783058a6d2
wqp,wqp:21FLORAN_WQX-BC9,2010-01,ANFIS-F,314361,159bdc65deb1d74c9aa28e08cd56fbfdb89d9bbbc66e89cf64af2ca8d37b22d5
wqp,wqp:21NC03WQ-NEU019P,2012-03,ANFIS-F,314361,159c7ac5b4ce5963b063f84c0bb028fdbd45805cec7ea4f6c159773274395498
wqp,wqp:21SC60WQ_WQX-SV-339,2004-09,ANFIS-F,314361,159de7684e027be6f45f6213a7d77fcc0014cd99d7f9c9fb540415c8308548b0
wqp,wqp:USGS-07048910,1987-05,ANFIS-F,314361,159ed044ef4fab6017caacaf79fb1e80d8cc555ff80b7ec22bbcdca88e1d75b7
wqp,wqp:21FLSFWM-E04,1988-02,ANFIS-F,314361,15a31c8642fda809ba400fb0e52e13fa0ac73412f32ab591cc5b99893b5b6e22
wqp,wqp:21FLSFWM-LZ40,2008-02,ANFIS-F,314361,15a3b983977001f70de5d230faf7eaaf00ceada88c9cb4d0030153238a638fc4
wqp,wqp:21FLLCPC_WQX-GRIFFINTISH,2016-06,ANFIS-F,314361,15a4e0baff9a96588af81c6e8475785c9c1a51a372a939ff29036c7afc599ef5
wqp,wqp:21FLSWFD_WQX-23389,2010-01,ANFIS-F,314361,15a56d24f4c565578e6a767e588ba3a0c94e0bfb3dbe1794abe090aff2ea340d
wqp,wqp:21FLSFWM-B02,1997-04,ANFIS-F,314361,15a63c0322869dd2fb3302bba3b272fca8e589b911e097a3aa89231ccda81132
wqp,wqp:21FLSJWM_WQX-44158,2018-02,ANFIS-F,314361,15a63c04da18866cb7c9072727d7a4cead5fda9ea29fa6188b54324f6f4f9d1f
wqp,wqp:21FLORAN_WQX-CC9,2011-05,ANFIS-F,314361,15a7bce0b0dfa1975b311f908cde71bfb5e900b41c64d3682bd524b18d58ce30
wqp,wqp:21SC60WQ_WQX-CW-016F,2007-07,ANFIS-F,314361,15a7ea3498e62ce1f3efa807e62e9c4a1037fd0986e10a95c12382caa948a50a
wqp,wqp:21FLSFWM-PALMOUT,2005-08,ANFIS-F,314361,15a843a834f8683b450c7298ceab69244eb262bb4ef9b9c8faa05978b5bd8500
wqp,wqp:21NC03WQ-NEU019E,2013-11,ANFIS-F,314361,15a876161941d803d6115e70427cf809a215446d16722ad64fd2d3a019fa9bb5
wqp,wqp:MNPCA-62-0055-00-201,2018-10,ANFIS-F,314361,15a894186eb664f4c9e334b64ad8abe1c3303a5359879edc5c0c63fb376387cd
wqp,wqp:21FLSFWM-PELMID,1986-07,ANFIS-F,314361,15aa4608bf9484aa6c48c07f9ce11cd51a8bf77c71e729208a55972eb4330dee
wqp,wqp:21FLSFWM-A03,2008-02,ANFIS-F,314361,15aa73d6efe1b1494d6ad2009e3dd5506b1c504784fee4ef11c99ed007f71e70
wqp,wqp:KAWNATON_WQX-KN-KL-005,2010-03,ANFIS-F,314361,15abd63794dea84df931f36231087bcdafa0bae8185ec585c9539b20828a265c
wqp,wqp:21DELAWQ_WQX-205181,2009-08,ANFIS-F,314361,15b388ca394a8afdbbd4fc3b8d803f191dcba320e6e62145dfab06c63d0933e3
wqp,wqp:21NC03WQ-NEU019L,2012-07,ANFIS-F,314361,15b51ac9961de1235fa16c4c499631177e564f864ac88dfe5b3230978952a55b
wqp,wqp:21SC60WQ_WQX-CL-094,2003-04,ANFIS-F,314361,15b97ce3b88edda15f007c901acb2627f6db952fd59e134625890b7f5a131ac5
wqp,wqp:USGS-07049690,1980-12,ANFIS-F,314361,15bc893fd6fd06f09febc5a7f563c79a935a9e2c3f0a6099d1ed7c369d534dd2
wqp,wqp:21FLSFWM-L005,1999-12,ANFIS-F,314361,15bd67c554d9458c4cdbabd1393555f1d1265a01c15fa1c98ce61365138829fa
wqp,wqp:21NC03WQ-CPF087D,2012-11,ANFIS-F,314361,15c0d595a34cb046c8c4d2c3e07b956eea1ac0748ae728c978480dd14bd21363
wqp,wqp:21FLSFWM-LZ42,1993-11,ANFIS-F,314361,15c6a61c095d3d6e5ce5d108e9296bd6e496fe17d35edabb976c22c3e66b71db
wqp,wqp:21SC60WQ_WQX-SV-340,2005-03,ANFIS-F,314361,15c8f6f5af019f0881c8318e02afd5ac428032096ee838ac75e638560b7d4d75
wqp,wqp:21FLSFWM-B09,2005-04,ANFIS-F,314361,15c94606ae4cd04f40934d98aa7331cf8a298d221de4f6082d35b6f5b1987789
wqp,wqp:21FLSFWM-B02,2005-07,ANFIS-F,314361,15c99f8c5d4fafe2a52b97adb936484b8bc7080921919b85278f100abade16bf
wqp,wqp:21DELAWQ_WQX-208211,2013-06,ANFIS-F,314361,15cbd52fcc4ba7538471ba01e818d257ff014df870334bdae3a9648c0e7928dc
wqp,wqp:21FLSFWM-PALMOUT,1992-12,ANFIS-F,314361,15cbdbc450fa40866f4b86695a8e711faab660788c38c10f08170b1fd3107312
wqp,wqp:21NC03WQ-CPF087B3,2015-05,ANFIS-F,314361,15cce0f5e5813725a207b6c746e7d8f91070d7e34bf2bc577f4f83fd116ce539
wqp,wqp:21FLSFWM-B06,1988-04,ANFIS-F,314361,15d000c879040236cebf080eac97b0ed2544425725f97ec9246b10a6c7ed94b6
wqp,wqp:21FLSFWM-LZ42N,2006-04,ANFIS-F,314361,15d36a13e94f5b51e51f992ce715ca8db51209de3d58cec275dd25a6783940c4
wqp,wqp:KAWNATON_WQX-KN-KL-005,2013-08,ANFIS-F,314361,15d44c7e187298b91e00f465e2fae8de398983b1cb04632f68b4fdd80e6e79fb
wqp,wqp:21FLSFWM-FEBIN,1998-04,ANFIS-F,314361,15d48ca733562604d1a4276a215fb5eec7077503382cee8dfc9925067b956c76
wqp,wqp:21NC03WQ-YAD169E,2006-07,ANFIS-F,314361,15d5c8ccb98b7f4e703a45f72caef1fb1b3b1b8a8960f63b78c955fb70384a65
wqp,wqp:21FLLCPC_WQX-GRIFFINTISH,2013-10,ANFIS-F,314361,15d5cdf0c9f41ffad2d4f2e3845cc1fb50cf923cad404225874b24368b5b2319
wqp,wqp:MNPCA-62-0013-00-201,1990-06,ANFIS-F,314361,15d6499114b871ff5a71d9048a25a9a81ffe24902adbacf7aaa77bc430958e65
wqp,wqp:KAWNATON_WQX-KN-KL-004,2014-07,ANFIS-F,314361,15d9eed7dc2a461643633276186152cb5674c9d7fead596d0a22df9387f4388f
wqp,wqp:21FLSFWM-B01,1984-08,ANFIS-F,314361,15dae155c22d853365fa09d445807feb14fa350f1e7d603a9e5359eed526fa87
wqp,wqp:21FLCBA_WQX-WAL-ALLEN-1,2017-04,ANFIS-F,314361,15db6b0677a2db172501f8e51e7b5beac6119307bc950b0ea818b3e2c9bc85d8
wqp,wqp:USGS-072632965,2005-11,ANFIS-F,314361,15dbb385469be83c08513649eb5ad44c138a531877e7799128934fcb0ab59a17
wqp,wqp:LAKELAND_WQX-LH20,2010-12,ANFIS-F,314361,15ddaad6c07e4f52ebc3e29daf8a95d245731a5758fea97261968339748b3531
wqp,wqp:MNPCA-73-0014-00-100,1981-11,ANFIS-F,314361,15e038617d88fcdb76bdf58c37b0d4240e4eafc10a3078cb611b443476bff652
wqp,wqp:21FLSFWM-KISSR0.0,1995-09,ANFIS-F,314361,15e084f40f2f0e2f461c86a79e097523c9392570cbef5079d325975e8721a34f
wqp,wqp:21FLORAN_WQX-CC18,2007-05,ANFIS-F,314361,15e0b91fed6d4298ee01bed2cdff780133aec0b33be59b7ec59a25453e9c4feb
wqp,wqp:21FLSFWM-L005,1981-10,ANFIS-F,314361,15e2dbbda3280732b818d779a46af4f7ee53be81400e19a86d4935d5339839ae
wqp,wqp:MNPCA-10-0048-00-201,1986-11,ANFIS-F,314361,15e335c9ba0adf7436f259c0997ccd177b3a0999bd387d3a021613aaa89112e0
wqp,wqp:21FLSFWM-POLESOUT,1993-09,ANFIS-F,314361,15e4ebe5808acb2c8d0af16a2631af974cb2ae33c4e5c0499d4e2c9af598a75d
wqp,wqp:21NC03WQ-NEU019L,2006-08,ANFIS-F,314361,15e5fa071d0c11651457c91a2ba3bf6d7db6d888521d100533d26ceea9c4710b
wqp,wqp:21SC60WQ_WQX-SV-340,2002-02,ANFIS-F,314361,15e6c990eee2c73f454e2855e8cf9b0fcd5a5d87bb9145dd2b78ca9e485074f1
wqp,wqp:21FLSFWM-L005,1993-05,ANFIS-F,314361,15ead9b745af007ff13c0d1b09cddfa33b333eac5e3bc92735738b95efd0173b
wqp,wqp:21AWIC-23,2006-08,ANFIS-F,314361,15edb3e603b06979afaedca2e624af8ef4d924f8291e72c30e8118c36ff33477
wqp,wqp:21FLSFWM-C03,1985-04,ANFIS-F,314361,15eff25947ed5a027f9c70eeecef5dbf0fa71d428cef7cc502d3f68b755f3385
wqp,wqp:21FLSFWM-L008,1989-03,ANFIS-F,314361,15f1c6033cf634df9b98be11e67571a0b33f837113cc5b3cd2c2dc761de5c33c
wqp,wqp:MNPCA-82-0046-00-203,2004-05,ANFIS-F,314361,15f1f1421357abc6681212dfdc80e05681b2b05ca5c8b4fb4670df6428d0ee58
wqp,wqp:21SC60WQ_WQX-SV-340,2008-03,ANFIS-F,314361,15f2e55eb7d3e6a38a56c8e6d03f2b3fecf8a1feae4233cf7de3bd8684e4ff9d
wqp,wqp:21SC60WQ_WQX-CW-016F,2017-07,ANFIS-F,314361,15f3c3655830d12dd8f3be23d95169ecb142894a3a214821b16a856bf77dfdf7
wqp,wqp:21DELAWQ_WQX-205181,2013-05,ANFIS-F,314361,15f928c201c1400071cc91f0af79d3cda6ec9b8c2d433cd3d0a3ee380a947ca0
wqp,wqp:21SC60WQ_WQX-S-222,2013-12,ANFIS-F,314361,15fb0dbc9bd6cd4ec2b1cb1fa1dc59472260463f83e521bb42ab81cd23cb8220
wqp,wqp:USGS-295554095093401,2012-08,ANFIS-F,314361,15fd8709cc2726280817c7f74168428a0eb8891290705de6b5e46b24aaa5a5a0
wqp,wqp:21FLSFWM-L004,1999-04,ANFIS-F,314361,15feaa63502b3ed529d6f35704e9683be4d332636e388dd83d90c341cbba64d6
wqp,wqp:21FLSFWM-KBAROUT,2005-08,ANFIS-F,314361,1600c155100fe5111a99339cc478ce98bffe1a8a04b9904b3dbd145151012659
wqp,wqp:21DELAWQ_WQX-206361,2009-12,ANFIS-F,314361,1601176c0be4dc2abadd286bb978b7787d3dba4de5adb9e05aa526ab68ac0827
wqp,wqp:21FLORAN_WQX-CC9,2011-08,ANFIS-F,314361,160132fadf43a7651c3e2f8383b0fff8d8458604b684a9691c68ba7feb5e90f6
wqp,wqp:21DELAWQ_WQX-208181,2007-04,ANFIS-F,314361,1601e429bf2443ac5ddb76a731b68db875cdcff8a1b9103bcff951998c237aa8
wqp,wqp:USGS-295826095082200,2018-07,ANFIS-F,314361,1604295ca8ecf436d060d1a1c3f4ebd3f2edd9741d036b78a3725cc7c0155037
wqp,wqp:21FLSFWM-MH32000,1997-09,ANFIS-F,314361,1609b06ad35802ef6f8e7fe4e2e01a55d7a638a0d8f6f26e789f74bc60a0ed6d
wqp,wqp:21FLSFWM-L005,1992-04,ANFIS-F,314361,160bd48cf19e2dd9700dd03287be9475cf23374443f58180c5fc448e8a294a7a
wqp,wqp:21FLORAN_WQX-CC12,2005-01,ANFIS-F,314361,160bfbf2a54578e5de2cbc34328385d215cde611c70efbbe6a76ff3afd2cbd57
wqp,wqp:21NC03WQ-CPF087D,2018-06,ANFIS-F,314361,160c519b90335d03d9f03b398d19911366d230065687caa76c72f0b61a9488a4
wqp,wqp:21FLSFWM-STAKEMID,1994-07,ANFIS-F,314361,160e13d9f0ffc65ae25767541b849f50fa960a6e89a3d7be760ecd783f687c73
wqp,wqp:21VASWCB-2-XDD000.40,2008-06,ANFIS-F,314361,1611be4501927a6552b6403ca3b221f3bf9f0595aa90459a8d611ccd9191dcd2
wqp,wqp:21SC60WQ_WQX-B-345,2006-01,ANFIS-F,314361,16127fa5bfbbc3ae8d6a97bd2f86439708b92fb226e5029e20ea126f1da16ad6
wqp,wqp:21FLSFWM-PELMID,2002-09,ANFIS-F,314361,16145c17e32aaf543f709144205bec229f3a3458ed477dfa8ff00890778ad80d
wqp,wqp:21SC60WQ_WQX-SV-335,2010-09,ANFIS-F,314361,1615643005a5eb6320ebe45aaaafb481e613b784e25eac84ea89e8f4d87c9066
wqp,wqp:21FLSFWM-L008,1998-07,ANFIS-F,314361,16177d217a15ad33228bfabeac118cda201df1d7436137dd90312ac3e6f017ec
wqp,wqp:21SC60WQ_WQX-CW-033,2011-08,ANFIS-F,314361,1617e7640a24ae8e865568e2b059d3612909dee0aff2a1b712412e1e8cd56fa0
wqp,wqp:21SC60WQ_WQX-SV-268,2004-11,ANFIS-F,314361,16182c9f73d6a45465a21147afb58a9fa32f3d37790b6ec4328a46117125a354
wqp,wqp:21FLSFWM-L001,1981-03,ANFIS-F,314361,161b37f8f101a7ad9d09eb3931dd0b5c629202c4dd193172ba41b6d9651c93eb
wqp,wqp:21FLSFWM-CLV10A,2004-03,ANFIS-F,314361,1620eb4d9b0f72496b560657dcf6efee873a3e7507988d041b82ed1e3f9d0c90
wqp,wqp:21SC60WQ_WQX-SV-340,2005-01,ANFIS-F,314361,1622d50c4f18cbae560bb6290cf38480d5e4b92c41964f5b6da4b4b18df8c151
wqp,wqp:21SC60WQ_WQX-SV-200,2014-02,ANFIS-F,314361,162575579993f4081481cf47fdefd810a069c62666ab9d47e2ecc1a820d56224
wqp,wqp:21FLSFWM-LZ42N,2006-07,ANFIS-F,314361,162766afa788ae364d2977747fe8ac74fb9622d4398a8c7c0a6c1915b528e663
wqp,wqp:21FLSWFD_WQX-23477,2007-07,ANFIS-F,314361,162b45242747c394ebfb342fe20e3eddeca272cc78418b4b53ae4a549af06b42
wqp,wqp:21NC03WQ-CPF0880A,2012-03,ANFIS-F,314361,162c0c550f0a3dc723b318cbb432a9267dd01ad008bdf134a00106b80431343d
wqp,wqp:USGS-423526088380101,1994-08,ANFIS-F,314361,162c3ccbcf8d95b91f874b099b745340985167b6d5c0b6b1d6e3af0abe81581c
wqp,wqp:21FLSFWM-L004,2000-02,ANFIS-F,314361,162f77afe50c924d47367ad76f48a4a3dfa8a9da66d209eafcc041fa43bc87c7
wqp,wqp:21SC60WQ_WQX-PD-327,2004-03,ANFIS-F,314361,1632c557a54a58520dcd036a7c9f3a5a1d24eb4ac4f9b4958b8652553bbe337b
wqp,wqp:21NC03WQ-CPF086C,2016-03,ANFIS-F,314361,16339c5edb8c12ce50c23dbe02516e07001cc157bdeadc79424fc68f0723abb3
wqp,wqp:21FLSFWM-L004,1996-03,ANFIS-F,314361,16346442c88325c3465c90937b935e8ce65717348c0ed889a9c852b9bc34b9bc
wqp,wqp:21FLSFWM-KBARMID,1994-02,ANFIS-F,314361,1634701a74d9a38ea22d713aff39a4347e94f2264e21a769e3354bad5a072caf
wqp,wqp:CAPECRD_WQX-280,2004-08,ANFIS-F,314361,16359a669e0ff4a170c39780d46596e639beaa3b4624a7918338cbe158b915cb
wqp,wqp:21FLCOLL_WQX-LKTRAF1,2018-10,ANFIS-F,314361,16367eb4335e1d38dd55fec42ea11eeff0053a80bbce006c079a483117f57896
wqp,wqp:USGS-423526088380101,2014-06,ANFIS-F,314361,163b1096a86f54d0276995ea52c141f4d96c1d9a571a26cacf6144c45ad33b2a
wqp,wqp:USGS-07048910,2011-07,ANFIS-F,314361,163bf0a43fa0324681d4414af3fcaa3aa7809997fd192a1d9642e2eb0e22cd5c
wqp,wqp:21FLSWFD_WQX-23588,2014-09,ANFIS-F,314361,163bf7dc5061c2b8acda0c00d05070913c38da9c8f462d0cfa630608085564ae
wqp,wqp:21NC03WQ-CPF055C1,2016-02,ANFIS-F,314361,163c3ae087f668f3d4f97b4d3f343141585b162f46e06b2ac854cc74da66d2f0
wqp,wqp:21SC60WQ_WQX-CW-197,2007-11,ANFIS-F,314361,163cc1dc790f72c202d30ce288d92e04f2c7889509e8562dc1379fd5720dd0b5
wqp,wqp:MNPCA-62-0054-00-101,2007-08,ANFIS-F,314361,163d04627345b58a6a1a48c4bedd1c4156f2dddfe410eaadd5849c292af7bc88
wqp,wqp:21FLLCPC_WQX-GRIFFINTISH,2011-09,ANFIS-F,314361,163edd98a1fa634bc8a36c902dae7bce4c985939f68ab8f8466b4b5c95907fa3
wqp,wqp:MNPCA-62-0055-00-201,2009-06,ANFIS-F,314361,16416eec39c15b80bab11139fe22b3b4c0d33943863b194ab5a13b3221106cfd
wqp,wqp:21FLORAN_WQX-HB68,2018-08,ANFIS-F,314361,1644925545106f3286a28840750b36572e5175e913414b4080a64c920fec1370
wqp,wqp:21FLSWFD_WQX-23438,2008-02,ANFIS-F,314361,1645a8b0494b964a1a6bc3ace863a1f41dbcfc57a3ae8ca6a4d50b24678f5a79
wqp,wqp:21SC60WQ_WQX-CW-207,2002-06,ANFIS-F,314361,164916dd7712ed67aac4afe9e3da8ac193d6abe5e680bab6667b6832c111c588
wqp,wqp:MNPCA-10-0042-00-401,1984-05,ANFIS-F,314361,164b92693e5db394b1a91ebaed5f2433ce391c93c7d2d71405ca2b8cf9d46bc6
wqp,wqp:21FLSFWM-PALMOUT,1988-06,ANFIS-F,314361,16503b6708bd05a66b927dce86711f651074f5fbbe850d4dcdd2e9047a7621ff
wqp,wqp:MNPCA-02-0075-02-203,1999-04,ANFIS-F,314361,1650e028aeed83dc819e9973cf9d47353f69f24fbb57458e564d090f7a9e3e2d
wqp,wqp:21SC60WQ_WQX-CW-197,2016-11,ANFIS-F,314361,16522e36f0a6541f8960847a6c2c3d88ecc71b5bd83b5086725677c181e6d68f
wqp,wqp:21FLORAN_WQX-CC17,2010-08,ANFIS-F,314361,1652be1123debed2765987c5fd7347cef585e885e071094e5df0ee0cad01e6b7
wqp,wqp:21NC03WQ-CPF0880A,2008-09,ANFIS-F,314361,1653afdf786fc98805859ebb7dc97eb765106d4927b8a7ce1813221664bb61e7
wqp,wqp:21FLSFWM-D02,1998-07,ANFIS-F,314361,1656013423fa216680c50e60d647de5d7120f02a52e8b7989e3ab1633cf0722e
wqp,wqp:21FLSFWM-CLV10A,2005-05,ANFIS-F,314361,1659a3bf7daa8903b593fba7521bf13ff30f8a1e3c2a17cc5870de7a480e5544
wqp,wqp:21FLSWFD_WQX-23480,2011-04,ANFIS-F,314361,165a6d51e82b21cbf2ec613c6ecebcf6914098acf485555473872760e144cd79
wqp,wqp:21NC03WQ-CPF0880A,2006-04,ANFIS-F,314361,165a722975cf3529aa7fcd870605e8ad809f7ff63dbf0a243a07badb81a7d767
wqp,wqp:USGS-07049200,2017-05,ANFIS-F,314361,165a79f983cd66aaffe9953ad9c54400821a5539b41b35858efe6854c55e42fb
wqp,wqp:21FLSFWM-PLN1OUT,1988-08,ANFIS-F,314361,165beb0cd6e544c93ea9d26bd688ed340a0250a68058b52747da09dfcc0f7bf0
wqp,wqp:21FLCOLL_WQX-LKTRAF1,2014-06,ANFIS-F,314361,165c4a90386bac113511453bbb4a01bcae95272d627c906005a018d37312e76e
wqp,wqp:21FLSFWM-E06,1983-10,ANFIS-F,314361,165e660566ce9ba73e3eac8ebf84ddaf878c92c269e69871bd51e48c54a65b23
wqp,wqp:21SC60WQ_WQX-B-345,2018-04,ANFIS-F,314361,1660b17fecb3da3b2250ca09c7318baf124708e24143a21bbfa2c7ca4157662b
wqp,wqp:USGS-07049690,1978-12,ANFIS-F,314361,1661ad61febadc3c264101cadbd2b9172998c2a1166b9676e5b6b6d687bcd0af
wqp,wqp:KAWNATON_WQX-KN-KL-005,2014-09,ANFIS-F,314361,16669542a9fda5c4460e33d8a8974a1c8f864aec164278211c45da152db10606
wqp,wqp:21FLORAN_WQX-BC8,2013-10,ANFIS-F,314361,16669756eb5a38f464edc95f2d8b2c7d2f8fb60e1ddcd6e16cb0d9ea47e8f593
wqp,wqp:21FLSEM_WQX-SPR,2012-04,ANFIS-F,314361,16687aed2e54699fb9a85b765b3982ded1d2bb11ecf311e61c366b51a10c488f
wqp,wqp:21SC60WQ_WQX-SV-331,1999-05,ANFIS-F,314361,166ae2e7e8ac5148d8dc1b3d6ddfc5d37d09a0b51ca488b16c5e4e60d4cb9bd4
wqp,wqp:21FLORAN_WQX-CC13,2008-04,ANFIS-F,314361,166cafd0b30ff475dd6b9bbb5217913f3d2ae71f77571c226e4706dfa2107970
wqp,wqp:CAPECRD_WQX-262,2001-01,ANFIS-F,314361,166cfce151ffe3e81d609d327a1eb2d8fb570a0407bf488159323f556d4eeb85
wqp,wqp:21FLSWFD_WQX-23389,2010-11,ANFIS-F,314361,166cfce78adee6aa835eab2c250bf22c281b27e27fabcdd2984f73d297fcdf7f
wqp,wqp:21SC60WQ_WQX-CSTL-075,2003-09,ANFIS-F,314361,16712c6d1ed9b88a698b9aed590988a2944f6a56830e16a7e94ce9ddc26dd493
wqp,wqp:21NC03WQ-CPF081A1C,2007-10,ANFIS-F,314361,16722366596d61103df3cf67fc1aa68edae041654216ac50062bc4175becb9de
wqp,wqp:21DELAWQ_WQX-303331,2004-10,ANFIS-F,314361,16722962bae1d14db8624a70a7f40c4c16b6aa53500f5cfea2895e71b50c1821
wqp,wqp:21FLSFWM-LZ30,2006-05,ANFIS-F,314361,1674ade13c5cfb4b233756485a0a8a21589e67f1749a985ce040deac0c370696
wqp,wqp:21NC03WQ-CPF087D,2017-09,ANFIS-F,314361,1675072738a84bf47bd23d55b8623ad0366affdd108bbad1d9fd7fee49ccc25c
wqp,wqp:21FLSWFD_WQX-23609,2007-05,ANFIS-F,314361,16773325cb916ceaa047de8b291d4d9a7d2bb626f7365d1f0f68cf1efa0c8f19
wqp,wqp:21FLSFWM-B02,1988-10,ANFIS-F,314361,1678041e2363cf7c4c7d251ed9f72fa3f8e6d3fd769409dd920d6db3a594f23c
wqp,wqp:21FLSFWM-ISTK4,1994-10,ANFIS-F,314361,1678672c314a2d0e3cee96df32372b7b2a8aa9e73d7b6f0a0ffae1437611a2e2
wqp,wqp:21FLSFWM-POLESIN,1996-12,ANFIS-F,314361,167895197cf0f3f649fc583b2e9eae6c528276db0532a4d7adf11f040c9e1eca
wqp,wqp:21SC60WQ_WQX-CL-094,2003-07,ANFIS-F,314361,16795629350aa7eef47814d62a9de321f7b93792dfe40f3f5ffb1e14ce77c3eb
wqp,wqp:MNPCA-62-0055-00-201,2016-04,ANFIS-F,314361,167d9d4f5ca04178e9bd5a775943886e0f6850f5c03a6a0f99c06e93b2679692
wqp,wqp:21SC60WQ_WQX-S-222,2014-02,ANFIS-F,314361,1683b2d717cddb26b7e5b72aa41249d93cc3ccbc40d911b40f30010bbe74dc78
wqp,wqp:21SC60WQ_WQX-S-311,2004-09,ANFIS-F,314361,168474743f536d827a8b7655df0ce0d7b6747d606522b73311f5276af68bf22b
wqp,wqp:21SC60WQ_WQX-S-024,2008-04,ANFIS-F,314361,1684e5448e4a177f7da2da4e2c35d56cc37e8603fed1c03e2a0ee5bb05dce4e0
wqp,wqp:21FLSUW-ALL010C1,1999-01,ANFIS-F,314361,1685e453b571c3c1e72bf20faa784d21f4ca76358d25489ecc18d3bdc5f36975
wqp,wqp:21FLSFWM-D02,2007-01,ANFIS-F,314361,16870aea3dbb8a91db8d994a0b34c95182e09ee9dffa300c2f16a012938d6079
wqp,wqp:21GAEPD_WQX-LK_12_4048,2012-03,ANFIS-F,314361,1687b6acda9c4f69423e199cb80ed0948b051e987e6bdad76ad5073ae7238999
wqp,wqp:21FLSFWM-E02,2001-09,ANFIS-F,314361,168a9fc16ae70450ae7a0f84a779c430fa89d6c8cf85827a546c32ffd71a6b3a
wqp,wqp:KAWNATON_WQX-KN-KL-002,2012-06,ANFIS-F,314361,168bed871deb358df628d549ecf021d096da371d673272b861febc4bb216f478
wqp,wqp:21FLSFWM-L004,1982-07,ANFIS-F,314361,168e25b35b4d44cc28d9df233ca5fb20d15d5876f84f1697f6efaeb700c3aa46
wqp,wqp:CAPECRD_WQX-290,1999-08,ANFIS-F,314361,168e9c469512cba4f16bd4b53120eeb55ca98a2c4fe15f6bdf15ba1ea9b35d2a
wqp,wqp:USGS-423659088354401,1994-03,ANFIS-F,314361,169189d87d91df4df76fe0cdc4083e60c324ccc42d2c0c8c5651bb830f525394
wqp,wqp:21FLSFWM-ISTK4,2002-03,ANFIS-F,314361,1694954c7b536069928b112a9849d1c0cf7579ce7e7e7c9cf0fe16ef1a81f466
wqp,wqp:21FLSFWM-L003,1981-09,ANFIS-F,314361,1694abc8503002580395bd576b231209ed0bc8df9d45b31f080269d4443f0396
wqp,wqp:21FLORAN_WQX-BC11,2016-09,ANFIS-F,314361,169581debbafaba2f963dfd73c277adc7716f453f00b59e61f416fec136b9c7b
wqp,wqp:21NC03WQ-NEU019L,2007-04,ANFIS-F,314361,1698a0f40ac22cdedddbb20eb5bc521e58928e51179b26c6afea2d9ab5012378
wqp,wqp:21FLSFWM-ISTK1,1990-05,ANFIS-F,314361,1699af3dc189ebf895616707080ef885af4781646fdf441af53dc2337497439c
wqp,wqp:21NC03WQ-CPF087D,2017-03,ANFIS-F,314361,1699e70b9c3e7b2a57d17b353f603eb5519d2f384e0f03b0d225189ef5e50855
wqp,wqp:21FLSWFD_WQX-23467,2016-03,ANFIS-F,314361,169b0a44ce173c4502a49d894214ef03dcfcf7ae11010c7426ab2c23f5645477
wqp,wqp:21FLSFWM-STAKEOUT,2004-01,ANFIS-F,314361,169c1a13063c473c26af0c051f3f9f88f61906dccbbb12d4022c86e47d69a971
wqp,wqp:USGS-423556088365001,2013-08,ANFIS-F,314361,169c25c0b31f9d6f7234b1876730dee09990c2dad589d09e8224d6b256956afe
wqp,wqp:21FLSFWM-E02,2003-08,ANFIS-F,314361,16a176ffe01ebefd650e3f330bb619bb5a4a453ea40d39ce53f3a4189ba11b1e
wqp,wqp:21FLSFWM-ISTK1,1995-08,ANFIS-F,314361,16a369042c7e7fba580857e5ae6f64d90f24c5d2178381af2d737de49f91086d
wqp,wqp:21SC60WQ_WQX-SV-098,2004-12,ANFIS-F,314361,16a381afb98525d2c6f63de02766df1bd3f544f95cd8519abc44ae91a27b9d37
wqp,wqp:21FLSFWM-L008,1997-02,ANFIS-F,314361,16a685eaa37e5a85a478c3004d6877ed6536aea5e78ba7e4eed08a04fbababdc
wqp,wqp:21SC60WQ_WQX-SV-363,2002-11,ANFIS-F,314361,16a7e79a127a9dc72bc68c47f89e4b2882a8105c9094286654d9093649070639
wqp,wqp:USGS-421420121481700,2014-03,ANFIS-F,314361,16a92990d601396fd0bdaec54be0c9c708519ac2b1ee1d2999668162b7240738
wqp,wqp:KAWNATON_WQX-KN-KL-011,2018-11,ANFIS-F,314361,16ab0e204b36863f485e52a6ff94a0ac0a88e384f7e9c7139bc5aa03dbb8cea4
wqp,wqp:21FLSJWM_WQX-44154,2018-03,ANFIS-F,314361,16acf4f6441e506aebb5358e2a666b0afeeef780021537ee4760f1feab00b5b5
wqp,wqp:21DELAWQ_WQX-205211,2010-06,ANFIS-F,314361,16afb98a74bb58a6fc37a42cf3eb352df13c1b722e95440728497a085be88257
wqp,wqp:21FLSFWM-MH32000,2002-09,ANFIS-F,314361,16b09eaa92858d1a7f4ce5b81658e01ee4428b449095a016f282488d57ea1f69
wqp,wqp:USGS-0690367690,1993-09,ANFIS-F,314361,16b5db225b08966c082a980aa045c63e54d0674de44fcd278d880910a82d77b6
wqp,wqp:21FLSFWM-A01,1999-02,ANFIS-F,314361,16bc5e01b570f0836bee844470e08417ac2ec830fb9e7d6be163cf30a4043b77
wqp,wqp:21DELAWQ_WQX-202021,2002-07,ANFIS-F,314361,16bcb10679d8f0db62346c50fb4534f56c1c864a9da50b2cebccaab902c4a8e1
wqp,wqp:21FLSFWM-STAKEMID,1991-04,ANFIS-F,314361,16bdd22ef4c636bfda3fa114a6dcda8b03526581dd2835a89e96cd170ac02000
wqp,wqp:21FLSWFD_WQX-23458,2008-03,ANFIS-F,314361,16c00dcd6887d272fa6538ac58003583e47d96e918b5ada723bed2fcdfe639e7
wqp,wqp:USGS-072632990,2009-02,ANFIS-F,314361,16c22ff648cac16f1d3aa2b668e40159f6cd9d8e7b06fda0ea5bedcddfc7b02f
wqp,wqp:MNPCA-02-0075-02-203,1999-07,ANFIS-F,314361,16c64d0861e20ce9f7fa2745631ae5c7504801c129e471f5c5b01187fbd4ee25
wqp,wqp:21SC60WQ_WQX-B-327,2003-09,ANFIS-F,314361,16c6af26da6cd594999436fedef66ca0cbacfe5f2efba2a8e44ca0b3ab2ff496
wqp,wqp:21SC60WQ_WQX-CW-197,2001-08,ANFIS-F,314361,16c9b4331970e158cd0d19eed5614a7ff793281c8b230eba2e1c27ac2766a1e3
wqp,wqp:USGS-01657665,1973-04,ANFIS-F,314361,16cd57fccc7e38a1955ec3957e2d7d507841cdaf2a6836abdf5c84af6cfb44be
wqp,wqp:21FLSFWM-L006,1988-03,ANFIS-F,314361,16ce793d14e776559667901545045f13a3a7315ce8a32ba66c8d3b48e02d168e
wqp,wqp:21FLORAN_WQX-BC14S,2005-04,ANFIS-F,314361,16ced56d3d32c05b1e7d0097223404c21c9dab1b4e7f25e889c4191ba8aa1017
wqp,wqp:21FLSFWM-LZ42,2004-08,ANFIS-F,314361,16d3b668d66a67bf8b93600176dbc4ba6ed1fb70fde29cffd606f2e02ec71f7a
wqp,wqp:USGS-01657480,1974-05,ANFIS-F,314361,16d3f42bacb10260fe1f4ac8fd7c17a308c420b6033232a51dba2c38e66dd2c3
wqp,wqp:21FLSJWM_WQX-44678,2017-04,ANFIS-F,314361,16d3f66badcdb2ee87f2ba46c28ff043014f2b4cc035ab419a8e885eaaa6c023
wqp,wqp:21DELAWQ_WQX-206361,2003-09,ANFIS-F,314361,16d51b56c1f5d421c727756e46a7538beae11abbf8f1a15fee7a2f225511a1db
wqp,wqp:21FLSWFD_WQX-23641,2009-06,ANFIS-F,314361,16d674f6ff2dde703413a2a3f05171696e9de1c16829af94dc205a60e11e8811
wqp,wqp:21AWIC-81,2007-09,ANFIS-F,314361,16d730fdce2fff0202bd3c28b6faf0ba5e05b7203b893bf168741756d54003ff
wqp,wqp:21FLSFWM-LZ30,2004-02,ANFIS-F,314361,16d77d31f779c63393f9293d8566409a429b2485169a41a3eaada2bc57343116
wqp,wqp:21FLSFWM-D02,2006-08,ANFIS-F,314361,16daf8e159e06e05cb4fe6a4f7ae45d76e7a5d4cf2ecd92c618c442e21987ff7
wqp,wqp:21FLSFWM-L004,1980-01,ANFIS-F,314361,16deb3533086efa901a8b1e5e3625ba9de770b908c037efbc2db9a0288645825
wqp,wqp:MNPCA-82-0046-00-203,2013-10,ANFIS-F,314361,16e1d26dd40d79e494993a595fea26040415642ee86da3785882eef803d66de5
wqp,wqp:MNPCA-62-0055-00-102,1986-08,ANFIS-F,314361,16e34e83c85c9aedd7a6baaa03fbbec86684ac521225edb5a296fe45f4a92d13
wqp,wqp:21FLSFWM-L003,1985-08,ANFIS-F,314361,16e3745ed55259b07f10fc40fc4749de824aa8b4b1fa6d034ef93ecfb54a8e50
wqp,wqp:21NC03WQ-CPF087B3,2005-01,ANFIS-F,314361,16e58ec9cf5d79de61d360d4e87bada83935f59f8d6b69fc1157763dc3d9f153
wqp,wqp:21SC60WQ_WQX-SV-098,2005-03,ANFIS-F,314361,16e63a0fed9a71b0baa72e8176bfbac0b593e224fe44becfacb7fa328a9b74c3
wqp,wqp:MNPCA-62-0007-00-203,1982-02,ANFIS-F,314361,16e7a1b9f092ddab12596769397c743b0100b0c269d28324c5a61313bc9ea492
wqp,wqp:21FLSJWM_WQX-44618,2018-08,ANFIS-F,314361,16ea23e461371bfe42c54b4ec1335d3281c03026b241f3ff70e46387731a0295
wqp,wqp:21FLORAN_WQX-CC17,2007-08,ANFIS-F,314361,16eb0562e5d9312a3ac596cd0a2980ff7a97a1588f29d2bac0ac8f0124d235e2
wqp,wqp:21FLSFWM-KBARMID,1991-03,ANFIS-F,314361,16ee40982daa09322fca5de4701363acc95ebc7a52a2df5262900226e7a135dc
wqp,wqp:21SC60WQ_WQX-CW-207,2013-01,ANFIS-F,314361,16f2097f0d91b5344b711f64f6783ea9b3d0d3e65bd5312b2076fc7122527c74
wqp,wqp:21FLSFWM-STAKEOUT,1987-09,ANFIS-F,314361,16f26a2a44c166e429fd8f57df6aca947062ba10217bcdc446039987ea2641c1
wqp,wqp:21FLSFWM-L005,2002-10,ANFIS-F,314361,16fa8a9eca49cbaadc81793c295626c723d52cfee9258077a3f1ddd246e421e3
wqp,wqp:MNPCA-47-0042-00-201,1984-07,ANFIS-F,314361,16fadc6721875f9a490037e73f9a3d56ee223f5fafc229ab01ca8d848740f877
wqp,wqp:21FLSFWM-A03,2008-07,ANFIS-F,314361,16faf0310019df9f6328984fb67f2b1f630f87d5ad64a8f7c7f546491c7c21f5
wqp,wqp:USGS-02207414,2006-12,ANFIS-F,314361,16fbb491f890634efb0da59cdc14249e4076b164c144202e0f99044a855739d2
wqp,wqp:21AWIC-81,2006-03,ANFIS-F,314361,16fcb5ce6b9e5c6c21a2b9d5761a62aeb8b2bdf6771fba7702f16f25bae6cfe6
wqp,wqp:21FLSFWM-L008,1984-03,ANFIS-F,314361,16fcb62ca12ca1737b6625b27b16f4b29160a64406fcd04951717175b3c105dc
wqp,wqp:21FLSFWM-STAKEOUT,1994-04,ANFIS-F,314361,16fd6061a2087b2953848a88528d7b32c90a93db8ae42ccdf29595556b0d6992
wqp,wqp:21FLSFWM-B09,1985-04,ANFIS-F,314361,16fe93e9f336d8892545e93e77ffae424dc3a567dbe30adeab27899608ccd103
wqp,wqp:21FLSFWM-POLESOUT,1997-08,ANFIS-F,314361,17004434b9bca3dfc0ef49531393396692b8c3af39256e95c96ad8728d5a6ddd
wqp,wqp:USGS-01201700,1985-03,ANFIS-F,314361,170222ea1e30c8b85d0a08e62ab7ac8d905e6470c874568f7df1b7a8870f3a41
wqp,wqp:21SC60WQ_WQX-SV-339,2012-05,ANFIS-F,314361,1703fbc8360e0f3c28e8bb6acad18f230c8982a66c8cd80eb7ac0c11da4e16f2
wqp,wqp:21DELAWQ_WQX-303051,2010-10,ANFIS-F,314361,170b2afaa680e83e987ad0ad8d62a3d9c1f51b70263085c31586c489522d257d
wqp,wqp:21GAEPD_WQX-LK_12_4048,2008-01,ANFIS-F,314361,170b5b282ba4ef849221a52abcf508c43a449d0f13fd6a243a1441d22f1bdb3e
wqp,wqp:21FLSFWM-C03,1990-01,ANFIS-F,314361,170bb2c950dd4ed9ef63302b2213c66e271df8925cac8e8f2103067a2b3a70cf
wqp,wqp:21AWIC-81,2013-10,ANFIS-F,314361,170f4a0d5959d55994e1194ba0d96fcf5406b8fc792070abad351b3fbc5ddd79
wqp,wqp:21FLSFWM-D04,1985-01,ANFIS-F,314361,1710f8829412e8d0431ea9ec0ae6d20e4d8367246f431a0477df680a9f585ab2
wqp,wqp:21NC03WQ-CPF08801A,2007-08,ANFIS-F,314361,17119e07c26afe67ee97d891dee753b86d467581fa55317c6c293e9673055263
wqp,wqp:KAWNATON_WQX-KN-KL-003,2008-03,ANFIS-F,314361,1716d19540b47c94a333290a017509b07cc10f66852d78221481d57bf75bc661
wqp,wqp:21FLCBA_WQX-WAL-ALLIGATOR-3,2017-10,ANFIS-F,314361,1717b489ec115671f8a7e8cbc7b57a54be18970ed3d47e068640b062db18ae59
wqp,wqp:21FLSFWM-L003,1981-10,ANFIS-F,314361,171848b26833ec7d3128b8ad7732101b1f3dde0399e9b1240726843db3361b15
wqp,wqp:21FLORAN_WQX-CC4,2006-03,ANFIS-F,314361,171d48b33ba3b8093aba1059108585d246fc2f14062cf67ac51b9fc71452621b
wqp,wqp:21FLSWFD_WQX-23480,2017-06,ANFIS-F,314361,171e2a9d6a1efeb0f34246e541d4da2cd5ce157fe0c0e866265d82099dcb08ec
wqp,wqp:CPNWATER-WW#3,2013-11,ANFIS-F,314361,171f018925332496bb43dc69edae74b72fbbbae4aaf02b37ad477b8eb6b0a55f
wqp,wqp:USGS-07049690,1976-12,ANFIS-F,314361,171f0f0988c0a0e1d3e3523cd989b7e8dfc3754d932178a2784f201132d9812e
wqp,wqp:21SC60WQ_WQX-CW-231,2017-05,ANFIS-F,314361,171fa94408ec0c2e3a91f59b1695d66e16af73227b1bfa18511db1fdc611db24
wqp,wqp:21NC03WQ-NEU020D,2017-09,ANFIS-F,314361,1721715193686a0c306cf497e1210faa78738ab360e9b7f4d09de9cb9649b600
wqp,wqp:21DELAWQ_WQX-206461,2007-07,ANFIS-F,314361,1727db81fc3064d0db29c0204c93593e0a0d465fc38db81e58c08b59d06a7a3c
wqp,wqp:21FLSFWM-B02,2002-08,ANFIS-F,314361,17288451497a3405a490b6ebade8eb8e78c6c8086bfd7194c63872b56abdc839
wqp,wqp:21FLSFWM-L005,1978-07,ANFIS-F,314361,172e36d937a9e49914166656ad12ae672573bfd91a585eeb33384b9d890513cc
wqp,wqp:21FLSFWM-B09,1995-05,ANFIS-F,314361,172e7ed49b61b622fa65774de59261708839271ccf662790cab67ec84ef3faba
wqp,wqp:MNPCA-10-0007-00-201,2015-05,ANFIS-F,314361,1733a4bedc22fbcc16e97e37f0116dc55fa53482d95f1b0b3c61e9a5a14751b2
wqp,wqp:21DELAWQ_WQX-205181,2010-06,ANFIS-F,314361,173583431adcc215d2f6bebcdafd31602081cd0acd102958afd1f4af728a5f6e
wqp,wqp:21FLORAN_WQX-CC18,2008-11,ANFIS-F,314361,1738cfdfadb3c6dc956fd133ffd650068d63f65ec69297b2df84e194537a095a
wqp,wqp:MNPCA-62-0054-00-101,2005-09,ANFIS-F,314361,1740e0da5b32b4aafe2e51912a20a9f0bfb9288df46b7d7d6042d87452769239
wqp,wqp:21FLSFWM-PELMID,1990-01,ANFIS-F,314361,1742c25e4966ecd4797f96cfaa1a86eff3b4c649a02e5b50759768ae5317baaf
wqp,wqp:21FLSFWM-TIN13700,1998-07,ANFIS-F,314361,1744e902903fb08b7f2c48d820d0b762aa3676a3c64d268730012716e4228003
wqp,wqp:21SC60WQ_WQX-SV-331,1999-08,ANFIS-F,314361,17457f8c1aca1510ffa34c1c4fba8969fd99a547017d3e503cea5c185f5adb3b
wqp,wqp:21FLSFWM-C03,1994-06,ANFIS-F,314361,17463115c0512015d653225d56fe100973d002e106a1ca2141bfb6e330821cc2
wqp,wqp:21AWIC-23,2003-03,ANFIS-F,314361,1748ae6f3e2e5a732aea590a6bd5254d8e004c3317c250acc9ccea79ef3bceed
wqp,wqp:21FLSFWM-L005,1994-02,ANFIS-F,314361,174999dde3c589cb1767ec8e95fc5adf0e0e9971f039a470c3a3952c7eaa4584
wqp,wqp:21SC60WQ_WQX-B-339,2017-08,ANFIS-F,314361,1749e086793c575dcc5d2aff2299c19afe96b8e98c71dd478a1f65c448359164
wqp,wqp:21VASWCB-5ASRN000.66,2008-03,ANFIS-F,314361,174a85333c44b12e4cec78402905e265d9a9d2ea58431bcb494a61be7d55e8b9
wqp,wqp:21FLSUW-ALL010C1,1990-06,ANFIS-F,314361,174bee9f718af7b03bce45d4ca4ad916b7c58ef374a36a896271589e1ebc33a5
wqp,wqp:21FLORAN_WQX-CC17,2008-07,ANFIS-F,314361,174de2761fd70701986275df1dc1c02d283ad5699e0d9a9994b8a1711f9dc797
wqp,wqp:21FLCBA_WQX-WAL-DEER-3,2018-12,ANFIS-F,314361,174f2ec5ba4a0c2ced72693c677b720d453e42e6c84736ddc1365c38ab35cd33
wqp,wqp:USGS-07049200,1981-12,ANFIS-F,314361,175262e844885ed95da0f8288e45687bf4d3256c673fdd01fe7283f1d9a73d4f
wqp,wqp:MNPCA-62-0055-00-102,1984-09,ANFIS-F,314361,1753690486694d00dae5d5bd216217a9043ec7b99c7c4def8ec6a3f89a816f68
wqp,wqp:21FLSFWM-L001,1994-08,ANFIS-F,314361,1755a241315a57ccbfbebdcbbbfdce8b3a9b3dacce95fb9d44381dbd0379e3e7
wqp,wqp:21DELAWQ_WQX-307171,2000-06,ANFIS-F,314361,1757d4af4bd2adcf92211f155fc92ee3d9b7dc5b7da71dfcbd3681fd7d6c1568
wqp,wqp:21FLSFWM-KBAROUT,1996-04,ANFIS-F,314361,175978dd6729867aac80c83183c0287a26ed01f8b5d5c707491b8f666f8dc576
wqp,wqp:21FLSFWM-L001,1990-09,ANFIS-F,314361,175aef32f29332bf7e523c7ddda987c3b70bb7e88d489276aad3b5d5d066d58b
wqp,wqp:21FLSFWM-KISSR0.0,1996-04,ANFIS-F,314361,175b8c7bbc73e09782c44723c457ec719acd501f4e6a4844e12985ddc2a119f7
wqp,wqp:21FLSFWM-L008,1992-03,ANFIS-F,314361,175bdaf4da3fb29a61413d90d2cdc07446efa7a58315cf4da79eb3a92de060c5
wqp,wqp:21FLLCPC_WQX-GREENWSH,2012-07,ANFIS-F,314361,175c56c86b1434d60bece658dacb363d4bb30e05e12b9946c18fa5c3784ed7e0
wqp,wqp:USGS-072632965,2008-08,ANFIS-F,314361,1760fd301a5448e5bffe01345b590d2611c5d449499ab659d035f847214e6e26
wqp,wqp:21FLSFWM-L004,2007-02,ANFIS-F,314361,176400922f386ea3a50feef3a84828a52fffd78f0234d7e124f000cde9ac82c5
wqp,wqp:21FLLCPC_WQX-IDAMERESSHDK,2014-04,ANFIS-F,314361,176423cc458f8868dcb8f973ef662dbb130d29163e723a41f7c661583441cbd5
wqp,wqp:21SC60WQ_WQX-CL-019,2009-06,ANFIS-F,314361,1764e66b16c3c89f03937d5ef0e9ebca65d165e3efcd8a5747e9a977d4282339
wqp,wqp:21FLSFWM-E04,1994-04,ANFIS-F,314361,1765556189266a28fdc8ce5c252f147f6734a52045ae1d718ec7f44dd5731ff2
wqp,wqp:21FLSFWM-KBAROUT,1991-12,ANFIS-F,314361,176766cf5f155d39ac0aa6e54f77ed2725a68dfa1d16cf230724e13eb3abf28a
wqp,wqp:21FLSFWM-PLN3OUT,1993-10,ANFIS-F,314361,1769f08936af61f1591cc14d88c4d74f3d441a48378e585409f7b18e656945ca
wqp,wqp:MNPCA-82-0046-00-203,1989-05,ANFIS-F,314361,176a1bc4f8595a6a97e13fd2b262ce02e12cfc90e90307e44cf7c3bfea327c64
wqp,wqp:21FLORAN_WQX-HB53,2018-10,ANFIS-F,314361,176bf24f78736108e8c6d245b90d0ad023d79e9abc4e8441b8b18c41cf078cfd
wqp,wqp:21FLSFWM-L006,1992-04,ANFIS-F,314361,176dbb65b436522baddc600ded37b3ad3e4ed59114a608a275b4c88d379eaf21
wqp,wqp:21FLSFWM-PALMIN,1992-05,ANFIS-F,314361,176ea4c44268f1ff6f41aea95a295f8a8573bc2f9923d39fce9e6ea4251ea1b6
wqp,wqp:21FLCBA_WQX-WAL-FULLER-3,2017-02,ANFIS-F,314361,176eeea1d5151b5dff34e6159398b2f0790452ed135540dc361c7871462dcbc8
wqp,wqp:21FLSFWM-B02,2004-12,ANFIS-F,314361,176f6c7f2d6bc79ec15eb49161258bdc959ffe7939cd1747152e88649686c70f
wqp,wqp:21FLSFWM-LZ2,1988-08,ANFIS-F,314361,176fc76bc5126b77561d33951fe60480f1db0270b92480ae21932d443c3d24d5
wqp,wqp:21FLSFWM-B06,2000-10,ANFIS-F,314361,17702443452604b6dc6545ce21c352084a98f6cc4f3a6b8855057899022d62ca
wqp,wqp:21FLSFWM-D02,1998-04,ANFIS-F,314361,1770c4a9188ce19080ceb7af3211603fdf8507554b5a80f8f5b27fd75af787ef
wqp,wqp:21FLSFWM-L001,2006-01,ANFIS-F,314361,1770d2cdb492650710b2307b8d0d1fc00ffd18fc00502de10207f70433146df5
wqp,wqp:21FLSFWM-L003,1998-02,ANFIS-F,314361,1776bb63f5018c4d59c6508ffe71a43a79a8990ef8c5650a3fbdff059236ec36
wqp,wqp:21NC03WQ-CPF08801A,2007-09,ANFIS-F,314361,1777474b4e3be01bad851b414a5da7760050800a76d181b8aeb3a6b197c484c8
wqp,wqp:21NC03WQ-CPF055D,2018-05,ANFIS-F,314361,1778f8df9354f22cc90d9d11588b4fc1926e1f14ba88a729e7ee04c4d0ef1c3d
wqp,wqp:21SC60WQ_WQX-CL-094,2009-10,ANFIS-F,314361,177957596ad0110fd8e68f80e4f4b80ee79811c21b88c92e257b4e302c9f9f78
wqp,wqp:21FLSFWM-B02,1990-05,ANFIS-F,314361,1779e25d8d63f9105842a0a99bee50bc35bac991661c98088066acdf4bc0e7cd
wqp,wqp:21FLORAN_WQX-BC11,2016-10,ANFIS-F,314361,177d83a1e4ac1d201aeaf23d3cbaa44776cab33a19aa91adc0b9074ccbe67644
wqp,wqp:CAPECRD_WQX-262,2008-03,ANFIS-F,314361,177da135ea8f37139afd59ceadc9af7889e77a79203c153320b04e835e118625
wqp,wqp:MNPCA-02-0045-00-202,2015-10,ANFIS-F,314361,177e2a5e0dc1731c02fa07e0537d119af154834f77c9ef71a5a61d7056658d5d
wqp,wqp:21SC60WQ_WQX-CW-207,2007-05,ANFIS-F,314361,17805dc9288eaf3f1f031a0c8a305ae320299efa7f63b52989c98bb9680ce2b3
wqp,wqp:21FLORAN_WQX-BC9,2008-01,ANFIS-F,314361,1781f4b103b4a816f7a478352bcf4343e32352947306f9aa2199dcbddd71604e
wqp,wqp:21NC03WQ-CPF086F,2007-03,ANFIS-F,314361,178399ff28370e53a39978dc11cf359d4992e882b2b895cc52a63eb5ad912cf7
wqp,wqp:21GAEPD_WQX-LK_12_4048,2009-11,ANFIS-F,314361,17846f8ee8961411809005bdd73c735a189e22dea77a8a56195ede6b023bface
wqp,wqp:21SC60WQ_WQX-CL-019,2017-09,ANFIS-F,314361,1784bbc12d56b9a9a9a28c136d10ab4bf87b694ad4b079c587ff82f8f8975cc6
wqp,wqp:21NC03WQ-CPF055D,2013-07,ANFIS-F,314361,17854b4c6278491de627106ca3c3b52e920b26703a5e0574148ec38e48b7590e
wqp,wqp:MNPCA-25-0001-00-215,1998-02,ANFIS-F,314361,17896765c46544c5229566c39af697cd3d7108aef0ace30b5562aef123ae5763
wqp,wqp:21FLSWFD_WQX-23438,2009-09,ANFIS-F,314361,178e3b18c29801b175f621cd16012cf7c5a89b66f4f94cde65754bb4c3a161a1
wqp,wqp:21NC03WQ-NEU019P,2007-01,ANFIS-F,314361,178fb6155dfbc94e17facc6315e6b2a3bdd1049850a2ffa878f6c3b6647045a8
wqp,wqp:21SC60WQ_WQX-SV-339,2008-05,ANFIS-F,314361,1791384aef4fd93fc1fdc6a061d5c6e7f5bc2137b30d94d17777a70c6afd5e4d
wqp,wqp:21NC03WQ-CPF086CUPS,2000-12,ANFIS-F,314361,179240ae61cbdb7d57a2a3281811398603c7916e7fdabebb8fde2eb81f7029d4
wqp,wqp:11NPSWRD_WQX-SLBE_PL_01,1993-11,ANFIS-F,314361,1792830e207352dcd65586f643889a5bad692d35a17a74ce07fbda0a1d4eb82b
wqp,wqp:21VASWCB-5ASRN000.66,2009-02,ANFIS-F,314361,1792b288cd1ea8c6fbf025a43d7c855d52087b7425989ae48869164fe2f4f89c
wqp,wqp:21FLORAN_WQX-CC4,2006-07,ANFIS-F,314361,1795612483d08b5ed0e65bf3874807cba67b4e79e3293f9b7dceb470e433132b
wqp,wqp:21SC60WQ_WQX-B-345,2002-08,ANFIS-F,314361,1795e0da65f793ada4b476e80453ce28be57a6b8cd5207fb86a8c2c28ea02ebd
wqp,wqp:USGS-07049187,2017-11,ANFIS-F,314361,179a6d1412ac8d5508387e466c3ba93ad7b997ed84388b02229c4f0df887f024
wqp,wqp:21DELAWQ_WQX-205211,2009-10,ANFIS-F,314361,179bf0ac7c0209d9d7ba88fc36a4c860399e7f0b8041cdbb3713ee1839b5c459
wqp,wqp:21FLSFWM-L001,1980-07,ANFIS-F,314361,179c7f89dc7a6c3578ff1d145a09493f62dd10a0b70a1f521a0aad82b8c3184f
wqp,wqp:21VASWCB-2-XDD000.40,2016-10,ANFIS-F,314361,179d1d359c4f27d6ef686c28e9427db18a2848e2ba7f4b41052a786a5aaf47ce
wqp,wqp:USGS-295554095093401,2018-04,ANFIS-F,314361,179fcc3ff03c1e897d2724197befddad05280ab0c9c6d823602a6609c7f81a7f
wqp,wqp:USGS-423556088365001,1985-07,ANFIS-F,314361,179ff673555f4e008e979cfd17309d1c0ac1ae8a38a5194b51204054bce06046
wqp,wqp:21FLLCPC_WQX-GRIFFINTISH,2015-03,ANFIS-F,314361,17a0052d3073714dcfdf7f28429d8e8850b3607d2ecd2aad11e097a530f533e8
wqp,wqp:21DELAWQ_WQX-303331,2018-01,ANFIS-F,314361,17a05c9b47b49148437d01480d3a004053c48268473a7e902672fd709d998383
wqp,wqp:21SC60WQ_WQX-S-311,2013-12,ANFIS-F,314361,17a3df1ad4148cf084d2efc980396debe99f5af560fab3290294b80254605cd5
wqp,wqp:21FLSFWM-ISTK1,1992-01,ANFIS-F,314361,17a84c3b620e986611407609b11c6a99f1afb5e262cea3f715510766219a9312
wqp,wqp:21FLSFWM-ISTK6,2008-03,ANFIS-F,314361,17a931a82ea5dac4f5bab05a9eef3fd222a8b7d5f1be128690acc77de5663459
wqp,wqp:21DELAWQ_WQX-308071,2015-12,ANFIS-F,314361,17ae1f2e6ea07e1b43f4c5dcbda12521cfe0345bc90d9c01be24994357f3d940
wqp,wqp:21FLSEM_WQX-SPR,2010-08,ANFIS-F,314361,17b094524d6be0adc41344da303f27d18d2da957e01bc11e8df5d9bb1b399f05
wqp,wqp:21SC60WQ_WQX-S-024,2003-11,ANFIS-F,314361,17b0f912bed1af8e93c7257cf9b2ec31ca317ae4d775d7c762abcc0966b489f1
wqp,wqp:21GAEPD_WQX-LK_12_4048,2006-10,ANFIS-F,314361,17b442830f1a68b8c2fb46d7bf85720398f480d725ab9d098013031036ff18c0
wqp,wqp:21SC60WQ_WQX-SV-331,2000-06,ANFIS-F,314361,17b4525521e1523b594a92f5c852aa3b6b62481bf336d0d8d5fed2322f1c3a38
wqp,wqp:21FLCOLL_WQX-LKTRAF4,2007-01,ANFIS-F,314361,17b5b7cad65f317598c0534edeed772ab380e014ffc611199603be5ac9232435
wqp,wqp:21FLSFWM-STAKEOUT,2000-12,ANFIS-F,314361,17b7749d99fd862662c0a625de151288090836a83727383cb481f91aa470b4ef
wqp,wqp:MNPCA-86-0284-00-100,1988-02,ANFIS-F,314361,17b9ded1adf88de7a6b3d14f68b99203ca338e823bf50c2ca059f87ef35f6645
wqp,wqp:21FLSFWM-KBAROUT,2000-05,ANFIS-F,314361,17be5b1f9f60b76665c854eb1bbe1643348b5e4cc9894c1170001396633c24b3
wqp,wqp:21SC60WQ_WQX-B-327,2018-04,ANFIS-F,314361,17c0133a24bc259867e43a665149d1b82b256261cf37a5074bf0891a48ad4e5e
wqp,wqp:USGS-423556088365001,1988-05,ANFIS-F,314361,17c34eef4c1c447ad60984de68d28cd526c84f1ac77a417993629483ea2d288d
wqp,wqp:21FLORAN_WQX-BC11,2017-05,ANFIS-F,314361,17c4628928a4b929f1db96a0a5dea75b5c1bf91d178845e0118218885b13ecae
wqp,wqp:MNPCA-62-0013-00-201,1992-06,ANFIS-F,314361,17c53c3c144db0df1940f48ea9ffef0de1d87bb2084fa7e8fadbbd522581faf6
wqp,wqp:21FLSFWM-B05,1982-10,ANFIS-F,314361,17c81baaf2afd5643641a061d4adf6608f8b489f2af2debb9f498903d0aaf0b9
wqp,wqp:21DELAWQ_WQX-208211,2018-09,ANFIS-F,314361,17cc703b93e434fabaf46fc683c67f79eef0bfcb3b0afc91a7c431794a72e08c
wqp,wqp:21SC60WQ_WQX-CW-231,2005-10,ANFIS-F,314361,17cf0f724d3e8c4e6d2631a4ce0c97b216c8e3ca39feda11bb68b6051f03ddad
wqp,wqp:CAPECRD_WQX-280,2005-03,ANFIS-F,314361,17d0073a40cb07f425c86c72ef7a595508763c3e113813827bc1c73043385ed2
wqp,wqp:LAKELAND_WQX-LH29,2010-07,ANFIS-F,314361,17d04819ef5fca38376816afee2dde9c8e629bc66dc773a6b05459a41a4edae4
wqp,wqp:21SC60WQ_WQX-CSTL-075,2001-06,ANFIS-F,314361,17d290fc154e99dca431176ff76bea3901191286e0827a2ddfd68d73c6cb49be
wqp,wqp:21AWIC-81,2014-03,ANFIS-F,314361,17d3e84e907e6c311dbb3b3e07c310a478531f7f9c49683f8e19f05e218acb06
wqp,wqp:21DELAWQ_WQX-304321,2007-10,ANFIS-F,314361,17d42f38f0fc5c809989c6e588fbab7f02ce3a65f25675bc58bfbac42e173d77
wqp,wqp:21FLSFWM-B06,1984-02,ANFIS-F,314361,17d57476941e99fc6ccae98e978150741156948fe337795f4cc9f9f5f05b4304
wqp,wqp:21FLSFWM-LZ2,2004-08,ANFIS-F,314361,17d598578ba0d4e3697518cde65795a164eb711d86c2082090867c2ec0b615fc
wqp,wqp:MNPCA-02-0045-00-202,1985-10,ANFIS-F,314361,17d5ec8bf83e9b18e8957261e8fbcfff82ea853108379ae9b77d303f73482fbf
wqp,wqp:21FLSFWM-LZ2,1990-09,ANFIS-F,314361,17dcdaa2bfe93cb886ce496a0a625d311e97f011a4ca1ab21b155ba8bf2048a1
wqp,wqp:21FLSFWM-KBAROUT,1988-05,ANFIS-F,314361,17dea2543f57e0dac19d85ee1609255e9ad9c387d2df64fc4c0c71873d6f7b3b
wqp,wqp:21FLSFWM-E02,2004-06,ANFIS-F,314361,17e246ee8bd9220cd3509580eda8d05108f0101ea0ef8c6fb9751b84ee31814c
wqp,wqp:21SC60WQ_WQX-SV-338,2002-05,ANFIS-F,314361,17e2993596ee02825bee6a4ecac3d5dd9c5895e99acfeb88b1ff700fca90ab05
wqp,wqp:21SC60WQ_WQX-SV-331,2005-07,ANFIS-F,314361,17e328c7e738f189b2ca8566dfa712ebb39eee86fb4924daeaa94de85e184330
wqp,wqp:21FLSFWM-TREEMID,1993-11,ANFIS-F,314361,17e36d02e3e8bf88d535d3645f20a03df6342391b80e33cef79008c8c3bdf62b
wqp,wqp:21SC60WQ_WQX-B-345,2008-10,ANFIS-F,314361,17e593e3c8eb245621ad3e502d1450198ce8d4fc1809b5c44076ba2af172b959
wqp,wqp:21NC03WQ-YAD152A,2010-01,ANFIS-F,314361,17e5e0691ff91f5e21bdabff8a634473ad27a5bf8de140241f5b1d9876b8eada
wqp,wqp:21FLSFWM-L008,1989-08,ANFIS-F,314361,17e7270ed4a333b964f948d2068bc8a3def1dfb7028c9c3127a5e68110c501c3
wqp,wqp:21SC60WQ_WQX-SV-236,2012-03,ANFIS-F,314361,17e8488088796ba6f566622354aff0b2b995ff4956669a519744f2a19a5c0ec9
wqp,wqp:21FLSFWM-B06,1988-02,ANFIS-F,314361,17e8656178a0b68c8bd45453d04ffbbf283389b290e49f1b026478fde3a233a6
wqp,wqp:21FLSFWM-LZ2,1996-03,ANFIS-F,314361,17e8753c41d56998f1d83f6316398175f18a9de75d2be975301640e7266a2283
wqp,wqp:21SC60WQ_WQX-S-222,2001-05,ANFIS-F,314361,17ea707f9285fc97d2c51478095d38f5ace95867984dbebc1232fc3c43e246d7
wqp,wqp:USGS-01657460,1974-10,ANFIS-F,314361,17ebfd546c3618b5907c3123552c7abd6dddace052cf3e93c25041e58b3db826
wqp,wqp:21FLSFWM-E02,2002-01,ANFIS-F,314361,17ef53dd767100009828a34aed0c99f92d83a29acc3d12be7349fbaf1c9bc1da
wqp,wqp:21FLLCPC_WQX-GREENWSH,2010-11,ANFIS-F,314361,17f2f303fd7a306d53ef69f0383d709738c36a1995c2ffd4913433d5fe1a2f45
wqp,wqp:21FLSFWM-PELMID,1991-04,ANFIS-F,314361,17f5242846f289c4f54415fe4340d2509f9426d3d5ba4063d6702a50020b6638
wqp,wqp:21FLSFWM-LZ42,1994-08,ANFIS-F,314361,17f733e533fde9eb7ad83694a10bd274c3807a9432930d4e11072c2f45d45fa7
wqp,wqp:21SC60WQ_WQX-SV-200,2004-05,ANFIS-F,314361,17f88781fecd9c896d88c592bd10f2167f400263723f2608e78a6c43eb7e02e1
wqp,wqp:MNPCA-25-0001-00-215,1995-05,ANFIS-F,314361,17f8a01b1c0e35663cad8f32ef5d0a46729e164b9884dd12b32692d3d1f70eb0
wqp,wqp:21FLSFWM-E02,1984-09,ANFIS-F,314361,17fa6be761e9bf955cefc9c18a1c20e9d534a16da1730117faf13d41ec16b165
wqp,wqp:21VASWCB-5ASRN000.66,2013-03,ANFIS-F,314361,17fe318aaeed8b6b3afec476cdf1a2117e3df28c33d1d4986729674800c94480
wqp,wqp:21FLSFWM-B06,1999-08,ANFIS-F,314361,180134aa47c24f6417424fe6277a51c6035ec345d5374f097f4396f917fa9462
wqp,wqp:21NC03WQ-CPF086C,2010-07,ANFIS-F,314361,180332d01c6f5b673e010e5313d8ea37b8135fa4ea230799ddfa9dba8c8424e0
wqp,wqp:21FLSFWM-TIN16100,2006-09,ANFIS-F,314361,18036709c892ae6695d0baadeece713fedf795e01c216184ec7f7e0b06d862b9
wqp,wqp:21FLSFWM-POLESOUT,2002-01,ANFIS-F,314361,1803df4fe25c5e950074373556ed7ddcef6275c57cd4cdfd248f8eed21c94a8a
wqp,wqp:CAPECRD_WQX-290,1992-12,ANFIS-F,314361,18041f69b39fa3a64c99fc4eaa00d767578fe5bb4f5f4b85733636b40fcc2d46
wqp,wqp:21FLSFWM-PELMID,2002-11,ANFIS-F,314361,1804423e8d16d2ab1c3aaad1d8c95f584a698ef0f9620118031d459b8aeedca3
wqp,wqp:21FLSWFD_WQX-23609,2005-08,ANFIS-F,314361,18048c03604163fc9b53ab729ea94e2a3f98d43d3e59ae3d72c75dd60e15996e
wqp,wqp:21SC60WQ_WQX-CW-231,2017-03,ANFIS-F,314361,18065c464180543f152d55ccea3ff1dc6d6e8dd295611b4b0ed5038c0019c31e
wqp,wqp:21FLSFWM-ISTK5,1995-09,ANFIS-F,314361,18085d368e809845b909a5cf0c0e945daee82b1efcc187f3600b59df85557870
wqp,wqp:MNPCA-86-0281-00-201,1984-09,ANFIS-F,314361,18087e7415d64c96cefb4bdf17a6bc07d22db2e56726668e356cc9149e48c552
wqp,wqp:21DELAWQ_WQX-110011,2014-08,ANFIS-F,314361,1809889596e034415406666cbda351ea05331becf36294db0a4d4e5907e02e7c
wqp,wqp:21NC03WQ-CPF086F,2010-03,ANFIS-F,314361,180998e1153717be4fd95802c40f7639345d7037b4cc217347cfc1794594aaa4
wqp,wqp:21FLSUW-ALL020C1,1989-06,ANFIS-F,314361,180a225f916a32ad1c9987dbaeee4dc9009b5fe7c0fee989e00056eda67e0969
wqp,wqp:21FLSFWM-L008,1991-12,ANFIS-F,314361,180cc36af2011424e870ddb8d97dd160a65c912f4af51cd42729047f2148316b
wqp,wqp:21DELAWQ_WQX-205211,2007-03,ANFIS-F,314361,180dc768dff0eb364dd5e71de672d390ca808175862b33cb989fd6c7d67b73b7
wqp,wqp:21FLSFWM-KBAROUT,2004-07,ANFIS-F,314361,180f9f1471f79353a80ac2467f03ca2a27d904f83ad65c1b07a5b26636822ccc
wqp,wqp:21FLSFWM-ISTK1,1989-02,ANFIS-F,314361,18100f85002beb6002d062f112bc0303e3bb8c79e43f62c945eb20b94f81ac83
wqp,wqp:21SC60WQ_WQX-ST-032,2004-06,ANFIS-F,314361,1810581e26eeb4564687a5718a8715d71af332b1e31218b5458b358d6090bad2
wqp,wqp:21SC60WQ_WQX-S-222,2015-06,ANFIS-F,314361,1812a633faf47de511e13f86908107e22fc23796532f1fcb0b20775ee3ef04fd
wqp,wqp:21SC60WQ_WQX-S-222,2006-02,ANFIS-F,314361,1815eafb560f50994f2939ff4179aaf6f207177fd3aa0adfec5f98fc83d50971
wqp,wqp:21FLSFWM-MH32000,1996-06,ANFIS-F,314361,18179352540982b63d809b4902e615ef670f44678f62956232841a67f78ff988
wqp,wqp:21SC60WQ_WQX-CW-231,2006-07,ANFIS-F,314361,1819ad1da042159ebd9000f8d53f70bf1024a557198651971082bb0bb0712b50
wqp,wqp:21DELAWQ_WQX-303051,2008-02,ANFIS-F,314361,1819e48771de78d0e6752f379c825ed9ea089b5249b33d1394d23d2fc96cec87
wqp,wqp:21SC60WQ_WQX-SV-339,2002-07,ANFIS-F,314361,181cf68dbedfe8de5f75bb019b91b982524f3ac3695d178d9352ce3b5b2d38fb
wqp,wqp:USGS-423556088365001,1993-07,ANFIS-F,314361,181dc6306a063d2f172bdd6f2bf88c4d1247d46bac8636e16ead79eba127b0bb
wqp,wqp:21SC60WQ_WQX-CW-197,2006-12,ANFIS-F,314361,181e484c95f4cda69c0a354fb57faaa76682698f71fc7fca62b3680962b9331c
wqp,wqp:21FLORAN_WQX-BC14N,2006-02,ANFIS-F,314361,181e9a2e93390e905a4b540c969914c683a867e80c7368cd1f2c138bd945d0e1
wqp,wqp:21FLSFWM-L005,2000-03,ANFIS-F,314361,181ed64f9a3fb7b8906477977866ba48dba385db9e437f014e27a785266982fd
wqp,wqp:21AWIC-81,2011-08,ANFIS-F,314361,181f8e1da230e4eea9a5f909e25a6579bdfabbe0e2c80e2490d8ba88ef006ea5
wqp,wqp:21SC60WQ_WQX-CL-019,2008-03,ANFIS-F,314361,18201512d358179e2deec3f9726f4db035a86e71ea26e59a4a4998440cc188e7
wqp,wqp:21DELAWQ_WQX-303331,2006-10,ANFIS-F,314361,1822c7c2359482280db32186e7df0b59eb8f90a63a437922a2252df2f7037cce
wqp,wqp:21FLCBA_WQX-WAL-MORRIS-3,2018-04,ANFIS-F,314361,18234ef09f3bb97a8d39f8282776160d0fe6ae86e1d899d06dec6e568f93a101
wqp,wqp:21FLHILL_WQX-135,2010-11,ANFIS-F,314361,182406b90737b76eaaa7ab2a78f01ee4d5176d42a6e1099d98b9aae8ca670bfb
wqp,wqp:21NC03WQ-CPF081A1C,2017-10,ANFIS-F,314361,18245b43f6c6c61f37d99c6d1e03e59296243cfd5cf7ee083b3873b38dd7d0c2
wqp,wqp:21FLSWFD_WQX-23113,2008-10,ANFIS-F,314361,182af8e61d15d50e28f993f1f495de8047a5e0b337aa034ff6ba8149541fed99
wqp,wqp:LAKELAND_WQX-LH29,2011-03,ANFIS-F,314361,182d0b4eaf050973e8f8b523ba9fc392d9fe9d081ff24387278a40fe3ed2688d
wqp,wqp:21FLSFWM-L006,2005-11,ANFIS-F,314361,182ddc134e474e916ff3005fe146ef6229105a006ab9c6d731d6028d153b5691
wqp,wqp:21SC60WQ_WQX-ST-032,1999-06,ANFIS-F,314361,182ee5b0a699b9a4e6b3381c48112a014ace2dcdec94f9d1f5c655876b0c514e
wqp,wqp:21FLHILL_WQX-135,2000-04,ANFIS-F,314361,183136dadcd45d9c0f3d3a66d5bd8850fbf2b3f530d2b4021a01fc0e5dbf0ec6
wqp,wqp:21NC03WQ-NEU019E,2015-10,ANFIS-F,314361,1835b87f1ddc6dff92e9b1b94251c93a734456fcf8c441f2d43c10daddabf752
wqp,wqp:MNPCA-62-0013-00-201,1983-05,ANFIS-F,314361,1837eab341c24e7159cecf61813e7e864076983c7d168c1b29a52d7fe8a553bd
wqp,wqp:21FLSFWM-L004,1998-06,ANFIS-F,314361,183a1e965a97f3f2fa32dbcf925e843781baf9b3ca52a63f1d8327e90b25be0c
wqp,wqp:21NC03WQ-NEU020D,2016-11,ANFIS-F,314361,183bde452ae0e904daa4325298e53f830a4f4b26d7360c952bbafb07ecae1416
wqp,wqp:21FLORAN_WQX-HB70,2018-05,ANFIS-F,314361,183e035da3b6db89882594ab1cfc22be23c9ad2ada5f952b6cb198bde08256b0
wqp,wqp:21FLSFWM-L005,1989-02,ANFIS-F,314361,1840371bfc63dab32795fb63cb46ac9ced2ba9b3da2f8cb0403b43f1125687a6
wqp,wqp:21SC60WQ_WQX-SV-340,2005-12,ANFIS-F,314361,1842128156149b7248695d3b629d550b6e4ee4afb6cf7a6f9e8eeb4e5d299e84
wqp,wqp:21FLORAN_WQX-HB68,2018-06,ANFIS-F,314361,18448f4660b74f1923c77700a9468d97b3392aa07bf2f5b5f06fa72512cb9763
wqp,wqp:MNPCA-10-0048-00-201,2010-04,ANFIS-F,314361,1844ec91ca96c38944b35fe1307a0f8194f8e7c73356447b7e844442cf2370f6
wqp,wqp:21FLSFWM-L004,1996-08,ANFIS-F,314361,1847655fbd00dd307b2da1645e01ae19fc806cc3fab99422895408d0381cf78d
wqp,wqp:21FLSFWM-D02,1984-03,ANFIS-F,314361,1849198ea0749f8af0529b1cccbdd81f34910b95b8e56a1bba3a083ee7739807
wqp,wqp:21SC60WQ_WQX-CL-019,2004-02,ANFIS-F,314361,184a458d26b817dc7101b20daa060c27ff6aa9ddc2e07e2ecb631e8c893088eb
wqp,wqp:21SC60WQ_WQX-SV-200,2017-05,ANFIS-F,314361,184a5556dd67f7917540ee2f9f228af8e421506d66a72c234fa07802d0f81e56
wqp,wqp:21FLORAN_WQX-BC7,2016-09,ANFIS-F,314361,18514c4471960a2917abfab8843e1458018f0c6f68e3ecce8b9dfa996f3aa4b7
wqp,wqp:MNPCA-62-0055-00-201,2006-09,ANFIS-F,314361,185276bc41b520b2a01fad130cf9661b889e4bb7a8c3dcf61602caea2c556b72
wqp,wqp:USGS-07049690,2015-03,ANFIS-F,314361,1854273838e8254b246b4d7cdb5983af7841e1253808ecde867eee513b46c4b5
wqp,wqp:21FLSFWM-L001,1981-11,ANFIS-F,314361,1858d15de186435fcc95575d21e7b8013f79ed5cf18d9e4cb551f780eb285e04
wqp,wqp:21FLSFWM-TIN13700,2006-02,ANFIS-F,314361,1859d3f8439a0cc530385f2f91e36ff48e269b5e9dc56d66251f649d779e5bef
wqp,wqp:21FLSFWM-TREENOUT,1989-01,ANFIS-F,314361,185c9ee5a89d620d2455753873e7e7655c1b199e51f47e9e95f3b6e2880537dd
wqp,wqp:21SC60WQ_WQX-S-308,1999-06,ANFIS-F,314361,185d479c31d8424f7ff6452a41a955c1396fa92e0b7284b2f4a638af1b48f9d0
wqp,wqp:USGS-072632965,1992-05,ANFIS-F,314361,185f924fa2bd9b0760a8198b9cb473ec9ba850a02cb8aae9e4af17d81b397290
wqp,wqp:21NC03WQ-CPF087B3,2007-01,ANFIS-F,314361,185fd83a34ea053b9fe682ad1bc250b790a843154acc55f44f36a9d7296b7970
wqp,wqp:MNPCA-62-0055-00-102,2018-05,ANFIS-F,314361,186441021106de05a7c33c2e99bc89f53c1041ff706b5e437e0b4122ee877633
wqp,wqp:21FLSFWM-L001,1983-05,ANFIS-F,314361,18661d72d93efbc8cb46e7743f343ea14869332ad7ebada5c4562b56c9a0761b
wqp,wqp:USGS-07049200,2003-03,ANFIS-F,314361,1866b1fce129c93b8f41b35aef0ff9e3c2a0d8da3c9a5c2574d73999518315b0
wqp,wqp:21FLCBA_WQX-WAL-ALLIGATOR-1,2017-08,ANFIS-F,314361,186acb6ef80a5f023274889e16099705678d6bf680df8eb6c1fe0713c0452e16
wqp,wqp:21FLLCPC_WQX-GRIFFINTISH,2010-10,ANFIS-F,314361,186f9294bdd9d2d4ea7729d9911743dde985c720c210a2a0d7e089dd5cf6d878
wqp,wqp:21FLSFWM-C03,1997-10,ANFIS-F,314361,1871a363a349fae2b965fd40df51f1999fbc54e32bf2f2f132eb218d9bcd9232
wqp,wqp:21NC03WQ-YAD169B,2010-03,ANFIS-F,314361,187278936db3a88fdbe664e2113450629d76aeacd74881317da05bdee7852ac9
wqp,wqp:21FLLCPC_WQX-LKSILVERSHR,2001-09,ANFIS-F,314361,1874668867e8e4dab6e53468b91818e960bb0a4e9c505ecb4bdd220e10ca7437
wqp,wqp:21DELAWQ_WQX-307171,2010-12,ANFIS-F,314361,1874842fcf687e9402a9a82818d98f8db33ac37b214e9e22c46405b48840fc77
wqp,wqp:21FLSFWM-LZ42N,2002-12,ANFIS-F,314361,1874f009fd72784179618a3a68d382eb919a34378cac257dd1368447b8bd374a
wqp,wqp:21DELAWQ_WQX-307171,2011-05,ANFIS-F,314361,1875c2f3148856a2374567ad9cc1c56e73040d4bd8868fdaf34ddb0f271ec7e3
wqp,wqp:21FLSFWM-L003,1999-04,ANFIS-F,314361,187b120aa38780ddc0153efd9be593d668b32ebd2cb15ca9cc5eca17e71a2576
wqp,wqp:21FLSWFD_WQX-23641,2015-03,ANFIS-F,314361,187b2535b357599f5b0c9cc6304049f9cbe90bbfa2a92fd7c1bb2eb4d06bee9f
wqp,wqp:CAPECRD_WQX-280,2008-09,ANFIS-F,314361,187be045904572e56bd4580000377ac43da02f411388313302f8e4b53aab7e51
wqp,wqp:21DELAWQ_WQX-205181,2018-05,ANFIS-F,314361,187ed48d00fc2fc7007c2dc96c7700ae234e443794d4a09669ae9e43ac53ee0d
wqp,wqp:21FLHILL_WQX-135,2001-08,ANFIS-F,314361,1880da1f096fb767f83f0995f0b24acef863bdfffc777a85c1b5e0ebcf426068
wqp,wqp:21FLSWFD_WQX-23389,2004-06,ANFIS-F,314361,18816006ce0e97c442b65030cebd37fd43629b2f98285ab692e322fbf97aff3a
wqp,wqp:21FLSFWM-PELMID,1996-08,ANFIS-F,314361,1882d4c3ae22371d2309cc96903d593546f885cb419247bd88b976caaa29652c
wqp,wqp:21SC60WQ_WQX-SV-335,2010-01,ANFIS-F,314361,18835a8f64d42d98bf347fdadd9ae1487d8fbadbba539796e7b8f5dff244dd0f
wqp,wqp:21FLSFWM-L004,1984-06,ANFIS-F,314361,188420897ef673f0a2baddec1206cbfff32b1826bba8de6e56e56b1e5a74930d
wqp,wqp:21SC60WQ_WQX-SV-236,2005-03,ANFIS-F,314361,1884b5db8d9dff844a7da81b3939de615bcdd43919afd9407e5c3d32dc22acef
wqp,wqp:USGS-423526088380101,2007-07,ANFIS-F,314361,188766edf0ca793cd1e42baf427b288450b162d7110ccdfa9298b37d7430a7b8
wqp,wqp:21FLORAN_WQX-BC11,2018-07,ANFIS-F,314361,1888e6a15b8589352733f7f6fd1682ecd22673455de719abd8c2785f8824cabc
wqp,wqp:21DELAWQ_WQX-108111,2014-02,ANFIS-F,314361,1889de30faa34cb1e5cfa3e45b2cdd656e448173776b0afdb34b513bd8ab550b
wqp,wqp:21FLORAN_WQX-BC9,2008-10,ANFIS-F,314361,188ad668be96ebb9ceefe5a6322bad767952b15b9e2a32adcc4aedcda9a3a976
wqp,wqp:21FLSFWM-KBARMID,1991-07,ANFIS-F,314361,188b0f7966ab865d3a61b69d6cfcb3b22a721ce2a2b9beac8751cc6740fa5fc5
wqp,wqp:21NC03WQ-CPF086C,2016-10,ANFIS-F,314361,188b694fd7085888333ea4e8d8f7440fc9162c5f487989b0b5274f8e6db99619
wqp,wqp:21NC03WQ-Q5360000,2013-08,ANFIS-F,314361,188e6975cd34e629e1d50f52370aea882a6a72183451b339a165632dd4026fd2
wqp,wqp:21FLSWFD_WQX-23480,2003-02,ANFIS-F,314361,188f275165c61f065e4d8c30f1b247b02bb2eba4f527971d37aca59ab49e0799
wqp,wqp:USGS-0690367690,1994-01,ANFIS-F,314361,189070209add2f7953dfe1ba00597271e8839005c68e530b5bbaa5a18ad2950f
wqp,wqp:21SC60WQ_WQX-S-222,2006-03,ANFIS-F,314361,189828efcaaaeba2b271b7664255658fb7888a6d7186aed4331b589b169d1ab3
wqp,wqp:21FLLCPC_WQX-YALEMARSHPK,2016-03,ANFIS-F,314361,189b6f31cac3bf64b571755cf1eca1a7bfe0296c4ce407b56f698e3145d206fa
wqp,wqp:21FLSFWM-TREEMID,1988-08,ANFIS-F,314361,189dd391462eb7770eff109bdf84cb092d200256ac1058f6415f20fc5f5e41dc
wqp,wqp:21FLSFWM-LZ30,2008-04,ANFIS-F,314361,189e242fb3ea5a8b6428a62cf696a8939b878984efa575bfefbc747f82c74768
wqp,wqp:21FLSFWM-B09,2001-12,ANFIS-F,314361,189e8868fac1cfecefdfdb0facbfb983d422ddb8d6d79abf7a5ed029c9c4c3f4
wqp,wqp:21FLSWFD_WQX-23613,2003-02,ANFIS-F,314361,18a294ad5bc1537b3e9e43c122b3d41dd60992b1112d8e1638386843776603d6
wqp,wqp:21SC60WQ_WQX-S-311,2016-01,ANFIS-F,314361,18a2ccc94195c120389fe5b9531babcf19892d51ff2506d9876dfc24267709fb
wqp,wqp:21SC60WQ_WQX-PD-327,2017-02,ANFIS-F,314361,18a2df2d21fc9b3074fea933103aa6581c66ce5f7293acf2077653fb6a41c5a1
wqp,wqp:21FLSFWM-LZ42,2003-02,ANFIS-F,314361,18a683c5dcdf1d655078c2c77c521b608b63f83abe4741733a5fc0b94d2b9f80
wqp,wqp:21AWIC-81,2014-12,ANFIS-F,314361,18a6ff323dcca8ec65bfe149a97729b8f4915c40099084f0d207307c38f83cfd
wqp,wqp:CAPECRD_WQX-262,2005-10,ANFIS-F,314361,18a958e5ce49e6815522971de967311a6477fc7f94de7b433d0adf3bf565e16b
wqp,wqp:KAWNATON_WQX-KN-KL-003,2010-11,ANFIS-F,314361,18ab079f78236be2f06b7fa1263c8a2bde4ec5400c060791c290db49a0b162a3
wqp,wqp:21FLSFWM-ISTK6,2005-09,ANFIS-F,314361,18ac9c83007f18c1cdb1d612c4e13c8cde9f9bfa1039dfbdba6d66f0992a1d7c
wqp,wqp:21FLSFWM-PALMMID,1991-02,ANFIS-F,314361,18ad828a549c6f1a1f1d0e449edbcbadb39019f9f247f499ca2e1737991793ba
wqp,wqp:USGS-07263299,2010-11,ANFIS-F,314361,18ad96f90667252ed33b1928c49d93c51491346277aac4bbb99d0abea2555fe1
wqp,wqp:21FLSFWM-PELMID,1992-12,ANFIS-F,314361,18ae6260b5da5363b908e1844453df550d65762b28fe60637bb1512ed7873c71
wqp,wqp:21FLSFWM-A03,1996-04,ANFIS-F,314361,18b1832058cdcf397f4fd48cc8dcaea0f21ba7149c451398caf5eec495d225af
wqp,wqp:21SC60WQ_WQX-CW-207,2018-04,ANFIS-F,314361,18b29bfa8e381240df0cbd238ebb565d0680019fd3b67f0663ae97e17a727139
wqp,wqp:21FLORAN_WQX-BC14S,2008-10,ANFIS-F,314361,18b6570ba0e37d9bb8a8f8d24573d16c467129ab9eb4e190b6923f016378c3ee
wqp,wqp:21SCSANT_WQX-SC-044,2017-01,ANFIS-F,314361,18ba7bec38365976c1c88ac281d021deb00c8a8a97af5f5d949cb95faa624728
wqp,wqp:21VASWCB-2-XDD000.40,2016-06,ANFIS-F,314361,18bd3628829d2101c0bc5d95f116f5fbddbc9cb22784772d029cd70466379169
wqp,wqp:21FLSFWM-POLE3S,1996-07,ANFIS-F,314361,18bfefd0bab7bad502ec96cb06c6ffb8ce94cb99499ea914768ea382e68f8f72
wqp,wqp:21NC03WQ-CPF055D,2016-11,ANFIS-F,314361,18c11881182b12e7bec688b580371e2cd6775199fbaeb5355a913443fd80bfe7
wqp,wqp:21VASWCB-2-XDD000.40,2009-09,ANFIS-F,314361,18c1566af34d146fec8882edb14f44721f99fab8226183702c281bf529c94bcd
wqp,wqp:21FLSFWM-L006,2006-03,ANFIS-F,314361,18c453596b2f30ec721921c52f9ba1b3f99775ae7ecda60c8d955ea8ee2d752f
wqp,wqp:21SC60WQ_WQX-B-345,2002-06,ANFIS-F,314361,18c5811da17e162a6340c21b90f7c3a5605ad4d5cb36fc55eec961f1d5086512
wqp,wqp:21SC60WQ_WQX-SV-339,2018-11,ANFIS-F,314361,18c5d67ddd44c335386d1268346a2e950bed88009108e96e6aeb0d725d783d1a
wqp,wqp:21FLSFWM-POLE3S,1996-03,ANFIS-F,314361,18c8db0d27b36cdbe150bc9658183cae13b93d23e5c9fe2736dc9420b233c99c
wqp,wqp:21FLSFWM-ISTK1,1988-07,ANFIS-F,314361,18cae56c2549b572b7fafab8c89e49fa023b3573d6581b9a3f1236779f989898
wqp,wqp:21SC60WQ_WQX-SV-331,2011-09,ANFIS-F,314361,18caec890005e3b8344cb47070ba5406d4af614edad6015a356cb257e7e916ac
wqp,wqp:MNPCA-62-0013-00-201,1997-09,ANFIS-F,314361,18cda367a9afba276207578e238d206a113b627f0ccf4bf58576dc20921d3c82
wqp,wqp:AZDEQ_SW-32,2012-12,ANFIS-F,314361,18ce0cbc1567c2678c087460bda28879efb59ac0a54394f879f5416c69a3b663
wqp,wqp:21DELAWQ_WQX-108111,2017-12,ANFIS-F,314361,18ce750163dd6f24d9bfb20e8665c6fc3bd05433bb0c8dd0a9efbfd18efe6209
wqp,wqp:21FLORAN_WQX-HB55,2018-03,ANFIS-F,314361,18ceb4be43865f1924dcb98ce933c769ddccff41ee77a5cc3cbb2e353f7b203b
wqp,wqp:21NC03WQ-CPF087B3,2012-03,ANFIS-F,314361,18d14bb541b6b06fa1740015f813eb9db82afd0e0ede9e8d214670b3601b8bdf
wqp,wqp:21FLSFWM-POLESOUT,1991-02,ANFIS-F,314361,18d1d1257aefe9a91591278c3e2b8049837c6379cf1c214e16c48239fed275d9
wqp,wqp:21DELAWQ_WQX-205211,2017-01,ANFIS-F,314361,18d8423ac3e350efe2331758dc046a16cd98975479ad56a23dde7cee87f19215
wqp,wqp:21FLSFWM-POLE3S,1998-01,ANFIS-F,314361,18db4c24d20309af3f5a178d9aa6ab79570b889e5d68d5d1a95c3d7541d2c321
wqp,wqp:21SC60WQ_WQX-B-339,2017-02,ANFIS-F,314361,18dbd0a43846c3523db2a823ddbdcf3b1bd3af34cfd79de57f496c5fd2f12bdf
wqp,wqp:MNPCA-25-0001-00-261,1992-07,ANFIS-F,314361,18dc0c5408173c7dcc8cbecf195d75265c9774d6e9338625f30087b561c76436
wqp,wqp:21DELAWQ_WQX-109131,2008-12,ANFIS-F,314361,18dd8084dea7977e42239d820d6548cff4ca85cb6d940e151397bf40b85581b7
wqp,wqp:21FLSFWM-TREEIN,1992-06,ANFIS-F,314361,18de0d392665d816acf2d6d253d82bb152eabb9060c04b157afb1c672347b295
wqp,wqp:MNPCA-10-0007-00-201,2011-04,ANFIS-F,314361,18de264dc13cacfc2146e73c1217888b58e4e01f1988b5f102cab99cd9e50b00
wqp,wqp:21FLORAN_WQX-CC9,2006-06,ANFIS-F,314361,18e1034be06fa477ab5ae8c5d8c78e1e473b2a01c07be74bfc8e2b799ef5d671
wqp,wqp:21SC60WQ_WQX-SV-268,2018-07,ANFIS-F,314361,18e2d96e13874e987c261acab3def6c8850e5981a2fe3dfa78170b7974ce8563
wqp,wqp:21FLSFWM-KBAROUT,1993-01,ANFIS-F,314361,18e3e17b0e773430bb1e4cea73b69c9bb76c8eaf905df53715a1796dfb9a0a75
wqp,wqp:21SC60WQ_WQX-CW-174,2015-01,ANFIS-F,314361,18e49909d19328ed8a9e461047b47cc60944bc19d68e0069736b34173dd208dc
wqp,wqp:21FLHILL_WQX-135,2003-04,ANFIS-F,314361,18e6a5823beaa48522f3f0537daf3ac6ecc298766b15807f36feb50cc5a191a0
wqp,wqp:MWRD_WQX-BARR3P,2014-10,ANFIS-F,314361,18eba2772dbb9f42b46b6a148453b52151c3d6ca536eeb78879c4a3c4b6f60ad
wqp,wqp:21DELAWQ_WQX-307011,2002-05,ANFIS-F,314361,18edb7da255c9d83c9c24fc29d98ba523b5995acfa20ea870fd050dc7d4ded14
wqp,wqp:21FLSWFD_WQX-23467,2009-12,ANFIS-F,314361,18ee1cbfb704277eb93bf9bf847530482b9beba01722cb8269a8d7380f51e9f8
wqp,wqp:21SC60WQ_WQX-SV-340,2014-06,ANFIS-F,314361,18eef025e2173345071af95535ad23771e3dfbb39725b0bea389f0ea1169b2a2
wqp,wqp:USGS-07049690,1984-05,ANFIS-F,314361,18f03bef639f33b2d2eca1bbb2e46eead1e27355e15466800f54dc8d7ff3eea8
wqp,wqp:21FLCOLL_WQX-LKTRAF4,2012-05,ANFIS-F,314361,18f13d6249fe70f19b80ba85aad1c07b1583e17abb39b03ae1f58c173613b564
wqp,wqp:21FLSJWM_WQX-44154,2018-08,ANFIS-F,314361,18f1dc8638d0269cd9799cd8f41fab1eff98a7752e53f20000060c9fb099bdcd
wqp,wqp:21FLSFWM-B01,1981-12,ANFIS-F,314361,18f272db2eb94f14cad8fc5ea83c40e5ccc276e4a99790f1aee7e019eaa9f562
wqp,wqp:21FLSFWM-LZ30,1995-05,ANFIS-F,314361,18f73e320177c97abfc3217be741bf5db57283a49a5b23a621a2fd8e8ff014bb
wqp,wqp:21FLSFWM-MH16000,2003-11,ANFIS-F,314361,18f79c159ee6a4f92f3fbef5193dc4b0e8d73eeebf68a71bf84dd17a3514f581
wqp,wqp:21FLSFWM-D02,1985-10,ANFIS-F,314361,18fb51c6cfc391277ae475196e0ada9604dab842ae0c668625e0087ec66d5139
wqp,wqp:21NC03WQ-B2450000,2016-06,ANFIS-F,314361,18fb69b76bddbc330483272f7544264f2024d2489fdcd63da31d843b017f3014
wqp,wqp:21FLSFWM-B02,1995-11,ANFIS-F,314361,18fdcf6fa0a8c63d1e52264c496f7fe911c312ebf113b796ec32722f2a876407
wqp,wqp:MNPCA-86-0284-00-100,1984-04,ANFIS-F,314361,18ff174919836cf2b088400d135a8231e201d9fc80892d5fa5693fc878b3c9b4
wqp,wqp:21FLSFWM-L004,1980-04,ANFIS-F,314361,1901d3d76fbe588370682f235a199847e15719ff6aa0e72d94662f42253c958e
wqp,wqp:21DELAWQ_WQX-206361,2013-02,ANFIS-F,314361,190415170ae4b4399f3f4c7856846d5d2f8294f0aba2c0d6344e5ca03dbbe34d
wqp,wqp:21FLORAN_WQX-HB67,2018-05,ANFIS-F,314361,190693f3ff508d9f1ab09fa6278ef2e520a67fc50deb548387fc58f99d81add2
wqp,wqp:21AWIC-23,2013-07,ANFIS-F,314361,190ad5f84cc80545a4d0a4f485df42e58be878cf78285a3a5913dfbbd5516c71
wqp,wqp:21NC03WQ-CPF086C,2012-10,ANFIS-F,314361,190e4dae1f0485a65f64ab7daf92ea94beb76ec7bed37c11b8a011cbda32be3a
wqp,wqp:CAPECRD_WQX-262,2006-11,ANFIS-F,314361,19114f818167f37977903bfe51ab68e5daa2ef633e3d8a5763f890f8ad710bfa
wqp,wqp:21FLSFWM-L003,1978-07,ANFIS-F,314361,1911e340ef79b94eddff4f044c3b46c1a0f42717ae6e09302657c553ca79b068
wqp,wqp:21FLSFWM-E02,1985-06,ANFIS-F,314361,19124a4b3fe36607cf11352f217b5412cf71c09e4da0ece8ff80549e54ef09de
wqp,wqp:21FLCOLL_WQX-LKTRAF4,2013-07,ANFIS-F,314361,1917676d52d9055ef2889dfdcf51bef0bbc61e96ba6959f7c6c967ec27beaf03
wqp,wqp:21SC60WQ_WQX-SV-357,2018-05,ANFIS-F,314361,191894d14346fdc089c953c471fd2b813b7443a1dbc41566541bb38f26bf0532
wqp,wqp:USGS-0726329710,2007-06,ANFIS-F,314361,1918b55c4131925534bbdd41c061f16ab6b6ef7fdc564b4e0562092f2d66230f
wqp,wqp:21FLSFWM-POLESIN,1993-07,ANFIS-F,314361,191d86317c2e9c00c1b35810ec03d01a268e99a663cfbca07e509c976253ad54
wqp,wqp:21DELAWQ_WQX-307011,2008-06,ANFIS-F,314361,191decb487c835b806b6a10b6736c93a50adc10d611ae744fdedc50799a8725f
wqp,wqp:21NC03WQ-NEU019E,2007-01,ANFIS-F,314361,191e000a41a1c8868ab504eaeda16f91e53ba45b365ab735b11786a7ef7fac15
wqp,wqp:21DELAWQ_WQX-307171,2018-02,ANFIS-F,314361,191e0557252076fdf96ff5217d1ec039e5897efa86c3d7565fbdb87d39ca50a9
wqp,wqp:USGS-01201700,1975-07,ANFIS-F,314361,191fe479166cc056e775be0fd9abd4182178dfc8510223fa97660cc633815c4c
wqp,wqp:21SC60WQ_WQX-SV-236,2017-11,ANFIS-F,314361,191ff6c25ee95e04e454202082aa496ded38adec9a719a267aab9b294cb8aeb0
wqp,wqp:21FLSFWM-KISSR0.0,1992-05,ANFIS-F,314361,19211bf4297ecc149f3d745a1c41aab0d2229805e19c98834a69b67915af5a6b
wqp,wqp:USGS-01657480,1973-11,ANFIS-F,314361,19230b8c7377caca5252fc5b67eefb4b3c34c8ca7c94bb53b7c7ce3d9dc20ecf
wqp,wqp:21FLSFWM-ISTK2,1990-02,ANFIS-F,314361,192b25989947f3e87d65bbf633bcaa1f1b9c16276b37648df51be3aed26495db
wqp,wqp:21NC03WQ-YAD152A,2006-09,ANFIS-F,314361,192e2ab529b7c86df4df8ffeab619725d45d15966f2d4740ed6c4951cac29304
wqp,wqp:21FLSFWM-TIN13700,2002-12,ANFIS-F,314361,193041497678d0fa795265ce50f4f85955c17ed60fbfebf62576db1e37a64ea7
wqp,wqp:21SC60WQ_WQX-PD-327,2002-12,ANFIS-F,314361,193322643384c6307581dfd67d562d6ff9e71aeb0caa4fad4559fac280bc5a88
wqp,wqp:21SC60WQ_WQX-CL-019,2003-03,ANFIS-F,314361,19333cda6bc412239bdce68b36f4340f31bb0730a1037c0467da66184790d798
wqp,wqp:21FLCOLL_WQX-LKTRAF1,2000-04,ANFIS-F,314361,19341299a3852bbbf54e6f1019617126c14f67101826200de6f0b3f351e83cca
wqp,wqp:MNPCA-86-0252-02-207,1983-10,ANFIS-F,314361,193a09d7559ddbe7fc64017e5929053ac2e7f4b3e6e82ef5da51d30d588b995d
wqp,wqp:CAPECRD_WQX-262,2017-04,ANFIS-F,314361,193a27c37219eaa4560f93ff1925e43ad056b8e84bcf595d489f6ae0d7aeba94
wqp,wqp:CAPECRD_WQX-280,2010-08,ANFIS-F,314361,193b13241177282978c398b7f43f44a2f0c37a6896de2294dccdf8ffccffd190
wqp,wqp:21DELAWQ_WQX-304321,2008-06,ANFIS-F,314361,193b765452e8b9b632192826d088ddac6f1f658e9257332799b98c9439485800
wqp,wqp:21FLORAN_WQX-CC4,2017-05,ANFIS-F,314361,193f551ccd1b7d15e65e66b9eb5800ce19145d553243d197e25e985eb68140f6
wqp,wqp:21FLSFWM-POLESIN,1996-11,ANFIS-F,314361,1940c56a4cda3c2f6b1c395297aa603d109616aaf7f3a6cfa549bd844454277d
wqp,wqp:21NC03WQ-CPF086CUPS,2001-04,ANFIS-F,314361,194112d2c635e61089c42c425828f9e9e9ee762c3a1cc82e04a2d502cdc26ef5
wqp,wqp:21FLLCPC_WQX-GRIFFINTISH,2017-01,ANFIS-F,314361,194126e339e391d2f0981058cc4cafa4fb32330b786d61ad8a43912eebd74a8e
wqp,wqp:21SC60WQ_WQX-CW-197,2015-07,ANFIS-F,314361,19414ba38845e51bae420ea30e6cf4dcebeb9c82fb72e7c450d1e736d8fcaf51
wqp,wqp:MNPCA-62-0007-00-203,2006-07,ANFIS-F,314361,194368849017d4347bb39b609448a6e4391c960e796d1deb39126f7d698d53f3
wqp,wqp:21FLSFWM-STAKEIN,1994-09,ANFIS-F,314361,19444a6a729f4508c170b775cd930a3d6be45df108a056840aa74b157b1c7b2e
wqp,wqp:CAPECRD_WQX-280,1999-03,ANFIS-F,314361,1945d0a00cf5b937c5d4fd7c624ab17c79b6e6695c7a3327a657ff173c5d23a5
wqp,wqp:11NPSWRD_WQX-SLBE_PL_01,1994-03,ANFIS-F,314361,1946d8f0679ca08440c9e7d0eb6cf95233bd0cd8b75385694cd621a7cb3eeec7
wqp,wqp:21FLSFWM-L001,1988-05,ANFIS-F,314361,19488318038cd0841496799040778bd6d0ebd2cd7e42bf39b673a9a8c095f75d
wqp,wqp:21SC60WQ_WQX-B-345,2012-06,ANFIS-F,314361,1948f776c3b896d6b847f8d74b033940717fd4dea920d8ca560b14d6a5a08858
wqp,wqp:21FLLCPC_WQX-YALE,2016-03,ANFIS-F,314361,194b57183da06854dfb6d962d4865718ff7c76d6c94f288d4b7b37c774d0eb30
wqp,wqp:21NC03WQ-NEU019P,2006-01,ANFIS-F,314361,194fa3f52abf1933b6eb4611f42f156c0b9b399b140babc94581ebed086ca784
wqp,wqp:21FLSWFD_WQX-23144,2018-05,ANFIS-F,314361,1950fe3862b202f85daa379ef62efa0a90465cc969634ecc006f78d28198bde1
wqp,wqp:21FLSFWM-LZ2,1999-06,ANFIS-F,314361,19536b7b318f5ec7b6861fb09ec7312284d70a056aa91a57609e5cd9d0254337
wqp,wqp:21FLSFWM-ISTK4,1988-06,ANFIS-F,314361,1954f1656fb4cdd8e780047e5485f588025af4147cb365c90dc660c27a480c6d
wqp,wqp:21AWIC-23,2017-10,ANFIS-F,314361,195512116a0863dc350f3e849db70ab08bd060ef77e3c227e356883d1a1e6d07
wqp,wqp:CAPECRD_WQX-262,1989-10,ANFIS-F,314361,19556753a2bb42520eebf2927713b6e4a00cd86426adefa1340f33066aab3043
wqp,wqp:21FLSFWM-L003,1989-11,ANFIS-F,314361,19588f349a073b0e46fde9b40da4f56bb98ef6cb0c26bbf8655a1313dcbedb1a
wqp,wqp:21SC60WQ_WQX-S-222,2006-05,ANFIS-F,314361,195b9615272cf5bdb0764bec1deb53320b1715f865aae2d3663cef61ea39b011
wqp,wqp:21SC60WQ_WQX-S-222,2015-02,ANFIS-F,314361,195c5478e93783287f7da6b45db0540ae0d4934963022b5beb8c0705b8ee1ae3
wqp,wqp:21SCSANT_WQX-SC-042,2016-11,ANFIS-F,314361,195d68b1db090185058aa329b513ab67240257bb2342202693808737c4020e07
wqp,wqp:21FLCBA_WQX-WAL-MORRIS-2,2018-01,ANFIS-F,314361,195f0be42e48c180e3f3ab57f7bde849a09ca5a21de59dd175872e6e8202f6b4
wqp,wqp:MNPCA-86-0252-02-207,1988-08,ANFIS-F,314361,19624ea3215d0cb219c377444df780502fbe2c8d43eb3d2d351d09afd323e616
wqp,wqp:MNPCA-62-0013-00-201,1992-05,ANFIS-F,314361,1962f9be48387d59ed8adfdcfa4ecc2b0ad3793b66be23040e75b49347f72cd8
wqp,wqp:USGS-07049187,2010-05,ANFIS-F,314361,1962fa3633f61682938707c6b6c958e64a3c57764293a4a6d60c90dc6da99a0a
wqp,wqp:21FLSFWM-L006,2003-12,ANFIS-F,314361,196b019f35349226eb187a8cd1711fb22d03fc2c30c7ae977350df35dc0c8793
wqp,wqp:KAWNATON_WQX-KN-KL-002,2018-02,ANFIS-F,314361,196c8c1d49aa96150d3c4448d653b3b295bb3774e8568491be2ddc523e2a892c
wqp,wqp:21FLSFWM-RITAWEST,2004-07,ANFIS-F,314361,196d37ab695bac08cfa48330c61508355a3897b864fd7aa780b9d62e20faf0b9
wqp,wqp:21FLSFWM-E02,1986-08,ANFIS-F,314361,196e2fd3c8b08ffa17edb644d579d2f5f0ac8657b1c08e43da8476aa1c5e61e9
wqp,wqp:21FLLCPC_WQX-GRIFFINTISH,2016-12,ANFIS-F,314361,196e4d797cb53f07a2de85863b1a8db14e8fbbf5ea76cf1f0159375b6142fc82
wqp,wqp:21DELAWQ_WQX-109131,2010-12,ANFIS-F,314361,196e6348c074a13aa69dcf1ca316fbd6f3aaf0f6a7a539e3890619133561aaeb
wqp,wqp:21NC03WQ-NEU018C,2016-08,ANFIS-F,314361,197075e56ce5bc3f1242adf25d1a0e54ec19379f3b8e3d8668b740e447229563
wqp,wqp:MWRD_WQX-MILTON3P,2006-06,ANFIS-F,314361,1970c3b15fc4ccd2c87448b9d528772e38c6ffeb26b005ffa0cd7328dca1f2e9
wqp,wqp:21FLSFWM-E02,1989-04,ANFIS-F,314361,19738b3fe252a84c1083e0fcd925b2910adff0ca059357bdde10f1538694d8b6
wqp,wqp:21FLORAN_WQX-HB68,2018-03,ANFIS-F,314361,1973bcc36d287c4ad31958a65423f2e9556631234629fc32cc125134c1811ae5
wqp,wqp:21FLSFWM-B07,1982-03,ANFIS-F,314361,1975ed5f6416a0be8691f2db120ff3d45c57b9e6c21f649458f7033d963f2424
wqp,wqp:MNPCA-73-0014-00-100,1983-05,ANFIS-F,314361,197624ea60111652569e99b5818ba77be92a6c941ce599ca467892271be489e6
wqp,wqp:21DELAWQ_WQX-303051,2012-11,ANFIS-F,314361,197993e8175d63ddff1f5fe72139fd26b5ea8b0a82e42b7a1de41b93b095420a
wqp,wqp:AZDEQ_SW-33,2015-02,ANFIS-F,314361,197d4f5fa3548a54d7f1eeaa80f5ec61d06b4edc405a789f972a6cf781c1cd39
wqp,wqp:21FLSJWM_WQX-44592,2017-07,ANFIS-F,314361,197e1c0b60d81bc9067b640deabfdd4047f3725c526007a022358e32cb31fb3f
wqp,wqp:21NC03WQ-LI01,2012-07,ANFIS-F,314361,197fbfacee7012e1a1598cc2a82bb49346a4f84c2e15267ea455bb6f000a9fc7
wqp,wqp:21FLSWFD_WQX-23389,2003-06,ANFIS-F,314361,19803874964a98482a7d43ede02c327dd25378d15e7b9fc8a16f12dce0ad6cd8
wqp,wqp:21DELAWQ_WQX-202021,2005-11,ANFIS-F,314361,1984d8265e01b03625693907863a94b2cc0453f11f07943afc8fe622b473d925
wqp,wqp:USGS-423556088365001,1988-01,ANFIS-F,314361,19859216d99286c478b451ec965f30faab4e10d512e9e50d47d927e1a12fdeff
wqp,wqp:MNPCA-25-0001-00-247,2000-08,ANFIS-F,314361,1986b66b21d0a602425c8714b0daebd8a23141ffc0972fc6cc840263e213fa9a
wqp,wqp:21FLSFWM-L006,1987-02,ANFIS-F,314361,19872c50768546db8213768e416c0a62c2eeaaf8eeb9fe7323648386224155be
wqp,wqp:21FLSFWM-B05,1984-12,ANFIS-F,314361,198ca7a16542577de41c391c2381279a9be8fe6057c0e417be988c28c124b61d
wqp,wqp:21VASWCB-2-XDD000.40,2004-07,ANFIS-F,314361,198e22a836eef0a3a22e956cf3df0269487ac07612d80b6c17528bbcb3b12a54
wqp,wqp:21DELAWQ_WQX-206461,2005-05,ANFIS-F,314361,198e964105000336ca379da314b0567cba9a9559e80f8557da49fdf4cad5f683
wqp,wqp:CAPECRD_WQX-262,1990-06,ANFIS-F,314361,198f3497578a85b48c5d8daf778fdc909d807920884e0618d1fd6f5f527ce827
wqp,wqp:21FLSFWM-LZ42N,2003-06,ANFIS-F,314361,1992daf83e1e929129e3ef01f8f1dbe7920862745c7ab266176819145f44b8d8
wqp,wqp:MNPCA-62-0055-00-201,2007-06,ANFIS-F,314361,199489e7f79dcf5a2b021542e79b3efd482e421c7d772d4f2f73557f6f3fe392
wqp,wqp:21FLCBA_WQX-WAL-MORRIS-1,2017-12,ANFIS-F,314361,1997143d1d5c9b68040c25d33fc059834e6c72985efa6abffb23d07b01bab620
wqp,wqp:21FLSFWM-PELMID,2005-10,ANFIS-F,314361,19971c2b5374082a0e6784a8540b28acfaf962813a7a0b4f20400a9f8be31778
wqp,wqp:21FLSFWM-ISTK5,1989-08,ANFIS-F,314361,1999214bd1a5fa686f438c1ac26eda7e6be03b4241f54207a5f02f42c7aa4947
wqp,wqp:21NC03WQ-CPF087B3,2011-11,ANFIS-F,314361,1999a4a9fb9af713d77978e5bd4327371637a27591a9f22b67b562bee7a06284
wqp,wqp:21FLSFWM-E04,2004-05,ANFIS-F,314361,199a2f48cbe820f22881df61503d52892719ef6c5c4cb6ce35bde968847fe9e3
wqp,wqp:21NC03WQ-CPF055C4,2014-11,ANFIS-F,314361,199d0350509f94ef8fa8b7d68ab5a4c186d58910ec1f7e8fdbc01fa16b164cf5
wqp,wqp:11NPSWRD_WQX-SLBE_PL_01,1990-09,ANFIS-F,314361,199dfb31d1fe9311d9ddfb742f0b9f42acccbbe398d6209ff3c4bcc768f8d88b
wqp,wqp:USGS-423556088365001,1989-01,ANFIS-F,314361,199f7254da822d9fb890dc19d2cc9f0ed8b7564a51eb33c9bee1d87955da8125
wqp,wqp:21FLSUW-ALL010C1,1998-01,ANFIS-F,314361,19a0d75c0bb4714cf575e2c1b5fac8ced2a32658bdc1188bb6e081e3d7656ad3
wqp,wqp:21FLSFWM-KISSR0.0,1991-09,ANFIS-F,314361,19a2a17f887ce77dbbecd162b46f2c89933eff50f9cf0038539686bf57d78d37
wqp,wqp:21SC60WQ_WQX-SV-200,2018-04,ANFIS-F,314361,19a2ba667e60f7e7baba5629e9610197d82fec27255818f7c1b7189aea62e649
wqp,wqp:21FLCBA_WQX-WAL-ALLEN-1,2018-01,ANFIS-F,314361,19a46683bb9acbdaf93075adfe477d3b43d424d31928f2bd0d0820a4ae990d2b
wqp,wqp:21DELAWQ_WQX-303051,2016-04,ANFIS-F,314361,19a5baf569ec8969cd31b557c2ba0b61dfe8edfd6d67f7f3a1b707f2f43ff7aa
wqp,wqp:21FLSFWM-B09,1994-07,ANFIS-F,314361,19a8ca0f394352bc3b581077b25d86dd096e184fb244a8be224450655fd246b9
wqp,wqp:21FLORAN_WQX-BC6,2005-02,ANFIS-F,314361,19a9d64a538927df1b5e6637a8293c8d7dbd04eaebab9a39370fd8361aeed74c
wqp,wqp:21FLORAN_WQX-CC17,2006-12,ANFIS-F,314361,19aad5e957ce5ae0ad1a057d7cc5b4b0388396cf920b5cbeae5888e9dfe40531
wqp,wqp:MNPCA-62-0013-00-201,1983-01,ANFIS-F,314361,19ab1c883101474f2512a2e9565caad1b690ad206050fea6d20e07bdf6ff887d
wqp,wqp:21FLSFWM-LZ42,2006-09,ANFIS-F,314361,19ad65b7a9ffb543075b12c756cf8b94112f23e117254d10d5bf6c7aae9ec5a0
wqp,wqp:21SC60WQ_WQX-CW-197,2017-01,ANFIS-F,314361,19aed887c35fe08cd3b2bad0f6c6128c72d65a2c4ee0404a1264f5d0b07e414e
wqp,wqp:MNPCA-62-0054-00-101,2014-07,ANFIS-F,314361,19b0ee7586f9276c189c54f6f4f11af71d77089a3fd2297790c3af4af0a0869f
wqp,wqp:21SC60WQ_WQX-SV-200,2012-04,ANFIS-F,314361,19b10f6ec13706ee109483e61883bf45cec1101ccbfc01c922bdd54c175eb7a6
wqp,wqp:21FLSFWM-KISSR0.0,1988-08,ANFIS-F,314361,19b1827d36791e24aadb0865c0bf75e817ff14812afc6be029fcac161d9d875c
wqp,wqp:21DELAWQ_WQX-110011,2018-08,ANFIS-F,314361,19b58cd3ff97763e23b4996653072b0379c295c423dda10aa1c1e23931064aba
wqp,wqp:21NC03WQ-NEU019P,2016-02,ANFIS-F,314361,19b7284d6d097ce012806e9320e4d4baa23cac141adedb8e6c2a9eb3a07e4b4e
wqp,wqp:21FLSFWM-PLN2MID,1992-04,ANFIS-F,314361,19b7a51238059826f5e770d3686d9c77eb3ae3dd1933e7afbb22312f6a0ae29b
wqp,wqp:21FLSFWM-E02,2004-10,ANFIS-F,314361,19b866b33d3a448e9a0c98e0d1e5192679a30151d863c32e9486cb85da0356fe
wqp,wqp:21NC03WQ-NEU020D,2007-01,ANFIS-F,314361,19b89ae980cfe2e8d3495ce735048b54dc669ead422c2e1c6977133b18356c90
wqp,wqp:21FLSFWM-MH16000,1997-10,ANFIS-F,314361,19bb71fecca6e6ccce0bf7918c94e6aebea9a13cd0cd193bf13b16cf9f702b3f
wqp,wqp:21FLSFWM-STAKEOUT,1991-11,ANFIS-F,314361,19be03d5e391ad2df2d5b604e9765f2c1b307f05fe4a85164b26d75116451f87
wqp,wqp:21FLSFWM-LZ42N,2005-07,ANFIS-F,314361,19c35827d810b7317cbf5c5d0c5749126df7c3ccfbb75453af0681ead44a53c8
wqp,wqp:21FLSFWM-PELMID,1989-09,ANFIS-F,314361,19c4c8a0de5fb34764b3e276ec55368b80ca932de230f206cd201f8b0d271e96
wqp,wqp:MNPCA-10-0007-00-201,2012-03,ANFIS-F,314361,19c9eeb01e579b3c13c31247d9fb13de62be7f76f12c0967aa915bb71ff7e265
wqp,wqp:21FLSFWM-A03,2004-01,ANFIS-F,314361,19ca2f6fbce52a06cf3a4045cc1ecbd9d353b7a9f36bc89eab51184840bc61c3
wqp,wqp:21SCSANT_WQX-SC-014,2015-05,ANFIS-F,314361,19ca52c42277d14581216487e81091fe1837982f2dd5444d38e61b815c482fa3
wqp,wqp:21FLORAN_WQX-BC6,2008-08,ANFIS-F,314361,19ca66d56378766c8d351ff4d6b3d2e32e64324445a313029f45592d858ff473
wqp,wqp:21FLSFWM-A03,2005-06,ANFIS-F,314361,19cb03567ba4ec38f0171c2a72b7f49125c529ba37c630cb3b244bb94ad18e8d
wqp,wqp:21FLSFWM-E02,1982-10,ANFIS-F,314361,19cbf931131134242f6e563918a94e13bf0a1661fe48f1e7f5b52860b27cad5f
wqp,wqp:21SC60WQ_WQX-CL-094,2002-12,ANFIS-F,314361,19cc2c7f6bcc3cac2d8bf12891cb55aae9ef608a952b98c6899292eb00167a63
wqp,wqp:MNPCA-62-0054-00-101,1991-08,ANFIS-F,314361,19cf2d41b45e2cd1eff5bb490cfa86f75bbc6b9fa89ffd6dcd1f42112f89d6ad
wqp,wqp:21SC60WQ_WQX-S-022,2012-04,ANFIS-F,314361,19cf931e3481098f3a3d19e5ef46ce0a4f3f3379db6daca323da595138dfbaf5
wqp,wqp:21FLORAN_WQX-BC11,2008-10,ANFIS-F,314361,19d39649cf9b45e08aa6c783af6df02b61b6a3b77cd4cf5d8fc12be89f6ccf01
wqp,wqp:21AWIC-81,2013-11,ANFIS-F,314361,19d3f28ef8d378531de846b0414613ad2549680f37d1d245ea42ef64d48f4914
wqp,wqp:MNPCA-86-0284-00-100,1987-08,ANFIS-F,314361,19d96a05f7a0064a975ea9d9b598bce133178c7019a38afd357bdc29da998b41
wqp,wqp:LAKELAND_WQX-LH29,2011-09,ANFIS-F,314361,19d9b1dcbd7656d0071f1d3f4c9f3681adc14e9f55d6977648202fd3b49e55e6
wqp,wqp:21SC60WQ_WQX-SV-331,2009-09,ANFIS-F,314361,19da10bf257f5bdf958e9e9f65e42cecf7366665b909bffdbfc60f32f9545893
wqp,wqp:21SC60WQ_WQX-SV-268,2000-12,ANFIS-F,314361,19dab9abc0b52d92d3108517db0ea3234a6e4efd56e415a8c64b92e27f773c23
wqp,wqp:21FLORAN_WQX-CC11,2006-08,ANFIS-F,314361,19dbcefd0404c50ddee8c08784313c99c291e19cfccee29a9e7651d57ee554ca
wqp,wqp:21FLSFWM-ISTK2,2004-01,ANFIS-F,314361,19dc34d0eb1d6761ed514bad11881e222bb85dbd07ad581e689da584d8ef0727
wqp,wqp:21SC60WQ_WQX-CSTL-075,2000-01,ANFIS-F,314361,19dd0a083e946f056193805059897b7ab0022da450399df1c8a08278859c61ca
wqp,wqp:21FLSFWM-A03,1982-10,ANFIS-F,314361,19de253b26eeaedf8be35cce26443b2d3475427e834552d050a140823645f152
wqp,wqp:21FLSFWM-L004,1999-07,ANFIS-F,314361,19dea13c6a96cdb7391fec6b8a02615099ce5c782c3c336991876b2701521f81
wqp,wqp:USGS-07144790,2005-07,ANFIS-F,314361,19e2b3904c3f12e83674ba1b95e22f62de0b6d4edce03b1f1d0d216eefb2862c
wqp,wqp:21DELAWQ_WQX-208181,2001-03,ANFIS-F,314361,19e38c058a3c02181b6903323cf8905a50ca5561c9ebb5d725bb2133339cb0ab
wqp,wqp:21GAEPD_WQX-LK_12_4048,1997-09,ANFIS-F,314361,19e60975d0e9bd950587fc6d08763ba0e198c6538e50ffdf1207c17e90c4427d
wqp,wqp:21DELAWQ_WQX-307171,2014-12,ANFIS-F,314361,19e63967a43a09ac032a025f63598221e8dfab3c7fdf5878cae161063b5e3ce6
wqp,wqp:21FLSFWM-KBARMID,1988-12,ANFIS-F,314361,19e6d49ca0e5adc87399603ee6e0e7af2e5c6e6f3461ce729d47dd3d08e89b86
wqp,wqp:21SC60WQ_WQX-SV-357,2013-07,ANFIS-F,314361,19ed9ab70902f5e8c73a7c461b00836b19b926b27edf9aad003fbf65df1b7f41
wqp,wqp:11NPSWRD_WQX-SLBE_PL_01,1993-05,ANFIS-F,314361,19ef8875cd993c71e600ff531f00a2b3daed7b1fbf0176ab1cd42c286edc30af
wqp,wqp:21FLORAN_WQX-CC17,2013-09,ANFIS-F,314361,19ef983bb8bff6b8ab8360e5ddb4e503d72ff2b7a2b9d919be9669df6367e0c0
wqp,wqp:21FLSFWM-ISTK3,1988-08,ANFIS-F,314361,19f09b60d5e6fd4d3001dcdce844b09bdde5edf3fbb2263436cff28561f1d90a
wqp,wqp:MNPCA-62-0054-00-101,1987-07,ANFIS-F,314361,19f0ef2df171304bc3a138874432260b2f7bb23a6d9f3528bb85f4494f85c910
wqp,wqp:21NC03WQ-NEU019P,2013-09,ANFIS-F,314361,19f28b0214fe8d1f15cee3d06568b15a4d67417684c888db40a29a792f438108
wqp,wqp:21SC60WQ_WQX-SV-331,2017-06,ANFIS-F,314361,19f2dafd7c0839ac969d3294842355a1e98f56aa15d8872df507ed2274d28adb
wqp,wqp:21VASWCB-2-XDD000.40,2016-11,ANFIS-F,314361,19f376e5c180139038c2cf45cbda1073bfc366c4887d78c1a7786b72cad9ce46
wqp,wqp:21SCSANT_WQX-SC-042,2015-12,ANFIS-F,314361,19f605f13466286f856f7cf5a2804318fb00120c4540e34c3551463e6883b5a9
wqp,wqp:21FLORAN_WQX-CC11,2014-12,ANFIS-F,314361,19f676f15b69bb015f38b056f27916efc7c56bf6186843a2e9af1414572e6d07
wqp,wqp:MWRD_WQX-BARR3P,2018-04,ANFIS-F,314361,19f92d246b0e82e6a0fc2517fd97053512079357d5cfee35b137ed0ff72058b6
wqp,wqp:21FLSFWM-IPOUT,1991-01,ANFIS-F,314361,19f979e47ecf047da3cf52ad8911d7d8b542b1f630d6415cd49321144d9cacda
wqp,wqp:21FLSFWM-POLESOUT,2004-12,ANFIS-F,314361,19fc0556c639a722f4c70834cb09162127c01b7a2174cf6adb06a51ac9f885e6
wqp,wqp:21FLLCPC_WQX-YALEMARSHPK,2015-07,ANFIS-F,314361,1a0144f7eb493872908a2b9cbbfa546633cb3a121c293db7a41e3603c82cec5d
wqp,wqp:MNPCA-82-0046-00-203,2004-09,ANFIS-F,314361,1a0295541bdade1f5a3e302162e95ec00165dd937c31aca9a8da4de3e255e6e8
wqp,wqp:21FLSFWM-LZ42,2003-11,ANFIS-F,314361,1a051de7017d3e6bbccfc1883693d88c96c92f99190e117b992ca8f10028066f
wqp,wqp:21FLSFWM-STAKEIN,1991-12,ANFIS-F,314361,1a05bbac33a71cb6ad69d1b5dada42d0cc169611b64a5c21ae85b0fcd7ce9f82
wqp,wqp:21SC60WQ_WQX-SV-335,1999-09,ANFIS-F,314361,1a06c80b4a499222089aab473652d9fac94d3ae652ba300f79ea49f667daa747
wqp,wqp:21SC60WQ_WQX-SV-339,2003-11,ANFIS-F,314361,1a094d8fea71a0c686bd2881cb1ef98601ce13f78b26442fb47e43150fe0d91c
wqp,wqp:MNPCA-62-0054-00-101,1992-05,ANFIS-F,314361,1a0c8e328c08b784c0882b06710635484725817cfbf2a696b23f98acd3d6a895
wqp,wqp:21GAEPD_WQX-LK_12_4048,2010-04,ANFIS-F,314361,1a0e84734aa4ff35205a3a871e4eb5efef57f20a4efc6d02e8372c50fe56c7bf
wqp,wqp:USGS-423556088365001,1986-06,ANFIS-F,314361,1a13b4d0274d70b97223494fb0ac434e8a8f65433c5b85e3174815076851d6f5
wqp,wqp:21FLSFWM-A01,1991-05,ANFIS-F,314361,1a162e1417accf5f5f0405561c15cb6c6f7f76dbc7864e04f934610a5cb401ee
wqp,wqp:21FLSWFD_WQX-23389,2014-02,ANFIS-F,314361,1a193b8e7030f002cc6a212e418c535d3bc9f03b3ca1a752851b43feebbb5a93
wqp,wqp:21DELAWQ_WQX-303051,2013-02,ANFIS-F,314361,1a1a4e9b68b0d59d0b7b12a2072ad459dbdeddc30f9e26bf42348e425f85f1ac
wqp,wqp:21DELAWQ_WQX-109131,2013-02,ANFIS-F,314361,1a1a59ac2d2cfe141b5f7077bb699118b8ff5aa02a432ba9625c41a854725686
wqp,wqp:21FLSFWM-LZ42,1992-07,ANFIS-F,314361,1a1c712366463462033427b18cb4da08abd02722ea9c34066e25777530c8bb6e
wqp,wqp:USGS-423659088354401,1989-01,ANFIS-F,314361,1a1cc58cf30fb515031f89a30f6aded1a8935fcff9bafc1d26d03a2fd82bcfb5
wqp,wqp:MNPCA-25-0001-00-215,1991-05,ANFIS-F,314361,1a1d5c335c97280241c9423399975961ee449f209d66974fb46921e51d6b702a
wqp,wqp:MNPCA-86-0281-00-201,1985-10,ANFIS-F,314361,1a1fda94aedc4f38bda70d47b4918ffc9889777a7456367696132a98c70ff0c1
wqp,wqp:21NC03WQ-CPF086CUPS,2017-09,ANFIS-F,314361,1a2079060521ec4a6df323f8300f5394aeb1b2d03d231803827b2070df78dd04
wqp,wqp:21FLSEM_WQX-SPR,2016-01,ANFIS-F,314361,1a257e68a4899a065e1b8dd98c34e7fd415b1f612ccf0e9dbb84444e06832ead
wqp,wqp:21FLORAN_WQX-CC11,2007-06,ANFIS-F,314361,1a2acad025b34449354805f375133ebbab59f04294b42a7f721955ffaef3357c
wqp,wqp:21SC60WQ_WQX-S-310,2013-10,ANFIS-F,314361,1a2b7f7159dce7c282dcd7ed7529535286e65b7f7fe2fe8afc34732e30dc5d3e
wqp,wqp:21FLLCPC_WQX-YALE,2013-02,ANFIS-F,314361,1a2d1446f88756c0664149567dc2f6b1a1dab19fb4c1793e66ff48074fe41f80
wqp,wqp:21FLORAN_WQX-LE53,2018-06,ANFIS-F,314361,1a2eff54de5cc98c6538b37adfa5da98a805932de30240198525537fb1d3b470
wqp,wqp:21SCSANT_WQX-SC-040,2016-06,ANFIS-F,314361,1a3170bdad1909fb86b82d495da58ed90c1b114753e33d63cb87f5c7af5546b0
wqp,wqp:21DELAWQ_WQX-307011,2011-01,ANFIS-F,314361,1a33092137a1063f461586613c88e2ebf60196d4720bf8530c369d051ea47983
wqp,wqp:21SC60WQ_WQX-S-308,2006-08,ANFIS-F,314361,1a360313f6f64d93628e211f1472b648fdf6da65fe49c234fd482c5ccf26c9d1
wqp,wqp:21NC03WQ-CPFMC02,2014-06,ANFIS-F,314361,1a378191913563cc8c3cab41277912d081d4bd2ae98234a2c64bda25fabf0960
wqp,wqp:21FLSFWM-L004,2000-12,ANFIS-F,314361,1a399adc45fe97823814ba9418ea16555dfaa31b4888526547e15d99474ddee0
wqp,wqp:21SC60WQ_WQX-SV-268,1999-05,ANFIS-F,314361,1a3c6bafd482b57b1b42ddc8a0a8d2824d3cff95261947a822b03b5dd8d10431
wqp,wqp:21FLSFWM-D04,1984-01,ANFIS-F,314361,1a3f91b9ee8e14003f567c76a13bc319172a0327cab0019b40294a78daa95a97
wqp,wqp:21FLORAN_WQX-CC18,2005-01,ANFIS-F,314361,1a4147d52fab01aa5e3474291f9a0be76af076f6b6f82c5e309e59a3322cd761
wqp,wqp:21FLSFWM-L006,2003-03,ANFIS-F,314361,1a423aa7117ee6d998e86edb037c27b5742a2dd2967449ce4b0e7905c4e739cd
wqp,wqp:21FLSFWM-B08,1983-01,ANFIS-F,314361,1a43aa463a2604021d17c61948666c6a2f78c394aa46f45a8203bc170494d753
wqp,wqp:21FLSFWM-LZ2,1997-07,ANFIS-F,314361,1a4548ec2e818eeea84ad18998292477072dfb945694cd7901ebccbe7282853a
wqp,wqp:11NPSWRD_WQX-SLBE_PL_01,1991-03,ANFIS-F,314361,1a47167dee162dcb474ea0174294b5404c1dd978341c74d610ad02081c04c8b8
wqp,wqp:21SC60WQ_WQX-SV-338,2001-09,ANFIS-F,314361,1a4850de1b1f38ff9bd3bc7fd51574b5b8999bfbb3f5fc81a2ab89cd5bf62c02
wqp,wqp:21FLSFWM-PALMOUT,1990-12,ANFIS-F,314361,1a4915804b152b309ce4c3eb1cc5d464e2965f289b2827169bcb643b996ece70
wqp,wqp:21SC60WQ_WQX-SV-335,2014-11,ANFIS-F,314361,1a4979badf8d5377fe1712c5ac090e7321d24a6e9735b7819368e0d5fd8bf104
wqp,wqp:21FLSFWM-L006,2002-08,ANFIS-F,314361,1a4a95dc96046a502d48ffe3305bc667fcbb7fd634b5287c6ded18fd508b7639
wqp,wqp:21FLSFWM-PELMID,1998-08,ANFIS-F,314361,1a4c02ff3dc221e9efb2c93e20669774080959569dc97130749a34f36c13c88f
wqp,wqp:21FLSFWM-C03,1990-06,ANFIS-F,314361,1a4ececaf3425c75c49beb01c7134c874e77b3aa6098b39dfdbcfcc2cd3235ce
wqp,wqp:21NC03WQ-CPF086C,2009-10,ANFIS-F,314361,1a52e1fd9dce78828de97544e1f66168d4d6408b01e55bb6ec9d6dd50b7027ae
wqp,wqp:USGS-07049690,1974-01,ANFIS-F,314361,1a53cb922b8a5175e861f2731182d0e84418c9596d897cbcc378f0019678941a
wqp,wqp:21FLSFWM-S1910.5,1988-05,ANFIS-F,314361,1a56bf897d298ba6cbf5e62b248ee1520b771bb67fd273239c6b232273581544
wqp,wqp:21FLORAN_WQX-CC9E,2009-01,ANFIS-F,314361,1a59bf2a7f095526e9dc22707acb56eb4d49282b8c9d8c6cf0f1d77d6474e2b8
wqp,wqp:21FLSFWM-B01,1984-07,ANFIS-F,314361,1a59c3344288404ca3bed73f212a77077f1ab6bab1ccf4e195f8c6b1c1010920
wqp,wqp:21DELAWQ_WQX-307011,2015-05,ANFIS-F,314361,1a5d119e94b27fc10e6de4d0be7cb625a7d551d366a26bb1e2ccf4cac0c82ff3
wqp,wqp:21NC03WQ-YAD169E,2008-06,ANFIS-F,314361,1a5ee497d9d0035952cb489ebf7d6d16cd88bec30385dc7bd0aa11bbe7517e55
wqp,wqp:21FLSFWM-D02,1995-10,ANFIS-F,314361,1a629b65a6840af0ffe82c8b62cbb9bcf7f35280b17f48696d997e874e5e8039
wqp,wqp:21DELAWQ_WQX-206461,2007-12,ANFIS-F,314361,1a6377d2291bd439388fca5627811e1ec8ec2547b8d0ba25e143a9a5c4263fa1
wqp,wqp:21NC03WQ-NEU019C,2006-04,ANFIS-F,314361,1a646aa87db3103b6db1f670fd713fb63668f677eb0ce7f46e01928f0dd8717d
wqp,wqp:21SC60WQ_WQX-SV-200,2000-05,ANFIS-F,314361,1a65ff6301be95e3cbaad7d85d02b55a99fdbf9e9dc69b5ee125fd88166c65f9
wqp,wqp:21FLSFWM-B06,1986-06,ANFIS-F,314361,1a680a14d43b872baf566addb33972a207c9eda27df24c8412a149eb1ee01cd6
wqp,wqp:21DELAWQ_WQX-208181,2011-03,ANFIS-F,314361,1a6b19485e65676a212863dcb754255dd6ff03a86bfcab4fe5c22bf64f2127c1
wqp,wqp:21FLORAN_WQX-CC4,2017-06,ANFIS-F,314361,1a6cffbb0b20267c96ceb0fc9059b1a7e16ecd09c2f39e90e1685da20b0e454f
wqp,wqp:21FLSWFD_WQX-23588,2009-08,ANFIS-F,314361,1a6d1dd298f734d8451c92239ccd17aa029df984081557ea4ed9e8238ecd0188
wqp,wqp:21SCSANT_WQX-SC-040,2014-05,ANFIS-F,314361,1a6e0e9a2e9289e96f624153384d2813b6da387a1f466f0a203422f921366ed6
wqp,wqp:21FLSFWM-B01,1981-11,ANFIS-F,314361,1a7151c4858f5c736a213a049a83b7f2ae8367195b64bbef5f72868066d73c84
wqp,wqp:USGS-02207414,2011-05,ANFIS-F,314361,1a7462fb6084f0d0caa5669c86ae329f1a7ec9df9aaafe0b69a9bc911b5ad93d
wqp,wqp:21SCSANT_WQX-SC-044,2015-11,ANFIS-F,314361,1a766006a348e79890fc60d33308aca3e9c3adf128f4549b6454043040ac4f27
wqp,wqp:21SC60WQ_WQX-B-327,2004-10,ANFIS-F,314361,1a790620cea93956ed10a1e02027edb86dd5ab76977ebf677bce90679cbf58c8
wqp,wqp:21FLSFWM-E02,2003-09,ANFIS-F,314361,1a7c06a341e7ba70b4217e5ce7f886f79489894060048cfe7ef46c1bf59040de
wqp,wqp:21NC03WQ-NEU018E,2011-01,ANFIS-F,314361,1a7dd6dffbc569397c5a181acfc71fe5759f671745b7cc5f896e43cab44fb8be
wqp,wqp:KAWNATON_WQX-KN-KL-002,2015-03,ANFIS-F,314361,1a7e810bf229d05352ae3efa3ef1e18bd0b5ddda01fcbe9d166dc8bf8b07b772
wqp,wqp:CAPECRD_WQX-290,1996-09,ANFIS-F,314361,1a7fd76b0ab5e093411369ae05eeeb2c3501c3686b8de8b3e57f93acabef4688
wqp,wqp:21DELAWQ_WQX-307011,2014-02,ANFIS-F,314361,1a8090f87f118d077c130b8cbbeacd4d248f18ade068dc3700f05b6157157c7d
wqp,wqp:CPNWATER-WW#3,2017-05,ANFIS-F,314361,1a8096f33feb15bf813b71c32ddfd07393b48418f548ddb545448b8f9d02ee5e
wqp,wqp:21FLORAN_WQX-CC12,2005-03,ANFIS-F,314361,1a81bb5d705da7d933fc1347c99a59d61018c9804e6f5a65ba674f16c4d160ef
wqp,wqp:MNPCA-02-0075-01-204,1983-04,ANFIS-F,314361,1a834e3e14a9fe54163a52ecbbcd5527a264699b1b1484e4d8dde7cbfa05b24e
wqp,wqp:21FLSFWM-POLESOUT,2002-12,ANFIS-F,314361,1a8447f327fe3c0644506c2de6a7ea20cecd1f5a5716da871dee84f01f46dbdb
wqp,wqp:21SC60WQ_WQX-PD-327,2007-12,ANFIS-F,314361,1a85070e11610c22878046936886e10ccc46deea3f698829d5abc5c0d18429f5
wqp,wqp:21FLSFWM-KISSR0.0,1998-03,ANFIS-F,314361,1a8948bae2e2aab2287cb3f2a92eb2ea1a581463bec9cb9a9a1659d9a3d72773
wqp,wqp:21FLSWFD_WQX-23389,2002-03,ANFIS-F,314361,1a8a00daad6ad346d62ccaaefb005c1ba34241541d2afbc53a7c6c0030fdaaec
wqp,wqp:21FLSFWM-LZ40,2003-04,ANFIS-F,314361,1a8bd7b2eb1f6dd6ddcc1395cfa58e888efe9e85d808b01016d494b6368f24a4
wqp,wqp:21SC60WQ_WQX-SV-268,2010-07,ANFIS-F,314361,1a8d8373936e0220283cfde1e24899a0b208de92cd22551f48198d4b44a671a5
wqp,wqp:21FLORAN_WQX-CC6,2006-07,ANFIS-F,314361,1a8e1875d4542cbcddca6952e3016675bb062dfc49d940de114b99e0555aab5f
wqp,wqp:21FLSEM_WQX-SPR,2017-03,ANFIS-F,314361,1a93137fdeaaaf3f19c5e875f43b2359720afa698ea66788ac3757045a176190
wqp,wqp:21FLSFWM-TINOUT,1992-04,ANFIS-F,314361,1a94f1889bd83b16ff354aa432990c5e76ca3ab2e424af2b2842a97665b5e1a9
wqp,wqp:21SC60WQ_WQX-ST-032,2007-10,ANFIS-F,314361,1a9728afaae49b852c56beb20598d69171193f643654f5e7f3a1afc14fb5cd72
wqp,wqp:21FLSFWM-L006,1982-06,ANFIS-F,314361,1a976693fb317bf02932939e79794903b6990f009df0018e653c017b592fb439
wqp,wqp:21DELAWQ_WQX-308071,2016-03,ANFIS-F,314361,1a985e9b1d3740e3d96bd4742968c7c51ed1e49ed8c0db858904696cae2f7a06
wqp,wqp:MNPCA-10-0048-00-201,2003-08,ANFIS-F,314361,1a9b1715a189e84bf22c8a1ed8e4625737af1cc21df2b43480d46f2110ec6d4a
wqp,wqp:21AWIC-81,2010-12,ANFIS-F,314361,1a9ba0d795aabd8e11fde94d83396220e934cbb1ee58e39bbd83c2cf627418dc
wqp,wqp:21SC60WQ_WQX-SV-363,2017-07,ANFIS-F,314361,1a9ce470c2e7d690969b787dc3d7254cc884b3a4502c62901c2c82bce19112b4
wqp,wqp:21SC60WQ_WQX-CL-089,2009-02,ANFIS-F,314361,1aa418205c8362e9527ba4ef5d34f69dcc2f6619c6e20c99261b65963faf476a
wqp,wqp:21FLSFWM-L001,1992-10,ANFIS-F,314361,1aa609dd743b2175fa1a15b49920bf51938abdf4306614230d41c6e95b9552a8
wqp,wqp:MNPCA-82-0046-00-203,2010-05,ANFIS-F,314361,1aa68b2c0d02fd861d198f33adce69b73a18fc4c7d6c0e4df9a914a228a83f44
wqp,wqp:USGS-07263299,2003-11,ANFIS-F,314361,1aa70db5bb162257cefc4cfe3b7f40f9332df732f8adf0a4969ad2e877d49fb9
wqp,wqp:21SC60WQ_WQX-CSTL-075,2008-04,ANFIS-F,314361,1aaa7ce3f7e089013790e96a84675fe20bd60a1ce4cae89a9a2ddac33d2129b9
wqp,wqp:21SC60WQ_WQX-S-022,2016-01,ANFIS-F,314361,1aace5843ef6034ea0ab431ef20438ee6867a9d88c6179c37d91d01ee043eb4e
wqp,wqp:21FLSFWM-STAKEOUT,1997-11,ANFIS-F,314361,1aad6dfca286a3619bec6ae78341f0eb9e42d7b06aaf3f77b4ca2f50e673514f
wqp,wqp:21DELAWQ_WQX-109191,2008-02,ANFIS-F,314361,1aae8ed7e629e0b0c1b12ab125beb763bd50b56a5183a828bb86f55ee4ae4f1b
wqp,wqp:21SC60WQ_WQX-B-327,2007-12,ANFIS-F,314361,1ab51326eec3cd8997da44d74cb47c5c572e3618889a60cbae5f513ae112877d
wqp,wqp:21FLSFWM-KBAROUT,1999-10,ANFIS-F,314361,1ab727318032861a74ec97080e4590f3d5e08c9382b96d5bf57347d68a15762f
wqp,wqp:21FLORAN_WQX-CC9E,2008-03,ANFIS-F,314361,1ab9fcbf704794e0c8a267c78046da59daa1baa80b3e856632d842d4b71305b3
wqp,wqp:21NC03WQ-CPF08801A,2005-01,ANFIS-F,314361,1aba5c6562b3093ab2e817b9a1eb3083309dd9d2a5a38d9d6d78ceaa20fa8df8
wqp,wqp:21NC03WQ-CPF087B3,2018-01,ANFIS-F,314361,1aba5df65fe02eeda483a6ae875750c00e07d911675206929ed434434875a9ba
wqp,wqp:21FLSFWM-L004,2005-11,ANFIS-F,314361,1abe3ebed3d3367f3bbb33090320ad38b4c2064b0a120348985694e7f2da29ac
wqp,wqp:21DELAWQ_WQX-304321,2006-12,ANFIS-F,314361,1ac03d178df152a3628807854ddffba9cac9c0b9904a0d4163d1ef973100f4c4
wqp,wqp:21SC60WQ_WQX-PD-327,2011-09,ANFIS-F,314361,1ac06a63730d151610f42527dd14c6e14ead9b0bb9e574fd021af10d2d0c1af8
wqp,wqp:21FLSFWM-B02,1984-06,ANFIS-F,314361,1ac06c6a55e3170bcc600ab15bea9791287683d776543bed6a273f934ee48374
wqp,wqp:21SC60WQ_WQX-SV-338,2000-11,ANFIS-F,314361,1ac2de4dd4f5a4f95e9b3907a8af97bb779efb11934b7ccfb99df18733653ab3
wqp,wqp:21NC03WQ-CPF081A1C,2012-11,ANFIS-F,314361,1ac30f7ccac9cb12e211a52663807019dea176cb4e79411ee05f5b7011ff0fb4
wqp,wqp:21FLSFWM-A01,1996-10,ANFIS-F,314361,1aca29f006a4f379c0c53013e3c5e008cf9205ba3916ada114bcaea6b0a4a949
wqp,wqp:21FLSFWM-TIN16100,1996-10,ANFIS-F,314361,1ad1bb38345c4d7b5df81cdadbaf6ab08afc590ca0bc0d5fbbc9f05d17879fba
wqp,wqp:21SC60WQ_WQX-SV-338,2004-04,ANFIS-F,314361,1ad2f513f4da3103a6937dc85954eb863e44fe514af575683c36c600bb01d1d9
wqp,wqp:21FLSFWM-PLN2IN,1995-01,ANFIS-F,314361,1ad3002245419963ffc95d19b66bf1148a407c189e088bd45e94977c5719539d
wqp,wqp:21FLSFWM-PALMIN,1988-02,ANFIS-F,314361,1ad377ccf3d4c8ff081d5ac3ea3710203c155b354c24bb6b48c0fca4ff543c4d
wqp,wqp:21SC60WQ_WQX-CW-016F,1999-04,ANFIS-F,314361,1ad6dbef35aae8d88ffa20e5c9e52f86c0000c1412b21344dfad144f2450b929
wqp,wqp:21DELAWQ_WQX-205211,2006-12,ANFIS-F,314361,1ada6bafafabbfa6da5cfeb3f7f1fb555278e15312f47e5cc609d61dd36396e7
wqp,wqp:21DELAWQ_WQX-109131,2009-10,ANFIS-F,314361,1ade8c3d72f63054203c5b696c02284a549264bc225399e7f73adf9409f36938
wqp,wqp:21DELAWQ_WQX-303051,2017-10,ANFIS-F,314361,1adf71a40a99ef5868bed70429725b1c4efc590ce864cb9cdd27408fa3b65687
wqp,wqp:21FLSWFD_WQX-23624,2013-03,ANFIS-F,314361,1ae1f3679e3615fec32b6fc40fa276276f49a322df1189997819c4dbf1d23597
wqp,wqp:21FLSFWM-PELMID,1993-09,ANFIS-F,314361,1ae2dcc4a3351d88b344d04b4b9e214ed09182203916cfc220db471750bfe804
wqp,wqp:21FLSFWM-L005,1991-07,ANFIS-F,314361,1ae36635da85626e3837c627e3d99853a4c93c2d8dba05a7a7c23b63759a38de
wqp,wqp:21FLCBA_WQX-WAL-FULLER-3,2018-02,ANFIS-F,314361,1ae7e1960dad6ac9070dd2cfb0f1601b61519afbfbbf90f78e63fcac7a67ecd6
wqp,wqp:21DELAWQ_WQX-303331,2008-05,ANFIS-F,314361,1ae7f8e7a76bc58eedae8dc4272b4354d94bd7f63bf0a23b848f5ac6266236f9
wqp,wqp:21FLSFWM-PELMID,2008-09,ANFIS-F,314361,1ae877bb9de057d0fc6f0741500692dfe6e72629248564b45b0e1cd29efb6038
wqp,wqp:USGS-423556088365001,1993-03,ANFIS-F,314361,1ae8fe1ac630f2b97037badeba1963e171ded2069441a60462a1699442aeca9a
wqp,wqp:21SC60WQ_WQX-PD-327,2003-11,ANFIS-F,314361,1aea0a6aff322cf355293d0efcd78c52973d487da71e027a5b4548f8b883be3d
wqp,wqp:21FLLCPC_WQX-GRIFFINTISH,2018-12,ANFIS-F,314361,1aea4797f27445e0e74ba6852806a51f59e679f966f5decb6a11ef780d32867d
wqp,wqp:21FLSFWM-LZ42,2007-04,ANFIS-F,314361,1aec5f072eb4f604af21b1ef44170f2aa58a011c1ab0b8761db70956975a7ba7
wqp,wqp:21DELAWQ_WQX-109131,2012-06,ANFIS-F,314361,1aeff4c4f9ec4546cefc424f6aef8b300502cb73753b53ada46d556678ee21fe
wqp,wqp:21FLCOLL_WQX-LKTRAF1,1999-11,ANFIS-F,314361,1af048a2b885b5a8c65bf84d514523b8f31862e870c2857fe3b55a325405c0cb
wqp,wqp:21FLSFWM-ISTK3,1988-02,ANFIS-F,314361,1af186fccd3f9569845e76f6001f4b3753e19fc9e9753e1d14fc098999bcac68
wqp,wqp:21FLSFWM-MH16000,1999-12,ANFIS-F,314361,1af5a9c64954e42ea6298e486bd9cbffa94c66e6b4e9a90ab85c25284f2695df
wqp,wqp:21FLCOLL_WQX-LKTRAF1,2008-10,ANFIS-F,314361,1af61c0628a781cb3c190350a22fc1a6964d282b90980272e67c64bcd8cc2f74
wqp,wqp:MNPCA-10-0042-00-401,2003-10,ANFIS-F,314361,1af91f59b6a6458249cc1061b46508af7501fd314840806456da5806948f87f2
wqp,wqp:CAPECRD_WQX-262,1995-04,ANFIS-F,314361,1afc4d6ef614852172644bbe6953193891b76b73aaf2e3107b28f31221c56779
wqp,wqp:21DELAWQ_WQX-205211,1999-09,ANFIS-F,314361,1afcdf6838a2e92addcba835677a7877785cf0fa7d82850d9c4aea47bced52b6
wqp,wqp:CAPECRD_WQX-290,2009-05,ANFIS-F,314361,1affbe14713f9073e8e96061f863b18af2406067009d2173aa96e5e03e9023ea
wqp,wqp:21DELAWQ_WQX-108111,2013-08,ANFIS-F,314361,1b004a05b80d7461f5c3139fd434859e8124759b867303fc19a76592ad5c7deb
wqp,wqp:21SC60WQ_WQX-SV-361,2014-02,ANFIS-F,314361,1b00d07444ac91b97e8708f2a64cce1240480222cf6c7a256d037b69afc9f944
wqp,wqp:21FLSFWM-LZ30,1996-01,ANFIS-F,314361,1b01281af5c2686160ae0fd78355f8d17eb355bc314d4c38f5f42b331e5a40fc
wqp,wqp:21FLSFWM-L006,1990-12,ANFIS-F,314361,1b03d033b2981db10c8e659e0dd297452d33de91d8c816c41b4ec90a71c504dd
wqp,wqp:21FLSFWM-PALMOUT,1999-05,ANFIS-F,314361,1b0419c37d29c0352abcd57d2325ea248e5878a107eff9e34d43b16b9a406b82
wqp,wqp:21FLSFWM-C03,2006-09,ANFIS-F,314361,1b04cb7ad3b8c72165304d02ad3fc31479598dbd82234e17e2337136d17aaecc
wqp,wqp:21FLLCPC_WQX-YALE,2017-02,ANFIS-F,314361,1b086b88367a6a73f5241b70d636669f45e17c50f879548b37178fd625d53bde
wqp,wqp:21FLSFWM-TINOUT,1995-11,ANFIS-F,314361,1b0926a0c1b0064bf8266e7fe944a85facfee3879a97d0584681d0256a8c720f
wqp,wqp:21FLSJWM_WQX-44158,2016-12,ANFIS-F,314361,1b0a76a578326f21501bab6343d132241e22a7bfeecc12122537ca2630f0d73c
wqp,wqp:21VASWCB-2-XDD000.40,2007-04,ANFIS-F,314361,1b0acf511ba7104c7a9c271707c074c683b50208de40df5562fcfcd72d203af4
wqp,wqp:21SC60WQ_WQX-SV-236,2013-12,ANFIS-F,314361,1b0db2fb90ce2288a73383794f0df32800a0f7e48f091fd2e4399d0cfbb764aa
wqp,wqp:USGS-07049690,2018-12,ANFIS-F,314361,1b0f8833feaf77b4d492acec13a68dde2b8b6b9440cf050567ec98afbcda8882
wqp,wqp:21FLSFWM-POLESIN,1995-09,ANFIS-F,314361,1b1066d465020e8a21fe5a4e4251a64b1a941dcc1114d0c724ff50a9940d89d1
wqp,wqp:21SC60WQ_WQX-PD-327,2001-03,ANFIS-F,314361,1b11facc9010ac288d1b7e2772db00a79462245a738a7450561bd8d4f0b25b44
wqp,wqp:21SC60WQ_WQX-SV-361,2002-11,ANFIS-F,314361,1b131bf3cbbca5f5220f4af9ea73610cf1ad40e8a93a602fbb21dfce08e65ed6
wqp,wqp:21FLSJWM_WQX-44618,2017-08,ANFIS-F,314361,1b184e99d20e475cffb95a8e7a8b37bb306747b2dfa9c94f4480ed7e48325d24
wqp,wqp:21FLHILL_WQX-135,2000-06,ANFIS-F,314361,1b1a759f44e4f6de531e21456ff8d645283717cda2cf8e1376f62a8261d0522f
wqp,wqp:21FLSFWM-STAKEOUT,2001-04,ANFIS-F,314361,1b1ccd84b7b8a8e5880610d87bd13f29b289cda6e412f34008d39e1b692507a5
wqp,wqp:21DELAWQ_WQX-208181,2011-01,ANFIS-F,314361,1b1ef2fbcc2ceb5c52df46b95613d12e398a233d1bd66e4f8914517bc662b5ca
wqp,wqp:21DELAWQ_WQX-205181,2017-02,ANFIS-F,314361,1b24924b952fbc837c8f7b9152d0b9550b06b4de5073677caf990bbc8400a3d9
wqp,wqp:21FLCOLL_WQX-LKTRAF1,1998-05,ANFIS-F,314361,1b24bee0b6bcab7d24c638972a9f0a3a4ae7d9c0bffd415efee42b6d8c5c62d5
wqp,wqp:CHOCNATWQX-LNW-001,2018-10,ANFIS-F,314361,1b25d560c7e9d05d5ca403c7a6ce946df57f044ee9a8b3459f4ad5bdbe4bc248
wqp,wqp:21SCSANT_WQX-SC-040,2017-05,ANFIS-F,314361,1b2bb65866e0d0aa25812585407c7e1e4af269c4bcefec0fdcaa07312416b612
wqp,wqp:21FLLCPC_WQX-LKSILVERSHR,2003-04,ANFIS-F,314361,1b2bd9dd5790ed1b8fb948a53789f564c70eb9f8298d8ce49ac59db71f198c44
wqp,wqp:21FLSWFD_WQX-23458,2009-12,ANFIS-F,314361,1b2e0bc6bd49fce09d7020a515ccc8704fea2ed0a7677674bbaec1e1d357a577
wqp,wqp:MWRD_WQX-BARR3P,2010-07,ANFIS-F,314361,1b2ee9731ba6198d3d7704109412fbd6ec0970425a8f968d281cdbad435ab2af
wqp,wqp:21DELAWQ_WQX-208211,2004-06,ANFIS-F,314361,1b2f38274057df478484fa21641e2725e118b027bcc586ea5a804563dd3dcce3
wqp,wqp:21SC60WQ_WQX-S-308,2013-01,ANFIS-F,314361,1b370e8217b1fd649f6f5f4ae63649f2988de747d622c58a14ecba764800fde5
wqp,wqp:21SC60WQ_WQX-SV-200,2007-02,ANFIS-F,314361,1b391f79323bb3db28492a98f3cd49c9ab454278eeb3bcbd7471971fe4c89584
wqp,wqp:21FLSFWM-L006,1989-01,ANFIS-F,314361,1b3c12cd0d3967266b1639d1c9012fe3239de94c8ca4dcadddc9839515daa20b
wqp,wqp:21DELAWQ_WQX-307011,2018-08,ANFIS-F,314361,1b3c6608ecc05f4c5649cd79d57a911af70e2f7257d5fc3ce44bf8be4300ba5e
wqp,wqp:21SC60WQ_WQX-S-308,2000-07,ANFIS-F,314361,1b3f0158784ee733fa9cd384a752334bb59b7732e81b00a3c4ffdd8a9d00bbe8
wqp,wqp:21FLSFWM-L004,2009-01,ANFIS-F,314361,1b3f88f473202da104026984d87e44f8e0d57dc46d48c060cf6b186ccba4fcc3
wqp,wqp:21FLSWFD_WQX-23467,2006-12,ANFIS-F,314361,1b3f950e4dec5cc032912d1813fe90fc3b8729083652341c841d105681c5833a
wqp,wqp:21FLSFWM-LZ30,2008-07,ANFIS-F,314361,1b4535926128b6e970a578f4bd9512727a62ec377a378f26f9eca778442927d4
wqp,wqp:21SC60WQ_WQX-S-222,2004-09,ANFIS-F,314361,1b456ddff90d68382a91bde45f8669b3247dccb8f136ffe20bb15c92fad3288a
wqp,wqp:21NC03WQ-NEU020D,2006-02,ANFIS-F,314361,1b458769bb1792f5f63283a77a134e4ab3f842275873b73cb3e6cf303073f87f
wqp,wqp:21FLLCPC_WQX-GRIFFINTISH,2012-10,ANFIS-F,314361,1b4609a8cd7349d483ca0e4df0ba411b13f03c7956d136f8ca4a9f6ae39980d1
wqp,wqp:21FLSFWM-PELMID,1995-07,ANFIS-F,314361,1b47425bdc98ac53ab5856f2155d21663fd3c98ec00b630202a6dde019fb1dcf
wqp,wqp:21FLSFWM-D04,1983-11,ANFIS-F,314361,1b4bc62002f613b9f003f7de5ad7c3293ab4accea6fa0a7ae5cad16d8fe92cbf
wqp,wqp:21FLSFWM-L001,2005-07,ANFIS-F,314361,1b4d57242d2c7567fb3f7359db9248673c8c2290053f91efe21c40c736aa1517
wqp,wqp:21AWIC-23,2006-06,ANFIS-F,314361,1b5038c49c6f47eac29a605166e337809c9bc1980eaf784ffcd65fedf92adc33
wqp,wqp:21SC60WQ_WQX-CSTL-075,2004-05,ANFIS-F,314361,1b52c05c03455bf95fb12e6d3f4b7d488f5359ddde771214f3e44ae02b8c3d33
wqp,wqp:21NC03WQ-CPF0880A,2010-04,ANFIS-F,314361,1b53a5a3c79440afc947a264e8c6f173af7b3db34cd3149d1a7bdee513675b1f
wqp,wqp:CAPECRD_WQX-280,2002-10,ANFIS-F,314361,1b544de89c73cae7172d65808367e96fae22bbc4001931e1cadeef2e2dc32105
wqp,wqp:21SC60WQ_WQX-S-310,2013-04,ANFIS-F,314361,1b565fc58b881a8a169d5197fda33ab923e77e706c26505db30831e07b8538ed
wqp,wqp:AZDEQ_SW-33,2013-09,ANFIS-F,314361,1b5a8a6405c33c49c8b76833f8065bca8405ebb52c0cf6618b4648136ff1498d
wqp,wqp:MNPCA-62-0055-00-201,1989-09,ANFIS-F,314361,1b5adbddef09c8240759a8c5430522506905c840992bffa177fb35457b5633f2
wqp,wqp:21FLORAN_WQX-BC11,2005-04,ANFIS-F,314361,1b5da978e9696e22078e16adf14739c44b70f8aafaf721386959403483f85e18
wqp,wqp:21NC03WQ-NEU020D,2015-03,ANFIS-F,314361,1b5e23c21dcb6dcc94e37c660b13d0cd43b663b8bfad3afef502dc507297b9ff
wqp,wqp:21FLORAN_WQX-BC6,2014-04,ANFIS-F,314361,1b5e4240ba805f30cf7af46f4cf16f1b6e7dc4e58c2bc377b5e4c562e6653aa9
wqp,wqp:21FLSFWM-RITAWEST,1995-12,ANFIS-F,314361,1b601ec4e9a6a1864ed248984139805717d6b829a503d376b7290d3211c81479
wqp,wqp:CAPECRD_WQX-262,1999-06,ANFIS-F,314361,1b6088aa64034d5f813c8dbd3c5820cf75d6f9f312d0cba8d0b070ed10c1bc0a
wqp,wqp:21FLLCPC_WQX-GRIFFINTISH,2018-03,ANFIS-F,314361,1b6269e89db24fb06e73b64de260816dbd53f65a17430fa212ba9202519e1a28
wqp,wqp:21SC60WQ_WQX-CL-019,2001-03,ANFIS-F,314361,1b629d784579ef6f154dbb7ad1570d95479ae23306a40498cecbb60cca53605f
wqp,wqp:21NC03WQ-CPF081A1C,2013-10,ANFIS-F,314361,1b64a72d8d09433194ea8ae30ee078ea0646bc78fecbbc5ec9c94768a7d8035d
wqp,wqp:USGS-07049187,2015-08,ANFIS-F,314361,1b660215f0408a629facc8e982daceb4c801bfb4f098e223118ec40cee0efbd2
wqp,wqp:21FLSFWM-B02,2004-03,ANFIS-F,314361,1b660d5f6029fc2b9e81e18030ebbc9a7511ed10ecb4432a8ff1410d27435713
wqp,wqp:21SC60WQ_WQX-CW-231,2009-08,ANFIS-F,314361,1b69886ed23df87f93df85d84f838f2cdd8ffbfd56280f2ab65e612dc872cf71
wqp,wqp:21FLSFWM-B02,1995-06,ANFIS-F,314361,1b69df1c163a14c358c10242472ea7dbc79ad43912003bd6de771043acc33f24
wqp,wqp:21FLSFWM-STAKEOUT,2003-02,ANFIS-F,314361,1b6c1cb92bd145335488fc8f8f6933bd644991979f61403adeb66a5bd351676a
wqp,wqp:21FLSWFD_WQX-23458,2009-04,ANFIS-F,314361,1b6d336a029a7aef3a41d11c00515300e5021e8907a10966b939d8c2c0669522
wqp,wqp:21SC60WQ_WQX-S-024,2013-06,ANFIS-F,314361,1b6d49d037e4213569dbe98074d23016e2e536501a194bd4f787313033f7e8ed
wqp,wqp:21FLCBA_WQX-WAL-MORRIS-1,2017-07,ANFIS-F,314361,1b6e9c188c7af844e5d721f62794e8e9fd6b10f4a3573e96b61476a732f118b3
wqp,wqp:21SC60WQ_WQX-SV-338,2014-12,ANFIS-F,314361,1b7033f64ad3b390e21c469ccae3cdab6e04397c2b0af8be19c18f5a397742c0
wqp,wqp:21SC60WQ_WQX-SV-335,2007-03,ANFIS-F,314361,1b72c4815c673249f806bc362b25558d5c362638ff786868cc92078b3920ffeb
wqp,wqp:KAWNATON_WQX-KN-KL-003,2013-12,ANFIS-F,314361,1b738395e13af90252d4d10f52f500796d2424379392eef5cbf667ffa4ddb0e0
wqp,wqp:21DELAWQ_WQX-303051,2018-02,ANFIS-F,314361,1b75b58853bcdaa9090005c455a73dfcbad18843d47be9d6ea9512012b104446
wqp,wqp:21NC03WQ-B2450000,2016-10,ANFIS-F,314361,1b77bd4804a46ea32e741fb4edd3b3fa602d307592215ce8b7df30f3bf12bb49
wqp,wqp:21DELAWQ_WQX-303331,2014-06,ANFIS-F,314361,1b7d5a57a91c4d9e9af79bab1be3a7e1758c30a986964638e314a94bb1c32244
wqp,wqp:USGS-07049690,1992-09,ANFIS-F,314361,1b7d61f702bd4f5b11e765b8fa606f075be9c8c66e999fddd942070fa730f8b3
wqp,wqp:21FLSFWM-L004,1990-10,ANFIS-F,314361,1b7d8f7e6ba81377d2b480891a07e6d52c7d1ce232edb81ea6d2cfa9bb9f8f15
wqp,wqp:USGS-072632992,2010-03,ANFIS-F,314361,1b7f4c3b22862279b911532fa758ea9be15c0efb4d411d0d2fd20218728f23c0
wqp,wqp:21FLSFWM-TIN13700,1996-01,ANFIS-F,314361,1b81135250ab1314e881c3f46dee7a77174523dd4d170d24ab6678934ff7e5da
wqp,wqp:USGS-07263299,2013-01,ANFIS-F,314361,1b815689e39604531daf02adc17ac35f4e5480a0d55ad3fe235fa02c9fbc6631
wqp,wqp:USGS-423556088365001,1997-05,ANFIS-F,314361,1b848fb7d1a1317408efe0c14a2c501fc264de995ad927a6537bddf59da48563
wqp,wqp:21DELAWQ_WQX-307011,2015-03,ANFIS-F,314361,1b8601ddaea5cd57e17bcd53f5dea50dbdd74f485bc0584997124a4e6ca40f08
wqp,wqp:21FLSFWM-L004,1978-03,ANFIS-F,314361,1b8800d30fd209b2cfac2dbcae36f60404161cdb192c4379b95a801ab3e403ac
wqp,wqp:21FLSFWM-L005,1989-12,ANFIS-F,314361,1b8c1bf356997bebda4f290755c1e98bf26e93e001f98dc3a118053764cb461c
wqp,wqp:21AWIC-23,2010-01,ANFIS-F,314361,1b8c43dce4f28872bce7c272cc63c5cc530dc2828a3f51df1d17a8b6501c364c
wqp,wqp:21DELAWQ_WQX-208211,2018-06,ANFIS-F,314361,1b8dcfde89d31b179776a4e852288e5c7258f4913f568c0c0e294d8af3a0eb93
wqp,wqp:MWRD_WQX-MILTON3P,2014-12,ANFIS-F,314361,1b8fd9ddd974303d52f9ece5c9f15af4083e6b080fab502779232837c7fb2eab
wqp,wqp:21DELAWQ_WQX-202021,2013-12,ANFIS-F,314361,1b905c891d0e80bd5d7d0542fc5fe6d090d789137d5d39baf133c780ac6ab465
wqp,wqp:21FLCOLL_WQX-LKTRAF1,2010-08,ANFIS-F,314361,1b90bb9c2cce60f0f2f6895bbc991deebd9ae9e50510801fb41e79fa7c101b77
wqp,wqp:21FLSFWM-E04,1998-11,ANFIS-F,314361,1b916cfc61d5aa198d85f506a1f4c4391db92cec3bc5886f78f9a3c84d5d5ec9
wqp,wqp:21FLSFWM-E04,1990-08,ANFIS-F,314361,1b926a43d8831b0000eb29d5317aff413e2f3d3dc5d81b3859c712babf51de22
wqp,wqp:21FLSFWM-PALMMID,1996-04,ANFIS-F,314361,1b94f8bbee5e919aec0b618a2fd1c991d936e1c7c26d1a3fae6fb4d982a7d6e0
wqp,wqp:21SC60WQ_WQX-S-223,2001-02,ANFIS-F,314361,1b96a5fd1a5e807b014fc52ada4989bd470fc08320b895db844bb117509695d5
wqp,wqp:21NC03WQ-CPF087D,2005-03,ANFIS-F,314361,1b9706abd1718ff3156d4e356e09e724886d8872331cb6e0af35200a013d3f35
wqp,wqp:21NC03WQ-CPF086F,2013-09,ANFIS-F,314361,1b97ec84499062a1dcec736c482cc31706708feb1bb62c5680c0e54b5ce430e3
wqp,wqp:21FLSFWM-A03,1994-11,ANFIS-F,314361,1b9dee6aa7c9b88e0bf2ab976f5a1b325e6e655362487af3475c58212ae6e339
wqp,wqp:21FLSFWM-L005,1983-08,ANFIS-F,314361,1b9ef948bc47320d6dbc57d54ec284f45212699d20d3b67434f55df441b1d484
wqp,wqp:USGS-07049690,1977-11,ANFIS-F,314361,1b9f4ce908e233c38948ac92a19874ae71c568727eaa0452226b0ebda3c9049d
wqp,wqp:21FLSFWM-FEBIN,2004-02,ANFIS-F,314361,1ba0acfd6964e9ea76d939300fdccece0e26f3f7a2f714a7034ecbed1b0870f3
wqp,wqp:21FLSFWM-PLN1OUT,1989-06,ANFIS-F,314361,1ba0f40784b25bb4587a4cd66aa92c771ee5886969d2792c41f54c6ecf92ac5f
wqp,wqp:CAPECRD_WQX-262,1994-07,ANFIS-F,314361,1ba2a8ff7047b53fcb9854791374ee2ef871b92437ad30b5ddcf3fdad1de8b63
wqp,wqp:21FLSFWM-TIN8100,1996-06,ANFIS-F,314361,1ba354d0f854cdbed39174e500cb82c713e46e9b686f9009d933e2b29b6a7316
wqp,wqp:21NC03WQ-YAD169A,2006-08,ANFIS-F,314361,1ba3702d6240011ca500054973b2211e2bb352e617f0aad00e673cb1e114758c
wqp,wqp:21FLSFWM-ISTK2,1989-04,ANFIS-F,314361,1ba42f961057cee29e989e589900db3c91261e2df42d9ce844d5cddae9b703db
wqp,wqp:21FLSFWM-L005,2008-12,ANFIS-F,314361,1ba6dfa40e460aa1dd60f59ada2ec89d2dbe7f87c6493fe827ce235655e10e62
wqp,wqp:USGS-423556088365001,1989-10,ANFIS-F,314361,1bab7b0ab7c0a1f9938b6efc3975333bed26ab0b9f05e744fd658925588f87a7
wqp,wqp:21FLSFWM-B03,1983-02,ANFIS-F,314361,1bad84a08f6f882afc2ac119911833b598394cf27688db06ba9e534f3ec3a26f
wqp,wqp:21SC60WQ_WQX-SV-331,2005-06,ANFIS-F,314361,1bada957e87b4acbce4c3e671f1b612e688de2d09414a6e5c5b6a7a6d1357030
wqp,wqp:21SC60WQ_WQX-SV-372,2013-03,ANFIS-F,314361,1bae526c4f98f83e267384b7ec11756aebf1c5cfaa3cfafb99a2462c9af268ca
wqp,wqp:21FLSFWM-MH16000,1999-01,ANFIS-F,314361,1baebe4bbac31ab0976266fdb4758b0d345ea6a186487fbf7dda0bc20dc78e40
wqp,wqp:21FLSFWM-E04,1983-06,ANFIS-F,314361,1bafe530503f88e629498e79affe86637fbf61596fe66e20a5c0c49cf12ade50
wqp,wqp:21NC03WQ-CPF055D,2015-11,ANFIS-F,314361,1bb16f4f644d6cf958c4eea505a3e4439b125ceab393f6b580c1ff203c0b6a3a
wqp,wqp:21NC03WQ-CPF086C,2006-10,ANFIS-F,314361,1bb18fc9969e4ba589566f8014e7f35af053b04c474576ef69e567771d67b41b
wqp,wqp:21FLSFWM-LZ42,2002-11,ANFIS-F,314361,1bb5614f2a3c08dff7a0bb665560857f9636b80b369f28959c2b864e022c7820
wqp,wqp:21FLSFWM-PELMID,2002-07,ANFIS-F,314361,1bb630c07c113bf4e6e7ba9a2607241f6eed8a3199b2bbac9fe7ecedffdc11e4
wqp,wqp:21NC03WQ-CPF055D,2016-10,ANFIS-F,314361,1bb8a94680df7cc6bb8edd827f12c61714dd205cbd1e60e5961df16bc5a7b917
wqp,wqp:MNPCA-73-0014-00-100,1982-11,ANFIS-F,314361,1bba2be938c233a9742c222409ae1eb965b746cf22f47c5493b57524478ec4d3
wqp,wqp:21FLSFWM-ISTK4,1989-01,ANFIS-F,314361,1bbb5147738d54829da495f509462b7ce723fc7949515463772eaedfb61fdf36
wqp,wqp:21FLSFWM-ISTK6,1990-06,ANFIS-F,314361,1bbef135a8461c29daa5a62eb3a813d4463e4b1ee2343ceaf8eb5f6fabb033d3
wqp,wqp:21FLORAN_WQX-CC13,2006-09,ANFIS-F,314361,1bbef96503fd594aae91d449a1bbe86edd5a5f70b6cec46f069f10cc01ef136d
wqp,wqp:21FLSFWM-L008,1992-11,ANFIS-F,314361,1bc0d7998928d24b8a44084ee023521b0b3de689fbd37a8c6e6246cc507b8dde
wqp,wqp:21FLSFWM-L001,2001-04,ANFIS-F,314361,1bc378286efde6195c369d15cc88447b531bf82d518e53d28d91194c5d24c7e6
wqp,wqp:21GAEPD_WQX-LK_12_4048,2006-04,ANFIS-F,314361,1bc4cde8833f31b2f4afd1e0d6168643c43753b9a62b60788f862d95429db120
wqp,wqp:21FLSFWM-ISTK5,1993-05,ANFIS-F,314361,1bc51a5bf8b3d44748c5aa82ddea86d410303ffc1a149776e5e79c1bfeb5c1e5
wqp,wqp:USGS-423526088380101,1989-08,ANFIS-F,314361,1bc64d4007eb06915e577087bdd446b014135926ba18586cc93666fe81eec352
wqp,wqp:21AWIC-23,1992-07,ANFIS-F,314361,1bc6a3dd319b08a3d3592bcb676e58760431a0f875245400466373d5b18db25a
wqp,wqp:21NC03WQ-CPF055D,2015-05,ANFIS-F,314361,1bc8288b9f1f1c05e7b16196a61e6e68a8f451cf69c4af56768a8151dd4f6b04
wqp,wqp:21FLSFWM-LZ30,1987-09,ANFIS-F,314361,1bc82e1e675c0d5a110cf4a589a0dbcf687bd44f45ef242b616e7d2f91c437bf
wqp,wqp:21NC03WQ-CPF086C,2001-08,ANFIS-F,314361,1bcb80b6afada835a214f1f2a39bf51a29aa7dfaa9b2bec1c70d0d33de8c6940
wqp,wqp:21FLLCPC_WQX-IDAMERESSHDK,2013-10,ANFIS-F,314361,1bd058e283caf1c6fbfe8694f49605c9dee5a5fe601564d753c7c46fe8bbedd3
wqp,wqp:21FLCOLL_WQX-LKTRAF4,2002-10,ANFIS-F,314361,1bd0671868e79b9699c4be5e51cbb67549326f02b32298335bbac9c13d93bd94
wqp,wqp:21FLSFWM-B03,1984-06,ANFIS-F,314361,1bd3b515e66c7cab640cb00017be1f10dfd6f2d542b36091e7e82a5d46cc3614
wqp,wqp:21SC60WQ_WQX-S-222,2017-11,ANFIS-F,314361,1bd41c80a28ed9f755fdfdf505d835c38c733564c842f84ea17ac31fe0adbe71
wqp,wqp:21SC60WQ_WQX-CL-089,2017-06,ANFIS-F,314361,1bd43f9676745fdcfaa2818dd2f713c4c750988362d50945f2a65ca1bf92a941
wqp,wqp:21FLCBA_WQX-WAL-FULLER-3,2017-12,ANFIS-F,314361,1bd44200041c9de0e55d399b9f0eeb7144ae85238e9c3cb90a5c2d3a4bfe87f0
wqp,wqp:21FLSWFD_WQX-23144,2003-03,ANFIS-F,314361,1bd88085f6ca81a13fad6f1c333f996641c4e516824aac5afa403bf18553a495
wqp,wqp:21DELAWQ_WQX-109031,2007-07,ANFIS-F,314361,1bda29c30ac897761ebcfd019edd82520deefd21b75c4c6ae3ec0e2f66407c73
wqp,wqp:MNPCA-47-0042-00-201,1982-05,ANFIS-F,314361,1bdd52e8754927392605791f282efbc289056c74f19fdb6e78e9b9d22b4bcb10
wqp,wqp:21FLSFWM-L004,1981-01,ANFIS-F,314361,1bde02d17316e820eb68c476d7b8d3736ad0fa3aa009c7edd67131ec85183b0d
wqp,wqp:21DELAWQ_WQX-208211,2010-01,ANFIS-F,314361,1be13fa6192fbc19862336c4490743537d1116cdfffc9ae68366d5023107f4ce
wqp,wqp:21FLSFWM-FEBIN,1996-06,ANFIS-F,314361,1be3b9a632e59d6409088e8d65d18ccfe6baa3e64191f4db24eefe673d9f5b12
wqp,wqp:21DELAWQ_WQX-308071,2012-02,ANFIS-F,314361,1be75eba14cd967c0c5c598fc5a99440ee6061343844899309aad92905023596
wqp,wqp:21FLSFWM-MH16000,2008-09,ANFIS-F,314361,1be797864d085d331d35f6004b6552b5e2006ba07795e4358bb786bdc7b0314c
wqp,wqp:21FLSFWM-E04,2002-07,ANFIS-F,314361,1be846998be55d28b369b7fb7e075de1acc6ed9c6e514f206b0442e22cc04043
wqp,wqp:21FLORAN_WQX-BC9,2018-04,ANFIS-F,314361,1be846b0749a6c7dea59b0f7bf2a5297763bbf785fec9d939eaef31553fca9fd
wqp,wqp:21FLSFWM-PALMOUT,1997-08,ANFIS-F,314361,1be9e48ca0d239ae0115422f85fccecfca8f0b4cfbd38e154bfe02fcddcd4ceb
wqp,wqp:21FLSFWM-KISSR0.0,2003-08,ANFIS-F,314361,1bea04f94ccab9cdbae475c8a48c2a4d191ddd7914fd37b2a1effd2d0a2245cf
wqp,wqp:21FLSFWM-LZ30,2005-05,ANFIS-F,314361,1bebff74b8530c72bd73063858a107bdb4b226ae4822dff534ca7dc8dcdeb9fe
wqp,wqp:21FLSFWM-LZ42N,2006-08,ANFIS-F,314361,1bf34bda9c93eb5db6fcc40239716a3b8824544f3dd1a4b45456d9b9560db0a2
wqp,wqp:21FLSFWM-LZ42,2004-07,ANFIS-F,314361,1bf3b4be47b9b81625a5a42515e7143415d5fb3f62ab125efc1b2dad9a1b086e
wqp,wqp:21FLSFWM-B02,1991-07,ANFIS-F,314361,1bf65ebca004e1e9a1e9ad108df3b72a19ce30ae4c900b28c1225dea4f4cd4fc
wqp,wqp:21DELAWQ_WQX-208181,2007-08,ANFIS-F,314361,1bf6e504eb0e1c581651b3b5bd82a8b863f20de63e32e58565f2435204006ea3
wqp,wqp:CAPECRD_WQX-290,1999-11,ANFIS-F,314361,1bfc323241f2db6c2eb5ca2982859618f11fe77981f47bd7d520a4688acb72c4
wqp,wqp:21AWIC-23,2004-10,ANFIS-F,314361,1bfcd1983754cd5b8190d20b08ae98a525206e28ca52e0b4c39645ed393ea475
wqp,wqp:21FLSWFD_WQX-23613,2012-12,ANFIS-F,314361,1bfd8d017e05288da52063b197ea5e28520f44e24ca2598934f72b440080a626
wqp,wqp:21FLSFWM-KISSR0.0,1997-07,ANFIS-F,314361,1c02728d81fd3a67225f73b3dc96ba535c0f1ba6a4342145cd4b43d4b5608afd
wqp,wqp:USGS-423659088354401,1989-07,ANFIS-F,314361,1c03cf3e3a000f26c3d79b49ebe64d8f9bd07fd57a20e11f1b8c5262729fc250
wqp,wqp:21FLSFWM-RITAWEST,1997-05,ANFIS-F,314361,1c068b60732aa6e632c0889f258fa2ae7cfd9f5225f368bedcb9cc356d151bf1
wqp,wqp:MNPCA-73-0014-00-100,1983-11,ANFIS-F,314361,1c06a3ff8c50ea6140a760870e9558d8449bddf14380395ad378c457f107df5d
wqp,wqp:21SC60WQ_WQX-CL-094,2003-08,ANFIS-F,314361,1c074ddd6e914d5bfad08f6316cf6407fc8f3d388ba855f878c3109fb586406a
wqp,wqp:21FLSFWM-STAKEMID,1986-11,ANFIS-F,314361,1c0a17437bb2729161c3af835a4f702cac593e7a1db9f57973d8caf62497cf3b
wqp,wqp:21SC60WQ_WQX-ST-032,2009-04,ANFIS-F,314361,1c0ac996d4351364e741c9f1300691871df11bafe349af8724248eca93e4c4c3
wqp,wqp:21SCSANT_WQX-SC-005,2018-08,ANFIS-F,314361,1c0b5a07a5e5d6be38bba426d87c2f981649de6aa221827f6e0e7ee5779dbcd8
wqp,wqp:21SC60WQ_WQX-CL-094,2008-07,ANFIS-F,314361,1c0cbd463f121775eba5ba5fb913a3b13f488c2940fa6398d25a213b5e870ab7
wqp,wqp:21FLSFWM-POLESIN,1997-08,ANFIS-F,314361,1c0d3b26d07bd9bf243eea503bf6c067125cf1591b021bd462c76e92c2f0ddd2
wqp,wqp:21SC60WQ_WQX-S-310,2017-12,ANFIS-F,314361,1c0d752df1170e56777fe15bc46a6a5c9fc02ac59c114ac29aeed21055433093
wqp,wqp:21FLCOLL_WQX-LKTRAF4,2005-07,ANFIS-F,314361,1c0e304cb7c72b80a84d813aadbb53fc9853e40e1aeac86099cfb3fe693d145c
wqp,wqp:21FLSFWM-LZ2,1986-11,ANFIS-F,314361,1c1017c5b4ef473e6eb61b705d00b4b49c43369e585cf42c4ace82f0e7dfc982
wqp,wqp:21FLSFWM-POLE3S,2007-09,ANFIS-F,314361,1c11d424d258ad19a13c955c9105568ff32b0a2640cdcfdc0565d47ce22e3e52
wqp,wqp:21VASWCB-5ASRN000.66,2004-10,ANFIS-F,314361,1c148d01b410aafab880c5f2fe9a8a36719b4111417434fc3eef86a5bfd93a8e
wqp,wqp:21NC03WQ-CPF086F,2016-01,ANFIS-F,314361,1c14ccf6de6ddc188e01d2e238a04083052ec749a05ca1aab0f3c138571c2058
wqp,wqp:21NC03WQ-CPF086F,2017-03,ANFIS-F,314361,1c154a8ffdecb8a8b39c9dafbea3b49303750cbe047e2f36ea6e453405811e01
wqp,wqp:21FLSFWM-A03,1994-03,ANFIS-F,314361,1c15826a326160d8e92bc06fa3913f7383fa7bc7810f525e2c6a9d1d2f52a8e4
wqp,wqp:21FLSFWM-KBARMID,1988-02,ANFIS-F,314361,1c181704604e2ba6f678487a8df28871b4756d87c6e1896d9af094fd610e4dc8
wqp,wqp:21FLORAN_WQX-BC9,2008-06,ANFIS-F,314361,1c18ee8d7c059b16c57d2af1a0167d43c37b8576fdb041b1415e0eca5072f858
wqp,wqp:21FLSWFD_WQX-23438,2009-10,ANFIS-F,314361,1c19037e0af380723223fab5af8779970580764e5e1d694cebc911b32d750e25
wqp,wqp:21NC03WQ-NEU019E,2015-08,ANFIS-F,314361,1c19f7e20f62946ea1adaeeecb783607dee8b018106e930b1a8954e24bcccb28
wqp,wqp:21DELAWQ_WQX-307171,2015-09,ANFIS-F,314361,1c1ba2deda7d263b720d8ea269bae1d49e9fd79f80c66ac78fdd89d71cc5a10c
wqp,wqp:21SC60WQ_WQX-SV-268,2001-09,ANFIS-F,314361,1c1d1e5fc54df7336545f3c2b202e7e66080170b96dbb1d631b61c3b4eca18d8
wqp,wqp:21NC03WQ-CPF087B3,2005-04,ANFIS-F,314361,1c22e09440e92f6786dee6a14330848e2bcd0b215cb74389f5d71059812086b0
wqp,wqp:21FLORAN_WQX-BC9,2008-11,ANFIS-F,314361,1c25770929e9036b0297d82d544d92b90b3ea259171df59a0b619850310f7f3e
wqp,wqp:21FLSFWM-KBARMID,1996-06,ANFIS-F,314361,1c26b0a00878f4c8a11985804196eb65ff350262788735c2a6d3cac07d2beb7f
wqp,wqp:21SC60WQ_WQX-SV-361,2006-01,ANFIS-F,314361,1c272809cd1ea015262dc868fe2d1fd074865af49457fca114f75e0a00841c5a
wqp,wqp:USGS-423556088365001,2007-02,ANFIS-F,314361,1c277282c65d540fbbc83741cf1be650ed1eca25fcef1ef4e7f8c1430ba47ea4
wqp,wqp:USGS-423556088365001,1992-05,ANFIS-F,314361,1c2c0385a955c8e6b38fd216134381093211178146fba092708926769c8fbf9b
wqp,wqp:21NC03WQ-NEU019L,2012-11,ANFIS-F,314361,1c2d4fc711c9ccc3013ea9ccc84733b4aba5f98114d071e221aba500a186355a
wqp,wqp:21FLSFWM-L008,1985-05,ANFIS-F,314361,1c2e1d218a5e0fdfb1da254aff20c542a24f958aa53b01fa3452b82dc34d7b4b
wqp,wqp:21FLSFWM-A01,1983-09,ANFIS-F,314361,1c2ec041e50a225ba1e9af59226543afd84fa09aa9b52b5d0335f099d542e0e2
wqp,wqp:USGS-0690367690,1992-02,ANFIS-F,314361,1c309a29326307ccb64c523b04658e1e99bf517bbe40b001fec50329333b10ea
wqp,wqp:21DELAWQ_WQX-205181,2000-05,ANFIS-F,314361,1c3116fc25d63fdc2ffcb17806ff3910bba2c0bc8a29cc35b7e222b0d49d972f
wqp,wqp:21NC03WQ-CPF087D,2009-12,ANFIS-F,314361,1c33299f88f975fa14bcff9bec4d58990207d0e6e2ad79dd060a9a320ef47dd4
wqp,wqp:21FLSWFD_WQX-23477,2008-01,ANFIS-F,314361,1c3647f52a7810388ce149171b4a3cebcdb1250cbb334bce144b079e17eb499e
wqp,wqp:21FLORAN_WQX-CC12,2006-05,ANFIS-F,314361,1c377e7ce61b25a7909b509fd049a7813a16fd32d7eadb39844d4d350d8fa3ba
wqp,wqp:21FLSFWM-L008,1982-12,ANFIS-F,314361,1c389ca6d9d663db7401b024e493627628ba44b49b1737b9221f9f7949b96805
wqp,wqp:MNPCA-62-0007-00-203,1987-06,ANFIS-F,314361,1c396a12a9770883690c82146081471064103dc17e13b3bc2bb01febdc9b9f84
wqp,wqp:21SC60WQ_WQX-CW-231,2005-12,ANFIS-F,314361,1c3e1010a88c7cd84b1497121b0b63e07832b87adb7b0105a9a3e2c4e7fb5822
wqp,wqp:21FLORAN_WQX-BC8,2005-09,ANFIS-F,314361,1c42c2fe299a2c0542c90ff3e05491ada088f89b4a0ea5f05fa1cee305c3cdf5
wqp,wqp:21NC03WQ-CPF087D,2001-08,ANFIS-F,314361,1c457f67ff2a14effde245037c0dc71e49ce25df83f330aad8b2eaed90020b77
wqp,wqp:21FLSWFD_WQX-23113,2003-09,ANFIS-F,314361,1c4872553eb97e0744f5e654cce9683ccb316c16c95c4079e5a74ead9ecffae4
wqp,wqp:21SC60WQ_WQX-B-327,2001-11,ANFIS-F,314361,1c4959094c49cda66980e96114c348e841b1e1e254bdae8e6bbeacae8e7d6186
wqp,wqp:21SC60WQ_WQX-SV-363,2001-04,ANFIS-F,314361,1c4b59b1c03ccef7c3268cd31d7684d5c8b3ece3eabf54e2223c3c51c4e620d1
wqp,wqp:21FLORAN_WQX-CC22,2005-11,ANFIS-F,314361,1c4d071c77ad41578f14f7882001c794030a05248d9a5ec072ec0036b8eeb318
wqp,wqp:21NC03WQ-CPF087B3,2015-09,ANFIS-F,314361,1c4ecf173fd4e89e1920e13da249c19af5bd6279b1510afbaf25bae1d43a28b0
wqp,wqp:21FLORAN_WQX-CC9,2007-03,ANFIS-F,314361,1c4f7e748bf028af0fbcd08cd0a3abeb765638e3a8daaf564a72c8512021faeb
wqp,wqp:USGS-072632990,2008-02,ANFIS-F,314361,1c5041fdc8c8259c259eadf532007673dfb5919a942d4190292d9abc4511cf11
wqp,wqp:21FLLCPC_WQX-YALE,2014-03,ANFIS-F,314361,1c53431bbc373fa25cae21f84d45ccb9eada2ba26a8b41dcd32e420d48951f80
wqp,wqp:21FLSFWM-ISTK1,1992-05,ANFIS-F,314361,1c55be390a323f3da344789135eead2cf1ea28f799a3726d9163376e94008be5
wqp,wqp:21FLSFWM-D02,1996-10,ANFIS-F,314361,1c55d79ece161edf95d78c43cf988f7a1728bf9fae7893553f9a295e95eca8ff
wqp,wqp:21FLORAN_WQX-CC9,2016-11,ANFIS-F,314361,1c56e0b7a8ebb99d47645392c020b46d0d2fdbd4b905d90a904693be579ef700
wqp,wqp:21FLSUW-ALL010C1,1998-11,ANFIS-F,314361,1c5c56f959d977ca1139ae695eb6f0572dbfe7831e7843de163da34fd0d3eb99
wqp,wqp:21VASWCB-5ASRN000.66,2006-10,ANFIS-F,314361,1c60df128fff96681435575fd1678e53617836bf9d204a421eeb809d1f7332bc
wqp,wqp:21FLSFWM-C03,1985-12,ANFIS-F,314361,1c6224d3cc8fd898123d1f411bced183702ff9287fbcf0c9f754b281e1008ef6
wqp,wqp:21FLSFWM-E02,2005-07,ANFIS-F,314361,1c64a273e7ca1458c8ffc9f40c7ada5884f731fb1e46520ed8a43193d6b28576
wqp,wqp:21FLORAN_WQX-CC17,2006-03,ANFIS-F,314361,1c64a36e6ee73e904f78e5c46a037e4af37118afd5465999455f77f338de13ad
wqp,wqp:21FLSFWM-ISTK2,1988-06,ANFIS-F,314361,1c68d10e2a17fbdf5d4c62979dab7e6341fba5e35f56fe927b1c7c8c8048453c
wqp,wqp:21FLSFWM-OISLAND,1996-06,ANFIS-F,314361,1c711bc702724a141f9163e6521f908440f486f3440abdac23f7b980de648db4
wqp,wqp:21FLSWFD_WQX-23438,2015-03,ANFIS-F,314361,1c718995e020e86b55fdffa9c435ee498682f3a9cd487d258b82c20cfb4fbe6d
wqp,wqp:MNPCA-73-0014-00-100,1983-03,ANFIS-F,314361,1c71d676654b975ad6c0ffb14da75beb05f61cb9c8734b5cca67fbef42ba434f
wqp,wqp:21FLSFWM-L003,1998-03,ANFIS-F,314361,1c74041a9d6d9169740ec0e11b527388f5d2e86c47926cdd47e8e760b85fed88
wqp,wqp:USGS-07049187,2017-02,ANFIS-F,314361,1c77bbf84e8ae74f7cb28fb7df4d5002548ba1760f67b4c2958acbd7c6d53fb1
wqp,wqp:21NC03WQ-CPF086F,2015-06,ANFIS-F,314361,1c77e5b2818a7bf6686d5d341409a75186002cfccfb15092ff4db64224d5fe83
wqp,wqp:CAPECRD_WQX-290,2007-04,ANFIS-F,314361,1c7b9ac6a4fec0c2ffa79c11129dd03b82d8e15a1278ce0c7d19b7f57ea3e881
wqp,wqp:21FLSFWM-PLN2IN,1994-10,ANFIS-F,314361,1c7e7f829f763c6009e33b84fd318bf4cc6ad4b5cb7361df1bcf6b12eb915f7f
wqp,wqp:21FLSFWM-D02,1982-08,ANFIS-F,314361,1c7ec5e5af0b6989f84149c1a48db7a94b9927bbe33e607a7733809935523e5e
wqp,wqp:21FLSFWM-RITAWEST,2007-12,ANFIS-F,314361,1c805919405994ba6933c6e0e7d5c654fd566016833c3d65d7251ff8d7cb31cf
wqp,wqp:21FLSFWM-KISSR0.0,1997-05,ANFIS-F,314361,1c81e58a2055e62b90a7402548838357249462c2d6c2f1dfe67859afd9146dc8
wqp,wqp:21NC03WQ-NEU019C,2016-06,ANFIS-F,314361,1c836ef876ac08222962b77936aefcbdf628ec361a62626aef266bd5522d8efe
wqp,wqp:21AWIC-23,2005-07,ANFIS-F,314361,1c84c1336c7ddd174f0e8a52abefc9374d50f0db464c4b1bd2ce930d14d71002
wqp,wqp:CAPECRD_WQX-290,2006-09,ANFIS-F,314361,1c84dc45598788f0675231ba4f34cb0244bf11fc93dcd1c526cff88a2c1819e4
wqp,wqp:21VASWCB-5ASRN000.66,2009-05,ANFIS-F,314361,1c8506ed1fe37b404f357bb8b717e8487e58a9ef1fa73a8758d8ba593d89fe07
wqp,wqp:MWRD_WQX-MILTON3P,2007-10,ANFIS-F,314361,1c861f64c7641cf092833e4ca3a971a796bb86da8533fd99cd8ccfd3816789ad
wqp,wqp:21SC60WQ_WQX-CW-197,2001-01,ANFIS-F,314361,1c877a533267a01f73354064110dbbbb7f7056b2e725b81967842781f0a86777
wqp,wqp:21DELAWQ_WQX-206461,2007-02,ANFIS-F,314361,1c87e62405f1ba085202300b1672bbee410e51a4610a8196a8d237d126bebbb7
wqp,wqp:21FLHILL_WQX-135,2011-08,ANFIS-F,314361,1c8837e01b59eb453b9f01c8b6f5cb58ed4a5352b89359c9ee059a0a1b23eca6
wqp,wqp:USGS-072632972,2011-06,ANFIS-F,314361,1c88c7fb48dfc4bcb5134294bac4b63e7de79c5c64d06350dfcea4584a5ecf2a
wqp,wqp:21FLSFWM-PELMID,1995-09,ANFIS-F,314361,1c891caea91727bf73661cff93edbf163c75502af8d6a16a24ef5537b1d8ff1d
wqp,wqp:21SC60WQ_WQX-SV-200,2018-01,ANFIS-F,314361,1c8a1c1db1ab2217353d8e9bd96669819df824097d4c7bda267db8b9adecf398
wqp,wqp:21FLSWFD_WQX-23144,2018-09,ANFIS-F,314361,1c8af1a52bacd7ede7501ce02e223dbf336f3b8fe0133722e3b18858242beb6d
wqp,wqp:21FLSFWM-PALMMID,1989-09,ANFIS-F,314361,1c8d622559894a214f6bc713d7eddb5f1857755a7e97e9c4c818872b2fc02fcf
wqp,wqp:21FLSFWM-B09,1985-03,ANFIS-F,314361,1c8de80f2a4c6a453db93a41b8db575716e6d02c0942c1b23ec1683e7d3d9d49
wqp,wqp:21FLSFWM-L001,1991-05,ANFIS-F,314361,1c8e32cfc2dafbb3d5724e7ea80c087be8f13c18e5a9ae81d1925f65ed526c8b
wqp,wqp:21DELAWQ_WQX-109191,2012-04,ANFIS-F,314361,1c8e96dae972ad777e1539425f83f182a15ddfd4db9c0a62375f21a6e85029ca
wqp,wqp:21FLSFWM-PLN4OUT,1988-06,ANFIS-F,314361,1c8ecc2670aac3576aa35dbdfc7ab792a8dc14e0c72114864f6864901ba7e6ef
wqp,wqp:21FLORAN_WQX-CC4,2013-02,ANFIS-F,314361,1c900e8e2f478f773c857df27c47f973aff20009cd109bc64e0b609ee68332e3
wqp,wqp:21FLSJWM_WQX-44055,2017-09,ANFIS-F,314361,1c90e26e3d4b84414865d268a061475189016366a869be182d1a76f5e88ec862
wqp,wqp:21DELAWQ_WQX-304321,2017-06,ANFIS-F,314361,1c91d06e9fb108dc3945c83a4764dd8d4dc869b0d5b605e7713528dc933f2720
wqp,wqp:21FLORAN_WQX-CC11,2016-02,ANFIS-F,314361,1c92f3da6074630be113d6346bed57c402813e0ee7f296ca96bbe544835ac3bb
wqp,wqp:KAWNATON_WQX-KN-KL-005,2016-06,ANFIS-F,314361,1c92f471a31aa2497e7496ddd4705303882062323f647ef33d1685e3ca1f02eb
wqp,wqp:CAPECRD_WQX-280,1991-11,ANFIS-F,314361,1c93eddd31c5c8c6ee4a5b40107358bbb27abf97b15de15425c58d8163e80315
wqp,wqp:21FLSFWM-L001,1992-07,ANFIS-F,314361,1c9577ae7394a8d0f7e5e6c51875a54d705abe5e0a5336d1a4464183d11c1aeb
wqp,wqp:MNPCA-02-0075-02-203,1986-06,ANFIS-F,314361,1c9665f13f0629275baa0e75a13fe9490ae5bb4c336e02283558012c9f58484a
wqp,wqp:21FLSFWM-POLESIN,1992-01,ANFIS-F,314361,1c968a69d6ed285b52431dec85d26fee66458747a7c4b80a66d91b82d73752e2
wqp,wqp:21SC60WQ_WQX-SV-200,2000-12,ANFIS-F,314361,1c9743020910ce00a3c505b0ccb00043972d90c23848efa135d64ccf1019e576
wqp,wqp:21FLSFWM-B09,1984-02,ANFIS-F,314361,1c98f6226421962129240dfdce56326b659bad1c12e0fcd2d4a5c8d901be560a
wqp,wqp:USGS-07049690,1994-05,ANFIS-F,314361,1c9905627338f76a54e8399a4fc3ccb37bddee17be9d8a5dafa27e8aff87099b
wqp,wqp:21FLSWFD_WQX-23458,2008-07,ANFIS-F,314361,1c9a1a8037c5967df180a6ed46f54e51d7cb9855217e5f0a112b6587ba491fc7
wqp,wqp:21SC60WQ_WQX-S-308,2003-10,ANFIS-F,314361,1c9b17b35ab0824c307aa04d435e381b2a4a4fef1d968133f76743460721a42f
wqp,wqp:MNPCA-73-0014-00-100,1982-10,ANFIS-F,314361,1c9d03b3e41b90b09e70ad856a99fb7c52f17d32c04b4c78cab24d61c15a8762
wqp,wqp:21SC60WQ_WQX-SV-340,2004-10,ANFIS-F,314361,1c9d46d0eeab3240f5b73a215c808588298b692169c7fe5aae97438dda449484
wqp,wqp:21FLSFWM-L004,2004-03,ANFIS-F,314361,1c9f6f3d213d94d6b1675c48d566ee71b9cf9faa780bf582fc6db3bb01004769
wqp,wqp:21FLSWFD_WQX-23480,2009-06,ANFIS-F,314361,1ca0ca3be79244f1c066f7ece0acaa0c549f3d601e1bc017d44c6ce471c3be4b
wqp,wqp:21SC60WQ_WQX-SV-363,2018-11,ANFIS-F,314361,1ca0d3da3275b4813aed077142d72c07381cf97bba33ab560c5814209a82b9b2
wqp,wqp:21SC60WQ_WQX-SV-331,2006-07,ANFIS-F,314361,1ca0e8b86da095a66614c6de0d6c7ef3da11a1309c98a2b7733f9a0f17b5ff0e
wqp,wqp:USGS-0214157625,1994-03,ANFIS-F,314361,1ca112798741b130d01e1cb698e0624ad69091dc251f920f9618019c30d96968
wqp,wqp:21FLSFWM-ISTK5,1991-08,ANFIS-F,314361,1ca1e0b3b1c6d26e522bf346a1d6e88735ba40f475040ad4d5c0879477116397
wqp,wqp:21AWIC-23,2017-07,ANFIS-F,314361,1ca2284d225032d1fb8faa49dd7ad9516b5238e5eaa3930230bad7d1a3a620bd
wqp,wqp:MNPCA-82-0046-00-203,2012-09,ANFIS-F,314361,1ca830a2fc10f5741b239724c7e55f2d486e666f75fc122378796cddfc31b69a
wqp,wqp:21FLSFWM-B03,1983-11,ANFIS-F,314361,1cabd7a02d8b88f07f06ce48adb8d24ee0fee305abf760b156d34a90003da289
wqp,wqp:21FLSFWM-L004,2002-12,ANFIS-F,314361,1cac38acab7e92fa1f1c9166a30921cd1a78e8fdd4f852b799efebe725a4ad57
wqp,wqp:21FLSFWM-D02,1984-02,ANFIS-F,314361,1caf1cbf85ec5ca1f1a30db900f84bfb1eba86c0ee94f13129ac5327bc8ed2b2
wqp,wqp:21FLSFWM-POLESOUT,1996-11,ANFIS-F,314361,1cb14c5826dae3cfa370f7bd4b5e8457f1b5388672f71af086285486c3d9b28e
wqp,wqp:21FLSFWM-PALMOUT,2003-07,ANFIS-F,314361,1cb3133be4b190881acac7cf48f22c288ed2b7a9cdfc29416271322c6b10c79a
wqp,wqp:21FLSFWM-L004,1981-05,ANFIS-F,314361,1cb34c27889aed9164c8867b1cff03c3dc5539502d8841b16552ea81deeb70cb
wqp,wqp:21SC60WQ_WQX-CW-016F,2010-02,ANFIS-F,314361,1cb40ef40dd5f2a34ce57e0ff65968d7bf8c8d37be84cc515852a3f42c6df38d
wqp,wqp:21DELAWQ_WQX-205211,2016-12,ANFIS-F,314361,1cb568880c4826d8250071c45728717fde07db573e31b6f74745886dd55adba4
wqp,wqp:21FLSFWM-L004,1978-04,ANFIS-F,314361,1cbb04b5bf0c89be39ceed65b23a84d3b1d840eca169d97f6cd3c07781d58997
wqp,wqp:21FLSWFD_WQX-23641,2013-09,ANFIS-F,314361,1cbc1026b5bb26ab8fd9d1963c7cb0b25ef6a264b32296cc099cac8d4d8ae986
wqp,wqp:21SC60WQ_WQX-SV-357,2011-07,ANFIS-F,314361,1cbd178a8eb29ed67275e3b459c411843c64ab9203875a7e97569a9d1ffd46e3
wqp,wqp:MNPCA-62-0007-00-203,2005-05,ANFIS-F,314361,1cbddc46ddf9759bbe5234ec120a5e9e75adda4911bd6b9779c76000e4dcaa97
wqp,wqp:MNPCA-82-0046-00-203,1997-08,ANFIS-F,314361,1cc2c9cf9f027b4d6285fb1c3efebea8c7eae0daa93fe3d06811719243120ea2
wqp,wqp:21FLSFWM-ISTK5,1997-04,ANFIS-F,314361,1cc40ce5178b32afe31bee528fe0abf10233b833b96d1c6f1d5938b474f91ded
wqp,wqp:21NC03WQ-CPF087B3,2001-01,ANFIS-F,314361,1cc4c17449ab149aaee7bdf2577748009a49c7094bc2147214b8bbce74721f0c
wqp,wqp:21NC03WQ-CPF086C,2011-12,ANFIS-F,314361,1cc57b3da3f35d0648304cd3d7f03951535a4902fe8012588d204d065d07c758
wqp,wqp:21FLSWFD_WQX-23467,2013-03,ANFIS-F,314361,1cc75e197ae7a8d36598cc7d07ada0f41920e6080fba343d416f3591db20685a
wqp,wqp:21DELAWQ_WQX-307011,2010-06,ANFIS-F,314361,1cd2426f84cf4c0398dc0abc5f56f7099d2686012d65d0d8db32d0a68fe2b040
wqp,wqp:21SC60WQ_WQX-S-223,2003-07,ANFIS-F,314361,1cd38caf585072816576d79813b68bf3ebc146fbfdbaf6dcc0d9a07a770d02e5
wqp,wqp:21FLSWFD_WQX-23613,2009-07,ANFIS-F,314361,1cd6a697b5fcff01a2a557299598d0771c25a1e82119bbe99cf18d857885e7f3
wqp,wqp:MNPCA-62-0013-00-201,1982-09,ANFIS-F,314361,1cd8c60d7deb6a796f261518a2b20e3a49b7ead1e3b646ffc91594662f00377a
wqp,wqp:MNPCA-10-0048-00-201,2008-08,ANFIS-F,314361,1cda7a97e209896f0d7a744b2fc0306086eb1c4000647e0e6ae8bb6de652d02a
wqp,wqp:21FLORAN_WQX-BC6,2005-08,ANFIS-F,314361,1cdc395396887cfd58ac26293873933400f469575270bbd6a1eb4807a35db66d
wqp,wqp:KAWNATON_WQX-KN-KL-010,2017-11,ANFIS-F,314361,1cdd4692fcc66cd03a4128b65ded059b537265cc39deb42430a63fdb79ec0892
wqp,wqp:21FLSFWM-POLE3S,1999-12,ANFIS-F,314361,1cdde550ed609bf3187984fc714b751ed57f07decc37a034b9ec50968372412a
wqp,wqp:21FLSJWM_WQX-44618,2018-11,ANFIS-F,314361,1cdebcdead11ad7ff303d90dceb413a9664c89b7ffb64cb498ce12c567634ad7
wqp,wqp:MNPCA-62-0055-00-201,1998-05,ANFIS-F,314361,1ce1f8e792cc107c159a853c0a28f628f4919d2466d476aa94d6500fddb1d922
wqp,wqp:21FLSFWM-LZ2,1998-09,ANFIS-F,314361,1ce251fdf1b725cee67ff67d4cbb7eef5e2d9068e23c59e217044bcfe83c62b0
wqp,wqp:21FLHILL_WQX-135,2016-03,ANFIS-F,314361,1ce282c3d73e14a892c46457f47ff6e5707feeafbf9014fc81373939d69d1362
wqp,wqp:21FLSFWM-LZ42N,1999-02,ANFIS-F,314361,1ce3ecac6ea5b4fa78f8da1e16e7118aa1351d92414e81dc89de9da19299b8f5
wqp,wqp:21NC03WQ-B2450000,2009-07,ANFIS-F,314361,1ce53f8e0609075b1e82ddfeecc83646e558e6d19bc58257dae11f1defc00553
wqp,wqp:21SC60WQ_WQX-CW-207,2018-03,ANFIS-F,314361,1ce769ce678d131415b0c3e22598066b4a357f1b57f402e5b3c28e8091fb2ddf
wqp,wqp:21FLSFWM-LZ42,2005-01,ANFIS-F,314361,1ce94375ff54654bed39779a83cbb1de4f401f6f9d6d31bdb86e1ccb3199c06d
wqp,wqp:21FLSFWM-POLESOUT,1998-10,ANFIS-F,314361,1cf0ab28a37e89644079c2a3f9a385452bbbb1ad62cd31cf4c9110861f8e8411
wqp,wqp:21SC60WQ_WQX-SV-098,2007-04,ANFIS-F,314361,1cf126bf410f6a6ec6569a47aee0e2ff74b95d8a3f37cb68417c09a9052c3829
wqp,wqp:USGS-02207414,2003-01,ANFIS-F,314361,1cf1536cac2c57eef1946cb452afa202669bd7b7a2211977e7a4c315bdd006ab
wqp,wqp:21FLSFWM-FEBIN,1999-02,ANFIS-F,314361,1cf1e71e8595d58ba1cf55fb426ed7b9391c89bfbcd4081f728f4abc64a474af
wqp,wqp:11NPSWRD_WQX-SLBE_PL_01,1995-11,ANFIS-F,314361,1cf2210e22bc2545073b997af8286568ca9c92e26273ce8026d53e815bf0ba21
wqp,wqp:MWRD_WQX-BARR3P,2014-07,ANFIS-F,314361,1cf593464d9daf169b90e9b4286416a76c288156714aa0c5031f0d45f4b6be3b
wqp,wqp:21FLORAN_WQX-BC8,2007-08,ANFIS-F,314361,1cf7e1e6281e992fce935b1cb1a66cb549399bd9c3ce175447c8821ffdaccf79
wqp,wqp:21SC60WQ_WQX-CW-207,2014-02,ANFIS-F,314361,1cfa2bb9178abd5cf406a3e045e75d23246a0f692a3ac6f1a93cffd9ac1859f7
wqp,wqp:21FLCBA_WQX-WAL-ALLEN-1,2018-08,ANFIS-F,314361,1cfa860858770b4176c0bb40654562b964e2a0c1b43d75e54e89da0e62b67241
wqp,wqp:21FLSFWM-ISTK5,2000-02,ANFIS-F,314361,1cfaa6b848e098d6152373c1071950b990b36459349f87fa261bfc95fd51bce0
wqp,wqp:21FLSFWM-PLN1OUT,1991-01,ANFIS-F,314361,1cfb7a378a8e4a9f4fad86043e40d966cff148f8ba32ce7891f4649625d7fb0f
wqp,wqp:21FLSFWM-ISTK4,1993-05,ANFIS-F,314361,1cfc83c2b8812f068e66660b220aad6ed0aca13f81d730d42e2c19e7b7679cad
wqp,wqp:MNPCA-62-0055-00-201,2013-06,ANFIS-F,314361,1cff20be247516568be414cc4a87c7cb6f3a16e0f7ccc2533e40e556313d9b66
wqp,wqp:21FLSFWM-B09,1983-01,ANFIS-F,314361,1d0063a6907e3d87fc2d387c64213131ef66d02e9f471bae15cc1a0d4ba33419
wqp,wqp:MNPCA-86-0281-00-201,1985-06,ANFIS-F,314361,1d02cf695077fec99b3a5191f7f24e2884ed5fa53747f6f51c415555cce8acbf
wqp,wqp:21FLORAN_WQX-CC17,2010-02,ANFIS-F,314361,1d04d54c3105f94d4d00e12112739df721b7f8a708df605331c3fa32309c865a
wqp,wqp:21SC60WQ_WQX-S-222,2003-01,ANFIS-F,314361,1d054ca61945e645401d8542ba451175c30a424e7bd80d77ba2576c766cedaff
wqp,wqp:21FLSFWM-ISTK2,1999-11,ANFIS-F,314361,1d05e6790d80e2d78913799d1b3d7820712875a9f7680a62bab91fcb66815c55
wqp,wqp:21FLSFWM-STAKEIN,1989-11,ANFIS-F,314361,1d0d2c57f81e606d6d61fdc31a95779a8c7ea401966845ac3b45d4ddc5a7a7ee
wqp,wqp:21SC60WQ_WQX-CW-174,2007-05,ANFIS-F,314361,1d0e37999336df7bb717feb9ffba6165374dabf27975263c9daecf6ddf89c431
wqp,wqp:MNPCA-73-0014-00-100,1983-04,ANFIS-F,314361,1d0ec055b7c83081b49a8f07f1a1d9693d7d1bea1654c93c57078fa703a22948
wqp,wqp:21DELAWQ_WQX-205211,2018-05,ANFIS-F,314361,1d11f5ef280b2af2062eec75a580a75a75f3eaedb9388046909c54a665c7e7e2
wqp,wqp:MNPCA-86-0284-00-100,1984-03,ANFIS-F,314361,1d13f2f533867ed42950584c88a52ef11986aa390089f324e490ab841782e249
wqp,wqp:21FLLCPC_WQX-GRIFFINTISH,2018-10,ANFIS-F,314361,1d165226d6811123a48f2cc66f29334dcd5168c341581e447c8fd53f91699bf1
wqp,wqp:21NC03WQ-LI01,2013-02,ANFIS-F,314361,1d1aef8d0e723bacfba1e36307b9f95a4184cdc02dc9e224a10cb5eaa3d2f653
wqp,wqp:21SC60WQ_WQX-CW-231,2001-12,ANFIS-F,314361,1d1f3c67d0de7374720c12860cd8f7ab6852e7c577459663a32d3d29d6b1a441
wqp,wqp:21FLORAN_WQX-BC9,2014-07,ANFIS-F,314361,1d214a8028ac3fc518122c125d665841b9a2156f88ed3a5a4e608e7876972a7b
wqp,wqp:21FLSFWM-LZ42,2008-04,ANFIS-F,314361,1d22cedde5c6d7b52f1746ec4494848005eeb5bbf16a15aeeda61ca541205cbe
wqp,wqp:21FLSWFD_WQX-23144,2003-01,ANFIS-F,314361,1d27d702f9a0053e352dadab2646634e391a94896570d026e96ba82462d02492
wqp,wqp:21FLSFWM-E02,1985-07,ANFIS-F,314361,1d2f3fdb460f0300b9e4e6182a0318ef986dcda44da116e7771cec134f46e54c
wqp,wqp:21NC03WQ-CPF055C6,2014-05,ANFIS-F,314361,1d301917db61f8fd09d878ec5c8668efbca6f882a933cf2527de60183654c01a
wqp,wqp:USGS-07049187,2018-02,ANFIS-F,314361,1d34336c3cf5fc60f0e5d27465e16297e95f7a986f3b167fbb90f0021d62de49
wqp,wqp:21FLSFWM-ISTK1,1996-02,ANFIS-F,314361,1d388644930f5000202dba101b541f9c6f5c228d1627636418232d87a36203cf
wqp,wqp:LAKELAND_WQX-LH11,2010-09,ANFIS-F,314361,1d3a9ce9a36986ccdf1b9740f01df37b7172e00b740cad67e473475be10b6285
wqp,wqp:CAPECRD_WQX-280,1999-06,ANFIS-F,314361,1d3aed2b1a1193e5b959d78dd20bf33d959b5f6635f2ce637f3ca7e0ef9a49f5
wqp,wqp:21FLSFWM-E04,1992-03,ANFIS-F,314361,1d3dee1f51023c748831d56fb5616d4e3304016320d01ee78970ef1eedeb7a9b
wqp,wqp:21DELAWQ_WQX-206461,2006-09,ANFIS-F,314361,1d3e6f960e4ccedc5ef461d43aea10e571f2016e55c73da797d8a6c1de9d4888
wqp,wqp:21FLSFWM-KISSR0.0,1989-05,ANFIS-F,314361,1d3f923c7241d59160a3666e4f5f2d046ec6dfa9b58324e8fdd63de42392b3c0
wqp,wqp:CAPECRD_WQX-280,2012-10,ANFIS-F,314361,1d40de42a194e6583acefbe13a8bfa9088ab0d7fe8bb90c43c3ba62fa8d53782
wqp,wqp:21FLSFWM-FEBIN,1996-02,ANFIS-F,314361,1d41e41f1a8e041df0baff4f1c1ffe9195701e601ac06cd3c72d424c03f7184c
wqp,wqp:21SC60WQ_WQX-B-345,2010-01,ANFIS-F,314361,1d461c83bb53eed3c481d4d5572c377da7d2ab939428bbccc81a40d4b21ca796
wqp,wqp:21FLSFWM-PLN2IN,1993-02,ANFIS-F,314361,1d47d6843afd9e5b0034e98515d44b7a453334c81b872b58321b033e743f8e0f
wqp,wqp:KAWNATON_WQX-KN-KL-004,2013-03,ANFIS-F,314361,1d4c48326135489b2836fc434c7683ddbecc9ab6df91feef34abacb93c15ebfc
wqp,wqp:21FLSFWM-L008,1994-07,ANFIS-F,314361,1d4d78e530459431013f397a6b0f9943f5e266aaed3d1507751c153b6ec1efdd
wqp,wqp:21FLLCPC_WQX-GREENWSH,2016-05,ANFIS-F,314361,1d4d8f4fdf565fd574628373972b851a7984704450493f48bdcf806bfc00bb9f
wqp,wqp:21SC60WQ_WQX-SV-098,2009-08,ANFIS-F,314361,1d520a8ad23873257bf42b9a8e721de88da5f5f0bb6d71536409b24d9796feec
wqp,wqp:21SC60WQ_WQX-SV-331,2017-11,ANFIS-F,314361,1d5223d70a55b1f3d317bb7d2e78165424e957a6aa6f69a2f2d5188a16c3cfa4
wqp,wqp:21AWIC-23,2002-06,ANFIS-F,314361,1d549cdea15a51890ff4e1c1f294d9c37739eaf862b2473ade1a14c7cd2db3bf
wqp,wqp:21FLLCPC_WQX-GRIFFINTISH,2016-10,ANFIS-F,314361,1d56373c361ab71d0c976250df4678946fad88e19a6993e00c54ef7f4f6c7872
wqp,wqp:21SC60WQ_WQX-CL-019,2009-08,ANFIS-F,314361,1d56f9c8071d3ee34fb228b47f0fd8d33307c2a6e31e1f08c3b227834036d16c
wqp,wqp:21FLSFWM-CLV10A,2006-07,ANFIS-F,314361,1d59c2fd5c9556c322cbd6f59658cf2c83c68e31804624f72810ce769000abd3
wqp,wqp:21FLSFWM-ISTK1,1994-01,ANFIS-F,314361,1d5b657bca970183c70b0e3519cee945b40839abef5ee8f52343156fb1699786
wqp,wqp:USGS-072632965,2007-12,ANFIS-F,314361,1d5b861a6d02f8690927e483b1214c1f42655d8df4ec18634878419a8d648851
wqp,wqp:KAWNATON_WQX-KN-KL-005,2016-01,ANFIS-F,314361,1d5c7deaf2ff9ade92ba5522d1c683669ce63c5e2aa13276b48c99674424694d
wqp,wqp:21SC60WQ_WQX-SV-098,2008-09,ANFIS-F,314361,1d5d3203cd39b439cc85df57c4720a40cbaa7e89aa43f96a85d67ca8f468e69f
wqp,wqp:21FLSFWM-MH16000,2005-07,ANFIS-F,314361,1d5de364bd55cb158355b2398c0158a11e1f2c51da95f703a03b4173d4fd2a57
wqp,wqp:21SC60WQ_WQX-CW-033,2002-04,ANFIS-F,314361,1d5f22cc9ea014feeefb4402f8cdf8beda16e05b358c572caf7078492dfc7e8f
wqp,wqp:21NC03WQ-NEU019L,2005-07,ANFIS-F,314361,1d5f57677e37e87d6560a9ab630bec1cf38ab5c49595793cff2f5b7cf6dd913e
wqp,wqp:MNPCA-25-0001-00-246,1993-08,ANFIS-F,314361,1d607fb6231f1809ab2125fa86fd8984d331d73a4786c95db4984a5f25983dc8
wqp,wqp:21FLSFWM-KBAROUT,2005-06,ANFIS-F,314361,1d65220519215cb01d7b3f28f3379b172d0737cb85a0602c24241508a94acdab
