source_id,site_id,year_month,module,module_seed,rank_sha256
wqp,wqp:21FLSFWM-TINOUT,1996-07,ANFIS-T-no-current,314563,0000f423905849a49e9055b2d6282d9eda9bbb1c46ab0069c058c0fd616700b4
wqp,wqp:21FLSFWM-L001,1984-03,ANFIS-T-no-current,314563,0001a35aac0ddda56c10bc343d32ffb27b56029e114d9a807e815b24c7c750dc
wqp,wqp:21SC60WQ_WQX-S-308,2016-06,ANFIS-T-no-current,314563,000319b8e10738116027f86a0420572638a2091db1672a487f9a11a280ec7a07
wqp,wqp:21FLSFWM-L001,1987-05,ANFIS-T-no-current,314563,0003f4a5a791efe98dfed20babdd83e0251e99abe15a1be5040dce0a0972711c
wqp,wqp:21FLORAN_WQX-CC17,2007-04,ANFIS-T-no-current,314563,00054f2bc86693c1aad5d0cd3a27d1ba4397f694fbfdcceae893078eed5dcb47
wqp,wqp:USGS-07049187,2010-09,ANFIS-T-no-current,314563,000687bbccd8d87d8935a55b1bd63d7bb9b2647ef6270d72a9c3ac0d294b058a
wqp,wqp:21FLSFWM-B02,2003-04,ANFIS-T-no-current,314563,0008e1bd71a6d8af44d29c3f2a880582f6657c355f50c2f3415fddfd41334287
wqp,wqp:21AWIC-23,2000-11,ANFIS-T-no-current,314563,000914574ee345ef4f40544520d642bfa1f9b6b3b0b66d767e51d046412d94eb
wqp,wqp:21FLSFWM-C02,1984-04,ANFIS-T-no-current,314563,000e315668eb6287bd00739d7f9364957f6666bb57a3f3db22168e87fb5fecb5
wqp,wqp:21FLSFWM-KBAROUT,1998-12,ANFIS-T-no-current,314563,00111080b32d79b578ce8b051d803439d667840b9eb372bbc26e093917b53063
wqp,wqp:MNPCA-62-0013-00-201,1986-05,ANFIS-T-no-current,314563,00133a2d7cd56df4a561358c744ca07f092641fde21762100211b2607853ca18
wqp,wqp:21FLSFWM-A03,2000-03,ANFIS-T-no-current,314563,00150f40d8abc94f8ab2782c09b23249d75b59bf0dea7115d5bb47b44e97e30f
wqp,wqp:21FLSJWM_WQX-45399,2018-05,ANFIS-T-no-current,314563,0019b6215caf2723b6fa44de234c045639d5292287576d29fecfda53c309bad5
wqp,wqp:MNPCA-62-0013-00-201,2018-07,ANFIS-T-no-current,314563,001c0f9988a599425e9915c5e0c68fc57f22c4d8f0ca112a3a497b908a342b54
wqp,wqp:CPNWATER-WW#3,2014-02,ANFIS-T-no-current,314563,001cb94b5f1dc053314c6a57fddab58b21da1c5ea2db723b71efec77fbbed9ef
wqp,wqp:USGS-423556088365001,2003-09,ANFIS-T-no-current,314563,001ee34fd3b08c5a6b7f6edaa6d2f30887bc68ab73d677e4478a7308920ecb55
wqp,wqp:21DELAWQ_WQX-206361,2008-06,ANFIS-T-no-current,314563,00203ab29a53d8d2b750267c12334371864e2786913684d5f3353be08b5ee619
wqp,wqp:21SC60WQ_WQX-CW-033,2016-12,ANFIS-T-no-current,314563,0020bcb5540e3b14cf7196f23afd3ffe28c2a5663d811357dd649406511bdad2
wqp,wqp:USGS-423526088380101,1993-09,ANFIS-T-no-current,314563,002100567b558ea9788197f6f3981383979dbb40c579bc93a38211702e907369
wqp,wqp:21FLSFWM-L001,1980-02,ANFIS-T-no-current,314563,0021ab7f3a5092309d518e06493f3f40fc2e3b8bbd95df40e6c4aadf4cf4c9ed
wqp,wqp:21SC60WQ_WQX-SV-338,2018-08,ANFIS-T-no-current,314563,0022c6d270e16ec33dacbfdff6a5dd8a80f7954981e2b07022bdd748176b85c3
wqp,wqp:MNPCA-62-0013-00-201,2013-02,ANFIS-T-no-current,314563,0022e0b54509f99d87d15df4ce28d572b2001cac0eecc024e6d50c4508cf0602
wqp,wqp:CAPECRD_WQX-290,1992-04,ANFIS-T-no-current,314563,0025df72cc69ff781b0bac869f11c1c1b95b657d9c3b9cb776b76b1ca56bba84
wqp,wqp:USGS-07049690,1987-01,ANFIS-T-no-current,314563,00273869265c9c0091a18f8fe517218e6963c6024466564380b4eb9562e7a151
wqp,wqp:21FLORAN_WQX-BC11,2010-01,ANFIS-T-no-current,314563,003211e1264982636801eb775f306729f7cfc512f1d12abb5ed7ca45d7315903
wqp,wqp:21SC60WQ_WQX-SV-363,2008-01,ANFIS-T-no-current,314563,0033c08f70e717c873b628b58bc680affe660709bd0b37774d78966fc89887de
wqp,wqp:21FLCBA_WQX-WAL-DEER-1,2017-04,ANFIS-T-no-current,314563,0034164a27725d461185781328c6be1133ba4e87420d9c8bff49d58d594d36a2
wqp,wqp:21FLLCPC_WQX-IDAMERESSHDK,2013-05,ANFIS-T-no-current,314563,00371c73e453f880cb0691ba5b9486ed48156e42745dd3803d53292006948129
wqp,wqp:21SC60WQ_WQX-SV-335,2004-10,ANFIS-T-no-current,314563,0038f019aa9d7894ad6e19ea0540eb5e673a27925007c2d65c0b4bef293be541
wqp,wqp:21FLSFWM-IPOUT,1988-11,ANFIS-T-no-current,314563,003afa9dce2b9584d5afb9361573b66cdfb140b6941cc40200db121ba3f4b096
wqp,wqp:21FLSFWM-POLESOUT,2004-04,ANFIS-T-no-current,314563,003f0cab9ff7f16d6d1acd721c260ac3ad38d2b23f460d9ae854157a83d4bcbf
wqp,wqp:MNPCA-86-0252-02-207,1994-09,ANFIS-T-no-current,314563,0040813867aab66ca0d4d628385fc579e660eecfd27eca86275f716715d7ebda
wqp,wqp:CAPECRD_WQX-262,2014-11,ANFIS-T-no-current,314563,0040da250ba4a625d1f0352e7b285be4dfcad76b68e922fc554c384daa1a07bd
wqp,wqp:USGS-294607095042700,2018-08,ANFIS-T-no-current,314563,00415c9268ad2ebc123b1667e3ff8bbe01399e3cafee031a94394fbba7856a28
wqp,wqp:21FLSFWM-ISTK6,1999-02,ANFIS-T-no-current,314563,0041fcfe5e5829875bd4f6a059520e2adf5dc2448a39d7801b89303858e8da94
wqp,wqp:21FLSJWM_WQX-44676,2017-08,ANFIS-T-no-current,314563,00421c733562a891073a5565a05f5fdf5addaf2c3de1e736f8c5f2a494e50127
wqp,wqp:MNPCA-02-0075-02-203,2003-06,ANFIS-T-no-current,314563,004368ba6f803dd53f647b3c292790593cddc5b46390e7cb9c674e6eda5e9922
wqp,wqp:21FLORAN_WQX-CC4,2016-08,ANFIS-T-no-current,314563,0044c837fe9fdbc1edbc8e8a7233dd404f0eba53d2f869f00d362d35b42e552b
wqp,wqp:21SC60WQ_WQX-CL-094,2008-04,ANFIS-T-no-current,314563,004d6d0a850461342c07788514984f3f3ac993de880ed23df91160328d0e752e
wqp,wqp:21FLSFWM-TREEMID,1987-07,ANFIS-T-no-current,314563,004e497a82af2e6c7cc5304797cbff6b2d0b3d5f5a85060806f58432103ec99e
wqp,wqp:21FLSFWM-LZ42,1991-03,ANFIS-T-no-current,314563,0053773ab548c3c71dc47fd5bcaa980c0fe8503ebaeab646489e789fc5a9f438
wqp,wqp:21FLSFWM-B09,2003-06,ANFIS-T-no-current,314563,0054b214da4d9ba3cce558cec8138fa3c35a04181ef8aa0cd1a5783c54cb1405
wqp,wqp:21FLSFWM-A01,1983-06,ANFIS-T-no-current,314563,00552d186454ccb104c4002e4d53a8668df8ce922b6418793098b629e69af70a
wqp,wqp:21FLSJWM_WQX-44618,2017-04,ANFIS-T-no-current,314563,0056d655f34b7950323d906c43d81628da3b24982bb161249b4afbfb86dddb7f
wqp,wqp:21NC03WQ-Q5360000,2010-01,ANFIS-T-no-current,314563,00571aefdd4240c52aa0770bb54902d3e8318305d23ef8f3740d255629f8d748
wqp,wqp:21FLSFWM-C02,1984-11,ANFIS-T-no-current,314563,00589a4e59086d03a90a87dedd52740301a8033edeac06820ad192c586d872b7
wqp,wqp:21SC60WQ_WQX-SV-098,2011-07,ANFIS-T-no-current,314563,005fee18cb11fa9c5474e923017444d4d5882a7f497c9b6bc6aa330eb376045b
wqp,wqp:21NC03WQ-YAD169B,2006-05,ANFIS-T-no-current,314563,005ff56c008b6638008040142275a5dccb40d1ce27d95468c30a9cb8ba130a8c
wqp,wqp:MNPCA-62-0054-00-101,1990-07,ANFIS-T-no-current,314563,006089bd28071fcaf0e351a6b5682c80e77c92c76df842eb1d9f50b811bd4ccf
wqp,wqp:21FLSFWM-B06,1988-04,ANFIS-T-no-current,314563,0061787e8c8908c64bcc25cb5896e039a17cc81b0434e72570850c03c8a3b6af
wqp,wqp:USGS-0214157625,1994-01,ANFIS-T-no-current,314563,00670c4809446fe4ccd035e60207514a4d73a0caac8ccb14c8352320fe815943
wqp,wqp:21SC60WQ_WQX-S-308,2006-06,ANFIS-T-no-current,314563,006735f640b9e230605f36987a74c022a7629b39dc528f54f38c47ea09b605f3
wqp,wqp:MNPCA-25-0001-00-233,1992-07,ANFIS-T-no-current,314563,0068b9aafd8d0a2921cad75f088c2d88888c5c1b7a2becd12e54128bedacecf8
wqp,wqp:CAPECRD_WQX-262,1996-03,ANFIS-T-no-current,314563,006b6309f6d382a29d683b4c306b8ac8362f98ae51d0238ac365befb94e15243
wqp,wqp:USGS-423556088365001,2000-09,ANFIS-T-no-current,314563,006e644e44516cc68a0c8c963779182b639f8ec75ee789e35d44e848b1913190
wqp,wqp:21FLSFWM-A01,1982-02,ANFIS-T-no-current,314563,006e8a2ccbedb369f3455be5b0bcd07615ab91503618f73d672f89343c30515d
wqp,wqp:MNPCA-86-0284-00-100,1989-01,ANFIS-T-no-current,314563,006f7599dd826823200b119bf540509d8b0891a2c705789224a683c8cb8be616
wqp,wqp:21FLSFWM-ISTK7,2007-09,ANFIS-T-no-current,314563,006ff15f2d12fe1d183dcd1e0ee9c8e08e7c6eb2ee709e680363c1d67ed748f5
wqp,wqp:21SC60WQ_WQX-CW-174,2018-12,ANFIS-T-no-current,314563,0071fe3edaa7d5b5007b929878305bdfcdc6da74a205d1e43356e49532848d73
wqp,wqp:21FLSFWM-L001,1986-07,ANFIS-T-no-current,314563,00722c7aa69689f0c55326358be1330c9c98b14ba090a770c8dce45409353763
wqp,wqp:21FLSWFD_WQX-23479,2007-07,ANFIS-T-no-current,314563,0072b301eedfcf47a56f39fddddf3877d006a6b0c95e9f96dd122b7ad3c2fd17
wqp,wqp:21FLSFWM-PALMOUT,2005-01,ANFIS-T-no-current,314563,0073e13ef33be608f70479839fbb984f2f2fcf5cfbc2267521aa00e9d26a914c
wqp,wqp:21FLSFWM-POLESIN,1995-11,ANFIS-T-no-current,314563,00751cd7ef65ce2f05a265304a0a00aa0e3505d4f0a707018e43366a6a049da6
wqp,wqp:21SC60WQ_WQX-SV-098,2017-11,ANFIS-T-no-current,314563,007573181a86a2684aef15de390b4403f1bfd44d66e2a777313536ef3723a4d9
wqp,wqp:21DELAWQ_WQX-205211,2013-01,ANFIS-T-no-current,314563,007b63730c2eb534733d517f0782d5ad45f6320ed376de16406d454c96334668
wqp,wqp:21FLSFWM-LZ2,1999-07,ANFIS-T-no-current,314563,007c78bc3d52009d70e08f75d1c57b45cc4dcfb4da05efb96457b9a368d730f8
wqp,wqp:MNPCA-25-0001-00-247,1990-11,ANFIS-T-no-current,314563,008171341cca156aace9e26cf4d8f33e438d93b32238192197908632b8945266
wqp,wqp:21FLSFWM-STAKEOUT,2004-08,ANFIS-T-no-current,314563,0081bd071a95451c604fbf2ed18d33bb62e7e8a22818f20ebb28466a4c1e58bd
wqp,wqp:KAWNATON_WQX-KN-KL-010,2013-03,ANFIS-T-no-current,314563,0082a28704c255c2a0a9e46e948eee50f0ae92ba63cb5a923ba95e66c647cf3b
wqp,wqp:21NC03WQ-CPF081A1C,2015-06,ANFIS-T-no-current,314563,0087aaa1b3537701f4f59d68a392d5f43c7a5fbebe726ab32d0e931e67be7be7
wqp,wqp:USGS-423659088354401,1991-06,ANFIS-T-no-current,314563,0089032922cddb667c4af6f34d2112dcde0f6164d035836569e2a6e0816bb2e3
wqp,wqp:USGS-07263299,2012-11,ANFIS-T-no-current,314563,008b6e64dbc70f3795f8d12d98f77fda8c4b117ebe2ec4e469a14881192197d5
wqp,wqp:MNPCA-62-0054-00-101,2018-06,ANFIS-T-no-current,314563,008cba929d79315900efe4ef4674d6faa38703af4b8bf55f93236897bab5c642
wqp,wqp:21FLSFWM-PELMID,1998-03,ANFIS-T-no-current,314563,008dd64f684544da0032a3424371de0617a9937d1143d77e2ade01a83290c08b
wqp,wqp:21FLSJWM_WQX-44678,2018-01,ANFIS-T-no-current,314563,0090c92163b9222a681a930f82383bd6d5a06ff542fa9bbb368b474636b2ad9a
wqp,wqp:USGS-07049200,2017-07,ANFIS-T-no-current,314563,00943589475b4251f5db62b74cf13380b532e1344685e78f977c5982dab5ca0b
wqp,wqp:21DELAWQ_WQX-303331,2010-02,ANFIS-T-no-current,314563,009742a5088a06f3db73406efc1761247c721df0b4d4e90592ad499e38dc595c
wqp,wqp:21FLSFWM-PALMIN,1989-05,ANFIS-T-no-current,314563,00974634c39eef61178d1ce9afdf4f8a3361d6d0cc677336858af16765fbf3d6
wqp,wqp:KAWNATON_WQX-KN-KL-002,2012-06,ANFIS-T-no-current,314563,009760126e40021411da01cbebb36a064cdfcfa6971c6b068d7fc0dcdcda6d30
wqp,wqp:21FLORAN_WQX-BC9,2005-05,ANFIS-T-no-current,314563,009b3ffbefe881d64c50d67d3e7fe8eced07b04ae60146937dbb5e5253d303c2
wqp,wqp:21FLSFWM-LZ30,1996-02,ANFIS-T-no-current,314563,009c254fd7763af3a848e58b11eebfecfa675c35d1fe63e42acd52b00b12fe9b
wqp,wqp:MNPCA-25-0001-00-232,1996-04,ANFIS-T-no-current,314563,009cfba3b27f51310d31deb3f7ed2d340f4ed02e4705d20940ff7dc9b4fb9bd1
wqp,wqp:21NC03WQ-NEU018E,2017-12,ANFIS-T-no-current,314563,009ec0dc5142f3cb73e1772bb1771d269b43d9877ac5229573d83c076444a05f
wqp,wqp:21FLSFWM-L004,1980-07,ANFIS-T-no-current,314563,009fd2e39f4e1815a49c851520eaf4de25ae69f73e69a2e8240d806497e9ded6
wqp,wqp:21FLORAN_WQX-BC8,2005-06,ANFIS-T-no-current,314563,00a12738f9a54dbf9b4c49dfe893fbd03dea108efe38e5b9299da167f862d755
wqp,wqp:21AWIC-23,2018-01,ANFIS-T-no-current,314563,00a13bbd4382119191f10e4aa8ebac8776ab773f6bc13e4dc1f229c82cfd34e1
wqp,wqp:21FLSFWM-L005,1978-11,ANFIS-T-no-current,314563,00a2b1a62d3bca3f147ac8673afc34bbcfc0a06a1dd50ba2c8138778949da002
wqp,wqp:21FLSFWM-L004,1988-11,ANFIS-T-no-current,314563,00a4673e265ca3df6c14654188878be7d1180085360248926439cde5dce730e6
wqp,wqp:21FLSFWM-PLN2MID,1992-05,ANFIS-T-no-current,314563,00a99678888865df889f366ebf10e38cc73a938ef3cedf066d3df40716c516a8
wqp,wqp:21FLSFWM-ISTK2,1997-08,ANFIS-T-no-current,314563,00aa12684c35e2cbe6d13808e0661e8f867df15771df51f497f8d1e9d162090c
wqp,wqp:USGS-07049690,1984-09,ANFIS-T-no-current,314563,00ab6e828936d4de3d62e2f5f654f5970f1658c16b59f915cc87b9a5baedd163
wqp,wqp:21FLORAN_WQX-CC22,2009-05,ANFIS-T-no-current,314563,00b11fa20efb02f56a4639df1863b921fe6f29e071641dd823934f8aaec04802
wqp,wqp:21SC60WQ_WQX-SV-335,2005-01,ANFIS-T-no-current,314563,00b29279517275595464f545634ccb53994e7fb006d00aaacb539b11459b943d
wqp,wqp:USGS-423659088354401,2002-08,ANFIS-T-no-current,314563,00b62bdb74e6de3a296a7edb3068ca8ed4412290b3583c48b2c9f87f5df30389
wqp,wqp:MNPCA-62-0055-00-201,2002-05,ANFIS-T-no-current,314563,00b70687da24d41f28e6257092ba73020e81f0e0f22a0d3eb189202388bab5fd
wqp,wqp:USGS-07263299,2016-06,ANFIS-T-no-current,314563,00ba72e4f596472211c643826c1dc45f6e3c77b9363e6c099ecd074b53ae3d2c
wqp,wqp:21FLSFWM-D02,1992-10,ANFIS-T-no-current,314563,00bb943327ae87cd250b06a4163ac90ec4fd3762a266b29c5e3516c2a2edc0ef
wqp,wqp:21FLSFWM-MH16000,2004-11,ANFIS-T-no-current,314563,00bf2b58c72da915d7ef96b7a34617ae5aaefb5e4e5fbbdec87f458c234416d4
wqp,wqp:21FLSFWM-TIN16100,2006-09,ANFIS-T-no-current,314563,00c0ff236837bc8c372cd3fe2dba5698312171aa9778661b9af8a0cb6b50fa0c
wqp,wqp:21SC60WQ_WQX-SV-340,2001-12,ANFIS-T-no-current,314563,00c212e11fad1fcfc47e041249ee5edbbb663609fac5f28450434c0554f52996
wqp,wqp:CAPECRD_WQX-290,2018-05,ANFIS-T-no-current,314563,00c740f11fefb2422b360dcc66a5924bd49a45866c0ea5ea26380c9d95bed38e
wqp,wqp:21FLSFWM-L001,1997-11,ANFIS-T-no-current,314563,00c75f0d9cf92aa639f92fae2dd1db43b284eba639e6bd36b7dda6ac977e4db3
wqp,wqp:21AWIC-23,2000-09,ANFIS-T-no-current,314563,00cfad3920c5c0da98aeaba87f73231b61f55adae16952f731db8caf1590381e
wqp,wqp:USGS-01657480,1974-06,ANFIS-T-no-current,314563,00d271250fdb0ce184b990a01440cd50cc163b0245230546b01d13077b8d3c6f
wqp,wqp:21FLSWFD_WQX-23144,2007-10,ANFIS-T-no-current,314563,00d2ccf09552759428d69f45cfcd4c9d98b73b1389deea64af4e88b0a6b74b00
wqp,wqp:USGS-423556088365001,2008-11,ANFIS-T-no-current,314563,00d3f51ffef2b9f052aae5d18cdd660458d84a4a516565fa762e5ae62a9914b3
wqp,wqp:21AWIC-23,2002-10,ANFIS-T-no-current,314563,00d42c5dd07b7bc2ef78b892c33bb8f88fd67192b377d34d28ae275c601d8142
wqp,wqp:21FLSFWM-RITAWEST,2007-11,ANFIS-T-no-current,314563,00d4755b2829a8c929ba96102b72cde62d3cdfeb4664eb21c6fb8e57086e3538
wqp,wqp:21FLSFWM-LZ2,1990-06,ANFIS-T-no-current,314563,00d4da44bad68db451b50cc1c31e55402dc7d43827b653c4ef777190db1a77aa
wqp,wqp:21FLSFWM-LZ42,2000-06,ANFIS-T-no-current,314563,00d5da55087a0fc3adb70f230cc23c88e571b2bac25ecf2e0b17804ba83e72dc
wqp,wqp:21FLSWFD_WQX-23609,2018-06,ANFIS-T-no-current,314563,00d620643761f37c91e5ba89bda7244e2fcd1ca8884f9a6274c3de45f84d7a65
wqp,wqp:21FLSFWM-ISTK7,2005-01,ANFIS-T-no-current,314563,00d675d8d1f463acf0de5b113bcc7bd71124a94fe8ddfa65ebb63f40d5e03a7d
wqp,wqp:21FLSJWM_WQX-44678,2017-12,ANFIS-T-no-current,314563,00d884f8ed475e3c5c37d1f4cd2654905f9942d0a4605d5afd18d45cb9e7d7eb
wqp,wqp:21FLSFWM-OISLAND,2005-07,ANFIS-T-no-current,314563,00d9310e19ba1611b7d15cd12a831dfadf1128a2fa8b9427ece145fc2c3720ab
wqp,wqp:21SC60WQ_WQX-CW-016F,2018-02,ANFIS-T-no-current,314563,00d9e58560a89886207e360218bd4fe7a234f3aeee120bc0f5a0c0fa2b17700a
wqp,wqp:21FLSFWM-L003,1991-12,ANFIS-T-no-current,314563,00dac0515b42e54dce3c23163bd757c28b0927929e4d102b14e48a45fa1a9e5a
wqp,wqp:21DELAWQ_WQX-109031,2008-10,ANFIS-T-no-current,314563,00db974139ca434220114613b6f8ee03eee75419b97fe658c11fc32fdcb5864d
wqp,wqp:21FLSFWM-E04,1994-10,ANFIS-T-no-current,314563,00e24ca9213fcb0db5e3dc36149a26997118ac00c0b0e3abe9aab4bb7bd0e42f
wqp,wqp:21SC60WQ_WQX-SV-340,2006-05,ANFIS-T-no-current,314563,00e2bf5b58d3d861a763cd93000de3e38d818d483d54cefe67e51d5c045bac7a
wqp,wqp:21FLCBA_WQX-WAL-ALLEN-1,2017-07,ANFIS-T-no-current,314563,00e451d0b42365047ac1a2d87a96e9e2106fd88d4174b2ca848ee88950a3cb27
wqp,wqp:21DELAWQ_WQX-202021,2008-04,ANFIS-T-no-current,314563,00e482cb58719d08c7d04aa3f67c719ec801dacea6e971c01f8d3ce5f1f7de88
wqp,wqp:21FLSFWM-L005,1984-04,ANFIS-T-no-current,314563,00e5731250616e4d28596fe7992a659549144d4da9f3a04123140689328cc5f1
wqp,wqp:21FLSFWM-KBARMID,1992-03,ANFIS-T-no-current,314563,00e60c3dd930717172458cd2a6ff4038fcbe647167a59b98f2402d0b8ee6f540
wqp,wqp:21DELAWQ_WQX-307011,2006-12,ANFIS-T-no-current,314563,00e6dfde7e7f6c7a710ba34766c2408ec509135d9d59120eb70942a414170aa8
wqp,wqp:21FLSFWM-ISTK1,1993-07,ANFIS-T-no-current,314563,00edb81586274e06e47eaf44c0bbe3b473973d4991c002d2c88b28ec1d6c84b1
wqp,wqp:21FLSFWM-L004,1984-04,ANFIS-T-no-current,314563,00ee567b6d2f7844220bb7096ae0050a4136c21cde780f9138137ebee4702e6f
wqp,wqp:USGS-423526088380101,1984-08,ANFIS-T-no-current,314563,00ee6f6b7d0ed5b2ac70bc167e529beb9a7381d2998ccf32b2cc4b884bd89143
wqp,wqp:21NC03WQ-CPF081A1C,2017-08,ANFIS-T-no-current,314563,00f631c1f0d270cc89cf663276ebdf45661906feeb112cfab0ef99e21efc98af
wqp,wqp:21FLORAN_WQX-CC22,2016-08,ANFIS-T-no-current,314563,00f6389ab2886569d4c558d75e9ff2006ec5a5fbcda78018b968bf78c9ac0d42
wqp,wqp:21FLSFWM-ISTK4,1995-03,ANFIS-T-no-current,314563,00fb7a14ef3e95b5dcb1d1d2385be4e9366c196ec9fce9fd94bc6a9774aee7cb
wqp,wqp:MNPCA-10-0042-00-401,2006-08,ANFIS-T-no-current,314563,00fca846eac96b6120ed7718a96970a7aff12176396b7f936bbb833d85b5a815
wqp,wqp:21DELAWQ_WQX-108111,2010-10,ANFIS-T-no-current,314563,00fcbb8ab47301e32323b8965347ae0d75b7895226e724076c6a7706ac30294b
wqp,wqp:21FLORAN_WQX-CC9,2006-12,ANFIS-T-no-current,314563,00fcde711c2147078f884283047b0d473ba7a8b00474bf6244b2badc21ca43f5
wqp,wqp:21FLSFWM-L004,2003-06,ANFIS-T-no-current,314563,00fdd6f0de71988d8c20954e54aa6f6f531040f3bc447c263e99f38b65f8f8b1
wqp,wqp:21FLSFWM-ISTK3,2000-02,ANFIS-T-no-current,314563,00fe70d8d16095b699c8ff781903120a53a9dee5b293b801d5a658ab85dbf987
wqp,wqp:21FLSFWM-L004,2005-03,ANFIS-T-no-current,314563,00ff5f0dca8c93cb3c76ee31f0da2605edd47f24d62ffd0010aaf57678459d87
wqp,wqp:21FLSFWM-KBAROUT,1992-08,ANFIS-T-no-current,314563,0101797d74ffff4c244c7daef440c4395dfb3e29d11bb20e9905c66ba18e103f
wqp,wqp:MWRD_WQX-BARR3P,2015-03,ANFIS-T-no-current,314563,01046ec4eade2a282c08e7eb50d28f480b29b3adbd7ed315ad90d96073b17e9b
wqp,wqp:21FLSFWM-B09,1999-12,ANFIS-T-no-current,314563,0105aaf726769602ac761848a74c55b5759950692f6d6bec3605477f677be1b0
wqp,wqp:21DELAWQ_WQX-208181,2009-05,ANFIS-T-no-current,314563,010881fc8a3bcf57d9dbb466b52302180dfed5d499afc1e0661dccfa0fea6d0b
wqp,wqp:21NC03WQ-CPF08801A,2006-03,ANFIS-T-no-current,314563,010a7e78787bf03de89295cdf8078bc94c8db824cded8a9f155a5cddb4437403
wqp,wqp:21FLSFWM-FEBIN,2000-07,ANFIS-T-no-current,314563,010aae11216d9edbb4167a4d00d94ed5461c5bef3676fecd114a9a444dd2095f
wqp,wqp:21SC60WQ_WQX-S-024,2005-06,ANFIS-T-no-current,314563,010d344f10e9c0b28ad89046e5643d047e57de02136cb6e34b428fd5710511ba
wqp,wqp:21DELAWQ_WQX-109131,2010-04,ANFIS-T-no-current,314563,01120512d298679d4e89978630500ab35ccd98b21ef2bec2264ce95d693ff9d0
wqp,wqp:21SC60WQ_WQX-SV-363,2008-06,ANFIS-T-no-current,314563,0113c1bc6bcd4f8fe0647713ef6bc0dd4a767f338e05de01183da9bd6312037a
wqp,wqp:21FLORAN_WQX-CC18,2005-02,ANFIS-T-no-current,314563,0113cc54f80b29859a2e64260a3263179d1d0cbd9a53d62641d85b8c44e73f31
wqp,wqp:21FLSFWM-A03,1982-08,ANFIS-T-no-current,314563,011606f33cef17f43ffdb6f6a41ddc34daf6a7fa10bcaf5ecc5cf8071324c2f7
wqp,wqp:21DELAWQ_WQX-303051,2007-04,ANFIS-T-no-current,314563,01171b5347123f0b44250b151546b0389985b96bd63267c66a1ffbd8d6d03cf6
wqp,wqp:CAPECRD_WQX-280,2003-11,ANFIS-T-no-current,314563,011852cefb00682c04cd73586a0c616f4a04c7b5cd63df7bfe2d813f4913bc1b
wqp,wqp:MNPCA-86-0252-02-207,1982-08,ANFIS-T-no-current,314563,011b3c7b83aa4c4f78a863e49059b83c5d25439011097e663e58aae9e517966e
wqp,wqp:21FLSFWM-B06,1984-11,ANFIS-T-no-current,314563,011d9de9e7fa007345654ab3a1f736b2b7048e00376955e35dd839a9b682bb1c
wqp,wqp:USGS-07263299,2009-05,ANFIS-T-no-current,314563,012115b76c51c33ef8dcb2907f68d13a6e7dbef15be37673ff74a91012fb0ed0
wqp,wqp:21FLSFWM-D02,1991-07,ANFIS-T-no-current,314563,01233a0163b97f0f1d1445ea23123c523ecae503a04998fb97eb0dec6e6c5085
wqp,wqp:21FLCBA_WQX-WAL-GRAYTON-1,2017-05,ANFIS-T-no-current,314563,0126756721ced8b577455dc444218f3799b54b2201184e0c851ecbac0fc66b3e
wqp,wqp:21SC60WQ_WQX-SV-268,2009-09,ANFIS-T-no-current,314563,0127987a48140bf3fe3ea88b964ececf85ec4b1b16ea668a958ba911fc41236c
wqp,wqp:21NC03WQ-CPF086C,2010-03,ANFIS-T-no-current,314563,012b2aa91a866f4443c1742fda23374115f02c15717c27fc711a99ab59f763ac
wqp,wqp:21NC03WQ-B2450000,2014-07,ANFIS-T-no-current,314563,012d5410dc5ea5dd0aa106c534ee6e1e7d19aa9caa1b61b9590e562ffea1d1e6
wqp,wqp:21FLSFWM-TIN13700,2002-07,ANFIS-T-no-current,314563,012e2a98a6e66280cf045baadd1bf101e9a829604083f45245885da032c62b69
wqp,wqp:21FLCOLL_WQX-LKTRAF1,1999-12,ANFIS-T-no-current,314563,012ea958298397eb5244808cfa85371fca8e4bd138c5c95ef59761c9c4f149f9
wqp,wqp:KAWNATON_WQX-KN-KL-003,2017-07,ANFIS-T-no-current,314563,013045a060b5060a6d6f9d235c46664d9de3177bdb39b2c93913cbfd0485122c
wqp,wqp:21NC03WQ-CPF081A1C,2017-01,ANFIS-T-no-current,314563,01309f506195f924580d1d49650317cfead813789ec7b9504ee1962eb06c334a
wqp,wqp:21FLSFWM-KISSR0.0,2001-04,ANFIS-T-no-current,314563,01321607dac58b0022054c85051aa327ed7d24b9fb8831c826ec0ea8411a431d
wqp,wqp:21FLSWFD_WQX-23144,2002-06,ANFIS-T-no-current,314563,01326ff176bcb90021fea6d5abd5c0ca8a85d6027bf2261909b8235bf79aeffe
wqp,wqp:USGS-07049200,1992-08,ANFIS-T-no-current,314563,0133ed892e08ccf3b571dbcaccf02d64efebc8aa44f8eda633b7c0b0eb3f80c6
wqp,wqp:21FLORAN_WQX-CC12,2005-03,ANFIS-T-no-current,314563,0135487618067cdc595a269a24e64f66c84409df0961a41399a94d2e774a283a
wqp,wqp:21SC60WQ_WQX-CW-016F,2011-05,ANFIS-T-no-current,314563,013825ae072b4d38e0b999c58a4ce0506f67dc529c80fee8ac3e1442bb15d42b
wqp,wqp:21FLSFWM-TREEIN,1991-10,ANFIS-T-no-current,314563,01388d58cea716d9a1c1b0d159b1c47b5fe622ca39ea0faa3d7e015822a5359e
wqp,wqp:USGS-07049690,2011-10,ANFIS-T-no-current,314563,013946c28adb642707847fa493caa45b3e30bef25e2856bb0bf1719ef1cc9b65
wqp,wqp:21FLSWFD_WQX-23458,2007-11,ANFIS-T-no-current,314563,013dad5935a1e68582cb1952dd252f0ed2dc79e49437816d50382ab8e40c72be
wqp,wqp:21SC60WQ_WQX-SV-268,2006-09,ANFIS-T-no-current,314563,013f320942067246df409ab975e9a40ee864dcb71bd2b3c210aefe4ce2e50ec7
wqp,wqp:21FLSFWM-D02,1994-02,ANFIS-T-no-current,314563,013fb7ffa868976604f166e8c809f7fa5a5160986dd71e8702b193c41f78775b
wqp,wqp:21SC60WQ_WQX-SV-361,2010-12,ANFIS-T-no-current,314563,0142034f6359a3667040b0e8043cedc02a0f388b87aab551c9d729ac6d875948
wqp,wqp:USGS-07144790,2006-04,ANFIS-T-no-current,314563,01423aeef744fbfd0921ffd7481802544f7829e35f37b5b89508be16b1acac12
wqp,wqp:21FLSFWM-A01,1997-10,ANFIS-T-no-current,314563,01445bc2e61f699892ae6b25ca80fb50177380c4a93872a23ca90a6956471334
wqp,wqp:21DELAWQ_WQX-307011,2010-04,ANFIS-T-no-current,314563,01470715f969781a479938413d18b3df4a0d0bb4ad5495d94ee62ab643f86683
wqp,wqp:21FLSFWM-L003,2001-01,ANFIS-T-no-current,314563,01472f64cc435ca60ffb4cbb30066096afbdec716d031271e0b1f0a314bc8871
wqp,wqp:21DELAWQ_WQX-202021,2007-01,ANFIS-T-no-current,314563,01472ffae6aee51a7ab5dbb74e6060f6d01055f2679f502ed04f8de02ffc22c6
wqp,wqp:21SC60WQ_WQX-S-222,2003-08,ANFIS-T-no-current,314563,0147f9031a87cf6e8611733e5db044f2de94cb361beadcc7816b4a1bed615a33
wqp,wqp:21FLSFWM-D02,2002-05,ANFIS-T-no-current,314563,0148e9115ac2b55dc00f0024797647fba55f386af3ea2db17ca756dad9b1ccb6
wqp,wqp:USGS-072632992,2009-10,ANFIS-T-no-current,314563,014a25091360c5f3747d36110e98902a31f3c71b2e1833666ccaf11547332079
wqp,wqp:21SC60WQ_WQX-S-024,2006-05,ANFIS-T-no-current,314563,014a93ff6ce90dbc93f725db3cd3a7a83f32adfd9cac4b953e2ab4539015cfbd
wqp,wqp:21FLSFWM-B02,1985-03,ANFIS-T-no-current,314563,014b7d5ed6b5230db9c3c07883e193e196e2020648bf8c85b4b4d674cefde424
wqp,wqp:21SC60WQ_WQX-CL-019,2010-09,ANFIS-T-no-current,314563,014f4a830695234564076baa8d821b3fc536c11e0ca10631b15addd69409aeb3
wqp,wqp:KAWNATON_WQX-KN-KL-002,2007-11,ANFIS-T-no-current,314563,014fc5f9e16fc8cf373d381feb360c1bbe99aab230faedcb0804a8deeb699587
wqp,wqp:MNPCA-62-0054-00-101,2006-07,ANFIS-T-no-current,314563,014fe9dcd4a9ea2fc3c7d0406caab29d7b7affaba71c87098472d2578ca10155
wqp,wqp:CPNWATER-WW#3,2018-04,ANFIS-T-no-current,314563,0150715008e41cf60eb81fb20e6c16f60d94406cb139ac4b2bb936e3d87eff26
wqp,wqp:USGS-295826095082200,2018-04,ANFIS-T-no-current,314563,0151d499076baa23ada8dd689750d336eb11b95a5b17dadf76d9610ff0283100
wqp,wqp:USGS-07049690,1976-01,ANFIS-T-no-current,314563,015203c7adafc609de604c1ce3ded31820d7bfffe4961e9637397e4e6ff33314
wqp,wqp:CAPECRD_WQX-290,2003-11,ANFIS-T-no-current,314563,015281be30e60cbc626e71aee391368fdbd6ff154c423de6e5e375750d5dacc9
wqp,wqp:21DELAWQ_WQX-109191,2011-08,ANFIS-T-no-current,314563,0153491c88c3ef55a0c8e64bab9c971643f200f9b76bec1643fba6c083d220b9
wqp,wqp:21FLSFWM-TREEIN,1993-07,ANFIS-T-no-current,314563,0155f090a6451f717502b4666f3c7c2bec1d92082039879eb97b636ca991fcc7
wqp,wqp:21DELAWQ_WQX-303331,2007-01,ANFIS-T-no-current,314563,015795c6950f8e54595a020daa44ee0afb252bf54c6de2b4f3f0feee08ce0c1f
wqp,wqp:21FLSFWM-KBARMID,1995-07,ANFIS-T-no-current,314563,0158e43e4bf8dad34a2e5b0fbfccc546487fcce693dcb3a0c1fcd1baecea34cb
wqp,wqp:21VASWCB-5ASRN000.66,2005-03,ANFIS-T-no-current,314563,015cc7bb6fe78da6c9d95cfc635f4d8e71d01720221b28f3505f9ba16e5778c9
wqp,wqp:21FLSFWM-D02,1983-10,ANFIS-T-no-current,314563,015d4b0f62a38998b1ed1cb85d0483bd25204cc89d8d036f5e49b656f404de4f
wqp,wqp:21FLSFWM-PLN3OUT,1989-12,ANFIS-T-no-current,314563,015dd731354d781606286931b64478e02c3d6fc69baa5d14f9695572797421ab
wqp,wqp:21FLORAN_WQX-CC4,2007-11,ANFIS-T-no-current,314563,015e23378ebe5560941b331145100964ef0f2b406c26b6b1f2fc694b5a7eafe3
wqp,wqp:21FLSFWM-B06,1996-11,ANFIS-T-no-current,314563,015eadfe96af621cfafcffb3bf83cfffa9a14337a591a6d4e508f453daa69375
wqp,wqp:21FLORAN_WQX-CC6,2017-11,ANFIS-T-no-current,314563,015f4b3bacd50965456acc2f71e6af5ae2b1804040a6b2fd443f979bb41b494a
wqp,wqp:21FLSFWM-STAKEMID,1995-01,ANFIS-T-no-current,314563,01600aa2f170f1174e47e5014ce648f93e6e940477b2cfb2ed609bf49e1ff925
wqp,wqp:21SC60WQ_WQX-B-327,2007-02,ANFIS-T-no-current,314563,01612e9d1ab9bcce72904aab0ef51e7654ccda30e05ec8b9069e83ce04c8c422
wqp,wqp:21DELAWQ_WQX-109191,2010-06,ANFIS-T-no-current,314563,01633c902c3b4329d12ff6f54d97f1a32ade5cd6142415334d7e982322c02425
wqp,wqp:21SC60WQ_WQX-B-327,2016-06,ANFIS-T-no-current,314563,01665d777902cd7f3a1908c276226bd3d6534d7b674c2457fdec48cdd5a8044e
wqp,wqp:21SC60WQ_WQX-B-327,2006-09,ANFIS-T-no-current,314563,0166aef5b8526df9f5da5c45182414ca086bab2df148ca6bea19aa2c9195af0c
wqp,wqp:21FLSWFD_WQX-23588,2007-02,ANFIS-T-no-current,314563,01695fec99c0875cc277769a23a57e02453567bf7d50eb0a74fb59961020a4dc
wqp,wqp:MNPCA-62-0007-00-203,2000-07,ANFIS-T-no-current,314563,016a42f03637375c9a86815018e40b568f6e667a4b854ec1bee747fe87b1e253
wqp,wqp:21FLSFWM-C03,2001-11,ANFIS-T-no-current,314563,016d9327313c1ef72b966b3e26c22e3fbc7685e920a25f0db0ec8ebe7e17bfe6
wqp,wqp:21DELAWQ_WQX-109191,2012-01,ANFIS-T-no-current,314563,016f216d8f8959646307d94fdc1981d89c848af51336ecb412d56ab934057f90
wqp,wqp:KAWNATON_WQX-KN-KL-005,2007-12,ANFIS-T-no-current,314563,016fa34f86d7721b21fec6e8e80d7c72e39fc68b1c34e86b1bb519b02b0f55f3
wqp,wqp:21FLSFWM-L001,1995-10,ANFIS-T-no-current,314563,0174a406462c580227bbfa99735f16f00893b5667ed961feb17efe8cd682c01d
wqp,wqp:21FLSFWM-RITAWEST,2000-06,ANFIS-T-no-current,314563,0175119f4714cefe4eed612d5924bbe40cc46bc33335bca87840374286f082ef
wqp,wqp:21NC03WQ-YAD169B,2006-09,ANFIS-T-no-current,314563,0179500a40a35bec052dc06e4da4fabfbe10b090e39650838513f8ff23d69bde
wqp,wqp:21NC03WQ-CPF081A1C,2012-11,ANFIS-T-no-current,314563,017b6a1040688bcd59ba9ebb7ebd0b6450cab69ea8b88481bab010b383bccf1a
wqp,wqp:MNPCA-02-0075-02-203,2014-07,ANFIS-T-no-current,314563,017caca95671aec4a4f256847036492a1b8add1111727e6f4dcff872458df433
wqp,wqp:21FLCBA_WQX-WAL-TRESCA-1,2017-05,ANFIS-T-no-current,314563,017e2053e95e616533feda38cf405a8a4f2ffca53f2c252e46109cb5ca1e30e5
wqp,wqp:21FLSFWM-STAKEIN,1989-02,ANFIS-T-no-current,314563,017efef317f8d84b3158bc87c25a6ce05f139e0287870742079a61f99256d1a5
wqp,wqp:21FLSWFD_WQX-23144,2009-10,ANFIS-T-no-current,314563,01800478a80d4591c41f5603bad905aeed2607556842c4bcdea92c9d43c11e18
wqp,wqp:21GAEPD_WQX-LK_12_4048,1997-09,ANFIS-T-no-current,314563,0181515df5e039ed2dc8a8ea749dec230b67181fc83606c03f00f0b8868c8d53
wqp,wqp:21FLSFWM-ISTK1,1989-02,ANFIS-T-no-current,314563,0182e21db87a6b94e1f177b283e0490ebb113896cd5c2b81ee4c8fc285ff9427
wqp,wqp:21AWIC-23,2012-04,ANFIS-T-no-current,314563,018548540c5ed99ef608bb69898f239f9739634149d7af25642fb70333d8989c
wqp,wqp:21FLSFWM-PELMID,1989-03,ANFIS-T-no-current,314563,01876c6c909745b6cc7b80b784e714b00a0cbe4e84d1891285ef2212d1fa8ac7
wqp,wqp:21FLSFWM-POLESIN,1993-04,ANFIS-T-no-current,314563,018c0050e92430f4400a9a432ceb830e0a10fdaf9088098c8a56e1f99e32c800
wqp,wqp:21FLSFWM-E02,2005-05,ANFIS-T-no-current,314563,018e4e9630516502b4b0d99ad65b98690317280ac11bd9d29c3d26a2942392f9
wqp,wqp:21FLSFWM-D01,1983-07,ANFIS-T-no-current,314563,019413e70ac3dca1af31c5d38e58ee0127170b133707bb1a23d1e0e759716b6f
wqp,wqp:21FLSFWM-B03,1981-10,ANFIS-T-no-current,314563,01987900e76a1d8db0bd808f74c0342ebd7fe8f1add23d6f49bcf27ad686ed82
wqp,wqp:21SC60WQ_WQX-S-308,2007-07,ANFIS-T-no-current,314563,019975eeee19801ab7ee9efc8c8150e73b4859aca052eff3030ae974919b2d2d
wqp,wqp:21FLSFWM-TREENOUT,1989-07,ANFIS-T-no-current,314563,019a491bcbc53ee9df6aea44493334c73e44096c63bc518a37dbb0b78e4cf4a7
wqp,wqp:USGS-07049690,2007-03,ANFIS-T-no-current,314563,019bbbd6fff2eb19b053b7db06675f06e4b115406cbbeb361c9f0988df12af30
wqp,wqp:21DELAWQ_WQX-109131,2007-03,ANFIS-T-no-current,314563,019c1e4e4b34ee2d3f97502e2e453b9ae4d30f801232184a3f1e002dfd8aba14
wqp,wqp:MNPCA-62-0007-00-203,1980-11,ANFIS-T-no-current,314563,019c7968136233ba9a92bbb1f9e3ca63eeb5c106b6133d29a1eb79d3ab99bb9e
wqp,wqp:MNPCA-62-0054-00-101,1999-01,ANFIS-T-no-current,314563,019d11a9a951305c355618dde2fa0b9c9a71bdec9101a2ad9fa7728dbf93df0f
wqp,wqp:21FLORAN_WQX-CC4,2007-09,ANFIS-T-no-current,314563,019d2c3c243398bdb40a96042d966328b61f56750bda6d095e3388dd219585a0
wqp,wqp:MNPCA-02-0045-00-202,1998-04,ANFIS-T-no-current,314563,019dae73e659fe659adc4f2d59494fde4b783b8047352ce3a09c1d216ac0ca07
wqp,wqp:21FLSFWM-TIN13700,1996-12,ANFIS-T-no-current,314563,019e1e38b4d811913b97e68e3e4a20171a8d09d4e302ba43cf91965bd0cc6681
wqp,wqp:KAWNATON_WQX-KN-KL-005,2008-05,ANFIS-T-no-current,314563,01a0d44661bb1df1967c7fa878ae133edb5f8fbb79d6267879c1b0c7718adec2
wqp,wqp:21SC60WQ_WQX-SV-340,2009-05,ANFIS-T-no-current,314563,01a13815b56b6a2706683fb63a9e6af4139206f080974af4e1873b5dbe293d33
wqp,wqp:21DELAWQ_WQX-109131,2007-04,ANFIS-T-no-current,314563,01a1994ed12b049c6f9a91980215d680d1d473649220c50c717b9363ec14a663
wqp,wqp:21DELAWQ_WQX-304321,2009-05,ANFIS-T-no-current,314563,01a26fd7e53610c4506054e8ee3f40e5db8ddc8c92c3df46b37d4b44ab5999d9
wqp,wqp:LAKELAND_WQX-LH8,2011-11,ANFIS-T-no-current,314563,01a43452b4e5a7b02f364a2854024e20511dd8ce29d794fe4b0bbe8c716d89fd
wqp,wqp:USGS-423556088365001,1993-04,ANFIS-T-no-current,314563,01a4e24a025065f0090463cba9bfe36151d5794573d8412d9841699db3c0a0b2
wqp,wqp:21FLSFWM-B09,1991-12,ANFIS-T-no-current,314563,01a6e32542550710ed0ef0864d54c9d2c4d3e31924448daaaeb7b785f2a1ab6c
wqp,wqp:21SC60WQ_WQX-SV-098,2013-03,ANFIS-T-no-current,314563,01a7d7fc6bb1e75ef2d9e1652cb07bfa2c2a6cf701a4132c87409a81b09a16e7
wqp,wqp:21FLSFWM-E04,1993-12,ANFIS-T-no-current,314563,01a80e705acaf46a44e27cff2a0b9d2aec9b281bbf3e3b0c6a6c92252cdc98c5
wqp,wqp:21SC60WQ_WQX-SV-200,2009-09,ANFIS-T-no-current,314563,01ab14c27296b1cd16aecd64af95405c3bb91ca22b9a84e274da2aa7fbb2efab
wqp,wqp:21FLSFWM-C03,1987-10,ANFIS-T-no-current,314563,01ab2da167edd7caf188512c4cf7f1af477cd080109b8bacdb4057e18de14701
wqp,wqp:21FLSFWM-RITAWEST,2008-09,ANFIS-T-no-current,314563,01abfdf6b426ffa5c041b0ff964061906bc6a9aeba191f29a32b54a3dd906d8a
wqp,wqp:21FLSFWM-MH32000,2003-12,ANFIS-T-no-current,314563,01ad70dad229275505da4ee36853d40e514fc129e0816d684b0f1b168edae1bd
wqp,wqp:21FLORAN_WQX-CC4,2005-09,ANFIS-T-no-current,314563,01b0224388be0fc02d05b2d082ba47f4657be301d0c2d42fd28b3c8e48779808
wqp,wqp:21NC03WQ-CPF087D,2017-12,ANFIS-T-no-current,314563,01b05bf7e0d889007af19140fb7809c9746aba488444b0a69d9281ec9dad0978
wqp,wqp:21FLORAN_WQX-BC7,2009-01,ANFIS-T-no-current,314563,01b0a9bc60b6b8621036a83c35df69c8a0366fa51e20cda01a6826a903e140f1
wqp,wqp:21FLSFWM-B09,1985-04,ANFIS-T-no-current,314563,01b17b7d7a52944fdc9ca5d3e8da3efce7ec59fa2dcf48155834205b2cd2130e
wqp,wqp:21SC60WQ_WQX-B-327,2007-11,ANFIS-T-no-current,314563,01b74f6b7c8c88e890f2114e46f308db986544636eb786792e38591c117cc868
wqp,wqp:21FLSFWM-POLE3S,2003-11,ANFIS-T-no-current,314563,01b805709570fda0697122fecb3102e78157ceeacf30544dd2fdb70f9c72a820
wqp,wqp:MNPCA-86-0281-00-201,1982-08,ANFIS-T-no-current,314563,01b80c4a5da24c34c9f245b3ed2510b5fe9423979a5c2b854665b6e27e2b1c7e
wqp,wqp:MNPCA-62-0055-00-102,1984-05,ANFIS-T-no-current,314563,01bb6fa867e3eaa57536acce8ab5a639890718ab1d5280bf1176dc879b57884f
wqp,wqp:21FLSWFD_WQX-23144,2007-06,ANFIS-T-no-current,314563,01bf3452d7abfd8ff26d87f462913ef38b25fd26348c5e9c4bd9bdec5536359b
wqp,wqp:21VASWCB-5ASRN000.66,2015-02,ANFIS-T-no-current,314563,01bf834052fbdf492fc56c75696143391d19578cf175bb5f9b5254fc12d30da1
wqp,wqp:USGS-07049200,2009-07,ANFIS-T-no-current,314563,01c4a2e94c74ef1c5f899d0e61a485a2a88bbcd87dadec43c3f4027dd9bffb24
wqp,wqp:21FLSFWM-LZ42N,1993-06,ANFIS-T-no-current,314563,01c64ab77201971d4550512667669db63d7022854eab243f5ae3b09fabb1abd7
wqp,wqp:21SC60WQ_WQX-SV-335,2010-09,ANFIS-T-no-current,314563,01c7c3cfe343482ec45a147b37dadd62a7db464d37335cf4c7f63a11b698690f
wqp,wqp:21SCSANT_WQX-SC-040,2017-06,ANFIS-T-no-current,314563,01c7ea1fd85f32bc5bf6f3e1f420da6a8cfdf25bf98f5ff746db1dd20eb92b21
wqp,wqp:MNPCA-62-0054-00-101,1997-09,ANFIS-T-no-current,314563,01c97b1e5a541482b480a78860c88e3f702abe326873b4bd9c24a0638293fbf2
wqp,wqp:21FLSFWM-L004,1998-08,ANFIS-T-no-current,314563,01cb8fd25957ca9310cf4880fb9f76595deada6773be6b0b0fbec96e1726b2c2
wqp,wqp:21FLSFWM-RITAWEST,1998-09,ANFIS-T-no-current,314563,01ce76f44b0b3ca8501d806a8affca452137c4260aeb22c05ce1280d2ec01d50
wqp,wqp:21FLSFWM-TIN8100,2004-09,ANFIS-T-no-current,314563,01cf50a892dfaa129a314db34b406fbfa52d571dd53483420110465d290da105
wqp,wqp:21SC60WQ_WQX-SV-363,2007-05,ANFIS-T-no-current,314563,01d298e5cbd7ea9c378b4d8d0068d8d928d7c8f3065c657cc73c320b5701a7f8
wqp,wqp:21FLSFWM-L001,1987-08,ANFIS-T-no-current,314563,01d57b99fb7a47aa4ed9a1c6fe525f3c96d0e69db231d00c32fc67be97e0594b
wqp,wqp:21SC60WQ_WQX-SV-098,2013-07,ANFIS-T-no-current,314563,01d79945c1d3fd2f0db2627fb31b49c86ca1d1e3c7c421114df91a232bf2becc
wqp,wqp:KAWNATON_WQX-KN-KL-003,2010-12,ANFIS-T-no-current,314563,01d85d7f71bd3fbfc7e32336887dc1cf4eb7a441c11d71c7a59ecd6b47c87690
wqp,wqp:21FLSFWM-ISTK7,1989-02,ANFIS-T-no-current,314563,01d95961b61c9280ea4c088aba6675cd1f0feadc4455204c90af1db0d672fcae
wqp,wqp:21FLSFWM-LZ42N,1999-06,ANFIS-T-no-current,314563,01dabac5bfbbf2f3c6c71d3e56af75399e4b1880f60b4f4b0825f29fac2e3ac0
wqp,wqp:CAPECRD_WQX-262,1995-06,ANFIS-T-no-current,314563,01dc3bc5f8820b438190960d7e520ddb0a403829313140f69c11bcd4b36e85f9
wqp,wqp:21SC60WQ_WQX-CL-019,2006-02,ANFIS-T-no-current,314563,01df70163fa17e81e2b44137e3737c1b7588820eca387b701388a801a795006d
wqp,wqp:21DELAWQ_WQX-109131,2011-06,ANFIS-T-no-current,314563,01e59c56a646e956e1e445697505dc73a23a463b51d497a47ec7487676341276
wqp,wqp:21FLSFWM-POLESIN,1996-04,ANFIS-T-no-current,314563,01e6e497009747369ef57961d08bcaba42b74c504aa18657a75f152aba6e9bba
wqp,wqp:USGS-07049690,2018-06,ANFIS-T-no-current,314563,01f1a49903d2c880e17d9e9ce98fa652b7c084e9450135d55cf05e875f85c93d
wqp,wqp:21NC03WQ-NEU020D,2005-06,ANFIS-T-no-current,314563,01f1de5eb1a5ba80a333351296c0fb48f5d088a59f5dc5b184c4f0fb78f9baf9
wqp,wqp:AZDEQ_SW-32,2016-07,ANFIS-T-no-current,314563,01f71f620abeabc47c7c200e2b9f5617c09c5fe040d944dcd92be12df2d68bb9
wqp,wqp:21FLORAN_WQX-CC9,2008-06,ANFIS-T-no-current,314563,01f9aa2dbcac9ab09be5d115295c83d4ffeef7ac6929c18c68bc1a8db4d62238
wqp,wqp:21FLSFWM-D02,2006-10,ANFIS-T-no-current,314563,01f9b544bf99950a5226351dc7a9163639d60100d3eaa6cf960a35be4f12b849
wqp,wqp:21FLSFWM-MH32000,2005-12,ANFIS-T-no-current,314563,01fae4cb0caafd7c9055e1d3ee2f8dd733e62717eaf5f0fff798f5d57c431916
wqp,wqp:21FLSFWM-L008,2004-06,ANFIS-T-no-current,314563,01ff66a91863eb0b6f6c81a0a2c28ea7dad1c8523c9ca6b1445e00ec6d4c897e
wqp,wqp:21FLSFWM-L005,1987-07,ANFIS-T-no-current,314563,02001b2fecde8ca646f19b7d0e891e0f006cbde64f61773cb955f7a8d1f38132
wqp,wqp:21FLSFWM-LZ2,1998-02,ANFIS-T-no-current,314563,0202d2ca8c6fd3861a0f5d1f72b598a7df41352caffbcc3dd31f75569aea3251
wqp,wqp:21FLSFWM-KBAROUT,1991-10,ANFIS-T-no-current,314563,0203533f8c9d13ba324d6b93fb3f784f688d552960ab0b833bb9ffd69668ffba
wqp,wqp:21FLSFWM-L005,1984-07,ANFIS-T-no-current,314563,0203f7906ce211c3f0f129519914bb43c445217aef1f614eb3014ca807d362c9
wqp,wqp:21NC03WQ-YAD169B,2010-01,ANFIS-T-no-current,314563,020630469948cf771ec93ffb97071d832b164c9b9f23b43cef3c2283377a9b73
wqp,wqp:21DELAWQ_WQX-208181,2017-11,ANFIS-T-no-current,314563,0207a6805407430063488fc0db9b677ce3b5c5e2f05f7f2e30c6831dc4b4f42e
wqp,wqp:21AWIC-81,2005-10,ANFIS-T-no-current,314563,0208cc2a1f27bef06a4d1028de1112271cf1ca84af47c53e4eea1b39a0fe374d
wqp,wqp:21SC60WQ_WQX-S-024,2016-07,ANFIS-T-no-current,314563,0208eb0fe164a4ae06af5a14f96bce4bc19949b0405cd310e8e9b502e8327df3
wqp,wqp:21FLSFWM-D02,2005-10,ANFIS-T-no-current,314563,02098c375ae9c3409e0ed8f8242dda43f5447a4b635935628f52c5873f1d4ec9
wqp,wqp:21FLSFWM-TIN16100,2003-04,ANFIS-T-no-current,314563,020a1d197c16fbb9455b814fd18c6925b2dfb13c43d8bfdcc74f507968288828
wqp,wqp:CAPECRD_WQX-290,2010-11,ANFIS-T-no-current,314563,020e0d36d16cd0b9125100a99fd2331fb3323c8ea110edf4ce00f2d891489cc5
wqp,wqp:21FLSFWM-LZ42,1994-07,ANFIS-T-no-current,314563,0210f893dea96cf7cd9a36d672842d0a1c2597a4286f5fac85ffab3e638824b9
wqp,wqp:21FLSFWM-PALMOUT,2006-05,ANFIS-T-no-current,314563,0210fa1d8ef391b92f6ee41104f3864b3c6552d7d55421c22a11c58de091f5dc
wqp,wqp:21NC03WQ-CPF055D,2015-08,ANFIS-T-no-current,314563,0211d060ea7d5c7d494df52574f657be47f610e0ad52230d421ad8ffd1ba6683
wqp,wqp:USGS-423659088354401,1987-05,ANFIS-T-no-current,314563,0212251c1a28d03535b60e888dc6a352f74f088f0267234c63e4de0c358fad5e
wqp,wqp:21FLORAN_WQX-BC7,2005-08,ANFIS-T-no-current,314563,0215456762be3538c2784cf02a78014a80091e07a0295ea32a141e250dd0401f
wqp,wqp:21FLSFWM-L004,2003-09,ANFIS-T-no-current,314563,021566b69449fb39120731823d70846904485223443e574ce956bceea3ec4121
wqp,wqp:21FLHILL_WQX-135,2012-06,ANFIS-T-no-current,314563,0215a862926e1fcee9cc91a6b3298172a4a2d874dd2b9bbec71997d45ce1b481
wqp,wqp:21VASWCB-2-XDD000.40,2009-12,ANFIS-T-no-current,314563,0216fa9909e8765a885904235dbfc3cfc2ef640d3415c587d5b9dc322994c180
wqp,wqp:21FLSFWM-C03,1984-10,ANFIS-T-no-current,314563,02187f6e006aaf0af53c914bc4205f45bd3424e2fe8fbfc13bd6c75ab7ab1e71
wqp,wqp:USGS-07049200,2011-01,ANFIS-T-no-current,314563,021a709fe32350a1b0c1fdd06b12daac3b21e84e6baea14af73491ad77f9936f
wqp,wqp:USGS-02207414,2012-03,ANFIS-T-no-current,314563,021d4ad6ab00b092a9c6d703df7a9fa5788786065fae0ab97a30ee32691527aa
wqp,wqp:KAWNATON_WQX-KN-KL-010,2016-12,ANFIS-T-no-current,314563,021ee91eedfaaa9662043c01c26416dec7c81399c04331a1c81fc5ec0c8db4dd
wqp,wqp:CAPECRD_WQX-290,1993-07,ANFIS-T-no-current,314563,021f6e46c6fefcc29a96c70b44fb940a57fc0458ea1210a1bceab8132acc8818
wqp,wqp:21FLHILL_WQX-135,2017-04,ANFIS-T-no-current,314563,021f9e24100043bbf637cfa64166be7540f10e6ce531a5ea24b63221c18fcbcf
wqp,wqp:21FLSFWM-L008,2000-04,ANFIS-T-no-current,314563,021fba407c8a9e9639619044303a9560476b8f1edfc36b10c6a5aca5ed15553e
wqp,wqp:21FLSFWM-STAKEOUT,1997-11,ANFIS-T-no-current,314563,022463abc0677cf33d3e7e7dc72cf8b5d13c7166ccf49c48bd0290460224db6e
wqp,wqp:MNPCA-47-0042-00-201,1984-06,ANFIS-T-no-current,314563,0225cf700231f340faa588c69d0a1d819aeb49cc2f68ab656a570ccb9cf74107
wqp,wqp:USGS-423659088354401,2016-04,ANFIS-T-no-current,314563,0228037b3822267a21a11d76ed05908294c7dd0042174336c6b094f6a0b4e6f0
wqp,wqp:21NC03WQ-YAD169E,2011-08,ANFIS-T-no-current,314563,02291b7f408cfc59dd6315d6be0944e32a687557ee2cf3d0adc6dd4ae7dad8f8
wqp,wqp:21FLHILL_WQX-135,2006-04,ANFIS-T-no-current,314563,022c0ff8e7f40a82dc0de0f4a7746b15895d6bf0ef71b4310ff639c4e2ad91a0
wqp,wqp:USGS-295554095093401,2012-04,ANFIS-T-no-current,314563,022cc80fdfd04412a776c6cb554fa2f5d322da6ccc85c44a2a0897363af7848b
wqp,wqp:21FLSFWM-TREEMID,1993-11,ANFIS-T-no-current,314563,022eb75c696d444acab671d05d4371111d4751a9d02100342e865b465d8c5fa9
wqp,wqp:MWRD_WQX-MILTON3P,2015-01,ANFIS-T-no-current,314563,022fc3a2a392da54adb3d2f4cfe2592c8a5aaddddf0595ad3729f8044fd116c4
wqp,wqp:21FLSFWM-RITAWEST,1992-01,ANFIS-T-no-current,314563,0231f11db9dd46d060d05feba9439e3dc607318cabeff2c5b7eb75a52278a306
wqp,wqp:21FLSFWM-LZ30,2001-09,ANFIS-T-no-current,314563,02346d331db9a02905ad7dad416137aa96a2b40521b9ada9fbbb7f5cd911a88a
wqp,wqp:21DELAWQ_WQX-108111,2016-03,ANFIS-T-no-current,314563,023486d0dea0fbad98ffc9e1b8687ac9bd5cb0ed40a1e1369374b8092f61438d
wqp,wqp:USGS-01201700,1974-08,ANFIS-T-no-current,314563,0235323db663e85f31c4cd021e2153fd1b8d6e6589614796952646e83b691683
wqp,wqp:21FLSFWM-PLN3OUT,1989-01,ANFIS-T-no-current,314563,02357b0178ebd04aa3178b6e27e10461236faa6c76d39850620b4e5f9f887a33
wqp,wqp:21FLLCPC_WQX-YALE,2014-06,ANFIS-T-no-current,314563,0239ec6826b6a6bdda9f4de302f3b3731a4c929a157eafb5be6723e3aa9057b5
wqp,wqp:21NC03WQ-CPF055D,2011-10,ANFIS-T-no-current,314563,023b4974b1d91332753f80352ebe6a8fc23a13cfbf19cf491e68f3278bce02db
wqp,wqp:21FLSFWM-TIN13700,2006-03,ANFIS-T-no-current,314563,023b9589d078930ebc135f8ebdb25de33d3b153c3f9fff195ce0de5cf5468c8b
wqp,wqp:21FLSFWM-L004,1979-09,ANFIS-T-no-current,314563,023c1702794162533c689451f05ae8f78f18b65a69488138953445961cf242ca
wqp,wqp:21FLSFWM-L004,1990-06,ANFIS-T-no-current,314563,02406449c1a31ec272114c89045346aa43c1699c69fa8380875198e2c24116e3
wqp,wqp:USGS-07049187,2013-04,ANFIS-T-no-current,314563,024152a807117102eb2bd2d9093aec38fbc47baae80fcb3dd78edbcaaff235fa
wqp,wqp:21SC60WQ_WQX-CW-197,2013-09,ANFIS-T-no-current,314563,024192ec04c905ab0c1c57bca498364cab844545d6698a4a3f65a2b5179b597e
wqp,wqp:21FLSWFD_WQX-23477,2011-06,ANFIS-T-no-current,314563,02424b10df7cccf9f4988175a0bacf19fba1d5e41469004365e4de323a362ad8
wqp,wqp:MNPCA-62-0055-00-201,2009-05,ANFIS-T-no-current,314563,02482b7d119b8ebc334e1c187ecaa85cfa376ce8ab1750c1d81846b6b2ecda8c
wqp,wqp:USGS-07049690,1980-01,ANFIS-T-no-current,314563,02491264cc45492921dfd661c0410413c0d7925f96cb50faafd068601e9dc0ff
wqp,wqp:MNPCA-62-0007-00-203,2001-09,ANFIS-T-no-current,314563,024afaf8ef4995f8f203ad2dacdd9f6698646ee1ca52d4ed7760cb7b3a17e26d
wqp,wqp:21SC60WQ_WQX-PD-327,2011-09,ANFIS-T-no-current,314563,024ee107037fc6b57dad52c517e4102b7c911c46611a654bb386173323325ccd
wqp,wqp:21FLLCPC_WQX-YALE,2015-02,ANFIS-T-no-current,314563,024fe100814f274996cd4ccd8b7a57dcd1524a9d78c011ba9fe5441fdcce3f2a
wqp,wqp:21FLSFWM-LZ42,1992-02,ANFIS-T-no-current,314563,0251f6546729c2427a26143315244d33c1da1026604efd1aa3904e67a962efb6
wqp,wqp:21NC03WQ-CPF0880A,2010-05,ANFIS-T-no-current,314563,02566f6d6007849aab88e1a9fbcc49d8b70c7b78fe80b8340ecb724e9375ba61
wqp,wqp:21FLORAN_WQX-BC8,2018-10,ANFIS-T-no-current,314563,02570ebbc8cb185390a678a9cdc2b6fcb69d7a2f9f142191bd93f0839f440dc2
wqp,wqp:21FLSFWM-TINOUT,1991-09,ANFIS-T-no-current,314563,025baee11839cb8fcf0585b30c79bd39b4bd2b3a49b8dedb6a35ac1730ed6ffd
wqp,wqp:21FLSFWM-PELMID,1989-01,ANFIS-T-no-current,314563,025bdf55fff8bd9d6400a3c27dd6b7fb0735debc0e4033459c28d9fb09a4879c
wqp,wqp:21FLSFWM-PALMIN,1992-06,ANFIS-T-no-current,314563,025c913d7d07f8d9395de3dbaf4a345758bcce48515ff43e607468d201a187d0
wqp,wqp:21AWIC-23,2009-02,ANFIS-T-no-current,314563,025dbd907af702d7857edb84fa6525e919cb42bb10ca8599302ad20e19d2de5d
wqp,wqp:USGS-423659088354401,2013-08,ANFIS-T-no-current,314563,025f7eeec44dc20b215916e1ca4dd9449076807b9dd071431ccce889abff428a
wqp,wqp:21FLSFWM-B09,2006-07,ANFIS-T-no-current,314563,0263bba29379748b699466a0a7e57e0a7572512b13d39587fa36ba2d00e1f314
wqp,wqp:21NC03WQ-CPF086F,2016-06,ANFIS-T-no-current,314563,02642c5950444bb57ef78fdc7e7cce101e26724869d98b1873d2faf7c3448837
wqp,wqp:21FLORAN_WQX-CC18,2008-05,ANFIS-T-no-current,314563,02656714d76d050c45e3cdae5c627f1a1fe7b56c84ada21724725122ee068ef9
wqp,wqp:21FLSFWM-LZ42,2005-01,ANFIS-T-no-current,314563,0269fa7c13706f42292b90017efefd8408f7e65d144da5e71c274a4cf4c2bd70
wqp,wqp:21FLSFWM-L003,2006-09,ANFIS-T-no-current,314563,026aa99c09d21a9c7130f388f609bba8b37fcb3987161c6243792dfaa43e5f42
wqp,wqp:21NC03WQ-NEU020D,2005-08,ANFIS-T-no-current,314563,026b75f9b84c14b99f54b4ec40ccec08667dd153c96c60e8e481d3ec10dafe2c
wqp,wqp:21FLSFWM-STAKEIN,1987-07,ANFIS-T-no-current,314563,026c570dc7050cf25265f7823d6aeb2134c8aae7d9579c2a7d61719c5867b9d2
wqp,wqp:21SC60WQ_WQX-SV-200,2017-01,ANFIS-T-no-current,314563,026d08de2c5479b0f9632ae5066a81c089059c5bd6deec21d19cc0c9fcc66b1a
wqp,wqp:21FLSFWM-C03,2003-11,ANFIS-T-no-current,314563,026dd5133fbd4cd6503048c39245494b876fb53231b46bea7ff2321da18010f6
wqp,wqp:USGS-07144790,2005-09,ANFIS-T-no-current,314563,026f9c8bb8461363527ac2979fa2a450e46efa60cdd0a19f8993d15141478078
wqp,wqp:21NC03WQ-CPF0880A,2016-11,ANFIS-T-no-current,314563,0270c063d615800eeefdf125ce22f229c0ca7b3e33e180c2b76e05cbe3ec83ed
wqp,wqp:21FLLCPC_WQX-GRIFFINTISH,2010-09,ANFIS-T-no-current,314563,0273a0f67ee2d26123f2b5b50882a6dcfd53266c229920e7139a29c675515166
wqp,wqp:21FLSFWM-LZ2,1997-08,ANFIS-T-no-current,314563,0273abe80b1067c1a17334ede92058a277ec491add2e7bcb6169b8ea3ad92407
wqp,wqp:MWRD_WQX-BARR3P,2006-04,ANFIS-T-no-current,314563,027453f73847a380355c48d1fba982c8911b5ddd1c9980a22f6305fc89df2829
wqp,wqp:21FLSFWM-CLV10A,2001-09,ANFIS-T-no-current,314563,02768c130077dc926f4319b617845c2df4ae83ac4517a72a83df5a21ac1d516f
wqp,wqp:21FLSFWM-A01,1994-07,ANFIS-T-no-current,314563,027812c6db6cbe447cc656e275eacadfb8d36d49dfcd4c89bea0cfc78ae33dfa
wqp,wqp:21SC60WQ_WQX-SV-268,2015-05,ANFIS-T-no-current,314563,0278838dc450afc138fab4ce6ec96c7550c8d1f48c9abdf39439045ee3ae4995
wqp,wqp:21DELAWQ_WQX-205181,2018-02,ANFIS-T-no-current,314563,02789af02c87aa5bdc57ff14e573201bc17c571b4fb2f5f781a52218e6d84035
wqp,wqp:CAPECRD_WQX-290,1996-08,ANFIS-T-no-current,314563,027c379787a0455d4d64836b26ad26a4de59ec11ff373e7808fe64004e26da7e
wqp,wqp:21VASWCB-5ASRN000.66,2008-07,ANFIS-T-no-current,314563,027c6d82b820ef9ac237afc2a4d63058fbc70d8a3c3f072cd7a736900ad199b6
wqp,wqp:21DELAWQ_WQX-110011,2003-06,ANFIS-T-no-current,314563,027e2d2237cae932674db16fd69e0c0ebde7a52fd661827799fd86a7c21e976f
wqp,wqp:21FLSFWM-A01,1982-08,ANFIS-T-no-current,314563,0281e4bde1406f8bd263c8659d4e32313fbf1220f1f65085f5250386b13d1cf5
wqp,wqp:21NC03WQ-NEU019P,2017-06,ANFIS-T-no-current,314563,0281f2c6f91a9ee76b70fa084e90a5c465e5f84cc71f85a971bf8856b23cc102
wqp,wqp:MNPCA-86-0252-02-207,1995-07,ANFIS-T-no-current,314563,028447043b3a67e0eabbaeb8a089d76af8c12ee7d485ca8cbd92ed769b9d1c8c
wqp,wqp:21FLSJWM_WQX-409555,2016-09,ANFIS-T-no-current,314563,028a5cab5192471de2a272b29760fa0c301bfba84027e94227742dc4344dbbff
wqp,wqp:MNPCA-62-0055-00-201,2012-01,ANFIS-T-no-current,314563,028af8e5bc41946b244b03cc791e6dc58cdfb406cbc0d2c757e1be08e8391474
wqp,wqp:21FLSFWM-D04,1984-08,ANFIS-T-no-current,314563,028f71ea49eed016e8c67b4ee7964babef1be0eb35b98202774fdc088601adc8
wqp,wqp:21NC03WQ-CPFMC03,2016-04,ANFIS-T-no-current,314563,028f80cc6b7b96fea0e64a1d8abcd5da5afb54e93f6e3d879a2421763c504bfa
wqp,wqp:21FLSFWM-C03,2008-06,ANFIS-T-no-current,314563,028fd13f8dc206a2e3eba25eabb09ffee32b5952d811ccbcdf6653891b877d01
wqp,wqp:21FLSFWM-L006,1999-05,ANFIS-T-no-current,314563,0291da76513e4a443985d7b8a3c2b31867a33668d6d6359bb8cab3bca52fdec8
wqp,wqp:21FLSFWM-KBAROUT,1989-04,ANFIS-T-no-current,314563,0292ccaa44310197f790d7873ede45fdaba8547cc24c920061cfe54aa835293f
wqp,wqp:21NC03WQ-NEU020D,2010-05,ANFIS-T-no-current,314563,0294581fbb655c7e2de5daf9f1cd9594fa60f5d859add8f770f736d59c6105d1
wqp,wqp:21FLSFWM-ISTK5,1991-08,ANFIS-T-no-current,314563,0294b3dfe362a0e46d6b53f5e9dd11b72e2fbafe4769f0ad6a5ef62bc5c0c710
wqp,wqp:21FLCOLL_WQX-LKTRAF1,1997-03,ANFIS-T-no-current,314563,029582afe4f1a87776b3a7f47473abfedda06ad2a61d0221bf01f7d5462c1de6
wqp,wqp:21FLSFWM-ISTK1,1988-11,ANFIS-T-no-current,314563,02970606550c065e1ad6a7e19698c135b8122e01cc10fb59fd6d315539c6489b
wqp,wqp:21DELAWQ_WQX-108111,2018-02,ANFIS-T-no-current,314563,029b6d361af4f75332d53e60f283d443465fba60402e79f934cfc8bc17f5a71e
wqp,wqp:21NC03WQ-YAD169B,2005-10,ANFIS-T-no-current,314563,029fc8a2f4b69ede992cb4adc8fb87b62597662ed7f3ac46e89316108676d41e
wqp,wqp:USGS-07049690,1986-11,ANFIS-T-no-current,314563,02a0da4adc29532e6829a5769d30ea9ca6ce23b9c5d799fbb5877a4d9ba45ff4
wqp,wqp:21FLCOLL_WQX-LKTRAF4,2004-09,ANFIS-T-no-current,314563,02a1ab544855528d2a0c021e81ea1f3fa9c07d3098690bd9182ae0875427cd63
wqp,wqp:CAPECRD_WQX-280,2017-09,ANFIS-T-no-current,314563,02a20749006420ae917b39d8c370fe79d21c0ff884d3eca02dde2744d770544b
wqp,wqp:21DELAWQ_WQX-307011,2011-05,ANFIS-T-no-current,314563,02a4210eec47eb713ae25f222996edc49a4ea2fd738319e98af1ed44bb7cc8db
wqp,wqp:21FLSFWM-PLN2IN,1994-06,ANFIS-T-no-current,314563,02a6af06e6f970537950f538f2a4162ac9475dfe6257927cd847e364202b3050
wqp,wqp:KAWNATON_WQX-KN-KL-003,2013-08,ANFIS-T-no-current,314563,02a83d93dfcb12c06014171aa73e450300d99b99c066479f62fe59a6856229dc
wqp,wqp:21SC60WQ_WQX-S-024,2003-12,ANFIS-T-no-current,314563,02a92cafe4cee70db8797aa2ff13671acacaebad9c937d6de3a37264a0bde279
wqp,wqp:21FLSFWM-PALMOUT,2008-07,ANFIS-T-no-current,314563,02a9688b0041e5f46beb3d163c849eaefef7aba55d41116e11cc8edbb09f0378
wqp,wqp:21FLSFWM-E02,1983-02,ANFIS-T-no-current,314563,02aa207cc2403db0f6e13c8f48ad8560a7786a87f8b96dfebfe302d4e656478e
wqp,wqp:21FLSFWM-STAKEOUT,1998-01,ANFIS-T-no-current,314563,02aa67e54a4a763e2a13cb9547d2d7da587e2a1b82caa34e36368d9a8e4fb2d1
wqp,wqp:21SC60WQ_WQX-S-024,2013-10,ANFIS-T-no-current,314563,02abc93f7168e3610dc09228c698ae73e0c555412fde90fb13eefbb675e61b5d
wqp,wqp:21FLSFWM-B02,1992-03,ANFIS-T-no-current,314563,02ac2991ec90be78e5ffb801adc90ede54ce0c4ea4f5603bd73bb842abe52983
wqp,wqp:11NPSWRD_WQX-SLBE_PL_01,1996-10,ANFIS-T-no-current,314563,02aed0f5141d1b75f0a252915ed8ea6c34e5894dae3f8d7272ce26df216d99c5
wqp,wqp:MNPCA-25-0001-00-247,1994-11,ANFIS-T-no-current,314563,02af20bea78389bac3ec3f3a369cfa3d0c2e80571fa5fa8e8d564b8164dbd995
wqp,wqp:21FLSFWM-CLV10A,1998-04,ANFIS-T-no-current,314563,02b20313128c207eb03c0c85924a439553b604c91547c40142abf901173173d4
wqp,wqp:USGS-423659088354401,2017-09,ANFIS-T-no-current,314563,02b3e3575bac026020cb56f74ac278ca7c86b757635f208a143840c1f3c0da85
wqp,wqp:MNPCA-02-0075-02-203,2011-07,ANFIS-T-no-current,314563,02b522312ac21ba2637f47eaed6a8e0988334f5abd1efc8679c27b14b0c85438
wqp,wqp:21FLSFWM-L005,2003-11,ANFIS-T-no-current,314563,02b53a5d3845fb9feedfa0b6674040302641e1e762b6975ae9490e351ff407e9
wqp,wqp:21NC03WQ-YAD169B,2009-04,ANFIS-T-no-current,314563,02b61e81fff35a5dcfd9300530969a9e7808807014c5376f9d200402e38e118d
wqp,wqp:LAKELAND_WQX-LH31,2008-11,ANFIS-T-no-current,314563,02b7c70062a968d1d765e4aea6b969eb120e705558dca1bf54066e713163b8a4
wqp,wqp:21SC60WQ_WQX-CW-197,2012-08,ANFIS-T-no-current,314563,02b8a470c64fa350eeb9585539466357a20b9ac53fa87cc4a2bdf2bec8b8bf61
wqp,wqp:21SC60WQ_WQX-SV-363,2014-02,ANFIS-T-no-current,314563,02b91c6e72f7069c9cea1fe99f5be88918e2bd103e8ce765a86b78fcb1bca7c8
wqp,wqp:21SC60WQ_WQX-B-345,2018-10,ANFIS-T-no-current,314563,02b9eeb12e97386924c91e27a2b5785c946ec76238478860b9ed26b2e340333a
wqp,wqp:21FLSFWM-L008,1983-08,ANFIS-T-no-current,314563,02ba165401f6b9b51570dcf4be643985113ffb1aa3700d90b91363d97689d307
wqp,wqp:21NC03WQ-CPF087B3,2017-04,ANFIS-T-no-current,314563,02baa24114613773d470b90a0b4ced76190a401971c49ed5fcecc0a16d89ccbf
wqp,wqp:USGS-07144790,2002-09,ANFIS-T-no-current,314563,02bacee2e32437b67b00e71ed2eebe53e4f2002f070ccc015fb2a03307893919
wqp,wqp:21FLSWFD_WQX-23113,2017-05,ANFIS-T-no-current,314563,02bd85db0499b70c288e6823c54e472224b1cc2795c8659fdb5819cdc7356e8d
wqp,wqp:21FLSFWM-KBAROUT,1989-01,ANFIS-T-no-current,314563,02c18a50dcfae0fdd88bf82a4a76d947095ada2a95139e24fcfcd0161745b148
wqp,wqp:USGS-423659088354401,2014-06,ANFIS-T-no-current,314563,02c26fb51693f5f2358e86b73f00562eb334d113e93f223fbaef2a7977f976f0
wqp,wqp:21FLSFWM-L008,1997-04,ANFIS-T-no-current,314563,02c9e8dcb6ab3abc272696890badd70c3728a88be219f9230e80d0b2faba8864
wqp,wqp:21SC60WQ_WQX-SV-331,2002-12,ANFIS-T-no-current,314563,02cce9c8fa4bdbcbe43ebc8c805ce1f961af7c820d998f053844ddbfa9d175ea
wqp,wqp:21FLSFWM-L008,1993-10,ANFIS-T-no-current,314563,02ce0e5490ecd947c22a6b1ef3018849ec3152f15a68eaf04b7711dfbadbfff0
wqp,wqp:21FLORAN_WQX-CC17,2005-03,ANFIS-T-no-current,314563,02cf0ac60e1ac2727143a066824abd7433aeeebc897eff7ba7166dcf77e6f3a3
wqp,wqp:21FLSFWM-PELMID,1987-08,ANFIS-T-no-current,314563,02cf699b89629e0f7729254d66ce528bfbee67f7107d021a1dd88264cdc1e7d5
wqp,wqp:21SC60WQ_WQX-S-308,2013-05,ANFIS-T-no-current,314563,02cfa8166f5320da6fb7a1d797e01b192249d6eb721b3b0ca80e1a7372aabb3f
wqp,wqp:21FLORAN_WQX-CC4,2018-10,ANFIS-T-no-current,314563,02d2c6d88b5a640068f5214c51a406ff1c1f1f11eec9e2afc5da181c3ddec598
wqp,wqp:21FLSFWM-POLE3S,1998-06,ANFIS-T-no-current,314563,02d4b6de2a65d42609dbe3d46cf07fffa9718fcdda4edba60dcda564dab3da98
wqp,wqp:21FLLCPC_WQX-IDAMERESSHDK,2012-06,ANFIS-T-no-current,314563,02d708b229c47daa8975fdcfe85297171f5304f3edd10c28474337fc8dd05cbc
wqp,wqp:21FLSFWM-POLE3S,1999-04,ANFIS-T-no-current,314563,02d87ac18f760b9b4b157b25c76a84ce178c4aafaa2547366945b51a0d79e895
wqp,wqp:MNPCA-25-0001-00-215,1996-02,ANFIS-T-no-current,314563,02dc4581dc836832cb8f8238eb7783df9767eacefd74c2da7b3c25d178022083
wqp,wqp:21FLSFWM-LZ30,2002-12,ANFIS-T-no-current,314563,02dc84dc6868ae3422000c47ee8a1f24d4cce7eacb0fade0a22f30c286a8865b
wqp,wqp:21NC03WQ-YAD169B,2009-11,ANFIS-T-no-current,314563,02dcf84fd420250db2ee69daaf096e93499f53766062c192f3ade70eddf72f66
wqp,wqp:21SC60WQ_WQX-CL-094,2003-08,ANFIS-T-no-current,314563,02ddf65c38326b397103e8cdf681966a2fcf3f10302faf0b78a3f382ce0065b7
wqp,wqp:21FLHILL_WQX-135,2003-02,ANFIS-T-no-current,314563,02e17a77bac7767c1f19fd6afd8ac4a3eed6ec5015a56fa8291278e83059bc3f
wqp,wqp:21FLSJWM_WQX-44148,2017-06,ANFIS-T-no-current,314563,02e40108cbe23ec669ea6af0f746e41013aea7cc6c8d396d5326350bdf3c6b9b
wqp,wqp:21FLSFWM-A03,1992-10,ANFIS-T-no-current,314563,02e8224c577c209f3546708ebf84a08b0433e4b551d29376b123ba509bf74ae1
wqp,wqp:21FLSFWM-L005,2000-07,ANFIS-T-no-current,314563,02e8d5cd2d73477978627c7dea5c40c947ee096483ca5abd834d8467b822aa54
wqp,wqp:21SCSANT_WQX-SC-005,2018-10,ANFIS-T-no-current,314563,02ed71cdb5166a70096881d12c62a582c0ed9e5f467536095a8800ca7e1da333
wqp,wqp:21FLSFWM-KBAROUT,2004-03,ANFIS-T-no-current,314563,02f1a92787c9419fbd5a31e151549bd2408002dc9a06dbab60de89382ba09394
wqp,wqp:USGS-295554095093401,2015-02,ANFIS-T-no-current,314563,02f31be1bc32e55c837ed9a07500a4ea750cd37540cb977594bc3ed3b888f3c1
wqp,wqp:21FLSWFD_WQX-23480,2008-11,ANFIS-T-no-current,314563,02f38cd2d57ccc6e56e1c01871d9e6f6a8af4bddf556ddd3c7bda96d9a661ad6
wqp,wqp:21FLHILL_WQX-135,2014-11,ANFIS-T-no-current,314563,02f467de55e4fd5edec3074a990e224b25b5a1478478eff9abd40a7c7d241d29
wqp,wqp:KAWNATON_WQX-KN-KL-002,2014-11,ANFIS-T-no-current,314563,02fbdc9269615c0e6cc7cfb79ed7cef895e0a217d94d37406721d8a08afadc80
wqp,wqp:21FLCOLL_WQX-LKTRAF4,2009-10,ANFIS-T-no-current,314563,02fc478dccace7dbae0e4b8d091770732233b671ba87c3c2231653a5e7529b53
wqp,wqp:21FLSWFD_WQX-23113,2002-03,ANFIS-T-no-current,314563,02fe09949c5884d2abcb5d6028a40b22354477dae092763e7cfb2bff72fa201f
wqp,wqp:21FLSFWM-STAKEOUT,1998-03,ANFIS-T-no-current,314563,030233c5876b536a45afda68a6deab573200d558d3a1fe51f4571336c2191d3d
wqp,wqp:21FLSFWM-ISTK1,2006-09,ANFIS-T-no-current,314563,03023ff9d028e7352d63a1491aad74c47fd74355b83cafba6dbfcd3db6266436
wqp,wqp:USGS-072632992,2012-01,ANFIS-T-no-current,314563,0304a3465fddf598b9a2d1e352d27a242f7e95d213654eaa276714cf4155f651
wqp,wqp:21FLCOLL_WQX-LKTRAF1,2010-05,ANFIS-T-no-current,314563,0305a9fdef0fcd3071e770d7a358080506141dacce9c0c1cdaf2bab3cb711f46
wqp,wqp:21NC03WQ-CPFMC02,2014-08,ANFIS-T-no-current,314563,0306656b94f9ec7756439a75de35d0d4175405e00cfa7684fbe8892b1c832118
wqp,wqp:MNPCA-73-0014-00-100,1983-06,ANFIS-T-no-current,314563,0307c5cf19aac6c25588274777f84dfbfe1038e0449326c6241d8edb0167df61
wqp,wqp:21FLSFWM-L005,2004-01,ANFIS-T-no-current,314563,0308c05bac1dabaa5f99e8ffab4d311f4db498846a11f3b55a6a959708b6b7bc
wqp,wqp:MNPCA-62-0054-00-101,2009-07,ANFIS-T-no-current,314563,0309d7db59c00b411571d562fcb513516976493704e1f6e940b1be307feb039d
wqp,wqp:21SC60WQ_WQX-SV-236,2017-09,ANFIS-T-no-current,314563,030c4186ff965b3eb72ca3a190a9d540dfbbffe1416f68b232ede22a4a97fb83
wqp,wqp:21SC60WQ_WQX-SV-361,2002-01,ANFIS-T-no-current,314563,030ec51b9bff1c875ceb4efefc68343ecce15ef6b8bbfe1800be872c1eb6b353
wqp,wqp:MNPCA-47-0042-00-201,1983-04,ANFIS-T-no-current,314563,0310f100768368ced559efd53d03e6b30b1d22fd3c29132368578553be5c5d29
wqp,wqp:21FLSFWM-L003,2007-01,ANFIS-T-no-current,314563,03136dbea0c0b747081f82ef8b8a6a6e967b1e01393877502c09f53c957a02d5
wqp,wqp:USGS-01201700,1976-10,ANFIS-T-no-current,314563,031495b6b480216498a024b5f5e545ec19f041c5ca534c51dc7665cd779a132b
wqp,wqp:USGS-072632992,2012-08,ANFIS-T-no-current,314563,03187a6df61eebf13423f6bff0afe2e1fdba4f3eca62b0b3d017aa7c07f1dee8
wqp,wqp:21FLSFWM-LZ40,1994-12,ANFIS-T-no-current,314563,031d7fadef68c3713daacaa6c4b429c323e0119a1f5daf7427f1cc8c1beb9bd0
wqp,wqp:USGS-072632965,1992-09,ANFIS-T-no-current,314563,031e057ffc438e7b8f0338399a187364e0dce734f0c5052a9b2397015a1cab83
wqp,wqp:21SC60WQ_WQX-CW-231,2003-11,ANFIS-T-no-current,314563,031e76f21f85019ed100141473522f1bdf8549587bc667eeb41c08d494e28605
wqp,wqp:MNPCA-25-0001-00-246,1990-08,ANFIS-T-no-current,314563,031fd669b4570835bf0c1a8a53c989a853ae0f918e6ff926189d5e7d3bf422e4
wqp,wqp:21SC60WQ_WQX-SV-374,2018-05,ANFIS-T-no-current,314563,03202c7fb67f1aadefb36118696d16aeeab09e862db07978b888920bfd3fb6d5
wqp,wqp:21FLSFWM-POLESOUT,2002-12,ANFIS-T-no-current,314563,0322e7d1d668aef76f902b5d0063b23807dc053777ebc3215b3681011c8a6f08
wqp,wqp:21FLCOLL_WQX-LKTRAF4,2016-02,ANFIS-T-no-current,314563,0325d3a1f5c0975351ca98c4169220b604619204e13dea50e1aa26c4fb56732e
wqp,wqp:MNPCA-62-0007-00-203,1986-09,ANFIS-T-no-current,314563,03275613e3c0e017440562aec69683e97ff8bc5b1b908e14585d19cefc6b1dec
wqp,wqp:21FLSFWM-ISTK6,1994-11,ANFIS-T-no-current,314563,032839951064626e938292f58339c1c31e92a64211a54f6d3801a743090b95cf
wqp,wqp:MTWTRSHD_WQX-GTOWN-LK-01,2011-03,ANFIS-T-no-current,314563,032cbdef0b9a7157428969d6bf29b8ca604ab9cb9f154ebb7e680eb628f0aaf5
wqp,wqp:CAPECRD_WQX-290,2011-08,ANFIS-T-no-current,314563,033a28b1b03ad65bbba962cd3d14dab70a121090dfa5382065178f26b1ff1400
wqp,wqp:21FLSFWM-L008,1988-03,ANFIS-T-no-current,314563,033b97f26307da2c9c2ff7b09aa46dfabd6967561cbd16bf10072184b7e314b4
wqp,wqp:21FLSFWM-POLESOUT,2005-12,ANFIS-T-no-current,314563,033c35c5b33430e78ab55804aba5cc2c623015d800778f26b55f695639fb6a8b
wqp,wqp:21FLSFWM-LZ2,1995-10,ANFIS-T-no-current,314563,033f71e00d732ffd7d039357cc3e016e849e14660c331a15b7f8ce9888860cb8
wqp,wqp:21FLSFWM-LZ2,1989-09,ANFIS-T-no-current,314563,033fee27ce12061dcb67b8a826fd1ea9270ab8134013fbd26208f5e93d5925db
wqp,wqp:MNPCA-62-0007-00-203,1981-01,ANFIS-T-no-current,314563,0343b5607d9cdf93152b36f9f3da9e1945ae3542ed3964d65d2cebce15e2b5b6
wqp,wqp:21FLSFWM-POLESOUT,2007-04,ANFIS-T-no-current,314563,0345a8df0e18a254790f9f90f07cd4963c4364a1b4f6fda727612059538e833f
wqp,wqp:CAPECRD_WQX-280,2006-03,ANFIS-T-no-current,314563,03480671bbf8ab040386cadf9fb649473fd5b3031640ede37ca45c1649285767
wqp,wqp:21FLSFWM-L008,1979-11,ANFIS-T-no-current,314563,0349a49b637d7a356da3622c560068db5662e153b31ee48199064ea0c6b075c7
wqp,wqp:21SC60WQ_WQX-CW-231,2003-07,ANFIS-T-no-current,314563,034abc859d996677b177e7fc58e859b4ae62b3086a363622fb67adcf61704eaa
wqp,wqp:21NC03WQ-CPF086F,2017-02,ANFIS-T-no-current,314563,034c5435ab689135050bf0bfda31b8d199b0a9e2654e94c7d382917b16585f3a
wqp,wqp:21SC60WQ_WQX-SV-339,2009-09,ANFIS-T-no-current,314563,0350ab2311bd237af422f7e066572f7c22f8253e5887a6ae54a05b4098339e67
wqp,wqp:21FLCBA_WQX-WAL-FULLER-3,2017-07,ANFIS-T-no-current,314563,03513f1c099a03dcc3887dd8192a58bbff36301c3e0070fa340413497dbf18c4
wqp,wqp:21FLSJWM_WQX-44494,2018-08,ANFIS-T-no-current,314563,03515c24ad8aeea2e4ffc2a8837f734a0f5bec201281c9361a165ebfeec2d325
wqp,wqp:21NC03WQ-CPF087D,2000-08,ANFIS-T-no-current,314563,0351cdafdc2f4be50d2c91111a0126c37c3b71cbc9cdbb7945dd954729319562
wqp,wqp:21FLSFWM-STAKEMID,1990-01,ANFIS-T-no-current,314563,0353fd88481c35ecf3d149f32809faaa5a5e4ab077bc3feb2924b125bca68889
wqp,wqp:21VASWCB-2-XDD000.40,2007-09,ANFIS-T-no-current,314563,0354c451541e3cb2d48ae6503a0431ee87a6a3178720a8e483df7aa956445367
wqp,wqp:21NC03WQ-CPF055C6,2015-11,ANFIS-T-no-current,314563,0359a128da3e39fda70611ca7f476fb7d6665e6e849489c9cbe78ec1c12656b6
wqp,wqp:21SC60WQ_WQX-SV-361,2008-01,ANFIS-T-no-current,314563,035bc09a9bbb8dd93ea0a9f8341d5ec9b4e52fa7d062f6bf49ee9ba373c185a5
wqp,wqp:21FLORAN_WQX-BC6,2013-10,ANFIS-T-no-current,314563,035d430b6729ef2d4d3d224ecbfa4ffbbdd016f374b8dc14bfe54e659dd359ca
wqp,wqp:MNPCA-62-0013-00-201,2002-09,ANFIS-T-no-current,314563,0363a28110c5abb7cadd8d3da6f5ad8302128df5a13d4cdf1e116263ed8f74f1
wqp,wqp:21SC60WQ_WQX-SV-200,2015-04,ANFIS-T-no-current,314563,03646da9d9c238e1610030591ada5df9b7cfe1c38e67c32ece9e8c9a2c58bccc
wqp,wqp:21FLSFWM-B06,1999-04,ANFIS-T-no-current,314563,0366f133ac360764de50652b592a57582c10aa083dd1ef46893e4e79ee834c74
wqp,wqp:MNPCA-62-0007-00-203,2013-05,ANFIS-T-no-current,314563,036ca47209a56d97ab7d8200be933860a09598ea32994958e4a8a50d5d3e03f9
wqp,wqp:21FLSFWM-L006,2008-05,ANFIS-T-no-current,314563,036e52b1664495d1b7c2781a82b6b86bf05b332d5eafb06d2497965a738b4437
wqp,wqp:21FLORAN_WQX-BC11,2007-09,ANFIS-T-no-current,314563,0374c312f7ca71b232486ef4f5b623ad7ac37bd51418792c4077b1eebe665983
wqp,wqp:21FLSFWM-B02,2005-01,ANFIS-T-no-current,314563,0375d3f11bdc88b3dab09e15796a1c5c5d6b5c52c4f2812d17a57038a51e2742
wqp,wqp:21FLORAN_WQX-CC11,2016-08,ANFIS-T-no-current,314563,0376ce9c273768781e3a67debef9636f9d8c2a48d5b2b2f37d1a96d17db40c68
wqp,wqp:MNPCA-86-0252-02-207,1981-10,ANFIS-T-no-current,314563,037844ee744e47d4eaa13292fe38b740514f333df08dce0b2cc60965c6818c8d
wqp,wqp:21NC03WQ-CPF086C,2001-07,ANFIS-T-no-current,314563,037ab7975c70c2c0b98167c195b7a8204592e03b3d341549bae33378e85ed7ad
wqp,wqp:21NC03WQ-NEU019P,2010-05,ANFIS-T-no-current,314563,037b1e9afaaead135938dc412626abdaf6d1dcb4d7755d85122384ab0ea6c343
wqp,wqp:21FLSFWM-B02,1998-11,ANFIS-T-no-current,314563,037bdf1c7f0a8c39eb311447adc09d02fcf1e91c5c0f2b64effd453ce18bb552
wqp,wqp:USGS-07049690,1974-08,ANFIS-T-no-current,314563,037ecfaf1e681fb5de20a792f168efac1747a59d5be94f313e79c69855ca6f62
wqp,wqp:21FLCOLL_WQX-LKTRAF4,2000-02,ANFIS-T-no-current,314563,0381f54e392e28208bee4ae543d95e5091af2d7aee7ba439e1d57385463fbcda
wqp,wqp:21FLORAN_WQX-BC9,2007-06,ANFIS-T-no-current,314563,03833ce1f11d4bc1b6582cfca5c1fa9dbed19ebba64fe4e253a49a49219728d4
wqp,wqp:21FLSFWM-L004,1994-05,ANFIS-T-no-current,314563,038415fd0b6e21f017428cc029be1a5f2bd9be1e70c7455ebf9823e53b1dd120
wqp,wqp:21FLSFWM-TINOUT,1989-05,ANFIS-T-no-current,314563,038605418eaf99af4364c961520224c814147903fc2446b915a8e9fcc8cebbb1
wqp,wqp:21FLSJWM_WQX-44618,2018-01,ANFIS-T-no-current,314563,03862b963c3158323439ac57d37889f9701335cb194d5cb8caf776e9cba18868
wqp,wqp:USGS-07263299,2011-03,ANFIS-T-no-current,314563,03875472601ae6c141b933683a42ebf40006e7bf061aa3f3d856677d355a18d5
wqp,wqp:21FLLCPC_WQX-IDAMERESSHDK,2008-10,ANFIS-T-no-current,314563,038a5cdba99a0d916607f91bd51a8be72149928505e31b3b2c92ca93d6068bed
wqp,wqp:21FLSWFD_WQX-23477,2010-10,ANFIS-T-no-current,314563,038ac91952ffd2cb83d1fdea48614ec5a2a433480c4b7d77a2769f617cacd7bf
wqp,wqp:CAPECRD_WQX-290,2018-08,ANFIS-T-no-current,314563,038af01ff3667f2017da426fea9ce1508f6bc3d01608b39bfcc2061b383cf8c5
wqp,wqp:21FLSFWM-PALMMID,1988-06,ANFIS-T-no-current,314563,038c17679f7de9029b27bed772f4745f602473fe81f4ea6e64d518b3e41d68e1
wqp,wqp:21SC60WQ_WQX-S-310,2016-06,ANFIS-T-no-current,314563,038c1f44ccda931b96abf4e16e9837794e1942c983c07a3e11c6bc17b6084112
wqp,wqp:MNPCA-62-0054-00-101,1995-11,ANFIS-T-no-current,314563,038e476c4c41bffef94a5a9909ef0c57f452d235989fec3ea3c7c79dab564329
wqp,wqp:21FLSFWM-E04,1993-06,ANFIS-T-no-current,314563,038e7df5a3d3512b264dfa83c64b1a9522ef57271aeac7d264dfa1cf0ccad1d4
wqp,wqp:MNPCA-02-0045-00-202,1996-09,ANFIS-T-no-current,314563,038eb9e8ebb0cf24a8022c47120ec8eee5345d53193f1e2ada086e799e328d5a
wqp,wqp:21FLCOLL_WQX-LKTRAF4,2014-01,ANFIS-T-no-current,314563,03924aa1384495eb57a30e9af775b794d222e9df16788e9a67cdcd029df230ff
wqp,wqp:USGS-01201700,1977-09,ANFIS-T-no-current,314563,039269612b5a86de8ada69d1726e3ffb51bdfae25cc6cba2759d5a0124725330
wqp,wqp:21DELAWQ_WQX-110011,2002-04,ANFIS-T-no-current,314563,0392eb977353796dffe8109913ac83994e5e3ce6b994ca3e831ee036ce1a18e7
wqp,wqp:21SC60WQ_WQX-CW-016F,1999-07,ANFIS-T-no-current,314563,0395fcb920f4a8ee63df2e7a48f75d5ae470cc65e4c8f2acd4ec1ddc6f35909a
wqp,wqp:21SC60WQ_WQX-SV-363,2015-06,ANFIS-T-no-current,314563,03997a2ecc439b50c83060e35fc4e56de25cd90269743fe2fd6755575e824adb
wqp,wqp:21SC60WQ_WQX-S-024,2016-05,ANFIS-T-no-current,314563,039a3e2913d5ddd64335ba9ae6076f1ec01c4838838ecbda50e0c54af84bd2b2
wqp,wqp:MWRD_WQX-MILTON3P,2009-01,ANFIS-T-no-current,314563,039bfd12916ba25ac7524a9a9a9fe52eea3a4997db31b3174f4d79da339035b9
wqp,wqp:21FLSFWM-STAKEIN,1995-06,ANFIS-T-no-current,314563,039c540bb82dba3ebfab6e72704121be8146b88b13fbe63f60b3f38a06c9ee08
wqp,wqp:21FLSFWM-STAKEOUT,1994-04,ANFIS-T-no-current,314563,039dea938008343f3f35322958be8d7fbfe7dc9dc939a9aa4b2c51f185162265
wqp,wqp:21FLSFWM-TIN8100,1998-03,ANFIS-T-no-current,314563,03a10e654a73314cb6750f9ee1427fd13004b35235a46be47ffac3498c61c930
wqp,wqp:21SC60WQ_WQX-S-222,2010-02,ANFIS-T-no-current,314563,03a3a36deb9c88abd6768486c101e3025aefc68e66ab70389a995a9cc85e7ab1
wqp,wqp:21FLORAN_WQX-CC17,2009-10,ANFIS-T-no-current,314563,03a515edc16ee5e283cf698e124608cc2fa7dca065700b2e1d70d4b0b72987de
wqp,wqp:21FLSFWM-KISSR0.0,1995-02,ANFIS-T-no-current,314563,03a9c1d954b36963ecbed65d69a69b018e2c351a2565955112b25f491d5762ae
wqp,wqp:21FLSFWM-KISSR0.0,1992-02,ANFIS-T-no-current,314563,03acdbeaa45f6331f1b2976554c9da3b3e76c5e33eb13884ab2cf235140d0e95
wqp,wqp:21FLSFWM-B09,2005-02,ANFIS-T-no-current,314563,03aeefc6848293e98a753a6ba7656603c2208521fc13e287efdaf0a13e8a5abf
wqp,wqp:21FLSFWM-B06,1990-12,ANFIS-T-no-current,314563,03af64737495a76d3f4f97cf2c2f3fdbaf70976a6b271759e1f176aa2d770746
wqp,wqp:21FLORAN_WQX-BC14S,2006-01,ANFIS-T-no-current,314563,03b0b5713b6ba4263dae5a38cf97caafc2604efca15ad30ad480e95e05d0b9f0
wqp,wqp:21FLLCPC_WQX-IDAMERESSHDK,2012-07,ANFIS-T-no-current,314563,03b1c310c183f666a33428a71c7b2c409ea4cc6e8a28db34acabb85120d610ad
wqp,wqp:MNPCA-62-0055-00-201,1987-05,ANFIS-T-no-current,314563,03b1d1c803cb75a1e4546f23655a3d8c860327a3bd7d44990fb2fe189ad15e5b
wqp,wqp:21SC60WQ_WQX-SV-357,2005-09,ANFIS-T-no-current,314563,03b37d6f75be7c66996d8ba35d6c8cc28b70168338a28f64f23609053c381e66
wqp,wqp:USGS-07048910,2007-02,ANFIS-T-no-current,314563,03b3f365df587a4e075595f862540ec9907ac37409a52f2defebbef052bcda99
wqp,wqp:21FLSWFD_WQX-23458,2008-07,ANFIS-T-no-current,314563,03b47d93c64ac536677be659d09d20868ad88793d82902c0af11453f3efa7197
wqp,wqp:21FLSFWM-KISSR0.0,1994-10,ANFIS-T-no-current,314563,03b551002dee11f242d8875bd27e2e8bba0eb7501eeae9933ccf8d717c60564e
wqp,wqp:21FLSFWM-L006,1995-10,ANFIS-T-no-current,314563,03b5a4f87256cecb466cc2fecee33044814107cffa5bdb611ee037e1d59731ca
wqp,wqp:21FLSFWM-C03,2003-08,ANFIS-T-no-current,314563,03b60e487641e07b1cc4245b8ad2a875106f9fe180259e22a2b3ee5a51f33ff6
wqp,wqp:USGS-07048910,2001-08,ANFIS-T-no-current,314563,03b86436270b8264516b7ebb3f258543a2cc8488b855be228829cdd999e72d98
wqp,wqp:21DELAWQ_WQX-208181,2011-08,ANFIS-T-no-current,314563,03b9032342b00ee45a34b054fc66cfaa9eef9d34237d41efc648d10d7a9bd738
wqp,wqp:21DELAWQ_WQX-307171,2006-04,ANFIS-T-no-current,314563,03baf367b0a259bd483b07450de49ebaec080b418fbb2ee9271b50bf458e07ee
wqp,wqp:21FLSFWM-ISTK4,2002-09,ANFIS-T-no-current,314563,03bba964ff91f7c3e1e82a3858740fed29eafe3be387440660f60d7ffef80ec3
wqp,wqp:21FLSFWM-TIN13700,2006-02,ANFIS-T-no-current,314563,03bd6645c27d3a131ef80b005a6826151f2ab26def97789cc41542c0542aabf8
wqp,wqp:USGS-423526088380101,2015-10,ANFIS-T-no-current,314563,03c05a62944e8e6bddc6dc4f0ab3762d4c9e584ef175e2ef577589f89afea2a1
wqp,wqp:21SC60WQ_WQX-B-339,2016-02,ANFIS-T-no-current,314563,03c566a6c6f3018385d1eb9920a990d7c3268ae6bae3e37f898ccf1465beef6a
wqp,wqp:21FLSFWM-POLE3S,2006-08,ANFIS-T-no-current,314563,03c62ca7545a6153466c2338be5af9449dfaa49fc56115ddbccc17307d8b1441
wqp,wqp:MWRD_WQX-BARR3P,2007-04,ANFIS-T-no-current,314563,03c74a6ded3806e3cdf2a0448d2486e69ac6fba3e239b264444d845e91b3d838
wqp,wqp:MNPCA-62-0013-00-201,1982-02,ANFIS-T-no-current,314563,03c7abd29d1c5e4a888ac4345dfe6e698c419747d7479f7b43dafbc0af214c9d
wqp,wqp:21FLSFWM-L005,1995-10,ANFIS-T-no-current,314563,03ca99b2069aeff2add0852c1ec6bfaafbed0fab809ece6dde2a7dbb58d712ef
wqp,wqp:21SC60WQ_WQX-S-223,1999-10,ANFIS-T-no-current,314563,03cc0db211787168a872ab2d921abec34b8f190fe975c185f7e3b0a8554acf80
wqp,wqp:USGS-07049690,1993-09,ANFIS-T-no-current,314563,03cd4a0f7d6e019b8df3d7fae9113a9014c334a318af924cff622615fdb19715
wqp,wqp:21FLSFWM-LZ30,1992-02,ANFIS-T-no-current,314563,03d4a99d32cbb767f0ee3fc0c53656660ebb81f9da3802ba9b25931cb22c7448
wqp,wqp:USGS-07049200,2013-10,ANFIS-T-no-current,314563,03d4d5d7a7b42832a07281b6d532a2d01ad5a88de9a2d03b735f15989d496cf2
wqp,wqp:MWRD_WQX-MILTON3P,2016-11,ANFIS-T-no-current,314563,03d8ac2aa70b5f3aecd0e3f03a127e2ab47d1ed2762e33c6ddb4210c4ac25194
wqp,wqp:21DELAWQ_WQX-110011,2014-10,ANFIS-T-no-current,314563,03d9ed2098cf92a631af09a2ba3b0217d501215d92efc1bbff847785ad12d060
wqp,wqp:21FLSWFD_WQX-23479,2013-03,ANFIS-T-no-current,314563,03df8e8452d957360052a0aa28ec39a57fa7acb739fae3d3da310f1b59d019d2
wqp,wqp:21SC60WQ_WQX-SV-335,2001-02,ANFIS-T-no-current,314563,03e0519fe134a97254c7f915aae019d9e84405e602f606d04a0f1c143e1cbd57
wqp,wqp:21FLSFWM-E04,1993-01,ANFIS-T-no-current,314563,03e38b401b87f57d0a2736855a2d8f11963597a4518a1ab267e779b69c13794b
wqp,wqp:21AWIC-81,2017-11,ANFIS-T-no-current,314563,03e3a3f644c12d50b8859b76bc1ea938d3bc41e3027deb90045482d1ce72c837
wqp,wqp:21FLSFWM-A03,1994-07,ANFIS-T-no-current,314563,03e6cc27f2054864103693a6831ab916d09e3a3b416f4b324abc9fae4258ad80
wqp,wqp:21NC03WQ-YAD169B,2006-01,ANFIS-T-no-current,314563,03e72f7ac8503dc6b6b457a159d2489afea8c384cd7544c2c90609e23383f78d
wqp,wqp:21SC60WQ_WQX-CW-016F,2010-05,ANFIS-T-no-current,314563,03e7716f82dd81a04f0620176efd000dd940ca1ef69741014c2c162d1833c028
wqp,wqp:21SC60WQ_WQX-CW-033,2018-02,ANFIS-T-no-current,314563,03e8bfd5046e8e8879d6bc8be19fc0f32c44cef76c1ed34f6b05d6b6765ea198
wqp,wqp:21DELAWQ_WQX-208211,2010-01,ANFIS-T-no-current,314563,03ea6ae01d203b5ec7730f3670887bf455e6a20a640df87a1bcb00b553bd0574
wqp,wqp:MNPCA-62-0054-00-101,1995-05,ANFIS-T-no-current,314563,03ec0613c753349fbf93a13f0f8bf6f5a34e32487d2853461f6152ea67b833de
wqp,wqp:21NC03WQ-CPF087D,2005-01,ANFIS-T-no-current,314563,03ef2b2e6f122feca9534a84def0c35ae09e89c8109df009c789d631526efcc0
wqp,wqp:21FLSFWM-TREENOUT,1994-04,ANFIS-T-no-current,314563,03f09c7b944663aa18b632cf6e16848869034d7d472f80e843de71f0b583b596
wqp,wqp:21SC60WQ_WQX-S-311,2015-12,ANFIS-T-no-current,314563,03f14482d304e30d1641977266b9fd3fc4aeffd633a3cc8fdc8fbde4a40bdb00
wqp,wqp:USGS-07049690,2010-01,ANFIS-T-no-current,314563,03f340e46f49c1c25d9845e6eafd340e433baf01dea3cad7480defa1475906d4
wqp,wqp:21FLSFWM-TREEIN,1993-11,ANFIS-T-no-current,314563,03f56a29545fcd257fb86f76a612cc1fda950d0982a1fd030a7c2ced3ea179ac
wqp,wqp:21FLSFWM-OISLAND,2004-12,ANFIS-T-no-current,314563,03f5970d0445e9379643f47171dbeeb8f685580be03293f89606affd75d0de17
wqp,wqp:21FLORAN_WQX-CC12,2006-06,ANFIS-T-no-current,314563,03f6ac1653dc2a0dfbcd12ee9fcba3c33b7cbbf39b696d61065d5251a740a83d
wqp,wqp:21FLSFWM-E02,2006-09,ANFIS-T-no-current,314563,03f94a1f8ff8f502f0daad09902cb8d6fc73b21608ae1ca398aa720d311ee473
wqp,wqp:21FLORAN_WQX-BC9,2012-10,ANFIS-T-no-current,314563,03fbe773538b9f0ca3953803265ea32f1a5372af22faebd92109388a697f975c
wqp,wqp:21FLSFWM-FEBIN,2002-06,ANFIS-T-no-current,314563,03fd4bed6a211c28a99f20d75d9a63d04b263a57b6666e2b7526c9852ebc8197
wqp,wqp:21FLSFWM-PLN1OUT,1990-01,ANFIS-T-no-current,314563,04017ef52a785293335cbf9febce74521298f71169843ad98ed572d1bc28ab02
wqp,wqp:21DELAWQ_WQX-202021,2005-11,ANFIS-T-no-current,314563,040372e5ee4f7496d5d114a0f336fe98715a5322a591a7938e40944fa489b199
wqp,wqp:21FLSFWM-L005,2000-05,ANFIS-T-no-current,314563,040451094e180f5cc26c9cddc08774a6547c6238908dd36b804061dcdc4a2b8c
wqp,wqp:21FLSFWM-LZ42N,1994-07,ANFIS-T-no-current,314563,04052ea95f6cab6ae0835afa37a1f053b37d9e20cd44fb3358d6442e0f3321d5
wqp,wqp:21FLSFWM-FEBIN,1996-08,ANFIS-T-no-current,314563,0406aa5546474b899cb56a464aac8b4c571d42158ffd06649086f00989df45e5
wqp,wqp:21FLSFWM-PALMOUT,2009-02,ANFIS-T-no-current,314563,0407a2a052cb9db63675a1d949ca94a416f7c93082676d1d154a7c439e2508cd
wqp,wqp:MNPCA-25-0001-00-247,1998-03,ANFIS-T-no-current,314563,0408a69a5b8f929a6bdc0050b800af1469797919275d0c0c8fc3ffe722561d77
wqp,wqp:USGS-07263299,2009-01,ANFIS-T-no-current,314563,040c1e7cc186b6d7910d792c8bd1928dd7ec0722d1154abac719904f61e34350
wqp,wqp:21SC60WQ_WQX-SV-363,2004-06,ANFIS-T-no-current,314563,040c31626bbbb417dba363037289cda547fb217d69a8ae6dbd80b4270500c4f6
wqp,wqp:21FLSFWM-ISTK3,1995-09,ANFIS-T-no-current,314563,040d58ecd41bc8a17362b71cd0599b87544c3e7a42d4764a69c7e9214ff3f198
wqp,wqp:21FLSFWM-PELMID,2002-02,ANFIS-T-no-current,314563,040e0db19c5ee6bb3d827f11299b9e0a3ba638b2e5a806234139a0c18ea9c2dc
wqp,wqp:21FLSFWM-B02,1983-04,ANFIS-T-no-current,314563,04110fc637507f9b2eb5e1ed87d09b2029995a3cedb8ecc001c196a11481c203
wqp,wqp:21FLSWFD_WQX-23588,2009-06,ANFIS-T-no-current,314563,04123dd7347852ea79a2ca92abb46897fc35c253d9571d7e58ee400149b6b180
wqp,wqp:21FLHILL_WQX-135,2009-11,ANFIS-T-no-current,314563,04178071d7a588dc3ecc5c1c809de03b216161d676402a2a393b0ceb68091529
wqp,wqp:21SC60WQ_WQX-SV-331,2003-02,ANFIS-T-no-current,314563,0417ba8ffaf369fefb70f9410d073924a3c7f450b5d281849f7b98d1e8525120
wqp,wqp:USGS-07049187,2015-08,ANFIS-T-no-current,314563,0419ddc1cc26fb6b6da00fb8ad436f0a8e06f4eae79cd54d31f92413161667ae
wqp,wqp:21FLSFWM-LZ2,1992-05,ANFIS-T-no-current,314563,041cb224e0653d16ec8c90fa3d488fac259f1b35f642a86941407927c64e5fb2
wqp,wqp:MNPCA-62-0055-00-201,1985-06,ANFIS-T-no-current,314563,041f1e1c61c384de2b85e279e262d6652377c90c24db7ac927185c385d44bb56
wqp,wqp:21SC60WQ_WQX-SV-372,2017-12,ANFIS-T-no-current,314563,04201959442628ebf6f5e683c48e350d379ec176c8d79b9c8b375c5db65eee96
wqp,wqp:21NC03WQ-NEU020D,2007-02,ANFIS-T-no-current,314563,04218da46204325687fbc85afc32a99e7e6ba71c205b2b0ba7b4554ec87a1e58
wqp,wqp:21FLLCPC_WQX-GRIFFINTISH,2013-09,ANFIS-T-no-current,314563,0425a155bb83b82ec2c6faf46cc7a93e07484eb73d3bd2e9e9ccfea8e1df720b
wqp,wqp:21FLLCPC_WQX-YALE,2014-07,ANFIS-T-no-current,314563,042784897386ab91e308b6b7bf45cbdefacc3242b49f862c3bc6ca119ca54a86
wqp,wqp:21FLSFWM-PELMID,1993-06,ANFIS-T-no-current,314563,042e885997c2a0434ed24e792aa17303819be4862cf821b9dbc273c1f098cdfa
wqp,wqp:21FLLCPC_WQX-LKSILVERSHR,2003-08,ANFIS-T-no-current,314563,0430fda2cce45c676b5b349b3774042f5b9d2e9aac946e522c14820941845e78
wqp,wqp:USGS-295826095082200,2014-10,ANFIS-T-no-current,314563,04332fcd1d51648026212ff533ca95f2d843bdfd4152248157db7d7831d2582e
wqp,wqp:21FLSFWM-RITAWEST,1999-07,ANFIS-T-no-current,314563,0435879a47008185c92045e953ab3ddd9cae68ee70f86b20984b2abcec024968
wqp,wqp:USGS-423556088365001,2006-11,ANFIS-T-no-current,314563,043a40746bff40286faf85a3fcc15afcdc7922a09d94b8734f6a3cce511e5887
wqp,wqp:21FLORAN_WQX-CC13,2012-02,ANFIS-T-no-current,314563,043d6694d5fee832b04a51b7da99a1711645ca5cbe164980d7e97a4b21671752
wqp,wqp:21FLSJWM_WQX-44055,2018-09,ANFIS-T-no-current,314563,043da8d0df77f841d5dd6f494c28f9a7a9d23b3e26368f45c6385ede7613a6fb
wqp,wqp:21FLSFWM-TIN16100,1997-07,ANFIS-T-no-current,314563,043ea2f06d204255d46606ca011d02c6bcd5c5cb3b67653b4009cdf6642b881e
wqp,wqp:21FLSFWM-L006,1995-07,ANFIS-T-no-current,314563,044221881ac6bccdce87feb4e9321cedcb6e2f52928e25946861af5462ad576a
wqp,wqp:KAWNATON_WQX-KN-KL-002,2009-01,ANFIS-T-no-current,314563,0446e5e0988fa1571e27f02ba0139b305aa0c1fd35646a2326e0061c729f8fb6
wqp,wqp:21FLSFWM-L003,1989-12,ANFIS-T-no-current,314563,0447208f08a2ad0631ab3ab1a66db5ce620f12d00817c1cf086c72ac6cf3a004
wqp,wqp:21SC60WQ_WQX-CW-207,2018-01,ANFIS-T-no-current,314563,044894f09fc7eebf2e2dbaccc38c36c6c6c9bb156b72b13c072bb621cdd0f3f6
wqp,wqp:21FLSFWM-PALMOUT,1992-11,ANFIS-T-no-current,314563,044a20cd59996c3a07ce719698beda6d8da6846e47c84be01471720123fa8a34
wqp,wqp:21FLCOLL_WQX-LKTRAF1,2001-04,ANFIS-T-no-current,314563,044a6fa095decf0ed5143aeee4dca546bec1b5254e5752fe2c5fc64144f4e782
wqp,wqp:21FLSFWM-LZ42,2000-02,ANFIS-T-no-current,314563,044a89fa4800896353caf6e180704d54af0debf3a4513eff4ed9e403c3ee6d9b
wqp,wqp:21FLSEM_WQX-SPR,2013-01,ANFIS-T-no-current,314563,04513e1cf8600db5b86815c2da3f7169a62796bb767d1b0609dd213a2a9954a5
wqp,wqp:KAWNATON_WQX-KN-KL-002,2009-12,ANFIS-T-no-current,314563,04540e351e828dea30f1916696fdaed9c30a09edf266a71b784473642ae3df8e
wqp,wqp:21DELAWQ_WQX-110011,2014-11,ANFIS-T-no-current,314563,04542a2edadfda30b5877b0fbdc6063b139669ac8161a2b705291b354f5860ae
wqp,wqp:21DELAWQ_WQX-208211,2008-06,ANFIS-T-no-current,314563,04553d54f387f73d81e0642f8a39c85b1aa65f93f1daa86ce46b300eed806b55
wqp,wqp:USGS-07263299,2012-07,ANFIS-T-no-current,314563,0455cc486eb24f39bdaed011f49cfe03e3a5c6a58e1e2a05dd534081ad6821a4
wqp,wqp:21VASWCB-5ASRN000.66,2010-08,ANFIS-T-no-current,314563,0456ed8b0dce3fc91b622e57a07d18097b6317acbcc56094b3b2599c0c435307
wqp,wqp:21SC60WQ_WQX-SV-335,2015-09,ANFIS-T-no-current,314563,04576de3c5ad9af7e977d1fa39c61bfad08469a0f428939f64570aacc605e7a2
wqp,wqp:21AWIC-23,1991-08,ANFIS-T-no-current,314563,0457925bed8a153c9ce2695cbd53eea95630c4a0cf08fdb64d0464a36a1c526c
wqp,wqp:21SC60WQ_WQX-SV-357,2017-03,ANFIS-T-no-current,314563,0459f7d4aceba67a816fcda28798a803697f0fff6c62bd45d30ea03be2c6b988
wqp,wqp:MNPCA-86-0281-00-201,1982-10,ANFIS-T-no-current,314563,045a36e509d446292ea5cd1f4cf3a874706c531b639d8800939011d106ed7519
wqp,wqp:21FLSWFD_WQX-23144,2012-10,ANFIS-T-no-current,314563,045a96fab35feb156f7d0563de2a9aaf0b176b8a605c20f0f3bcef4647935128
wqp,wqp:21FLSFWM-ISTK6,1989-04,ANFIS-T-no-current,314563,045ebd6a8a594b8a39ab8c53d05e63cc0531a0696610eef8e271105f20f8ce60
wqp,wqp:CAPECRD_WQX-262,2000-03,ANFIS-T-no-current,314563,0460ad46837cd2756a874b74a50cbff297ae4a781dc25fc51045143c2c5f37e6
wqp,wqp:21FLSWFD_WQX-23389,2006-03,ANFIS-T-no-current,314563,0461125660e351bb8bf907d3dc928e2ad59792b82934e8ba6b10f872542d4bc2
wqp,wqp:MNPCA-02-0045-00-202,2005-09,ANFIS-T-no-current,314563,0465db84d54e7ee9d0b44d7dc097e3d1ffa145d1d0bce57c6778a92ad642375c
wqp,wqp:CAPECRD_WQX-262,2016-11,ANFIS-T-no-current,314563,04690917b41ac56212c897b9815e64fe3e250a3aa575437d401e049a9cceaa1c
wqp,wqp:MNPCA-25-0001-00-261,1992-05,ANFIS-T-no-current,314563,046d95460e86ddc0e3a0d4d8bb7ed8da07e76a8e00c548b2b752b7e6ff9ac170
wqp,wqp:21FLSFWM-LZ2,1995-08,ANFIS-T-no-current,314563,046dbe2a6c1ba5eb88bfc1407df59a3040df63f56f2bd319632befc68954593c
wqp,wqp:21FLLCPC_WQX-GREENWSH,2016-12,ANFIS-T-no-current,314563,046e469bcc473d295483b15825b0a9d0a83421f33cf2c3ada38a2bad9840b44f
wqp,wqp:21FLSUW-ALL010C1,1998-11,ANFIS-T-no-current,314563,04703ca0946755218fe3f5c64c133ec79ec70bc222d69dcae3089a5b77e2e933
wqp,wqp:CAPECRD_WQX-262,1994-01,ANFIS-T-no-current,314563,047185dab4b867fd8379a0c322f8c5830788ae798a13401af3e439ca5ffbfb2c
wqp,wqp:21AWIC-23,2006-06,ANFIS-T-no-current,314563,0472639801cd6ff449bd726dad2c6985d36f597d695e10e3c0f8f38cff9467c0
wqp,wqp:21FLSFWM-PELMID,1998-05,ANFIS-T-no-current,314563,0472b6fd57da8234e2985feba7e3de0d5ae1a9d502cc1b5104a1ca91d13b4a37
wqp,wqp:21SC60WQ_WQX-CW-197,1999-09,ANFIS-T-no-current,314563,0476189af0445d7ab7f4f074be2229ba91eeafad749e0d65588b5dccb598b739
wqp,wqp:21FLORAN_WQX-CC17,2018-10,ANFIS-T-no-current,314563,04796939c5185f7ada666dd6ad16d6c3a84c360316e6c98adb9d9ed584a7711b
wqp,wqp:21FLSFWM-ISTK2,1998-11,ANFIS-T-no-current,314563,047a2d03095c13acf13e7bcb623f5a1e30244960d41495ce283a524f41db690b
wqp,wqp:21FLSFWM-LZ42,2003-09,ANFIS-T-no-current,314563,047a470095ec8b4ad77eaa3a0253f61a71a530dc47dd14964c7407af0f0d7be4
wqp,wqp:21FLORAN_WQX-CC11,2009-05,ANFIS-T-no-current,314563,047b044d2aa8b0095f5bdbe7ee80857c1e95b18875a9924f9d2a35abaf73ade0
wqp,wqp:21SC60WQ_WQX-B-345,2006-09,ANFIS-T-no-current,314563,047c8e20f2d96de415bd865bb0b2a64e6ea1c84e0d3267e613e646e0f524bbbf
wqp,wqp:21FLSFWM-L008,2007-06,ANFIS-T-no-current,314563,047da9df565124db4b362decebef659a63fb2f209d5b6744472cce16dee003e3
wqp,wqp:21FLSFWM-L003,1988-07,ANFIS-T-no-current,314563,047e00cf4e9f5abdf469a3592631cd136673bfe2ea31f3dc49b1cf7d64609aa5
wqp,wqp:MNPCA-02-0045-00-202,1996-06,ANFIS-T-no-current,314563,047e320a8da3dfa293709bab1a62eb2495af9ad1c6d6fd265d9b035e3ceb0a1d
wqp,wqp:21FLSFWM-D02,1983-02,ANFIS-T-no-current,314563,047f25fc7d81ca1d1e2b36e1f16ac9b531c30fe152dfc067c067eaaefbb053df
wqp,wqp:21FLSFWM-L003,1995-05,ANFIS-T-no-current,314563,048162b042bd52b696be7ee8e62ceb9b402bec1961f1d203f12f44ecba52ee14
wqp,wqp:21NC03WQ-NEU019P,2007-09,ANFIS-T-no-current,314563,04822186b66b01010adb069608eb96ee5e7ef8792f6087263ee65d98549f04a9
wqp,wqp:MNPCA-02-0045-00-202,1988-07,ANFIS-T-no-current,314563,04832896042e7927b86050c675f21bc0b5a37d9a18874df92278bcd6d6324a9c
wqp,wqp:LAKELAND_WQX-LH11,2010-04,ANFIS-T-no-current,314563,0483aba7628f092caff94bd7ef5abc5f6e41a5734aff4d5448f095a923301190
wqp,wqp:USGS-12301600,1974-06,ANFIS-T-no-current,314563,0487b47ab8f2ec93040f37f364e38dc33846c57161804f6743ece1f234ae1fba
wqp,wqp:CAPECRD_WQX-280,2017-08,ANFIS-T-no-current,314563,0488249996fdc87d479517cf013f84e4c3975932a84f1d4b8f269e763f827054
wqp,wqp:21FLHILL_WQX-135,2000-09,ANFIS-T-no-current,314563,0488f8a161ea6cbe359b618c9e2e28d5dc6bff8d7d8fcbf50db7f1e507def1b1
wqp,wqp:21FLSFWM-E02,2004-02,ANFIS-T-no-current,314563,0489685bb2613199bccef1e83e89eadf31d1adf01592b92c4289c65a9824fd53
wqp,wqp:21FLSFWM-ISTK6,2006-01,ANFIS-T-no-current,314563,048c0b3234c26f3a47192490543918a835cae156c71cdebf17d19d0e627e6925
wqp,wqp:21FLSFWM-LZ42,2002-09,ANFIS-T-no-current,314563,048e0fdc2a2d2544178f8c85a6ada3b9b44f9735fd06960d0cb758a3898c145c
wqp,wqp:21DELAWQ_WQX-109191,2007-02,ANFIS-T-no-current,314563,0490be7300184a9ba62266dfdaa2de97936998ce627886cb7a544fb114b22f42
wqp,wqp:21NC03WQ-CPF087D,2011-04,ANFIS-T-no-current,314563,049439930038a0c66945aef0949c099159e1c96a8bd37d3dc7493596bac3a875
wqp,wqp:21FLSWFD_WQX-23389,2008-09,ANFIS-T-no-current,314563,0494ac74136da6855a3959b0676655811bb0bb0c927e6711808bd5dd6e667bf9
wqp,wqp:21FLCBA_WQX-WAL-BIGREDF-1,2017-06,ANFIS-T-no-current,314563,04972e1827fa71673e5ab1ddc240ecdbd523bdf1def1e0dd675b26f94703ec82
wqp,wqp:21SC60WQ_WQX-B-339,2009-12,ANFIS-T-no-current,314563,0497ad18efa142d5a1bd4923aeae0b62203c9fbe5d877b1b7568b28a4619a9e8
wqp,wqp:21NC03WQ-CPF086F,2009-09,ANFIS-T-no-current,314563,049936233fa7d77d25e82fdb15fe9100e26b20d7b2b7ff4551d3a66c45074c52
wqp,wqp:MWRD_WQX-BARR3P,2008-07,ANFIS-T-no-current,314563,049b43912c0b9305b64ff439f02f5451e654a92a18fd242c63c6ad27bce67fc3
wqp,wqp:USGS-423526088380101,1984-03,ANFIS-T-no-current,314563,049dc81f2ab541cd9bffcc1aa884dfb27f14400c100e5ce9ba933d0eb96c8ffc
wqp,wqp:21FLSFWM-POLESOUT,1996-01,ANFIS-T-no-current,314563,049faf9a279d0dcae55744f4df29ea5b46aeb2aa7aa09d85cb7db2faabf01efa
wqp,wqp:21FLSFWM-MH32000,2004-04,ANFIS-T-no-current,314563,04a1c03504522489e20205613e98cc0f3b5ccd55cab4c64d721611e36a4f90b2
wqp,wqp:21FLSFWM-PLN2IN,1993-06,ANFIS-T-no-current,314563,04a48e8b8e3dbb73878ff75785c3aca0862b45e1ee2416d4b2dca5d0b4362985
wqp,wqp:21DELAWQ_WQX-109031,2001-05,ANFIS-T-no-current,314563,04a4f5d50110681d31b0c2f93a653c449e5edfe02d1fe18f4c6ed1580dfcd592
wqp,wqp:21FLSWFD_WQX-23144,2013-10,ANFIS-T-no-current,314563,04a5c89d8e83f79f6a0809d2dd7aea0efeae0e03347f62eff513327b5c97de7d
wqp,wqp:21NC03WQ-Q5360000,2012-03,ANFIS-T-no-current,314563,04a80acd440c2aa052b97416c7c063f591f83d696d8c4b8ae3881aa3326945c7
wqp,wqp:21FLSWFD_WQX-23609,2015-09,ANFIS-T-no-current,314563,04a9a4e0dd8fdf1134fb4fb6e8fa976cdbb720cc4d59246abcb83710d71a467b
wqp,wqp:21FLSFWM-L006,1984-05,ANFIS-T-no-current,314563,04a9be581b9c5d99d5532930a5d3a5895d76431e7a100ce0ae902471ade3bfa6
wqp,wqp:21SC60WQ_WQX-SV-340,2007-01,ANFIS-T-no-current,314563,04ac809f8b1ec2793d6d393915193f146c825e7683400bea86ebf64bd27f996d
wqp,wqp:21FLSFWM-KBARMID,1989-09,ANFIS-T-no-current,314563,04ae4212dacab5088a4ea181fb69f46b1fb31432acc15b77f660813790cbeda3
wqp,wqp:21FLSFWM-TIN8100,2002-02,ANFIS-T-no-current,314563,04af484b8ff2c8953e6f28f5ae0647123858322342f6ded9deeb2b021732d943
wqp,wqp:MWRD_WQX-BARR3P,2009-06,ANFIS-T-no-current,314563,04b3d0010ca69a77565de0e552cee9ead9af3114cd36ca3d9c105864454deb51
wqp,wqp:21SC60WQ_WQX-B-345,2013-12,ANFIS-T-no-current,314563,04b4df10acf63cd2abcd385c8f024204588c5c5b71320734d3c333f54a77556a
wqp,wqp:21FLSWFD_WQX-23438,2014-03,ANFIS-T-no-current,314563,04b55386813f2ecda1d569eade40af34d8cf20a10fe7d5a764197d47bd9a8421
wqp,wqp:21FLSFWM-ISTK5,1998-08,ANFIS-T-no-current,314563,04b65ec6e46c130d2315650d51ff940ffa91234322a9a3ccbae6e7f88124035f
wqp,wqp:KAWNATON_WQX-KN-KL-010,2015-04,ANFIS-T-no-current,314563,04b81ec2aeb0c969a44cb5a0595c3865d472d575d3d0d1bdb40173007be2b632
wqp,wqp:21FLSFWM-CLV10A,1999-06,ANFIS-T-no-current,314563,04b8b708924b984b93789cf77c2323204808f7862f885ae2243024dce982371f
wqp,wqp:21FLORAN_WQX-CC6,2013-11,ANFIS-T-no-current,314563,04ba20c545c7c4bd72e8b70ba7865d853c3dbf7076c9cb7ad3f0ae37159c80ba
wqp,wqp:21FLSFWM-ISTK1,1997-09,ANFIS-T-no-current,314563,04bb0286976cdc8d46cf98c207ba3ce61f27a8a987249bd44d322491d18994f0
wqp,wqp:MNPCA-02-0075-01-204,1977-10,ANFIS-T-no-current,314563,04bcfe2299ca7d5cd1a5e2854b0461de224f4f3a441c47886a5174e4a3eaef3b
wqp,wqp:21FLSFWM-L004,1992-01,ANFIS-T-no-current,314563,04c092d908c224ba532c016af3fedba9220c8c33000311ce3a275b1fb86f4b17
wqp,wqp:21FLCOLL_WQX-LKTRAF4,1997-07,ANFIS-T-no-current,314563,04c0cc87e4a2b1c1f7f399989dd7d755eba52730619d5fd1c4c00409adb1e0e3
wqp,wqp:21FLORAN_WQX-BC9,2018-04,ANFIS-T-no-current,314563,04c1ebec497221d0ccab03d93e528fcef948a28c295c74a5042717165524db60
wqp,wqp:LAKELAND_WQX-LH8,2011-06,ANFIS-T-no-current,314563,04c4935cb77005189ae8cc0a538f259f6cd3cc2a7bf06af505bebfcc3822711b
wqp,wqp:21FLSFWM-L005,1988-07,ANFIS-T-no-current,314563,04c51a0f5a1361db05239be6bd560c9b04a72512124c6c351fdfa24d06e5f39b
wqp,wqp:21FLSFWM-D02,1992-12,ANFIS-T-no-current,314563,04c751486bc6d31ad310d03caeac982e3d60f5bcae8dec3efb0a7836d3c8b1c2
wqp,wqp:MNPCA-86-0297-00-201,1996-08,ANFIS-T-no-current,314563,04c79a5e47ce400c0430cd885ec2931e2fb89a13b2b3d163528d3492df3bdb70
wqp,wqp:21FLSFWM-L004,1990-10,ANFIS-T-no-current,314563,04c850c72ea3ef86b2a2b1e1a1f6a1a2bf911a170c559e2700adea242bdc8c92
wqp,wqp:21SC60WQ_WQX-CW-231,2004-12,ANFIS-T-no-current,314563,04c9de8d8dbff9ed442c01fb418932a6f1087e5a60b06d3239b84b685cebce29
wqp,wqp:21FLSFWM-L003,1982-02,ANFIS-T-no-current,314563,04ce1bf527a9da1b992c15efb246b8a4aae3eace1eca6524820f40a9a768f530
wqp,wqp:21SC60WQ_WQX-S-024,2015-06,ANFIS-T-no-current,314563,04cf59e25af0edc6d559ae3db766c6b751ebfa420425688763416a6d1432ed24
wqp,wqp:21FLSWFD_WQX-23389,2010-05,ANFIS-T-no-current,314563,04d247ca3b223c80f2a206fe90f977c001587f95790d9bec86b84fa25ab14de5
wqp,wqp:21FLORAN_WQX-CC18,2011-11,ANFIS-T-no-current,314563,04d29c77b21faab20de39331859750189e7fae8f0ec5c9c9165f3ed36290d294
wqp,wqp:21FLORAN_WQX-CC11,2018-08,ANFIS-T-no-current,314563,04d3745f261923578fa8ce945d6a9a27b1c591680ebadc58cce9006640b0e986
wqp,wqp:21DELAWQ_WQX-206361,2006-11,ANFIS-T-no-current,314563,04d929aefd7fc85c6137269fe548713d2beb6afa631afe589052558a1e7c5db9
wqp,wqp:21FLORAN_WQX-HB65,2018-07,ANFIS-T-no-current,314563,04d98d3a6430a917a563b71c3d9b43f13cca5b4aad0681a093af88745a7add2a
wqp,wqp:21FLSFWM-PALMMID,1990-01,ANFIS-T-no-current,314563,04da4bb11d7ec643ceb8ec74249100eac90fbe171666f8dfb96ddaae1cf5c4b3
wqp,wqp:21FLSFWM-D01,1984-02,ANFIS-T-no-current,314563,04db9481c26492474acd2e56aaddd296b10d5345a5d5fd9369c2251fd4645f20
wqp,wqp:21FLCOLL_WQX-LKTRAF4,2004-08,ANFIS-T-no-current,314563,04e04192a78e6c8ed16cd29c167fd3086b8b43d3fd87a2edc129c6ec5d331988
wqp,wqp:21SC60WQ_WQX-B-327,2015-01,ANFIS-T-no-current,314563,04e0940bcd37b1dad7e7e81ef60531a836834109b9f740c1243eb731d6f2b55f
wqp,wqp:21FLSWFD_WQX-23613,2010-10,ANFIS-T-no-current,314563,04e1e6db383af103ab7a2bf6c19c9c96333d1e282de0bd250baf53e70000a16a
wqp,wqp:21SCSANT_WQX-SC-044,2017-07,ANFIS-T-no-current,314563,04e4a9f00798ffe49e4e4ca9bd476dfb2beb5032b13ca55c8caebe92bd804c44
wqp,wqp:21NC03WQ-LI01,2012-06,ANFIS-T-no-current,314563,04e4bbd588a50198f3cc7f05a72d11652d206b180adebed4a5c2fb002ca981ab
wqp,wqp:MNPCA-86-0281-00-201,1981-09,ANFIS-T-no-current,314563,04e64b94e3c6b2bf55d0aefac4b391857ae124d210a1a27b4743dedafb9e78e7
wqp,wqp:MWRD_WQX-BARR3P,2012-01,ANFIS-T-no-current,314563,04e9f325bac4876979d64cd71a9420d9387142e0be604281661a94a51c86fa27
wqp,wqp:21FLSFWM-POLESOUT,1997-08,ANFIS-T-no-current,314563,04ec7096a33b41353d7fd5634d533906d3ef71c991b6e8eb4460803de330f1e6
wqp,wqp:KAWNATON_WQX-KN-KL-003,2016-12,ANFIS-T-no-current,314563,04ecbc02f31d125fa8784ad8f587830aedb76e0f8ee8122da3bf8e27576b5eea
wqp,wqp:21FLSFWM-D02,1986-03,ANFIS-T-no-current,314563,04efaf2667b188f4367e85fb6d381cc92f8d1995a122f1e80bc9cf81242479ec
wqp,wqp:21DELAWQ_WQX-308071,2017-10,ANFIS-T-no-current,314563,04f0a7e0d257aa74463ecb870ff0dc86fe88a4d9832cae52838754e9298399e7
wqp,wqp:21SC60WQ_WQX-B-327,2002-10,ANFIS-T-no-current,314563,04f4e925bde96e108f5bc4e39f8fd945f4f06c503d66c0b69fbf4a01b33a64f3
wqp,wqp:MWRD_WQX-BARR3P,2014-09,ANFIS-T-no-current,314563,04f59e9343e6a52aa6a0c170dec279942bf3f9d6dd65a175fafaf7c0e059afdd
wqp,wqp:21FLORAN_WQX-LE53,2018-05,ANFIS-T-no-current,314563,04f7f8ca0bb9c187a13e8587043ce024ac1568c268d25a65ef94cee3dac956c9
wqp,wqp:21FLSFWM-B09,2004-07,ANFIS-T-no-current,314563,04fb1999a7575729a8c9601df09ac14014f3f4746d9ff41b947946239bb6d28e
wqp,wqp:21NC03WQ-CPF055D,2010-10,ANFIS-T-no-current,314563,04fb6a8ed3b0f18f6e2a3a6479fbccecbe16002c689b0a9a5fcc37a7def01f22
wqp,wqp:21SC60WQ_WQX-SV-335,2004-02,ANFIS-T-no-current,314563,04fc4cb95cf7a64093189bf2981f811186873d67a771dac52dd4700e0b2e8679
wqp,wqp:21FLSFWM-L005,1981-11,ANFIS-T-no-current,314563,05010bacd204ea48cb8d5e6e7662473836171b4693029fb793a8bc58f527eae9
wqp,wqp:21VASWCB-5ASRN000.66,2014-10,ANFIS-T-no-current,314563,05025bbe8faee315a27f91b78e45c9f5611c60ea28067552540a278e15690372
wqp,wqp:AZDEQ_SW-32,2013-01,ANFIS-T-no-current,314563,050290ea939af8640701a3cacf4c4db429356a402b6691a52090e6b123acf6fd
wqp,wqp:21FLSFWM-LZ42,1993-07,ANFIS-T-no-current,314563,050854ababbb3a21a520bf844945f570a0744091b6bf0bfe464ed0835d055a28
wqp,wqp:21SC60WQ_WQX-CL-094,2007-01,ANFIS-T-no-current,314563,050aa1fc9e910dbb907e8be73ac211f43c0c7d0732a0caaee44c123c271aa3ab
wqp,wqp:21SC60WQ_WQX-B-345,2011-04,ANFIS-T-no-current,314563,050bcac93d1786d37eb476df7b06216bb78a18a523d94ee1cd1a024fcb7d9ce6
wqp,wqp:USGS-07049200,1983-08,ANFIS-T-no-current,314563,050bce371cc05f243dd8c58e0dfa9a3334538a19ce1b9d8925f24486ff4f3288
wqp,wqp:21FLSFWM-C03,1984-03,ANFIS-T-no-current,314563,050e4ca94aa7918668195406d31f17124cb96d71395a0333838a3a70de837498
wqp,wqp:21DELAWQ_WQX-110011,2004-05,ANFIS-T-no-current,314563,050ffe07fdd7625e27679cd3f6ffe4aa001d7e1e0ad409e01577d75272d75190
wqp,wqp:AZDEQ_SW-32,2013-11,ANFIS-T-no-current,314563,051115a7948686400477e93bdd686a4e4aada3d934e072d1f2a66de5f990355b
wqp,wqp:21FLSFWM-KISSR0.0,2002-03,ANFIS-T-no-current,314563,0511fb614a4082005b52ac0600c1434b6955bdd5a3876922a8b77fb2780063ef
wqp,wqp:21FLSFWM-PELMID,1992-10,ANFIS-T-no-current,314563,051347875ec1fdf17b5a65f83e76410e6de8a80853a5070801ce57839a6712f4
wqp,wqp:MNPCA-25-0001-00-261,1991-08,ANFIS-T-no-current,314563,0516c04d8de6fa34eaf41abb889eb0e376f159cebb249bbd6a6d8c24e959e6dd
wqp,wqp:USGS-423556088365001,1995-08,ANFIS-T-no-current,314563,051834ed37c88037f113af9d0cbb18c3a98d6d4fec20c897f72425ce14e55c6a
wqp,wqp:21SC60WQ_WQX-S-222,2018-02,ANFIS-T-no-current,314563,05183af3846aeb173493c087d3ef2e861306438f9df8db01132e16518a1af2e6
wqp,wqp:21SC60WQ_WQX-S-311,2003-08,ANFIS-T-no-current,314563,051ad748fe523331ee6d4de620c4a1ed14df39bb19edf0aee54cc1cd80be5e22
wqp,wqp:21FLSFWM-B09,1992-06,ANFIS-T-no-current,314563,051f239f59a22ec69d4aa1d68af1bc950773b7ecba89efbfe4a720d94fedd4ff
wqp,wqp:21FLSFWM-OISLAND,2003-03,ANFIS-T-no-current,314563,0521236b857004d872cd2b4267125d2510ff8c57cef35975a4e89a62446d25da
wqp,wqp:USGS-072632992,2011-05,ANFIS-T-no-current,314563,052163730f4dd3a52a709dd1b35b36f89a84a59940bc4ba87f39642011d9e21f
wqp,wqp:21FLSFWM-A01,1983-11,ANFIS-T-no-current,314563,0522ed179262721b9b7277131f4936e48a195ddc68d47c12864d8e6d0ab66918
wqp,wqp:21SC60WQ_WQX-PD-327,2003-07,ANFIS-T-no-current,314563,0528de22957c054d412935b6e5794af6e8e7291f8d567a663b063d2244bf2be6
wqp,wqp:21FLSFWM-D02,1985-09,ANFIS-T-no-current,314563,052ad88c5344e4ff1e251034f11d524c1121ab1575d42cb7f6e9a71fc0662e8f
wqp,wqp:21FLSWFD_WQX-23144,2009-01,ANFIS-T-no-current,314563,052c591f83b375893345e6613ed56b32a650bed144a5927c7758974203da1c32
wqp,wqp:21NC03WQ-YAD152A,2009-06,ANFIS-T-no-current,314563,052d31f4ad389d03894f61f4d3982548e90eb59ec41985019a046f791e2d867c
wqp,wqp:21SC60WQ_WQX-PD-327,2009-10,ANFIS-T-no-current,314563,052f355dd350cf101bc11b3fcafc4bd49be973d050fb444647018e417647a62c
wqp,wqp:21FLSWFD_WQX-23613,2007-10,ANFIS-T-no-current,314563,052f498e7a9b96a9fff36c2d2d0a18a649fbef04e4c7bff70ddbabbc43f122ed
wqp,wqp:21SC60WQ_WQX-SV-335,2004-09,ANFIS-T-no-current,314563,053255478182bc09c1156c3bfa52a037af1307954f960cf58df2871f628607df
wqp,wqp:21SC60WQ_WQX-CSTL-075,2002-05,ANFIS-T-no-current,314563,0532b95db9fa1e7f6acafd411076fdd1db63babd3d708fe509d049a7cfb30ce6
wqp,wqp:21FLSFWM-STAKEMID,1989-01,ANFIS-T-no-current,314563,053321c88350658fdff867a115467ba00259453589e7267bd2aef16191e131d3
wqp,wqp:21FLSFWM-C03,1985-09,ANFIS-T-no-current,314563,0534336a635987700a125b5c29d412d8eceaa3479a30733bd20205c6983e8292
wqp,wqp:21FLSFWM-STAKEIN,1986-12,ANFIS-T-no-current,314563,053446c66304d859f9474dc47a271ac85b6548451135ad20ca277469d0ab1f8b
wqp,wqp:21FLORAN_WQX-CC13,2007-12,ANFIS-T-no-current,314563,053501bcc87c1a3079bfcb7c077e654de3e1d102322f7828eaaa0af722dd02d2
wqp,wqp:USGS-0726329710,2009-01,ANFIS-T-no-current,314563,05384d7065a16d64dd9216be0ba0eecac35f1469de479606f07cd65d07ef2ca4
wqp,wqp:21FLSFWM-L006,1980-04,ANFIS-T-no-current,314563,0540087d142155f9808f667e185f3f33dc34fc641ef5c2b86b8c48206b0f6b32
wqp,wqp:21SC60WQ_WQX-PD-327,2015-09,ANFIS-T-no-current,314563,0543f766a97b9165b258fe3f16ac78715429b38de1ca8d2a19d2539318445518
wqp,wqp:21NC03WQ-CPF08801A,2001-11,ANFIS-T-no-current,314563,0544e6f9f615968a94fd2fbe17517ea52eff287c5a2e4441e565e2121990534c
wqp,wqp:21FLSFWM-LZ42,2003-07,ANFIS-T-no-current,314563,0547189271ad5bdff54b10060b14ee0f28fd5a5f95c7d08b24ea531203cc3f99
wqp,wqp:21GAEPD_WQX-LK_12_4048,2016-10,ANFIS-T-no-current,314563,054793188651510514c54da17308975a04293770766188c5915dfbc1f08c92f8
wqp,wqp:21DELAWQ_WQX-208181,2016-09,ANFIS-T-no-current,314563,054c039e4790b297a280609ec3cc649415b69c1b0ed5e08696684977b12ee4ba
wqp,wqp:21SC60WQ_WQX-SV-098,2006-04,ANFIS-T-no-current,314563,054cd9d6b4ef3f1dfa0f118d6245acc0e9bb4514803994522a36de7931e13609
wqp,wqp:21NC03WQ-Q5360000,2008-09,ANFIS-T-no-current,314563,054f36a990951f8b606e45d90249086ae58b0cc67d1d8b207d20bad443d3af61
wqp,wqp:21FLSFWM-L003,1997-08,ANFIS-T-no-current,314563,05503d787243703688d96e35eef509f929578a4308c5d9a30f991b0e7290b4a1
wqp,wqp:21FLSFWM-MH16000,1999-10,ANFIS-T-no-current,314563,05543d8ff7d53b656a07a4094d293d35df770f4212b29c17db75b7c237da2cc9
wqp,wqp:21GAEPD_WQX-LK_12_4048,2018-01,ANFIS-T-no-current,314563,0557fc5c011121e00eaa9d2edc161e957ca03a8bb68c3532eef309be6105e33e
wqp,wqp:MNPCA-62-0055-00-102,1986-09,ANFIS-T-no-current,314563,055af64e8f079e7fe2c827c090fdb18ec8a68fceae0170b3f10e6d9efb48ad15
wqp,wqp:21FLSFWM-TIN8100,2008-11,ANFIS-T-no-current,314563,055f096202dc852de3c704a3287f5591a085b83f6fbafe8d61d83763110a054d
wqp,wqp:CAPECRD_WQX-290,2011-06,ANFIS-T-no-current,314563,056011a24da121ef89b6d077160a28d7ea21e1e8714598a697e42cdb14ff7cca
wqp,wqp:21SC60WQ_WQX-SV-098,2009-06,ANFIS-T-no-current,314563,0561dd9f4f4cf3b93890357c2a7d32ad62a52a6dfe02dc5a17900301ad35f1f2
wqp,wqp:21SC60WQ_WQX-SV-361,2008-03,ANFIS-T-no-current,314563,05644ae2c7818772c2730182ec8548ba629bb5e16907ecff2d61e787b91c9cce
wqp,wqp:21FLSFWM-L005,1987-04,ANFIS-T-no-current,314563,0564eb6e0d8352d7a61130fb31e9c231203cb29ccbbf5875b4ff14ecf75bf0e7
wqp,wqp:21FLSFWM-C03,2006-10,ANFIS-T-no-current,314563,0566537d149672fa53373bf01c483e76a6eaf05044944d1430a5f2571975e5f0
wqp,wqp:21FLSFWM-C03,1994-03,ANFIS-T-no-current,314563,056716718a9846a4b25c907af870a5dd3bf7828b16025a97d52675dc364f429d
wqp,wqp:21FLSFWM-L004,1983-12,ANFIS-T-no-current,314563,0567acd99fb5f88587efdc90fb55da7d6d5ebaff54d039aea3a3fd390cf9ad4d
wqp,wqp:21SC60WQ_WQX-B-327,2013-03,ANFIS-T-no-current,314563,0567ae9aba4fef2322d3ab0d97d8d7b5f440b91fa4d4abec43fdd234f6684c7d
wqp,wqp:21SC60WQ_WQX-S-024,2018-08,ANFIS-T-no-current,314563,056a5d8720bee55e12770b9209c17b1e495bd2bdaedafa6dedf51a36ca30aca9
wqp,wqp:21SC60WQ_WQX-CW-174,2017-01,ANFIS-T-no-current,314563,056b5e39153af98dd8cf16842f82c859fb83bdb8cb3d30d3e13fb7635ae8b043
wqp,wqp:21SC60WQ_WQX-S-310,2007-12,ANFIS-T-no-current,314563,056e0d68dcdc141143b8ed38a0d9e10957cccc5f21414f71320903672aac04bf
wqp,wqp:21FLSFWM-LZ42N,2008-10,ANFIS-T-no-current,314563,056fc36cc98ec967dc186faa567b362159c6027a1ffeabce20e06cf97bfd7db8
wqp,wqp:21FLHILL_WQX-135,2009-09,ANFIS-T-no-current,314563,0570b418b1490966f799b535939defd4a63e75b5d5e480329dfed52ce3f45536
wqp,wqp:21FLSFWM-D02,2004-08,ANFIS-T-no-current,314563,05717b540238910f0abc1119292f61ea7f373c755eff6d367767ac129eca72f4
wqp,wqp:21NC03WQ-YAD169E,2005-11,ANFIS-T-no-current,314563,057456de46d033aee6c7ea1935dfea86f31707f1bd562c935be9431ff25da28e
wqp,wqp:21NC03WQ-CPF087B3,2013-05,ANFIS-T-no-current,314563,0576219925d2d0561cd956ede9442c690347ba4b8e03d7fccf819603afd34c01
wqp,wqp:21SC60WQ_WQX-B-345,2009-11,ANFIS-T-no-current,314563,05793f2eec64a7e011f12ea83318610e455fa215eb166a77675a061d444ed8e8
wqp,wqp:21DELAWQ_WQX-109031,2000-06,ANFIS-T-no-current,314563,057d4f2bbff10cd23b9cc2745620ce7215b7adbe20cedbe51cbdbb3502b3bd72
wqp,wqp:USGS-07049690,1989-06,ANFIS-T-no-current,314563,058031f0dc296798b43e2f60090dffa83fb655d4434f53521dfbba7bb14ac196
wqp,wqp:21FLSFWM-PALMOUT,1993-10,ANFIS-T-no-current,314563,0582707c40747ff4390ed46742b9d2269ee39ae8d17d833bf88c03cc0375cfcc
wqp,wqp:21SC60WQ_WQX-CL-094,2006-05,ANFIS-T-no-current,314563,0582b66bf061865bcfdad3de9e69272cbb6e169fb09dd4c3cafdc638a4b18897
wqp,wqp:21FLLCPC_WQX-YALE,2017-10,ANFIS-T-no-current,314563,0582d467b388813e393ed523efd1cf27d6f929c6c6919e07f437ea41563c26fc
wqp,wqp:21FLLCPC_WQX-LKSILVERSHR,2001-10,ANFIS-T-no-current,314563,0583310e920ef7508c8b1baa58cb38b63abccabcb6cee2932d496e502df7011e
wqp,wqp:21DELAWQ_WQX-303051,2009-10,ANFIS-T-no-current,314563,058610f9187c3d17893955ab1dd9028062fae551bea22dee262cf16faf10c6c3
wqp,wqp:21FLSFWM-ISTK3,1999-05,ANFIS-T-no-current,314563,0589d04740bdf39ed8be5c827430fc54ca133878451406c8b5acf88dee7ce899
wqp,wqp:USGS-295554095093401,2007-09,ANFIS-T-no-current,314563,058adbe513a164bae5b6163e51001038ad150761a2eaa7c3cf9dc2d3e878258b
wqp,wqp:21FLCOLL_WQX-LKTRAF4,2009-06,ANFIS-T-no-current,314563,058fb38d5ee79323a69593f9b76acbd9bfb4decf0f4bbb1786f911343a20d14a
wqp,wqp:MNPCA-02-0045-00-202,2004-06,ANFIS-T-no-current,314563,058fe5a31ce6a5750f8f4a4513f23e6254c502e24b8f9b41d824e503f729ced2
wqp,wqp:21DELAWQ_WQX-109031,2000-09,ANFIS-T-no-current,314563,0590cdd449b9a261dfc8a10372c58cd10db60dc4f5d06240e769ba1c856ea0f9
wqp,wqp:21FLSFWM-L005,2000-10,ANFIS-T-no-current,314563,05927a63d9e5229bc74d8d4163b4125e42cf9344408f55324b12967adb962bfd
wqp,wqp:21FLHILL_WQX-135,2006-07,ANFIS-T-no-current,314563,059309329d06cce6d0e230699f20d1690394d0b539cc4ba4236b24ffab0eb0e7
wqp,wqp:CAPECRD_WQX-280,2014-02,ANFIS-T-no-current,314563,059b6b8ec3b5771af8156109cf2050c0addd1abc371e272adca794700308c3c0
wqp,wqp:21NC03WQ-NEU018E,2013-03,ANFIS-T-no-current,314563,05a0612f34b1767e141494d7e54182c91bc86df164bca05c117434fba57f0fb0
wqp,wqp:21FLSFWM-POLE3S,2005-12,ANFIS-T-no-current,314563,05a1bbcf7c6f05879d00ff7e4f2b7bd727a710de563633a3016278cf9bef2980
wqp,wqp:21SC60WQ_WQX-CSTL-075,2004-02,ANFIS-T-no-current,314563,05a5206bd495f248d7ce3a0a83b5478f8e8df71872df16604e70491007240b6a
wqp,wqp:21FLORAN_WQX-BC14N,2008-10,ANFIS-T-no-current,314563,05a75b3f5b6b4374e53a980f1a0353b975b0b12491898a09d0ce1684055ebfb4
wqp,wqp:MNPCA-86-0297-00-201,1981-04,ANFIS-T-no-current,314563,05a93683adfad9f3e01f017d2e72d34842d3ada64f96babc1cefc07e1efeb29d
wqp,wqp:21NC03WQ-Q5360000,2009-01,ANFIS-T-no-current,314563,05a9cf14cc5872330358c5a31c50ad716ac96432ef6834254d644cc605f9e2b6
wqp,wqp:USGS-07049690,1987-10,ANFIS-T-no-current,314563,05acfd8ffb336466f6a04f473e26a531f24e4915dc1a354d8bcdec4b5c729e10
wqp,wqp:MNPCA-62-0054-00-101,1985-11,ANFIS-T-no-current,314563,05af192592456498b36a636d69d83585c085bdb231d72127dfad2f46f5e5ed3a
wqp,wqp:21SC60WQ_WQX-B-345,2001-03,ANFIS-T-no-current,314563,05b08900d2b3d85334a88b543c87c52e5e3c27851ab2cfad92977052182aaa0d
wqp,wqp:21AWIC-23,2008-02,ANFIS-T-no-current,314563,05b278b28ec8ac7bf01bb2a76c12e8483a08d196e9cc7b1e12b5c4580665a474
wqp,wqp:21SC60WQ_WQX-B-345,2015-01,ANFIS-T-no-current,314563,05b38532f172fd09a8f22f4a91202f8c5150c157ace28383d949643cc7a1634c
wqp,wqp:21FLSFWM-L004,1997-07,ANFIS-T-no-current,314563,05b665854ff88cc804a3047ff2b596f9cda089a80783c55b31bc8a7878f57cb7
wqp,wqp:21NC03WQ-CPF081A1C,2014-06,ANFIS-T-no-current,314563,05b70b5a8285d2a2715b94badc2853cc058f2a208f77cfd10a9818554140d4a5
wqp,wqp:21FLLCPC_WQX-YALEMARSHPK,2014-10,ANFIS-T-no-current,314563,05b79f5be37659e597bba6c55e78ab2397a5165bd9420ecd0bea1e7b29d8bb3e
wqp,wqp:21SC60WQ_WQX-CW-033,2007-06,ANFIS-T-no-current,314563,05bd637d09419f92fba37dc6bbdd4ea4a4ee1f78d41026601ffbf51e8b930c71
wqp,wqp:21SC60WQ_WQX-SV-363,2010-09,ANFIS-T-no-current,314563,05bfc4b41271a2268971c94cb7eb567beb31989771949ae5c2813309e42c7d31
wqp,wqp:21FLSFWM-TREENOUT,1990-09,ANFIS-T-no-current,314563,05c22de39ecd49eafe33a74528b280c46e8ad47b898c1cd088c32c541acaabb7
wqp,wqp:21FLSFWM-LZ2,1987-11,ANFIS-T-no-current,314563,05c65337496a5c4cef3324da3e73aeaec4037d85596f288074ba39c839d297cf
wqp,wqp:21FLSFWM-TREEMID,1986-12,ANFIS-T-no-current,314563,05cb28b869dd5c15a8a60fd964349a5e3c7e97b9190a7d8dc70068174de0549b
wqp,wqp:21FLSFWM-B02,1988-04,ANFIS-T-no-current,314563,05cb54037de0f098848bff56940bad535fcb4fa517bb65467e0a5c381ce208ee
wqp,wqp:21FLORAN_WQX-BC8,2015-05,ANFIS-T-no-current,314563,05cc8897773298d41e62386ecba9057d3d8b99755a5701d825b164c384c0c3a8
wqp,wqp:21SC60WQ_WQX-S-308,2016-05,ANFIS-T-no-current,314563,05cdf589b9b26198a09b2cd4e6f595f69b8a6d0217a5c5715892892eaf18eea7
wqp,wqp:21SC60WQ_WQX-S-308,2010-11,ANFIS-T-no-current,314563,05ce4225f1def6b6ff0a1d6bd2b9bdc7b27192adb0acd322d1ed8ea921d43a23
wqp,wqp:21FLCBA_WQX-WAL-ALLIGATOR-3,2018-01,ANFIS-T-no-current,314563,05d09d75bd9efacf1f2a9693a3bee87a7c994029427db251df87fb5b1c87055f
wqp,wqp:KAWNATON_WQX-KN-KL-003,2011-06,ANFIS-T-no-current,314563,05d1d87c198f3e33e608f2193b91ff96b00c41589f81cb016c62fa5d817b9a08
wqp,wqp:MNPCA-10-0048-00-201,2006-06,ANFIS-T-no-current,314563,05d62dd9c1d8377668ff743750a08272add19b6564915305c54ec09d04920a77
wqp,wqp:USGS-072632972,1991-09,ANFIS-T-no-current,314563,05d8c9518d7a8816c45ab1db0f271ba03051e08ed9e0287aa809b8573111b5ab
wqp,wqp:21FLSFWM-L006,1993-10,ANFIS-T-no-current,314563,05de286a8974302b12762ca13328d163425c36eea955496e56dfb683a47bbfde
wqp,wqp:USGS-072632965,2006-06,ANFIS-T-no-current,314563,05de5395e2f9cdd808306614482f2c5fbe5327bb1627aecde4a5ca8188de919f
wqp,wqp:21FLSFWM-RITAWEST,1993-12,ANFIS-T-no-current,314563,05dea7454311062420654905b8057d0a6df7cb10bdf01ed3cbcf6234a7626dc5
wqp,wqp:21FLSFWM-B09,1995-12,ANFIS-T-no-current,314563,05e2d58912fdc757b795c9cd5ed18556c22c207aa547155ba8da88ca5ca5533a
wqp,wqp:21FLSFWM-LZ2,2002-11,ANFIS-T-no-current,314563,05e3a0050edcd6c5e30a124de2c01d471d6cde06c2b56bd671747983c230d9da
wqp,wqp:MNPCA-82-0046-00-203,2011-08,ANFIS-T-no-current,314563,05e5e85f8cfb914276dff3e4db57be119499b71953533c7a8e526c1fa489a59a
wqp,wqp:MNPCA-82-0046-00-203,2000-04,ANFIS-T-no-current,314563,05e63446378a989f31f864e72e1149376e661f26d220d90688cc4ccb8ca32795
wqp,wqp:MNPCA-86-0284-00-100,1985-10,ANFIS-T-no-current,314563,05e789ebd843f1ea8dfb8ddf2c368531f86d6d911c5d6602dd2b12cf3325c810
wqp,wqp:21NC03WQ-LI01,2013-04,ANFIS-T-no-current,314563,05e7dc9a578d35148c16b56e53b0fd8193110f0db17aea6fdb1ed8d0e0bcac47
wqp,wqp:21FLSFWM-L001,1993-07,ANFIS-T-no-current,314563,05f168a97beaee9a39f779a28606a7d86cce9a5cff13a008829f7f9495c2fda3
wqp,wqp:21FLHILL_WQX-135,2012-12,ANFIS-T-no-current,314563,05f40d60ee50772bd5fc13cfac0cd3aa2e6d613ba2852ede748f535ea0b3576d
wqp,wqp:MNPCA-10-0007-00-201,2016-07,ANFIS-T-no-current,314563,05fbfc61f92b66ba7cf6b04c0e1eb4dab190b6cf62c5ca8c212bb65c382bff7a
wqp,wqp:21SC60WQ_WQX-SV-338,2015-04,ANFIS-T-no-current,314563,05ffe875f22db4dbb225c25d29a0d3e2d1f465331b7458d6bb4e427bbc2f6d24
wqp,wqp:21SC60WQ_WQX-CW-016F,2007-08,ANFIS-T-no-current,314563,06037e11c3991b84474f81cdae4b48efffa135fb85f0f9de6e3a9a78a3dc4d72
wqp,wqp:21DELAWQ_WQX-308071,2008-03,ANFIS-T-no-current,314563,0604bce77ff777e61648540c22fb8a96fe2a6a40abf4d43004d6eeb16a503b0f
wqp,wqp:21DELAWQ_WQX-308071,2013-04,ANFIS-T-no-current,314563,06053bb439ae5eb181c66482db5c64bc9149e782cd4af2861c5d163c8926b57d
wqp,wqp:21SC60WQ_WQX-CW-231,2008-04,ANFIS-T-no-current,314563,060947df3783345fe8bcc3aa49eb2d7e37dea410ea3ce9496334fad06a8421ef
wqp,wqp:21FLSFWM-B09,1994-01,ANFIS-T-no-current,314563,060b6327fa0e1d755d27ef600049c592b1915381c2b986b770fe95c73a382214
wqp,wqp:MNPCA-25-0001-00-215,1991-08,ANFIS-T-no-current,314563,060cc23548b3b3aa18e32d2750456612e82800238724e6d071ff7140606eba58
wqp,wqp:MNPCA-86-0252-02-207,1986-02,ANFIS-T-no-current,314563,060e41c1f2580f30a2f8d258a292255d312104ff54247573849bf779b8ef4d11
wqp,wqp:USGS-0690367690,1991-09,ANFIS-T-no-current,314563,060eaf24f929598daa459079959e17454fc3152dbf8bf9acf282e853ad5a97be
wqp,wqp:21NC03WQ-YAD169A,2005-12,ANFIS-T-no-current,314563,0611cf00aa5bc45b4ecb08065fc43d0bfa334f339b618f6172e8a1f2dcc94c08
wqp,wqp:21FLORAN_WQX-BC7,2009-04,ANFIS-T-no-current,314563,0613b698c7643bc98d397461be059f9e42de3817e1f51b0f6c51b000c7db4f9f
wqp,wqp:21FLSFWM-L005,1978-03,ANFIS-T-no-current,314563,061404156933b07b5081e1b47c54dcca227414a093f1d33a3a1bd437a8ad8e81
wqp,wqp:21FLSFWM-LZ30,1996-11,ANFIS-T-no-current,314563,0615f00f662f28f3b5302545de1e91b9a110e06a9d5c3748e23d64db0b7b0f91
wqp,wqp:21FLSFWM-D01,1984-03,ANFIS-T-no-current,314563,0616cc53e4747fe190645375da7745bd0cd22ae3faa4fd340d03f2817e12cf45
wqp,wqp:21SC60WQ_WQX-S-308,1999-06,ANFIS-T-no-current,314563,0617fb0cb8549cc39b808736957e64b21090ad6e398b77481c604f3feda40985
wqp,wqp:21FLSFWM-PLN2IN,1989-02,ANFIS-T-no-current,314563,061bce3c3be0a9c42f8e7f5e29f0440306ee29b21a42a6f4dc33df28a5119d13
wqp,wqp:21DELAWQ_WQX-205211,2006-08,ANFIS-T-no-current,314563,061cf304dea197ccfdfec922cee2b14d0516d001bfb70e72a4914bced7d63a51
wqp,wqp:21SC60WQ_WQX-SV-338,2004-10,ANFIS-T-no-current,314563,061dc343140dd557993e05e17e43c4c6051e6d54ffa3102a00db5fb4a052c7e9
wqp,wqp:21DELAWQ_WQX-307011,2018-10,ANFIS-T-no-current,314563,061e705498dfe434137d7e9e3ef2c291b1d9dd3774dc9b12d0f2676a46b4cd93
wqp,wqp:21FLSFWM-PALMOUT,1996-02,ANFIS-T-no-current,314563,0622584d2a5b36ac0a988bd5f6f314ca78336d32d74fce9c9f6d56a9d16bf239
wqp,wqp:AZDEQ_SW-33,2014-01,ANFIS-T-no-current,314563,062484c88dd1682835c0eaa1498c190b6d4779269453052d4a6b825d2834b281
wqp,wqp:21FLSFWM-L004,1998-02,ANFIS-T-no-current,314563,0624dedfc347031d20625a1cf3b9519a2d611915c2fa5b9283ff84f1217be1c1
wqp,wqp:21NC03WQ-CPF086C,2006-04,ANFIS-T-no-current,314563,062605608a3b5ac7e0d5192150a8f1bfe453b542d3023e9343d47cbf5f2644be
wqp,wqp:CAPECRD_WQX-290,2006-05,ANFIS-T-no-current,314563,062cc039a083e2ed52092dc82e258d002097e1da80c1f89825c0b6189b9e2dc6
wqp,wqp:USGS-423526088380101,1984-12,ANFIS-T-no-current,314563,062ccb611d4358516ea36ff73d991630c5b265885f2b4bb1f48646d33efc29dc
wqp,wqp:21NC03WQ-CPF086CUPS,2014-03,ANFIS-T-no-current,314563,062db1f09b6fdf773b2a888f2f865ea410719222d25cded9e6a53dff9fbb5770
wqp,wqp:OKWRB-LAKES_WQX-520710020020-01,2004-12,ANFIS-T-no-current,314563,062df9eb89f5642b13cb75a85304da2153fe8624e6d65f44616a96dd36c994b3
wqp,wqp:21FLSFWM-L006,1986-08,ANFIS-T-no-current,314563,062e2182f5a764d7e59bda7a68689b987cfb02d076e7da68028d6c9f51c2f2bb
wqp,wqp:21NC03WQ-Q5360000,2010-11,ANFIS-T-no-current,314563,062fc802bd16e9323626ba5884b61e270c38745b4f809510d10f16ca453da0ef
wqp,wqp:21FLSFWM-PELMID,1996-09,ANFIS-T-no-current,314563,0630a1d06ca98aee766fef44f8027798e5e1371923994e2b9c0b3d5c5bf54a67
wqp,wqp:21FLSFWM-LZ42,2004-07,ANFIS-T-no-current,314563,0631fb9c213fa0b42416b76362bb1b0d94cef9b29262d331c909f3cda5c836ad
wqp,wqp:21FLSFWM-L003,2007-02,ANFIS-T-no-current,314563,063577e1e73112f66b041850c9c1ed0a3a3486a7d9cd6fbc90dcac3cfad11cc3
wqp,wqp:21FLSWFD_WQX-23389,2008-06,ANFIS-T-no-current,314563,063bcfa0c6ff36cb448a69b13e847170e1ec4259c2de556bdad6a877b7139dc5
wqp,wqp:21FLSFWM-LZ30,1990-05,ANFIS-T-no-current,314563,063dcbca42aa3b5a9696cca6f15a757433fc7c72b20873f263e4d71e2545de94
wqp,wqp:21NC03WQ-CPF087B3,2012-07,ANFIS-T-no-current,314563,063e81dee42b6e7bb53f53e3fe11da5a3898b2eac39a57825bfc006715084c17
wqp,wqp:21FLORAN_WQX-CC6,2018-10,ANFIS-T-no-current,314563,0645a9cc7b9ab05dad11bad7267db9179b1d5488f1b395db438be347e9b8e672
wqp,wqp:21DELAWQ_WQX-109131,2007-05,ANFIS-T-no-current,314563,0646eb72afd835318476b18d0f2ce1c811dfd3e07a14d754e695fa3514ba538f
wqp,wqp:21SC60WQ_WQX-SV-331,2010-01,ANFIS-T-no-current,314563,06494a49eaf57bb28f63c1b61c1bac302bf0b5e4bbd9ca3e9f7e47193163322a
wqp,wqp:21SC60WQ_WQX-SV-268,2008-10,ANFIS-T-no-current,314563,0649c6ec99d8dada1e6074bb8bac300b5cafd6bb25d52dfe0f132ff5f0696705
wqp,wqp:21SC60WQ_WQX-CW-207,2018-06,ANFIS-T-no-current,314563,0649fdae934dbc50edcd3dff4b379014ad1b0dd491edb35c2d5eab0cc6063d65
wqp,wqp:KAWNATON_WQX-KN-KL-002,2009-10,ANFIS-T-no-current,314563,064c2f737c3eb5637ae63a5f1eed303e072f0ae711ff1d2cc1490d5e0baf42fc
wqp,wqp:USGS-072632965,2006-03,ANFIS-T-no-current,314563,064c7012b976f4f7b0530ff5a400294d139cd98934d7f7779c4a59140d577494
wqp,wqp:USGS-07049690,1995-12,ANFIS-T-no-current,314563,064e096742fb772bc6b68b539dd9f5489e7f67942409ce44c275f58d1b5a6a49
wqp,wqp:21NC03WQ-NEU019E,2006-10,ANFIS-T-no-current,314563,064e9cc042478b49e2e223bae488988001e56ea391594fe5b3e5084e4ee25d9c
wqp,wqp:MNPCA-62-0055-00-102,1987-08,ANFIS-T-no-current,314563,064fe7265557346614d63a66c9afc7bfd43d5016f2d86834baf643feb8a06bbd
wqp,wqp:21SC60WQ_WQX-SV-331,2014-10,ANFIS-T-no-current,314563,06509ec4a8d598aa2d383588912662ba68ca90e523c5b0fa447dab7d7f794f2e
wqp,wqp:21NC03WQ-CPF087D,2010-01,ANFIS-T-no-current,314563,0650ef32d64b6a208f226e5bbb6d6ad462d3170935b0535d1b3271700a61a531
wqp,wqp:21SC60WQ_WQX-SV-268,2007-06,ANFIS-T-no-current,314563,0653400318dc7b705b3f057ff373c4196e01ffa9cb4623d189dcef7d4960f072
wqp,wqp:21FLSFWM-B09,1996-11,ANFIS-T-no-current,314563,065374326d4a8966da61a1a7abf4d23cf4d0d01af5f2918cf01f0efd2926c293
wqp,wqp:21SC60WQ_WQX-SV-331,2000-06,ANFIS-T-no-current,314563,0654a6808f1f909bc12fc492da59abda2e3241c5645c45601f6abacffd7f2614
wqp,wqp:21FLSWFD_WQX-23389,2018-06,ANFIS-T-no-current,314563,06555aa4b1418f527af6db764b194c88f94d13f0703790f3305485ff9f88e197
wqp,wqp:USGS-07048910,2002-12,ANFIS-T-no-current,314563,065c18cdea709fab2340d767cc865d8f94f153b7085063972eea4c4cd266a43b
wqp,wqp:21FLSFWM-STAKEOUT,2007-10,ANFIS-T-no-current,314563,065f0c3510cbb34e168519850b6677629f10dee4a6272cd47c299ee7fa7acfef
wqp,wqp:MNPCA-62-0013-00-201,2012-07,ANFIS-T-no-current,314563,06613a6460fd0a7af626532eebac832be12b17546a56a239c6dc66f3f30ddaa0
wqp,wqp:21NC03WQ-NEU020D,2014-02,ANFIS-T-no-current,314563,0662429f2c8e95a20062717c4adcc59254a6dbc6a8af1d8f80c0a5557e73996c
wqp,wqp:USGS-423659088354401,1990-04,ANFIS-T-no-current,314563,0663ebb14326ebfaaeeaca8716835f8219d059bd0b073259d12deb6771a6e12a
wqp,wqp:21SC60WQ_WQX-CSTL-075,2005-05,ANFIS-T-no-current,314563,06641583376c5be86097d2a32bed1fc1d5564338345e58aaf5d25734ee89865e
wqp,wqp:21FLSFWM-TINOUT,1993-06,ANFIS-T-no-current,314563,066426d98e423207c7b0835fa9bf67106b12cef00d0e11540c6365b3f296eae4
wqp,wqp:MNPCA-02-0045-00-202,1982-06,ANFIS-T-no-current,314563,0665437a703af50b8503341ca031885ead4e55bed1685a44516cb1f896288982
wqp,wqp:MNPCA-86-0252-02-207,1985-12,ANFIS-T-no-current,314563,06658e8c534e0676c28ad996172590605afab9a7913842ed5bf36dc8153c155f
wqp,wqp:MNPCA-10-0042-00-401,2014-08,ANFIS-T-no-current,314563,066b78d55aa308faeae0d9fc3ed253a44323ac2e05f60b9e21e26e387e2a85db
wqp,wqp:CAPECRD_WQX-290,1999-08,ANFIS-T-no-current,314563,066ebcbf9fbe5f43e54f24bdf361efa2b2f250152e59356c2222ab108c128309
wqp,wqp:CAPECRD_WQX-280,1999-10,ANFIS-T-no-current,314563,066fb7b44cc79337282ce35b7b934b799904ce02a6dd97a12f55b0750e390f85
wqp,wqp:21FLSWFD_WQX-23144,2009-02,ANFIS-T-no-current,314563,0675c68f4eded319226d95169401e77ec6ff460c76573b1780c523267b454bcc
wqp,wqp:21FLSFWM-D02,2008-02,ANFIS-T-no-current,314563,06772ef96e7ee34b350ef99722026d0227ab0fc99cd3da7fbecf7e747aae9a0e
wqp,wqp:21FLSFWM-MH32000,1999-01,ANFIS-T-no-current,314563,06773efb817d34cfc227324b2109f86b88b4c31226990645d43e0205fa657cd3
wqp,wqp:21FLSFWM-KISSR0.0,1987-10,ANFIS-T-no-current,314563,067b8ed494b62f0d8ec6fc02d70df1926561cbe4ab0c0e5a6a873dfbde9a493b
wqp,wqp:LAKELAND_WQX-LH20,2010-10,ANFIS-T-no-current,314563,0680c8338d02b32f0054acd3421c3e01325ef4582242922e30731279b93c7d94
wqp,wqp:21SC60WQ_WQX-SV-372,2010-05,ANFIS-T-no-current,314563,068303fd6c194d263905166a81c2f6dfc129fe00552b6e44f0e6886254605882
wqp,wqp:MNPCA-62-0007-00-203,2017-03,ANFIS-T-no-current,314563,0684edd68ae6be67f142206a90556f77b0ccd16d54ddcba0f1651608863a6e49
wqp,wqp:21FLSFWM-POLESOUT,2001-11,ANFIS-T-no-current,314563,06869bdaa624232b207d893c9900745fefcde039811d270f94cac9cda8973ae1
wqp,wqp:21SC60WQ_WQX-B-339,2003-12,ANFIS-T-no-current,314563,0688153eb1715148598e06d8ab6b6b8e00ed933423394e311fef25a5ea66c4c5
wqp,wqp:21FLSFWM-STAKEMID,1987-08,ANFIS-T-no-current,314563,068902692c34f65608d072bc4bb96e510072fe66d20c8e64126e992bd26b73cf
wqp,wqp:21SC60WQ_WQX-B-345,2012-10,ANFIS-T-no-current,314563,0689501f482a9f6faaa1a57a5b67a7f84df6028b2f0f6218226121823af90414
wqp,wqp:21FLSFWM-LZ30,2007-11,ANFIS-T-no-current,314563,068a71da3bc43a066766acb7cdeb586b3d645b6991a9cfe580fa3c4813a42ec5
wqp,wqp:21SC60WQ_WQX-CL-089,2002-06,ANFIS-T-no-current,314563,068ad76ccff3249ed0cf8c3297d276e077e97bb5cda9c60ba4fed373c2bfc390
wqp,wqp:21SC60WQ_WQX-B-339,2002-07,ANFIS-T-no-current,314563,0690bbcc7bc054796a0805a12a39b7ac2ee7191aef35e2f7846a5310490e6dfc
wqp,wqp:21FLSFWM-TIN13700,1998-10,ANFIS-T-no-current,314563,0691bf0b18f7bb1761e16c41a7b8053f98ba59cb555cfbaa2f4e28f7b601f418
wqp,wqp:KAWNATON_WQX-KN-KL-005,2014-08,ANFIS-T-no-current,314563,06933edc49d6f6e30dceb308609995a362ad82941fb5baf8b2312b76afe0f60f
wqp,wqp:21NC03WQ-YAD169E,2005-08,ANFIS-T-no-current,314563,069433b0eb4687153ae172921c3109347934b7254c5fc33d0a20e89bc82f45f8
wqp,wqp:21SC60WQ_WQX-SV-236,2017-11,ANFIS-T-no-current,314563,0694896289dcab6eccc36d811c6442e14b5d34302af45c0288d0b0bda445e906
wqp,wqp:21DELAWQ_WQX-109191,2018-01,ANFIS-T-no-current,314563,0696e9622dd1c6d1aff8fa10a065c7a01d31dadd1f21b4c28c882c8a0fb3862b
wqp,wqp:21SC60WQ_WQX-CW-033,2011-10,ANFIS-T-no-current,314563,0697fd9472c9faec9fadd990e06ec09c459005b95712f36e6fcf2e6ed7d31588
wqp,wqp:21FLORAN_WQX-BC6,2009-07,ANFIS-T-no-current,314563,069bd47765b14bab33a41c639b210a214285aa1a13699c092ee858078c4cc8fe
wqp,wqp:USGS-07144790,2011-10,ANFIS-T-no-current,314563,069bfb08ddd93807ac2f6d6edf9ad7cda7342ca03795062bfbeaba53118f1c49
wqp,wqp:USGS-07049187,2018-03,ANFIS-T-no-current,314563,069ec1d8b1cdb329fa8ed8133657747e7e9bdc5d75bd48f7aecf2e7a6e3dc2c8
wqp,wqp:21FLSFWM-E04,1987-08,ANFIS-T-no-current,314563,069f3ebf67ba3f4a12f5687955a4dd06f61763eb87895ab71581931d0c141584
wqp,wqp:21SC60WQ_WQX-B-339,2016-04,ANFIS-T-no-current,314563,06a1240a7248bd1cc179df0c19990b4cc1a9b5f70eabd96eab3881697572b0e4
wqp,wqp:21FLSFWM-LZ2,1994-02,ANFIS-T-no-current,314563,06a2031f0dbb56276651c15c0d9143305e9e79687ec2e1c969c975e8ecf78309
wqp,wqp:21NC03WQ-Q5360000,2012-12,ANFIS-T-no-current,314563,06a320e7ce7c7ee8a886bb96d92010c1fe2f0c3a5d97a59cbba58c663d700f66
wqp,wqp:21FLSFWM-OISLAND,2006-01,ANFIS-T-no-current,314563,06a3488b25ffc447f70c5678e8e9082b46e0ebd1516b1584b0bc1a34a8d2e66d
wqp,wqp:21FLSFWM-TREEMID,1993-01,ANFIS-T-no-current,314563,06a37050f390b363ba1225111b99c557abb8bd2906d0811b478ab1d0af4b8d5e
wqp,wqp:21SC60WQ_WQX-PD-327,2000-06,ANFIS-T-no-current,314563,06a47c0bc17b39b1a532b56936d9e8d95a779e4bee05746a377886f4f91c4882
wqp,wqp:21FLSJWM_WQX-44494,2017-09,ANFIS-T-no-current,314563,06adeee853c7ede84fcd15a0958aa80bbd623fa27a1456ea47ffcc4e7d4a026f
wqp,wqp:21FLSFWM-ISTK1,1998-08,ANFIS-T-no-current,314563,06b0b5bdc0dca8931cebb39682587b156e91e836edd613eff5f895ce12ea032d
wqp,wqp:21SC60WQ_WQX-CSTL-075,2000-01,ANFIS-T-no-current,314563,06b0c36ae4d2607af9e71d3ce1fe37e86adc4bb10c07e7719b513a63ddf3a053
wqp,wqp:21FLSWFD_WQX-23477,2012-06,ANFIS-T-no-current,314563,06b20b2b3b312795dbc7f51143b9dd99512b9ba14f3dcd6988a5dbbbdc696ecf
wqp,wqp:MNPCA-02-0075-02-203,2011-09,ANFIS-T-no-current,314563,06b3cb8308fbd49eb8be27baed140922b373d1ecf0e4b1bac35ee411a03870f6
wqp,wqp:MNPCA-62-0013-00-201,2018-05,ANFIS-T-no-current,314563,06b4705548b6e0a7f7e3f7042b964f0f58091a236a0ac50e78bb187179203958
wqp,wqp:21DELAWQ_WQX-108111,2007-11,ANFIS-T-no-current,314563,06b614978f49b9e396803429329314f1ada470421fe1403a8dc12bc4251f7dae
wqp,wqp:21SC60WQ_WQX-S-310,2010-02,ANFIS-T-no-current,314563,06b7eaca5b2a89cc62f75ed99c1c67548dbca3da5a332a45203a3943fd27d099
wqp,wqp:21FLSJWM_WQX-45399,2018-06,ANFIS-T-no-current,314563,06b9605ec4641128663702dfd41c346f16c54c0b2b6de56790e76da0a840a38d
wqp,wqp:21FLCOLL_WQX-LKTRAF4,2012-10,ANFIS-T-no-current,314563,06ba460ac8dd21c5113931913edfc46479eb64e781c9672f2e59bcd760ece6cb
wqp,wqp:21FLSFWM-TINOUT,1988-09,ANFIS-T-no-current,314563,06bb4b91ebccb518e378ad915b2a7d338c62abd7d75d4d9700cb3021e4b2398d
wqp,wqp:21FLSFWM-RITAWEST,2002-07,ANFIS-T-no-current,314563,06bc8092ec2e9a37ba07f3db32051857f024356b665b97b05d47a084391880e6
wqp,wqp:21FLSUW-ALL020C1,2008-03,ANFIS-T-no-current,314563,06bc9aa2caf44efacaef0932717aed0e08d962f05285b2d2a465a3e3a57d57f0
wqp,wqp:USGS-07049187,2015-09,ANFIS-T-no-current,314563,06bd7f3c809c72eae2ccace0824698301cccd7dd35997810587aefb87829a1b5
wqp,wqp:MNPCA-62-0013-00-201,1992-05,ANFIS-T-no-current,314563,06bf4760415b92ce052de3229451aebf0a2ac9772e8b0278742926076447d2dc
wqp,wqp:CAPECRD_WQX-262,1994-08,ANFIS-T-no-current,314563,06bf9002377e0bcecd1056de42f3c7546c6690bb02151295b3e47de3390037f0
wqp,wqp:21SC60WQ_WQX-B-327,2001-09,ANFIS-T-no-current,314563,06c045f7e5cc1fc172fd6ea953eff1619342832b1dbb1079099caf5f57ea7820
wqp,wqp:USGS-423556088365001,1989-04,ANFIS-T-no-current,314563,06c239bb60771b657776ccd16062458c7d6db832a2bb61ac4d992aa663ba28e3
wqp,wqp:AZDEQ_SW-32,1993-08,ANFIS-T-no-current,314563,06c46608c7b169127d90c2d54f22db4bc5e6273588e0c179839842aadd832734
wqp,wqp:21FLORAN_WQX-CC22,2009-03,ANFIS-T-no-current,314563,06c4ba8a25026d2d8d5fc58bab0063d02fb183c41dc6fc9015782482d221f894
wqp,wqp:USGS-07048910,2010-11,ANFIS-T-no-current,314563,06c61d8993754edff79269662a54d837fada67d94593802f5629a87f2d19e441
wqp,wqp:21SC60WQ_WQX-CL-094,2007-03,ANFIS-T-no-current,314563,06c7dd5a372c229de1e1d3f29ed713375b5847cc799d7a8533e1b01dbbf24037
wqp,wqp:21FLSFWM-ISTK3,2000-09,ANFIS-T-no-current,314563,06ca5be03375febf9a0cdff9c30ae5d0578a9cb699e173e61667563615095fbe
wqp,wqp:21FLCOLL_WQX-LKTRAF1,2017-12,ANFIS-T-no-current,314563,06cd920348b03277c853bb4c361585d0bf0930f9c82b2588a7bd377f217a1156
wqp,wqp:21VASWCB-5ASRN000.66,2009-10,ANFIS-T-no-current,314563,06cde15f96a5d8bb5cc223fc89da203ebea1ad2a0fcf02784a58d5bca0e2a89a
wqp,wqp:21SC60WQ_WQX-S-308,2000-05,ANFIS-T-no-current,314563,06ce2f5af1943303986e6e98134f7a2a21d0003f76d15d3ab19ae026917f3469
wqp,wqp:21FLSFWM-B02,2006-08,ANFIS-T-no-current,314563,06ced53ae73bf122bbde7bfa1b06dbddea0a39085a259c54727abf554b5f2136
wqp,wqp:CAPECRD_WQX-262,2011-01,ANFIS-T-no-current,314563,06cee96468792eceb9098147f5be5a29d7ad3d002ee4bf2e69985b00d649f135
wqp,wqp:21FLORAN_WQX-CC22,2007-01,ANFIS-T-no-current,314563,06d6c92211d8ab5cc698f8aa77cc9e5ebcc4897d903d996ef7a44c40c10ec394
wqp,wqp:21FLSFWM-L001,1986-01,ANFIS-T-no-current,314563,06d755e9f3b1777149743a989a78adf8d00645d9a5d668d68bf5000aa1033298
wqp,wqp:21FLSFWM-L001,1997-10,ANFIS-T-no-current,314563,06d977c8295e3be2f4a44b0e195577e82fa8a9820e6fb86efd498d8601c8c9f7
wqp,wqp:21DELAWQ_WQX-206461,2005-05,ANFIS-T-no-current,314563,06dcf5e09f436e29288dd0f9d6d843ca90b96d76ed5e7a584d7f597e43c25f17
wqp,wqp:21SC60WQ_WQX-SV-338,2001-01,ANFIS-T-no-current,314563,06e00bbe0a5279ed0dfe8239471bea45d187aa7e3fb6137764a6f4d1cd8a7cd3
wqp,wqp:MNPCA-25-0001-00-246,1994-07,ANFIS-T-no-current,314563,06e2c413bcd1cdfc4d24c79f94d00b915eb7115087ea40d3aa2a9272b6965008
wqp,wqp:KAWNATON_WQX-KN-KL-005,2011-01,ANFIS-T-no-current,314563,06e30bd1051d2dcd664febefd6bfb6d8a149638c63d900ef58897c0e76635613
wqp,wqp:21SC60WQ_WQX-SV-098,2013-11,ANFIS-T-no-current,314563,06e56552093fb7d1465c38336d924ac5b0f0f3ebb37df73d6208134bcceeb58a
wqp,wqp:21FLSFWM-L006,1992-06,ANFIS-T-no-current,314563,06e6851662851b95b71c40b4eef33c1b6f03c11ac78ece4f9c0abd6a2f082b77
wqp,wqp:21FLSFWM-IPOUT,1992-10,ANFIS-T-no-current,314563,06e920e8cf89fdec76dfb278253df52f1c1f988d20e8f3cac3a0dab381d90e1f
wqp,wqp:21FLSFWM-TINMID,1989-05,ANFIS-T-no-current,314563,06ef5d59f4716213eb4d5e2abbb25b00d76ed4d7f6b1a6ad0df2ca73b958acf0
wqp,wqp:21NC03WQ-NEU019L,2010-05,ANFIS-T-no-current,314563,06efdd4fb2293c8f63468dc80849ff634639a635d36038ba153c0ac0c5bbd53e
wqp,wqp:21FLSWFD_WQX-23144,2005-09,ANFIS-T-no-current,314563,06f025a1f222ecc85007ec63bdad3bb6b1861714cce0d227951cc74d848f1bcb
wqp,wqp:21DELAWQ_WQX-308071,1998-08,ANFIS-T-no-current,314563,06f1d3be0a6dc3d44b23456d140db6e7773751893d9f71ebd151986e0047bd1b
wqp,wqp:21NC03WQ-NEU019L,2006-01,ANFIS-T-no-current,314563,06f38a09b37f2ceb30c4a12dafeb2ee042094b7f13045e5e658d3b34d7c0e69d
wqp,wqp:21FLSWFD_WQX-23480,2007-08,ANFIS-T-no-current,314563,06f45297b2c67c6bf5e09af9e3145ce30fe1ee0b7bdc7d9a361ed002a08a070d
wqp,wqp:MNPCA-02-0075-01-204,1983-05,ANFIS-T-no-current,314563,06f974c74878e141240e1b2302d64f212e33034af9ed0e932d0d2f05555cdda5
wqp,wqp:21FLHILL_WQX-135,2002-08,ANFIS-T-no-current,314563,06fb4639992967b2666bdb9ac4712682bae1b35ecf1798fbaea2e16ddbe7f21f
wqp,wqp:21SC60WQ_WQX-SV-098,1999-12,ANFIS-T-no-current,314563,06fcd8f3f8c4ed4a5fc8ca9ac738343f5bbd94d443e0e100aac6549f987da2ec
wqp,wqp:USGS-423556088365001,2007-09,ANFIS-T-no-current,314563,06fd295354cdc999ca115a219ba4378d939476f08d939f9d7f53c127303e0935
wqp,wqp:USGS-421420121481700,2014-01,ANFIS-T-no-current,314563,06fd8486d85f22f3f73b773329322fab62284b024f1b5c70c3cc74b570090193
wqp,wqp:21NC03WQ-NEU019P,2017-09,ANFIS-T-no-current,314563,06fea66e6e0b1b30df84a90d573fe7a484c1edece741f144890020a578ed9ed9
wqp,wqp:21FLSFWM-LZ2,2001-07,ANFIS-T-no-current,314563,070041fb756a6a2dae9223402f9f8293559d7193351546de5ebef9c0c51cf68c
wqp,wqp:21FLSFWM-RITAWEST,1993-01,ANFIS-T-no-current,314563,0702070356a31f22bfcb1842c4f7c01cf849135095284c984a1365ed55a9f7db
wqp,wqp:MNPCA-62-0007-00-203,2006-09,ANFIS-T-no-current,314563,0703e05cbe1dbe0d02cc9c55ff35ddd1e0cf05717a8e24ddbc0ed569e2ebd96b
wqp,wqp:21NC03WQ-NEU019P,2018-02,ANFIS-T-no-current,314563,070550a4e60ebe1f49228087f22e73e7ec038e72bf30dbbf6c113fe0d060dde2
wqp,wqp:21AWIC-81,2006-02,ANFIS-T-no-current,314563,07064a07708a0cb3f8371a8c7e40ae18c2be49bd7ba8d7a4915bdad63a1ddb1f
wqp,wqp:USGS-294607095042700,2018-04,ANFIS-T-no-current,314563,070893e0bd8f2c08ee7fe3993bd1c8d0e76f1a71cff7fbee0b1df4138d7bc1be
wqp,wqp:21FLSFWM-L001,2008-08,ANFIS-T-no-current,314563,070b46e35151405e11a0b88bdb1edfd3526d1cb96931bfbd2e10ddc76110e5ed
wqp,wqp:21DELAWQ_WQX-206361,2009-10,ANFIS-T-no-current,314563,070b9b728ff6aaacaf07f653aef57f8023486d4b2b894f14c7dba5d378b893bd
wqp,wqp:MNPCA-10-0007-00-201,2014-09,ANFIS-T-no-current,314563,071012572cb2480799753e70093f06f99cd5454a904d59c71766a9a83dce2116
wqp,wqp:21FLSFWM-ISTK4,1992-09,ANFIS-T-no-current,314563,07114b6905be3856002e3a6c1a08c0bf793dd901d038c61ae558d5573c173018
wqp,wqp:21SC60WQ_WQX-S-024,2014-10,ANFIS-T-no-current,314563,07124106605cc288eb7e1aa6917d6eba0694594c5b0536a05157b5473ee8f385
wqp,wqp:21DELAWQ_WQX-202021,2000-08,ANFIS-T-no-current,314563,0712644069757f0175bcdd803ff709340cf31ce924190a50ab7ca63b8906d8bd
wqp,wqp:CAPECRD_WQX-280,2011-02,ANFIS-T-no-current,314563,071632a69a05ec01f95920b642f58d8a6c1ae0563fd0fd842d934e184d5d167a
wqp,wqp:21FLSFWM-POLE3S,1997-01,ANFIS-T-no-current,314563,071ad8bb08fcc7b9dcd6b353780c1067f624ae66cbf004d93576883763ddf06c
wqp,wqp:21FLSFWM-L008,2002-07,ANFIS-T-no-current,314563,071c45d10908207167a5604a87567be4a7be21e0f4d4429df1d0357c738fc448
wqp,wqp:21FLSWFD_WQX-23389,2008-05,ANFIS-T-no-current,314563,071e4dfe9bb4016653c5a754996a5cd725d21b743ea733f8075e26c5ff5286de
wqp,wqp:21FLORAN_WQX-BC9,2009-07,ANFIS-T-no-current,314563,071e7494d305d52ebc972039d3915e0ed489af6d17eb3ed5c4532e36c0fe7c52
wqp,wqp:USGS-07263299,2012-12,ANFIS-T-no-current,314563,0720f3b6152f820e006119170b4bdf91b0f052d04bc98636ccc696edcdac4a19
wqp,wqp:21FLSFWM-POLESOUT,1989-06,ANFIS-T-no-current,314563,072118ab775d8c136c5b10ba7d311fc736a4e069969c51e9e42ab43ba3d9a294
wqp,wqp:21FLSFWM-PALMMID,1996-10,ANFIS-T-no-current,314563,0726898f4c664d11ccafc16e008f59f5a148a52b474d73fed0f7630e6a1d060a
wqp,wqp:21DELAWQ_WQX-202021,2012-03,ANFIS-T-no-current,314563,0728472b449a239a2638f9698762e8a477fd47f886949ae15cf90217d290aa35
wqp,wqp:MNPCA-86-0281-00-201,1984-09,ANFIS-T-no-current,314563,07287d15d8d6e7a6617b60c5fffd3224f9e3301a1477ffdc4fe295b8b983ae00
wqp,wqp:21FLSWFD_WQX-23113,2003-07,ANFIS-T-no-current,314563,072cf226768bbe11b8d356f5b3989b49113d8e6bf8165aca7464543060c298f3
wqp,wqp:21FLSFWM-L008,2000-02,ANFIS-T-no-current,314563,07303fd3c13f40c5ec28f63bfc49e171ad2f8d56f5c2d97582c5defc5af0475f
wqp,wqp:21SC60WQ_WQX-SV-098,2005-03,ANFIS-T-no-current,314563,073157a3000e693b0d2c8effb734fb01bc21fc92bff3c3183ed0969fb704361c
wqp,wqp:MNPCA-10-0042-00-401,1991-07,ANFIS-T-no-current,314563,0732ce009dc1d8979326a1d76e6f001ddcdab807c04c155f7e77092f26fb865c
wqp,wqp:21NC03WQ-CPF086C,2014-01,ANFIS-T-no-current,314563,0733cebdec80ca11fc58a0eac977045c9e7bb40e63c9f3ad195de068d9c10b9e
wqp,wqp:21DELAWQ_WQX-109131,2007-11,ANFIS-T-no-current,314563,0734b2703a6c0a570eecb09a2de97b34ac297a1cadf0d3f49884c6ffd18307d7
wqp,wqp:21FLSFWM-L006,1992-02,ANFIS-T-no-current,314563,0735f7037f5f3e4a9f36ac518d00750d7e200d36059181db8a8cc22ed9ba2190
wqp,wqp:21FLSFWM-PALMOUT,2008-10,ANFIS-T-no-current,314563,07362e5c6a5bdd012a1cf12ddb1da0094e883b34d63384fca7b695a79a98ff16
wqp,wqp:USGS-01201700,1986-07,ANFIS-T-no-current,314563,073b43d7905266079ff14a4592526527a7e86a4e0c2d147ba4eb51bced52529b
wqp,wqp:21FLSFWM-LZ40,2002-05,ANFIS-T-no-current,314563,073edb0ef90c21e7f0c450482783836c18837f1d4a1fe0c81bff3e1814d9c6ff
wqp,wqp:21FLHILL_WQX-135,2013-03,ANFIS-T-no-current,314563,07403c50f816b5949f55c9614af5722e9f02faca6f1c82ae6b82880c8ded2df2
wqp,wqp:21NC03WQ-CPF081A1C,2010-01,ANFIS-T-no-current,314563,0741e6c6fc046db9e224e16ef98dd88569623c986cb21ff14506a97be948f312
wqp,wqp:21FLSFWM-KBAROUT,2000-06,ANFIS-T-no-current,314563,0746a0bf5370332ee78f3457795ed708bed4d86efef974761440aff9b29150cb
wqp,wqp:21SC60WQ_WQX-SV-268,2016-04,ANFIS-T-no-current,314563,0746f4805592ba41e5a8c94dac4c41511812daf562469ca4628b8925ae362bf7
wqp,wqp:MNPCA-86-0281-00-201,1984-07,ANFIS-T-no-current,314563,0748617c277724f3611f7db3caec4facc1b14601f03fa613d10a9894e0988535
wqp,wqp:21SCSANT_WQX-SC-040,2014-06,ANFIS-T-no-current,314563,074a3fd257ec0e35bba06a92f27490c6a8614b5de6122183d04c0b5ac4c647dd
wqp,wqp:USGS-295554095093401,2009-03,ANFIS-T-no-current,314563,074afae83a92b2d2f5ca35f812cb5f2eb198b638e88cb0eb8e74c83b5e3aac8b
wqp,wqp:21FLSFWM-L008,1991-08,ANFIS-T-no-current,314563,074bec440839139924a0d0daf37232a501c0db7f045ccbb29553c6d16e689276
wqp,wqp:21FLSFWM-C03,1992-12,ANFIS-T-no-current,314563,074d01515e748ba43efe6c756b99273726e975ac7bc08636a38f9f92980102cf
wqp,wqp:USGS-421420121481700,2012-12,ANFIS-T-no-current,314563,074f761e7fe6844c916e3239358ba551d6e99eb144bd2ad9bf56a0e29ef06aba
wqp,wqp:21FLSFWM-LZ30,2008-07,ANFIS-T-no-current,314563,074f762ef9139bf95f78dab56302d5ffb2de3493df5d4db545342deea88d0fa1
wqp,wqp:21DELAWQ_WQX-109031,2007-11,ANFIS-T-no-current,314563,074fdd9635a3bb09ca871dcd97faf5c89643c8b122d0fc3f0b37ec9dc5a32419
wqp,wqp:21DELAWQ_WQX-202021,2003-09,ANFIS-T-no-current,314563,0750682764e97d58dddbd0c7e5aa84c4cc603f49476bcbfee0d47d8b62350250
wqp,wqp:21SC60WQ_WQX-CSTL-075,2003-02,ANFIS-T-no-current,314563,0751c8c3d9f2588922ab754257a474ecd60c959f57ddb433e15d3409272cdb94
wqp,wqp:21FLSFWM-PLN2MID,1992-04,ANFIS-T-no-current,314563,075483de0780c454f4b445fbc5d7ccd4f1722ba05b1fb75ee8db7c9676c3b96d
wqp,wqp:21FLSFWM-PALMOUT,1990-05,ANFIS-T-no-current,314563,0756448ef45190c519e88b37ecd4412b10f897bc5b270284c76624afb5b47867
wqp,wqp:21FLSFWM-STAKEMID,1996-09,ANFIS-T-no-current,314563,0756f24d3db54a3d70b82cfae5f9228462e40c6d9fab87cb31f1b7bb1b5f4db0
wqp,wqp:21NC03WQ-CPF0880A,2011-12,ANFIS-T-no-current,314563,07598d91a12f66fe12add02f31600c3df9447d85548e7a0e5537ee48fce51653
wqp,wqp:21FLSFWM-TIN16100,2005-12,ANFIS-T-no-current,314563,0759a7343bf0998d09fa687bc17416bfda86d28b0095c6e19c039a02198b886c
wqp,wqp:21FLSFWM-ISTK5,1996-10,ANFIS-T-no-current,314563,075b47ec666ed8fbf428a9b822081becd5f8bdc285fa4b0d01bb2d6b9702c8f8
wqp,wqp:21FLSFWM-PALMMID,1992-03,ANFIS-T-no-current,314563,07616eeb1d650b133e1a38e180b0890572fe5bc6154ff1f4ae8bd9f412391009
wqp,wqp:21FLORAN_WQX-CC9,2005-09,ANFIS-T-no-current,314563,076758224f47e1756f51f3dc87b8530b12886139f74ae865932531aa787adeeb
wqp,wqp:21FLSFWM-L001,1978-02,ANFIS-T-no-current,314563,0768a10f5aacc07f39b4635bd716155d2e7a87933847b59a2aa4f65a1cd2f95f
wqp,wqp:MNPCA-10-0048-00-201,2003-05,ANFIS-T-no-current,314563,07698376a5a52435889837d219f16f041902372172611dac4cb920e219846b36
wqp,wqp:21FLSFWM-ISTK5,1989-09,ANFIS-T-no-current,314563,076e976651e67731991f0d30a8e27b64d932f556b4f44f45c44f419b0053f60e
wqp,wqp:21NC03WQ-CPF0880A,2005-12,ANFIS-T-no-current,314563,076ea715ee2f15973010b25f82e612d2f8c914cc96d06e407dd8949673b0fd7f
wqp,wqp:21FLSFWM-B02,1990-09,ANFIS-T-no-current,314563,076ecfc2eb020512a2aafd1cede4cae58ab25218ef08578ddf6bc7b47d011283
wqp,wqp:21NC03WQ-LI01,2017-07,ANFIS-T-no-current,314563,076ef64e59158bf1b383fcb101b9ec75d6020a33cf501f87d2ced73f8c54c544
wqp,wqp:USGS-07049690,1993-10,ANFIS-T-no-current,314563,076fd7708305ac59759bfaafd3d9d605a80a3b67d83885fa9a1895269a6b67ff
wqp,wqp:21SC60WQ_WQX-CSTL-075,2002-03,ANFIS-T-no-current,314563,07712ff2fb72fd603386d722aa22e709ef38e085b720970644c13ef36ba2ab48
wqp,wqp:LAKELAND_WQX-LH31,2010-10,ANFIS-T-no-current,314563,0771b7c7bdb3ad163fcc141f1e58bfd4f302083b8173ee3e9776b2e3888d5e88
wqp,wqp:21SC60WQ_WQX-S-311,2007-08,ANFIS-T-no-current,314563,0774633c1dce007079d3f0dac7afed9afbef40f123018499d14780de663676bf
wqp,wqp:21FLSFWM-E02,2008-11,ANFIS-T-no-current,314563,07784bf760c65ee80fe8dcffb411d54d66faa9d1d8bfd85de456d293841019be
wqp,wqp:USGS-423556088365001,2006-09,ANFIS-T-no-current,314563,0783136b2fd7110d8fb9aa1f89b36d82009941e077eac2c0e2c4113591c4b8af
wqp,wqp:USGS-423556088365001,1997-11,ANFIS-T-no-current,314563,07874903001b0526f841a31496b8c9650cf46c8431049d8ca575494db44b347d
wqp,wqp:MNPCA-62-0054-00-101,2009-06,ANFIS-T-no-current,314563,078941b0d6c110fbae00526eca3e4ef21c4433525d9f5e9f10abe22a65bae838
wqp,wqp:CAPECRD_WQX-262,2008-06,ANFIS-T-no-current,314563,0789b72a1c52a49a29ed9b76a7d24fd1ad50675a115bdcf5eef28210b1b3f2b9
wqp,wqp:21FLSFWM-MH32000,1998-04,ANFIS-T-no-current,314563,078b811102858732bfec4d13aae6a714319e8856e3529f78022ae468a9f1b17d
wqp,wqp:21DELAWQ_WQX-304321,2010-03,ANFIS-T-no-current,314563,078b81a6fed565bb4f0fe4f3ba88fb131e4ff96562894827f1a4c49ac716c4e2
wqp,wqp:21SC60WQ_WQX-SV-339,2010-03,ANFIS-T-no-current,314563,07906d8487f97df2be05a7614a7be8560c28c9ae0700601f3b24897cd47e1717
wqp,wqp:21FLSFWM-L006,1992-11,ANFIS-T-no-current,314563,0790d601955481452f3baf8c28c4daf844718025973fe75d0d64853788de7e04
wqp,wqp:21DELAWQ_WQX-109191,2015-05,ANFIS-T-no-current,314563,0790e8e8ef98ba563e24031f55a2adce9c6daf94b1069f9c34fc93525a05d3e6
wqp,wqp:21SC60WQ_WQX-SV-340,2015-08,ANFIS-T-no-current,314563,079930c40eca834b607ac30a51ff0c24eb4ab7af705a03c19287892b9c32688e
wqp,wqp:21FLSFWM-LZ30,1999-11,ANFIS-T-no-current,314563,0799ad7293d9112d0587ebfcf34f5620c244dd46dbddb501b27d35f9a7c7a9ad
wqp,wqp:21SC60WQ_WQX-SV-372,2013-09,ANFIS-T-no-current,314563,079b556740c569e11b927ed675b1545df05d396a5f7f0243a918c17f25663786
wqp,wqp:CAPECRD_WQX-280,2004-09,ANFIS-T-no-current,314563,079bd99c8696dca9b5048955d45e78ef2d7f7a6efd1f2accac9537f30731e02d
wqp,wqp:USGS-07049690,1994-10,ANFIS-T-no-current,314563,079f98e9605ef765b4e83272c48a423b5fc9a59cbbb401bdba3a119718976e79
wqp,wqp:21NC03WQ-CPF055D,2012-01,ANFIS-T-no-current,314563,07a2cdc095ecba5582ae75c522d27486fc657ab0c6f4611ecc39e71c6c25504d
wqp,wqp:MNPCA-10-0048-00-201,2003-09,ANFIS-T-no-current,314563,07a7396e5f66eb4a1fdefd4712ea734718247f052a1987a6b8bfb4eb106c9359
wqp,wqp:21FLSWFD_WQX-23641,2009-03,ANFIS-T-no-current,314563,07a83895e3391cad653c45504a66ae691c251204600458af694bfc95c72f2277
wqp,wqp:MNPCA-25-0001-00-247,1995-08,ANFIS-T-no-current,314563,07aad3739750e16cd7a60e7c2a2cd0155aac09e125143e3a09272231984fc033
wqp,wqp:21FLSFWM-B02,1983-01,ANFIS-T-no-current,314563,07abf77165318222851d9c8ce86f74316a25fae4f98b8f44d168a4333c6affb1
wqp,wqp:21FLSJWM_WQX-45399,2018-08,ANFIS-T-no-current,314563,07b2dd5895e1b2a39f0531daa53f850ab9eff70529a6286374204dab4b382fa1
wqp,wqp:21FLORAN_WQX-CC17,2008-06,ANFIS-T-no-current,314563,07b529fc1aea1c41f07ab16f62a69d8166e3ac5a7f75475be712641ab573b344
wqp,wqp:MNPCA-62-0007-00-203,1983-07,ANFIS-T-no-current,314563,07b5d848eae368541b90109661e681db8437d3ce12fb8f67dee22b6c0a38e89c
wqp,wqp:21FLSFWM-LZ2,1993-11,ANFIS-T-no-current,314563,07b94639cb56ac001a74c7d31ab58786141be24715354e04162b2bbe2e9e0efa
wqp,wqp:21NC03WQ-CPF055C6,2013-09,ANFIS-T-no-current,314563,07be9a8fa8e459ec9c950d53c3191a454a2ea8e8234d6598cbfb4a3cd8f3f190
wqp,wqp:21NC03WQ-CPF087D,2006-06,ANFIS-T-no-current,314563,07c18e68e5cfc9c0cb4080bbf0aa0571c3badb338ecc70122bc73b4e3b955756
wqp,wqp:21FLSFWM-L005,1982-05,ANFIS-T-no-current,314563,07c459130e5c10152741bad52d13f951fbc9d0a6a9cd2e91b77b43061916e5bb
wqp,wqp:21FLORAN_WQX-BC8,2015-02,ANFIS-T-no-current,314563,07c7914d1d682862b2d8a7a2fe7964d4b3b5a9f97c78ecd2b58d706d65314fd3
wqp,wqp:21NC03WQ-CPF081A1C,2015-07,ANFIS-T-no-current,314563,07c9a10ad7af8e9a3f4692559bca20b974445f8ee49a3d83a8d63978222f70e0
wqp,wqp:KAWNATON_WQX-KN-KL-004,2007-11,ANFIS-T-no-current,314563,07c9c8b08416921fe350c5986212b51cf8c6fb9443a4ce38b4a4c9e773b7e2f0
wqp,wqp:21AWIC-23,1992-02,ANFIS-T-no-current,314563,07ca69c8da7ef19e022e828c2ab9d902293726cd72abe83512b4af0fd6e3933e
wqp,wqp:21FLSFWM-L008,2001-05,ANFIS-T-no-current,314563,07cf9a2e81a2403304bb2725dc27f53adcaf60233457979b56d801da811c4eff
wqp,wqp:21FLSFWM-D02,1998-03,ANFIS-T-no-current,314563,07d15f2f57ddd0edfb2873fa4e8abc5dad5573dda441374930b1a16ef535b534
wqp,wqp:21NC03WQ-NEU019E,2006-01,ANFIS-T-no-current,314563,07d3d1d63805bdc9bd708f08d2d78bfda8e54918e41da29aafa80b6acc2e4cd5
wqp,wqp:MNPCA-10-0042-00-401,2011-09,ANFIS-T-no-current,314563,07d416da95ed4cef885621897fe3e543081a74ac348327a970ccf01822f38730
wqp,wqp:21FLLCPC_WQX-LKSILVERSHR,2002-09,ANFIS-T-no-current,314563,07d6a6991263940864c972352b417b9a343b049e4db258dda2d56f04a331e98b
wqp,wqp:21FLSFWM-ISTK3,1995-01,ANFIS-T-no-current,314563,07d8b7c64d133e228ee6397415794ae1624d03539968d529de37964674bb7564
wqp,wqp:21FLSWFD_WQX-23389,2003-05,ANFIS-T-no-current,314563,07d93b1900ae286ff5a957c2ec92911e9853802c56566343f1697c6cfd286e46
wqp,wqp:21FLSFWM-B09,1989-10,ANFIS-T-no-current,314563,07dfcafd1e070523ad4e1f427328122b87f9cc2149a1e33a4c535235571b8fe8
wqp,wqp:CAPECRD_WQX-280,1995-02,ANFIS-T-no-current,314563,07e14d57736677493911b33338c597fd19631c0e170a7991ea99195449357f4c
wqp,wqp:USGS-01201700,1982-07,ANFIS-T-no-current,314563,07e308be6a9c87987e1119de9e0c183864e4b7582f3a59a2b4647d10c25c6a7f
wqp,wqp:21NC03WQ-NEU010,2005-03,ANFIS-T-no-current,314563,07e6021dc91047fc029b5c8d1505a055dfd4bdafde668012944f7c9bcd15508d
wqp,wqp:MNPCA-10-0048-00-201,2005-08,ANFIS-T-no-current,314563,07e86ad6ef00d2c3785041cc20caee8cab2f3ea3b0eea3d7c57981e82decdb04
wqp,wqp:21DELAWQ_WQX-307011,2010-10,ANFIS-T-no-current,314563,07eacce579e8baeeac53b9fb81728bbf320141e484cbeae49524468dda453e9d
wqp,wqp:21SC60WQ_WQX-B-327,2004-04,ANFIS-T-no-current,314563,07eb16fa29ff68bde59d0708221758a3a47c18324becfd797ae93393565a5b74
wqp,wqp:21SC60WQ_WQX-SV-363,2002-11,ANFIS-T-no-current,314563,07f11ac915e9012646c071dae517935544ef47e5953bfe286068ae31241ebe4f
wqp,wqp:MNPCA-10-0007-00-201,2009-06,ANFIS-T-no-current,314563,07f1af89dccf7f58ee3f29f4921e79c87a83c904d1f6ea0e8daaf57f266909c4
wqp,wqp:MWRD_WQX-BARR3P,2009-01,ANFIS-T-no-current,314563,07f1cf2a3acca9b0392f2c078328fd5d6b1080f4f31ad5043d79b5b88cc2525b
wqp,wqp:21DELAWQ_WQX-304321,2007-02,ANFIS-T-no-current,314563,07f20654dc34ca352443a62177bcc9901abe4f7a492e0b687478a88d884f9ef2
wqp,wqp:21FLSWFD_WQX-23467,2014-12,ANFIS-T-no-current,314563,07f288f89eb2fdea67b12fb2b4c70d15818f3cc43de0e0d188fa2fe1d675ee48
wqp,wqp:21FLSFWM-ISTK6,2008-09,ANFIS-T-no-current,314563,07f31603faf30aae9707bccbffe28569762311f6790dc7133a16b2a236514708
wqp,wqp:21FLSFWM-POLESOUT,2008-10,ANFIS-T-no-current,314563,07f394c5434b6e3cb6102dc2534908982603a3e5f0b9a89e1e3ea0796fa6eaa4
wqp,wqp:21FLSFWM-L006,2001-09,ANFIS-T-no-current,314563,07f7f2a06c8447eb52b91dbdce54a22c9591e1daade61d0f1cc5e67a0821fe7d
wqp,wqp:21FLSFWM-POLESOUT,2003-05,ANFIS-T-no-current,314563,07f80fbcebf2b949e90f39c1e24276a231174c1b9fc90ea0d9bbd0fe5d0e95aa
wqp,wqp:21VASWCB-2-XDD000.40,2006-10,ANFIS-T-no-current,314563,07faf9c748a97fe08ca93b8f76ea32de6f7f9162c40c6b55050bf2e54489efef
wqp,wqp:21FLSFWM-C03,1985-11,ANFIS-T-no-current,314563,07ff73d0ddc248d5105bd704b1881e6fc57dc0e6120ad6574f57cecb3351b1c1
wqp,wqp:21FLLCPC_WQX-GREENWSH,2010-10,ANFIS-T-no-current,314563,08013d09cee145f507cb7776d03f9b534e3dfe56bce8d1179657fdd790a97ea0
wqp,wqp:21AWIC-23,2006-09,ANFIS-T-no-current,314563,0802a7ca4cfca968327dcb5d6f1d0f7648c67bbe133704b4d0a18425af7d7b2d
wqp,wqp:AZDEQ_SW-33,2012-11,ANFIS-T-no-current,314563,0802b0ff5dae45cc8ce5ea0005a6416a6e9b36c1b11b7d7d607880370db57567
wqp,wqp:21FLSFWM-KISSR0.0,1988-11,ANFIS-T-no-current,314563,08074eed7f159334400d4b4a911d0dea30fb16cfc511ae1f7257b5a1e598589a
wqp,wqp:MNPCA-86-0284-00-100,1983-12,ANFIS-T-no-current,314563,0807c59c34137a03e631005c681d7fe8488f786b516a722ac4275d410cc91fea
wqp,wqp:21SC60WQ_WQX-B-339,2006-12,ANFIS-T-no-current,314563,0808365f423dd3937995d3e4fe0141f66f3784e759198272792a5e3daac983f1
wqp,wqp:21NC03WQ-CPF08801A,2001-07,ANFIS-T-no-current,314563,080b571bf268b1911c04f170e55237f481ecd957fd55dbe01500277595945a71
wqp,wqp:21FLSFWM-LZ2,1987-07,ANFIS-T-no-current,314563,080bc7152e447295a5174a6c2f0a5e860a93752372e4c0d21efbcdc9d3a63c41
wqp,wqp:21FLLCPC_WQX-TROUTDKEUS,2016-04,ANFIS-T-no-current,314563,080d813eec246af0b93a5542297938ac02b00a2a1b40c3932135336fef59e14d
wqp,wqp:21SC60WQ_WQX-S-310,2011-02,ANFIS-T-no-current,314563,080f5b4c1604116b24d67b4640a16453ef7de5e4a2891f9aae287ff6ab93533c
wqp,wqp:21FLSFWM-POLE3S,1994-10,ANFIS-T-no-current,314563,0811507f4744c120a704e3731e798167ae9bdd7812e9986475092af58b37a94f
wqp,wqp:21SC60WQ_WQX-CL-094,2007-02,ANFIS-T-no-current,314563,081223b2cbb5958a73fa37463b283ace20022a1a08780e3fae700ce24aa39849
wqp,wqp:CAPECRD_WQX-290,1993-12,ANFIS-T-no-current,314563,081482c1a42c7d36a83044ee5d57eae3f7f82ce386fb873a1a9842194ed5a178
wqp,wqp:KAWNATON_WQX-KN-KL-003,2018-02,ANFIS-T-no-current,314563,0816737420f1e4fee81a1e8fd00b3b77069da4f312390c1503d674507096c713
wqp,wqp:21FLSFWM-L005,1997-07,ANFIS-T-no-current,314563,08197bc8290c3c0be0eb4af3390c3576a4875642b14665dbdcd3883a9c526446
wqp,wqp:21SC60WQ_WQX-S-310,2018-02,ANFIS-T-no-current,314563,081a200763308aecdca7118d5a3956b42af895a2d27ab32d3a371bdb564823e6
wqp,wqp:21NC03WQ-NEU020D,2014-05,ANFIS-T-no-current,314563,081b3b58311e26f84ffa8a295fcb4ca71f744164f742bc5c7ac22736ecd39bbd
wqp,wqp:21FLSFWM-LZ2,1993-06,ANFIS-T-no-current,314563,081b90a49bd367fcc6d8b487fe0904b4d9fd06c20eddbb0b1860ae065b655dd1
wqp,wqp:21FLSWFD_WQX-23624,2008-04,ANFIS-T-no-current,314563,081df898b645cbdc175c8d34ae92b8baf211a021f4167c0552fdf046023d1029
wqp,wqp:21FLORAN_WQX-CC13,2010-11,ANFIS-T-no-current,314563,081efe54eafed2a760950082fbe632a6710b2e2d7d7c29ce5db2b3e9fea7ccf7
wqp,wqp:CAPECRD_WQX-262,1990-03,ANFIS-T-no-current,314563,08215ead52a7dd5985343d29b9f4daac5eb8af370143d91a7fb5c176514421f6
wqp,wqp:21FLORAN_WQX-CC11,2006-11,ANFIS-T-no-current,314563,0823cf1f7f176161545491cfb17f62476dc215b6cffd530521757163d9bb6ebb
wqp,wqp:MNPCA-10-0042-00-401,2008-10,ANFIS-T-no-current,314563,0827abad231bf75cf5cf313194b862395568195680d81c1d576a61b3596b4ec9
wqp,wqp:MNPCA-25-0001-00-232,1995-02,ANFIS-T-no-current,314563,0828ea7d256fab6f7c84eb8269c30f658c494575f235a2da41c241f94271ce1f
wqp,wqp:USGS-072632965,1992-03,ANFIS-T-no-current,314563,082b06db2b4277e3aa02ea04a82f28a45c577ae2443085574d1a53dadb0cc2bb
wqp,wqp:USGS-07263299,1997-12,ANFIS-T-no-current,314563,082c1bfb57247bbb9c28ae4fecd39925e1afe154ff38dcf74a490e08e6a80420
wqp,wqp:21FLORAN_WQX-CC12,2010-08,ANFIS-T-no-current,314563,08325dfd17ff89649b766442f7d18863b34f0c5ddd0a0ec37f1cdd58170a6365
wqp,wqp:MNPCA-86-0252-02-207,1984-07,ANFIS-T-no-current,314563,0832653ac2c4f5dc3ffe1ad6d3888889d2c8bef6dbd7b1665618fceb295bedf3
wqp,wqp:21NC03WQ-NEUELL10,2006-09,ANFIS-T-no-current,314563,0832b21948e822cde11a24f953cebb42b7673de8a5c64d69f137baab12ebbba0
wqp,wqp:21FLSFWM-PALMOUT,1993-11,ANFIS-T-no-current,314563,0835bb147384318854662b66d73580854e97010346d1f16c72b3ad5fb7936c30
wqp,wqp:21DELAWQ_WQX-303051,2009-01,ANFIS-T-no-current,314563,08369bf79eb4dc742a9ded50dba08da08e4f05fc287e0ba2af5e89537016060c
wqp,wqp:21FLSWFD_WQX-23477,2010-04,ANFIS-T-no-current,314563,0836aa2b589b03cb4c579f859f84e059777b98128870735cc0a3aa1de330b3c0
wqp,wqp:21FLSFWM-PALMOUT,1996-09,ANFIS-T-no-current,314563,0836f02fae0c8d041b9bfe55f0f8e3581da3f7f0c7d1c77b4e69c351ced76ecb
wqp,wqp:21FLSWFD_WQX-23479,2012-06,ANFIS-T-no-current,314563,0837f7e36778fb6778da3ff233234be8ab784cd67fe7d5cca8577750887c4143
wqp,wqp:21SC60WQ_WQX-SV-268,2018-09,ANFIS-T-no-current,314563,083840cd408bf362a4bbd1f3c486dbfb0a93441bb5f626897d41077ee09dc4e8
wqp,wqp:21SC60WQ_WQX-CW-231,2017-09,ANFIS-T-no-current,314563,0842b1f7b4ba2c4d792dd2d49ed3c4876d600db656b3ecedd63b1808098da06e
wqp,wqp:21SC60WQ_WQX-SV-331,2006-11,ANFIS-T-no-current,314563,084418817a7b34e68c686c0482c63b40e04702f4ee35b3664310aa4e92477b34
wqp,wqp:USGS-421420121481700,2014-08,ANFIS-T-no-current,314563,0844ef3e15ed7897795f78638cfb6440f8e073ebebb229007b024367caa420bc
wqp,wqp:21FLORAN_WQX-CC9,2008-07,ANFIS-T-no-current,314563,0847e546dab1b7503863c7664d03ba1208ae9453a95adb12b16e1a43baa36e82
wqp,wqp:21DELAWQ_WQX-303051,2013-01,ANFIS-T-no-current,314563,0848347c92634cc30bb87996873652f268cb3a07ca6e7b8f5d6f3fddcbdf7de9
wqp,wqp:21FLLCPC_WQX-GRIFFINTISH,2015-01,ANFIS-T-no-current,314563,084bfaa67b99eaa8e53a1acd40966ad05d5bb5fc3e1508fd4ea13b775fd76a5a
wqp,wqp:21SC60WQ_WQX-SV-200,2001-09,ANFIS-T-no-current,314563,084cb547ab50f0d467f34f22f437329ef61aad5ae52cd04920d49ede79d55e25
wqp,wqp:21FLSFWM-KISSR0.0,1990-12,ANFIS-T-no-current,314563,084f9af62afe6470b4c41eb12576aa562e4d538dd2e5d04d109ea204932a8b37
wqp,wqp:21FLSUW-ALL010C1,2008-09,ANFIS-T-no-current,314563,08506397739abbfd90812463b140fa82c911b151d6fcc1ec7f9426be3a7df932
wqp,wqp:21FLSWFD_WQX-23641,2008-02,ANFIS-T-no-current,314563,08510d7803ad67739bba83a00049042f7c7723829b2c6c9e5469069f5d9c1661
wqp,wqp:21FLSFWM-B09,1985-09,ANFIS-T-no-current,314563,085113a72335fbe38e3909cb8cc1d78a812d92c4c61afa3b8dca7520ca599af6
wqp,wqp:21AWIC-81,2018-12,ANFIS-T-no-current,314563,0851844fad2d3c4e0aa1fea6784285770d585842465ed962556e4dcdafd1f22b
wqp,wqp:21FLSFWM-LZ42,2004-06,ANFIS-T-no-current,314563,0851fe008e29b4376bb11a85815f1f30f4f8c95d9e4b8f3494d74f8b8ad79b12
wqp,wqp:USGS-07049690,2010-12,ANFIS-T-no-current,314563,085230079475d324c656577e381bd3874e2d899a6ea170badd81e03dcf3f2a16
wqp,wqp:21FLSFWM-POLE3S,2006-03,ANFIS-T-no-current,314563,08539c1d2d2ad517cfdd66c8fe8b2442f9c0c5ffa9266f21b0d754157ad2585f
wqp,wqp:MNPCA-25-0001-00-225,1997-09,ANFIS-T-no-current,314563,08542877371259f412acf8e87d10b76994e1bc08c786cfd40bffa37db1f14343
wqp,wqp:21FLSFWM-E01,1985-01,ANFIS-T-no-current,314563,0854e36cd27cb3f6598758cfa98f1041580820b7364db9ebcf177a930529c1fa
wqp,wqp:21FLSFWM-KISSR0.0,1998-06,ANFIS-T-no-current,314563,0856969bec6c2b2ec3b50a268671df49c44d91d2cad4086731393b9def1c0103
wqp,wqp:11NPSWRD_WQX-SLBE_PL_01,1993-05,ANFIS-T-no-current,314563,08573068fa9204baee882b0a7106dbc0083b05ee5aa4feaee672e1157f68eef0
wqp,wqp:21FLSFWM-KISSR0.0,1996-03,ANFIS-T-no-current,314563,085939e306b55202dd6a90a34a82345957f2d8229fe1d10c9ce32e69f2ebc59b
wqp,wqp:21FLSWFD_WQX-23438,2017-06,ANFIS-T-no-current,314563,0859ccc43ffd8224b331cdcdc352ae07e11b798e12eaa63688c15091b66e9585
wqp,wqp:21FLSFWM-LZ42N,1997-07,ANFIS-T-no-current,314563,0859df9c03e9bf644c769fc522491be750b2ce12af9c85d2087431af3adb9ace
wqp,wqp:21SC60WQ_WQX-CL-089,2018-02,ANFIS-T-no-current,314563,085e1d17dbaed81bf46fb9bd6ac9af142f936580e6318f54899b879573fec5d5
wqp,wqp:21NC03WQ-YAD152A,2016-07,ANFIS-T-no-current,314563,0860c476cfb3960c139aec61a5037907781cb2e38fd407959486b066b49151de
wqp,wqp:21FLSJWM_WQX-44154,2018-02,ANFIS-T-no-current,314563,08612d5d436144263f36a3959a7b9abe89a56079f0f70e19686c10baea636fa5
wqp,wqp:21DELAWQ_WQX-303051,2001-03,ANFIS-T-no-current,314563,0869db3dba9f1ea36fce1b64707d9c7ac939e81b3ab405ee71040744ce981361
wqp,wqp:21FLCOLL_WQX-LKTRAF4,2015-12,ANFIS-T-no-current,314563,086ad5bc8268f8c6da212581dd50e3f8d05ed59906f4b1fef17333befd8b28dc
wqp,wqp:KAWNATON_WQX-KN-KL-010,2014-12,ANFIS-T-no-current,314563,086b0159b735ff10009ee849c2c868be6008a4dce680f4b59ae57ec35a069104
wqp,wqp:21FLSWFD_WQX-23588,2017-12,ANFIS-T-no-current,314563,086bb92cf9349edeaad6a7c1639888011e690b80ccf52602bd0f7dd6ec118c2f
wqp,wqp:21FLSFWM-L008,1986-10,ANFIS-T-no-current,314563,086cd5ad6f4bd2d1e505158c49e968999e6c370fed2cbdbf11b6b23686e66ff9
wqp,wqp:USGS-07048910,2005-04,ANFIS-T-no-current,314563,086f9dc307eeced16c29bcb6653abd4abe4cad4614fb07537ca655032aeaeed1
wqp,wqp:MNPCA-25-0001-00-225,1994-10,ANFIS-T-no-current,314563,08712c7e6adc9cc2f46b09c212d22c8ab5fa74e63e804264deba0867e3df71d0
wqp,wqp:21FLSFWM-L001,2007-12,ANFIS-T-no-current,314563,0874fb111df4834b09ac6a2acd35eda7d1870e63c5d26c54bc461f25854cd692
wqp,wqp:21NC03WQ-NEU020D,2005-12,ANFIS-T-no-current,314563,087513bad53929de11fbf19d62f4df8f54e84dfee0dbd10e72355e0fe3a2d1ff
wqp,wqp:21FLORAN_WQX-CC22,2010-02,ANFIS-T-no-current,314563,087744d2daeeb7aaac69e5d45147891f00ea745485cffb345568719da5453299
wqp,wqp:MNPCA-25-0001-00-225,1997-10,ANFIS-T-no-current,314563,087840745e942f8c36d87e89520f9b47ef1982143d31113f6a3fde5ae61c171a
wqp,wqp:21SC60WQ_WQX-CL-019,2016-01,ANFIS-T-no-current,314563,087992c08027f502659087175d647f5636d9601adb7338f0422bc3e9a1522af2
wqp,wqp:21FLSFWM-LZ30,1995-02,ANFIS-T-no-current,314563,087a0818a87621f2e40edd05713061af8e84e1b5ed34842cbda850918849e0c0
wqp,wqp:21SC60WQ_WQX-SV-236,2017-12,ANFIS-T-no-current,314563,087b53f88b7422f73fcc6d812065f4185c88c549cf735ffc3a45cac9f4e98441
wqp,wqp:21SC60WQ_WQX-SV-335,2014-11,ANFIS-T-no-current,314563,087b70f71c5ae93d42bf86caacf74823a968ecd96b37256e8536f36a5f638b61
wqp,wqp:21SC60WQ_WQX-SV-339,2006-01,ANFIS-T-no-current,314563,087e8c9f85a28a3fe968dd39aaf0d04924ff1225daefe981695401c199aeef49
wqp,wqp:21FLSFWM-L001,2002-12,ANFIS-T-no-current,314563,087f781a6cfd72d82c2fd237c4cea02e073faa1449011b66087e7c8fffda002e
wqp,wqp:21FLSFWM-PALMOUT,1991-09,ANFIS-T-no-current,314563,087f7e94b3bff759ce428f46be07f94fa559d5086daeefecc6ceb3a7ddd81ce5
wqp,wqp:21NC03WQ-NEU020D,2016-06,ANFIS-T-no-current,314563,0884d52ba5145168189095096e3ecb725198ce52af6c3db81b68cafc2e75a526
wqp,wqp:21FLSFWM-POLESOUT,2002-10,ANFIS-T-no-current,314563,0886a5ea77466b235404214bca81eed1dc098a24027d05da86fb3c560d97588c
wqp,wqp:21FLSFWM-LZ2,2006-03,ANFIS-T-no-current,314563,088c12576487f02ec2c6a90f4ac91ed658f965b37fa06ec1edf3a214f8140645
wqp,wqp:21FLSFWM-PALMOUT,1991-08,ANFIS-T-no-current,314563,088dd4bbd9ef3049c4660ef6dd9ffff39af54efcb9c0d06a5fc15ae9caf9cdf5
wqp,wqp:21FLSFWM-B05,1983-10,ANFIS-T-no-current,314563,0892a177eb461fa71d91b5412890e1dcd4a6390e39c202a71f1dd2f837937907
wqp,wqp:21SC60WQ_WQX-S-223,2001-01,ANFIS-T-no-current,314563,0894a71f279acd36fa912abf8dcdbd39987d97412898d1cdc30970262bc14980
wqp,wqp:21SC60WQ_WQX-SV-338,1999-05,ANFIS-T-no-current,314563,0895b4d02036ccf8f028c05ea530c74513267d40696be6679c82fc1bdb8b3519
wqp,wqp:21FLSWFD_WQX-23609,2014-12,ANFIS-T-no-current,314563,0895d722978c5e9c1062b7fa907ded9cd9602539aebe0fd79af154f9a7a9e000
wqp,wqp:21FLSFWM-ISTK7,2008-03,ANFIS-T-no-current,314563,0897596545fa12a97504d8c07e8565ffaedaa12674220f7cb6daccf951f684ad
wqp,wqp:21FLSWFD_WQX-23438,2011-04,ANFIS-T-no-current,314563,089b1c732be02cb191d7c5926ce74e54b97d72c5a313daccf98bf7e6b9725f91
wqp,wqp:21FLORAN_WQX-BC11,2005-01,ANFIS-T-no-current,314563,089b5bb5ba4e7023073d1b10cfdcd345444f7bcd6dff1ca651837af2ea915f6d
wqp,wqp:21FLSFWM-PELMID,1990-09,ANFIS-T-no-current,314563,089b9e2cb416c26e0c173fd388a17cdc2788ee967e5fc47d47105c78df0189a9
wqp,wqp:21SC60WQ_WQX-S-024,2008-12,ANFIS-T-no-current,314563,089ba53eb08d3e5c4d938188d107fd9d5c51053522b9414085f927249c12a9ee
wqp,wqp:21FLCOLL_WQX-LKTRAF4,2016-03,ANFIS-T-no-current,314563,089ba583d64877200c4a6b7fc24b4b9820f54bad49175fb8bf525fe35eef9ace
wqp,wqp:MNPCA-86-0297-00-201,1984-09,ANFIS-T-no-current,314563,089dca4ade20b20a781e03956496dabe677502bb9ada1183ec3be7850aa601b7
wqp,wqp:21SC60WQ_WQX-SV-335,2012-06,ANFIS-T-no-current,314563,089e341b87fa6262cf464be4816f2c434db7747403117c7f18e314aa63fa9e39
wqp,wqp:21FLSWFD_WQX-23588,2010-12,ANFIS-T-no-current,314563,089fe4267b951d863f841901bcf441fbe29ff0901eb3d8320c95b1c2df704839
wqp,wqp:MNPCA-10-0042-00-401,2018-10,ANFIS-T-no-current,314563,08a0e44962269fc15c407c76d761346a235e2e22cacb692c1e28ce810c32b161
wqp,wqp:21FLSFWM-TIN13700,2003-09,ANFIS-T-no-current,314563,08a147478c9fa401760fb62b90f96bd04363c9c97ef32cc5338d796a89f67e6a
wqp,wqp:MNPCA-62-0013-00-201,1984-08,ANFIS-T-no-current,314563,08a1ca6a6ef5bb68e0d7ff3ab93041a74b5dae1b7b9d8a98282cbb77f28abd64
wqp,wqp:21FLSFWM-TINOUT,1993-10,ANFIS-T-no-current,314563,08a212a47314113e35a270e7e93ca0725ec56a1e21c394669e5e5a6846581578
wqp,wqp:21SC60WQ_WQX-CL-094,2005-10,ANFIS-T-no-current,314563,08a4329862556642629c29313f6e972e57cf2099411ab1a5ee80d040788901c0
wqp,wqp:21NC03WQ-CPF081A1C,2011-11,ANFIS-T-no-current,314563,08a557288b9f79fb936b2919b46641f00b1d9857f5d5f9ffd7ca783cfaae7e91
wqp,wqp:21SC60WQ_WQX-B-339,2012-05,ANFIS-T-no-current,314563,08a9a9b2c8e0594e603f0e239018681bf1e6f467bc1d229da98a95582d240bed
wqp,wqp:21FLSWFD_WQX-23389,2007-02,ANFIS-T-no-current,314563,08a9aee8028814ecfb0cc696243b68702df2affd8902c8116aef83d0f5234362
wqp,wqp:21FLSFWM-L006,1983-08,ANFIS-T-no-current,314563,08abf560e2b6444c16f6ebb71023c4228bae33318227cb258e9867b8cf382c0e
wqp,wqp:21FLSFWM-RITAWEST,1994-08,ANFIS-T-no-current,314563,08af1ec1c4feca433363fedcbe18d65d2d5ada9ebb2304748525ae5f0d7f9d29
wqp,wqp:21NC03WQ-CPFMC03,2016-05,ANFIS-T-no-current,314563,08b0480dc1cb6bc2244e7e096117bf33cd74e62c091ad0744df3b135835b2023
wqp,wqp:USGS-01657622,1974-05,ANFIS-T-no-current,314563,08b09ea2879ee08efca54881ef5a2bf3b3a976d74db3a7efc7c4e42a6d0b9e01
wqp,wqp:21FLSFWM-L003,1994-03,ANFIS-T-no-current,314563,08b10424f578a291d559d13cd9a3a6a5dd5e89a6bbbc5154afab6c601ff9c015
wqp,wqp:MNPCA-62-0054-00-101,2012-06,ANFIS-T-no-current,314563,08b68f18ca6bad8c12928fadcc1c95293b033f0a3ab4ee9552b2aa65e451b817
wqp,wqp:21SC60WQ_WQX-CW-197,2001-07,ANFIS-T-no-current,314563,08b6d52aa7dc791f7fac6d9db70ee4ce6966736d06fe99c3b5818784012fd380
wqp,wqp:21FLSFWM-A01,1992-06,ANFIS-T-no-current,314563,08b9158b807023f628b60e8ab6191b18eabe877048ab049b9b68108d9d07d180
wqp,wqp:21FLSFWM-C03,1994-11,ANFIS-T-no-current,314563,08bab32b1436a9bf7fb35e8b30a32256a6d906bd9f617f4cd912a95fffdc353a
wqp,wqp:21FLCBA_WQX-WAL-CAMPBELL-1,2017-12,ANFIS-T-no-current,314563,08bfaeb51124da4a37f0fbca7779aaece3f2513dc96ff2b9874b0a81f4e45e24
wqp,wqp:21SC60WQ_WQX-SV-331,2001-05,ANFIS-T-no-current,314563,08bfb6e4bbca03933b03b67b35d123d716c741f69e9d8af48a1c17eff1f1d87b
wqp,wqp:11NPSWRD_WQX-SLBE_PL_01,1992-03,ANFIS-T-no-current,314563,08c12dfa076677b83f6a132c5694e2eb31ace1dabb558b520019b7a2bf404a38
wqp,wqp:21FLSFWM-D02,2000-03,ANFIS-T-no-current,314563,08c5275946f38550aec8d6cf3fc67c385ab7864c8435130c630b85036dfd9e86
wqp,wqp:21GAEPD_WQX-LK_12_4048,2011-05,ANFIS-T-no-current,314563,08c85fe72878788ecb44397838be5f0317958ff36d4bd19ced102b34c2ecdf10
wqp,wqp:USGS-01657665,1974-11,ANFIS-T-no-current,314563,08cf6e8b4db004d278b6979b7027e2ea0789ad01f4f36f440016aa5cff7d263b
wqp,wqp:21DELAWQ_WQX-109131,2000-04,ANFIS-T-no-current,314563,08d42a884b2b592824f2eda27d46cdb119fac0492de2d6d86b57ff876e8cea22
wqp,wqp:MNPCA-86-0252-02-207,1985-02,ANFIS-T-no-current,314563,08d49617c0aa1e11b8de5bfa178b18dd8d005418c6d897b4cd3a55e90cad7db6
wqp,wqp:MNPCA-86-0252-02-207,1992-02,ANFIS-T-no-current,314563,08d659ae20c82ba3b1ca340029aefac09546fb8dc55676981724de7ebf1cc9c6
wqp,wqp:21FLSFWM-L003,2001-04,ANFIS-T-no-current,314563,08d79be7cc8994f1bab504054106175ce0f00622cabeb966ad0568b8b453e074
wqp,wqp:21SC60WQ_WQX-CL-089,2017-10,ANFIS-T-no-current,314563,08db0ec6f5cd443dc2617bbae788e427300f0993ae1edc7213aab64c0b3c642b
wqp,wqp:21FLSFWM-L006,1985-10,ANFIS-T-no-current,314563,08dba5b3999f49defee2590a833286401b00dda20d0c3c915df5907ef56cd6fc
wqp,wqp:21FLSFWM-RITAWEST,2001-11,ANFIS-T-no-current,314563,08de2414b212f8ce5a7c154014cf46429e6c1315bfb6bdbc2630f20489b36ea5
wqp,wqp:21FLORAN_WQX-CC4,2006-07,ANFIS-T-no-current,314563,08e006f7e32bb68ff1563eeaee471c5fd0cc69f79576608c7e8268fa1c4c6aec
wqp,wqp:21FLSWFD_WQX-23144,2017-05,ANFIS-T-no-current,314563,08e0acfe3fb638e98b33bde48406af4271f14571b0d2cd7a7f2a5a24b933e5b9
wqp,wqp:MNPCA-86-0281-00-201,1981-11,ANFIS-T-no-current,314563,08e1cc9e3f66e9139bf00408b72df46b00bc77fb972218ea70c167cd4179821e
wqp,wqp:21FLSFWM-ISTK4,1993-11,ANFIS-T-no-current,314563,08e44269be70e8e40bac6ce02ae2fae957c4904426be87b06bbe022f976223f7
wqp,wqp:USGS-07049200,2004-09,ANFIS-T-no-current,314563,08e56b29aa3f97482f769415ae3df69ad27680480d3a132b89906c1662dad798
wqp,wqp:OKWRB-LAKES_WQX-520710020020-01,2000-02,ANFIS-T-no-current,314563,08e57245b73837abd4a2dd00a79fcdb97fb675c5c5ba1fe8a32bc8fb961cf84c
wqp,wqp:USGS-07263299,2011-10,ANFIS-T-no-current,314563,08e912f84c68573bd0d77b227c0c9ec73fad094255158380b685f0e121a7a34c
wqp,wqp:21FLSFWM-LZ42N,2001-10,ANFIS-T-no-current,314563,08eebafabad92d8df38ea31c6bde7e355b10d7153e491f03b65c1fded2aa8192
wqp,wqp:21NC03WQ-NEU019L,2006-04,ANFIS-T-no-current,314563,08efe015617acc45d7cc8e11c64813ab850dbcf9dc40af481434c2b994f29d5d
wqp,wqp:21SC60WQ_WQX-SV-098,2006-02,ANFIS-T-no-current,314563,08f20568e57d18d00576f832b331dfe15ae53992fe0d69e74d491801dec523c4
wqp,wqp:21SC60WQ_WQX-CL-089,2013-01,ANFIS-T-no-current,314563,08f76eb0a362661d03584072139d89c6cb12926b45a3150c3be9c2391dc73292
wqp,wqp:21FLSFWM-TINOUT,1990-11,ANFIS-T-no-current,314563,08f8fd306deefcb46504aaa7425cbf33c227a243aadb433fc0475f293a4fc957
wqp,wqp:21FLSFWM-L004,1996-09,ANFIS-T-no-current,314563,08fa5af668da432feebc5ee2c5088b791a7d660a67f793a668917445cef75ef7
wqp,wqp:21SC60WQ_WQX-SV-200,2003-02,ANFIS-T-no-current,314563,08fb182698032395d36cbc078f39df4cd8b787caf8ed163f098c321d667d9870
wqp,wqp:21FLSFWM-KISSR0.0,2007-09,ANFIS-T-no-current,314563,08fb76e22ea25c1595e9510439a9b38b99a4c0089f2d8f1b8a7efb9f1c728c7f
wqp,wqp:21FLORAN_WQX-CC6,2012-06,ANFIS-T-no-current,314563,08fbdff902c22d5839dd98702418c4aaa99826d0fb0059438df40312b3a721e2
wqp,wqp:21DELAWQ_WQX-206361,2001-09,ANFIS-T-no-current,314563,090107264f4d90d40b3bdedfccd5b2ac21bb78a42050300774a4e36c4860f265
wqp,wqp:21FLSFWM-L001,1997-01,ANFIS-T-no-current,314563,09032d0c4e81e06747cca900119e2f1ff3147504e3c8fcf179cb7a843c8b0d64
wqp,wqp:21DELAWQ_WQX-307171,2017-04,ANFIS-T-no-current,314563,090402e33053710cc8e36bc29d749fa2e10ed49ed008a48bdab19cc9c0a981a2
wqp,wqp:MNPCA-10-0048-00-201,1997-05,ANFIS-T-no-current,314563,09042d27f73df1c22a7e1a0b9b2351a25d3f2c492b6410a25db3624a7b11a4a0
wqp,wqp:21SC60WQ_WQX-CW-016F,2013-05,ANFIS-T-no-current,314563,09049c95c3d02186f5bcf7386c0ddcb329bafccb75cf28de79ef7649de40cbc3
wqp,wqp:21FLSJWM_WQX-44673,2018-11,ANFIS-T-no-current,314563,09065f834bea1951b408a3afcb5c86f019a44e9e1b4c3affc88dc5bc40d5d9d0
wqp,wqp:21FLSFWM-E04,1993-10,ANFIS-T-no-current,314563,0906bd5e98e90e670db68793528d4efd09fc63cfd49923a2a50b9f0e764785a1
wqp,wqp:21FLORAN_WQX-BC14S,2006-06,ANFIS-T-no-current,314563,090d3e809efec25031f28a73aad1660004fd2c2ea81d33d7144a5c6176aa089c
wqp,wqp:USGS-07144790,2003-02,ANFIS-T-no-current,314563,09109943980462a265bfa3ec6de609f3f564b335a54a337103abd1fc77ae3e16
wqp,wqp:KAWNATON_WQX-KN-KL-003,2014-06,ANFIS-T-no-current,314563,09113088c81a9f1e08e26ace4544462aa0ffad3d2bd76b97e8888afb729e4004
wqp,wqp:21DELAWQ_WQX-108111,2012-11,ANFIS-T-no-current,314563,0912187e1cfd82f8f115d33c681de12ab4b450cbdb2d998517147927f5e507cd
wqp,wqp:21SC60WQ_WQX-PD-327,2005-06,ANFIS-T-no-current,314563,09142b92ff9d49a4cf3a6e384fa5da0d21e2deb1b6782d3425edf9d2943febc1
wqp,wqp:21SC60WQ_WQX-SV-338,2014-02,ANFIS-T-no-current,314563,09172fd13c4c504b3812bf3dd5bfd3945480328290e2c028b637b3fbb740a0a2
wqp,wqp:21SC60WQ_WQX-ST-032,2009-07,ANFIS-T-no-current,314563,09196039c24dd79aaf0a509476588a1c5a8a2662e474b6af453c09281316d564
wqp,wqp:21FLSFWM-L001,2003-05,ANFIS-T-no-current,314563,091b8b48fd84d870e0b65478bbd1728640cbcaa00248ad6c746f6fe811d07773
wqp,wqp:21DELAWQ_WQX-202021,2012-04,ANFIS-T-no-current,314563,091c337092799b3487ccfd786c61a8fae6c9dafff037e83e3c79c8175908173a
wqp,wqp:21FLSWFD_WQX-23389,2005-03,ANFIS-T-no-current,314563,091c4fd530c966228c3b8d3535bedb5b7c87a22ccb1e4948039049bae8ec3ca7
wqp,wqp:CAPECRD_WQX-290,1987-03,ANFIS-T-no-current,314563,09231b4a010def7dc1b83dd9de47c771f68e48862ca87dc403a1640aba5970d0
wqp,wqp:21FLSFWM-PELMID,1992-02,ANFIS-T-no-current,314563,0923316894e680ec40cb4b97d88d881883508d9271d149b77c50dc8d606b2055
wqp,wqp:USGS-07049690,1999-11,ANFIS-T-no-current,314563,09264df90ead15d09c0dbea158401e0f1224af15e3450ab437994064cdcc96cb
wqp,wqp:21FLSFWM-LZ42N,1992-08,ANFIS-T-no-current,314563,0927d47d1a1a911f3bc632fa23a86eb73522f5f0ec17bbddde4552ff19eeeaae
wqp,wqp:USGS-14211940,2012-03,ANFIS-T-no-current,314563,092b7ea9f2bfdb648c2f3acbdcebd91cc5e705e89a948ea485394dd11b58e14e
wqp,wqp:21FLSFWM-IPOUT,1989-10,ANFIS-T-no-current,314563,092ecbd0bc6e3ad736f2f9edfd6cf864681c25400f52dc9b5e1847c77ef654a8
wqp,wqp:21FLSFWM-L001,2007-10,ANFIS-T-no-current,314563,093014c87b1adb388ccad9896aaf7983455adc4819211411b3e9ead2062e9b1d
wqp,wqp:21FLSFWM-A01,1992-02,ANFIS-T-no-current,314563,093243f1ef55be03561ad8d02aadbc812ae59f436d7f68cfeef2629ebad695b5
wqp,wqp:21FLSFWM-B09,2003-09,ANFIS-T-no-current,314563,09327ac2cdd846872705e5d50bae89fea76ce29eb88d8521c241de77fb3a51ab
wqp,wqp:21SC60WQ_WQX-CW-016F,1999-11,ANFIS-T-no-current,314563,0932d5254b66420a1500aef8cc7508b61fcfe7a1a53a071ed48d51c7a21c408c
wqp,wqp:21FLSFWM-IPOUT,1988-10,ANFIS-T-no-current,314563,09366835771e7f31916c192827227a0efeabb196f23e75bd9984683756c28ef8
wqp,wqp:21FLSFWM-E02,2004-05,ANFIS-T-no-current,314563,0937843f43c957dcc5db8ba00c5576f00638ccbd15cf25c425c0eb591be95e7e
wqp,wqp:21NC03WQ-LI01,2016-02,ANFIS-T-no-current,314563,093940ccd82a1461ec5deb38be461bb1c41d536a51b2a425e1679926a6e5b8cf
wqp,wqp:21FLLCPC_WQX-GRIFFINTISH,2017-07,ANFIS-T-no-current,314563,093a430e33d37cad95f7a78da7c97a549796d9ac85fe9c4addaf8bc76d70beb5
wqp,wqp:21FLSFWM-PELMID,1993-08,ANFIS-T-no-current,314563,093b7de3a6612744236d561c6aa19a3766c8a9784398d27a2ea0e23f364f5056
wqp,wqp:21SC60WQ_WQX-S-308,2015-09,ANFIS-T-no-current,314563,0940ce956b55bbf3c4296b2863b2651108c020b89cde941937e8b77b2ead4079
wqp,wqp:21SC60WQ_WQX-ST-032,2003-09,ANFIS-T-no-current,314563,0941e263355d46e2a6cbd9224dc1c7b3df353b30e6e75f9888090da568207663
wqp,wqp:21NC03WQ-NEU018E,2014-06,ANFIS-T-no-current,314563,0941e8b3c88c955061f0ae618b16c87b184a3c71827c079f939cbe73e06ba10c
wqp,wqp:21FLSFWM-L004,2006-06,ANFIS-T-no-current,314563,0942ca3d9840740b6194dbaf99b40e0dc00b97503577269b3ec52b2ba53b3f5f
wqp,wqp:21FLSFWM-ISTK1,1988-10,ANFIS-T-no-current,314563,094484e0df36165e4738f8d2fed61f894c08014fcdd465f0f08bc58b3a5ccc1a
wqp,wqp:21SC60WQ_WQX-S-022,2001-04,ANFIS-T-no-current,314563,0946142aa9ca6698c8491672ecebf1705889a461c1f634cacafb31aa73bf6577
wqp,wqp:21SC60WQ_WQX-CW-016F,2002-08,ANFIS-T-no-current,314563,0949bb9fe55b7ff7423ffa466aa6d58584398f5446b6f484b56a49baf72e4741
wqp,wqp:21FLSFWM-PLN1OUT,1994-07,ANFIS-T-no-current,314563,0949d4d8ad25cf8b6f4f6efd40aa8832ed4ef2a6c265e33b642b4164d49687a2
wqp,wqp:21FLSFWM-ISTK7,2005-09,ANFIS-T-no-current,314563,094c9a68ce5ba836e2c136216c70731daacfd41b08eee2ea57158fa3d9f8299e
wqp,wqp:21FLSFWM-L004,2006-08,ANFIS-T-no-current,314563,094d45f78fe322df2b5ba7ef960dbdca24cfea82fb3ff99d7774606251988f39
wqp,wqp:USGS-072632965,2008-04,ANFIS-T-no-current,314563,094fada8075cd30896b1e5abec78d5d07855f70dc7344b12ac6a4d1c0c1d904f
wqp,wqp:21FLSFWM-L008,1978-03,ANFIS-T-no-current,314563,0954fdd48b3bdd78fc445314cf72b556031bf90bcca7cd902d156030218dcac0
wqp,wqp:USGS-07263299,1993-02,ANFIS-T-no-current,314563,0955cb3d38bbdfaf304fe11eb744a03db8b3863259fcc60526826f91c59f9a6c
wqp,wqp:USGS-02207414,2006-08,ANFIS-T-no-current,314563,095821a58104c856462fa039fdfbf3413a2815169a1a2d24ee803c3af2fe9d77
wqp,wqp:CAPECRD_WQX-262,2003-12,ANFIS-T-no-current,314563,0958c7fca0723688e605832deaef75c4e398a5150676633b8bc4794ab13fd2be
wqp,wqp:21FLSFWM-KBAROUT,2005-07,ANFIS-T-no-current,314563,09591de3e604276735e995d848e6d4388dbe4f1449f1ad12c0f0be1b1112f3b9
wqp,wqp:21FLSFWM-C01,1983-12,ANFIS-T-no-current,314563,09591f9a776c16e4581fbe6bc2a957041f229e7f61f1befd6593d1d51859dc27
wqp,wqp:LAKELAND_WQX-LH20,2009-04,ANFIS-T-no-current,314563,095c897ad2a8ef5d1d16e7ccc73dcb96ad91865727ad8bf7125fcbfd70bb7ed7
wqp,wqp:21SC60WQ_WQX-B-345,2002-02,ANFIS-T-no-current,314563,095d7bcdd2e2d06ad1eda49f36cd5140e99137fd77b72c0e4bab2bf57d92bc06
wqp,wqp:21FLSFWM-L005,1983-09,ANFIS-T-no-current,314563,095ecaa5884f1f91f209b2dd724ab74bf4318dc49030e42141d92f994385b0db
wqp,wqp:21FLSFWM-TREEMID,1990-03,ANFIS-T-no-current,314563,095f802c09ce187c4bcdb785674eef69729e1329379a0292972c01ec89c07406
wqp,wqp:MNPCA-47-0042-00-201,1985-07,ANFIS-T-no-current,314563,09609f1afa95633cc9cee1d48240cfcad119382c9980bbd8c0ea0465e32c9d75
wqp,wqp:21FLSFWM-PELMID,1986-12,ANFIS-T-no-current,314563,096a99fce0c021ed5d020c2cec0c0fa86bb5e54fcc406517a8d351f3e1ed7ff4
wqp,wqp:21FLSFWM-STAKEMID,1997-09,ANFIS-T-no-current,314563,096c72d1dc7686c365af056d5fb11c6f32f70d0e2bc3f10e9d157fa56e608af6
wqp,wqp:21FLSWFD_WQX-23631,2008-12,ANFIS-T-no-current,314563,096efca9097d91bbbfed2a4819f73c4dee41e227c66f776b5cb07d4bb5fe84ae
wqp,wqp:21SC60WQ_WQX-SV-339,2005-09,ANFIS-T-no-current,314563,09756f423edbec13283099c2f2a3586789609a0dbdd0790aa161720a61537e3d
wqp,wqp:21FLSFWM-POLESOUT,2009-02,ANFIS-T-no-current,314563,09773b2cf2a8d1b3df20a11c7f1aa248ff4b2e13e5ed9f59ec8d63e45295294a
wqp,wqp:MNPCA-62-0055-00-201,2007-09,ANFIS-T-no-current,314563,097eb7027e4890b1066d5f54cfab86fc740b6a6304d92e9955ba3c3d387893dd
wqp,wqp:21NC03WQ-CPF055D,2014-10,ANFIS-T-no-current,314563,097f3a6ce231480e1ec2ed403ed673cbcbf3afd7e596196fcf574272ee7e46bf
wqp,wqp:21FLSUW-ALL010C1,1998-05,ANFIS-T-no-current,314563,0980aaec62775804c2b450bca4bb5461a06962e2b2b1fd864bf4b60217608311
wqp,wqp:21FLSFWM-KISSR0.0,1989-08,ANFIS-T-no-current,314563,0981d3f63fbb196196f253aa16facb1e9b5e055e4147f5521f2ecfd666a9220d
wqp,wqp:21FLSJWM_WQX-44148,2018-08,ANFIS-T-no-current,314563,0984cc2a37728161127ea5e744634ed2b4c5984558bd306c77fe64c872eb9f51
wqp,wqp:21AWIC-23,2015-07,ANFIS-T-no-current,314563,0985ef5c5bc977897135b41786d2dca85e9b8623a6af422357bba855507821ff
wqp,wqp:21FLSFWM-ISTK6,1999-11,ANFIS-T-no-current,314563,098655d3deaa15706edd273f786a08f2c46bfa5f94b53f6357cc45b3f28cbe77
wqp,wqp:21FLSFWM-PLN4OUT,1997-04,ANFIS-T-no-current,314563,098aaf79cc5c0f8bef3d43376a90dca1f8b6a100ba1c0b88d88fc8f6dafc1a85
wqp,wqp:MNPCA-73-0014-00-100,1982-06,ANFIS-T-no-current,314563,098c03346d6e9359e60cb2c002dd5f41c36395d497f0cb062e5c8d6260183ac4
wqp,wqp:21FLSFWM-B02,2003-12,ANFIS-T-no-current,314563,0990a2c61a92dc1a112c1cc8dc2d280040d11b186193c25d1398d4e396f8c8a2
wqp,wqp:21FLORAN_WQX-CC9,2005-12,ANFIS-T-no-current,314563,09921a5aefbb2fa7f1c4fa285aa1821ade11172b1f4454b290828d18da3417ea
wqp,wqp:21FLCBA_WQX-WAL-DEER-1,2017-08,ANFIS-T-no-current,314563,0993b833425e7bc0a5bf8048bb000b13def569dd8be51e5c751db40c0eabaec5
wqp,wqp:21SC60WQ_WQX-CL-089,2001-10,ANFIS-T-no-current,314563,0993bb10bfe71b72025f9c7efb1cba78560cda06a43800101b7a2a35a5c12ff8
wqp,wqp:21SC60WQ_WQX-S-311,2015-09,ANFIS-T-no-current,314563,0993d1dd1b8b0e0190348aec66b754e5b719ddf168d9a362bf2428efd7f615ec
wqp,wqp:21FLSFWM-LZ40,2008-03,ANFIS-T-no-current,314563,09947c7c28b4984d59e89cad6957ff1e0f7df02a5b320d1320f27b16bdf04aa6
wqp,wqp:MWRD_WQX-MILTON3P,2013-07,ANFIS-T-no-current,314563,0994973d612174fe110fa402bb092e68fdc80d53ba1d9f9f8a724d3a50197086
wqp,wqp:21FLSFWM-L004,1989-12,ANFIS-T-no-current,314563,099592de3fc4ca0eaa5876d9bbb61460cf249556836a7b27975914050184c2a5
wqp,wqp:21FLORAN_WQX-CC17,2015-01,ANFIS-T-no-current,314563,0995d4d71d0622468088763ffe2bfddf3dd8763b84a6577f78e6c50562f8db5b
wqp,wqp:21SC60WQ_WQX-SV-372,2010-09,ANFIS-T-no-current,314563,09980310821d6ef3bb54d4e7ec8a604b70fa5349468bd7ac00e0519f3a7c5e89
wqp,wqp:CAPECRD_WQX-280,2018-11,ANFIS-T-no-current,314563,0998c368fd95b53f7c202f363745a651d7df638e5e00dc08d481c8c6a25cd857
wqp,wqp:21FLSFWM-L004,2000-11,ANFIS-T-no-current,314563,0999458630a85d0cb40a7f62ac1e34378d4f0215f36c5ab9d40b19ea6ad3f21c
wqp,wqp:21FLSFWM-KISSR0.0,1988-04,ANFIS-T-no-current,314563,099aa4e514c88b34fd9ab95ae14fefc6a4d3eb5e006edec35c6032c92e43a8ba
wqp,wqp:21FLCBA_WQX-WAL-MORRIS-2,2017-07,ANFIS-T-no-current,314563,099d3d553efb86a27d33a5a112a86898018db8775bb08c58c3424dda156e9837
wqp,wqp:21SC60WQ_WQX-S-024,2002-03,ANFIS-T-no-current,314563,099d9dc03bd6bd32bdc3ca3d4fea509d6f6ebe18e919a0958a3f79ee489d90f3
wqp,wqp:21FLCOLL_WQX-LKTRAF1,2002-12,ANFIS-T-no-current,314563,099f7486fb8c282584e41a695be2f701d7911774568340933debd418047903cd
wqp,wqp:21FLSWFD_WQX-23438,2007-07,ANFIS-T-no-current,314563,09a1d4317c4e94ee4859070cd283477f89e3130ade7be271b447defdd1e7d3f1
wqp,wqp:21DELAWQ_WQX-205211,2012-07,ANFIS-T-no-current,314563,09a2779234fd12e1f8155f047576bcfaf24e4ef0f54a7ff54d710a7628efa7bf
wqp,wqp:21FLCBA_WQX-WAL-MORRIS-2,2017-06,ANFIS-T-no-current,314563,09a3b541a2b41368e251b8a3e2c92ee9d1aabc53313c4ad61a57cfe621de2513
wqp,wqp:21SC60WQ_WQX-S-308,2002-05,ANFIS-T-no-current,314563,09abc3930d3b671b92ee0781545a6e6779eae84114ad81d17c9679a408c88abc
wqp,wqp:21DELAWQ_WQX-109131,1999-04,ANFIS-T-no-current,314563,09adeb614a5e344713062e7c076c7866cd463e37c6906ebda89b1e21d31a1ab7
wqp,wqp:21FLSFWM-LZ2,1987-04,ANFIS-T-no-current,314563,09b05ed83eeeaf6884415f95f087c28c287c7703025a750ca67573ed52956161
wqp,wqp:21VASWCB-5ASRN000.66,2005-08,ANFIS-T-no-current,314563,09b16e287ddf62a1a54e8eb3a1e7adfb7a7aef7c1793b5d4da6c29076d5b6022
wqp,wqp:21FLSFWM-TREEMID,1987-06,ANFIS-T-no-current,314563,09b35eaabbd927996bdc33a399a84fd5376411f30dda3d0e387dc965b95a8d77
wqp,wqp:21DELAWQ_WQX-304321,2010-05,ANFIS-T-no-current,314563,09bd8c626bd14974e85bee6ffc3ee174c98e149a7ffa487975ab0297bcdb0e53
wqp,wqp:USGS-423556088365001,2015-03,ANFIS-T-no-current,314563,09be91652dc03678a99b20729e910af3760758126df88c138dab52afc0ff326a
wqp,wqp:21FLSFWM-ISTK5,1989-05,ANFIS-T-no-current,314563,09bf129dc56255a93636127d7a693c96977a4e9ec148d0669ea1cb0c2a25368a
wqp,wqp:21FLSFWM-L005,1997-10,ANFIS-T-no-current,314563,09bfd3233b133b63113e017a0e8e6cc2dc3ff5ade21a0d35242eb8980f76d537
wqp,wqp:21FLSWFD_WQX-23438,2014-09,ANFIS-T-no-current,314563,09c0cd2880ec3e0214a121ca87653660eb4e95db57f073b9aef12f704c7e719b
wqp,wqp:21FLSFWM-L006,1983-03,ANFIS-T-no-current,314563,09c1ec9a5f3d7db725e2688d22fbc5b8d70b3561f730edae016aea0b4f3daa0f
wqp,wqp:21FLSFWM-B06,1993-09,ANFIS-T-no-current,314563,09c31fa856b89a9c630d06c3e4aa1d2f77934511f5572359b054775a93846417
wqp,wqp:LAKELAND_WQX-LH29,2008-10,ANFIS-T-no-current,314563,09c4146b369a97ed1f6e90b72b82909f5411834899e9bc5dec70ecd8b2402d9d
wqp,wqp:21FLORAN_WQX-HB68,2018-07,ANFIS-T-no-current,314563,09ca0751f0a190b8198740bdc1a45b69b33a4287081f1f0fd5decd1b2cbaf2ef
wqp,wqp:MNPCA-62-0013-00-201,1985-08,ANFIS-T-no-current,314563,09cbac31db22fb37cb687d32d93c4b4ac28c01488aba0da927a91245d35c2742
wqp,wqp:MNPCA-02-0075-02-203,1985-10,ANFIS-T-no-current,314563,09d0b5799e8b72f74af27443f9311b9426188aa9db31baaf0bf723d7213c95c3
wqp,wqp:USGS-423659088354401,2014-05,ANFIS-T-no-current,314563,09d1a4dd4ab21fe531b88f841334b7f5468c95cfd01b4ee3196fff9a4471dfa1
wqp,wqp:MNPCA-10-0042-00-401,2006-05,ANFIS-T-no-current,314563,09d314b57986a70500ad1e1d11d3a34b38318db55b6397dca8e2e84e2f9cf1ac
wqp,wqp:21FLSWFD_WQX-23613,2006-12,ANFIS-T-no-current,314563,09d317c7b7f12aa6c82452f759dcf34704ab87b6d89b1ebf91ab28899b7fa512
wqp,wqp:21VASWCB-2-XDD000.40,2006-06,ANFIS-T-no-current,314563,09d416cdffb58ecd7c2b6aec1efa59a1e011a631dab96d32e5524fe30e18169c
wqp,wqp:21SC60WQ_WQX-CW-033,2015-02,ANFIS-T-no-current,314563,09d487ec74b243509f97b050898b29ac9102f5e3f047067067961da268eb0daa
wqp,wqp:21FLCOLL_WQX-LKTRAF1,1998-02,ANFIS-T-no-current,314563,09d789b996a0fce94319d8c1478e110ef5675bfd1dcd87094ca370534e9f2a62
wqp,wqp:21SC60WQ_WQX-CW-033,2011-04,ANFIS-T-no-current,314563,09d9b15efda80af43492b04a665a7c48885debcb2e8c795f44d6a6c348018994
wqp,wqp:21FLSFWM-PELMID,1986-07,ANFIS-T-no-current,314563,09db5d6eb5f1ccfea67c3863038fa68793a39a7fad5de019b70f9d7218285b43
wqp,wqp:21SC60WQ_WQX-SV-331,2008-06,ANFIS-T-no-current,314563,09df36d5ac26569ae7324702a150d33fe308b58242130ff3cfc6663d9b767785
wqp,wqp:21FLSFWM-CLV10A,2005-06,ANFIS-T-no-current,314563,09e0a24959b318addccf7eb1e764a8ff9acd62290600063c89d2c3862f903042
wqp,wqp:21FLSFWM-PELMID,2003-06,ANFIS-T-no-current,314563,09e1596e25cd53473e2b84da5dc3e089894e9207f0eb80ad6f335bf56aeb13d8
wqp,wqp:USGS-07263299,1995-08,ANFIS-T-no-current,314563,09e308ed6289ebc2dc2ffab896e13b920aeb6019a471deff7667dbbd3ce436ac
wqp,wqp:MNPCA-62-0007-00-203,1977-06,ANFIS-T-no-current,314563,09e6ea3621221384f4389c96d071234cf88594aec657a4d3319e1051bbd68247
wqp,wqp:21FLSFWM-PLN1OUT,1990-04,ANFIS-T-no-current,314563,09ea71ab0c772137cc31f5f9ab4d2b02bb903dc8138939768abef60f32a5208c
wqp,wqp:21NC03WQ-CPFMC03,2013-06,ANFIS-T-no-current,314563,09f065cc1274e6b03ba8498540acdc3897cdd1905967a84505d2cf1ee6e3d561
wqp,wqp:21NC03WQ-CPF081A1C,2018-04,ANFIS-T-no-current,314563,09f3feeb01ded5941b1a9bb731d02d0f2cc84546e411997ba04b0493f2be9241
wqp,wqp:21FLSFWM-B02,2001-08,ANFIS-T-no-current,314563,09f84aea108beb30e28124c933c493459037aa2394db54fefa6a0e2236d734a8
wqp,wqp:USGS-072632972,1992-03,ANFIS-T-no-current,314563,09fe04d79e7dad21e2134742c0aac3a63bab98476fb720d7a386f085683e40f0
wqp,wqp:21FLSFWM-LZ30,1992-07,ANFIS-T-no-current,314563,09fec2b6df26fe22df8f702623d4881287d9caa6adc3dbb7ecb11843cf18c7e6
wqp,wqp:21SC60WQ_WQX-CW-016F,2016-07,ANFIS-T-no-current,314563,0a004b641a6de7c1f61caac4054b0ff18d8d0994f3144406b6fb2b79436f01ed
wqp,wqp:21FLSFWM-ISTK1,1993-09,ANFIS-T-no-current,314563,0a046528516aac0ee9a8462b1681e97032d67ffe1f92f5c97d9d5b1357ff545c
wqp,wqp:MNPCA-62-0054-00-101,2009-08,ANFIS-T-no-current,314563,0a05e81fda66cd42c785763b02602a98791fefb760af09c4eeffd9a9969cd9fd
wqp,wqp:MNPCA-62-0013-00-201,1992-07,ANFIS-T-no-current,314563,0a06257e1378bbc68b66feea160b00933cbb0055ae4ff92354e0117d0386d6c9
wqp,wqp:USGS-0214196095,1993-03,ANFIS-T-no-current,314563,0a0c1e549b7f7fa37f2bf8acd6913fa413372c8d49b4a350a87d6d05c0bd3081
wqp,wqp:21FLSFWM-ISTK5,1991-10,ANFIS-T-no-current,314563,0a11008526ceb43201aa4eb39850360548798e0f2b82dca4b06544167207d6b3
wqp,wqp:MNPCA-25-0001-00-231,1992-09,ANFIS-T-no-current,314563,0a12b2118603693df249a862a197a154f6dd085ff195679e8234904a70754dff
wqp,wqp:MNPCA-62-0013-00-201,1984-05,ANFIS-T-no-current,314563,0a17241af4d900ac67fb3e964938df8b3d5a084644ad6ef0d8eea8e17bdb1db0
wqp,wqp:21FLORAN_WQX-CC6,2009-10,ANFIS-T-no-current,314563,0a1aa60de945c79de5da18b79b6123c59f344f0ab6a0864ed34ac66bc45dcd93
wqp,wqp:21FLSFWM-OISLAND,2008-12,ANFIS-T-no-current,314563,0a1b35a49c1a5ecd3c516cca4e9362543cec0e06e7468cc27bb1b658469c0539
wqp,wqp:OKWRB-LAKES_WQX-520710020020-05,2014-12,ANFIS-T-no-current,314563,0a1b522c16fde478d72a8063b33140e0db6f1a7082f427052b024cb6232913c6
wqp,wqp:21FLSWFD_WQX-23113,2008-05,ANFIS-T-no-current,314563,0a1bccf379449152d82cec884482dd9a0572a18c1ed27ce9c1b137ca5666ab6c
wqp,wqp:21FLSFWM-LZ42N,1993-04,ANFIS-T-no-current,314563,0a1c1747a1503c9bb1857d884ae9157228293ef94b5d78595c064739db24ab87
wqp,wqp:21SC60WQ_WQX-SV-361,2014-02,ANFIS-T-no-current,314563,0a1c9216741a92a3306be626db2e63b3752e1caa1f03dc44cfbb82c97f6b7305
wqp,wqp:21FLSFWM-B06,1996-04,ANFIS-T-no-current,314563,0a1fce9573e1e12cb406cef12f979148b66f2922871174dc17439656b89fb532
wqp,wqp:MNPCA-02-0045-00-202,1981-10,ANFIS-T-no-current,314563,0a200fc106d674d659d114c009c44c6f92c6f69f502282cf88db859605f80c16
wqp,wqp:MNPCA-10-0007-00-201,2016-04,ANFIS-T-no-current,314563,0a23df9b9e3119f46737e8d3db3793252a17ce72ac53190f9ee0213fc2791731
wqp,wqp:21NC03WQ-CPF055C6,2014-07,ANFIS-T-no-current,314563,0a256fa55070e8f5dc4e3d2261a4c0d43127635690b9eb268e75481e952e28f1
wqp,wqp:21FLSFWM-B09,2007-02,ANFIS-T-no-current,314563,0a261bf64feeeb5b42931abc18f9793810024bc586d8f32a4f6da46e2ee5bdb0
wqp,wqp:21FLSFWM-TREEIN,1987-02,ANFIS-T-no-current,314563,0a26d07e5ff39257b21e607f5c48f8941fb176720153c9869592f266257fe1e3
wqp,wqp:21SC60WQ_WQX-B-339,1999-09,ANFIS-T-no-current,314563,0a29d68a1b16ebed29d3dfa054724a94d04a2eaeda7e9796b56b12d48280fe0c
wqp,wqp:21FLSFWM-POLESOUT,1989-07,ANFIS-T-no-current,314563,0a2afbca709feb194fe046110c9dbf4ac23dd9d139c984b11078ad0b26e065d9
wqp,wqp:USGS-295554095093401,2012-07,ANFIS-T-no-current,314563,0a2b860d5bdc234da7fee33c75284f567da1756970f1d2f5d1ee15a2a2a0280f
wqp,wqp:21FLHILL_WQX-135,2016-01,ANFIS-T-no-current,314563,0a2bc8674a4bdc1fd0738f7b5ada1615cb012b255252de37a98d4a2905ac8ceb
wqp,wqp:21FLSFWM-POLESOUT,1989-05,ANFIS-T-no-current,314563,0a2f0874c27c2866b0c0d82850a4db426f4ce92a4678cd65f1eea40944dbb8cc
wqp,wqp:21FLSWFD_WQX-23144,2002-04,ANFIS-T-no-current,314563,0a3150d1555b84852e7b6a962e51bb8685f4849fe128bffe7bd969b0b437e537
wqp,wqp:KAWNATON_WQX-KN-KL-001,2017-11,ANFIS-T-no-current,314563,0a31750798d748d2f200974171cb8aa979f73e4399874e6b938491bd86bac280
wqp,wqp:USGS-01201700,1974-11,ANFIS-T-no-current,314563,0a34d470bffa06c0a3044455ad92192fefa22a46f17c751751fdcf1fb82c2ff4
wqp,wqp:MWRD_WQX-MILTON3P,2018-08,ANFIS-T-no-current,314563,0a367ab680ccabc4b582127d8d01746dc7502b931b35c0721dcea0d9f84d6b44
wqp,wqp:MNPCA-25-0001-00-215,1998-07,ANFIS-T-no-current,314563,0a37823c01322755107a9c72497b7105380022cfe1692a5dd6283d585a21bd78
wqp,wqp:21FLSFWM-LZ42,1990-10,ANFIS-T-no-current,314563,0a396471db4bc39b0848e63da3275c52a5628992e9aca1548b408f213c9fa110
wqp,wqp:21DELAWQ_WQX-208181,2014-10,ANFIS-T-no-current,314563,0a3c301d38c76cca7daa361f099c3be8926d01055f9f2d0d26a2e17ba6d97fe6
wqp,wqp:USGS-07144790,2013-01,ANFIS-T-no-current,314563,0a3ea29da337fb8362340fb3700826909e6c2d6e3146af1a180d4143c675bb64
wqp,wqp:21FLSFWM-TREEMID,1993-05,ANFIS-T-no-current,314563,0a3fefa6a593b8c581dedcced8eef11c10a1816dfac570639c5820fe386f4d4c
wqp,wqp:21SC60WQ_WQX-SV-340,2012-05,ANFIS-T-no-current,314563,0a472fa4513f9655e9c8df00ec772a3a788f3cda1e2e66f03dccd65f78d65119
wqp,wqp:21FLCOLL_WQX-LKTRAF1,2017-11,ANFIS-T-no-current,314563,0a49cc87288fe9d46e6e3b02e7a63fb45623f528502445aaf30429ea4f7db345
wqp,wqp:USGS-07048910,2002-08,ANFIS-T-no-current,314563,0a4a778723ae872c9e2c9500e5381a7f42c546081e9c996ff4fb585d70225c47
wqp,wqp:21DELAWQ_WQX-303331,2006-12,ANFIS-T-no-current,314563,0a50f96ba531101736e0176ddda5c0df26215f0d788936877f095f48c7288df5
wqp,wqp:21SC60WQ_WQX-PD-327,2003-08,ANFIS-T-no-current,314563,0a51259864f65804a38fbd22517f68622f9ca16bc1d28b8952eeb38327dbd522
wqp,wqp:MNPCA-62-0055-00-102,1990-08,ANFIS-T-no-current,314563,0a538933df39612d7a60e1513997bf483daa9a7227cfcc8380b88f2b77223300
wqp,wqp:21FLSFWM-KBAROUT,1987-11,ANFIS-T-no-current,314563,0a561007922823b79012ce249cd2bbe27b1217cc21ce07624a71774eebf30b76
wqp,wqp:21FLSJWM_WQX-44676,2017-06,ANFIS-T-no-current,314563,0a5c6015e8b79936db1660ec563f323f8471723ff8f1c21b7bee56d7724371e2
wqp,wqp:21FLSFWM-E03,1984-12,ANFIS-T-no-current,314563,0a5c8a0528a97e05a895a91151100e8d35b728824a6ad67898959019fc1e359b
wqp,wqp:USGS-295826095082200,2016-07,ANFIS-T-no-current,314563,0a5e776f4208c4ea6649e216cad6892046dd934819a5821ca6249dfa72ef5606
wqp,wqp:21FLORAN_WQX-CC22,2008-03,ANFIS-T-no-current,314563,0a6894e1e065048dbe1b4d49af8d442f142177064cecc7a17fca188357f42b3a
wqp,wqp:21DELAWQ_WQX-110011,2013-12,ANFIS-T-no-current,314563,0a697cad1faeba59d4100a833aa9f7153c788eec6a74b962f436525a5bd14deb
wqp,wqp:21FLSWFD_WQX-23389,2003-10,ANFIS-T-no-current,314563,0a6b7ee161569b363cf5fc5031a60dfe699ec92a6420da475dd7a8b6569134ce
wqp,wqp:21NC03WQ-CPF086C,2005-01,ANFIS-T-no-current,314563,0a6bca589d844e27f67abfdf4c65808bd5ed24134d84b05252b12e3891e1a64f
wqp,wqp:21SC60WQ_WQX-S-311,2006-08,ANFIS-T-no-current,314563,0a6ca1a71cf4f80291f937b58f43385bccc2d1fd5c53bbc7c7a17c36981ec77c
wqp,wqp:21DELAWQ_WQX-303331,2001-05,ANFIS-T-no-current,314563,0a6caf88046d7f675bd36e3e4326f77d56520189d7c8a801a67621363f542d7a
wqp,wqp:21FLSFWM-L004,1993-06,ANFIS-T-no-current,314563,0a6ed1eac7984bac6239355d348df46f0af7559faa2ec125366e502aa8e1e9e2
wqp,wqp:21SC60WQ_WQX-CSTL-075,2003-10,ANFIS-T-no-current,314563,0a6f4ebed33c159793e019a2e2a021d49213804bb0e706f08c99d9a561912320
wqp,wqp:MWRD_WQX-MILTON3P,2016-10,ANFIS-T-no-current,314563,0a76056e0b3ade632ffd4023da067b24ce1d7fa4213ebcb8fa2b4554e6920d0c
wqp,wqp:21FLSEM_WQX-SPR,2016-02,ANFIS-T-no-current,314563,0a775b20df7aa56ddbc8d4e7a11fe955923f297b9d7299f07d938e993fc6ad38
wqp,wqp:21DELAWQ_WQX-109031,2006-06,ANFIS-T-no-current,314563,0a789a1d373908c3370cd11a2a198342d2a2ccbdb3f01754df467e0ba02491e4
wqp,wqp:21DELAWQ_WQX-206361,2003-07,ANFIS-T-no-current,314563,0a78fd3464a598063fa82fdcffbef8f84cb42271a11e159a33cf9f5cbd0c40d7
wqp,wqp:21NC03WQ-B2450000,2013-11,ANFIS-T-no-current,314563,0a7f1bd33789e5a5105b96039b5218e4e4c32d5219ef5879da85e7ffd6b244af
wqp,wqp:MNPCA-86-0281-00-201,1987-07,ANFIS-T-no-current,314563,0a80595ba9976c2792d9e25aa91fa2340b42e33da1ca09820db01c43b3b48d98
wqp,wqp:21FLSFWM-TREEIN,1997-04,ANFIS-T-no-current,314563,0a80ede31d6fae2145da7515ecf8e7726a68549050fde52bbf3bd5295078ced3
wqp,wqp:21FLSFWM-TINMID,1989-08,ANFIS-T-no-current,314563,0a8108576a05193878e04b37f135f38116b7e59a7af95d8b11b513ef3aea6f4e
wqp,wqp:21FLCBA_WQX-WAL-ALLIGATOR-1,2018-04,ANFIS-T-no-current,314563,0a81f7f1b16abf23fa69c9ce2b34f598f0c29ee28baeb0dfb5a3cc1bdac73dcc
wqp,wqp:21FLCBA_WQX-WAL-BIGREDF-1,2018-07,ANFIS-T-no-current,314563,0a843008fc3eaf6967bb0f665ac0fba77f12d0dd56844f8cdae6eef7167cdecc
wqp,wqp:21NC03WQ-B2450000,2016-02,ANFIS-T-no-current,314563,0a86bc07a2e6b426146edf90fbc4137d0374f16a38ab9b803691dd31ad2cd2a1
wqp,wqp:21FLSUW-ALL010C1,2006-06,ANFIS-T-no-current,314563,0a898e775ab72351b120478f3797f6730e9c1406f762c54f8a3c01f07413a2af
wqp,wqp:21SC60WQ_WQX-S-024,2018-05,ANFIS-T-no-current,314563,0a8c88e8f2b5bc26730aad115a4d1f6100d681130b30bb9cf442cc3b9c62e6d9
wqp,wqp:21DELAWQ_WQX-307171,2010-11,ANFIS-T-no-current,314563,0a8da267c1eefe07ccb2e9a4fc6d7b8d35b10c5b96ccca4030b1dc7c1c09bdbb
wqp,wqp:21FLSFWM-L008,2004-10,ANFIS-T-no-current,314563,0a91e9da90f31a9b38bf95fb6eec2ebe0d1fee88b034a2e8109beb39aa42da98
wqp,wqp:USGS-07049690,2005-09,ANFIS-T-no-current,314563,0a92066d238f2cbbb0501016debee67e8d3b4f952e2309f07bd43bb0398079f1
wqp,wqp:21SC60WQ_WQX-B-339,2004-07,ANFIS-T-no-current,314563,0a930898682e3f20bde60842f87d0f40d1d9d6b923d286c50fd1317044104f56
wqp,wqp:21SC60WQ_WQX-S-222,2018-04,ANFIS-T-no-current,314563,0a971593ce9e8830e07ad1bbd182f46037b4b0b1afa5b734c40ac90d6e8d4d82
wqp,wqp:21FLSFWM-LZ42,1993-10,ANFIS-T-no-current,314563,0a97809c733b9e3419bd0b579652b10be3dc592f0a8d54c66fcd281817cff459
wqp,wqp:21SC60WQ_WQX-SV-331,2005-08,ANFIS-T-no-current,314563,0a992f9a25ab70cb821674acedde22bdf57038d64ad84b4f429371341f6471c6
wqp,wqp:21FLSFWM-TREEMID,1987-04,ANFIS-T-no-current,314563,0a9a1149f211b317b018e242cc3ab6e2e1d3f54442b719e9a08358d66aad9c9f
wqp,wqp:21NC03WQ-B2450000,2009-07,ANFIS-T-no-current,314563,0a9b900c6b5c49e99fc8f962441e8364d5b31be9751a0fd07975ac5142ecef68
wqp,wqp:21FLLCPC_WQX-IDAMERESSHDK,2008-06,ANFIS-T-no-current,314563,0a9c602ab92baeb6cac6a06966f03ff4d9ea7b606186e4d4ecab659f59eb8545
wqp,wqp:21FLSFWM-A03,2005-03,ANFIS-T-no-current,314563,0a9ccefabef11cdd85e1999cf2cf8987a2ab00a927929dc8f326b520c3509fa1
wqp,wqp:USGS-07049690,1974-05,ANFIS-T-no-current,314563,0a9d66648e6572b66865fdbcfc35fbcafaf631679f2179808a81a50179ac7e01
wqp,wqp:21FLSFWM-TIN8100,2002-01,ANFIS-T-no-current,314563,0a9e71c066289b7ddbbcec67b3bdc30feece57e91b11b72cb3fd2663258ae16a
wqp,wqp:21DELAWQ_WQX-303051,2018-03,ANFIS-T-no-current,314563,0aa1d1d5f55a6bb86a1bb2fb2e1a96ffb0fa69161b53a9821624d49eb415b812
wqp,wqp:21SC60WQ_WQX-B-345,2018-03,ANFIS-T-no-current,314563,0aa499e408824b79797362f5fe0e63f62ab88009cb845d63fada4e1b3d5feefb
wqp,wqp:21FLSFWM-L005,1998-10,ANFIS-T-no-current,314563,0aa4d9e87b19990fcca2e73e1d8eae4513d130a55c6f5271591bf1537e50b986
wqp,wqp:21FLSFWM-ISTK4,1998-05,ANFIS-T-no-current,314563,0aa6782b9a1b8f3f9a68513fbde4753a638d5dd8fd690b581bfeabe7bbcc9af2
wqp,wqp:LAKELAND_WQX-LH8,2009-09,ANFIS-T-no-current,314563,0aa69bfaf4aab6ef8d1770af6b3baa42ee10c0c3ba84ac00fb4a461f9ec7dc36
wqp,wqp:21SC60WQ_WQX-SV-372,2012-02,ANFIS-T-no-current,314563,0aaa51e96ccdb446b84a6cf17a7feecf8f5a8d4895bdd8ef21ba85c1a76667c8
wqp,wqp:KAWNATON_WQX-KN-KL-003,2014-08,ANFIS-T-no-current,314563,0aaaad310336dea81c7c3f8ce69c87b30bd0c8b760a0f8e248f1347c60951c53
wqp,wqp:21FLSFWM-PELMID,1989-05,ANFIS-T-no-current,314563,0aab7f3fef8dc800a257fd22f2a169b001792ceaf9c83e73d8c5d68a3ebfdd11
wqp,wqp:21FLSFWM-B07,1981-12,ANFIS-T-no-current,314563,0aac8212703cfcf678a7528a1e58265dfe7aeefb26f752661d9214ccb96a9556
wqp,wqp:21FLSFWM-A01,1999-06,ANFIS-T-no-current,314563,0aad46393371f6356bb9f23900496aea41e923a0bfb94159b90dba2b9ca93f21
wqp,wqp:21FLSFWM-PALMIN,1992-04,ANFIS-T-no-current,314563,0aae28a2cfa56ba6b08864f78dbf0bd94db0906386f555c19e738e05321a92da
wqp,wqp:21FLORAN_WQX-HB67,2018-04,ANFIS-T-no-current,314563,0aaff37758e046d13df7d62eae80ed71d5d445b172ffa26956aab831b7a9d9ee
wqp,wqp:USGS-07049200,2014-04,ANFIS-T-no-current,314563,0ab12332357dbaa105bfa2c86fb418b5aca0cd2d7da0e18e55c479ba1b584361
wqp,wqp:21SCSANT_WQX-SC-042,2017-03,ANFIS-T-no-current,314563,0ab381240a9382aecd5aa238c3f9b5bd2ef9b0b1096affa9dfc269b1dd5c7adb
wqp,wqp:21DELAWQ_WQX-307011,2005-09,ANFIS-T-no-current,314563,0ab49667e5f09d1875c0cc05bef9a89d47428840147c31de110c30a35afd40d6
wqp,wqp:LAKELAND_WQX-LH11,2008-09,ANFIS-T-no-current,314563,0ab50521973322c9baed76f9c3faf9d55ac3517e1fd10f30026484c6fe527da4
wqp,wqp:21NC03WQ-B2450000,2015-09,ANFIS-T-no-current,314563,0ab57419f25421d927a40be2e6e49c4503a4ea27ea73481957c95eba6e8944b3
wqp,wqp:USGS-07049690,1977-06,ANFIS-T-no-current,314563,0ab6075287cc23fe2e6e37917298eb6119186a76d027d732130a1a4ee47f28e6
wqp,wqp:21FLSFWM-L004,2003-02,ANFIS-T-no-current,314563,0ab73d6508db398735d0fdd725be751b5443a00fa4c5df1ef5f9f5fd7e4201ce
wqp,wqp:21DELAWQ_WQX-110011,2015-10,ANFIS-T-no-current,314563,0ab8493560c7929f72557b32c40efd755a998296f08db128c6d6166f93f07f80
wqp,wqp:MNPCA-86-0284-00-100,1983-10,ANFIS-T-no-current,314563,0aba170047e70930cdd5f242116978998eefc9d65140c199ff003808c2b37e7b
wqp,wqp:21NC03WQ-B2450000,2015-11,ANFIS-T-no-current,314563,0abbc5f42654b1ad5eee1d6b74136ba348aa460986e038d8204781a7a1982514
wqp,wqp:21FLORAN_WQX-CC9E,2007-09,ANFIS-T-no-current,314563,0abbe18fdcef43dac18f5a3b999b2bac8d4ccf79dfa8210e5a8bbeee593b9c16
wqp,wqp:21DELAWQ_WQX-208181,2008-06,ANFIS-T-no-current,314563,0abcc93a0da44acaa3b8d97ff266d0ae552f1dd68fc0a254862412c3005cc54f
wqp,wqp:21FLSUW-ALL020C1,1999-03,ANFIS-T-no-current,314563,0abd12bbdaf587e41246f28de13d5139496e05af1cf30f3d2a3f4dff8b82decc
wqp,wqp:CAPECRD_WQX-290,1993-11,ANFIS-T-no-current,314563,0abd3efcf40918f8ae48df84357ec89151092c0256d6f8cae29b44aecf59340f
wqp,wqp:21SC60WQ_WQX-PD-327,2011-01,ANFIS-T-no-current,314563,0abffcd3e6b30c6749b8bc3330d354e2f8da1cca8da895f829f5defb71eb7e7e
wqp,wqp:CAPECRD_WQX-280,2011-10,ANFIS-T-no-current,314563,0ac70c979076fa6b9b108545cbb9835608ed0fa6c096106bf652d3a1261454e6
wqp,wqp:MNPCA-86-0252-02-207,1987-09,ANFIS-T-no-current,314563,0ac962d042fdb5643c99389fbf003b0d7cd7ae88955855e6a6f267329f8fa7b4
wqp,wqp:21FLSFWM-A03,1995-07,ANFIS-T-no-current,314563,0ac9a8a9a75bda0f4ceecce7738511f7d3fb7e41b97b0b9f9366afa3387955bd
wqp,wqp:21FLSWFD_WQX-23389,2017-06,ANFIS-T-no-current,314563,0acc2145c1130df6c861bf873a0a9c86519fab666b39571e385de60ccc4a83f7
wqp,wqp:CAPECRD_WQX-262,1999-04,ANFIS-T-no-current,314563,0acdc94b4706090888a56d24417d6e8510017b82b38ad5045227378579f0fe8d
wqp,wqp:21FLORAN_WQX-CC6,2006-04,ANFIS-T-no-current,314563,0acdff49a8ae7661a1d7c8e56115947ccacbc0c8a33a2254c0e1f43286507081
wqp,wqp:21FLORAN_WQX-CC18,2016-08,ANFIS-T-no-current,314563,0acf402df00a808fec05ab452641e6965b1fedd65423eb017c55515d9743e14a
wqp,wqp:21FLSFWM-MH32000,2003-02,ANFIS-T-no-current,314563,0ad0ae58ffde1d13de52334b6438fc5556c295fe5c3b5cd1150a35752e77e6d8
wqp,wqp:21SC60WQ_WQX-CW-231,2010-09,ANFIS-T-no-current,314563,0ad1defe998d42a3dd99c2d5f671141d8dd141f54895af0e150bba650ef4e0c0
wqp,wqp:21FLSFWM-POLESOUT,1992-05,ANFIS-T-no-current,314563,0ad3cf8cc8fccff577c5338fe60d86bf9a2df6a67af5c8341f1197a73145f038
wqp,wqp:21FLSFWM-TINOUT,1990-09,ANFIS-T-no-current,314563,0ada7167194e996b71583042f97e12f96cd5c055e876befde6958941870685a7
wqp,wqp:21NC03WQ-CPF086C,2014-06,ANFIS-T-no-current,314563,0adb49ca3a5d35cfa8bbe5c38d96c8a92c3d3ca77bad176fbd2f59d2730ebf8f
wqp,wqp:21FLSFWM-TREENOUT,1988-10,ANFIS-T-no-current,314563,0adbc4ae7abf503ef0f4b1ded44af54730a4eed949589518a4549504770c6144
wqp,wqp:21AWIC-23,2005-06,ANFIS-T-no-current,314563,0adcbc41eba18de923990962f3e0094efe8fdaa91b5aa1df1c2cb1d91ae44c6c
wqp,wqp:21FLSFWM-B06,1991-11,ANFIS-T-no-current,314563,0ae016f65bba6043394583ef6db53a5558c7af6bdb720849f68ef7a0a588af77
wqp,wqp:21FLORAN_WQX-CC12,2008-01,ANFIS-T-no-current,314563,0ae4fc23f277ccf54c4862945b0551f50d6974c5ce19c97034de911e715c4e2f
wqp,wqp:21FLSEM_WQX-SPR,2012-03,ANFIS-T-no-current,314563,0ae8bf4971ce18298e7504d95d83597e04a2cbacb35d0568f8c7abbd03b753dd
wqp,wqp:21FLSFWM-KISSR0.0,1993-10,ANFIS-T-no-current,314563,0ae90ca1792445fe720bf848aa375e6f740a88fc9fafd09ac10972f44638bcf3
wqp,wqp:MNPCA-10-0048-00-201,2008-08,ANFIS-T-no-current,314563,0ae965a7c76d2ed3a2ab93b30ed616f482523de5b16d7ff12ebfad90bf416139
wqp,wqp:21FLSFWM-L008,1981-11,ANFIS-T-no-current,314563,0ae9c8d5d2b161f558dcfd493a3b6fb9ed69b5f3b2b8532e8aebe71ae68b885a
wqp,wqp:21FLSUW-ALL020C1,1990-02,ANFIS-T-no-current,314563,0aed9011cbdd849b7611faaad044e6f467ad2d17633430ff4866af10af64fb94
wqp,wqp:21FLSWFD_WQX-23144,2001-07,ANFIS-T-no-current,314563,0aee670841a913e380c0bd305b3e199cd3501df4615184e54531057d0ef1bf03
wqp,wqp:21FLSFWM-L006,1994-04,ANFIS-T-no-current,314563,0aef084047086e71924bf01941731fac5abd686cc30fa03d20508be79e6625c4
wqp,wqp:21FLSFWM-POLE3S,1998-01,ANFIS-T-no-current,314563,0aef2ef82a190ff804e2a1babdd7d574ac1342b7ea4dc56d9fe3fc9a7cff0242
wqp,wqp:21FLLCPC_WQX-YALE,2013-10,ANFIS-T-no-current,314563,0aeffc61d9c70639e96d52da636cd45f3cc14c81f67dc2424cec151da078a1ef
wqp,wqp:21FLORAN_WQX-CC22,2014-06,ANFIS-T-no-current,314563,0af10a31ad2cc0a4a7b08f55b824a92d5a3ed0088cb7129504fb7c9b3af37593
wqp,wqp:21SC60WQ_WQX-CSTL-075,2000-06,ANFIS-T-no-current,314563,0af295a282db4d1511f369c14045020bdd84849c106f918398984e7d4fb3720f
wqp,wqp:21SC60WQ_WQX-SV-331,2017-05,ANFIS-T-no-current,314563,0af43a4772e64600aa3091b3f31e4c3884309bfc2fa659b7f25d3ad42c21ef6c
wqp,wqp:21FLSFWM-CLV10A,2008-11,ANFIS-T-no-current,314563,0af67d63a07cc1de505e1795586f6769203d04a5547bb40f07f0c25c4345a2b9
wqp,wqp:MNPCA-25-0001-00-247,1995-04,ANFIS-T-no-current,314563,0af6eb7721ddc736cd873a2bc8d0bb47376b0902afca43f502742dde0611de4a
wqp,wqp:21FLORAN_WQX-BC14N,2006-06,ANFIS-T-no-current,314563,0afa9b50f8f7cd5ca5eb020a2980084bca8035c6c6682ebada7f524aa63251aa
wqp,wqp:KAWNATON_WQX-KN-KL-005,2007-08,ANFIS-T-no-current,314563,0afd0799e035a75be83c565dbcdaf9d82f64c9e12f7c7dd63cab528831f83d60
wqp,wqp:USGS-295554095093401,2012-09,ANFIS-T-no-current,314563,0afdb82e7354e81f703e8d986aab4cbfe80491ae5477a2b7bcd14b3d8830457a
wqp,wqp:21FLSFWM-L003,1999-12,ANFIS-T-no-current,314563,0b04a9c14ae9168816b7737ad766e10f434b3610d23a21cd5defd72822498167
wqp,wqp:21FLSFWM-TREEIN,1987-07,ANFIS-T-no-current,314563,0b04bf163c5d03ebc1fc64d2f7eebd39150089b02e0f1e9b95cdb5a40e5905af
wqp,wqp:21SC60WQ_WQX-S-024,2006-07,ANFIS-T-no-current,314563,0b056898b674fc6c9c1f2254fb31da6b84f84c3c3dfeb1ea0848311d7be1ef4f
wqp,wqp:21FLSFWM-E02,1989-11,ANFIS-T-no-current,314563,0b062e16b5a9053ca82a1a5083409cd71e08b005303170aad3c740063801e80f
wqp,wqp:21FLSEM_WQX-SPR,2014-09,ANFIS-T-no-current,314563,0b074ac4407eed63453b827c4b210306cb15164365d47feb2634f7933f446198
wqp,wqp:USGS-01201700,1975-12,ANFIS-T-no-current,314563,0b077bb3c220e679232d42b9f105e787ea8faa4d46d9ecd0ee5ea924f1cd012b
wqp,wqp:21FLLCPC_WQX-LKSILVERSHR,2003-04,ANFIS-T-no-current,314563,0b0785ea2ed5a29144256aebc16d802d2665a87f8ad285986c0aad8484bab2d4
wqp,wqp:21FLSFWM-L003,1988-12,ANFIS-T-no-current,314563,0b08f3f9ace0f3bc04ae2caa1c5213dbd8d0c5f3cc05cf61b93fe4ffec6fc6c3
wqp,wqp:21DELAWQ_WQX-307011,2009-07,ANFIS-T-no-current,314563,0b0970b1c80c1e652101a729761aed990c406d44207a906807adfc41dbba0cf5
wqp,wqp:21FLCOLL_WQX-LKTRAF1,2009-10,ANFIS-T-no-current,314563,0b099bd1156ff142a3bd4c8045a42a46141c1b6e26b23bf80cd741be8cb9a266
wqp,wqp:21SC60WQ_WQX-S-024,2001-08,ANFIS-T-no-current,314563,0b0a89ccc7ac439553507a59920fc071eda6a65c131c57b8f9cad23e7ce6161e
wqp,wqp:21FLSFWM-B01,1987-09,ANFIS-T-no-current,314563,0b0fa73b377cf0e574d402d607fb3b30b45ea576195ce879f2ea056a08954399
wqp,wqp:21FLSFWM-KBAROUT,1992-05,ANFIS-T-no-current,314563,0b13036741300c055ae75e5aef75cc317b6e2c51d7ab8db8977dd1635d9c5e1b
wqp,wqp:21FLSFWM-FEBIN,2008-10,ANFIS-T-no-current,314563,0b166c15e667264f77ed14ef4412eb087c0379579ddb20d6aaed84e2044bd586
wqp,wqp:21FLSFWM-RITAWEST,2001-12,ANFIS-T-no-current,314563,0b16953e3ceedbc29e36f35c44dbfcc9d0cea567b9e165376003263e81c2da71
wqp,wqp:21SC60WQ_WQX-CW-197,2001-11,ANFIS-T-no-current,314563,0b18f69e4be944e6ed3aebf53635be9242ecefbb880e53167d06ced93b61145f
wqp,wqp:21FLSWFD_WQX-23144,2002-08,ANFIS-T-no-current,314563,0b1b51db03fbf3707f06232239bf58d80540a5b22f0a4a9ac022d505573ea87e
wqp,wqp:21FLSFWM-LZ42,2001-02,ANFIS-T-no-current,314563,0b201de81421560bbc515d972619b785b542f1e9ee34800b08c11ccb43850a55
wqp,wqp:21FLHILL_WQX-135,2010-02,ANFIS-T-no-current,314563,0b21ef7a0695f8036e2ac7c8e4f785d11ed70ab123efdbd72db7ad768ab19d2b
wqp,wqp:11NPSWRD_WQX-SLBE_PL_01,1995-05,ANFIS-T-no-current,314563,0b27bc3adbf07ca844a2989fe1a28332d798ccda0c0bee1f00ca173602963c7a
wqp,wqp:21DELAWQ_WQX-108111,2007-08,ANFIS-T-no-current,314563,0b2a6aa1dd7048524e43457ba4c39594ffb8ffc6414243f764550a7e16259363
wqp,wqp:21SC60WQ_WQX-S-022,2017-02,ANFIS-T-no-current,314563,0b2a940075d38bb9d7a0ce5666bca5f05a3de6f17a233f98e23cad1b06d6d3d1
wqp,wqp:21FLSFWM-E02,1992-06,ANFIS-T-no-current,314563,0b2c1359c572030253b65dc640f27b8864cc34eaecae8e4be4069264ba811572
wqp,wqp:21SC60WQ_WQX-SV-363,2002-07,ANFIS-T-no-current,314563,0b2dc7442176f85ef15c7ef3b25a942f879d1f5a495a6150d22fd557e2533a15
wqp,wqp:LAKELAND_WQX-LH11,2009-09,ANFIS-T-no-current,314563,0b33f5afcc502e250744a89a69d776b31a4551b3703698339959788d40dd9dad
wqp,wqp:21FLSFWM-PALMIN,1986-11,ANFIS-T-no-current,314563,0b3482dd3c4995bc02525856f058f0b653c5c05eb99f2a36cd651ce3e7690ed6
wqp,wqp:21FLSFWM-L004,1987-10,ANFIS-T-no-current,314563,0b352aae4053b7edad502da8550a3df12cdb53ce504749e27b0c8b4dbbb3c4d7
wqp,wqp:21NC03WQ-CPF0880A,2016-09,ANFIS-T-no-current,314563,0b3545fd019ab3b683dabc05fbf9f76c8fff833baafe95ffbbce08508a457336
wqp,wqp:21FLSFWM-LZ30,2001-01,ANFIS-T-no-current,314563,0b3587cc8e99c09a5a3ad755237d3b4fda428e9124a6fb7c4b8c6a27f4306d79
wqp,wqp:21DELAWQ_WQX-109031,2007-05,ANFIS-T-no-current,314563,0b37dfd53bd7faca1bc445a4430938e402e5938f0f9486635dfb5d7bc63560ab
wqp,wqp:21SC60WQ_WQX-CL-089,2005-03,ANFIS-T-no-current,314563,0b39683d84da4114879be5a46d64a1801538d59f978b94c6126ca4fe8ecd15f4
wqp,wqp:CAPECRD_WQX-262,2010-07,ANFIS-T-no-current,314563,0b3afed9ecaacd9962be7122812659d3d03d975a42d2eb3c4f1d4ea5d948d695
wqp,wqp:USGS-07049187,2018-04,ANFIS-T-no-current,314563,0b3b9fa632c82c7773000e0350fadec4d3a5a22db53a3ed5204dcd1094cc1a83
wqp,wqp:21FLCBA_WQX-WAL-ALLIGATOR-3,2016-12,ANFIS-T-no-current,314563,0b3c23cd01e5a1fd96f384dbc19df42a2d933b957bc45f97d015cf6d2ef19f88
wqp,wqp:21FLSFWM-ISTK7,2000-12,ANFIS-T-no-current,314563,0b3cd5bb785fbb9ba94fe77573895457c3029988960d26cf8023c8a5ad32a9b3
wqp,wqp:21FLSFWM-PALMOUT,1998-06,ANFIS-T-no-current,314563,0b3f671832950ddb83171f2e4f95bab1384af4a853ec8f5cac187b24a63dca4d
wqp,wqp:USGS-07048910,2017-09,ANFIS-T-no-current,314563,0b435f6331d1a539ae00387bbe19153ffcfcd732551c40ce6f956f7c5fae940c
wqp,wqp:21NC03WQ-YAD169A,2009-01,ANFIS-T-no-current,314563,0b46b090d9dc45859b4d19a02e35b67eae42deb843812afa1bc6e2de28412ca9
wqp,wqp:21FLSFWM-B02,1989-01,ANFIS-T-no-current,314563,0b490449308e8945cf44f347e4e3a517860dfe41a2b8fd1c397d2df4f58e0159
wqp,wqp:21SC60WQ_WQX-SV-372,2018-01,ANFIS-T-no-current,314563,0b4921bee7b259a6663d80c7a04b4e10c725d116ebdf018c628ef79c3c8ae4a6
wqp,wqp:21NC03WQ-CPF086C,2003-08,ANFIS-T-no-current,314563,0b4a2696ef220f8bdb6626c1888bda8e204ab8066799be9e78042a248a07dd3a
wqp,wqp:21VASWCB-5ASRN000.66,2009-01,ANFIS-T-no-current,314563,0b4caecbc6066d816a8df4845498b21a565cc072a37290f6712f9b1311d35607
wqp,wqp:CAPECRD_WQX-290,1996-07,ANFIS-T-no-current,314563,0b4ceee0804af663860f14f605b289a552799e902a654cccd90b6cbb21091864
wqp,wqp:21SC60WQ_WQX-S-310,2016-12,ANFIS-T-no-current,314563,0b4e4c6bf2176869e6656902f93bcb625a4d8bb6f1c8c3d75787eb418c9d64d5
wqp,wqp:21FLSFWM-B02,1994-01,ANFIS-T-no-current,314563,0b507456c2d63c4e73b316cfe402e594f1c0fd306289c16dd2ed5dd5164dff94
wqp,wqp:21FLSFWM-L004,1999-09,ANFIS-T-no-current,314563,0b56d0ecba7cef256cf43d54d69f0906166e7fe52742e69b1b0dc23d2bbda92b
wqp,wqp:USGS-14211940,2012-07,ANFIS-T-no-current,314563,0b5a291eaba081c565913b2699fa5e0d92b1563779289bbfbf634c8beff09028
wqp,wqp:21SCSANT_WQX-SC-040,2015-12,ANFIS-T-no-current,314563,0b5ad999305c93572963b1c99a23efae55d3a0199c909115190af8412cab6145
wqp,wqp:21SC60WQ_WQX-SV-338,2006-11,ANFIS-T-no-current,314563,0b607762704f16c400ae9150ca4897821d854b8273f20a93d146bcbbad23c79e
wqp,wqp:21VASWCB-2-XDD000.40,2008-08,ANFIS-T-no-current,314563,0b6078d2584d5db7914d949267209b656cab4aee1531615215d35f6c5e88a80a
wqp,wqp:21FLHILL_WQX-135,2018-05,ANFIS-T-no-current,314563,0b64efa241d921b58006a463de9f40153c67f7f9470cee18a7af2b699c7ca6a6
wqp,wqp:MNPCA-62-0013-00-201,2010-08,ANFIS-T-no-current,314563,0b6688f4cd22522442b7db9444a9dbaef4952cc525af7f6fe382279a6bcbd22b
wqp,wqp:21FLSFWM-D02,2003-07,ANFIS-T-no-current,314563,0b67161588fed28285e2bea23f1a6ace79158f1abe6feabe9b3927837dab6b11
wqp,wqp:USGS-02207414,2012-11,ANFIS-T-no-current,314563,0b6a11a4342d6c8a627afb7a8e18040fc80937b1c49bb03e77c554804eac410e
wqp,wqp:CAPECRD_WQX-280,2015-06,ANFIS-T-no-current,314563,0b6ae727e7e43e7942ccd2a6b365676badfb4d73a8c30821ade8cd127499e248
wqp,wqp:21FLSJWM_WQX-44676,2018-02,ANFIS-T-no-current,314563,0b6bb58ea3f19e0bc8ef44fbf7ff9efc211362661ac849a2ec5f38d6ba73ae27
wqp,wqp:21FLSFWM-TREEMID,1991-03,ANFIS-T-no-current,314563,0b6d363be12a8610788e82ce03a8e89ff69d66b8b664766694924d832b0d2c61
wqp,wqp:21SC60WQ_WQX-SV-236,2011-10,ANFIS-T-no-current,314563,0b70af5ec6e43199247232efde99715fdbee322b71a39a6dde8ca4bde6550445
wqp,wqp:MNPCA-02-0045-00-202,1985-11,ANFIS-T-no-current,314563,0b74227ae0d365204b7c5d057e3b6da6fd63d0aa7fb79724ded7be2559780a59
wqp,wqp:USGS-07263299,1992-01,ANFIS-T-no-current,314563,0b775c32ccdf308385fcddfd09bef7d9fecb49447b56f79ac1cacd852f12ada2
wqp,wqp:21NC03WQ-CPF087B3,2015-01,ANFIS-T-no-current,314563,0b777446d7b7d6140e5403d9e0d4e33111803abf00c9f6df541ff6c68bc2eb6e
wqp,wqp:21FLORAN_WQX-BC8,2009-07,ANFIS-T-no-current,314563,0b79052f8713905941472b93df4f889384e70b0c4890d2275c0783f94fb7c944
wqp,wqp:MTWTRSHD_WQX-GTOWN-LK-01,2011-06,ANFIS-T-no-current,314563,0b7c5a56e30f6b53aae46abde0ab81e130bc1b74116f1495bbf90603f4207d1b
wqp,wqp:21FLSFWM-A03,1995-02,ANFIS-T-no-current,314563,0b7d68cad1fde9b09d654c32a757370439c62954971166add191302fad837d80
wqp,wqp:21FLSFWM-LZ40,2002-09,ANFIS-T-no-current,314563,0b7d828e9a7667f5ee20377ea098396ac99d141dc929d788f1766ed879c0ddb8
wqp,wqp:21SC60WQ_WQX-SV-200,2000-12,ANFIS-T-no-current,314563,0b7dfea2ce47c2e431f4d3c089bd6db18c6977807e9ee61c2cf48e5382d74768
wqp,wqp:21NC03WQ-CPF086F,2011-05,ANFIS-T-no-current,314563,0b82f80229850ebc773298ec48bdbab40862a33e9cedfada4f500f29bc8644f1
wqp,wqp:21FLSFWM-LZ42,2002-06,ANFIS-T-no-current,314563,0b8a29ed47e519701513ee6f109b578a95f6f189df78d8a49e13779a691f0e7e
wqp,wqp:21FLCBA_WQX-WAL-MORRIS-3,2018-02,ANFIS-T-no-current,314563,0b8aa9bc2ac333036d7766714093731c225f17a6c2a7e4e4d5441abda9907d05
wqp,wqp:CAPECRD_WQX-280,1993-02,ANFIS-T-no-current,314563,0b8beeeda93b92f38285f5bc34321188cda7d39c98400ad4e85e107762feee8d
wqp,wqp:USGS-07049690,1988-11,ANFIS-T-no-current,314563,0b8cd6ed5e89895b3f9dd38c97a566cd96f7f9a639e0b24709311d0b1cc19e18
wqp,wqp:21FLSFWM-C03,2008-11,ANFIS-T-no-current,314563,0b8d585f6a63aa62db7f57636b6436efdbce8821fe2581704f32f77100110d23
wqp,wqp:21FLSWFD_WQX-23479,2009-06,ANFIS-T-no-current,314563,0b8f108d35ce361aac809ab2829eb7a51eaedb3b228f9ba8dd786580e657f679
wqp,wqp:21SC60WQ_WQX-S-310,2008-05,ANFIS-T-no-current,314563,0b945137ac5dd1cc6ccea0df79167341457f1a3ff89aecdecfc3142cc66d9fc5
wqp,wqp:21FLSFWM-ISTK3,1989-01,ANFIS-T-no-current,314563,0b9490f112cde6393d093ae24b68d38aaf8aa8d0d27b8e3921c28a2397e0a78d
wqp,wqp:21NC03WQ-CPF086F,2012-10,ANFIS-T-no-current,314563,0b9e4fe349d34797feaa253e982564f0630eeab205dcf9528e2dfd1c645080df
wqp,wqp:21FLSWFD_WQX-23144,2017-03,ANFIS-T-no-current,314563,0b9f369797648f4fe19e4a1590dc1c52469a7d2cde776215e11185541dcd04e3
wqp,wqp:21FLSFWM-ISTK1,2006-11,ANFIS-T-no-current,314563,0b9fee2aaba230d7e8ef5fb6499e3520ceb2753e5b9a9632f7c945c23139225f
wqp,wqp:21DELAWQ_WQX-108111,2011-04,ANFIS-T-no-current,314563,0ba032061d8f466e38d71b98151bbf8d5804423bc521daac65d95ddf2c7c1132
wqp,wqp:21FLSFWM-C03,1990-01,ANFIS-T-no-current,314563,0ba149cee5f461e55095aed082c6288a1ad8e90c983420490171002bc6e6a7f5
wqp,wqp:21SC60WQ_WQX-CW-033,2015-04,ANFIS-T-no-current,314563,0ba177be224a1b8138b0695bdc6df1916842e4e11002e8677c4f506263a9faa2
wqp,wqp:USGS-07049690,2013-09,ANFIS-T-no-current,314563,0ba2926b1cf6a138532d5bb79f3890b4cf4e7c1b6ef89b1e1127d121c9606837
wqp,wqp:21FLSFWM-POLESIN,1988-12,ANFIS-T-no-current,314563,0ba2cb5e7d0023d381a7de84d50ef92f2f2a5d21108b316d6b51e4719a791b79
wqp,wqp:MNPCA-62-0013-00-201,2006-07,ANFIS-T-no-current,314563,0ba378bfc634a041e6ede7a6d06846e5a0289d9954774e4eca5a5b515e74e6fc
wqp,wqp:21FLSJWM_WQX-44673,2018-04,ANFIS-T-no-current,314563,0ba3e71bf457db7f61d2f269d82d3278ed115a2f0389ea91f612cd77a9a27d5d
wqp,wqp:21DELAWQ_WQX-108111,2006-01,ANFIS-T-no-current,314563,0ba5202548277207a518a2d9c0e492082569bd30006dd069bd907dc98b2f59ff
wqp,wqp:21NC03WQ-CPF087D,2014-01,ANFIS-T-no-current,314563,0ba67f8b6b80c4e3db9a18b98de9a4d35d460e29734a557e03400a65087e8e93
wqp,wqp:AZDEQ_SW-32,2018-07,ANFIS-T-no-current,314563,0ba92af21680fb295505abd685975f60c7d91df399e133d3fb1e7071f0acfd03
wqp,wqp:21FLSWFD_WQX-23144,2008-10,ANFIS-T-no-current,314563,0ba94d52f88991a2b284c865ff2e6d51f484f5211293b07dc7c00785e3e05ab1
wqp,wqp:21SCSANT_WQX-SC-040,2015-02,ANFIS-T-no-current,314563,0bad6a0175d7179d26a0beb376b4576b922029ab5bebc6b5cf213494c7eb7685
wqp,wqp:21SC60WQ_WQX-SV-200,2008-03,ANFIS-T-no-current,314563,0bb23c072741e1ba6f7c8931dc6e394bad9c280b16efc85710decb762eee22d8
wqp,wqp:21NC03WQ-YAD169A,2004-06,ANFIS-T-no-current,314563,0bb319ebf86a486fd4c13210a12d3865cb69c54c509cc8f8e0eacaec726938f3
wqp,wqp:21NC03WQ-CPF086F,2017-01,ANFIS-T-no-current,314563,0bb46232bc6dbd5e52b1a3895a23ff8ba9ac9c7127c1899a89210367662b2259
wqp,wqp:CAPECRD_WQX-290,2003-09,ANFIS-T-no-current,314563,0bb7bd338345ee7477c592ab354da42686f63f60a0ce5c9d903c846b259e1d23
wqp,wqp:21FLSFWM-ISTK5,1994-07,ANFIS-T-no-current,314563,0bbacbaa17a7d950fa4df9c424bf51950ec2353a1921c3b7b91d244aef4ad2bd
wqp,wqp:21SC60WQ_WQX-B-327,2017-04,ANFIS-T-no-current,314563,0bbb3cad083596d24b6bfe1d789acb9407e429014d89587c0601398aa4564255
wqp,wqp:21FLSFWM-C01,1983-04,ANFIS-T-no-current,314563,0bbbc3b2dc3a2b238d302ca8c9f24e5507f3ce1e94a973b173a2488e1479fc00
wqp,wqp:21FLORAN_WQX-BC6,2015-11,ANFIS-T-no-current,314563,0bbdb43b91db337cdc129981e9e8f05497caf77ba6197bd44e2c0097636118cf
wqp,wqp:21FLSFWM-L008,2004-05,ANFIS-T-no-current,314563,0bc076e7c7417a3375c1d04687655dc951c78a47fef01e227ee2fabb8f5a9332
wqp,wqp:MNPCA-62-0054-00-101,2018-07,ANFIS-T-no-current,314563,0bc17069587a448f580b3f850d6f0b24f4f8b7404fa8df62af7151aef2effb46
wqp,wqp:USGS-423659088354401,1992-02,ANFIS-T-no-current,314563,0bc1bb9de774afee03c0b0d2e53e19e1cbfc74df5984c47a9ccd0f385bfc3dcf
wqp,wqp:21FLSFWM-MH16000,2003-04,ANFIS-T-no-current,314563,0bc34b4704528c41ca742371f180963c60f316e8f2d9e7694e5d1c812cda7649
wqp,wqp:21NC03WQ-NEU019E,2007-06,ANFIS-T-no-current,314563,0bc58e7db3cf39689b34a6234755c475e275384982f640a6855aacc1adee9b1b
wqp,wqp:21FLSFWM-POLE3S,2001-02,ANFIS-T-no-current,314563,0bc6b582f9e22ba4ea50f57c1f0db0e361eb3c99a2106a1d4367ec1b7ff4a006
wqp,wqp:21FLSWFD_WQX-23389,2004-10,ANFIS-T-no-current,314563,0bc79a1e308d687c510302d843deca86b00db2b0ad235ee13d93191ca81c7b6a
wqp,wqp:MNPCA-62-0054-00-101,2014-08,ANFIS-T-no-current,314563,0bcbc77744a33773574940053decc526852268a73456d6650a3f1975319c0ece
wqp,wqp:21FLSFWM-POLESOUT,2000-09,ANFIS-T-no-current,314563,0bd3b14306594a1b76e72b341b1e02308a743b47d924616522bd8ed1269ec216
wqp,wqp:21NC03WQ-CPF0880A,2003-08,ANFIS-T-no-current,314563,0bd4e3552277579cc2bc1a75828527c262ef2f69969b1d515bb629d1245c5753
wqp,wqp:KAWNATON_WQX-KN-KL-005,2016-02,ANFIS-T-no-current,314563,0bd5462c509f29cb91ebf7eb63940c39deb55ec2070c39df56b295344ede4e38
wqp,wqp:21FLSFWM-A01,1999-08,ANFIS-T-no-current,314563,0bd724d6dd54b717454b93ad3337354b8ecfb8417f95f69ef3c25df5db37c959
wqp,wqp:21FLSFWM-POLE3S,1999-06,ANFIS-T-no-current,314563,0bd8ab9c370a9867812d4c2b1052ed1d494352f3eacfa1b57592244ec55cb68f
wqp,wqp:21FLSFWM-L006,1982-06,ANFIS-T-no-current,314563,0bd8b6c75bdc4e0b18622f3aed9783a8f2c886dd4a80a6e571a4bff4f2ec814f
wqp,wqp:21NC03WQ-CPF0880A,2012-03,ANFIS-T-no-current,314563,0bd927ce494af2ecad1d63ee5cf375c8ad94609cf1fce8297329daaa8b87f51c
wqp,wqp:21DELAWQ_WQX-304321,2016-12,ANFIS-T-no-current,314563,0bdf2860173b8ddbb5f69d07360ef0ce08c3ecec838798fea077df633af9fa56
wqp,wqp:21FLSFWM-STAKEOUT,2002-03,ANFIS-T-no-current,314563,0be2cd79bb279799f59e76f89b4db9881695bbec1bbf6fb2a0814e776b24151a
wqp,wqp:21FLSJWM_WQX-44673,2017-03,ANFIS-T-no-current,314563,0be3cebf25e0acf1f8ff85bc0bf75a528a9835503b709283d1e93aa3bee461fb
wqp,wqp:21DELAWQ_WQX-109191,2015-03,ANFIS-T-no-current,314563,0be4524f9b4ff8bc62d7125ab4a231e3039b6970c57f66d3a34c805ac975c311
wqp,wqp:21SC60WQ_WQX-S-310,2009-03,ANFIS-T-no-current,314563,0be488ed258c3d06bedb45781d656b1c410d8400a230b77b340d6034a3c2edac
wqp,wqp:21FLORAN_WQX-CC4,2017-05,ANFIS-T-no-current,314563,0be4b26b3e6f977535d7482b092ab6356ff94a6b5c4e59d196849ed3deab44d6
wqp,wqp:21FLSFWM-L005,1997-03,ANFIS-T-no-current,314563,0be4cafa0a2376d957a9acc42cb8e01d78719a8abbf0639ce4a56e0275cec4d8
wqp,wqp:LAKELAND_WQX-LH31,2010-03,ANFIS-T-no-current,314563,0be514998b274e90e7d9b290204f78871d69c94a5ce83ba97849d7148f6b0b18
wqp,wqp:21FLSFWM-TREEMID,1988-12,ANFIS-T-no-current,314563,0be9f14b8ca48b98358fa6a6e4f0b625727141d2a65eb4fd307f8972de353f2f
wqp,wqp:21FLSFWM-L005,1979-01,ANFIS-T-no-current,314563,0bed5d0ecea235b2514339910fd5e1eb340c858bf2c0285ce001814fd2059318
wqp,wqp:USGS-07049690,2010-09,ANFIS-T-no-current,314563,0bf2db1161a965ee9cb51c9f34ba6cb182fb9990a20f708c2711aaeeef41a1f7
wqp,wqp:21FLSWFD_WQX-23609,2008-10,ANFIS-T-no-current,314563,0bf38fb8981f2994a6789e6cc640a0d5a8d755ba89971b67bfdc942ffaed40f4
wqp,wqp:21GAEPD_WQX-LK_12_4048,2000-01,ANFIS-T-no-current,314563,0bf4190dd53ea3596431f7f5bef48bdefd5c49b07d0d3701ba39ea1bcbe88cd0
wqp,wqp:21FLSWFD_WQX-23113,2000-09,ANFIS-T-no-current,314563,0bf4cbc870d9ffb16864bc34af017579a542fe8bd846707b6f0daba0c36957f4
wqp,wqp:21SC60WQ_WQX-CL-089,2005-05,ANFIS-T-no-current,314563,0bf631426e849101aa28997e9c488ea935d8a24ff288892715a8215b8e062005
wqp,wqp:21SC60WQ_WQX-SV-268,2004-07,ANFIS-T-no-current,314563,0bf7b5129d2d5f1acee1a3905be36308d1e4f1055ff4c49e23743389400aa905
wqp,wqp:21DELAWQ_WQX-307171,2016-03,ANFIS-T-no-current,314563,0bf91c416563d46ac6bcd38aecc69888aeed47723b8dd965b12fb1a292abb516
wqp,wqp:21FLSFWM-POLESOUT,2004-05,ANFIS-T-no-current,314563,0bfa7a073a0e8ae88a3de7d2fe212abf1f59dc5dfef154697ea9891ca014c1ce
wqp,wqp:21FLCBA_WQX-WAL-CAMPBELL-2,2018-07,ANFIS-T-no-current,314563,0bfc382861bd0dc02a397807975df69b28251ffb8cb6e64fe4e7480f0fc2916b
wqp,wqp:21FLSFWM-D01,1983-08,ANFIS-T-no-current,314563,0bfc39c69103977827be835dffb560287aaec0be15e0ba7041bfe5e08b4c09d2
wqp,wqp:21FLORAN_WQX-CC4,2009-05,ANFIS-T-no-current,314563,0bfcb6d286074d28c64e12e8517f5fb338774f3005597cb0b6d00d31b8d6a3a6
wqp,wqp:21NC03WQ-YAD152A,2005-12,ANFIS-T-no-current,314563,0bfddb72e02d4d2917b0f0e7d76df45821a3cf7ec1018f6fed7c2a6b68ab0611
wqp,wqp:21SC60WQ_WQX-SV-363,2003-09,ANFIS-T-no-current,314563,0c00ce3a3a853777cefc065fb976b9682e65b58ba84f022f87dbdbf88757a51b
wqp,wqp:MWRD_WQX-MILTON3P,2018-12,ANFIS-T-no-current,314563,0c036538a5788719fc402862bc831436d69a161f03f4a587eae4ddad5ea8e253
wqp,wqp:MNPCA-02-0045-00-202,1991-05,ANFIS-T-no-current,314563,0c038a0a73db69fa4805fb6b5764be0e70bbf231d8746d9d78b8a739ca6937d0
wqp,wqp:21SC60WQ_WQX-S-222,2016-02,ANFIS-T-no-current,314563,0c0456dd46957af31b7f0377f2a08331db46edabcca9d28010bad342641d08a0
wqp,wqp:21FLSFWM-B09,1993-04,ANFIS-T-no-current,314563,0c06e0e78522b44d65629c57d3e96048873c951181d4a15a0dda5acd67dd762f
wqp,wqp:21FLORAN_WQX-BC7,2016-06,ANFIS-T-no-current,314563,0c08690ce5a91bcb028d4d1e97b408a64590851664cfacfccb094ac267d685db
wqp,wqp:21FLSFWM-A03,1994-02,ANFIS-T-no-current,314563,0c0c6111b6c2e9f6bef27e7a4943b464805888bc5e0316d4c9813c4cc0f5aed0
wqp,wqp:MNPCA-62-0054-00-101,2018-09,ANFIS-T-no-current,314563,0c0e974be26a87e23a176c5ecd71ff8ac4dc29c7fe17182f399ba5b6de85d0ee
wqp,wqp:21FLSFWM-C03,1990-10,ANFIS-T-no-current,314563,0c0ea0ace934a5a73560cc4f3063944e12202f4756b38082ca35e51d45798e4f
wqp,wqp:MNPCA-62-0007-00-203,1984-07,ANFIS-T-no-current,314563,0c0eaa6dc5486380457ca1c60bb171365b83403838ff79e069f5689f75797149
wqp,wqp:21FLSFWM-TIN13700,2006-06,ANFIS-T-no-current,314563,0c10f65c906877c7ac98666abb921198c2f79e73f31889e8d3a0e389a48d7822
wqp,wqp:USGS-07263299,1991-04,ANFIS-T-no-current,314563,0c11219fa4de7d6fea115ceb8007ddb2cbf2195169578920d81a5c5d6b5231d0
wqp,wqp:21NC03WQ-CPF086C,2007-09,ANFIS-T-no-current,314563,0c135a5116c2453f53229823836bbce91e99f2bdcc4ed35db4e83252033a293f
wqp,wqp:21FLSFWM-KBAROUT,1996-07,ANFIS-T-no-current,314563,0c161f17da1523867a0e644d1e9420b5c5c0bd7247b6ddbcc52d897bb3dd5edc
wqp,wqp:MNPCA-62-0055-00-201,1988-12,ANFIS-T-no-current,314563,0c188922b745dab1a9d8637110427d0439cef2063989d93828d475f42f9f4a3e
wqp,wqp:USGS-423526088380101,2012-05,ANFIS-T-no-current,314563,0c1d848ea369e1e47d6ac0c58f129fe4eabb8aae340d9b31654e90b16e50490c
wqp,wqp:AZDEQ_SW-33,2012-07,ANFIS-T-no-current,314563,0c1fb1423641ddc6311a1c70f1b173dabc62665d184ea811ef2ded6189bd8bdc
wqp,wqp:CAPECRD_WQX-290,2016-05,ANFIS-T-no-current,314563,0c236ebbe6c093d2e875fb1624833921e1f41be990410ff367924d971b2212c1
wqp,wqp:21SC60WQ_WQX-S-223,2004-05,ANFIS-T-no-current,314563,0c25b37f8ab53837fe94e4f7d647a9510c6759aa6de0befb66e13d293b3cb1c7
wqp,wqp:21FLHILL_WQX-135,2012-02,ANFIS-T-no-current,314563,0c28dc8f7c60175d870a8534db8049e1cda27df82a165b549f2100f31eaa18fe
wqp,wqp:21SC60WQ_WQX-CW-231,2018-02,ANFIS-T-no-current,314563,0c29d4eb19edd8e856daddf4fb65eaddfe78387bf6c9d1a4a0252309a42e7885
wqp,wqp:MNPCA-02-0045-00-202,2012-02,ANFIS-T-no-current,314563,0c29efcc5150676952e8f853c345ee39552c4f1cdc251091c5e5f1f674124c5f
wqp,wqp:21FLSFWM-RITAWEST,1989-11,ANFIS-T-no-current,314563,0c2b9db5d1e8b9c8e141631516f04459064b82fe45dff05e36e339ef7ddc5420
wqp,wqp:21DELAWQ_WQX-307011,2007-11,ANFIS-T-no-current,314563,0c2d60b8a7a928dc13750a605d314e40f45f17b088b074b4de8d900e7cd2c1e4
wqp,wqp:21NC03WQ-CPF087B3,2007-08,ANFIS-T-no-current,314563,0c2e174e27b622155303ed645c3f2b1212273ec5775b997cf22f920bdadd0b7f
wqp,wqp:USGS-07049200,2002-09,ANFIS-T-no-current,314563,0c305c76c161cef3c4bef0a822450be9ba51253ac98165f1bdc990fe187c7f6d
wqp,wqp:21AWIC-23,2002-03,ANFIS-T-no-current,314563,0c3242807e220eb685586d58a49da5bd839bebd8c7d442ae126e3c63e5d1110d
wqp,wqp:21FLSFWM-L001,2004-11,ANFIS-T-no-current,314563,0c33723bc6209c42a92a9eb359db6208b9fcce0c0a84bddc32b7d23edac47758
wqp,wqp:21DELAWQ_WQX-208181,2008-05,ANFIS-T-no-current,314563,0c338192359e4c542743c3bcb225940759d316236617654ab63d132e7e7de400
wqp,wqp:21SC60WQ_WQX-SV-339,2008-01,ANFIS-T-no-current,314563,0c3553c5dba2d2d77f1f29e903d7b70a1f1aca74530127402d71e21d688a2c64
wqp,wqp:21FLSWFD_WQX-23144,2018-02,ANFIS-T-no-current,314563,0c364b9afbb629d93d2b270d60d6cc461fbe45f3f046b6384a8183725d3810a3
wqp,wqp:21DELAWQ_WQX-208211,2017-08,ANFIS-T-no-current,314563,0c372d644cd141984c2cdd59316af149aaeb7ea9e33497a2e884a35144778d35
wqp,wqp:USGS-07049690,1993-08,ANFIS-T-no-current,314563,0c37cc82c67e4d65af60363fece18213bea4af72a494ce769ca85219802e1ad6
wqp,wqp:21DELAWQ_WQX-208181,2001-05,ANFIS-T-no-current,314563,0c39187ea872cf471b48b3d9654d68b278295f18173a819d5b77e24e36a65726
wqp,wqp:21DELAWQ_WQX-304321,1999-10,ANFIS-T-no-current,314563,0c3c8c7519b3677a68678b42897ae74b5f4dadb50d58984fb5bbee6b81d1c9eb
wqp,wqp:21FLSFWM-LZ40,2001-09,ANFIS-T-no-current,314563,0c3e8257d64967505cfdc7a4daf46e482d3a8414b8f92bc4772e40e8c2be76c5
wqp,wqp:21FLSFWM-PALMMID,1987-11,ANFIS-T-no-current,314563,0c40360f3a839c87059c5dd3424a3b8605017c8473ad713c6f8f367684036c3b
wqp,wqp:21SC60WQ_WQX-SV-200,2018-08,ANFIS-T-no-current,314563,0c403a57d1554fed5486a261dd5cedab7447cd678547407edf56d8b409c44e12
wqp,wqp:21DELAWQ_WQX-110011,2009-09,ANFIS-T-no-current,314563,0c416f882ba5db1645d758641677226b8f021fea1a71d522fc7d11ca7d58a2ff
wqp,wqp:21SC60WQ_WQX-CW-197,2000-03,ANFIS-T-no-current,314563,0c430049f4fc35f6734b70df8a431a68d73be06ce5f9f8e7c5dfbb47840922a1
wqp,wqp:21SC60WQ_WQX-CW-197,2004-09,ANFIS-T-no-current,314563,0c438f1b49314f4a16051be7c1f77cbc55c4a25e2b076ac1f9a20bdd9981b75e
wqp,wqp:21FLSFWM-TIN8100,1996-04,ANFIS-T-no-current,314563,0c443bb5e16e8da527b5ff17053c617b34f63e3075548887c8f45f0ebbd14af3
wqp,wqp:MNPCA-62-0055-00-201,2003-06,ANFIS-T-no-current,314563,0c44cbf33eefd8e1848ee72f59fcb86809cab56e82d0f1aed50f655b5b1186d5
wqp,wqp:21FLSFWM-ISTK7,2003-09,ANFIS-T-no-current,314563,0c455647fc5f5b7afafb57a153bbc0a36200f7e2b3b802ffb2c8504f7a68910d
wqp,wqp:21FLSFWM-L005,2005-05,ANFIS-T-no-current,314563,0c4a9892e4198aec5db394b80c05595e2c865476b47d308cfaf425114f9a0bfb
wqp,wqp:21FLLCPC_WQX-GREENWSH,2017-03,ANFIS-T-no-current,314563,0c4dd499a32d4b8cc6665901fdab4a7aa592dc5e1b0c7ac73fd5ab4e9936fe21
wqp,wqp:21SC60WQ_WQX-SV-363,2016-02,ANFIS-T-no-current,314563,0c4f4c6df1ebad9ebd5aca1d1ac7265145bc9c7953a1a44ec889dfc46a1e4324
wqp,wqp:21FLSFWM-PELMID,2009-03,ANFIS-T-no-current,314563,0c4fb74a7a53c9964d60588b3e6b5dcc9a6a35df58c768074370b798ba7f6cda
wqp,wqp:21FLSFWM-TIN8100,2000-03,ANFIS-T-no-current,314563,0c5083c7feab8b04abc8b22b8a0f999f34cd772973db277014a1b9a557bbee8e
wqp,wqp:USGS-01201700,1986-09,ANFIS-T-no-current,314563,0c51c2a8964a8e03b705f7c61eea56a5a3d9fa98c17dc4c99dd108c166f17368
wqp,wqp:21FLSFWM-C02,1984-09,ANFIS-T-no-current,314563,0c5369e8fc3256efb0d0e95ff7af7137c0a0eb859d35a3aa6729dbbb21e328df
wqp,wqp:21FLSWFD_WQX-23480,2015-09,ANFIS-T-no-current,314563,0c5543d7a81ac6bad884a5934a386b282962bd70927ef686ec80600db39bcf46
wqp,wqp:21FLSJWM_WQX-44592,2017-01,ANFIS-T-no-current,314563,0c554b6e981884e97260e1e25d67fc0feb941a7b964a57bec48ae711bef144a3
wqp,wqp:21FLSFWM-STAKEOUT,1994-06,ANFIS-T-no-current,314563,0c57498696f27d065b8b80effdd59f5712eec4d698b5d7df09570ac87768d018
wqp,wqp:21FLSFWM-PELMID,2000-10,ANFIS-T-no-current,314563,0c57f294d728fad95dccc570fa3df73bab94540b2e7af1a7822ce06bdf39de72
wqp,wqp:21NC03WQ-CPF087D,2012-04,ANFIS-T-no-current,314563,0c59878623b46f5d68899dd43deccee90056f8e7dd63385fc94b615df3a8e5a4
wqp,wqp:21FLSFWM-KISSR0.0,1997-06,ANFIS-T-no-current,314563,0c5f7a2892e9a265c2bb4027961d2361bb71ffdd3bc5f179260cbbf8a27576f1
wqp,wqp:21FLCOLL_WQX-LKTRAF4,2004-03,ANFIS-T-no-current,314563,0c610fd09cd8c6a942508992e2408f40855b3aa92642b6e2cce836edac7b7146
wqp,wqp:21FLSFWM-B01,1984-04,ANFIS-T-no-current,314563,0c6144a07a7039def7ece3da9eb49e9b4481bc05242edb748117c443abb177e5
wqp,wqp:21FLSFWM-TREENOUT,1992-07,ANFIS-T-no-current,314563,0c61f215d9b558bc23402f66e9993ff47fcd76eec4507da12dae0fef0c18cd2c
wqp,wqp:CAPECRD_WQX-290,2017-02,ANFIS-T-no-current,314563,0c6375239175a4c93a1649494925c63c944ead042731855cb95595e57c2d4d5d
wqp,wqp:KAWNATON_WQX-KN-KL-004,2016-04,ANFIS-T-no-current,314563,0c657d47e764a9ada0e5b21b6caa16e26500333c3ba41d7d6d9052c133c2eeb6
wqp,wqp:21NC03WQ-CPF086F,2009-11,ANFIS-T-no-current,314563,0c6681a7dbcb2aa13235803199f142befd51fedd4b9fffcd603a969b530b0fc0
wqp,wqp:21DELAWQ_WQX-108111,2012-12,ANFIS-T-no-current,314563,0c68d414a69c14690e1a9eaef7b98d5311a78fdd8fedd528264afa0db424d254
wqp,wqp:21NC03WQ-NEU020D,2016-09,ANFIS-T-no-current,314563,0c6debfcb4ae1cde4c208acaf121d76d3a896caaf0d9c3016e291c6949682cd2
wqp,wqp:21FLSFWM-B02,1992-06,ANFIS-T-no-current,314563,0c7097b5a7cba5e2d4629b6fc068c4dfcf00ae5856ac8c0f32158ebf4c77a853
wqp,wqp:CAPECRD_WQX-262,1996-09,ANFIS-T-no-current,314563,0c717b82d139d799acb9585b83007c64d7f2cadbbf96fdd7715cc56607384a8d
wqp,wqp:21FLSFWM-B09,1988-04,ANFIS-T-no-current,314563,0c717e07d557065e63245f28c469f85daf8744c7ca7c8d98e8e59012a3e951a2
wqp,wqp:21SC60WQ_WQX-CL-019,2015-01,ANFIS-T-no-current,314563,0c72085d5ed6f5c1e3b4a525222d60c76f5d32bd998c83e2d3a091111adea228
wqp,wqp:21FLSFWM-L006,1995-09,ANFIS-T-no-current,314563,0c76d27d777063c3f2b20b9da00e65a9d2a2bc9fa49070abde1b5a4ca7f96d02
wqp,wqp:21FLSFWM-LZ40,2000-12,ANFIS-T-no-current,314563,0c7a6764db1c43d07bbccbdf15b492495246d2dc7c235933e1f8499034d0679e
wqp,wqp:21FLSFWM-PLN4OUT,1990-01,ANFIS-T-no-current,314563,0c7addbdabb72c50b898501ab79f1c780a6d8c7d3a64378e14d86fbef133270b
wqp,wqp:21FLSFWM-L001,1987-11,ANFIS-T-no-current,314563,0c7b1e82a0a64eab7cc62e6c07fbf173d8cd3b424f0940a8a73a4f7de4ce4aa8
wqp,wqp:21GAEPD_WQX-LK_12_4048,2001-05,ANFIS-T-no-current,314563,0c7b2fe8d7f4221bd393960cbbf1fda4f8490f3acaee79593c07433d66568043
wqp,wqp:21FLSFWM-C03,1984-01,ANFIS-T-no-current,314563,0c7b9bfe732bc303e0dd79408c37a68685698487cbe4a39a593855e5dbdc7642
wqp,wqp:21SC60WQ_WQX-B-327,2012-07,ANFIS-T-no-current,314563,0c7bf1d724ace46ebeaf024d4f2f223ad1aada951d6eb57e305e1b02f9b6b2fd
wqp,wqp:21FLORAN_WQX-BC7,2011-07,ANFIS-T-no-current,314563,0c7ce8eebf80bb7859f011c4123e9dee4d205d418458a29212cebcfb7fdd0b7d
wqp,wqp:21NC03WQ-B2450000,2012-03,ANFIS-T-no-current,314563,0c7ecc419d13a1ba6852e6b24a4dcd45be977b814f9045f82700fcc1338befdc
wqp,wqp:21FLCBA_WQX-WAL-MORRIS-2,2018-02,ANFIS-T-no-current,314563,0c85d1b6645569708172277b059298da1f5f086737b636b5e36f0006055e54e5
wqp,wqp:21FLSFWM-KISSR0.0,1994-04,ANFIS-T-no-current,314563,0c87ba1b7c4f8eff0edc54a1fccd6b2ac8e5f0b12021471aa477ac5782a2a648
wqp,wqp:MNPCA-86-0252-02-207,1982-07,ANFIS-T-no-current,314563,0c880c98b40dbae55e206e02e4f923dc4919a6df55398d4c0e8552378bda8cac
wqp,wqp:21FLSFWM-FEBIN,1997-06,ANFIS-T-no-current,314563,0c88476c24ac0212c58add94695688600631f969e15b9d6c79b8933cb845df6c
wqp,wqp:21FLCOLL_WQX-LKTRAF4,2012-03,ANFIS-T-no-current,314563,0c8c149acf3d4a443aedc001778087798f4dfd4219bb2457cc004a6ec67414f8
wqp,wqp:21FLSFWM-TREEMID,1996-01,ANFIS-T-no-current,314563,0c8c80e146b4512d3ef9eeca253412673a233e45fd1ecb63c40f3eece75a1a54
wqp,wqp:21SC60WQ_WQX-CL-089,2003-12,ANFIS-T-no-current,314563,0c8d59e405c1ae5478d3dc9cf0fdfd3499ecc88af7ef3779420369db5fe7144f
wqp,wqp:21NC03WQ-CPF0880A,2013-05,ANFIS-T-no-current,314563,0c8d9058069bef4ab12478290f87902f1dc3ed627551cfa2c97578bc8a74aae0
wqp,wqp:21FLSFWM-L005,2002-06,ANFIS-T-no-current,314563,0c8dd2c3c15539989dc5b12d7a2333eb1b6f39e2b3befa82359ec9249604a5e1
wqp,wqp:CAPECRD_WQX-290,2000-02,ANFIS-T-no-current,314563,0c8f24892bbf9240bc7bf4d8fbce5fcb6dac2badde843ff312ec23ff9f8c9713
wqp,wqp:21FLSFWM-KBAROUT,2004-07,ANFIS-T-no-current,314563,0c96543d12de7206896be8be9c8ac164e8c31c94012da788dbd50a579cdc0155
wqp,wqp:21FLSFWM-L003,1985-06,ANFIS-T-no-current,314563,0c98404fec095c26080faee47a8b6808b01059aa40ec090b4c15b3c8541ba52d
wqp,wqp:21NC03WQ-NEU019P,2006-06,ANFIS-T-no-current,314563,0c9bbf006138af24a74bfbcb7b5f0e9c47c9233deb3b68a70bb39201956e3a4a
wqp,wqp:21NC03WQ-Q5360000,2018-10,ANFIS-T-no-current,314563,0c9f3445488c7a743cff060a23f349707d0e7fcf937c5532b037b4b6f37ca0e2
wqp,wqp:MNPCA-25-0001-00-225,1996-07,ANFIS-T-no-current,314563,0ca0183fcc09f5c44924523afc5e64d15a450aad959a030598394b5f3592e6f4
wqp,wqp:MNPCA-47-0042-00-201,1983-06,ANFIS-T-no-current,314563,0ca03fdae52dad8644e94f0a2ffa6799356300df357aec0355e36de140889d57
wqp,wqp:21FLSFWM-E04,2002-08,ANFIS-T-no-current,314563,0ca1ad4ca58968ed97745a733fdf7a13992acaaaa10da73f77f5b7a922d4cd93
wqp,wqp:USGS-0726329710,2006-08,ANFIS-T-no-current,314563,0ca204b0437d99e58e959eed3bf2a515811285bfc1c0f274b2eb75be467b95c0
wqp,wqp:21FLSFWM-L001,1989-06,ANFIS-T-no-current,314563,0ca21e5854a1abaab9ae0179ce7e55317b883edc142b63319a2b4ab71b121d3d
wqp,wqp:21NC03WQ-CPF08801A,2005-07,ANFIS-T-no-current,314563,0ca310bc9f201075ea1d91145a7ad7d420c19278e605f7f5313df6c68e9c5c5d
wqp,wqp:21SC60WQ_WQX-CW-207,2002-03,ANFIS-T-no-current,314563,0ca468e3254ffa84cafbe8c21c2907ca2225d6732b8a5d7bd746f0453f9bfa21
wqp,wqp:CAPECRD_WQX-262,2004-05,ANFIS-T-no-current,314563,0ca469b53e57b43a5ba59e0f55c8157e72378dc5f205a80315c1c1e650b4ea51
wqp,wqp:21FLCOLL_WQX-LKTRAF1,2014-02,ANFIS-T-no-current,314563,0ca655d37aaa5718500b3fc4adbb4cab9b89041eb1a33b69a6a3e27748440633
wqp,wqp:21NC03WQ-NEU019P,2005-06,ANFIS-T-no-current,314563,0ca82ccca4374b08d9111814b7f57dea110520bbaf82cda82387bfcc60e66746
wqp,wqp:21FLSJWM_WQX-44678,2017-09,ANFIS-T-no-current,314563,0ca841f6fb20322f00a04a29a4ecc8c151740c5488e120c6c7290619c6aeca26
wqp,wqp:USGS-423526088380101,1994-11,ANFIS-T-no-current,314563,0cab60635859b9754df8d6dbf37f392a95fdb7a79019072067d0a91afd5f9a55
wqp,wqp:CAPECRD_WQX-290,2005-06,ANFIS-T-no-current,314563,0cac76b169f0e43d9d5e8b7ab0a9a3618317c283e6313e9b0985f6094876d9c7
wqp,wqp:21FLSFWM-PLN2IN,1993-05,ANFIS-T-no-current,314563,0cae22b57baa5779b5d2243fc73bb731c2a4a29921258c88e41b41fd33abc5f4
wqp,wqp:21SC60WQ_WQX-CW-231,2012-12,ANFIS-T-no-current,314563,0cb11c8738e1ee3b1fc93bac963b789b83fdda8c5b565acafec8e0d22245effb
wqp,wqp:21DELAWQ_WQX-108111,2010-07,ANFIS-T-no-current,314563,0cb2e1276d036b99e84c9f5ec5eb49dbad0d104c28f645531e7af5d4ee99451c
wqp,wqp:21DELAWQ_WQX-110011,2016-06,ANFIS-T-no-current,314563,0cbad5fe1b41e58f0d27a30e936964b0e5b9e76bdfd049282747700c8efb687d
wqp,wqp:21DELAWQ_WQX-109191,2012-12,ANFIS-T-no-current,314563,0cbbbe8c75df33ba2725d5bc526cd018654b712457446d33634fbf68fc6924a1
wqp,wqp:21FLSUW-ALL020C1,2005-04,ANFIS-T-no-current,314563,0cbcd2dce00370e86c25e3b4f28d876d82b8f7f3a31ea871af8c366d1b1e6ae7
wqp,wqp:21FLSFWM-A03,2000-12,ANFIS-T-no-current,314563,0cbe0458e009e30287ef9e057214110e2de737ca7351d2231b5b49f9326f496f
wqp,wqp:21FLSFWM-B01,1984-08,ANFIS-T-no-current,314563,0cbefedccb5860618db346199fa542812c7d03f88136512a93e1a7a11ef372a9
wqp,wqp:MNPCA-25-0001-00-215,1990-04,ANFIS-T-no-current,314563,0cc18bf2e47fdfd8b7957f2cbc97cfbbb5e5095ab39cf3f2598a2ac764adf639
wqp,wqp:21SC60WQ_WQX-SV-340,2003-12,ANFIS-T-no-current,314563,0cc4b4c5a09387de22927d5ec5575394c826967f4b4e9a2bbc502f91bad5ca00
wqp,wqp:21FLSWFD_WQX-23609,2011-08,ANFIS-T-no-current,314563,0cc69f63bc72c7a38aba438b20efb1235380bc940e03a739bd3a1d7a7d60a968
wqp,wqp:21FLSFWM-KISSR0.0,2005-01,ANFIS-T-no-current,314563,0cc73d59ab0b73795354f515f2118ff638ffc0e0a68451a816b4261a9b201970
wqp,wqp:CAPECRD_WQX-280,1996-04,ANFIS-T-no-current,314563,0cc75263aa02b6823c51eadbcdb491e4c596b8e448509fbb0391adc1532fea57
wqp,wqp:USGS-07049690,1999-03,ANFIS-T-no-current,314563,0cc7d49ee3de31a39f9860a37defe74e2b589a748a6152aa0546ab05da16f84e
wqp,wqp:21FLSFWM-L004,1984-11,ANFIS-T-no-current,314563,0cc7e2706fcde7fd7bcf7e2fc9945f894254b5ad8f7377df1ac9c53320ec1cc0
wqp,wqp:21SC60WQ_WQX-PD-327,2018-03,ANFIS-T-no-current,314563,0cc8ca195af523bcb34d01b54ba2c04e596fcb4d85e5f168fe0e773e68ae0ce0
wqp,wqp:21FLSFWM-D04,1983-09,ANFIS-T-no-current,314563,0cc8f1af5dc47ac6727bdeee1ea8158ea4f5846db753ea76aceb2f2ef6422fbd
wqp,wqp:21FLSFWM-ISTK7,1988-09,ANFIS-T-no-current,314563,0ccdd4a041c5c85abadfe0e0c7c369916a1e77947880077a0ce1fb3ee402e977
wqp,wqp:21SC60WQ_WQX-CL-019,2011-02,ANFIS-T-no-current,314563,0cd0ce2f3e597fe3f2f882b2fc8a052e6b9bb5fd30d42532aab3d98e74103249
wqp,wqp:21FLORAN_WQX-BC11,2016-06,ANFIS-T-no-current,314563,0cd122d2a67575b7d8d0973c5bce9d7a3397180e02e8ed9a83ba494bbea98cd3
wqp,wqp:CAPECRD_WQX-280,2010-03,ANFIS-T-no-current,314563,0cd1951c179f88e00699caaa59b7e598480515620bd9d7cbd2ee2cf4bd7b2044
wqp,wqp:21GAEPD_WQX-LK_12_4048,2017-11,ANFIS-T-no-current,314563,0cd1993c17daa30943ca6e28e53b14915db59b1266bbf96debc5974195c2b2f4
wqp,wqp:KAWNATON_WQX-KN-KL-003,2008-07,ANFIS-T-no-current,314563,0cd2cef8841ce84bbbe118ffa6532ed4ecde5b1261a75fe9af94c780f33351e6
wqp,wqp:MNPCA-10-0007-00-201,2011-06,ANFIS-T-no-current,314563,0cd2f1d501c6fbfe38a1dd9b614280ef1c4464cacba8dc539a919420ceb82534
wqp,wqp:21SC60WQ_WQX-S-311,2006-10,ANFIS-T-no-current,314563,0cd31226aed19edd179eef8b2b7852ce7574260dc99a6d1ae00f487b660dcc1a
wqp,wqp:21SC60WQ_WQX-SV-339,2016-11,ANFIS-T-no-current,314563,0cd34547e898f6f352cab034bf2bec9d71942d5093c2358dbbbab8b979bf379c
wqp,wqp:21SC60WQ_WQX-S-024,2004-11,ANFIS-T-no-current,314563,0cd3529a9c2942489138641b03be0da8285d51365b08a5f0d03ef64892f31c12
wqp,wqp:21FLSFWM-E02,1987-10,ANFIS-T-no-current,314563,0cd69e77ac04adfa9d95a4a0224265b3e11a1a72cb8c03e4b37bd8760bb9253d
wqp,wqp:21FLSFWM-TIN13700,2004-09,ANFIS-T-no-current,314563,0cda500215a3b7ca4eec17cd287df2fb02ce9a663d7f16357b16dca70e943d28
wqp,wqp:KAWNATON_WQX-KN-KL-001,2014-07,ANFIS-T-no-current,314563,0cdaadac29ba802444f4f20b73080211526ffe62d50bc9f448e081c6a1f97a00
wqp,wqp:MNPCA-86-0281-00-201,1984-08,ANFIS-T-no-current,314563,0cdb8ac2846a9d0e919a2551b00203a92cd97e176593142be394d03e0eeac001
wqp,wqp:21SC60WQ_WQX-CW-016F,2016-01,ANFIS-T-no-current,314563,0ce633a93ee4e14195cdb18a9f6ffdaf57b02a8cde34b140b2b496d178eaebb6
wqp,wqp:MNPCA-62-0013-00-201,1982-12,ANFIS-T-no-current,314563,0ce6c1cf9f9c68b2ff95cd72038a059b647043c1759a1cb6a7d25331245aae32
wqp,wqp:21SCSANT_WQX-SC-005,2015-10,ANFIS-T-no-current,314563,0ce6c64574ab2012b1d46d7942bbd36d36697948691add1feb36c2f286c1bb54
wqp,wqp:MNPCA-86-0252-02-207,1989-01,ANFIS-T-no-current,314563,0ce8c91d0cfba573ee37e585891a239c6f5936b64e4d7b8ccaf04b0840e18350
wqp,wqp:USGS-07049690,1974-03,ANFIS-T-no-current,314563,0cea2f2baccf47f939559fccf0a890864b3eb1d3b268802bdde057adaba75e03
wqp,wqp:21FLSFWM-D01,1982-05,ANFIS-T-no-current,314563,0cedc77b8d8938a276c559f74ac7a7a0dcda8ac010841b5184189dc3b73ebd97
wqp,wqp:21DELAWQ_WQX-304321,2008-05,ANFIS-T-no-current,314563,0cee5cdc184a1c344af4858659dce76fdf9752844d9f9127d0e6e760cd88aa56
wqp,wqp:21FLSFWM-ISTK6,1988-10,ANFIS-T-no-current,314563,0cee6f00e6963b0ee3268bd973228ff04e26ac92653d954500509b2ce60fd0bd
wqp,wqp:21SC60WQ_WQX-SV-236,2014-01,ANFIS-T-no-current,314563,0cf0356f61a715fb49d0f9190fe2ef0d15a770cbf99c0ac743fc5d1485218fbe
wqp,wqp:21NC03WQ-Q5360000,2017-09,ANFIS-T-no-current,314563,0cf1d34b746cd7a3ae11f4223cc8b19ca40f05dfa92faebce82f00a3acf067b6
wqp,wqp:21FLHILL_WQX-135,2007-06,ANFIS-T-no-current,314563,0cf3ab713dc953e7c26a61d98422297dbd7fa8897c4026d44f45b4013a63e7f5
wqp,wqp:USGS-07144790,2016-07,ANFIS-T-no-current,314563,0cf46de04ff88bfbc0b05077ac126f46bbdd3c86f3a5193fbb174d1664ea8854
wqp,wqp:CAPECRD_WQX-262,2012-02,ANFIS-T-no-current,314563,0cf538866024e58ebb079215e2affec4387a5727086133f75f0712dcfc4cc052
wqp,wqp:21FLSFWM-LZ40,1994-04,ANFIS-T-no-current,314563,0cf77751f38dbc34d4e6e5b316df7b8a524cf1cd3e6b7a70f0aba0ed1d06a47c
wqp,wqp:21NC03WQ-CPF081A1C,2000-08,ANFIS-T-no-current,314563,0cfbd083c830a4a5c155f50fed79ec2a72a8713b46d836e8576fe8f4ea281977
wqp,wqp:21DELAWQ_WQX-308071,2016-02,ANFIS-T-no-current,314563,0cfbf50a08adebae5bb82fa3f1ba126eb132c5219f3276e8fa53c639d1ce9908
wqp,wqp:21NC03WQ-NEU019P,2013-11,ANFIS-T-no-current,314563,0cfe762370edde925aedc50662c14acc2595127c5265899d0fe4eefdfd3264e5
wqp,wqp:21SC60WQ_WQX-SV-331,2017-10,ANFIS-T-no-current,314563,0d01a6b66a17a4608d6afa6e95ca94edd032fd7fa05a056739445c1bb570032c
wqp,wqp:21NC03WQ-B2450000,2015-08,ANFIS-T-no-current,314563,0d02c6c635cb56ee786e458427490ffaf5cfb6030c37f44fca4761862a9f10c4
wqp,wqp:21NC03WQ-CPF086F,2017-06,ANFIS-T-no-current,314563,0d036985caa4df8534214ec67bc180c424d102f31c43d5b2004f8d6f5aacd9df
wqp,wqp:21DELAWQ_WQX-307171,2014-06,ANFIS-T-no-current,314563,0d0394a39d60dbfdc76a0b31f105ed4eeb4ea2ec84164d32b4cd587e8336c43c
wqp,wqp:21GAEPD_WQX-LK_12_4048,2014-07,ANFIS-T-no-current,314563,0d0478a190ecb33985d59edf7190518522900c8607a3a862e19935f8f14effa4
wqp,wqp:21SC60WQ_WQX-SV-339,2004-06,ANFIS-T-no-current,314563,0d04978697b2a74105b383c3d5dd547869a35edcb4eaa52f0572e657e00f1ead
wqp,wqp:MNPCA-10-0048-00-201,2011-05,ANFIS-T-no-current,314563,0d05a5dda7c85b788fc56a2e79c2458b26df6c57feadd55726811e1bf113797b
wqp,wqp:21FLSFWM-D01,1982-08,ANFIS-T-no-current,314563,0d075d407403cf9534edd4a35385a30b84e118620b43c42ef208d2433fe15d3e
wqp,wqp:21SC60WQ_WQX-SV-331,2006-06,ANFIS-T-no-current,314563,0d07cc4a42ef01a58e54ca3c90f93b2dcc973c14a760090e50baac4f3a1a6283
wqp,wqp:21GAEPD_WQX-LK_12_4048,2015-01,ANFIS-T-no-current,314563,0d098a17b4b925a007fef74231b89b53741d671731c90e2dc587d70be471dd8e
wqp,wqp:21FLSFWM-L008,2001-08,ANFIS-T-no-current,314563,0d09b25eeef39a27322e537f8aeb2e69a992089771d9b5737b0ea8cc66650390
wqp,wqp:MNPCA-62-0055-00-201,1992-05,ANFIS-T-no-current,314563,0d0bdcffc62c304c97913d3892ef996f891776b8036854940eeed83c88c1569c
wqp,wqp:MNPCA-10-0007-00-201,2011-04,ANFIS-T-no-current,314563,0d0f714b826e743bf6580bec31a6cc6cd648a770239863a13b4b56d874ebb3fe
wqp,wqp:21NC03WQ-NEU019E,2017-10,ANFIS-T-no-current,314563,0d109bcc57afa8742fecdbb00a3d838188b3bb84e5f0ddc551312f0756c33fdd
wqp,wqp:MNPCA-73-0014-00-100,1976-07,ANFIS-T-no-current,314563,0d13841564d6702f2fa4654fd1cac16eecb6def5e11c0566b59c60912ce57037
wqp,wqp:21SC60WQ_WQX-S-308,2012-02,ANFIS-T-no-current,314563,0d1442fc4277c3e50b15b2d49cfc360903fbc3647db79cd26422bb1ec37ab8b4
wqp,wqp:AZDEQ_SW-32,1998-08,ANFIS-T-no-current,314563,0d15e02044583a502ff6e48502e49cc29d0e275ca9f41cb6a2fa8a461cfd571b
wqp,wqp:21DELAWQ_WQX-307011,2001-04,ANFIS-T-no-current,314563,0d169bad10c7829beddc6f064d42c89dfd2e976aadd6299ab2e720eb3f9bb246
wqp,wqp:MNPCA-82-0046-00-203,1982-09,ANFIS-T-no-current,314563,0d17194b172fcb658b4df28c8972c25db3b5eea29ac6a1e41831e8e21e209a8c
wqp,wqp:21FLSFWM-E04,1993-03,ANFIS-T-no-current,314563,0d1b590ba15d2aa8d19f8bfb0b465e57bf10beb0ed766273da5b52fa0b9257c4
wqp,wqp:21FLSFWM-L008,1987-10,ANFIS-T-no-current,314563,0d1c51ed32df56e73feae02c1e712dcb4276282f96607258fd5b4ade30956768
wqp,wqp:21VASWCB-5ASRN000.66,2016-04,ANFIS-T-no-current,314563,0d1eb273acf6dde3a5e124fb9b7f771675a7b1e834fe0ca0ac17a9f79ccc01cf
wqp,wqp:21FLSWFD_WQX-23609,2009-01,ANFIS-T-no-current,314563,0d22aef0c88001bc32002629fee689c0b071c44ca65dbf0c80528cda20dcfcb7
wqp,wqp:21FLSFWM-KBARMID,1994-08,ANFIS-T-no-current,314563,0d22e77c4ad262d71ca027d9b64113e1886d176e13b62ca05694c12760adc7ff
wqp,wqp:21FLSFWM-STAKEIN,1992-05,ANFIS-T-no-current,314563,0d23c1d33ebc78c444680fec5fa23fd637dfdd336ddb38a28792fd449dee4558
wqp,wqp:MWRD_WQX-MILTON3P,2015-05,ANFIS-T-no-current,314563,0d29b51bd61db206437d369a0c63bb3476abae3afae36e3f22e87e4e7d7b90b9
wqp,wqp:USGS-07144790,2010-04,ANFIS-T-no-current,314563,0d2add5f744c1e7845253a2db99fa08c90b933a2c70e65cf402e7692584d2e83
wqp,wqp:21SC60WQ_WQX-SV-331,2016-04,ANFIS-T-no-current,314563,0d2cb9330e4e46d6491c521428fb2d7416c47b6db821aad4a576b8c760cb3b80
wqp,wqp:21DELAWQ_WQX-206361,2000-09,ANFIS-T-no-current,314563,0d344a0ae9e5a38cc4a16f8177f8a49ee57b4fedb8ba5a9e290702092c11263b
wqp,wqp:21FLSFWM-L003,1986-10,ANFIS-T-no-current,314563,0d347770ee20d0b1dd5c30b216658c0d04487de1c47fc73b9e0d964c365febc4
wqp,wqp:21FLSWFD_WQX-23438,2005-04,ANFIS-T-no-current,314563,0d3582604c0b8c5e8cd89bea448a361d5d146cafb00911e21eb697ee4c05b45e
wqp,wqp:21NC03WQ-NEUELL10,2007-02,ANFIS-T-no-current,314563,0d393009081510045d315ce095dc9461104778f005387af7fb08424524cbb80b
wqp,wqp:21FLSFWM-ISTK3,1993-07,ANFIS-T-no-current,314563,0d3aabebb85060761ea6b7feccb2408021c5fd23e78b5df7587e0a0103d0b829
wqp,wqp:21SC60WQ_WQX-S-308,2013-09,ANFIS-T-no-current,314563,0d3afdeab83990ad02816e6eb7b46215e409fd991494dd6f0f15b1ab72000b1c
wqp,wqp:21FLSFWM-ISTK6,1989-11,ANFIS-T-no-current,314563,0d40a111aa9318b671167c4fa5736f534847da02c90259b9ee2b4cbc536d7d95
wqp,wqp:21SC60WQ_WQX-CW-197,2005-05,ANFIS-T-no-current,314563,0d418f5664ef02de1e68db78557d578ee641bf8bb5ef57380de8b6ecae0e5a23
wqp,wqp:KAWNATON_WQX-KN-KL-001,2013-01,ANFIS-T-no-current,314563,0d42b21f79072345ee878433fbf786a8d422175de8acc01b779da607883d17fc
wqp,wqp:21FLORAN_WQX-HB67,2018-02,ANFIS-T-no-current,314563,0d45befc4ce6ca1cd0af23399a492ca72c874bd6509000c376073c9d2df08c18
wqp,wqp:21FLSFWM-PALMOUT,1995-01,ANFIS-T-no-current,314563,0d477c762f734d3e80bc3eaaea7f9a9092d17e8d921dcc5d1ac85c86a84d715f
wqp,wqp:21FLSFWM-B02,1998-05,ANFIS-T-no-current,314563,0d4b6ce152fca0421018fa11c5d3c63fae6e774dc7b61a513fecf4ceae058242
wqp,wqp:21NC03WQ-CPF0880A,2008-08,ANFIS-T-no-current,314563,0d4ba1f111f4fb08b0b29dbecb8edcd9396e5cf51801387c7e05db9316e2e26a
wqp,wqp:21FLSWFD_WQX-23458,2009-01,ANFIS-T-no-current,314563,0d4ba2e89d340a164758c22f7ffc59761a81ab5e011e49c31735af74b0850813
wqp,wqp:USGS-07049187,2008-12,ANFIS-T-no-current,314563,0d4d817fef1199a292f7dbfbf81205d4c55c2ff9e330e2b4ac336c418ad4175c
wqp,wqp:21FLSFWM-CLV10A,1999-10,ANFIS-T-no-current,314563,0d5391c5c5299672680225472fc87d0484883091c40e11e88a7ebc0fe748bc61
wqp,wqp:21SC60WQ_WQX-PD-327,2014-01,ANFIS-T-no-current,314563,0d557835ab4a292148409a94e9c29d2a738136a5a0c907fa9483e647a83dfbb9
wqp,wqp:KAWNATON_WQX-KN-KL-003,2011-01,ANFIS-T-no-current,314563,0d563e90b25adf8bd78e9c748a0c108514492affc5cfb812fbaccef82ef21138
wqp,wqp:MNPCA-62-0054-00-101,1990-08,ANFIS-T-no-current,314563,0d58bec3dc7a09e1b509625e86cb1db4a1b1ca18e6ffdb6bea05d3baa15cf3fd
wqp,wqp:21NC03WQ-NEU019L,2011-10,ANFIS-T-no-current,314563,0d5b326356868578a81ecc1f98cfdc1505827d9268ee1e787d185d212ce8849d
wqp,wqp:MNPCA-62-0013-00-201,1975-07,ANFIS-T-no-current,314563,0d5cdd56b46c33b8615a5f9955afbeac82c52f8ab896a446de686fea9af46b13
wqp,wqp:21FLSFWM-LZ30,2000-06,ANFIS-T-no-current,314563,0d5dafd14e02f3bbe0a89d748cc8a94f2816477f8e601fb8372a3c75250877c1
wqp,wqp:21FLSFWM-LZ2,2004-03,ANFIS-T-no-current,314563,0d5e7745e8cb24575ee8e611bc1e09feaa624d762455a0153c1670bf65ba97d9
wqp,wqp:USGS-07049200,2003-09,ANFIS-T-no-current,314563,0d5e8f2f820adc4a78c76a29a8e2fe2ffda9331745b9b5048c74c71b75218f48
wqp,wqp:21FLSFWM-POLESIN,1993-01,ANFIS-T-no-current,314563,0d5f4fc9131291bc2ea0c082e5b09a36b36efc7f24cae638474ac810c1c926d7
wqp,wqp:21FLSFWM-ISTK4,1990-10,ANFIS-T-no-current,314563,0d615babb1844f1150aed7a9e7682246c42ac3258ffae7f93f4a327730d4e5a1
wqp,wqp:MNPCA-25-0001-00-215,1991-02,ANFIS-T-no-current,314563,0d6516ed297f5f7ef2f466d61924ce7f121c49cf79c1ac5a9403e6e795d88d42
wqp,wqp:21NC03WQ-CPF087D,2005-08,ANFIS-T-no-current,314563,0d672deb1463fa2cb9d3b4c8d5fd32c2674a52182161473d62bb241a0b07f50b
wqp,wqp:21FLSFWM-LZ42,2006-05,ANFIS-T-no-current,314563,0d6a2cce9e524afd820403d84a9fe4fa1c04002df13eafa1ec8a30a8d9658eeb
wqp,wqp:21FLORAN_WQX-BC6,2006-01,ANFIS-T-no-current,314563,0d6af80f4fe71eed20f6c03a47cf5a5fc25b3e98714cee742fbafa30515b59f1
wqp,wqp:21SC60WQ_WQX-SV-357,2005-07,ANFIS-T-no-current,314563,0d6b3f76d893c9d1912a00ba119dae5c41ccc41fafff56204e37231843464065
wqp,wqp:21DELAWQ_WQX-108111,2009-11,ANFIS-T-no-current,314563,0d6fd857d42cd695a6bb0c7b98121ea298ad642619a86103c29f46c055aef278
wqp,wqp:21FLORAN_WQX-CC11,2015-04,ANFIS-T-no-current,314563,0d70d76f5730facae170cd436b12ced077f90dd7a1223dab889c34404bd90a08
wqp,wqp:21FLSFWM-B08,1983-03,ANFIS-T-no-current,314563,0d75d6a1b7775dea0535cfbbe8a5bd5bbf6fb019ee33cb41626b7caa29f00e26
wqp,wqp:USGS-0214196095,1993-02,ANFIS-T-no-current,314563,0d77c366e12c45c3e4158e6b028b68d3d16c8da478a7f0d922176bf58a52c134
wqp,wqp:21DELAWQ_WQX-307011,2010-02,ANFIS-T-no-current,314563,0d7970944a8360963be7215618745eacef0847adf2b72aa5eb39a962e7ec7628
wqp,wqp:21NC03WQ-CPF087D,2006-04,ANFIS-T-no-current,314563,0d7af364c66f88e2a2a3b6598926e2ef5cd36788dbd6a793904de08591da664d
wqp,wqp:21NC03WQ-NEU018C,2017-01,ANFIS-T-no-current,314563,0d7ca63c857b7376f9538de3551e017a10a26409815b1e01d36735bc5f2656e3
wqp,wqp:CAPECRD_WQX-280,2015-05,ANFIS-T-no-current,314563,0d7f219df0c56399deb0d57dd26880780e615204da937eff2be7d2fdaabad52c
wqp,wqp:21FLSFWM-LZ42N,1993-10,ANFIS-T-no-current,314563,0d7fd017e76f693347b984a35a5e462e3202f9a5227415a2ecb82cc730914a83
wqp,wqp:21FLHILL_WQX-135,2000-03,ANFIS-T-no-current,314563,0d80059efc5bcd090f9c06ed30bfb51857dd54d211daec855957156a375aab1e
wqp,wqp:21SC60WQ_WQX-CL-019,2012-04,ANFIS-T-no-current,314563,0d815221959f2f8f29b1cad1667e034ffc7cf7d708b8df54732914bdc5ca261d
wqp,wqp:21FLSFWM-KBAROUT,2009-01,ANFIS-T-no-current,314563,0d843684cc77eb5244686ac7e8431e69fc882771d61e37ac5fe014378cbcfa07
wqp,wqp:21FLSFWM-KISSR0.0,1993-04,ANFIS-T-no-current,314563,0d8cb1985a2d1d5249fc485924f04b3aa5261e51c5aa1edfddd07c130621fbc1
wqp,wqp:AZDEQ_SW-32,2017-02,ANFIS-T-no-current,314563,0d8d8c84535878f247392ee69aa5ec199e223f4339cd0436f432557afe52df35
wqp,wqp:21SC60WQ_WQX-SV-363,2012-03,ANFIS-T-no-current,314563,0d8d971b3f0cdd06513464d9928473c4bab624d268836a65958c7096e9a4d704
wqp,wqp:MNPCA-86-0297-00-201,2015-06,ANFIS-T-no-current,314563,0d8e2f94cf5dfc9286a2705eb775f10ba6e0cf9a6e562640a9ef23a483cea135
wqp,wqp:CAPECRD_WQX-262,2016-10,ANFIS-T-no-current,314563,0d8e85b0823d78c8f5f57a8235f43e2167ac901c39170c2bd3124aa59bfc92c5
wqp,wqp:21SC60WQ_WQX-CW-174,2007-04,ANFIS-T-no-current,314563,0d90d417922cc6effe6e42cf92b6ba37b8f6666a9e212a788c6253ccd81b7f3c
wqp,wqp:21FLORAN_WQX-HB67,2018-12,ANFIS-T-no-current,314563,0d92206c6bad4bf337d2aa9d614034dd70b04b324905d86e6d70c78b8b2574f6
wqp,wqp:21SC60WQ_WQX-SV-331,2005-05,ANFIS-T-no-current,314563,0d93836030d562a239016c4c56ac6690e78f49f07fbcf079f5d50bd03d0b4ed2
wqp,wqp:21FLSFWM-CLV10A,2002-01,ANFIS-T-no-current,314563,0d95bfc83e7327b7169ab0c102a840e731bb8cf655539354b0faefaddd189136
wqp,wqp:21FLSJWM_WQX-44673,2017-12,ANFIS-T-no-current,314563,0d98084a197187b62dda052b40f43349ac92e2100dab186a247c07bd8369ea8b
wqp,wqp:21FLSFWM-LZ2,1991-09,ANFIS-T-no-current,314563,0d995bd21645d066e7790c75dd8bc6ccd309049fa8fd54de9e11ad48f109fb9a
wqp,wqp:21FLSFWM-CLV10A,2007-03,ANFIS-T-no-current,314563,0d9a244cf7f5208dff94b5989def25bb1e16a1b0ca58e3178b0bac68fcbf22af
wqp,wqp:USGS-423556088365001,2005-05,ANFIS-T-no-current,314563,0d9ac684cfda3568322969b5eed32d3f97996ed96b50ef936549cee9f1a55e44
wqp,wqp:21FLORAN_WQX-CC22,2006-08,ANFIS-T-no-current,314563,0d9b8a35ef5b5ab64ba64e035a76ccfe09518a3a68fd0ec5b424ef6d5b7852b2
wqp,wqp:21SC60WQ_WQX-S-310,2018-05,ANFIS-T-no-current,314563,0d9cc651190074b7f4618b77a35f8f82e7b4fdeb989ec1c0df873eb35feace0c
wqp,wqp:MNPCA-10-0048-00-201,2007-09,ANFIS-T-no-current,314563,0d9dde533b8cd8f62265d91937204769ffec60d36fa70a97e2715397c02615fc
wqp,wqp:21FLSFWM-L001,1993-10,ANFIS-T-no-current,314563,0da2077af24b082a6623dbb6c445550d2fd50ee8863fb74062b41774e8f055af
wqp,wqp:21FLSFWM-A03,2005-01,ANFIS-T-no-current,314563,0da2cf35df1f8b8550d5cea21984bafab12b74096cc09ca44ab4c244816229b4
wqp,wqp:21FLSFWM-PLN3OUT,1996-07,ANFIS-T-no-current,314563,0da42a305f21e4856eee1d997af5ceb26332fd003e0624123fa97428fa56adeb
wqp,wqp:21FLORAN_WQX-BC11,2018-01,ANFIS-T-no-current,314563,0da4e9e7b0724032e7e805e9e0ce42273d955478fa691631178f62e6bbed6a9d
wqp,wqp:21NC03WQ-CPF08801A,2001-08,ANFIS-T-no-current,314563,0da5f4fb938711475dcf1fb3d49ded1fdc04a7483c491178aa06a58f828b3caa
wqp,wqp:21FLSFWM-L008,2003-07,ANFIS-T-no-current,314563,0da65c9aeed2ed0bf3c415dd6e3e95c98e216d8a1afc976db0e933907da150db
wqp,wqp:21FLSFWM-KISSR0.0,1989-10,ANFIS-T-no-current,314563,0da845f15430683a98fdd5b06e5e93d71ebc8d1e623df91d65dff84c68bc383c
wqp,wqp:21FLSWFD_WQX-23389,2013-08,ANFIS-T-no-current,314563,0da85a205fe8822ce361610d79a9109c373a09e31beebca3469882d4824f2b6f
wqp,wqp:21SC60WQ_WQX-SV-357,2017-01,ANFIS-T-no-current,314563,0da952d037f9e65cd4f9ff6cbc7c9407da97f5b19311deccc8971a62934ed5a5
wqp,wqp:21FLSFWM-B06,1991-02,ANFIS-T-no-current,314563,0dac26accbafc4c6a726b148b617100b5863488c2188d538ba5a6b77aa47fa4d
wqp,wqp:21FLORAN_WQX-CC12,2014-09,ANFIS-T-no-current,314563,0daec7b2e2a46101ff2956a1f177cccb19e5b77f0727c07f775d2c5e91bf9b50
wqp,wqp:21SC60WQ_WQX-S-222,2017-05,ANFIS-T-no-current,314563,0db233c6e49f8e698406f76f630f718a950923a2118b1817c9a1fb1bf4fdf98f
wqp,wqp:MNPCA-86-0281-00-201,1984-02,ANFIS-T-no-current,314563,0db67cb075700b82e353fdbf460c245a051a475059fce74307a20f868ae95dff
wqp,wqp:USGS-07049200,2002-06,ANFIS-T-no-current,314563,0db6a4eae6f0320d5b4a804cd49716c7a414161090e87e7cf33a517544748804
wqp,wqp:21SC60WQ_WQX-CW-207,2013-07,ANFIS-T-no-current,314563,0db7bf956420fdaf1171aa025a24514cdd743aba769b497762e6248b03606164
wqp,wqp:21VASWCB-2-XDD000.40,2011-01,ANFIS-T-no-current,314563,0dbd38579c03fba0fdfe4b0ebcbfac54117f17ff3b5ca30a7903bb33b4aedec9
wqp,wqp:21SC60WQ_WQX-SV-098,2001-12,ANFIS-T-no-current,314563,0dbd9a85be1753c0ef6ef697d404ab5ee7705ce29fa6c503f8c0ecc0d18d7359
wqp,wqp:21SC60WQ_WQX-S-022,2012-02,ANFIS-T-no-current,314563,0dbed89eb1a28a7c22c8524d97b55cdc026838767a5c48187bbee2b9d1097df6
wqp,wqp:21FLSFWM-POLE3S,2008-09,ANFIS-T-no-current,314563,0dbf8d3d5350c00096b77e85c8254b332b9d053ab864d5e515cc8e7026da7bef
wqp,wqp:21NC03WQ-CPFMC03,2015-08,ANFIS-T-no-current,314563,0dc02c4dc07e47d86874b31db7381186efcccb389a4769cb24f5ede8c8df092f
wqp,wqp:USGS-423556088365001,1997-08,ANFIS-T-no-current,314563,0dc05ad15524383cb2727bf5533f44a5e3d9d4d494e07ab225552259a7804625
wqp,wqp:11NPSWRD_WQX-SLBE_PL_01,1994-02,ANFIS-T-no-current,314563,0dc14521deb8d93f01145b65dd120e9a3d6b4472e210371af142fac52cf6d906
wqp,wqp:21SC60WQ_WQX-CL-089,2018-03,ANFIS-T-no-current,314563,0dc3cd51c6da7369c1c350b6ba394084033b692401acc1e92899e8bd3e0bd735
wqp,wqp:21DELAWQ_WQX-308071,2007-07,ANFIS-T-no-current,314563,0dc5932cd270705167f62c6ca723223c438e14e45cd433ea226b950dc5ebf1f4
wqp,wqp:21AWIC-23,2017-07,ANFIS-T-no-current,314563,0dc724dfa87902753df5533298af8fb87e16a1552d8841524b8804242a3c8614
wqp,wqp:21FLSFWM-L001,2004-12,ANFIS-T-no-current,314563,0dc7488bebe7855c9158f18306a9b20aadf2efd4da89229ae4fb7ee575bc840c
wqp,wqp:21FLCBA_WQX-WAL-TRESCA-1,2017-04,ANFIS-T-no-current,314563,0dc8e6f2d9adb895d53ebe9db9da8092fa65279528f2ae79fcd80d07d130797f
wqp,wqp:21NC03WQ-CPF0880A,2015-07,ANFIS-T-no-current,314563,0dca6137b5aa9e23b3255763c85aecca6a31edf537bda3c46ff78a0936e4fd00
wqp,wqp:21FLSFWM-L003,1997-03,ANFIS-T-no-current,314563,0dca79a20ea053805c7b83e6a18db875a5535c88334717cb72bbba6fa6d15cb8
wqp,wqp:21DELAWQ_WQX-109131,2018-01,ANFIS-T-no-current,314563,0dcf210aab818c32663084923db86dd0eca92b175d29813e6198322507975de2
wqp,wqp:21FLLCPC_WQX-GREENWSH,2018-04,ANFIS-T-no-current,314563,0dcf4be5bf60ae7a14cf3e60579b29c68757fb02f2686c34ed95b99e9ceba8e2
wqp,wqp:21FLSFWM-C03,1995-03,ANFIS-T-no-current,314563,0dcfb2d8417316c354d96e99bee20322b2b5bd86a0c78ed7f84bf9f574cb95c7
wqp,wqp:21FLVEMD_WQX-SJ17,2016-07,ANFIS-T-no-current,314563,0dd062dc13d7497eb433d1e87daf9c2dab781b4fdce762fe62b06df5a064afc2
wqp,wqp:MNPCA-10-0048-00-201,2006-09,ANFIS-T-no-current,314563,0dd324325156c9d3783df265f4a31b31f9ba07a7d781958a238e2e61cc9ccd06
wqp,wqp:21FLSFWM-L005,2007-12,ANFIS-T-no-current,314563,0dd32441601e3ecb77169907338894599c9afc9907799c9a075209319e537617
wqp,wqp:21FLSFWM-L005,1995-07,ANFIS-T-no-current,314563,0dd74aa93f17f2ae4101e225430f02061bab33a012b5bb9602c077a25d479bb7
wqp,wqp:21SC60WQ_WQX-SV-098,2003-05,ANFIS-T-no-current,314563,0dd98e0182832ae3655bb8c5764dd728de50229419635a64d3bf4c88a6e2b516
wqp,wqp:21NC03WQ-CPF087D,2014-03,ANFIS-T-no-current,314563,0ddb7f6ac7c8e02fff969219849131edf89c77ae415000419db4d4d347d9c652
wqp,wqp:21FLSFWM-B02,1983-11,ANFIS-T-no-current,314563,0ddc90dbde649a5eabb4956d81039fc40bcf4c67a0f4d1b66416ca76bd484633
wqp,wqp:21SC60WQ_WQX-S-310,2002-09,ANFIS-T-no-current,314563,0ddddd598dab06f933991eb562209a44fe24c1b454255f0a987c1e457295b37a
wqp,wqp:21DELAWQ_WQX-208181,2007-03,ANFIS-T-no-current,314563,0ddf38a9eb861f0e1c20c566611a85e592790a6c44914be52fc50149f461cb0a
wqp,wqp:21FLORAN_WQX-CC13,2005-03,ANFIS-T-no-current,314563,0de06343aa46ce921c48ce40a3ef8f11156eac27daa8a63b9de7d5091e077650
wqp,wqp:21DELAWQ_WQX-304321,2014-12,ANFIS-T-no-current,314563,0de39a7972c2ce22821eaf1c3983f653c812a4cb66b87342880521f1b8c357ba
wqp,wqp:CPNWATER-WW#3,2016-09,ANFIS-T-no-current,314563,0de44ffaa15e6164fbfb801d24d945f81f3b7fa0a97f9c3a91a5aee5e7397364
wqp,wqp:21FLSFWM-L005,1996-10,ANFIS-T-no-current,314563,0de5b294d88be28534eae4f87f46e5304ff4d7b9fc663424c731ba53d176d7e2
wqp,wqp:21SC60WQ_WQX-CL-019,2017-02,ANFIS-T-no-current,314563,0de7485d4b230368bbff43aefdd9baaba2341f1dfe13510c6631679e2afff59a
wqp,wqp:21FLSFWM-PALMOUT,1989-09,ANFIS-T-no-current,314563,0de96146fd4d19e3cb75a582ff71422b139f80f460cc5884e2a5e6938b483d72
wqp,wqp:21DELAWQ_WQX-205211,2007-01,ANFIS-T-no-current,314563,0de97ee7bcfa569f5a6d11ee0b1e57c1f9650c9066b52c90f202d808cad2ace3
wqp,wqp:MNPCA-62-0013-00-201,2011-09,ANFIS-T-no-current,314563,0de9a3d32a03359a0d55a5dcd7acacd8074e36350acf6b94c8d226325ae2f004
wqp,wqp:21FLSFWM-CPTOUT,1987-10,ANFIS-T-no-current,314563,0ded87e2432c1a2315afa62a899a446979c26075215ae0a9c288b5abf632234c
wqp,wqp:21GAEPD_WQX-LK_12_4048,2017-09,ANFIS-T-no-current,314563,0df607b4046addfc0c720036fabff67d4a9fc834b62204b1b9dd015b8e7e6cb0
wqp,wqp:21FLSFWM-PLN2MID,1996-07,ANFIS-T-no-current,314563,0df8787170a17ba12072ce65e10c2c1c8a616d8d13a41a00ac468e5e38afd84e
wqp,wqp:USGS-423556088365001,1997-09,ANFIS-T-no-current,314563,0df88cc736e93e66fa82c7d73269fe9d9dcf4ba70fc09a2623a2945d9c804be7
wqp,wqp:21FLSFWM-LZ2,1997-04,ANFIS-T-no-current,314563,0dfb2bd78004b845e2e6a31999fdae83a2c6e071821ed40908aa3445781e9bd0
wqp,wqp:21FLLCPC_WQX-GRIFFINTISH,2014-05,ANFIS-T-no-current,314563,0dfbd38d7eb817e07a2dbbaf0af0861bcd334930551160152c7298eec87a4854
wqp,wqp:KAWNATON_WQX-KN-KL-003,2017-12,ANFIS-T-no-current,314563,0dfca314af87d0eadaa6fa46139392eae9e0ccb88f34180945964ee745238571
wqp,wqp:USGS-423556088365001,1989-07,ANFIS-T-no-current,314563,0dfca40478ca754341bb5ff80a2961772b6f55f99b46dadfc64b1f3663e1a34d
wqp,wqp:21NC03WQ-CPF087B3,2017-02,ANFIS-T-no-current,314563,0dfd73b121cc39a938f88a05032f056079e11fc0be9ab5ba7ae050a6956c89d8
wqp,wqp:21FLSFWM-B07,1983-07,ANFIS-T-no-current,314563,0dfdc433b145c1425de4f5df59b004d147b7ff9b2a842d4baf01a77dd76bc6cf
wqp,wqp:MNPCA-86-0284-00-100,1989-10,ANFIS-T-no-current,314563,0e02212faa9d5dff70ed730ff076ca81a1606e6f707a3dba7fe2b7d818434ee8
wqp,wqp:21FLLCPC_WQX-IDAMERESSHDK,2009-06,ANFIS-T-no-current,314563,0e026d0a35a230875677255d660cfa9acb7745bf7ac335b0f61d0fa367d16eae
wqp,wqp:21FLSFWM-POLESOUT,1999-11,ANFIS-T-no-current,314563,0e031f25abdcd24dbdd256060d274c03840bce863bad35a37df79715e3ed6a17
wqp,wqp:CAPECRD_WQX-290,2003-02,ANFIS-T-no-current,314563,0e047900b0c083579fc5d47811676e606be046853b41313f6e8e82bd63e5c956
wqp,wqp:MNPCA-62-0055-00-201,1993-07,ANFIS-T-no-current,314563,0e066e39aca39e824e9b0c1726b2514464957ba95fcc06efb78c518f01d4e6d6
wqp,wqp:21FLSWFD_WQX-23477,2008-02,ANFIS-T-no-current,314563,0e08acbe94e2b341b8eb0429f51ea96ee7d15709acffa0163b80b015a8691ffc
wqp,wqp:21FLSFWM-KISSR0.0,2006-05,ANFIS-T-no-current,314563,0e08e7117faadaebbedfb4cf2c5d9ffd3d49542b8240cdb3fad03777a16e6eaf
wqp,wqp:21DELAWQ_WQX-206361,2009-05,ANFIS-T-no-current,314563,0e0b3b9bec240c6962f9f6b2a5b1e408bc6d77d2cae914a572feb309218120f2
wqp,wqp:CAPECRD_WQX-262,2005-02,ANFIS-T-no-current,314563,0e0c9f8a399ba2628ba1a7e39a95720764ccfa692a7af053c9a6868f96aafc79
wqp,wqp:21SC60WQ_WQX-CL-094,2009-04,ANFIS-T-no-current,314563,0e0fc47b11c73903b9bd098116599fe29500dbc0cf72a90adebc6a1caeb6697e
wqp,wqp:21SC60WQ_WQX-CSTL-075,2002-02,ANFIS-T-no-current,314563,0e0fea8dbf08edcd6453327e9cd13f6ec574b112a3871c0d2c288f6c1412a56a
wqp,wqp:USGS-295826095082200,2016-12,ANFIS-T-no-current,314563,0e11f04279ddf5c13cb56085b9c7d19a9fb6fa899798fc2a6ea1f54be0f0a6c8
wqp,wqp:21NC03WQ-CPF087D,2000-11,ANFIS-T-no-current,314563,0e144575414f627922afb31a652edb946fb4a0ce73ea6776d4eb84f125126113
wqp,wqp:21FLSFWM-C03,1993-06,ANFIS-T-no-current,314563,0e15857374d63e66ed86b0a5c6687ea7e74fc9c86d77e674791533dec3660f83
wqp,wqp:21FLSFWM-B09,1984-01,ANFIS-T-no-current,314563,0e171f15ee13dcb57df0080bb2b82e621b157cf99cd966b81550c4ee93c7124d
wqp,wqp:AZDEQ_SW-32,2015-11,ANFIS-T-no-current,314563,0e18cee1cfccf670f6f4b55e5fd6d2cf2c006fdc337284044a39166ef0a03ede
wqp,wqp:MNPCA-82-0046-00-203,2007-09,ANFIS-T-no-current,314563,0e193f3c9be2c73c115183c4e1640f5f08076f78f84d395c2047446a9de96b23
wqp,wqp:21SC60WQ_WQX-PD-327,2014-03,ANFIS-T-no-current,314563,0e1c16ce4ae1138091676c05de28c23c04df6099ac9ae5a9dda191eada43bcda
wqp,wqp:21FLSFWM-B02,1987-12,ANFIS-T-no-current,314563,0e1dbf2abdfa34f5e9fe4d811d9cfc2feb702ca83f5e681131796bc6b735b4b9
wqp,wqp:21SC60WQ_WQX-CL-089,2001-03,ANFIS-T-no-current,314563,0e1f29b2b8abb537adeb8a5506d17398fb8c5fb01154abee6c5049d8edf0e51d
wqp,wqp:21NC03WQ-CPF081A1C,2015-05,ANFIS-T-no-current,314563,0e1fe124c7ded2f4f4202a6eae95566f6528d7802e9a44f9cf2421d062fd313d
wqp,wqp:21FLSWFD_WQX-23479,2014-06,ANFIS-T-no-current,314563,0e20228505d139350c2cb57e6e0dd96bc8d81201c98c8102e2b7f9f890eac1e9
wqp,wqp:21FLSFWM-ISTK6,1989-03,ANFIS-T-no-current,314563,0e20483e027a449fd7ce1e6259783d321138e8444fec2348c87618ae655adc5a
wqp,wqp:CAPECRD_WQX-262,1992-11,ANFIS-T-no-current,314563,0e209a46509bdc28cee0da8150dda0acc3a0dd466c8f079be3a0e9f2117542b5
wqp,wqp:21FLSFWM-FEBIN,2005-03,ANFIS-T-no-current,314563,0e22af99b7bedc1ce1bde59cfd2b7bf777413a2b7a4b6b9ad5bd3d69bdaa3eab
wqp,wqp:21NC03WQ-CPF081A1C,2015-09,ANFIS-T-no-current,314563,0e22d5fdeeb7350050d0e02a1dd4f96d3afb40a675a823fa739e2d8ca8bf5c92
wqp,wqp:21FLSFWM-POLESOUT,2003-02,ANFIS-T-no-current,314563,0e2447b20ee33398d947e216ba0aba751635c515764771b0082450a83ef977ac
wqp,wqp:21FLSFWM-LZ42,1997-11,ANFIS-T-no-current,314563,0e2781864b3ad01c647df4730600cbd61c0cbbd68149b16041a75c79712aa4c8
wqp,wqp:21SC60WQ_WQX-SV-268,2002-11,ANFIS-T-no-current,314563,0e286c7c1d234b66bb26573780a6929c21e89119188880f3fe1dc29f7551937a
wqp,wqp:21FLSFWM-PALMMID,1988-01,ANFIS-T-no-current,314563,0e2a297ec0fe223293cb6617a5effe6876c066df03f459dcc28514f9dc1a48be
wqp,wqp:21SC60WQ_WQX-SV-335,2004-06,ANFIS-T-no-current,314563,0e2ca8effe8aaa8a88e6d9270ff8d3e29a4910087725b36248c74cf9619a8ccb
wqp,wqp:USGS-07049200,2007-07,ANFIS-T-no-current,314563,0e2d5fc35af5acac4df19e03a999c0286a09e9b9c61eb845277ff2e4b17bf984
wqp,wqp:21FLSFWM-PALMOUT,2003-07,ANFIS-T-no-current,314563,0e2d6d12cca80bbb7f324a4089398143f02ed5eefa1797611c8438faba22dff3
wqp,wqp:USGS-07048910,1995-08,ANFIS-T-no-current,314563,0e2ea5846b0487bae57fbb6bf2a14285b962148eac338139a3e4348c04fca6d5
wqp,wqp:KAWNATON_WQX-KN-KL-001,2014-05,ANFIS-T-no-current,314563,0e2eb3c3a96128a3de1ac03603ef1ea60b1dfdc286644aee83afd75c20ef99df
wqp,wqp:21FLSFWM-L003,2002-09,ANFIS-T-no-current,314563,0e30b6dd62041856fd7ec3c6f0c03a1aa6e7c35df4ad95967b6f488a5daf4c9e
wqp,wqp:21NC03WQ-NEU019P,2007-04,ANFIS-T-no-current,314563,0e33ab9af1915262b464e8c30b01bf8e5418eba6114e12da6dc505d34e7092b7
wqp,wqp:MNPCA-02-0075-02-203,2015-10,ANFIS-T-no-current,314563,0e35593fd37264f0eb3a00cc4d38e1cd53c07d10e2ba10a3fb3392173c4c26fd
wqp,wqp:21FLSFWM-B08,1983-09,ANFIS-T-no-current,314563,0e39e202cb7082bd9de26a1b0d9972a56caceb42f0da25f4092e483570e85340
wqp,wqp:KAWNATON_WQX-KN-KL-005,2013-09,ANFIS-T-no-current,314563,0e3c2c6615e9e201592c597885efa26bb2cb56b4ca819485aab9b1084cba074b
wqp,wqp:USGS-01201700,1976-01,ANFIS-T-no-current,314563,0e3cac6848ca41ebedff1ae294166b8052351337d08efda391e67899cf2e3c2e
wqp,wqp:USGS-07049690,1978-12,ANFIS-T-no-current,314563,0e3e4e072676718d14f24761480131c31d8844f469229804592b28f6da3629cb
wqp,wqp:21FLSFWM-PALMOUT,1998-11,ANFIS-T-no-current,314563,0e3eda3f731651551bddf603940959fa6edfc832babf03412453e0380e846f73
wqp,wqp:21FLSJWM_WQX-44158,2018-02,ANFIS-T-no-current,314563,0e421e382179551c35d27a24d0c0df4c48717283f80bcc0942a9749a7f01e263
wqp,wqp:21SC60WQ_WQX-CSTL-075,2004-12,ANFIS-T-no-current,314563,0e47398ce73bd7ca220464400d9574d0093b9ca08e3f0f4b42cbeb6ab3044632
wqp,wqp:21FLSUW-ALL010C1,1998-06,ANFIS-T-no-current,314563,0e49deb3db0bae6d633e6652966cb688691cd44739e83fe75cf58cd2d3020bb0
wqp,wqp:21SC60WQ_WQX-B-339,2018-03,ANFIS-T-no-current,314563,0e49eb5d58404af4e2a6c17b66e6c17599edf57a540784e597f267b29c80e80b
wqp,wqp:USGS-423556088365001,2009-07,ANFIS-T-no-current,314563,0e4c786c1e35e357c919adbaf92ae95baee9329d6fbdbe312bc7a1f311f867cf
wqp,wqp:21FLSFWM-CLV10A,2001-01,ANFIS-T-no-current,314563,0e4e6da0867752e0ca7fc711be57067269a2ab72cc1d7f32d1e6e9baf7e06889
wqp,wqp:21FLSWFD_WQX-23631,2018-03,ANFIS-T-no-current,314563,0e504f5d474c978c88b8fdd2273bd6ff36876ef62c5714035008e31916fdd061
wqp,wqp:21FLCBA_WQX-WAL-BIGREDF-3,2017-12,ANFIS-T-no-current,314563,0e50fa73adec33d5386d09347d01a961ed685165cc1abb91c501698628f3ccc6
wqp,wqp:21SC60WQ_WQX-SV-338,2002-11,ANFIS-T-no-current,314563,0e53477453efb5fba71afa3839950a50d73764cee03c680d9a5fe1579b21cbec
wqp,wqp:21GAEPD_WQX-LK_12_4048,1991-08,ANFIS-T-no-current,314563,0e53a29568e6b1fd7da2b8366e33f8aaa01f7f16ff6622e941ffa3ef01e118cc
wqp,wqp:21DELAWQ_WQX-308071,2017-03,ANFIS-T-no-current,314563,0e55f6a6a0ceba3ebd5850cdf1bde6dbe0b10121167a805505858f2938d892aa
wqp,wqp:21FLSFWM-L001,1989-07,ANFIS-T-no-current,314563,0e5611514f9717ab2ff367df33f028bcefed69524490cc848281641698a860af
wqp,wqp:21SC60WQ_WQX-SV-340,2005-06,ANFIS-T-no-current,314563,0e56af0be330f2576c4d0ae9a755703f212bcf4c4a55bfb216c47c390be934cd
wqp,wqp:21FLCOLL_WQX-LKTRAF4,2016-06,ANFIS-T-no-current,314563,0e58659f347495158cf46b618386dd2a6a296bb67fc72cfb84732805c2a66dba
wqp,wqp:21FLSFWM-B06,1982-05,ANFIS-T-no-current,314563,0e58ef1972dc4ee2d08c167a1116e2988837445fd92d820c931e8729f2d40d8f
wqp,wqp:21FLSWFD_WQX-23144,2015-10,ANFIS-T-no-current,314563,0e5c3f76ce2774562f2e2d92482754e9ec5df9c181ac0b2972493624db2b2436
wqp,wqp:USGS-0690367690,1993-08,ANFIS-T-no-current,314563,0e5cad1ef8d783b0bc259e68f6c9cfc89f441d7a1e322a68314d026ef9a82319
wqp,wqp:21FLLCPC_WQX-GRIFFINTISH,2012-04,ANFIS-T-no-current,314563,0e5cd3c6574d4db9399b6b02ba93100819e1dbdc717415ba17777c020e8c8a29
wqp,wqp:21NC03WQ-CPF086CUPS,2015-06,ANFIS-T-no-current,314563,0e5eb3f6858d6feccf2c2d5920435ce51dfda625a849b08f8d1e53855234d107
wqp,wqp:21FLORAN_WQX-CC9,2005-01,ANFIS-T-no-current,314563,0e6175bc29257df383516a5742f834d68cfe82f54e5dcf00e1a7e5ef57111ec2
wqp,wqp:21FLSFWM-RITAWEST,2004-12,ANFIS-T-no-current,314563,0e620c0b90626dae9c4ee33bc432bb0d84b138a4c592d73e897812e61ea7408f
wqp,wqp:21FLSFWM-ISTK6,2000-09,ANFIS-T-no-current,314563,0e62654f9e30c9f215bd03a5b3b773a3da00312dfa30152c20a13b7868e732fb
wqp,wqp:21FLSFWM-MH32000,1996-10,ANFIS-T-no-current,314563,0e63d20064230edf576743ecb2ae998541ccf0331040fba940a8def1eb87e800
wqp,wqp:MNPCA-82-0046-00-203,2004-06,ANFIS-T-no-current,314563,0e672c35460a85d08805a30af9b68c5b0962ed82c4dce6d00ff060aed878784b
wqp,wqp:CAPECRD_WQX-290,1993-03,ANFIS-T-no-current,314563,0e6796fe1c0affccdcc6ccf2d04d2ce24e04c83f17a1fef6512159325a2a284d
wqp,wqp:21SC60WQ_WQX-B-327,2007-07,ANFIS-T-no-current,314563,0e68144d6b9f3701067069fad9421f02da48e62fbea4678a9cd1eb9d18dfaf01
wqp,wqp:21FLSFWM-PELMID,2007-02,ANFIS-T-no-current,314563,0e68a2d3dad5cd9a1bf6c8cb61aebcc4066e682a873ebc98895ca336db7ade36
wqp,wqp:21FLSFWM-TIN8100,2005-08,ANFIS-T-no-current,314563,0e6a328bc232fdb1a032d7bda8e1bb31ee066c9232220fe2aeb3d811caa49cff
wqp,wqp:21FLSFWM-E04,1986-12,ANFIS-T-no-current,314563,0e6acbe18116539fedf8e3f2af6e8702371813d325a068049d30a99070c1dc99
wqp,wqp:USGS-07144790,2014-06,ANFIS-T-no-current,314563,0e6de68097086aa1d671070c13be16e0fff375606dc691434e20d9bfc4d17e76
wqp,wqp:21FLSFWM-E02,2003-10,ANFIS-T-no-current,314563,0e6e465e3078622685b5ba25f8c9a2807063a071d5db59cdf20e44b56c5b780e
wqp,wqp:USGS-07048910,1994-05,ANFIS-T-no-current,314563,0e73ef6fcbefb0af8f5fb16a14f026b99cef5dbe7b27b7eaa73d721c4b3e1388
wqp,wqp:21SC60WQ_WQX-SV-098,2009-11,ANFIS-T-no-current,314563,0e76282dc4c373e0f94872b5a30e2f4c50dcda4499478350d22ce7fe90faddd1
wqp,wqp:21FLHILL_WQX-135,2008-07,ANFIS-T-no-current,314563,0e7991f67a825b80d0273a14aadd6032d4b3db7eda9708be527646bfe94b4b3b
wqp,wqp:21FLSFWM-ISTK2,1991-02,ANFIS-T-no-current,314563,0e79c41b9d9d8df39a019a0c828d260784d65cf112f708d7e9caa75490111f71
wqp,wqp:21NC03WQ-CPF055D,2010-11,ANFIS-T-no-current,314563,0e7a92901d31d634b646819a92e2c0f7c12d85666f2d82fd7b24262e02f0bed3
wqp,wqp:21FLORAN_WQX-HB66,2018-11,ANFIS-T-no-current,314563,0e7c971c3ebe96011488af554157eb8b9205a09f34c62d947cdaabe37b05a0c4
wqp,wqp:21NC03WQ-NEU019E,2011-06,ANFIS-T-no-current,314563,0e7d0ef095045097de85915de75e1416115fb44e795cbd6e191abe78b8f7b037
wqp,wqp:21FLSFWM-STAKEIN,1987-02,ANFIS-T-no-current,314563,0e7e3054f7244abcd559c809b5b824f4514ba18d103f0954946b7f69bafadc43
wqp,wqp:21SC60WQ_WQX-B-345,2018-04,ANFIS-T-no-current,314563,0e7f2fcb36c8824167c1e42a02d374a4e8c11a3e2c0ceeeefc6b78c3ee293b44
wqp,wqp:MNPCA-25-0001-00-233,1992-06,ANFIS-T-no-current,314563,0e80cfffda552bf88289072e001ad05d0a69e8718d9b5e3ff6a3e769873bfb3c
wqp,wqp:21FLSFWM-B02,2003-03,ANFIS-T-no-current,314563,0e80ea0f103d8fe731f5ed746af47fe61f0454572a4fda01f962a82493853447
wqp,wqp:MNPCA-86-0281-00-201,1985-01,ANFIS-T-no-current,314563,0e82432dd77de8e5cc8f85e9e83936bfab2bc1367c962dcce34526c187cd9a8d
wqp,wqp:21NC03WQ-CPF087B3,2011-12,ANFIS-T-no-current,314563,0e83a0140cfe2602467c87099480768846f6ebb2f70688f0f1c4e92597f05878
wqp,wqp:21NC03WQ-NEU019P,2017-03,ANFIS-T-no-current,314563,0e84da91c738e5576443af7038b73d3f6d90d7013fc71abdb662d88bc7dcd01c
wqp,wqp:AZDEQ_SW-32,2017-01,ANFIS-T-no-current,314563,0e8562a5f3b50d8f7e3bbb3850ceab8116acdd634e8c77c287cef3888e87210f
wqp,wqp:21FLSWFD_WQX-23144,2007-04,ANFIS-T-no-current,314563,0e8856210432c3af432e3d7d8d9398632bb61d14390d681ab55cea65987e492d
wqp,wqp:21DELAWQ_WQX-307011,2016-02,ANFIS-T-no-current,314563,0e892b9239a8e0be740bc70f0a5c775e806818a3d254fe70d454a5ab1e934910
wqp,wqp:MNPCA-02-0075-01-204,1987-09,ANFIS-T-no-current,314563,0e89d943717616d05c6bd25a538c701b84cf9c1f34be149396180b30c799517a
wqp,wqp:21SC60WQ_WQX-CW-207,2018-05,ANFIS-T-no-current,314563,0e8a4a2f8f23c7ebe0e69348b0ad9aac195f01937406a18fbcdc79afe5861c0a
wqp,wqp:11NPSWRD_WQX-SLBE_PL_01,1996-09,ANFIS-T-no-current,314563,0e8cae727ab48351cc419d9d306ce4faab55362e9d5969f3b6eed6fd3d63394e
wqp,wqp:21FLSJWM_WQX-44154,2017-10,ANFIS-T-no-current,314563,0e8e314f9132c055c6b5bf19ba1f1dc5362d839ed6ea376d9b0fc2b0cb8a1792
wqp,wqp:OKWRB-LAKES_WQX-520710020020-05,2015-08,ANFIS-T-no-current,314563,0e92a0683fa9a94a6f5cb1e83cd024cbbbaa84389599fe05babde4cf03d0afde
wqp,wqp:21FLSFWM-PELMID,1994-03,ANFIS-T-no-current,314563,0e961e9affb8ccf5f29950f5bfaf1c177eb93d79f0168700287b672112a303b1
wqp,wqp:MNPCA-02-0045-00-202,2006-10,ANFIS-T-no-current,314563,0e9b18b02911c6af1e2efdb374f20f54583d51422d53661ac90e3784a9dc214d
wqp,wqp:21FLSFWM-PALMOUT,1993-06,ANFIS-T-no-current,314563,0e9b9fa4e69776a9ee5adbc56c16eb0bb423ed0d0bf050a8c6ad0e7ce151add0
wqp,wqp:21FLSFWM-LZ2,1990-10,ANFIS-T-no-current,314563,0e9bd9fdc041e928a99a7808d66ba4954e77ec7f861602336fe3c6f2973ada6f
wqp,wqp:21DELAWQ_WQX-202021,2008-12,ANFIS-T-no-current,314563,0e9dd8e6904dca87a672b6e26d6d7f99c6e2a4aacaf824c04c154d8dcbebb914
wqp,wqp:21FLSJWM_WQX-44494,2018-11,ANFIS-T-no-current,314563,0ea08ec212d578f017d3af2bfc6b68e63cdc39bda6747fdda44aa9d60609c3c5
wqp,wqp:21FLSFWM-L005,2008-12,ANFIS-T-no-current,314563,0ea16f445dd85fdba643b0d5dc36a851904f35cc3c2c5021f32ea58f6ccd9740
wqp,wqp:21SC60WQ_WQX-S-311,2018-02,ANFIS-T-no-current,314563,0ea343df288e14c841df8b9807a25deb03a09a2c51a864885ed9a90c134b8bcc
wqp,wqp:CAPECRD_WQX-290,2013-05,ANFIS-T-no-current,314563,0ea4c63be9d4d29dcaae271d9b627bdcc3f89d78537edd2c009b0facafbf457a
wqp,wqp:USGS-07049690,1982-08,ANFIS-T-no-current,314563,0ea5317efdeb13aebe3711a8a9c75b38569753a5515df38988e6120432aab2fd
wqp,wqp:21FLCOLL_WQX-LKTRAF4,2017-07,ANFIS-T-no-current,314563,0ea81498fcf6412880abdee8089fc6ee747de9284833a475891927577607f65a
wqp,wqp:21SC60WQ_WQX-SV-361,2018-10,ANFIS-T-no-current,314563,0eab27485b00408b34fe4ac856b302eaee648432f428151c9ec5bd1ad532a2f7
wqp,wqp:21SC60WQ_WQX-S-222,2004-10,ANFIS-T-no-current,314563,0ead89f769eba338ec22be63b9eb76ba643ade319341c87fe504aa2c716b326c
wqp,wqp:21FLSFWM-STAKEOUT,1987-12,ANFIS-T-no-current,314563,0eadf99207b58bc35805ae83d765d7fb638b38a5c81b965e80ddf412285aaaa2
wqp,wqp:21FLSFWM-L006,2005-01,ANFIS-T-no-current,314563,0eafa463cd055b405f8a77d5bd6c99a778f1e6eedebb1d674df169a7249e6d92
wqp,wqp:21SC60WQ_WQX-B-345,2014-09,ANFIS-T-no-current,314563,0eb379901ca2d74c3a94f76a6c325030b99b701f00625f577c127a2fd7e1101b
wqp,wqp:USGS-07263299,1992-08,ANFIS-T-no-current,314563,0eb5d3dac942d4d5b83133a01c5fef23d36904c404a9d414508562138a62c41d
wqp,wqp:21SC60WQ_WQX-SV-339,2006-03,ANFIS-T-no-current,314563,0eb6c2efaa8788abf66f4fb4ccff4e4089fe707e07254672f378c5925255576e
wqp,wqp:MNPCA-02-0045-00-202,1993-05,ANFIS-T-no-current,314563,0eb7629eeaa4becda50f86a4ed968e55ee2c75552c04c594a5e6289c0317b41d
wqp,wqp:MWRD_WQX-BARR3P,2014-02,ANFIS-T-no-current,314563,0eb8087dd00e951e15aabceccd69c5517e5eeb83b339bc73fa6e7e9e649bd0f6
wqp,wqp:21GAEPD_WQX-LK_12_4048,2012-06,ANFIS-T-no-current,314563,0ebad31640fd47b3518ded8d21c0381ec3eae5497df4f5c786560160aace1953
wqp,wqp:21DELAWQ_WQX-206361,2017-09,ANFIS-T-no-current,314563,0ebbfd84ab7ca4e5b2d33c30ff84ebf8d782ba6976b2e2392e7ef4ba6ce25197
wqp,wqp:USGS-423526088380101,1994-04,ANFIS-T-no-current,314563,0ec148c26b0cb5054db5e98bc800074f45325f4284e505117feaad6d5eb5436a
wqp,wqp:21FLVEMD_WQX-SJ17,2017-12,ANFIS-T-no-current,314563,0ec356c2cab9f78f24c0b24eda3878738bf69bd2c2d0c05fd10a8e926b2cedd3
wqp,wqp:21GAEPD_WQX-LK_12_4048,2004-04,ANFIS-T-no-current,314563,0ec5c3ee25032df7251a17d657296de3a81ffe5ba26ab18eda32e1b5ada552bd
wqp,wqp:USGS-423556088365001,1985-06,ANFIS-T-no-current,314563,0ec794aa92bb831577617e6bc631271e70346c13096fce47ac988092430fcb5c
wqp,wqp:21DELAWQ_WQX-208181,2013-12,ANFIS-T-no-current,314563,0ec8677f3b85d5cf7d80ba8a975d4f7883e5d3196c01ceb4d736cd66060d0dbe
wqp,wqp:21SC60WQ_WQX-CW-197,2016-07,ANFIS-T-no-current,314563,0ec8de26d2215e699819480a3fe556e4f71aa818594a45384bbb986a996d0e2b
wqp,wqp:21FLSFWM-TREEMID,1992-05,ANFIS-T-no-current,314563,0ec966c6b1f20bf7fc082f815711ab07744674d9ee938b79032e89a2845fe38c
wqp,wqp:21FLSFWM-TREENOUT,1988-06,ANFIS-T-no-current,314563,0ecad1e183ca70ff75c871d6d0fd2a41bbfd236d4ed48fd8c8c7e3b19175d17e
wqp,wqp:21SC60WQ_WQX-S-223,1999-01,ANFIS-T-no-current,314563,0ecc4376514a5e94ff6bf8735f1fbc307da95cd435eb28d8f9816f0436967618
wqp,wqp:MWRD_WQX-MILTON3P,2017-04,ANFIS-T-no-current,314563,0ecda3a69ec72b9dcd0dff6143484c9d1654fd33c9f0a08918c377f4b57ec7fb
wqp,wqp:21FLSWFD_WQX-23613,2012-06,ANFIS-T-no-current,314563,0ed3e4c1ddc4d5ee569ba3be87aa70722d4453a98d5751464a66995ca9094950
wqp,wqp:21NC03WQ-YAD152A,2009-07,ANFIS-T-no-current,314563,0ed5011c66028cb0cab4486a76ef6e695849684c56b2a8bbfe9f4c662a61b5f7
wqp,wqp:USGS-12301600,1974-09,ANFIS-T-no-current,314563,0ed7826870f04e4a1b7d8106cddebfb2c97f47f26f334ba5a63172b702f05fab
wqp,wqp:21FLSFWM-A03,2006-10,ANFIS-T-no-current,314563,0ed7dc0850a54c236996288d1991abc141042cef7be908b3a1b1d7d1e18f8159
wqp,wqp:MNPCA-82-0046-00-203,1982-04,ANFIS-T-no-current,314563,0ed8e8c061fdbface07416a87eadfbb43a4e09a167ec33ce1e5a7db64516acc6
wqp,wqp:21SC60WQ_WQX-SV-335,2008-06,ANFIS-T-no-current,314563,0edbb5b03de0c592b6368c557456a772b2e13d018edb4fef3de08fdcd567913f
wqp,wqp:USGS-07049187,2013-05,ANFIS-T-no-current,314563,0edcc988b3e95330b32b021d8ce8078cff6a0a6fb23c7972e696da1212b1e6aa
wqp,wqp:21NC03WQ-CPF081A1C,2015-02,ANFIS-T-no-current,314563,0ede442dc3abcc93c145d0a48246b367eea0d4d9244d10e8b77034203b2d7513
wqp,wqp:21FLSWFD_WQX-23609,2007-10,ANFIS-T-no-current,314563,0edf15875710f5c86cbf0ca85bf1aaa5b6c60fa3f2653eb170ac445dd16f8085
wqp,wqp:21FLCOLL_WQX-LKTRAF1,2002-01,ANFIS-T-no-current,314563,0edf4713be9551b11ecfcb67c36d6c9dfa5c972c1396d72541d5f7c32be4044d
wqp,wqp:21FLLCPC_WQX-YALEMARSHPK,2017-12,ANFIS-T-no-current,314563,0ee1704aeab6105f53775db62dca99e347063348097247d3411259c23897dba6
wqp,wqp:21FLCBA_WQX-WAL-DEER-1,2017-10,ANFIS-T-no-current,314563,0eedcfab3efbba3b96cfcce23d63264ff02cfeb4de1055cf128a82efc94bd637
wqp,wqp:21FLCOLL_WQX-LKTRAF1,2015-05,ANFIS-T-no-current,314563,0eee1699941fd746ecb05c19f1c6d8b3543f21a5bb8d7766f62004a6835cdf98
wqp,wqp:21FLSFWM-L008,2005-07,ANFIS-T-no-current,314563,0eefffe7862c6442d8f67c6b641f903b2cd51e79a6a4355b8f4a58b1e4c66810
wqp,wqp:21NC03WQ-NEU019L,2011-09,ANFIS-T-no-current,314563,0ef2e0d41f843731dd30c69a7081b81aea67ec9f729cb2f99ac1390be99b03d6
wqp,wqp:21FLSFWM-PALMIN,1990-02,ANFIS-T-no-current,314563,0ef30dd7e2cdccae158c4f764ac66eb60cd29f806a153ca92f22b5dda156cd56
wqp,wqp:21NC03WQ-B2450000,2008-03,ANFIS-T-no-current,314563,0ef38a0ada224a89a82af8af0a0502df7d06f60939c008d8e2c57a99a6a1e87c
wqp,wqp:MWRD_WQX-BARR3P,2015-02,ANFIS-T-no-current,314563,0ef3ef3e46167e75cc802bb60edc648ab19c4c4b8d998e8f2dfc2fcc375b8a3f
wqp,wqp:21FLSFWM-L003,2007-08,ANFIS-T-no-current,314563,0ef5ea2d47a0c0adcd645dc27f9765b853c2555ac19d29baf00f4b698c1c22d0
wqp,wqp:21VASWCB-5ASRN000.66,2006-07,ANFIS-T-no-current,314563,0efa31b3925865e2e2615b6b6e7c6a107599422a4389ac184b28dbf77030d689
wqp,wqp:MNPCA-62-0054-00-101,1988-06,ANFIS-T-no-current,314563,0efb5302e1e6ba1aa014a13bd4e48922e7bfaabe70bc7d0b24fd515c20171050
wqp,wqp:21FLSFWM-B06,1987-12,ANFIS-T-no-current,314563,0efbf7ad2d71c804558207928033c10b29120d6a4cd03aa16b6050f481187562
wqp,wqp:21SC60WQ_WQX-SV-363,2008-07,ANFIS-T-no-current,314563,0efcd68c4ce27b14779a591e8f7289311c01d0072457d8b0a01eae9393b24d89
wqp,wqp:21FLSFWM-LZ2,1988-05,ANFIS-T-no-current,314563,0efe30ad2a6219b4840bfbdd2bc7ee65fbebad256c77de0a88741649ce7b33d9
wqp,wqp:21NC03WQ-NEU020D,2007-06,ANFIS-T-no-current,314563,0f04f5b46f20acda26607902a1f60a16d0809d06ad023449c7e052063247fca4
wqp,wqp:21SCSANT_WQX-SC-005,2017-04,ANFIS-T-no-current,314563,0f07f81169e6235c291b5544ac96cf93374e5f8d3ef3acc66408a4362dd428e1
wqp,wqp:21FLSFWM-LZ42,1998-09,ANFIS-T-no-current,314563,0f09ce7890edbf962d847f5e3efed7a81d690fe400befb9e0c3a0938c61b7b2e
wqp,wqp:21FLSFWM-TIN16100,1998-11,ANFIS-T-no-current,314563,0f0eebbdcfe28f9bfa6180797de8bdbfba8309f79347686e15fff8ca0e178aa8
wqp,wqp:21SC60WQ_WQX-B-339,2001-12,ANFIS-T-no-current,314563,0f12228f20d7836479a465107a7c3da569e1dc24051a13f4e26b206e389b00cd
wqp,wqp:21FLSFWM-PALMIN,1988-02,ANFIS-T-no-current,314563,0f12a09076b9035c81219f263bd3eed3eb3c4ce05da822644dc34cacfde6dd1e
wqp,wqp:21FLSFWM-PALMIN,1994-06,ANFIS-T-no-current,314563,0f15ba51e5836f00fdf7f99f8149b0260cb05c6cf5b9bdb0c8b4cb0d526fcf60
wqp,wqp:21FLSFWM-KISSR0.0,2002-02,ANFIS-T-no-current,314563,0f16bce9c396f8ef424f58eb83b5afbc9baeb1ab3118885039b587817dc5c86c
wqp,wqp:21SC60WQ_WQX-SV-340,2009-01,ANFIS-T-no-current,314563,0f1779b221f9a4d450a27cb58f62ac10eabeb148e43021d558fa27ce553d7140
wqp,wqp:21FLSFWM-B09,1994-09,ANFIS-T-no-current,314563,0f19b6144a79af43a2b9647acb9361d6ab6c720305736357061747128e2614a1
wqp,wqp:OKWRB-LAKES_WQX-520710020020-04,2018-05,ANFIS-T-no-current,314563,0f19bcb8fa93ff06c164d85e279de669603b7a35100c052186ab0e3f5864ca6e
wqp,wqp:21FLSFWM-TREENOUT,1991-04,ANFIS-T-no-current,314563,0f1a5eaf37e05d2723bf2bbb2a436937236d17d7a92151d9a5a56b0840218d23
wqp,wqp:21FLCOLL_WQX-LKTRAF4,2003-05,ANFIS-T-no-current,314563,0f1e7cfa43aa0a81e209bd7734519b0e8bc3d2abf1883a27c00e01cab24b6055
wqp,wqp:21FLSFWM-KBARMID,1988-09,ANFIS-T-no-current,314563,0f21f98b3f9bcee25a8033529a6415ec620e310b2ca1de80b2a14a6d594b7228
wqp,wqp:21FLSFWM-PLN2IN,1989-12,ANFIS-T-no-current,314563,0f23edbed344767ada182c6249653c6b3f89f85dc233d6195a8e11d66e2933a6
wqp,wqp:21FLSFWM-B09,2005-06,ANFIS-T-no-current,314563,0f243d1aec471c46a55acb5f7183067fb58d67c19834c1c4614e513e69264071
wqp,wqp:21DELAWQ_WQX-206361,2009-12,ANFIS-T-no-current,314563,0f2461cf93e346d64475454b5a5d5b4b70b129d5d2dc27bc2ae363914e981869
wqp,wqp:21DELAWQ_WQX-307011,2018-08,ANFIS-T-no-current,314563,0f2691625d14133aded8e9d5f5d27aede3ed66feec19490f6c4741be1468e105
wqp,wqp:21FLSFWM-E04,1987-03,ANFIS-T-no-current,314563,0f29ba17f41ffaf3d45db17c51c67a46452a4551fa69b33f8ef15d38403bc26c
wqp,wqp:21FLSFWM-KBAROUT,1999-10,ANFIS-T-no-current,314563,0f29fd7fa14972b1627ebb2f9caa12237f6722d6501c74e188438b529e8928ab
wqp,wqp:21FLORAN_WQX-BC14N,2014-07,ANFIS-T-no-current,314563,0f2b2da86e577964e2fec2fb85bf4a77a96a96f7ddac63a9cff46aacfbf5c247
wqp,wqp:CAPECRD_WQX-280,1994-06,ANFIS-T-no-current,314563,0f2c93db84f5e8c7a4013205114498e5642f2b317905aea1669bd055fb3be547
wqp,wqp:21FLSFWM-B07,1983-10,ANFIS-T-no-current,314563,0f2e8b9dfee42e91a78aee4627be0589f7ddfa363d84cb5087d81a9d55562f3a
wqp,wqp:21FLSFWM-L004,1983-02,ANFIS-T-no-current,314563,0f2edcb4f7a01d72f634a6c34d6782ea3eb7a04f8c6370005bc0aa16776fbcd9
wqp,wqp:21FLSFWM-STAKEOUT,1988-06,ANFIS-T-no-current,314563,0f305f1710abd357e06b5ea14754753abe4a4c3bc20463ee67ea2539826aba04
wqp,wqp:21FLORAN_WQX-BC6,2005-05,ANFIS-T-no-current,314563,0f30fb84471095b4dd573c6d21724c15712f40be492958d10c947e053b44278b
wqp,wqp:21SC60WQ_WQX-S-222,2016-06,ANFIS-T-no-current,314563,0f31b4582505920d254e373cacd18240bdebbfb0b5dba4e73f54d7eb3a358f44
wqp,wqp:21FLSFWM-PLN3OUT,1990-08,ANFIS-T-no-current,314563,0f33ecf6ed51fb002bb8a14e8a968150f86379d91d00c7e2fb1ef41326f3696f
wqp,wqp:21SC60WQ_WQX-CW-207,2012-05,ANFIS-T-no-current,314563,0f3440b456ea6c54c67119ed813b07ab4e4b4ce7732fe8be23fdf70b176cbd6b
wqp,wqp:MNPCA-86-0281-00-201,1984-04,ANFIS-T-no-current,314563,0f357dc7850febd449e0db363d5fb8abfb5f9d44367a1409213ef6e3f53ec4e4
wqp,wqp:CAPECRD_WQX-280,2006-04,ANFIS-T-no-current,314563,0f3a6ee7c04284ffe12cb4e2820ea8919774bcf6154802aac2cee3bbff608383
wqp,wqp:21FLSJWM_WQX-44676,2017-07,ANFIS-T-no-current,314563,0f3c3e90b97d2961d4614c58370fdb7f519e710f439f608df9d8fa194b11bcca
wqp,wqp:MNPCA-86-0297-00-201,1982-11,ANFIS-T-no-current,314563,0f42a1ee9e116c9dba23e9cfb950ba9de48009946d40fee98682627c6859e583
wqp,wqp:MNPCA-62-0055-00-102,1993-05,ANFIS-T-no-current,314563,0f42e0f195dace233ea858a8dadd510b9d8346ad2e0ce39d60fd94d896288a7d
wqp,wqp:21NC03WQ-CPFMC02,2014-06,ANFIS-T-no-current,314563,0f441bfd7ade2a7f58b7b655bc633140de3a7b7fec5d35a4c35f0d113380229d
wqp,wqp:USGS-01657480,1973-09,ANFIS-T-no-current,314563,0f444369e8b86142a25e0d8969c98df807cb2bb66b56e569a9fefd45ad964643
wqp,wqp:21SC60WQ_WQX-B-345,2002-12,ANFIS-T-no-current,314563,0f444907dd254475411a362c38206bf9b7027116447029f0037fce1fd5019bdb
wqp,wqp:21FLCOLL_WQX-LKTRAF1,2011-10,ANFIS-T-no-current,314563,0f44a162d11419ca923b75d4d8b41d18adc65366b2c54d27b776c785510697f2
wqp,wqp:21FLSFWM-E03,1984-03,ANFIS-T-no-current,314563,0f44e8c9eeae6538545b3ba69ee996f4dd07fba269714fe78c372157bf382a51
wqp,wqp:21FLSFWM-L003,1995-06,ANFIS-T-no-current,314563,0f4661241c65834ba5b263269f20173a3bfde24621a2b8ea9fe3ec3a1cb4735b
wqp,wqp:11NPSWRD_WQX-SLBE_PL_01,1994-08,ANFIS-T-no-current,314563,0f47bce834a914496b40f98e16af5fa149a6ac1e05c771a5991d7c8af5b6e58a
wqp,wqp:21SC60WQ_WQX-SV-098,2002-09,ANFIS-T-no-current,314563,0f497c1c7e01cff05a66089bd626e5fa8cb5dfd8045fb0e3064be4dc8dd4d281
wqp,wqp:21FLORAN_WQX-HB66,2018-02,ANFIS-T-no-current,314563,0f49b37609bb92708b5e62d0f3a8ef21b4cc8461c145c5b42ff4b5269ebbd3ae
wqp,wqp:21FLSFWM-POLESIN,1997-05,ANFIS-T-no-current,314563,0f4a7105a030b832e258243ed4fed2ff570e9a38d013033d136a53d174a41523
wqp,wqp:MNPCA-02-0075-01-204,1978-10,ANFIS-T-no-current,314563,0f4acf9951b822265acd6e23995f5c1830b584e2a31eb3da6848e856e88091c2
wqp,wqp:21FLSFWM-POLESOUT,1991-12,ANFIS-T-no-current,314563,0f4c7c199267b9ac910c54e87de6a5b3a0e7c27bf061c10fb9e1aaf364d8e686
wqp,wqp:21FLSFWM-KISSR0.0,2003-04,ANFIS-T-no-current,314563,0f4c8c193558968b094a030322bbf29ef0827aa53af60cf46ff5df896bd8351b
wqp,wqp:21FLSFWM-A03,2003-08,ANFIS-T-no-current,314563,0f4cec156cba9fe58d7a8df8b4018520af3dc3c69a8a059ac525d80e6a414070
wqp,wqp:21FLSFWM-RITAWEST,2008-12,ANFIS-T-no-current,314563,0f4dde84419a332b9e0fa19f30002387b69598e47a224fd47e2513056ffa2e00
wqp,wqp:21FLORAN_WQX-HB67,2018-05,ANFIS-T-no-current,314563,0f504afc9b543b19f7efdc85aeef3265a9425036f7e665c5332b4267556ed70d
wqp,wqp:21NC03WQ-CPF08801A,2009-07,ANFIS-T-no-current,314563,0f505385d0a7060777a7e0410c89cf99c562ff53fa92b831dbbdedf6b08cf446
wqp,wqp:USGS-072632990,2008-12,ANFIS-T-no-current,314563,0f5084139f7fe31a5e11c550282b011f59d9943fd5babef90e58a10aa566ba6e
wqp,wqp:MNPCA-25-0001-00-232,1993-07,ANFIS-T-no-current,314563,0f533b89c7cf9be11f71b3c9b5d35dcd377c0dd70759178f1ee09c079d0b7ae3
wqp,wqp:21VASWCB-5ASRN000.66,2014-04,ANFIS-T-no-current,314563,0f535be78c94d8de55b458c2fd4b9e48af0e05b2d74299eae85951c1f3b820d5
wqp,wqp:21FLCBA_WQX-WAL-FULLER-1,2018-03,ANFIS-T-no-current,314563,0f548da4940e4c09a793348d2b77bca6a63a514799a60293ac8830e71442db3f
wqp,wqp:21FLSFWM-LZ42N,1991-01,ANFIS-T-no-current,314563,0f5591b7965a39408d3ae7261ad89eb60713ac6b758d33737ba377ea9e12c2c6
wqp,wqp:21VASWCB-2-XDD000.40,2013-01,ANFIS-T-no-current,314563,0f57cc47d865ce85db8f2fd192d8c7f4891016e78051004825e27439db428065
wqp,wqp:21NC03WQ-NEU019E,2005-11,ANFIS-T-no-current,314563,0f58514f792301e3fc1e467759612d33f931f5c3cef8c74c39a58bca6b9fc955
wqp,wqp:21FLSFWM-A03,2004-03,ANFIS-T-no-current,314563,0f598bd04eeaa8dd3adb23b768b8edb12171489d1cb31af9ee1a3abe73564db8
wqp,wqp:MNPCA-86-0252-02-207,1990-07,ANFIS-T-no-current,314563,0f5c3fd27d0e6fb6974b3b713b8cff208a771dc6bccb4dff3f27032fec40fa9c
wqp,wqp:21DELAWQ_WQX-208181,2007-08,ANFIS-T-no-current,314563,0f5c41465753cda1dc5d29350adebd08d081b8c84980be0172a916c01429a7a8
wqp,wqp:21DELAWQ_WQX-108111,2001-09,ANFIS-T-no-current,314563,0f5f85876a701c481868a5cf72464d4379d8b222c4f78b2153a12d9b000ddaad
wqp,wqp:LAKELAND_WQX-LH20,2009-02,ANFIS-T-no-current,314563,0f62e52adecb1b0e9ec2a17dcdd71980fbf8e882ec3cdc96f47af363f23a6464
wqp,wqp:MNPCA-62-0007-00-203,1991-07,ANFIS-T-no-current,314563,0f631119e57595a7502b24c0f0d0b0b03d73582bfb2bb31f7de1a15c23e25854
wqp,wqp:KAWNATON_WQX-KN-KL-001,2017-06,ANFIS-T-no-current,314563,0f6d11987584e2404da431851a89f9df4208201ba6036ccc2b3544bf408eb602
wqp,wqp:21FLSFWM-LZ2,2001-11,ANFIS-T-no-current,314563,0f6ee275a4729dc843d66d89dc5d9ac26bc84df2d6c7dd09f661a794ee783975
wqp,wqp:21FLSFWM-E01,1983-05,ANFIS-T-no-current,314563,0f6fc34bc38f19d4a14046eef5a9fcbd9c0774e0e7c676b1643274fe2cd1efc9
wqp,wqp:21FLSFWM-PLN3OUT,1997-04,ANFIS-T-no-current,314563,0f717d8f00b985c601e07a2e1cb6bd018e2e4baaa0deb3dd0fc49d2b774c0ca6
wqp,wqp:21FLSFWM-STAKEMID,1994-01,ANFIS-T-no-current,314563,0f71cda13a7e921175947086e39aab88039b01b99d741f5e25bd440b3c086634
wqp,wqp:21NC03WQ-YADHRL051,2009-06,ANFIS-T-no-current,314563,0f728c28277d990b59de64845ebd9375c49ce778378243327c43649f114a1576
wqp,wqp:21FLSFWM-KBAROUT,2005-03,ANFIS-T-no-current,314563,0f74ca69b5e30fe142613a0dcc9d9f616494dd8c6acbc9f2a7d53761817622d8
wqp,wqp:KAWNATON_WQX-KN-KL-005,2013-06,ANFIS-T-no-current,314563,0f79b969ccbe330ee770dcd154dfa05ac39e51076bc0eb511223d751d3d377a5
wqp,wqp:LAKELAND_WQX-LH20,2010-07,ANFIS-T-no-current,314563,0f7a9519fc6753462df7aaa950fcd30e47025e1940d6323bf1f2f939eff450a8
wqp,wqp:MNPCA-62-0007-00-203,1982-06,ANFIS-T-no-current,314563,0f84bce2abf0c9ee8f0c12297b92049a59048504aba097740ff91fcf34593082
wqp,wqp:21FLSFWM-L003,1986-08,ANFIS-T-no-current,314563,0f87bc069eabef8955d2b8206f1c48db3de88f6ffad93a96348c85aaa64cc595
wqp,wqp:21NC03WQ-CPF087B3,2017-10,ANFIS-T-no-current,314563,0f88d3eedb78a5c20a5330199d7863da9443578b73ec1ee5479bac76642d5976
wqp,wqp:MNPCA-25-0001-00-246,1990-06,ANFIS-T-no-current,314563,0f894e6e6c05d1a9375491f961ab331c1cc7e76f4e9c58ae6fb78957cd8ba547
wqp,wqp:21FLSFWM-E04,1983-01,ANFIS-T-no-current,314563,0f8985efc02092c13e423d4f4d9613a4086f0f7be42f46ca664bbd06cd819453
wqp,wqp:21NC03WQ-NEU018C,2015-12,ANFIS-T-no-current,314563,0f898cc3dddaef2a6a11823d7ec542530dbe77ad41270da4921e72b204421fc8
wqp,wqp:21DELAWQ_WQX-307011,2014-06,ANFIS-T-no-current,314563,0f8a71bb57dd1e01a79a2d5c15a7440cf9e85a3120f5fd18a748d02628eb390b
wqp,wqp:21FLSFWM-L004,1988-10,ANFIS-T-no-current,314563,0f925b725dd5426b7928700f4a1442841cf9d6b56cf163f124c5b74c7eb3b11e
wqp,wqp:21FLSFWM-LZ42N,1992-07,ANFIS-T-no-current,314563,0f95baa9c0bef105812a2df8d7464b7d002911a9c0d607643ad66698380cb636
wqp,wqp:21DELAWQ_WQX-304321,2010-09,ANFIS-T-no-current,314563,0f962a73628fee2d3cee6109d1ed87a6193a2f169b31265de877a1cf95983914
wqp,wqp:MNPCA-62-0055-00-102,1984-03,ANFIS-T-no-current,314563,0f985447299ceb29b825574a9213f2b99877341dd5bb850e365b1e4fce2c4fb6
wqp,wqp:MNPCA-25-0001-00-247,1994-07,ANFIS-T-no-current,314563,0f987a5923ddd4666293ce3cbe3e221a3d832a4b6d6f3fd5572a2ea2ad9f2704
wqp,wqp:21FLSFWM-KISSR0.0,2001-02,ANFIS-T-no-current,314563,0f994c28f39fb3fa286732dbbdadd115fed147f147b2820269cb52277ca65db2
wqp,wqp:21FLSFWM-E02,2002-03,ANFIS-T-no-current,314563,0f9bb47e88dfb940fa1b7af0672ab324c413ae3060be015eef19cc300089c98a
wqp,wqp:21DELAWQ_WQX-202021,2010-11,ANFIS-T-no-current,314563,0f9d050dfd56d46d384288198054a367782967718c0e1190149ff5fb9a9dbaff
wqp,wqp:KAWNATON_WQX-KN-KL-003,2016-06,ANFIS-T-no-current,314563,0f9d07db42b9bfdbac739238ee7585f076e041b479492e21b6e09274c4d69686
wqp,wqp:USGS-423556088365001,1991-02,ANFIS-T-no-current,314563,0f9da33141dbb7fa1801623f3fa50d7b093c05e0fe3fdbecbc9987e86111295f
wqp,wqp:21FLSWFD_WQX-23624,2012-12,ANFIS-T-no-current,314563,0f9e4b314880e14706233a7637e25416def8be4949c9b28f66bb40ff43a2ddae
wqp,wqp:21DELAWQ_WQX-202021,2013-01,ANFIS-T-no-current,314563,0f9f2526fcada51d9788a2125429bd7bb5790ac4bcdf7628f2b7d772ed5d04be
wqp,wqp:USGS-07049690,2005-03,ANFIS-T-no-current,314563,0f9f93a0ca26cf33d4728983d3f93123bc298d734972f963ee458ed2759e24f9
wqp,wqp:CAPECRD_WQX-280,2008-12,ANFIS-T-no-current,314563,0fa37ab04866ee85aca9c701f0a2bc8d68d3d8ae1abc71ed63d44c98b3d7bff1
wqp,wqp:MNPCA-25-0001-00-232,1990-04,ANFIS-T-no-current,314563,0fa3a58e0f94fbb1e3442dafa4737c52749c96863496e55da6eadc2212d9ad32
wqp,wqp:21SC60WQ_WQX-CW-207,2011-07,ANFIS-T-no-current,314563,0fa5ae9ed6079950e2fb938a512aa97b475337233bb7fe31ecd43c2170597bc2
wqp,wqp:21NC03WQ-NEU019E,2015-03,ANFIS-T-no-current,314563,0fa6ab56937bfb1d9f944011158b39170dadea21b490be5140dd6701ff2314fc
wqp,wqp:USGS-07048910,2006-10,ANFIS-T-no-current,314563,0fa921e018609c0cd1d7db3928e1f0e933da2dc4cd4af7d24c7e0513666bdb16
wqp,wqp:21FLSFWM-L008,1980-04,ANFIS-T-no-current,314563,0faa3fc44d0e95bd42fb8293acc930cf97070918800b7d991358e7e93a68a1e5
wqp,wqp:MNPCA-25-0001-00-247,1995-06,ANFIS-T-no-current,314563,0faeb23fe8af25b3fd64d513627e5cb172326a92efc5136ccedb8369b8326990
wqp,wqp:21FLSFWM-L004,1997-05,ANFIS-T-no-current,314563,0fb346fd1a82291474772f699660bcbb88c1cd2cad6feeacdc4dda949d58bbce
wqp,wqp:CAPECRD_WQX-262,2003-01,ANFIS-T-no-current,314563,0fb5699e443feefd909395626d1fbfada63c669432ba7f8b185d94d69cef33c7
wqp,wqp:KAWNATON_WQX-KN-KL-004,2015-04,ANFIS-T-no-current,314563,0fbb10167242bd063587509bee8fea62f744e723310cb0a7b2fdfd70837e8f8c
wqp,wqp:21DELAWQ_WQX-108111,2017-09,ANFIS-T-no-current,314563,0fbbe6e8120d1a16b75d8d0315a2acdcb7e51c752b6acaa8a3d235f295786ea9
wqp,wqp:21DELAWQ_WQX-205211,2011-09,ANFIS-T-no-current,314563,0fbdff83f74e4eca8a3c15bfef1375d50262d369cf56f9f6707b268a4947cafb
wqp,wqp:KAWNATON_WQX-KN-KL-003,2009-05,ANFIS-T-no-current,314563,0fc120c0d020743e711038f1a401b4e5be5721c28fa495731254fb822de43317
wqp,wqp:21FLSFWM-L001,2005-01,ANFIS-T-no-current,314563,0fc1b47608eb87158f02236e88a0c88c0a022a553db3943a0a0fc43536f03348
wqp,wqp:21FLSFWM-STAKEOUT,2005-11,ANFIS-T-no-current,314563,0fc2dfe1d9d14ae8f119a0c14b95511aa47bb1b53d193e3d77da8f4a76a6e021
wqp,wqp:21DELAWQ_WQX-307171,2005-09,ANFIS-T-no-current,314563,0fc30e09e6484a1db925b24481c62a5ec94a77ad5a7c5a1752051501dd655dfa
wqp,wqp:21DELAWQ_WQX-205181,2010-04,ANFIS-T-no-current,314563,0fc3bd8673237398abcb1c9df3a2a11d3c104640afc6de9af46291916356e544
wqp,wqp:USGS-07263299,1991-08,ANFIS-T-no-current,314563,0fc3eb234137b4f5e5c5c410f09b6c04b0ab19b7a444979ddb268f82ec6cf606
wqp,wqp:21FLORAN_WQX-HB67,2018-08,ANFIS-T-no-current,314563,0fc5862af0d720745a576df6a105b69d3bd7c50f175481d8b7975d245aa8949e
wqp,wqp:USGS-07263299,1996-05,ANFIS-T-no-current,314563,0fc6324ca6b1b8934d178f1fa170d13364d88af87dabbcc7bf79134bba62fbdc
wqp,wqp:21FLSFWM-D04,1985-04,ANFIS-T-no-current,314563,0fc6667e8cbc8381a6a9770538d582a2d78b4760a4f0f3835770ade85eee9ef6
wqp,wqp:21FLSFWM-KISSR0.0,1987-09,ANFIS-T-no-current,314563,0fc84a193a96a6c62efd50d5b28d5c7e56c702185a9dc46fb91a35c156188fda
wqp,wqp:21DELAWQ_WQX-108111,2012-07,ANFIS-T-no-current,314563,0fc8b702e1460259cdf34782a66eee57dec1acda7e7aeb9c06640822146b703c
wqp,wqp:21FLSFWM-LZ2,1998-03,ANFIS-T-no-current,314563,0fc900570920b14a0d43129effab625362b4ec89bc40ed7cdf4454c51558e8d4
wqp,wqp:21SC60WQ_WQX-SV-268,2018-10,ANFIS-T-no-current,314563,0fcbd1c0768182fe4b3e80f65ea465477d6cef8744229ab1d813cf124c89348e
wqp,wqp:21SC60WQ_WQX-S-310,2016-02,ANFIS-T-no-current,314563,0fcc1314bdf62b6bcbc021106f895ac901ab9449d28b19f01d6d0b66d90e8825
wqp,wqp:21FLSFWM-B05,1983-01,ANFIS-T-no-current,314563,0fccf3f14aba06c48d015f6a96fff1b9aad8621c7794ec96d59acaa77bf0daa3
wqp,wqp:21VASWCB-5ASRN000.66,2008-10,ANFIS-T-no-current,314563,0fcec799a1bb8ab69fe1443beb382c34c764edc22a30cabe5d5a3f3ba52881dd
wqp,wqp:MNPCA-62-0054-00-101,1990-05,ANFIS-T-no-current,314563,0fd141927db1080fb849beeba72e890b08e1348c869f6359e2a45f7ab11ea705
wqp,wqp:21FLSFWM-A01,1994-01,ANFIS-T-no-current,314563,0fd1fa6fe74b5b086f0d6bed717b6da158bdbf79ee6ecf6b57acbd257fe3b5b8
wqp,wqp:21SC60WQ_WQX-SV-340,2006-07,ANFIS-T-no-current,314563,0fd262d7162954be1b6c8291385ed49e90534daa3bbf7149432a71efd7f93135
wqp,wqp:CAPECRD_WQX-280,2016-06,ANFIS-T-no-current,314563,0fd2cd456762fc68deb7afbc2616e6ad4c12b0befd6db99162d7a48349b54de1
wqp,wqp:21FLSFWM-STAKEOUT,1997-09,ANFIS-T-no-current,314563,0fd45285b6898fe4129cb198695962b24a290e2806ec2dadc98452a85e1e3e50
wqp,wqp:MNPCA-62-0013-00-201,2008-07,ANFIS-T-no-current,314563,0fd4a70bab1bee29005abc3b534680aa521217b60293ff25b51bdd2349f16601
wqp,wqp:21FLCOLL_WQX-LKTRAF4,2001-08,ANFIS-T-no-current,314563,0fd79e114b6dfa35a414f9f12e64eee250626be3cab37fe512c2ee8da743e464
wqp,wqp:21FLSFWM-ISTK3,1990-01,ANFIS-T-no-current,314563,0fd7ba8e5e7d775b3065ccbaa06e413cf6884a951928456301daa4129a92b4df
wqp,wqp:21FLSFWM-KISSR0.0,1997-04,ANFIS-T-no-current,314563,0fd8cd826d2456fd43dc57eafdf1f3c10fb8bf9fe6631d9f9b644fe953e0bd8a
wqp,wqp:21SC60WQ_WQX-CW-016F,2012-03,ANFIS-T-no-current,314563,0fdb0581638b8cd15af682ef2c61ac729f8fde10574f7c8c0bd6a1e925ce696f
wqp,wqp:21SC60WQ_WQX-SV-357,2015-09,ANFIS-T-no-current,314563,0fdc2cf143bcef9b2d0810b7d97d0d58529718e4a711379551848e5c622029d0
wqp,wqp:21FLORAN_WQX-CC17,2007-09,ANFIS-T-no-current,314563,0fdcdda7afc42fbe50d587905d27d56bc69179e73200e72be5d5f1cdb71dd184
wqp,wqp:AZDEQ_SW-33,1998-05,ANFIS-T-no-current,314563,0fde198a6f3a565f6d1251a3965e43f7706045f313da2102bf8098452e763a21
wqp,wqp:21FLSFWM-E02,1999-01,ANFIS-T-no-current,314563,0fe29e48069f24cfce840e4ac5dfcccc77ec081746182abf7b5de4a7de8b4008
wqp,wqp:MNPCA-82-0046-00-203,1993-06,ANFIS-T-no-current,314563,0fe487b4b5cde63eb3d5ae90e52106fb618446d03c3b4502238a7b2589aa7126
wqp,wqp:21AWIC-81,2006-07,ANFIS-T-no-current,314563,0fe5cfc302970f06e8aa9c8bc2f5093f4c054805a4126bf9adac9f995627612e
wqp,wqp:21FLSFWM-PLN2MID,1989-11,ANFIS-T-no-current,314563,0fe704365cb4fb4c1eff85717ed0241797aa11709dff0ce5965d9a6a1b1df9f5
wqp,wqp:21FLSFWM-TREENOUT,1990-08,ANFIS-T-no-current,314563,0fe7b3c5058781bb4983f8e220f084c44027d3347d4d568dbba7ed5a58d45614
wqp,wqp:21NC03WQ-CPF055D,2013-10,ANFIS-T-no-current,314563,0fe7d0107ffb0bd640c98d56d42f1fc341991783e3bd1cd85fdd4b5fe9338916
wqp,wqp:21FLSFWM-LZ42,1996-12,ANFIS-T-no-current,314563,0fea364b34bdcbd71f4b73be835a890190ed0da3699685b3abf37d3109eaa04f
wqp,wqp:21DELAWQ_WQX-206361,2002-06,ANFIS-T-no-current,314563,0febd6310fba873d77e3520630ebdc8d7b5b3f74d2bd09b5be25806eabf06ec7
wqp,wqp:MNPCA-82-0046-00-203,2007-04,ANFIS-T-no-current,314563,0fec0a5a1212354f438e11304722ebd70f4aa0805c882c35fea255897cacc7d4
wqp,wqp:21FLSFWM-E04,1994-06,ANFIS-T-no-current,314563,0ff13b3c71a2c2bde346f07299f2bc741a6449c5baccb12855ae0c30f7d33370
wqp,wqp:21FLSFWM-B02,2000-04,ANFIS-T-no-current,314563,0ff2127ec1f58282e001ca1bf1aec4c427d768778f4937d6c4b7cacb1b748d10
wqp,wqp:CAPECRD_WQX-290,1999-03,ANFIS-T-no-current,314563,0ff236d8af291f5f08f074b595d9fed3e3fc1533afba06fffde351ecbebd44f9
wqp,wqp:21FLSUW-ALL010C1,1990-04,ANFIS-T-no-current,314563,0ff25e31e18b337509760b19898a550253faaba35cc2eb2135d890c3cfa6df21
wqp,wqp:21FLCOLL_WQX-LKTRAF1,2012-03,ANFIS-T-no-current,314563,0ff2692b6efe41a073b191ae952cf5e53c01510cf152055ac45a42ca2c51e545
wqp,wqp:21SC60WQ_WQX-SV-363,2017-01,ANFIS-T-no-current,314563,0ff55843cde6883d3aa313b07b0bccf72e164b11b954066d6622edb096864ffb
wqp,wqp:21SC60WQ_WQX-CL-089,2015-08,ANFIS-T-no-current,314563,0ff71598fe59d2ada0082ab254c49c55297b929c03c61f51b639b280b737c781
wqp,wqp:MNPCA-02-0075-02-203,1983-06,ANFIS-T-no-current,314563,0ff831945f310d037be6a1c548dc71aab7343b969436e9e7d3635012b0332d02
wqp,wqp:21FLSFWM-L005,2002-10,ANFIS-T-no-current,314563,0ff8ee1d9db672ba54864463df33382acde09f10123fa76c89059c7ab54f3591
wqp,wqp:MNPCA-02-0075-01-204,1978-03,ANFIS-T-no-current,314563,0ffa128a9f17ba82b183064f73b80b82fab06219faaa5310fa75592ce86ec364
wqp,wqp:21DELAWQ_WQX-205181,2012-11,ANFIS-T-no-current,314563,0ffd079b8f051ccc212cfa10888c1159407305967b9a567e7aa5dc12045aa90b
wqp,wqp:CAPECRD_WQX-290,2000-09,ANFIS-T-no-current,314563,0ffe7fafda4d1595e325f1fe27b22e800b65f217c4b9273cdd71843717d824d8
wqp,wqp:AZDEQ_SW-33,2012-10,ANFIS-T-no-current,314563,0fff1ea398001013974c18d110e78d778bc8d3cf08a11c5e58b7247faf2dd82c
wqp,wqp:CPNWATER-WW#3,2013-10,ANFIS-T-no-current,314563,0fff2d8157c490e8a43e53bc57e87d44e0dd0d24c7f8f985a3fbb87153f27191
wqp,wqp:21FLSWFD_WQX-23588,2007-09,ANFIS-T-no-current,314563,0fffa525c7cf28a8f570d1d4e4eb0f2685f1a936f599dbb93b61c77668be84dc
wqp,wqp:MNPCA-82-0046-00-203,2012-09,ANFIS-T-no-current,314563,0fffda752fea8db06bee3133d20b4756b4fead99c051c4af2a0d7d94fdcc1a88
wqp,wqp:21FLCBA_WQX-WAL-MORRIS-3,2018-05,ANFIS-T-no-current,314563,1000546d3b6aa11597d4aaea976a5dc675bb25e3fd6ffa59a8773a017cb2c207
wqp,wqp:MWRD_WQX-MILTON3P,2015-02,ANFIS-T-no-current,314563,1004191c2ca911d7a5f8b1f7c3962624ede625991e2b8da0cd10e4ee68ffb4b4
wqp,wqp:MNPCA-82-0046-00-203,2014-09,ANFIS-T-no-current,314563,10045f055c7adf29a7657a4abc48a718c9f738ecb23106fff91bc52c5b4c53d4
wqp,wqp:21FLSFWM-IPOUT,1988-12,ANFIS-T-no-current,314563,100801faa14b6fefc3603911975e5a07082151255a814e91abb185d6ac307a2e
wqp,wqp:21FLSFWM-L001,2000-09,ANFIS-T-no-current,314563,10094295422b148b17b5ffacb313d03b1ff2ef47dcaadc1866dba876ced887c0
wqp,wqp:21FLSWFD_WQX-23631,2010-02,ANFIS-T-no-current,314563,100aa2e3218e720d34ec537202431522d1c82e41db2524846498e45fd2ab9425
wqp,wqp:21FLLCPC_WQX-GREENWSH,2012-10,ANFIS-T-no-current,314563,100ccbe16423b597435f6bf4dbd7ab2604e50eb6a8f1e5c2ae4137d19d53cefe
wqp,wqp:21FLCOLL_WQX-LKTRAF4,2008-06,ANFIS-T-no-current,314563,101360a46513c3f1012a884df46066e33e0a768171935bcbddeb085bf46e4879
wqp,wqp:21SC60WQ_WQX-SV-338,2008-01,ANFIS-T-no-current,314563,10146a6674f4c3bb7cc3f150b62d7c18464bc9b3bae410a13e268b86c0645413
wqp,wqp:21DELAWQ_WQX-307011,2001-07,ANFIS-T-no-current,314563,101525218bfa30f9dc1a90b225ac0f8f0dc29cea13cfc8d87228d2f72bdc4388
wqp,wqp:MNPCA-82-0046-00-203,1993-04,ANFIS-T-no-current,314563,101683ad34a9811d68a27f5d580697f3f0fd8de1d413a9552073506f73eb83fb
wqp,wqp:21SC60WQ_WQX-S-022,2013-06,ANFIS-T-no-current,314563,101842a2b9160d72237afbfa8c12741a9e3912fad6e8781f79b32d4b32d3bdbc
wqp,wqp:MNPCA-25-0001-00-215,1995-08,ANFIS-T-no-current,314563,1019a00c9d99618e19149bc57cfc6ae701b5899de56446378b755f33bef5b11c
wqp,wqp:MWRD_WQX-BARR3P,2006-10,ANFIS-T-no-current,314563,102154e0ace8bac8c0807ff8875a33a4be91a68068dbc2ba6bdce974280e0954
wqp,wqp:21FLSFWM-L006,1989-12,ANFIS-T-no-current,314563,10259321e376f13521986df358eb5ce7c0b8778b72156b08c38528a1df1c9a46
wqp,wqp:21FLSFWM-L001,1997-09,ANFIS-T-no-current,314563,102684bb24815ee73ef018458d1e48e289fdaad3cf04ec44a0415af76aca6c9c
wqp,wqp:USGS-07049690,1996-09,ANFIS-T-no-current,314563,1026baf94ab48371229c0e46757b0322eddcc5d06d51af8088649c80f6827786
wqp,wqp:21SC60WQ_WQX-SV-339,2004-03,ANFIS-T-no-current,314563,1026c6281adf6e7679a9d83829e90330d5fea462003a148f3ccb0b3b73586b08
wqp,wqp:CAPECRD_WQX-280,1997-11,ANFIS-T-no-current,314563,102ae2e2cc1e6345af61e0b66b22a3178cec39b21e7a376dc8b6753820229a4d
wqp,wqp:21GAEPD_WQX-LK_12_4048,2002-02,ANFIS-T-no-current,314563,102bf06a6864293d3f6b4e2b94e5d931c1b36758693b0d58e425d95819b15d59
wqp,wqp:21FLSFWM-E02,1996-12,ANFIS-T-no-current,314563,102fffe8a56dc1cc24df286d4cb5b75a74b267fcb95c4f2cea64afc16c20373e
wqp,wqp:21FLORAN_WQX-CC4,2005-12,ANFIS-T-no-current,314563,10329fbf5e56fafaf75ca21026d9aa7151306831cee076e89577e1ff5f7ed591
wqp,wqp:21AWIC-81,2007-10,ANFIS-T-no-current,314563,1033bc707fff31e05dff45edccd1053c39356d2245acf78c279bd75436887e71
wqp,wqp:21FLSFWM-L006,1991-08,ANFIS-T-no-current,314563,1034e276744b41b23948d148d0cbf658bfcc3501996905419426ec61f957c208
wqp,wqp:USGS-423556088365001,1991-09,ANFIS-T-no-current,314563,103571052d4e14b80c33d76522b3080f39090c9f0af9d01eec8c971a62898b94
wqp,wqp:USGS-07048910,2009-03,ANFIS-T-no-current,314563,103b4dc5200393edd32944bd808bfe1100d1e47f06dffc42b17cf0f07614d4b8
wqp,wqp:21FLSFWM-KISSR0.0,1998-10,ANFIS-T-no-current,314563,103fd718557b8f35bbc284377861ea26686a8cfb53fe7026be9ed1c3c2c24ef4
wqp,wqp:21FLCOLL_WQX-LKTRAF1,2010-07,ANFIS-T-no-current,314563,1040c0a07625167d6e30ffc32c795f5f6169914596eeae26d3f6e597888fd630
wqp,wqp:21FLSFWM-B02,1996-09,ANFIS-T-no-current,314563,10442798847cd6322055ee25d8fab273121c8f348b3565c52b448add8da1a807
wqp,wqp:21FLSFWM-STAKEOUT,1988-12,ANFIS-T-no-current,314563,104b2dcea13d10e49c63eafd142ea08bc93e9326a2f90d0ae82a5e93db4b90b5
wqp,wqp:21FLSFWM-CLV10A,2006-08,ANFIS-T-no-current,314563,104bd4e870982e6654c4b8d0b7b7304718b14cd7306b1168ec6acb9192650825
wqp,wqp:MNPCA-25-0001-00-215,1994-07,ANFIS-T-no-current,314563,104c58d525ace391db95577030efc9bd061cac13fe65eb3f209dac387155573b
wqp,wqp:21NC03WQ-CPF086C,2015-02,ANFIS-T-no-current,314563,104df0856be3670f0183e0960945f447abb85fad18205f324f32620dcc9aae2b
wqp,wqp:21SC60WQ_WQX-SV-268,2001-09,ANFIS-T-no-current,314563,104f9e1f3946f3a31b33d90f63c370e18e85e4e828df61916f33c4bf817bcfce
wqp,wqp:21NC03WQ-NEU019E,2013-07,ANFIS-T-no-current,314563,1051a05c49d9e5abb9b3f1d1d314064e89cdae9f04cadbcdfcbf8d0420ba1282
wqp,wqp:21FLORAN_WQX-HB53,2018-08,ANFIS-T-no-current,314563,1052fa008503d3b479f78f001a1906db771f40f323bebfc872a9822f26b965a8
wqp,wqp:21FLSFWM-E02,2003-07,ANFIS-T-no-current,314563,105314151f84bb4c20d3f04652da573d8efa91885670539a6af30708080b0a45
wqp,wqp:21FLLCPC_WQX-IDAMERESSHDK,2011-05,ANFIS-T-no-current,314563,10581f6f418cb20ea4e8c2ae80f25a3dc1054933024ffdc6d0e5495bfaa86763
wqp,wqp:21SC60WQ_WQX-CSTL-075,2003-03,ANFIS-T-no-current,314563,10591ba6bde32faf5cc0e9663b9954425a178ee6747359a697e222ce6fae6e2e
wqp,wqp:21SC60WQ_WQX-SV-200,2007-09,ANFIS-T-no-current,314563,10595c5808e98baea7ed64982a95f65ad59e3b5f547d1604f5d6cb8c3d302970
wqp,wqp:21FLSFWM-PLN4OUT,1988-06,ANFIS-T-no-current,314563,1059cf2fd800ad9d8d8d27a0776405b17bc90a1f732265b96ec0dd023bcb0de6
wqp,wqp:21FLSFWM-LZ40,2003-01,ANFIS-T-no-current,314563,105a9dec207dd475fbac38259abfcb66fabb75b160d58ed467d19f4ffc069fc1
wqp,wqp:21NC03WQ-CPF086C,2006-10,ANFIS-T-no-current,314563,105c821aff1291e8b29f47497f25e12aa8122ff3e6631f50ea8591e4bc7dc729
wqp,wqp:CAPECRD_WQX-280,1991-12,ANFIS-T-no-current,314563,105cfcd35f83b36227b651fc0df5e369e0487763180581fe6ab5113b4417503d
wqp,wqp:USGS-295554095093401,2016-09,ANFIS-T-no-current,314563,105f365fbad4a44cbc4de2c88bbca8899645811c2f2bf2f2decdf2dea124bf14
wqp,wqp:21FLCBA_WQX-WAL-MORRIS-1,2018-11,ANFIS-T-no-current,314563,1060f5d5b3e04706d4f1dd743a55fe20744a2846894bad29682f9d0d79fc9565
wqp,wqp:21NC03WQ-CPF087D,2014-11,ANFIS-T-no-current,314563,10646650af8d0af94cb585699259dd2eadb9a5a7f9bd822bd918c1bec6bb0466
wqp,wqp:CAPECRD_WQX-280,2000-07,ANFIS-T-no-current,314563,106468e2eadbaa78d04441da5eca0b90bce0670bb9b90931c8c2cf0130b1794e
wqp,wqp:21NC03WQ-CPF0880A,2006-03,ANFIS-T-no-current,314563,1064de4a11ee4acfa1d3b31d848a378a5977648fe90aaee6c7e21bf3b5ae6cfd
wqp,wqp:CAPECRD_WQX-262,1993-10,ANFIS-T-no-current,314563,10676389dd681e664cfe3cdd99a5407d7de93331bc66b42a9ce94de3aa036705
wqp,wqp:MNPCA-47-0042-00-201,2010-06,ANFIS-T-no-current,314563,10688aca93db0a61ab2b1b50c9026edd6fe94d18dae9ad83a721852cbe36dd28
wqp,wqp:USGS-07049187,2017-12,ANFIS-T-no-current,314563,1068e68f156662cb636a01103e796c2d497a14a5bb081705a30f24d89fe083a7
wqp,wqp:CAPECRD_WQX-262,1996-08,ANFIS-T-no-current,314563,1069d3283c7acf5b77a4e7b3e143ca917384cc4f59176f6da26d69299b88f56f
wqp,wqp:USGS-421420121481700,2013-02,ANFIS-T-no-current,314563,106ec978dfaa0de222082002c592544fac0b14c5eba51a60a8aaef9cc6ad7fff
wqp,wqp:21FLSFWM-PLN3OUT,1991-05,ANFIS-T-no-current,314563,107447d7448738212c4d3166100e4f5bdfeaa5cf4ef44bf0e727a279036563d0
wqp,wqp:21NC03WQ-YAD169B,2005-04,ANFIS-T-no-current,314563,1075abd82dff8781138b7db1c60bc8403f5009809a06a04ff27c23baca67985e
wqp,wqp:21FLSFWM-E04,1992-09,ANFIS-T-no-current,314563,107a76c9290136061d3f64a99b12bb5a50dc3dc63bdc6e4e432b4b41da39f377
wqp,wqp:MNPCA-86-0252-02-207,1989-05,ANFIS-T-no-current,314563,107b732d7383e34a6a247ec916d7132cc446803eea82993992801810f9cfa58c
wqp,wqp:21SCSANT_WQX-SC-040,2015-04,ANFIS-T-no-current,314563,107c261cf7aa8376c8d9e1df7484a5b01317f564806dc5f045ba1e980d94389a
wqp,wqp:21SC60WQ_WQX-CW-231,2006-07,ANFIS-T-no-current,314563,10821140a872b10070bed40242eac2d955a1702590fbf397288fe01181a8758a
wqp,wqp:21FLSFWM-LZ30,1996-07,ANFIS-T-no-current,314563,1082e88150a9def6bef3a0b316f120e2e008b5990b8fa5526ac26429d2d7006b
wqp,wqp:21SC60WQ_WQX-SV-340,2013-06,ANFIS-T-no-current,314563,10833acd613099fd1bdc5ada300aa25651caa7cf6c8b8fc3af9f46e8afcbe953
wqp,wqp:MNPCA-10-0042-00-401,2014-07,ANFIS-T-no-current,314563,1084b285ae3c8f1903a56b2a15120792dedeacb08f9ca7ad172644c19b8ab1d3
wqp,wqp:21FLSFWM-L005,2001-07,ANFIS-T-no-current,314563,10856303ca05040a0af9bfb446adb5fadbf19c91c10e2a974193af54203a9ff0
wqp,wqp:21FLSFWM-PELMID,2005-07,ANFIS-T-no-current,314563,10865d03d9e2a42634894902545e61f34153f2b4cb46c31c8a721deecd47d638
wqp,wqp:21SC60WQ_WQX-CW-207,2018-03,ANFIS-T-no-current,314563,108880adfd9e213b1c8cbb63648bedc17798509b7a707413bb817b107b4e54fc
wqp,wqp:21NC03WQ-NEU018E,2000-06,ANFIS-T-no-current,314563,108e5bbb5e2ebec9f3133f91bf08b506d7ea7f193fa1aa663b13873a90ad9148
wqp,wqp:21DELAWQ_WQX-307011,2009-12,ANFIS-T-no-current,314563,1092a6f947a4f6dd70b22d57d1aadd586df193a12e1758deac430d1a3ad1b5a4
wqp,wqp:MNPCA-62-0007-00-203,2000-06,ANFIS-T-no-current,314563,1093960bafc6849181f7fc7690a37a9f574d91737aa9f288b402eaf0b051cb65
wqp,wqp:21FLSFWM-TIN8100,1996-06,ANFIS-T-no-current,314563,1093e1960ce53704bdc14bcd1b44288e5dbd76aa9671dac9a07f82572fb86d6e
wqp,wqp:21FLSFWM-L001,1982-06,ANFIS-T-no-current,314563,109400f9fb3035b69ce15f428f9225cb797621f01a5e7f3a67dfa9e612f83350
wqp,wqp:21FLSFWM-ISTK6,1994-07,ANFIS-T-no-current,314563,1095aac35b3be9cef7f74a06dc8021ba89e6a1cc08efff6d6e8b15cd8bb26cf1
wqp,wqp:USGS-02207414,2005-07,ANFIS-T-no-current,314563,1097aead9e23852dcb52b82c21c5423b63bd89b2f3274eed8bd05ff7d690253c
wqp,wqp:21FLLCPC_WQX-GRIFFINTISH,2012-07,ANFIS-T-no-current,314563,1097ffe2f3b3702f018aa9bca636b4382cf4baea94c41e5e5d165fafce823eeb
wqp,wqp:21SC60WQ_WQX-CW-197,2008-11,ANFIS-T-no-current,314563,109d1f4bb415bbd364f32b0891c58b543ca06f66e465704306fa5a17481185ef
wqp,wqp:MNPCA-86-0281-00-201,1985-07,ANFIS-T-no-current,314563,109e5f03a27f86706e1bff412f088bb30f1da62b22bc83964189576e86995451
wqp,wqp:MNPCA-02-0075-01-204,1978-07,ANFIS-T-no-current,314563,10a0a6038d03d160229844f91a5fc99e3ecce0a4a68af48779548c4b77a0e2c1
wqp,wqp:21NC03WQ-NEU010,2006-12,ANFIS-T-no-current,314563,10a8439aca2ddfe459506676ee8dde348fe68515171962efe59e7e5a4b0ee43b
wqp,wqp:MNPCA-86-0297-00-201,1985-06,ANFIS-T-no-current,314563,10ab014447a3d6ad42573cf95bfd8dbbfcc041c30a05ad781bf3ab3a09a37a5c
wqp,wqp:21FLSFWM-PLN4OUT,1991-07,ANFIS-T-no-current,314563,10add5b6775142073f09ee7c27b5ff357c7aca360db4f74f2549da77c39eda7c
wqp,wqp:21DELAWQ_WQX-303331,2009-01,ANFIS-T-no-current,314563,10af0d977ab22f3fc9a0daab497c385488b1da4f3039188a8f7134547547adb2
wqp,wqp:CAPECRD_WQX-262,2018-12,ANFIS-T-no-current,314563,10b13e460409a314ee2823f65dc66d192e13a877d21082893d638c7d9ef60112
wqp,wqp:21FLSFWM-IPOUT,1991-06,ANFIS-T-no-current,314563,10b3263d6be94213ba6edf41f6e8d48f700a850cea49185cdbdbe38e6820e28f
wqp,wqp:21FLSWFD_WQX-23624,2008-11,ANFIS-T-no-current,314563,10b52c90e871000a30615a18e7a58febdb92128f2dfb3fee63f12eb13008fe18
wqp,wqp:MNPCA-25-0001-00-231,1991-09,ANFIS-T-no-current,314563,10b78b598c95f7cb1c572967d33a963efc5055a58db742cbc614226286f32f1e
wqp,wqp:21NC03WQ-NEU019P,2011-06,ANFIS-T-no-current,314563,10b998fde7a3c250bf6dfcaa21926fc15e681cbefb71a63485f7ea0621b798b9
wqp,wqp:21FLSFWM-MH16000,2008-09,ANFIS-T-no-current,314563,10ba3e95c1da0bd1701c4308c12bfe7ad305d14b8efeb68ea0a3b33e46b20be7
wqp,wqp:MNPCA-82-0046-00-203,2003-06,ANFIS-T-no-current,314563,10c39fea743d527d855478977f2d705d70e944d611ef4e55851fb328092eb733
wqp,wqp:21FLLCPC_WQX-GRIFFINTISH,2013-12,ANFIS-T-no-current,314563,10c3a0d0ddce2f5679886b3db9fc031544209e7e4d671843b206ae011fa87885
wqp,wqp:21FLSFWM-C01,1985-03,ANFIS-T-no-current,314563,10c3a7966177a3cb9fab209a45eef54c394af28e9aa5e9f11f9078a9130ff422
wqp,wqp:MNPCA-62-0055-00-201,2018-08,ANFIS-T-no-current,314563,10c3df9920207e3fad0a29d8d5f05463088096dae108fd0ab8146cb8c6d8d892
wqp,wqp:21NC03WQ-CPF087D,2015-01,ANFIS-T-no-current,314563,10c47060591f910e066a87d1cede032b0d0578f037f2df1ef317163bf8ed9674
wqp,wqp:21FLSFWM-PALMMID,1996-07,ANFIS-T-no-current,314563,10ca2c8417c95e8d2ed90ace1a46d680070d984126352c4e4d53eb61ef66cce5
wqp,wqp:AZDEQ_SW-33,2013-06,ANFIS-T-no-current,314563,10ca834be60edb19dcc734af93cd4409b28a9b25f26bfc645d8d8ca0aac6836d
wqp,wqp:21SC60WQ_WQX-B-339,2007-05,ANFIS-T-no-current,314563,10cd0b3abe74466fa4abf08692780841e7df9ecabce82f70bc1f6a1d000587fd
wqp,wqp:KAWNATON_WQX-KN-KL-005,2010-01,ANFIS-T-no-current,314563,10cd7aebae68dcc449d0f6157558e3a67b15e45cc471049883d5c3b75cb673b5
wqp,wqp:USGS-295554095093401,2009-09,ANFIS-T-no-current,314563,10cf7a3546da6529264ef078b1c9b6c69beb24833cc0c23bd0582e393781e0e7
wqp,wqp:MNPCA-25-0001-00-232,1996-06,ANFIS-T-no-current,314563,10d1d2b77039c96830717c9ce0851c96762ba97ea0336ffb82e4e5a1867f8dce
wqp,wqp:21SC60WQ_WQX-CW-197,2004-07,ANFIS-T-no-current,314563,10d2fa14a0c8446ac91dff5fc884f257a596627ddd9ab9ee44ebee6295e20e46
wqp,wqp:21FLSFWM-LZ30,2008-01,ANFIS-T-no-current,314563,10d5c0a5c08306cef1b8dc1c8a3a010dfec2005170d47aad6d38731246f49a03
wqp,wqp:21SC60WQ_WQX-CW-197,2008-04,ANFIS-T-no-current,314563,10d68483d19776f42d75a08fc48ce686e2ac860c76b68ed41bfd95660c888e3e
wqp,wqp:21FLSFWM-L006,1984-08,ANFIS-T-no-current,314563,10d7589bb2602b3352f4accc35bf1b23c891f6036da348e9f6e7dce89f789b95
wqp,wqp:21FLSWFD_WQX-23458,2008-10,ANFIS-T-no-current,314563,10d821071029e2ba45a7ae91571eb3d1c0a263caab49c32fcdc6c16adf765075
wqp,wqp:USGS-07049690,1984-03,ANFIS-T-no-current,314563,10d8858b6de04cdfb536c261e58a81d82cb1095bd21aa8edc23bf9affc5672f6
wqp,wqp:21FLSFWM-A01,1990-12,ANFIS-T-no-current,314563,10d894ac9716ca7e2989ad52f4e8c11b20c0094e5f10234b747f6236263ae77d
wqp,wqp:21FLSFWM-L001,2008-11,ANFIS-T-no-current,314563,10d9476b2d1115eeb9c46ea38b42185aa9897fc653f125a205589f10eeb50c2f
wqp,wqp:21FLSFWM-D02,1998-01,ANFIS-T-no-current,314563,10dc780a33bd8729afd7902568fba2e9f740b1e5782db064d7687c2b3a958dcb
wqp,wqp:21NC03WQ-NEU018E,2016-09,ANFIS-T-no-current,314563,10dfd45bae22121e69ffae9c7afd9347e0f16dd96f2fd3de7756bc9ab91111b5
wqp,wqp:21SC60WQ_WQX-S-310,2010-06,ANFIS-T-no-current,314563,10e0f82648e15dded90d80d74a7c4b3b721868a2533d2739a275bafbaa557bdc
wqp,wqp:21FLCOLL_WQX-LKTRAF4,2002-09,ANFIS-T-no-current,314563,10e2fb807aa08c85c5fc80eaed1bce4d149cb7cbce9bf54573f9c58eb009676e
wqp,wqp:21FLSFWM-KBARMID,1994-07,ANFIS-T-no-current,314563,10e61b9ca1f7e06bf4202e53c6f47eec76466dec6238b53c37798797cadb386c
wqp,wqp:21FLSFWM-L006,2007-07,ANFIS-T-no-current,314563,10e69f50a45b2cee56fb067d33a2448157527031a08a91bd39f4be51cc927499
wqp,wqp:USGS-07049187,2012-07,ANFIS-T-no-current,314563,10e6f81e12c4589dfdf90c60de4979caa2f85aed890793124bee7c70636041d6
wqp,wqp:21SC60WQ_WQX-SV-098,1999-09,ANFIS-T-no-current,314563,10ed3c7d253c96c1dbdee902dc65882909f2b812390eaf445569faf8c06dd521
wqp,wqp:21FLORAN_WQX-BC14N,2007-12,ANFIS-T-no-current,314563,10efa29fa0b07e8349f077c4b78dee9118b93e173e9eedda4abf2d9b905f694b
wqp,wqp:21FLSFWM-B03,1984-05,ANFIS-T-no-current,314563,10efcb1f0da494701eb57706f51128e39f1403ad323669c50c7835ec20e6e164
wqp,wqp:21FLCBA_WQX-WAL-ALLEN-1,2017-04,ANFIS-T-no-current,314563,10f0277cdbe7e3d5b596a5e430047d2cf3f3066d67d16b4ef6215ccbc0597464
wqp,wqp:21FLORAN_WQX-CC22,2005-11,ANFIS-T-no-current,314563,10f05e10110eb4d61910ea8af80c638a5ae84e6c1e38594f38ed2609899da0a7
wqp,wqp:21FLSFWM-ISTK3,1994-07,ANFIS-T-no-current,314563,10f894cdf4b1e3ac31462ca4abc58791dc49017a3ae15eb6c7e4325f30733d9c
wqp,wqp:MNPCA-62-0007-00-203,1998-08,ANFIS-T-no-current,314563,10f9571ef152ac719c594a8da233fcb0216495e98d7b2026a3e6f4b3dcb6ed30
wqp,wqp:21DELAWQ_WQX-110011,2018-06,ANFIS-T-no-current,314563,10f9a59628f5a708fd13f09b2fed4d0659b18290f72eaa43febab7b6b1f0356d
wqp,wqp:21FLSFWM-PALMMID,1991-03,ANFIS-T-no-current,314563,10f9c183208dc1d2441d99d0986437597cc015c7742f768f0b6d76e88892c412
wqp,wqp:21FLSFWM-LZ30,1994-05,ANFIS-T-no-current,314563,10fabfedb7ef244f375ceb326d2a4f02a565e3d7a7fa5f1da1ce87f4b7c02634
wqp,wqp:21FLSFWM-PALMOUT,1987-08,ANFIS-T-no-current,314563,10fd12c7dd7fccd169c36e86840f19510bf89d2f979f0f5dbbab61635dfb114d
wqp,wqp:21SC60WQ_WQX-SV-361,2017-03,ANFIS-T-no-current,314563,10fe72d28fdf1d7635bbc34d6508028cc8c2e6405b75d688da4fff04ef2fe462
wqp,wqp:21FLSFWM-PLN3OUT,1996-04,ANFIS-T-no-current,314563,1100196459554c7c460e21033549ffa8b779c63b2740c8e99124e32a241b1d54
wqp,wqp:21FLSFWM-OISLAND,1997-08,ANFIS-T-no-current,314563,1102a1a6b832ee9774fedf9b400c4a503e874a5e669e4bfd5f9c2bbfc44bdee2
wqp,wqp:MNPCA-62-0007-00-203,2017-06,ANFIS-T-no-current,314563,1102b1c2d739049e1368e31f3166487510262692396ac0d77ba2ee52af5f0e82
wqp,wqp:21FLSFWM-KISSR0.0,1992-08,ANFIS-T-no-current,314563,11039f2ae153593f07daa268eb8a95d60d4c50cabdc51c8bd186a2e5af7680ac
wqp,wqp:21FLSFWM-STAKEMID,1990-11,ANFIS-T-no-current,314563,1105e6aa46ed840efe007f753913bbf59826f5ac6f9f6d6c0648a5c0aba0a701
wqp,wqp:21DELAWQ_WQX-304321,2016-03,ANFIS-T-no-current,314563,1106357b3c38887d3b4cca77799233b0fc2f7b05d7c82bb3d433fa3591d4b29a
wqp,wqp:21FLSFWM-L001,2003-01,ANFIS-T-no-current,314563,110ec404e289f088732c2ad6b4c26627385f1141539ecdb129a0a6643fc89655
wqp,wqp:21SC60WQ_WQX-CW-231,2005-08,ANFIS-T-no-current,314563,110f3b9f56f8fb285d17391d70a7f4a02b67beacb12914af1a7155f84474a8e3
wqp,wqp:21SC60WQ_WQX-SV-338,2001-08,ANFIS-T-no-current,314563,111029ef0828e709513113fac5787049a43b26a784b521c413b7e2f5be6098e7
wqp,wqp:21SC60WQ_WQX-SV-335,2003-05,ANFIS-T-no-current,314563,1110b12600aefac40df3eb2a7d3932261c452f7b3a8ff23d832030377c0b7f42
wqp,wqp:MNPCA-62-0013-00-201,1996-08,ANFIS-T-no-current,314563,11132c60d3bfff9848d4fb4eb95d9654c9562c7e79ea945145a7957bf48f66ba
wqp,wqp:21FLSFWM-ISTK6,1990-03,ANFIS-T-no-current,314563,111bcdc5573e76f6b07dda062e3e5100d7f3519f9ae390a7106ac545ec0bc947
wqp,wqp:USGS-07263299,1998-08,ANFIS-T-no-current,314563,11210e01cfe1acc9566371cd352edd42fd35fe3c4769d88b9a43b850b2f157a0
wqp,wqp:21FLSFWM-STAKEOUT,1996-11,ANFIS-T-no-current,314563,1121c8af499e4f69468fdacde0b7ff256b0e914a725f097b64fbbd742c7103cd
wqp,wqp:21FLORAN_WQX-BC11,2006-10,ANFIS-T-no-current,314563,1123adf3373345de91a375ce8c77fb379b14c4d42036c0a14187eb95997b3a5f
wqp,wqp:21FLSWFD_WQX-23588,2014-09,ANFIS-T-no-current,314563,1123cc1c610c706aaa43a0b168bb51afc2362aacf95d9d892b32f80278a2eee8
wqp,wqp:21FLSFWM-A03,2002-04,ANFIS-T-no-current,314563,112623dfb72faf7c4cee93ea54d4cd01e6f07f4444dd384b5f1fa7d86e3f7f8c
wqp,wqp:21FLSWFD_WQX-23477,2008-11,ANFIS-T-no-current,314563,112763e5424a50e9ca67c234c18f349dedb7e88f354a5a60ae80ab736d1baf25
wqp,wqp:21DELAWQ_WQX-208211,2012-02,ANFIS-T-no-current,314563,1129a675a23a49ec8aa258640f34b92b253ff06d3550c130bfcae5d656b93e1f
wqp,wqp:USGS-01657480,1973-12,ANFIS-T-no-current,314563,112a226af0c7a553eab89991f9efd7b54ed7997dd39e3c752024599ced768abf
wqp,wqp:USGS-423556088365001,2012-09,ANFIS-T-no-current,314563,112a64374657af6d93838439964dfb4e65baa691fefa38e7434bbc85ab1bfb07
wqp,wqp:21SC60WQ_WQX-S-024,2008-06,ANFIS-T-no-current,314563,112d50275a7efcf389123bf1ecb09e869e20623d88a19fcb0295bd86bd0474cb
wqp,wqp:21SC60WQ_WQX-S-311,2015-11,ANFIS-T-no-current,314563,112ea2e766f6ed84c03fa4f0e265a656fd3a375dbf5b90e016c655c11ab5aa3a
wqp,wqp:USGS-072632965,1991-09,ANFIS-T-no-current,314563,112f43933fa2d16e74d12b880787c2643a25824eee84735bb37ecece6d40cc82
wqp,wqp:21FLORAN_WQX-BC7,2017-03,ANFIS-T-no-current,314563,112f7895b11e199b789d5237abf066d6a127e7ccaf9cfddb1ad0a797116d342f
wqp,wqp:21FLSFWM-KBAROUT,1990-09,ANFIS-T-no-current,314563,112fc6e716d65e89ead4095091e38399fe189dae1735f7cda0ad5ca690ad9042
wqp,wqp:21SC60WQ_WQX-B-345,2017-04,ANFIS-T-no-current,314563,11306dbda5447a0afae80f05e7726ca0eb9c70f44bf9229222de48a88dc26bf4
wqp,wqp:21GAEPD_WQX-LK_12_4048,2013-02,ANFIS-T-no-current,314563,11312b9a57ac7faa004e065b30805a9d7bf378cb253926673cb639ce8d17ea33
wqp,wqp:21FLSFWM-KISSR0.0,1996-06,ANFIS-T-no-current,314563,1138c4f3e048e24dc274f83eb6546e51788e635c4d74f33163f3b392390cc771
wqp,wqp:21FLSFWM-KISSR0.0,1986-10,ANFIS-T-no-current,314563,11391a8dc0036b21852c37ba5908d4263bd353e4711968170efe31a7ec2d63ac
wqp,wqp:21SC60WQ_WQX-SV-361,2018-06,ANFIS-T-no-current,314563,113933d253d4b874205506d7364fca3e88378dc039c238fbfd40cfbb1fc1a9d3
wqp,wqp:21FLSFWM-L001,2002-08,ANFIS-T-no-current,314563,11394c74e91dfaf6a2e5c77298befd1b46369b6100800e2133bd385f0be0a471
wqp,wqp:MNPCA-62-0013-00-201,2001-07,ANFIS-T-no-current,314563,1139cde050c70a59e0fbb77e1dbbd18a1608ae4b0fbb041ffc17778907bdb4cd
wqp,wqp:USGS-07049690,1985-01,ANFIS-T-no-current,314563,113d90bf95a2a783710eac7641048c0f9b7a46c8ddcafba6379d271d14bc9b2d
wqp,wqp:21FLSFWM-E02,1984-01,ANFIS-T-no-current,314563,11417aa1609cdff6b40d0bcb70689b22ceda7cdc90163e4cf57f2e4c314cfcf2
wqp,wqp:CAPECRD_WQX-280,2011-03,ANFIS-T-no-current,314563,11456af974aeee077baa3aa73aab11646fdcaecf9e9cb7f048f34668044f305e
wqp,wqp:21NC03WQ-CPF087D,2001-02,ANFIS-T-no-current,314563,11457a10b17dd0d4bc505cce170dd3de1eccadecbe1ba610e0737338a612f1cd
wqp,wqp:OKWRB-LAKES_WQX-520710020020-01,2010-07,ANFIS-T-no-current,314563,1148572d020a256b7385b9b6eaf016406721eca0a91d79052b82497582e9b194
wqp,wqp:21NC03WQ-NEU019C,2006-12,ANFIS-T-no-current,314563,114984fc398b96bb5623a2c7ed9110b1419cc5f9cd158f0172bd76653f178490
wqp,wqp:MNPCA-25-0001-00-215,1991-06,ANFIS-T-no-current,314563,114b81094826ead09f376c0e6780ad191ebbe323d06b767fd3c5aa599ec68c66
wqp,wqp:MWRD_WQX-MILTON3P,2014-02,ANFIS-T-no-current,314563,114df11f12169a3ba041ea7a0230f2d00e0bd85d06e1b99ead0b71c1d9b28c75
wqp,wqp:21GAEPD_WQX-LK_12_4048,2006-11,ANFIS-T-no-current,314563,115269d2c157ede7b1c74eca1502852cf47350db64959931c6073363b16a16b1
wqp,wqp:21NC03WQ-CPF086F,2011-03,ANFIS-T-no-current,314563,11536cb07763804b551256d0820885cb9060d689dd97b17dfa9e9ae0a4dafe31
wqp,wqp:21FLSFWM-POLE3S,2002-09,ANFIS-T-no-current,314563,1155cf423b765cf9256711156d9d73dd9f87b2a4a6e88c8bb3bfa44748c1f757
wqp,wqp:21GAEPD_WQX-LK_12_4048,2017-04,ANFIS-T-no-current,314563,115cc13fda9a94a20d4b1988115c282b635b9e5a670dbd6900aa02496eed12d0
wqp,wqp:21FLSFWM-PALMOUT,2005-02,ANFIS-T-no-current,314563,115f04648a518d88ed1dd13a2682501513be8998b1f6203754ea054c60b8c515
wqp,wqp:21SC60WQ_WQX-CSTL-075,2002-12,ANFIS-T-no-current,314563,115f81892575cdd5c9d81bf51d457ef1865cca25e5848b26edecb4c02431e3d3
wqp,wqp:21FLSFWM-PELMID,1988-01,ANFIS-T-no-current,314563,116066e90c55e06f689d5b7115bb77bd0aaf98eb4df1f497cf4433fb1e8f534d
wqp,wqp:MNPCA-62-0055-00-201,2016-05,ANFIS-T-no-current,314563,11666573cf5243abb0cdab206c4e43d0621d25a88eb1636a90937a6a2ebee9f9
wqp,wqp:21FLSFWM-STAKEOUT,2004-07,ANFIS-T-no-current,314563,1167b80105ef8dd3f8895d8822edeb28fe22d145c721523d20b6294f82a26a5e
wqp,wqp:21FLSFWM-L003,1998-07,ANFIS-T-no-current,314563,1168d973d2a34753ac3bdfc8a3f67c3e81ca45f58d526730de9b6e36835cdbf3
wqp,wqp:21FLSFWM-E02,1989-07,ANFIS-T-no-current,314563,116a0aaef565938786c895e0fedab9f4521146863cc6a5791711812db6502d6d
wqp,wqp:21FLSFWM-POLE3S,1998-08,ANFIS-T-no-current,314563,116dcb12709666f3b8934921c59a4ad011759ea14502a30fdc1aae454cdf6f8e
wqp,wqp:21FLLCPC_WQX-EUSTISSSH,2017-06,ANFIS-T-no-current,314563,116ed0d79a69839ec53b17007c2c496ebcc751a172eca90914ece32ab59d0157
wqp,wqp:21FLSFWM-E02,1986-03,ANFIS-T-no-current,314563,11713779d870153477ef148dbbedaf2cb850fe117c85a5c9cd13184acf50716a
wqp,wqp:21FLSWFD_WQX-23588,2014-03,ANFIS-T-no-current,314563,1171717248ca54b636d1ecd898551f20963198b6f27b7567abb2f26d8ae77660
wqp,wqp:21FLSWFD_WQX-23467,2010-02,ANFIS-T-no-current,314563,11751c8862282c557c9a8ee2ba66737b2555f27e43b6506a94de524298b57f8f
wqp,wqp:21DELAWQ_WQX-208181,2008-12,ANFIS-T-no-current,314563,117698f008e1da6da7423ed4f5584712e2808d54fb78193bf67bed15ec79855b
wqp,wqp:USGS-07144790,2008-02,ANFIS-T-no-current,314563,11769e9442233be6cdaa0471848ea8481efb7c318cb30834655c9d099ec9956d
wqp,wqp:MNPCA-25-0001-00-225,1993-08,ANFIS-T-no-current,314563,1179baca1875aca151f5951feacdf2e22f164dbc950a67255070cc2182b16827
wqp,wqp:21FLCOLL_WQX-LKTRAF1,1998-04,ANFIS-T-no-current,314563,117ade31cb98b6309a0317126738582ea6a8125b682e036f8f6f105005c8ddcf
wqp,wqp:21NC03WQ-CPF086C,2015-12,ANFIS-T-no-current,314563,117b98f7cb0c5e8145ee90376c8e76bf69e6f837f4c64d8fe90325536b9d3932
wqp,wqp:21FLSFWM-L001,1988-08,ANFIS-T-no-current,314563,117cf8768d5f632f194a708e2171f1ca9f0af2bfdd527e28cb42ce61719f2003
wqp,wqp:MNPCA-25-0001-00-246,1991-10,ANFIS-T-no-current,314563,117faffbbac2b98a2000edac12d155db3e4cb2a0bfa2c98b664f80cff7fdef60
wqp,wqp:21NC03WQ-NEU019E,2014-09,ANFIS-T-no-current,314563,1183348db554b5ba03ee67e5ce2f26da35095e31d052dcfecc662d4b2d2ed8e3
wqp,wqp:21NC03WQ-NEU019E,2016-12,ANFIS-T-no-current,314563,11843a03418a4978e1125bed055c6cfdf350ffa2e91a3bfe1ac66e0acb63c8cd
wqp,wqp:21SCSANT_WQX-SC-042,2014-01,ANFIS-T-no-current,314563,11863f0d7c6b559c2704c70c86e06cadea1d8ec9f98e52f0d4512cd49d0bd675
wqp,wqp:21SC60WQ_WQX-B-327,2004-01,ANFIS-T-no-current,314563,118a7238ee17b848aff980d573e28921cd35a484f293af45f881bbf63cd7e6a6
wqp,wqp:21FLORAN_WQX-CC22,2014-09,ANFIS-T-no-current,314563,118b0159be776c1485e5f5691fd608fd99aa495620eef8ea728462701cd1e8c6
wqp,wqp:21FLSFWM-PALMIN,1993-09,ANFIS-T-no-current,314563,118c7c3d0df0ce137f44c80c41e23578eacac1966b064b4a96057896de3a5a12
wqp,wqp:21FLSFWM-E04,2008-11,ANFIS-T-no-current,314563,118cee2932e7fa69a12786a725481b760ce0f7eefb6c07cf86a800af2c8dba28
wqp,wqp:21FLSWFD_WQX-23113,2010-10,ANFIS-T-no-current,314563,118d1528cc6cb8e8d777b31b51484a8e7fa255e54012a8bf72500f6ec323de42
wqp,wqp:21SC60WQ_WQX-B-327,2006-06,ANFIS-T-no-current,314563,118d16999ec339f7be256eb82c6ddb92a33c41246af5b998b3a8d281458bb64a
wqp,wqp:21SCSANT_WQX-SC-005,2015-11,ANFIS-T-no-current,314563,118d5e121282b28284251f6e4c033c1a984e39a91d08b8672b9d77ba583ff28e
wqp,wqp:21FLSFWM-TIN13700,2004-07,ANFIS-T-no-current,314563,118e767746cc2cd74687911be74096a0869095edfdc3c9cec533db2fe5f99c64
wqp,wqp:21DELAWQ_WQX-109131,2010-12,ANFIS-T-no-current,314563,11907b733dc04be9e7651643c2c6ac9531127563b1fb366e9559953bb5256648
wqp,wqp:USGS-423556088365001,1993-03,ANFIS-T-no-current,314563,11932a15b0a186e595fe0267593625e4a678ae1eeb5206d9667908046f991445
wqp,wqp:USGS-07049690,1980-10,ANFIS-T-no-current,314563,11940f83e23a8e23d69cc337e003f22b1a8e3b94babf409e3cbe93995ad60a75
wqp,wqp:21FLSJWM_WQX-44673,2018-09,ANFIS-T-no-current,314563,1195c178acdbc43fed14b5f0b4d5d9aa2a1e2442ad373480a5ec01ff3c0d2d94
wqp,wqp:21NC03WQ-CPF087B3,2008-09,ANFIS-T-no-current,314563,1196ab42168e1f18d403830679371c37cf5a379650c22106a73d6a1e3d2bd541
wqp,wqp:21NC03WQ-CPFMC03,2014-09,ANFIS-T-no-current,314563,11975ad804ad3fdda9951905a95452d35f080b8e16d39689bc40276eb376eb2b
wqp,wqp:MNPCA-02-0045-00-202,2013-10,ANFIS-T-no-current,314563,119764b2b0227ce9be6c2af86095e0a0eefa331006e2376aafe186c95fb78b07
wqp,wqp:21GAEPD_WQX-LK_12_4048,2016-02,ANFIS-T-no-current,314563,1198806b2c3352c8f3155de69b20116f7bc160230f2e6754b55186000af4d3a1
wqp,wqp:21SC60WQ_WQX-SV-340,2013-08,ANFIS-T-no-current,314563,119918366097df2df9686850198c6d5e9c609b703c8caa51986cfea6ff85a162
wqp,wqp:USGS-07049690,1981-04,ANFIS-T-no-current,314563,119d4379bfcd53e22fee9821639a9f46fe84f655e3750b2be6077cd26751b1ee
wqp,wqp:MNPCA-73-0014-00-100,1984-06,ANFIS-T-no-current,314563,11a02887cdd219fa46006d093dd13502072156bbc384f9fe60084e38757f88ae
wqp,wqp:21DELAWQ_WQX-109191,2000-07,ANFIS-T-no-current,314563,11a2191fdc9aa68c112e8c731e3cc4603f4be67ae802aeb7ddcb7b7a1de53700
wqp,wqp:21DELAWQ_WQX-307011,2016-05,ANFIS-T-no-current,314563,11a2478afe6c1ec0d49dfea16f630e4e04981a0397359de822a74552fe465500
wqp,wqp:21FLSFWM-L008,1980-02,ANFIS-T-no-current,314563,11a2c39e38fd43e5845fb82d55567fd2c6b0d67ab429d92fbc05c9e48592faa3
wqp,wqp:AZDEQ_SW-33,2013-04,ANFIS-T-no-current,314563,11a36a80bf45347d23c61fe2ef005b519229053a429608be26ba088ab7c2a4da
wqp,wqp:21SC60WQ_WQX-CL-019,2004-06,ANFIS-T-no-current,314563,11a7483666470b28eb8c36479f4390b40132e276ebe763ae1eb73ea80396f33d
wqp,wqp:CAPECRD_WQX-290,1988-05,ANFIS-T-no-current,314563,11aa19a566e8b38c34c47f0c0ddf7e0e98da4b2fb270953fb381f724e8c2953c
wqp,wqp:USGS-295554095093401,2010-07,ANFIS-T-no-current,314563,11ac6cd6a779a1d0e7de58d9112e81d8683b8f8fcddd1a853f71a77c1ee6631d
wqp,wqp:USGS-12301600,1976-02,ANFIS-T-no-current,314563,11af4567b7d23725284f66ae8d34d3100ffd075374daee61e8b71588ee2eb032
wqp,wqp:21FLSFWM-TIN16100,2002-07,ANFIS-T-no-current,314563,11af4cb31a10c9e79598c6eafc2b7f408dd79ac5aa99bd22dcc97427684907c5
wqp,wqp:21FLSWFD_WQX-23113,2011-07,ANFIS-T-no-current,314563,11b23410021037835b38f2ae8f414b6fc03e5bf69468a18a896e071b1221f371
wqp,wqp:CAPECRD_WQX-290,1999-10,ANFIS-T-no-current,314563,11b27922cef8f348f75c0d57a4df45754ae308e7906960bb9a4af549c6b67b69
wqp,wqp:21FLORAN_WQX-CC4,2011-08,ANFIS-T-no-current,314563,11b2dd62396cf7541d1de19966336e0ad6fd6f654825d5fe750635cb191412b6
wqp,wqp:21NC03WQ-CPF086C,2015-06,ANFIS-T-no-current,314563,11b6c75a282f6f33a28af0f26bb73a6d6ce73a3c1aa0883c2df6101fab3df592
wqp,wqp:21FLSFWM-POLE3S,2003-07,ANFIS-T-no-current,314563,11b6c864bb5d053c6ff43905b49e13a5ca0180e97e816ff81528bcde379d0e52
wqp,wqp:21FLSFWM-POLESOUT,2004-01,ANFIS-T-no-current,314563,11b90dec4b3ccfa3651adc4137833924c6420861db041042bfdaa654174ad1ff
wqp,wqp:21SC60WQ_WQX-SV-340,2004-02,ANFIS-T-no-current,314563,11b90e1684e3816947bf8412cbcbaddc3ba68b7133a02a63a3fe902a21acd74b
wqp,wqp:21NC03WQ-CPF086F,2017-08,ANFIS-T-no-current,314563,11b92719f92f05050988a4502a8f7e824e9bfa5e2ec83bb363e37b5f0172f5bb
wqp,wqp:21FLSFWM-L003,1979-09,ANFIS-T-no-current,314563,11ba14d629611155a5312410ddd40ebaa90ea741206a5b149b129f87c72d89a2
wqp,wqp:21FLSFWM-TREEMID,1991-09,ANFIS-T-no-current,314563,11bb321d6fd9a0f1d07ffa5c86b0e80cc176cd0895b3aa7ae75d487d47652d95
wqp,wqp:21FLCBA_WQX-WAL-DEER-3,2018-04,ANFIS-T-no-current,314563,11bbcca4b83104374ef3378a7f5266c38ec808a937c6be9606f6c25b553ded62
wqp,wqp:21SC60WQ_WQX-S-310,2012-02,ANFIS-T-no-current,314563,11bfec62857a66e555e1ee441340f8b4989bfe1d09caa618aac10567c23dd753
wqp,wqp:21SC60WQ_WQX-SV-340,2007-04,ANFIS-T-no-current,314563,11bffe75af5451101fccb049ccb237a5b104a76e97c6c1c3c567925661477d44
wqp,wqp:USGS-0690367690,1991-03,ANFIS-T-no-current,314563,11c00e9025beaf1b37ce7ae503f209d4af15503dce1d521259a0b78a4a50a824
wqp,wqp:21SC60WQ_WQX-CL-019,2010-11,ANFIS-T-no-current,314563,11c01fc86f0c3eef2a8311319881faf8848fb57516bd34d6e92ef553fd7bb99f
wqp,wqp:USGS-07144790,2012-11,ANFIS-T-no-current,314563,11c4a1af2a12a8eadb445afbe72f2494a91a8bf43ce4ae7213fc098cbf04e2c2
wqp,wqp:21FLSFWM-TREENOUT,1989-12,ANFIS-T-no-current,314563,11c5e215e7e90de1f5c4bc9e10a25f07ce6bbabccfc74fcef4b2870bb4684aec
wqp,wqp:MNPCA-62-0007-00-203,1987-07,ANFIS-T-no-current,314563,11c6d8359ae93a45e10d07ad9c0c0d450f22129f24fefc8b7df61aca31cfff14
wqp,wqp:21NC03WQ-NEU020D,2012-06,ANFIS-T-no-current,314563,11c942e893d69c841ef9f230e7571b1d43f051465d6e1a50cd9e6a463f9a7e59
wqp,wqp:21NC03WQ-Q5360000,2014-04,ANFIS-T-no-current,314563,11cb11ce19060a0dc21d128159dee362126369569c229298947368ad0dbbdc39
wqp,wqp:21FLSFWM-KBARMID,1995-12,ANFIS-T-no-current,314563,11cd5f2ac538bb98b7a2cb8259b324eee22183b2a4bed7d262d2f382ba38cfa6
wqp,wqp:21SC60WQ_WQX-CW-231,2015-04,ANFIS-T-no-current,314563,11cf14af481a63e4ae108a31d58c41f9856672cfb5e36464b13e6194bd5b2175
wqp,wqp:21FLSFWM-L003,1984-08,ANFIS-T-no-current,314563,11d30fa1c1a4bb9b79ad8c38718a373687474376a48d31dd6045e479d4fe49c4
wqp,wqp:21FLSFWM-PLN4OUT,1994-10,ANFIS-T-no-current,314563,11d39ee9075bc92e4037f6fc1962cbe592d11b4831705c1b3a8e0f485229a93c
wqp,wqp:CAPECRD_WQX-290,2013-12,ANFIS-T-no-current,314563,11d58e046c92e6356c2a28fd2495807b3e93b7f24d8726da97a566e83f81f073
wqp,wqp:21FLSEM_WQX-COVEMID,2016-09,ANFIS-T-no-current,314563,11d6900f7fbaaea556140102e69f1f1f646463deeba992cdebf33fd4e8a51e06
wqp,wqp:21FLSFWM-L006,1989-07,ANFIS-T-no-current,314563,11d7cec241a24c9694e9f3e4efab47757fed1e40afe3f74426ba49e9ace79c0b
wqp,wqp:21FLSFWM-PALMMID,1989-11,ANFIS-T-no-current,314563,11d8a680c5bc36703d4a859fcc8b53ebfb60c69bbe2fe7bac5c217621ed288c4
wqp,wqp:21NC03WQ-CPF055D,2011-06,ANFIS-T-no-current,314563,11db38b2a4f5eebdbbf9b545b5be688ceec1a44a9156f90850495dac41d24cac
wqp,wqp:21FLCBA_WQX-WAL-FULLER-3,2018-03,ANFIS-T-no-current,314563,11dbe39020f344b0f1809c75f1aac5392148b9381a860038bd7c3983afd16037
wqp,wqp:USGS-07263299,2014-02,ANFIS-T-no-current,314563,11ddbb27b350b7fec2fa92e302a8545611ba4f3b117c5b54e0bdb7312698c1cd
wqp,wqp:21SC60WQ_WQX-SV-340,2016-02,ANFIS-T-no-current,314563,11e41c1f2dc7aaa0036491a02c3d17df05ff7dabf0b34dbd787ed1520fa186fb
wqp,wqp:MNPCA-02-0075-02-203,1984-11,ANFIS-T-no-current,314563,11e449b80c9aff9e5df0384b5d7541b3b00a9dff6497b45f45653c0ad36c1a79
wqp,wqp:21FLSFWM-L001,1981-08,ANFIS-T-no-current,314563,11e6e4c36d7f82242b98f52244fa71b0ad960730a01d6fdc2f3c341e3a582b40
wqp,wqp:21SC60WQ_WQX-SV-340,2008-09,ANFIS-T-no-current,314563,11ebd3acfe7aabe3e45989e75f5f34a7ea7efca03515029f14594d8c5c2b87ea
wqp,wqp:CAPECRD_WQX-262,2008-07,ANFIS-T-no-current,314563,11f226d925f348a7cffd94723624d0c5eb1cb4bef7c3d4c6a6e3b4b0e83f1719
wqp,wqp:MNPCA-25-0001-00-261,1991-05,ANFIS-T-no-current,314563,11f47e55ed3699c34dd4d13e52350a12d0bb4c1b39a006bb3b604b564ff1a2e2
wqp,wqp:21SC60WQ_WQX-S-311,2017-04,ANFIS-T-no-current,314563,11f4b63cbceb347b0124b7cd5291bc0595899fd9026e37dcc80a143788cfacf5
wqp,wqp:21FLSFWM-B02,1990-11,ANFIS-T-no-current,314563,11f7fef0000504d558d9dcbf924d33492de5b35fb6d15ca0b3aa45d16e126d46
wqp,wqp:21SC60WQ_WQX-CL-019,2003-06,ANFIS-T-no-current,314563,11fb3b95a7c733b556a545455d42b6a8117d4cbae118bf32b4516f47dff0d277
wqp,wqp:21FLSFWM-TREEMID,1995-04,ANFIS-T-no-current,314563,11ff9bd30ed20cd91b81bae41b8cda16830030c28dca5e2f4a8411b3875e4b44
wqp,wqp:21DELAWQ_WQX-208181,2008-04,ANFIS-T-no-current,314563,11ffbb010c84a42530f11be0af9e215e91ae2634b72ec88d092483b445b9a3e8
wqp,wqp:21DELAWQ_WQX-206361,2001-03,ANFIS-T-no-current,314563,11fff1c6b3abd90133bd328155bdd00b01d53ddf8333db515f7cc480f1e78489
wqp,wqp:21SC60WQ_WQX-SV-361,2001-11,ANFIS-T-no-current,314563,12022ed28354801394ebd528b13211c59fe148e8c4a1acc0e09587cfb43271c1
wqp,wqp:MNPCA-25-0001-00-233,1992-08,ANFIS-T-no-current,314563,1202479bba2693af62519d2c0e10829591bdbcf0b8db7e17034fe74a20f29657
wqp,wqp:21FLCBA_WQX-WAL-CAMPBELL-2,2018-11,ANFIS-T-no-current,314563,12047985ad3559801adeb214232313fa683a3bd3523aa60875616124987a2c60
wqp,wqp:CAPECRD_WQX-280,1992-11,ANFIS-T-no-current,314563,120aa306abd1dd7d12b1b9655bc7087b31330dc36eff15c9304ee9e372079a6f
wqp,wqp:21FLSJWM_WQX-44592,2018-08,ANFIS-T-no-current,314563,120ab8354963e7677c28c314b8dc9abf96a95fa1a3863b387b309dbc09c9a430
wqp,wqp:MWRD_WQX-MILTON3P,2010-12,ANFIS-T-no-current,314563,120d3b04af20d9c55566eed5893a79e36cf141376d3be0993949d25079a84295
wqp,wqp:21SC60WQ_WQX-SV-363,2003-05,ANFIS-T-no-current,314563,120d7a978200b8564d7da35a0d19a9f6a59625d82b8a617646db383d9afe544d
wqp,wqp:USGS-072632992,1991-04,ANFIS-T-no-current,314563,120ee3638beb1f907b66631a6e8602722acf0dab33c60cd5c9fa42276e793df8
wqp,wqp:21SC60WQ_WQX-SV-361,2014-12,ANFIS-T-no-current,314563,1210021ce2bfba4a565263d44c109916bcfb4d6f79490987b588c6f826a99c74
wqp,wqp:21FLORAN_WQX-CC11,2008-07,ANFIS-T-no-current,314563,12108f6cfc80512d97e23b9e5801e0e1c7b50fe174f54a8e89f97d37c1e00352
wqp,wqp:USGS-423556088365001,1983-11,ANFIS-T-no-current,314563,1210db31ad9d69b80625d368ccf413b4833fec74466dba05b91dc6adf9d52e01
wqp,wqp:21AWIC-23,1999-11,ANFIS-T-no-current,314563,12110f3d890d73c4b5b6bb956be34308f74ebd3e636e60fea2d96d2f9db9b452
wqp,wqp:21DELAWQ_WQX-202021,2008-01,ANFIS-T-no-current,314563,121388ada4956fa78818b761e5e3e1cbcdb3c49b95d3875a90b25eff37e49c0d
wqp,wqp:21FLSFWM-C03,2005-04,ANFIS-T-no-current,314563,1215fcc38c7661966b9979a3b99544199a60d67ba99572ee6a2f16212670bf93
wqp,wqp:21FLSFWM-LZ42,1995-09,ANFIS-T-no-current,314563,121610766cc3b27d10e7e6234b77234313a32fe62b920f44c9751a1c8a471c33
wqp,wqp:21SCSANT_WQX-SC-005,2018-07,ANFIS-T-no-current,314563,121632a4949a132ab783615bd1939c3eeab78d5672df620cb0825bc5b5298a93
wqp,wqp:21SC60WQ_WQX-SV-236,2017-07,ANFIS-T-no-current,314563,12175399d6ea8257e22ecc6d18ab07423519c411fc2ac5d70e398f16e6f1c623
wqp,wqp:21FLSFWM-KISSR0.0,1995-06,ANFIS-T-no-current,314563,121a565a550772b65a56bea9de82c59ceeb41bf91737c13701a31cd2fbce1e31
wqp,wqp:21FLSFWM-L003,1993-06,ANFIS-T-no-current,314563,121b7ecbd9606681821f96f47f01bc16edc44332b21b112e05d3e121b3b741e6
wqp,wqp:21SC60WQ_WQX-S-222,2005-12,ANFIS-T-no-current,314563,121c91c3473c4412b1684ddbf08dade282e44ff901b19f82693e7effe3202088
wqp,wqp:AZDEQ_SW-32,2016-09,ANFIS-T-no-current,314563,121ee2df7505f2b46c032484e6c71990084ddd20e6c0c70832563612c12205ab
wqp,wqp:CAPECRD_WQX-262,2014-07,ANFIS-T-no-current,314563,122143cdf9509ee9952b82368478e079a93bced44a8eb85a8f95d64f8af313a1
wqp,wqp:21DELAWQ_WQX-108111,2011-06,ANFIS-T-no-current,314563,1223acba5eea6c75483f442124aceec1b2027dd2298cd429309d42666f96857a
wqp,wqp:MWRD_WQX-MILTON3P,2009-02,ANFIS-T-no-current,314563,122e6e466d20053396765fa8a524fce9cf4fef49afbd82dec1bb7b433e8bf1ec
wqp,wqp:21SC60WQ_WQX-CW-207,2018-07,ANFIS-T-no-current,314563,122f96b228dfee7d3ac526201664396565223945c81a1ea860a184671db8e7a1
wqp,wqp:21FLSFWM-KBARMID,1997-04,ANFIS-T-no-current,314563,1230015a7031ddb6bc5c2a8abe4027e7fdeb2ffedea981215176da4b1b59288f
wqp,wqp:MNPCA-62-0007-00-203,2001-05,ANFIS-T-no-current,314563,12305d714bd2e7218bc571588d2aa7f9bd98e98fb62139978af4bfa0e0d4fb99
wqp,wqp:21SCSANT_WQX-SC-042,2017-05,ANFIS-T-no-current,314563,123176bb3e4df5a635bd85bbaea23b1b521ed54611d86dc2c3f5d6f05e0f594a
wqp,wqp:21DELAWQ_WQX-307171,2013-10,ANFIS-T-no-current,314563,12319e8e80ffc1b2d7e21ded2c8ea71fb6bf4ef8c1b9ea3575ddee48d79efa9c
wqp,wqp:21DELAWQ_WQX-304321,2015-03,ANFIS-T-no-current,314563,1234c11e10ee1c93a0eae68845f5105d7fa1dadf01d01ce9e6f206da31a75687
wqp,wqp:21FLORAN_WQX-CC11,2007-10,ANFIS-T-no-current,314563,1235b30a91f88922d3ce6dd2664146b90f30f9f4f63ec5b36d6b43c683225172
wqp,wqp:21GAEPD_WQX-LK_12_4048,2015-12,ANFIS-T-no-current,314563,12383e57bd55138c6bce315a30027f8e450ff3f3fee74bc7e0470687e6527f31
wqp,wqp:21VASWCB-2-XDD000.40,2013-11,ANFIS-T-no-current,314563,123ca053687070ef1587ace18abc91650e071ec7c316c1a4e24a38807f33b600
wqp,wqp:21SC60WQ_WQX-CW-197,2009-03,ANFIS-T-no-current,314563,12415d19a015116aee14c0fbb5bb34b55aa1884b9b5cfa78f899da9694576abd
wqp,wqp:21FLSFWM-E04,2008-03,ANFIS-T-no-current,314563,124179b649d6e511b6a4bcc4d7440deb1b513b5909a3ee84cb7b2e9783c8d875
wqp,wqp:KAWNATON_WQX-KN-KL-005,2013-03,ANFIS-T-no-current,314563,1241d1fee082ee29fadad6231f7990c402a1b6fb90522b920f6e3eb57bf09172
wqp,wqp:21FLSWFD_WQX-23467,2012-06,ANFIS-T-no-current,314563,124723332431e9bc94aede6161f7ea4359efb8b873b869d74a81e61dbe171dbb
wqp,wqp:USGS-07048910,1991-05,ANFIS-T-no-current,314563,1248eacc7627bc945ab16fde0f23f1d6740830cf8c91e83c6404939e78cf45c6
wqp,wqp:21SC60WQ_WQX-S-222,2001-06,ANFIS-T-no-current,314563,124cef1f5e6d07f1ff4bb19b0b45514f04482cf24a3a9fd36c7b9712ec91ce91
wqp,wqp:USGS-423659088354401,1993-06,ANFIS-T-no-current,314563,125201b9ad6185ce1a424be5417fbf51d79a54bbfdba8999f55aa2e47e7bf49d
wqp,wqp:21FLCOLL_WQX-LKTRAF4,2000-01,ANFIS-T-no-current,314563,1258578f4f26c8779e2bed9b717de2aa7af30f999f14f90e62a190fc7ad1800f
wqp,wqp:USGS-423526088380101,2016-04,ANFIS-T-no-current,314563,125935b93caff2f2fefded2d724b663df742d9a8a3c0b70aca6a7bb8967794ea
wqp,wqp:21GAEPD_WQX-LK_12_4048,2000-04,ANFIS-T-no-current,314563,125a84cdcce94b65aa02c8e0ee891c13cb0efc3db71248b56dc9c180a226e2c2
wqp,wqp:21FLVEMD_WQX-SJ17,2018-01,ANFIS-T-no-current,314563,125c8d0cad253a05439046d532b6e44e188bb72946b52a65afb96c4521fe9380
wqp,wqp:21FLSFWM-KBAROUT,2006-08,ANFIS-T-no-current,314563,125ca1e1f50d4b53886f857bd2939bab8f30888ccb8cb63f463bde5b41140e3a
wqp,wqp:MNPCA-10-0042-00-401,1986-05,ANFIS-T-no-current,314563,125d4406a60639022c05d35dfc5f34b5b336d7a1b85fb314f29617a763e1bb69
wqp,wqp:21SC60WQ_WQX-SV-200,2010-03,ANFIS-T-no-current,314563,125dc58cabcd75016196336b847fd8925015b5b2c54d062bde3fa69d0e22eb59
wqp,wqp:21SC60WQ_WQX-CW-174,2002-12,ANFIS-T-no-current,314563,125e211fd94dec33448897e65a0a595820ca384986b1db01c78b64f70b9023c4
wqp,wqp:CAPECRD_WQX-262,2017-09,ANFIS-T-no-current,314563,125e2b4e77589f9deb2bf83f911be5d1e5af6bf48074a1c2ca40d55995b8c986
wqp,wqp:21FLSFWM-B09,1998-01,ANFIS-T-no-current,314563,125f620e23ca9d6981dad1b750968fe2e2c1ec9eb5f16083eb0a0d0c2d5b8854
wqp,wqp:MNPCA-02-0075-02-203,1999-10,ANFIS-T-no-current,314563,12629115aca1be4d6a4b8462996bc8959b72ae9f0e66c1c5d7ddb531599335eb
wqp,wqp:21DELAWQ_WQX-208181,2002-11,ANFIS-T-no-current,314563,1262965b26db72d8fea0e1c47a67f2bb6a2d4b6a892f8ae90ccd3df67ebf2bf2
wqp,wqp:21FLSFWM-KISSR0.0,1991-01,ANFIS-T-no-current,314563,1264b017ea08158efdc5282ef998da78fed6bd4f201c5acbc89fc3c05a105f00
wqp,wqp:21FLSFWM-ISTK5,1990-07,ANFIS-T-no-current,314563,1265886edec3b1b09c63d827d197e0828e14cfaef12927d9b1f43f0796741b26
wqp,wqp:USGS-423556088365001,2017-04,ANFIS-T-no-current,314563,126608dbe99e44e1f540df0e886b0536dad1b77ea7a5db6111066b767dcd4536
wqp,wqp:21NC03WQ-CPF087D,2001-08,ANFIS-T-no-current,314563,126d0060763a5dcd46126e964312b954ea20410071e591e97b4b855a5926da7c
wqp,wqp:21SC60WQ_WQX-SV-361,2004-03,ANFIS-T-no-current,314563,126f54b586378f4d9744080ad40a77d65f66c150fff39e3043ac9583c7c3775c
wqp,wqp:21DELAWQ_WQX-304321,2017-04,ANFIS-T-no-current,314563,1278676f62eddefbe67ebe914bcc7049c0e63154f3ea5deb995f0f1cd0ea0ad5
wqp,wqp:KAWNATON_WQX-KN-KL-001,2017-02,ANFIS-T-no-current,314563,12790569660686ab23c332963fe684bab6399caa91b31ce2e83b6194b1c8dab4
wqp,wqp:21FLSUW-ALL010C1,2005-04,ANFIS-T-no-current,314563,12797262d3b0369900374593affef8dc32d4518a2d194b0378659a6388ec832f
wqp,wqp:21FLSJWM_WQX-44678,2017-01,ANFIS-T-no-current,314563,1279ddb436c952c98d1b5e03890aef3f48801a4ae41fd713da461ffec0c949ef
wqp,wqp:21FLSFWM-L001,1996-02,ANFIS-T-no-current,314563,127b89979ec96b3d20347544ee96f147b16333f8ab8aee12aee3b034c8503602
wqp,wqp:MNPCA-62-0054-00-101,2010-07,ANFIS-T-no-current,314563,127c06832ecacd875d46f5e3f922adf804c1904d38cd8e1de227fb3696aceb6a
wqp,wqp:21FLSWFD_WQX-23480,2011-06,ANFIS-T-no-current,314563,127e9d35177f2b2f69b53898ca624f02ab6cd808525ddce796d1985cbd42a8c8
wqp,wqp:21FLSFWM-L006,1987-02,ANFIS-T-no-current,314563,127eb256addfa7d330029b95fa943f1677515e6327f044c1626fa06a22f86854
wqp,wqp:MNPCA-62-0054-00-101,1984-05,ANFIS-T-no-current,314563,128130ba14c8699dbe29c3aa7c719309c0ef38570f74071feebce51516d1efec
wqp,wqp:21FLORAN_WQX-BC7,2008-09,ANFIS-T-no-current,314563,128510d3d1cb7675e47a5454b7b5d812c0498921c7bbc8a43bd23705a21cfb24
wqp,wqp:21SC60WQ_WQX-SV-361,2006-11,ANFIS-T-no-current,314563,1288354ab803e4d74119cf39412a3a7b4fe494faf0eaa478d88b29cab30206f8
wqp,wqp:21FLSFWM-B08,1982-02,ANFIS-T-no-current,314563,128ace973d1d2c21a8abdbb46bd34c9a110be1036631b1f41fdc52673faa9b25
wqp,wqp:OKWRB-LAKES_WQX-520710020020-01,2004-09,ANFIS-T-no-current,314563,128f1463be3e4d4fbc1dadbd2ee0d11d5829c3b4c70caf36531302384c5a4b1e
wqp,wqp:21SC60WQ_WQX-SV-200,2004-11,ANFIS-T-no-current,314563,129333ca5e061950844f9a8a54f449e654ed7aafd24eea986771103172c5ac1f
wqp,wqp:21DELAWQ_WQX-109131,2018-06,ANFIS-T-no-current,314563,1293a2ae76010672f0f0be6ace8e563d27fce4c49c18dc96e7f74fe23abb3768
wqp,wqp:21DELAWQ_WQX-109131,2013-09,ANFIS-T-no-current,314563,1295f0e084a21733203d9212bcb436dd4e322d1c35262fa91383bde165924fac
wqp,wqp:21FLHILL_WQX-135,2006-09,ANFIS-T-no-current,314563,1296202807be7948b84264b8614e53169f67338edbf14eafedd51e4fff5b31af
wqp,wqp:21FLSFWM-L008,2008-07,ANFIS-T-no-current,314563,12998d7f7b5a4bec3b277fdf9742de756998d10a06673baa06b573b2b6a11704
wqp,wqp:21FLLCPC_WQX-TROUTDKEUS,2015-04,ANFIS-T-no-current,314563,1299dff5022dbfe6d0814aaaadb51dba6bf35e972b12026646deaf1e75492b64
wqp,wqp:21FLSJWM_WQX-409555,2017-08,ANFIS-T-no-current,314563,129d7e34e408686c6ea6a4c16b2a77f96265e63b81539ad7d7db8043aaf444d8
wqp,wqp:21FLSFWM-PALMIN,1991-12,ANFIS-T-no-current,314563,129e3d6792b224383b84e714f8d714c3161d61c5128992e354011b4d6207f782
wqp,wqp:USGS-295826095082200,2015-08,ANFIS-T-no-current,314563,12a00404ad28a994492374a6b6e6aae5467b70dc30f910bdd3b7e198bbf70591
wqp,wqp:21NC03WQ-CPF087B3,2014-01,ANFIS-T-no-current,314563,12a1ff07797870e7b108a857e472fe47e1f49654d14417ea628f041a50ac6197
wqp,wqp:21FLSFWM-RITAWEST,2002-11,ANFIS-T-no-current,314563,12a378155cd57cbff977e442540f7fbaeef7d93a6ff5a764bd5e573905a4abf8
wqp,wqp:21DELAWQ_WQX-205211,2011-02,ANFIS-T-no-current,314563,12a660a821d8d64eb0fd5c2f727288c964da6b583009387623cb6979b06f4a41
wqp,wqp:21SC60WQ_WQX-CL-089,2004-10,ANFIS-T-no-current,314563,12a71c0008d99bd4a8ca2cdffdbfc5682e851f801f3a3bbc406e27eca3563514
wqp,wqp:MNPCA-25-0001-00-215,1992-09,ANFIS-T-no-current,314563,12a7ed2eef0659e46c7b3893433ee0847819a76ea73cc309888dbcfb306329e1
wqp,wqp:USGS-07263299,2003-02,ANFIS-T-no-current,314563,12a8001a96729d8227d9b86f91cd24f203a848d674f378a24f37ebab3d1c46c7
wqp,wqp:21VASWCB-5ASRN000.66,2006-10,ANFIS-T-no-current,314563,12a93c69cb0a03ad93fc119d6b84259cf8489918168d27885843c004187248b8
wqp,wqp:21FLSFWM-KBAROUT,1987-05,ANFIS-T-no-current,314563,12a94046083d6e82ab48a15bab67e8e7499b4148097e02526a4ca72d44ab8523
wqp,wqp:21FLSUW-ALL020C1,2004-04,ANFIS-T-no-current,314563,12aa89e3a0d65470ed74fb4d7ad49a0a210253171a2d995150495d6d0584abba
wqp,wqp:21FLSFWM-E04,1994-03,ANFIS-T-no-current,314563,12aad9fb4847b61ec862fef1f7aeed820f2fd222d3cff93b50f4056bf7fa5f83
wqp,wqp:KAWNATON_WQX-KN-KL-001,2014-04,ANFIS-T-no-current,314563,12aae33a32b6898f512f8fec35e706f386ccef967c84a4405b37bfaf5b122a16
wqp,wqp:MNPCA-25-0001-00-232,1996-02,ANFIS-T-no-current,314563,12abb65cd3cdb94730b89b875936756213de0359f18159078fed2d658f67b58a
wqp,wqp:MNPCA-62-0007-00-203,2009-09,ANFIS-T-no-current,314563,12ac699e40fca02e4f46c94b9d0abade34f4eca3197db2af7e2731657fc31624
wqp,wqp:21FLSFWM-B02,2007-05,ANFIS-T-no-current,314563,12aee289cce3c9c43be2d8e0010dca99b847aa114904fb15b335bbe5e19987f3
wqp,wqp:MNPCA-86-0297-00-201,1984-04,ANFIS-T-no-current,314563,12aef43540140fc7afd4e06650116301e7932358354d06547133f78168dbaabd
wqp,wqp:21SC60WQ_WQX-CW-231,2013-06,ANFIS-T-no-current,314563,12b467d2829fa7ec8e1f6314b6299ab2f29f671ef4935a18a01a2142045ad116
wqp,wqp:21FLSFWM-CLV10A,2000-09,ANFIS-T-no-current,314563,12b595bf71924252e1e4fe68a5ed4917c7188ca8348d2059880e90ead4566a76
wqp,wqp:21FLCOLL_WQX-LKTRAF1,2008-06,ANFIS-T-no-current,314563,12b5fca8fbf5de5fda817b815f220b5af0bfc70e41fbd03ec4c82d6844c36d29
wqp,wqp:21AWIC-23,2006-08,ANFIS-T-no-current,314563,12b602be06a969836b63ad51fb1e3dd2f0e95740200735fc575456cbf62081a8
wqp,wqp:MNPCA-62-0054-00-101,1996-07,ANFIS-T-no-current,314563,12b7ff6a4249eaf9ea765247d62c388ddc91dd02c46f57e0c411f76590251c7d
wqp,wqp:21FLORAN_WQX-BC14N,2018-03,ANFIS-T-no-current,314563,12b9b6f889876f58ad26e80c4eac4711981b1db63e93fbbfc84355ff81e3d560
wqp,wqp:21DELAWQ_WQX-110011,2011-05,ANFIS-T-no-current,314563,12bbd40c8ba7e9d37d6c017793c7d85eebd7d9c8e31d1ff43efe5fb93653cd72
wqp,wqp:21FLSFWM-L003,1989-01,ANFIS-T-no-current,314563,12bbf26d9f71880e3a8fd6ba8e60c50e9402b65473c7db66a0b210af8c4ec1c6
wqp,wqp:21FLSFWM-PALMOUT,2007-02,ANFIS-T-no-current,314563,12c346baae68baf33521ac99a4f900546d17d6c13fe5f82c25efae690f0e5bb3
wqp,wqp:21FLSFWM-L004,1986-12,ANFIS-T-no-current,314563,12c42c1e51a0a1984cf60d47068e15b5f35c7acbed75dec1c1fb4ffc3a55a09a
wqp,wqp:21NC03WQ-CPF086F,2000-06,ANFIS-T-no-current,314563,12c5610d148d2670fdff98395700774cc791b4616ceee4279b0ec6a9db0fa952
wqp,wqp:MNPCA-62-0013-00-201,1994-08,ANFIS-T-no-current,314563,12c56d94bb36ddba0768798d2309d8ee51a367aae8af1d777da8f3958866ff2d
wqp,wqp:21FLSFWM-PALMOUT,2008-04,ANFIS-T-no-current,314563,12c6a3312b92825827ce549945590e2dc4daed8cc6c909ae35173aa2f1158c8d
wqp,wqp:21SC60WQ_WQX-B-327,2009-01,ANFIS-T-no-current,314563,12c743a868bc91c47d89232d61f48c55d268d961b9d2a8f0190474a416ace0c0
wqp,wqp:21SC60WQ_WQX-SV-200,2017-12,ANFIS-T-no-current,314563,12c96049c29927a2dc242fdc3337749bc5d3b9d7c16bb1eb3fecf50dffbc5628
wqp,wqp:21NC03WQ-NEU019E,2014-08,ANFIS-T-no-current,314563,12c983264f74c0fc9d4d0a538a41145f332bf3484f6a34534416c1bf990241cb
wqp,wqp:21FLSFWM-L008,1995-06,ANFIS-T-no-current,314563,12cb56aa7b03f3258eeaf3f469393d5c14ab2e5d5d794f79ccab6edbe8b6bad7
wqp,wqp:21FLSFWM-FEBIN,2000-08,ANFIS-T-no-current,314563,12cc4978bf36e353e7c6a4982f2232ebef4263ff7ebd641ba7497800f05284d9
wqp,wqp:21FLSFWM-PELMID,1999-12,ANFIS-T-no-current,314563,12cea82c4f487e5e0e7e31d807ef2c306ddbc6e5d496e6b241da7ec47c078df5
wqp,wqp:21FLSFWM-LZ42N,1998-07,ANFIS-T-no-current,314563,12cf176ce071b6d37560e8453737ed033d86ed6d68df2fe719446b0ebcc88e9a
wqp,wqp:21FLCOLL_WQX-LKTRAF4,2014-09,ANFIS-T-no-current,314563,12d0d0659a2d1a67627067b91671fe5f193f5244700513c04abd2f57990ae00f
wqp,wqp:21SCSANT_WQX-SC-005,2017-02,ANFIS-T-no-current,314563,12d189c2e65ddd2f8c3b8540124ee15fe204e739f2fe9c6a6669ba21c4b0d294
wqp,wqp:21SC60WQ_WQX-CL-094,2001-01,ANFIS-T-no-current,314563,12d1c12f3df0e30bcbabdcecf316a1b75138907786dbaee1d830e6a2713f25e6
wqp,wqp:21SC60WQ_WQX-B-339,2001-08,ANFIS-T-no-current,314563,12d34ad9e7a136cbcfe081bdb0e1c7d91e7e9584b45aaface61492434ff39474
wqp,wqp:21FLSFWM-LZ42,1991-06,ANFIS-T-no-current,314563,12d43f0be0463a0c02bdf7f6400a5ae04591fb2619def2d1365dcf6faec21cdc
wqp,wqp:USGS-294607095042700,2017-09,ANFIS-T-no-current,314563,12d8595e0e54b1fc3bc6f7cb1d8c00c22b7b6ebb9a7201095ed6535f72406b80
wqp,wqp:21FLSFWM-E01,1982-07,ANFIS-T-no-current,314563,12da4445aefc55d27fe8bdb0581a6088f0978467344bb295c9c39500eb427369
wqp,wqp:21FLORAN_WQX-CC22,2017-03,ANFIS-T-no-current,314563,12dae2903ceaa0c2eebbe6fb35245edd8f55949fda053dbffd32e760f325e307
wqp,wqp:MWRD_WQX-BARR3P,2014-01,ANFIS-T-no-current,314563,12dbcc56e485f24c4d96f4b95ed0fe637c06e1f145d9f7bd325c2d19cc40fbe2
wqp,wqp:21DELAWQ_WQX-205181,2016-09,ANFIS-T-no-current,314563,12dce1747e0c8ebc9e02e146061eb509e3f2266d6abbc05353fd37e2a2b15783
wqp,wqp:21FLCOLL_WQX-LKTRAF1,2008-09,ANFIS-T-no-current,314563,12dcec4a3124061a5685593db1b66cc916f172473f30533bc8b1305a6b8b39f9
wqp,wqp:21FLSJWM_WQX-442129,2016-09,ANFIS-T-no-current,314563,12df4ff9992c264e96c73674e85b2424660e9bda060006f6a70edeeb5072cf7a
wqp,wqp:21NC03WQ-NEU019L,2017-04,ANFIS-T-no-current,314563,12e0c7ca80e7e45f13505959c4b8a19e53cadc9a06cd2f174274f4477ba2412e
wqp,wqp:CAPECRD_WQX-290,1996-12,ANFIS-T-no-current,314563,12e4c90327b0e24da42c0c3d9393b3101cea99e6db32369ccd94d51e6a301431
wqp,wqp:USGS-423526088380101,2018-07,ANFIS-T-no-current,314563,12e5856bd20cce71f0eecafdfadd80fdb56c08286ab0c1578e02d933bdd5588f
wqp,wqp:21FLSFWM-KBAROUT,1998-01,ANFIS-T-no-current,314563,12e6823b087a8d8d9402f7688dcd574aabaab2692d78fdb94cc0c6307da2ceec
wqp,wqp:21SCSANT_WQX-SC-014,2018-12,ANFIS-T-no-current,314563,12e8824a49315942ca38e526100228caabc0effd770efb74f146f387233f08ad
wqp,wqp:21FLLCPC_WQX-IDAMERESSHDK,2013-03,ANFIS-T-no-current,314563,12ebf61fc8284bc5bfe1a5f8bc70b2b6a6de136c6e55ab0a92c4fb6dd6557cda
wqp,wqp:21SC60WQ_WQX-S-022,2012-12,ANFIS-T-no-current,314563,12ed0300defb87b13761767e182bb23905bba0236176160f7ba7b7fb2641a0f0
wqp,wqp:MNPCA-10-0007-00-201,2012-06,ANFIS-T-no-current,314563,12ed716622bc7301aa04950734759d6c410d4e110415d12218a0ea8229b1cab2
wqp,wqp:21FLSWFD_WQX-23477,2006-11,ANFIS-T-no-current,314563,12ee8954bd1b24c5c70817bee917701f4bb27d626093412d4c3d1397897ecf9c
wqp,wqp:MNPCA-62-0007-00-203,1982-09,ANFIS-T-no-current,314563,12ef17af1ebf22d5461506e043f969b528b923fa8b02806fc5ecd15f8049b74d
wqp,wqp:21FLSFWM-PALMIN,1992-08,ANFIS-T-no-current,314563,12ef6face34fa53fda1b3b5aa0e2ce536fc517515263b66ed283c943360c2406
wqp,wqp:21SC60WQ_WQX-SV-098,2008-06,ANFIS-T-no-current,314563,12f021ae7845611daf9f5ad4aabb1cc760bdb35735bb42f3e3e27c6ae6df0d27
wqp,wqp:21SC60WQ_WQX-CW-033,2018-07,ANFIS-T-no-current,314563,12f1f68f9947e07885af4c862d82692a76badc2512831b876e8c52a35aeaf805
wqp,wqp:21DELAWQ_WQX-109031,2006-11,ANFIS-T-no-current,314563,12f4482ce09a5963fe1605c9eaed3b0c71bc06d90c9f3974fa06f822a6e051ef
wqp,wqp:21FLSFWM-D02,2005-08,ANFIS-T-no-current,314563,12f6c3479d4f7bd29895d906ceeb1b86c270ee84ba238bbfac1343b281f66510
wqp,wqp:21FLSFWM-LZ2,2003-11,ANFIS-T-no-current,314563,12f83b662b3d34eacbd1ac47cafb1ccfb2ba41316c95b0137e854102e5c99caf
wqp,wqp:21FLSFWM-L003,1985-02,ANFIS-T-no-current,314563,12fbcbfef65c9530d0af9cb19e811a93e9e3d1da7babfb21532d8375131b6ceb
wqp,wqp:21FLSFWM-POLESOUT,1992-08,ANFIS-T-no-current,314563,12fe0473f4d4df859fe4919a593b6f54128c9ace480eab959b94dd49b02f0560
wqp,wqp:21FLSWFD_WQX-23389,2006-07,ANFIS-T-no-current,314563,12ff535986faea0c44a08c3d15c29b0ca044c744f707d90f13f251cef70f6e11
wqp,wqp:21VASWCB-5ASRN000.66,2006-06,ANFIS-T-no-current,314563,1301977adff18266e456ed9a0e12c3b6dbe08657da66bee82461e3eab3a4e979
wqp,wqp:MNPCA-62-0013-00-201,2002-04,ANFIS-T-no-current,314563,130617ee97e6b49114d1e14fde409d52792e64e5972b95502134118743df0d50
wqp,wqp:21SC60WQ_WQX-CL-089,2004-05,ANFIS-T-no-current,314563,13077a85f7aee320e0d8090d7375100576fc5681ab24948814cabc9370c7b263
wqp,wqp:21SC60WQ_WQX-S-024,2002-07,ANFIS-T-no-current,314563,13082e2488ee1e5e3ec3e4ab0778add0568aee2b4c4bb96ae38c7f0a367ff227
wqp,wqp:21SC60WQ_WQX-SV-339,2007-08,ANFIS-T-no-current,314563,130859371193d03cafad6446f61aa7bbd4bd39fca64fd9341a333cdd7b947525
wqp,wqp:21FLCBA_WQX-WAL-GRAYTON-1,2018-02,ANFIS-T-no-current,314563,130876941addfd189261caa3c294132c282e83d7972386d697e5b736db01e2fe
wqp,wqp:21FLSWFD_WQX-23144,2018-12,ANFIS-T-no-current,314563,1309198f6f60dda2345d8c0e8f9cd804f76514e6de27eac82dd25c7b0368ede1
wqp,wqp:21SC60WQ_WQX-SV-363,2010-11,ANFIS-T-no-current,314563,1309a06f79f7624eb136e760044d95b6ca26a7ce19100ddcbd1328c475cc25d4
wqp,wqp:21DELAWQ_WQX-206361,1999-04,ANFIS-T-no-current,314563,130b6a13c2f504d7c504a9747a68d7d40035bdd58f4ece725dcc73866dcf8da1
wqp,wqp:21FLSFWM-PALMOUT,1993-04,ANFIS-T-no-current,314563,130ca14a3ce655259e89f6a220b28645c7f54cc2412d3c7e17808c1592eb633b
wqp,wqp:MNPCA-10-0007-00-201,2013-10,ANFIS-T-no-current,314563,130fb08e8f190954e41bab07bc31180fefed1ea1d9709c6a17d9154946a7475e
wqp,wqp:USGS-423526088380101,2017-06,ANFIS-T-no-current,314563,1313107ace0c3221e6b80620157398e1730c75e04fa97259b061cf2dd8b9b768
wqp,wqp:21SCSANT_WQX-SC-042,2014-02,ANFIS-T-no-current,314563,13132aecca78e3c8c87ace91deee2c070c98526d21019fa100f408176e073b2c
wqp,wqp:USGS-07144790,2018-05,ANFIS-T-no-current,314563,1316295f3b50adb9d30d5ce7b48158c0878b5ed69e9fc1b4ac2922ab622089d1
wqp,wqp:21FLSFWM-TINMID,1988-06,ANFIS-T-no-current,314563,1316d1905f059aa0e2643eab1f8aeb87048c5caa3f655e481d4ccbba7a283655
wqp,wqp:21SC60WQ_WQX-SV-335,2009-01,ANFIS-T-no-current,314563,131850b898fc9d433121e05c8066ade87e14d0a3aa6e4f32563da9b13f817ae3
wqp,wqp:KAWNATON_WQX-KN-KL-003,2014-12,ANFIS-T-no-current,314563,1320b7f6879b04f8b173c2ae2d020cd08e318dec35028938020e9a0c6edee9c5
wqp,wqp:21FLSFWM-A03,1984-09,ANFIS-T-no-current,314563,1321d092bb8fb1607f21ec30071a1c9041be19009b3b7ba78d184d9e4843ac43
wqp,wqp:21SC60WQ_WQX-CL-089,2006-07,ANFIS-T-no-current,314563,1325a83d349bd27d0df3834d315e75846ed4f766a99e23a89c5908732a1ab69f
wqp,wqp:21SC60WQ_WQX-CL-019,2008-03,ANFIS-T-no-current,314563,13265cfab3a0d667c6ed72ed85be7d880e3fb880620541444d3a2190e7acca6d
wqp,wqp:21DELAWQ_WQX-307171,2013-04,ANFIS-T-no-current,314563,13284bd8711b6ff202c7701031ddf06168391e6cf8de01aade640b07a3fc3ee6
wqp,wqp:CAPECRD_WQX-290,2010-04,ANFIS-T-no-current,314563,1328edcd566d7d87d1e78dc7a464276a002ee9f79b78a5c4d3d42489720e10ba
wqp,wqp:USGS-01657665,1973-11,ANFIS-T-no-current,314563,132a60fef7a7fb08cf608dae0d8e4a85549836b27be8e94ddbff53c8109d20ae
wqp,wqp:MNPCA-62-0007-00-203,1989-04,ANFIS-T-no-current,314563,132c430879dafef203fa2b3cab73d4aaa85984328fece2e94f0d994445415040
wqp,wqp:21SC60WQ_WQX-SV-098,2002-07,ANFIS-T-no-current,314563,132ccde730facfd6d787660f56a1645279bb2525df9faa02da91194d24e8485b
wqp,wqp:21DELAWQ_WQX-205211,2018-04,ANFIS-T-no-current,314563,13313b0d1bda388fcf95eb3afa0ab28a3e0419a3ee0e8ce7305f73179bdb8158
wqp,wqp:21NC03WQ-CPF087D,2014-02,ANFIS-T-no-current,314563,13441b0966839b6b0b4c350ab324a01f3d44a140897c2b028f401f4e65005f31
wqp,wqp:USGS-07048910,2017-12,ANFIS-T-no-current,314563,134527ff15d26718636f039deab5f25dfd9882ab709ee6394117299a3f5a1775
wqp,wqp:21FLSFWM-RITAWEST,1996-08,ANFIS-T-no-current,314563,1347611639206f8dc4cc91597aeca33a162254713fc1b9fcf30beb03e698fd91
wqp,wqp:21FLSFWM-LZ42N,2006-08,ANFIS-T-no-current,314563,1348286ff7d1d0621dd9622176587ee8d663afb4cc5a89ed806ef36f07193399
wqp,wqp:21FLHILL_WQX-135,2018-08,ANFIS-T-no-current,314563,134dc784fe931db4f08e8e5035d75d50635002235c691a02f403e01d5081b52c
wqp,wqp:CAPECRD_WQX-290,2005-04,ANFIS-T-no-current,314563,134e60ffeac20a93b02896ae3a6b9e0d3ea7e046fad19d7b625ee280e732c9a0
wqp,wqp:CAPECRD_WQX-280,1994-05,ANFIS-T-no-current,314563,134e721ead718d35920ead951a950211e01a48d0d99e957b6c753610d4dbd52c
wqp,wqp:21FLSFWM-E02,2003-12,ANFIS-T-no-current,314563,134f021cf00090622f39f88f30eb7be3052e9ad7be53619ead38382bc0e86742
wqp,wqp:MNPCA-10-0048-00-201,2016-08,ANFIS-T-no-current,314563,134f317e10faa0a85f653281562b576ba05b3935d59eb1daa2671ac92a006953
wqp,wqp:21FLSFWM-D02,1989-08,ANFIS-T-no-current,314563,13584641d579231bbc27002e52182d755f337045d734264ebc372d6b1609336a
wqp,wqp:21NC03WQ-CPF086CUPS,2014-02,ANFIS-T-no-current,314563,13593bd6a128bd426397f25eab2b827cdabb53577586d0f8f7937a6664a507db
wqp,wqp:21SC60WQ_WQX-SV-331,2007-05,ANFIS-T-no-current,314563,135945a1a6f42920a5f4dbb856aade02cfdadc70202186f0b8d8396e8acad6f6
wqp,wqp:21FLSFWM-ISTK7,2007-01,ANFIS-T-no-current,314563,13599cd9d3207fe102778e7dd7711b20110fb785f5e535c3ff8b3241de78998a
wqp,wqp:21FLSFWM-L003,1995-07,ANFIS-T-no-current,314563,136156e563d70dc3579008b2ab8157cdf25bead96eeeb5f830a09b11944c381c
wqp,wqp:21SC60WQ_WQX-CW-197,2003-10,ANFIS-T-no-current,314563,136212cad5a821ed74249cf77e9b43cd2c3142d58e94cba2e9dda0cdda3ae96d
wqp,wqp:21FLSWFD_WQX-23389,2005-08,ANFIS-T-no-current,314563,1363b2f80ecc58e89652d077f2c22f10be5a0ed9f821feacebc5c5bb787f58df
wqp,wqp:21FLSFWM-B05,1982-10,ANFIS-T-no-current,314563,1365b1d9e4ae9b439127e2c3a1ec10ab5a5d7899e8570b27ad378891e470334d
wqp,wqp:USGS-295554095093401,2016-12,ANFIS-T-no-current,314563,1369cd200367ef2bcec65a6f2b1c1d75fb903749141050d825c3139720dcad1c
wqp,wqp:21FLSFWM-LZ30,2005-07,ANFIS-T-no-current,314563,136cd2e92fd3ecfe7118822f62ea7d2df1136cccbba614a28846a3bf106856e2
wqp,wqp:21FLSFWM-A03,1984-05,ANFIS-T-no-current,314563,136ebfc10578103ca7b86e34191cf0b3c1ec0310cb1cd131dd74bed64a409c7c
wqp,wqp:21FLSWFD_WQX-23641,2003-02,ANFIS-T-no-current,314563,13701a1f4da9abeb9530e2586ceb0fd85e31c035373c35757796c8f5a74ece40
wqp,wqp:CAPECRD_WQX-262,2014-03,ANFIS-T-no-current,314563,137039d11610273309d0a864ba9f740daed125603bf1f63f8a793e18a6479419
wqp,wqp:21SC60WQ_WQX-SV-361,2016-10,ANFIS-T-no-current,314563,1371c00b30594dd21afbaae2f08ba6c6bd8dcc7ff006a9182f06fe4529731540
wqp,wqp:21DELAWQ_WQX-205211,2018-11,ANFIS-T-no-current,314563,137309b790255d0fda50d7be234dc259d6a224a3732ab3e8489d1e1e7c90bf90
wqp,wqp:21DELAWQ_WQX-110011,2011-10,ANFIS-T-no-current,314563,1373bef201492564f31760f67b5ebd64208390332b693207336f60611b82620f
wqp,wqp:11NPSWRD_WQX-SLBE_PL_01,1992-10,ANFIS-T-no-current,314563,1375bd9370464d5e20c18bfe192b27761ed7f66d97e2bd88ab5467a0575e0b7e
wqp,wqp:21SC60WQ_WQX-SV-338,2002-04,ANFIS-T-no-current,314563,1377fc3cf19baa0ebbb61e562ce005a8528215dd58dc5b338d32529582927331
wqp,wqp:21NC03WQ-YAD169B,2002-07,ANFIS-T-no-current,314563,13805c2379cad9f0c90bfb3540834f2274390c3e7a8f5e2797636358036e9683
wqp,wqp:21FLSFWM-C03,1988-10,ANFIS-T-no-current,314563,1383e684369ff0d9aa2ccbcdb674b239eaa38ee30a9ee82a8f21f0e6b25ed5bb
wqp,wqp:21FLSFWM-E02,2004-07,ANFIS-T-no-current,314563,13849edc69703464151ecb40fbd57d825eca4bc5472a34f3bf37aa3ffe3cecfe
wqp,wqp:USGS-01657665,1974-05,ANFIS-T-no-current,314563,1385d92f6180e0dd9fcfb4cfceac96665c0fe3aa6c5c7f68f5e3e6ffcf2daf33
wqp,wqp:21FLSFWM-D01,1985-05,ANFIS-T-no-current,314563,138782c7e78e0a405acbbce1bb6fb22abd74022b54610b5411b255652298a966
wqp,wqp:21FLSFWM-C01,1984-01,ANFIS-T-no-current,314563,1388d3eddbd9923203e4ecb1bb61435fcf4cf04f03d47bc846b7a6d48f3280ee
wqp,wqp:21SCSANT_WQX-SC-040,2018-11,ANFIS-T-no-current,314563,138930dc3421f89f1d66fb70269cc42fa2797b9538928723bcc88487d7d6acd1
wqp,wqp:21FLSFWM-ISTK7,1999-08,ANFIS-T-no-current,314563,138ce704a53320c51d88cbfe5e8cb5d32bbdeb7ef3cca48e47daff4f6bfb80e7
wqp,wqp:MNPCA-25-0001-00-232,1996-05,ANFIS-T-no-current,314563,13901e51a9d80e1b16bc7ddc8a171db2a8c74f0a7ee205738973166d2401a343
wqp,wqp:21FLSFWM-A03,1984-07,ANFIS-T-no-current,314563,13907d8d35c59b0b880cd279711dbe96a9c24fa2113648765abcce271bf7f15c
wqp,wqp:21FLSFWM-LZ2,1995-05,ANFIS-T-no-current,314563,1392e8c10706eeb1ae348576c65653058f3fa805eb5273413fd8f20a6c1f5da0
wqp,wqp:21SC60WQ_WQX-SV-200,1999-11,ANFIS-T-no-current,314563,13940b07ffcc9cfa46dd492008d4a6336205d7148a45e295f7ef3248585485ac
wqp,wqp:21FLSFWM-L006,1984-10,ANFIS-T-no-current,314563,1394a1ae7591b029ae6cf411699153521334a0215d83c1fa10de0fc9e34c4787
wqp,wqp:21NC03WQ-CPF081A1C,2014-04,ANFIS-T-no-current,314563,1394a3129129e04bf2172e7b2ab1512843ac498b4fa0905306ef31fe0eae2b65
wqp,wqp:21FLSWFD_WQX-23389,2009-11,ANFIS-T-no-current,314563,13964db496311118958281abd31c44e76547c2272e616dc0dff81361228f738d
wqp,wqp:21NC03WQ-CPF087B3,2010-07,ANFIS-T-no-current,314563,139c3e55585a800a0b904fc1e58ffed586269f6f7988288ad7a42a8b073d035a
wqp,wqp:21FLSFWM-CPTOUT,1988-01,ANFIS-T-no-current,314563,139cccd9aadb6d6704bd41d0ac61a7073458f988ad2f4d5befb90e71f2f082f6
wqp,wqp:21FLSFWM-KBAROUT,1993-09,ANFIS-T-no-current,314563,139d54278495cbcd8737afbba2235fd5bacb6370de4ae3f7c57a33c731cee7c9
wqp,wqp:21FLSFWM-KBARMID,1992-12,ANFIS-T-no-current,314563,139ecc984ddb7aba287d188f3e697def7891f5fd85ad84b0dcf1fccdad666789
wqp,wqp:21FLSFWM-B09,2008-12,ANFIS-T-no-current,314563,13a0f207f12830f6da21c6ba86e98c5592c2e05b09bdf69effb050a5c1fb3929
wqp,wqp:MWRD_WQX-BARR3P,2008-09,ANFIS-T-no-current,314563,13a384d0b5238536136de162f816ead1d15d1e225a15039d89fb528e94e4ae86
wqp,wqp:21SC60WQ_WQX-SV-098,2016-01,ANFIS-T-no-current,314563,13a73bd49271198bf79612f36f3feba51ace5bf296575cbf545dc51e9fe8a0ac
wqp,wqp:21FLSFWM-TREEMID,1991-05,ANFIS-T-no-current,314563,13ade3bd065ce6cd334998b11ea3df7d581e8be8b29fdc3b76be1a6c32ef7b83
wqp,wqp:21DELAWQ_WQX-307171,2012-02,ANFIS-T-no-current,314563,13b012c36df24b7c0f77cce71926db79af5d825148170edeff2b48014dd6faab
wqp,wqp:OKWRB-LAKES_WQX-520710020020-04,2002-10,ANFIS-T-no-current,314563,13b2c9e4bd130ed4d8d352c4c8db5622545aafc6126656494d7f6eff065dceef
wqp,wqp:CAPECRD_WQX-280,1994-09,ANFIS-T-no-current,314563,13b35b8f7396bb5ee86ee4fecc6d4224b20aa4ad4eb8f8d0b6ee48b9ed6208fc
wqp,wqp:21DELAWQ_WQX-303051,2011-04,ANFIS-T-no-current,314563,13b3d4575d824c7b2812baa4f832bdf77e3b7a246081b5fa318f2021f0b15e52
wqp,wqp:21FLSFWM-LZ2,2009-02,ANFIS-T-no-current,314563,13b9d3a68079cae4a55754a128fcbef1ff07f1466deb842069b2f6a1c6830fef
wqp,wqp:21SC60WQ_WQX-SV-335,2007-06,ANFIS-T-no-current,314563,13bac694c1f6d03b51b18654e1b11b8add2569cb071499018f5e9e803e1f00ed
wqp,wqp:21FLSFWM-L008,1988-04,ANFIS-T-no-current,314563,13bbeaaad36f981a20309445651feb355d8e64ec005f82d72626efe98aafa0a1
wqp,wqp:21DELAWQ_WQX-109191,2013-01,ANFIS-T-no-current,314563,13bc6d4c3b86f4823c7f6cc84d3358024fe030ca812eafbd59c0d14d24e917c2
wqp,wqp:21FLSFWM-L003,1990-12,ANFIS-T-no-current,314563,13be9981ce108d6f8aab0f8e3a3332a59f13a67ea29f3f6e80d9b3c3343a25a8
wqp,wqp:21FLSFWM-KISSR0.0,1991-07,ANFIS-T-no-current,314563,13c012b77ef013bd6fd5a304cb6f998b1a6897bbc6e31b63032e52485fa28d9d
wqp,wqp:MNPCA-62-0055-00-102,1990-07,ANFIS-T-no-current,314563,13c09ff70c479c3b31b1845042a12f6aaced8f0e0514db2fd8968d5bbb003c57
wqp,wqp:21FLORAN_WQX-CC6,2015-10,ANFIS-T-no-current,314563,13c21d32315329f4e6a644b2fc9846bc69a0364375e10d90715f4202429a7bb9
wqp,wqp:21FLSFWM-ISTK1,2006-01,ANFIS-T-no-current,314563,13c5e2eabb0b9cfdb55ae50af9d91f5e01380d54c157569904fbddcdecb47ad0
wqp,wqp:21FLSJWM_WQX-105729,2017-10,ANFIS-T-no-current,314563,13c5e9ffc2fec7ff0250efb65e7109b37dbf2bb5c1546bc044dfe88a0d1e094c
wqp,wqp:21FLSFWM-E04,1982-09,ANFIS-T-no-current,314563,13c7c64b10f62b78b5eb920d6b12220d526238070de05853beb822f8ab5e2e0b
wqp,wqp:21FLSFWM-POLE3S,1999-05,ANFIS-T-no-current,314563,13c97e8524c30af3ec9371ae0eac787d2d77ae7c8b8a2face64b6c641f03efd3
wqp,wqp:CAPECRD_WQX-262,2005-11,ANFIS-T-no-current,314563,13cd086f3ffcdc97c93002cb71c0e89514d9d6ad6173a71e1675ec11180161ec
wqp,wqp:21SC60WQ_WQX-CW-016F,2002-02,ANFIS-T-no-current,314563,13cdd666e58be47f0abee6032b8518a9201bb73889c86e1fd778037ad7635d4d
wqp,wqp:21FLSFWM-L003,1999-08,ANFIS-T-no-current,314563,13cf195d2b69917a838ef6f717ecbfc8baec9f686b5f34428bd4d206a22b57a1
wqp,wqp:21NC03WQ-CPF055D,2017-08,ANFIS-T-no-current,314563,13d6c99f998266fa7e6c7aeafd2e2db9f6b265f3797c79462224e4ae9e58d849
wqp,wqp:21FLSFWM-L006,1984-02,ANFIS-T-no-current,314563,13d70ca16f3d01a919861de0bf3be42a5d83c85ce2c0dda78cae45d0345f2e57
wqp,wqp:21FLSFWM-PLN2MID,1989-09,ANFIS-T-no-current,314563,13d7779984b219f337e680a089044b855491875c5df650263a972d3cb7e0cf9c
wqp,wqp:21FLSUW-ALL010C1,1998-01,ANFIS-T-no-current,314563,13ddab6969a82348ae6c3bfac50e8f9e5b4242d3789f620da9dd466954595afe
wqp,wqp:21NC03WQ-CPF086F,2014-01,ANFIS-T-no-current,314563,13dde33f3253ee0f928b78b749dafd0458f1ee0cf378501bb30f23fdfc7a629f
wqp,wqp:21FLORAN_WQX-CC22,2005-04,ANFIS-T-no-current,314563,13e02dde4b86c71705e91192de51726e2e882717e9f16c4cf339e943abf82a4d
wqp,wqp:21DELAWQ_WQX-206361,2014-01,ANFIS-T-no-current,314563,13e2276cf66780a733e1eb5e5917a9073f5a969de15955f41b81178ac5a39dad
wqp,wqp:21GAEPD_WQX-LK_12_4048,2010-12,ANFIS-T-no-current,314563,13e44f1f41ad4f1ce68cc8984c0e52367af3adde74a42c599bc3bc25480ce465
wqp,wqp:KAWNATON_WQX-KN-KL-001,2018-08,ANFIS-T-no-current,314563,13e46216184b6e40b41ea1585ca815f185ac109e6ff3696e8833e919ca18105e
wqp,wqp:21DELAWQ_WQX-206461,2001-03,ANFIS-T-no-current,314563,13e4966cbe95687643bbcaa1409a361422e1dfcbcdfba047f88b6b87958a684d
wqp,wqp:21FLSFWM-RITAWEST,1997-03,ANFIS-T-no-current,314563,13e5a77da1ea8357422f62a0ff25f0f6849313e9c5132e4e81d40c490e60bd24
wqp,wqp:21FLSFWM-B09,1987-12,ANFIS-T-no-current,314563,13ec385e72dac905b7c5fdb32f222bd7c777b8dc55711d48523156a2751cf3d9
wqp,wqp:21FLSFWM-LZ42N,2006-03,ANFIS-T-no-current,314563,13ede11ad48e208ed6d7de6fac45f7056c77a567b9c238d6852b97124c95592f
wqp,wqp:MNPCA-62-0013-00-201,1997-06,ANFIS-T-no-current,314563,13efe433a8468eb96739b2d8e986b3285b27f3464ebe769b30c2b8ee8e9409f5
wqp,wqp:21FLSFWM-FEBIN,2003-05,ANFIS-T-no-current,314563,13f07da5169197fbb540e6975f3bfca658314af7e957907403a01d77bbad3966
wqp,wqp:21FLSFWM-STAKEOUT,1995-04,ANFIS-T-no-current,314563,13f57a275ac96ba4cd63f6a8d157fa3246ceaaccc8381150e7cfffb5211fa3c1
wqp,wqp:21FLSFWM-PELMID,2004-05,ANFIS-T-no-current,314563,13f88fbe636dc390b251aa3d7507a107cfa7c9bb56642e75d5b4b41a90a38389
wqp,wqp:21FLSFWM-E03,1982-07,ANFIS-T-no-current,314563,13fa9b37d18c88eb1d1320ec00c8f6f3cbc0aeb011681ec90f944749b731beed
wqp,wqp:CPNWATER-WW#3,2014-05,ANFIS-T-no-current,314563,13fad74745564fb28a2a14e3afc3eb803595749f987d4b8f5216c2227335cdf8
wqp,wqp:21FLSFWM-E02,1988-03,ANFIS-T-no-current,314563,14039236e0848887a2b25e297e797b9f5e895b1cd2082045815ddd4541dd2992
wqp,wqp:21FLSWFD_WQX-23144,2008-01,ANFIS-T-no-current,314563,14050730f75b690aa95a479db94271beab18ebbff2652d7db20e5e23605c43eb
wqp,wqp:21SC60WQ_WQX-CL-089,2004-08,ANFIS-T-no-current,314563,140562ba3eae3d27c628339c9d28526facaca799e9590fcddac8cfd2167711ee
wqp,wqp:CAPECRD_WQX-290,2013-01,ANFIS-T-no-current,314563,1407ceaec03c6aa6a4c3af8b81b854db5939802a9a8eecdce2c6e8837925944f
wqp,wqp:21SC60WQ_WQX-CW-207,1999-03,ANFIS-T-no-current,314563,140b8cadb20b535d5e21ce7f4de1def9e6050fd0d72e2c893c65e972d1d4c4a6
wqp,wqp:21FLSWFD_WQX-23389,2010-10,ANFIS-T-no-current,314563,140bd79bc776657f48a160add600007af8a0e666204afb38976622d6b88762b2
wqp,wqp:CAPECRD_WQX-290,2018-12,ANFIS-T-no-current,314563,140dc2d486c851cf1734c5966279d0b78f778466a96857d5939c744b6a462a77
wqp,wqp:21NC03WQ-NEU018E,2013-10,ANFIS-T-no-current,314563,140e14b96781725121d4de7d44f9c249f97d43ff47d7c8ac1487b58d46e5f0e7
wqp,wqp:21FLSFWM-L001,2005-12,ANFIS-T-no-current,314563,140e499587a0c67afaf66332e47fefe7309e0027e477becd66eb89873d48f068
wqp,wqp:KAWNATON_WQX-KN-KL-002,2010-02,ANFIS-T-no-current,314563,14186200c677362d1a3e11c8ec270d45f5b3526715ccd57861b08c899ae88060
wqp,wqp:21NC03WQ-NEU018E,2011-02,ANFIS-T-no-current,314563,1419873ce833d25176f7aeb84d8ac18048f87da37c4dad145eb0494d941570ab
wqp,wqp:21FLSFWM-L001,2004-07,ANFIS-T-no-current,314563,141b15186fdd14ea5c0f0570cb008a3ebf408ffbd549b7aa81ee252ac75c75f5
wqp,wqp:21SC60WQ_WQX-S-308,2014-08,ANFIS-T-no-current,314563,141bf39692353c7afb4b9875c9d61b6cef67eca8e292bb953e1ff2ae7275b04e
wqp,wqp:MNPCA-25-0001-00-225,1995-07,ANFIS-T-no-current,314563,14297a6f974868ec9337e0eb179c8c37969273f7a2f940830f355eb5a6c649eb
wqp,wqp:21FLHILL_WQX-135,1999-11,ANFIS-T-no-current,314563,142ae41e3d21a3b915c41acef5dac6ef9aec116b33a801222dae242edc354fc9
wqp,wqp:MNPCA-10-0042-00-401,1996-09,ANFIS-T-no-current,314563,142b339f7fa599dccaa6b99a2c2843f908008748241b762fb14a8e5821273bf5
wqp,wqp:21DELAWQ_WQX-202021,2014-09,ANFIS-T-no-current,314563,142b540c224ce0488a081bd377c5f122393d6542e1200b5fc078cf77f66795cd
wqp,wqp:21FLCOLL_WQX-LKTRAF1,2009-04,ANFIS-T-no-current,314563,142eaacbc0653585549302e325a2c8c8438e566a9a74d1f630a8b0a5eb52e6b6
wqp,wqp:MNPCA-62-0013-00-201,1988-04,ANFIS-T-no-current,314563,1430ba6c3e141325344c2933b995e915426dc6f1274d404ec6e20c4ee3d327a2
wqp,wqp:21FLSJWM_WQX-45399,2017-10,ANFIS-T-no-current,314563,143156fdbe3193f8ae8cfa91a39b717fdda53cc145dec2abe5a61d7f2648c0fe
wqp,wqp:KAWNATON_WQX-KN-KL-001,2015-03,ANFIS-T-no-current,314563,1434799691a10afeb7ffb361ed1fa0a433719a11ca24b7ac6063fd5c4cee828d
wqp,wqp:21FLSFWM-ISTK6,1992-07,ANFIS-T-no-current,314563,14365d1d133e3e69b5824665372f2d45eb0e589e97c2aa9252c1cdeefa9b99d3
wqp,wqp:21FLORAN_WQX-CC17,2006-06,ANFIS-T-no-current,314563,14381280ab9589b71dab09c76ce61c5da4dbeb191f52f553a678019857dbcb55
wqp,wqp:USGS-07049690,2014-06,ANFIS-T-no-current,314563,143c227ea63e00602f6b5abc2274de378f15c3a35ef802445db4a15cc6964cb7
wqp,wqp:MNPCA-86-0297-00-201,1982-12,ANFIS-T-no-current,314563,143e3df2ff40d68b3459898556ef8749ef7524db7f20c861b55eedfcbb30a06e
wqp,wqp:MNPCA-86-0297-00-201,1982-10,ANFIS-T-no-current,314563,1440864223c9d117df9f2584c503865f0591f990da4ed8b470e0d36e333cb7ac
wqp,wqp:21FLSFWM-LZ42N,1991-08,ANFIS-T-no-current,314563,1443447f3c268d6f6405dd6bb633de427648dc18b3f5d3fad7ba12ee02b367ca
wqp,wqp:21SC60WQ_WQX-CL-089,2015-05,ANFIS-T-no-current,314563,14441eb33242ec2c1e6750c23f531b0488bc67cc35d6ad43a8f23f2d4add9dc2
wqp,wqp:21FLCBA_WQX-WAL-DEER-3,2018-06,ANFIS-T-no-current,314563,144595c17178e6460e65afecb67cf82c4e1115cd051a877fa4ff68602d480a83
wqp,wqp:21FLSFWM-D01,1984-12,ANFIS-T-no-current,314563,1445e3ed3b3b961b85550ce7716bec65909293898a4c385e931c70f133c244e8
wqp,wqp:MNPCA-02-0075-01-204,1981-07,ANFIS-T-no-current,314563,1446b096bc6b632f4bbb55ed684a6c0c236ec1fe7115eeb57ae244d2e8c3661e
wqp,wqp:21SC60WQ_WQX-CW-197,2005-11,ANFIS-T-no-current,314563,1448814c8c67c2c8da7c5d27ea18e4da012d824f68d724df11bd8dd12682113a
wqp,wqp:21FLSFWM-B09,1988-05,ANFIS-T-no-current,314563,1449d2b25f1a891b54dd5173ad0478c77d0e443aecdd31b4822ef31417818a2f
wqp,wqp:21FLSFWM-TIN13700,1999-07,ANFIS-T-no-current,314563,144b3248911be5643c153fa1b3adc9251c5001ce4b24241be34235b0dccde6e9
wqp,wqp:USGS-01657665,1974-12,ANFIS-T-no-current,314563,144b5a837e3abde874ee442a123557c6a8d9a3b63b403516bceaefcec4843044
wqp,wqp:21FLSFWM-B06,1994-04,ANFIS-T-no-current,314563,144de991fb761d23ddff03d968415a784015b89a940544ed5ea1b465708cdef2
wqp,wqp:CAPECRD_WQX-262,2012-10,ANFIS-T-no-current,314563,144f124ecb82397675e3ae9dd10e7530013c970b7ee4146b11aaea57779deb4e
wqp,wqp:21NC03WQ-CPF0880A,2013-07,ANFIS-T-no-current,314563,1450f7971e17b2312b073ef8ec4cf4961a1ca52ca98ada57293400cdc4ad866b
wqp,wqp:21DELAWQ_WQX-303331,2013-07,ANFIS-T-no-current,314563,1455173e5e471b83b4e9eb60e71383981c2bd6b49102907a802127bd7e9ad923
wqp,wqp:MNPCA-10-0007-00-201,2014-06,ANFIS-T-no-current,314563,1456439f5fef0d4275828d7ece8ce362a8f9a336c4c4b1c7de3bb6f34eb51026
wqp,wqp:MNPCA-86-0281-00-201,1982-11,ANFIS-T-no-current,314563,14578281826d63d281e3cf6a21942fc24b25caa464dcc5c0a3a8da32442e6fc6
wqp,wqp:11NPSWRD_WQX-SLBE_PL_01,1996-02,ANFIS-T-no-current,314563,14580af54152f5adbeb6cbaa555ee032774dc6ca024aa7ef1642bb4293dcfc70
wqp,wqp:21FLSFWM-ISTK5,1990-11,ANFIS-T-no-current,314563,14603bceddf05e3c8e32fb436205c67f2fdd66da0c4d4214d6c3c10177a22e73
wqp,wqp:21FLSFWM-B02,2002-12,ANFIS-T-no-current,314563,14605d22bea2369ce6341564391b9bdf83d55a16bc26441280246fecd101a5bf
wqp,wqp:USGS-07144790,2002-07,ANFIS-T-no-current,314563,14607a6bda18d695e9b5655f23573560729c5d656effc1f94f368321c32e581e
wqp,wqp:21NC03WQ-CPF081A1C,2007-08,ANFIS-T-no-current,314563,1460ac35a6216fc3e8940f06e56a73afa1e4800c06d4912f0d620565f3c13668
wqp,wqp:21FLSFWM-LZ30,2005-03,ANFIS-T-no-current,314563,146688df1d47299a3d7d047ac2d926a18915627e03d6a8987691dd7d3106e7bb
wqp,wqp:21FLSFWM-D02,1999-03,ANFIS-T-no-current,314563,146833ab1896cc7c5851be6ea0654142c285fd822066758918eeb59dfeb5aa61
wqp,wqp:21FLSFWM-CLV10A,1999-11,ANFIS-T-no-current,314563,1468383722eb166065b6aab24597b5a8cf1968603f9768ceefea7c8911d42f16
wqp,wqp:21FLLCPC_WQX-HARRISWSH,2014-10,ANFIS-T-no-current,314563,146873946dc29e67064b78dcaee60406897e233df64e8be0b649292ed5f16d40
wqp,wqp:USGS-423526088380101,1998-08,ANFIS-T-no-current,314563,1469dde348c2d2c8dff9d483459f25350a6cfbc0679da524a276a19969c4b167
wqp,wqp:21FLSFWM-PALMOUT,1989-11,ANFIS-T-no-current,314563,146a40dc67710105747ced39de49054ed001b6f97ecc1e272e1ab64acbf092a8
wqp,wqp:21FLORAN_WQX-HB55,2018-09,ANFIS-T-no-current,314563,146af5cda171493a290a76da0e7c6517727943a7da348f3c4dde4dd92b8f5d56
wqp,wqp:21SC60WQ_WQX-CW-016F,2012-11,ANFIS-T-no-current,314563,146ffb91b5a95d7fb148214325a83ad58647c880e44679a8dbf4eb96df1d1d5c
wqp,wqp:MNPCA-86-0281-00-201,1983-11,ANFIS-T-no-current,314563,147111a49621eac24bfaff53adc5d38503f178e0714c94d94aefac2c45132a84
wqp,wqp:MNPCA-10-0048-00-201,2014-05,ANFIS-T-no-current,314563,14716b300d0e26a18d0020f231e55ccbb3caac59594bde329b1eb41ed8173574
wqp,wqp:21NC03WQ-CPF0880A,2006-07,ANFIS-T-no-current,314563,1471b9aa4a7e3f51e74759b8f9e0d7f12728d731cd861cb2f26e5abe175db295
wqp,wqp:CAPECRD_WQX-262,2009-03,ANFIS-T-no-current,314563,1471e9e0f73dad47b7cf85a0801ea03ccbe52bbd3f35f7ffe5edabc41e11d6d8
wqp,wqp:21FLSWFD_WQX-23467,2008-06,ANFIS-T-no-current,314563,1474ad635467c2a6e5cf31ba5506b65f6a6297addeb35c60d566da265645416f
wqp,wqp:21FLHILL_WQX-135,2007-02,ANFIS-T-no-current,314563,147515a293a7a8832965a29e84b2eb2ee1276919e5e8df31a063c602bcb438b3
wqp,wqp:21FLSFWM-A01,1984-07,ANFIS-T-no-current,314563,14755fb4bac80d94b231c8a65970dcfb6e1ebef26b30a3ce96e0a8588f38c5bf
wqp,wqp:CAPECRD_WQX-280,1999-12,ANFIS-T-no-current,314563,14756ce1bf19b6d2d1ee4ff5d6e2e84fb32d15d020ff36e17d2e62ddcaa757a2
wqp,wqp:CAPECRD_WQX-290,1986-05,ANFIS-T-no-current,314563,1476cf28f62aa6ecefc37084dbca2f50d922ce37b283380d459c0a0c33145223
wqp,wqp:21FLSFWM-ISTK5,1999-02,ANFIS-T-no-current,314563,1479410116857584954bebc0b11eb0be326a28f93f1d0efac51993d886889e48
wqp,wqp:21VASWCB-2-XDD000.40,2008-05,ANFIS-T-no-current,314563,1479af30c6160763a35b6ee57da42d541e26809d97c6da83070c0a7ae21c9905
wqp,wqp:21FLSFWM-LZ40,1998-09,ANFIS-T-no-current,314563,147a78dcf6079260d32b7a8f28a8ce9ea0b01f68229bf1e54a38a677913d6fb3
wqp,wqp:21SC60WQ_WQX-SV-268,2002-09,ANFIS-T-no-current,314563,147ac3f3165042480e617122748ea319a90a9ad7b47fd2aeeb3a42b571009761
wqp,wqp:USGS-423659088354401,1987-08,ANFIS-T-no-current,314563,147b885bd835fd6a8786606cbeb8a889e5ea8b953af029d23d0559132ad39374
wqp,wqp:21NC03WQ-CPF087D,2015-12,ANFIS-T-no-current,314563,147dcff0926221465d534da6e06df8f0d3aa1cd07bbccc7fb79c24fee9189b8f
wqp,wqp:21NC03WQ-CPF087B3,2016-11,ANFIS-T-no-current,314563,147e911c92e2879a54539d6d61a70fbfe4947dcb687c0f8a350cfa21d354d5ae
wqp,wqp:MWRD_WQX-BARR3P,2014-07,ANFIS-T-no-current,314563,147fe5443b170f928036b898501f43bd0b6bf7b65a8cedf6130a60422527e9f1
wqp,wqp:21SC60WQ_WQX-S-311,2011-11,ANFIS-T-no-current,314563,1482a9be56ba92daaee61b93e836b13993cbc47f9363755a0726ba211c1c216d
wqp,wqp:21SC60WQ_WQX-CL-019,2002-07,ANFIS-T-no-current,314563,14862533784a02664ba5377c79f57381eab787e442fd6fff2060d733ed87535a
wqp,wqp:MNPCA-47-0042-00-201,2011-06,ANFIS-T-no-current,314563,1487b3edd3afcbacefb5c25ae55526f2b9b80fe04210ef19943c3895058510cf
wqp,wqp:21FLSWFD_WQX-23458,2007-02,ANFIS-T-no-current,314563,148b2349bf4b498b7e133cae22473340287cd83de1bc064d30bb2a3d62260a65
wqp,wqp:21SC60WQ_WQX-SV-338,2015-12,ANFIS-T-no-current,314563,148e8485f24ce10021fb6549374f8e45c27445d6df99626683add9cf93896583
wqp,wqp:21GAEPD_WQX-LK_12_4048,2011-11,ANFIS-T-no-current,314563,1490120cd2689b3c3e3b406ed4422867438993f4c1568400aff02b6ce50a1aa7
wqp,wqp:CAPECRD_WQX-262,2010-03,ANFIS-T-no-current,314563,149039f14dbd0c838d62e2d2032d872956d100ef931ce21a3652b6ec61e8a748
wqp,wqp:21SC60WQ_WQX-PD-327,2000-07,ANFIS-T-no-current,314563,14920fd8058af3dfe5b9e65319f4ca87a2acb85ac0fa0b9ff9514242e1243e14
wqp,wqp:21FLORAN_WQX-BC9,2005-01,ANFIS-T-no-current,314563,14929fa955838bc11a28eeb43a574b67ff04755fece28793e9420c5f03220fa7
wqp,wqp:21FLSWFD_WQX-23113,2014-01,ANFIS-T-no-current,314563,14930ded3a422a100919c319f5c1067be1d08dade6145d844bcc1948a0f73749
wqp,wqp:21SC60WQ_WQX-SV-098,2014-11,ANFIS-T-no-current,314563,149606f04c2d0d7ce094a88bb1d31832ae79de186de2a0ea44637e4813117e6c
wqp,wqp:MNPCA-62-0055-00-201,1996-06,ANFIS-T-no-current,314563,149bc765e7b5ceab9b64e0b01627c2c60ba0f64fa117c303f961bcc5e83ac50f
wqp,wqp:21FLSFWM-L001,1993-08,ANFIS-T-no-current,314563,149cf592e00bf7a23bf40f592440e25e2632d5edf2f14564875cf23c9716769e
wqp,wqp:21DELAWQ_WQX-206361,2006-12,ANFIS-T-no-current,314563,14a2997e5c1b3e2220db2adbfeb5d8df634a02903bcac8d6266262add7858297
wqp,wqp:MNPCA-25-0001-00-232,1991-11,ANFIS-T-no-current,314563,14a400494f1a1386ee303c4f879544c5dd47904d856ca2f6e2d3e02f06ae83ce
wqp,wqp:21SC60WQ_WQX-SV-339,2002-07,ANFIS-T-no-current,314563,14a424b75c98b293442c7be1c2d72d1a50658935af0ad8ee2798c8aeaf53abf3
wqp,wqp:21FLORAN_WQX-HB66,2018-07,ANFIS-T-no-current,314563,14a54b18e4e2814b1a39fedd8fcaf9d369246c11dc457d82352465ad9a678c52
wqp,wqp:21FLSFWM-PELMID,1986-08,ANFIS-T-no-current,314563,14a641f3402becbc331a35cfe4ca737b07a4a94bb8b4fb9667c9dccd5f84bba8
wqp,wqp:21FLSFWM-ISTK6,1993-09,ANFIS-T-no-current,314563,14a9333d10164aa956162d7f5cc5dc4cae47ba798d30c29215217af368c9988a
wqp,wqp:21DELAWQ_WQX-307171,2012-10,ANFIS-T-no-current,314563,14aa5488c782c0fa317784cd14f0c2fbf49758cba177ce0dadacbf38285b9467
wqp,wqp:21FLSFWM-L006,1999-06,ANFIS-T-no-current,314563,14aadc6aee81ddf68e5e4436202230819f43d38bb606500dd7f8cbef33b6bbb0
wqp,wqp:21AWIC-23,2015-02,ANFIS-T-no-current,314563,14ad26a24b715385f02948e0bfd151ca0e8280d1180846aacac6e2b68dbf7ec4
wqp,wqp:21DELAWQ_WQX-307011,2010-08,ANFIS-T-no-current,314563,14af89263e5e1da568f70bf5e13805247cc83f53f3a9ce362957fd8a47bbe8ca
wqp,wqp:21FLSFWM-L001,1985-07,ANFIS-T-no-current,314563,14b06ecb267c30beba0bf055f496a0b49a38b0c750f1b0e577621ad5baec3542
wqp,wqp:MNPCA-25-0001-00-232,1991-02,ANFIS-T-no-current,314563,14b19abd5800e5ce98981913d2b7ec3ad1200d0d31df0cb790e1d3ce6805606c
wqp,wqp:21SC60WQ_WQX-CW-033,2012-04,ANFIS-T-no-current,314563,14b35c75047dc6c68f971de9d8d99ad5219d427718892aaeaf3676d81d369abc
wqp,wqp:MNPCA-10-0007-00-201,2016-10,ANFIS-T-no-current,314563,14bb305d7e3aa46d81720b7d135441153e12a55ec1e030acf6db56faa8ca56a5
wqp,wqp:21SC60WQ_WQX-S-222,2012-04,ANFIS-T-no-current,314563,14be087503337e84e50b1e6b03f26df933b171585cb8476da5fc413eac65175e
wqp,wqp:21FLSFWM-L008,1985-01,ANFIS-T-no-current,314563,14be7c2d5745c5f253a667b387b853e28a9e69a2668658d0556ceb5df4d4c535
wqp,wqp:USGS-07263299,2017-09,ANFIS-T-no-current,314563,14c359eb58e1ff84bf6e0e6c3fd0ad24b84788d12e7f227fb2ad8752f2068a66
wqp,wqp:21FLSFWM-L003,2007-09,ANFIS-T-no-current,314563,14c49252a9da54c0d852bb20ffa916add057b57b545f19128c011f725a62d541
wqp,wqp:21NC03WQ-CPF08801A,2008-06,ANFIS-T-no-current,314563,14c53772ff1baf649e15903f8b3bdd6c31deec883f8179add6824a0e4b5eb90a
wqp,wqp:21FLSFWM-L008,1978-08,ANFIS-T-no-current,314563,14c80d78e9fb750e1575da53ddaf6888134255bc1c1fb66fac03de60c13d5bbc
wqp,wqp:21SC60WQ_WQX-B-327,2000-09,ANFIS-T-no-current,314563,14c8da4b0064ce62cd9bf03e9b081e1b8d5ceea26f18c423354d1b6e37aae894
wqp,wqp:21FLSFWM-L005,1988-01,ANFIS-T-no-current,314563,14c8f443cc24b6c2babb5e9f807afae45a81e9760a7fd50472eb69539bd9d715
wqp,wqp:21FLSFWM-E02,2002-12,ANFIS-T-no-current,314563,14caad0703d025091029468635462add7b1522351bf03d492aa21eaa8777b2d7
wqp,wqp:KAWNATON_WQX-KN-KL-003,2018-05,ANFIS-T-no-current,314563,14caeef9cc11d76510086f09ea5ce60c3fa3b1f9843a74ba211667e71034d843
wqp,wqp:21NC03WQ-CPFMC02,2016-04,ANFIS-T-no-current,314563,14cd8ae5a71c212aeab74608a0162ee91647fd7d653ea2b3239266f861cae6c9
wqp,wqp:21FLCOLL_WQX-LKTRAF4,2009-09,ANFIS-T-no-current,314563,14d3949535dd9d3e3d0fe902e90e4ba1a3fff3cc794dc9b566bd9c2c5a1b427b
wqp,wqp:21NC03WQ-CPF087D,2001-09,ANFIS-T-no-current,314563,14d3c48e65d6d3983f401204093e57ce0b07d446216624ee05ccf012ac2c7363
wqp,wqp:21FLSFWM-B03,1981-11,ANFIS-T-no-current,314563,14d6b18f7fc22f2b70347b4c30d391c96790e4aa0dbfa34b896be427084dddc6
wqp,wqp:21DELAWQ_WQX-303331,2012-12,ANFIS-T-no-current,314563,14d8fdf2097746e48d7d2c6bdc150f01b7af02b02f9dea8467fac65af897c254
wqp,wqp:21FLSFWM-ISTK2,1989-01,ANFIS-T-no-current,314563,14dcd72203f456cf9bb8f53b49be7ed8ea7997e8c7af186ce38ee48b925a6a64
wqp,wqp:21FLVEMD_WQX-SJ17,2018-10,ANFIS-T-no-current,314563,14de07bc26d8a9b984c8dd87006428f138653b868d9d45bc2bcd6b96966d6807
wqp,wqp:USGS-07048910,2016-09,ANFIS-T-no-current,314563,14e0b3e17b837e408b37c72a36609f1b0d82a1ec5290f9d062efeae6ef687536
wqp,wqp:MNPCA-10-0048-00-201,1983-05,ANFIS-T-no-current,314563,14e1082da6a77459b089df7e2a7420a194e13df6e80acb61bc4f6a3ea049985e
wqp,wqp:21FLCOLL_WQX-LKTRAF1,2013-06,ANFIS-T-no-current,314563,14e27fce524dd4352164063fc5d930d31f8bdd7317c8029fbdf4b8536a366e82
wqp,wqp:21FLSFWM-L001,1986-11,ANFIS-T-no-current,314563,14e32a2b91b5dd54ce3d5a62531e83ca20106cece56404885466df8c832e58c6
wqp,wqp:MWRD_WQX-MILTON3P,2017-02,ANFIS-T-no-current,314563,14e5291b491d39ae6e6616561e54cbdde5bfcd63f6941db946afe885160d5749
wqp,wqp:21FLSFWM-TIN8100,1999-07,ANFIS-T-no-current,314563,14e63b8845c143d32e1ad0f3265290b0cc52a960eeeb5d12ca49849129a14803
wqp,wqp:21SC60WQ_WQX-PD-327,2017-10,ANFIS-T-no-current,314563,14e7337fc29ab39ef9db21f45fadbdbb2a6c5c0e6e3960a6adf71301d649b975
wqp,wqp:21FLSFWM-PALMOUT,1988-12,ANFIS-T-no-current,314563,14e8df63df2368c10c8d81c605bf08638ec75c1e10359eb61d77782a7a127bf0
wqp,wqp:MNPCA-62-0007-00-203,2012-06,ANFIS-T-no-current,314563,14e9fd65524cf8159863c93dab7e6ac90590072e9145c5663d68a0d1599009fa
wqp,wqp:21FLSWFD_WQX-23479,2009-01,ANFIS-T-no-current,314563,14ece9c2f4ae2a84cfd2660423a7f8c81a1ae54a824359688483f19ab0a4996a
wqp,wqp:21FLORAN_WQX-BC11,2006-08,ANFIS-T-no-current,314563,14edb8ede662d47307de25469e724f06c57f9f3821969f32187924b741c5d8d1
wqp,wqp:MNPCA-62-0055-00-201,2018-05,ANFIS-T-no-current,314563,14f33ee5d3b8f5e064ae31bd43da79d5da94d1bcecec0c45e1330e6c3118303f
wqp,wqp:21SC60WQ_WQX-PD-327,2004-05,ANFIS-T-no-current,314563,14f4bda7763109477815ba435363f7f020a5c9b9c2962b54667df04c06188b8d
wqp,wqp:USGS-07049200,2002-10,ANFIS-T-no-current,314563,14f4ca41a03231200aa32197b1310896ec7c98b194a2e5c6fe272208bdce3ef8
wqp,wqp:USGS-12301600,1974-10,ANFIS-T-no-current,314563,14f88909e396f2e3c9a9f5de6668660da0e42a2472195b8aa711646a2732da98
wqp,wqp:21SC60WQ_WQX-B-339,2008-08,ANFIS-T-no-current,314563,14fbaabf69dbf6924698b1838f7b287f7b4d724ab93e7527bb8d3c2d54f713ed
wqp,wqp:21SC60WQ_WQX-SV-331,2014-06,ANFIS-T-no-current,314563,14fbdda74105ff755f32382bc375a3486d6fa71bdf90abb29c205d72209a7553
wqp,wqp:21SC60WQ_WQX-S-311,1999-06,ANFIS-T-no-current,314563,14fca12305708f35e2878770a6b5da2012a666a4480d25cad5ff7003ff8cfe2c
wqp,wqp:21FLSFWM-PALMMID,1988-12,ANFIS-T-no-current,314563,150195341192c1cf177c6db4fb4d28c0f50d29e0a674b4498555071f8b075248
wqp,wqp:AZDEQ_SW-33,2017-04,ANFIS-T-no-current,314563,1501f2de95b2fc4cc67026be0f0fe2ed81cd854ef98d5ac3f45787b4bc6158ba
wqp,wqp:21SC60WQ_WQX-SV-268,2005-08,ANFIS-T-no-current,314563,15028c13fafeca6becbab30fa48261f45a57324de6995440c023701cd661d495
wqp,wqp:21NC03WQ-YAD169A,2006-03,ANFIS-T-no-current,314563,150404300dc444f093a9864d10d2b051c75830a267dcab5fff02ea1dca1f50a1
wqp,wqp:21DELAWQ_WQX-307171,2010-08,ANFIS-T-no-current,314563,150424d70fd1353bdc6a833f47db745515ebfaa54b0db0b1c277e42948aebba1
wqp,wqp:21SC60WQ_WQX-SV-338,1999-04,ANFIS-T-no-current,314563,150670319efa2dc63ea607a8b8605b8bb9cabc0804f620cc4d093f848f3405fb
wqp,wqp:21GAEPD_WQX-LK_12_4048,2012-01,ANFIS-T-no-current,314563,1509cbe91fd23e39d6a56687814d0ed62a6c329813cd75a232fb41640283bdec
wqp,wqp:21DELAWQ_WQX-205211,2004-03,ANFIS-T-no-current,314563,1509d36456b1766537760d8e343a40b6ebc4a0d479fef5191b6b28e9dbcae47a
wqp,wqp:21FLSFWM-L008,1988-02,ANFIS-T-no-current,314563,150e2fe62b788b302cfdc6271746e25671d89a8023665d0568a88965641a65d6
wqp,wqp:USGS-07144790,2011-06,ANFIS-T-no-current,314563,15121e0db4018773da63ab21302cf59a25bcc418749fad4aae9b557e03777637
wqp,wqp:21AWIC-23,2004-08,ANFIS-T-no-current,314563,1512b3dc70282bebc95d32492ba48e1baff20907cc895a0317b5bc47aec1cc6b
wqp,wqp:MNPCA-10-0048-00-201,2003-07,ANFIS-T-no-current,314563,1513e1b5f52718468d0ee5d7d92142b7d112cff75138c60796d6765f5beefb5d
wqp,wqp:USGS-423556088365001,2015-08,ANFIS-T-no-current,314563,15185f3e441133d9295d2becc16880b5ac11fcdaa04db676c208ed1c1adbf1d3
wqp,wqp:21VASWCB-2-XDD000.40,2006-07,ANFIS-T-no-current,314563,151954ceb82672093d7086cf9621a01e322ec7f27724c7ddf920b7129f08e460
wqp,wqp:21DELAWQ_WQX-108111,2008-04,ANFIS-T-no-current,314563,15198236d0896e40fe427283bc2a9ecf8b9e8d9fa1450368923bf8a93043c4e2
wqp,wqp:21FLSFWM-C03,1982-07,ANFIS-T-no-current,314563,1519f27b5ed72b4b129f6d150ff4bfc649a191a7cc267782344d55b8130fa8c0
wqp,wqp:CAPECRD_WQX-280,2015-04,ANFIS-T-no-current,314563,151a7e441055dcbe131390317205cb2f89ca3f139de8c73e7ad19feafc480c95
wqp,wqp:21DELAWQ_WQX-308071,2015-11,ANFIS-T-no-current,314563,151ab171bfdbe3c44ef3c6f665db525a9e126531c72ebad5c5ff637e5067d9a8
wqp,wqp:21SC60WQ_WQX-SV-335,2012-08,ANFIS-T-no-current,314563,151ceced89644b46b32eac006398634c8fcfbc0852468ec1b32a771a8cc20bf8
wqp,wqp:21DELAWQ_WQX-205181,2012-06,ANFIS-T-no-current,314563,152089463b6620509abc17b608b93ae436491ec756402d74ac24208a298b5f56
wqp,wqp:KAWNATON_WQX-KN-KL-002,2015-12,ANFIS-T-no-current,314563,15245e7bc672b2181b8fb5e698ceec15cdd6e9f59caef433c01aac29c6c0d966
wqp,wqp:USGS-07144790,2016-10,ANFIS-T-no-current,314563,152689bfc12f7a7fa8cad01fce84c806d85cce3f466682a239e9d8e4062fb42e
wqp,wqp:21FLSWFD_WQX-23144,2001-11,ANFIS-T-no-current,314563,15269164fe54f7c0fa3cde430396940f1b6bece2209db80e534135e1a5827b5e
wqp,wqp:USGS-07049200,2016-06,ANFIS-T-no-current,314563,1527108e16739ebc96f3d6332600359938c0af6f0f0035122cb29ed34900ad11
wqp,wqp:21FLSFWM-L006,1986-02,ANFIS-T-no-current,314563,152761a5c3b0b5d1262c6a560bca1ec6054296e1e5813a5b426091d4d505f34b
wqp,wqp:21FLCBA_WQX-WAL-CAMPBELL-1,2017-08,ANFIS-T-no-current,314563,1527b0c1c3f40f8405111f2a0166eb8c9e0db0e75df6b9aabd75bdc6ea44cf6a
wqp,wqp:21NC03WQ-B2450000,2012-06,ANFIS-T-no-current,314563,1527f28ac98d9691be72a2b09d9d769de32f2886c95d732c1ec64bf2ce3c2014
wqp,wqp:21FLSFWM-B09,2005-11,ANFIS-T-no-current,314563,15296de3ccd54164ec87e66a23b6c420e5d0ef7a8a8517957a7683d040d17164
wqp,wqp:21FLSFWM-L008,1982-01,ANFIS-T-no-current,314563,153052373be11b96dc682c644cd6fc6c0b1624c08ca5683b482614462df5926d
wqp,wqp:21GAEPD_WQX-LK_12_4048,2004-10,ANFIS-T-no-current,314563,153057c23f765836ffd659389f65d0f8e313918837930b0fcaef168e8cdcaa39
wqp,wqp:21SC60WQ_WQX-PD-327,2004-03,ANFIS-T-no-current,314563,1530bdc47a6b19dfd9a10450c2362c1fb491d8cc27885aaad5dabde8f8d34eed
wqp,wqp:21FLSFWM-PALMIN,1991-10,ANFIS-T-no-current,314563,1536380ca7a81f77279c7f31be8377414357f892ab2e93bd1d9f1e6c0b12355d
wqp,wqp:USGS-072632992,2012-02,ANFIS-T-no-current,314563,153670b3b9ce995290953443d68207eab0db2f394ad7d5f7e1fd2977c5273815
wqp,wqp:21FLSFWM-E04,1983-09,ANFIS-T-no-current,314563,1536bc9ebfcc549e3f3bf2f599119dc000f8a66d8a892a4da15a7b33543309b2
wqp,wqp:21FLSFWM-LZ42,2004-08,ANFIS-T-no-current,314563,1537e658f7aa2b8c4cd0d0450243f298676e8cf0d538830247594f8446cce75a
wqp,wqp:MNPCA-47-0042-00-201,1983-10,ANFIS-T-no-current,314563,1538db540bb6dd35405d26e2e4c14c92d0c73fcc39b06dc075b32be5888fb199
wqp,wqp:21FLSWFD_WQX-23588,2009-12,ANFIS-T-no-current,314563,153b8beeeee2be502d79346ac057d87d49ebb3f238aa6c3cbf18147d17e8b001
wqp,wqp:21SC60WQ_WQX-S-308,2003-10,ANFIS-T-no-current,314563,153ca409715312c71ff640dc779f2895eb43cb7c327c19de79761e6210652400
wqp,wqp:21FLSFWM-L001,1996-07,ANFIS-T-no-current,314563,153cb219be249e9fd49cbc441100ebeed94587b9e0ba562e9de97d359b69f0c6
wqp,wqp:21DELAWQ_WQX-109131,2006-09,ANFIS-T-no-current,314563,153d577b2af9a5ff11754b285c395aed547989e56086dc75d4280f57f8296503
wqp,wqp:CAPECRD_WQX-290,2002-05,ANFIS-T-no-current,314563,153e23cbec578ecd4ae8544cfb353c382186b640c270865a38521ca697c8d721
wqp,wqp:21FLSFWM-E03,1983-02,ANFIS-T-no-current,314563,153e73a8722310f5c2eb0995d39c8456f86e8d2af030a8d158b4d5162a49e316
wqp,wqp:21FLSFWM-PLN3OUT,1990-06,ANFIS-T-no-current,314563,153f9ebc3bc0d496b79c86d0279c8a4efa7aafe6e7e0149da9d7c52deeb3cf06
wqp,wqp:USGS-423556088365001,1989-01,ANFIS-T-no-current,314563,153fce5f74ad6203effd0f6525a931bf5d463ea41f85bb50b01f658001a70e47
wqp,wqp:USGS-07048910,1990-05,ANFIS-T-no-current,314563,153fdfa84caa5eba48d935d14ab5cef840bf16aa2917685fedc07b1a79561f4f
wqp,wqp:MNPCA-02-0075-02-203,2014-06,ANFIS-T-no-current,314563,15402aa7a8b0689005272b80ef7d563e369b7eb7257d142e310fbe8dab2b8adb
wqp,wqp:CAPECRD_WQX-290,2003-12,ANFIS-T-no-current,314563,1540ec9fff156a1e6c18a9f736a6c218352c5cc51cebc3bf838f63abc2aebf1d
wqp,wqp:21FLSFWM-C03,1985-02,ANFIS-T-no-current,314563,15433356c0d0f44880ed5c22deabfb25f8b5787737b289a1729e9eb71bd3824d
wqp,wqp:21NC03WQ-CPF055C4,2013-11,ANFIS-T-no-current,314563,15436e049f847067572d460bcf2369ca968240f74eb9e84a8b167acd77f3b444
wqp,wqp:21DELAWQ_WQX-303331,2016-10,ANFIS-T-no-current,314563,1544136bb2222af44dd6fb03e5e983ab80329d98cd49c9256630594d01cc92fd
wqp,wqp:21SC60WQ_WQX-SV-340,2015-02,ANFIS-T-no-current,314563,1545501a00d8f7de25a0b6a001fe2c46ba18a87a49ee993fa694057e9497629b
wqp,wqp:21DELAWQ_WQX-205181,2008-01,ANFIS-T-no-current,314563,1546711e248aedc83cc8a6c991f9a9b1d9a616f2e5a24238858918912b0edabc
wqp,wqp:21FLSFWM-CLV10A,2008-12,ANFIS-T-no-current,314563,154734fdccbc429d3928262c37715242af25f739218e5cf1a26f770edfe7f5b2
wqp,wqp:21FLSFWM-TIN16100,1998-10,ANFIS-T-no-current,314563,1547c46d06de32f3e595e24f51ecb6734d665d3c174e39a427d3f9b60049216f
wqp,wqp:21NC03WQ-NEU019C,2005-05,ANFIS-T-no-current,314563,1548428d1aec69cd130b496c3108068fba4a18c7024622731c82eccfed2a593b
wqp,wqp:21FLSFWM-C03,1983-03,ANFIS-T-no-current,314563,1548c7d9b1d452522333a2c5874100b828108c4da0b5b37828b825370f33308f
wqp,wqp:USGS-07263299,1998-05,ANFIS-T-no-current,314563,154a86f4124193aa06c92cfaad64f7d2aae45c70076cfe8e171fc6532f7c2894
wqp,wqp:21GAEPD_WQX-LK_12_4048,1998-05,ANFIS-T-no-current,314563,154cf6908552daa1fcfef3557320b01d132e55441f8f87c38448b8965fa6eea8
wqp,wqp:21FLSWFD_WQX-23144,2002-07,ANFIS-T-no-current,314563,154fdaa590087408cbd6eb16c79e3acc098b16fb0b58bb77f0352363fcd0245d
wqp,wqp:21FLSFWM-E02,1986-02,ANFIS-T-no-current,314563,154fdeaf5bd50789affdec188e498d9dcd1c1ddd4273600cac3239defb6a0474
wqp,wqp:MNPCA-62-0013-00-201,1985-06,ANFIS-T-no-current,314563,15504999d49df3bad40cfaf19d86081177b9e00717edf6006691b5f901914f92
wqp,wqp:21FLSFWM-B09,2004-02,ANFIS-T-no-current,314563,155099270cf554944ebb5f7a2a80da929cf19e79631942cefe3b5824d419f14e
wqp,wqp:LAKELAND_WQX-LH29,2010-09,ANFIS-T-no-current,314563,1554b976df5f5b3167fe82811d145427631c3b7b96e2a8e4449772d52c5929d5
wqp,wqp:USGS-423556088365001,2017-05,ANFIS-T-no-current,314563,155b17fe31f108383c1ab3ef0c929b4705c800a1e99753d52231c0d41e8d0eb4
wqp,wqp:21NC03WQ-CPF086CUPS,2016-04,ANFIS-T-no-current,314563,155c0da30500f5846bbcef0813071d160f7eab9eba4ee393a1814ecc401dd114
wqp,wqp:21SC60WQ_WQX-CW-231,2001-11,ANFIS-T-no-current,314563,155d0527943a71355fc18fcc1f463d1f555907a00cea60010876b3c9f4a71b8c
wqp,wqp:21DELAWQ_WQX-303331,2016-02,ANFIS-T-no-current,314563,1564426b0f939a0c0869cab1e2ffcbc02d93ae80f0fd68720a915e5e60da6030
wqp,wqp:21SC60WQ_WQX-SV-361,2009-03,ANFIS-T-no-current,314563,1566b39b75d0bd61cc6e4b373322cb91308048d21ecb41bfb61a83a48aa3eabb
wqp,wqp:21FLSFWM-TIN16100,2001-11,ANFIS-T-no-current,314563,1566dfa56c3822e1a5bce6859ee5f3c3d4e7f8e9c89675c24f47630aea4576e7
wqp,wqp:21SC60WQ_WQX-SV-340,2016-08,ANFIS-T-no-current,314563,1567b9868e15af956714dd8c879a050305f2706ed990b8d8fb6d2793fbe681da
wqp,wqp:MNPCA-25-0001-00-231,1990-04,ANFIS-T-no-current,314563,156a25a5c3d98de3009c702364ca63ad0b0a93c6a7c6b16ad1de0b67ec5eb24c
wqp,wqp:21FLSFWM-B02,1993-12,ANFIS-T-no-current,314563,156bd1e6191c9da2aad86603c650416598bf74928eef1544b29c66d1cd5ff4ca
wqp,wqp:21FLSFWM-L001,1985-12,ANFIS-T-no-current,314563,156d6d1d64649f3436ae126616834faba0487d5c8978524dd9aa5762e639d654
wqp,wqp:21FLORAN_WQX-BC9,2006-04,ANFIS-T-no-current,314563,157301c280d261b853801e710d677636f49dac49a659d8544f1694c489b6a81c
wqp,wqp:21FLSFWM-B01,1983-06,ANFIS-T-no-current,314563,15759cbc9d36e02f72410eae57a7b7f946b6419649e7e86bac53f0712cbb6d25
wqp,wqp:21SC60WQ_WQX-SV-363,2009-03,ANFIS-T-no-current,314563,1577ea0ed6a136c945668f4e876435558fb882303922716da68e32791fd319f0
wqp,wqp:MNPCA-62-0055-00-201,1995-08,ANFIS-T-no-current,314563,157b3ffb4e9e7e37f52909ede7a1ff814e1f66f519108264d6ec82c498db4580
wqp,wqp:21FLSFWM-E02,2007-01,ANFIS-T-no-current,314563,157fd508581da3accae1a554432ac918061f4b38dad88fb0cc4ee20faac6acb4
wqp,wqp:21FLSFWM-KBAROUT,1987-09,ANFIS-T-no-current,314563,157fd8a8a984d7be4c06cfd980abd31422a974070fe00869cdff4b6faed91f5e
wqp,wqp:21SCSANT_WQX-SC-005,2015-08,ANFIS-T-no-current,314563,1585726dc81625efbadd088b52b8a508afc30aab6231993651d7a34262261eb4
wqp,wqp:21SC60WQ_WQX-B-339,2004-05,ANFIS-T-no-current,314563,158d7b60a5e6069ef1f8a93e66bfa38187c100aa1f0e8d4317c7b7974af028af
wqp,wqp:21FLSFWM-TREENOUT,1995-07,ANFIS-T-no-current,314563,158e8482573fd5eb2d8b1319d0eb51999a5d956a56afd632e46099441bf9e34a
wqp,wqp:AZDEQ_SW-33,2017-01,ANFIS-T-no-current,314563,158ec6deb883579d102e2670973ac2771ba3cf34b5449cf43df490d1207ec07c
wqp,wqp:21FLSFWM-E04,2005-10,ANFIS-T-no-current,314563,1591b206d2a80bc49e8aebb1ddb522b926af7aee3473998c4fd8741988f0a5cd
wqp,wqp:21FLSFWM-LZ30,2001-11,ANFIS-T-no-current,314563,1596679d108be4b97f70710d6110d1f89584dbbab505ae385b5bbe61f0b077d1
wqp,wqp:USGS-07048910,2009-05,ANFIS-T-no-current,314563,1596e674dbbc011f138013e51088f45d27ca742eef5b8895b626fc1fd6e14411
wqp,wqp:USGS-07048910,2003-03,ANFIS-T-no-current,314563,159da04c794bee8e4e22bae0ae2a7aba0e2edea72765fe4034d29a5d5b187799
wqp,wqp:21SC60WQ_WQX-ST-032,2002-06,ANFIS-T-no-current,314563,159f49508ed3654c33c5dc6f402dbff9d7e402c243e6d48e3da32484f9d16210
wqp,wqp:21FLORAN_WQX-BC9,2014-07,ANFIS-T-no-current,314563,159fac55800e0e5478f50a127fc93509c506e70cce3281c2ef9f7332b778fbf6
wqp,wqp:21AWIC-23,2007-10,ANFIS-T-no-current,314563,15a0f15aa549fdc24a1782f5044d09454cda02cf6d6014529ac3859bb31e274e
wqp,wqp:21FLSFWM-PALMOUT,1996-01,ANFIS-T-no-current,314563,15a2057ee4a76b1680473d217a468eecb37cd170c2f95ad5e103485862b01414
wqp,wqp:21SC60WQ_WQX-CW-033,2018-10,ANFIS-T-no-current,314563,15a3b329fd0cdf39a0fd97c65c92e7edfe47db9be1261476c5a75f17273a3153
wqp,wqp:21DELAWQ_WQX-208181,2016-07,ANFIS-T-no-current,314563,15a3d83e0382e6116b99af886b0500a2c793dcf699e1deb98703afeeefc1dc0e
wqp,wqp:21FLSFWM-KBARMID,1992-05,ANFIS-T-no-current,314563,15a7a73792177456c564d6485ac8b958209e43c0d98057d3b94c7df4ec1299b4
wqp,wqp:21FLSUW-ALL020C1,1989-08,ANFIS-T-no-current,314563,15a815c0b47b2d4473e3a12b415f043fc4d8965138968ec047a364a6757fdb19
wqp,wqp:21FLLCPC_WQX-YALE,2017-03,ANFIS-T-no-current,314563,15aa04e9cd504d2025bd0ba7f5ec3438952501c5d09676653f7c788dd3d1ff7b
wqp,wqp:21DELAWQ_WQX-304321,2014-06,ANFIS-T-no-current,314563,15abb0c86e38e6235be245689be42cde4844b4a14c3d07fd77c9abc918fe76ae
wqp,wqp:21FLSWFD_WQX-23479,2012-03,ANFIS-T-no-current,314563,15ac044b864e473608441c030d6bd53a4a4d49596da4971b2214f4219db22906
wqp,wqp:21FLORAN_WQX-CC17,2007-11,ANFIS-T-no-current,314563,15ac9c654691dc20a50c337e65d2c1ef5e293f195e574eb33d352bd337837c45
wqp,wqp:USGS-072632965,2004-12,ANFIS-T-no-current,314563,15af4fa81cfdf49dac9a700ed7f7b03072ac1efd080066c709d8d4ecdf993488
wqp,wqp:21FLSFWM-KRAMMID,1987-07,ANFIS-T-no-current,314563,15afba6fbad2c64a9b921d57fa4a2a12e623286cbd6019147b2d8260cf0b72db
wqp,wqp:21FLSFWM-LZ40,1998-10,ANFIS-T-no-current,314563,15afcabdbb1b8749e1f6110726d5d85b1d5279135e4a727cbcc4ad67b611236f
wqp,wqp:21FLSFWM-B05,1983-03,ANFIS-T-no-current,314563,15b207f28b9d286bf85d6a9a00c3194ad02cf15dd65c42e0473dc56491145a56
wqp,wqp:21FLSEM_WQX-SPR,2014-10,ANFIS-T-no-current,314563,15b3a29247835be200e3b7a7ecfb2d45ea615ffa4c5c68bed976ecf827b761af
wqp,wqp:MNPCA-86-0284-00-100,2003-07,ANFIS-T-no-current,314563,15bcf3caf561b56881673ebc583f5a7612f5f7647a6600ebd922c713e7d8f789
wqp,wqp:USGS-423659088354401,1986-09,ANFIS-T-no-current,314563,15bd88d515164a329b46d58a482ca77615a7374153b0c233fd974ba888ff56ca
wqp,wqp:MNPCA-73-0014-00-100,1981-02,ANFIS-T-no-current,314563,15bdbd984b4e8c3a96ff07b0f62080c44f6f61b312bc81b1a71c7a65ba403aae
wqp,wqp:USGS-423556088365001,2007-06,ANFIS-T-no-current,314563,15beee569e77845e541c3ccc530df65b21776f1b4d2e942e334b652af626afbc
wqp,wqp:21FLORAN_WQX-CC12,2007-03,ANFIS-T-no-current,314563,15c06ca4d18640b27035b3c20a2394e1607f07be89a6b4dc5ddc97694ac357c4
wqp,wqp:21NC03WQ-NEU010,2007-02,ANFIS-T-no-current,314563,15c470e07c8809207d2890cfe0ce299c0abe22097f44f6c965a65fee82d08653
wqp,wqp:21FLSFWM-B03,1982-02,ANFIS-T-no-current,314563,15c5973bad1b20313f38ca2a37481e6be5f4170b4d1e1ce414a6ca0bcdc50e71
wqp,wqp:MNPCA-25-0001-00-225,1993-05,ANFIS-T-no-current,314563,15c6357efadc504684ff87322b2ae6346abb1595ebb310aa02f9874e5336b305
wqp,wqp:21NC03WQ-CPF055D,2012-08,ANFIS-T-no-current,314563,15c80e6f742008770f2decb3553cb713015e440930b974490b4b65fcc7cd16fd
wqp,wqp:21FLSFWM-LZ30,1989-08,ANFIS-T-no-current,314563,15caf553e34f7da1907f668fd599dac70316848dd61f0e76e606634aee212cda
wqp,wqp:USGS-423556088365001,2015-06,ANFIS-T-no-current,314563,15cdc9ee5b46d89f9ffcd0b4d18cc04c84b80d6c5c1f557c1c2ebfe105919b19
wqp,wqp:21NC03WQ-NEU018E,2013-06,ANFIS-T-no-current,314563,15ce3aaf48fc65c4c45a6f0444ca6dab7f7492b216c2d268ffb64e4a79900160
wqp,wqp:MNPCA-62-0007-00-203,2008-07,ANFIS-T-no-current,314563,15ce5adc40edd473e9e0d09711d162e60f044426116041be78d254c1fa9b240c
wqp,wqp:21SC60WQ_WQX-SV-338,2002-02,ANFIS-T-no-current,314563,15ce643412fa8abb98ddb26642b84eda2c495f5bc9286ab174751445351560dc
wqp,wqp:21FLCBA_WQX-WAL-ALLIGATOR-1,2017-09,ANFIS-T-no-current,314563,15cf89c1e7a6ac96491272fe2a8e9aea5a56fad4d8c95312f0c58c2b47ead711
wqp,wqp:USGS-0690367690,1995-04,ANFIS-T-no-current,314563,15d26a4ed6c43f7c653508bc34bde2bcfdba77e69cf04bfc62fdfc161e6b80bb
wqp,wqp:21SC60WQ_WQX-CW-197,2002-06,ANFIS-T-no-current,314563,15d2aaafafc7afb509085d6b1b7ed3123be4dd66999a8532b5b5494f1b9b60b1
wqp,wqp:21FLSFWM-LZ2,2005-01,ANFIS-T-no-current,314563,15d709264df650e3f78342a4da73317d9a7d65e7a61fe05ce7e67aa048c12909
wqp,wqp:21SC60WQ_WQX-CW-197,2015-11,ANFIS-T-no-current,314563,15d868a846c6f8b2c7975692bf243383b6de899101fd0957afc0580f106ec4a2
wqp,wqp:MNPCA-62-0007-00-203,2004-08,ANFIS-T-no-current,314563,15d86ab6d450d38504143880f61c8a3a04c40ad6ffd6e05d4f4e0ca9b7d1c213
wqp,wqp:KAWNATON_WQX-KN-KL-004,2015-10,ANFIS-T-no-current,314563,15d8ba8121c32d9be5188fe9f2adaff73d3caae91bae7c6d5432a43cd0136c70
wqp,wqp:21SC60WQ_WQX-S-024,2001-03,ANFIS-T-no-current,314563,15dbe28673cb7a76d70b91f23de9af4eed3f7a76b3de4ebbd828a4a5ee29db0a
wqp,wqp:21FLSFWM-PELMID,1987-02,ANFIS-T-no-current,314563,15dc2f1227f8a181e61f7e82574142d06323d7af2aa11ed8a8c4858ce6de60ed
wqp,wqp:21FLSFWM-B05,1982-11,ANFIS-T-no-current,314563,15dd8f4466f5abb371a33648e4ce0ee88555dfb870ceac52507a7081ff3c2f1a
wqp,wqp:21FLSFWM-L003,2005-09,ANFIS-T-no-current,314563,15ddaf5eb48ab6eca04cdb53267d123d3b67937e633f041bf11d4544bc642ee1
wqp,wqp:21SC60WQ_WQX-SV-339,2005-02,ANFIS-T-no-current,314563,15de033c66a65a6d1f073880e80ca90212e769144e0faa72365dbb997484c4f8
wqp,wqp:21FLSFWM-E02,1984-02,ANFIS-T-no-current,314563,15e054bdc68913ab1581e786956b1e96399c581f3d620c6869e35dcc611a17b3
wqp,wqp:OKWRB-LAKES_WQX-520710020020-01,2006-10,ANFIS-T-no-current,314563,15e2d13d3f20c53a518b67b0afae84969ca1baa079ca2e9dd3e463859fa10f55
wqp,wqp:21SC60WQ_WQX-CW-207,2000-12,ANFIS-T-no-current,314563,15e44cc6c584611d31b70933239ed4111da7f3dd8dd3534e1b5b84da92e15ae2
wqp,wqp:MNPCA-62-0007-00-203,1992-06,ANFIS-T-no-current,314563,15e45a688eb2d2dd4d3385f93cfd5b488370246f27d25ac256255f57baf2b13e
wqp,wqp:21FLSFWM-L005,1981-06,ANFIS-T-no-current,314563,15e614f05902588dad36575b55b255e3e36889f1b24ece9241d4a5edfb23e1c5
wqp,wqp:21FLSFWM-PALMOUT,2000-08,ANFIS-T-no-current,314563,15e6bddc9f8d7b5065cbaf287050024395dfcdaf22c1ca3083abd730dee386a7
wqp,wqp:MNPCA-62-0007-00-203,2003-07,ANFIS-T-no-current,314563,15e827bfe36ad2de9e7dacfdaf725a10810829140303aebe4bb2debf46294264
wqp,wqp:21AWIC-81,2010-07,ANFIS-T-no-current,314563,15eb97b2b58cdf14477774c4c5215fe39fbe4ccdade462eb4319d47121d9546a
wqp,wqp:21FLSFWM-D04,1983-02,ANFIS-T-no-current,314563,15ebfdcc6a900cbecb65863c606f3ac7a3bf004d815fb4e4409d4a0fe246dabe
wqp,wqp:MNPCA-82-0046-00-203,2003-04,ANFIS-T-no-current,314563,15ed5b021ed837287b32aa24346ea35bf52205811efcab35f1f99b0a3a540d0d
wqp,wqp:USGS-07144790,2002-03,ANFIS-T-no-current,314563,15f0a76dbf48c921cb6e01cc88b15d28b117e611d351925bc04a79097d5554e1
wqp,wqp:21FLSEM_WQX-SPR,2016-06,ANFIS-T-no-current,314563,15f40f58751acb7b38cead2b87581334c49dc7a3054b583d91e6467acbc40e63
wqp,wqp:21FLSFWM-B02,2001-06,ANFIS-T-no-current,314563,15f562fba12836e4023b6c139a66fe75e4e26d0a866c07bd83af5d7f07d3a0a1
wqp,wqp:21FLSFWM-L001,1978-06,ANFIS-T-no-current,314563,15f59701d88a42c1b5d3d1851f7a988b4465b4f1eb37a68e8a876cf58ea9bf49
wqp,wqp:MNPCA-47-0042-00-201,2017-09,ANFIS-T-no-current,314563,15f71b66b92dcfce23689e43e94c1f075c8819cf06096cef8cf94c9b9f02bc5a
wqp,wqp:21FLSFWM-PLN2IN,1991-11,ANFIS-T-no-current,314563,15f9a8e571780ac075cdcef60f76174e4ac6b81034823bf89f4ca5291f21ffe2
wqp,wqp:21NC03WQ-YAD152A,2008-10,ANFIS-T-no-current,314563,15fa9a9c1481068e84b4895b93ab5ed36e6fe4d8c814a131333b30af3d4a96aa
wqp,wqp:21FLSFWM-L005,1987-08,ANFIS-T-no-current,314563,15fb6bd6022a424ea9cd8252c7e549336a92f8d30a5b7e659526161e573befcb
wqp,wqp:21SC60WQ_WQX-CW-174,2017-08,ANFIS-T-no-current,314563,15fe2f7b529ed9b5e74f2f1b89b22c514ffe82bbe5fe9165c5d7440bef39f4b1
wqp,wqp:21FLSWFD_WQX-23438,2007-03,ANFIS-T-no-current,314563,1600bc832ea67c66cd0ae5ce4a23e56bd54407c1c6a91f9b6617812ac7f9a4a9
wqp,wqp:CAPECRD_WQX-290,1998-03,ANFIS-T-no-current,314563,1600c8f68f14d207457b28be1715306729b831e69cbbc53bddb81c709bcb9c27
wqp,wqp:21FLSFWM-POLE3S,1994-06,ANFIS-T-no-current,314563,16060b5e916502d89fa74f14c0dca601ef08812a78a2eb78c5fb3e5d3c09d198
wqp,wqp:21FLSFWM-A03,1993-05,ANFIS-T-no-current,314563,1606bbdb7999b2311d7f035b76107f081ff2066cb6264e6b5165b067d0f5c5ec
wqp,wqp:21FLSEM_WQX-SPR,2016-07,ANFIS-T-no-current,314563,1607be113831078daaf760a9c2cb24068ddcb1712857a43fd720358bffbe5ec6
wqp,wqp:21FLSFWM-CLV10A,1998-09,ANFIS-T-no-current,314563,16084bf9077c8db659159d77907bbdd3b265feb11680c67b376803e694876721
wqp,wqp:21FLGTM_WQX-GTMMKNUT,2017-09,ANFIS-T-no-current,314563,16163548e26ad28ec49a45ff3f9faf6e809af677c1cbf6988d7022d8a3ea73d8
wqp,wqp:21SC60WQ_WQX-CSTL-075,2000-03,ANFIS-T-no-current,314563,1617657d0394ca799beda68803451baf49d06e367b968c544308aa24675e2cff
wqp,wqp:21FLSFWM-L003,2008-12,ANFIS-T-no-current,314563,161ee227043cceb6ecc8080fb6441f08531b08e13835f61839a8d122b6870042
wqp,wqp:21DELAWQ_WQX-308071,2016-08,ANFIS-T-no-current,314563,161ef0828f4678a59fccfac9930118fb22fe9766ceed58c1b0a64a747a0a4293
wqp,wqp:USGS-072632965,2000-02,ANFIS-T-no-current,314563,161f03df102db13cf4b4c6e612649e4ec5db08d961a364766b74fa23850a0b4f
wqp,wqp:21DELAWQ_WQX-205181,2004-10,ANFIS-T-no-current,314563,161f94746fd0557f0331879e3863333b40a5ecc2957e55a75e243ebdb23fda0b
wqp,wqp:MNPCA-86-0252-02-207,1982-01,ANFIS-T-no-current,314563,16230138746d94b9b977319d688fdb473cb500c287ab9b51b3f6c128be6c845a
wqp,wqp:21SC60WQ_WQX-B-327,2008-08,ANFIS-T-no-current,314563,1625a2b06ae70229c9eba93fc3395edb983a5105a04073bdd28193c4b65cbb53
wqp,wqp:21FLSFWM-PLN2IN,1995-02,ANFIS-T-no-current,314563,162633994a3c6b2575aed923172cd81bdc3214f75e4a1eb4d19f7a6c215332ba
wqp,wqp:21SC60WQ_WQX-S-308,2014-04,ANFIS-T-no-current,314563,1627023be81586ce65c4627fa76a4d0b446bcc67becfbe6b6e832862d986cd89
wqp,wqp:21DELAWQ_WQX-205181,2007-07,ANFIS-T-no-current,314563,162890f5648def8f6d212afa8ffa7880332764ca9ae5eb1b16af07ac9742e34d
wqp,wqp:21FLSFWM-ISTK1,2003-04,ANFIS-T-no-current,314563,1629e5db2f9700707e8bb971c445a1034c96e2b4716fed323df03f3d5f3b6bd1
wqp,wqp:21SC60WQ_WQX-SV-335,2005-02,ANFIS-T-no-current,314563,162a6060c8052ee0ad505741d7cf6a115a0b3bfd2a7ac10b20816689b192d060
wqp,wqp:KAWNATON_WQX-KN-KL-010,2014-06,ANFIS-T-no-current,314563,162b93ae258a3bcf4ad05406b59a89b40f0137b4bcf96fb2ff9cd6b6d737f70e
wqp,wqp:MNPCA-47-0042-00-201,2010-11,ANFIS-T-no-current,314563,162cf35674533c20e620dc48e15cf1317c7f611cf1f5df332091ea5232145f46
wqp,wqp:21FLSFWM-STAKEMID,1995-12,ANFIS-T-no-current,314563,162d76c3367fd76cb640e3ea657bbb2baeedadccf2011c7248bd51686ee92fa0
wqp,wqp:21SC60WQ_WQX-S-024,2001-07,ANFIS-T-no-current,314563,162fc91e8752156d229fded9ba8489e4141b9a3f20ff40e5578bbef738063f66
wqp,wqp:21DELAWQ_WQX-208211,2009-02,ANFIS-T-no-current,314563,163006789e53134ea15fc63c8e0cbcec79b1278f7f9adafd0e6d5b54e1b65352
wqp,wqp:21FLORAN_WQX-CC17,2009-01,ANFIS-T-no-current,314563,1630530ca1ac1751a4a88ba1e5cd6ec4ad991ecffb90d3aedae4063dc05c2e00
wqp,wqp:21FLSJWM_WQX-44592,2017-12,ANFIS-T-no-current,314563,16349bc82e12372fb485cea6177f92cd475598aabac85edce8e525ed10a7f29f
wqp,wqp:21FLSFWM-L001,1989-08,ANFIS-T-no-current,314563,163554064a6b2dc7f8af403cf467d55889769cf43e0b97cba87ca9a21ebaa050
wqp,wqp:21NC03WQ-NEU020D,2014-07,ANFIS-T-no-current,314563,1635567e7c0313b933f4d1a94c7cc8cbcd44b1ddace9bda2bcef4ed51fc83551
wqp,wqp:21FLSFWM-LZ42,1993-06,ANFIS-T-no-current,314563,1636504467a05fe8625bef0b575bd9c85d51f00f1ab2489903b5bbe16143682b
wqp,wqp:21GAEPD_WQX-LK_12_4048,1993-10,ANFIS-T-no-current,314563,1637f2409e380071c67f3fa783be37e865411dc5acce7fb8e9ce6d15f85b7b0b
wqp,wqp:21SC60WQ_WQX-S-223,2003-07,ANFIS-T-no-current,314563,163a7ca0729d12223cf2462cd757b0da9df658649ac3b753ffdd16c018c61488
wqp,wqp:21NC03WQ-YAD169E,2002-09,ANFIS-T-no-current,314563,163b6eb2cab58af8d3fd42e00be2cf8822aa53bd2d3a89647669d45c6ceafdcf
wqp,wqp:21FLSFWM-L008,1985-04,ANFIS-T-no-current,314563,163bf06f5e7e3a3ff987cf4cfa5034364f0d61187b68c1283fe9a44077376f34
wqp,wqp:21FLCOLL_WQX-LKTRAF1,2006-09,ANFIS-T-no-current,314563,163c12aebe4899f378a910ce2db03b174d734baa66864c23b39bb88621719e5c
wqp,wqp:21FLSFWM-E02,1999-12,ANFIS-T-no-current,314563,1640559ea06b31de3a10a6b366c2fd03da2ed51013c7354710bca59eae00c7ea
wqp,wqp:21FLSFWM-L005,2001-09,ANFIS-T-no-current,314563,1646ea424e4f5b598c8940b8fa6b5e74e0c2fee27a1d2dbbf6f29e4835cbb785
wqp,wqp:21FLSFWM-L008,1997-10,ANFIS-T-no-current,314563,16490f2917e868a28d98e6f2fc11f063a802d5ddaf6334800b4c40ae14a601cd
wqp,wqp:21NC03WQ-NEU018E,2010-06,ANFIS-T-no-current,314563,16509c6259a3ed88029a6034adc7302d03dcb997426f8f8a6d9960e5974382bf
wqp,wqp:21DELAWQ_WQX-110011,2014-04,ANFIS-T-no-current,314563,16552732f5edfda119d573345f5b8abe47431998235682ca49b4d743667f59ec
wqp,wqp:21FLSFWM-ISTK7,1989-11,ANFIS-T-no-current,314563,1655c3135519b5eb441559a9ccca5e2bce40794440248b101e6f898ad222cc34
wqp,wqp:MNPCA-82-0046-00-203,1999-07,ANFIS-T-no-current,314563,165652201e30231cd60a6ae89958fdc5bae45c4162ceb9d7923c5ac365641615
wqp,wqp:MNPCA-10-0048-00-201,2011-07,ANFIS-T-no-current,314563,16583e8924ebfab2ab5a82996129e65313ee91fec5e9780c89561919dba6aa3f
wqp,wqp:21GAEPD_WQX-LK_12_4048,2000-06,ANFIS-T-no-current,314563,165af533f3db8f0dbcb254ce1fbb9bbbefe3efe4afee71c231845b2e62262a82
wqp,wqp:21FLSFWM-C02,1984-10,ANFIS-T-no-current,314563,165bc18a4336402f60f40994c6fe3ada780cf8f26c68e5e16b2bd3e18584c169
wqp,wqp:21DELAWQ_WQX-206361,2014-03,ANFIS-T-no-current,314563,165bce425bd6c7ae8a75f0f7c4bd39b7b9eb3c893987e65f8d8c56b7be338b2f
wqp,wqp:21SC60WQ_WQX-S-024,2011-09,ANFIS-T-no-current,314563,165d8d3e152705a2ed701b3e4ceead70c5af87c30397d8deb83e6e62fdbb949d
wqp,wqp:MNPCA-86-0281-00-201,1983-09,ANFIS-T-no-current,314563,165e9baed7a1abd9f8e280b973d9cafd39fcb26a62c3cf0e51222c4d43b5b5d3
wqp,wqp:21FLLCPC_WQX-IDAMERESSHDK,2010-11,ANFIS-T-no-current,314563,1661762448efb4737cc78d5892e017d1d960554a89f7d4cc0afade57803e52b9
wqp,wqp:21FLLCPC_WQX-GREENWSH,2018-07,ANFIS-T-no-current,314563,1667355a7e9e42f413fb72fdcd5d17dab9e9f3ef930924d226f89b8ba9a0c1e0
wqp,wqp:21FLSFWM-TIN16100,2002-05,ANFIS-T-no-current,314563,1667561507d6e450afaae8e33dbda67c6494933d3d068d7b9f5c5eac3d4921d4
wqp,wqp:MNPCA-86-0297-00-201,1999-07,ANFIS-T-no-current,314563,1669adbb9d95dca82b350772bebb5884a5ef2de0b2da073d7c1dd744ed3810d1
wqp,wqp:21NC03WQ-B2450000,2014-03,ANFIS-T-no-current,314563,1669ede728c559ea57134d484ef423d448e7e16e4c27057695dd60f17b2d6206
wqp,wqp:21NC03WQ-NEU019P,2016-12,ANFIS-T-no-current,314563,166d7c9289d5c592d8c214ea6262c77404bf8a361efac851597a55f7c47803e6
wqp,wqp:21FLSFWM-ISTK4,1997-09,ANFIS-T-no-current,314563,166de2081ce4cce0502ce7df65cdd5c9420160ecdc2d5b6bcc1ac42cd1151522
wqp,wqp:21FLSFWM-LZ42,1991-09,ANFIS-T-no-current,314563,166e6512e7c49b28abaac56ff03e986a6719369317ae4ee86f159ae2e70db29a
wqp,wqp:21FLCOLL_WQX-LKTRAF4,1998-03,ANFIS-T-no-current,314563,16700572348b44daa39ffe264ec1b2a9fa6385a7fb8fa0413b3cc1a7f8101ee3
wqp,wqp:21FLSFWM-LZ42N,2004-02,ANFIS-T-no-current,314563,1672cc2915cac116c6d406ee477c105cc0bedfe0f3a21ec2e3586568a5e9e7f8
wqp,wqp:21FLORAN_WQX-BC7,2007-11,ANFIS-T-no-current,314563,1676c109224a33df6edc7f5b95a4dce4d6a81577c31a57e9de97a6af1f6bcb58
wqp,wqp:21FLSFWM-A01,1999-09,ANFIS-T-no-current,314563,1678531c0b32b9e824f7f2a174c7bd1d981e3e96dbfa628b338c0bb30b0fba0f
wqp,wqp:21FLSFWM-POLESOUT,2008-07,ANFIS-T-no-current,314563,1678ab7ec09dec91d56413c451b34650c84bd531e9fd11e76a34b7b40cc6bfc4
wqp,wqp:USGS-0690367690,1993-11,ANFIS-T-no-current,314563,1678c4b939ef82517e0b2229a3fd8a244c00abaef58aaaf18ded85474e8182df
wqp,wqp:21SC60WQ_WQX-S-311,2014-03,ANFIS-T-no-current,314563,167ef1ede8c4f03bab9e4a666ee29c5eda61ae17b667b0f1bf7a101529889f7f
wqp,wqp:CAPECRD_WQX-290,2007-11,ANFIS-T-no-current,314563,16805ddb666eacace9f57e2a971b4918c288d9c16d8e37a43b25952fa2b6bc39
wqp,wqp:21FLSFWM-ISTK1,1997-01,ANFIS-T-no-current,314563,16827de9d71e0a6300549114b0cb30eff481fb8c0b7fc099cefeba6503fe9481
wqp,wqp:21SC60WQ_WQX-S-024,2007-01,ANFIS-T-no-current,314563,1683e5c566a71ddda1eb7160bdff8d2af22cef94f599ac2346964e1d912dae3c
wqp,wqp:21FLSFWM-STAKEMID,1989-07,ANFIS-T-no-current,314563,1683f8016ca80781381fb0e464579d62f7fe85a7cb7076a59fe60add95b84fe4
wqp,wqp:KAWNATON_WQX-KN-KL-005,2010-08,ANFIS-T-no-current,314563,168c8fd9c854ef82b987291476c24bfbdc1f1cf6dd93792fa90c9f83d3561910
wqp,wqp:USGS-07048910,2001-07,ANFIS-T-no-current,314563,168d55412803fa10b739b4167edbfd6d7b682ae3a76d5fb074ab37599922ae45
wqp,wqp:MNPCA-10-0042-00-401,2007-07,ANFIS-T-no-current,314563,168e09d1bd5afca4c4c2c346e28836b81c8a25c2e6864a645c875bb4777a2ea5
wqp,wqp:21FLSFWM-L008,2004-02,ANFIS-T-no-current,314563,16906fba4560cb518fb7fc9e6e995ab232813edb9aaf39fde728d754c586cd27
wqp,wqp:21FLSFWM-KISSR0.0,1988-09,ANFIS-T-no-current,314563,16938e58d13e802af55fa146e930223f32b22f8fe4b84a84c8e8bbaadfe09309
wqp,wqp:21FLSFWM-E02,1997-04,ANFIS-T-no-current,314563,1694f5f2b1eb1be02c4c7c4b0c6b8b908fb53889069a7e22dab70def9f9887c5
wqp,wqp:21FLSFWM-ISTK7,1994-02,ANFIS-T-no-current,314563,1695c94728fa1ea29360a6819f2bb2fe0a77a99a8b7d6e14842c72f823e50d0d
wqp,wqp:21DELAWQ_WQX-109131,2005-09,ANFIS-T-no-current,314563,1696976f98b1ee33e14adb78b142a2c8e67cfed71b63fcba505312f1d2a89ba3
wqp,wqp:21FLSFWM-E02,2000-12,ANFIS-T-no-current,314563,169986a2ca11a06dc3c8c0248ff28c9d79bd9d89dd2394986917e2e83774d5c8
wqp,wqp:MWRD_WQX-BARR3P,2017-07,ANFIS-T-no-current,314563,169a3404a7deb11db2aa0f083f178734be10969ecb1b040bd0d3afee7c55b92c
wqp,wqp:USGS-07049690,1980-03,ANFIS-T-no-current,314563,169c0738c1f9751aac9a1fab6c85c6193bec9911bcd1a77f25352a26266b37e3
wqp,wqp:MNPCA-82-0046-00-203,1995-08,ANFIS-T-no-current,314563,169c7a04eea874031c9d3b32009bce0fcce75876c89ef1671b3b6183bf38b84b
wqp,wqp:MNPCA-25-0001-00-247,1998-01,ANFIS-T-no-current,314563,169cfc6236c391ca32d8c9dcca194c9a50ce0b0ffaf625522ca6e045822cc58d
wqp,wqp:21DELAWQ_WQX-109031,2008-01,ANFIS-T-no-current,314563,169e76740845f6d929b2c7faf904ec14ac5fd76ce08245406c3956bedc905812
wqp,wqp:21SC60WQ_WQX-SV-335,2003-07,ANFIS-T-no-current,314563,169eeccb44033c53b6fbcb07158cccaef18701c2be21f709243c5142bfa1d465
wqp,wqp:21FLSFWM-ISTK7,1988-02,ANFIS-T-no-current,314563,16a08ff315f34cd7363c7a35bd939358fbe48b5c7fdf152a9e3c30f9b8eebc59
wqp,wqp:21FLSFWM-STAKEOUT,2006-01,ANFIS-T-no-current,314563,16a13cec9334334e3ea6fffd3f538c482b47e0a5f209c54bdb8cee7675752926
wqp,wqp:21NC03WQ-CPF081A1C,2007-05,ANFIS-T-no-current,314563,16a3d052d9fc9de4a35ddc4871bb4262798ab77d85ce846dd3584ec79fdd1f3c
wqp,wqp:USGS-295826095082200,2018-03,ANFIS-T-no-current,314563,16a47da2231d3c0889055298f1652a74ea893c0d33c02839aeb3df28071e5aee
wqp,wqp:21FLCBA_WQX-WAL-ALLIGATOR-1,2018-02,ANFIS-T-no-current,314563,16a6b9278bbd3f7fdc32a83f025c459978795bbba89852f3c51cb3e71f985b7d
wqp,wqp:21SC60WQ_WQX-CW-033,2017-06,ANFIS-T-no-current,314563,16a7fb5356e4326e26c3881a1a94cb149514fc0d561505a771fadf6e054f71af
wqp,wqp:21AWIC-23,2018-09,ANFIS-T-no-current,314563,16a90d69ee77b8bd7853cd0197a74319a137155a4cd545f3f9039377c2745c1c
wqp,wqp:KAWNATON_WQX-KN-KL-001,2015-12,ANFIS-T-no-current,314563,16aa12ee11007e871d1e7ea0e3959466272ca8ab44d02c74d3d939bbc7fff448
wqp,wqp:21NC03WQ-CPF087D,2001-10,ANFIS-T-no-current,314563,16aca0302cc685bb849db2645b90cade2cea36954b4087af6838d158229691e2
wqp,wqp:21FLSFWM-E02,2004-03,ANFIS-T-no-current,314563,16acbe5847168bee557efccdab66d24c15153d8009be923ce3f42da950d05456
wqp,wqp:21FLSFWM-C03,1988-11,ANFIS-T-no-current,314563,16ae0723fce2c9fb6c7b244e77e82f5eb620fdad29f14e1b521865d88e41ab10
wqp,wqp:21FLCOLL_WQX-LKTRAF1,1999-10,ANFIS-T-no-current,314563,16af47187877ed2b323845ccbc62b92c95201331acae9bd72ddce7e318de3d42
wqp,wqp:21DELAWQ_WQX-307011,2008-07,ANFIS-T-no-current,314563,16b0905e4d2d70dc45d0b5e8fe1bb41e6ac24a20e6e6cc3ec2c3d30f61c314fe
wqp,wqp:USGS-07049187,2016-07,ANFIS-T-no-current,314563,16b0a0dbfcf7405c5af61faf201724e83724ad46b0baf7050606b9253a6cf07f
wqp,wqp:21DELAWQ_WQX-205181,2009-10,ANFIS-T-no-current,314563,16b2718e6ba7cf852ea6925167173384346e872efe8ebbf140c53bb49be1151c
wqp,wqp:21FLSFWM-A01,1984-04,ANFIS-T-no-current,314563,16b2efc6e9730fe0614a921e79726f0570b6b7dc44ea664fbe515c9a73eb715d
wqp,wqp:21FLSFWM-L005,1981-02,ANFIS-T-no-current,314563,16b3528cae39fb70fe9a4fe83b8c51eb5fc13a2dfab0ba2b725ea6ffe4d888ea
wqp,wqp:21SC60WQ_WQX-S-311,2014-06,ANFIS-T-no-current,314563,16b58414f8d298d63e401f4d15237326a4a0330829b30dac2b573602bc4bea2b
wqp,wqp:21FLLCPC_WQX-YALE,2012-07,ANFIS-T-no-current,314563,16b5849541a4c12745bdc05e0899344987fe7252153e62ca442f38bb1b71b126
wqp,wqp:21FLSFWM-STAKEOUT,1986-11,ANFIS-T-no-current,314563,16b6642c428bf4fd85724965237beede32955f440f0cffcbb38af20cefe2fea6
wqp,wqp:21SC60WQ_WQX-B-345,2001-08,ANFIS-T-no-current,314563,16b6991e59af08e68c6ba5028d13e518a666947fa12b25f82d12289c19b069bb
wqp,wqp:21FLSFWM-ISTK6,1988-04,ANFIS-T-no-current,314563,16b6a8494039e5bce46d74d74c743c491d4f9b1787e7622964ab77ede667471e
wqp,wqp:MNPCA-62-0007-00-203,2006-06,ANFIS-T-no-current,314563,16b9d45e9669aa8f660d0994fdd252ea79a80068e0686b8629354b6f6cac1fe9
wqp,wqp:21FLSFWM-E04,1988-11,ANFIS-T-no-current,314563,16ba5c3e8c6a72a9da17bf29a3362067de0e6446485827f4322342707989cd58
wqp,wqp:21FLLCPC_WQX-GREENWSH,2011-12,ANFIS-T-no-current,314563,16bd75fb7ab3cd6241a747f58354ad440abcd3756a37ad6100d0580de0b6e3c7
wqp,wqp:21AWIC-23,1994-02,ANFIS-T-no-current,314563,16bea49fec2eaebe66409ab02f01c43e0038fdd12516dce3e5ecd9698958fbe5
wqp,wqp:21SC60WQ_WQX-SV-098,2003-06,ANFIS-T-no-current,314563,16c51ee6a64afa21d9e0686cd1ad181b66934e68f9e90505d6d75e6437b28bb5
wqp,wqp:21FLORAN_WQX-BC9,2007-11,ANFIS-T-no-current,314563,16c63397e2971ccb0e27afb6a1c9887564d04afa3bcb0fc43b73307fa9bb9773
wqp,wqp:MWRD_WQX-BARR3P,2010-08,ANFIS-T-no-current,314563,16c6f1cac82e09a80fca00ba722a054241a8cda594fa609f54078ba0e7e0c8d5
wqp,wqp:21FLSFWM-L006,1997-09,ANFIS-T-no-current,314563,16c7425f232b241967951db2bc911fd8ab42b163f2ec99dcc461b851ea0ad5d1
wqp,wqp:21FLSFWM-B02,1993-07,ANFIS-T-no-current,314563,16ca1c1d910679f62cfe6cfee3a375dab4b17ef02ac3b5994dff9516786dbddd
wqp,wqp:MNPCA-25-0001-00-232,1997-02,ANFIS-T-no-current,314563,16cdfbae0d810e8b5de4b480a58e6acdc63bcc3b85d997838dc6f3bcc2df2af8
wqp,wqp:USGS-07049690,1985-06,ANFIS-T-no-current,314563,16cf52211401c3debfeeb14ec7824a765c01a5d9d13de834f3c17a92c0e9236c
wqp,wqp:21FLSFWM-L006,2008-09,ANFIS-T-no-current,314563,16cfa90f2a00a43e5ea84a27a936fbcbe2d6b0de538c6b47cd181f2c76ffa5c8
wqp,wqp:CAPECRD_WQX-280,2006-09,ANFIS-T-no-current,314563,16d15d01ea50f1c29e897b9771bafcbebd37816df47dc1114f0573e58158c872
wqp,wqp:MNPCA-62-0055-00-102,1990-06,ANFIS-T-no-current,314563,16d18c9a018e9986c43649d54e79439c36f4878383b755fc6420bb93738f18c8
wqp,wqp:21FLSFWM-LZ42,1990-07,ANFIS-T-no-current,314563,16d4638f9621d60a7993e073bb7f697eefa874bc01e97b935895c70ce0843adb
wqp,wqp:CAPECRD_WQX-290,1996-04,ANFIS-T-no-current,314563,16d544066830017134c3f0f3e67a7f88c97a4502a4d8a1cc616be6b8a4efac21
wqp,wqp:21SC60WQ_WQX-CL-019,2007-06,ANFIS-T-no-current,314563,16d584aa2eae036d5bfa18013ab8816f7c271b69047ab6f2b5bf260276190d5b
wqp,wqp:21VASWCB-5ASRN000.66,2013-05,ANFIS-T-no-current,314563,16d60816f8299a4022609a99955ee4c3734fd523f6decb8afa87de421b62835b
wqp,wqp:21FLSFWM-FEBIN,2008-11,ANFIS-T-no-current,314563,16d62a27793f1816c870020489faaad5dfc6ec692aeabbf99e7cfa2d0f2cb2aa
wqp,wqp:KAWNATON_WQX-KN-KL-001,2013-11,ANFIS-T-no-current,314563,16da3ce3a024c4b568086dc05bb1269ae24a9d6120a833298667b1b475ac8882
wqp,wqp:21SC60WQ_WQX-S-024,2016-11,ANFIS-T-no-current,314563,16e1501254bbb434d464d4e1a8362af626e5f7c427bbf5ebf9b3ec67522a91e0
wqp,wqp:21FLSFWM-KBARMID,1988-06,ANFIS-T-no-current,314563,16e2cbd891101abc1320431485b3d0b57b2e35781a10a5e24fdf72d7c6e3a8de
wqp,wqp:21NC03WQ-CPF081A1C,2005-03,ANFIS-T-no-current,314563,16e3b2f807e23e9f9b00d7078c416f06a77c67122600695166c182c5ff666ece
wqp,wqp:KAWNATON_WQX-KN-KL-003,2018-06,ANFIS-T-no-current,314563,16e4386213ef2145bb190487fb6e2ec78278b929831679145d30e2f370381218
wqp,wqp:21FLSFWM-PLN2MID,1996-04,ANFIS-T-no-current,314563,16e4a848dee94df53e18839e5b5cea07c70ec37c1dd229879a5f98e3a405f3b2
wqp,wqp:21FLHILL_WQX-135,2014-04,ANFIS-T-no-current,314563,16e4eba4d48e884396024b99ac17207684501f31ddb8ee0968a5bca865942603
wqp,wqp:21FLSJWM_WQX-44592,2018-04,ANFIS-T-no-current,314563,16e5123f4e89552481d3f06be5fdb268a1860db18e5d84ba3b7c6acc1da1a9ae
wqp,wqp:21NC03WQ-NEU020D,2018-04,ANFIS-T-no-current,314563,16e5278cca43ac0ebc6147088a6b104d3221680a468e3c5098ce0277ea4480f5
wqp,wqp:21FLSFWM-ISTK7,1994-11,ANFIS-T-no-current,314563,16e845a97a249fd754fdcce8ce7fcde7e3899e804b0c762f983a62ef7143ec62
wqp,wqp:21DELAWQ_WQX-205181,2017-02,ANFIS-T-no-current,314563,16edaa02717294f5f60f4223d9eae5145a6e808a1cdc247c17bbcd88e45ff5fa
wqp,wqp:LAKELAND_WQX-LH29,2010-12,ANFIS-T-no-current,314563,16ee569cbf3df9104d291e64f7a25e3f10497f5bbf6ab48cce667b74432f564a
wqp,wqp:21NC03WQ-LI01,2014-07,ANFIS-T-no-current,314563,16eed890b65be7f6294b454b1d0dd96a548ef2678b52cb1ee07ace8b072cd0db
wqp,wqp:21FLSFWM-L003,1987-11,ANFIS-T-no-current,314563,16eef425350627187c252025abdf64fc1f69221b89fcabaa194c9bbb427da129
wqp,wqp:21FLHILL_WQX-135,2009-07,ANFIS-T-no-current,314563,16f03bbd80c0f1c9f78af5a0d4e240d4e24ba22e9d66dc0c05f77eb51cb9045e
wqp,wqp:USGS-07144790,2012-06,ANFIS-T-no-current,314563,16f0820486fbf0be0c4737dcaa89068eb1475484086242b6924f038416cdd076
wqp,wqp:21FLSFWM-L003,1997-10,ANFIS-T-no-current,314563,16f2495b6d379259cddcacb6b974524ecb397f8007f9ba371cdbb315cf9718ae
wqp,wqp:21FLSFWM-B07,1982-07,ANFIS-T-no-current,314563,16f2767fb3a0f55acf8a41b32c6f6c3d87587a367edf3bcefdbf08456a9cc096
wqp,wqp:CAPECRD_WQX-262,2018-02,ANFIS-T-no-current,314563,16f6d9a604771f4770acebd5ea889ba6502faf47f3327bb6d28b7e12b371c802
wqp,wqp:21FLCOLL_WQX-LKTRAF4,2018-08,ANFIS-T-no-current,314563,16f93e86f78ea77179c197a15c9be99e2542f0b6c728d2ac7177b27112aca54f
wqp,wqp:21SC60WQ_WQX-CL-089,2013-03,ANFIS-T-no-current,314563,16fa52a8a700067031b1fd8f8d0d1213b1e6e41618b27216b461528239b49f61
wqp,wqp:21FLSWFD_WQX-23438,2015-06,ANFIS-T-no-current,314563,16fbba914e4fcc78a0d5c7c8c12dc39adb3508ccbc8c81693c896101c7299b99
wqp,wqp:USGS-07144790,2012-04,ANFIS-T-no-current,314563,16fc6bf475b2d0cd29ae929bb75c228e15170622c437b9b74cc0b21c1535554e
wqp,wqp:21FLSFWM-E02,1988-07,ANFIS-T-no-current,314563,16fe26184c896d444f33deb9aad225d8660262da0bade910d8995f657bfc5d3a
wqp,wqp:21DELAWQ_WQX-304321,2015-08,ANFIS-T-no-current,314563,16fe880907a05b5049f360d1518c268bdf244c4111beb3b8eab9d0d5c3b97014
wqp,wqp:21DELAWQ_WQX-208211,2003-07,ANFIS-T-no-current,314563,17003fdd642cc42f0fabf0205efc7bf189691aec1b8240e6097290c48139b8db
wqp,wqp:21FLSWFD_WQX-23480,2010-06,ANFIS-T-no-current,314563,17044b7af8da2a548a16feaa74c7f3c9903b730f700885d63fd150281cdd741a
wqp,wqp:21FLSFWM-KBAROUT,2006-02,ANFIS-T-no-current,314563,17049db44dd22724c6da917a7a450c6e99b5e3bae6569e99f5235d3079927acc
wqp,wqp:MNPCA-86-0284-00-100,1984-04,ANFIS-T-no-current,314563,170624a7ef2ad01a1b5185c2f6738d9909c8e13ad3090c53ea376058346c7342
wqp,wqp:21FLLCPC_WQX-YALEMARSHPK,2016-01,ANFIS-T-no-current,314563,1707ad736016f5dc6a7594880664509e552a1cb66387a76ff2c2e39a91dea595
wqp,wqp:21FLSFWM-TIN13700,2006-04,ANFIS-T-no-current,314563,1707ecde555da98c24273fd35675c4d8859291ecbb5ff783467579aa508b247d
wqp,wqp:21DELAWQ_WQX-307171,2010-05,ANFIS-T-no-current,314563,170b1e53f89b1e83b764dddb7ca51e749b4b117e7db0c3c0d4d66af66a761537
wqp,wqp:21FLSFWM-D02,1994-03,ANFIS-T-no-current,314563,170ca2eaab86450dee3a116d94b4ef6ca927e9531145a2c168380b81662b3567
wqp,wqp:21FLSFWM-PALMOUT,1994-01,ANFIS-T-no-current,314563,170d0899c6a7e387cd7c6f5e263964f69f348be0c3705f78345b9156b93015d0
wqp,wqp:21DELAWQ_WQX-109191,2005-05,ANFIS-T-no-current,314563,17114d6be6b3c9dba77f77ebf24cb9dfd532666ca5110af86a5cbcd1c73ff40a
wqp,wqp:21FLSFWM-ISTK1,1990-10,ANFIS-T-no-current,314563,1713bf02b336b2dc644a8eee5e8f60f2f386f9827993146ef659b6921280c664
wqp,wqp:21FLSFWM-L008,1985-09,ANFIS-T-no-current,314563,1715bd908ad1c4e193195b65076b5e7c5d61fcb02b621b0da9fc21bdf68ccc8f
wqp,wqp:MNPCA-86-0252-02-207,1986-09,ANFIS-T-no-current,314563,17178ad0525e0351539880eeef18af7c09d00726588ad8b9c9f7d77c50e8f98d
wqp,wqp:21DELAWQ_WQX-208181,2004-04,ANFIS-T-no-current,314563,1717db8b7a8c6e1da0e93e943f8ea44e6380095b42f6e614331d62db1fe8c457
wqp,wqp:21FLSFWM-KISSR0.0,1998-08,ANFIS-T-no-current,314563,1719fc9e0d1adfa8c665de410208e4d796cb593070bdee45f3d4c33abdec7b12
wqp,wqp:21FLORAN_WQX-BC8,2005-01,ANFIS-T-no-current,314563,171d3873591c67d3385cd53c4bdfe847d4ad78e03c83b5f3f1f44b8ae209e278
wqp,wqp:21FLSFWM-L004,1982-05,ANFIS-T-no-current,314563,171d424550035fea1253d07b296b0f47adfcc0265d07035a5be524909706bec3
wqp,wqp:21DELAWQ_WQX-206361,2006-03,ANFIS-T-no-current,314563,171d43ebf0a83b6e86ad08639fdd91bf2be2743d281b84839b44c1940fb70663
wqp,wqp:21FLSFWM-L001,1990-01,ANFIS-T-no-current,314563,171d58be994260487fe825e08cc2d3ef723470656604d3bcf58aa3a26a2c514e
wqp,wqp:21FLSFWM-PLN3OUT,1997-07,ANFIS-T-no-current,314563,17207e95349a1482d6a1dde0236a3c9cbc2d9e99ac17bd7ada0a8e02a677a2d4
wqp,wqp:21NC03WQ-CPF087D,2000-10,ANFIS-T-no-current,314563,172096a4261cf60eb0469e49fc4214ac7695eb5f7c1f5677f5b5e945482ac82b
wqp,wqp:21FLSFWM-KISSR0.0,2006-07,ANFIS-T-no-current,314563,17259ff00859ed90a082a1c4830b3f4cdd4cf01b2660570c8f3c2c8f992befd3
wqp,wqp:KAWNATON_WQX-KN-KL-004,2015-09,ANFIS-T-no-current,314563,17261f2c014e473972cd499e9165b5c508dcd8e8293f54a24b2051ad0b33bbac
wqp,wqp:21FLORAN_WQX-HB55,2018-06,ANFIS-T-no-current,314563,172bc5184155a973af7b85423b5d3db607051798d02e83d400f2298dd49f2ee0
wqp,wqp:21FLSJWM_WQX-409555,2018-11,ANFIS-T-no-current,314563,172cbd41f93f8645e6e55a7a9d1630a0f14c5abaa2aea38069e7505ea05b5a2a
wqp,wqp:CAPECRD_WQX-262,1992-02,ANFIS-T-no-current,314563,172eeb3b618d729c60e989693b3354cb37fc25f7505c85fb7f4e1db974e32e82
wqp,wqp:21FLORAN_WQX-CC12,2005-04,ANFIS-T-no-current,314563,1730635f5a3eda2d4375c8b9e8818ed814ebbc66037c67deb4e37ee11893ef0c
wqp,wqp:21FLSFWM-C03,1987-06,ANFIS-T-no-current,314563,17329edb4186b87aae99109f30157b06c84538e25eb0770fcc42d063351533e5
wqp,wqp:USGS-423556088365001,1990-02,ANFIS-T-no-current,314563,1738bbb444073f630c882c8c2c3d9bd9c1546a76d45526b2e0a2b8f8c78fbb0c
wqp,wqp:21DELAWQ_WQX-205181,2013-10,ANFIS-T-no-current,314563,173aea9a1750452dac1b47359845f3e69342be2dde563fd48d8f7ae0d683b1ff
wqp,wqp:USGS-07049187,2015-11,ANFIS-T-no-current,314563,173dc82037028c2cf15961f37d9dcfa639e9322bb1e66d4d46ecf7945abdca2a
wqp,wqp:21FLSWFD_WQX-23438,2008-03,ANFIS-T-no-current,314563,173eff558a6662dcb590dfd833a660c820f3ab3f5b56afec39f1e487850e88cc
wqp,wqp:21FLORAN_WQX-CC9E,2007-12,ANFIS-T-no-current,314563,173feb86490933dc61e933807d8893066512205a92a79ec4bdc52c548aa93599
wqp,wqp:21SC60WQ_WQX-B-327,2018-02,ANFIS-T-no-current,314563,173ff8c70f12e3ef4509b98802094f67c28837ea2ab9599f995607cdbb5e9905
wqp,wqp:USGS-02207414,2004-04,ANFIS-T-no-current,314563,174023cded175c31c4eb06a3b56df9a514a2664fb09d4cb6522edb25ac1fcb0a
wqp,wqp:USGS-01657480,1973-10,ANFIS-T-no-current,314563,1742a573667ad180536322a1e4c61e0bdfe9c4da9d95fa4239c9b0ab75d9189b
wqp,wqp:MNPCA-25-0001-00-233,1991-09,ANFIS-T-no-current,314563,1745202745f7d0c83e7981fa5bb5618f360b87b334ce3eaf05949ad71cc05687
wqp,wqp:21FLSFWM-ISTK2,1993-01,ANFIS-T-no-current,314563,1745470fb88cabba8da5ddaa42405468671b4bb6e1575383f172d878f38000ab
wqp,wqp:USGS-0214196095,1993-09,ANFIS-T-no-current,314563,1746fef2151e340f163ed092dec3f1c14a396ca3b19ccba9997d2d3947b66b26
wqp,wqp:21FLSFWM-TINOUT,1991-05,ANFIS-T-no-current,314563,174890ee00e229563646d50a7aea527fdcd2227127cfbcf43cc2e6cb1ba8379c
wqp,wqp:21FLSFWM-LZ30,1981-07,ANFIS-T-no-current,314563,1748f6647c978c35fe924b3a0f59bc9419eaec11929ebf233b1ed2b4bed12a67
wqp,wqp:21SC60WQ_WQX-SV-340,2007-08,ANFIS-T-no-current,314563,174f386929c7c01ae58ad6949570d5f40f502215f0e56217ea18c3aacf6553fe
wqp,wqp:21FLORAN_WQX-CC17,2007-12,ANFIS-T-no-current,314563,1751a086812ad55608b5ce5b8c77bc107869c522bf5d7b761659a997efc3e46a
wqp,wqp:USGS-295554095093401,2007-01,ANFIS-T-no-current,314563,1753a9892b8d9d7b5b7c88576a24728014c209c08bb631f0b1009c5f3e103732
wqp,wqp:LAKELAND_WQX-LH11,2011-08,ANFIS-T-no-current,314563,175758fae73453e75cc4ee762cba7c73c48287535fbe552ba37cfe04edf78807
wqp,wqp:21FLSFWM-LZ30,1997-09,ANFIS-T-no-current,314563,17583b8fd98d8b5fd681ab30444bb4dde4ae889455d575e36205893f2e7d425e
wqp,wqp:21FLORAN_WQX-BC11,2005-10,ANFIS-T-no-current,314563,1758913ad9d2f60c573206d5887c8a393238f914eb1dd193b8e63bc502f8d6a5
wqp,wqp:21FLSFWM-L001,1998-12,ANFIS-T-no-current,314563,175abcf745ce550a0d79182f60308ccc840b4f415a2833bba41fa5209625e562
wqp,wqp:USGS-423659088354401,1990-01,ANFIS-T-no-current,314563,175b020f157b53054bddcdc4f0c4eddf3f44b65394c343a9b3181e95e6f79ead
wqp,wqp:MNPCA-10-0042-00-401,2003-09,ANFIS-T-no-current,314563,1760cd558c8ec9a55d4dbbe33fe07f439bbfdcdaebfb7ee65751e97717a1cd0a
wqp,wqp:21FLSFWM-KBAROUT,2004-11,ANFIS-T-no-current,314563,17636d4a86d42aacf712bd1c623e747bc033997fbddce1d0820aec882221340f
wqp,wqp:21FLSFWM-ISTK7,1988-05,ANFIS-T-no-current,314563,1764e2d749a868163099cdf3bb0a7a90ab32fed3c37a2ebcf0c34ff7392335df
wqp,wqp:21FLSFWM-L003,1980-12,ANFIS-T-no-current,314563,17669b2d2d481c7ac7108faf8c8daf70ca6fac2d2e56b515f76cb8e3f5c9fd55
wqp,wqp:21NC03WQ-CPF081A1C,2016-12,ANFIS-T-no-current,314563,17673b5e6a8a7057342fe8a2eb0c93ddb16b4d8d14167fe00b8409cdbc22b788
wqp,wqp:21DELAWQ_WQX-208181,2007-11,ANFIS-T-no-current,314563,17675efc8a14edf3fbe8dbe29a9906c4d95e86cbddf83bea24a81c4f93b1f92a
wqp,wqp:CAPECRD_WQX-290,2006-09,ANFIS-T-no-current,314563,17676ccfd1878e9dfaad942c048564b90e962e4a6a8c4bf856a5da30483cbc04
wqp,wqp:21SC60WQ_WQX-SV-340,2009-06,ANFIS-T-no-current,314563,17677e2a7474717f6f0cdfd0c48e22d89226235b3cb80cd1bf30e68143153bb0
wqp,wqp:21FLSFWM-L004,1984-07,ANFIS-T-no-current,314563,1768c92bcf1d6561022f9783b2228916af4d5c8ae0a2915460af602365066b65
wqp,wqp:21FLSFWM-IPOUT,1991-07,ANFIS-T-no-current,314563,1768f54c2c7923ca5a85fcd0a493e0c60f131d12b12f8c71b7b85f13c6a2769e
wqp,wqp:MNPCA-86-0284-00-100,1993-10,ANFIS-T-no-current,314563,176aeb367b1791240d0a2e4c28243ce37b1ab64dd9e6de8eb5a398a15f7c9ef7
wqp,wqp:21FLSFWM-PALMMID,1989-07,ANFIS-T-no-current,314563,176c040360efadcfcdac824af2dd951edef637729ab8bb26786f0bcd48d6363a
wqp,wqp:21FLSFWM-A03,1993-01,ANFIS-T-no-current,314563,176d33c835cf3d38f9cacc4ef063b2c188c26ad3f9bddc9a6dc87feff24015f1
wqp,wqp:21SC60WQ_WQX-SV-338,2004-05,ANFIS-T-no-current,314563,176d399a77203a5f502dbd0bc3a9e98bf0fdcf13ccade81f7c05a4a9c6211482
wqp,wqp:21FLSFWM-TREEIN,1987-10,ANFIS-T-no-current,314563,17709d2bb310750db100d74baec3868ed8b924c7fa8e5181fa54ff6956f89acc
wqp,wqp:MNPCA-62-0054-00-101,2009-09,ANFIS-T-no-current,314563,1771c08391e4f8a7611937628d031b0a397546a2ab8fb8f58389f240e517c551
wqp,wqp:21FLSWFD_WQX-23588,2008-01,ANFIS-T-no-current,314563,17744aac68ebab3430aed09f2dbe815ee9cb402dd66e84f4fc46d06eb97e4c4d
wqp,wqp:21SC60WQ_WQX-CL-094,2006-08,ANFIS-T-no-current,314563,177633dc9986ac525edf17b1dbb9dd1923d37c7c584b5b5d8142c338d9d95e32
wqp,wqp:21FLCBA_WQX-WAL-BIGREDF-3,2018-09,ANFIS-T-no-current,314563,17778ea8b5f4e3c8e26ca09e44cb9757a597dc6a1069ff74a89201010f0f93a6
wqp,wqp:21DELAWQ_WQX-308071,2012-12,ANFIS-T-no-current,314563,177b0de097810035b5a09abd62c60a8d24c9a1c007619bb1ca5a401d51882a5d
wqp,wqp:21FLSFWM-L006,2005-11,ANFIS-T-no-current,314563,177ca2a87a44f1d9a656577a51ff7483dc0dd85a0becabde750890f60f82cbef
wqp,wqp:21SC60WQ_WQX-S-223,2005-05,ANFIS-T-no-current,314563,177cadfce60e99ec9d8d292192c68e49dfd372be8b591db6e6e0d3eb6896735b
wqp,wqp:MNPCA-25-0001-00-233,1992-02,ANFIS-T-no-current,314563,177e1c5041365f4bb6a5c5c67490b46dd120d9be1cae704210d8abc91284cb7f
wqp,wqp:21SC60WQ_WQX-S-024,2006-04,ANFIS-T-no-current,314563,178043b1d2611a913b16f29ecba8b22f948d2460782fe5e6ec6cbc801147a23c
wqp,wqp:KAWNATON_WQX-KN-KL-005,2015-03,ANFIS-T-no-current,314563,17838cceb1454ad8c899b4da0c46e654b168ba85c65d93c39e70cb7b676313e6
wqp,wqp:21FLSFWM-PALMOUT,1988-05,ANFIS-T-no-current,314563,1786b627098be850b6b656658135dd9d737d82be95c75516dffe1862a4aa7f20
wqp,wqp:21SC60WQ_WQX-SV-338,2017-08,ANFIS-T-no-current,314563,178781e19dcb2ed5721861ef26d52645ef2fc2f0bc0fbcda4072756471ddcd29
wqp,wqp:21FLSFWM-ISTK5,2000-02,ANFIS-T-no-current,314563,17879e138b737ce79f57133bc3aeaf44380b04b4d88a60244b29f4ca6cce60ef
wqp,wqp:21FLSFWM-IPOUT,1990-05,ANFIS-T-no-current,314563,178db30f21c24937586f7f139ede6054c22fc963335536274050136b6e3f9dfd
wqp,wqp:21SC60WQ_WQX-CL-019,2008-09,ANFIS-T-no-current,314563,178dd7403e3f238a982a4dca018a5d26259cb34d3cf39f102805693c5310b2da
wqp,wqp:21GAEPD_WQX-LK_12_4048,1996-06,ANFIS-T-no-current,314563,178fc1db79e039dee7ed5781dffcd302211eae959a3a05d7ddc6fdc7bf8b33b9
wqp,wqp:21FLSFWM-POLE3S,1997-09,ANFIS-T-no-current,314563,1790618663b34192566a45353fe7c137af51ac9603112b8cb159f91563ec342f
wqp,wqp:21FLORAN_WQX-BC6,2017-11,ANFIS-T-no-current,314563,1791ee1043d29a348d5c82aca4dafdd16a64103cc586f4da746a28bd2032cd19
wqp,wqp:21DELAWQ_WQX-307011,2015-12,ANFIS-T-no-current,314563,17921df81764d1aa75e1bb70830bb2267a6dfd0739be3190f0166588f9b0c069
wqp,wqp:21FLORAN_WQX-CC9,2005-07,ANFIS-T-no-current,314563,179276e0285a4e3081b55ebcae94b9a55a0788fc9e1031608d191eebb6ca0e00
wqp,wqp:MNPCA-10-0048-00-201,2002-10,ANFIS-T-no-current,314563,17936a39fae9ad70da6cce2b5ada4cd8df710c70aa4d62dd675b090d9fa677dd
wqp,wqp:21NC03WQ-YAD152A,2006-08,ANFIS-T-no-current,314563,1793b6e5450ef0068a1e02f6770a0fd25f70bf1d1e7c989658d137e556a26e6b
wqp,wqp:21SC60WQ_WQX-SV-340,2005-10,ANFIS-T-no-current,314563,17952382789a154c90eb9da49011543b65cab6ca42368ba4b0dbbcf1e6d86abc
wqp,wqp:21NC03WQ-NEUELL10,2006-06,ANFIS-T-no-current,314563,179735fb44202b3db1525de9e9ba8538084676ec7aa3d44f00306399851644a2
wqp,wqp:USGS-07263299,2014-04,ANFIS-T-no-current,314563,17973698135ccb65bc4c937595674fc6a803766526ce4a6e2727db89ac212a88
wqp,wqp:21FLSFWM-D02,1988-08,ANFIS-T-no-current,314563,179802ca2900dd108a2485f229f0eb7ffca39cf629210647c870deb7b42e3619
wqp,wqp:21SC60WQ_WQX-CW-231,2015-06,ANFIS-T-no-current,314563,179b5495d5e7f0a5d0cbf5c34fbc5f08d2bfb214194ecbe8f339aa739451ab55
wqp,wqp:21FLSWFD_WQX-23588,2009-10,ANFIS-T-no-current,314563,179e9a2bc20e9aa2c6f886f55a4ee701bdb5e5311536fc6ea1b1f541d743888f
wqp,wqp:21FLSFWM-LZ42N,2000-02,ANFIS-T-no-current,314563,179ef68ea3100e3a6b4ad65ffce4fa30b569390653a92d058f3cd247a5370ca8
wqp,wqp:21GAEPD_WQX-LK_12_4048,2011-06,ANFIS-T-no-current,314563,179f5796ece95dc056a13fe2936a744523fc9e07064d4a5f2fa212ece3ccbe09
wqp,wqp:21FLSFWM-A03,1997-12,ANFIS-T-no-current,314563,17a02ae8b7c670c76aed4c680b2ae2fca61cbfd44c59caa3c8f7824ff1faf736
wqp,wqp:21SC60WQ_WQX-ST-032,2003-08,ANFIS-T-no-current,314563,17a05d2181c72f66660b57759e1951c52f6857e2c50dd87acfe614a3c7b66e8d
wqp,wqp:21SC60WQ_WQX-SV-200,2000-11,ANFIS-T-no-current,314563,17a2030b6ff093bdff4658ceb4f564e1c239c318fa360125e318dbe36d5aca2d
wqp,wqp:21NC03WQ-CPF055C4,2014-04,ANFIS-T-no-current,314563,17a430a29ed745d296e8251304abe1f933d965131447bb9d24da97342fada52b
wqp,wqp:21DELAWQ_WQX-308071,2011-02,ANFIS-T-no-current,314563,17a65183598d60c19ec69552fcaf753399fb8e355546175d0dcff2b32443afaf
wqp,wqp:21FLSFWM-KBARMID,1987-12,ANFIS-T-no-current,314563,17a8fd238a126979c4b0768b3fdb078f8897fd7dd4c5922814b20c8c74ea7bf4
wqp,wqp:21SC60WQ_WQX-B-339,2005-12,ANFIS-T-no-current,314563,17a9eb4207cc5be2fe0b9b0befdeba9a34c336e7e1ac8763796bc1f0c03942e3
wqp,wqp:21FLSFWM-L001,2000-11,ANFIS-T-no-current,314563,17aab6c0a977a9c4a0c6ae9f2a9c5cb8cedb209d08e43e6f163b3e851b9432d4
wqp,wqp:21SC60WQ_WQX-B-327,2007-03,ANFIS-T-no-current,314563,17ab48abadca35cbef5cc129cfbdc461574120a275d3d439c3aeadffbb4ec7d3
wqp,wqp:MNPCA-25-0001-00-232,1999-09,ANFIS-T-no-current,314563,17abe2d90429f73daa055959710a52b9fe8f4be932326645540d11889411abfa
wqp,wqp:MNPCA-02-0045-00-202,1999-07,ANFIS-T-no-current,314563,17ac0aca9970c9ea0d684ba2f92d16022b6a5c1ff5a2fe67168fc640f7fdbf2b
wqp,wqp:21SCSANT_WQX-SC-044,2017-05,ANFIS-T-no-current,314563,17acb6b9ca4100d4affad028fc01d05130a49be431b97923f77d5d187349d44a
wqp,wqp:21FLSFWM-TIN16100,2002-09,ANFIS-T-no-current,314563,17ad65d2b94a85087e3eae0e45ef98019a0720e8a28a507adf5dd126bd46e604
wqp,wqp:21FLSEM_WQX-SPR,2015-01,ANFIS-T-no-current,314563,17afca5ff27892203b3c773edb250788cba9bad0fa4aaeb5afccdf35777f030a
wqp,wqp:MNPCA-25-0001-00-225,1997-03,ANFIS-T-no-current,314563,17b0d99bb8b5c04134505c7fac8dd1fd3ce884dd44154a52a965096031d9c245
wqp,wqp:21SC60WQ_WQX-SV-339,2018-07,ANFIS-T-no-current,314563,17bb98bc626f8fa4b8275da71b36e12c78e42a90284c1ccfbde2494eb66d9856
wqp,wqp:MNPCA-25-0001-00-233,1991-01,ANFIS-T-no-current,314563,17bd69a8c7725e69f77102f62069ed28f491402a68aa29ec4ad1465be23d2c17
wqp,wqp:OKWRB-LAKES_WQX-520710020020-01,2005-06,ANFIS-T-no-current,314563,17bef022cf125363d3b8b08f368721962aed70833996443bd370ec4a94731d8a
wqp,wqp:21DELAWQ_WQX-303051,2000-11,ANFIS-T-no-current,314563,17c2cb91f4fb3843989c84be4395d0c09a23c4d4ba2c23500155cacd7a79326f
wqp,wqp:USGS-423659088354401,1983-11,ANFIS-T-no-current,314563,17c2d75262d49438beb709e397f47211963b66082ca4ae0aac602020957437ef
wqp,wqp:21FLSFWM-PLN2IN,1996-12,ANFIS-T-no-current,314563,17c43280eed71fc098bcd8b03920ee622f264c595de1403b4facaecc249312e5
wqp,wqp:21SC60WQ_WQX-CW-174,2007-02,ANFIS-T-no-current,314563,17c43a6ea1990b4af5c1f7e217bdefbdd806301193a9b15c76c94556ee0b4da0
wqp,wqp:21FLSFWM-PALMIN,1988-08,ANFIS-T-no-current,314563,17c4ce8234db4afe1958cf16ac4705d3b97b6774870b1e0909d593b7948a56de
wqp,wqp:21FLSFWM-POLESIN,1995-02,ANFIS-T-no-current,314563,17c5f98dabbc26d585c8343b082873cc3e8562dfe0de8d5bae9127b2b72196b4
wqp,wqp:USGS-07049690,1988-02,ANFIS-T-no-current,314563,17c6b5120496175e42026c570628c3fea4ca0ea1ba432832a00525166dcde38c
wqp,wqp:21FLSEM_WQX-SPR,2018-02,ANFIS-T-no-current,314563,17c7c4b2b6b215de6c0de8c11e3af8cee00c5407e3ccd1e77feb682c5db4b2cd
wqp,wqp:21FLSWFD_WQX-23438,2014-06,ANFIS-T-no-current,314563,17c7cc8ce6485585c55035de91b1b3359dba06b497884c49fce71092e4088e22
wqp,wqp:21NC03WQ-CPF087D,2018-04,ANFIS-T-no-current,314563,17c84191490973e460744e9defc3f61dad2ca2c2d94bdcf099b9f359bdb3018f
wqp,wqp:21FLCOLL_WQX-LKTRAF1,2003-02,ANFIS-T-no-current,314563,17ca4c83b465b6f37193da828e24c9cf0ab5f113406f2d5a97cec73571b81b8c
wqp,wqp:21FLSFWM-PELMID,2002-09,ANFIS-T-no-current,314563,17cc8dde336af573a7d95c76f0fb3d6c02320bc3f5adcd756e24100bd691a8fc
wqp,wqp:21DELAWQ_WQX-109131,2012-05,ANFIS-T-no-current,314563,17cd1d4b1fe003ae99fa5e2fc4671cbd7022a32b9e62eabc3dae054d8e3efb19
wqp,wqp:21FLORAN_WQX-BC11,2011-10,ANFIS-T-no-current,314563,17cd937ea581cf3122a664f20c201261cd35566103b1a6f984d0bbab00a58fc9
wqp,wqp:21FLSFWM-B02,1983-10,ANFIS-T-no-current,314563,17ce34a7eab03fafd5908c05114001e75e17f8cf814c83589f74e1951abad483
wqp,wqp:21NC03WQ-Q5360000,2009-04,ANFIS-T-no-current,314563,17cef7e046b143b3285f36ba86acf3fae92c0c47eaba83da283804a785f031da
wqp,wqp:21SC60WQ_WQX-S-024,2015-04,ANFIS-T-no-current,314563,17cf22048297fc14c3e2a8a703d600d2689d33e62d3524244308054c58d3f101
wqp,wqp:21SC60WQ_WQX-CW-231,2003-05,ANFIS-T-no-current,314563,17d1265ebc6bb9514ea39a23121b62ea4eeb0120a7c47ca7779d30a72cbf041e
wqp,wqp:21SC60WQ_WQX-SV-200,2007-12,ANFIS-T-no-current,314563,17d19fad91ab0288fedcd4b536237d03856d51282d4b38d616409216b0003eb3
wqp,wqp:MNPCA-02-0075-02-203,1986-05,ANFIS-T-no-current,314563,17d33795820f2684ee4d38af57cf84ab0d7d8f1f35e089abfd1ae979dfd24bdf
wqp,wqp:21FLSFWM-LZ40,1997-08,ANFIS-T-no-current,314563,17d3cfc04b2b4c7326317ed8f23da562acbb2ebc3d5020b0434715518ed5f5e1
wqp,wqp:21FLORAN_WQX-CC6,2006-08,ANFIS-T-no-current,314563,17d507937d3b518880597372f8064ecefcc5511fbc425c65659f98ac4137ac67
wqp,wqp:21SC60WQ_WQX-SV-340,2002-05,ANFIS-T-no-current,314563,17d786efad2038eba898c020a705b5298eb08fa7cdfcf9aaf6613220fbee4cb4
wqp,wqp:21NC03WQ-CPF086F,2017-03,ANFIS-T-no-current,314563,17d819f885559ce9eb313d54ed61cfc91cdc9ef717392018c32fcd96249a5168
wqp,wqp:MNPCA-25-0001-00-232,1992-02,ANFIS-T-no-current,314563,17d8976c2afb63b24701cf295dfecf15e1b2b55664d19d6e54249407de87e1e7
wqp,wqp:21FLSWFD_WQX-23609,2008-12,ANFIS-T-no-current,314563,17da468c4200c52ce2d3e17d504cde0bea2b8fb545345b8f664467f051ff0af7
wqp,wqp:KAWNATON_WQX-KN-KL-001,2017-05,ANFIS-T-no-current,314563,17dcc48b5eb53ae8725ef5fa584e825281fb758ceb5e42ad4ac79732b6783bcb
wqp,wqp:USGS-423556088365001,1990-09,ANFIS-T-no-current,314563,17dccb83f6255a1afa6c242abf1b494f1fec331bbc27fa51af5190c2bea3df89
wqp,wqp:21NC03WQ-CPF087D,2012-07,ANFIS-T-no-current,314563,17df5d92dcda0b9d236abba5cebcbe2ad05bc32b3266218f8106142faf4b4359
wqp,wqp:MNPCA-10-0042-00-401,2017-09,ANFIS-T-no-current,314563,17e20348d3892ec321b4b0b929e0ae51e61042962ab8ece2e762a106c742d5f7
wqp,wqp:21FLCOLL_WQX-LKTRAF4,2000-12,ANFIS-T-no-current,314563,17e2fe20396e813e4f936bb33f530455d3373ceb58194cdd9c6ef60394c775f3
wqp,wqp:21FLSFWM-D02,2004-04,ANFIS-T-no-current,314563,17e39bd560e6141e6dca18d311c45d9f2dde88830a5344fc87a1d4422953949c
wqp,wqp:21FLSFWM-D02,1988-01,ANFIS-T-no-current,314563,17e421ab43ea6c80567f28ce210e113db56b102229d3368b9e687e24616a077a
wqp,wqp:CAPECRD_WQX-280,2015-02,ANFIS-T-no-current,314563,17e594ee8be5ae4e3082b47207b0d843ed5d4eb953479e997760b86dec336892
wqp,wqp:21SC60WQ_WQX-PD-327,2016-06,ANFIS-T-no-current,314563,17e694000d53ab9ae269cfb608ed3aeba3488174c78770628343e8d41232b3cb
wqp,wqp:21FLSFWM-L003,1984-02,ANFIS-T-no-current,314563,17ec3b07a89ac516c9732d55f573f3442cf1d066502eecbbacc57c0ac7a77e13
wqp,wqp:MNPCA-62-0013-00-201,1993-07,ANFIS-T-no-current,314563,17eca16652285d23c54b7ccdaa1ad422afb7bcc5de4201c2a88294edd1d6cdde
wqp,wqp:MNPCA-02-0045-00-202,1998-08,ANFIS-T-no-current,314563,17ee48f059c121cfcc6443e8f1f677e88e4f1c4f63487dbcaf637b7ff66e25b7
wqp,wqp:MWRD_WQX-BARR3P,2008-06,ANFIS-T-no-current,314563,17f186981ef5fdb4566f998ce27a2b61447c1c9cc2bcfb1ab471771daec6d90b
wqp,wqp:21FLSFWM-E02,1984-05,ANFIS-T-no-current,314563,17f7ea54e22893c66f566ffbc405a455aac8cf925cadc58f0fdf7d5ab89a2455
wqp,wqp:21FLSFWM-L005,2004-11,ANFIS-T-no-current,314563,17f8dfb156dc903f7a63e40f3166f4233c7f3d1970244f3bf03c9ac5ebde1cf9
wqp,wqp:21FLSFWM-LZ40,2005-09,ANFIS-T-no-current,314563,17f900b2eb93189a1977cd8f4fa9a154ff9264e384a7d151f7ea8b68d84e5b9c
wqp,wqp:21FLSFWM-TIN13700,1998-06,ANFIS-T-no-current,314563,17f97a8380ef83bf2b2ada6996b86e234916d803a5a0d7ceb13c2c4e744bb22e
wqp,wqp:USGS-07049200,2018-10,ANFIS-T-no-current,314563,17fa5627edf725aa1aaf0fe67a942159d70d1a33fc040bedacc94b30825bce7d
wqp,wqp:MNPCA-02-0075-01-204,1985-10,ANFIS-T-no-current,314563,17faefef119907aecaab8412cea7f69d648f3ddb6009e67d8bdd988ae4f4f8f0
wqp,wqp:21NC03WQ-LI01,2012-05,ANFIS-T-no-current,314563,17fe7f8fc199631cc51885348a16c632c7b368ab160b6eb3b27066905298b2c5
wqp,wqp:CAPECRD_WQX-290,2002-02,ANFIS-T-no-current,314563,17fee52186d01e3b7c9f0711b2ea0d0eb92eba56b1b0c6d89e042449799e5063
wqp,wqp:21FLORAN_WQX-CC12,2010-11,ANFIS-T-no-current,314563,18032c9ffce33401998fea199f8e83f500cb0b7e49b51af21a2a43d6804ebb9a
wqp,wqp:11NPSWRD_WQX-SLBE_PL_01,1994-10,ANFIS-T-no-current,314563,180439093414f5c72a24059d26e02dd12559bca12e952994727b632baf99e0d3
wqp,wqp:21DELAWQ_WQX-205181,1999-09,ANFIS-T-no-current,314563,18067b2c9217ed83e0cffceb7f0f9b39e7127c106277c87c2716b074073ed0e7
wqp,wqp:21SC60WQ_WQX-SV-361,2018-04,ANFIS-T-no-current,314563,18069dc2d2f218f41ec145859d0919cc191a4f808c911023f8d62f1a42f01311
wqp,wqp:21FLORAN_WQX-BC6,2006-09,ANFIS-T-no-current,314563,180bc5ddb86d2a9df812d677a7bd2bd35f6560afe83676be919940f3b4903849
wqp,wqp:21NC03WQ-YAD169B,2009-06,ANFIS-T-no-current,314563,180d6c0b47d5e8acc3c1f0b55af3ea41a5ff8dd2df8875ac2c437adfc39fb4a8
wqp,wqp:21GAEPD_WQX-LK_12_4048,2009-07,ANFIS-T-no-current,314563,18108fbbab1544991ed15e3f2703b789309c00b0bffabde7995d11e2d826e156
wqp,wqp:21FLSFWM-L005,1989-10,ANFIS-T-no-current,314563,1810dd4c1d3c8c09d70b601b8242925fecdcc4d75f9a6e3f3a566a73e7e106bd
wqp,wqp:MNPCA-82-0046-00-203,1985-04,ANFIS-T-no-current,314563,18112f297eb81486b559f81566002e82119682e4df3c8c5092cc09607d06a1a1
wqp,wqp:CAPECRD_WQX-262,2012-12,ANFIS-T-no-current,314563,1811a47335b247b3f52b0ce18a93f707a4d6185ccbd515ec34db3a7b220da511
wqp,wqp:21SC60WQ_WQX-SV-098,2018-08,ANFIS-T-no-current,314563,18120a386f17ae6d1152039e895ff44611b32ebf83cf2332c7c0f1ddbd93b8c0
wqp,wqp:21FLORAN_WQX-BC11,2016-03,ANFIS-T-no-current,314563,1816c5bcc3664c309692833eb15bdcb57ecc6af02878d095cc2510ea0558652e
wqp,wqp:21FLSWFD_WQX-23477,2009-01,ANFIS-T-no-current,314563,1817fc0837d375640a1b18dcf90080b287022ae139ac8bfef0f13d450657f216
wqp,wqp:21FLLCPC_WQX-TROUTDKEUS,2015-10,ANFIS-T-no-current,314563,181917269012c13c20cac02f96c7efb722aadfb6dcfd508d03e4b467075975d0
wqp,wqp:21SC60WQ_WQX-SV-361,2003-07,ANFIS-T-no-current,314563,181abc0080233beea5bf03b11b03e26f29001d9299202585c03c0de9fe89b4f9
wqp,wqp:21NC03WQ-NEU019C,2006-01,ANFIS-T-no-current,314563,181d689df9221dd3986881fb42b0fba9c07bbfe3a07253f00e7d1cdefdda4b01
wqp,wqp:21SC60WQ_WQX-SV-098,2001-02,ANFIS-T-no-current,314563,181ee82da6353c444553c8b9dc180faf0c42c559788617b34bcffa061feaeaed
wqp,wqp:21DELAWQ_WQX-208181,2015-09,ANFIS-T-no-current,314563,182018b7c643b4d467c33a9af2b2cdd393a2fe8c711abb935b276ae5537a7e8d
wqp,wqp:21SC60WQ_WQX-SV-363,2008-02,ANFIS-T-no-current,314563,18212422979584d08813b317dfdc3d2e8815da76bb346fa4d94509c0cf03782a
wqp,wqp:21SC60WQ_WQX-ST-032,2001-06,ANFIS-T-no-current,314563,18252dc000001b4dc9aad70fd38c2e9267db220e83c47cd771e64061801689a2
wqp,wqp:21FLSFWM-E04,2001-09,ANFIS-T-no-current,314563,1826e9cfbbf0a7cbd81d647525dbb00f578d6aedc61ad698dd8c6945892f4b93
wqp,wqp:21NC03WQ-YAD169B,2008-10,ANFIS-T-no-current,314563,1827a3f8144cfa453d3d6fdd13230f5d090f89ee0c75544b176763ffa0dfc34a
wqp,wqp:21FLORAN_WQX-BC7,2008-02,ANFIS-T-no-current,314563,18284dec1cb4e912aceca48abcb60f15c06e79413126aef80b9f65b1713c4193
wqp,wqp:MNPCA-62-0055-00-201,1987-07,ANFIS-T-no-current,314563,182855e5abb6db515d54e5cedd55e12bfb90a9b92fd63ce318de9d3ce4690a0a
wqp,wqp:MNPCA-47-0042-00-201,1986-04,ANFIS-T-no-current,314563,182bc5494313e40c5be4b68dc83147d451cdedf22f341be39eba5ecece29944f
wqp,wqp:21FLSFWM-LZ42,2005-08,ANFIS-T-no-current,314563,182fa9a6955c2e4d205c0b87939d2c6cae958958938735cf89207fd93cfbdf34
wqp,wqp:MNPCA-62-0013-00-201,1997-09,ANFIS-T-no-current,314563,182fcf600c88e6b23d699022eb306d2c32cb3241844a0181b231d1a82e175bef
wqp,wqp:21SC60WQ_WQX-CW-033,2014-05,ANFIS-T-no-current,314563,1830086468f769e6ad022df33d417fe3ce7286207625ea6cd8ae2c4c92a04e2d
wqp,wqp:21FLSWFD_WQX-23480,2007-02,ANFIS-T-no-current,314563,18325c1d82bb4d703a30fdcfa57ca98013aef12fe5d7403f0f4d5eaec407efa8
wqp,wqp:21FLORAN_WQX-HB65,2018-03,ANFIS-T-no-current,314563,1832d45f908f90ac8a29c7705cd021e149dd0995852d20f7a37cfdcf7ba27700
wqp,wqp:21SC60WQ_WQX-B-339,2009-10,ANFIS-T-no-current,314563,18352ae1f730d30e0637e12c8c9385097eab9143e752d455d394827d1d7e4395
wqp,wqp:21FLSFWM-MH16000,2005-04,ANFIS-T-no-current,314563,183a141db3696c9ce9e0acc7d9327366f3e3f33216876e757f7b97c94a1487a0
wqp,wqp:MNPCA-10-0042-00-401,1984-06,ANFIS-T-no-current,314563,183ab7d8b747207aa3a3a8b55b1aa487a1b9a3e99f0a6abb5cfef35091c32648
wqp,wqp:21SC60WQ_WQX-S-024,2002-10,ANFIS-T-no-current,314563,183b7c55b3a727e092a78c7187f75b0f8d6352169fdfc67331ddd68620140e4e
wqp,wqp:21NC03WQ-CPF0880A,2014-04,ANFIS-T-no-current,314563,183b9816415b36ea5c86e2d2334463f1e4967b2c0eb8fd4e08a83080e1069c4a
wqp,wqp:21AWIC-81,2010-08,ANFIS-T-no-current,314563,183e1be011f4022c5240a035b47a557a0399d88ff5a758729cdc955100173ae0
wqp,wqp:21SC60WQ_WQX-S-022,2010-03,ANFIS-T-no-current,314563,184098abdb79f02f387453e3c683466f84ab40d473204a1ce683df79defd0b39
wqp,wqp:KAWNATON_WQX-KN-KL-005,2015-04,ANFIS-T-no-current,314563,184262553108f7179e680c6aeda711992305502791b928b5a5aaf1dc07835dc6
wqp,wqp:21FLSFWM-L004,2005-01,ANFIS-T-no-current,314563,1844385dd5b1abf753270986b2239cc6d107f73e07c52ad03f20fa2b09837440
wqp,wqp:21SC60WQ_WQX-SV-200,2003-08,ANFIS-T-no-current,314563,18471a2d2dee7a6a30a4cdfa93a9966cbca9dd67ba834fe1d941c767bbc6d79f
wqp,wqp:21SC60WQ_WQX-SV-339,2006-10,ANFIS-T-no-current,314563,1848c251a0a7c100768865d0ac4633998083e944d322907f4d4b1a8cf0d3aea6
wqp,wqp:21NC03WQ-NEU020D,2017-04,ANFIS-T-no-current,314563,1848d58fa3f14004f8760265e84e514a18d057b9bd32fb6ff721cb1ab74d7abe
wqp,wqp:21FLSFWM-ISTK4,1991-01,ANFIS-T-no-current,314563,184a8abe796f7c490a7589b340b4681ac0b4b70b2a11141ac57f3416246b5128
wqp,wqp:21SC60WQ_WQX-SV-098,2001-09,ANFIS-T-no-current,314563,184b73c5381554bd18fd7414e75423de06c3141f9e931a74eac56600685f373d
wqp,wqp:21FLSFWM-L001,2006-01,ANFIS-T-no-current,314563,184ed89844b6132626bd468a40784443c15d1eb8abfbaa58b285c2b458f96039
wqp,wqp:21FLLCPC_WQX-GREENWSH,2014-01,ANFIS-T-no-current,314563,18577754025da7d7320347f88c4453277fa8a546e015b0c2f4a29d59bf366d29
wqp,wqp:21FLSFWM-MH16000,1996-06,ANFIS-T-no-current,314563,1857e5ff455b15f514e4fd0c959c99fd7b5137391971fb51ab70d08ec46bc2c9
wqp,wqp:21SC60WQ_WQX-S-308,2014-09,ANFIS-T-no-current,314563,1858b4049d8aae29ec44eadbbbfa4e65119f5e3893f89cc960fafdf891e68c70
wqp,wqp:21DELAWQ_WQX-208211,2013-06,ANFIS-T-no-current,314563,185e3a48ea88d4d3780a29187b0f67e1b40fe24a59ad59bb6f6c2d6b8cc5ba23
wqp,wqp:MNPCA-02-0045-00-202,2013-09,ANFIS-T-no-current,314563,1862929dc6a8068568e09477d9c532983020d1fbaf71dcbbfb20b71320c35537
wqp,wqp:21FLSFWM-LZ42,2007-09,ANFIS-T-no-current,314563,18640da31929198455426dfcc39e7132ea6443934ec9468885394f52657244d5
wqp,wqp:21FLSFWM-L003,1987-05,ANFIS-T-no-current,314563,1865cf415a5c6561d6a495f881d7b4565e14cece0c85abb02ab4a13b2ba0a35b
wqp,wqp:21FLSFWM-B06,1981-10,ANFIS-T-no-current,314563,1868eb1b6d82b0495982197ef9d094c017a4de06279abf38db74ffe5bee02d38
wqp,wqp:21FLSFWM-STAKEIN,1996-09,ANFIS-T-no-current,314563,18691118c552c93a1355883768f0c368c760fc08c1afe147be2e3207bb69b55e
wqp,wqp:21DELAWQ_WQX-109031,2004-08,ANFIS-T-no-current,314563,186941fec9698213a11675a40338853de09ed3b09b7dc18436d3cb0a301e6c78
wqp,wqp:21FLSFWM-LZ30,1992-05,ANFIS-T-no-current,314563,186c20aa1ed852d95b0203af0579d1453dca69f50c1b0408e87556db9d78863e
wqp,wqp:21FLSFWM-POLESIN,1994-04,ANFIS-T-no-current,314563,186cfbf7e28413cee69963f7993bb396709b61644b536fc8148471f0ee5afa74
wqp,wqp:MNPCA-86-0252-02-207,1981-04,ANFIS-T-no-current,314563,186f476f945965ed061f5f5a4bee0827e666413660deea42e3b261efa7e22ac6
wqp,wqp:21FLSFWM-TIN16100,2003-02,ANFIS-T-no-current,314563,186f584df981aaa94d06673ef53b23a0e0d813ef276b05e56b22e75635d996f5
wqp,wqp:21FLSFWM-L004,1981-06,ANFIS-T-no-current,314563,18700bc59eb0ca8f1df4426cc855a4428482833349e04a1e457b9549643ff5b6
wqp,wqp:21NC03WQ-CPF086F,2007-04,ANFIS-T-no-current,314563,18732851372f787110ad52fc77217e462252c0c495c7a86cc386bb7139288bba
wqp,wqp:21FLSFWM-LZ30,1988-08,ANFIS-T-no-current,314563,1874a5a5e410609d8337f599bc8f1236abb9a48966f004724b744faa5f829729
wqp,wqp:21SC60WQ_WQX-CL-019,2010-07,ANFIS-T-no-current,314563,1874fd45d32f38e0f58e962c073a305893702ffef11414f50e38f022a0a574b0
wqp,wqp:OKWRB-LAKES_WQX-520710020020-05,2018-04,ANFIS-T-no-current,314563,18767de3c80999f644a41718cf027b0d0ed33b39cb1dd2c3e31feb427fba2f73
wqp,wqp:21FLSFWM-ISTK4,2002-12,ANFIS-T-no-current,314563,1879063f7ff0243e69cd9e33e702d05c8ed3b777cac307cc22aae01e5f5a0f91
wqp,wqp:CAPECRD_WQX-280,2004-04,ANFIS-T-no-current,314563,1879967319fd67c8c64bcc7c9e011e3b412efdcd6d875ea306f89ee45912e3c7
wqp,wqp:21SC60WQ_WQX-PD-327,2008-10,ANFIS-T-no-current,314563,187b8f349d44a2b6d5eb3be281cdba03c7646f87d88b2bb60bd269075c51eb8c
wqp,wqp:MWRD_WQX-BARR3P,2007-07,ANFIS-T-no-current,314563,187f65324e9cb93f8a2da5ec93022324a61e916e248be0a1fb38e8b3cfa4c582
wqp,wqp:21SC60WQ_WQX-SV-361,2007-11,ANFIS-T-no-current,314563,18819e4a243f72aa058a74994051a92689b99d45a71fe60dc922e0481ded61d5
wqp,wqp:MNPCA-10-0048-00-201,1983-09,ANFIS-T-no-current,314563,1882f21ea5c7f53243df5cccd5ffbf6a87c35970f7526ab247c8ba9b339731b6
wqp,wqp:21NC03WQ-CPF055D,2016-01,ANFIS-T-no-current,314563,1884432f9c3b9a7e5422678391f1d570bd7477753c8fae4104c36c0766d1ad7c
wqp,wqp:21FLHILL_WQX-135,2000-05,ANFIS-T-no-current,314563,1884b2efaae348802d2243f2fc8962b45de43c25a1abc348068b5fd9222c3ec3
wqp,wqp:USGS-07049690,2011-08,ANFIS-T-no-current,314563,18871dadf6f554a52dd3f4211a1e37af79ec13c53701b1d9022f1c299f4d354e
wqp,wqp:21FLSFWM-E04,1983-02,ANFIS-T-no-current,314563,188819f63cf0007f6ce29c44491aef93c631c5eae22e47ec159b5814331d9cc1
wqp,wqp:21FLSFWM-L003,1981-08,ANFIS-T-no-current,314563,188965542fd4402abca58ac5a1d8c9ed4ab8f5548d78c7ee4cb5d0e32f8fd50a
wqp,wqp:21DELAWQ_WQX-108111,2012-05,ANFIS-T-no-current,314563,1889b07cba0ebf674869648446da88ac165122f116b2301a48d9550c0b3cfe4b
wqp,wqp:21SC60WQ_WQX-PD-327,2016-08,ANFIS-T-no-current,314563,1889b1b7b0229121b95cc342a27147f2c87b66c379118ca12a2482cc925d82e3
wqp,wqp:21FLSFWM-TIN13700,1997-02,ANFIS-T-no-current,314563,188c8b3fe4f02e2cd796706ef3b23873324cff8a26769e33a6c25e5153b71a54
wqp,wqp:21FLSFWM-PELMID,1990-01,ANFIS-T-no-current,314563,1892686c21b1045c00c6b23f67534b6664c6d8134563d6980b2b0d23ee5cc04a
wqp,wqp:21FLSWFD_WQX-23609,2007-07,ANFIS-T-no-current,314563,18940e6f4d3025bbb6cb09e00ca069e5ae74f3edbb897d64d50a965e17beef55
wqp,wqp:21FLORAN_WQX-BC11,2010-10,ANFIS-T-no-current,314563,18955fe9eb58ab787b8ce92ce16384a1609ff25221ec7ab8709e0ec6f6a465fa
wqp,wqp:MNPCA-86-0284-00-100,1982-05,ANFIS-T-no-current,314563,1895ab9d6124b1d36510ecf25ab7f25ccc2aabcd6a5d8ef77e61ef8045497f34
wqp,wqp:21FLLCPC_WQX-GREENWSH,2012-03,ANFIS-T-no-current,314563,1895e38ffcec80a5938d2f667ac4220b8cc56d353e85f2ffd30cd3d0b4473500
wqp,wqp:21SCSANT_WQX-SC-014,2015-12,ANFIS-T-no-current,314563,1898af1806b9946ef8bbf93b44d429870f248d94f36f4874ea229ee2232ec163
wqp,wqp:21FLSFWM-ISTK1,1999-11,ANFIS-T-no-current,314563,189d2086d55230594e618a0ad5205b777c920bf931281e64376ef84109890199
wqp,wqp:21SC60WQ_WQX-CL-019,2007-08,ANFIS-T-no-current,314563,18a2047a45519a692ed28257f0f7754245185f6b582d42d86cacd77762304f7e
wqp,wqp:21FLCBA_WQX-WAL-MORRIS-3,2017-02,ANFIS-T-no-current,314563,18a243e4de20e366a9cc6275f8596fb89fc9ede942b6c51e74caef350e40c895
wqp,wqp:MNPCA-86-0284-00-100,1986-10,ANFIS-T-no-current,314563,18a29ebe3bfdf27501c08896794309c9e39233a60485a63406a4690e2057fde5
wqp,wqp:21VASWCB-5ASRN000.66,2004-12,ANFIS-T-no-current,314563,18a4a89529a0add3f07c76f47dff93cb38986eebe6e8ba83a8970de4c4462eff
wqp,wqp:21SC60WQ_WQX-SV-098,2004-06,ANFIS-T-no-current,314563,18a4f44b53db3c3f93d6e322b5ee5c5d7658cb43e9f7fe2054bae7adb5f90750
wqp,wqp:21VASWCB-2-XDD000.40,2009-11,ANFIS-T-no-current,314563,18a7aae4ab15d80832743692e35ac76dc1295c8448f71d3c4f971400444b4148
wqp,wqp:21FLSFWM-KBAROUT,2002-10,ANFIS-T-no-current,314563,18ab2482bc4e3a5d4b2d1508d10e1fa02c0fe008a3f259e696651da42299369c
wqp,wqp:21FLSWFD_WQX-23609,2014-09,ANFIS-T-no-current,314563,18ac2032aede5c1de9e7a49f63fd46c99276ab6ec7b50a6e4989da712c3cbf4e
wqp,wqp:21VASWCB-5ASRN000.66,2005-07,ANFIS-T-no-current,314563,18b19f57c42bbd48bc448f3fb82ffe3866d6a699c6fb8caee03e581a11adfb73
wqp,wqp:21SC60WQ_WQX-B-345,2002-10,ANFIS-T-no-current,314563,18b1b077298768ad70bb92e54ac9c30612e6371d3616d6c219faecc8351fd6c6
wqp,wqp:USGS-423556088365001,1999-09,ANFIS-T-no-current,314563,18b74e25c0656743848f578d3bf2f446321271d043e5a9c2c526e4003c9938bb
wqp,wqp:LAKELAND_WQX-LH20,2011-08,ANFIS-T-no-current,314563,18b93604e0879247a5fb02f18b8c0cae11dc726712041075a87e71bb83f55688
wqp,wqp:21DELAWQ_WQX-307171,2009-02,ANFIS-T-no-current,314563,18bb68b7cac56f4501753a88186c3e960834014c6444c17c4e67a46f238a8900
wqp,wqp:21NC03WQ-YAD169E,2005-09,ANFIS-T-no-current,314563,18bbd02941f1499390dcdb1f7a88ee47f9cdea2ac2bab09371f74d8662f66edc
wqp,wqp:21DELAWQ_WQX-303331,2018-09,ANFIS-T-no-current,314563,18c417c78a06e0b7aa523c5d29765e67a91cf1d634819a58ef07e5281e3d3991
wqp,wqp:21FLSFWM-E02,2005-11,ANFIS-T-no-current,314563,18c54aefd775cba466150a151180c890623e5cc17fbea86a55847453d49bbdc1
wqp,wqp:21FLSFWM-L003,1990-08,ANFIS-T-no-current,314563,18c5823753a458f2a079995548a4fd6749688e66390e214c4b9f465a22f908b7
wqp,wqp:21FLSWFD_WQX-23438,2009-10,ANFIS-T-no-current,314563,18c5c453b8a08cfbf877a00cf9408242caf834ecf88af33868c735239c81a16c
wqp,wqp:USGS-07263299,1996-09,ANFIS-T-no-current,314563,18c78ef9cc4017cc93b98559339047a518db160e069fd9e38b0b12836a818b8b
wqp,wqp:21FLSFWM-PALMIN,1995-06,ANFIS-T-no-current,314563,18cc674d3cd7b63db57e308d579e2fdf184e036f8b04140481208252129414ff
wqp,wqp:USGS-423556088365001,1989-05,ANFIS-T-no-current,314563,18cd13d87a61dcc6de0667b1e5162a35647d627b0c5c52b076257adad645eb05
wqp,wqp:USGS-01657665,1974-09,ANFIS-T-no-current,314563,18cdb07cf8c31096abb1705fd06a5d4f8a8a7416bccab53ddd4574c01f73d6e8
wqp,wqp:21SC60WQ_WQX-S-024,2010-01,ANFIS-T-no-current,314563,18cde7e3474d9ca4090bff88c9defba6f9b85c244f4c1b60b6de690f5d7354c2
wqp,wqp:21NC03WQ-NEU019L,2016-11,ANFIS-T-no-current,314563,18d190a30c0a87b8734cc940c6f35fbd7a47ae50ba034147d5e1ac7dd2acafc8
wqp,wqp:21SC60WQ_WQX-CSTL-075,2001-10,ANFIS-T-no-current,314563,18d2866c97bc7200658bdaf031576f64180ab9035027b6ce3c1369ecedbf23b3
wqp,wqp:USGS-01201700,1982-11,ANFIS-T-no-current,314563,18d34e06f5d4e7679e50605b3206984bae20af10a33d08986a589ac54fcf096d
wqp,wqp:21FLSFWM-D02,2000-12,ANFIS-T-no-current,314563,18d39f0c4c9b27c9978126fe54201b0fa13b6c159ed128c1d21182bdb3a96c87
wqp,wqp:USGS-295826095082200,2008-03,ANFIS-T-no-current,314563,18d6ad218181f3199e2a76c0860fe81682572e1a5fe639c6f65cbcb2f82011f7
wqp,wqp:OKWRB-LAKES_WQX-520710020020-04,2013-01,ANFIS-T-no-current,314563,18d8efd81ec30882b838ab68673be4cd7cb93ac8b2fb77ee4a896eeab110235d
wqp,wqp:MNPCA-62-0013-00-201,2015-04,ANFIS-T-no-current,314563,18db0bbf3448fddfe368a7704151297d316c4ef2640c089ef26f6f0bb6df7ce6
wqp,wqp:21AWIC-81,2018-10,ANFIS-T-no-current,314563,18db2a081e028586b999d3588e627b7d43008c405d0d54d023038eb9d18dcf50
wqp,wqp:CAPECRD_WQX-280,2012-05,ANFIS-T-no-current,314563,18dcccb71b84acd7b2e7eb4406d815981af67320722746cb0eae9a220913bae8
wqp,wqp:21DELAWQ_WQX-303051,2018-01,ANFIS-T-no-current,314563,18dea23bbb707cedb3657e55caead2401452c2df6631e700cd619a344d34f88b
wqp,wqp:21FLSFWM-B02,2007-03,ANFIS-T-no-current,314563,18df36740ce63c2c9137fe5537bfe88ee1b96ea1a45450c84fe78ce69cb84389
wqp,wqp:21FLSFWM-E04,2002-07,ANFIS-T-no-current,314563,18e06710ef12b8c159fb13df2a0af1d9aa4b3d05b14ea70a18af933dcb42fdae
wqp,wqp:21FLSJWM_WQX-44055,2017-01,ANFIS-T-no-current,314563,18e12bec45b50f8b935e905eb5e143a5c543ed3c3d057186e11c42f2a5527758
wqp,wqp:MNPCA-02-0045-00-202,2010-04,ANFIS-T-no-current,314563,18e441cb3414495c4cef619fb2ebe77a5f9e4281c5acc5c1243dc5fe4d161653
wqp,wqp:21FLSFWM-RITAWEST,1991-06,ANFIS-T-no-current,314563,18e61b70367783478c8760997c563b88be2a3f72a8c916a9ce8b5c775dae733d
wqp,wqp:USGS-07049690,2008-03,ANFIS-T-no-current,314563,18e6b90b62f7c4c85b3b595b4fc3fc3f7071646eb3a5cff146d6a72e644a523f
wqp,wqp:21SC60WQ_WQX-S-308,2008-06,ANFIS-T-no-current,314563,18e94f7ff6288b4520d507fbe90605ff5bb8f9d1b5616556a890bae33d7853d8
wqp,wqp:MNPCA-25-0001-00-261,1992-01,ANFIS-T-no-current,314563,18ea9279448e85d30359b1ffbac25ad889a25d64a17c76153ee446808a879e55
wqp,wqp:21FLSFWM-L005,1996-06,ANFIS-T-no-current,314563,18ed5039c821090ffbf106740f47be23bfac7681ea7dec703c5e7f881ae5c2a1
wqp,wqp:21FLSUW-ALL010C1,1991-05,ANFIS-T-no-current,314563,18eec95b4e9c4d266fd47955e1f8f11c130e23090ba87de28057f30fd3cebd6f
wqp,wqp:21SC60WQ_WQX-SV-236,2013-04,ANFIS-T-no-current,314563,18f16800077c9230ff4bdeae7f3ac64c8febfef60734114177c93ce97ed9c83f
wqp,wqp:21SC60WQ_WQX-SV-339,2004-09,ANFIS-T-no-current,314563,18f2beadbc4251f462d6e18af10e06b32ae50f7deef204add24e28c15b1c5709
wqp,wqp:21NC03WQ-YAD169A,2009-07,ANFIS-T-no-current,314563,18f3308c0e8682eb57c6cb1ad9b9482fa7a6b8a8f0471aac00b03fac3edc11ed
wqp,wqp:21FLORAN_WQX-BC9,2006-12,ANFIS-T-no-current,314563,18f3ec47cb57fe7a890b1d7bf3fdff2e2eca42d00fa491e649ea05df3b625643
wqp,wqp:21SC60WQ_WQX-SV-374,2018-08,ANFIS-T-no-current,314563,18f4e89ba707e7a4dbf5db802d15ce2880635189a477e24c347a7086150714ea
wqp,wqp:USGS-07049200,1992-01,ANFIS-T-no-current,314563,18f651838ae44388a133ed73b0dc086ed5945c075a6f8bfc815983b08867c43e
wqp,wqp:MNPCA-62-0054-00-101,2001-06,ANFIS-T-no-current,314563,18ff137d9e251e5179ed10085467417d829c02550f460f2c2f01ff3e8a70b44d
wqp,wqp:21FLSFWM-L006,1979-10,ANFIS-T-no-current,314563,1900b205d5e81be9fea9394202cac80094762dc92e8bac5e99a2dc3ac943e618
wqp,wqp:21NC03WQ-B2450000,2010-06,ANFIS-T-no-current,314563,190202c44af89df76dfab2b16ae897e12fc5579b82f22b040784197b91dccc88
wqp,wqp:21FLGTM_WQX-GTMMKNUT,2018-03,ANFIS-T-no-current,314563,1904ff5cb07c138c936bf430eaae0bd2f6d48076e57081559fe8c714103f7032
wqp,wqp:USGS-07048910,2002-06,ANFIS-T-no-current,314563,190852807e5e34eb937168cfb975700668db3e860874be7a5efe41a5212e9bb8
wqp,wqp:MNPCA-62-0007-00-203,1998-06,ANFIS-T-no-current,314563,1909e195dad3f9a7145f67373006c8db7092b89fc4bcc5573d14b0c894ea4263
wqp,wqp:21SC60WQ_WQX-ST-032,2007-01,ANFIS-T-no-current,314563,190d03c56483b8a0eb4e459a4711e1a995db739aa016dc0b233a4c5c1d97855e
wqp,wqp:21NC03WQ-YAD169E,2006-05,ANFIS-T-no-current,314563,190d42968daffc828419c29c6cfefba2708c988f43792af7da77403a3030e293
wqp,wqp:21SC60WQ_WQX-S-022,2017-07,ANFIS-T-no-current,314563,190de0cfdaf8fed3bb9ff42c427bdfb72cd726ea1b53871ee8e65ed876eb783f
wqp,wqp:MNPCA-10-0007-00-201,2015-09,ANFIS-T-no-current,314563,190eb47ea0c1d83399281ab20c2ab3f43a96432fa6f675bf66c532acf1bf13cc
wqp,wqp:21FLLCPC_WQX-YALEMARSHPK,2014-12,ANFIS-T-no-current,314563,1910cad164c7d607d78c4383e3a0302f94dfdeae35aa02ce9688cd117adb4b85
wqp,wqp:MNPCA-25-0001-00-232,1993-08,ANFIS-T-no-current,314563,191342f7b67526c54f8b92beb973ef671a8eb7a10f3d6de8705026b7340e4e31
wqp,wqp:21AWIC-23,1991-07,ANFIS-T-no-current,314563,191596716105731faffeb2e8b29de1132c2278bc3730da0f88fc86420a76930b
wqp,wqp:MNPCA-86-0284-00-100,1989-05,ANFIS-T-no-current,314563,1916d6573e5f6073dd42e211d2ec599a4ade67b0a6431b37ac3df493914577cb
wqp,wqp:21FLSJWM_WQX-44673,2018-01,ANFIS-T-no-current,314563,19180e482d0ee7d72462de3adf26dfd1a191910bf099feb964ecb61569082377
wqp,wqp:MNPCA-86-0284-00-100,1982-08,ANFIS-T-no-current,314563,1919ac373e06fb7597a6b952a2bd1ed81e8ad5e4e42c57d032fb1b9298cf926f
wqp,wqp:USGS-07049200,1990-05,ANFIS-T-no-current,314563,191a32c4a729811cc4d1ad03600d0d818d60ead958914fb34cb5e3d44f46d419
wqp,wqp:21FLSFWM-L006,2004-02,ANFIS-T-no-current,314563,191a380e6b23d8c5559e6bbb4d2a01b27b139d32093515cbbf6d1eeef07bbe2b
wqp,wqp:LAKELAND_WQX-LH11,2011-04,ANFIS-T-no-current,314563,191aaac89c3ad77535527a7104677f8566439094db157911f537d83634488d5f
wqp,wqp:21FLSFWM-ISTK3,1990-05,ANFIS-T-no-current,314563,191b27406dd7895c2f2e0316cfddf87e0733af44868f3d42dcfabcb1796fd279
wqp,wqp:21SC60WQ_WQX-CW-016F,1999-02,ANFIS-T-no-current,314563,191be3f4abf2c7c93c28494b7a3a48a073a4917579c5dc0b909f4f0aba7da37c
wqp,wqp:21SC60WQ_WQX-CW-197,2017-10,ANFIS-T-no-current,314563,191f4b66a67492eef7afaea9993dc7e49fcf09a50945461eed9906fe9177414a
wqp,wqp:21FLCBA_WQX-WAL-ALLEN-1,2018-12,ANFIS-T-no-current,314563,192297f7df069f998b1e340aca400173c5dc75af04ddc22ec1640bbf2bbd9ef8
wqp,wqp:USGS-295826095082200,2017-10,ANFIS-T-no-current,314563,1922bde6780f4740d76b89c2faac9b856ce2a2378616aa0cff22f78f232aa200
wqp,wqp:21NC03WQ-YAD169B,2005-12,ANFIS-T-no-current,314563,1922c3938f72e5cfdbbba905c82ad65c3ad7c9f6f3040ae03bdb0fdbabcee94c
wqp,wqp:21FLSFWM-D02,2008-10,ANFIS-T-no-current,314563,1927876b8de2afdc759b31a03104b81a1fe84370284f1f2bbb7888ab0d23460b
wqp,wqp:21SCSANT_WQX-SC-005,2016-12,ANFIS-T-no-current,314563,19289aace29b26bcb48cf4a17534d5a98f598cf706915b79d9743d2c31116cda
wqp,wqp:21GAEPD_WQX-LK_12_4048,1993-01,ANFIS-T-no-current,314563,1928fbb92d60b205e480f31ec905a3bcb84da085dcd3f7bc330bed04de29c0b9
wqp,wqp:21SC60WQ_WQX-PD-327,2013-08,ANFIS-T-no-current,314563,192cd63b249e0b7d24451b19d10dd7e4308decce12e569ea0c961c625182fa6d
wqp,wqp:21FLHILL_WQX-135,2006-01,ANFIS-T-no-current,314563,192fe021ab58545ce4109d3e6e91d5a1149cf19c19745ca761f06e5aa5320262
wqp,wqp:21SC60WQ_WQX-S-024,2003-10,ANFIS-T-no-current,314563,193158a9c78384a989ad02c40c47b88980295f591c57db0d5d897271bfdb79ff
wqp,wqp:21FLSFWM-E02,2008-01,ANFIS-T-no-current,314563,193291ae1e1bbaca19753f1ca9b3052329b582e5a322ca735596f0a8e0b89c25
wqp,wqp:21FLSFWM-PLN2IN,1992-08,ANFIS-T-no-current,314563,1932d8ce5766048616c5ffc79bf6050b9bf2285547b04c4edccbecb2335d19fc
wqp,wqp:21VASWCB-5ASRN000.66,2015-04,ANFIS-T-no-current,314563,19334a97462ccb568dfc9daf9175f20d0a391c3f92e0cd7ad20eec1c0417450b
wqp,wqp:21FLSFWM-RITAWEST,1994-07,ANFIS-T-no-current,314563,1933c371504a09be666e311fcd3830ca6aa2b9c0bfa6c4b6258c27f13652f2ec
wqp,wqp:21FLSFWM-B09,1997-04,ANFIS-T-no-current,314563,19369e897502f58a228e350c86619f1ce309664ccbe5201e5413cba69aa0c835
wqp,wqp:21SC60WQ_WQX-CL-019,2012-12,ANFIS-T-no-current,314563,1938074704e2c514db413ee485df342088ebc7d98ed9ca08cb3f564b257af489
wqp,wqp:21NC03WQ-NEU019P,2016-06,ANFIS-T-no-current,314563,193ad3a9f16bfce7039138b7934356395d1bb4e164e2bd12c332f0fefba1e712
wqp,wqp:21NC03WQ-CPF055D,2018-06,ANFIS-T-no-current,314563,193b91f164bd2ce6f01ba242fd0c0df50ae1dcf0f8635b6024041855283bee0c
wqp,wqp:21FLSFWM-ISTK5,2002-09,ANFIS-T-no-current,314563,193f2f0122568b871ebdd1e45b01247de64f3fdfe6251f27dc9f69b42e53267d
wqp,wqp:21FLSFWM-LZ30,1995-05,ANFIS-T-no-current,314563,193f79eae829670523ec0410f2eaa7281e5d05c26e07da6e8e6102c337a481a4
wqp,wqp:21FLORAN_WQX-BC14S,2006-10,ANFIS-T-no-current,314563,193febe4fcee1e823975afa77a3cbe20e1d2341655b479320b782123ad622cf9
wqp,wqp:21DELAWQ_WQX-208211,2004-11,ANFIS-T-no-current,314563,1947196b7e06748d359fa7dff4808aa3a78e023d637c31d8173211e58b7bac45
wqp,wqp:21FLSFWM-KBAROUT,1988-07,ANFIS-T-no-current,314563,194834ba51cfd01690c211ac9e4d2914f21f07f8a0e847a3b78c4178ad8b0f33
wqp,wqp:21FLSFWM-LZ42N,2005-01,ANFIS-T-no-current,314563,194876bd4022bcdd75c53c280cada254fbc45b57dbd137e1ff6b8594d3bb705c
wqp,wqp:21FLSJWM_WQX-105729,2018-11,ANFIS-T-no-current,314563,1949a26064211f41c47ae7831fb56fa78ed9535c65c14b65f1f6fd8d93d64cae
wqp,wqp:21DELAWQ_WQX-208181,2012-04,ANFIS-T-no-current,314563,194ab1d1379a5b8621ce93bc6df7d6ccca728619d9074e8753bf93663e2ec236
wqp,wqp:21SC60WQ_WQX-B-339,2005-03,ANFIS-T-no-current,314563,194beacc894cf45a286bd20df8a5958347865df04e5bb7b0dd18ab8791c9d33e
wqp,wqp:21FLSFWM-LZ42,1995-05,ANFIS-T-no-current,314563,194d28e52dd4740cdfdde08fcb7a2245d1134ce29229d736000052c014acdb22
wqp,wqp:21FLSFWM-ISTK3,1994-02,ANFIS-T-no-current,314563,194d2e3216d1d30c042d1aacfdd4d65344fc0c60010fdb4b159fc3d5c0926e62
wqp,wqp:USGS-423556088365001,1996-05,ANFIS-T-no-current,314563,194de72fd93dbb1c94812e3f1c3a0e52c26bf000a9a747c24887a1718cb652ea
wqp,wqp:USGS-01657665,1974-08,ANFIS-T-no-current,314563,19504708c317bf5bb98f6b95ea24c6142f0fc98b64b1365931f0f79be2c6059b
wqp,wqp:21NC03WQ-CPF086F,2006-11,ANFIS-T-no-current,314563,1951907cccaf372ad158e3bbc55d2184cada6fce1b73f3fbb4ed77e947db0078
wqp,wqp:21FLSFWM-A03,1997-04,ANFIS-T-no-current,314563,195428eadba7f05ae3bccdf2f7dd9d0968d9e18ce22143ca12157046b2253c19
wqp,wqp:21FLSFWM-KISSR0.0,2000-01,ANFIS-T-no-current,314563,19586c2a1980c20d0ff9092152d124d120e381571d519a6d1449802df2bac0da
wqp,wqp:21SCSANT_WQX-SC-042,2016-01,ANFIS-T-no-current,314563,195a724e2729707c9772b11adcb078ff3c2db51171d1c1839c133ef07fa9d1fb
wqp,wqp:21NC03WQ-CPF086C,2007-07,ANFIS-T-no-current,314563,195ba67c0eb5af72daa47a23341fa4a2c1c22ad1e0e2db5bbf87f8b8b595e4a4
wqp,wqp:21SC60WQ_WQX-SV-268,2014-11,ANFIS-T-no-current,314563,195f4ae010be591ccfecb21c23a840d017fbc32cdc952552f4489acc85e593c9
wqp,wqp:21FLSFWM-ISTK4,1999-02,ANFIS-T-no-current,314563,1960dfb336a7dc4b947c8e2d39bb1c920aa35fb8ebb646166bbb5deb62fb442b
wqp,wqp:MNPCA-62-0055-00-201,1989-02,ANFIS-T-no-current,314563,1961de15bd02a4ed4450ea4ceb9fa89da72747363af049cae01a4c25caa9a9b7
wqp,wqp:21SC60WQ_WQX-S-024,2007-06,ANFIS-T-no-current,314563,1963d9fc05e3ce14b7c9707175d82753d22c1aed3cec235960d74c99c22e768a
wqp,wqp:21NC03WQ-LI01,2013-11,ANFIS-T-no-current,314563,1965998543327defa3262624f5e5b2852c15a20b6084fe4f876ac9f367be4fd5
wqp,wqp:21FLSJWM_WQX-45399,2017-06,ANFIS-T-no-current,314563,1968a648d3eff59aae53c63e9836b354af5f087e1d23615334e0aa1835a1bc25
wqp,wqp:21FLLCPC_WQX-IDAMERESSHDK,2010-04,ANFIS-T-no-current,314563,196924c4a99db9bb6462b6703e66888a4467d57ce9bd7edd2045bb7d7385039f
wqp,wqp:21FLORAN_WQX-CC9,2007-06,ANFIS-T-no-current,314563,1969591d9037f972baa23bd4875faccde3297d7fa5e079c150a915c6d9ff76e1
wqp,wqp:21AWIC-81,2016-11,ANFIS-T-no-current,314563,1969a609acfe6db020c6cd2d49a022f8f8a052f91cdd3ab3cc063b18a2ca080c
wqp,wqp:21FLSFWM-B06,1993-08,ANFIS-T-no-current,314563,196ada101ce2d3257ae7dd7b431822f8e55e3d2ee5fbd0f4ccae9ca768e227cc
wqp,wqp:21NC03WQ-Q5360000,2013-05,ANFIS-T-no-current,314563,196fc113c6db7bdb665ca1155953eba42d322fc1b260cc576f991048c067ab98
wqp,wqp:21SC60WQ_WQX-S-024,2007-07,ANFIS-T-no-current,314563,196fe0cae16cf12c68ac854ff08ed961e0f046b6f067eb80222bb828e0373b67
wqp,wqp:21NC03WQ-CPF055D,2014-09,ANFIS-T-no-current,314563,1970d74106c7c4d55693dc8f459ae1f25a9515bb50c2687e8c9356c554e290ae
wqp,wqp:21DELAWQ_WQX-208211,2002-11,ANFIS-T-no-current,314563,197ac5fcaaa4d160fd76e2a978d09adf00929de667b25bbed1a6b2bcae71d5d1
wqp,wqp:21NC03WQ-NEU018E,2013-09,ANFIS-T-no-current,314563,197b7a68e96a713fba294f9dad7101ca1bc537b5acf634c9a7cc307d205fa080
wqp,wqp:21FLSFWM-A01,1997-02,ANFIS-T-no-current,314563,197d9e1202ae8ca788dc456dc7d88cf425ae90e59edf7981671c86a92355c053
wqp,wqp:21FLSFWM-PLN4OUT,1990-10,ANFIS-T-no-current,314563,197fa46686facabd9aefb2de5afec66e57dd026d836a80d2a975d32ed5530704
wqp,wqp:CAPECRD_WQX-280,2016-05,ANFIS-T-no-current,314563,1983347ba3b24299bf3910fa6c7af6fd2ca819698f7ee37a7094f12857ff857e
wqp,wqp:21FLSFWM-TREEIN,1988-01,ANFIS-T-no-current,314563,19839b0b41ed018a3c52584ef2d1ffa3e4eff08282bf8f70aa2211292380efca
wqp,wqp:USGS-07049200,2002-02,ANFIS-T-no-current,314563,1985fc00d81d98bdeb72265ea6432a3437c6b46a2038e997ea23e8cad3581304
wqp,wqp:21SC60WQ_WQX-CW-207,2016-01,ANFIS-T-no-current,314563,1986c47c8dd49e45fa55806ddcd4c254bba2bdf1e2011e3f38cf9518ba2a0a63
wqp,wqp:USGS-423526088380101,2018-05,ANFIS-T-no-current,314563,1989e2732b4b22d0d37a5fe9f2aa5ab48db990a88a21d2cffbbe963d975a95e3
wqp,wqp:21FLORAN_WQX-BC9,2009-10,ANFIS-T-no-current,314563,198a2fa2d88be1f31ccfc237598129004f21e260f236a040a620fbdab81a457b
wqp,wqp:USGS-295826095082200,2017-02,ANFIS-T-no-current,314563,198b486bc0d71abc4b8be74af8801fa47949cb6908a30d53876f311f81285a0f
wqp,wqp:21FLSFWM-C03,2002-10,ANFIS-T-no-current,314563,198d72ee8afbdd35da35e92ad000422b66ec82a37f7993f910a97b8449c8c1c0
wqp,wqp:21SC60WQ_WQX-CW-231,2017-10,ANFIS-T-no-current,314563,198ee42cd76eb24243d949fcb76de5cdf2dec082e84d7ce7d1d9262adf9c4487
wqp,wqp:21SC60WQ_WQX-CL-094,2006-02,ANFIS-T-no-current,314563,1991d8a58a5cbc12c35a49908494663096cf31cbf013f343a44d0be3d7681ad7
wqp,wqp:LAKELAND_WQX-LH11,2011-02,ANFIS-T-no-current,314563,19971a9f6684f8c9faeff9cb4da461538ca278180b9ac18fce57607589b9f056
wqp,wqp:21FLLCPC_WQX-YALE,2015-01,ANFIS-T-no-current,314563,19973262468ddcae5f35c5bfbaa112c269801553055b86e96b878a290ad6feb1
wqp,wqp:21DELAWQ_WQX-205211,2015-08,ANFIS-T-no-current,314563,1998c3e5b54561522e8fe40a117eeb444869f2397beb064a44702d17c382b91e
wqp,wqp:21SC60WQ_WQX-S-311,2001-07,ANFIS-T-no-current,314563,1999d4bfd7bf3bd72fab90c9a03068cc3885845f1e085f7cd7e0e985cd4db8db
wqp,wqp:21AWIC-81,2012-03,ANFIS-T-no-current,314563,199af691c36fc6d91913f416128a1c90cc47274a93b1ac25550677a7a6f5aafb
wqp,wqp:KAWNATON_WQX-KN-KL-002,2013-04,ANFIS-T-no-current,314563,199c2c07101dc983b8f2f6674a4edc3bd167bd9cba2ba571d01a35f2639ae224
wqp,wqp:21DELAWQ_WQX-206361,2013-12,ANFIS-T-no-current,314563,199e13700143a0f1e4dc6e4ea291acc412038aa331192e579e74f8e2a327823b
wqp,wqp:21FLSFWM-POLESOUT,2003-12,ANFIS-T-no-current,314563,199e9c91c6aeb915747f37d5885171b011fea2a8ceedf7ea66833dac6c335256
wqp,wqp:21SC60WQ_WQX-CW-033,2015-11,ANFIS-T-no-current,314563,199f3185671a2ec6942b7078fe24f33312dfae0a48907aabe26891620138b05e
wqp,wqp:21FLSFWM-B09,2000-02,ANFIS-T-no-current,314563,199f4aff2e3b97c4ac9f084386c4b5f2bd33160cd2f3cc078acc85978e2a35b3
wqp,wqp:21FLSFWM-E06,1982-09,ANFIS-T-no-current,314563,199fbc7e861f4eeeffd635ce2ef3d88343ff495e963261fb2038b644178ec230
wqp,wqp:21FLSFWM-PELMID,1988-11,ANFIS-T-no-current,314563,19a0d6a874df8739dfe42aea6d4f4e141ba891a4b5d46156b2e5b9aeb7061554
wqp,wqp:21FLSFWM-ISTK2,1991-01,ANFIS-T-no-current,314563,19a3179629470924124e02a2ef07f4d2fcd4363e424550f20a7ff1516f538cf7
wqp,wqp:21FLSFWM-L006,1990-08,ANFIS-T-no-current,314563,19a3827d9dfd3c930d3b1e637e8ffc1dd314dcca26d13d75ef81ed6a74a96171
wqp,wqp:21FLSWFD_WQX-23144,2001-03,ANFIS-T-no-current,314563,19a3f26ea66092c77c323de58ffa76ca52d6e3d516d5df4ffc87fc87d551bcd5
wqp,wqp:21FLSFWM-STAKEOUT,1999-01,ANFIS-T-no-current,314563,19a59bd4806ec4ba0802d7d8c38443b56326bcaaf367d171e8960881c42aaa3f
wqp,wqp:21FLSFWM-ISTK7,1998-02,ANFIS-T-no-current,314563,19a66da82411759c82c031abbd806ec6f729299f822bb8a3b840be82b9a38e7c
wqp,wqp:USGS-07263299,1992-10,ANFIS-T-no-current,314563,19a7b7feff35f296e9774e472d63ba2194e15c60616a88bbf7150cde5d1cdf81
wqp,wqp:21FLSFWM-D02,1996-02,ANFIS-T-no-current,314563,19a81846f0049761758247e9cf218c58c53be15d9ff49fe556c4703a5d2c6cb1
wqp,wqp:21FLSWFD_WQX-23467,2009-09,ANFIS-T-no-current,314563,19a9ce9dddc832fc9a84548546094aa59c631291b68eb1bb0a6be6d4b5a0742e
wqp,wqp:21NC03WQ-CPF087B3,2011-06,ANFIS-T-no-current,314563,19a9d082aa25f461b056622fb8a78ab80373aa821bc8d79c3f2e050f7acf90d6
wqp,wqp:21AWIC-23,1995-12,ANFIS-T-no-current,314563,19aa1e565f894a1fcb914cce0f3503a017798a8fe1cf57b22863fad7e1b51929
wqp,wqp:USGS-295554095093401,2015-08,ANFIS-T-no-current,314563,19acc49b45e9347b42f60667b1e8d43ec89260c41127b5c2a29d4a40214c806a
wqp,wqp:21FLSFWM-ISTK2,1997-04,ANFIS-T-no-current,314563,19ad3bf6b26faea44b485e5f84dd547526913241f489ebda9754bc7e27890189
wqp,wqp:21FLSFWM-ISTK7,1988-06,ANFIS-T-no-current,314563,19b06742a64d8dbf157c6aed456d84ba36578301d27af910e328cedb92f185b4
wqp,wqp:21SC60WQ_WQX-S-311,2008-06,ANFIS-T-no-current,314563,19b8b0a6e6a345bdb4e8f6f4eb18ddb4a30e379fdb940cddb276b02aa93a9992
wqp,wqp:21FLSWFD_WQX-23588,2012-03,ANFIS-T-no-current,314563,19b924d495bbc41c125a947f79d1053f8de7c5349eb20934b8a5c078d55d0375
wqp,wqp:21FLSFWM-RITAWEST,1997-02,ANFIS-T-no-current,314563,19bafb883cc9c6b8f77f5ce36b22fab588fcc18c4b69eb74ae02cc4de2928d38
wqp,wqp:MNPCA-73-0014-00-100,1983-04,ANFIS-T-no-current,314563,19bbdd0c99771ac57e74244b89b2d4630ff03f76d1483410a2abe8c2229e0c06
wqp,wqp:21SC60WQ_WQX-B-327,2003-07,ANFIS-T-no-current,314563,19c0cb822a0c818010dd36dcdab3063ae82d7759b0a151637911d807bf6271e9
wqp,wqp:21FLSFWM-TIN16100,2000-01,ANFIS-T-no-current,314563,19c13a2ad1dcc39fb4a3feb1b9e3120d9be3bb0e5addb36f8070810601da9ca4
wqp,wqp:21FLSFWM-LZ42,1999-05,ANFIS-T-no-current,314563,19c3f80657f379aa3deb5c66448254e4026fd56cc760e3017726a1270096c8e1
wqp,wqp:21FLORAN_WQX-BC6,2008-12,ANFIS-T-no-current,314563,19c4353aefc90570a7d6b433ac8b52285a17520a6232eb2dba5c25f7a684e70d
wqp,wqp:21FLSWFD_WQX-23389,2005-10,ANFIS-T-no-current,314563,19c63ccd6710bfec3c0fcdf1a014a4a9a4529c5b941cd1f959c0413daa92200c
wqp,wqp:21FLSFWM-LZ42N,2003-09,ANFIS-T-no-current,314563,19c70a418cf19bb8a7c410efa52a6b474874344380844fe8856aba66cbb8cad2
wqp,wqp:21DELAWQ_WQX-109131,2009-10,ANFIS-T-no-current,314563,19ca92f303a7a5f9a6b3ca164840a4071322d1b54cc6bd7b425da208d184b5a2
wqp,wqp:21FLLCPC_WQX-GREENWSH,2009-10,ANFIS-T-no-current,314563,19caf7d952c1f95ecbc7e8707ae9e481c3fded94b5de78458cca75e429cedaf7
wqp,wqp:21FLSFWM-LZ2,2000-02,ANFIS-T-no-current,314563,19cc6e585ff3723b3e309d6351675f521fa238c2390b2b8d3dbd31466d90b217
wqp,wqp:21NC03WQ-CPF081A1C,2009-07,ANFIS-T-no-current,314563,19ce988d95db425a445d0794ba63a49f899ba5f2fce5df84e496bf24866e3a28
wqp,wqp:21FLSFWM-LZ42N,2004-04,ANFIS-T-no-current,314563,19d0a6ecc0832e2724e1af1a7f0973ebb7453c0a645006b0915e58a0c0c50863
wqp,wqp:21FLORAN_WQX-BC6,2006-10,ANFIS-T-no-current,314563,19d13baea8895e3d45d91f64174d4eef51816809bcf07181e64c4b3a7c960771
wqp,wqp:USGS-072632992,1992-02,ANFIS-T-no-current,314563,19d18a0070f01f9fe31129100a84270087e5721d7be4179b4857278e2be7071a
wqp,wqp:21FLSFWM-ISTK3,1997-07,ANFIS-T-no-current,314563,19d283a0544fdbc5f1ee92e38120d6c9a789868ee8be28e4e58596a7655e92fa
wqp,wqp:21FLSFWM-L006,1988-08,ANFIS-T-no-current,314563,19d44d4030766a4433f5e9b42a2539eba00df70461d8d9d77e5eeb7fd7f64d77
wqp,wqp:21FLSFWM-PELMID,1992-09,ANFIS-T-no-current,314563,19d549def595970cb7ff0ae95acdce0e2f653bf44c1297c9d89cb175988244ea
wqp,wqp:21SC60WQ_WQX-B-327,2018-05,ANFIS-T-no-current,314563,19d555d74f0ef504d2149280df1b62bfa5c239463bde12a69ac54a8bc8fd1037
wqp,wqp:21NC03WQ-LI01,2015-03,ANFIS-T-no-current,314563,19d758aa52904332b6525cbc338be222bfabe0c706f8c78e6b48bd493ac7fed6
wqp,wqp:MNPCA-25-0001-00-215,1996-08,ANFIS-T-no-current,314563,19d76d024b70f78f09876664f9947f5171a1c5b6a31e6165c9a0d22fa1a0f524
wqp,wqp:21SC60WQ_WQX-B-345,2014-03,ANFIS-T-no-current,314563,19dc06e3805796c5c40bda5ed4f1f72d21edabfd042457a8b81fe8d9dc36b811
wqp,wqp:USGS-07144790,2016-02,ANFIS-T-no-current,314563,19dc114d1bb2cc083bf667bad151584a41d57c0284c769c7b444c803040fc46e
wqp,wqp:21FLSFWM-LZ40,1996-12,ANFIS-T-no-current,314563,19dc13c5e84b04da18c56987c9ba44ea05af18495ab7fb5552048a7b94a400e6
wqp,wqp:21DELAWQ_WQX-208211,2005-10,ANFIS-T-no-current,314563,19dde05414de646482c1d3903f0e2c466992ca8a6d4124d906b7016be75aeefc
wqp,wqp:21FLSFWM-B02,1989-04,ANFIS-T-no-current,314563,19dea05a952fd1fd8c4a55ca759d87c7d170f6d49629f454f3913eeeea473820
wqp,wqp:21FLORAN_WQX-CC13,2009-03,ANFIS-T-no-current,314563,19dfc5e6daf6bd5883213ab1404ba105c1f1d68f39168c8c3a2be2431edccf95
wqp,wqp:21NC03WQ-NEU019P,2012-05,ANFIS-T-no-current,314563,19e04f0a86fc3ed747749e4b3f44033821f6d478f70f49210b3afe0c5e57e371
wqp,wqp:21FLSFWM-C03,2003-12,ANFIS-T-no-current,314563,19e29527baa63c4db285faec4078f1bf697b198486a321155e4ab7f516fed294
wqp,wqp:USGS-072632972,2010-12,ANFIS-T-no-current,314563,19e561eda00f3e97503bc6686e2bf5313d7d93a7da286b0ae331b0ce630fc157
wqp,wqp:USGS-07049200,1987-08,ANFIS-T-no-current,314563,19e836a165c584d6929bbfa91897b0cda1fbf10d7449b79a65aa51add905f6f8
wqp,wqp:21FLHILL_WQX-135,2017-11,ANFIS-T-no-current,314563,19ef75edade6c813d7f47af0649bc06bf466997e3f1fdfc575a6011a6d1606b8
wqp,wqp:USGS-07049200,2018-05,ANFIS-T-no-current,314563,19efb913d80d24c296c9c165842167d1313c46b5b5490715a64b0907c1cf0843
wqp,wqp:21FLSFWM-POLESOUT,2005-07,ANFIS-T-no-current,314563,19f180a52b5be115c12a5867fa75b495b775499026009cdedc23566ea8645d30
wqp,wqp:21NC03WQ-CPF087D,2011-06,ANFIS-T-no-current,314563,19f2b593517c3d52e6fd6a3c8a81a62e68ce3a313ea8e66f8dea8a514bb1a171
wqp,wqp:21VASWCB-5ASRN000.66,2008-04,ANFIS-T-no-current,314563,19f54931040eb786945725b9b2dd82f29e70410597527164e1ed75d34ddad353
wqp,wqp:21FLSFWM-L003,1998-12,ANFIS-T-no-current,314563,19f7174ec12214870100c2d07f8339772087c8777883076b8178bb6d55f6569a
wqp,wqp:21FLORAN_WQX-BC11,2006-11,ANFIS-T-no-current,314563,19f7279ca16011e5620abc0f8afef6967cbe39ac94da77b0b4bff3d51d28b754
wqp,wqp:21DELAWQ_WQX-307011,2009-10,ANFIS-T-no-current,314563,19f886841fe0dd44db8b6651140a2678db745cbf0dbdd05d04fd2966eacc2371
wqp,wqp:21FLSFWM-B09,1988-12,ANFIS-T-no-current,314563,19fede50ceb48c1b7032482e236aaf9ef96945b6ed7be8c285b274598b5f7951
wqp,wqp:CAPECRD_WQX-262,1992-06,ANFIS-T-no-current,314563,19fee296255ba29201277745ad75969b894e44fa9f0ca7a31b1cb558cbdb5c0f
wqp,wqp:21FLSFWM-B09,1994-08,ANFIS-T-no-current,314563,19ffd76960a3b8772e4edf8a59552b394b2741cd16d4dc2bd08c7dbccbfc07d6
wqp,wqp:21NC03WQ-CPF055D,2013-09,ANFIS-T-no-current,314563,1a018b89f3d3e00186e640c21a520364806a864db587f74f453d055949df08d0
wqp,wqp:21SC60WQ_WQX-B-339,2009-07,ANFIS-T-no-current,314563,1a0512802c12f97ca358fe106c7d4052ff135b2498b9a2fe12148a3f2f921a9e
wqp,wqp:21NC03WQ-YAD152A,2008-06,ANFIS-T-no-current,314563,1a09554a6f40bc1dea54fb129985f4f0432f28fa7ca2a98649e6861522010b80
wqp,wqp:21FLSFWM-L004,1997-03,ANFIS-T-no-current,314563,1a0be28cf7984082a2533efd010447f2fa2fefed40f853d59034cccbcb5aef14
wqp,wqp:MNPCA-10-0042-00-401,2008-06,ANFIS-T-no-current,314563,1a0c04507663c90b20ab630c89bb3d72d9e672847832651f184b44f92bb6272e
wqp,wqp:21FLSWFD_WQX-23613,2005-08,ANFIS-T-no-current,314563,1a0c44afe2ed85d3de2bd549c7597523fd705f5f0dd6db93a74bd9fed5b3822f
wqp,wqp:21DELAWQ_WQX-208211,2011-12,ANFIS-T-no-current,314563,1a102699e0c6d4fb6a621fb4f5ebfe74c5b357ab342b272fb0a29b91a5343848
wqp,wqp:21FLSFWM-RITAWEST,1993-07,ANFIS-T-no-current,314563,1a10aa8aa4e59eb560163c4be4f1c576e042dd880157e7c22e5a01a490cdeb9e
wqp,wqp:21FLSWFD_WQX-23588,2007-04,ANFIS-T-no-current,314563,1a11361e817317ccc9b79473fe624b46c67f1179a14dbca6bdabe285849c816f
wqp,wqp:21FLHILL_WQX-135,2009-10,ANFIS-T-no-current,314563,1a1340e8810d619fbe2c805f18dcea22ecdb51782ed604a6041ebbf55dd1586e
wqp,wqp:21FLSFWM-B08,1984-06,ANFIS-T-no-current,314563,1a14d319a0675a3ca53d7780d9b002a7011591d56fdd8f81a16651df95304d30
wqp,wqp:21SC60WQ_WQX-SV-339,2018-08,ANFIS-T-no-current,314563,1a179a1120dceeb68426e48dcc56e11f71f994120dadb6b5ac7fdb25e48d79fa
wqp,wqp:21SC60WQ_WQX-B-339,2009-02,ANFIS-T-no-current,314563,1a182933f29559764e2a9bf04a84eea3460f2fbbdf4ffa25f9fe9bf0aaa5b4cc
wqp,wqp:21FLLCPC_WQX-GREENWSH,2010-06,ANFIS-T-no-current,314563,1a19e08932cec5d12bdf61be30100f3a085abffd483fa8b28c154272e7e552c1
wqp,wqp:21SC60WQ_WQX-SV-338,2010-12,ANFIS-T-no-current,314563,1a1a99949ad10dd1dab74644682b93b7104480c98327d151407f9e1bfc7d3394
wqp,wqp:21FLSFWM-LZ42,1992-07,ANFIS-T-no-current,314563,1a1bb7f06d9f288130d0b9d4c0a1ae5b9921a340a8962f9a7000fbe9c7667479
wqp,wqp:21SC60WQ_WQX-CL-089,2008-03,ANFIS-T-no-current,314563,1a1c13abba6d0c91b2f8c9224b876d5c0efbb6b3286b5c55d97814099c939305
wqp,wqp:21SC60WQ_WQX-SV-338,2005-04,ANFIS-T-no-current,314563,1a1e80ff0af3e92ea4b26ccfa138276ac25af381e6b03fdfd4deb6c7108be3bc
wqp,wqp:21FLSFWM-L008,1987-02,ANFIS-T-no-current,314563,1a1fd97ee5015a3fbfc9ef97c19896a79aaa53c5f3b78e0a41e9c9c05110a8ff
wqp,wqp:USGS-02207414,2003-11,ANFIS-T-no-current,314563,1a2304c7b31f70c61a1d0685a08098fff414078abc79a2ab592eb20c4356cd19
wqp,wqp:21FLSFWM-KBAROUT,2006-09,ANFIS-T-no-current,314563,1a25dcc796450efa078c53368f229240331f454a2a2d218ba34c5647cc70a6df
wqp,wqp:21SC60WQ_WQX-S-024,2007-03,ANFIS-T-no-current,314563,1a27523dd677ebbe91438e20e836b7742f7d7a8b36b22455a50597236dfaa58d
wqp,wqp:21FLSFWM-B02,1989-06,ANFIS-T-no-current,314563,1a2804083cabedb764d90f0eb6680b66d59dcedeba64364095133fa4151ffcdf
wqp,wqp:21AWIC-23,1992-10,ANFIS-T-no-current,314563,1a292b238830c70ca5ceead54049de3d3fd9f9e33a6fa2551a828c19aa903d90
wqp,wqp:21NC03WQ-CPF086F,2011-11,ANFIS-T-no-current,314563,1a2dabddc5df685f9012118a16f08f55cb2115b8285f8a4304222cb9023a0c75
wqp,wqp:USGS-423556088365001,2004-10,ANFIS-T-no-current,314563,1a318d6c4eca2d5e59e34abde627a7080dc2313e5f82cc48f48cffc880608bd8
wqp,wqp:MNPCA-02-0075-01-204,1982-10,ANFIS-T-no-current,314563,1a33e124a1ae6494d42486086e2ef9651ec11fb23f161c3d2ca6cc2327e83eff
wqp,wqp:21FLORAN_WQX-BC14S,2010-10,ANFIS-T-no-current,314563,1a34c1ef52814d7fa86d8da8538e56ce555386031bdfb99a0bd1088fa27dc5c9
wqp,wqp:21SC60WQ_WQX-S-311,2009-05,ANFIS-T-no-current,314563,1a3559cedb859754a07e3e83eec7518b43ae79dfc5b721e2d62816d2bb93d9d8
wqp,wqp:21FLSFWM-C02,1983-09,ANFIS-T-no-current,314563,1a3666f9f2462c9b8dafd7179b62ba321b907705d9cd921c91dc7d79d0ec5274
wqp,wqp:USGS-423526088380101,1989-06,ANFIS-T-no-current,314563,1a36a6001ef88e5345eb45deb44da9c3f4cd0994d7b3619ca9874312a47c08c6
wqp,wqp:21SC60WQ_WQX-SV-200,2003-03,ANFIS-T-no-current,314563,1a375d8aeaad5edff189c6dd6f6073675dc93842a7fbb93dfa349a3fc04ea0d0
wqp,wqp:21FLSFWM-ISTK6,1989-01,ANFIS-T-no-current,314563,1a38844fe5b28d79f5ba51e50101fa49a694383a922ef4c81bd3c594ddd856c6
wqp,wqp:21FLSFWM-A01,1995-09,ANFIS-T-no-current,314563,1a40c50ea06395ade402b915fa9ed92f5359416d5dbf00da230e2d51cbb3fa89
wqp,wqp:21FLSFWM-L003,1999-06,ANFIS-T-no-current,314563,1a416e473e5ba77ed0a85f9aeebe98a6c724f9802807e11389be19a533c88c1e
wqp,wqp:21FLHILL_WQX-135,2013-04,ANFIS-T-no-current,314563,1a421258b60258760b58b64aeb2dd797196b089392b0ddfe0841c099a496594c
wqp,wqp:21FLORAN_WQX-BC8,2012-10,ANFIS-T-no-current,314563,1a42e5ddd7303ff2e015747da65ea1a5a5e27ffac6782e9ad387b2bb3e706c93
wqp,wqp:21DELAWQ_WQX-109031,2008-08,ANFIS-T-no-current,314563,1a4433f96f1bfab275c167bc45e1db2fc1ab9021ad4563e2a66fe667b50bf059
wqp,wqp:21NC03WQ-CPF087B3,2005-12,ANFIS-T-no-current,314563,1a45c77272467fe6fba9b15ff8776f93eca6281884b9a3197622b72067d5a14b
wqp,wqp:21FLORAN_WQX-CC9,2008-09,ANFIS-T-no-current,314563,1a4d5efc5a12757a080162e09a40e078210af97ef015e352a8161327d57efabb
wqp,wqp:21NC03WQ-CPF086C,2010-07,ANFIS-T-no-current,314563,1a4e1f64bd49dc0d4887bedd4b49299b5102f775b7d21287788d5b97e522f61c
wqp,wqp:MNPCA-02-0075-01-204,1984-09,ANFIS-T-no-current,314563,1a4e698a079cd5d6ce5226fa9dcc41e9224f9eb2e62de46b8fa816355711cf7a
wqp,wqp:USGS-07049690,2010-05,ANFIS-T-no-current,314563,1a50bd436530a57bc5a422142c93c48dd4faf94fda9d29add23ae2c889619f2a
wqp,wqp:21SC60WQ_WQX-S-308,2013-07,ANFIS-T-no-current,314563,1a5351e876488f393033ca324c5c375d11ea87d889469300226de890ba9dcc91
wqp,wqp:CAPECRD_WQX-262,2003-02,ANFIS-T-no-current,314563,1a5981ffe02b39cf65cd0e03e4fb274132e8e4c70453ab1685a6f3ea9b262f5d
wqp,wqp:21FLORAN_WQX-CC11,2009-01,ANFIS-T-no-current,314563,1a59a4db953998bc468b574fa58472282cecfdfa5196053596f6c0b6e48d42c7
wqp,wqp:21FLSFWM-B06,1991-12,ANFIS-T-no-current,314563,1a5deef97383c6893a57eb0610a5ede532a3d397dd0f49e345f1cec876cf940e
wqp,wqp:21FLSFWM-B02,2002-08,ANFIS-T-no-current,314563,1a5ecbed04d81f906ef7f1112bbcb45618220ca708371d3982712e3418d3385b
wqp,wqp:21DELAWQ_WQX-205211,2003-09,ANFIS-T-no-current,314563,1a610576782afc7584f16ca267cd91475941c1f7e6b889c9ab3d8f934364b3eb
wqp,wqp:21SC60WQ_WQX-CL-094,2001-04,ANFIS-T-no-current,314563,1a61651ac0677b6c72f97aa496ab811476da6e1a9ff442e61be3bb3c242c4634
wqp,wqp:21DELAWQ_WQX-108111,1999-04,ANFIS-T-no-current,314563,1a631f28bb5fe5c997883512bb5bcda0cd84c4a3293eb3fd2446b05aec479613
wqp,wqp:21FLSFWM-L004,1988-08,ANFIS-T-no-current,314563,1a639817cb021b232561853ddb9a0d7432e1a057dc7977cacb181f793079c17b
wqp,wqp:21SC60WQ_WQX-CL-019,2008-12,ANFIS-T-no-current,314563,1a63ff01d3732557530d6122809cf756579113553dead106bccd317b26328695
wqp,wqp:21SC60WQ_WQX-SV-236,2015-11,ANFIS-T-no-current,314563,1a646b49c41a607390d159974e7703511abbeabe32679741d7762b8a3241c621
wqp,wqp:MNPCA-62-0055-00-102,1989-08,ANFIS-T-no-current,314563,1a65b024f88b55cc4c5cc44df654df3eb9e1bc3f672df3d23f7bd6d1c2e319db
wqp,wqp:21FLSFWM-LZ30,1993-08,ANFIS-T-no-current,314563,1a6605ccb642aae565a895a81751616fa6f62e2a8170236a07dacb33c9c1c27f
wqp,wqp:21FLSWFD_WQX-23113,2006-01,ANFIS-T-no-current,314563,1a666e1b245a05e895dad88424f949e83d273e96cf580176f39209cb840045e9
wqp,wqp:21FLSFWM-TINMID,1988-10,ANFIS-T-no-current,314563,1a668ba1c0cdee5a7133d3f49247ceb0bfc95cdeb7284fb81ea178564bc1d90d
wqp,wqp:21FLSFWM-KBARMID,1996-01,ANFIS-T-no-current,314563,1a69f7bd12b0ee72be1b3cbda5ce8bc6b0b5c5c90c9de193389f9e99cf770ed7
wqp,wqp:USGS-07144790,2014-01,ANFIS-T-no-current,314563,1a71e06d04d8cb67cb184caf36aef42b32389162ccb694ca999ea20d16b3ec6e
wqp,wqp:21SC60WQ_WQX-SV-268,2000-06,ANFIS-T-no-current,314563,1a7468e93785623f3fb333353608c5ecfea47905fb3e1e48435541096e54e9b4
wqp,wqp:21DELAWQ_WQX-109191,2007-11,ANFIS-T-no-current,314563,1a74801da1cd35c2212ca9f5ef05ee507b76484c496047321a89fc736dc0f8a4
wqp,wqp:CAPECRD_WQX-280,2011-08,ANFIS-T-no-current,314563,1a75554ba795ebc2358c4f6498c183c73154b313bc2f619068fbf5f1e8be63e7
wqp,wqp:21NC03WQ-CPF086F,2016-07,ANFIS-T-no-current,314563,1a7866c23124393ff05898130c3827a4534d263ca4f523e79021b423d60ca34a
wqp,wqp:21FLORAN_WQX-CC6,2007-10,ANFIS-T-no-current,314563,1a78c79152b2e368ca872625693814c35c0ebe482d21bac97d351fce9b1cea46
wqp,wqp:MNPCA-82-0046-00-203,1999-09,ANFIS-T-no-current,314563,1a793b9489ef7f93524f7054b751a7237bd06a8e8690d06f10d73b66cf9cb30c
wqp,wqp:21DELAWQ_WQX-303331,2009-12,ANFIS-T-no-current,314563,1a79454eca938df1f28684326a0fc436efd65abe3b906fce78e42e1a445c1c72
wqp,wqp:21FLSWFD_WQX-23479,2015-06,ANFIS-T-no-current,314563,1a7ba3a8b0c0114c9f52b75700e41cac42b14ea9cebda4a92f11c4985b6b9645
wqp,wqp:USGS-07144790,2008-09,ANFIS-T-no-current,314563,1a7d901d56048e36e24319879bdf359eeb29536b99ab3f2e20428d12235f2c99
wqp,wqp:USGS-01657480,1974-03,ANFIS-T-no-current,314563,1a7e965ac2d10f531fb99f6b671723b2201d913b09c4dbf31ea3c97c95c4803b
wqp,wqp:21FLSFWM-LZ30,1996-12,ANFIS-T-no-current,314563,1a7ffd4d389fc03382ecdaa37381a9832f0f76d6a3937e281f47b93ab86595a6
wqp,wqp:MNPCA-10-0007-00-201,2011-08,ANFIS-T-no-current,314563,1a81462e75d9d92177b244e5e5ee4d4a924bea903d5d6d003bbd613a67097c66
wqp,wqp:CAPECRD_WQX-262,1996-12,ANFIS-T-no-current,314563,1a82df29ae8323c37d320145bca9be4e4b2a45fef7bb531c8f58e72b0c332455
wqp,wqp:USGS-07144790,2017-07,ANFIS-T-no-current,314563,1a8549a359a36031c7ae0119287c3240d683f2abad2e46d541cbcbc6af18049d
wqp,wqp:21FLSFWM-L003,1983-05,ANFIS-T-no-current,314563,1a86679ae946c9dd6ade259575e79a0007422d858bc286e9671552b72bb5a6e4
wqp,wqp:21FLSFWM-L005,1989-09,ANFIS-T-no-current,314563,1a8921a6393d19b7cbffe7eedaf250758a4d9d8887c04daff60f6ac8ef8f859a
wqp,wqp:CAPECRD_WQX-280,2001-08,ANFIS-T-no-current,314563,1a89fbe7c066d7f3df2129559d7cbbbdca8c0d4659d01b57b29142547757efec
wqp,wqp:21AWIC-81,2016-05,ANFIS-T-no-current,314563,1a8b33067e3cb7e5145c14c87e12749daf216cb5beb6df4b281b6b3caa591e11
wqp,wqp:USGS-01657460,1974-12,ANFIS-T-no-current,314563,1a8b5f18d59fc6fe60e05cd4100d47a1d91a731f8732e785331e8991852d1705
wqp,wqp:MNPCA-62-0055-00-201,2013-06,ANFIS-T-no-current,314563,1a8cbb2e122586a022415c11c01601f2cd5d4f3408fe8ff2ee6f50be0dc31e08
wqp,wqp:21NC03WQ-Q5360000,2018-08,ANFIS-T-no-current,314563,1a8e646bb132eff86db37e0432a4a96832c623da4113445e5f864ba148fcad12
wqp,wqp:USGS-07049690,1992-07,ANFIS-T-no-current,314563,1a90bc1ca947f271edf149dce56219ea97e9f9bc86eb636499668771f42ca6b3
wqp,wqp:MNPCA-02-0075-02-203,1983-04,ANFIS-T-no-current,314563,1a9261be4171fd69080da884927fd8a27212822e13e3fd87da695f4bbea90c69
wqp,wqp:21FLSFWM-ISTK3,1996-10,ANFIS-T-no-current,314563,1a937219ffb1bdd13d91a446cc47cacb15fb86288517014c24f2083d3b9cb904
wqp,wqp:21FLSFWM-CLV10A,1998-10,ANFIS-T-no-current,314563,1a94d4000760f718a9d0e0767e6d5609b329025960f279b49df1ebd21fe43296
wqp,wqp:MNPCA-62-0055-00-201,2014-08,ANFIS-T-no-current,314563,1a966e2d15adddcd50daf408392f11180b364a1f56a15fb380d90f569fb585a7
wqp,wqp:21FLSFWM-LZ30,1991-08,ANFIS-T-no-current,314563,1a967b6b328889c441abbd040f12f178f0a8c7a10fa0b05dfa64d88a148d53ad
wqp,wqp:21SC60WQ_WQX-CL-019,2002-02,ANFIS-T-no-current,314563,1a9af2771d93378719e15c7ab6c2d1596769d19815b55ce2a7979114bb6d284e
wqp,wqp:MNPCA-62-0013-00-201,2003-05,ANFIS-T-no-current,314563,1a9b6c41c0dbf08e3adbdfb49e5d9aeeee6bb6f432a7c06439bccb0cf1b55bf2
wqp,wqp:21NC03WQ-B2450000,2008-08,ANFIS-T-no-current,314563,1aa0bcba525937637181e8a0d9084a2c5478453f24a510bf47f9b3e33677694e
wqp,wqp:21NC03WQ-NEU020D,2018-07,ANFIS-T-no-current,314563,1aa1d6bdc08e491ab66c670a44dab65bda4bdc423f3645b00b156fbb4cf92e45
wqp,wqp:21SC60WQ_WQX-CW-197,2014-06,ANFIS-T-no-current,314563,1aa379118332242c299f1f510705c73bace09eb2d78a90d3d09c5de6764c6ea6
wqp,wqp:21DELAWQ_WQX-208181,2015-04,ANFIS-T-no-current,314563,1aa5859b26723eebaec5f4d0e5962e2ce654b7333a5dc21ac963850924823b08
wqp,wqp:21FLSWFD_WQX-23613,2010-08,ANFIS-T-no-current,314563,1aaae987860f81a56241c8bd5c1aa6f4a2fc61ffde3993c70bf9ddd7e2574614
wqp,wqp:21FLSJWM_WQX-44678,2017-10,ANFIS-T-no-current,314563,1aab3c030b1ca15b9cabea75a25c7bd401a2e4feb85bf01dd4093c19f8653d60
wqp,wqp:21AWIC-23,2016-05,ANFIS-T-no-current,314563,1aac162c2f95a74f7144be58bb45e1b473fceb30203cd7c121557b304ec41c6d
wqp,wqp:21FLORAN_WQX-BC11,2010-04,ANFIS-T-no-current,314563,1aad17699f7bddb6a36b81c54dd8b9b193685d761fbdd5ffe45db35608cbd840
wqp,wqp:USGS-295826095082200,2015-11,ANFIS-T-no-current,314563,1aaf22648247568c9f840edfed80be3ec3d87e934ba475f1c31d13734413e0af
wqp,wqp:MNPCA-62-0055-00-201,2003-07,ANFIS-T-no-current,314563,1aaf317599096d3235d407b6a386bc8b3d71123d24e7a4358306f73c8f3d707b
wqp,wqp:21DELAWQ_WQX-208181,2006-02,ANFIS-T-no-current,314563,1ab24636bb6a6a2d4b94c52dda263148144a9fb310137803d5bf5adbc6dda969
wqp,wqp:21FLORAN_WQX-BC8,2007-05,ANFIS-T-no-current,314563,1ab5cca034629a1d3ef39287dee77eab264ce22cf76a391f5ab2dd2fc8bea08b
wqp,wqp:21FLSFWM-B01,1984-03,ANFIS-T-no-current,314563,1ab5f4ea6f0c5160a472e7ff7b8fedafa1ebe52cc1e38ea6cd414f449be61673
wqp,wqp:21SC60WQ_WQX-SV-339,2002-02,ANFIS-T-no-current,314563,1ab7ea55b6dce5f6ae4e2e0230bea6da160f0b2ab17b096bb62224faa0be50b1
wqp,wqp:21DELAWQ_WQX-208181,2002-07,ANFIS-T-no-current,314563,1ab92f000c62d5479bfc71b89feab914c4e04cf93493c174b7bc03b40bf63e7f
wqp,wqp:MWRD_WQX-MILTON3P,2006-04,ANFIS-T-no-current,314563,1abae6052f5a0ed6db4a5642f3ffae08894133cc0abe68eb5fe2db87e68e701c
wqp,wqp:21GAEPD_WQX-LK_12_4048,2009-10,ANFIS-T-no-current,314563,1abb423f7afdc6c6c8da7a33e5931f3d2a53dc6d213b706cbcf13acd9fee4a14
wqp,wqp:21FLSEM_WQX-COVEMID,2017-10,ANFIS-T-no-current,314563,1abf5169066422d2a8c04de31abccb7346350c9bd719d29c2ee85b8884acf86a
wqp,wqp:21FLSFWM-ISTK2,1990-11,ANFIS-T-no-current,314563,1ac0783271187aeb11568a0bd713581890407052759e101394296d0b2f9d21d8
wqp,wqp:MNPCA-82-0046-00-203,1998-10,ANFIS-T-no-current,314563,1ac41b3319226750e7317ad53f70c8045c4feb4800a6660f58223bd73350dc06
wqp,wqp:MNPCA-86-0252-02-207,1987-10,ANFIS-T-no-current,314563,1ac4c4e69e458180d9d51baae341d2ac70954900eda8940138a4647aa6b61473
wqp,wqp:21FLSFWM-TIN13700,1998-12,ANFIS-T-no-current,314563,1ac5dbef26480f9e9fdc8a73d7b7d5804430470a0ad2d87e5cdf6270fd6c812e
wqp,wqp:21FLSFWM-A01,1996-09,ANFIS-T-no-current,314563,1aca6f252a1a4b0af17fe292fab814c43aa2a2c6cefd22c7888ccf3b6a6031ed
wqp,wqp:CAPECRD_WQX-280,2010-05,ANFIS-T-no-current,314563,1acaec85d23cae79666380ff25ec7ee4b12aa5215bda8346545cfa69a00ef853
wqp,wqp:21FLCOLL_WQX-LKTRAF4,2011-12,ANFIS-T-no-current,314563,1acb46fc3817550f192b11026f60a95672dbcc0492a945aaff990828ebeb164a
wqp,wqp:21FLORAN_WQX-BC14N,2005-04,ANFIS-T-no-current,314563,1acfc98af89aa5a331a1859b2f3e480242fe88499582fecf9db36bde0ccdc53c
wqp,wqp:21FLSFWM-L006,1987-05,ANFIS-T-no-current,314563,1ad0373d855bbdd6a8b8bd693507370c00ffc521c8a9c2d7570f416ef6ce23e9
wqp,wqp:MNPCA-82-0046-00-203,1998-08,ANFIS-T-no-current,314563,1ad40a688998deac70cb2381b7c3e3acece526b15ec4f2d91109d28a298ff12a
wqp,wqp:21NC03WQ-NEU019L,2011-03,ANFIS-T-no-current,314563,1ad5b02fb95ae91ab2d0a73837c8836fd2353eac36807552685005db8950da32
wqp,wqp:USGS-423556088365001,2016-04,ANFIS-T-no-current,314563,1ad769af89453dcc286f7a1592f3d0406fb3a1605a6869f5628ca44b82e14bcb
wqp,wqp:MNPCA-86-0284-00-100,1987-12,ANFIS-T-no-current,314563,1ad806551349fc8221c2ce82ff91e7cd9eb6a1aca678863b844f3b1ffbf93435
wqp,wqp:21NC03WQ-NEU018C,2017-03,ANFIS-T-no-current,314563,1ad84af454b57f64109f9f09f067db43c974cd22ddeeae8b2cf3ca9267169c72
wqp,wqp:21FLSWFD_WQX-23389,2004-07,ANFIS-T-no-current,314563,1ad963caf69a134e357c8ba2a103643dcc41fd045c880c872087d9a72571b749
wqp,wqp:AZDEQ_SW-32,1998-11,ANFIS-T-no-current,314563,1adaa7fcafc82bc5f6764c3501b95d90ce9ac99071111cf3bb28cce4bd596e31
wqp,wqp:21SC60WQ_WQX-B-339,2003-11,ANFIS-T-no-current,314563,1adac415b7702a25d141b920875046a27412d0c4562a706ecf72d88f9574da2d
wqp,wqp:21FLSFWM-TREEIN,1991-11,ANFIS-T-no-current,314563,1adad67f96faa607ca47d1c5ec37fecdcfde908e6b9e118675fada0f05be8c88
wqp,wqp:OKWRB-LAKES_WQX-520710020020-01,2018-08,ANFIS-T-no-current,314563,1adad95d7d72e0a1d6c415a27cc538d2d6629b373dd8009735a17e098252beae
wqp,wqp:21FLSFWM-POLESIN,1996-09,ANFIS-T-no-current,314563,1adc5b6a4f1906655ae9062a8ba7836e1c7b0e45c45f103373af07953efaf086
wqp,wqp:21SC60WQ_WQX-SV-200,2016-04,ANFIS-T-no-current,314563,1adeb2178fa58221e85fd2f8071ba86e977f91f3596c98e14e98784470d2c17e
wqp,wqp:21SC60WQ_WQX-B-345,2001-01,ANFIS-T-no-current,314563,1adeeff4385f30e2513761759ba74049ccc516f24ef33af62307a6d3ac15d97f
wqp,wqp:21SC60WQ_WQX-CW-207,2015-09,ANFIS-T-no-current,314563,1adf09afc50f44c344a16a7bbc20e80d492818fd675e9fe1faefd7bf26da7235
wqp,wqp:21SC60WQ_WQX-SV-331,2003-06,ANFIS-T-no-current,314563,1adfd987abf02d2ea640c821106dc330e5f309ee4804d6213dfa5db7c8bae1e1
wqp,wqp:21FLSFWM-A03,2000-07,ANFIS-T-no-current,314563,1ae07e721848f38d230eda73d777a2d793b238961a8356a53ebf8f55a346b45f
wqp,wqp:USGS-423659088354401,1989-04,ANFIS-T-no-current,314563,1ae1348b712582f57891b2f0a2449095e895174dc2dbe11321062f7b001063dc
wqp,wqp:21SC60WQ_WQX-CW-207,2016-03,ANFIS-T-no-current,314563,1ae1423b73c250c64b4c3ec62a6f4cfec60d01f3ad5c6017d52a7599daef0630
wqp,wqp:21FLSFWM-IPOUT,1997-03,ANFIS-T-no-current,314563,1ae1a7b9b2c783412cf8be5c9252ccfc3cfbfb9c902814a98780c0505e001a6b
wqp,wqp:21FLSWFD_WQX-23480,2017-12,ANFIS-T-no-current,314563,1ae27b093a350ae8a1e95ee88055ccd1d1ef59471ef697280198fdbd7fda653e
wqp,wqp:21FLSFWM-PALMOUT,2003-05,ANFIS-T-no-current,314563,1ae50f4fafca3e7079bae9c5e7c5e14e6c1abf38df3c49bc8445d93d0a923e16
wqp,wqp:21FLLCPC_WQX-IDAMERESSHDK,2012-09,ANFIS-T-no-current,314563,1ae829085f8880207bfc49ee89cc5180ca8c497ce84e1462960d076f3fed0a8e
wqp,wqp:MNPCA-25-0001-00-247,1996-10,ANFIS-T-no-current,314563,1ae99e47d1ff50feb6d59e6916f51a716079367c96d5c91dba2249d3eccce64b
wqp,wqp:OKWRB-LAKES_WQX-520710020020-01,1999-10,ANFIS-T-no-current,314563,1aec8866f5acb0af30b466c95aa39989d042508756e455fc8ffa2fb86a7fd435
wqp,wqp:21FLSFWM-KISSR0.0,1989-07,ANFIS-T-no-current,314563,1aee3509d6dc4aaf7b1fb0eac8b1b8bea175cc3a6dd14431d3d3261ac0532453
wqp,wqp:21NC03WQ-CPF087D,2016-09,ANFIS-T-no-current,314563,1aef10f770eabe5955ec5c23662cc057512457f6a03f314275e0adfb87287a8a
wqp,wqp:21FLSFWM-L006,1996-10,ANFIS-T-no-current,314563,1af34ec707d82d929f394ef0f17f95252a5b2412981d380976c7716aa91212d5
wqp,wqp:KAWNATON_WQX-KN-KL-010,2015-10,ANFIS-T-no-current,314563,1af4422b1eee3ba5c9bfeffae432596526ed7122824cfa562a34ddfe3987b04d
wqp,wqp:21SC60WQ_WQX-CL-019,2008-01,ANFIS-T-no-current,314563,1af4efc9774c1cff68c089307c79b3d61a2fcde9b92daaa10df1459ba3292eb1
wqp,wqp:21FLSFWM-ISTK5,2003-06,ANFIS-T-no-current,314563,1af50ccccfb6d9cbf0eb2bfa3a160b08bc13bc0851be30464668630390909bf0
wqp,wqp:21NC03WQ-CPF081A1C,2016-11,ANFIS-T-no-current,314563,1afb54bfc53ed1eb6c41f2ed06866d1da0190a8bf5bf657354b796158c8a24ab
wqp,wqp:21SC60WQ_WQX-S-308,2003-05,ANFIS-T-no-current,314563,1afd51c6852fc9690dd50f8a2569f074936a3bf891557350b11e32dbddc99163
wqp,wqp:21SC60WQ_WQX-SV-098,2015-05,ANFIS-T-no-current,314563,1b0132845e7cb62456e92bfb6e9c16dcd828694a63387d2596adbcb69472f37a
wqp,wqp:21NC03WQ-NEU020D,2006-09,ANFIS-T-no-current,314563,1b085012d0677adb49f3c9a21b2e136a7b5d6bf20e6f4ada17871a5ac3ecad36
wqp,wqp:21FLSFWM-ISTK3,1990-02,ANFIS-T-no-current,314563,1b0abfaa28097d2bdcf14d27f82142786649b6f89900295773251857b371be69
wqp,wqp:21FLSFWM-KRAMMID,1988-05,ANFIS-T-no-current,314563,1b0c431dfd1417ac25e67ece0e4c79194e452ab02226489de67dc3c63f326c62
wqp,wqp:21FLSWFD_WQX-23480,2013-06,ANFIS-T-no-current,314563,1b0e134c99b7f41d1143cb979fb2bf9004de710a8268e9024f43258d394b00e7
wqp,wqp:21FLSFWM-PALMMID,1993-10,ANFIS-T-no-current,314563,1b126f06c05c5054f0f072db81a972e361c5971d1af4a3e62dd02da6cd0f52ee
wqp,wqp:21SC60WQ_WQX-SV-340,2002-01,ANFIS-T-no-current,314563,1b142c4dc94cc0c98e3743f5334f4e4cac42b1f729e70adef128213721cac44f
wqp,wqp:21SC60WQ_WQX-SV-268,2017-11,ANFIS-T-no-current,314563,1b18551ed2f6770cd837a883b64c6cde569a2943516bf28b4cc7e5ed14c4d0c8
wqp,wqp:21FLLCPC_WQX-YALE,2011-06,ANFIS-T-no-current,314563,1b1bbe8c60e136ea9657ca32f6abfdaafed9900580acdaf6f396ec96085a7618
wqp,wqp:21SC60WQ_WQX-S-022,2010-07,ANFIS-T-no-current,314563,1b1be5d05468f36d503373a73151fa9b1f68d5d65b1368d08da7a72013572f84
wqp,wqp:21SC60WQ_WQX-S-310,2015-04,ANFIS-T-no-current,314563,1b1e1d62d6b63498650002a3f167e447b6b19fef8166a31ecb7e6e9f7e851137
wqp,wqp:21FLSFWM-LZ30,2007-01,ANFIS-T-no-current,314563,1b1f872d21a0c248f89ce4b30c4c37e38d2c815eed2c4eb7866e8c73a80d6c6f
wqp,wqp:21FLSFWM-L003,1984-12,ANFIS-T-no-current,314563,1b20c411f3fbb1c295c6de0956218bf912d2c17367ed2edbf18cb3a3e03fdde5
wqp,wqp:21FLSFWM-LZ30,1979-09,ANFIS-T-no-current,314563,1b21c03e3abbd3e71b660302b37d3fd299381dfc34ee8d3e4ae7168421c85350
wqp,wqp:USGS-423659088354401,1992-03,ANFIS-T-no-current,314563,1b24e2e72f7d031e01e513b1384f11f73d7345fc28a09e647bc3e6ffa2b3c613
wqp,wqp:21FLSJWM_WQX-44618,2017-08,ANFIS-T-no-current,314563,1b259fdf19ed84a4986c4633c3ec78b46c908952de625c3841884307ac37bff2
wqp,wqp:21FLSWFD_WQX-23588,2014-12,ANFIS-T-no-current,314563,1b2b98c5f6e8268a2f81613a628fd9957841d8e29ad4a0b7f2f48e069407baaf
wqp,wqp:21FLSFWM-RITAWEST,2002-04,ANFIS-T-no-current,314563,1b2bb53d892d30b37608afefd2dc98d2e8d696a0ad5df05b3ce5b5d0c68d9257
wqp,wqp:CAPECRD_WQX-280,2000-09,ANFIS-T-no-current,314563,1b2e3eb8bd099601eb84cdb58af03af83917d5cc35adbe71285e1705f0610f0d
wqp,wqp:21FLSFWM-LZ30,1990-07,ANFIS-T-no-current,314563,1b2fec9ffa6de9b26c53cd1262bf6ca035bf81aaf663a00071123f9449cfc899
wqp,wqp:21SC60WQ_WQX-SV-236,2005-10,ANFIS-T-no-current,314563,1b3114e5740ea00d25d086254ca1a5daf8b2e9b61f01368f559792486e5e8300
wqp,wqp:21SC60WQ_WQX-CW-207,2002-01,ANFIS-T-no-current,314563,1b313774e673bb48fcbbb14109e091c52319b6610509363c1381960d01fac47f
wqp,wqp:21SC60WQ_WQX-SV-098,2011-03,ANFIS-T-no-current,314563,1b3443d4c68f952a22c3cc79e5e2203957814318d3b2d8d6c32e9f3e60d28965
wqp,wqp:21DELAWQ_WQX-303051,2009-02,ANFIS-T-no-current,314563,1b381fd966a294430f8e9c43154dd8db98ee61fdaf424dd7743ab56ecfd6e80a
wqp,wqp:21FLSFWM-L005,1985-12,ANFIS-T-no-current,314563,1b3cda2ea5ac5842999e01c5874ded7b06e55255c3abf4882c1d838be5b3d88c
wqp,wqp:MNPCA-62-0055-00-201,2000-06,ANFIS-T-no-current,314563,1b3f6971ce6773866453fa4b5ee63e5e3cc80fc11cfd7b257d9f36b8b648b174
wqp,wqp:21SC60WQ_WQX-PD-327,1999-06,ANFIS-T-no-current,314563,1b404191798e5de206ae5bce7bde721a441f4f148d5055badc50f8e852d30ee3
wqp,wqp:21NC03WQ-NEU019L,2013-03,ANFIS-T-no-current,314563,1b420f137e7eda45a7f86cf5ff51d0cb18f17ea7dff61db76ce2bc0b2f235fb1
wqp,wqp:21FLSFWM-KBAROUT,1992-12,ANFIS-T-no-current,314563,1b461b30fbf1582a9e7bd708656418f998263e2154496c3f276ae5118a40e6a4
wqp,wqp:21SC60WQ_WQX-ST-032,2008-04,ANFIS-T-no-current,314563,1b47cae8aa2d401bb6c0a949fe108bb2842f5d124e7c377aff6bffcc051dde27
wqp,wqp:21FLSJWM_WQX-44148,2017-08,ANFIS-T-no-current,314563,1b4828db505d743ccf3a0a59d9c60dc21bf21e07d5560bf1019e9fa867b77355
wqp,wqp:USGS-01201700,1990-09,ANFIS-T-no-current,314563,1b49644654603feed2e4385d4a4f4e9259f325ad5a8351e7a3b91d0d20670dc3
wqp,wqp:CAPECRD_WQX-280,2016-08,ANFIS-T-no-current,314563,1b4aec5f0e8a5de815ce76c39ba953cf65bd6b405fe87252dbd579e66bc87996
wqp,wqp:21FLSFWM-FEBIN,1999-10,ANFIS-T-no-current,314563,1b4b7906df9222979c73310281ff567e406e662cbe172eb284a624f1b36b7afb
wqp,wqp:MNPCA-86-0252-02-207,1992-08,ANFIS-T-no-current,314563,1b4c551fd614548f8cb2e6dc10fecf78931edf187469075115574030da17e8c3
wqp,wqp:21NC03WQ-NEU019P,2005-09,ANFIS-T-no-current,314563,1b4f47b7250de8c82508d2095477fcb141eaee8d3ebeeb6ef7bc553a305a878c
wqp,wqp:21FLSFWM-LZ30,1992-01,ANFIS-T-no-current,314563,1b4f9a8da52c5e019ec4c5050f081a109deb39f82c60bd4339c606ed3b43b200
wqp,wqp:21DELAWQ_WQX-206461,2003-05,ANFIS-T-no-current,314563,1b521e2ee6b1ee7109a94edc62deb53dc5f62f18c80ce7ffb9fda0065b162272
wqp,wqp:MNPCA-86-0297-00-201,2002-07,ANFIS-T-no-current,314563,1b5861d16b2dfb98277cc5ef4497c39fcf313e311fdc8dff9d280e6f5fb9fa1d
wqp,wqp:21FLSFWM-D02,1993-09,ANFIS-T-no-current,314563,1b5b925106a53f85e5e9622be0b158e8cb801540be562c0d6c8cb0d66d74353f
wqp,wqp:21NC03WQ-LI01,2015-11,ANFIS-T-no-current,314563,1b5cc101c194c1ea1ac29c8ce181b429cbb7b2fce7cc9704fca1874066107eb0
wqp,wqp:21SC60WQ_WQX-CL-089,2007-07,ANFIS-T-no-current,314563,1b5e91ceb61e57c8f3b8ebe09437413fac43ec2aad4bc426a5151c8e3e199081
wqp,wqp:CAPECRD_WQX-262,1994-09,ANFIS-T-no-current,314563,1b5f058c5fe1ae3a1f445184b7f6685b0ac4912dbaefbf54b6858bc0d3befd2b
wqp,wqp:21FLSFWM-LZ42N,2003-04,ANFIS-T-no-current,314563,1b653e6fc7808a40e5dd9df73bc98c6fb073b6265864eb20f5852ccf50216619
wqp,wqp:21FLSEM_WQX-COVEMID,2017-01,ANFIS-T-no-current,314563,1b65a1541cbb557ed4af4bf04db6c10a42a30bf5c992006f44df8e6fb6cf800b
wqp,wqp:21NC03WQ-NEU020D,2018-06,ANFIS-T-no-current,314563,1b672b78f28245eab6e9675fae350a70e7eb2d432601e6cd38c4cfec88c02eb8
wqp,wqp:21FLVEMD_WQX-SJ17,2014-10,ANFIS-T-no-current,314563,1b6ade6cc01a2e2244608912ad781194debebcd24ce5659dee3429a2f20a8ca0
wqp,wqp:21FLSFWM-KISSR0.0,2004-05,ANFIS-T-no-current,314563,1b6b31d4cc7112365170a991bd94cefb0259c7e13c47a7a5b077814980ef335a
wqp,wqp:21SC60WQ_WQX-SV-363,2001-01,ANFIS-T-no-current,314563,1b6c7fe8a4b741d214cd59ec69dc1f551921daaeaf87be4817a36a23698b5212
wqp,wqp:21SC60WQ_WQX-CSTL-075,2008-09,ANFIS-T-no-current,314563,1b6cf6292e6656cef98a8622afc7f376e9423f7dd30567df5fd585aeb5d7bd1d
wqp,wqp:21SC60WQ_WQX-SV-363,2014-06,ANFIS-T-no-current,314563,1b6ee22c6d43ad9c0852cad8bb41984925a6484411852556421c780e57a12340
wqp,wqp:21NC03WQ-CPF086F,2010-07,ANFIS-T-no-current,314563,1b723737ea13ff3e348b3d6bc6a7f15c7a8adbba93e36e3479f5ef66b6e27754
wqp,wqp:21FLSFWM-PALMMID,1991-12,ANFIS-T-no-current,314563,1b729427322b10ba8d417355331f2ec3258b63fd748f1126f7417dcaeb696c39
wqp,wqp:21FLSFWM-LZ42N,2007-12,ANFIS-T-no-current,314563,1b73016d59e6d5e59bee5f6ac6dc22e34d9e60c7dd578c3c710446ad8a1053ae
wqp,wqp:21SC60WQ_WQX-SV-363,2004-03,ANFIS-T-no-current,314563,1b73a7bc26b48d9762a6ec609c6c6eede49c288bf6168d9222092d8fa55e08c2
wqp,wqp:KAWNATON_WQX-KN-KL-010,2015-05,ANFIS-T-no-current,314563,1b745e040d3a5ae5e4e15cac45ecfe1a4a39243c3fc5ff746dbe696834814160
wqp,wqp:21FLSWFD_WQX-23477,2007-09,ANFIS-T-no-current,314563,1b7a31d031999aca4668363ef105e4138bda49e364c46078673e4012441e7ede
wqp,wqp:MNPCA-62-0013-00-201,1989-08,ANFIS-T-no-current,314563,1b7c69617da90ec51d6d026ef6ebd004c6cada29696ecdd029d023d3c2513231
wqp,wqp:21FLSFWM-L006,1990-05,ANFIS-T-no-current,314563,1b7d3efc59a19834c24edee677f9012c078957e23318ddf3723e7e3a76b8d0b8
wqp,wqp:21FLSFWM-LZ42,1992-09,ANFIS-T-no-current,314563,1b7e6b1809e758ce56e02a7314058d2cfc2620d9d225dd6e3ac1600af61d2c14
wqp,wqp:USGS-07049690,2000-08,ANFIS-T-no-current,314563,1b7efabeed110ee47d2d4d755279b9df35b3d0d3ec0af8002bde84bdbebf66e4
wqp,wqp:21NC03WQ-NEU019L,2015-04,ANFIS-T-no-current,314563,1b7f4f2c16540fffdbb513b8c28656974fee6e809d88863d080a233a161bc426
wqp,wqp:USGS-295554095093401,2015-09,ANFIS-T-no-current,314563,1b804b5325b6b344a6789615cddca3323eac37f9eaa90f0ac42b444d79da866b
wqp,wqp:21FLSFWM-KBAROUT,1988-03,ANFIS-T-no-current,314563,1b80a1020b2fa40b5471180e729e8eaa1656f28fb2ca95fb2223cdc480fc55a8
wqp,wqp:USGS-01657622,1974-04,ANFIS-T-no-current,314563,1b80a5793175f274a49dccf0af8fbc26b3fe97134835ad22b7c88aecfdae3502
wqp,wqp:21FLORAN_WQX-CC12,2009-09,ANFIS-T-no-current,314563,1b82050e855b3a12b8911c8deeae4cb2e0fed34d9826f3aa202bb40c8d6d6e22
wqp,wqp:21FLSWFD_WQX-23641,2007-01,ANFIS-T-no-current,314563,1b8252d12a83ce1c64c873588627440aa8481754bd7161dda2b8906cac727e37
wqp,wqp:MNPCA-82-0046-00-203,1996-05,ANFIS-T-no-current,314563,1b83384a969a565e22ffdece2272405cc4c1e1bdcbf1f7ae9bff91b479154560
wqp,wqp:MNPCA-10-0042-00-401,2012-04,ANFIS-T-no-current,314563,1b83945cd84125ddc7d9df1ca11029e661c10b4d6cf893500d99d5d7c6a2992d
wqp,wqp:21NC03WQ-NEU019L,2016-02,ANFIS-T-no-current,314563,1b845586b212a436f15385849aeac328fdb3c26bab30db682dfe925bddd1a160
wqp,wqp:21FLSFWM-L001,2001-11,ANFIS-T-no-current,314563,1b877b4826fdde194c9ee0420a307ba0192f3b6176a6a6f8e5cb0bc46a0eb551
wqp,wqp:USGS-12301600,1974-12,ANFIS-T-no-current,314563,1b88b9bba8e9c9a51d4ec64ce24808d55c90f4eb5768beaeed2450c6bb18a0b0
wqp,wqp:21FLSFWM-A03,1983-07,ANFIS-T-no-current,314563,1b8bd3b0d426e51fbf4ddee1a6169b938af61ab12e91139274b65f07367a47e5
wqp,wqp:USGS-07049200,2015-08,ANFIS-T-no-current,314563,1b8e0567eb0cd9194ae5421b54d88227e85f65d75a3e6551e70cd6b6590e3156
wqp,wqp:KAWNATON_WQX-KN-KL-005,2015-12,ANFIS-T-no-current,314563,1b8e1be9847755ca394270a53c24d5ba31acaa78aeb54a9bb336c50e2e9e7c69
wqp,wqp:21NC03WQ-Q5360000,2008-04,ANFIS-T-no-current,314563,1b8f400f69ad144ecd7b462ca81498974870cb76e5f81e39ab97a746802fbbc3
wqp,wqp:21FLSFWM-L003,1992-06,ANFIS-T-no-current,314563,1b8faa900b2c40e29ef2217bfcea1857779ea3b21d794bd1ee249d6ae728f029
wqp,wqp:21FLSWFD_WQX-23624,2011-06,ANFIS-T-no-current,314563,1b9471c1dc5670348aa9e68ad026f1e51d70930d21e96e070f0585bf5595adf2
wqp,wqp:21FLSWFD_WQX-23458,2007-10,ANFIS-T-no-current,314563,1b949dc6e538873a0df63d58c37f6c129d1e22e06ce6449bd281e77b56424382
wqp,wqp:21SC60WQ_WQX-S-222,2011-04,ANFIS-T-no-current,314563,1b95727beddc4f8a88ae804b59649766f319eab8618c6dc07acd77b8b5feda85
wqp,wqp:21FLSJWM_WQX-409555,2016-12,ANFIS-T-no-current,314563,1b9764da764260fa4f7d3260d149824828de3aa3ed9e4cc5676cdff2251905b1
wqp,wqp:21FLSFWM-PLN3OUT,1988-09,ANFIS-T-no-current,314563,1b9a3e81cb439fd04b2798222f76981bf4839010974d42496f823cbae20d4f53
wqp,wqp:21FLSFWM-C03,1989-09,ANFIS-T-no-current,314563,1b9addc559622046cbb275d5f31bc4044d3b7d7c9991960691c4290c1368d2fb
wqp,wqp:21FLSFWM-TIN13700,2006-08,ANFIS-T-no-current,314563,1b9d140f272fc2d0dbaa88c6d8253eb74db13308215587ab25cd29f8bc02ce44
wqp,wqp:MNPCA-86-0252-02-207,1995-06,ANFIS-T-no-current,314563,1b9d2cf307c55b3446f0cadfe8457848b90658f68b6cbed2e4783801b3a52d38
wqp,wqp:KAWNATON_WQX-KN-KL-002,2009-06,ANFIS-T-no-current,314563,1ba09c5564c9a9acb96e06e6c40acd1c284f99d0d4b41a1e754e0839fe1cd894
wqp,wqp:MNPCA-86-0252-02-207,1982-09,ANFIS-T-no-current,314563,1bad8920ed09dc1304c678d0a79e14c0c2f0b0bea95f47576b2b0a589ae480a1
wqp,wqp:MNPCA-10-0042-00-401,2009-06,ANFIS-T-no-current,314563,1badaf6e581b4258e62c2cdc7904d59fbdff0fe2f0a7ea3ddaa2789083a94cb1
wqp,wqp:21FLORAN_WQX-BC9,2006-09,ANFIS-T-no-current,314563,1bae923410b9b7464f39b20e30bf1511bef64465991200b96c5e3b2ac2be0e68
wqp,wqp:21SC60WQ_WQX-PD-327,2011-03,ANFIS-T-no-current,314563,1bb14b872a7af5ae3d1211ca29c26d201cd5ee8450e4c3941963a5125d7e4696
wqp,wqp:21FLORAN_WQX-CC9,2012-05,ANFIS-T-no-current,314563,1bb1add951d0adb225b12605072df95b376100c5600fb12fb63874e6c2ee21c0
wqp,wqp:MWRD_WQX-BARR3P,2006-09,ANFIS-T-no-current,314563,1bb40a4c8f3df152bb5b5382f0798e132b7a4c99eb3f0e17d9b36bfa7ebd0479
wqp,wqp:21AWIC-81,2017-04,ANFIS-T-no-current,314563,1bb4ad8ae96f7b3a70addaf154ad63153599f654a190f30cf8e00d7fd5acae56
wqp,wqp:21FLSFWM-D02,2008-11,ANFIS-T-no-current,314563,1bb4d0aef6705682366dc4bcb8b726aaecf7b545aa90a2889fd6bef8605815a9
wqp,wqp:21DELAWQ_WQX-208211,2015-07,ANFIS-T-no-current,314563,1bb77423a2afc85c413a71ffe64f9fea02801decb96ee742119cfd9427a467fe
wqp,wqp:21FLSFWM-KISSR0.0,2001-08,ANFIS-T-no-current,314563,1bbd499455dd4fc23138547c2e7a99b7c66c7da182bedeeb252ba8464db05b6e
wqp,wqp:21NC03WQ-CPF086C,2018-02,ANFIS-T-no-current,314563,1bbd4e39c1e887232bc21d56e8279f968ed8bc6f6aec7b493a94ae37e8ebd05f
wqp,wqp:21SC60WQ_WQX-CW-197,2000-11,ANFIS-T-no-current,314563,1bbd8486baff3bebeccd36320f1d3affa1be6e35b19040cf79cc780cb61efa73
wqp,wqp:MNPCA-62-0013-00-201,2000-09,ANFIS-T-no-current,314563,1bc00b25d65856b35cf2ece4faf37e714ee4955652d1ed4b80bdc89ac23fdb3f
wqp,wqp:21SC60WQ_WQX-S-311,2003-05,ANFIS-T-no-current,314563,1bc0e53d064cd686caee1fb7626550593fea0f1a41247c8e911497a2ec2cb419
wqp,wqp:CAPECRD_WQX-290,2011-03,ANFIS-T-no-current,314563,1bc208dbd4559a47f52beabc9efa686562ae66d4123a36427778f70217fd4049
wqp,wqp:21FLSFWM-ISTK7,1988-11,ANFIS-T-no-current,314563,1bc30153f90b9dade2afd79950669656e6a9e471a075e12c68ec9585af79a040
wqp,wqp:21FLSFWM-L004,1981-11,ANFIS-T-no-current,314563,1bc34c2b2a70b9ed6dfc865f591853a49ecf18ed73584d27238adb30d5852fbe
wqp,wqp:21NC03WQ-YAD169E,2016-05,ANFIS-T-no-current,314563,1bc69f13edef08389a7f840a2a4f3cffcea7bcbe460a0615b26d26e93f11026f
wqp,wqp:21FLSFWM-POLE3S,1995-06,ANFIS-T-no-current,314563,1bc8ca9dd0001753abc9c7b23d3a5e5e6b52018377e87b117c349217719202fb
wqp,wqp:21SC60WQ_WQX-CW-197,2014-10,ANFIS-T-no-current,314563,1bcb08a350f404064a307bf6da2087b61f9fc56f536186804b7654db23766e79
wqp,wqp:21SC60WQ_WQX-SV-335,2008-10,ANFIS-T-no-current,314563,1bd0a166ecef92bbbdeabda908815d14ad575327ed1fb5f479af79734d288586
wqp,wqp:21FLSFWM-E04,1989-08,ANFIS-T-no-current,314563,1bd1fb0bdb34490e5a129262e021a52f20c0d22a66107564d50f18e4824eef71
wqp,wqp:21FLSFWM-KISSR0.0,1997-05,ANFIS-T-no-current,314563,1bd363b6c470f183a95840395bce4cbff100887982bb49ba49cf1500704ab4dd
wqp,wqp:21FLSWFD_WQX-23144,2001-09,ANFIS-T-no-current,314563,1bd3bc672db8adc8605fc68e357548c4157a8957f7df37a1e8797dd4f23a1260
wqp,wqp:21SC60WQ_WQX-CL-089,2008-08,ANFIS-T-no-current,314563,1bd54cc742782519090c672558a2f84265b859000471c35e5ce7918a9f5769c9
wqp,wqp:21SC60WQ_WQX-CW-174,2000-09,ANFIS-T-no-current,314563,1bd65cbe29026ff52ec078b4c379b3aee7d7c49fa4e9323c1edddf546f7e3b84
wqp,wqp:21SC60WQ_WQX-SV-361,2015-04,ANFIS-T-no-current,314563,1bd8e73aa4e73dd1a5978bcaa47e94836227448e130f3a8beadd8d0b26e501d4
wqp,wqp:MNPCA-82-0046-00-203,2012-07,ANFIS-T-no-current,314563,1bd9cc39513bff3021e1c4e577f98d14da311b9965248f39bdb3a6149e120f38
wqp,wqp:21FLSFWM-MH32000,2005-07,ANFIS-T-no-current,314563,1bda7eec1d8f865a2b4b2027b670a1cec8e5a0b14c25ccd19a5af0b3266a56ea
wqp,wqp:21FLSJWM_WQX-45399,2018-10,ANFIS-T-no-current,314563,1bdb28bd318a5c9a5922bdbb3d8d57befb7a0c51ca53f05844ce4a7fb6263780
wqp,wqp:LAKELAND_WQX-LH31,2011-04,ANFIS-T-no-current,314563,1bdb95e2f9399c8c2a1b77e9303a92109544c0b83d19110cd7c0ada95363f86d
wqp,wqp:21FLSFWM-L004,1992-03,ANFIS-T-no-current,314563,1bdc4c6d2393b0594f685dc0f605ad827022273fcac5fd48e8b223da9154d262
wqp,wqp:11NPSWRD_WQX-SLBE_PL_01,1993-02,ANFIS-T-no-current,314563,1bdcd0b307040b1063b2e752e98d2f732e8f7d763bacc3b8032a923459fe6095
wqp,wqp:21FLSFWM-D02,1991-04,ANFIS-T-no-current,314563,1bdd2c00159a5e7a747c5c8aa190427cab90dfec6c6593b14cb6f1c50c2a00cd
wqp,wqp:21FLSFWM-L003,1980-11,ANFIS-T-no-current,314563,1bde5fbdd7d9ef0141aca0d902e1c4877f0a39cdb398e4c05c18471852253588
wqp,wqp:MWRD_WQX-MILTON3P,2012-02,ANFIS-T-no-current,314563,1bdf505e768afb652d7facc884141cde9209b8c3ba6c3f625995756d3684c783
wqp,wqp:21FLSFWM-STAKEIN,1993-04,ANFIS-T-no-current,314563,1bdfe9afcc1a5ef784710dec7bd09f56187bbb69f507d478a3579518037027a1
wqp,wqp:21SC60WQ_WQX-CW-197,2010-11,ANFIS-T-no-current,314563,1be2f5fff09eb13c5a0de10d071293de6eadb62853e02d60344c11c8d45418ba
wqp,wqp:11NPSWRD_WQX-SLBE_PL_01,1995-02,ANFIS-T-no-current,314563,1be53768a7c20310b65abba5fd838e72484f28bf4e265a9edc6235796dfbe3a4
wqp,wqp:USGS-07049690,2008-08,ANFIS-T-no-current,314563,1be6156b0345a0d620552fb1057eb346a10182660794910212add0c28c391e45
wqp,wqp:21SC60WQ_WQX-CSTL-075,2001-07,ANFIS-T-no-current,314563,1be6e0da1fa77f510848295782d08a3be6584ad5f5420eba37c70c6f2049a831
wqp,wqp:21DELAWQ_WQX-206461,2000-09,ANFIS-T-no-current,314563,1be7611148c0cb04a5120963dee35f8162632cd4de257ecd511184ef5ca25be1
wqp,wqp:CAPECRD_WQX-280,2006-07,ANFIS-T-no-current,314563,1be7ddb73769b28076c13cac1224dfcf373e6d1cb3efeef7ad5c5ef32a269edb
wqp,wqp:21SC60WQ_WQX-B-327,2007-04,ANFIS-T-no-current,314563,1beb8d13cd0fe572051a556beeb39dcb70413624e97e7dd7c058378bafa5c931
wqp,wqp:21DELAWQ_WQX-205181,2015-12,ANFIS-T-no-current,314563,1beda3d8c021a24837d65ee312247099ec4e6b96a6fd81ef1437a207e029341f
wqp,wqp:21SC60WQ_WQX-SV-335,2002-04,ANFIS-T-no-current,314563,1bee30487962ff099b2ca0ce5785e7dab9dc62ed1dafe983de9d42ed7e50b70a
wqp,wqp:MNPCA-62-0007-00-203,2007-05,ANFIS-T-no-current,314563,1bf08b907dc2269ef39c5a5ab416a1346d002373aaeaa0a8c97c246bbc9ff0a3
wqp,wqp:21FLLCPC_WQX-GRIFFINTISH,2016-08,ANFIS-T-no-current,314563,1bf0c97288bb52d1ed32a4be156d9824ceb78c1bdf86d7fa63ca06a25c5c5308
wqp,wqp:21FLSFWM-OISLAND,2003-04,ANFIS-T-no-current,314563,1bf2695114669a774ad8e318042a0aeda432f78f76f35872789f45fd403bdb34
wqp,wqp:USGS-423556088365001,1999-08,ANFIS-T-no-current,314563,1bf657beb9496e9b5d067d7c2a1e88f96301d77866450a0d5cc224ed145a4db3
wqp,wqp:21SC60WQ_WQX-SV-200,2016-08,ANFIS-T-no-current,314563,1bf708875f41484bd2f1cf9649aea43d80ee36a9dd9fb626e6344d7c67568502
wqp,wqp:21SC60WQ_WQX-SV-357,2017-07,ANFIS-T-no-current,314563,1bf8802b4849c14a98380e782f11c6bd5bfd4f2df867cf1b1887af9e2407d8cd
wqp,wqp:MNPCA-25-0001-00-247,1999-06,ANFIS-T-no-current,314563,1bfb1a5e8beefab679bdbf7ffff9421c1504b3bfaeaaf65502c0e65dd75c63a2
wqp,wqp:USGS-295826095082200,2014-08,ANFIS-T-no-current,314563,1bfbd6239ff576b368748d13b1cd28e52e7151743522b9f35031732b31172b75
wqp,wqp:21FLSFWM-LZ40,2005-07,ANFIS-T-no-current,314563,1bfd8e995fd7d9a20fbedb96283bb90d1d48d892a384e6d6733c521e9312bd35
wqp,wqp:21FLSFWM-LZ40,2002-04,ANFIS-T-no-current,314563,1bfea171f571702335e8219f507dafa0b8a6f857fef1363c3fd7c487490529a6
wqp,wqp:21SC60WQ_WQX-CL-094,2002-01,ANFIS-T-no-current,314563,1c02c61059d8ae6e4b3fd561f2330c6136c6858fca8c64567353b058cac2c684
wqp,wqp:21FLSFWM-L005,1995-09,ANFIS-T-no-current,314563,1c064a53c33facd5d33826ac99210f389a162ae165893a374b6090b167ac2b12
wqp,wqp:21FLSFWM-KRAMMID,1988-06,ANFIS-T-no-current,314563,1c09ee592bf451d782be3a1f8302605efa2f14695d0bb8f9fdbde8aac19a2c86
wqp,wqp:21FLSFWM-PLN3OUT,1993-07,ANFIS-T-no-current,314563,1c0b5ce5680141876db42a5628cc910d3c8c7c0cabc4e442b35655b348244e90
wqp,wqp:MNPCA-62-0055-00-201,1985-01,ANFIS-T-no-current,314563,1c0f6fa8bff883ab1dc4765a8f0989af137bf3e836db0485f85710bf2f0495e2
wqp,wqp:MNPCA-62-0007-00-203,1982-10,ANFIS-T-no-current,314563,1c10f0218f935c2e465e67c8bd349c485f11c2316adb2bf2d11cb30ff559c433
wqp,wqp:21SC60WQ_WQX-S-022,2001-11,ANFIS-T-no-current,314563,1c1249a39169fa03fe8279c3da52b6e5ebd3f5382b73b2aeb55841d71cc47ec7
wqp,wqp:21NC03WQ-CPF086C,2014-02,ANFIS-T-no-current,314563,1c12f9200427a3eea42edb40db39e15d9c80483ee9d56ef4ba9d68b24f4fe3e2
wqp,wqp:21DELAWQ_WQX-205181,2006-09,ANFIS-T-no-current,314563,1c1484d53a3bddd5abe1192fd813f04794327c9af42f6a4c4424b938e50a63f4
wqp,wqp:USGS-07263299,2007-07,ANFIS-T-no-current,314563,1c1518b9313af0be7db39b0e4752bbf0e93359a0dc2adf6d1b45d44d77715dfa
wqp,wqp:CAPECRD_WQX-262,1993-06,ANFIS-T-no-current,314563,1c16268f36ed6aaff72cfb65b09f46a1a877d05721adb63fe11f6015336fd72c
wqp,wqp:USGS-072632965,2005-03,ANFIS-T-no-current,314563,1c17751757bc9836f7e3089d25a47ae3fabb1f0fbce1b2560ff3292efc1e39fc
wqp,wqp:21FLSFWM-OISLAND,2005-03,ANFIS-T-no-current,314563,1c19ba41bafd2ba5dccb3dcf438e8f63a05760bbb939328415135275d411777a
wqp,wqp:21SC60WQ_WQX-CL-089,2013-05,ANFIS-T-no-current,314563,1c19dc5167f47d855cbaccf5ac6e9a86fa7e4ea0fa0b037446b62995a0d309e0
wqp,wqp:21NC03WQ-NEU019E,2013-01,ANFIS-T-no-current,314563,1c19dcfc4c7f0bc604e74103f86f59b41022f8e0b37f27c5f8f3c68133890a6b
wqp,wqp:21FLSFWM-LZ42,1999-07,ANFIS-T-no-current,314563,1c1a3a61f5debc3fb96ab354d077db20cdaf074a20bd2009cc0156cec3dadadb
wqp,wqp:21FLSFWM-PLN3OUT,1994-04,ANFIS-T-no-current,314563,1c1b040fe3d2c352e38668a59a1e6ff20550fba5e2b632658393cbcd8902121d
wqp,wqp:21FLSFWM-E02,2002-08,ANFIS-T-no-current,314563,1c1b88452395078e838b04a17d79122607e96badb1fae439d56501928f819eb0
wqp,wqp:21FLSFWM-KBAROUT,2004-12,ANFIS-T-no-current,314563,1c1c2f500883d183f929c26de6ba5fa2920e6cdbf10bcea80cee1f4942224e61
wqp,wqp:KAWNATON_WQX-KN-KL-001,2007-12,ANFIS-T-no-current,314563,1c1c6d692b5be10e43aa2e421b4b140caa1bdd0087cedcdf95f0e03ea0cfd26c
wqp,wqp:21FLSFWM-PALMMID,1996-11,ANFIS-T-no-current,314563,1c207dbc197796794cf286c652763b4a7a71a4742c8b9b475cfdbb1be681c18d
wqp,wqp:21NC03WQ-YAD169B,2006-06,ANFIS-T-no-current,314563,1c20d06704e631588546aba43df68665355e3520cfad4f6f23856453b830d8bd
wqp,wqp:21SC60WQ_WQX-S-311,2011-09,ANFIS-T-no-current,314563,1c2139620fc73a43be2081e889d05cfb85331460ec9ef845756eb69664d31498
wqp,wqp:21FLSFWM-STAKEOUT,1999-10,ANFIS-T-no-current,314563,1c26225a75de0840b3e1e6692ee3a2f50628557ecbf5145097ad29681d40ccc0
wqp,wqp:CAPECRD_WQX-262,1998-08,ANFIS-T-no-current,314563,1c284a9c60e1cc5b92645b335117d4eb208eb78532c93241cfcf936f7b1aebdc
wqp,wqp:21GAEPD_WQX-LK_12_4048,2018-09,ANFIS-T-no-current,314563,1c285f1ecc3f48ae421f04abed2defbe780e56bcf7df6ac80ece4ee52c775cf6
wqp,wqp:21SC60WQ_WQX-CSTL-075,2008-07,ANFIS-T-no-current,314563,1c29bb91151adaf0f4c7f70f68f513c82c51e0713b0b3a4771733f0d8aefd37e
wqp,wqp:21DELAWQ_WQX-303331,2014-08,ANFIS-T-no-current,314563,1c2be76de6f3134274e00120b8bfeb5f11fb29cfa244c9020f113b05fd58682b
wqp,wqp:21FLSFWM-ISTK3,1989-11,ANFIS-T-no-current,314563,1c2c778ff6881d9fa09a9e9f54f7986c727e9069800b285600e7480f04474e9d
wqp,wqp:21FLSEM_WQX-SPR,2015-07,ANFIS-T-no-current,314563,1c2db22ae14a667043619e16ef69c79404028653a5ba248f347b043041140087
wqp,wqp:21NC03WQ-NEU020D,2000-06,ANFIS-T-no-current,314563,1c2e7a18d1b486c5ac3e58bb48403f1d16acbcd655a292bc2763ec09981fceed
wqp,wqp:21NC03WQ-YAD169A,2008-06,ANFIS-T-no-current,314563,1c2f7bc7e898ba88bd6496ee3e50ad1683c5e1a137020e51f32c569857ac2945
wqp,wqp:21AWIC-81,2006-08,ANFIS-T-no-current,314563,1c3519369baf873335d6d32cd5ab745d9697a9bac42af9ea5ce30cc9c81fdc8e
wqp,wqp:21FLORAN_WQX-CC11,2013-09,ANFIS-T-no-current,314563,1c366b3d0430a8d32fefb7441c4c6e7587e60aa32bd3a258c6b174aede42e249
wqp,wqp:21SC60WQ_WQX-S-308,2015-12,ANFIS-T-no-current,314563,1c3904e70cab4d5712df1c278871d6a7b7884fb2c836cf52ffb272ddd0d77d71
wqp,wqp:21SC60WQ_WQX-CL-019,2014-05,ANFIS-T-no-current,314563,1c39594bbeca45d7c1b597734a54215ceaea6d175e119382a87ff354e93ae476
wqp,wqp:21FLORAN_WQX-BC6,2006-08,ANFIS-T-no-current,314563,1c3bc81cbd3b7112c2088657a85aa15a94e4db2bedbfa258cefd2ca90dcb009d
wqp,wqp:MNPCA-25-0001-00-225,1994-08,ANFIS-T-no-current,314563,1c3e23d01c5ef7c2b1c1580aec8f5e65c95a8f73b7b9ad61f4a28aa225be8e28
wqp,wqp:21NC03WQ-NEU018C,2016-04,ANFIS-T-no-current,314563,1c3e876571e2a31f00b6f88fe2e293f2a9634def226a5448ee30096aa47dc30b
wqp,wqp:MNPCA-10-0048-00-201,2014-10,ANFIS-T-no-current,314563,1c42206d94bf0bf7fb714447cdd23ef8ee3686ba1f6afc281363173a4c9a3040
wqp,wqp:21SC60WQ_WQX-S-222,2015-04,ANFIS-T-no-current,314563,1c44f1e430788d9e19f7af3f5c523e6dc73eab5a6e3356319f352ca84852d298
wqp,wqp:USGS-423659088354401,1989-01,ANFIS-T-no-current,314563,1c45438baaa3fbf017fb7e45b5496ffd56e4a52078e9268a20b7d13cbe23a624
wqp,wqp:21FLSFWM-PLN2IN,1990-02,ANFIS-T-no-current,314563,1c4952d3973510dd850cb5a3dab20a4f40c7f8b816d8007e329d9fd0bce85a7f
wqp,wqp:21FLSFWM-KBAROUT,1991-07,ANFIS-T-no-current,314563,1c4988aa9bf46c95306ba3d8289c56ad70a1d935a817703bdccadae855c5174d
wqp,wqp:21FLSFWM-L003,1981-04,ANFIS-T-no-current,314563,1c4b1fe0a7e075b34c244cc9417d955b392b655bbba9607155dc8a85e009059d
wqp,wqp:MNPCA-02-0075-02-203,2003-08,ANFIS-T-no-current,314563,1c4bf14bc3147615ae1a92c3d301f1900a284178df0aff4b209bc2e0e1a9613b
wqp,wqp:USGS-423556088365001,1988-01,ANFIS-T-no-current,314563,1c4d7be726ca7fb1da5ccbd2fa0eebf6627a93d0c70187dccb323b483ac1be65
wqp,wqp:MWRD_WQX-MILTON3P,2010-05,ANFIS-T-no-current,314563,1c4da473710fb9359afe143b7776f2dfef9b1ae55a4bbcb36ae78ee873962400
wqp,wqp:21NC03WQ-CPF087D,2017-06,ANFIS-T-no-current,314563,1c4edbf0e4f069c44b2da638a45a272a412db591e54e252bb460400047918d8c
wqp,wqp:21FLSFWM-ISTK5,1993-11,ANFIS-T-no-current,314563,1c50a4408f84452d5a918969803af7c97707a888ed26fba6d93d8dbf519f50d1
wqp,wqp:21FLSFWM-PALMIN,1994-07,ANFIS-T-no-current,314563,1c517a19dabcbfe1729d0f785dfd325a68f2506b9ebfb227df20d42d76b258d4
wqp,wqp:21SC60WQ_WQX-CL-019,2008-11,ANFIS-T-no-current,314563,1c56b4aff52d958bb99f58efbdffe4f9e5e99cc4cce838eb6462c2ac0ee2c826
wqp,wqp:21FLSFWM-L008,1987-08,ANFIS-T-no-current,314563,1c571622107b53987f3c61150e40d64da549be031972a74ec0531c65784b01f3
wqp,wqp:21DELAWQ_WQX-208211,2014-12,ANFIS-T-no-current,314563,1c57dd64947096e31a46031dcfd37b75a20559c2ecbf1c10b4ab88d9257a427f
wqp,wqp:21FLSFWM-L001,2007-01,ANFIS-T-no-current,314563,1c587b7160b4fa74505965e34897d28800b0514ceca3676d02e28b20bac6dc21
wqp,wqp:21FLSFWM-ISTK7,2009-01,ANFIS-T-no-current,314563,1c5955081ea219e94ca3a73ab5d226f5a51c34878b8217d3eb20436de105626a
wqp,wqp:21FLSFWM-POLESOUT,1992-09,ANFIS-T-no-current,314563,1c5d541b9ca6e34b5022f0ea9d85606401691c74ab837bd2ddbd586df7e6e7be
wqp,wqp:21FLSFWM-C02,1984-08,ANFIS-T-no-current,314563,1c6466f2f5030fc187d772656e077d85a503350c499667295cfd4c00cbd936a6
wqp,wqp:21DELAWQ_WQX-304321,2014-07,ANFIS-T-no-current,314563,1c66a9de2153cddbe06f6749403ebe1911f425e0bea6dd77aadd21b6a6f392ba
wqp,wqp:21NC03WQ-CPF087D,2016-07,ANFIS-T-no-current,314563,1c6adbbf708c5e2ef1b6d002d0dc722ef4a99de97ce1d12e247f7ab4bc39ebbd
wqp,wqp:21SC60WQ_WQX-SV-339,2003-09,ANFIS-T-no-current,314563,1c6bc4f67ad87cac3af83ccbf1a0de211ea4f8edd4af1ab0119129df448664d7
wqp,wqp:21FLSFWM-STAKEOUT,1990-09,ANFIS-T-no-current,314563,1c6c01eeea596113a4ba31b3f1e405ccf1aa86aad800c689b2adaa2c82d50aba
wqp,wqp:21FLCBA_WQX-WAL-ALLIGATOR-2,2017-01,ANFIS-T-no-current,314563,1c6e48429cbe80905a3883bc0df405ecc76245bb38fd10a7a7e4cfbcb0d53ec4
wqp,wqp:MWRD_WQX-MILTON3P,2014-06,ANFIS-T-no-current,314563,1c734a50ee88855a9fdefe58dcfa7c51dce18c6d12d53d70daaaae9ccc60efe8
wqp,wqp:21FLORAN_WQX-BC6,2012-07,ANFIS-T-no-current,314563,1c7441f0adf023d9e3dbe35e2dff336ae1e41138911f4508309307ccdff9e7db
wqp,wqp:21FLLCPC_WQX-GRIFFINTISH,2014-04,ANFIS-T-no-current,314563,1c7776095ae6facc3793a43a63175fc2a4ce76f9e7e68a1f405684947c8589f4
wqp,wqp:21DELAWQ_WQX-108111,2005-05,ANFIS-T-no-current,314563,1c78f0ef3a75eec51e564c3bb70e4d850a2f266ba0bddcb966264d358a906839
wqp,wqp:MNPCA-25-0001-00-215,1994-06,ANFIS-T-no-current,314563,1c7a14ef7ab3a8486a7fad375876bc86c6bb8e6df4b8810be5a53ea0abd5dad8
wqp,wqp:21FLORAN_WQX-CC4,2007-04,ANFIS-T-no-current,314563,1c7b42465bc2328fd5a47027d2c28e96b4aed9d274d4f18799296aa56eae945a
wqp,wqp:21SC60WQ_WQX-SV-335,2002-01,ANFIS-T-no-current,314563,1c7fd2c2ce7492dc6408c1f955a399183b2c401ff8b38b63ca64c1b4ceac53eb
wqp,wqp:21AWIC-81,2018-04,ANFIS-T-no-current,314563,1c80d1e84767d379289b6b58c86947349a2df795c7d2a5f441ce2d21fab89acb
wqp,wqp:21FLSFWM-E02,1982-07,ANFIS-T-no-current,314563,1c82a8de99b5d4038c122198c3737abaa31aa27e57afa9f16299c41da9a1dc36
wqp,wqp:21FLSFWM-TIN16100,2008-12,ANFIS-T-no-current,314563,1c83254aeb22630521138d5c5d8801ceaed72d4016bb11a8937e87de743d006c
wqp,wqp:21SC60WQ_WQX-S-311,2015-03,ANFIS-T-no-current,314563,1c85f79801a0b3499cf108d2a2588a7ae16300c46ae97fe58d22c3cff207654a
wqp,wqp:USGS-01201700,1981-02,ANFIS-T-no-current,314563,1c897bed5901c2824a01ce9739bb8ebf0a76a8471ff3de85c4edc183d568f182
wqp,wqp:21FLSFWM-STAKEOUT,1988-10,ANFIS-T-no-current,314563,1c8ea4228ddbcdba53e925bd394db54cc839d3de6762f72018373fd90a677475
wqp,wqp:USGS-072632965,1991-10,ANFIS-T-no-current,314563,1c8f29f6efb7cfa015c4b378a0d9ea3986b63602c1a12cfd95088a9b38c49ffa
wqp,wqp:21DELAWQ_WQX-208211,2007-02,ANFIS-T-no-current,314563,1c8ff1956e2e98e9d913412899ce1eb7c50178d8ad274bc8bcd4209952200c53
wqp,wqp:MNPCA-82-0046-00-203,2007-06,ANFIS-T-no-current,314563,1c914f225533ec6ba1906f5717b1d7bfcc4db86a69231d7e5e10d74ac3e0c02c
wqp,wqp:21FLSFWM-PELMID,1999-07,ANFIS-T-no-current,314563,1c94d0c0bf984e65707862faf1545bbd4c5dbb796dc5b40aa3045701ee00c3b2
wqp,wqp:21NC03WQ-NEU018E,2015-08,ANFIS-T-no-current,314563,1c953a0c35424c4e85df4c39d8adc34aebe748ad43b3ba828296c500cf9634a0
wqp,wqp:21FLCBA_WQX-WAL-FULLER-1,2018-07,ANFIS-T-no-current,314563,1c96d6645d3bc1b0e6449e2dabfd9f387ff66d1f8140b386f65b42eb227f1d9e
wqp,wqp:21DELAWQ_WQX-307011,2005-07,ANFIS-T-no-current,314563,1c9744e20f0554a5f2f5376c64f90ec7b87334dad6c514aba2c7865027d4c96f
wqp,wqp:MNPCA-25-0001-00-232,1993-06,ANFIS-T-no-current,314563,1c97d5ed3676b198cf7a3b534dc5e23a4a9c86bdaf3b3d0cafc832e4140f2d04
wqp,wqp:21NC03WQ-YAD152A,2016-09,ANFIS-T-no-current,314563,1c9c3cc6dccfab30eb13c664f27363b3624fd0fc2b7b149222ad1e4cd4994c78
wqp,wqp:MNPCA-10-0007-00-201,2012-05,ANFIS-T-no-current,314563,1c9d8d8a7b44c23e6c9ad3e9a858e200c1327e5dad9d32059fbd4ae29c2fd215
wqp,wqp:21SC60WQ_WQX-B-345,2018-05,ANFIS-T-no-current,314563,1c9f8220b18066d524130efa344d77e14a400c3ab013b74361bd5ccf6a27d34d
wqp,wqp:21FLSFWM-LZ42N,2003-06,ANFIS-T-no-current,314563,1ca26965e5498aa7322b0117ef4c6385f3cbc6a518a0175309487e4ceb4aaaa9
wqp,wqp:21FLSFWM-POLESOUT,1991-05,ANFIS-T-no-current,314563,1ca3a77cd8692f6eb64227599570fadbcbaf118ce3e52f6b34151fb5c793e4db
wqp,wqp:21FLSFWM-LZ2,2004-04,ANFIS-T-no-current,314563,1ca445c68a81289ea1bca51b83436747d9eaae7e684fd1df7960ec44aebe476f
wqp,wqp:21FLSFWM-CLV10A,1998-02,ANFIS-T-no-current,314563,1caa217cd4ca70c1aaef1915b6fafec72fcd5df6416343ea8b9b76bb011c3725
wqp,wqp:21FLCBA_WQX-WAL-FULLER-3,2017-12,ANFIS-T-no-current,314563,1caf2e659c63b52a285949d9e04608f94a0f3f7e1b02ee7bc726abfd0474fa95
wqp,wqp:USGS-423556088365001,2016-08,ANFIS-T-no-current,314563,1cb09fd2dbbbdabb4969b2a0334b015d0ea3b7a11018b32d6aa63a3ef9f821fd
wqp,wqp:21FLSFWM-PALMOUT,1995-04,ANFIS-T-no-current,314563,1cb866bd425f91540f6a19ca49cd6d76e01301ad660be72f46f8cc5a1b86228c
wqp,wqp:11NPSWRD_WQX-SLBE_PL_01,1993-10,ANFIS-T-no-current,314563,1cb9bc4b2034e5ea3da17758421063af0f9e0b33a757121876b6cd739e02e703
wqp,wqp:21FLSFWM-IPOUT,1989-08,ANFIS-T-no-current,314563,1cbbca67045f77359b4a43716e73b0b6110070f9f51ef5dfde5fb836e84c5fc5
wqp,wqp:21FLSFWM-STAKEIN,1993-12,ANFIS-T-no-current,314563,1cbbd01532094afb80d556b5542092a7368730b86e78304a6b05fdfd4da56edb
wqp,wqp:OKWRB-LAKES_WQX-520710020020-05,2013-03,ANFIS-T-no-current,314563,1cbc3e6c39b3d07705ee172f4fb2c3d34cb38acf591e056932580096f88559ba
wqp,wqp:MNPCA-62-0055-00-201,2005-07,ANFIS-T-no-current,314563,1cbc9013a9e71e00892f63aeb053d9d76ebef9f6f7a95034e5c01355f7571f6c
wqp,wqp:21FLSFWM-KBAROUT,1994-07,ANFIS-T-no-current,314563,1cbdb8248e069779d7b89370ce8c09e438f0e038ebd662539e84a742bb535461
wqp,wqp:21SC60WQ_WQX-CW-033,2007-08,ANFIS-T-no-current,314563,1cbfbe086d38fc5ed7a11da2f2a98fbbc8407673a56dc5f9d0482a3c1631b344
wqp,wqp:CAPECRD_WQX-290,1987-05,ANFIS-T-no-current,314563,1cbffdf2f7256b588b578abd728949c27d38c0615d2533d695649998dcb419f7
wqp,wqp:21FLSWFD_WQX-23480,2013-03,ANFIS-T-no-current,314563,1cc2e1914dce2ed8cefe8400e5605264d34d6f8228733980fc7d7f5edaaacfa5
wqp,wqp:KAWNATON_WQX-KN-KL-003,2014-11,ANFIS-T-no-current,314563,1cc4d94124d2ee432fb84c653c30d5edc2a64a164944150b5f505a7db2b51281
wqp,wqp:21FLSFWM-ISTK6,1988-06,ANFIS-T-no-current,314563,1cc6b18a309fa9f9524340a5340619a5aa7da4a23526b65db535e24dd7c29784
wqp,wqp:21FLSWFD_WQX-23624,2013-09,ANFIS-T-no-current,314563,1cca3eb1e714d1e7a7fd90a9d507d84bc955956c29c99f189e3fb1b973025e26
wqp,wqp:21FLSFWM-B06,1984-03,ANFIS-T-no-current,314563,1ccb6cc240370df1c5d0f30b3f30b6ca1ab3461162047502781196449291f926
wqp,wqp:21FLLCPC_WQX-IDAMERESSHDK,2013-04,ANFIS-T-no-current,314563,1ccc2f701bac9659db0708ea90ed04ba9e8d212bd63fbbb8734872365706e8e6
wqp,wqp:21NC03WQ-CPF086CUPS,2013-11,ANFIS-T-no-current,314563,1ccd25e9feb656ecf2289fb1a0a49b89f2369d1745137c02227105cdba48d86e
wqp,wqp:21FLSFWM-A03,1982-11,ANFIS-T-no-current,314563,1ccdfa9bf75ac4294c4938b2793dfb564eda3981b5dd1411be04e8bdf2949e24
wqp,wqp:21FLSFWM-L008,2005-03,ANFIS-T-no-current,314563,1cd0699d7f0df48e42498fb8cc60d25c808747685d9f7b875c66d1306f085800
wqp,wqp:USGS-072632990,2007-08,ANFIS-T-no-current,314563,1cd0bb5110766f09faabfb9e97dbdd15a368917a72502a0f7d087028be393747
wqp,wqp:21FLSFWM-C03,1993-09,ANFIS-T-no-current,314563,1cd51dad8088f002a75ea78c12042ff1a84a2f232047b436f9c3db7912bc7d19
wqp,wqp:MNPCA-86-0297-00-201,1984-06,ANFIS-T-no-current,314563,1cdab4fefa4106d133767a79a4a2aac4d0cc7ba1aa0994afe2e4af7822070f2f
wqp,wqp:21DELAWQ_WQX-307171,2010-03,ANFIS-T-no-current,314563,1cdb005d0d57a45e77a074efc1073d0ab0b3958dd80459f6b7d5e15a987bc428
wqp,wqp:21DELAWQ_WQX-303331,2000-11,ANFIS-T-no-current,314563,1cdb07df5c6e1552f3428e9464631e7f6ed01a03f33a5bfd9cc85cdb1ed42438
wqp,wqp:21SC60WQ_WQX-CW-197,2017-06,ANFIS-T-no-current,314563,1cdb0c8e4c74713531594d9da44db8f19e2b5333478f87c00fdec37316edd71b
wqp,wqp:USGS-072632972,2009-12,ANFIS-T-no-current,314563,1cdf8b5da60907e2819518185d84fac5f5545d4fe1b1a45d68b5e64c61f1e7ef
wqp,wqp:MNPCA-02-0075-01-204,1979-03,ANFIS-T-no-current,314563,1ce2b4eb2f80ceabdedf80fbb43f01b56ad58b15703f04b0f870a155a5e13dfb
wqp,wqp:21NC03WQ-NEU019L,2017-01,ANFIS-T-no-current,314563,1ce58c3640cfeeb91a6cab3db17d4060dc707fa832aac9e2d041760ab56383c6
wqp,wqp:21FLSFWM-D02,2008-04,ANFIS-T-no-current,314563,1cec1139e90aae0485d7bda5879394ae6d918c36cedbf85098102f0df5dcbd75
wqp,wqp:21SC60WQ_WQX-SV-098,2017-07,ANFIS-T-no-current,314563,1cecac1e24167d5853137570057aa79c36dd57c09e861459eee294fac3363d2a
wqp,wqp:21FLSFWM-ISTK2,1998-02,ANFIS-T-no-current,314563,1cef44c04187c45ba4ca8e751a88f9fe9133d1a3eaf5d581a257fdfb2bc56257
wqp,wqp:21NC03WQ-CPF08801A,2001-09,ANFIS-T-no-current,314563,1cf0e8b180f32c2aceb97e5ca296bd29b6a289c5229b73c712b891574b119eab
wqp,wqp:21FLSFWM-L001,1997-08,ANFIS-T-no-current,314563,1cf2e5c626dfa11312262c7440b2b752505eab25f7b215846135b825369baf85
wqp,wqp:21DELAWQ_WQX-307011,2015-02,ANFIS-T-no-current,314563,1cf418c38bc717da9b41805ae7c2f9f61d461a13090c5bcbe131de1872e51dc3
wqp,wqp:21DELAWQ_WQX-307171,2005-05,ANFIS-T-no-current,314563,1cf6208cb41e5b714d653957571c64a017276a69c74c69432159e65d24534733
wqp,wqp:21FLSFWM-PELMID,2004-10,ANFIS-T-no-current,314563,1cf6aa1a66e621f5ed83b03032711a69e56732e04d147f4dd73cb5213c2b7da4
wqp,wqp:USGS-423556088365001,1987-04,ANFIS-T-no-current,314563,1cf74c26b9f67d5755b279edc772dd35fa6da8cda857f54f723ce66314394181
wqp,wqp:21DELAWQ_WQX-110011,2012-07,ANFIS-T-no-current,314563,1cf7585a570f2ba152fd96c3e384d8a6e7fa791f81a0d9c62d30d8935b3fea00
wqp,wqp:21SC60WQ_WQX-ST-032,2000-02,ANFIS-T-no-current,314563,1cf892e1ce068f8d42f2200b00f0885f1af79978db12953458eac6200748f712
wqp,wqp:21DELAWQ_WQX-308071,2013-09,ANFIS-T-no-current,314563,1cf9999ba98ee221a0b8cb9b222461d61681d5828363ebb92b064307ba29368f
wqp,wqp:USGS-07048910,2016-02,ANFIS-T-no-current,314563,1d02e5f2cdf0652eeed14505b7e436a1dba2e50a80f68158cf5c5a1b50a87091
wqp,wqp:21FLSFWM-ISTK6,2006-03,ANFIS-T-no-current,314563,1d040d5c1464186534b5ba52fab0c676f47197122e316a2fd06bd507254f1259
wqp,wqp:21FLSFWM-LZ42N,2000-09,ANFIS-T-no-current,314563,1d0888f0879b10e2baf224472d0d8c6b96be9769d81e51e2c1667255780b68cc
wqp,wqp:21FLSFWM-IPOUT,1989-07,ANFIS-T-no-current,314563,1d0a2144eba88c154190ee909ab884c9edf3160265bdc1184b201c1396dc9dd6
wqp,wqp:21FLSFWM-PALMIN,1996-10,ANFIS-T-no-current,314563,1d0a932f9f4994492b2f548a51af37dd5f325a851780e8e6f07be2687665aa14
wqp,wqp:21NC03WQ-YAD169E,2002-06,ANFIS-T-no-current,314563,1d0b3609aca379ea1933a54beb05add7cbd4390a12b65eb1ec98373d0c8e4d0f
wqp,wqp:21FLSFWM-KISSR0.0,2006-06,ANFIS-T-no-current,314563,1d0c589ed19af9660597eed31ce441b7760a2fc60704db2bb603301b3a38a297
wqp,wqp:21NC03WQ-CPF086F,2015-03,ANFIS-T-no-current,314563,1d0c9f317a1a12907de30ab98056e7a1812952e030b30d67b667e53f56151a1d
wqp,wqp:21SC60WQ_WQX-SV-361,2004-11,ANFIS-T-no-current,314563,1d0cbe77e9c1a9cce1d8d2ecad5be81f97953c4a8da56ea8761a27b040ce3227
wqp,wqp:21GAEPD_WQX-LK_12_4048,2018-04,ANFIS-T-no-current,314563,1d0eb146e9f2215a13c2433abbc157ce5b304e2ee20246b5a332a5c9a4c1e8cc
wqp,wqp:21FLSFWM-L008,1998-08,ANFIS-T-no-current,314563,1d110370a6e95a75a42a739f2e70a80c61aceb57493b95c8c2a1b0762c712964
wqp,wqp:MNPCA-62-0054-00-101,2001-07,ANFIS-T-no-current,314563,1d12e75dc1846f3097c02a82f81c95b984754fbba10a4c0950504ad67e9fc300
wqp,wqp:21FLORAN_WQX-HB68,2018-12,ANFIS-T-no-current,314563,1d1354e9ce0cc7ea5ede74f87b27dc2847d2900d520ed595d2d0756ea8a64910
wqp,wqp:21FLCBA_WQX-WAL-BIGREDF-1,2018-06,ANFIS-T-no-current,314563,1d13e46ce979ce7189a58c9a62e9612cc7a9942137f7893ef2e798f7f2344981
wqp,wqp:21SC60WQ_WQX-SV-361,2003-12,ANFIS-T-no-current,314563,1d14b069443d156c088f47ad4579c63d15fbebfa3fe65e1f374cb006f655426e
wqp,wqp:21FLSFWM-PALMOUT,2008-03,ANFIS-T-no-current,314563,1d153874dda992f07e13abd7b3d34555ed72adff1e6306639bc48717bb331dec
wqp,wqp:21SC60WQ_WQX-S-024,2009-07,ANFIS-T-no-current,314563,1d15496a93b51d798cf917dd3bd4ccbdeefdf91315e3bed2306f630217ee8847
wqp,wqp:21FLORAN_WQX-CC17,2017-05,ANFIS-T-no-current,314563,1d15dd39eefa409f7a4eca9099eb970dcc38e9fe47b09cb15be7ba477ce89ec2
wqp,wqp:21SC60WQ_WQX-B-339,2018-08,ANFIS-T-no-current,314563,1d165430450039f57663a89140ae5f47e6386beaa2998ed66adc3ed79055b78f
wqp,wqp:21FLSFWM-LZ2,2003-07,ANFIS-T-no-current,314563,1d18b60e03f960965402adf6535d48d7b6b8159afeada01dc45515b2ce8d17d2
wqp,wqp:21FLSFWM-B08,1982-03,ANFIS-T-no-current,314563,1d1c97d735b85b1d65bc469d49e9420550746987f08f644d21b7441770d6f9c8
wqp,wqp:21FLSFWM-E04,2002-05,ANFIS-T-no-current,314563,1d1cc274c16a40eae0bffb162fbe4d153baa20260bbb4d636b88ecd15f3e392d
wqp,wqp:21SC60WQ_WQX-B-327,2012-01,ANFIS-T-no-current,314563,1d1d0c26b8e4b8d6f497cfe0cb114ef668d667be9a1efca60999ffac0ae940f0
wqp,wqp:21FLSFWM-L001,1984-01,ANFIS-T-no-current,314563,1d1d336342735d4308749f49df2fb59a02a727eaa4b97d7a62cbc81d1b921464
wqp,wqp:21FLORAN_WQX-CC9,2005-05,ANFIS-T-no-current,314563,1d1e08123f05f8b3365186f37a576992941cf525c6d194d1cd41e990c61186f7
wqp,wqp:MNPCA-25-0001-00-232,1992-06,ANFIS-T-no-current,314563,1d22198ff6074c6b58b0b81aa0298c712c5f526a143eab2427c55c574e7b039e
wqp,wqp:21FLSFWM-PALMIN,1989-04,ANFIS-T-no-current,314563,1d2a80f58cc1390d9f64ad6172ed26a539d09da1a7e5e6128ef807d8615b55d2
wqp,wqp:21SC60WQ_WQX-SV-340,2003-09,ANFIS-T-no-current,314563,1d2bf92d025ff55cd94a244bd2b491e79643ed29d141ccfd7d32b64a170825f3
wqp,wqp:21FLSFWM-RITAWEST,2004-03,ANFIS-T-no-current,314563,1d2d4c4c3e7fab6dec94d95762bccb330541dbdf816308fc437d68b5a12ea99f
wqp,wqp:21FLSFWM-PELMID,1988-02,ANFIS-T-no-current,314563,1d2f5bedd6d772d826c0c99ea2319244e6c11d2eee42ad054289bd6317b59956
wqp,wqp:21SC60WQ_WQX-S-308,2017-11,ANFIS-T-no-current,314563,1d2f669f9b0b21a3021be9160e137d67f625d26ff246d3c12beaa08aa81fd36a
wqp,wqp:21FLSFWM-C03,1999-01,ANFIS-T-no-current,314563,1d325a8624577120d8e1576d4048cda66325a4a5ec32e6a5cef26f4334cce73b
wqp,wqp:21SC60WQ_WQX-SV-098,2005-08,ANFIS-T-no-current,314563,1d349b2d386a400edc58d6d16a1ed4269056d9727f3f626616a899793c597a7e
wqp,wqp:21NC03WQ-NEU010,2007-09,ANFIS-T-no-current,314563,1d3c7210609b4b4b9cb9b21dd46484b12e48ad7162117b1d7186ebd684d7e432
wqp,wqp:21FLSWFD_WQX-23389,2006-06,ANFIS-T-no-current,314563,1d42a67ddda5b5862c65b3922e934306531ca6aa4c644ba3418b8bf96e468479
wqp,wqp:21FLORAN_WQX-CC13,2008-11,ANFIS-T-no-current,314563,1d4347fdb741c9561162813b13a7d1e88d00393635415bbb42f0c849822470ca
wqp,wqp:21FLSWFD_WQX-23588,2011-06,ANFIS-T-no-current,314563,1d435ab2c3b4cfcd6c545a838b3e6c008eeb8374d5e7941204be3eafbc69647f
wqp,wqp:21FLSFWM-KISSR0.0,2003-05,ANFIS-T-no-current,314563,1d43a96af820e611e393ea42532b1f9be618b348fa78f0352a72ee567deb63bf
wqp,wqp:21DELAWQ_WQX-205181,2015-02,ANFIS-T-no-current,314563,1d4456dd5edbd5235c498175fa6083f975d5b62d31b6635fa2121ba611bce36d
wqp,wqp:21FLSFWM-ISTK7,1994-08,ANFIS-T-no-current,314563,1d456d00419dbc1a8d215743559313e9167fad1d38a2f5c27caf30b9c5635aa5
wqp,wqp:21FLSFWM-MH32000,1998-08,ANFIS-T-no-current,314563,1d465af9ae58a2a752e5925785d35e74e26fe959abfa7ffa4fccf31d0bd48f6b
