rank_within_horizon,recent_window_start,recent_window_end,source_id,site_id,split,origin_year_month,forecast_year_month,rollout_horizon_months,alert_probability_irc,irc_mean,irc_p95,probability_bloom_mean,predicted_alert_h,alert_band,origin_irc1_rollout_basis
1,2024-04,2026-03,wqp,wqp:21FLKWAT_WQX-CHA-SUNAPEE-1,test,2024-06,2024-07,1,1.0,0.9172601895406842,0.9999165028333664,0.6989715210787093,True,very_high,1.0
2,2024-04,2026-03,wqp,wqp:21FLKWAT_WQX-CHA-WF-6-2,test,2024-06,2024-07,1,1.0,0.9204289428889751,1.0,0.696307367381814,True,very_high,0.9967573285102844
3,2024-04,2026-03,wqp,wqp:21FLKWAT_WQX-CHA-WF-6-1,test,2024-06,2024-07,1,1.0,0.9157632160931826,1.0,0.692130626611853,True,very_high,1.0
4,2024-04,2026-03,wqp,wqp:21FLKWAT_WQX-CHA-WF-2-3,test,2024-06,2024-07,1,1.0,0.9088980834931135,0.998860216140747,0.6844503449634365,True,very_high,0.9967573285102844
5,2024-04,2026-03,wqp,wqp:21FLKWAT_WQX-SAR-LAKE-M-9-3,test,2024-08,2024-09,1,1.0,0.9117147941142321,1.0,0.6745716749830586,True,very_high,0.9865973591804504
6,2024-04,2026-03,wqp,wqp:21FLKWAT_WQX-SAR-LAKE-M-9-1,test,2024-08,2024-09,1,1.0,0.8811343302950263,1.0,0.615667088839084,True,very_high,0.9825332760810852
7,2024-04,2026-03,wqp,wqp:21FLKWAT_WQX-CHA-WF-3-2,test,2024-06,2024-07,1,1.0,0.8813697369769216,0.9990858048200607,0.6083370285474596,True,very_high,0.916920006275177
8,2024-04,2026-03,wqp,wqp:21FLKWAT_WQX-ORA-FAIRVIEWSO-1,test,2024-04,2024-05,1,1.0,0.883402232080698,0.9959583461284638,0.6032432780397521,True,very_high,0.9900522828102112
9,2024-04,2026-03,wqp,wqp:21FLKWAT_WQX-ORA-FAIRVIEWSO-2,test,2024-04,2024-05,1,1.0,0.8750560590997338,0.9935226202011108,0.5982503640136315,True,very_high,0.9872543811798096
10,2024-04,2026-03,wqp,wqp:21FLKWAT_WQX-CHA-WF-4-2,test,2024-06,2024-07,1,1.0,0.872019374743104,0.9998705744743347,0.5964486879167994,True,very_high,0.9687893986701965
11,2024-04,2026-03,wqp,wqp:21FLKWAT_WQX-CHA-WF-5-1,test,2024-06,2024-07,1,1.0,0.875260865315795,0.9803795397281647,0.5947772227953725,True,very_high,0.9718131422996521
12,2024-04,2026-03,wqp,wqp:21FLKWAT_WQX-CHA-WF-1-2,test,2024-06,2024-07,1,1.0,0.8796791918575764,0.9814370661973953,0.5938096428895824,True,very_high,0.9641284346580505
13,2024-04,2026-03,wqp,wqp:21FLKWAT_WQX-CHA-WF-1-1,test,2024-06,2024-07,1,1.0,0.8750445498153567,0.988208669424057,0.5874545732690583,True,very_high,0.9855955243110657
14,2024-04,2026-03,wqp,wqp:21FLKWAT_WQX-ORA-FAIRVIEWSO-3,test,2024-04,2024-05,1,1.0,0.8712153537198901,0.9925692141056061,0.5853465521446252,True,very_high,0.9760981202125549
15,2024-04,2026-03,wqp,wqp:21FLKWAT_WQX-PIN-SAUNDRA-1,test,2024-08,2024-09,1,1.0,0.8713782662525773,0.9961046665906906,0.5755135463982513,True,very_high,0.9791027903556824
16,2024-04,2026-03,wqp,wqp:21FLKWAT_WQX-CHA-WF-5-2,test,2024-06,2024-07,1,1.0,0.8683726759627461,0.962438416481018,0.5743783890623253,True,very_high,0.928421676158905
17,2024-04,2026-03,wqp,wqp:21FLKWAT_WQX-CHA-WF-3-3,test,2024-06,2024-07,1,1.0,0.8545873491093516,0.9967042297124863,0.5571294719446245,True,very_high,0.8932942748069763
18,2024-04,2026-03,wqp,wqp:21FLKWAT_WQX-CHA-STURGEON-1,test,2024-06,2024-07,1,1.0,0.8537424327805638,0.960609632730484,0.5338795305164911,True,very_high,0.9423983693122864
19,2024-04,2026-03,wqp,wqp:21FLKWAT_WQX-PIN-AUTUMN-1,test,2024-04,2024-05,1,1.0,0.8410372762009501,0.929772111773491,0.5304830465527075,True,very_high,0.9093599915504456
20,2024-04,2026-03,wqp,wqp:21FLKWAT_WQX-PIN-SAUNDRA-2,test,2024-08,2024-09,1,1.0,0.8427555868402123,0.9864745438098907,0.5249891255518496,True,very_high,0.9813279509544373
21,2024-04,2026-03,wqp,wqp:21FLKWAT_WQX-PIN-AUTUMN-2,test,2024-04,2024-05,1,1.0,0.8420734405517578,0.9303190648555756,0.5222503072224857,True,very_high,0.9093599915504456
22,2024-04,2026-03,wqp,wqp:21FLCOLL_WQX-LKTRAF8,test,2024-06,2024-07,1,1.0,0.8257582066580653,0.941357409954071,0.5006920361984599,True,very_high,0.8889879584312439
23,2024-04,2026-03,wqp,wqp:21FLSJWM_WQX-44177,test,2024-07,2024-08,1,1.0,0.832691328600049,0.9761863052845001,0.4894022042488248,True,very_high,0.9409739375114441
24,2024-04,2026-03,wqp,wqp:21FLSFWM_WQX-49087,test,2024-06,2024-07,1,1.0,0.8256077915430069,0.9826144248247146,0.48715369990580815,True,very_high,0.884730339050293
25,2024-04,2026-03,wqp,wqp:21FLSFWM_WQX-12888,test,2024-06,2024-07,1,1.0,0.8186600925400853,0.9387067288160323,0.4768294304050569,True,very_high,0.896859884262085
26,2024-04,2026-03,wqp,wqp:21FLKWAT_WQX-COL-ISLANDWALK-1,test,2024-06,2024-07,1,1.0,0.8211043393239379,0.9389375388622284,0.47584994140576975,True,very_high,0.9235145449638367
27,2024-04,2026-03,wqp,wqp:21NC03WQ-CPF081A1C,test,2024-07,2024-08,1,1.0,0.8108965754508972,0.9515925645828247,0.4576145600812235,True,very_high,0.883408784866333
28,2024-04,2026-03,wqp,wqp:21FLSARA_WQX-VG-5,test,2024-06,2024-07,1,1.0,0.8066324889659882,0.964843937754631,0.4537632530416425,True,very_high,0.8204166293144226
29,2024-04,2026-03,wqp,wqp:USGS-295826095082200,test,2025-08,2025-09,1,1.0,0.8043352160602808,0.968131148815155,0.45206300429906465,True,very_high,0.8546382784843445
30,2024-04,2026-03,wqp,wqp:21FLCOLL_WQX-LKTRAF4,test,2024-06,2024-07,1,1.0,0.7973857261240482,0.9431205570697784,0.4444185682057317,True,very_high,0.8752374649047852
31,2024-04,2026-03,wqp,wqp:21FLSFWM_WQX-49082,test,2024-08,2024-09,1,1.0,0.7957678847014904,0.9864214777946472,0.4399380985883876,True,very_high,0.8967650532722473
32,2024-04,2026-03,wqp,wqp:21FLSJWM_WQX-45150,test,2024-06,2024-07,1,1.0,0.7845745775848627,0.9167670130729675,0.4178737757199198,True,very_high,0.8276596069335938
33,2024-04,2026-03,wqp,wqp:21NC03WQ-NEU018E,test,2024-06,2024-07,1,1.0,0.7835487565025687,0.9166526526212693,0.4121155699930927,True,very_high,0.8785185217857361
34,2024-04,2026-03,wqp,wqp:21FLSFWM_WQX-49086,test,2024-06,2024-07,1,1.0,0.7746825153008103,0.9335647940635681,0.39636488530598374,True,very_high,0.8592381477355957
35,2024-04,2026-03,wqp,wqp:21FLSWFD_WQX-23113,test,2024-08,2024-09,1,1.0,0.7788186594843864,0.9057841271162033,0.3956305397613816,True,very_high,0.8372917175292969
36,2024-04,2026-03,wqp,wqp:21FLKWAT_WQX-LAK-BAY-2,test,2024-06,2024-07,1,1.0,0.7765289004892111,0.898638042807579,0.39304530161477347,True,very_high,0.8945422768592834
37,2024-04,2026-03,wqp,wqp:21FLKWAT_WQX-SAR-LAKE-37-1,test,2024-08,2024-09,1,1.0,0.7627661526203156,0.944832956790924,0.38376330421409804,True,very_high,0.8038226962089539
38,2024-04,2026-03,wqp,wqp:21NC03WQ-NEU019L,test,2024-06,2024-07,1,1.0,0.7762104962021112,0.897666198015213,0.376171166790062,True,very_high,0.8253333568572998
39,2024-04,2026-03,wqp,wqp:21FLSFWM_WQX-12865,test,2024-08,2024-09,1,1.0,0.762335698120296,0.946417200565338,0.3701345746171114,True,very_high,0.8611697554588318
40,2024-04,2026-03,wqp,wqp:21NC03WQ-CPF0880A,test,2024-07,2024-08,1,1.0,0.7464106054976583,0.8905850529670715,0.344535296188477,True,very_high,0.8254974484443665
41,2024-04,2026-03,wqp,wqp:21FLKWAT_WQX-LAK-EUSTIS-1,test,2024-06,2024-07,1,1.0,0.7423928016796708,0.8746012777090072,0.34193727502717175,True,very_high,0.7563073039054871
42,2024-04,2026-03,wqp,wqp:21FLSABR_WQX-BAY-ST-EWBAY-6,test,2024-06,2024-07,1,1.0,0.7031573001295328,0.8373990923166275,0.26163442874849785,True,very_high,0.7898750305175781
43,2024-04,2026-03,wqp,wqp:21FLKWAT_WQX-CHA-SUNAPEE-2,test,2024-06,2024-07,1,0.984375,0.8951128660701215,1.0,0.6510084245582853,True,very_high,1.0
44,2024-04,2026-03,wqp,wqp:21FLKWAT_WQX-CHA-WF-2-1,test,2024-06,2024-07,1,0.984375,0.8864937387406826,1.0,0.6317763637040296,True,very_high,0.9840694069862366
45,2024-04,2026-03,wqp,wqp:21FLKWAT_WQX-CHA-WF-2-2,test,2024-06,2024-07,1,0.984375,0.8776537547819316,0.9965889930725097,0.6117616791338523,True,very_high,0.9874255061149597
46,2024-04,2026-03,wqp,wqp:21FLKWAT_WQX-SAR-LAKE-M-9-2,test,2024-08,2024-09,1,0.984375,0.8624502192251384,0.9995219945907593,0.5872145300406759,True,very_high,0.9865973591804504
47,2024-04,2026-03,wqp,wqp:21FLKWAT_WQX-CHA-WF-4-1,test,2024-06,2024-07,1,0.984375,0.8623337452299893,0.9907467603683472,0.5670004430158677,True,very_high,0.9294711947441101
48,2024-04,2026-03,wqp,wqp:21FLKWAT_WQX-PIN-SAUNDRA-3,test,2024-08,2024-09,1,0.984375,0.8571994602680206,0.9865124642848968,0.5643956335165059,True,very_high,0.9824926257133484
49,2024-04,2026-03,wqp,wqp:21FLKWAT_WQX-PIN-SEMINOLE-3,test,2024-08,2024-09,1,0.984375,0.8391976216807961,0.9421743661165237,0.5213381985376131,True,very_high,0.9363608360290527
50,2024-04,2026-03,wqp,wqp:USGS-295554095093401,test,2025-08,2025-09,1,0.984375,0.8207839797250926,0.9958456993103028,0.506436722048333,True,very_high,0.8452423214912415
51,2024-04,2026-03,wqp,wqp:21FLSFWM_WQX-11569,test,2024-08,2024-09,1,0.984375,0.8252873076125979,0.9693254619836806,0.49523568589065514,True,very_high,0.8996598720550537
52,2024-04,2026-03,wqp,wqp:21FLKWAT_WQX-CHA-STURGEON-2,test,2024-06,2024-07,1,0.984375,0.8330979878082871,0.9606903553009033,0.4950070981123602,True,very_high,0.8579252362251282
53,2024-04,2026-03,wqp,wqp:21FLHESD_WQX-BEAUDETTE POND OUTLET,test,2024-06,2024-07,1,0.984375,0.8212058520875871,0.9558486312627792,0.48830748128139295,True,very_high,0.8876273036003113
54,2024-04,2026-03,wqp,wqp:21FLHESD_WQX-BEAUDETTE POND INLET,test,2024-06,2024-07,1,0.984375,0.8075401340611279,0.9595012694597244,0.4680503442025548,True,very_high,0.8807291984558105
55,2024-04,2026-03,wqp,wqp:21FLGTM_WQX-GTMMKNUT,test,2024-08,2024-09,1,0.984375,0.8112638532184064,0.9734328627586365,0.4661657278153386,True,very_high,0.862166702747345
56,2024-04,2026-03,wqp,wqp:21FLSFWM_WQX-11573,test,2024-06,2024-07,1,0.984375,0.8103577052243054,0.9483740448951721,0.46358046204109327,True,very_high,0.8914675712585449
57,2024-04,2026-03,wqp,wqp:21FLSFWM_WQX-11574,test,2024-06,2024-07,1,0.984375,0.8063527825288475,0.9752937376499174,0.4602880170917752,True,very_high,0.8804140090942383
58,2024-04,2026-03,wqp,wqp:21FLHILL_WQX-135,test,2024-07,2024-08,1,0.984375,0.8006808492355049,0.9836895674467085,0.4450560988074742,True,very_high,0.8900529742240906
59,2024-04,2026-03,wqp,wqp:21FLKWAT_WQX-PIN-MEADOWW-1,test,2024-06,2024-07,1,0.984375,0.7912534242495894,0.9584790766239165,0.4369664063749516,True,very_high,0.9317333102226257
60,2024-04,2026-03,wqp,wqp:21FLKWAT_WQX-SAR-LAKE-37-2,test,2024-08,2024-09,1,0.984375,0.7938145161606371,0.9135207325220108,0.4313409352200562,True,very_high,0.8745911717414856
61,2024-04,2026-03,wqp,wqp:21FLSFWM_WQX-49083,test,2024-08,2024-09,1,0.984375,0.7898834939114749,0.9769751340150833,0.4285873079575376,True,very_high,0.9023545384407043
62,2024-04,2026-03,wqp,wqp:21FLSFWM_WQX-31067,test,2024-06,2024-07,1,0.984375,0.7988126748241484,0.9430402934551239,0.4219905772814207,True,very_high,0.8605940341949463
63,2024-04,2026-03,wqp,wqp:21FLHESD_WQX-BEAUDETTE POND MIDDLE,test,2024-06,2024-07,1,0.984375,0.7929424960166216,0.9240989685058594,0.4206551890612469,True,very_high,0.8334525227546692
64,2024-04,2026-03,wqp,wqp:21FLSFWM_WQX-11576,test,2024-08,2024-09,1,0.984375,0.7758602923713624,0.9430202901363373,0.4166671382571554,True,very_high,0.899020254611969
65,2024-04,2026-03,wqp,wqp:21DELAWQ_WQX-303051,test,2024-05,2024-06,1,0.984375,0.7831653854809701,0.9339661419391632,0.41099841389334246,True,very_high,0.8312992453575134
66,2024-04,2026-03,wqp,wqp:21NC03WQ-CPF055C,test,2024-07,2024-08,1,0.984375,0.7802359769120812,0.9716124296188353,0.4092575848850913,True,very_high,0.8812255859375
67,2024-04,2026-03,wqp,wqp:21FLKWAT_WQX-LAK-BAY-3,test,2024-06,2024-07,1,0.984375,0.7818847293965518,0.92535742521286,0.40218962830345706,True,very_high,0.8965069651603699
68,2024-04,2026-03,wqp,wqp:21FLHESD_WQX-BEAUDETTE POND WEST,test,2024-06,2024-07,1,0.984375,0.7911591432057321,0.9201430529356002,0.40184595218611335,True,very_high,0.8661110997200012
69,2024-04,2026-03,wqp,wqp:21FLKWAT_WQX-SAR-LAKE-G-20-2,test,2024-08,2024-09,1,0.984375,0.7847309396602213,0.966233566403389,0.39867903845093033,True,very_high,0.8529532551765442
70,2024-04,2026-03,wqp,wqp:21FLKWAT_WQX-SAR-LAKE-37-3,test,2024-08,2024-09,1,0.984375,0.7841197443194687,0.9093280643224716,0.3981885388857354,True,very_high,0.8333333134651184
71,2024-04,2026-03,wqp,wqp:21NC03WQ-CPF087B3,test,2024-07,2024-08,1,0.984375,0.7727568792179227,0.9154531508684158,0.3904527308165116,True,very_high,0.8486031889915466
72,2024-04,2026-03,wqp,wqp:21FLKWAT_WQX-LAK-EUSTIS-3,test,2024-06,2024-07,1,0.984375,0.780172620434314,0.9018183827400207,0.38966789379883854,True,very_high,0.7965615391731262
73,2024-04,2026-03,wqp,wqp:21NC03WQ-CPF055E,test,2024-07,2024-08,1,0.984375,0.7763545387424529,0.9254674434661865,0.38712656384303457,True,very_high,0.8179095387458801
74,2024-04,2026-03,wqp,wqp:21FLSFWM_WQX-12877,test,2024-06,2024-07,1,0.984375,0.7643351228907704,0.969226837158203,0.3811258973858207,True,very_high,0.8657042384147644
75,2024-04,2026-03,wqp,wqp:21FLKWAT_WQX-LAK-EUSTIS-2,test,2024-06,2024-07,1,0.984375,0.7575678550638258,0.9037480503320694,0.3799918060719976,True,very_high,0.7755089402198792
76,2024-04,2026-03,wqp,wqp:21FLSFWM_WQX-16601,test,2024-06,2024-07,1,0.984375,0.7626606528647244,0.9456420630216597,0.37445354442913403,True,very_high,0.837925910949707
77,2024-04,2026-03,wqp,wqp:21NC03WQ-LLC01,test,2024-06,2024-07,1,0.984375,0.7663502232171595,0.9570014119148254,0.36145175290274745,True,very_high,0.8399259448051453
78,2024-04,2026-03,wqp,wqp:21FLSFWM_WQX-11570,test,2024-08,2024-09,1,0.984375,0.7378338589332998,0.8822646737098693,0.32676174115690715,True,very_high,0.8381026387214661
79,2024-04,2026-03,wqp,wqp:21FLSFWM_WQX-49081,test,2024-08,2024-09,1,0.984375,0.7390397596172988,0.9305958628654479,0.32205343148166893,True,very_high,0.8475555777549744
80,2024-04,2026-03,wqp,wqp:21NC03WQ-NEU020D,test,2024-06,2024-07,1,0.984375,0.7265800638124347,0.8773834198713303,0.3114085542674262,True,very_high,0.7486264109611511
81,2024-04,2026-03,wqp,wqp:21FLKWAT_WQX-CHA-L-4-1,test,2024-07,2024-08,1,0.984375,0.7377287452109158,0.8407670557498932,0.3032575315994933,True,very_high,0.803534984588623
82,2024-04,2026-03,wqp,wqp:21FLSJWM_WQX-44494,test,2024-06,2024-07,1,0.984375,0.7207610083278269,0.8377536177635193,0.2785338759369884,True,very_high,0.7707136273384094
83,2024-04,2026-03,wqp,wqp:21FLKWAT_WQX-CHA-L-4-3,test,2024-07,2024-08,1,0.984375,0.7039158521220088,0.8450242042541503,0.2609394342751844,True,very_high,0.7882611751556396
84,2024-04,2026-03,wqp,wqp:21FLSABR_WQX-BAY-ST-EWBAY-3,test,2024-06,2024-07,1,0.984375,0.7074222741648555,0.8177461057901382,0.24533675441246552,True,very_high,0.7651249766349792
85,2024-04,2026-03,wqp,wqp:21FLSABR_WQX-BAY-ST. ANDREW BAY-12,test,2024-06,2024-07,1,0.984375,0.7018143432214856,0.8027617633342743,0.23777286927794045,True,very_high,0.7603750228881836
86,2024-04,2026-03,wqp,wqp:21FLSARA_WQX-DB-BPIT3,test,2024-08,2024-09,1,0.96875,0.8435684638097882,1.0,0.5403249364942913,True,very_high,0.9683333039283752
87,2024-04,2026-03,wqp,wqp:21FLKWAT_WQX-CHA-WF-3-1,test,2024-06,2024-07,1,0.96875,0.8296478688716888,0.9905976057052612,0.5025648252013701,True,very_high,0.8412215113639832
88,2024-04,2026-03,wqp,wqp:21FLKWAT_WQX-PIN-SEMINOLE-2,test,2024-08,2024-09,1,0.96875,0.8184327566996217,0.9531773358583451,0.4868125359953884,True,very_high,0.9333360195159912
89,2024-04,2026-03,wqp,wqp:21FLKWAT_WQX-SAR-LAKE-G-20-3,test,2024-08,2024-09,1,0.96875,0.8053262955509126,0.9584454149007797,0.46062086906458594,True,very_high,0.8762629628181458
90,2024-04,2026-03,wqp,wqp:21FLSJWM_WQX-499784,test,2024-08,2024-09,1,0.96875,0.7996099297888577,0.9660465061664582,0.4550929706557997,True,very_high,0.8896244168281555
91,2024-04,2026-03,wqp,wqp:21FLKWAT_WQX-PIN-SEMINOLE-1,test,2024-08,2024-09,1,0.96875,0.8037907206453383,0.9419669508934021,0.4487312415851781,True,very_high,0.9318380355834961
92,2024-04,2026-03,wqp,wqp:21NC03WQ-CPF087D,test,2024-07,2024-08,1,0.96875,0.7985584074631333,0.9278392016887664,0.43739304090656617,True,very_high,0.883481502532959
93,2024-04,2026-03,wqp,wqp:21FLCOLL_WQX-LKTRAF1,test,2024-06,2024-07,1,0.96875,0.7987991385161877,0.9287575423717499,0.43469120621427415,True,very_high,0.8724141716957092
94,2024-04,2026-03,wqp,wqp:21FLSFWM_WQX-4698,test,2024-06,2024-07,1,0.96875,0.786976320669055,0.9406501650810242,0.4327631628373414,True,very_high,0.8665680289268494
95,2024-04,2026-03,wqp,wqp:21NC03WQ-LI01,test,2024-06,2024-07,1,0.96875,0.7908928832039237,0.9418226718902588,0.4244755558106381,True,very_high,0.8777489066123962
96,2024-04,2026-03,wqp,wqp:21FLSFWM_WQX-49089,test,2024-08,2024-09,1,0.96875,0.7753713191486895,0.965541437268257,0.41544001608460435,True,very_high,0.8956912159919739
97,2024-04,2026-03,wqp,wqp:21NC03WQ-CPF086C,test,2024-07,2024-08,1,0.96875,0.7688460587523878,0.9917445242404936,0.4067539419456935,True,very_high,0.9193890690803528
98,2024-04,2026-03,wqp,wqp:21FLSFWM_WQX-11562,test,2024-08,2024-09,1,0.96875,0.7725127106532454,0.9399183303117752,0.3999595424547934,True,very_high,0.8867962956428528
99,2024-04,2026-03,wqp,wqp:21FLSJWM_WQX-442129,test,2024-07,2024-08,1,0.96875,0.7786695403046906,0.9332856297492981,0.3982334816935451,True,very_high,0.8584042191505432
100,2024-04,2026-03,wqp,wqp:21FLSFWM_WQX-49080,test,2024-08,2024-09,1,0.96875,0.7569548808969557,0.9303504735231399,0.3927960060992782,True,very_high,0.8960174918174744
101,2024-04,2026-03,wqp,wqp:21NC03WQ-NEU0171B,test,2024-06,2024-07,1,0.96875,0.7673867023549974,0.9153671622276306,0.38339734195273706,True,very_high,0.8511033654212952
102,2024-04,2026-03,wqp,wqp:21FLSFWM_WQX-16329,test,2024-06,2024-07,1,0.96875,0.7690198849886656,0.9377826422452926,0.38275793995061774,True,very_high,0.8440365195274353
103,2024-04,2026-03,wqp,wqp:21FLSJWM_WQX-44055,test,2024-07,2024-08,1,0.96875,0.7671088837087154,0.9253838717937468,0.3824227837505805,True,very_high,0.8331484794616699
104,2024-04,2026-03,wqp,wqp:21FLSFWM_WQX-10296,test,2024-08,2024-09,1,0.96875,0.7579532428644598,0.9610793501138687,0.36789703468379054,True,very_high,0.8552035689353943
105,2024-04,2026-03,wqp,wqp:21FLKWAT_WQX-SAR-LAKE-G-20-1,test,2024-08,2024-09,1,0.96875,0.7617593286558986,0.9273077219724655,0.3677374682903213,True,very_high,0.8147395253181458
106,2024-04,2026-03,wqp,wqp:CAPECRD_WQX-280,test,2024-06,2024-07,1,0.96875,0.7554180268198252,0.9386645913124084,0.3641306609138393,True,very_high,0.8297222256660461
107,2024-04,2026-03,wqp,wqp:21NC03WQ-CPF055D,test,2024-07,2024-08,1,0.96875,0.7462669308297336,0.9295526146888732,0.3610366582858506,True,very_high,0.8565266728401184
108,2024-04,2026-03,wqp,wqp:21SCSANT_WQX-SC-005,test,2024-06,2024-07,1,0.96875,0.7202449203468859,0.9274751275777816,0.3275331419812131,True,very_high,0.7743565440177917
109,2024-04,2026-03,wqp,wqp:21FLSABR_WQX-BAY-ST-EWBAY-2,test,2024-06,2024-07,1,0.96875,0.7033300194889307,0.8356923937797546,0.25126837054489765,True,very_high,0.7590000033378601
110,2024-04,2026-03,wqp,wqp:21FLSFWM_WQX-16185,test,2024-06,2024-07,1,0.953125,0.7564044548198581,0.9612278878688812,0.3816921291332437,True,very_high,0.8555591106414795
111,2024-04,2026-03,wqp,wqp:21FLSWFD_WQX-23144,test,2024-08,2024-09,1,0.953125,0.7501224880106747,0.9021517366170884,0.37036383049410077,True,very_high,0.8416666984558105
112,2024-04,2026-03,wqp,wqp:21FLSJWM_WQX-44673,test,2024-08,2024-09,1,0.953125,0.7667538360692561,0.9353055357933043,0.36700718669220966,True,very_high,0.8540071845054626
113,2024-04,2026-03,wqp,wqp:21FLSFWM_WQX-49085,test,2024-06,2024-07,1,0.953125,0.7467894619330764,0.9065192699432373,0.35840296188009024,True,very_high,0.8149963021278381
114,2024-04,2026-03,wqp,wqp:21NC03WQ-CPF086F,test,2024-07,2024-08,1,0.953125,0.7418895424343646,0.9132393270730972,0.33789509086620395,True,very_high,0.8235185146331787
115,2024-04,2026-03,aquamatch_chla,aquamatch_chla:21VASWCB-2-CHK006.14,test,2024-04,2024-05,1,0.953125,0.7252550325356424,0.8372542500495911,0.32870038637263543,True,very_high,0.8225762248039246
116,2024-04,2026-03,wqp,wqp:21FLSABR_WQX-BAY-DEERPOIN-2,test,2024-08,2024-09,1,0.953125,0.7008667690679431,0.8238285809755326,0.2506190180188615,True,very_high,0.754314661026001
117,2024-04,2026-03,wqp,wqp:21FLSABR_WQX-BAY-WATSON-BAYOU-1,test,2024-06,2024-07,1,0.953125,0.7051483690738678,0.816367220878601,0.2446161255844193,True,very_high,0.7725000381469727
118,2024-04,2026-03,wqp,wqp:21FLSFWM_WQX-49090,test,2024-08,2024-09,1,0.9375,0.7747722212225199,0.9951667338609695,0.4324441932614983,True,very_high,0.8967592716217041
119,2024-04,2026-03,wqp,wqp:21FLSFWM_WQX-49084,test,2024-08,2024-09,1,0.9375,0.7520509632304311,0.9344278007745743,0.38856528511572996,True,very_high,0.8808069825172424
120,2024-04,2026-03,wqp,wqp:21FLKWAT_WQX-VOL-WATERFORD-2,test,2024-06,2024-07,1,0.9375,0.7529802676290274,0.9257112741470336,0.3796844386312961,True,very_high,0.8114336133003235
121,2024-04,2026-03,wqp,wqp:21SC60WQ_WQX-CW-016F,test,2024-06,2024-07,1,0.9375,0.7399840960279107,0.9301116079092026,0.3742705932716295,True,very_high,0.8714869618415833
122,2024-04,2026-03,wqp,wqp:21FLKWAT_WQX-ORA-WAUNATTA-2,test,2024-06,2024-07,1,0.9375,0.7471279795281589,0.8935539692640304,0.3647054605084215,True,very_high,0.774691641330719
123,2024-04,2026-03,wqp,wqp:21NC03WQ-NEU019E,test,2024-06,2024-07,1,0.9375,0.7421776694245636,0.8680871665477753,0.3408999272340385,True,very_high,0.8246826529502869
124,2024-04,2026-03,wqp,wqp:21FLSJWM_WQX-44645,test,2024-08,2024-09,1,0.9375,0.7286550258286297,0.9139636516571045,0.3266772096846495,True,very_high,0.8355119228363037
125,2024-04,2026-03,wqp,wqp:21FLSFWM_WQX-15485,test,2024-06,2024-07,1,0.9375,0.724691086448729,0.928092661499977,0.32084768341599557,True,very_high,0.8232772946357727
126,2024-04,2026-03,wqp,wqp:21DELAWQ_WQX-206361,test,2024-05,2024-06,1,0.9375,0.7194123445078731,0.9249800086021424,0.31343156890415097,True,very_high,0.7710595726966858
127,2024-04,2026-03,wqp,wqp:21FLSJWM_WQX-44592,test,2024-06,2024-07,1,0.9375,0.7260230807587504,0.8669797867536545,0.3025973531978977,True,very_high,0.774703323841095
128,2024-04,2026-03,wqp,wqp:CAPECRD_WQX-290,test,2024-06,2024-07,1,0.9375,0.7161375684663653,0.9105381160974502,0.29511835013891485,True,very_high,0.7586014866828918
129,2024-04,2026-03,wqp,wqp:21SC60WQ_WQX-B-327,test,2024-06,2024-07,1,0.9375,0.6899505541659892,0.9224816650152206,0.2753540417046188,True,very_high,0.7158480286598206
130,2024-04,2026-03,wqp,wqp:21FLSARA_WQX-ML,test,2024-08,2024-09,1,0.921875,0.7724095839075744,0.9698776543140412,0.4211331093574786,True,very_high,0.8659999966621399
131,2024-04,2026-03,wqp,wqp:21SC60WQ_WQX-S-326,test,2024-06,2024-07,1,0.921875,0.757117017172277,0.9651198953390121,0.3895497545633155,True,very_high,0.8623691201210022
132,2024-04,2026-03,wqp,wqp:21FLSARA_WQX-VG-1,test,2024-06,2024-07,1,0.921875,0.7392534229438752,0.924234914779663,0.367616399822829,True,very_high,0.799750030040741
133,2024-04,2026-03,wqp,wqp:21FLLCPC_WQX-TROUTDKEUS,test,2024-07,2024-08,1,0.921875,0.7336001051589847,0.9569605708122253,0.3553090176461692,True,very_high,0.7489066123962402
134,2024-04,2026-03,wqp,wqp:21SC60WQ_WQX-CW-033,test,2024-06,2024-07,1,0.921875,0.7389698415063322,0.939896073937416,0.35300926527678356,True,very_high,0.8161798119544983
135,2024-04,2026-03,wqp,wqp:21FLSWFD_WQX-23169,test,2024-08,2024-09,1,0.921875,0.729156231507659,0.8914227366447448,0.32383315374874805,True,very_high,0.8350000381469727
136,2024-04,2026-03,wqp,wqp:21FLSWFD_WQX-23152,test,2024-08,2024-09,1,0.921875,0.7226580251008272,0.9070707529783248,0.3231402343259372,True,very_high,0.8429166674613953
137,2024-04,2026-03,wqp,wqp:21DELAWQ_WQX-110011,test,2024-06,2024-07,1,0.921875,0.7180956788361073,0.8993056535720825,0.2932136648688568,True,very_high,0.7706382274627686
138,2024-04,2026-03,wqp,wqp:21FLKWAT_WQX-LAK-BAY-1,test,2024-06,2024-07,1,0.921875,0.6692933687008917,0.8907362967729568,0.2518267438614544,True,very_high,0.7412155270576477
139,2024-04,2026-03,wqp,wqp:21FLSABR_WQX-BAY-ST-EWBAY-1,test,2024-06,2024-07,1,0.921875,0.6986893247812986,0.8235164999961853,0.24344902032380306,True,very_high,0.7689239978790283
140,2024-04,2026-03,wqp,wqp:USGS-415026070563603,test,2025-08,2025-09,1,0.921875,0.6786043522879481,0.8209270685911179,0.22872116237822632,True,very_high,0.7750000357627869
141,2024-04,2026-03,wqp,wqp:21FLSABR_WQX-BAY-DEERPOIN-1,test,2024-08,2024-09,1,0.921875,0.6683442462235689,0.7957899093627929,0.22089274264911546,True,very_high,0.7389492988586426
142,2024-04,2026-03,wqp,wqp:21SC60WQ_WQX-SV-331,test,2024-06,2024-07,1,0.90625,0.7755861189216375,0.9875176429748534,0.44800898673495876,True,very_high,0.8434513211250305
143,2024-04,2026-03,wqp,wqp:21NC03WQ-LC01,test,2024-06,2024-07,1,0.90625,0.6980883996002376,0.877395698428154,0.2672048808615504,True,very_high,0.8012499809265137
144,2024-04,2026-03,wqp,wqp:21FLSJWM_WQX-44678,test,2024-08,2024-09,1,0.90625,0.6768712354823947,0.9307010233402252,0.26087131407334785,True,very_high,0.7411589026451111
145,2024-04,2026-03,wqp,wqp:OOPBLO-TL-02,test,2024-06,2024-07,1,0.90625,0.6897247051820159,0.8402165532112121,0.2542625075054775,True,very_high,0.778869092464447
146,2024-04,2026-03,wqp,wqp:21SCSANT_WQX-SC-022,test,2024-07,2024-08,1,0.90625,0.6859915019012988,0.8486230552196502,0.2525281422510621,True,very_high,0.8196799755096436
147,2024-04,2026-03,wqp,wqp:21FLKWAT_WQX-ORA-ROSE-1,test,2024-06,2024-07,1,0.90625,0.6629021940752864,0.8378666281700134,0.24265115073677718,True,very_high,0.5457647442817688
148,2024-04,2026-03,wqp,wqp:21FLKWAT_WQX-CHA-L-4-2,test,2024-07,2024-08,1,0.90625,0.6800844282843173,0.8251194953918456,0.23213934720719842,True,very_high,0.7792229056358337
149,2024-04,2026-03,wqp,wqp:21FLKWAT_WQX-ORA-WAUNATTA-1,test,2024-06,2024-07,1,0.90625,0.6697762906551361,0.8535232365131376,0.22843190616161363,True,very_high,0.7439990043640137
150,2024-04,2026-03,wqp,wqp:21DELAWQ_WQX-206451,test,2024-05,2024-06,1,0.90625,0.6532456763088703,0.8348557621240615,0.22110856576628637,True,very_high,0.6494190096855164
151,2024-04,2026-03,wqp,wqp:21NC03WQ-I7730000,test,2024-06,2024-07,1,0.90625,0.6710994890891016,0.790823870897293,0.20964731326125716,True,very_high,0.75
152,2024-04,2026-03,wqp,wqp:USGS-414851070565701,test,2025-08,2025-09,1,0.90625,0.6644688309170306,0.8003147304058075,0.2082924598051783,True,very_high,0.7750000357627869
153,2024-04,2026-03,wqp,wqp:21FLSFWM_WQX-16332,test,2024-08,2024-09,1,0.890625,0.738245917018503,0.9444076657295226,0.355922520143838,True,very_high,0.83688884973526
154,2024-04,2026-03,wqp,wqp:21FLSJWM_WQX-44676,test,2024-07,2024-08,1,0.890625,0.7217355752363801,0.9546721130609512,0.3298999303281509,True,very_high,0.754094123840332
155,2024-04,2026-03,wqp,wqp:21DELAWQ_WQX-208211,test,2024-05,2024-06,1,0.890625,0.710302498890087,0.8786886960268019,0.2941910943881818,True,very_high,0.8328531384468079
156,2024-04,2026-03,wqp,wqp:21NC03WQ-NEU019P,test,2024-06,2024-07,1,0.890625,0.700276443734765,0.9131462574005125,0.2929055892264898,True,very_high,0.7958828806877136
157,2024-04,2026-03,wqp,wqp:21FLGTM_WQX-GTMLSNUT,test,2024-08,2024-09,1,0.890625,0.6535402298904955,0.864580100774765,0.2323718510515585,True,very_high,0.695888340473175
158,2024-04,2026-03,wqp,wqp:21FLVEMD_WQX-SJ17,test,2024-06,2024-07,1,0.875,0.7415045858360827,0.9453678548336029,0.3799148291435679,True,very_high,0.7558309435844421
159,2024-04,2026-03,wqp,wqp:21FLSFWM_WQX-49088,test,2024-08,2024-09,1,0.875,0.719202593434602,0.9355192542076111,0.33801566829115615,True,very_high,0.8494073748588562
160,2024-04,2026-03,wqp,wqp:21VASWCB-8-NAR058.66,test,2024-06,2024-07,1,0.875,0.7086939652217552,0.951426550745964,0.3344074375590197,True,very_high,0.8013579845428467
161,2024-04,2026-03,wqp,wqp:OOPBLO-TL-01,test,2024-06,2024-07,1,0.875,0.6763138291426003,0.845196321606636,0.24217236898569647,True,very_high,0.7916666865348816
162,2024-04,2026-03,wqp,wqp:CAPECRD_WQX-262,test,2024-06,2024-07,1,0.875,0.6614429398905486,0.8760608255863188,0.23962509275544464,True,very_high,0.6380294561386108
163,2024-04,2026-03,wqp,wqp:21FLSJWM_WQX-44488,test,2024-06,2024-07,1,0.875,0.6695211161859334,0.8404295593500136,0.230464745987593,True,very_high,0.6516261100769043
164,2024-04,2026-03,wqp,wqp:21FLKWAT_WQX-HIL-EAST-1,test,2024-07,2024-08,1,0.875,0.6474299260880798,0.8672928929328918,0.22850281433217132,True,very_high,0.5495260953903198
165,2024-04,2026-03,wqp,wqp:21FLSABR_WQX-BAY-DEERPOIN-3,test,2024-08,2024-09,1,0.875,0.6637480994686484,0.8223756670951843,0.22123412685441207,True,very_high,0.7664287686347961
166,2024-04,2026-03,wqp,wqp:21SC60WQ_WQX-CW-207B,test,2024-08,2024-09,1,0.875,0.6457944819703698,0.8155034661293029,0.20537873530781292,True,very_high,0.7117999196052551
167,2024-04,2026-03,wqp,wqp:21FLMAIT_WQX-LAKE WAUMPI,test,2024-05,2024-06,1,0.859375,0.7083275713957846,0.94770929813385,0.31225676372508543,True,very_high,0.8288333415985107
168,2024-04,2026-03,wqp,wqp:21FLSJWM_WQX-44591,test,2024-06,2024-07,1,0.859375,0.6580925178714097,0.8180766075849533,0.21582625121008087,True,very_high,0.6754016280174255
169,2024-04,2026-03,wqp,wqp:21FLLCPC_WQX-GRIFFINTISH,test,2024-07,2024-08,1,0.84375,0.6808230895549059,0.9533488154411315,0.30405057120510937,True,very_high,0.5166522264480591
170,2024-04,2026-03,wqp,wqp:21SC60WQ_WQX-SV-268,test,2024-08,2024-09,1,0.84375,0.6804791670292616,0.8654478013515472,0.29478158318097675,True,very_high,0.8408690094947815
171,2024-04,2026-03,wqp,wqp:21FLCHCO_WQX-MC2048A03,test,2024-07,2024-08,1,0.84375,0.6801265073008835,0.8954176038503646,0.2914094929076477,True,very_high,0.6544115543365479
172,2024-04,2026-03,wqp,wqp:21FLKWAT_WQX-ORA-WAUNATTA-3,test,2024-06,2024-07,1,0.84375,0.6610903195105493,0.8958218783140183,0.24868175421802002,True,very_high,0.7539119720458984
173,2024-04,2026-03,wqp,wqp:21FLSJWM_WQX-44196,test,2024-08,2024-09,1,0.84375,0.6600604499690235,0.8957158088684082,0.24174487426860197,True,very_high,0.7404208183288574
174,2024-04,2026-03,wqp,wqp:21SC60WQ_WQX-S-311,test,2024-06,2024-07,1,0.84375,0.6406646152026951,0.8690799146890638,0.21257160886121113,True,very_high,0.6304172873497009
175,2024-04,2026-03,wqp,wqp:21SCSANT_WQX-SC-040,test,2024-06,2024-07,1,0.84375,0.635962018975988,0.85164535343647,0.21217643442746262,True,very_high,0.6540670990943909
176,2024-04,2026-03,aquamatch_chla,aquamatch_chla:21VASWCB-2-JMS069.08,test,2024-04,2024-05,1,0.84375,0.6290487158112228,0.8287133872509003,0.20375558230891863,True,very_high,0.5498818755149841
177,2024-04,2026-03,wqp,wqp:WIDNR_WQX-10038098,test,2024-06,2024-07,1,0.84375,0.604863312561065,0.7854854702949523,0.16806685478308447,True,very_high,0.6579365134239197
178,2024-04,2026-03,wqp,wqp:21SC60WQ_WQX-CW-057,test,2024-06,2024-07,1,0.828125,0.6826516794972122,0.9833102583885192,0.29830555124290714,True,very_high,0.7346636652946472
179,2024-04,2026-03,wqp,wqp:21FLCBA_WQX-WAL-MORRIS-2,test,2024-06,2024-07,1,0.828125,0.6637941799126565,0.8609694302082062,0.2677727898134189,True,very_high,0.7959969639778137
180,2024-04,2026-03,wqp,wqp:21FLSJWM_WQX-45399,test,2024-08,2024-09,1,0.828125,0.6692745122127235,0.8743374228477477,0.26457947851182384,True,very_high,0.7665310502052307
181,2024-04,2026-03,wqp,wqp:21FLKWAT_WQX-ORA-FAIRVIEW-4,test,2024-06,2024-07,1,0.828125,0.6637081478256732,0.9148176074028013,0.2644633855240552,True,very_high,0.8357833027839661
182,2024-04,2026-03,wqp,wqp:USGS-421420121481700,test,2025-08,2025-09,1,0.828125,0.6622645030729473,0.8754019439220428,0.2529982418967603,True,very_high,0.8745875358581543
183,2024-04,2026-03,wqp,wqp:USGS-294607095042700,test,2025-08,2025-09,1,0.828125,0.6386294937692583,0.8908928722143172,0.22097370168472283,True,very_high,0.6286077499389648
184,2024-04,2026-03,wqp,wqp:21FLSABR_WQX-BAY-PARKER-BAYOU-1,test,2024-07,2024-08,1,0.828125,0.6280404687859118,0.8328829646110534,0.19933467973054503,True,very_high,0.6386129856109619
185,2024-04,2026-03,wqp,wqp:21FLKWAT_WQX-HIL-EAST-3,test,2024-07,2024-08,1,0.828125,0.6202774592675269,0.8232069194316863,0.19504101280661867,True,very_high,0.5493119359016418
186,2024-04,2026-03,wqp,wqp:21VASWCB-8-PMC007.15,test,2024-08,2024-09,1,0.8125,0.7055316925980151,0.9468143850564955,0.34097333088594767,True,very_high,0.8059179186820984
187,2024-04,2026-03,wqp,wqp:21FLCBA_WQX-WAL-LITTLERE-3,test,2024-07,2024-08,1,0.8125,0.6605643951334059,0.8706456065177917,0.25316005614119097,True,very_high,0.807812511920929
188,2024-04,2026-03,wqp,wqp:21FLGTM_WQX-GTMLMNUT,test,2024-08,2024-09,1,0.8125,0.6410748611669987,0.8979324996471403,0.24114794768245268,True,very_high,0.6535961031913757
189,2024-04,2026-03,wqp,wqp:21SC60WQ_WQX-CW-208,test,2024-08,2024-09,1,0.8125,0.6260252201464027,0.843525567650795,0.22008273639715376,True,very_high,0.6829310059547424
190,2024-04,2026-03,aquamatch_chla,aquamatch_chla:21VASWCB-2-JMS050.57,test,2024-04,2024-05,1,0.8125,0.630784715525806,0.8190385818481445,0.19237550514878538,True,very_high,0.7104561924934387
191,2024-04,2026-03,wqp,wqp:21FLLCPC_WQX-YALEMARSHPK,test,2024-07,2024-08,1,0.796875,0.6379938304889947,0.9128439664840697,0.2523337858699184,True,very_high,0.5703333020210266
192,2024-04,2026-03,wqp,wqp:21SCSANT_WQX-SC-014,test,2024-06,2024-07,1,0.796875,0.640464351978153,0.8887505352497098,0.23386223892541727,True,very_high,0.5996499061584473
193,2024-04,2026-03,wqp,wqp:USGS-294643095035200,test,2025-08,2025-09,1,0.796875,0.6260623964481056,0.8378161072731017,0.20606299541393497,True,very_high,0.5964135527610779
194,2024-04,2026-03,wqp,wqp:21FLSFWM_WQX-17757,test,2024-06,2024-07,1,0.796875,0.6052404430229217,0.8266678988933563,0.18221022826022876,True,very_high,0.5580134391784668
195,2024-04,2026-03,wqp,wqp:21SCSANT_WQX-SC-023A,test,2024-06,2024-07,1,0.796875,0.6139975422993302,0.7966460794210433,0.17414641816382567,True,very_high,0.6157919764518738
196,2024-04,2026-03,wqp,wqp:21FLKWAT_WQX-COL-ISLANDWALK-8,test,2024-06,2024-07,1,0.78125,0.6546315213199705,0.9261866211891173,0.2579769260177986,True,very_high,0.7185118794441223
197,2024-04,2026-03,aquamatch_chla,aquamatch_chla:21VASWCB-2-JMS055.94,test,2024-04,2024-05,1,0.78125,0.6056579374708235,0.7623719155788422,0.16717585408335467,True,very_high,0.6433714628219604
198,2024-04,2026-03,wqp,wqp:USGS-384200118431901,test,2024-04,2024-05,1,0.765625,0.6331172888167202,0.8887123048305511,0.22854498432037207,True,very_high,0.6283323168754578
199,2024-04,2026-03,wqp,wqp:21AWIC-129,test,2024-06,2024-07,1,0.765625,0.6163505705771968,0.8454818129539489,0.21149927805068808,True,very_high,0.7009772658348083
200,2024-04,2026-03,wqp,wqp:USGS-383903118425301,test,2024-04,2024-05,1,0.765625,0.6179643915966153,0.8499027580022811,0.1984766352507692,True,very_high,0.6196938753128052
201,2024-04,2026-03,wqp,wqp:21FLKWAT_WQX-IND-BLUE CYPR-2,test,2024-06,2024-07,1,0.75,0.6704604588449001,0.9239529430866241,0.2929142105846768,True,high,0.6364536285400391
202,2024-04,2026-03,wqp,wqp:21FLCBA_WQX-WAL-GRAYTON-3,test,2024-06,2024-07,1,0.75,0.6094321087002754,0.8544328212738037,0.20275488807815595,True,high,0.7128689289093018
203,2024-04,2026-03,wqp,wqp:21FLMAIT_WQX-LAKE GEM,test,2024-07,2024-08,1,0.75,0.6169279618188739,0.8514320939779281,0.2007470691248482,True,high,0.6077403426170349
204,2024-04,2026-03,wqp,wqp:21SC60WQ_WQX-CL-089,test,2024-08,2024-09,1,0.75,0.575001074001193,0.8020647794008254,0.16257506496868795,True,high,0.5757307410240173
205,2024-04,2026-03,wqp,wqp:USGS-384506118433001,test,2024-04,2024-05,1,0.734375,0.6080682198517025,0.8566929101943969,0.1942701108872721,True,high,0.6042325496673584
206,2024-04,2026-03,wqp,wqp:21DELAWQ_WQX-208181,test,2024-05,2024-06,1,0.734375,0.6089051770977676,0.8169667810201644,0.18708924889483314,True,high,0.5759232044219971
207,2024-04,2026-03,wqp,wqp:21FLKWAT_WQX-VOL-WATERFORD-3,test,2024-06,2024-07,1,0.734375,0.596334581496194,0.8244282960891723,0.17747214345285522,True,high,0.708402156829834
208,2024-04,2026-03,wqp,wqp:21FLKWAT_WQX-ORA-ROSE-2,test,2024-06,2024-07,1,0.734375,0.580695893149823,0.8087159752845762,0.1584824759539729,True,high,0.4808577001094818
209,2024-04,2026-03,wqp,wqp:21FLORAN_WQX-HB67,test,2024-06,2024-07,1,0.71875,0.5671686150599271,0.8150675207376479,0.1550282923145675,True,high,0.5998182892799377
210,2024-04,2026-03,wqp,wqp:21SC60WQ_WQX-CW-230,test,2024-06,2024-07,1,0.71875,0.570137987844646,0.7696849226951599,0.14887068907831208,True,high,0.556614100933075
211,2024-04,2026-03,wqp,wqp:21FLKWAT_WQX-OSC-FISH-2,test,2024-06,2024-07,1,0.71875,0.5689566051587462,0.7716189950704573,0.14574035542316147,True,high,0.4938090741634369
212,2024-04,2026-03,wqp,wqp:21FLCBA_WQX-WAL-OYSTER-3,test,2024-06,2024-07,1,0.703125,0.6114389407448471,0.8580650508403778,0.2060671193723736,True,high,0.7027573585510254
213,2024-04,2026-03,wqp,wqp:21SC60WQ_WQX-S-131,test,2024-08,2024-09,1,0.703125,0.5909835663624108,0.8690928936004638,0.19028224166805385,True,high,0.617590606212616
214,2024-04,2026-03,wqp,wqp:21SC60WQ_WQX-S-024,test,2024-07,2024-08,1,0.6875,0.596204856177792,0.8450952768325805,0.18186077102069487,True,high,0.5729424357414246
215,2024-04,2026-03,wqp,wqp:DOEE-KNG02,test,2024-08,2024-09,1,0.6875,0.5798494373448193,0.838716349005699,0.1745149312171779,True,high,0.6820477843284607
216,2024-04,2026-03,wqp,wqp:21SC60WQ_WQX-S-022,test,2024-07,2024-08,1,0.6875,0.5734246373176575,0.8561228901147842,0.17325444525707065,True,high,0.520925760269165
217,2024-04,2026-03,wqp,wqp:DOEE-KNG01,test,2024-08,2024-09,1,0.6875,0.5645832293666899,0.7621956348419189,0.14062629369164487,True,high,0.6711292862892151
218,2024-04,2026-03,wqp,wqp:21FLSJWM_WQX-44154,test,2024-07,2024-08,1,0.671875,0.6332366277929395,0.9186456859111786,0.24354371153857682,True,high,0.7109559178352356
219,2024-04,2026-03,wqp,wqp:21FLSJWM_WQX-44192,test,2024-07,2024-08,1,0.671875,0.5913170163985342,0.823199126124382,0.17702581715471705,True,high,0.5204654932022095
220,2024-04,2026-03,wqp,wqp:21FLORAN_WQX-HB65,test,2024-06,2024-07,1,0.671875,0.577728470088914,0.8175071895122527,0.16553325268875152,True,high,0.5413857102394104
221,2024-04,2026-03,wqp,wqp:21SC60WQ_WQX-SV-236,test,2024-08,2024-09,1,0.671875,0.5526655790163204,0.7822775810956953,0.14115525845316682,True,high,0.5498318672180176
222,2024-04,2026-03,wqp,wqp:21FLKWAT_WQX-COL-ISLANDWALK-2,test,2024-06,2024-07,1,0.671875,0.5587329261470586,0.7757306456565857,0.14038732158764256,True,high,0.5400915741920471
223,2024-04,2026-03,wqp,wqp:CHOCNATWQX-TW2-001,test,2024-06,2024-07,1,0.65625,0.5819345640484244,0.8581141978502274,0.18478651012249292,True,high,0.492095947265625
224,2024-04,2026-03,wqp,wqp:21FLSFWM_WQX-17777,test,2024-06,2024-07,1,0.65625,0.57313965074718,0.846253153681755,0.17811013253492325,True,high,0.5519655346870422
225,2024-04,2026-03,wqp,wqp:21FLCBA_WQX-WAL-CAMPBELL-1,test,2024-06,2024-07,1,0.65625,0.5652894127415493,0.8090918779373169,0.16494095133778142,True,high,0.6999004483222961
226,2024-04,2026-03,wqp,wqp:21SC60WQ_WQX-CL-069,test,2024-06,2024-07,1,0.65625,0.5667593473917805,0.7912830322980879,0.1590564813490813,True,high,0.5123443007469177
227,2024-04,2026-03,wqp,wqp:21SC60WQ_WQX-S-279,test,2024-06,2024-07,1,0.65625,0.5399774751858786,0.7570747941732406,0.14155993509138304,True,high,0.5273342132568359
228,2024-04,2026-03,wqp,wqp:21FLMAIT_WQX-LAKE MINNEHAHA,test,2024-07,2024-08,1,0.65625,0.5323927744757384,0.7576980143785477,0.13008949671541714,True,high,0.5474396347999573
229,2024-04,2026-03,wqp,wqp:21FLKWAT_WQX-HIL-EAST-2,test,2024-07,2024-08,1,0.640625,0.5681152506731451,0.7704835057258606,0.14845761408947145,True,high,0.5323443412780762
230,2024-04,2026-03,wqp,wqp:21SC60WQ_WQX-S-280,test,2024-06,2024-07,1,0.640625,0.5349670854629949,0.7750939488410948,0.13430485268641806,True,high,0.4486578404903412
231,2024-04,2026-03,wqp,wqp:21FLCBA_WQX-WAL-EASTERN-1,test,2024-06,2024-07,1,0.625,0.5638473076978698,0.8333333134651184,0.1967657695281095,True,high,0.5914047360420227
232,2024-04,2026-03,wqp,wqp:21FLCBA_WQX-WAL-TRESCA-1,test,2024-08,2024-09,1,0.625,0.5503674247302115,0.791165030002594,0.15723820827141716,True,high,0.7375009655952454
233,2024-04,2026-03,wqp,wqp:21FLSJWM_WQX-44126,test,2024-08,2024-09,1,0.625,0.5709692765958607,0.7798260301351546,0.15009775718669058,True,high,0.5538986921310425
234,2024-04,2026-03,wqp,wqp:21FLSJWM_WQX-44158,test,2024-08,2024-09,1,0.609375,0.5388208326185122,0.827480015158653,0.1563385010459433,True,high,0.550000011920929
235,2024-04,2026-03,wqp,wqp:21SC60WQ_WQX-B-339,test,2024-08,2024-09,1,0.609375,0.5431687794625759,0.744225189089775,0.12938179684138723,True,high,0.5651500821113586
236,2024-04,2026-03,wqp,wqp:21FLORAN_WQX-HB68,test,2024-06,2024-07,1,0.59375,0.5634850359056145,0.8392418831586834,0.16210730867457226,True,high,0.558551549911499
237,2024-04,2026-03,wqp,wqp:21FLCBA_WQX-WAL-EASTERN-3,test,2024-06,2024-07,1,0.59375,0.5500309485942125,0.8115839272737503,0.1587466101070078,True,high,0.5685896873474121
238,2024-04,2026-03,wqp,wqp:21SC60WQ_WQX-CW-201,test,2024-06,2024-07,1,0.59375,0.5529360808432102,0.8234668374061583,0.15409335194814527,True,high,0.5212752223014832
239,2024-04,2026-03,wqp,wqp:21DELAWQ_WQX-301021,test,2024-05,2024-06,1,0.59375,0.5458438738714904,0.7829433023929595,0.13831905041029222,True,high,0.5106000900268555
240,2024-04,2026-03,wqp,wqp:21FLSJWM_WQX-44599,test,2024-07,2024-08,1,0.59375,0.5351965837180614,0.7501046389341354,0.12702250829458628,True,high,0.46964231133461
241,2024-04,2026-03,wqp,wqp:CHOCNATWQX-LNW-003,test,2024-04,2024-05,1,0.578125,0.5509357047267258,0.8333333134651184,0.17282082703372634,True,high,0.48283329606056213
242,2024-04,2026-03,wqp,wqp:21FLKWAT_WQX-SEM-CLEAR-1,test,2024-07,2024-08,1,0.578125,0.5391678512096405,0.7759594738483429,0.14480866606414688,True,high,0.5225468277931213
243,2024-04,2026-03,wqp,wqp:21FLORAN_WQX-HB53,test,2024-06,2024-07,1,0.578125,0.5176891125738621,0.7885459423065184,0.13245644061327716,True,high,0.4603703022003174
244,2024-04,2026-03,wqp,wqp:21SC60WQ_WQX-CW-174,test,2024-06,2024-07,1,0.5625,0.5387722759041935,0.8453542888164519,0.15375557234740916,True,high,0.5007407069206238
245,2024-04,2026-03,wqp,wqp:21FLKWAT_WQX-PUT-BROWARD-1,test,2024-05,2024-06,1,0.5625,0.513462400296703,0.8277679443359375,0.1417177633060302,True,high,0.5205684304237366
246,2024-04,2026-03,wqp,wqp:21FLKWAT_WQX-HIL-MAURINE-1,test,2024-07,2024-08,1,0.5625,0.536488922778517,0.7543537974357605,0.12995946489117244,True,high,0.5192556977272034
247,2024-04,2026-03,wqp,wqp:21FLKWAT_WQX-HIL-MAURINE-3,test,2024-07,2024-08,1,0.5625,0.5143216827418655,0.7585084408521652,0.1281205793209496,True,high,0.46181735396385193
248,2024-04,2026-03,wqp,wqp:21SC60WQ_WQX-LCR-02,test,2024-08,2024-09,1,0.5625,0.510543508338742,0.7355353474617004,0.11474576414496135,True,high,0.4684276580810547
249,2024-04,2026-03,wqp,wqp:21FLKWAT_WQX-HIL-MAURINE-2,test,2024-07,2024-08,1,0.546875,0.5199226427357644,0.7700275540351865,0.12713975361233226,True,high,0.4579755365848541
250,2024-04,2026-03,wqp,wqp:21FLMAIT_WQX-LAKE DESTINY,test,2024-07,2024-08,1,0.546875,0.4958785701310262,0.7256656914949416,0.1141056492187777,True,high,0.49788203835487366
251,2024-04,2026-03,wqp,wqp:21FLSEM_WQX-ML01,test,2024-07,2024-08,1,0.53125,0.5288967317901552,0.8855730146169662,0.18261096960698786,True,high,0.46945786476135254
252,2024-04,2026-03,wqp,wqp:CHOCNATWQX-SAR-003,test,2024-04,2024-05,1,0.53125,0.5118029909208417,0.8266674786806105,0.14173092076780297,True,high,0.44809046387672424
253,2024-04,2026-03,wqp,wqp:21FLMAIT_WQX-LAKE NINA,test,2024-07,2024-08,1,0.53125,0.5186765440739691,0.7805399507284164,0.12951250548856036,True,high,0.4669094979763031
254,2024-04,2026-03,wqp,wqp:21FLKWAT_WQX-HIL-JAMES-3,test,2024-06,2024-07,1,0.53125,0.5153489587828517,0.7744011878967284,0.11748249657192095,True,high,0.4141712188720703
255,2024-04,2026-03,wqp,wqp:21SC60WQ_WQX-SV-200,test,2024-06,2024-07,1,0.53125,0.5004344990011305,0.7292502880096434,0.11683175924176395,True,high,0.4073333442211151
256,2024-04,2026-03,wqp,wqp:21FLLCPC_WQX-HARRISLKWSH,test,2024-04,2024-05,1,0.53125,0.4995268761413172,0.7154439628124237,0.11093545808462693,True,high,0.4708682596683502
257,2024-04,2026-03,wqp,wqp:21FLKWAT_WQX-ORA-ROSE-3,test,2024-06,2024-07,1,0.515625,0.5275930988136679,0.8539512336254119,0.1471120069660687,True,high,0.4337199628353119
258,2024-04,2026-03,wqp,wqp:21SC60WQ_WQX-S-213,test,2024-06,2024-07,1,0.5,0.5253944407450035,0.7835764080286025,0.14029923454884127,True,elevated,0.455949068069458
259,2024-04,2026-03,wqp,wqp:21SC60WQ_WQX-SV-374,test,2024-08,2024-09,1,0.5,0.5110414372757077,0.7394355833530425,0.11294794232767857,True,elevated,0.5248035788536072
260,2024-04,2026-03,wqp,wqp:CHOCNATWQX-LNW-002,test,2024-04,2024-05,1,0.484375,0.508188305189833,0.748018804192543,0.13000447133592788,False,elevated,0.4403809607028961
261,2024-04,2026-03,wqp,wqp:CHOCNATWQX-LNW-001,test,2024-04,2024-05,1,0.484375,0.4981005748268217,0.7664408951997757,0.12040176381745292,False,elevated,0.4074476957321167
262,2024-04,2026-03,wqp,wqp:21FLORAN_WQX-HB55,test,2024-06,2024-07,1,0.484375,0.5005997417028993,0.7309706568717956,0.1160705400037614,False,elevated,0.5117831826210022
263,2024-04,2026-03,wqp,wqp:CHOCNATWQX-TW2-003,test,2024-06,2024-07,1,0.484375,0.5018994257552549,0.7526255279779434,0.1129421608633404,False,elevated,0.44583332538604736
264,2024-04,2026-03,wqp,wqp:21FLKWAT_WQX-IND-BLUE CYPR-1,test,2024-06,2024-07,1,0.484375,0.4744027000851929,0.6895262390375136,0.10852217724496577,False,elevated,0.40110036730766296
265,2024-04,2026-03,wqp,wqp:21FLKWAT_WQX-IND-BLUE CYPR-3,test,2024-06,2024-07,1,0.46875,0.5170896102208644,0.7500450134277343,0.122409792474367,False,elevated,0.5057292580604553
266,2024-04,2026-03,wqp,wqp:21SCSANT_WQX-SC-030,test,2024-07,2024-08,1,0.46875,0.4967750597279519,0.7769215822219848,0.1163633332784043,False,elevated,0.4179493188858032
267,2024-04,2026-03,wqp,wqp:21FLKWAT_WQX-HIL-JAMES-2,test,2024-06,2024-07,1,0.453125,0.49481721816118807,0.7460842728614806,0.11121826809202598,False,elevated,0.44656428694725037
268,2024-04,2026-03,wqp,wqp:CHOCNATWQX-TW2-002,test,2024-06,2024-07,1,0.453125,0.4789537808392197,0.7339861124753951,0.10743930034048522,False,elevated,0.4139196574687958
269,2024-04,2026-03,wqp,wqp:21SC60WQ_WQX-CL-041,test,2024-06,2024-07,1,0.453125,0.4779376301448792,0.7190807193517684,0.10528497263502289,False,elevated,0.38333332538604736
270,2024-04,2026-03,wqp,wqp:21SC60WQ_WQX-S-211,test,2024-06,2024-07,1,0.453125,0.4888818378094584,0.7200324416160583,0.104673139543461,False,elevated,0.4996119737625122
271,2024-04,2026-03,aquamatch_chla,aquamatch_chla:21VASWCB-3-RPP051.01,test,2024-04,2024-05,1,0.453125,0.47013421007432044,0.7583020955324166,0.10296980173581399,False,elevated,0.32981520891189575
272,2024-04,2026-03,wqp,wqp:21FLLCPC_WQX-MINNEOLAWFP,test,2024-05,2024-06,1,0.4375,0.422236733007594,0.8853444159030911,0.14192249788711528,False,elevated,0.4352381229400635
273,2024-04,2026-03,wqp,wqp:21FLKWAT_WQX-SEM-CLEAR-2,test,2024-07,2024-08,1,0.4375,0.49170080362819135,0.7205746769905088,0.10045174228250925,False,elevated,0.46781352162361145
274,2024-04,2026-03,wqp,wqp:21FLCBA_WQX-WAL-MORRIS-3,test,2024-06,2024-07,1,0.421875,0.4225949652027339,0.7313206046819687,0.1038736761436889,False,elevated,0.43298229575157166
275,2024-04,2026-03,wqp,wqp:21FLCBA_WQX-WAL-OYSTER-1,test,2024-06,2024-07,1,0.40625,0.45132030569948256,0.8054521560668946,0.12107860506293061,False,elevated,0.42135870456695557
276,2024-04,2026-03,wqp,wqp:21FLMAIT_WQX-HARVEST LAKE,test,2024-05,2024-06,1,0.40625,0.4263531709439121,0.6729874074459076,0.08287694953100563,False,elevated,0.37208104133605957
277,2024-04,2026-03,wqp,wqp:21FLCBA_WQX-WAL-OYSTER-2,test,2024-06,2024-07,1,0.390625,0.4748876253142953,0.662672883272171,0.095099547972925,False,elevated,0.4203747808933258
278,2024-04,2026-03,wqp,wqp:21FLMAIT_WQX-LAKE SHADOW,test,2024-07,2024-08,1,0.390625,0.4485801123082638,0.6832336008548736,0.09088342174167373,False,elevated,0.4094475209712982
279,2024-04,2026-03,wqp,wqp:21FLMAIT_WQX-PARK LAKE,test,2024-07,2024-08,1,0.390625,0.4291569488705136,0.6831860840320584,0.08089910098149947,False,elevated,0.3903738260269165
280,2024-04,2026-03,wqp,wqp:21FLCBA_WQX-WAL-MORRIS-1,test,2024-06,2024-07,1,0.375,0.43612863146699965,0.7999952048063278,0.11144316538154436,False,elevated,0.39438095688819885
281,2024-04,2026-03,wqp,wqp:21FLCBA_WQX-WAL-ERN NORTH-2,test,2024-04,2024-05,1,0.375,0.43620086688315496,0.7670050323009491,0.10850645220530535,False,elevated,0.37011608481407166
282,2024-04,2026-03,aquamatch_chla,aquamatch_chla:21VASWCB-2-JMS075.04,test,2024-04,2024-05,1,0.375,0.45292772841639817,0.6864921510219573,0.0888208527287136,False,elevated,0.28072503209114075
283,2024-04,2026-03,wqp,wqp:21FLORAN_WQX-HB70,test,2024-06,2024-07,1,0.375,0.4231812708894722,0.6814279496669767,0.0849297254854123,False,elevated,0.4196498692035675
284,2024-04,2026-03,wqp,wqp:21FLMAIT_WQX-LAKE MAITLAND,test,2024-07,2024-08,1,0.359375,0.4291079987306148,0.739008292555809,0.09156114255448934,False,elevated,0.3821154534816742
285,2024-04,2026-03,wqp,wqp:21FLMAIT_WQX-LAKE FAITH,test,2024-05,2024-06,1,0.359375,0.43375801836373284,0.737452384829521,0.09089149083355125,False,elevated,0.3472372591495514
286,2024-04,2026-03,wqp,wqp:21FLMAIT_WQX-LAKE LOVE,test,2024-05,2024-06,1,0.359375,0.4323630271246657,0.6737408578395843,0.07791443120963128,False,elevated,0.4137463867664337
287,2024-04,2026-03,wqp,wqp:USGS-02338720,test,2024-11,2024-12,1,0.34375,0.46920349751599133,0.7596449255943297,0.1020106995914403,False,elevated,0.6241798996925354
288,2024-04,2026-03,wqp,wqp:21AWIC-81,test,2024-08,2024-09,1,0.34375,0.45443680661264807,0.7303007602691647,0.09269872147712169,False,elevated,0.5019527077674866
289,2024-04,2026-03,wqp,wqp:21FLKWAT_WQX-HIL-JAMES-1,test,2024-06,2024-07,1,0.34375,0.4537429647753015,0.7380909174680709,0.09103520852782837,False,elevated,0.4141712188720703
290,2024-04,2026-03,wqp,wqp:21FLSJWM_WQX-45143,test,2024-06,2024-07,1,0.34375,0.43964950111694634,0.7469751417636868,0.08960132868371896,False,elevated,0.33524656295776367
291,2024-04,2026-03,wqp,wqp:21SC60WQ_WQX-SV-361,test,2024-06,2024-07,1,0.34375,0.46881554112769663,0.6694494307041167,0.08937575545386302,False,elevated,0.38333332538604736
292,2024-04,2026-03,aquamatch_chla,aquamatch_chla:21VASWCB-2-JMS074.44,test,2024-04,2024-05,1,0.34375,0.4611750985495746,0.6724566876888275,0.088864323979363,False,elevated,0.3685215413570404
293,2024-04,2026-03,wqp,wqp:21FLKWAT_WQX-HIG-REDBEACH-1,test,2024-06,2024-07,1,0.34375,0.4318905806867406,0.6748719334602356,0.0826374191971277,False,elevated,0.4486362040042877
294,2024-04,2026-03,wqp,wqp:21SC60WQ_WQX-SV-338,test,2024-06,2024-07,1,0.34375,0.4383095239754766,0.6483399093151092,0.08149073618250127,False,elevated,0.38333332538604736
295,2024-04,2026-03,wqp,wqp:21FLMAIT_WQX-LAKE LILY,test,2024-07,2024-08,1,0.328125,0.42145549022825435,0.6524077832698821,0.08322419077922172,False,elevated,0.3199399411678314
296,2024-04,2026-03,wqp,wqp:21FLMAIT_WQX-LAKE HOPE,test,2024-07,2024-08,1,0.328125,0.4040765444515273,0.6974789917469023,0.0796948926040387,False,elevated,0.4223569929599762
297,2024-04,2026-03,wqp,wqp:21FLCBA_WQX-WAL-TRESCA-2,test,2024-08,2024-09,1,0.328125,0.4117389142047614,0.6772859036922454,0.07710474758019777,False,elevated,0.47537103295326233
298,2024-04,2026-03,wqp,wqp:21FLMAIT_WQX-LAKE LOCH LOMOND,test,2024-07,2024-08,1,0.328125,0.40912648232188076,0.6387939363718033,0.07330996672303516,False,elevated,0.38284191489219666
299,2024-04,2026-03,wqp,wqp:21FLCBA_WQX-WAL-WESTERNN-2,test,2024-07,2024-08,1,0.3125,0.40275009849574417,0.7621864587068556,0.09664440646048153,False,elevated,0.3290039002895355
300,2024-04,2026-03,aquamatch_chla,aquamatch_chla:21VASWCB-3-RPP042.12,test,2024-04,2024-05,1,0.3125,0.4364261175505817,0.6387154579162597,0.07743906882957283,False,elevated,0.42363372445106506
301,2024-04,2026-03,wqp,wqp:21FLCBA_WQX-WAL-DRAPER-1,test,2024-07,2024-08,1,0.3125,0.4087059358425904,0.6984840512275695,0.07728750543127895,False,elevated,0.38708898425102234
302,2024-04,2026-03,wqp,wqp:21FLKWAT_WQX-HIG-REDBEACH-2,test,2024-06,2024-07,1,0.3125,0.40218838793225586,0.6476111829280851,0.0738821154521409,False,elevated,0.33858418464660645
303,2024-04,2026-03,wqp,wqp:21FLKWAT_WQX-OSC-CENTER-2,test,2024-06,2024-07,1,0.3125,0.42369354027323425,0.5730083674192429,0.06977671161622198,False,elevated,0.34437093138694763
304,2024-04,2026-03,wqp,wqp:CHOCNATWQX-SAR-002,test,2024-04,2024-05,1,0.296875,0.4229675568640232,0.7297514677047726,0.08245543739014156,False,elevated,0.38019314408302307
305,2024-04,2026-03,wqp,wqp:21SC60WQ_WQX-SV-363,test,2024-06,2024-07,1,0.296875,0.43564126605633646,0.7167200565338134,0.08143901983183698,False,elevated,0.3086666762828827
306,2024-04,2026-03,wqp,wqp:21FLCBA_WQX-WAL-CAMPBELL-2,test,2024-06,2024-07,1,0.296875,0.37375479738693684,0.6992678076028823,0.0783525213888565,False,elevated,0.3508213460445404
307,2024-04,2026-03,wqp,wqp:21FLKWAT_WQX-VOL-WATERFORD-1,test,2024-06,2024-07,1,0.296875,0.40233063336927444,0.7126420885324476,0.07462173933025651,False,elevated,0.22664622962474823
308,2024-04,2026-03,wqp,wqp:21FLKWAT_WQX-ALA-SANTAFEPC-1,test,2024-06,2024-07,1,0.296875,0.40116829983890057,0.6777392625808712,0.07298357849190903,False,elevated,0.4270372688770294
309,2024-04,2026-03,wqp,wqp:21FLMAIT_WQX-HUNGERFORD LAKE,test,2024-07,2024-08,1,0.28125,0.3777794187772088,0.7460088193416594,0.0809248655289959,False,elevated,0.2981624901294708
310,2024-04,2026-03,wqp,wqp:21FLCBA_WQX-WAL-CAMPBELL-3,test,2024-06,2024-07,1,0.28125,0.3900551393744536,0.6612383484840393,0.0750705370307353,False,elevated,0.38404902815818787
311,2024-04,2026-03,wqp,wqp:21FLCBA_WQX-WAL-GRAYTON-2,test,2024-06,2024-07,1,0.265625,0.4291371264262125,0.743943905830383,0.09106880436144216,False,elevated,0.5207826495170593
312,2024-04,2026-03,wqp,wqp:21FLCBA_WQX-WAL-ERN NORTH-3,test,2024-04,2024-05,1,0.265625,0.40760834340471774,0.6801522821187972,0.07484266225342084,False,elevated,0.38064953684806824
313,2024-04,2026-03,wqp,wqp:21FLCBA_WQX-WAL-LITTLERE-2,test,2024-07,2024-08,1,0.25,0.368889820529148,0.7030827283859252,0.07623644445709643,False,watch,0.3235386610031128
314,2024-04,2026-03,wqp,wqp:21VASWCB-8-NAR048.61,test,2024-06,2024-07,1,0.25,0.404074306054099,0.6851558864116669,0.07284994350172772,False,watch,0.3454166650772095
315,2024-04,2026-03,wqp,wqp:21SC60WQ_WQX-SV-372,test,2026-02,2026-03,1,0.25,0.38877388928085566,0.6232628881931304,0.0694245155857739,False,watch,0.16685183346271515
316,2024-04,2026-03,wqp,wqp:21FLCBA_WQX-WAL-WESTERNN-1,test,2024-07,2024-08,1,0.25,0.35823345884273294,0.7205827891826629,0.06745877755811436,False,watch,0.2876266539096832
317,2024-04,2026-03,wqp,wqp:21FLKWAT_WQX-ALA-SANTAFBAR-1,test,2024-06,2024-07,1,0.25,0.39888500852975994,0.6301479041576384,0.06704209495209028,False,watch,0.37274909019470215
318,2024-04,2026-03,wqp,wqp:21FLKWAT_WQX-HIL-SILVER-2,test,2024-06,2024-07,1,0.25,0.35241693165153265,0.6097291737794875,0.05762292429845296,False,watch,0.2640773057937622
319,2024-04,2026-03,wqp,wqp:21FLCBA_WQX-WAL-DEER-1,test,2024-07,2024-08,1,0.234375,0.35210692731197923,0.8191121160984037,0.09679080274294323,False,watch,0.16974012553691864
320,2024-04,2026-03,wqp,wqp:21FLMAIT_WQX-LAKE EULALIA,test,2024-07,2024-08,1,0.234375,0.40026006870903075,0.7537596106529236,0.07972366452156263,False,watch,0.34677770733833313
321,2024-04,2026-03,wqp,wqp:21FLCBA_WQX-WAL-ALLIGATOR-3,test,2024-07,2024-08,1,0.234375,0.3604754338157363,0.6999184131622314,0.07687384910447176,False,watch,0.33453360199928284
322,2024-04,2026-03,wqp,wqp:21FLKWAT_WQX-OSC-CENTER-3,test,2024-06,2024-07,1,0.234375,0.3977426418568939,0.6819724082946775,0.06819834356905136,False,watch,0.27575233578681946
323,2024-04,2026-03,wqp,wqp:21SC60WQ_WQX-SV-340,test,2024-08,2024-09,1,0.234375,0.3866995635908097,0.6238696843385694,0.061503550984060934,False,watch,0.38333332538604736
324,2024-04,2026-03,wqp,wqp:21SC60WQ_WQX-SV-098,test,2024-07,2024-08,1,0.234375,0.376214106567204,0.601731812953949,0.06097776382336956,False,watch,0.29334795475006104
325,2024-04,2026-03,wqp,wqp:21FLCBA_WQX-WAL-ERN NORTH-1,test,2024-04,2024-05,1,0.234375,0.3485894904297311,0.6191765040159225,0.05780816526709079,False,watch,0.3669290244579315
326,2024-04,2026-03,wqp,wqp:21FLKWAT_WQX-BRE-WASHINGT-3,test,2024-06,2024-07,1,0.21875,0.37934041675180197,0.5958978325128554,0.06632776259819236,False,watch,0.22422285377979279
327,2024-04,2026-03,wqp,wqp:21FLKWAT_WQX-HIG-REDBEACH-3,test,2024-06,2024-07,1,0.21875,0.3800313612446189,0.6179299503564831,0.0644175797653998,False,watch,0.32317814230918884
328,2024-04,2026-03,wqp,wqp:21FLMAIT_WQX-LAKE LUCIEN,test,2024-07,2024-08,1,0.21875,0.3549927932326682,0.6358449101448058,0.06198127681145063,False,watch,0.26234325766563416
329,2024-04,2026-03,aquamatch_chla,aquamatch_chla:21VASWCB-2-APP001.53,test,2024-04,2024-05,1,0.203125,0.36372154019773006,0.590434792637825,0.05737986152130401,False,watch,0.1666666716337204
330,2024-04,2026-03,wqp,wqp:21FLKWAT_WQX-BRE-WASHINGT-1,test,2024-06,2024-07,1,0.203125,0.36550959572196007,0.6107603937387464,0.0562896447842714,False,watch,0.2175842523574829
331,2024-04,2026-03,wqp,wqp:21FLORAN_WQX-HB66,test,2024-06,2024-07,1,0.1875,0.3339977187279146,0.7709363639354703,0.07425972750081733,False,watch,0.27522286772727966
332,2024-04,2026-03,wqp,wqp:CHOCNATWQX-SAR-001,test,2024-04,2024-05,1,0.1875,0.38808132091071457,0.6507499247789381,0.07390676507387096,False,watch,0.3662292957305908
333,2024-04,2026-03,wqp,wqp:21FLMAIT_WQX-LAKE CHARITY,test,2024-07,2024-08,1,0.1875,0.36097079719183967,0.6434100687503814,0.06138780433816845,False,watch,0.33964213728904724
334,2024-04,2026-03,wqp,wqp:21FLKWAT_WQX-HIL-SILVER-1,test,2024-06,2024-07,1,0.1875,0.3893622695468366,0.6024697154760359,0.061007968740526095,False,watch,0.2640422284603119
335,2024-04,2026-03,wqp,wqp:USGS-380924121301901,test,2024-08,2024-09,1,0.1875,0.3546221045544371,0.6472918510437011,0.060098380800832095,False,watch,0.21650944650173187
336,2024-04,2026-03,wqp,wqp:21FLCBA_WQX-WAL-EASTERN-2,test,2024-06,2024-07,1,0.1875,0.33265272065182216,0.6882983684539794,0.059317162765845345,False,watch,0.25057604908943176
337,2024-04,2026-03,wqp,wqp:21FLCBA_WQX-WAL-GRAYTON-1,test,2024-06,2024-07,1,0.1875,0.3668328436324373,0.6180529326200481,0.05850776030672904,False,watch,0.3495141267776489
338,2024-04,2026-03,wqp,wqp:21FLORAN_WQX-LE53,test,2024-06,2024-07,1,0.1875,0.3643503608764149,0.5799608707427978,0.05801827632627135,False,watch,0.3292228579521179
339,2024-04,2026-03,wqp,wqp:21FLCBA_WQX-WAL-ALLIGATOR-4,test,2024-07,2024-08,1,0.1875,0.30982979337568395,0.6317389577627179,0.056580688396086265,False,watch,0.12677189707756042
340,2024-04,2026-03,wqp,wqp:21FLCBA_WQX-WAL-WESTERNN-3,test,2024-07,2024-08,1,0.1875,0.336138514772756,0.5987315028905867,0.05644818238012375,False,watch,0.2811611592769623
341,2024-04,2026-03,wqp,wqp:21FLKWAT_WQX-VOL-NORTHTAL-3,test,2024-06,2024-07,1,0.1875,0.3557128668180667,0.5867440849542618,0.05538280411287656,False,watch,0.2212887406349182
342,2024-04,2026-03,wqp,wqp:21FLMAIT_WQX-LAKE JACKSON,test,2024-07,2024-08,1,0.1875,0.32678282707638573,0.615993586182594,0.0519502196159784,False,watch,0.262893944978714
343,2024-04,2026-03,wqp,wqp:21FLKWAT_WQX-OSC-CENTER-1,test,2024-06,2024-07,1,0.171875,0.40987628512084484,0.6473112434148787,0.0719273108020873,False,watch,0.34919917583465576
344,2024-04,2026-03,wqp,wqp:21FLKWAT_WQX-HIL-HOGISLAN-1,test,2024-06,2024-07,1,0.171875,0.3632102331612259,0.6051115155220032,0.05507775576941562,False,watch,0.3225536346435547
345,2024-04,2026-03,wqp,wqp:21FLKWAT_WQX-COL-ISLANDWALK-3,test,2024-06,2024-07,1,0.15625,0.3798044202849269,0.637539541721344,0.06157722294011575,False,watch,0.20949684083461761
346,2024-04,2026-03,wqp,wqp:21FLKWAT_WQX-VOL-NORTHTAL-1,test,2024-06,2024-07,1,0.15625,0.35917489416897297,0.5734092503786087,0.05400683202976119,False,watch,0.3432537615299225
347,2024-04,2026-03,wqp,wqp:21FLCBA_WQX-WAL-DEER-3,test,2024-07,2024-08,1,0.15625,0.33146775962086394,0.6081031143665313,0.05285622460349744,False,watch,0.25055304169654846
348,2024-04,2026-03,wqp,wqp:21SC60WQ_WQX-PD-327,test,2024-06,2024-07,1,0.15625,0.3428186745150015,0.576266911625862,0.052061870900208376,False,watch,0.22014372050762177
349,2024-04,2026-03,wqp,wqp:21FLKWAT_WQX-HIL-SILVER-3,test,2024-06,2024-07,1,0.15625,0.32533941249130294,0.5748291313648224,0.04931461886220059,False,watch,0.21231508255004883
350,2024-04,2026-03,wqp,wqp:21FLKWAT_WQX-HIL-HOGISLAN-2,test,2024-06,2024-07,1,0.140625,0.35021669906564057,0.6044709444046019,0.054921121298291464,False,watch,0.32237765192985535
351,2024-04,2026-03,wqp,wqp:21FLCBA_WQX-WAL-DRAPER-3,test,2024-07,2024-08,1,0.140625,0.29303503574919887,0.6233044058084487,0.04927022134679793,False,watch,0.2057950496673584
352,2024-04,2026-03,wqp,wqp:21FLMAIT_WQX-LAKE CATHERINE,test,2024-07,2024-08,1,0.140625,0.308497202466242,0.6105837821960448,0.048361814381234394,False,watch,0.25416696071624756
353,2024-04,2026-03,wqp,wqp:21FLCBA_WQX-WAL-CAMPCREE-2,test,2024-08,2024-09,1,0.140625,0.26331300748461217,0.5611550241708754,0.0388487039429954,False,watch,0.11447466164827347
354,2024-04,2026-03,wqp,wqp:21FLKWAT_WQX-HIL-ISLANDFO-3,test,2024-08,2024-09,1,0.140625,0.26544542485498823,0.5402405470609664,0.03847368231126474,False,watch,0.2352653294801712
355,2024-04,2026-03,wqp,wqp:21FLKWAT_WQX-OSC-COON-1,test,2024-06,2024-07,1,0.125,0.37062389706261456,0.5841403931379316,0.05413221072333038,False,watch,0.25235024094581604
356,2024-04,2026-03,wqp,wqp:21FLKWAT_WQX-OSC-FISH-1,test,2024-06,2024-07,1,0.125,0.36857383919414133,0.5805207669734953,0.05388334034765888,False,watch,0.1799362748861313
357,2024-04,2026-03,wqp,wqp:21FLKWAT_WQX-BRE-WASHINGT-2,test,2024-06,2024-07,1,0.125,0.3527752652298659,0.6054159045219419,0.052366736923827005,False,watch,0.2778843939304352
358,2024-04,2026-03,aquamatch_chla,aquamatch_chla:21VASWCB-2-JMS087.01,test,2024-04,2024-05,1,0.125,0.3552911840379238,0.5921325266361237,0.052092911848470924,False,watch,0.18111176788806915
359,2024-04,2026-03,wqp,wqp:21FLMAIT_WQX-LAKE SYBELIA,test,2024-07,2024-08,1,0.125,0.2911741927382536,0.608673918247223,0.05030100873818584,False,watch,0.23078672587871552
360,2024-04,2026-03,wqp,wqp:21FLCBA_WQX-WAL-ALLIGATOR-1,test,2024-07,2024-08,1,0.125,0.31771748555183876,0.5657301723957062,0.04996705816999976,False,watch,0.22405683994293213
361,2024-04,2026-03,wqp,wqp:21FLKWAT_WQX-OSC-COON-2,test,2024-06,2024-07,1,0.125,0.33887005504220724,0.5439295917749405,0.049025175023633336,False,watch,0.2557760179042816
362,2024-04,2026-03,wqp,wqp:21FLKWAT_WQX-OSC-FISH-3,test,2024-06,2024-07,1,0.125,0.335082917008549,0.5573464035987852,0.048754066416385036,False,watch,0.13879458606243134
363,2024-04,2026-03,wqp,wqp:21FLCBA_WQX-WAL-CAMPCREE-3,test,2024-08,2024-09,1,0.125,0.27289776131510735,0.5588701546192167,0.04441648885842487,False,watch,0.17257392406463623
364,2024-04,2026-03,wqp,wqp:21FLKWAT_WQX-PAS-JOVITA-1,test,2024-06,2024-07,1,0.125,0.30138608254492283,0.5293891549110412,0.041310200616304575,False,watch,0.1453755497932434
365,2024-04,2026-03,wqp,wqp:21FLKWAT_WQX-PUT-BROWARD-3,test,2024-05,2024-06,1,0.125,0.28375208328361623,0.5307734280824661,0.0391257870507416,False,watch,0.2491896003484726
366,2024-04,2026-03,wqp,wqp:21FLKWAT_WQX-VOL-NORTHTAL-2,test,2024-06,2024-07,1,0.109375,0.3449723697267473,0.5350842297077179,0.0525461137613852,False,watch,0.29581212997436523
367,2024-04,2026-03,wqp,wqp:21SC60WQ_WQX-SV-357,test,2024-07,2024-08,1,0.109375,0.33415268105454743,0.5624978959560394,0.048718807015208185,False,watch,0.19494317471981049
368,2024-04,2026-03,wqp,wqp:21FLCBA_WQX-WAL-ALLIGATOR-2,test,2024-07,2024-08,1,0.109375,0.30655001415289007,0.5578903913497923,0.04510039705932277,False,watch,0.20613014698028564
369,2024-04,2026-03,wqp,wqp:21FLKWAT_WQX-HIG-GRASSY-3,test,2024-04,2024-05,1,0.09375,0.3494214531965554,0.5383577823638915,0.053876952735967126,False,very_low,0.22794204950332642
370,2024-04,2026-03,wqp,wqp:21FLKWAT_WQX-SEM-CLEAR-3,test,2024-07,2024-08,1,0.09375,0.34278971643652767,0.5877175420522688,0.049796853638642086,False,very_low,0.24965234100818634
371,2024-04,2026-03,wqp,wqp:21FLKWAT_WQX-HIL-HOGISLAN-4,test,2024-06,2024-07,1,0.09375,0.32042743649799377,0.5616366863250732,0.046448499246697174,False,very_low,0.23551952838897705
372,2024-04,2026-03,wqp,wqp:21FLCBA_WQX-WAL-CAMPCREE-1,test,2024-07,2024-08,1,0.09375,0.2931071469865856,0.5235148966312407,0.04126766280108862,False,very_low,0.16888666152954102
373,2024-04,2026-03,wqp,wqp:21FLCBA_WQX-WAL-DRAPER-2,test,2024-07,2024-08,1,0.09375,0.2533584517368581,0.6209818452596663,0.03843120910470112,False,very_low,0.19041065871715546
374,2024-04,2026-03,wqp,wqp:USGS-01670209,test,2024-11,2024-12,1,0.09375,0.2679528533190023,0.5391305118799209,0.03820442349939018,False,very_low,0.34640756249427795
375,2024-04,2026-03,wqp,wqp:21FLKWAT_WQX-BAY-DEERPOIN-3,test,2024-08,2024-09,1,0.09375,0.24379769145616592,0.5909275233745575,0.036400367615964664,False,very_low,0.08620800822973251
376,2024-04,2026-03,wqp,wqp:USGS-01670144,test,2024-11,2024-12,1,0.09375,0.21925008448715744,0.5574920803308486,0.035639186759387216,False,very_low,0.1821901649236679
377,2024-04,2026-03,wqp,wqp:21FLKWAT_WQX-CLA-JOHNSON-1,test,2024-04,2024-05,1,0.09375,0.23055112102883868,0.5845698714256286,0.03269669441958806,False,very_low,0.06626430153846741
378,2024-04,2026-03,wqp,wqp:21FLKWAT_WQX-CLA-LITTLEJO-1,test,2024-04,2024-05,1,0.09375,0.23311366670532152,0.5365324914455413,0.031939413252389214,False,very_low,0.11865481734275818
379,2024-04,2026-03,wqp,wqp:21FLKWAT_WQX-HIL-HOGISLAN-3,test,2024-06,2024-07,1,0.078125,0.31939774577040225,0.5355649411678312,0.04476576780941496,False,very_low,0.2563796043395996
380,2024-04,2026-03,wqp,wqp:21FLKWAT_WQX-PIN-BELLEVUE-1,test,2024-06,2024-07,1,0.078125,0.3247951911762357,0.5123045682907104,0.04267695884240401,False,very_low,0.18173332512378693
381,2024-04,2026-03,wqp,wqp:21FLKWAT_WQX-SEM-WEKIVA-1,test,2024-06,2024-07,1,0.078125,0.3028144945856184,0.538570526242256,0.0410590160550551,False,very_low,0.20205332338809967
382,2024-04,2026-03,wqp,wqp:21FLKWAT_WQX-ALA-LITTLESA-3,test,2024-06,2024-07,1,0.078125,0.27936666482128203,0.5791345268487929,0.03981760412492452,False,very_low,0.2051602602005005
383,2024-04,2026-03,wqp,wqp:21FLKWAT_WQX-PAS-JOVITA-2,test,2024-06,2024-07,1,0.078125,0.28735239896923304,0.5264269679784773,0.03959537871364157,False,very_low,0.15879082679748535
384,2024-04,2026-03,aquamatch_chla,aquamatch_chla:21VASWCB-3-RPP113.37,test,2024-04,2024-05,1,0.078125,0.29657664615660906,0.5289258331060408,0.03825004761577926,False,very_low,0.38650885224342346
385,2024-04,2026-03,wqp,wqp:21SC60WQ_WQX-SV-336,test,2024-06,2024-07,1,0.078125,0.2686732760630548,0.5045834183692932,0.03594293811688674,False,very_low,0.0833333358168602
386,2024-04,2026-03,wqp,wqp:21FLKWAT_WQX-HIG-GRASSY-2,test,2024-04,2024-05,1,0.078125,0.2689047686289996,0.5033924758434296,0.035889622663333315,False,very_low,0.14113950729370117
387,2024-04,2026-03,wqp,wqp:21FLKWAT_WQX-OSC-COON-3,test,2024-06,2024-07,1,0.0625,0.3286543693393469,0.4996250182390213,0.04309763674037183,False,very_low,0.2556919455528259
388,2024-04,2026-03,wqp,wqp:21SC60WQ_WQX-SV-335,test,2024-06,2024-07,1,0.0625,0.31277754507027566,0.5027398690581322,0.0417164338925766,False,very_low,0.0833333358168602
389,2024-04,2026-03,aquamatch_chla,aquamatch_chla:21VASWCB-2-JMS157.28,test,2024-05,2024-06,1,0.0625,0.308600073447451,0.5042383894324302,0.04018875114893634,False,very_low,0.4182088375091553
390,2024-04,2026-03,wqp,wqp:21FLKWAT_WQX-PAS-JOVITA-3,test,2024-06,2024-07,1,0.0625,0.30050021631177515,0.5112391814589499,0.03877875812304036,False,very_low,0.17684097588062286
391,2024-04,2026-03,wqp,wqp:21FLKWAT_WQX-ALA-SANTAFECM-1,test,2024-06,2024-07,1,0.0625,0.2909171022474766,0.5005830481648443,0.037902583707077886,False,very_low,0.2555202543735504
392,2024-04,2026-03,wqp,wqp:21FLKWAT_WQX-ALA-LITTLESA-1,test,2024-06,2024-07,1,0.0625,0.27782280556857586,0.5004748627543449,0.036039305238861855,False,very_low,0.19754648208618164
393,2024-04,2026-03,wqp,wqp:21FLKWAT_WQX-PIN-BELLEVUE-2,test,2024-06,2024-07,1,0.0625,0.2637742829974741,0.5298312768340109,0.035288960583482916,False,very_low,0.13298648595809937
394,2024-04,2026-03,wqp,wqp:21FLCBA_WQX-WAL-DEER-2,test,2024-07,2024-08,1,0.0625,0.2410798038035864,0.5509534165263172,0.03430208914106086,False,very_low,0.16678567230701447
395,2024-04,2026-03,wqp,wqp:21FLKWAT_WQX-ALA-LITTLESA-2,test,2024-06,2024-07,1,0.0625,0.25627417099894956,0.5011100813746449,0.03188446107106209,False,very_low,0.20251552760601044
396,2024-04,2026-03,wqp,wqp:21FLKWAT_WQX-HIG-GRASSY-1,test,2024-04,2024-05,1,0.0625,0.24253217136720195,0.5012592941522598,0.031593329430989754,False,very_low,0.09853988885879517
397,2024-04,2026-03,wqp,wqp:21FLKWAT_WQX-HIL-ISLANDFO-2,test,2024-08,2024-09,1,0.0625,0.20832310088371742,0.5019635051488875,0.026642581933927396,False,very_low,0.1403905153274536
398,2024-04,2026-03,wqp,wqp:21FLKWAT_WQX-SEM-SILVER-1,test,2024-07,2024-08,1,0.046875,0.27622743835672736,0.4946188792586326,0.03650173241978849,False,very_low,0.11680451035499573
399,2024-04,2026-03,wqp,wqp:21FLKWAT_WQX-HIL-WESTMD3-2,test,2024-06,2024-07,1,0.046875,0.2704229620285332,0.4782086417078972,0.035689682716744595,False,very_low,0.20179526507854462
400,2024-04,2026-03,wqp,wqp:21FLKWAT_WQX-HIL-ISLANDFO-1,test,2024-08,2024-09,1,0.046875,0.26960150443483144,0.4958940625190734,0.034281603827555227,False,very_low,0.16547733545303345
401,2024-04,2026-03,wqp,wqp:21FLKWAT_WQX-HIL-PINE-3,test,2024-06,2024-07,1,0.046875,0.23095282615395263,0.4926885962486265,0.03056651184242464,False,very_low,0.14816085994243622
402,2024-04,2026-03,aquamatch_chla,aquamatch_chla:CCU_EQL-6 HG,test,2024-04,2024-05,1,0.046875,0.2382277708966285,0.4827428564429279,0.02928348347858513,False,very_low,0.1666666716337204
403,2024-04,2026-03,wqp,wqp:21FLKWAT_WQX-CLA-JOHNSON-2,test,2024-04,2024-05,1,0.046875,0.22742495639249682,0.4854930847883223,0.02809247415535947,False,very_low,0.14412711560726166
404,2024-04,2026-03,wqp,wqp:21FLKWAT_WQX-SEM-CRYSTALB-2,test,2024-07,2024-08,1,0.046875,0.1961687321017962,0.45630407035350795,0.027176467160049466,False,very_low,0.11071332544088364
405,2024-04,2026-03,wqp,wqp:21FLKWAT_WQX-HIL-WESTMD-2,test,2024-06,2024-07,1,0.046875,0.22834877864806913,0.4388525351881981,0.026831018084998066,False,very_low,0.11151906102895737
406,2024-04,2026-03,wqp,wqp:21FLKWAT_WQX-ALA-MELROSEB-3,test,2024-06,2024-07,1,0.046875,0.21993940681568347,0.4897155746817586,0.02622937265700355,False,very_low,0.14255325496196747
407,2024-04,2026-03,wqp,wqp:21FLKWAT_WQX-BAY-DEERPOIN-1,test,2024-08,2024-09,1,0.046875,0.206299880917868,0.48363732248544666,0.025344306326282387,False,very_low,0.12411125749349594
408,2024-04,2026-03,wqp,wqp:21FLKWAT_WQX-HIG-ANNIE-1,test,2024-06,2024-07,1,0.046875,0.18464580194631708,0.4676204487681386,0.022759251746685888,False,very_low,0.0768076702952385
409,2024-04,2026-03,wqp,wqp:21FLKWAT_WQX-HIL-ELIZABETH-1,test,2024-06,2024-07,1,0.046875,0.17379867732233834,0.4235229253768918,0.021577454806134162,False,very_low,0.03184216096997261
410,2024-04,2026-03,wqp,wqp:21FLKWAT_WQX-ALA-MELROSEB-2,test,2024-06,2024-07,1,0.046875,0.1744886128581129,0.4381465747952461,0.02044215658569075,False,very_low,0.0739588513970375
411,2024-04,2026-03,aquamatch_chla,aquamatch_chla:21VASWCB-8-MPN029.08,test,2024-04,2024-05,1,0.03125,0.27286270540207624,0.46221433281898483,0.03309837771819909,False,very_low,0.1666666716337204
412,2024-04,2026-03,aquamatch_chla,aquamatch_chla:21VASWCB-8-MPN004.39,test,2024-04,2024-05,1,0.03125,0.26699767797254026,0.4681031271815299,0.033090491638060784,False,very_low,0.1666666716337204
413,2024-04,2026-03,wqp,wqp:21FLKWAT_WQX-HIL-PINE-2,test,2024-06,2024-07,1,0.03125,0.24591773393331096,0.43416007608175267,0.030318596918947914,False,very_low,0.15334995090961456
414,2024-04,2026-03,wqp,wqp:21FLKWAT_WQX-SEM-WEKIVA-2,test,2024-06,2024-07,1,0.03125,0.24068012740463018,0.46067603826522824,0.029081494597135073,False,very_low,0.14109332859516144
415,2024-04,2026-03,aquamatch_chla,aquamatch_chla:21VASWCB-2-JMS113.20,test,2024-05,2024-06,1,0.03125,0.23714216332882643,0.43437564373016346,0.027900951957162027,False,very_low,0.17898011207580566
416,2024-04,2026-03,aquamatch_chla,aquamatch_chla:CCU_EQL-2 H9,test,2024-04,2024-05,1,0.03125,0.23502193484455347,0.41218850761651993,0.02692309453236469,False,very_low,0.1666666716337204
417,2024-04,2026-03,wqp,wqp:21FLKWAT_WQX-HIL-OSCEOLA-3,test,2024-06,2024-07,1,0.03125,0.2115418142057024,0.4211687386035919,0.024294844249816185,False,very_low,0.10310343652963638
418,2024-04,2026-03,wqp,wqp:21FLKWAT_WQX-HIL-OSCEOLA-2,test,2024-06,2024-07,1,0.03125,0.21488862088881433,0.43241482824087113,0.023637196868481578,False,very_low,0.08290427923202515
419,2024-04,2026-03,wqp,wqp:USGS-016702576,test,2024-11,2024-12,1,0.03125,0.18944345217460068,0.4648784577846527,0.023133384713120236,False,very_low,0.13537690043449402
420,2024-04,2026-03,wqp,wqp:21FLKWAT_WQX-SEM-SILVER-3,test,2024-07,2024-08,1,0.03125,0.1868307211843785,0.4439574465155598,0.021915875281067435,False,very_low,0.08899929374456406
421,2024-04,2026-03,wqp,wqp:21FLKWAT_WQX-CLA-SHEELAR-3,test,2024-04,2024-05,1,0.03125,0.1488899970863713,0.3687683656811712,0.017762212638009738,False,very_low,0.0
422,2024-04,2026-03,wqp,wqp:21FLKWAT_WQX-ORA-FAIRVIEW-3,test,2024-06,2024-07,1,0.03125,0.13185396321932785,0.3366007193922996,0.014281033964554412,False,very_low,0.01646934077143669
423,2024-04,2026-03,wqp,wqp:21FLKWAT_WQX-HIL-WESTMD3-1,test,2024-06,2024-07,1,0.015625,0.28051393502391875,0.487927448749542,0.0363427972499416,False,very_low,0.1783071756362915
424,2024-04,2026-03,wqp,wqp:21FLKWAT_WQX-PIN-BELLEVUE-3,test,2024-06,2024-07,1,0.015625,0.2510641458502505,0.4848862051963806,0.03105546320397035,False,very_low,0.13203799724578857
425,2024-04,2026-03,wqp,wqp:21SC60WQ_WQX-CL-019,test,2024-06,2024-07,1,0.015625,0.2592035949928686,0.44076615869998925,0.030396972517471473,False,very_low,0.0833333358168602
426,2024-04,2026-03,wqp,wqp:SANDIAWQ_WQX-SL#3,test,2026-03,2026-04,1,0.015625,0.2508376366458833,0.43063569217920294,0.030215489093683136,False,very_low,0.09409722685813904
427,2024-04,2026-03,wqp,wqp:SANDIAWQ_WQX-SL#2,test,2026-03,2026-04,1,0.015625,0.2516977678751573,0.44164539724588386,0.030020376847944584,False,very_low,0.0833333358168602
428,2024-04,2026-03,wqp,wqp:SANDIAWQ_WQX-SL#1,test,2026-03,2026-04,1,0.015625,0.24269979004748166,0.4429985433816908,0.029574550234963075,False,very_low,0.0833333358168602
429,2024-04,2026-03,aquamatch_chla,aquamatch_chla:21VASWCB-2-JMS104.16,test,2024-04,2024-05,1,0.015625,0.2399859894067049,0.4341706186532973,0.027960939401941665,False,very_low,0.1666666716337204
430,2024-04,2026-03,wqp,wqp:21FLKWAT_WQX-HIL-WESTMD3-3,test,2024-06,2024-07,1,0.015625,0.23252109694294631,0.43602802008390423,0.02773961044390568,False,very_low,0.1697426587343216
431,2024-04,2026-03,wqp,wqp:21FLKWAT_WQX-HIL-WESTMD-1,test,2024-06,2024-07,1,0.015625,0.2338763908483088,0.41949457675218577,0.027193226596143084,False,very_low,0.12734852731227875
432,2024-04,2026-03,aquamatch_chla,aquamatch_chla:21VASWCB-2-JMS099.30,test,2024-04,2024-05,1,0.015625,0.22527497704140842,0.419108362495899,0.026015258986437736,False,very_low,0.1666666716337204
433,2024-04,2026-03,aquamatch_chla,aquamatch_chla:21VASWCB-8-MPN054.17,test,2024-04,2024-05,1,0.015625,0.22624964802525938,0.3732240453362465,0.02575177219782841,False,very_low,0.1666666716337204
434,2024-04,2026-03,aquamatch_chla,aquamatch_chla:CCU_EQL-5 BS,test,2024-04,2024-05,1,0.015625,0.22096593980677426,0.4173281744122503,0.024942778847291146,False,very_low,0.1666666716337204
435,2024-04,2026-03,wqp,wqp:21FLKWAT_WQX-CLA-JOHNSON-3,test,2024-04,2024-05,1,0.015625,0.19985151730361395,0.41286505013704294,0.021846938793449257,False,very_low,0.10148712247610092
436,2024-04,2026-03,wqp,wqp:21FLKWAT_WQX-BAY-DEERPOIN-2,test,2024-08,2024-09,1,0.015625,0.17605911497958004,0.4269756451249121,0.020037085129123628,False,very_low,0.09132712334394455
437,2024-04,2026-03,wqp,wqp:21FLKWAT_WQX-ALA-SANTAFE-2,test,2024-06,2024-07,1,0.015625,0.18518257755204104,0.36507290601730347,0.01997340635105499,False,very_low,0.15855902433395386
438,2024-04,2026-03,wqp,wqp:21FLKWAT_WQX-HIL-ELIZABETH-3,test,2024-06,2024-07,1,0.015625,0.17546622405643575,0.3886627271771429,0.019861322629248397,False,very_low,0.03002312034368515
439,2024-04,2026-03,wqp,wqp:21FLKWAT_WQX-SEM-CUB-3,test,2024-06,2024-07,1,0.015625,0.17947598508908413,0.40895145386457443,0.01952533215949186,False,very_low,0.0687582716345787
440,2024-04,2026-03,wqp,wqp:21FLKWAT_WQX-ORA-OLYMPIA-1,test,2024-06,2024-07,1,0.015625,0.16151350797736086,0.36413388103246663,0.018673799746275685,False,very_low,0.026326773688197136
441,2024-04,2026-03,wqp,wqp:21FLKWAT_WQX-HIL-ELIZABETH-2,test,2024-06,2024-07,1,0.015625,0.1708590599882882,0.40796790421009044,0.018284841248804584,False,very_low,0.031150951981544495
442,2024-04,2026-03,wqp,wqp:21FLKWAT_WQX-ORA-FAIRVIEW-1,test,2024-06,2024-07,1,0.015625,0.1653273373885895,0.42214108705520625,0.01793816747647873,False,very_low,0.01638573780655861
443,2024-04,2026-03,wqp,wqp:21FLKWAT_WQX-HIG-ANNIE-2,test,2024-06,2024-07,1,0.015625,0.1513615122094052,0.41813783198595034,0.016259582439631874,False,very_low,0.052664872258901596
444,2024-04,2026-03,aquamatch_chla,aquamatch_chla:21VASWCB-2-APP016.38,test,2024-04,2024-05,1,0.0,0.24505052575841546,0.41250720918178546,0.027724155313360234,False,very_low,0.18691222369670868
445,2024-04,2026-03,aquamatch_chla,aquamatch_chla:21VASWCB-2-JMS110.30,test,2024-05,2024-06,1,0.0,0.22803693846799433,0.3812553480267524,0.026493226867125547,False,very_low,0.1666666716337204
446,2024-04,2026-03,aquamatch_chla,aquamatch_chla:CCU_EQL-9 RF,test,2024-04,2024-05,1,0.0,0.23308196244761348,0.40976254492998115,0.025404559037594525,False,very_low,0.1666666716337204
447,2024-04,2026-03,aquamatch_chla,aquamatch_chla:CCU_EQL-8 GF,test,2024-04,2024-05,1,0.0,0.22256044624373317,0.3815499275922775,0.025035349142633168,False,very_low,0.1666666716337204
448,2024-04,2026-03,wqp,wqp:21FLKWAT_WQX-CLA-LITTLEJO-3,test,2024-04,2024-05,1,0.0,0.20932687123968208,0.46986066251993175,0.024520866712490152,False,very_low,0.09529370814561844
449,2024-04,2026-03,aquamatch_chla,aquamatch_chla:CCU_EQL-3 CT,test,2024-04,2024-05,1,0.0,0.2218184545636177,0.338200557231903,0.024424156048967548,False,very_low,0.1666666716337204
450,2024-04,2026-03,aquamatch_chla,aquamatch_chla:21VASWCB-8-PMK082.34,test,2024-04,2024-05,1,0.0,0.21891658753156662,0.37803846895694726,0.024280939123034473,False,very_low,0.1666666716337204
451,2024-04,2026-03,aquamatch_chla,aquamatch_chla:CCU_EQL-4 CW,test,2024-04,2024-05,1,0.0,0.21375083085149527,0.42669060975313156,0.023984095967332072,False,very_low,0.1666666716337204
452,2024-04,2026-03,aquamatch_chla,aquamatch_chla:CCU_EQL-1 BC,test,2024-04,2024-05,1,0.0,0.20666213775984943,0.331754671037197,0.022952267957120447,False,very_low,0.1666666716337204
453,2024-04,2026-03,wqp,wqp:21SC60WQ_WQX-CW-231,test,2025-12,2026-01,1,0.0,0.20753655990120023,0.365820975601673,0.02217399472865752,False,very_low,0.1319107860326767
454,2024-04,2026-03,wqp,wqp:21FLKWAT_WQX-ALA-MELROSEB-1,test,2024-06,2024-07,1,0.0,0.18814844765074668,0.37010871171951276,0.02097610919698898,False,very_low,0.08905890583992004
455,2024-04,2026-03,wqp,wqp:21FLKWAT_WQX-HIL-WESTMD-3,test,2024-06,2024-07,1,0.0,0.18438763108861167,0.4266965925693511,0.019916069148099555,False,very_low,0.08071618527173996
456,2024-04,2026-03,wqp,wqp:21FLKWAT_WQX-ALA-SANTAFE-1,test,2024-06,2024-07,1,0.0,0.18646652784082107,0.39416688680648804,0.01985160084134606,False,very_low,0.09499940276145935
457,2024-04,2026-03,wqp,wqp:21FLKWAT_WQX-ALA-SANTAFE-3,test,2024-06,2024-07,1,0.0,0.18875853982171975,0.3890476927161216,0.019521382545975227,False,very_low,0.08605477958917618
458,2024-04,2026-03,wqp,wqp:21SC60WQ_WQX-SV-339,test,2025-12,2026-01,1,0.0,0.18435492157004774,0.3809222534298896,0.01920626638053984,False,very_low,0.1351785659790039
459,2024-04,2026-03,wqp,wqp:21FLKWAT_WQX-SEM-CUB-2,test,2024-06,2024-07,1,0.0,0.17801689324551262,0.3232645928859711,0.018714441788524896,False,very_low,0.06577340513467789
460,2024-04,2026-03,wqp,wqp:21FLKWAT_WQX-HIL-OSCEOLA-1,test,2024-06,2024-07,1,0.0,0.1792244111711625,0.3859292700886726,0.018620824579500192,False,very_low,0.08342912793159485
461,2024-04,2026-03,wqp,wqp:21FLKWAT_WQX-SEM-CUB-1,test,2024-06,2024-07,1,0.0,0.1702966999146156,0.37233305275440215,0.018181001909202583,False,very_low,0.06126031279563904
462,2024-04,2026-03,wqp,wqp:21FLKWAT_WQX-SEM-CRYSTALB-1,test,2024-07,2024-08,1,0.0,0.16808228996524122,0.41432061791419955,0.018134101060117043,False,very_low,0.0695640966296196
463,2024-04,2026-03,wqp,wqp:21FLKWAT_WQX-HIL-PINE-1,test,2024-06,2024-07,1,0.0,0.1746599217876792,0.38806252777576433,0.017734124068544813,False,very_low,0.061192046850919724
464,2024-04,2026-03,wqp,wqp:21FLKWAT_WQX-ORA-OLYMPIA-3,test,2024-06,2024-07,1,0.0,0.16076292975776596,0.3738412111997603,0.016853248654085717,False,very_low,0.023574836552143097
465,2024-04,2026-03,wqp,wqp:21FLKWAT_WQX-ORA-CLAIRE-1,test,2024-08,2024-09,1,0.0,0.1635134499920241,0.3288833186030387,0.01654390445500989,False,very_low,0.11871999502182007
466,2024-04,2026-03,wqp,wqp:21FLKWAT_WQX-ORA-OLYMPIA-2,test,2024-06,2024-07,1,0.0,0.15621776194893755,0.4270233660936351,0.016539445339730542,False,very_low,0.022789793089032173
467,2024-04,2026-03,wqp,wqp:21FLKWAT_WQX-PUT-BROWARD-2,test,2024-05,2024-06,1,0.0,0.14016866052907062,0.3447749853134153,0.01499022414440462,False,very_low,0.0
468,2024-04,2026-03,wqp,wqp:21FLKWAT_WQX-CLA-LITTLEJO-2,test,2024-04,2024-05,1,0.0,0.14097486887476407,0.3825300738215445,0.01479155758134948,False,very_low,0.04611344262957573
469,2024-04,2026-03,wqp,wqp:21FLKWAT_WQX-ORA-FAIRVIEW-2,test,2024-06,2024-07,1,0.0,0.14145574244503223,0.33987856358289714,0.014447832673252765,False,very_low,0.015538922511041164
470,2024-04,2026-03,wqp,wqp:USGS-12301600,test,2025-04,2025-05,1,0.0,0.1292417207005201,0.36918052732944473,0.013717095149660416,False,very_low,0.015555555932223797
471,2024-04,2026-03,wqp,wqp:21FLKWAT_WQX-SEM-SILVER-2,test,2024-07,2024-08,1,0.0,0.13541974478994234,0.3116389647126197,0.013370459370547285,False,very_low,0.019555632025003433
472,2024-04,2026-03,wqp,wqp:21FLKWAT_WQX-CLA-SHEELAR-2,test,2024-04,2024-05,1,0.0,0.12541807900197455,0.334113223850727,0.013134622849427771,False,very_low,0.0
473,2024-04,2026-03,wqp,wqp:21FLKWAT_WQX-CLA-SHEELAR-1,test,2024-04,2024-05,1,0.0,0.12851212321402272,0.3178313821554183,0.012942757496283208,False,very_low,0.0
474,2024-04,2026-03,wqp,wqp:21FLKWAT_WQX-CLA-DEER-1,test,2024-04,2024-05,1,0.0,0.11949367006036482,0.2840838819742202,0.01201091985321192,False,very_low,0.008333333767950535
475,2024-04,2026-03,wqp,wqp:21FLKWAT_WQX-BAY-MARIN-1,test,2024-07,2024-08,1,0.0,0.1195014469230955,0.3176212802529334,0.01098654368214576,False,very_low,0.0
476,2024-04,2026-03,wqp,wqp:21FLKWAT_WQX-BAY-MARIN-3,test,2024-07,2024-08,1,0.0,0.10696739299964975,0.36111666858196256,0.010756350858509178,False,very_low,0.0
477,2024-04,2026-03,wqp,wqp:21FLKWAT_WQX-ORA-CLAIRE-2,test,2024-08,2024-09,1,0.0,0.10756231462437427,0.26589408963918676,0.01001064943010225,False,very_low,0.03744000196456909
478,2024-04,2026-03,wqp,wqp:21FLKWAT_WQX-BAY-MARIN-2,test,2024-07,2024-08,1,0.0,0.09886913579157408,0.23570753931999194,0.009244510841012615,False,very_low,0.0
1,2024-04,2026-03,wqp,wqp:21FLKWAT_WQX-CHA-WF-6-1,test,2024-06,2024-08,2,1.0,0.8667092565447092,0.9966262072324753,0.551467804037825,True,very_high,1.0
2,2024-04,2026-03,wqp,wqp:21FLKWAT_WQX-CHA-WF-2-3,test,2024-06,2024-08,2,1.0,0.8365551931783557,0.9854995608329773,0.5040996734438825,True,very_high,0.9967573285102844
3,2024-04,2026-03,wqp,wqp:21FLKWAT_WQX-PIN-AUTUMN-2,test,2024-04,2024-06,2,1.0,0.8335437374189496,0.937371826171875,0.48370707330822005,True,very_high,0.9093599915504456
4,2024-04,2026-03,wqp,wqp:21FLKWAT_WQX-CHA-WF-5-2,test,2024-06,2024-08,2,1.0,0.8035299722105265,0.9674062103033065,0.4273552769125174,True,very_high,0.928421676158905
5,2024-04,2026-03,wqp,wqp:21FLKWAT_WQX-CHA-SUNAPEE-1,test,2024-06,2024-08,2,0.984375,0.8558799396269023,0.9920375227928162,0.5385500532173283,True,very_high,1.0
6,2024-04,2026-03,wqp,wqp:21FLKWAT_WQX-CHA-WF-6-2,test,2024-06,2024-08,2,0.984375,0.8487509172409773,0.9987897425889969,0.5133342556514329,True,very_high,0.9967573285102844
7,2024-04,2026-03,wqp,wqp:21FLKWAT_WQX-CHA-SUNAPEE-2,test,2024-06,2024-08,2,0.984375,0.83780961856246,0.9826429277658463,0.5003412435040115,True,very_high,1.0
8,2024-04,2026-03,wqp,wqp:21FLKWAT_WQX-CHA-WF-3-2,test,2024-06,2024-08,2,0.984375,0.8238472347147763,0.9876929521560669,0.4961657910068822,True,very_high,0.916920006275177
9,2024-04,2026-03,wqp,wqp:21FLKWAT_WQX-CHA-WF-5-1,test,2024-06,2024-08,2,0.984375,0.8202172652818263,0.9731027960777282,0.46421693104435746,True,very_high,0.9718131422996521
10,2024-04,2026-03,wqp,wqp:21FLSFWM_WQX-12888,test,2024-06,2024-08,2,0.984375,0.7874757312238216,0.966474860906601,0.42275947189416463,True,very_high,0.896859884262085
11,2024-04,2026-03,wqp,wqp:21FLKWAT_WQX-ORA-FAIRVIEWSO-2,test,2024-04,2024-06,2,0.984375,0.7742804358713329,0.9835547864437103,0.411272426343731,True,very_high,0.9872543811798096
12,2024-04,2026-03,wqp,wqp:21FLKWAT_WQX-CHA-WF-4-2,test,2024-06,2024-08,2,0.984375,0.7893370613455772,0.9689958214759826,0.4083119360102697,True,very_high,0.9687893986701965
13,2024-04,2026-03,wqp,wqp:21FLKWAT_WQX-PIN-SEMINOLE-3,test,2024-08,2024-10,2,0.984375,0.7603366761468351,0.939855107665062,0.376206734115496,True,very_high,0.9363608360290527
14,2024-04,2026-03,wqp,wqp:21FLKWAT_WQX-CHA-WF-3-3,test,2024-06,2024-08,2,0.96875,0.8358327308669686,0.99513401389122,0.5144221361414731,True,very_high,0.8932942748069763
15,2024-04,2026-03,wqp,wqp:21FLHESD_WQX-BEAUDETTE POND INLET,test,2024-06,2024-08,2,0.96875,0.7934477967210114,0.9393265575170516,0.41627466036534744,True,very_high,0.8807291984558105
16,2024-04,2026-03,wqp,wqp:21FLKWAT_WQX-SAR-LAKE-M-9-1,test,2024-08,2024-10,2,0.96875,0.7777149062603712,0.976637178659439,0.40105275029749976,True,very_high,0.9825332760810852
17,2024-04,2026-03,wqp,wqp:21FLKWAT_WQX-COL-ISLANDWALK-1,test,2024-06,2024-08,2,0.96875,0.7741160606965423,0.9398735433816909,0.39259495362315683,True,very_high,0.9235145449638367
18,2024-04,2026-03,wqp,wqp:21FLHESD_WQX-BEAUDETTE POND OUTLET,test,2024-06,2024-08,2,0.96875,0.7731017819605768,0.9538330227136612,0.38149780197540784,True,very_high,0.8876273036003113
19,2024-04,2026-03,wqp,wqp:21FLKWAT_WQX-LAK-EUSTIS-3,test,2024-06,2024-08,2,0.96875,0.7586361961439252,0.8989208906888961,0.37403483477251587,True,very_high,0.7965615391731262
20,2024-04,2026-03,wqp,wqp:21FLCOLL_WQX-LKTRAF1,test,2024-06,2024-08,2,0.96875,0.748838962521404,0.9496397584676741,0.3562382743196785,True,very_high,0.8724141716957092
21,2024-04,2026-03,wqp,wqp:21FLKWAT_WQX-LAK-BAY-3,test,2024-06,2024-08,2,0.96875,0.7420303362887353,0.934750410914421,0.34780027299089106,True,very_high,0.8965069651603699
22,2024-04,2026-03,wqp,wqp:21FLKWAT_WQX-SAR-LAKE-M-9-3,test,2024-08,2024-10,2,0.953125,0.8212619894184172,0.9787938356399536,0.48483182664187974,True,very_high,0.9865973591804504
23,2024-04,2026-03,wqp,wqp:21FLKWAT_WQX-ORA-FAIRVIEWSO-3,test,2024-04,2024-06,2,0.953125,0.8135863996576518,0.9893392443656921,0.4739062453353753,True,very_high,0.9760981202125549
24,2024-04,2026-03,wqp,wqp:21FLKWAT_WQX-CHA-WF-1-2,test,2024-06,2024-08,2,0.953125,0.7942657740786672,0.9622264921665191,0.4324516854292415,True,very_high,0.9641284346580505
25,2024-04,2026-03,wqp,wqp:21FLKWAT_WQX-CHA-WF-1-1,test,2024-06,2024-08,2,0.953125,0.7852611094713211,0.9715411812067032,0.41613699493985,True,very_high,0.9855955243110657
26,2024-04,2026-03,wqp,wqp:21FLKWAT_WQX-CHA-STURGEON-1,test,2024-06,2024-08,2,0.953125,0.7787133222445846,0.9574107766151428,0.4118221615353146,True,very_high,0.9423983693122864
27,2024-04,2026-03,wqp,wqp:21FLKWAT_WQX-CHA-STURGEON-2,test,2024-06,2024-08,2,0.953125,0.7775478819385171,0.9361511111259461,0.4005893435324507,True,very_high,0.8579252362251282
28,2024-04,2026-03,wqp,wqp:21FLKWAT_WQX-CHA-WF-4-1,test,2024-06,2024-08,2,0.953125,0.7634257478639483,0.9628509491682052,0.3912683473194826,True,very_high,0.9294711947441101
29,2024-04,2026-03,wqp,wqp:21FLGTM_WQX-GTMMKNUT,test,2024-08,2024-10,2,0.953125,0.7637506271712482,0.9489406466484069,0.38349680542736175,True,very_high,0.862166702747345
30,2024-04,2026-03,wqp,wqp:21FLHESD_WQX-BEAUDETTE POND MIDDLE,test,2024-06,2024-08,2,0.953125,0.7589070764370263,0.9440341144800185,0.38017447626745887,True,very_high,0.8334525227546692
31,2024-04,2026-03,wqp,wqp:21NC03WQ-LLC01,test,2024-06,2024-08,2,0.953125,0.759488032432273,0.9547815442085266,0.37855535208421187,True,very_high,0.8399259448051453
32,2024-04,2026-03,wqp,wqp:21FLSJWM_WQX-44177,test,2024-07,2024-09,2,0.953125,0.76100138342008,0.9737847834825516,0.3757715630846101,True,very_high,0.9409739375114441
33,2024-04,2026-03,wqp,wqp:21FLKWAT_WQX-PIN-SEMINOLE-2,test,2024-08,2024-10,2,0.953125,0.7499266434460878,0.9446834087371826,0.3587747041965239,True,very_high,0.9333360195159912
34,2024-04,2026-03,wqp,wqp:21FLKWAT_WQX-PIN-SAUNDRA-2,test,2024-08,2024-10,2,0.953125,0.7442979067564011,0.9830558687448501,0.3580791527211837,True,very_high,0.9813279509544373
35,2024-04,2026-03,wqp,wqp:21NC03WQ-NEU019L,test,2024-06,2024-08,2,0.953125,0.7488702815026045,0.9159448266029357,0.3361311450019765,True,very_high,0.8253333568572998
36,2024-04,2026-03,wqp,wqp:21FLKWAT_WQX-SAR-LAKE-37-3,test,2024-08,2024-10,2,0.953125,0.7012787787243724,0.8924076795578003,0.29054054040768207,True,very_high,0.8333333134651184
37,2024-04,2026-03,wqp,wqp:21FLSABR_WQX-BAY-ST-EWBAY-6,test,2024-06,2024-08,2,0.953125,0.6833530780859292,0.8560689300298691,0.26091512623830393,True,very_high,0.7898750305175781
38,2024-04,2026-03,wqp,wqp:21FLKWAT_WQX-CHA-WF-2-1,test,2024-06,2024-08,2,0.9375,0.8161555645056069,0.9952272415161133,0.48469945134488773,True,very_high,0.9840694069862366
39,2024-04,2026-03,wqp,wqp:21FLSFWM_WQX-11574,test,2024-06,2024-08,2,0.9375,0.7611225894652307,0.9728309899568557,0.38422811745079627,True,very_high,0.8804140090942383
40,2024-04,2026-03,wqp,wqp:21FLHESD_WQX-BEAUDETTE POND WEST,test,2024-06,2024-08,2,0.9375,0.7693019439466298,0.9469782948493957,0.38172290938422293,True,very_high,0.8661110997200012
41,2024-04,2026-03,wqp,wqp:21FLSFWM_WQX-11573,test,2024-06,2024-08,2,0.9375,0.7468413868919015,0.9713784456253051,0.37586039445044606,True,very_high,0.8914675712585449
42,2024-04,2026-03,wqp,wqp:21FLSFWM_WQX-31067,test,2024-06,2024-08,2,0.9375,0.7466770904138684,0.9652045935392379,0.35831337343682423,True,very_high,0.8605940341949463
43,2024-04,2026-03,wqp,wqp:21FLKWAT_WQX-LAK-BAY-2,test,2024-06,2024-08,2,0.9375,0.727860783226788,0.9137550801038742,0.3286485753130034,True,very_high,0.8945422768592834
44,2024-04,2026-03,wqp,wqp:21FLSJWM_WQX-44055,test,2024-07,2024-09,2,0.9375,0.7262567114084959,0.9172959327697754,0.32035266501720433,True,very_high,0.8331484794616699
45,2024-04,2026-03,wqp,wqp:21NC03WQ-CPF055C,test,2024-07,2024-09,2,0.9375,0.7083456664113328,0.9244922220706939,0.3068189655937044,True,very_high,0.8812255859375
46,2024-04,2026-03,wqp,wqp:21FLKWAT_WQX-CHA-WF-2-2,test,2024-06,2024-08,2,0.921875,0.8121124519966543,0.9853997141122818,0.4864229365877946,True,very_high,0.9874255061149597
47,2024-04,2026-03,wqp,wqp:21FLKWAT_WQX-CHA-WF-3-1,test,2024-06,2024-08,2,0.921875,0.8049850058741868,0.9996144503355026,0.470288969289465,True,very_high,0.8412215113639832
48,2024-04,2026-03,wqp,wqp:21FLKWAT_WQX-ORA-FAIRVIEWSO-1,test,2024-04,2024-06,2,0.921875,0.805458877235651,0.9862194716930389,0.4692950852600627,True,very_high,0.9900522828102112
49,2024-04,2026-03,wqp,wqp:21FLKWAT_WQX-PIN-AUTUMN-1,test,2024-04,2024-06,2,0.921875,0.8039466449990869,0.9315697312355041,0.45791920821838417,True,very_high,0.9093599915504456
50,2024-04,2026-03,wqp,wqp:21FLCOLL_WQX-LKTRAF8,test,2024-06,2024-08,2,0.921875,0.7638084241189063,0.9217562764883042,0.3935484231723665,True,very_high,0.8889879584312439
51,2024-04,2026-03,wqp,wqp:21SC60WQ_WQX-SV-331,test,2024-06,2024-08,2,0.921875,0.735301289241761,0.9981380224227905,0.3787528816339978,True,very_high,0.8434513211250305
52,2024-04,2026-03,wqp,wqp:21FLKWAT_WQX-SAR-LAKE-37-2,test,2024-08,2024-10,2,0.921875,0.7426396459341049,0.9110249787569046,0.36515816764630443,True,very_high,0.8745911717414856
53,2024-04,2026-03,wqp,wqp:21FLSFWM_WQX-4698,test,2024-06,2024-08,2,0.921875,0.7286135107278824,0.9431380212306976,0.3485985109329446,True,very_high,0.8665680289268494
54,2024-04,2026-03,wqp,wqp:21FLSFWM_WQX-49086,test,2024-06,2024-08,2,0.921875,0.7316109547391534,0.9416414141654965,0.3465599005443659,True,very_high,0.8592381477355957
55,2024-04,2026-03,wqp,wqp:21FLKWAT_WQX-LAK-EUSTIS-1,test,2024-06,2024-08,2,0.921875,0.7320713279768825,0.8861686080694199,0.33723553751306246,True,very_high,0.7563073039054871
56,2024-04,2026-03,wqp,wqp:21FLSFWM_WQX-11569,test,2024-08,2024-10,2,0.921875,0.7207110291346908,0.9405753314495087,0.32321637436922523,True,very_high,0.8996598720550537
57,2024-04,2026-03,aquamatch_chla,aquamatch_chla:21VASWCB-2-CHK006.14,test,2024-04,2024-06,2,0.921875,0.7057571611367166,0.8356275945901871,0.287652663173105,True,very_high,0.8225762248039246
58,2024-04,2026-03,wqp,wqp:21FLKWAT_WQX-CHA-L-4-1,test,2024-07,2024-09,2,0.921875,0.6896150247193873,0.8667496263980865,0.27894877864689027,True,very_high,0.803534984588623
59,2024-04,2026-03,wqp,wqp:21FLKWAT_WQX-PIN-SAUNDRA-3,test,2024-08,2024-10,2,0.90625,0.7783268741331995,0.989051029086113,0.42754837542557017,True,very_high,0.9824926257133484
60,2024-04,2026-03,wqp,wqp:21FLSFWM_WQX-49087,test,2024-06,2024-08,2,0.90625,0.76650554779917,0.9912850499153137,0.4031425963781943,True,very_high,0.884730339050293
61,2024-04,2026-03,wqp,wqp:21FLKWAT_WQX-PIN-SAUNDRA-1,test,2024-08,2024-10,2,0.90625,0.7542672357521951,0.9890464663505554,0.38935368610104304,True,very_high,0.9791027903556824
62,2024-04,2026-03,wqp,wqp:21FLSARA_WQX-VG-5,test,2024-06,2024-08,2,0.90625,0.7568158691283315,0.970594635605812,0.3770508662283937,True,very_high,0.8204166293144226
63,2024-04,2026-03,wqp,wqp:21NC03WQ-NEU0171B,test,2024-06,2024-08,2,0.90625,0.7131358799524605,0.9183777421712874,0.3153872991354556,True,very_high,0.8511033654212952
64,2024-04,2026-03,wqp,wqp:21FLKWAT_WQX-LAK-EUSTIS-2,test,2024-06,2024-08,2,0.90625,0.7145399921573699,0.8844726920127869,0.312952637560367,True,very_high,0.7755089402198792
65,2024-04,2026-03,wqp,wqp:21DELAWQ_WQX-206361,test,2024-05,2024-07,2,0.90625,0.6951455320231616,0.9136977672576903,0.3013489919698422,True,very_high,0.7710595726966858
66,2024-04,2026-03,wqp,wqp:21FLSARA_WQX-DB-BPIT3,test,2024-08,2024-10,2,0.90625,0.6908574183471501,0.9268763422966003,0.2842515907358125,True,very_high,0.9683333039283752
67,2024-04,2026-03,wqp,wqp:21NC03WQ-CPF086F,test,2024-07,2024-09,2,0.90625,0.6825215732678771,0.8886450171470641,0.28310001315455247,True,very_high,0.8235185146331787
68,2024-04,2026-03,wqp,wqp:21FLSABR_WQX-BAY-ST-EWBAY-3,test,2024-06,2024-08,2,0.90625,0.6815965825226158,0.830230838060379,0.2488601348089185,True,very_high,0.7651249766349792
69,2024-04,2026-03,wqp,wqp:21FLSABR_WQX-BAY-ST-EWBAY-1,test,2024-06,2024-08,2,0.90625,0.6659906562417746,0.8179973006248474,0.23827213910913536,True,very_high,0.7689239978790283
70,2024-04,2026-03,wqp,wqp:21FLHILL_WQX-135,test,2024-07,2024-09,2,0.890625,0.7250992748886347,0.9672475427389143,0.35131605618217987,True,very_high,0.8900529742240906
71,2024-04,2026-03,wqp,wqp:21NC03WQ-LI01,test,2024-06,2024-08,2,0.890625,0.7376284301280975,0.9206230580806732,0.34919942466910475,True,very_high,0.8777489066123962
72,2024-04,2026-03,wqp,wqp:21FLSJWM_WQX-442129,test,2024-07,2024-09,2,0.890625,0.7240920839831233,0.935398307442665,0.3477248209843145,True,very_high,0.8584042191505432
73,2024-04,2026-03,wqp,wqp:21FLSFWM_WQX-16601,test,2024-06,2024-08,2,0.890625,0.7289539594203234,0.9366643995046615,0.34388050799835085,True,very_high,0.837925910949707
74,2024-04,2026-03,wqp,wqp:21FLSFWM_WQX-12877,test,2024-06,2024-08,2,0.890625,0.7308326847851276,0.9759968131780623,0.3434021617770871,True,very_high,0.8657042384147644
75,2024-04,2026-03,wqp,wqp:21FLSFWM_WQX-16185,test,2024-06,2024-08,2,0.890625,0.7281291875988245,0.9698975473642347,0.339256334723036,True,very_high,0.8555591106414795
76,2024-04,2026-03,wqp,wqp:21NC03WQ-CPF081A1C,test,2024-07,2024-09,2,0.890625,0.7129537966102362,0.9016840279102325,0.31896128693210474,True,very_high,0.883408784866333
77,2024-04,2026-03,wqp,wqp:21FLKWAT_WQX-SAR-LAKE-G-20-3,test,2024-08,2024-10,2,0.890625,0.7016620386857539,0.9405093550682068,0.31153860086257745,True,very_high,0.8762629628181458
78,2024-04,2026-03,wqp,wqp:21FLSFWM_WQX-49085,test,2024-06,2024-08,2,0.890625,0.7008812930434942,0.9254658699035644,0.30573699557394207,True,very_high,0.8149963021278381
79,2024-04,2026-03,wqp,wqp:21FLKWAT_WQX-ORA-WAUNATTA-2,test,2024-06,2024-08,2,0.890625,0.697574945166707,0.8960521429777145,0.2948495625906483,True,very_high,0.774691641330719
80,2024-04,2026-03,wqp,wqp:21SCSANT_WQX-SC-005,test,2024-06,2024-08,2,0.890625,0.7008972195908427,0.9225312620401382,0.2923945550597127,True,very_high,0.7743565440177917
81,2024-04,2026-03,wqp,wqp:21NC03WQ-CPF087B3,test,2024-07,2024-09,2,0.890625,0.6825964227318764,0.9133657693862914,0.28178806002245216,True,very_high,0.8486031889915466
82,2024-04,2026-03,aquamatch_chla,aquamatch_chla:21VASWCB-2-JMS069.08,test,2024-04,2024-06,2,0.890625,0.6811202806420624,0.836450269818306,0.2765658921026012,True,very_high,0.5498818755149841
83,2024-04,2026-03,wqp,wqp:21FLSWFD_WQX-23113,test,2024-08,2024-10,2,0.890625,0.6693218473810703,0.8746819257736206,0.2647629803498656,True,very_high,0.8372917175292969
84,2024-04,2026-03,wqp,wqp:21FLCOLL_WQX-LKTRAF4,test,2024-06,2024-08,2,0.875,0.7465815704781562,0.9636262565851211,0.38538130949314875,True,very_high,0.8752374649047852
85,2024-04,2026-03,wqp,wqp:USGS-295554095093401,test,2025-08,2025-10,2,0.875,0.7298253509216011,0.933687949180603,0.35445072755978596,True,very_high,0.8452423214912415
86,2024-04,2026-03,wqp,wqp:21FLSJWM_WQX-45150,test,2024-06,2024-08,2,0.875,0.7352420701645315,0.9057619452476501,0.34724647540917897,True,very_high,0.8276596069335938
87,2024-04,2026-03,wqp,wqp:21FLKWAT_WQX-PIN-SEMINOLE-1,test,2024-08,2024-10,2,0.875,0.728857109323144,0.931507533788681,0.34486820189487216,True,very_high,0.9318380355834961
88,2024-04,2026-03,wqp,wqp:21FLLCPC_WQX-TROUTDKEUS,test,2024-07,2024-09,2,0.875,0.7286772304214537,0.9430149644613266,0.3426408740301203,True,very_high,0.7489066123962402
89,2024-04,2026-03,wqp,wqp:21DELAWQ_WQX-303051,test,2024-05,2024-07,2,0.875,0.7124822305049747,0.9571797162294386,0.33274615245557465,True,very_high,0.8312992453575134
90,2024-04,2026-03,wqp,wqp:21FLSJWM_WQX-499784,test,2024-08,2024-10,2,0.875,0.6985423970036209,0.9154208093881606,0.30053694212748583,True,very_high,0.8896244168281555
91,2024-04,2026-03,wqp,wqp:21FLVEMD_WQX-SJ17,test,2024-06,2024-08,2,0.875,0.6773450397886336,0.9255722552537917,0.28636439182817763,True,very_high,0.7558309435844421
92,2024-04,2026-03,wqp,wqp:21NC03WQ-CPF0880A,test,2024-07,2024-09,2,0.875,0.6723515588091686,0.8988494068384171,0.27932770021044795,True,very_high,0.8254974484443665
93,2024-04,2026-03,wqp,wqp:21FLKWAT_WQX-ORA-ROSE-1,test,2024-06,2024-08,2,0.875,0.664800523314625,0.8787159562110901,0.26420149915070856,True,very_high,0.5457647442817688
94,2024-04,2026-03,wqp,wqp:21FLSFWM_WQX-49089,test,2024-08,2024-10,2,0.875,0.6666828386951238,0.9242910355329512,0.2637646552374253,True,very_high,0.8956912159919739
95,2024-04,2026-03,wqp,wqp:21FLKWAT_WQX-CHA-L-4-3,test,2024-07,2024-09,2,0.875,0.670104568824172,0.8441313892602921,0.2635098382998535,True,very_high,0.7882611751556396
96,2024-04,2026-03,wqp,wqp:21NC03WQ-LC01,test,2024-06,2024-08,2,0.875,0.6751201879233122,0.8888386964797973,0.2613412786726992,True,very_high,0.8012499809265137
97,2024-04,2026-03,wqp,wqp:21FLSABR_WQX-BAY-WATSON-BAYOU-1,test,2024-06,2024-08,2,0.875,0.6543770283460617,0.8413407236337661,0.23518454602159478,True,very_high,0.7725000381469727
98,2024-04,2026-03,wqp,wqp:21FLKWAT_WQX-SAR-LAKE-G-20-1,test,2024-08,2024-10,2,0.859375,0.7284271749667823,0.9338564157485962,0.34835698419448646,True,very_high,0.8147395253181458
99,2024-04,2026-03,wqp,wqp:21FLSFWM_WQX-49080,test,2024-08,2024-10,2,0.859375,0.7028924291953444,0.9789120197296142,0.33044673871179947,True,very_high,0.8960174918174744
100,2024-04,2026-03,wqp,wqp:21NC03WQ-NEU018E,test,2024-06,2024-08,2,0.859375,0.7180756982415915,0.9099605083465576,0.32625555054005057,True,very_high,0.8785185217857361
101,2024-04,2026-03,wqp,wqp:21NC03WQ-CPF087D,test,2024-07,2024-09,2,0.859375,0.6873712176457047,0.9200758814811706,0.29830941807736533,True,very_high,0.883481502532959
102,2024-04,2026-03,wqp,wqp:21FLSFWM_WQX-11562,test,2024-08,2024-10,2,0.859375,0.6677938862703741,0.9334788292646408,0.2807959106005568,True,very_high,0.8867962956428528
103,2024-04,2026-03,wqp,wqp:21NC03WQ-CPF055E,test,2024-07,2024-09,2,0.859375,0.692385789938271,0.8619536101818085,0.2803628242423632,True,very_high,0.8179095387458801
104,2024-04,2026-03,wqp,wqp:21FLSFWM_WQX-15485,test,2024-06,2024-08,2,0.859375,0.6732889662962407,0.8869383007287979,0.27684445230626875,True,very_high,0.8232772946357727
105,2024-04,2026-03,wqp,wqp:21FLSJWM_WQX-44592,test,2024-06,2024-08,2,0.859375,0.6760941068641841,0.9020159602165222,0.2640578676330398,True,very_high,0.774703323841095
106,2024-04,2026-03,wqp,wqp:21FLSJWM_WQX-44494,test,2024-06,2024-08,2,0.859375,0.6716669402085245,0.8498108565807342,0.2507400797544769,True,very_high,0.7707136273384094
107,2024-04,2026-03,wqp,wqp:21FLKWAT_WQX-SAR-LAKE-37-1,test,2024-08,2024-10,2,0.84375,0.7216239711269736,0.9504907250404357,0.33885462147249934,True,very_high,0.8038226962089539
108,2024-04,2026-03,wqp,wqp:21FLSFWM_WQX-49090,test,2024-08,2024-10,2,0.84375,0.704283369006589,0.954202714562416,0.33115094714463245,True,very_high,0.8967592716217041
109,2024-04,2026-03,wqp,wqp:21SC60WQ_WQX-CW-033,test,2024-06,2024-08,2,0.84375,0.7037160526961088,0.9714249193668365,0.3242211592542247,True,very_high,0.8161798119544983
110,2024-04,2026-03,wqp,wqp:21FLSFWM_WQX-16329,test,2024-06,2024-08,2,0.84375,0.6943969097919762,0.91391022503376,0.29967876561600687,True,very_high,0.8440365195274353
111,2024-04,2026-03,wqp,wqp:CAPECRD_WQX-280,test,2024-06,2024-08,2,0.84375,0.685153167694807,0.9280790686607361,0.29776231562152367,True,very_high,0.8297222256660461
112,2024-04,2026-03,wqp,wqp:21FLKWAT_WQX-PIN-MEADOWW-1,test,2024-06,2024-08,2,0.84375,0.6786072105169296,0.8853104889392853,0.2921536252435083,True,very_high,0.9317333102226257
113,2024-04,2026-03,wqp,wqp:21FLSARA_WQX-ML,test,2024-08,2024-10,2,0.84375,0.6674043072853237,0.8764648914337158,0.28349646883739676,True,very_high,0.8659999966621399
114,2024-04,2026-03,wqp,wqp:21FLSFWM_WQX-11576,test,2024-08,2024-10,2,0.84375,0.6651220447383821,0.9147341012954711,0.26831136334462646,True,very_high,0.899020254611969
115,2024-04,2026-03,wqp,wqp:21FLSJWM_WQX-44676,test,2024-07,2024-09,2,0.84375,0.6534907976165414,0.8907230019569397,0.2521103891488108,True,very_high,0.754094123840332
116,2024-04,2026-03,wqp,wqp:USGS-295826095082200,test,2025-08,2025-10,2,0.828125,0.7017380776815116,0.9418177694082259,0.33302218230165015,True,very_high,0.8546382784843445
117,2024-04,2026-03,wqp,wqp:21FLSARA_WQX-VG-1,test,2024-06,2024-08,2,0.828125,0.7046167813241482,0.94110389649868,0.330755866279854,True,very_high,0.799750030040741
118,2024-04,2026-03,wqp,wqp:21FLSFWM_WQX-12865,test,2024-08,2024-10,2,0.828125,0.6826635501347482,0.9483286738395691,0.28804817876752664,True,very_high,0.8611697554588318
119,2024-04,2026-03,wqp,wqp:21FLKWAT_WQX-HIL-EAST-1,test,2024-07,2024-09,2,0.828125,0.6672715838067234,0.9159414291381835,0.2828343909047935,True,very_high,0.5495260953903198
120,2024-04,2026-03,wqp,wqp:21NC03WQ-NEU019P,test,2024-06,2024-08,2,0.828125,0.6569501566700637,0.8797465622425079,0.2673094597191523,True,very_high,0.7958828806877136
121,2024-04,2026-03,wqp,wqp:21FLSJWM_WQX-44645,test,2024-08,2024-10,2,0.828125,0.6650022654794157,0.9256981462240218,0.2659123502638223,True,very_high,0.8355119228363037
122,2024-04,2026-03,wqp,wqp:21NC03WQ-CPF055D,test,2024-07,2024-09,2,0.828125,0.6554311215877533,0.9012067198753356,0.26159999051545146,True,very_high,0.8565266728401184
123,2024-04,2026-03,wqp,wqp:21DELAWQ_WQX-110011,test,2024-06,2024-08,2,0.828125,0.6674245912581682,0.8689706593751907,0.2612040044250788,True,very_high,0.7706382274627686
124,2024-04,2026-03,wqp,wqp:21FLSJWM_WQX-44591,test,2024-06,2024-08,2,0.828125,0.6531477691605687,0.8833954274654388,0.25609368686378065,True,very_high,0.6754016280174255
125,2024-04,2026-03,wqp,wqp:21FLKWAT_WQX-ORA-WAUNATTA-3,test,2024-06,2024-08,2,0.828125,0.6463704686611891,0.8827561646699905,0.254420287495473,True,very_high,0.7539119720458984
126,2024-04,2026-03,wqp,wqp:21FLKWAT_WQX-CHA-L-4-2,test,2024-07,2024-09,2,0.828125,0.6248716642148793,0.8251888424158096,0.20627653586944483,True,very_high,0.7792229056358337
127,2024-04,2026-03,wqp,wqp:21NC03WQ-I7730000,test,2024-06,2024-08,2,0.828125,0.6162628431338817,0.8168242067098618,0.2061902402223756,True,very_high,0.75
128,2024-04,2026-03,wqp,wqp:21FLSFWM_WQX-49082,test,2024-08,2024-10,2,0.8125,0.7016991144046187,0.9654446363449096,0.33242703194225265,True,very_high,0.8967650532722473
129,2024-04,2026-03,wqp,wqp:21FLSFWM_WQX-49083,test,2024-08,2024-10,2,0.8125,0.6875053183175623,0.9649391800165176,0.3118397502668022,True,very_high,0.9023545384407043
130,2024-04,2026-03,wqp,wqp:21SC60WQ_WQX-S-326,test,2024-06,2024-08,2,0.8125,0.6716826327610761,0.9592246145009994,0.30336340528225325,True,very_high,0.8623691201210022
131,2024-04,2026-03,wqp,wqp:21SC60WQ_WQX-CW-016F,test,2024-06,2024-08,2,0.8125,0.6664384605828673,0.9551732569932938,0.2963176817314811,True,very_high,0.8714869618415833
132,2024-04,2026-03,wqp,wqp:21SCSANT_WQX-SC-014,test,2024-06,2024-08,2,0.8125,0.6562604458304122,0.9330862432718277,0.2692716314708255,True,very_high,0.5996499061584473
133,2024-04,2026-03,wqp,wqp:21NC03WQ-NEU019E,test,2024-06,2024-08,2,0.8125,0.6759500470943749,0.8641603380441666,0.2650972143250777,True,very_high,0.8246826529502869
134,2024-04,2026-03,wqp,wqp:21NC03WQ-NEU020D,test,2024-06,2024-08,2,0.8125,0.6684103114530444,0.8703244656324387,0.2609694752145236,True,very_high,0.7486264109611511
135,2024-04,2026-03,wqp,wqp:21FLSFWM_WQX-16332,test,2024-08,2024-10,2,0.8125,0.6344112399965525,0.9301205873489379,0.25674289918640025,True,very_high,0.83688884973526
136,2024-04,2026-03,wqp,wqp:21FLSWFD_WQX-23144,test,2024-08,2024-10,2,0.8125,0.6473499315325171,0.8776108890771865,0.25310000775293484,True,very_high,0.8416666984558105
137,2024-04,2026-03,wqp,wqp:21SC60WQ_WQX-B-327,test,2024-06,2024-08,2,0.8125,0.6504790973849595,0.8870828956365585,0.25228833310854293,True,very_high,0.7158480286598206
138,2024-04,2026-03,wqp,wqp:21FLSABR_WQX-BAY-ST-EWBAY-2,test,2024-06,2024-08,2,0.8125,0.6486483297776431,0.848909804224968,0.2387246188575045,True,very_high,0.7590000033378601
139,2024-04,2026-03,wqp,wqp:21FLSFWM_WQX-49081,test,2024-08,2024-10,2,0.8125,0.6413774974644184,0.8737252086400985,0.23799972395261415,True,very_high,0.8475555777549744
140,2024-04,2026-03,aquamatch_chla,aquamatch_chla:21VASWCB-2-JMS055.94,test,2024-04,2024-06,2,0.8125,0.6354831270873547,0.8345352917909622,0.23175827504362778,True,very_high,0.6433714628219604
141,2024-04,2026-03,wqp,wqp:21FLKWAT_WQX-SAR-LAKE-M-9-2,test,2024-08,2024-10,2,0.796875,0.6992141855880618,0.9979523926973342,0.3317968967065805,True,very_high,0.9865973591804504
142,2024-04,2026-03,wqp,wqp:USGS-384506118433001,test,2024-04,2024-06,2,0.796875,0.662705599097535,0.9543945550918578,0.2834177815229347,True,very_high,0.6042325496673584
143,2024-04,2026-03,wqp,wqp:21DELAWQ_WQX-206451,test,2024-05,2024-07,2,0.796875,0.6603946168906987,0.9070797920227048,0.27917882782077674,True,very_high,0.6494190096855164
144,2024-04,2026-03,wqp,wqp:21FLKWAT_WQX-LAK-BAY-1,test,2024-06,2024-08,2,0.796875,0.644700676202774,0.8970420271158217,0.25431480082425056,True,very_high,0.7412155270576477
145,2024-04,2026-03,aquamatch_chla,aquamatch_chla:21VASWCB-2-JMS050.57,test,2024-04,2024-06,2,0.796875,0.6417735633440316,0.8356672108173371,0.24292527244542306,True,very_high,0.7104561924934387
146,2024-04,2026-03,wqp,wqp:21FLSABR_WQX-BAY-ST. ANDREW BAY-12,test,2024-06,2024-08,2,0.796875,0.6284746881574392,0.8232892721891403,0.21420308666705867,True,very_high,0.7603750228881836
147,2024-04,2026-03,wqp,wqp:21FLKWAT_WQX-OSC-FISH-2,test,2024-06,2024-08,2,0.796875,0.6164431041106582,0.8148909032344818,0.20441338318584923,True,very_high,0.4938090741634369
148,2024-04,2026-03,wqp,wqp:21NC03WQ-CPF086C,test,2024-07,2024-09,2,0.78125,0.6758829411119223,0.9967506200075148,0.309726342622951,True,very_high,0.9193890690803528
149,2024-04,2026-03,wqp,wqp:21FLKWAT_WQX-SAR-LAKE-G-20-2,test,2024-08,2024-10,2,0.78125,0.6723921482916921,0.9436673432588577,0.2986119376677986,True,very_high,0.8529532551765442
150,2024-04,2026-03,wqp,wqp:21FLSFWM_WQX-10296,test,2024-08,2024-10,2,0.78125,0.6694868498016149,0.9328416049480437,0.28162209504897845,True,very_high,0.8552035689353943
151,2024-04,2026-03,wqp,wqp:21SC60WQ_WQX-CW-057,test,2024-06,2024-08,2,0.78125,0.6319488056469709,0.9573436081409452,0.25139211195877953,True,very_high,0.7346636652946472
152,2024-04,2026-03,wqp,wqp:21SC60WQ_WQX-S-311,test,2024-06,2024-08,2,0.78125,0.6300436190795153,0.8640483021736145,0.24399382307621809,True,very_high,0.6304172873497009
153,2024-04,2026-03,wqp,wqp:OOPBLO-TL-02,test,2024-06,2024-08,2,0.78125,0.6588214295916259,0.8609218835830686,0.23612782114059658,True,very_high,0.778869092464447
154,2024-04,2026-03,wqp,wqp:21FLSWFD_WQX-23169,test,2024-08,2024-10,2,0.78125,0.6332603541668504,0.8825122714042664,0.235702237796796,True,very_high,0.8350000381469727
155,2024-04,2026-03,wqp,wqp:21FLMAIT_WQX-LAKE WAUMPI,test,2024-05,2024-07,2,0.78125,0.6177342749433592,0.8695658445358275,0.22976538908669283,True,very_high,0.8288333415985107
156,2024-04,2026-03,wqp,wqp:21FLSJWM_WQX-44192,test,2024-07,2024-09,2,0.78125,0.6322791178245097,0.8550576925277708,0.22766285183451967,True,very_high,0.5204654932022095
157,2024-04,2026-03,wqp,wqp:21SCSANT_WQX-SC-022,test,2024-07,2024-09,2,0.78125,0.6153877761680633,0.81990407705307,0.20994299375899506,True,very_high,0.8196799755096436
158,2024-04,2026-03,wqp,wqp:21FLSFWM_WQX-11570,test,2024-08,2024-10,2,0.765625,0.6563328525517136,0.9094289541244507,0.2799984529098837,True,very_high,0.8381026387214661
159,2024-04,2026-03,wqp,wqp:21FLSFWM_WQX-49084,test,2024-08,2024-10,2,0.765625,0.6455729394219816,0.9423927873373031,0.26445943430588525,True,very_high,0.8808069825172424
160,2024-04,2026-03,wqp,wqp:21FLSJWM_WQX-44488,test,2024-06,2024-08,2,0.765625,0.6463319937465712,0.8710277915000915,0.263055108454107,True,very_high,0.6516261100769043
161,2024-04,2026-03,wqp,wqp:CAPECRD_WQX-262,test,2024-06,2024-08,2,0.765625,0.6437373873777688,0.9121868848800659,0.2628453339637382,True,very_high,0.6380294561386108
162,2024-04,2026-03,wqp,wqp:21FLSJWM_WQX-44673,test,2024-08,2024-10,2,0.765625,0.64809759426862,0.9101906746625898,0.2587468930913223,True,very_high,0.8540071845054626
163,2024-04,2026-03,wqp,wqp:21DELAWQ_WQX-208211,test,2024-05,2024-07,2,0.765625,0.6493700388818979,0.8854627579450607,0.2558113082260774,True,very_high,0.8328531384468079
164,2024-04,2026-03,wqp,wqp:21FLKWAT_WQX-VOL-WATERFORD-2,test,2024-06,2024-08,2,0.765625,0.643681755522266,0.8851039707660675,0.2519908028647392,True,very_high,0.8114336133003235
165,2024-04,2026-03,wqp,wqp:21FLKWAT_WQX-HIL-EAST-3,test,2024-07,2024-09,2,0.765625,0.6327088652178645,0.889564174413681,0.24983595599388495,True,very_high,0.5493119359016418
166,2024-04,2026-03,wqp,wqp:CHOCNATWQX-TW2-001,test,2024-06,2024-08,2,0.765625,0.6300088325515389,0.9195591092109678,0.248716455093566,True,very_high,0.492095947265625
167,2024-04,2026-03,wqp,wqp:21FLKWAT_WQX-ORA-WAUNATTA-1,test,2024-06,2024-08,2,0.765625,0.6260883109644055,0.87067132294178,0.23495809033635895,True,very_high,0.7439990043640137
168,2024-04,2026-03,wqp,wqp:21FLKWAT_WQX-ORA-ROSE-2,test,2024-06,2024-08,2,0.765625,0.6191555918194354,0.8796206712722778,0.2299301223068255,True,very_high,0.4808577001094818
169,2024-04,2026-03,wqp,wqp:OOPBLO-TL-01,test,2024-06,2024-08,2,0.765625,0.6169837254565209,0.8406168818473816,0.21768933581510724,True,very_high,0.7916666865348816
170,2024-04,2026-03,wqp,wqp:21FLCHCO_WQX-MC2048A03,test,2024-07,2024-09,2,0.75,0.6228858045506058,0.9746105790138243,0.2685348781486038,True,high,0.6544115543365479
171,2024-04,2026-03,wqp,wqp:21FLSWFD_WQX-23152,test,2024-08,2024-10,2,0.75,0.5961128922645003,0.896918100118637,0.21944862504825868,True,high,0.8429166674613953
172,2024-04,2026-03,wqp,wqp:21VASWCB-8-NAR058.66,test,2024-06,2024-08,2,0.734375,0.631808468257077,0.9490457415580749,0.26721335917104266,True,high,0.8013579845428467
173,2024-04,2026-03,wqp,wqp:USGS-384200118431901,test,2024-04,2024-06,2,0.734375,0.630622377153486,0.9198352217674255,0.258920963947457,True,high,0.6283323168754578
174,2024-04,2026-03,wqp,wqp:21FLLCPC_WQX-GRIFFINTISH,test,2024-07,2024-09,2,0.734375,0.6300733254756778,0.948724257946014,0.2512266876472675,True,high,0.5166522264480591
175,2024-04,2026-03,wqp,wqp:21FLGTM_WQX-GTMLMNUT,test,2024-08,2024-10,2,0.734375,0.6206359940115362,0.9050560206174849,0.24470650741000882,True,high,0.6535961031913757
176,2024-04,2026-03,wqp,wqp:CAPECRD_WQX-290,test,2024-06,2024-08,2,0.734375,0.6232051459373906,0.8746871173381805,0.2251986399676948,True,high,0.7586014866828918
177,2024-04,2026-03,wqp,wqp:21FLSJWM_WQX-45399,test,2024-08,2024-10,2,0.734375,0.5833167992532253,0.8475128114223479,0.20128216691280973,True,high,0.7665310502052307
178,2024-04,2026-03,wqp,wqp:21FLMAIT_WQX-LAKE GEM,test,2024-07,2024-09,2,0.734375,0.5829461358953267,0.8291497409343719,0.19789196088887412,True,high,0.6077403426170349
179,2024-04,2026-03,wqp,wqp:21SCSANT_WQX-SC-023A,test,2024-06,2024-08,2,0.734375,0.5913031611125916,0.8339655965566634,0.1978374057125792,True,high,0.6157919764518738
180,2024-04,2026-03,wqp,wqp:21FLSABR_WQX-BAY-DEERPOIN-2,test,2024-08,2024-10,2,0.734375,0.6054154154844582,0.7962636321783065,0.19770314571739225,True,high,0.754314661026001
181,2024-04,2026-03,wqp,wqp:21FLSABR_WQX-BAY-PARKER-BAYOU-1,test,2024-07,2024-09,2,0.734375,0.5943231548881158,0.8206510126590728,0.19374774201018757,True,high,0.6386129856109619
182,2024-04,2026-03,wqp,wqp:21FLGTM_WQX-GTMLSNUT,test,2024-08,2024-10,2,0.71875,0.6104777979198843,0.8473629504442215,0.21414956303579155,True,high,0.695888340473175
183,2024-04,2026-03,wqp,wqp:USGS-383903118425301,test,2024-04,2024-06,2,0.703125,0.6211950515862554,0.8968235492706299,0.2339395333061568,True,high,0.6196938753128052
184,2024-04,2026-03,wqp,wqp:21FLSFWM_WQX-17757,test,2024-06,2024-08,2,0.703125,0.6059933071956038,0.886217188835144,0.21966102314354263,True,high,0.5580134391784668
185,2024-04,2026-03,wqp,wqp:21FLSABR_WQX-BAY-DEERPOIN-3,test,2024-08,2024-10,2,0.703125,0.5970280834008008,0.8471287041902542,0.2036328127550489,True,high,0.7664287686347961
186,2024-04,2026-03,wqp,wqp:21DELAWQ_WQX-208181,test,2024-05,2024-07,2,0.703125,0.5911805944051594,0.8168982267379761,0.19775963433360308,True,high,0.5759232044219971
187,2024-04,2026-03,wqp,wqp:21FLKWAT_WQX-HIL-JAMES-3,test,2024-06,2024-08,2,0.703125,0.5622108832467347,0.8076792776584625,0.1822806151806741,True,high,0.4141712188720703
188,2024-04,2026-03,wqp,wqp:21SC60WQ_WQX-SV-268,test,2024-08,2024-10,2,0.6875,0.5986007964238524,0.9332091391086575,0.22010492933378414,True,high,0.8408690094947815
189,2024-04,2026-03,wqp,wqp:21SC60WQ_WQX-S-280,test,2024-06,2024-08,2,0.6875,0.5812199430074543,0.8591300427913666,0.21493587792486796,True,high,0.4486578404903412
190,2024-04,2026-03,wqp,wqp:21FLKWAT_WQX-COL-ISLANDWALK-8,test,2024-06,2024-08,2,0.6875,0.5907414258690551,0.9039591550827024,0.2091920051440298,True,high,0.7185118794441223
191,2024-04,2026-03,wqp,wqp:21SC60WQ_WQX-S-024,test,2024-07,2024-09,2,0.6875,0.596884185099043,0.845550763607025,0.20819283568826374,True,high,0.5729424357414246
192,2024-04,2026-03,wqp,wqp:WIDNR_WQX-10038098,test,2024-06,2024-08,2,0.6875,0.5728442904073745,0.8127822518348693,0.17964164818138012,True,high,0.6579365134239197
193,2024-04,2026-03,wqp,wqp:21FLSJWM_WQX-44196,test,2024-08,2024-10,2,0.671875,0.5728899661917239,0.8533109545707701,0.18748861530216682,True,high,0.7404208183288574
194,2024-04,2026-03,wqp,wqp:21FLORAN_WQX-HB65,test,2024-06,2024-08,2,0.671875,0.5692691393196583,0.824074327945709,0.17983667557657937,True,high,0.5413857102394104
195,2024-04,2026-03,wqp,wqp:21FLORAN_WQX-HB67,test,2024-06,2024-08,2,0.671875,0.5215567428385839,0.7977172583341597,0.1536562451716401,True,high,0.5998182892799377
196,2024-04,2026-03,wqp,wqp:21FLSFWM_WQX-49088,test,2024-08,2024-10,2,0.65625,0.6121091226814315,0.9575544476509094,0.24308647671391853,True,high,0.8494073748588562
197,2024-04,2026-03,wqp,wqp:21FLKWAT_WQX-IND-BLUE CYPR-2,test,2024-06,2024-08,2,0.65625,0.5940965367481112,0.8922601699829101,0.22746108913201993,True,high,0.6364536285400391
198,2024-04,2026-03,aquamatch_chla,aquamatch_chla:21VASWCB-2-JMS074.44,test,2024-04,2024-06,2,0.65625,0.5729783379938453,0.8338432073593139,0.1866561630531568,True,high,0.3685215413570404
199,2024-04,2026-03,wqp,wqp:21SC60WQ_WQX-CW-208,test,2024-08,2024-10,2,0.65625,0.5428160051815212,0.823153257369995,0.17439549584246095,True,high,0.6829310059547424
200,2024-04,2026-03,wqp,wqp:21VASWCB-8-PMC007.15,test,2024-08,2024-10,2,0.640625,0.6014357580570504,0.9309648245573042,0.25976359593712467,True,high,0.8059179186820984
201,2024-04,2026-03,wqp,wqp:21FLLCPC_WQX-YALEMARSHPK,test,2024-07,2024-09,2,0.640625,0.5861173062585294,0.8774619728326798,0.2189842535872962,True,high,0.5703333020210266
202,2024-04,2026-03,wqp,wqp:21FLKWAT_WQX-ORA-FAIRVIEW-4,test,2024-06,2024-08,2,0.640625,0.5728840539231896,0.8579455405473709,0.2157949269836879,True,high,0.8357833027839661
203,2024-04,2026-03,wqp,wqp:21FLKWAT_WQX-HIL-EAST-2,test,2024-07,2024-09,2,0.640625,0.5738310817396268,0.8757822036743161,0.20607074153617913,True,high,0.5323443412780762
204,2024-04,2026-03,wqp,wqp:21FLKWAT_WQX-COL-ISLANDWALK-2,test,2024-06,2024-08,2,0.640625,0.5680473212851211,0.8361130267381668,0.1941469824824557,True,high,0.5400915741920471
205,2024-04,2026-03,wqp,wqp:21FLKWAT_WQX-ORA-ROSE-3,test,2024-06,2024-08,2,0.640625,0.5509498463943601,0.8597062736749649,0.18577566426461478,True,high,0.4337199628353119
206,2024-04,2026-03,wqp,wqp:21FLSJWM_WQX-44126,test,2024-08,2024-10,2,0.640625,0.5489985831081867,0.7779019087553024,0.17011002373356576,True,high,0.5538986921310425
207,2024-04,2026-03,wqp,wqp:21SC60WQ_WQX-CW-230,test,2024-06,2024-08,2,0.640625,0.5559775338042527,0.7885265141725539,0.1688036826683989,True,high,0.556614100933075
208,2024-04,2026-03,wqp,wqp:CHOCNATWQX-LNW-003,test,2024-04,2024-06,2,0.625,0.5760209365689661,0.9160853952169419,0.2208318120781801,True,high,0.48283329606056213
209,2024-04,2026-03,wqp,wqp:21AWIC-129,test,2024-06,2024-08,2,0.625,0.5763946105143987,0.8702147364616393,0.21140244449323503,True,high,0.7009772658348083
210,2024-04,2026-03,wqp,wqp:21FLCBA_WQX-WAL-LITTLERE-3,test,2024-07,2024-09,2,0.625,0.5634995769942179,0.8642464101314544,0.2086477966818786,True,high,0.807812511920929
211,2024-04,2026-03,wqp,wqp:21FLSFWM_WQX-17777,test,2024-06,2024-08,2,0.625,0.566618341486901,0.8829833924770354,0.19776609083755498,True,high,0.5519655346870422
212,2024-04,2026-03,wqp,wqp:21SC60WQ_WQX-CL-069,test,2024-06,2024-08,2,0.625,0.5676400295924395,0.8444848746061323,0.190783059032696,True,high,0.5123443007469177
213,2024-04,2026-03,wqp,wqp:21SCSANT_WQX-SC-040,test,2024-06,2024-08,2,0.625,0.5811514281667769,0.8244358211755751,0.18981964859502762,True,high,0.6540670990943909
214,2024-04,2026-03,wqp,wqp:21SC60WQ_WQX-S-131,test,2024-08,2024-10,2,0.625,0.5612306180410087,0.8361301094293594,0.186086572340796,True,high,0.617590606212616
215,2024-04,2026-03,wqp,wqp:21SC60WQ_WQX-CW-207B,test,2024-08,2024-10,2,0.625,0.562348670209758,0.7964567214250564,0.1835241883740456,True,high,0.7117999196052551
216,2024-04,2026-03,wqp,wqp:21SC60WQ_WQX-S-022,test,2024-07,2024-09,2,0.625,0.5429287005681545,0.8570133388042447,0.1808038198820472,True,high,0.520925760269165
217,2024-04,2026-03,wqp,wqp:21DELAWQ_WQX-301021,test,2024-05,2024-07,2,0.625,0.557164239929989,0.8426278471946713,0.1793185930729025,True,high,0.5106000900268555
218,2024-04,2026-03,wqp,wqp:21FLCBA_WQX-WAL-MORRIS-2,test,2024-06,2024-08,2,0.625,0.5380605842510704,0.8310851156711578,0.17784069530481733,True,high,0.7959969639778137
219,2024-04,2026-03,wqp,wqp:USGS-294607095042700,test,2025-08,2025-10,2,0.625,0.5458514380734414,0.7837363302707671,0.16476022998309992,True,high,0.6286077499389648
220,2024-04,2026-03,wqp,wqp:USGS-421420121481700,test,2025-08,2025-10,2,0.609375,0.5510694104013965,0.9038059115409849,0.20545215769475927,True,high,0.8745875358581543
221,2024-04,2026-03,wqp,wqp:21FLCBA_WQX-WAL-OYSTER-3,test,2024-06,2024-08,2,0.609375,0.5387655404629186,0.8556377053260802,0.18345655785936377,True,high,0.7027573585510254
222,2024-04,2026-03,wqp,wqp:21FLMAIT_WQX-LAKE MINNEHAHA,test,2024-07,2024-09,2,0.609375,0.5302554507507011,0.85332136452198,0.16904642908632994,True,high,0.5474396347999573
223,2024-04,2026-03,wqp,wqp:21FLKWAT_WQX-HIL-JAMES-2,test,2024-06,2024-08,2,0.609375,0.5370915816165507,0.8023407757282256,0.16859029176441076,True,high,0.44656428694725037
224,2024-04,2026-03,wqp,wqp:21FLSEM_WQX-ML01,test,2024-07,2024-09,2,0.59375,0.5381724322505761,0.9052411615848537,0.22815214695552788,True,high,0.46945786476135254
225,2024-04,2026-03,wqp,wqp:USGS-415026070563603,test,2025-08,2025-10,2,0.59375,0.5278225776273757,0.7985404223203658,0.15766356280220645,True,high,0.7750000357627869
226,2024-04,2026-03,wqp,wqp:21FLSJWM_WQX-44154,test,2024-07,2024-09,2,0.578125,0.5491107197594829,0.9263776391744613,0.22300767587958925,True,high,0.7109559178352356
227,2024-04,2026-03,wqp,wqp:CHOCNATWQX-TW2-003,test,2024-06,2024-08,2,0.578125,0.5601683521526866,0.8916644483804702,0.20001347299234237,True,high,0.44583332538604736
228,2024-04,2026-03,wqp,wqp:21FLKWAT_WQX-HIL-MAURINE-2,test,2024-07,2024-09,2,0.578125,0.5226939483545721,0.8535391926765438,0.16682826469498116,True,high,0.4579755365848541
229,2024-04,2026-03,wqp,wqp:21SC60WQ_WQX-CW-201,test,2024-06,2024-08,2,0.578125,0.5443516165250912,0.7954628437757492,0.16358261979573227,True,high,0.5212752223014832
230,2024-04,2026-03,wqp,wqp:21SC60WQ_WQX-S-279,test,2024-06,2024-08,2,0.578125,0.5233694243943319,0.8050697624683378,0.16347059037815231,True,high,0.5273342132568359
231,2024-04,2026-03,wqp,wqp:21FLSABR_WQX-BAY-DEERPOIN-1,test,2024-08,2024-10,2,0.578125,0.5439359568990767,0.7867971956729888,0.16188085778945227,True,high,0.7389492988586426
232,2024-04,2026-03,wqp,wqp:21FLMAIT_WQX-LAKE DESTINY,test,2024-07,2024-09,2,0.578125,0.5259377647307701,0.7650551825761795,0.15992592370557576,True,high,0.49788203835487366
233,2024-04,2026-03,wqp,wqp:21FLKWAT_WQX-IND-BLUE CYPR-3,test,2024-06,2024-08,2,0.5625,0.5401895000832155,0.8535125613212585,0.1764922778881828,True,high,0.5057292580604553
234,2024-04,2026-03,wqp,wqp:CHOCNATWQX-LNW-001,test,2024-04,2024-06,2,0.5625,0.5315202665515244,0.8331553131341934,0.1743563374570067,True,high,0.4074476957321167
235,2024-04,2026-03,wqp,wqp:21FLSJWM_WQX-44678,test,2024-08,2024-10,2,0.5625,0.5395562988705933,0.8061705380678176,0.17235895111410113,True,high,0.7411589026451111
236,2024-04,2026-03,wqp,wqp:21SC60WQ_WQX-SV-372,test,2026-02,2026-04,2,0.5625,0.5194692601216957,0.8563643783330918,0.17221382682972633,True,high,0.16685183346271515
237,2024-04,2026-03,wqp,wqp:21FLORAN_WQX-HB53,test,2024-06,2024-08,2,0.5625,0.5214659461053088,0.8275312304496762,0.16874589218134967,True,high,0.4603703022003174
238,2024-04,2026-03,wqp,wqp:21FLORAN_WQX-HB68,test,2024-06,2024-08,2,0.5625,0.5132321713026613,0.8313983887434006,0.16560966598926863,True,high,0.558551549911499
239,2024-04,2026-03,wqp,wqp:21SC60WQ_WQX-CL-089,test,2024-08,2024-10,2,0.5625,0.5257521545281634,0.7895619243383406,0.16037762967718944,True,high,0.5757307410240173
240,2024-04,2026-03,aquamatch_chla,aquamatch_chla:21VASWCB-2-JMS075.04,test,2024-04,2024-06,2,0.5625,0.5304015562869608,0.7628038197755812,0.15060587883822252,True,high,0.28072503209114075
241,2024-04,2026-03,wqp,wqp:21FLSJWM_WQX-44158,test,2024-08,2024-10,2,0.546875,0.5203602351248264,0.8618240892887115,0.17312412349521278,True,high,0.550000011920929
242,2024-04,2026-03,wqp,wqp:21FLCBA_WQX-WAL-OYSTER-2,test,2024-06,2024-08,2,0.546875,0.5174185640644282,0.8562076210975645,0.17133264325002023,True,high,0.4203747808933258
243,2024-04,2026-03,wqp,wqp:21FLKWAT_WQX-SEM-CLEAR-1,test,2024-07,2024-09,2,0.546875,0.5131886572344229,0.8142515987157819,0.16023475686271504,True,high,0.5225468277931213
244,2024-04,2026-03,wqp,wqp:USGS-414851070565701,test,2025-08,2025-10,2,0.546875,0.5182167288148776,0.7876881003379821,0.1496308996571497,True,high,0.7750000357627869
245,2024-04,2026-03,wqp,wqp:21SC60WQ_WQX-LCR-02,test,2024-08,2024-10,2,0.53125,0.5141206147382036,0.8665095150470732,0.17160681448354245,True,high,0.4684276580810547
246,2024-04,2026-03,aquamatch_chla,aquamatch_chla:21VASWCB-3-RPP051.01,test,2024-04,2024-06,2,0.53125,0.5355961301829666,0.8344382911920547,0.17100696802673032,True,high,0.32981520891189575
247,2024-04,2026-03,wqp,wqp:CHOCNATWQX-TW2-002,test,2024-06,2024-08,2,0.53125,0.5187677899375558,0.8006674647331237,0.15530105691199508,True,high,0.4139196574687958
248,2024-04,2026-03,wqp,wqp:CHOCNATWQX-LNW-002,test,2024-04,2024-06,2,0.53125,0.5179755404824391,0.7778124064207075,0.1525464917536143,True,high,0.4403809607028961
249,2024-04,2026-03,wqp,wqp:21SC60WQ_WQX-S-211,test,2024-06,2024-08,2,0.53125,0.466885803733021,0.7663899481296539,0.13448543589188172,True,high,0.4996119737625122
250,2024-04,2026-03,wqp,wqp:CHOCNATWQX-SAR-003,test,2024-04,2024-06,2,0.515625,0.5387919505592436,0.9385684251785278,0.20772314350748966,True,high,0.44809046387672424
251,2024-04,2026-03,wqp,wqp:USGS-294643095035200,test,2025-08,2025-10,2,0.515625,0.5401695949258283,0.8506899207830428,0.1840311274697889,True,high,0.5964135527610779
252,2024-04,2026-03,wqp,wqp:21SC60WQ_WQX-CW-174,test,2024-06,2024-08,2,0.515625,0.5074355877004564,0.8655083864927291,0.17094774946752966,True,high,0.5007407069206238
253,2024-04,2026-03,wqp,wqp:21FLKWAT_WQX-VOL-WATERFORD-3,test,2024-06,2024-08,2,0.515625,0.5155496014049277,0.8677258670330047,0.16847589381705072,True,high,0.708402156829834
254,2024-04,2026-03,wqp,wqp:21FLKWAT_WQX-HIL-MAURINE-1,test,2024-07,2024-09,2,0.515625,0.5159063264727592,0.7588181823492051,0.14830426451451817,True,high,0.5192556977272034
255,2024-04,2026-03,wqp,wqp:21SC60WQ_WQX-SV-236,test,2024-08,2024-10,2,0.515625,0.4749289461178705,0.7434096187353134,0.12879858691862936,True,high,0.5498318672180176
256,2024-04,2026-03,wqp,wqp:21SC60WQ_WQX-CL-041,test,2024-06,2024-08,2,0.515625,0.4664872825378552,0.7635456800460813,0.125909808221282,True,high,0.38333332538604736
257,2024-04,2026-03,wqp,wqp:21FLLCPC_WQX-HARRISLKWSH,test,2024-04,2024-06,2,0.5,0.5181753786746413,0.8160118728876112,0.15928364573745896,True,elevated,0.4708682596683502
258,2024-04,2026-03,wqp,wqp:21SC60WQ_WQX-SV-200,test,2024-06,2024-08,2,0.5,0.5008784889942035,0.8155378878116607,0.15026730391334328,True,elevated,0.4073333442211151
259,2024-04,2026-03,wqp,wqp:21FLCBA_WQX-WAL-EASTERN-3,test,2024-06,2024-08,2,0.5,0.4613027611922007,0.7870215952396391,0.1451984739084308,True,elevated,0.5685896873474121
260,2024-04,2026-03,wqp,wqp:21SCSANT_WQX-SC-030,test,2024-07,2024-09,2,0.5,0.4935788252623752,0.7767554730176924,0.14029527519369345,True,elevated,0.4179493188858032
261,2024-04,2026-03,wqp,wqp:21FLMAIT_WQX-LAKE NINA,test,2024-07,2024-09,2,0.484375,0.48506023245863616,0.808258146047592,0.13915875364021824,False,elevated,0.4669094979763031
262,2024-04,2026-03,aquamatch_chla,aquamatch_chla:21VASWCB-2-JMS087.01,test,2024-04,2024-06,2,0.484375,0.4876957694068551,0.787383100390434,0.13712018355342698,False,elevated,0.18111176788806915
263,2024-04,2026-03,wqp,wqp:21FLCBA_WQX-WAL-MORRIS-1,test,2024-06,2024-08,2,0.46875,0.47263885504798964,0.8821911245584487,0.1677974597071557,False,elevated,0.39438095688819885
264,2024-04,2026-03,wqp,wqp:21FLKWAT_WQX-HIL-MAURINE-3,test,2024-07,2024-09,2,0.46875,0.4896367872133851,0.8097447097301481,0.15140349129872202,False,elevated,0.46181735396385193
265,2024-04,2026-03,wqp,wqp:21FLKWAT_WQX-HIL-JAMES-1,test,2024-06,2024-08,2,0.46875,0.498746597499121,0.7800213009119034,0.14867610169124756,False,elevated,0.4141712188720703
266,2024-04,2026-03,wqp,wqp:DOEE-KNG02,test,2024-08,2024-10,2,0.46875,0.48948956292588264,0.7820373505353928,0.1419647107413773,False,elevated,0.6820477843284607
267,2024-04,2026-03,wqp,wqp:21FLCBA_WQX-WAL-GRAYTON-3,test,2024-06,2024-08,2,0.46875,0.48205250001046807,0.7797365188598631,0.1389377246540293,False,elevated,0.7128689289093018
268,2024-04,2026-03,wqp,wqp:21FLCBA_WQX-WAL-CAMPBELL-1,test,2024-06,2024-08,2,0.46875,0.47868069901596755,0.767029732465744,0.13354394094285937,False,elevated,0.6999004483222961
269,2024-04,2026-03,wqp,wqp:21FLORAN_WQX-HB55,test,2024-06,2024-08,2,0.453125,0.49585568357724696,0.8223716974258423,0.1537883591887627,False,elevated,0.5117831826210022
270,2024-04,2026-03,wqp,wqp:21SC60WQ_WQX-SV-374,test,2024-08,2024-10,2,0.453125,0.508105292567052,0.8023615956306455,0.14867287091927184,False,elevated,0.5248035788536072
271,2024-04,2026-03,wqp,wqp:21FLSJWM_WQX-44599,test,2024-07,2024-09,2,0.453125,0.48962511389981955,0.8155726701021194,0.14310759768353315,False,elevated,0.46964231133461
272,2024-04,2026-03,wqp,wqp:21FLSJWM_WQX-45143,test,2024-06,2024-08,2,0.453125,0.4626714458427159,0.7443445414304731,0.13371591735234706,False,elevated,0.33524656295776367
273,2024-04,2026-03,wqp,wqp:21FLCBA_WQX-WAL-EASTERN-1,test,2024-06,2024-08,2,0.4375,0.4809057856036816,0.8627081692218779,0.15130527462554694,False,elevated,0.5914047360420227
274,2024-04,2026-03,aquamatch_chla,aquamatch_chla:21VASWCB-2-APP001.53,test,2024-04,2024-06,2,0.4375,0.47839037305675447,0.7391500890254974,0.13246166906716525,False,elevated,0.1666666716337204
275,2024-04,2026-03,wqp,wqp:21FLCBA_WQX-WAL-CAMPBELL-3,test,2024-06,2024-08,2,0.4375,0.44292478817806114,0.7862439662218094,0.13030868683728855,False,elevated,0.38404902815818787
276,2024-04,2026-03,aquamatch_chla,aquamatch_chla:21VASWCB-3-RPP042.12,test,2024-04,2024-06,2,0.4375,0.45834624068811536,0.6946176916360854,0.12171117970355118,False,elevated,0.42363372445106506
277,2024-04,2026-03,wqp,wqp:21FLMAIT_WQX-LAKE LOVE,test,2024-05,2024-07,2,0.4375,0.43648282121284865,0.7488865733146666,0.11592229089636275,False,elevated,0.4137463867664337
278,2024-04,2026-03,wqp,wqp:21FLLCPC_WQX-MINNEOLAWFP,test,2024-05,2024-07,2,0.421875,0.4701882612425834,0.8967607021331786,0.1966578838741461,False,elevated,0.4352381229400635
279,2024-04,2026-03,wqp,wqp:21FLKWAT_WQX-SEM-CLEAR-2,test,2024-07,2024-09,2,0.421875,0.47330929921008646,0.724425294995308,0.13520308413046989,False,elevated,0.46781352162361145
280,2024-04,2026-03,wqp,wqp:21SC60WQ_WQX-S-213,test,2024-06,2024-08,2,0.421875,0.47863182285800576,0.762414664030075,0.13438602781427347,False,elevated,0.455949068069458
281,2024-04,2026-03,wqp,wqp:21FLMAIT_WQX-LAKE SHADOW,test,2024-07,2024-09,2,0.421875,0.4584625608549686,0.7365592211484909,0.13406392964985467,False,elevated,0.4094475209712982
282,2024-04,2026-03,wqp,wqp:21SC60WQ_WQX-SV-361,test,2024-06,2024-08,2,0.421875,0.467269079410471,0.7375278800725935,0.12422567025508521,False,elevated,0.38333332538604736
283,2024-04,2026-03,wqp,wqp:21FLMAIT_WQX-LAKE LOCH LOMOND,test,2024-07,2024-09,2,0.421875,0.4353040382702602,0.7379666984081268,0.11664812453593809,False,elevated,0.38284191489219666
284,2024-04,2026-03,wqp,wqp:21FLCBA_WQX-WAL-OYSTER-1,test,2024-06,2024-08,2,0.40625,0.4563663699082099,0.8559805512428283,0.14451827273588225,False,elevated,0.42135870456695557
285,2024-04,2026-03,wqp,wqp:21FLMAIT_WQX-PARK LAKE,test,2024-07,2024-09,2,0.40625,0.4526250980561599,0.7629974275827407,0.12155507189767754,False,elevated,0.3903738260269165
286,2024-04,2026-03,wqp,wqp:21FLMAIT_WQX-HARVEST LAKE,test,2024-05,2024-07,2,0.40625,0.44272567180451006,0.7488243103027343,0.12152958963357213,False,elevated,0.37208104133605957
287,2024-04,2026-03,wqp,wqp:21FLORAN_WQX-HB70,test,2024-06,2024-08,2,0.40625,0.443592455732869,0.7480937361717223,0.1213186774744566,False,elevated,0.4196498692035675
288,2024-04,2026-03,wqp,wqp:21FLCBA_WQX-WAL-ERN NORTH-2,test,2024-04,2024-06,2,0.40625,0.41374053282197565,0.7541938900947569,0.11516439165235892,False,elevated,0.37011608481407166
289,2024-04,2026-03,wqp,wqp:21SC60WQ_WQX-SV-363,test,2024-06,2024-08,2,0.390625,0.4393582367920317,0.7714573323726653,0.1203879002567939,False,elevated,0.3086666762828827
290,2024-04,2026-03,wqp,wqp:21SC60WQ_WQX-B-339,test,2024-08,2024-10,2,0.390625,0.4426705263322219,0.7127378612756727,0.1154790179181164,False,elevated,0.5651500821113586
291,2024-04,2026-03,wqp,wqp:21FLKWAT_WQX-OSC-FISH-1,test,2024-06,2024-08,2,0.390625,0.45085082354489714,0.6815551191568374,0.11505543396045065,False,elevated,0.1799362748861313
292,2024-04,2026-03,wqp,wqp:21FLKWAT_WQX-OSC-CENTER-2,test,2024-06,2024-08,2,0.375,0.4498748070327565,0.7008715540170669,0.116735542394834,False,elevated,0.34437093138694763
293,2024-04,2026-03,wqp,wqp:21FLKWAT_WQX-HIG-REDBEACH-2,test,2024-06,2024-08,2,0.375,0.4333721947623417,0.7068249285221099,0.11336036120754552,False,elevated,0.33858418464660645
294,2024-04,2026-03,wqp,wqp:21FLKWAT_WQX-HIG-REDBEACH-3,test,2024-06,2024-08,2,0.375,0.4383965488523245,0.7197252988815306,0.11281925970927444,False,elevated,0.32317814230918884
295,2024-04,2026-03,wqp,wqp:21FLCBA_WQX-WAL-DEER-1,test,2024-07,2024-09,2,0.359375,0.40537619644601364,0.8705299228429791,0.15737040846605316,False,elevated,0.16974012553691864
296,2024-04,2026-03,wqp,wqp:21FLKWAT_WQX-PUT-BROWARD-1,test,2024-05,2024-07,2,0.359375,0.4462238884298131,0.8228144764900205,0.1290876855804548,False,elevated,0.5205684304237366
297,2024-04,2026-03,wqp,wqp:DOEE-KNG01,test,2024-08,2024-10,2,0.359375,0.445273315301165,0.7126310050487518,0.1193648754556631,False,elevated,0.6711292862892151
298,2024-04,2026-03,wqp,wqp:USGS-380924121301901,test,2024-08,2024-10,2,0.359375,0.4162361509515904,0.8032838016748425,0.11865754364916747,False,elevated,0.21650944650173187
299,2024-04,2026-03,wqp,wqp:21FLMAIT_WQX-LAKE FAITH,test,2024-05,2024-07,2,0.359375,0.42526946813450195,0.7149372220039367,0.11417649148512751,False,elevated,0.3472372591495514
300,2024-04,2026-03,wqp,wqp:CHOCNATWQX-SAR-001,test,2024-04,2024-06,2,0.359375,0.42345891217701137,0.7354808509349822,0.10816478672168477,False,elevated,0.3662292957305908
301,2024-04,2026-03,wqp,wqp:21FLCBA_WQX-WAL-MORRIS-3,test,2024-06,2024-08,2,0.34375,0.4457645966904238,0.8333333134651184,0.14422114797486646,False,elevated,0.43298229575157166
302,2024-04,2026-03,wqp,wqp:CHOCNATWQX-SAR-002,test,2024-04,2024-06,2,0.34375,0.4557169909821823,0.8333333134651184,0.13721319507155172,False,elevated,0.38019314408302307
303,2024-04,2026-03,wqp,wqp:21FLMAIT_WQX-HUNGERFORD LAKE,test,2024-07,2024-09,2,0.34375,0.40840146195841953,0.8107158184051513,0.129148215767649,False,elevated,0.2981624901294708
304,2024-04,2026-03,wqp,wqp:21FLKWAT_WQX-IND-BLUE CYPR-1,test,2024-06,2024-08,2,0.34375,0.46459761122241616,0.785194021463394,0.12540438623501288,False,elevated,0.40110036730766296
305,2024-04,2026-03,wqp,wqp:21FLCBA_WQX-WAL-ERN NORTH-3,test,2024-04,2024-06,2,0.34375,0.4298638728214428,0.7955611318349837,0.12225249962932341,False,elevated,0.38064953684806824
306,2024-04,2026-03,wqp,wqp:21FLCBA_WQX-WAL-EASTERN-2,test,2024-06,2024-08,2,0.34375,0.3940426013432443,0.7985645949840545,0.11715682547801173,False,elevated,0.25057604908943176
307,2024-04,2026-03,wqp,wqp:21FLKWAT_WQX-OSC-CENTER-3,test,2024-06,2024-08,2,0.34375,0.4301524155307561,0.7053546160459517,0.10847118660448984,False,elevated,0.27575233578681946
308,2024-04,2026-03,wqp,wqp:21FLKWAT_WQX-HIG-REDBEACH-1,test,2024-06,2024-08,2,0.34375,0.40949740930227563,0.6691176533699036,0.10267003898101265,False,elevated,0.4486362040042877
309,2024-04,2026-03,wqp,wqp:21AWIC-81,test,2024-08,2024-10,2,0.328125,0.4647439954569563,0.8605048537254331,0.13838760666114686,False,elevated,0.5019527077674866
310,2024-04,2026-03,wqp,wqp:21FLCBA_WQX-WAL-GRAYTON-2,test,2024-06,2024-08,2,0.328125,0.41218532941513786,0.7171469926834106,0.11331993915759013,False,elevated,0.5207826495170593
311,2024-04,2026-03,wqp,wqp:21FLCBA_WQX-WAL-TRESCA-1,test,2024-08,2024-10,2,0.328125,0.41126669192453846,0.7480514764785765,0.11048942518749916,False,elevated,0.7375009655952454
312,2024-04,2026-03,wqp,wqp:21FLCBA_WQX-WAL-CAMPBELL-2,test,2024-06,2024-08,2,0.328125,0.38239776611817433,0.748599976301193,0.10715893932844175,False,elevated,0.3508213460445404
313,2024-04,2026-03,wqp,wqp:21FLMAIT_WQX-LAKE CHARITY,test,2024-07,2024-09,2,0.328125,0.3980062358896248,0.7796326875686644,0.104610289256272,False,elevated,0.33964213728904724
314,2024-04,2026-03,wqp,wqp:21SC60WQ_WQX-SV-338,test,2024-06,2024-08,2,0.328125,0.4137604759307578,0.7158961117267607,0.10445449098178616,False,elevated,0.38333332538604736
315,2024-04,2026-03,wqp,wqp:21FLMAIT_WQX-LAKE HOPE,test,2024-07,2024-09,2,0.328125,0.38594371412182227,0.7098111063241958,0.10011824826310659,False,elevated,0.4223569929599762
316,2024-04,2026-03,wqp,wqp:21FLCBA_WQX-WAL-ERN NORTH-1,test,2024-04,2024-06,2,0.328125,0.3940313917119056,0.6909332603216171,0.09984374032161222,False,elevated,0.3669290244579315
317,2024-04,2026-03,wqp,wqp:21FLKWAT_WQX-OSC-CENTER-1,test,2024-06,2024-08,2,0.328125,0.418166232528165,0.6681001812219616,0.09895765021931474,False,elevated,0.34919917583465576
318,2024-04,2026-03,wqp,wqp:21FLMAIT_WQX-LAKE MAITLAND,test,2024-07,2024-09,2,0.3125,0.44297650910448283,0.8869610160589214,0.1369816200538863,False,elevated,0.3821154534816742
319,2024-04,2026-03,wqp,wqp:21FLCBA_WQX-WAL-LITTLERE-2,test,2024-07,2024-09,2,0.3125,0.37655342052130436,0.7454108208417889,0.10905855353942535,False,elevated,0.3235386610031128
320,2024-04,2026-03,wqp,wqp:21FLKWAT_WQX-VOL-WATERFORD-1,test,2024-06,2024-08,2,0.3125,0.3928892564144917,0.7090052306652068,0.0997755045106282,False,elevated,0.22664622962474823
321,2024-04,2026-03,wqp,wqp:21FLKWAT_WQX-VOL-NORTHTAL-1,test,2024-06,2024-08,2,0.3125,0.3975748108350672,0.6571777880191803,0.09804481171801926,False,elevated,0.3432537615299225
322,2024-04,2026-03,wqp,wqp:21FLMAIT_WQX-LAKE LILY,test,2024-07,2024-09,2,0.3125,0.41202295519178733,0.7036089599132538,0.097942795126925,False,elevated,0.3199399411678314
323,2024-04,2026-03,wqp,wqp:21FLKWAT_WQX-PAS-JOVITA-1,test,2024-06,2024-08,2,0.3125,0.35983826757001225,0.6461036413908003,0.09292139932500973,False,elevated,0.1453755497932434
324,2024-04,2026-03,wqp,wqp:21FLKWAT_WQX-COL-ISLANDWALK-3,test,2024-06,2024-08,2,0.296875,0.4283370034536347,0.7377553790807724,0.1107698717479838,False,elevated,0.20949684083461761
325,2024-04,2026-03,wqp,wqp:21FLKWAT_WQX-OSC-FISH-3,test,2024-06,2024-08,2,0.296875,0.43278205941896886,0.7267645001411437,0.10483534483712706,False,elevated,0.13879458606243134
326,2024-04,2026-03,wqp,wqp:21FLKWAT_WQX-BRE-WASHINGT-3,test,2024-06,2024-08,2,0.296875,0.39541347679914907,0.6479891568422316,0.10021278247556811,False,elevated,0.22422285377979279
327,2024-04,2026-03,wqp,wqp:21SC60WQ_WQX-SV-098,test,2024-07,2024-09,2,0.296875,0.409471754450351,0.668731552362442,0.09895981387174196,False,elevated,0.29334795475006104
328,2024-04,2026-03,wqp,wqp:21VASWCB-8-NAR048.61,test,2024-06,2024-08,2,0.296875,0.4048186446307227,0.6796879202127456,0.09589320091113691,False,elevated,0.3454166650772095
329,2024-04,2026-03,wqp,wqp:21SC60WQ_WQX-SV-357,test,2024-07,2024-09,2,0.296875,0.4053295593475923,0.6571525663137433,0.09556750205919096,False,elevated,0.19494317471981049
330,2024-04,2026-03,wqp,wqp:21FLCBA_WQX-WAL-DRAPER-1,test,2024-07,2024-09,2,0.296875,0.37621267908252776,0.7110324472188948,0.09437859230622817,False,elevated,0.38708898425102234
331,2024-04,2026-03,wqp,wqp:21FLKWAT_WQX-VOL-NORTHTAL-3,test,2024-06,2024-08,2,0.28125,0.41780039080185816,0.8068777978420253,0.11620984033269346,False,elevated,0.2212887406349182
332,2024-04,2026-03,wqp,wqp:21FLKWAT_WQX-SEM-CLEAR-3,test,2024-07,2024-09,2,0.28125,0.430944092804566,0.7213921636343001,0.10815710281258842,False,elevated,0.24965234100818634
333,2024-04,2026-03,wqp,wqp:21FLKWAT_WQX-HIL-SILVER-1,test,2024-06,2024-08,2,0.28125,0.4146949633723125,0.6696900844573974,0.10787685572539137,False,elevated,0.2640422284603119
334,2024-04,2026-03,wqp,wqp:21FLMAIT_WQX-LAKE EULALIA,test,2024-07,2024-09,2,0.28125,0.3958377940580249,0.7384945273399351,0.1012240270944259,False,elevated,0.34677770733833313
335,2024-04,2026-03,wqp,wqp:21SC60WQ_WQX-PD-327,test,2024-06,2024-08,2,0.28125,0.39466534287203103,0.6573293298482893,0.09623770277258895,False,elevated,0.22014372050762177
336,2024-04,2026-03,wqp,wqp:21FLCBA_WQX-WAL-GRAYTON-1,test,2024-06,2024-08,2,0.28125,0.363411578029627,0.6922074347734452,0.095951938798504,False,elevated,0.3495141267776489
337,2024-04,2026-03,wqp,wqp:21FLORAN_WQX-LE53,test,2024-06,2024-08,2,0.265625,0.37990911526139826,0.7197124421596526,0.09721249481562183,False,elevated,0.3292228579521179
338,2024-04,2026-03,wqp,wqp:21FLKWAT_WQX-HIL-HOGISLAN-4,test,2024-06,2024-08,2,0.265625,0.3957448381697759,0.6798954129219054,0.09682195083462852,False,elevated,0.23551952838897705
339,2024-04,2026-03,wqp,wqp:21FLKWAT_WQX-ALA-SANTAFBAR-1,test,2024-06,2024-08,2,0.265625,0.38746625056955963,0.6794501304626465,0.09671602884831222,False,elevated,0.37274909019470215
340,2024-04,2026-03,wqp,wqp:21FLKWAT_WQX-HIL-HOGISLAN-1,test,2024-06,2024-08,2,0.265625,0.3856680114986375,0.6562633126974103,0.0961205255839516,False,elevated,0.3225536346435547
341,2024-04,2026-03,wqp,wqp:21FLKWAT_WQX-ALA-SANTAFEPC-1,test,2024-06,2024-08,2,0.265625,0.39119553787168115,0.7375361710786817,0.0954577285433677,False,elevated,0.4270372688770294
342,2024-04,2026-03,wqp,wqp:USGS-02338720,test,2024-11,2025-01,2,0.265625,0.38544012513011694,0.7233228504657742,0.09425446239644546,False,elevated,0.6241798996925354
343,2024-04,2026-03,wqp,wqp:21FLKWAT_WQX-OSC-COON-1,test,2024-06,2024-08,2,0.265625,0.3942691319389269,0.6763914018869399,0.09406908738653527,False,elevated,0.25235024094581604
344,2024-04,2026-03,wqp,wqp:21FLCBA_WQX-WAL-WESTERNN-2,test,2024-07,2024-09,2,0.265625,0.3551056598662399,0.6786900848150252,0.09204848122667045,False,elevated,0.3290039002895355
345,2024-04,2026-03,wqp,wqp:21SC60WQ_WQX-SV-335,test,2024-06,2024-08,2,0.265625,0.384989035082981,0.6315894335508346,0.09160290712389348,False,elevated,0.0833333358168602
346,2024-04,2026-03,wqp,wqp:21FLCBA_WQX-WAL-CAMPCREE-1,test,2024-07,2024-09,2,0.265625,0.3843977963842917,0.6994361042976379,0.09098130526951433,False,elevated,0.16888666152954102
347,2024-04,2026-03,wqp,wqp:21FLMAIT_WQX-LAKE CATHERINE,test,2024-07,2024-09,2,0.265625,0.3638871765433578,0.6685262709856032,0.08933092302725018,False,elevated,0.25416696071624756
348,2024-04,2026-03,wqp,wqp:21FLCBA_WQX-WAL-WESTERNN-1,test,2024-07,2024-09,2,0.265625,0.3577103771167458,0.6866633892059325,0.08872376866969159,False,elevated,0.2876266539096832
349,2024-04,2026-03,wqp,wqp:21FLKWAT_WQX-PAS-JOVITA-3,test,2024-06,2024-08,2,0.265625,0.37438983120955527,0.5795319855213165,0.08639104518491161,False,elevated,0.17684097588062286
350,2024-04,2026-03,wqp,wqp:21FLKWAT_WQX-HIG-GRASSY-3,test,2024-04,2024-06,2,0.25,0.400596710620448,0.6647277861833569,0.094256155643156,False,watch,0.22794204950332642
351,2024-04,2026-03,wqp,wqp:21FLMAIT_WQX-LAKE LUCIEN,test,2024-07,2024-09,2,0.25,0.36596980644389987,0.6212961107492446,0.09330527267036651,False,watch,0.26234325766563416
352,2024-04,2026-03,wqp,wqp:21FLKWAT_WQX-VOL-NORTHTAL-2,test,2024-06,2024-08,2,0.25,0.3835141566814855,0.6816435635089872,0.0903798392440393,False,watch,0.29581212997436523
353,2024-04,2026-03,wqp,wqp:21FLKWAT_WQX-SEM-SILVER-1,test,2024-07,2024-09,2,0.25,0.36271965876221657,0.7026944756507872,0.08573346155667463,False,watch,0.11680451035499573
354,2024-04,2026-03,wqp,wqp:21FLKWAT_WQX-HIL-SILVER-2,test,2024-06,2024-08,2,0.25,0.36511395731940866,0.6789430290460586,0.08566524923887511,False,watch,0.2640773057937622
355,2024-04,2026-03,wqp,wqp:21FLMAIT_WQX-LAKE JACKSON,test,2024-07,2024-09,2,0.25,0.3500964160775766,0.6455766737461089,0.08115549205343374,False,watch,0.262893944978714
356,2024-04,2026-03,wqp,wqp:21FLCBA_WQX-WAL-ALLIGATOR-1,test,2024-07,2024-09,2,0.234375,0.35401227469628793,0.6842947006225586,0.0882474860488728,False,watch,0.22405683994293213
357,2024-04,2026-03,wqp,wqp:21FLKWAT_WQX-HIL-SILVER-3,test,2024-06,2024-08,2,0.234375,0.3630676930770278,0.691827467083931,0.08746208920984153,False,watch,0.21231508255004883
358,2024-04,2026-03,wqp,wqp:21SC60WQ_WQX-SV-340,test,2024-08,2024-10,2,0.234375,0.36723854520823807,0.6015615105628965,0.08161277552302484,False,watch,0.38333332538604736
359,2024-04,2026-03,wqp,wqp:21FLKWAT_WQX-HIL-HOGISLAN-3,test,2024-06,2024-08,2,0.234375,0.35149752045981586,0.6045042306184768,0.0802594112561005,False,watch,0.2563796043395996
360,2024-04,2026-03,wqp,wqp:21FLCBA_WQX-WAL-WESTERNN-3,test,2024-07,2024-09,2,0.21875,0.35476719970756676,0.7213750600814818,0.09438436237074561,False,watch,0.2811611592769623
361,2024-04,2026-03,wqp,wqp:21FLCBA_WQX-WAL-DEER-3,test,2024-07,2024-09,2,0.21875,0.33212009159615263,0.6945077419281004,0.07962904700462908,False,watch,0.25055304169654846
362,2024-04,2026-03,wqp,wqp:21FLCBA_WQX-WAL-ALLIGATOR-4,test,2024-07,2024-09,2,0.203125,0.3274684468342457,0.7906982302665708,0.09619131659183083,False,watch,0.12677189707756042
363,2024-04,2026-03,wqp,wqp:21FLORAN_WQX-HB66,test,2024-06,2024-08,2,0.203125,0.34585015025368193,0.718912926316261,0.08987174674642792,False,watch,0.27522286772727966
364,2024-04,2026-03,wqp,wqp:21FLKWAT_WQX-HIG-GRASSY-2,test,2024-04,2024-06,2,0.203125,0.3546886604744941,0.6448689162731169,0.08412155130003042,False,watch,0.14113950729370117
365,2024-04,2026-03,wqp,wqp:SANDIAWQ_WQX-SL#1,test,2026-03,2026-05,2,0.203125,0.3811394546646625,0.6094089031219481,0.0828995714501477,False,watch,0.0833333358168602
366,2024-04,2026-03,wqp,wqp:21FLKWAT_WQX-BRE-WASHINGT-1,test,2024-06,2024-08,2,0.203125,0.3685565246269107,0.6608653038740155,0.08213920318088255,False,watch,0.2175842523574829
367,2024-04,2026-03,wqp,wqp:SANDIAWQ_WQX-SL#2,test,2026-03,2026-05,2,0.203125,0.3662926935357973,0.5817594349384307,0.08064556298815184,False,watch,0.0833333358168602
368,2024-04,2026-03,wqp,wqp:21SC60WQ_WQX-SV-336,test,2024-06,2024-08,2,0.203125,0.35531334369443357,0.6346659451723099,0.08040496872344352,False,watch,0.0833333358168602
369,2024-04,2026-03,wqp,wqp:SANDIAWQ_WQX-SL#3,test,2026-03,2026-05,2,0.203125,0.35899917979259044,0.6246701270341873,0.08002804883719752,False,watch,0.09409722685813904
370,2024-04,2026-03,wqp,wqp:21FLCBA_WQX-WAL-DRAPER-2,test,2024-07,2024-09,2,0.203125,0.3036487854406005,0.6835621267557142,0.072138040127825,False,watch,0.19041065871715546
371,2024-04,2026-03,wqp,wqp:21FLKWAT_WQX-CLA-JOHNSON-1,test,2024-04,2024-06,2,0.203125,0.29774680536502274,0.6763915598392486,0.07032819126011267,False,watch,0.06626430153846741
372,2024-04,2026-03,wqp,wqp:21FLKWAT_WQX-PIN-BELLEVUE-1,test,2024-06,2024-08,2,0.1875,0.3547142291790806,0.6024267077445984,0.0834088197302606,False,watch,0.18173332512378693
373,2024-04,2026-03,wqp,wqp:21FLKWAT_WQX-HIG-GRASSY-1,test,2024-04,2024-06,2,0.1875,0.3586427310947329,0.6571629911661148,0.08203505531605043,False,watch,0.09853988885879517
374,2024-04,2026-03,wqp,wqp:21FLKWAT_WQX-OSC-COON-3,test,2024-06,2024-08,2,0.1875,0.3625162484822795,0.6068326443433761,0.08014595115873765,False,watch,0.2556919455528259
375,2024-04,2026-03,wqp,wqp:21FLKWAT_WQX-PAS-JOVITA-2,test,2024-06,2024-08,2,0.1875,0.3563616401515901,0.6542868256568908,0.08001043008553399,False,watch,0.15879082679748535
376,2024-04,2026-03,wqp,wqp:21FLKWAT_WQX-OSC-COON-2,test,2024-06,2024-08,2,0.1875,0.36312571133021265,0.6034001708030701,0.07796384686844046,False,watch,0.2557760179042816
377,2024-04,2026-03,wqp,wqp:21FLKWAT_WQX-BRE-WASHINGT-2,test,2024-06,2024-08,2,0.1875,0.3492106475168839,0.5837580978870391,0.07574293960211549,False,watch,0.2778843939304352
378,2024-04,2026-03,wqp,wqp:21FLCBA_WQX-WAL-DRAPER-3,test,2024-07,2024-09,2,0.1875,0.3086051915342978,0.6482623666524885,0.07146727105030296,False,watch,0.2057950496673584
379,2024-04,2026-03,wqp,wqp:21FLCBA_WQX-WAL-ALLIGATOR-3,test,2024-07,2024-09,2,0.171875,0.3438301182250143,0.7234386175870894,0.08653965292030197,False,watch,0.33453360199928284
380,2024-04,2026-03,wqp,wqp:21FLKWAT_WQX-SEM-WEKIVA-1,test,2024-06,2024-08,2,0.171875,0.3724588721524924,0.637279051542282,0.08251842463923495,False,watch,0.20205332338809967
381,2024-04,2026-03,wqp,wqp:21FLKWAT_WQX-HIL-HOGISLAN-2,test,2024-06,2024-08,2,0.171875,0.3586625420721248,0.6567494988441464,0.08019147913073513,False,watch,0.32237765192985535
382,2024-04,2026-03,wqp,wqp:21FLCBA_WQX-WAL-ALLIGATOR-2,test,2024-07,2024-09,2,0.171875,0.3144870024334523,0.7312480151653289,0.07425623487446949,False,watch,0.20613014698028564
383,2024-04,2026-03,wqp,wqp:21FLKWAT_WQX-HIL-PINE-2,test,2024-06,2024-08,2,0.171875,0.2948398524313234,0.6090076923370359,0.06468144205562401,False,watch,0.15334995090961456
384,2024-04,2026-03,wqp,wqp:21FLKWAT_WQX-ORA-FAIRVIEW-1,test,2024-06,2024-08,2,0.171875,0.2722311054749298,0.5925549328327178,0.060304652230292285,False,watch,0.01638573780655861
385,2024-04,2026-03,aquamatch_chla,aquamatch_chla:21VASWCB-8-MPN004.39,test,2024-04,2024-06,2,0.15625,0.35672949021682143,0.623137518763542,0.08054608600863995,False,watch,0.1666666716337204
386,2024-04,2026-03,wqp,wqp:21FLCBA_WQX-WAL-CAMPCREE-3,test,2024-08,2024-10,2,0.15625,0.30969439691398293,0.6724861204624176,0.07021112927062251,False,watch,0.17257392406463623
387,2024-04,2026-03,wqp,wqp:21FLKWAT_WQX-CLA-LITTLEJO-3,test,2024-04,2024-06,2,0.15625,0.3025376721343491,0.5648569464683533,0.06930623537437174,False,watch,0.09529370814561844
388,2024-04,2026-03,wqp,wqp:21FLKWAT_WQX-PIN-BELLEVUE-2,test,2024-06,2024-08,2,0.15625,0.31785412947647274,0.5980151772499084,0.0680845222785037,False,watch,0.13298648595809937
389,2024-04,2026-03,wqp,wqp:21SC60WQ_WQX-CW-231,test,2025-12,2026-02,2,0.15625,0.30214993830304593,0.5852770686149595,0.06320047912544173,False,watch,0.1319107860326767
390,2024-04,2026-03,wqp,wqp:21SC60WQ_WQX-CL-019,test,2024-06,2024-08,2,0.140625,0.33279370388481766,0.554249382019043,0.07503114882507192,False,watch,0.0833333358168602
391,2024-04,2026-03,wqp,wqp:21FLMAIT_WQX-LAKE SYBELIA,test,2024-07,2024-09,2,0.140625,0.306575323396828,0.6944575846195217,0.07428176381008181,False,watch,0.23078672587871552
392,2024-04,2026-03,wqp,wqp:21FLKWAT_WQX-ALA-SANTAFECM-1,test,2024-06,2024-08,2,0.140625,0.32302659819833934,0.559054985642433,0.06835386214117187,False,watch,0.2555202543735504
393,2024-04,2026-03,wqp,wqp:21FLCBA_WQX-WAL-TRESCA-2,test,2024-08,2024-10,2,0.125,0.31325649267819244,0.6042430877685545,0.07283673736696089,False,watch,0.47537103295326233
394,2024-04,2026-03,wqp,wqp:21FLKWAT_WQX-ALA-LITTLESA-1,test,2024-06,2024-08,2,0.125,0.3229402218130417,0.5354071617126464,0.06743281784883483,False,watch,0.19754648208618164
395,2024-04,2026-03,wqp,wqp:21FLKWAT_WQX-HIL-PINE-3,test,2024-06,2024-08,2,0.125,0.301542442466598,0.5837950736284254,0.06642485090453906,False,watch,0.14816085994243622
396,2024-04,2026-03,wqp,wqp:21FLKWAT_WQX-CLA-LITTLEJO-1,test,2024-04,2024-06,2,0.125,0.2892769888676412,0.6732742547988889,0.06550046653168001,False,watch,0.11865481734275818
397,2024-04,2026-03,wqp,wqp:21FLKWAT_WQX-ORA-OLYMPIA-1,test,2024-06,2024-08,2,0.125,0.26925262566510355,0.571507579088211,0.05809742106815611,False,watch,0.026326773688197136
398,2024-04,2026-03,wqp,wqp:21FLCBA_WQX-WAL-DEER-2,test,2024-07,2024-09,2,0.125,0.25707083905581385,0.6518798261880872,0.05682426613167392,False,watch,0.16678567230701447
399,2024-04,2026-03,wqp,wqp:21FLKWAT_WQX-HIL-ELIZABETH-1,test,2024-06,2024-08,2,0.125,0.24321301051531918,0.5556328564882277,0.05134969069062026,False,watch,0.03184216096997261
400,2024-04,2026-03,wqp,wqp:21FLKWAT_WQX-HIL-WESTMD3-1,test,2024-06,2024-08,2,0.109375,0.3103256080648862,0.5475624620914459,0.06952912108561272,False,watch,0.1783071756362915
401,2024-04,2026-03,aquamatch_chla,aquamatch_chla:21VASWCB-8-MPN029.08,test,2024-04,2024-06,2,0.109375,0.326127293985337,0.5915869444608688,0.06796409492214264,False,watch,0.1666666716337204
402,2024-04,2026-03,wqp,wqp:USGS-01670209,test,2024-11,2025-01,2,0.109375,0.2560753618599847,0.5622132301330566,0.0585150250005897,False,watch,0.34640756249427795
403,2024-04,2026-03,wqp,wqp:21FLKWAT_WQX-SEM-CRYSTALB-2,test,2024-07,2024-09,2,0.109375,0.26302588524413295,0.635445031523704,0.05702595510464251,False,watch,0.11071332544088364
404,2024-04,2026-03,wqp,wqp:21FLKWAT_WQX-HIL-OSCEOLA-3,test,2024-06,2024-08,2,0.109375,0.2737669369962532,0.5420619368553161,0.05623547064069938,False,watch,0.10310343652963638
405,2024-04,2026-03,wqp,wqp:21FLKWAT_WQX-CLA-JOHNSON-3,test,2024-04,2024-06,2,0.109375,0.2541359841416124,0.5132553964853287,0.05256430638512874,False,watch,0.10148712247610092
406,2024-04,2026-03,wqp,wqp:21FLKWAT_WQX-HIL-ELIZABETH-3,test,2024-06,2024-08,2,0.109375,0.2435961928567849,0.5611674517393112,0.05110923681267937,False,watch,0.03002312034368515
407,2024-04,2026-03,wqp,wqp:21FLKWAT_WQX-HIL-WESTMD3-2,test,2024-06,2024-08,2,0.09375,0.31148992432281375,0.5856554031372069,0.06497042407860562,False,very_low,0.20179526507854462
408,2024-04,2026-03,wqp,wqp:21FLKWAT_WQX-CLA-JOHNSON-2,test,2024-04,2024-06,2,0.09375,0.2868400352454046,0.5883918553590771,0.06156756002118845,False,very_low,0.14412711560726166
409,2024-04,2026-03,wqp,wqp:21FLKWAT_WQX-PIN-BELLEVUE-3,test,2024-06,2024-08,2,0.09375,0.29790513607440516,0.5459789156913756,0.059816622826547095,False,very_low,0.13203799724578857
410,2024-04,2026-03,wqp,wqp:21FLKWAT_WQX-HIL-PINE-1,test,2024-06,2024-08,2,0.09375,0.2738998658605851,0.5362053692340849,0.05706370666532199,False,very_low,0.061192046850919724
411,2024-04,2026-03,wqp,wqp:21FLKWAT_WQX-PUT-BROWARD-3,test,2024-05,2024-07,2,0.09375,0.2709409311064519,0.5402805030345916,0.056610671501092544,False,very_low,0.2491896003484726
412,2024-04,2026-03,wqp,wqp:21FLKWAT_WQX-ORA-OLYMPIA-2,test,2024-06,2024-08,2,0.09375,0.2511959286930505,0.5533596366643905,0.0558657625272191,False,very_low,0.022789793089032173
413,2024-04,2026-03,wqp,wqp:21FLKWAT_WQX-SEM-CUB-3,test,2024-06,2024-08,2,0.09375,0.25591826892923564,0.5509281277656555,0.05447261258265708,False,very_low,0.0687582716345787
414,2024-04,2026-03,wqp,wqp:21FLKWAT_WQX-SEM-WEKIVA-2,test,2024-06,2024-08,2,0.09375,0.2759339199401438,0.5243149369955061,0.05436410431657732,False,very_low,0.14109332859516144
415,2024-04,2026-03,wqp,wqp:21FLKWAT_WQX-ALA-SANTAFE-3,test,2024-06,2024-08,2,0.09375,0.2385344714857638,0.5658832550048828,0.05132317111657547,False,very_low,0.08605477958917618
416,2024-04,2026-03,wqp,wqp:21FLKWAT_WQX-HIL-ELIZABETH-2,test,2024-06,2024-08,2,0.09375,0.23674753445084207,0.5864014953374861,0.050893875699430324,False,very_low,0.031150951981544495
417,2024-04,2026-03,wqp,wqp:USGS-01670144,test,2024-11,2025-01,2,0.09375,0.23183631492065615,0.5395225942134856,0.050656646892068245,False,very_low,0.1821901649236679
418,2024-04,2026-03,wqp,wqp:21FLKWAT_WQX-HIG-ANNIE-1,test,2024-06,2024-08,2,0.09375,0.2349223679921124,0.5433205723762511,0.04993544627300421,False,very_low,0.0768076702952385
419,2024-04,2026-03,wqp,wqp:21FLKWAT_WQX-ALA-LITTLESA-3,test,2024-06,2024-08,2,0.078125,0.2823187335743569,0.5720923781394954,0.058591195015259515,False,very_low,0.2051602602005005
420,2024-04,2026-03,wqp,wqp:21FLKWAT_WQX-HIL-WESTMD-2,test,2024-06,2024-08,2,0.078125,0.28242119832430035,0.5675659596920012,0.05768819062875732,False,very_low,0.11151906102895737
421,2024-04,2026-03,wqp,wqp:21FLKWAT_WQX-HIL-WESTMD3-3,test,2024-06,2024-08,2,0.078125,0.276261372724548,0.5627126932144164,0.05692381415463164,False,very_low,0.1697426587343216
422,2024-04,2026-03,wqp,wqp:21FLKWAT_WQX-HIL-ISLANDFO-3,test,2024-08,2024-10,2,0.078125,0.2560209406146896,0.5411776542663572,0.051870125301165144,False,very_low,0.2352653294801712
423,2024-04,2026-03,wqp,wqp:21FLKWAT_WQX-ALA-MELROSEB-3,test,2024-06,2024-08,2,0.078125,0.2551180503796786,0.5108583688735961,0.051045063464441695,False,very_low,0.14255325496196747
424,2024-04,2026-03,wqp,wqp:21FLKWAT_WQX-CLA-LITTLEJO-2,test,2024-04,2024-06,2,0.078125,0.24152684524597134,0.5667170733213421,0.04986677911194651,False,very_low,0.04611344262957573
425,2024-04,2026-03,wqp,wqp:21FLKWAT_WQX-BAY-DEERPOIN-1,test,2024-08,2024-10,2,0.078125,0.21053550331271254,0.5639514148235321,0.04961828302847503,False,very_low,0.12411125749349594
426,2024-04,2026-03,wqp,wqp:21FLKWAT_WQX-ALA-SANTAFE-1,test,2024-06,2024-08,2,0.078125,0.2344606803089846,0.5753776669502255,0.04916661962523415,False,very_low,0.09499940276145935
427,2024-04,2026-03,wqp,wqp:21FLKWAT_WQX-SEM-CUB-2,test,2024-06,2024-08,2,0.078125,0.2418107495032018,0.5082735747098922,0.04833467659397278,False,very_low,0.06577340513467789
428,2024-04,2026-03,wqp,wqp:21FLKWAT_WQX-HIL-ISLANDFO-2,test,2024-08,2024-10,2,0.078125,0.22715473323478363,0.515038526058197,0.04656096464594494,False,very_low,0.1403905153274536
429,2024-04,2026-03,wqp,wqp:21FLKWAT_WQX-CLA-SHEELAR-1,test,2024-04,2024-06,2,0.078125,0.20397334559675073,0.5480802863836287,0.0425057616894097,False,very_low,0.0
430,2024-04,2026-03,wqp,wqp:USGS-12301600,test,2025-04,2025-06,2,0.078125,0.21198386852302065,0.5193598508834838,0.04133804484208203,False,very_low,0.015555555932223797
431,2024-04,2026-03,wqp,wqp:21FLKWAT_WQX-ALA-LITTLESA-2,test,2024-06,2024-08,2,0.0625,0.2811439298093319,0.5061380758881567,0.05581772867048741,False,very_low,0.20251552760601044
432,2024-04,2026-03,wqp,wqp:21FLKWAT_WQX-HIL-ISLANDFO-1,test,2024-08,2024-10,2,0.0625,0.2801956665934995,0.507209987938404,0.055072413220981914,False,very_low,0.16547733545303345
433,2024-04,2026-03,aquamatch_chla,aquamatch_chla:21VASWCB-2-JMS157.28,test,2024-05,2024-07,2,0.0625,0.27985484176315367,0.5044933453202247,0.05348920347800635,False,very_low,0.4182088375091553
434,2024-04,2026-03,wqp,wqp:21FLKWAT_WQX-BAY-DEERPOIN-3,test,2024-08,2024-10,2,0.0625,0.24153421277878806,0.49957174360752105,0.05110685307963761,False,very_low,0.08620800822973251
435,2024-04,2026-03,wqp,wqp:21FLKWAT_WQX-ALA-MELROSEB-2,test,2024-06,2024-08,2,0.0625,0.25610152677836595,0.5175399675965308,0.05068436233448193,False,very_low,0.0739588513970375
436,2024-04,2026-03,aquamatch_chla,aquamatch_chla:CCU_EQL-5 BS,test,2024-04,2024-06,2,0.0625,0.24427593615837395,0.4929543808102603,0.04618432454540983,False,very_low,0.1666666716337204
437,2024-04,2026-03,wqp,wqp:21FLKWAT_WQX-CLA-SHEELAR-3,test,2024-04,2024-06,2,0.0625,0.22591136189294048,0.5573357135057444,0.04547161241134841,False,very_low,0.0
438,2024-04,2026-03,wqp,wqp:21FLKWAT_WQX-HIG-ANNIE-2,test,2024-06,2024-08,2,0.0625,0.20596167593612336,0.5473681896924969,0.042193654227576274,False,very_low,0.052664872258901596
439,2024-04,2026-03,wqp,wqp:21FLKWAT_WQX-CLA-SHEELAR-2,test,2024-04,2024-06,2,0.0625,0.1902716325603251,0.5249946787953375,0.037823340993759336,False,very_low,0.0
440,2024-04,2026-03,wqp,wqp:21FLKWAT_WQX-HIL-WESTMD-1,test,2024-06,2024-08,2,0.046875,0.24786164320539683,0.4555411100387571,0.05167927697709698,False,very_low,0.12734852731227875
441,2024-04,2026-03,aquamatch_chla,aquamatch_chla:CCU_EQL-2 H9,test,2024-04,2024-06,2,0.046875,0.2560800975188613,0.4848495930433273,0.05052062162024143,False,very_low,0.1666666716337204
442,2024-04,2026-03,aquamatch_chla,aquamatch_chla:CCU_EQL-9 RF,test,2024-04,2024-06,2,0.046875,0.26429126178845763,0.4713741585612295,0.0497112796094171,False,very_low,0.1666666716337204
443,2024-04,2026-03,aquamatch_chla,aquamatch_chla:CCU_EQL-4 CW,test,2024-04,2024-06,2,0.046875,0.2577381352894008,0.47008790373802173,0.049466944730872174,False,very_low,0.1666666716337204
444,2024-04,2026-03,wqp,wqp:21FLKWAT_WQX-HIL-OSCEOLA-2,test,2024-06,2024-08,2,0.046875,0.2502680299367057,0.4891431942582129,0.047834695296181354,False,very_low,0.08290427923202515
445,2024-04,2026-03,aquamatch_chla,aquamatch_chla:21VASWCB-2-JMS113.20,test,2024-05,2024-07,2,0.046875,0.2511311820708215,0.4713328331708908,0.047100930577276906,False,very_low,0.17898011207580566
446,2024-04,2026-03,wqp,wqp:21FLKWAT_WQX-ALA-MELROSEB-1,test,2024-06,2024-08,2,0.046875,0.2485389259236399,0.4654310017824172,0.04687435705667624,False,very_low,0.08905890583992004
447,2024-04,2026-03,wqp,wqp:21FLCBA_WQX-WAL-CAMPCREE-2,test,2024-08,2024-10,2,0.046875,0.23310436512110755,0.4910257264971733,0.04581647941963265,False,very_low,0.11447466164827347
448,2024-04,2026-03,wqp,wqp:21FLKWAT_WQX-ORA-FAIRVIEW-3,test,2024-06,2024-08,2,0.046875,0.22193246128153987,0.4812150105834006,0.04557442543752919,False,very_low,0.01646934077143669
449,2024-04,2026-03,wqp,wqp:21SC60WQ_WQX-SV-339,test,2025-12,2026-02,2,0.046875,0.23060164786875248,0.4821529448032377,0.044744722378025625,False,very_low,0.1351785659790039
450,2024-04,2026-03,wqp,wqp:21FLKWAT_WQX-SEM-CUB-1,test,2024-06,2024-08,2,0.046875,0.21544213185552508,0.48812426626682254,0.042558038621303224,False,very_low,0.06126031279563904
451,2024-04,2026-03,wqp,wqp:USGS-016702576,test,2024-11,2025-01,2,0.046875,0.19965061583570787,0.45635251402854904,0.04162644525226872,False,very_low,0.13537690043449402
452,2024-04,2026-03,wqp,wqp:21FLKWAT_WQX-SEM-SILVER-3,test,2024-07,2024-09,2,0.046875,0.20893108131713234,0.4754637748003002,0.04037783627901271,False,very_low,0.08899929374456406
453,2024-04,2026-03,aquamatch_chla,aquamatch_chla:CCU_EQL-6 HG,test,2024-04,2024-06,2,0.03125,0.2686668063979596,0.4540828943252562,0.051685474073640214,False,very_low,0.1666666716337204
454,2024-04,2026-03,aquamatch_chla,aquamatch_chla:21VASWCB-3-RPP113.37,test,2024-04,2024-06,2,0.03125,0.26272554718889296,0.474543675780296,0.0514064296024611,False,very_low,0.38650885224342346
455,2024-04,2026-03,aquamatch_chla,aquamatch_chla:21VASWCB-2-JMS099.30,test,2024-04,2024-06,2,0.03125,0.2681052437983453,0.46966216713190073,0.050863999582442865,False,very_low,0.1666666716337204
456,2024-04,2026-03,aquamatch_chla,aquamatch_chla:21VASWCB-8-MPN054.17,test,2024-04,2024-06,2,0.03125,0.24864370794966817,0.3723062872886657,0.04919730162729505,False,very_low,0.1666666716337204
457,2024-04,2026-03,aquamatch_chla,aquamatch_chla:21VASWCB-2-JMS110.30,test,2024-05,2024-07,2,0.03125,0.25668467208743095,0.46880893558263775,0.04911674005968522,False,very_low,0.1666666716337204
458,2024-04,2026-03,aquamatch_chla,aquamatch_chla:21VASWCB-2-JMS104.16,test,2024-04,2024-06,2,0.03125,0.25574191217310727,0.4033912405371666,0.049077882080581156,False,very_low,0.1666666716337204
459,2024-04,2026-03,aquamatch_chla,aquamatch_chla:CCU_EQL-3 CT,test,2024-04,2024-06,2,0.03125,0.24296870990656316,0.48114271163940414,0.046870908764108155,False,very_low,0.1666666716337204
460,2024-04,2026-03,wqp,wqp:21FLKWAT_WQX-ORA-OLYMPIA-3,test,2024-06,2024-08,2,0.03125,0.23010624643939082,0.4513098463416099,0.04451489458820658,False,very_low,0.023574836552143097
461,2024-04,2026-03,wqp,wqp:21FLKWAT_WQX-BAY-DEERPOIN-2,test,2024-08,2024-10,2,0.03125,0.22279750058078207,0.4687401935458181,0.044290563715551776,False,very_low,0.09132712334394455
462,2024-04,2026-03,aquamatch_chla,aquamatch_chla:CCU_EQL-8 GF,test,2024-04,2024-06,2,0.03125,0.22422094410285354,0.3611656263470648,0.043086980713796144,False,very_low,0.1666666716337204
463,2024-04,2026-03,wqp,wqp:21FLKWAT_WQX-ORA-FAIRVIEW-2,test,2024-06,2024-08,2,0.03125,0.21987466776772635,0.48001822829246515,0.042991686091447934,False,very_low,0.015538922511041164
464,2024-04,2026-03,wqp,wqp:21FLKWAT_WQX-HIL-WESTMD-3,test,2024-06,2024-08,2,0.03125,0.21416650876199128,0.48567272275686263,0.042954129651827135,False,very_low,0.08071618527173996
465,2024-04,2026-03,wqp,wqp:21FLKWAT_WQX-HIL-OSCEOLA-1,test,2024-06,2024-08,2,0.03125,0.22612925502471626,0.4698196515440938,0.04287734823047151,False,very_low,0.08342912793159485
466,2024-04,2026-03,wqp,wqp:21FLKWAT_WQX-SEM-SILVER-2,test,2024-07,2024-09,2,0.03125,0.2134514726640191,0.44076332747936237,0.04123639990536264,False,very_low,0.019555632025003433
467,2024-04,2026-03,wqp,wqp:21FLKWAT_WQX-SEM-CRYSTALB-1,test,2024-07,2024-09,2,0.03125,0.20646289302385412,0.4818212047219274,0.04081116147370689,False,very_low,0.0695640966296196
468,2024-04,2026-03,wqp,wqp:21FLKWAT_WQX-ALA-SANTAFE-2,test,2024-06,2024-08,2,0.03125,0.21232024129130878,0.4713243380188942,0.04004224054523613,False,very_low,0.15855902433395386
469,2024-04,2026-03,wqp,wqp:21FLKWAT_WQX-BAY-MARIN-2,test,2024-07,2024-09,2,0.03125,0.19374549180429312,0.4229886770248412,0.03739676265515868,False,very_low,0.0
470,2024-04,2026-03,wqp,wqp:21FLKWAT_WQX-ORA-CLAIRE-1,test,2024-08,2024-10,2,0.03125,0.18057688243902703,0.39731309562921496,0.034374764083860865,False,very_low,0.11871999502182007
471,2024-04,2026-03,wqp,wqp:21FLKWAT_WQX-BAY-MARIN-3,test,2024-07,2024-09,2,0.03125,0.16982188302176837,0.37438368648290626,0.034223825224521706,False,very_low,0.0
472,2024-04,2026-03,aquamatch_chla,aquamatch_chla:21VASWCB-2-APP016.38,test,2024-04,2024-06,2,0.015625,0.2714072335511446,0.46535206586122496,0.05266724733691838,False,very_low,0.18691222369670868
473,2024-04,2026-03,wqp,wqp:21FLKWAT_WQX-PUT-BROWARD-2,test,2024-05,2024-07,2,0.015625,0.2126038343194523,0.4408508047461509,0.03988776144039524,False,very_low,0.0
474,2024-04,2026-03,wqp,wqp:21FLKWAT_WQX-ORA-CLAIRE-2,test,2024-08,2024-10,2,0.015625,0.17250843264082505,0.4470846638083458,0.03277235294009805,False,very_low,0.03744000196456909
475,2024-04,2026-03,aquamatch_chla,aquamatch_chla:21VASWCB-8-PMK082.34,test,2024-04,2024-06,2,0.0,0.24112877156585455,0.4300676569342612,0.04376691665415521,False,very_low,0.1666666716337204
476,2024-04,2026-03,aquamatch_chla,aquamatch_chla:CCU_EQL-1 BC,test,2024-04,2024-06,2,0.0,0.22486722376197577,0.35314663946628566,0.04071335208792408,False,very_low,0.1666666716337204
477,2024-04,2026-03,wqp,wqp:21FLKWAT_WQX-BAY-MARIN-1,test,2024-07,2024-09,2,0.0,0.15890163343738095,0.3912379384040832,0.029230577254569182,False,very_low,0.0
478,2024-04,2026-03,wqp,wqp:21FLKWAT_WQX-CLA-DEER-1,test,2024-04,2024-06,2,0.0,0.15374731906922534,0.3594927892088888,0.02873727480480459,False,very_low,0.008333333767950535
1,2024-04,2026-03,wqp,wqp:21FLKWAT_WQX-CHA-WF-3-3,test,2024-06,2024-09,3,0.984375,0.7798491180874407,0.9931030333042145,0.4156634013423134,True,very_high,0.8932942748069763
2,2024-04,2026-03,wqp,wqp:21FLKWAT_WQX-PIN-AUTUMN-2,test,2024-04,2024-07,3,0.984375,0.7821764764375985,0.9334072470664978,0.4006123804104156,True,very_high,0.9093599915504456
3,2024-04,2026-03,wqp,wqp:21FLKWAT_WQX-CHA-WF-2-3,test,2024-06,2024-09,3,0.96875,0.7651708736084402,0.9761987745761871,0.3880254700833404,True,very_high,0.9967573285102844
4,2024-04,2026-03,wqp,wqp:21FLKWAT_WQX-ORA-FAIRVIEWSO-2,test,2024-04,2024-07,3,0.96875,0.7550718067213893,0.9794527322053909,0.3712629235109106,True,very_high,0.9872543811798096
5,2024-04,2026-03,wqp,wqp:21FLKWAT_WQX-CHA-WF-5-1,test,2024-06,2024-09,3,0.96875,0.7616059319116175,0.9468929320573807,0.3657464996245544,True,very_high,0.9718131422996521
6,2024-04,2026-03,wqp,wqp:21FLKWAT_WQX-ORA-FAIRVIEWSO-1,test,2024-04,2024-07,3,0.953125,0.7905312855727971,0.9692837387323379,0.42492160431204035,True,very_high,0.9900522828102112
7,2024-04,2026-03,wqp,wqp:21FLKWAT_WQX-ORA-FAIRVIEWSO-3,test,2024-04,2024-07,3,0.953125,0.7647031890228391,0.9906404405832291,0.39735284479655064,True,very_high,0.9760981202125549
8,2024-04,2026-03,wqp,wqp:21FLKWAT_WQX-PIN-AUTUMN-1,test,2024-04,2024-07,3,0.953125,0.7422371688298881,0.9225538194179534,0.3565948392586233,True,very_high,0.9093599915504456
9,2024-04,2026-03,wqp,wqp:21FLKWAT_WQX-CHA-WF-6-1,test,2024-06,2024-09,3,0.9375,0.7859961858484894,0.9914326250553132,0.44491601546803516,True,very_high,1.0
10,2024-04,2026-03,wqp,wqp:21FLKWAT_WQX-CHA-SUNAPEE-2,test,2024-06,2024-09,3,0.9375,0.7849989971145988,0.9841794282197952,0.440798521740959,True,very_high,1.0
11,2024-04,2026-03,wqp,wqp:21FLSFWM_WQX-11574,test,2024-06,2024-09,3,0.9375,0.7401884645223618,0.9780820429325103,0.36845307491984375,True,very_high,0.8804140090942383
12,2024-04,2026-03,wqp,wqp:21FLHESD_WQX-BEAUDETTE POND INLET,test,2024-06,2024-09,3,0.9375,0.7367069507017732,0.9736734271049499,0.3441805368131575,True,very_high,0.8807291984558105
13,2024-04,2026-03,aquamatch_chla,aquamatch_chla:21VASWCB-2-JMS069.08,test,2024-04,2024-07,3,0.9375,0.6998305437155068,0.8442257046699524,0.29273367003839756,True,very_high,0.5498818755149841
14,2024-04,2026-03,wqp,wqp:21FLKWAT_WQX-CHA-SUNAPEE-1,test,2024-06,2024-09,3,0.921875,0.797296532895416,0.9937338173389435,0.4585938458412867,True,very_high,1.0
15,2024-04,2026-03,wqp,wqp:21FLKWAT_WQX-CHA-WF-6-2,test,2024-06,2024-09,3,0.921875,0.785675523802638,0.9856662213802337,0.43351241224809156,True,very_high,0.9967573285102844
16,2024-04,2026-03,wqp,wqp:21FLKWAT_WQX-CHA-WF-3-2,test,2024-06,2024-09,3,0.921875,0.7603817596100271,0.9876813471317291,0.40171923319752867,True,very_high,0.916920006275177
17,2024-04,2026-03,wqp,wqp:21FLKWAT_WQX-CHA-WF-1-2,test,2024-06,2024-09,3,0.921875,0.743121990468353,0.9542764782905578,0.37796839744661703,True,very_high,0.9641284346580505
18,2024-04,2026-03,wqp,wqp:21FLHESD_WQX-BEAUDETTE POND MIDDLE,test,2024-06,2024-09,3,0.921875,0.7370985415764153,0.9623069107532501,0.34414010152784524,True,very_high,0.8334525227546692
19,2024-04,2026-03,wqp,wqp:21FLKWAT_WQX-COL-ISLANDWALK-1,test,2024-06,2024-09,3,0.921875,0.7288507288321853,0.9340093106031417,0.3376197944897686,True,very_high,0.9235145449638367
20,2024-04,2026-03,wqp,wqp:21FLSFWM_WQX-49087,test,2024-06,2024-09,3,0.921875,0.7083232649601996,0.9855684161186217,0.3314846482105265,True,very_high,0.884730339050293
21,2024-04,2026-03,wqp,wqp:21NC03WQ-LLC01,test,2024-06,2024-09,3,0.921875,0.7015634318813682,0.9166304618120193,0.3011409445518994,True,very_high,0.8399259448051453
22,2024-04,2026-03,wqp,wqp:21FLKWAT_WQX-LAK-EUSTIS-2,test,2024-06,2024-09,3,0.921875,0.6880870144814253,0.8864765912294387,0.291342548372954,True,very_high,0.7755089402198792
23,2024-04,2026-03,wqp,wqp:21FLHESD_WQX-BEAUDETTE POND WEST,test,2024-06,2024-09,3,0.90625,0.7390567301772535,0.9543045192956924,0.3632132944966924,True,very_high,0.8661110997200012
24,2024-04,2026-03,wqp,wqp:21FLKWAT_WQX-CHA-WF-5-2,test,2024-06,2024-09,3,0.90625,0.7438499238342047,0.9568533301353455,0.3627217456723648,True,very_high,0.928421676158905
25,2024-04,2026-03,wqp,wqp:21FLKWAT_WQX-CHA-STURGEON-2,test,2024-06,2024-09,3,0.90625,0.7377956947311759,0.9364355355501175,0.34163975735876667,True,very_high,0.8579252362251282
26,2024-04,2026-03,wqp,wqp:21FLCOLL_WQX-LKTRAF8,test,2024-06,2024-09,3,0.90625,0.7211778005585074,0.9385207653045654,0.33126896316299104,True,very_high,0.8889879584312439
27,2024-04,2026-03,wqp,wqp:21FLHESD_WQX-BEAUDETTE POND OUTLET,test,2024-06,2024-09,3,0.90625,0.7049729977734387,0.9590541958808898,0.3206715039992791,True,very_high,0.8876273036003113
28,2024-04,2026-03,aquamatch_chla,aquamatch_chla:21VASWCB-2-CHK006.14,test,2024-04,2024-07,3,0.90625,0.7036458230577409,0.8365084648132324,0.30174992086674235,True,very_high,0.8225762248039246
29,2024-04,2026-03,wqp,wqp:21FLSFWM_WQX-4698,test,2024-06,2024-09,3,0.90625,0.6726882569491863,0.9268818289041516,0.2625620011889756,True,very_high,0.8665680289268494
30,2024-04,2026-03,wqp,wqp:21FLKWAT_WQX-CHA-WF-4-2,test,2024-06,2024-09,3,0.890625,0.7387430355884135,0.9751975387334822,0.37673238760648586,True,very_high,0.9687893986701965
31,2024-04,2026-03,wqp,wqp:21FLKWAT_WQX-CHA-WF-3-1,test,2024-06,2024-09,3,0.890625,0.7239502028096467,0.9720685243606566,0.34513989081239727,True,very_high,0.8412215113639832
32,2024-04,2026-03,wqp,wqp:21FLKWAT_WQX-LAK-EUSTIS-3,test,2024-06,2024-09,3,0.890625,0.7119065783917904,0.8803867220878601,0.3069498014023382,True,very_high,0.7965615391731262
33,2024-04,2026-03,wqp,wqp:21NC03WQ-NEU019L,test,2024-06,2024-09,3,0.890625,0.7027652990072966,0.9207916796207427,0.30644908046659824,True,very_high,0.8253333568572998
34,2024-04,2026-03,wqp,wqp:21FLKWAT_WQX-PIN-SEMINOLE-1,test,2024-08,2024-11,3,0.890625,0.6888308990746737,0.9447222352027893,0.29487335333086745,True,very_high,0.9318380355834961
35,2024-04,2026-03,wqp,wqp:21FLSFWM_WQX-12888,test,2024-06,2024-09,3,0.875,0.7389724012464285,0.94708711206913,0.36710170799786707,True,very_high,0.896859884262085
36,2024-04,2026-03,wqp,wqp:21FLKWAT_WQX-CHA-WF-1-1,test,2024-06,2024-09,3,0.875,0.7189841198269278,0.9316444039344788,0.3391734866121772,True,very_high,0.9855955243110657
37,2024-04,2026-03,wqp,wqp:21FLKWAT_WQX-CHA-STURGEON-1,test,2024-06,2024-09,3,0.875,0.7186692841351032,0.9306566894054413,0.3310974566213256,True,very_high,0.9423983693122864
38,2024-04,2026-03,wqp,wqp:21FLKWAT_WQX-LAK-BAY-3,test,2024-06,2024-09,3,0.875,0.7075957588385791,0.9198911070823669,0.3207855162518247,True,very_high,0.8965069651603699
39,2024-04,2026-03,wqp,wqp:21FLCOLL_WQX-LKTRAF4,test,2024-06,2024-09,3,0.875,0.7047395925037563,0.9463744401931761,0.3157716939695892,True,very_high,0.8752374649047852
40,2024-04,2026-03,wqp,wqp:21FLKWAT_WQX-CHA-WF-4-1,test,2024-06,2024-09,3,0.875,0.702181592117995,0.9753624081611633,0.3125423915265052,True,very_high,0.9294711947441101
41,2024-04,2026-03,wqp,wqp:21FLCOLL_WQX-LKTRAF1,test,2024-06,2024-09,3,0.875,0.7020500763319433,0.9452881664037704,0.31083685629058333,True,very_high,0.8724141716957092
42,2024-04,2026-03,wqp,wqp:21NC03WQ-NEU0171B,test,2024-06,2024-09,3,0.875,0.6613797354511917,0.9183188736438751,0.2602646697477171,True,very_high,0.8511033654212952
43,2024-04,2026-03,wqp,wqp:21FLKWAT_WQX-CHA-WF-2-1,test,2024-06,2024-09,3,0.859375,0.7403279712889344,0.9857519894838334,0.39257858507638876,True,very_high,0.9840694069862366
44,2024-04,2026-03,wqp,wqp:21FLKWAT_WQX-CHA-WF-2-2,test,2024-06,2024-09,3,0.859375,0.7372865930665284,0.9910122603178023,0.37855315199210005,True,very_high,0.9874255061149597
45,2024-04,2026-03,wqp,wqp:21FLSFWM_WQX-31067,test,2024-06,2024-09,3,0.859375,0.7026034246664494,0.9410713791847228,0.32819210511386165,True,very_high,0.8605940341949463
46,2024-04,2026-03,wqp,wqp:21DELAWQ_WQX-206451,test,2024-05,2024-08,3,0.859375,0.6906352646183223,0.9745231330394742,0.3216526018031659,True,very_high,0.6494190096855164
47,2024-04,2026-03,wqp,wqp:21FLKWAT_WQX-LAK-EUSTIS-1,test,2024-06,2024-09,3,0.859375,0.7084150232840329,0.8909564733505249,0.3157046283094576,True,very_high,0.7563073039054871
48,2024-04,2026-03,wqp,wqp:21DELAWQ_WQX-206361,test,2024-05,2024-08,3,0.859375,0.6897075255401433,0.9413268268108367,0.29951822199358025,True,very_high,0.7710595726966858
49,2024-04,2026-03,wqp,wqp:21FLSFWM_WQX-16601,test,2024-06,2024-09,3,0.84375,0.6940652495250106,0.9536699593067169,0.31946075555772624,True,very_high,0.837925910949707
50,2024-04,2026-03,wqp,wqp:21FLSJWM_WQX-44055,test,2024-07,2024-10,3,0.84375,0.6871197419241071,0.9402546525001524,0.2937741774811018,True,very_high,0.8331484794616699
51,2024-04,2026-03,wqp,wqp:USGS-384506118433001,test,2024-04,2024-07,3,0.84375,0.6598496465012431,0.9293347358703611,0.2857764837272566,True,very_high,0.6042325496673584
52,2024-04,2026-03,wqp,wqp:21FLKWAT_WQX-ORA-WAUNATTA-2,test,2024-06,2024-09,3,0.84375,0.6634706847835332,0.8891119301319121,0.27716085293616816,True,very_high,0.774691641330719
53,2024-04,2026-03,wqp,wqp:21FLKWAT_WQX-PIN-SEMINOLE-3,test,2024-08,2024-11,3,0.84375,0.6647060425020754,0.918260270357132,0.2683256703093484,True,very_high,0.9363608360290527
54,2024-04,2026-03,aquamatch_chla,aquamatch_chla:21VASWCB-2-JMS055.94,test,2024-04,2024-07,3,0.84375,0.6549665716011077,0.8414594292640686,0.2572911440411453,True,very_high,0.6433714628219604
55,2024-04,2026-03,wqp,wqp:21NC03WQ-CPF081A1C,test,2024-07,2024-10,3,0.84375,0.6472184644080698,0.926512026786804,0.2569662558824807,True,very_high,0.883408784866333
56,2024-04,2026-03,wqp,wqp:21FLSFWM_WQX-11573,test,2024-06,2024-09,3,0.828125,0.6900116601027548,0.9616987943649291,0.3154940615948929,True,very_high,0.8914675712585449
57,2024-04,2026-03,wqp,wqp:21FLKWAT_WQX-SAR-LAKE-M-9-3,test,2024-08,2024-11,3,0.828125,0.6963469856418669,0.967404380440712,0.31173736018304476,True,very_high,0.9865973591804504
58,2024-04,2026-03,wqp,wqp:21FLSJWM_WQX-45150,test,2024-06,2024-09,3,0.828125,0.6910807313397527,0.916425147652626,0.30887870573992554,True,very_high,0.8276596069335938
59,2024-04,2026-03,wqp,wqp:21FLKWAT_WQX-SAR-LAKE-M-9-1,test,2024-08,2024-11,3,0.828125,0.6931810164824128,0.9681274652481079,0.3082888083209857,True,very_high,0.9825332760810852
60,2024-04,2026-03,wqp,wqp:21FLSARA_WQX-VG-1,test,2024-06,2024-09,3,0.828125,0.6665355181321502,0.9326435983181,0.27727711126499466,True,very_high,0.799750030040741
61,2024-04,2026-03,wqp,wqp:21FLSFWM_WQX-12877,test,2024-06,2024-09,3,0.828125,0.6576604167930782,0.9465389192104339,0.27573142353296226,True,very_high,0.8657042384147644
62,2024-04,2026-03,wqp,wqp:21FLKWAT_WQX-LAK-BAY-2,test,2024-06,2024-09,3,0.828125,0.6568635893054307,0.9159600496292114,0.26386554209010493,True,very_high,0.8945422768592834
63,2024-04,2026-03,wqp,wqp:21FLGTM_WQX-GTMMKNUT,test,2024-08,2024-11,3,0.828125,0.6526703122071922,0.8780689597129822,0.26058133178676623,True,very_high,0.862166702747345
64,2024-04,2026-03,wqp,wqp:21FLSABR_WQX-BAY-ST-EWBAY-2,test,2024-06,2024-09,3,0.828125,0.6394594800658524,0.8134768694639206,0.228394483529536,True,very_high,0.7590000033378601
65,2024-04,2026-03,wqp,wqp:21SC60WQ_WQX-SV-331,test,2024-06,2024-09,3,0.8125,0.6762594322208315,0.9728548765182492,0.30636027087275214,True,very_high,0.8434513211250305
66,2024-04,2026-03,wqp,wqp:21FLLCPC_WQX-TROUTDKEUS,test,2024-07,2024-10,3,0.8125,0.6728875248227268,0.9323004066944123,0.2986995277527507,True,very_high,0.7489066123962402
67,2024-04,2026-03,wqp,wqp:21FLSFWM_WQX-49086,test,2024-06,2024-09,3,0.8125,0.6675533277448267,0.9088175565004348,0.28917339809688647,True,very_high,0.8592381477355957
68,2024-04,2026-03,wqp,wqp:21NC03WQ-LI01,test,2024-06,2024-09,3,0.8125,0.6709646803792566,0.9303077965974808,0.28785035529935354,True,very_high,0.8777489066123962
69,2024-04,2026-03,wqp,wqp:21FLSFWM_WQX-15485,test,2024-06,2024-09,3,0.8125,0.6526824729517102,0.9146718382835387,0.274185754440726,True,very_high,0.8232772946357727
70,2024-04,2026-03,wqp,wqp:21FLKWAT_WQX-PIN-SEMINOLE-2,test,2024-08,2024-11,3,0.8125,0.6667028544470668,0.9148475855588912,0.2667965716781301,True,very_high,0.9333360195159912
71,2024-04,2026-03,wqp,wqp:21FLKWAT_WQX-SAR-LAKE-G-20-1,test,2024-08,2024-11,3,0.8125,0.6488844575360417,0.9284427195787429,0.262368729520046,True,very_high,0.8147395253181458
72,2024-04,2026-03,wqp,wqp:21FLKWAT_WQX-SAR-LAKE-37-3,test,2024-08,2024-11,3,0.8125,0.6482317084446549,0.8684142827987671,0.25303846934618734,True,very_high,0.8333333134651184
73,2024-04,2026-03,wqp,wqp:21FLSJWM_WQX-44494,test,2024-06,2024-09,3,0.8125,0.6350459095556289,0.8498083293437956,0.235750133299288,True,very_high,0.7707136273384094
74,2024-04,2026-03,wqp,wqp:21FLSABR_WQX-BAY-ST-EWBAY-1,test,2024-06,2024-09,3,0.8125,0.636549887014553,0.819377464056015,0.2268012520627346,True,very_high,0.7689239978790283
75,2024-04,2026-03,wqp,wqp:21FLSFWM_WQX-16185,test,2024-06,2024-09,3,0.796875,0.6734213340096176,0.9567398905754089,0.2920782488317902,True,very_high,0.8555591106414795
76,2024-04,2026-03,wqp,wqp:21DELAWQ_WQX-303051,test,2024-05,2024-08,3,0.796875,0.6673762849532068,0.9284434139728546,0.280624145913706,True,very_high,0.8312992453575134
77,2024-04,2026-03,aquamatch_chla,aquamatch_chla:21VASWCB-2-JMS050.57,test,2024-04,2024-07,3,0.796875,0.6531777619384229,0.8385975360870361,0.25545790264983204,True,very_high,0.7104561924934387
78,2024-04,2026-03,wqp,wqp:CAPECRD_WQX-280,test,2024-06,2024-09,3,0.796875,0.6374557462986559,0.9101677834987639,0.2554436834622597,True,very_high,0.8297222256660461
79,2024-04,2026-03,wqp,wqp:USGS-384200118431901,test,2024-04,2024-07,3,0.796875,0.6345461942255497,0.908029317855835,0.2529612297102499,True,very_high,0.6283323168754578
80,2024-04,2026-03,wqp,wqp:21SCSANT_WQX-SC-005,test,2024-06,2024-09,3,0.796875,0.6239906244445592,0.8979989767074584,0.2458248975014889,True,very_high,0.7743565440177917
81,2024-04,2026-03,wqp,wqp:21FLHILL_WQX-135,test,2024-07,2024-10,3,0.78125,0.6696121287532151,0.9619857192039489,0.3016262988725662,True,very_high,0.8900529742240906
82,2024-04,2026-03,wqp,wqp:21NC03WQ-NEU018E,test,2024-06,2024-09,3,0.78125,0.6588887707330287,0.8994076609611511,0.27898724343788217,True,very_high,0.8785185217857361
83,2024-04,2026-03,wqp,wqp:21FLKWAT_WQX-SAR-LAKE-37-2,test,2024-08,2024-11,3,0.78125,0.65939582278952,0.9124944031238555,0.2726827049009381,True,very_high,0.8745911717414856
84,2024-04,2026-03,wqp,wqp:21FLKWAT_WQX-PIN-SAUNDRA-2,test,2024-08,2024-11,3,0.78125,0.6389086460694671,0.8987581223249435,0.25903248728980655,True,very_high,0.9813279509544373
85,2024-04,2026-03,wqp,wqp:21FLSFWM_WQX-16329,test,2024-06,2024-09,3,0.78125,0.6441955119371414,0.8759922504425048,0.25601569942436053,True,very_high,0.8440365195274353
86,2024-04,2026-03,wqp,wqp:21DELAWQ_WQX-208211,test,2024-05,2024-08,3,0.78125,0.6373786360491067,0.8697784066200256,0.24500855792568293,True,very_high,0.8328531384468079
87,2024-04,2026-03,wqp,wqp:21FLSABR_WQX-BAY-WATSON-BAYOU-1,test,2024-06,2024-09,3,0.78125,0.6366776737850159,0.8412136554718017,0.2340435972318575,True,very_high,0.7725000381469727
88,2024-04,2026-03,wqp,wqp:21FLSJWM_WQX-44591,test,2024-06,2024-09,3,0.78125,0.6092105142306536,0.8849501490592956,0.23059718696712123,True,very_high,0.6754016280174255
89,2024-04,2026-03,wqp,wqp:21FLSABR_WQX-BAY-ST-EWBAY-6,test,2024-06,2024-09,3,0.78125,0.6393933179788291,0.8395734578371047,0.229311312500296,True,very_high,0.7898750305175781
90,2024-04,2026-03,wqp,wqp:21FLSJWM_WQX-44488,test,2024-06,2024-09,3,0.78125,0.6148133953101933,0.8409448146820068,0.22527403204012322,True,very_high,0.6516261100769043
91,2024-04,2026-03,wqp,wqp:21FLSJWM_WQX-44177,test,2024-07,2024-10,3,0.765625,0.6420594030059874,0.8935473650693893,0.2730906513141129,True,very_high,0.9409739375114441
92,2024-04,2026-03,wqp,wqp:21NC03WQ-CPF086C,test,2024-07,2024-10,3,0.765625,0.6288392089190893,0.9515468448400496,0.2722517426038995,True,very_high,0.9193890690803528
93,2024-04,2026-03,wqp,wqp:21FLKWAT_WQX-SAR-LAKE-37-1,test,2024-08,2024-11,3,0.765625,0.6451487808953971,0.9155626773834227,0.2670475048354649,True,very_high,0.8038226962089539
94,2024-04,2026-03,wqp,wqp:21DELAWQ_WQX-208181,test,2024-05,2024-08,3,0.765625,0.6367505204398185,0.9072575688362121,0.25796103897902223,True,very_high,0.5759232044219971
95,2024-04,2026-03,wqp,wqp:21FLSFWM_WQX-49085,test,2024-06,2024-09,3,0.765625,0.6315510568674654,0.9090449094772339,0.25288193652455926,True,very_high,0.8149963021278381
96,2024-04,2026-03,wqp,wqp:21NC03WQ-NEU019P,test,2024-06,2024-09,3,0.765625,0.6297685934696347,0.8733640253543852,0.23997042693900342,True,very_high,0.7958828806877136
97,2024-04,2026-03,wqp,wqp:21SC60WQ_WQX-B-327,test,2024-06,2024-09,3,0.765625,0.6281240755924955,0.8822319418191907,0.23953688572961168,True,very_high,0.7158480286598206
98,2024-04,2026-03,wqp,wqp:21FLVEMD_WQX-SJ17,test,2024-06,2024-09,3,0.765625,0.6232672424521297,0.8610937148332595,0.2334024478096799,True,very_high,0.7558309435844421
99,2024-04,2026-03,wqp,wqp:OOPBLO-TL-02,test,2024-06,2024-09,3,0.765625,0.6204235809855163,0.8654770404100417,0.233312333312842,True,very_high,0.778869092464447
100,2024-04,2026-03,wqp,wqp:21SCSANT_WQX-SC-014,test,2024-06,2024-09,3,0.765625,0.61617725295946,0.8688590645790099,0.23273688141432614,True,very_high,0.5996499061584473
101,2024-04,2026-03,wqp,wqp:21FLSABR_WQX-BAY-ST-EWBAY-3,test,2024-06,2024-09,3,0.765625,0.635071852710098,0.8422756910324095,0.22737994064055722,True,very_high,0.7651249766349792
102,2024-04,2026-03,aquamatch_chla,aquamatch_chla:21VASWCB-2-APP001.53,test,2024-04,2024-07,3,0.765625,0.5997504452243447,0.8362844467163086,0.21367299565252393,True,very_high,0.1666666716337204
103,2024-04,2026-03,wqp,wqp:21FLKWAT_WQX-CHA-L-4-3,test,2024-07,2024-10,3,0.765625,0.6115838959813118,0.8250478237867355,0.21336936590162886,True,very_high,0.7882611751556396
104,2024-04,2026-03,wqp,wqp:21FLKWAT_WQX-PIN-SAUNDRA-3,test,2024-08,2024-11,3,0.75,0.645785644184798,0.9476952344179154,0.26267009034486044,True,high,0.9824926257133484
105,2024-04,2026-03,wqp,wqp:21NC03WQ-CPF086F,test,2024-07,2024-10,3,0.75,0.6305881714215502,0.8757675111293792,0.24148794374929844,True,high,0.8235185146331787
106,2024-04,2026-03,wqp,wqp:21FLSFWM_WQX-11569,test,2024-08,2024-11,3,0.75,0.6096964860334992,0.8565142482519149,0.23241699061009538,True,high,0.8996598720550537
107,2024-04,2026-03,aquamatch_chla,aquamatch_chla:21VASWCB-2-JMS074.44,test,2024-04,2024-07,3,0.75,0.6218324492219836,0.8277169972658157,0.2290203168338585,True,high,0.3685215413570404
108,2024-04,2026-03,wqp,wqp:21FLKWAT_WQX-CHA-L-4-1,test,2024-07,2024-10,3,0.75,0.6206125789321959,0.8531163424253463,0.22777109709295745,True,high,0.803534984588623
109,2024-04,2026-03,aquamatch_chla,aquamatch_chla:21VASWCB-2-JMS075.04,test,2024-04,2024-07,3,0.75,0.6085766335017979,0.8314945012331009,0.21763533128578533,True,high,0.28072503209114075
110,2024-04,2026-03,wqp,wqp:21DELAWQ_WQX-110011,test,2024-06,2024-09,3,0.75,0.5983604328939691,0.8860009223222732,0.2158401399315119,True,high,0.7706382274627686
111,2024-04,2026-03,wqp,wqp:21FLSABR_WQX-BAY-ST. ANDREW BAY-12,test,2024-06,2024-09,3,0.75,0.6082892222329974,0.8231219500303268,0.2109964754210844,True,high,0.7603750228881836
112,2024-04,2026-03,wqp,wqp:21FLSJWM_WQX-442129,test,2024-07,2024-10,3,0.734375,0.6427952480735257,0.9447081059217453,0.27986779608736745,True,high,0.8584042191505432
113,2024-04,2026-03,wqp,wqp:21FLSARA_WQX-VG-5,test,2024-06,2024-09,3,0.734375,0.6669839569367468,0.9223644018173217,0.27760954239181823,True,high,0.8204166293144226
114,2024-04,2026-03,wqp,wqp:USGS-383903118425301,test,2024-04,2024-07,3,0.734375,0.6366437487304211,0.9372118681669235,0.27342097083291983,True,high,0.6196938753128052
115,2024-04,2026-03,wqp,wqp:21FLSFWM_WQX-49090,test,2024-08,2024-11,3,0.734375,0.6266835362184793,0.9289138436317443,0.2567600203270465,True,high,0.8967592716217041
116,2024-04,2026-03,wqp,wqp:21NC03WQ-CPF055E,test,2024-07,2024-10,3,0.734375,0.6329236722085625,0.9040724515914917,0.254384993184924,True,high,0.8179095387458801
117,2024-04,2026-03,wqp,wqp:21SC60WQ_WQX-CW-033,test,2024-06,2024-09,3,0.734375,0.6327476415317506,0.8720274299383163,0.2488624328583067,True,high,0.8161798119544983
118,2024-04,2026-03,wqp,wqp:21FLKWAT_WQX-OSC-FISH-2,test,2024-06,2024-09,3,0.734375,0.6230987976305187,0.883267420530319,0.2407930148334848,True,high,0.4938090741634369
119,2024-04,2026-03,wqp,wqp:21FLSJWM_WQX-44592,test,2024-06,2024-09,3,0.734375,0.6211361533496529,0.8683017492294312,0.22902287382312572,True,high,0.774703323841095
120,2024-04,2026-03,wqp,wqp:21NC03WQ-NEU020D,test,2024-06,2024-09,3,0.734375,0.6186856145504862,0.8591131597757339,0.2270745935771139,True,high,0.7486264109611511
121,2024-04,2026-03,wqp,wqp:21FLKWAT_WQX-ORA-WAUNATTA-3,test,2024-06,2024-09,3,0.734375,0.5956923249177635,0.8514995992183684,0.20782332526053662,True,high,0.7539119720458984
122,2024-04,2026-03,wqp,wqp:USGS-295554095093401,test,2025-08,2025-11,3,0.71875,0.6354852258227766,0.9490152776241303,0.2799757501017226,True,high,0.8452423214912415
123,2024-04,2026-03,wqp,wqp:21FLKWAT_WQX-ORA-ROSE-1,test,2024-06,2024-09,3,0.71875,0.6207038697320968,0.8880699455738067,0.24915627835063045,True,high,0.5457647442817688
124,2024-04,2026-03,wqp,wqp:21NC03WQ-CPF087B3,test,2024-07,2024-10,3,0.71875,0.5969744494650513,0.8232873618602753,0.2076344445467619,True,high,0.8486031889915466
125,2024-04,2026-03,wqp,wqp:21FLSFWM_WQX-49080,test,2024-08,2024-11,3,0.71875,0.5798767681699246,0.8341639906167984,0.20377144817829163,True,high,0.8960174918174744
126,2024-04,2026-03,wqp,wqp:21FLKWAT_WQX-CHA-L-4-2,test,2024-07,2024-10,3,0.71875,0.5642078020609915,0.8091494053602217,0.18293950665909903,True,high,0.7792229056358337
127,2024-04,2026-03,wqp,wqp:21SC60WQ_WQX-S-326,test,2024-06,2024-09,3,0.703125,0.6143493130803108,0.95872286260128,0.25693509274141896,True,high,0.8623691201210022
128,2024-04,2026-03,wqp,wqp:21FLSARA_WQX-ML,test,2024-08,2024-11,3,0.703125,0.6095174103975296,0.889433678984642,0.23644105710129182,True,high,0.8659999966621399
129,2024-04,2026-03,aquamatch_chla,aquamatch_chla:21VASWCB-3-RPP051.01,test,2024-04,2024-07,3,0.703125,0.6100713657215238,0.840548574924469,0.23277007242168093,True,high,0.32981520891189575
130,2024-04,2026-03,wqp,wqp:21NC03WQ-CPF055C,test,2024-07,2024-10,3,0.703125,0.5969003660138696,0.9125283062458037,0.22820321706512642,True,high,0.8812255859375
131,2024-04,2026-03,wqp,wqp:21FLSFWM_WQX-49089,test,2024-08,2024-11,3,0.703125,0.6021748890634626,0.8858324140310286,0.22734731200010883,True,high,0.8956912159919739
132,2024-04,2026-03,wqp,wqp:21FLKWAT_WQX-PIN-SAUNDRA-1,test,2024-08,2024-11,3,0.6875,0.6189956278540194,0.9041718065738678,0.2505775014602408,True,high,0.9791027903556824
133,2024-04,2026-03,wqp,wqp:CHOCNATWQX-TW2-001,test,2024-06,2024-09,3,0.6875,0.6032550488598645,0.9362699031829833,0.24975150943981175,True,high,0.492095947265625
134,2024-04,2026-03,wqp,wqp:21FLSFWM_WQX-11562,test,2024-08,2024-11,3,0.6875,0.6080993339419365,0.9385965764522552,0.24430457411408207,True,high,0.8867962956428528
135,2024-04,2026-03,wqp,wqp:21FLSFWM_WQX-12865,test,2024-08,2024-11,3,0.6875,0.6215976055245847,0.9431304454803465,0.2440912249506575,True,high,0.8611697554588318
136,2024-04,2026-03,wqp,wqp:21SC60WQ_WQX-CW-016F,test,2024-06,2024-09,3,0.6875,0.6048283306881785,0.932864516973495,0.24112929876690212,True,high,0.8714869618415833
137,2024-04,2026-03,wqp,wqp:21FLKWAT_WQX-SAR-LAKE-G-20-3,test,2024-08,2024-11,3,0.6875,0.5981256230734289,0.9253306418657302,0.24085633888005967,True,high,0.8762629628181458
138,2024-04,2026-03,wqp,wqp:21FLSFWM_WQX-49082,test,2024-08,2024-11,3,0.6875,0.5977641495410353,0.9010679364204406,0.23652124376407713,True,high,0.8967650532722473
139,2024-04,2026-03,wqp,wqp:21NC03WQ-LC01,test,2024-06,2024-09,3,0.6875,0.6053721070056781,0.8956751108169554,0.2355714545120774,True,high,0.8012499809265137
140,2024-04,2026-03,wqp,wqp:21FLKWAT_WQX-SAR-LAKE-G-20-2,test,2024-08,2024-11,3,0.6875,0.6112863093148917,0.8441296637058258,0.23005107756175358,True,high,0.8529532551765442
141,2024-04,2026-03,wqp,wqp:21NC03WQ-NEU019E,test,2024-06,2024-09,3,0.6875,0.6094898658338934,0.8819173425436019,0.22451137722630166,True,high,0.8246826529502869
142,2024-04,2026-03,wqp,wqp:21FLKWAT_WQX-ORA-WAUNATTA-1,test,2024-06,2024-09,3,0.6875,0.5890744241187349,0.8831418275833128,0.21722451300340834,True,high,0.7439990043640137
143,2024-04,2026-03,wqp,wqp:21FLMAIT_WQX-LAKE WAUMPI,test,2024-05,2024-08,3,0.6875,0.5714591881260276,0.8500991523265838,0.20724431239159213,True,high,0.8288333415985107
144,2024-04,2026-03,wqp,wqp:21FLKWAT_WQX-SAR-LAKE-M-9-2,test,2024-08,2024-11,3,0.671875,0.609734401339665,0.9008899569511413,0.24291899306260026,True,high,0.9865973591804504
145,2024-04,2026-03,wqp,wqp:21FLKWAT_WQX-LAK-BAY-1,test,2024-06,2024-09,3,0.671875,0.6084707470145077,0.8957954227924346,0.2349938412815546,True,high,0.7412155270576477
146,2024-04,2026-03,wqp,wqp:CHOCNATWQX-LNW-003,test,2024-04,2024-07,3,0.671875,0.5856330168899149,0.9218957424163817,0.23261855571105639,True,high,0.48283329606056213
147,2024-04,2026-03,wqp,wqp:21NC03WQ-CPF0880A,test,2024-07,2024-10,3,0.671875,0.5897018585819751,0.9030469000339507,0.2286136300876919,True,high,0.8254974484443665
148,2024-04,2026-03,wqp,wqp:21FLKWAT_WQX-ORA-ROSE-2,test,2024-06,2024-09,3,0.671875,0.6003650284837931,0.8876488029956817,0.22565394291984653,True,high,0.4808577001094818
149,2024-04,2026-03,wqp,wqp:21FLSFWM_WQX-17757,test,2024-06,2024-09,3,0.671875,0.5941553553566337,0.8799878507852554,0.21608091671285984,True,high,0.5580134391784668
150,2024-04,2026-03,wqp,wqp:21FLSWFD_WQX-23113,test,2024-08,2024-11,3,0.671875,0.5851708629634231,0.8829650998115539,0.2103720982046479,True,high,0.8372917175292969
151,2024-04,2026-03,wqp,wqp:21FLSJWM_WQX-499784,test,2024-08,2024-11,3,0.671875,0.574799373280257,0.8393403470516204,0.20068144800448365,True,high,0.8896244168281555
152,2024-04,2026-03,wqp,wqp:CAPECRD_WQX-290,test,2024-06,2024-09,3,0.671875,0.5555819392902777,0.8246704310178756,0.18788722012916043,True,high,0.7586014866828918
153,2024-04,2026-03,wqp,wqp:21FLSJWM_WQX-44192,test,2024-07,2024-10,3,0.671875,0.5526733893202618,0.7775584280490875,0.18222995877498538,True,high,0.5204654932022095
154,2024-04,2026-03,wqp,wqp:21FLSABR_WQX-BAY-PARKER-BAYOU-1,test,2024-07,2024-10,3,0.671875,0.5643844964215532,0.7829713106155395,0.1774305571872258,True,high,0.6386129856109619
155,2024-04,2026-03,wqp,wqp:21FLKWAT_WQX-HIL-EAST-1,test,2024-07,2024-10,3,0.65625,0.5978717507096007,0.894381609559059,0.23297056617539685,True,high,0.5495260953903198
156,2024-04,2026-03,wqp,wqp:21SC60WQ_WQX-S-311,test,2024-06,2024-09,3,0.65625,0.5886208525625989,0.8907927364110945,0.223119387148496,True,high,0.6304172873497009
157,2024-04,2026-03,wqp,wqp:21FLSFWM_WQX-49081,test,2024-08,2024-11,3,0.65625,0.5802200213074684,0.8317083179950713,0.20368265176856837,True,high,0.8475555777549744
158,2024-04,2026-03,wqp,wqp:21FLKWAT_WQX-IND-BLUE CYPR-2,test,2024-06,2024-09,3,0.65625,0.5666730969678611,0.8869533538818355,0.1998203902219285,True,high,0.6364536285400391
159,2024-04,2026-03,aquamatch_chla,aquamatch_chla:21VASWCB-2-JMS087.01,test,2024-04,2024-07,3,0.65625,0.5791471225675195,0.8284095346927642,0.19940358217345538,True,high,0.18111176788806915
160,2024-04,2026-03,wqp,wqp:21NC03WQ-CPF055D,test,2024-07,2024-10,3,0.65625,0.5731361476937309,0.802767115831375,0.1964276240628785,True,high,0.8565266728401184
161,2024-04,2026-03,wqp,wqp:21FLSFWM_WQX-10296,test,2024-08,2024-11,3,0.65625,0.556266299332492,0.8364764302968979,0.19593734617558997,True,high,0.8552035689353943
162,2024-04,2026-03,wqp,wqp:21FLGTM_WQX-GTMLMNUT,test,2024-08,2024-11,3,0.65625,0.5495885775890201,0.8315178960561751,0.19249646922112063,True,high,0.6535961031913757
163,2024-04,2026-03,wqp,wqp:21FLGTM_WQX-GTMLSNUT,test,2024-08,2024-11,3,0.65625,0.5508528922218829,0.8525683224201202,0.1917505085646593,True,high,0.695888340473175
164,2024-04,2026-03,wqp,wqp:21FLKWAT_WQX-COL-ISLANDWALK-2,test,2024-06,2024-09,3,0.65625,0.5548463788582012,0.8170884281396865,0.18464012333003854,True,high,0.5400915741920471
165,2024-04,2026-03,wqp,wqp:21FLKWAT_WQX-HIL-EAST-3,test,2024-07,2024-10,3,0.640625,0.593296020408161,0.8846606492996216,0.233811017025428,True,high,0.5493119359016418
166,2024-04,2026-03,wqp,wqp:21NC03WQ-CPF087D,test,2024-07,2024-10,3,0.640625,0.5927144510205835,0.8602127999067306,0.2264611374939737,True,high,0.883481502532959
167,2024-04,2026-03,wqp,wqp:21FLKWAT_WQX-HIL-EAST-2,test,2024-07,2024-10,3,0.640625,0.5541950085316785,0.9130630731582641,0.22363590077456247,True,high,0.5323443412780762
168,2024-04,2026-03,wqp,wqp:21FLSFWM_WQX-49083,test,2024-08,2024-11,3,0.640625,0.5724117197096348,0.8933366656303405,0.22018686622036476,True,high,0.9023545384407043
169,2024-04,2026-03,wqp,wqp:CAPECRD_WQX-262,test,2024-06,2024-09,3,0.640625,0.5765787785639986,0.842359870672226,0.21154775472416937,True,high,0.6380294561386108
170,2024-04,2026-03,wqp,wqp:21FLSFWM_WQX-16332,test,2024-08,2024-11,3,0.640625,0.5716357775963843,0.8586001336574555,0.20532660509421788,True,high,0.83688884973526
171,2024-04,2026-03,wqp,wqp:21FLSJWM_WQX-44645,test,2024-08,2024-11,3,0.640625,0.5462991148233414,0.8320460617542267,0.19144896812821915,True,high,0.8355119228363037
172,2024-04,2026-03,wqp,wqp:21SCSANT_WQX-SC-040,test,2024-06,2024-09,3,0.640625,0.5302675826242194,0.777991583943367,0.16548626181273857,True,high,0.6540670990943909
173,2024-04,2026-03,wqp,wqp:21SC60WQ_WQX-SV-372,test,2026-02,2026-05,3,0.625,0.5762581389863044,0.91909981071949,0.22049800847329892,True,high,0.16685183346271515
174,2024-04,2026-03,wqp,wqp:OOPBLO-TL-01,test,2024-06,2024-09,3,0.625,0.5789319023024291,0.8437142491340637,0.19874951053935563,True,high,0.7916666865348816
175,2024-04,2026-03,wqp,wqp:21FLKWAT_WQX-PIN-MEADOWW-1,test,2024-06,2024-09,3,0.625,0.5487497539725155,0.820758071541786,0.18720349549902107,True,high,0.9317333102226257
176,2024-04,2026-03,wqp,wqp:21SC60WQ_WQX-CW-230,test,2024-06,2024-09,3,0.625,0.5402223623823375,0.799378964304924,0.16848336694419147,True,high,0.556614100933075
177,2024-04,2026-03,wqp,wqp:21FLMAIT_WQX-LAKE GEM,test,2024-07,2024-10,3,0.625,0.5087324829073623,0.8184237986803055,0.16760254932784485,True,high,0.6077403426170349
178,2024-04,2026-03,wqp,wqp:21SC60WQ_WQX-CW-057,test,2024-06,2024-09,3,0.609375,0.5981984302634373,0.9584353893995285,0.2564216757541653,True,high,0.7346636652946472
179,2024-04,2026-03,wqp,wqp:21FLKWAT_WQX-ORA-ROSE-3,test,2024-06,2024-09,3,0.609375,0.5649118802975863,0.8558341711759566,0.2024975365855091,True,high,0.4337199628353119
180,2024-04,2026-03,wqp,wqp:USGS-295826095082200,test,2025-08,2025-11,3,0.609375,0.5815097319427878,0.8085040450096129,0.19793095092434101,True,high,0.8546382784843445
181,2024-04,2026-03,wqp,wqp:21FLSJWM_WQX-44676,test,2024-07,2024-10,3,0.609375,0.5331610111752525,0.880130898952484,0.1936102090454912,True,high,0.754094123840332
182,2024-04,2026-03,wqp,wqp:21FLSFWM_WQX-11570,test,2024-08,2024-11,3,0.609375,0.5367017473326996,0.8351084411144256,0.188655081828467,True,high,0.8381026387214661
183,2024-04,2026-03,wqp,wqp:21SCSANT_WQX-SC-022,test,2024-07,2024-10,3,0.609375,0.5510461165104061,0.8487508416175842,0.1822119773321899,True,high,0.8196799755096436
184,2024-04,2026-03,wqp,wqp:21SCSANT_WQX-SC-023A,test,2024-06,2024-09,3,0.609375,0.5453465708997101,0.8306943833827971,0.18069422908970129,True,high,0.6157919764518738
185,2024-04,2026-03,wqp,wqp:21SC60WQ_WQX-S-280,test,2024-06,2024-09,3,0.609375,0.5295406909717713,0.8209757119417188,0.17300310867497629,True,high,0.4486578404903412
186,2024-04,2026-03,wqp,wqp:21FLKWAT_WQX-HIL-JAMES-3,test,2024-06,2024-09,3,0.609375,0.5365900333272293,0.7926109045743941,0.16905930757280227,True,high,0.4141712188720703
187,2024-04,2026-03,wqp,wqp:21VASWCB-8-NAR058.66,test,2024-06,2024-09,3,0.59375,0.5487691077869385,0.8959105908870697,0.20482719851089992,True,high,0.8013579845428467
188,2024-04,2026-03,wqp,wqp:21FLSJWM_WQX-44673,test,2024-08,2024-11,3,0.59375,0.5434811331797391,0.870575252175331,0.20018963308136092,True,high,0.8540071845054626
189,2024-04,2026-03,wqp,wqp:21FLKWAT_WQX-VOL-WATERFORD-2,test,2024-06,2024-09,3,0.59375,0.544466110994108,0.8324806571006774,0.18195802052758359,True,high,0.8114336133003235
190,2024-04,2026-03,wqp,wqp:21FLLCPC_WQX-HARRISLKWSH,test,2024-04,2024-07,3,0.59375,0.5384853082941845,0.8049446284770965,0.17974716696520698,True,high,0.4708682596683502
191,2024-04,2026-03,wqp,wqp:21FLLCPC_WQX-YALEMARSHPK,test,2024-07,2024-10,3,0.578125,0.5563637854065746,0.8427103817462921,0.2029061179406365,True,high,0.5703333020210266
192,2024-04,2026-03,wqp,wqp:CHOCNATWQX-TW2-003,test,2024-06,2024-09,3,0.578125,0.5538461176911369,0.8628976613283156,0.20011939755219652,True,high,0.44583332538604736
193,2024-04,2026-03,wqp,wqp:21NC03WQ-I7730000,test,2024-06,2024-09,3,0.578125,0.5670845189597458,0.822005358338356,0.18970630000369418,True,high,0.75
194,2024-04,2026-03,wqp,wqp:21SC60WQ_WQX-S-024,test,2024-07,2024-10,3,0.578125,0.5281601826427504,0.8623450100421904,0.18351369700344985,True,high,0.5729424357414246
195,2024-04,2026-03,wqp,wqp:21FLMAIT_WQX-LAKE DESTINY,test,2024-07,2024-10,3,0.578125,0.5223571216538403,0.8047298759222029,0.17051233240665192,True,high,0.49788203835487366
196,2024-04,2026-03,wqp,wqp:21FLORAN_WQX-HB53,test,2024-06,2024-09,3,0.578125,0.528289602138102,0.8089503765106199,0.16908918725309668,True,high,0.4603703022003174
197,2024-04,2026-03,wqp,wqp:21SC60WQ_WQX-CW-201,test,2024-06,2024-09,3,0.578125,0.5160075094318017,0.758801993727684,0.1561899267383307,True,high,0.5212752223014832
198,2024-04,2026-03,wqp,wqp:21FLSEM_WQX-ML01,test,2024-07,2024-10,3,0.5625,0.5214624081854708,0.9728516370058059,0.23378114692746987,True,high,0.46945786476135254
199,2024-04,2026-03,wqp,wqp:21AWIC-129,test,2024-06,2024-09,3,0.5625,0.5565812110435218,0.8829063296318053,0.2057131330333876,True,high,0.7009772658348083
200,2024-04,2026-03,wqp,wqp:21FLSWFD_WQX-23144,test,2024-08,2024-11,3,0.5625,0.5459426462184638,0.8597052067518234,0.18616362219257,True,high,0.8416666984558105
201,2024-04,2026-03,wqp,wqp:21FLKWAT_WQX-ORA-FAIRVIEW-4,test,2024-06,2024-09,3,0.5625,0.5155461024260148,0.8309484720230101,0.17517122789690381,True,high,0.8357833027839661
202,2024-04,2026-03,wqp,wqp:21FLSFWM_WQX-11576,test,2024-08,2024-11,3,0.5625,0.5233438776340336,0.8349277347326276,0.17446511283763555,True,high,0.899020254611969
203,2024-04,2026-03,wqp,wqp:21SC60WQ_WQX-CL-069,test,2024-06,2024-09,3,0.546875,0.5178482589544728,0.8866466820240017,0.18935397456413217,True,high,0.5123443007469177
204,2024-04,2026-03,wqp,wqp:21FLSFWM_WQX-17777,test,2024-06,2024-09,3,0.546875,0.5398259949870408,0.8246856033802031,0.17823232866467656,True,high,0.5519655346870422
205,2024-04,2026-03,wqp,wqp:21FLLCPC_WQX-GRIFFINTISH,test,2024-07,2024-10,3,0.546875,0.5294187985127792,0.8232509881258009,0.1778507259253724,True,high,0.5166522264480591
206,2024-04,2026-03,wqp,wqp:21SC60WQ_WQX-S-131,test,2024-08,2024-11,3,0.546875,0.5025364253087901,0.8506618589162823,0.16637842853460288,True,high,0.617590606212616
207,2024-04,2026-03,wqp,wqp:21FLSABR_WQX-BAY-DEERPOIN-3,test,2024-08,2024-11,3,0.546875,0.5033927299082279,0.775620001554489,0.15531577802314395,True,high,0.7664287686347961
208,2024-04,2026-03,wqp,wqp:21FLORAN_WQX-HB55,test,2024-06,2024-09,3,0.546875,0.4856306433212012,0.7775181919336317,0.1527250518918095,True,high,0.5117831826210022
209,2024-04,2026-03,wqp,wqp:21FLSFWM_WQX-49088,test,2024-08,2024-11,3,0.53125,0.5232706826645881,0.9224564939737315,0.1952222592718792,True,high,0.8494073748588562
210,2024-04,2026-03,wqp,wqp:CHOCNATWQX-LNW-001,test,2024-04,2024-07,3,0.53125,0.5430394699797034,0.8517141580581664,0.1828526871722498,True,high,0.4074476957321167
211,2024-04,2026-03,wqp,wqp:CHOCNATWQX-SAR-003,test,2024-04,2024-07,3,0.53125,0.5225054402835667,0.8452279925346373,0.17816631051625303,True,high,0.44809046387672424
212,2024-04,2026-03,wqp,wqp:CHOCNATWQX-TW2-002,test,2024-06,2024-09,3,0.53125,0.5107685811817646,0.8313208252191544,0.1733710935521945,True,high,0.4139196574687958
213,2024-04,2026-03,wqp,wqp:CHOCNATWQX-LNW-002,test,2024-04,2024-07,3,0.53125,0.5148381174076349,0.8267086148262022,0.17174483082861014,True,high,0.4403809607028961
214,2024-04,2026-03,wqp,wqp:21FLSFWM_WQX-49084,test,2024-08,2024-11,3,0.53125,0.5273096265736967,0.8170770585536955,0.17115258308750736,True,high,0.8808069825172424
215,2024-04,2026-03,wqp,wqp:21FLSJWM_WQX-44196,test,2024-08,2024-11,3,0.53125,0.49881323997396976,0.8430136710405348,0.1616440339843825,True,high,0.7404208183288574
216,2024-04,2026-03,wqp,wqp:21FLCBA_WQX-WAL-LITTLERE-3,test,2024-07,2024-10,3,0.53125,0.47700691495811043,0.8272469162940976,0.15700906285457367,True,high,0.807812511920929
217,2024-04,2026-03,wqp,wqp:21FLKWAT_WQX-HIL-MAURINE-1,test,2024-07,2024-10,3,0.53125,0.4834479419514537,0.7541718930006027,0.1450091214087868,True,high,0.5192556977272034
218,2024-04,2026-03,wqp,wqp:21FLSARA_WQX-DB-BPIT3,test,2024-08,2024-11,3,0.515625,0.5590345755917951,0.9326579302549362,0.22389007821575502,True,high,0.9683333039283752
219,2024-04,2026-03,wqp,wqp:21FLCHCO_WQX-MC2048A03,test,2024-07,2024-10,3,0.515625,0.5086713252239861,0.8834388345479963,0.18337869485849417,True,high,0.6544115543365479
220,2024-04,2026-03,wqp,wqp:21FLSWFD_WQX-23169,test,2024-08,2024-11,3,0.515625,0.5235354802571237,0.8652259200811384,0.17754808909292272,True,high,0.8350000381469727
221,2024-04,2026-03,wqp,wqp:21SC60WQ_WQX-S-279,test,2024-06,2024-09,3,0.515625,0.5008208106737584,0.8330697238445282,0.17466491998115696,True,high,0.5273342132568359
222,2024-04,2026-03,wqp,wqp:21FLKWAT_WQX-HIL-JAMES-2,test,2024-06,2024-09,3,0.515625,0.5120860789902508,0.818719071149826,0.1692854329537622,True,high,0.44656428694725037
223,2024-04,2026-03,wqp,wqp:21FLORAN_WQX-HB65,test,2024-06,2024-09,3,0.515625,0.5185254167299718,0.778181093931198,0.16518262854319696,True,high,0.5413857102394104
224,2024-04,2026-03,wqp,wqp:WIDNR_WQX-10038098,test,2024-06,2024-09,3,0.515625,0.5105467607500032,0.7695040941238402,0.15463622902383084,True,high,0.6579365134239197
225,2024-04,2026-03,wqp,wqp:21FLKWAT_WQX-OSC-FISH-1,test,2024-06,2024-09,3,0.515625,0.4831922275479883,0.6949379920959472,0.14120179336980243,True,high,0.1799362748861313
226,2024-04,2026-03,wqp,wqp:21SC60WQ_WQX-CL-041,test,2024-06,2024-09,3,0.515625,0.45647031569387764,0.762305837869644,0.13410806098122152,True,high,0.38333332538604736
227,2024-04,2026-03,wqp,wqp:21FLLCPC_WQX-MINNEOLAWFP,test,2024-05,2024-08,3,0.5,0.4755247944558505,0.9306809306144711,0.20016733320864022,True,elevated,0.4352381229400635
228,2024-04,2026-03,wqp,wqp:21FLCBA_WQX-WAL-MORRIS-2,test,2024-06,2024-09,3,0.5,0.502366257016547,0.8634318679571151,0.18806027017787857,True,elevated,0.7959969639778137
229,2024-04,2026-03,wqp,wqp:21DELAWQ_WQX-301021,test,2024-05,2024-08,3,0.5,0.5199349379399791,0.8767306208610532,0.17461206328929155,True,elevated,0.5106000900268555
230,2024-04,2026-03,wqp,wqp:21FLCBA_WQX-WAL-OYSTER-3,test,2024-06,2024-09,3,0.5,0.5039047972531989,0.8676077187061307,0.17171692325640486,True,elevated,0.7027573585510254
231,2024-04,2026-03,wqp,wqp:21FLORAN_WQX-HB68,test,2024-06,2024-09,3,0.5,0.5025145719991997,0.8480049282312389,0.16732643476050968,True,elevated,0.558551549911499
232,2024-04,2026-03,wqp,wqp:21VASWCB-8-PMC007.15,test,2024-08,2024-11,3,0.5,0.4718446960032452,0.8558647513389586,0.16623896766727883,True,elevated,0.8059179186820984
233,2024-04,2026-03,wqp,wqp:21FLSJWM_WQX-44126,test,2024-08,2024-11,3,0.5,0.5053105922415853,0.8214039534330366,0.16330195633599223,True,elevated,0.5538986921310425
234,2024-04,2026-03,wqp,wqp:21FLKWAT_WQX-IND-BLUE CYPR-1,test,2024-06,2024-09,3,0.5,0.4947273334255442,0.8053358823060988,0.15759907571855594,True,elevated,0.40110036730766296
235,2024-04,2026-03,wqp,wqp:21FLMAIT_WQX-LAKE MINNEHAHA,test,2024-07,2024-10,3,0.5,0.4954629165586084,0.801066744327545,0.15287171888994594,True,elevated,0.5474396347999573
236,2024-04,2026-03,wqp,wqp:CHOCNATWQX-SAR-002,test,2024-04,2024-07,3,0.484375,0.5025631797034293,0.902493417263031,0.18447598514058428,False,elevated,0.38019314408302307
237,2024-04,2026-03,aquamatch_chla,aquamatch_chla:21VASWCB-3-RPP042.12,test,2024-04,2024-07,3,0.484375,0.5024314187467098,0.8067341536283492,0.15761463658286234,False,elevated,0.42363372445106506
238,2024-04,2026-03,wqp,wqp:21SCSANT_WQX-SC-030,test,2024-07,2024-10,3,0.484375,0.47834182099904865,0.8524557858705517,0.15727690509815156,False,elevated,0.4179493188858032
239,2024-04,2026-03,wqp,wqp:21SC60WQ_WQX-S-213,test,2024-06,2024-09,3,0.484375,0.47576924483291805,0.8358393877744673,0.1567190551085387,False,elevated,0.455949068069458
240,2024-04,2026-03,wqp,wqp:21SC60WQ_WQX-S-211,test,2024-06,2024-09,3,0.484375,0.46418145892675966,0.7787825793027877,0.1399970348382934,False,elevated,0.4996119737625122
241,2024-04,2026-03,wqp,wqp:21SC60WQ_WQX-S-022,test,2024-07,2024-10,3,0.46875,0.5069719286402687,0.8741379290819168,0.1714615386098452,False,elevated,0.520925760269165
242,2024-04,2026-03,wqp,wqp:21FLKWAT_WQX-OSC-FISH-3,test,2024-06,2024-09,3,0.46875,0.4810254836920649,0.7848008275032041,0.14827979008910036,False,elevated,0.13879458606243134
243,2024-04,2026-03,wqp,wqp:SANDIAWQ_WQX-SL#1,test,2026-03,2026-06,3,0.46875,0.4836465632542968,0.7956939935684202,0.14763180851443888,False,elevated,0.0833333358168602
244,2024-04,2026-03,wqp,wqp:21FLSWFD_WQX-23152,test,2024-08,2024-11,3,0.46875,0.4666686105192639,0.7930545508861542,0.14628204374157394,False,elevated,0.8429166674613953
245,2024-04,2026-03,wqp,wqp:21FLKWAT_WQX-HIL-JAMES-1,test,2024-06,2024-09,3,0.46875,0.4762901125359349,0.7898284584283827,0.14361510151434026,False,elevated,0.4141712188720703
246,2024-04,2026-03,wqp,wqp:21FLKWAT_WQX-VOL-WATERFORD-3,test,2024-06,2024-09,3,0.46875,0.47293340659234673,0.7706669896841049,0.1414571556037268,False,elevated,0.708402156829834
247,2024-04,2026-03,wqp,wqp:21FLKWAT_WQX-COL-ISLANDWALK-8,test,2024-06,2024-09,3,0.46875,0.46361378231085837,0.7527053266763687,0.13377658092365988,False,elevated,0.7185118794441223
248,2024-04,2026-03,wqp,wqp:21SC60WQ_WQX-SV-268,test,2024-08,2024-11,3,0.453125,0.49189898651093245,0.8368808269500733,0.172648770313302,False,elevated,0.8408690094947815
249,2024-04,2026-03,wqp,wqp:21FLSJWM_WQX-45399,test,2024-08,2024-11,3,0.453125,0.46962609398178756,0.8119520425796504,0.14411123458880398,False,elevated,0.7665310502052307
250,2024-04,2026-03,wqp,wqp:21FLORAN_WQX-HB67,test,2024-06,2024-09,3,0.453125,0.4503402499249205,0.7158167660236359,0.13437637963739668,False,elevated,0.5998182892799377
251,2024-04,2026-03,wqp,wqp:21FLCBA_WQX-WAL-DEER-1,test,2024-07,2024-10,3,0.4375,0.47261448588687927,0.9744083404541015,0.21467148963187754,False,elevated,0.16974012553691864
252,2024-04,2026-03,wqp,wqp:21FLCBA_WQX-WAL-MORRIS-1,test,2024-06,2024-09,3,0.4375,0.4422560842358507,0.8048155099153517,0.14754053737143963,False,elevated,0.39438095688819885
253,2024-04,2026-03,wqp,wqp:21FLKWAT_WQX-VOL-NORTHTAL-3,test,2024-06,2024-09,3,0.4375,0.43510415189666674,0.762286216020584,0.1336472619035456,False,elevated,0.2212887406349182
254,2024-04,2026-03,wqp,wqp:21FLKWAT_WQX-COL-ISLANDWALK-3,test,2024-06,2024-09,3,0.4375,0.4507014463888481,0.7306895315647125,0.12665259022980963,False,elevated,0.20949684083461761
255,2024-04,2026-03,wqp,wqp:21FLSJWM_WQX-44154,test,2024-07,2024-10,3,0.421875,0.4773241454968229,0.9114391386508941,0.18250016837809968,False,elevated,0.7109559178352356
256,2024-04,2026-03,wqp,wqp:21FLKWAT_WQX-IND-BLUE CYPR-3,test,2024-06,2024-09,3,0.421875,0.4962285136571154,0.866159102320671,0.1680909719189486,False,elevated,0.5057292580604553
257,2024-04,2026-03,wqp,wqp:21FLSJWM_WQX-45143,test,2024-06,2024-09,3,0.421875,0.4818924020510167,0.8498997956514356,0.1600457919478504,False,elevated,0.33524656295776367
258,2024-04,2026-03,wqp,wqp:21SC60WQ_WQX-CW-174,test,2024-06,2024-09,3,0.421875,0.4865294329356402,0.855422261357307,0.15899238435499474,False,elevated,0.5007407069206238
259,2024-04,2026-03,wqp,wqp:21FLKWAT_WQX-SEM-CLEAR-1,test,2024-07,2024-10,3,0.421875,0.46528817049693316,0.8174512654542923,0.1487445749339456,False,elevated,0.5225468277931213
260,2024-04,2026-03,wqp,wqp:CHOCNATWQX-SAR-001,test,2024-04,2024-07,3,0.421875,0.46159807592630386,0.7775369733572005,0.14604159711897716,False,elevated,0.3662292957305908
261,2024-04,2026-03,wqp,wqp:21AWIC-81,test,2024-08,2024-11,3,0.421875,0.42739749856991693,0.8227667838335035,0.13694219900033347,False,elevated,0.5019527077674866
262,2024-04,2026-03,wqp,wqp:USGS-294643095035200,test,2025-08,2025-11,3,0.421875,0.4536862289533019,0.803452217578888,0.136717083837152,False,elevated,0.5964135527610779
263,2024-04,2026-03,wqp,wqp:21FLKWAT_WQX-HIL-MAURINE-2,test,2024-07,2024-10,3,0.40625,0.47420051984954625,0.8586922466754912,0.1542782860834067,False,elevated,0.4579755365848541
264,2024-04,2026-03,wqp,wqp:21FLMAIT_WQX-HARVEST LAKE,test,2024-05,2024-08,3,0.40625,0.44001725933048874,0.7744604140520095,0.13536621144370614,False,elevated,0.37208104133605957
265,2024-04,2026-03,wqp,wqp:21SC60WQ_WQX-SV-361,test,2024-06,2024-09,3,0.40625,0.43693067762069404,0.7017753034830092,0.12237151326804867,False,elevated,0.38333332538604736
266,2024-04,2026-03,wqp,wqp:21FLCBA_WQX-WAL-OYSTER-2,test,2024-06,2024-09,3,0.390625,0.4438280026370194,0.801230493187904,0.1364989282449385,False,elevated,0.4203747808933258
267,2024-04,2026-03,wqp,wqp:21FLKWAT_WQX-HIG-REDBEACH-2,test,2024-06,2024-09,3,0.390625,0.4458064330974594,0.7678864955902099,0.13363912434804354,False,elevated,0.33858418464660645
268,2024-04,2026-03,wqp,wqp:21SC60WQ_WQX-LCR-02,test,2024-08,2024-11,3,0.390625,0.4313584476476535,0.7365193128585815,0.12747713839498104,False,elevated,0.4684276580810547
269,2024-04,2026-03,wqp,wqp:21SC60WQ_WQX-CW-207B,test,2024-08,2024-11,3,0.390625,0.43595116632059216,0.733303180336952,0.126050851987993,False,elevated,0.7117999196052551
270,2024-04,2026-03,wqp,wqp:21FLSJWM_WQX-44599,test,2024-07,2024-10,3,0.375,0.45658647117670625,0.7650239467620848,0.13785709562001752,False,elevated,0.46964231133461
271,2024-04,2026-03,wqp,wqp:21FLSJWM_WQX-44678,test,2024-08,2024-11,3,0.375,0.45272536063566804,0.7840454220771789,0.13433723357334787,False,elevated,0.7411589026451111
272,2024-04,2026-03,wqp,wqp:21FLMAIT_WQX-LAKE NINA,test,2024-07,2024-10,3,0.375,0.426533673889935,0.7755001187324524,0.1261830683919351,False,elevated,0.4669094979763031
273,2024-04,2026-03,wqp,wqp:21FLMAIT_WQX-LAKE LOVE,test,2024-05,2024-08,3,0.375,0.42408635502215475,0.7546895146369933,0.12205342345369577,False,elevated,0.4137463867664337
274,2024-04,2026-03,wqp,wqp:USGS-414851070565701,test,2025-08,2025-11,3,0.375,0.43891129398252815,0.7173270344734192,0.11843183192187712,False,elevated,0.7750000357627869
275,2024-04,2026-03,wqp,wqp:21SC60WQ_WQX-SV-336,test,2024-06,2024-09,3,0.375,0.41827299492433667,0.7401959776878354,0.11803449121796358,False,elevated,0.0833333358168602
276,2024-04,2026-03,wqp,wqp:21FLKWAT_WQX-SEM-CLEAR-2,test,2024-07,2024-10,3,0.359375,0.43766235560178757,0.8334470570087428,0.13622589145464656,False,elevated,0.46781352162361145
277,2024-04,2026-03,wqp,wqp:21FLKWAT_WQX-HIL-MAURINE-3,test,2024-07,2024-10,3,0.359375,0.444728473899886,0.7937726676464079,0.1335112683709459,False,elevated,0.46181735396385193
278,2024-04,2026-03,wqp,wqp:21FLCBA_WQX-WAL-OYSTER-1,test,2024-06,2024-09,3,0.359375,0.426664850092493,0.7959339588880537,0.13292471207378878,False,elevated,0.42135870456695557
279,2024-04,2026-03,wqp,wqp:21FLSABR_WQX-BAY-DEERPOIN-2,test,2024-08,2024-11,3,0.359375,0.45829274062998593,0.7802536368370054,0.13199093827782818,False,elevated,0.754314661026001
280,2024-04,2026-03,wqp,wqp:USGS-380924121301901,test,2024-08,2024-11,3,0.359375,0.42793195556805586,0.7953892022371291,0.13097982427830612,False,elevated,0.21650944650173187
281,2024-04,2026-03,wqp,wqp:21FLCBA_WQX-WAL-CAMPBELL-3,test,2024-06,2024-09,3,0.359375,0.3949680471996544,0.7901708930730819,0.12638061460780703,False,elevated,0.38404902815818787
282,2024-04,2026-03,wqp,wqp:USGS-294607095042700,test,2025-08,2025-11,3,0.359375,0.4492250729817897,0.7509218990802764,0.12590160712419185,False,elevated,0.6286077499389648
283,2024-04,2026-03,wqp,wqp:21SC60WQ_WQX-CL-089,test,2024-08,2024-11,3,0.359375,0.4261569604277611,0.7625149607658385,0.1235017871727456,False,elevated,0.5757307410240173
284,2024-04,2026-03,wqp,wqp:21FLCBA_WQX-WAL-GRAYTON-3,test,2024-06,2024-09,3,0.359375,0.42044040841574315,0.7527313590049743,0.12348283723504536,False,elevated,0.7128689289093018
285,2024-04,2026-03,wqp,wqp:21SC60WQ_WQX-SV-363,test,2024-06,2024-09,3,0.359375,0.4363342309370637,0.7495323032140732,0.12106132631723615,False,elevated,0.3086666762828827
286,2024-04,2026-03,wqp,wqp:21FLCBA_WQX-WAL-ERN NORTH-2,test,2024-04,2024-07,3,0.359375,0.3921764170663664,0.7677486777305602,0.11690872880726053,False,elevated,0.37011608481407166
287,2024-04,2026-03,wqp,wqp:21SC60WQ_WQX-SV-335,test,2024-06,2024-09,3,0.359375,0.4146029065013863,0.7298955678939819,0.11582866100798271,False,elevated,0.0833333358168602
288,2024-04,2026-03,wqp,wqp:21FLKWAT_WQX-HIG-GRASSY-2,test,2024-04,2024-07,3,0.359375,0.4207177124917507,0.7126917004585264,0.11546673923000547,False,elevated,0.14113950729370117
289,2024-04,2026-03,aquamatch_chla,aquamatch_chla:21VASWCB-8-MPN004.39,test,2024-04,2024-07,3,0.359375,0.4108176054432988,0.6490245819091796,0.11220470461303778,False,elevated,0.1666666716337204
290,2024-04,2026-03,wqp,wqp:21SC60WQ_WQX-SV-236,test,2024-08,2024-11,3,0.359375,0.41071093012578785,0.7348905712366098,0.11025844652174904,False,elevated,0.5498318672180176
291,2024-04,2026-03,wqp,wqp:21FLCBA_WQX-WAL-EASTERN-1,test,2024-06,2024-09,3,0.34375,0.41468516817258205,0.8856590002775192,0.14511557900091415,False,elevated,0.5914047360420227
292,2024-04,2026-03,wqp,wqp:21FLKWAT_WQX-OSC-CENTER-2,test,2024-06,2024-09,3,0.34375,0.44282680517062545,0.8203241229057311,0.1390038325440579,False,elevated,0.34437093138694763
293,2024-04,2026-03,wqp,wqp:21FLMAIT_WQX-PARK LAKE,test,2024-07,2024-10,3,0.34375,0.43337856233119965,0.7578080296516418,0.1281417303154036,False,elevated,0.3903738260269165
294,2024-04,2026-03,wqp,wqp:21FLMAIT_WQX-LAKE FAITH,test,2024-05,2024-08,3,0.34375,0.4137951038137544,0.799810892343521,0.1266687851332909,False,elevated,0.3472372591495514
295,2024-04,2026-03,wqp,wqp:SANDIAWQ_WQX-SL#2,test,2026-03,2026-06,3,0.34375,0.4492998111527413,0.7189033716917038,0.1264180892589415,False,elevated,0.0833333358168602
296,2024-04,2026-03,wqp,wqp:21FLSJWM_WQX-44158,test,2024-08,2024-11,3,0.34375,0.4230734249576926,0.7740485787391662,0.12545267422073625,False,elevated,0.550000011920929
297,2024-04,2026-03,wqp,wqp:21FLKWAT_WQX-HIL-SILVER-1,test,2024-06,2024-09,3,0.34375,0.4144954693620093,0.7885837644338606,0.12415000592511966,False,elevated,0.2640422284603119
298,2024-04,2026-03,wqp,wqp:21FLCBA_WQX-WAL-ERN NORTH-3,test,2024-04,2024-07,3,0.34375,0.41725282595143653,0.8017018318176268,0.12393366307072942,False,elevated,0.38064953684806824
299,2024-04,2026-03,wqp,wqp:21FLMAIT_WQX-LAKE SHADOW,test,2024-07,2024-10,3,0.34375,0.4227604420739226,0.7451316863298414,0.12370467497056194,False,elevated,0.4094475209712982
300,2024-04,2026-03,wqp,wqp:21FLKWAT_WQX-OSC-CENTER-1,test,2024-06,2024-09,3,0.34375,0.41738640959374607,0.7260721087455748,0.11735647516184611,False,elevated,0.34919917583465576
301,2024-04,2026-03,wqp,wqp:21FLKWAT_WQX-SEM-CLEAR-3,test,2024-07,2024-10,3,0.34375,0.4049235243583098,0.7506583809852598,0.11713066700487412,False,elevated,0.24965234100818634
302,2024-04,2026-03,wqp,wqp:21FLORAN_WQX-HB70,test,2024-06,2024-09,3,0.34375,0.40460135374451056,0.7583221465349197,0.1149020459814954,False,elevated,0.4196498692035675
303,2024-04,2026-03,wqp,wqp:21FLKWAT_WQX-ALA-SANTAFBAR-1,test,2024-06,2024-09,3,0.34375,0.3969788158428855,0.7452465653419492,0.11461934102737978,False,elevated,0.37274909019470215
304,2024-04,2026-03,wqp,wqp:21FLSABR_WQX-BAY-DEERPOIN-1,test,2024-08,2024-11,3,0.34375,0.41708024055697024,0.6997436463832855,0.11355315259705914,False,elevated,0.7389492988586426
305,2024-04,2026-03,wqp,wqp:21FLCBA_WQX-WAL-CAMPBELL-1,test,2024-06,2024-09,3,0.34375,0.3946507143555209,0.7758578360080717,0.11319506036907458,False,elevated,0.6999004483222961
306,2024-04,2026-03,wqp,wqp:21SC60WQ_WQX-SV-357,test,2024-07,2024-10,3,0.34375,0.3833901478210464,0.7219001322984693,0.10986255093635502,False,elevated,0.19494317471981049
307,2024-04,2026-03,wqp,wqp:21FLCBA_WQX-WAL-EASTERN-3,test,2024-06,2024-09,3,0.328125,0.4071573977416847,0.8187410742044449,0.13457465263187088,False,elevated,0.5685896873474121
308,2024-04,2026-03,wqp,wqp:USGS-421420121481700,test,2025-08,2025-11,3,0.328125,0.43052899243775755,0.7316635191440579,0.12501112371968168,False,elevated,0.8745875358581543
309,2024-04,2026-03,wqp,wqp:21FLMAIT_WQX-LAKE LILY,test,2024-07,2024-10,3,0.328125,0.41180078737670556,0.7561158180236816,0.11409890787999263,False,elevated,0.3199399411678314
310,2024-04,2026-03,wqp,wqp:SANDIAWQ_WQX-SL#3,test,2026-03,2026-06,3,0.328125,0.4245116524398327,0.7403997153043745,0.11316046378016752,False,elevated,0.09409722685813904
311,2024-04,2026-03,wqp,wqp:21FLKWAT_WQX-ALA-SANTAFEPC-1,test,2024-06,2024-09,3,0.328125,0.4138709692051634,0.7404328316450118,0.11166293299337428,False,elevated,0.4270372688770294
312,2024-04,2026-03,wqp,wqp:21FLKWAT_WQX-HIL-SILVER-3,test,2024-06,2024-09,3,0.328125,0.39825793978525326,0.7283100157976147,0.11126191147896328,False,elevated,0.21231508255004883
313,2024-04,2026-03,wqp,wqp:21FLKWAT_WQX-HIL-HOGISLAN-2,test,2024-06,2024-09,3,0.328125,0.417883807560429,0.6731357872486115,0.10972089000690964,False,elevated,0.32237765192985535
314,2024-04,2026-03,wqp,wqp:21FLCBA_WQX-WAL-EASTERN-2,test,2024-06,2024-09,3,0.3125,0.3998307516449131,0.867551666498184,0.1395242005963151,False,elevated,0.25057604908943176
315,2024-04,2026-03,wqp,wqp:21FLCBA_WQX-WAL-MORRIS-3,test,2024-06,2024-09,3,0.3125,0.40590467218862614,0.8333333134651184,0.1338466168797074,False,elevated,0.43298229575157166
316,2024-04,2026-03,wqp,wqp:21SC60WQ_WQX-CW-208,test,2024-08,2024-11,3,0.3125,0.4300350439734757,0.779641443490982,0.1252107282467106,False,elevated,0.6829310059547424
317,2024-04,2026-03,wqp,wqp:21FLMAIT_WQX-LAKE MAITLAND,test,2024-07,2024-10,3,0.3125,0.4067933672340587,0.7227663695812225,0.12495471015221155,False,elevated,0.3821154534816742
318,2024-04,2026-03,wqp,wqp:21FLMAIT_WQX-HUNGERFORD LAKE,test,2024-07,2024-10,3,0.296875,0.4055439007352106,0.8588859289884565,0.14372161641649545,False,elevated,0.2981624901294708
319,2024-04,2026-03,wqp,wqp:21SC60WQ_WQX-SV-200,test,2024-06,2024-09,3,0.296875,0.4258728713612072,0.730284586548805,0.12160367296978752,False,elevated,0.4073333442211151
320,2024-04,2026-03,wqp,wqp:21FLKWAT_WQX-HIL-HOGISLAN-4,test,2024-06,2024-09,3,0.296875,0.4038055407581851,0.7437788546085352,0.1128775874285206,False,elevated,0.23551952838897705
321,2024-04,2026-03,wqp,wqp:21FLKWAT_WQX-HIG-GRASSY-1,test,2024-04,2024-07,3,0.296875,0.4099824936129153,0.7284365564584732,0.11163486636391423,False,elevated,0.09853988885879517
322,2024-04,2026-03,wqp,wqp:21SC60WQ_WQX-SV-338,test,2024-06,2024-09,3,0.296875,0.411337326746434,0.716453668475151,0.11005374597173734,False,elevated,0.38333332538604736
323,2024-04,2026-03,wqp,wqp:21SC60WQ_WQX-SV-374,test,2024-08,2024-11,3,0.296875,0.39918846485670656,0.6966617912054061,0.1073381105894663,False,elevated,0.5248035788536072
324,2024-04,2026-03,wqp,wqp:21FLKWAT_WQX-OSC-COON-1,test,2024-06,2024-09,3,0.296875,0.39845999435056,0.640839022397995,0.10571981562894397,False,elevated,0.25235024094581604
325,2024-04,2026-03,wqp,wqp:21FLKWAT_WQX-HIG-REDBEACH-1,test,2024-06,2024-09,3,0.296875,0.39417506160680205,0.6356961101293562,0.10523912254733156,False,elevated,0.4486362040042877
326,2024-04,2026-03,wqp,wqp:21FLKWAT_WQX-PAS-JOVITA-2,test,2024-06,2024-09,3,0.296875,0.3954275687574409,0.6907129824161526,0.1051666762720701,False,elevated,0.15879082679748535
327,2024-04,2026-03,wqp,wqp:21FLCBA_WQX-WAL-ALLIGATOR-1,test,2024-07,2024-10,3,0.296875,0.34895884972502245,0.6213342636823653,0.09156143678391854,False,elevated,0.22405683994293213
328,2024-04,2026-03,wqp,wqp:21FLKWAT_WQX-PUT-BROWARD-1,test,2024-05,2024-08,3,0.28125,0.4131970915477723,0.8317103415727614,0.12779666400948875,False,elevated,0.5205684304237366
329,2024-04,2026-03,wqp,wqp:21FLKWAT_WQX-OSC-CENTER-3,test,2024-06,2024-09,3,0.28125,0.41641554015222937,0.6950903415679931,0.1209608999216998,False,elevated,0.27575233578681946
330,2024-04,2026-03,wqp,wqp:21FLKWAT_WQX-HIG-REDBEACH-3,test,2024-06,2024-09,3,0.28125,0.40433865203522146,0.7060806810855863,0.1116159936164832,False,elevated,0.32317814230918884
331,2024-04,2026-03,wqp,wqp:21FLKWAT_WQX-HIL-SILVER-2,test,2024-06,2024-09,3,0.28125,0.4033736389828846,0.6762040257453917,0.11040266197133555,False,elevated,0.2640773057937622
332,2024-04,2026-03,wqp,wqp:21SC60WQ_WQX-SV-098,test,2024-07,2024-10,3,0.28125,0.37410279049072415,0.6736858129501342,0.09972093063164096,False,elevated,0.29334795475006104
333,2024-04,2026-03,wqp,wqp:21SC60WQ_WQX-B-339,test,2024-08,2024-11,3,0.28125,0.3791599837131798,0.657655283808708,0.09918101673444601,False,elevated,0.5651500821113586
334,2024-04,2026-03,wqp,wqp:21FLKWAT_WQX-CLA-LITTLEJO-3,test,2024-04,2024-07,3,0.28125,0.3381310543481959,0.7281595200300214,0.09625484164184206,False,elevated,0.09529370814561844
335,2024-04,2026-03,wqp,wqp:21FLKWAT_WQX-HIL-HOGISLAN-1,test,2024-06,2024-09,3,0.265625,0.3995282909600064,0.7395987033843991,0.11438732286825726,False,elevated,0.3225536346435547
336,2024-04,2026-03,wqp,wqp:21FLKWAT_WQX-PAS-JOVITA-1,test,2024-06,2024-09,3,0.265625,0.3893383229733445,0.7204991936683651,0.11138692658587614,False,elevated,0.1453755497932434
337,2024-04,2026-03,wqp,wqp:USGS-415026070563603,test,2025-08,2025-11,3,0.265625,0.3936396859935485,0.7428565919399259,0.10780797607058809,False,elevated,0.7750000357627869
338,2024-04,2026-03,wqp,wqp:21FLMAIT_WQX-LAKE EULALIA,test,2024-07,2024-10,3,0.265625,0.3670883159065852,0.7397550463676449,0.10716925140054659,False,elevated,0.34677770733833313
339,2024-04,2026-03,wqp,wqp:21FLMAIT_WQX-LAKE CATHERINE,test,2024-07,2024-10,3,0.265625,0.3600082782795653,0.7191836953163147,0.105563158514559,False,elevated,0.25416696071624756
340,2024-04,2026-03,wqp,wqp:21FLCBA_WQX-WAL-WESTERNN-1,test,2024-07,2024-10,3,0.265625,0.35993671491451096,0.6958812445402145,0.10436860713176757,False,elevated,0.2876266539096832
341,2024-04,2026-03,wqp,wqp:21FLORAN_WQX-HB66,test,2024-06,2024-09,3,0.265625,0.360706771738478,0.7554708659648894,0.10319609950873249,False,elevated,0.27522286772727966
342,2024-04,2026-03,wqp,wqp:21FLMAIT_WQX-LAKE LOCH LOMOND,test,2024-07,2024-10,3,0.265625,0.3599770971632097,0.7383697688579559,0.10296227627431777,False,elevated,0.38284191489219666
343,2024-04,2026-03,wqp,wqp:21FLKWAT_WQX-PAS-JOVITA-3,test,2024-06,2024-09,3,0.265625,0.38877857400802895,0.715702986717224,0.1021182912902576,False,elevated,0.17684097588062286
344,2024-04,2026-03,wqp,wqp:21FLKWAT_WQX-VOL-NORTHTAL-2,test,2024-06,2024-09,3,0.265625,0.3867047321982682,0.6704322338104247,0.102038201517854,False,elevated,0.29581212997436523
345,2024-04,2026-03,wqp,wqp:21FLORAN_WQX-LE53,test,2024-06,2024-09,3,0.265625,0.3796927345683798,0.7129348397254943,0.10180333469119196,False,elevated,0.3292228579521179
346,2024-04,2026-03,wqp,wqp:21SC60WQ_WQX-PD-327,test,2024-06,2024-09,3,0.265625,0.3799558483879082,0.7123657077550887,0.10173430867162854,False,elevated,0.22014372050762177
347,2024-04,2026-03,wqp,wqp:21FLKWAT_WQX-SEM-WEKIVA-1,test,2024-06,2024-09,3,0.25,0.40406666381750256,0.7072017908096312,0.1083190996348057,False,watch,0.20205332338809967
348,2024-04,2026-03,wqp,wqp:21FLKWAT_WQX-OSC-COON-3,test,2024-06,2024-09,3,0.25,0.3984071306185797,0.6648814529180527,0.10793819960460058,False,watch,0.2556919455528259
349,2024-04,2026-03,wqp,wqp:21FLCBA_WQX-WAL-WESTERNN-3,test,2024-07,2024-10,3,0.25,0.3496705007273704,0.7670564651489257,0.10557228791498635,False,watch,0.2811611592769623
350,2024-04,2026-03,wqp,wqp:21FLKWAT_WQX-HIG-GRASSY-3,test,2024-04,2024-07,3,0.25,0.37167850736295804,0.7572555899620053,0.10400444185439829,False,watch,0.22794204950332642
351,2024-04,2026-03,wqp,wqp:21FLCBA_WQX-WAL-GRAYTON-1,test,2024-06,2024-09,3,0.25,0.34940732282120734,0.7791275650262831,0.1034263043913528,False,watch,0.3495141267776489
352,2024-04,2026-03,wqp,wqp:21FLKWAT_WQX-VOL-NORTHTAL-1,test,2024-06,2024-09,3,0.25,0.3723480584449135,0.7215830743312832,0.10156433663741123,False,watch,0.3432537615299225
353,2024-04,2026-03,wqp,wqp:21FLCBA_WQX-WAL-DEER-3,test,2024-07,2024-10,3,0.25,0.32987243036041036,0.7729682326316831,0.10104008092707512,False,watch,0.25055304169654846
354,2024-04,2026-03,wqp,wqp:21VASWCB-8-NAR048.61,test,2024-06,2024-09,3,0.25,0.3744985071243718,0.702627247571945,0.10060899800588627,False,watch,0.3454166650772095
355,2024-04,2026-03,wqp,wqp:21FLMAIT_WQX-LAKE CHARITY,test,2024-07,2024-10,3,0.25,0.33601015510430443,0.6873563349246978,0.09856605791828832,False,watch,0.33964213728904724
356,2024-04,2026-03,wqp,wqp:21FLKWAT_WQX-BRE-WASHINGT-2,test,2024-06,2024-09,3,0.25,0.36750146572012454,0.6024601936340332,0.09423301895187922,False,watch,0.2778843939304352
357,2024-04,2026-03,wqp,wqp:21FLKWAT_WQX-CLA-JOHNSON-1,test,2024-04,2024-07,3,0.25,0.33689896215946646,0.6995862632989883,0.09298473206971716,False,watch,0.06626430153846741
358,2024-04,2026-03,wqp,wqp:21FLCBA_WQX-WAL-WESTERNN-2,test,2024-07,2024-10,3,0.234375,0.3559258159075398,0.7724624425172805,0.1038522393863984,False,watch,0.3290039002895355
359,2024-04,2026-03,wqp,wqp:21FLCBA_WQX-WAL-ERN NORTH-1,test,2024-04,2024-07,3,0.234375,0.3662201121733233,0.7325620263814926,0.1037000535533166,False,watch,0.3669290244579315
360,2024-04,2026-03,wqp,wqp:21SC60WQ_WQX-CW-231,test,2025-12,2026-03,3,0.234375,0.37418768100906163,0.7000280827283859,0.1003940746443367,False,watch,0.1319107860326767
361,2024-04,2026-03,wqp,wqp:21FLKWAT_WQX-BRE-WASHINGT-1,test,2024-06,2024-09,3,0.21875,0.3861083238152787,0.734776997566223,0.10838611440511207,False,watch,0.2175842523574829
362,2024-04,2026-03,wqp,wqp:21FLKWAT_WQX-HIL-HOGISLAN-3,test,2024-06,2024-09,3,0.21875,0.37712853972334415,0.6870909124612808,0.09846746057881772,False,watch,0.2563796043395996
363,2024-04,2026-03,wqp,wqp:21FLMAIT_WQX-LAKE HOPE,test,2024-07,2024-10,3,0.21875,0.346507778565865,0.7339871883392327,0.09745380646680246,False,watch,0.4223569929599762
364,2024-04,2026-03,wqp,wqp:USGS-02338720,test,2024-11,2025-02,3,0.21875,0.3545243361731991,0.627999997138977,0.0974199333904901,False,watch,0.6241798996925354
365,2024-04,2026-03,wqp,wqp:21FLCBA_WQX-WAL-ALLIGATOR-2,test,2024-07,2024-10,3,0.21875,0.3175457521138014,0.7763013422489156,0.09691436665704181,False,watch,0.20613014698028564
366,2024-04,2026-03,wqp,wqp:21SC60WQ_WQX-CL-019,test,2024-06,2024-09,3,0.21875,0.3556191064417362,0.7299797922372813,0.0915543682998812,False,watch,0.0833333358168602
367,2024-04,2026-03,wqp,wqp:21FLCBA_WQX-WAL-CAMPBELL-2,test,2024-06,2024-09,3,0.21875,0.33906000516435597,0.6770660549402235,0.09143592983755253,False,watch,0.3508213460445404
368,2024-04,2026-03,wqp,wqp:21FLCBA_WQX-WAL-CAMPCREE-1,test,2024-07,2024-10,3,0.21875,0.35214881028514355,0.6394684225320816,0.09127393172192022,False,watch,0.16888666152954102
369,2024-04,2026-03,wqp,wqp:21FLKWAT_WQX-BRE-WASHINGT-3,test,2024-06,2024-09,3,0.203125,0.38793362959404476,0.6795708715915677,0.10588956184133327,False,watch,0.22422285377979279
370,2024-04,2026-03,wqp,wqp:21FLCBA_WQX-WAL-GRAYTON-2,test,2024-06,2024-09,3,0.203125,0.35900570766534656,0.6805845230817793,0.10176295932756335,False,watch,0.5207826495170593
371,2024-04,2026-03,wqp,wqp:21FLCBA_WQX-WAL-ALLIGATOR-4,test,2024-07,2024-10,3,0.203125,0.32688935932310415,0.7318712472915647,0.09652814599742546,False,watch,0.12677189707756042
372,2024-04,2026-03,wqp,wqp:21FLCBA_WQX-WAL-LITTLERE-2,test,2024-07,2024-10,3,0.203125,0.32468797199726396,0.7563520133495328,0.09465484548598213,False,watch,0.3235386610031128
373,2024-04,2026-03,wqp,wqp:21FLKWAT_WQX-ALA-LITTLESA-1,test,2024-06,2024-09,3,0.203125,0.3358892234391533,0.6026887208223342,0.08661530226229958,False,watch,0.19754648208618164
374,2024-04,2026-03,wqp,wqp:21FLCBA_WQX-WAL-ALLIGATOR-3,test,2024-07,2024-10,3,0.203125,0.3192581573384814,0.569898834824562,0.08410700764040746,False,watch,0.33453360199928284
375,2024-04,2026-03,wqp,wqp:21SC60WQ_WQX-SV-339,test,2025-12,2026-03,3,0.203125,0.30617016926407814,0.6073383629322051,0.0771834839508037,False,watch,0.1351785659790039
376,2024-04,2026-03,wqp,wqp:DOEE-KNG01,test,2024-08,2024-11,3,0.1875,0.3510340612847358,0.7136588215827938,0.09235748955399398,False,watch,0.6711292862892151
377,2024-04,2026-03,wqp,wqp:DOEE-KNG02,test,2024-08,2024-11,3,0.1875,0.3449591372627765,0.6598756670951843,0.08897906027189853,False,watch,0.6820477843284607
378,2024-04,2026-03,wqp,wqp:21FLMAIT_WQX-LAKE LUCIEN,test,2024-07,2024-10,3,0.1875,0.31299970956752077,0.672672238945961,0.0878783541919736,False,watch,0.26234325766563416
379,2024-04,2026-03,wqp,wqp:21FLKWAT_WQX-PIN-BELLEVUE-1,test,2024-06,2024-09,3,0.1875,0.31823599245399237,0.5882541388273239,0.08083182981158868,False,watch,0.18173332512378693
380,2024-04,2026-03,wqp,wqp:21FLCBA_WQX-WAL-DRAPER-1,test,2024-07,2024-10,3,0.1875,0.3110794163221726,0.6022357702255249,0.07789462654285692,False,watch,0.38708898425102234
381,2024-04,2026-03,wqp,wqp:21FLKWAT_WQX-ORA-OLYMPIA-2,test,2024-06,2024-09,3,0.1875,0.2928411010943819,0.6307224512100218,0.07494761618518413,False,watch,0.022789793089032173
382,2024-04,2026-03,wqp,wqp:21FLCBA_WQX-WAL-DRAPER-2,test,2024-07,2024-10,3,0.171875,0.3125324599313899,0.7749251902103423,0.09013443238141156,False,watch,0.19041065871715546
383,2024-04,2026-03,wqp,wqp:21FLKWAT_WQX-CLA-JOHNSON-2,test,2024-04,2024-07,3,0.171875,0.30238177356659435,0.7096734464168548,0.0877187474550872,False,watch,0.14412711560726166
384,2024-04,2026-03,aquamatch_chla,aquamatch_chla:21VASWCB-8-MPN029.08,test,2024-04,2024-07,3,0.171875,0.3460913682356477,0.6314729154109953,0.08557231149166619,False,watch,0.1666666716337204
385,2024-04,2026-03,wqp,wqp:21FLCBA_WQX-WAL-DRAPER-3,test,2024-07,2024-10,3,0.171875,0.3019716972085007,0.6112816035747526,0.07997642310987108,False,watch,0.2057950496673584
386,2024-04,2026-03,wqp,wqp:USGS-01670144,test,2024-11,2025-02,3,0.171875,0.29380931780906394,0.6783933997154235,0.07822850082271929,False,watch,0.1821901649236679
387,2024-04,2026-03,wqp,wqp:21FLKWAT_WQX-CLA-LITTLEJO-2,test,2024-04,2024-07,3,0.171875,0.29822117820731364,0.6601426064968107,0.07737221915794436,False,watch,0.04611344262957573
388,2024-04,2026-03,wqp,wqp:21SC60WQ_WQX-SV-340,test,2024-08,2024-11,3,0.15625,0.3280014153569937,0.6076304852962493,0.0829063901151139,False,watch,0.38333332538604736
389,2024-04,2026-03,wqp,wqp:21FLKWAT_WQX-HIL-PINE-2,test,2024-06,2024-09,3,0.15625,0.3258290616213344,0.5880303233861922,0.08203343759280683,False,watch,0.15334995090961456
390,2024-04,2026-03,wqp,wqp:21FLKWAT_WQX-SEM-CUB-3,test,2024-06,2024-09,3,0.15625,0.29439591949630994,0.5853867322206494,0.07705925784462678,False,watch,0.0687582716345787
391,2024-04,2026-03,wqp,wqp:21FLKWAT_WQX-ALA-SANTAFE-1,test,2024-06,2024-09,3,0.15625,0.2957929773401702,0.6316433936357497,0.07624074582436166,False,watch,0.09499940276145935
392,2024-04,2026-03,wqp,wqp:21FLKWAT_WQX-SEM-CRYSTALB-2,test,2024-07,2024-10,3,0.15625,0.2841992338944692,0.6318929702043532,0.07243704049422262,False,watch,0.11071332544088364
393,2024-04,2026-03,wqp,wqp:21FLKWAT_WQX-OSC-COON-2,test,2024-06,2024-09,3,0.140625,0.3580442253733054,0.7863650828599926,0.10175069095490318,False,watch,0.2557760179042816
394,2024-04,2026-03,wqp,wqp:21FLKWAT_WQX-VOL-WATERFORD-1,test,2024-06,2024-09,3,0.140625,0.35628175595775247,0.6143406689167021,0.08754108363081567,False,watch,0.22664622962474823
395,2024-04,2026-03,wqp,wqp:21FLKWAT_WQX-ORA-FAIRVIEW-1,test,2024-06,2024-09,3,0.140625,0.29915880924090743,0.6319727301597593,0.08321391102055786,False,watch,0.01638573780655861
396,2024-04,2026-03,wqp,wqp:21FLKWAT_WQX-SEM-WEKIVA-2,test,2024-06,2024-09,3,0.140625,0.3081975388340652,0.6830677300691604,0.0772166897756609,False,watch,0.14109332859516144
397,2024-04,2026-03,wqp,wqp:21FLKWAT_WQX-ORA-OLYMPIA-1,test,2024-06,2024-09,3,0.140625,0.2838217051466927,0.6190796464681625,0.07246929476213396,False,watch,0.026326773688197136
398,2024-04,2026-03,wqp,wqp:21FLKWAT_WQX-CLA-SHEELAR-3,test,2024-04,2024-07,3,0.140625,0.27472204485093243,0.5921032607555389,0.06758815164307443,False,watch,0.0
399,2024-04,2026-03,wqp,wqp:USGS-12301600,test,2025-04,2025-07,3,0.140625,0.2678874242119491,0.631883618235588,0.06742055683404016,False,watch,0.015555555932223797
400,2024-04,2026-03,wqp,wqp:21FLKWAT_WQX-CLA-LITTLEJO-1,test,2024-04,2024-07,3,0.125,0.3028096753405407,0.6655382990837094,0.08460666192011848,False,watch,0.11865481734275818
401,2024-04,2026-03,wqp,wqp:21FLMAIT_WQX-LAKE SYBELIA,test,2024-07,2024-10,3,0.125,0.27317048451368464,0.6621141195297238,0.0780763593226728,False,watch,0.23078672587871552
402,2024-04,2026-03,wqp,wqp:21FLKWAT_WQX-SEM-SILVER-1,test,2024-07,2024-10,3,0.125,0.313437640783377,0.6186632871627807,0.07445517643383093,False,watch,0.11680451035499573
403,2024-04,2026-03,wqp,wqp:21FLKWAT_WQX-HIL-PINE-1,test,2024-06,2024-09,3,0.125,0.29867000444210134,0.6180092990398406,0.07166610140013419,False,watch,0.061192046850919724
404,2024-04,2026-03,wqp,wqp:21FLKWAT_WQX-HIL-WESTMD3-1,test,2024-06,2024-09,3,0.125,0.29278308592620306,0.5614438414573669,0.07133284116100097,False,watch,0.1783071756362915
405,2024-04,2026-03,wqp,wqp:21FLCBA_WQX-WAL-CAMPCREE-3,test,2024-08,2024-11,3,0.125,0.28576364187756553,0.5774249225854873,0.07103064224563199,False,watch,0.17257392406463623
406,2024-04,2026-03,wqp,wqp:21FLKWAT_WQX-SEM-CUB-2,test,2024-06,2024-09,3,0.125,0.2920057534065563,0.6135670840740203,0.07036451234236785,False,watch,0.06577340513467789
407,2024-04,2026-03,aquamatch_chla,aquamatch_chla:21VASWCB-2-JMS157.28,test,2024-05,2024-08,3,0.125,0.2846976392902434,0.5499354660511016,0.06761586202151879,False,watch,0.4182088375091553
408,2024-04,2026-03,wqp,wqp:21FLKWAT_WQX-CLA-SHEELAR-1,test,2024-04,2024-07,3,0.125,0.2620654393831501,0.62092365026474,0.06646022350273774,False,watch,0.0
409,2024-04,2026-03,wqp,wqp:21FLKWAT_WQX-ALA-SANTAFE-3,test,2024-06,2024-09,3,0.125,0.2617791442607995,0.5444155067205428,0.0652561871721028,False,watch,0.08605477958917618
410,2024-04,2026-03,wqp,wqp:21FLCBA_WQX-WAL-DEER-2,test,2024-07,2024-10,3,0.125,0.24509186738578137,0.5671834290027619,0.06510424697437388,False,watch,0.16678567230701447
411,2024-04,2026-03,wqp,wqp:21FLKWAT_WQX-PIN-BELLEVUE-3,test,2024-06,2024-09,3,0.109375,0.3149844789877534,0.5580667495727537,0.08063633405779143,False,watch,0.13203799724578857
412,2024-04,2026-03,wqp,wqp:21FLKWAT_WQX-HIL-WESTMD3-2,test,2024-06,2024-09,3,0.109375,0.3084332245634869,0.5555919796228409,0.0757028115871465,False,watch,0.20179526507854462
413,2024-04,2026-03,aquamatch_chla,aquamatch_chla:21VASWCB-2-JMS099.30,test,2024-04,2024-07,3,0.109375,0.3079371084459126,0.590689018368721,0.07223623782541713,False,watch,0.1666666716337204
414,2024-04,2026-03,wqp,wqp:21FLKWAT_WQX-HIL-OSCEOLA-3,test,2024-06,2024-09,3,0.109375,0.2870644619106315,0.6018160104751586,0.06987419103964368,False,watch,0.10310343652963638
415,2024-04,2026-03,wqp,wqp:21FLKWAT_WQX-ALA-MELROSEB-2,test,2024-06,2024-09,3,0.109375,0.28073543825303204,0.581797769665718,0.0677975853846287,False,watch,0.0739588513970375
416,2024-04,2026-03,wqp,wqp:21FLKWAT_WQX-ALA-MELROSEB-3,test,2024-06,2024-09,3,0.109375,0.26788759310147725,0.5954239547252654,0.06558654992945517,False,watch,0.14255325496196747
417,2024-04,2026-03,wqp,wqp:21FLKWAT_WQX-ALA-LITTLESA-3,test,2024-06,2024-09,3,0.109375,0.25973047292791307,0.5772645592689513,0.06536500136986886,False,watch,0.2051602602005005
418,2024-04,2026-03,wqp,wqp:21FLKWAT_WQX-ORA-FAIRVIEW-2,test,2024-06,2024-09,3,0.109375,0.2513636079020216,0.6217922180891036,0.06456163268720627,False,watch,0.015538922511041164
419,2024-04,2026-03,wqp,wqp:21FLKWAT_WQX-HIL-ELIZABETH-3,test,2024-06,2024-09,3,0.109375,0.2581081143725896,0.5982508689165112,0.0640103928204932,False,watch,0.03002312034368515
420,2024-04,2026-03,wqp,wqp:21FLKWAT_WQX-CLA-JOHNSON-3,test,2024-04,2024-07,3,0.109375,0.25716216686669213,0.566487881541252,0.06270957403057956,False,watch,0.10148712247610092
421,2024-04,2026-03,wqp,wqp:21FLKWAT_WQX-SEM-CUB-1,test,2024-06,2024-09,3,0.109375,0.2634231092961272,0.5965215891599654,0.06250729207350922,False,watch,0.06126031279563904
422,2024-04,2026-03,wqp,wqp:21FLKWAT_WQX-BAY-DEERPOIN-3,test,2024-08,2024-11,3,0.109375,0.23211276826623362,0.5716149449348449,0.056296872252919496,False,watch,0.08620800822973251
423,2024-04,2026-03,wqp,wqp:21FLKWAT_WQX-HIL-PINE-3,test,2024-06,2024-09,3,0.09375,0.30545185488881543,0.5965683907270429,0.07312782479851987,False,very_low,0.14816085994243622
424,2024-04,2026-03,aquamatch_chla,aquamatch_chla:CCU_EQL-6 HG,test,2024-04,2024-07,3,0.09375,0.29076897352933884,0.5505395174026488,0.06987452677554301,False,very_low,0.1666666716337204
425,2024-04,2026-03,wqp,wqp:21FLCBA_WQX-WAL-TRESCA-1,test,2024-08,2024-11,3,0.09375,0.25896281400673615,0.562923440337181,0.06726042933027504,False,very_low,0.7375009655952454
426,2024-04,2026-03,wqp,wqp:21FLKWAT_WQX-HIL-WESTMD3-3,test,2024-06,2024-09,3,0.09375,0.28049593238392845,0.5486141860485076,0.0667833908392017,False,very_low,0.1697426587343216
427,2024-04,2026-03,wqp,wqp:21FLKWAT_WQX-PUT-BROWARD-3,test,2024-05,2024-08,3,0.09375,0.27423970215022564,0.5321545898914336,0.06603101908571535,False,very_low,0.2491896003484726
428,2024-04,2026-03,wqp,wqp:21FLKWAT_WQX-ALA-SANTAFECM-1,test,2024-06,2024-09,3,0.09375,0.2745772910711821,0.5378634750843048,0.06497593019423814,False,very_low,0.2555202543735504
429,2024-04,2026-03,wqp,wqp:21FLKWAT_WQX-HIL-OSCEOLA-1,test,2024-06,2024-09,3,0.09375,0.2529446149710566,0.583025512099266,0.06192151470006617,False,very_low,0.08342912793159485
430,2024-04,2026-03,wqp,wqp:21FLKWAT_WQX-HIL-WESTMD-2,test,2024-06,2024-09,3,0.09375,0.26135308795619494,0.5344776898622512,0.06161726390635589,False,very_low,0.11151906102895737
431,2024-04,2026-03,wqp,wqp:21FLKWAT_WQX-SEM-CRYSTALB-1,test,2024-07,2024-10,3,0.09375,0.205961099391061,0.5569746553897855,0.05034124455009091,False,very_low,0.0695640966296196
432,2024-04,2026-03,wqp,wqp:21FLCBA_WQX-WAL-CAMPCREE-2,test,2024-08,2024-11,3,0.09375,0.20866033497441094,0.5185489684343338,0.04979157995488594,False,very_low,0.11447466164827347
433,2024-04,2026-03,wqp,wqp:21FLMAIT_WQX-LAKE JACKSON,test,2024-07,2024-10,3,0.078125,0.31153397823800333,0.6735723912715912,0.08454793723450342,False,very_low,0.262893944978714
434,2024-04,2026-03,wqp,wqp:21FLKWAT_WQX-BAY-DEERPOIN-2,test,2024-08,2024-11,3,0.078125,0.24713578444789164,0.6160576790571206,0.06916873904389426,False,very_low,0.09132712334394455
435,2024-04,2026-03,wqp,wqp:21FLKWAT_WQX-ALA-LITTLESA-2,test,2024-06,2024-09,3,0.078125,0.2768853743036743,0.5802806973457333,0.06850063703934164,False,very_low,0.20251552760601044
436,2024-04,2026-03,aquamatch_chla,aquamatch_chla:CCU_EQL-5 BS,test,2024-04,2024-07,3,0.078125,0.2836203733459115,0.5096787869930267,0.06617504775106559,False,very_low,0.1666666716337204
437,2024-04,2026-03,aquamatch_chla,aquamatch_chla:CCU_EQL-9 RF,test,2024-04,2024-07,3,0.078125,0.28230437519960105,0.5097984850406646,0.06563693994878506,False,very_low,0.1666666716337204
438,2024-04,2026-03,wqp,wqp:21FLKWAT_WQX-HIL-ELIZABETH-1,test,2024-06,2024-09,3,0.078125,0.2581182366593566,0.5363629937171933,0.06213371047158292,False,very_low,0.03184216096997261
439,2024-04,2026-03,aquamatch_chla,aquamatch_chla:21VASWCB-2-JMS113.20,test,2024-05,2024-08,3,0.078125,0.26755385287106037,0.505618616938591,0.061674472281932465,False,very_low,0.17898011207580566
440,2024-04,2026-03,wqp,wqp:21FLKWAT_WQX-HIL-ISLANDFO-2,test,2024-08,2024-11,3,0.078125,0.2295334854425164,0.5350815504789351,0.054084273370176704,False,very_low,0.1403905153274536
441,2024-04,2026-03,wqp,wqp:21FLKWAT_WQX-HIG-ANNIE-2,test,2024-06,2024-09,3,0.078125,0.21835165627271635,0.5923731386661524,0.05392643776709088,False,very_low,0.052664872258901596
442,2024-04,2026-03,wqp,wqp:21FLKWAT_WQX-CLA-DEER-1,test,2024-04,2024-07,3,0.078125,0.21558544936124235,0.5690448939800261,0.05328436380721634,False,very_low,0.008333333767950535
443,2024-04,2026-03,wqp,wqp:21FLKWAT_WQX-ORA-FAIRVIEW-3,test,2024-06,2024-09,3,0.0625,0.2588380857196171,0.503891797363758,0.06374037713820598,False,very_low,0.01646934077143669
444,2024-04,2026-03,wqp,wqp:21FLKWAT_WQX-ORA-OLYMPIA-3,test,2024-06,2024-09,3,0.0625,0.2532610233174637,0.5423327416181561,0.061669161140510756,False,very_low,0.023574836552143097
445,2024-04,2026-03,aquamatch_chla,aquamatch_chla:21VASWCB-2-APP016.38,test,2024-04,2024-07,3,0.0625,0.2660506861284375,0.501310808956623,0.059517007420371054,False,very_low,0.18691222369670868
446,2024-04,2026-03,wqp,wqp:USGS-01670209,test,2024-11,2025-02,3,0.0625,0.24294205677870195,0.5269556567072866,0.05857495115435049,False,very_low,0.34640756249427795
447,2024-04,2026-03,wqp,wqp:21FLKWAT_WQX-CLA-SHEELAR-2,test,2024-04,2024-07,3,0.0625,0.2467297720456827,0.5235735014080999,0.058163731793005255,False,very_low,0.0
448,2024-04,2026-03,wqp,wqp:21FLKWAT_WQX-HIL-WESTMD-1,test,2024-06,2024-09,3,0.0625,0.23154922341927886,0.4987526342272758,0.05701511101908101,False,very_low,0.12734852731227875
449,2024-04,2026-03,wqp,wqp:21FLKWAT_WQX-HIG-ANNIE-1,test,2024-06,2024-09,3,0.0625,0.23702827186207287,0.5008596315979957,0.056911754130788715,False,very_low,0.0768076702952385
450,2024-04,2026-03,wqp,wqp:21FLKWAT_WQX-HIL-ELIZABETH-2,test,2024-06,2024-09,3,0.0625,0.21798924441100098,0.5558196201920506,0.05382083803234185,False,very_low,0.031150951981544495
451,2024-04,2026-03,wqp,wqp:21FLKWAT_WQX-HIL-ISLANDFO-3,test,2024-08,2024-11,3,0.0625,0.2178138186573051,0.5111495524644848,0.053567928267534246,False,very_low,0.2352653294801712
452,2024-04,2026-03,wqp,wqp:USGS-016702576,test,2024-11,2025-02,3,0.0625,0.19952613569330424,0.5046266704797743,0.048046981534732705,False,very_low,0.13537690043449402
453,2024-04,2026-03,wqp,wqp:21FLKWAT_WQX-HIL-OSCEOLA-2,test,2024-06,2024-09,3,0.046875,0.252407755528111,0.4848505586385727,0.06067168468348913,False,very_low,0.08290427923202515
454,2024-04,2026-03,aquamatch_chla,aquamatch_chla:21VASWCB-2-JMS104.16,test,2024-04,2024-07,3,0.046875,0.26300880615599453,0.48618590980768167,0.05968313916344889,False,very_low,0.1666666716337204
455,2024-04,2026-03,aquamatch_chla,aquamatch_chla:CCU_EQL-1 BC,test,2024-04,2024-07,3,0.046875,0.2607154103461653,0.46486918628215784,0.05921533026393651,False,very_low,0.1666666716337204
456,2024-04,2026-03,aquamatch_chla,aquamatch_chla:21VASWCB-3-RPP113.37,test,2024-04,2024-07,3,0.046875,0.25532998237758875,0.48641279935836784,0.05794333367176725,False,very_low,0.38650885224342346
457,2024-04,2026-03,aquamatch_chla,aquamatch_chla:21VASWCB-8-PMK082.34,test,2024-04,2024-07,3,0.046875,0.24789165216498077,0.4789824828505515,0.05639866825223447,False,very_low,0.1666666716337204
458,2024-04,2026-03,wqp,wqp:21FLKWAT_WQX-BAY-MARIN-3,test,2024-07,2024-10,3,0.046875,0.20554480845021317,0.48416282832622515,0.05314178384437603,False,very_low,0.0
459,2024-04,2026-03,wqp,wqp:21FLKWAT_WQX-SEM-SILVER-2,test,2024-07,2024-10,3,0.046875,0.20822182886695373,0.47278830409049966,0.050883195141562546,False,very_low,0.019555632025003433
460,2024-04,2026-03,wqp,wqp:21FLKWAT_WQX-HIL-WESTMD-3,test,2024-06,2024-09,3,0.046875,0.19531151826959103,0.47372401356697064,0.04445946350070415,False,very_low,0.08071618527173996
461,2024-04,2026-03,wqp,wqp:21FLKWAT_WQX-PIN-BELLEVUE-2,test,2024-06,2024-09,3,0.03125,0.28023989143548533,0.4908457905054092,0.06585437288399955,False,very_low,0.13298648595809937
462,2024-04,2026-03,aquamatch_chla,aquamatch_chla:CCU_EQL-4 CW,test,2024-04,2024-07,3,0.03125,0.2659433698281646,0.4886589154601096,0.059988014208147755,False,very_low,0.1666666716337204
463,2024-04,2026-03,aquamatch_chla,aquamatch_chla:CCU_EQL-3 CT,test,2024-04,2024-07,3,0.03125,0.2594237744342536,0.44534801393747325,0.05803784050405966,False,very_low,0.1666666716337204
464,2024-04,2026-03,aquamatch_chla,aquamatch_chla:CCU_EQL-2 H9,test,2024-04,2024-07,3,0.03125,0.24689339939504862,0.44060325026512137,0.05544147530783739,False,very_low,0.1666666716337204
465,2024-04,2026-03,wqp,wqp:21FLKWAT_WQX-ALA-MELROSEB-1,test,2024-06,2024-09,3,0.03125,0.23938009545963723,0.46579226255416867,0.054587327272369916,False,very_low,0.08905890583992004
466,2024-04,2026-03,wqp,wqp:21FLKWAT_WQX-HIL-ISLANDFO-1,test,2024-08,2024-11,3,0.03125,0.22938086226349697,0.484600430727005,0.05406892257840054,False,very_low,0.16547733545303345
467,2024-04,2026-03,wqp,wqp:21FLKWAT_WQX-SEM-SILVER-3,test,2024-07,2024-10,3,0.03125,0.22279364854330197,0.4526721268892288,0.05340128421833949,False,very_low,0.08899929374456406
468,2024-04,2026-03,wqp,wqp:21FLKWAT_WQX-PUT-BROWARD-2,test,2024-05,2024-08,3,0.03125,0.22944655516494095,0.44923476725816724,0.05155407247312234,False,very_low,0.0
469,2024-04,2026-03,wqp,wqp:21FLKWAT_WQX-BAY-MARIN-2,test,2024-07,2024-10,3,0.03125,0.204414736617764,0.4571271151304244,0.04520403709279448,False,very_low,0.0
470,2024-04,2026-03,aquamatch_chla,aquamatch_chla:21VASWCB-8-MPN054.17,test,2024-04,2024-07,3,0.015625,0.25603081239387393,0.4722921445965766,0.05730284228280134,False,very_low,0.1666666716337204
471,2024-04,2026-03,aquamatch_chla,aquamatch_chla:CCU_EQL-8 GF,test,2024-04,2024-07,3,0.015625,0.25078014307655394,0.4421657234430313,0.055499863616757406,False,very_low,0.1666666716337204
472,2024-04,2026-03,wqp,wqp:21FLKWAT_WQX-ALA-SANTAFE-2,test,2024-06,2024-09,3,0.015625,0.21815263429743936,0.45018918067216857,0.05209862693536417,False,very_low,0.15855902433395386
473,2024-04,2026-03,wqp,wqp:21FLCBA_WQX-WAL-TRESCA-2,test,2024-08,2024-11,3,0.015625,0.21491222812255728,0.4737559944391251,0.04860857593225531,False,very_low,0.47537103295326233
474,2024-04,2026-03,wqp,wqp:21FLKWAT_WQX-BAY-DEERPOIN-1,test,2024-08,2024-11,3,0.015625,0.18291990430589067,0.40352458357810966,0.04280021038421769,False,very_low,0.12411125749349594
475,2024-04,2026-03,wqp,wqp:21FLKWAT_WQX-ORA-CLAIRE-1,test,2024-08,2024-11,3,0.015625,0.18613680025737267,0.44532677233219137,0.041635228130311674,False,very_low,0.11871999502182007
476,2024-04,2026-03,aquamatch_chla,aquamatch_chla:21VASWCB-2-JMS110.30,test,2024-05,2024-08,3,0.0,0.2508208700455725,0.41581358462572093,0.054821178841285026,False,very_low,0.1666666716337204
477,2024-04,2026-03,wqp,wqp:21FLKWAT_WQX-ORA-CLAIRE-2,test,2024-08,2024-11,3,0.0,0.16823155868041795,0.397892928123474,0.03829979363445511,False,very_low,0.03744000196456909
478,2024-04,2026-03,wqp,wqp:21FLKWAT_WQX-BAY-MARIN-1,test,2024-07,2024-10,3,0.0,0.15578995228861459,0.33727321177721015,0.036525979719395446,False,very_low,0.0
